2025-02-24 08:00:00,2025-02-24 09:00:00,DL,174,173,1,0,1.5549132947976878,0.5747126436781609,7.514450867052023
2025-03-19 06:00:00,2025-03-19 07:00:00,AA,190,188,1,1,2.6984126984126986,0.5263157894736842,9.523809523809524
2025-03-26 21:00:00,2025-03-26 22:00:00,DL,79,79,0,0,4.962025316455696,0.0,12.658227848101266
2025-04-04 15:00:00,2025-04-04 16:00:00,AA,143,142,1,0,40.352112676056336,0.6993006993006993,42.95774647887324
2025-03-24 06:00:00,2025-03-24 07:00:00,WN,307,306,1,0,-0.5751633986928104,0.3257328990228013,5.228758169934641
2025-02-21 02:00:00,2025-02-21 03:00:00,UA,1,1,0,0,15.0,0.0,0.0
2025-03-10 20:00:00,2025-03-10 21:00:00,UA,96,96,0,0,4.322916666666667,0.0,15.625
2025-03-14 23:00:00,2025-03-15 00:00:00,AA,29,29,0,0,6.0,0.0,24.137931034482758
2025-03-24 11:00:00,2025-03-24 12:00:00,WN,237,237,0,0,5.666666666666667,0.0,15.611814345991561
2025-01-21 23:00:00,2025-01-22 00:00:00,AA,19,19,0,0,9.157894736842104,0.0,26.31578947368421
2025-01-31 08:00:00,2025-01-31 09:00:00,AA,190,190,0,0,2.9263157894736844,0.0,9.473684210526315
2025-01-26 19:00:00,2025-01-26 20:00:00,AA,149,148,0,1,9.181208053691275,0.0,19.463087248322147
2025-01-09 20:00:00,2025-01-09 21:00:00,UA,82,76,5,1,33.42857142857143,6.097560975609756,44.15584415584416
2025-03-12 09:00:00,2025-03-12 10:00:00,WN,203,201,1,1,0.35148514851485146,0.49261083743842365,6.930693069306931
2025-04-22 08:00:00,2025-04-22 09:00:00,WN,296,296,0,0,-0.8918918918918919,0.0,2.364864864864865
2025-03-07 22:00:00,2025-03-07 23:00:00,AA,101,101,0,0,17.455445544554454,0.0,29.702970297029704
2025-04-05 14:00:00,2025-04-05 15:00:00,WN,191,189,1,1,19.126315789473683,0.5235602094240838,36.8421052631579
2025-02-28 13:00:00,2025-02-28 14:00:00,AA,143,142,0,1,8.027972027972028,0.0,11.888111888111888
2025-02-03 05:00:00,2025-02-03 06:00:00,WN,29,27,2,0,0.14814814814814814,6.896551724137931,3.7037037037037037
2025-02-18 11:00:00,2025-02-18 12:00:00,DL,185,185,0,0,18.43243243243243,0.0,31.89189189189189
2025-03-03 06:00:00,2025-03-03 07:00:00,DL,187,186,0,1,-1.9304812834224598,0.0,4.278074866310161
2025-02-19 17:00:00,2025-02-19 18:00:00,UA,140,140,0,0,15.414285714285715,0.0,19.285714285714285
2025-02-18 00:00:00,2025-02-18 01:00:00,AA,11,11,0,0,12.272727272727273,0.0,27.272727272727273
2025-04-30 06:00:00,2025-04-30 07:00:00,DL,189,189,0,0,-2.5925925925925926,0.0,2.6455026455026456
2025-02-13 10:00:00,2025-02-13 11:00:00,UA,126,124,1,1,14.32,0.7936507936507936,23.2
2025-04-12 20:00:00,2025-04-12 21:00:00,AA,124,124,0,0,9.096774193548388,0.0,24.193548387096776
2025-02-02 07:00:00,2025-02-02 08:00:00,AA,178,178,0,0,10.213483146067416,0.0,7.865168539325842
2025-01-31 11:00:00,2025-01-31 12:00:00,AA,159,159,0,0,12.918238993710691,0.0,15.09433962264151
2025-01-19 14:00:00,2025-01-19 15:00:00,DL,111,109,0,2,10.936936936936936,0.0,16.216216216216218
2025-04-12 00:00:00,2025-04-12 01:00:00,UA,8,8,0,0,-7.75,0.0,0.0
2025-02-10 09:00:00,2025-02-10 10:00:00,DL,127,127,0,0,2.52755905511811,0.0,10.236220472440944
2025-03-09 15:00:00,2025-03-09 16:00:00,DL,181,181,0,0,14.12707182320442,0.0,22.65193370165746
2025-01-25 13:00:00,2025-01-25 14:00:00,WN,201,201,0,0,10.383084577114428,0.0,19.402985074626866
2025-04-07 22:00:00,2025-04-07 23:00:00,UA,32,32,0,0,2.75,0.0,18.75
2025-01-17 12:00:00,2025-01-17 13:00:00,WN,224,224,0,0,5.513392857142857,0.0,11.160714285714286
2025-01-26 05:00:00,2025-01-26 06:00:00,AA,89,88,0,1,8.191011235955056,0.0,5.617977528089888
2025-01-21 13:00:00,2025-01-21 14:00:00,UA,126,108,18,0,6.2407407407407405,14.285714285714286,13.88888888888889
2025-01-17 05:00:00,2025-01-17 06:00:00,WN,98,98,0,0,-1.5510204081632653,0.0,3.061224489795918
2025-04-23 09:00:00,2025-04-23 10:00:00,WN,194,194,0,0,10.891752577319588,0.0,22.164948453608247
2025-04-12 10:00:00,2025-04-12 11:00:00,AA,144,144,0,0,5.756944444444445,0.0,13.194444444444445
2025-04-01 08:00:00,2025-04-01 09:00:00,DL,179,169,9,1,14.770588235294118,5.027932960893855,26.470588235294116
2025-04-26 07:00:00,2025-04-26 08:00:00,AA,216,216,0,0,3.587962962962963,0.0,8.333333333333334
2025-01-31 05:00:00,2025-01-31 06:00:00,AA,103,103,0,0,5.213592233009709,0.0,7.766990291262136
2025-02-19 11:00:00,2025-02-19 12:00:00,DL,185,184,1,0,13.38586956521739,0.5405405405405406,26.630434782608695
2025-01-30 00:00:00,2025-01-30 01:00:00,UA,3,3,0,0,-3.0,0.0,0.0
2025-01-18 10:00:00,2025-01-18 11:00:00,UA,113,113,0,0,8.672566371681416,0.0,12.389380530973451
2025-03-28 20:00:00,2025-03-28 21:00:00,WN,274,273,1,0,11.655677655677655,0.36496350364963503,25.641025641025642
2025-04-01 15:00:00,2025-04-01 16:00:00,UA,97,97,0,0,4.762886597938144,0.0,12.371134020618557
2025-04-18 15:00:00,2025-04-18 16:00:00,AA,143,143,0,0,30.986013986013987,0.0,25.874125874125873
2025-04-20 08:00:00,2025-04-20 09:00:00,WN,266,266,0,0,-0.3007518796992481,0.0,6.015037593984962
2025-02-06 13:00:00,2025-02-06 14:00:00,DL,146,146,0,0,14.445205479452055,0.0,27.397260273972602
2025-03-02 05:00:00,2025-03-02 06:00:00,AA,103,103,0,0,21.135922330097088,0.0,6.796116504854369
2025-02-23 13:00:00,2025-02-23 14:00:00,AA,143,143,0,0,12.734265734265735,0.0,16.083916083916083
2025-04-17 22:00:00,2025-04-17 23:00:00,WN,16,16,0,0,20.9375,0.0,50.0
2025-02-18 20:00:00,2025-02-18 21:00:00,UA,64,64,0,0,24.40625,0.0,40.625
2025-01-08 05:00:00,2025-01-08 06:00:00,AA,81,81,0,0,-3.259259259259259,0.0,3.7037037037037037
2025-02-08 18:00:00,2025-02-08 19:00:00,UA,108,105,2,1,7.584905660377358,1.8518518518518519,20.754716981132077
2025-04-15 13:00:00,2025-04-15 14:00:00,DL,147,147,0,0,-2.816326530612245,0.0,6.802721088435374
2025-03-21 19:00:00,2025-03-21 20:00:00,AA,161,161,0,0,19.875776397515526,0.0,28.571428571428573
2025-02-23 07:00:00,2025-02-23 08:00:00,WN,200,200,0,0,-1.875,0.0,4.0
2025-02-18 10:00:00,2025-02-18 11:00:00,DL,153,153,0,0,17.92156862745098,0.0,29.41176470588235
2025-01-23 09:00:00,2025-01-23 10:00:00,DL,127,123,3,1,4.733870967741935,2.3622047244094486,17.741935483870968
2025-01-15 09:00:00,2025-01-15 10:00:00,AA,133,133,0,0,14.541353383458647,0.0,6.7669172932330826
2025-03-06 11:00:00,2025-03-06 12:00:00,DL,189,189,0,0,3.7936507936507935,0.0,10.582010582010582
2025-02-03 00:00:00,2025-02-03 01:00:00,DL,1,1,0,0,-7.0,0.0,0.0
2025-01-19 22:00:00,2025-01-19 23:00:00,AA,82,79,3,0,11.620253164556962,3.658536585365854,24.050632911392405
2025-02-28 16:00:00,2025-02-28 17:00:00,UA,144,144,0,0,6.361111111111111,0.0,13.194444444444445
2025-02-11 11:00:00,2025-02-11 12:00:00,DL,176,176,0,0,2.0454545454545454,0.0,12.5
2025-02-21 21:00:00,2025-02-21 22:00:00,DL,96,95,1,0,6.136842105263158,1.0416666666666667,20.0
2025-02-14 13:00:00,2025-02-14 14:00:00,AA,144,142,0,2,26.381944444444443,0.0,28.47222222222222
2025-01-13 15:00:00,2025-01-13 16:00:00,WN,231,231,0,0,-0.9826839826839827,0.0,6.926406926406926
2025-03-20 20:00:00,2025-03-20 21:00:00,DL,121,121,0,0,20.140495867768596,0.0,25.619834710743802
2025-04-04 06:00:00,2025-04-04 07:00:00,WN,308,307,1,0,0.7980456026058632,0.3246753246753247,6.188925081433225
2025-04-14 09:00:00,2025-04-14 10:00:00,AA,138,138,0,0,4.268115942028985,0.0,9.420289855072463
2025-02-07 23:00:00,2025-02-08 00:00:00,DL,24,24,0,0,2.0833333333333335,0.0,16.666666666666668
2025-04-25 18:00:00,2025-04-25 19:00:00,WN,274,274,0,0,20.00729927007299,0.0,40.87591240875913
2025-03-19 11:00:00,2025-03-19 12:00:00,WN,226,217,6,3,2.3863636363636362,2.6548672566371683,10.454545454545455
2025-01-14 08:00:00,2025-01-14 09:00:00,DL,160,160,0,0,1.475,0.0,8.125
2025-02-17 20:00:00,2025-02-17 21:00:00,UA,81,81,0,0,29.34567901234568,0.0,48.148148148148145
2025-02-11 11:00:00,2025-02-11 12:00:00,WN,265,263,2,0,9.684410646387832,0.7547169811320755,20.15209125475285
2025-01-03 09:00:00,2025-01-03 10:00:00,DL,125,125,0,0,6.504,0.0,15.2
2025-01-27 12:00:00,2025-01-27 13:00:00,WN,182,182,0,0,1.967032967032967,0.0,10.989010989010989
2025-01-16 11:00:00,2025-01-16 12:00:00,WN,222,220,1,1,4.357466063348416,0.45045045045045046,7.6923076923076925
2025-02-15 09:00:00,2025-02-15 10:00:00,DL,127,126,0,1,23.236220472440944,0.0,33.85826771653543
2025-01-08 23:00:00,2025-01-09 00:00:00,AA,20,20,0,0,-0.25,0.0,5.0
2025-01-15 21:00:00,2025-01-15 22:00:00,DL,63,63,0,0,-3.7142857142857144,0.0,4.761904761904762
2025-01-16 10:00:00,2025-01-16 11:00:00,DL,147,146,0,1,0.6258503401360545,0.0,10.884353741496598
2025-01-20 13:00:00,2025-01-20 14:00:00,AA,133,133,0,0,17.8796992481203,0.0,28.571428571428573
2025-01-03 16:00:00,2025-01-03 17:00:00,DL,119,119,0,0,18.403361344537814,0.0,23.529411764705884
2025-04-29 05:00:00,2025-04-29 06:00:00,WN,91,91,0,0,-1.6483516483516483,0.0,7.6923076923076925
2025-02-13 08:00:00,2025-02-13 09:00:00,UA,192,189,2,1,9.510526315789473,1.0416666666666667,16.31578947368421
2025-02-27 01:00:00,2025-02-27 02:00:00,UA,1,1,0,0,4.0,0.0,0.0
2025-03-01 20:00:00,2025-03-01 21:00:00,WN,149,149,0,0,1.5973154362416107,0.0,11.409395973154362
2025-02-28 13:00:00,2025-02-28 14:00:00,WN,224,224,0,0,3.267857142857143,0.0,10.267857142857142
2025-04-18 17:00:00,2025-04-18 18:00:00,UA,134,132,1,1,67.72932330827068,0.746268656716418,46.61654135338346
2025-02-16 06:00:00,2025-02-16 07:00:00,DL,168,167,1,0,35.191616766467064,0.5952380952380952,22.75449101796407
2025-03-14 23:00:00,2025-03-15 00:00:00,UA,46,46,0,0,4.0,0.0,17.391304347826086
2025-01-22 00:00:00,2025-01-22 01:00:00,UA,3,1,2,0,35.0,66.66666666666667,100.0
2025-01-18 15:00:00,2025-01-18 16:00:00,AA,103,103,0,0,2.7766990291262137,0.0,10.679611650485437
2025-01-26 21:00:00,2025-01-26 22:00:00,UA,34,34,0,0,2.676470588235294,0.0,8.823529411764707
2025-01-23 06:00:00,2025-01-23 07:00:00,AA,173,165,7,1,5.548192771084337,4.046242774566474,3.6144578313253013
2025-03-10 11:00:00,2025-03-10 12:00:00,DL,206,206,0,0,10.310679611650485,0.0,22.33009708737864
2025-02-08 10:00:00,2025-02-08 11:00:00,UA,115,115,0,0,2.8956521739130436,0.0,11.304347826086957
2025-01-08 16:00:00,2025-01-08 17:00:00,WN,209,208,1,0,5.139423076923077,0.4784688995215311,13.942307692307692
2025-04-30 16:00:00,2025-04-30 17:00:00,UA,141,139,0,2,30.04255319148936,0.0,22.69503546099291
2025-01-19 14:00:00,2025-01-19 15:00:00,AA,154,152,2,0,18.914473684210527,1.2987012987012987,28.289473684210527
2025-03-04 13:00:00,2025-03-04 14:00:00,AA,140,125,9,6,36.16030534351145,6.428571428571429,24.427480916030536
2025-03-25 00:00:00,2025-03-25 01:00:00,UA,6,6,0,0,0.3333333333333333,0.0,16.666666666666668
2025-02-20 17:00:00,2025-02-20 18:00:00,AA,163,162,1,0,30.641975308641975,0.6134969325153374,38.27160493827161
2025-01-05 10:00:00,2025-01-05 11:00:00,AA,145,141,4,0,41.40425531914894,2.7586206896551726,37.5886524822695
2025-04-24 14:00:00,2025-04-24 15:00:00,WN,229,227,0,2,27.49344978165939,0.0,35.37117903930131
2025-01-31 21:00:00,2025-01-31 22:00:00,WN,15,15,0,0,8.2,0.0,26.666666666666668
2025-03-16 17:00:00,2025-03-16 18:00:00,WN,244,228,16,0,52.10087719298246,6.557377049180328,63.59649122807018
2025-01-10 20:00:00,2025-01-10 21:00:00,DL,65,40,25,0,88.95,38.46153846153846,62.5
2025-04-08 09:00:00,2025-04-08 10:00:00,AA,140,137,0,3,1.5285714285714285,0.0,7.857142857142857
2025-04-18 20:00:00,2025-04-18 21:00:00,WN,200,199,1,0,26.798994974874372,0.5,32.663316582914575
2025-01-22 19:00:00,2025-01-22 20:00:00,WN,120,115,5,0,-1.2521739130434784,4.166666666666667,6.956521739130435
2025-03-02 11:00:00,2025-03-02 12:00:00,AA,168,167,1,0,4.8562874251497,0.5952380952380952,11.377245508982035
2025-04-18 14:00:00,2025-04-18 15:00:00,WN,229,227,1,1,22.276315789473685,0.4366812227074236,32.01754385964912
2025-04-23 18:00:00,2025-04-23 19:00:00,DL,169,169,0,0,6.556213017751479,0.0,20.118343195266274
2025-02-07 06:00:00,2025-02-07 07:00:00,UA,113,113,0,0,-4.902654867256637,0.0,0.8849557522123894
2025-03-01 17:00:00,2025-03-01 18:00:00,DL,149,148,1,0,0.39864864864864863,0.6711409395973155,12.162162162162161
2025-03-23 19:00:00,2025-03-23 20:00:00,UA,135,135,0,0,11.0,0.0,23.703703703703702
2025-01-21 20:00:00,2025-01-21 21:00:00,WN,167,140,27,0,14.292857142857143,16.167664670658684,30.0
2025-03-06 17:00:00,2025-03-06 18:00:00,AA,153,151,1,1,16.789473684210527,0.6535947712418301,20.394736842105264
2025-01-21 21:00:00,2025-01-21 22:00:00,WN,15,13,2,0,15.538461538461538,13.333333333333334,30.76923076923077
2025-03-26 23:00:00,2025-03-27 00:00:00,AA,27,26,0,1,2.814814814814815,0.0,11.11111111111111
2025-01-03 18:00:00,2025-01-03 19:00:00,UA,147,146,1,0,20.424657534246574,0.6802721088435374,32.19178082191781
2025-02-08 05:00:00,2025-02-08 06:00:00,WN,58,58,0,0,-2.0689655172413794,0.0,1.7241379310344827
2025-01-12 11:00:00,2025-01-12 12:00:00,DL,182,181,1,0,49.97790055248619,0.5494505494505495,51.38121546961326
2025-04-16 06:00:00,2025-04-16 07:00:00,DL,188,188,0,0,1.3138297872340425,0.0,5.319148936170213
2025-03-18 15:00:00,2025-03-18 16:00:00,AA,144,142,0,2,18.305555555555557,0.0,26.38888888888889
2025-03-24 09:00:00,2025-03-24 10:00:00,WN,236,236,0,0,4.3559322033898304,0.0,11.440677966101696
2025-04-12 21:00:00,2025-04-12 22:00:00,DL,88,88,0,0,-0.6136363636363636,0.0,10.227272727272727
2025-04-13 15:00:00,2025-04-13 16:00:00,AA,140,140,0,0,15.385714285714286,0.0,22.857142857142858
2025-04-20 16:00:00,2025-04-20 17:00:00,UA,140,138,1,1,31.050359712230215,0.7142857142857143,23.741007194244606
2025-01-19 12:00:00,2025-01-19 13:00:00,AA,126,124,0,2,11.76984126984127,0.0,19.841269841269842
2025-04-19 05:00:00,2025-04-19 06:00:00,DL,73,73,0,0,2.7534246575342465,0.0,5.47945205479452
2025-03-17 14:00:00,2025-03-17 15:00:00,DL,154,153,1,0,14.993464052287582,0.6493506493506493,28.758169934640524
2025-02-21 12:00:00,2025-02-21 13:00:00,AA,139,139,0,0,27.1294964028777,0.0,21.58273381294964
2025-04-22 16:00:00,2025-04-22 17:00:00,UA,139,139,0,0,5.446043165467626,0.0,10.071942446043165
2025-02-08 15:00:00,2025-02-08 16:00:00,UA,76,76,0,0,16.19736842105263,0.0,19.736842105263158
2025-02-03 16:00:00,2025-02-03 17:00:00,DL,130,130,0,0,9.007692307692308,0.0,19.23076923076923
2025-01-05 01:00:00,2025-01-05 02:00:00,DL,2,2,0,0,-2.0,0.0,0.0
2025-01-31 23:00:00,2025-02-01 00:00:00,DL,25,25,0,0,1.52,0.0,12.0
2025-03-17 06:00:00,2025-03-17 07:00:00,UA,143,142,1,0,6.661971830985915,0.6993006993006993,14.084507042253522
2025-04-28 05:00:00,2025-04-28 06:00:00,DL,76,75,0,1,0.23684210526315788,0.0,3.9473684210526314
2025-02-06 15:00:00,2025-02-06 16:00:00,DL,180,178,0,2,18.983333333333334,0.0,35.55555555555556
2025-03-15 07:00:00,2025-03-15 08:00:00,UA,183,183,0,0,21.169398907103826,0.0,28.415300546448087
2025-04-05 05:00:00,2025-04-05 06:00:00,WN,193,188,5,0,1.9787234042553192,2.5906735751295336,4.787234042553192
2025-03-22 01:00:00,2025-03-22 02:00:00,DL,2,2,0,0,-5.5,0.0,0.0
2025-02-04 13:00:00,2025-02-04 14:00:00,WN,242,242,0,0,0.3925619834710744,0.0,10.330578512396695
2025-02-11 07:00:00,2025-02-11 08:00:00,AA,163,163,0,0,3.96319018404908,0.0,6.748466257668712
2025-03-06 20:00:00,2025-03-06 21:00:00,DL,101,101,0,0,8.049504950495049,0.0,21.782178217821784
2025-03-23 06:00:00,2025-03-23 07:00:00,DL,181,181,0,0,-0.6519337016574586,0.0,6.077348066298343
2025-02-02 05:00:00,2025-02-02 06:00:00,AA,89,88,1,0,0.9318181818181818,1.1235955056179776,7.954545454545454
2025-04-26 11:00:00,2025-04-26 12:00:00,WN,200,200,0,0,8.71,0.0,18.0
2025-04-05 15:00:00,2025-04-05 16:00:00,AA,128,119,9,0,37.747899159663866,7.03125,35.294117647058826
2025-03-17 11:00:00,2025-03-17 12:00:00,DL,206,204,2,0,20.32843137254902,0.970873786407767,33.8235294117647
2025-02-22 21:00:00,2025-02-22 22:00:00,AA,77,76,1,0,9.473684210526315,1.2987012987012987,25.0
2025-02-07 18:00:00,2025-02-07 19:00:00,AA,149,149,0,0,1.6174496644295302,0.0,10.06711409395973
2025-03-08 21:00:00,2025-03-08 22:00:00,AA,109,109,0,0,15.715596330275229,0.0,24.770642201834864
2025-02-19 21:00:00,2025-02-19 22:00:00,WN,16,16,0,0,19.75,0.0,25.0
2025-01-07 19:00:00,2025-01-07 20:00:00,WN,119,106,11,2,11.11111111111111,9.243697478991596,29.62962962962963
2025-01-09 14:00:00,2025-01-09 15:00:00,WN,221,195,23,3,17.045454545454547,10.407239819004525,28.78787878787879
2025-02-04 16:00:00,2025-02-04 17:00:00,DL,113,113,0,0,-3.061946902654867,0.0,5.3097345132743365
2025-04-21 07:00:00,2025-04-21 08:00:00,DL,245,245,0,0,0.40408163265306124,0.0,6.938775510204081
2025-02-22 15:00:00,2025-02-22 16:00:00,AA,109,109,0,0,12.128440366972477,0.0,22.01834862385321
2025-04-01 19:00:00,2025-04-01 20:00:00,UA,126,126,0,0,5.650793650793651,0.0,12.698412698412698
2025-01-06 19:00:00,2025-01-06 20:00:00,UA,113,108,5,0,36.47222222222222,4.424778761061947,51.851851851851855
2025-03-24 10:00:00,2025-03-24 11:00:00,UA,128,128,0,0,5.0625,0.0,12.5
2025-01-05 13:00:00,2025-01-05 14:00:00,UA,128,121,5,2,18.520325203252032,3.90625,23.577235772357724
2025-03-29 13:00:00,2025-03-29 14:00:00,DL,134,132,1,1,9.338345864661655,0.746268656716418,14.285714285714286
2025-03-06 21:00:00,2025-03-06 22:00:00,WN,169,165,4,0,22.545454545454547,2.366863905325444,35.75757575757576
2025-02-14 20:00:00,2025-02-14 21:00:00,DL,102,102,0,0,27.19607843137255,0.0,45.09803921568628
2025-02-24 18:00:00,2025-02-24 19:00:00,AA,151,151,0,0,15.033112582781458,0.0,19.867549668874172
2025-01-30 00:00:00,2025-01-30 01:00:00,AA,7,6,1,0,0.6666666666666666,14.285714285714286,16.666666666666668
2025-01-19 05:00:00,2025-01-19 06:00:00,WN,26,25,1,0,9.04,3.8461538461538463,8.0
2025-02-23 11:00:00,2025-02-23 12:00:00,WN,224,223,0,1,1.6875,0.0,9.821428571428571
2025-02-28 18:00:00,2025-02-28 19:00:00,WN,206,206,0,0,4.116504854368932,0.0,9.70873786407767
2025-04-05 10:00:00,2025-04-05 11:00:00,DL,127,126,1,0,8.126984126984127,0.7874015748031497,15.873015873015873
2025-03-22 05:00:00,2025-03-22 06:00:00,DL,70,70,0,0,0.9714285714285714,0.0,8.571428571428571
2025-04-24 12:00:00,2025-04-24 13:00:00,AA,148,135,13,0,41.629629629629626,8.783783783783784,41.48148148148148
2025-04-02 11:00:00,2025-04-02 12:00:00,DL,202,201,0,1,10.297029702970297,0.0,21.782178217821784
2025-01-03 22:00:00,2025-01-03 23:00:00,AA,86,86,0,0,14.476744186046512,0.0,29.069767441860463
2025-04-16 22:00:00,2025-04-16 23:00:00,AA,110,110,0,0,10.781818181818181,0.0,20.0
2025-01-19 10:00:00,2025-01-19 11:00:00,UA,114,113,1,0,5.584070796460177,0.8771929824561403,14.15929203539823
2025-02-04 18:00:00,2025-02-04 19:00:00,AA,139,138,0,1,1.6115107913669064,0.0,7.194244604316546
2025-04-26 13:00:00,2025-04-26 14:00:00,AA,138,138,0,0,5.442028985507246,0.0,15.217391304347826
2025-04-09 06:00:00,2025-04-09 07:00:00,DL,184,184,0,0,0.45108695652173914,0.0,3.260869565217391
2025-03-03 11:00:00,2025-03-03 12:00:00,UA,127,127,0,0,-1.7165354330708662,0.0,3.1496062992125986
2025-04-09 09:00:00,2025-04-09 10:00:00,WN,195,195,0,0,1.4102564102564104,0.0,9.743589743589743
2025-04-02 06:00:00,2025-04-02 07:00:00,WN,304,294,7,3,3.3535353535353534,2.3026315789473686,9.764309764309765
2025-01-21 22:00:00,2025-01-21 23:00:00,UA,21,18,3,0,2.8333333333333335,14.285714285714286,16.666666666666668
2025-01-09 19:00:00,2025-01-09 20:00:00,WN,120,102,16,2,20.03846153846154,13.333333333333334,35.57692307692308
2025-01-08 14:00:00,2025-01-08 15:00:00,DL,113,113,0,0,0.911504424778761,0.0,10.619469026548673
2025-01-27 01:00:00,2025-01-27 02:00:00,UA,1,1,0,0,-15.0,0.0,0.0
2025-03-04 22:00:00,2025-03-04 23:00:00,DL,85,83,0,2,20.976470588235294,0.0,14.117647058823529
2025-04-12 18:00:00,2025-04-12 19:00:00,UA,117,117,0,0,4.555555555555555,0.0,14.52991452991453
2025-04-04 20:00:00,2025-04-04 21:00:00,AA,135,129,5,1,38.13076923076923,3.7037037037037037,46.92307692307692
2025-04-04 13:00:00,2025-04-04 14:00:00,DL,161,161,0,0,6.130434782608695,0.0,19.25465838509317
2025-04-07 14:00:00,2025-04-07 15:00:00,AA,151,151,0,0,30.95364238410596,0.0,35.09933774834437
2025-02-16 12:00:00,2025-02-16 13:00:00,WN,235,221,10,4,31.14666666666667,4.25531914893617,35.111111111111114
2025-04-25 21:00:00,2025-04-25 22:00:00,DL,103,103,0,0,28.990291262135923,0.0,23.300970873786408
2025-04-29 21:00:00,2025-04-29 22:00:00,WN,95,95,0,0,2.873684210526316,0.0,14.736842105263158
2025-03-11 12:00:00,2025-03-11 13:00:00,WN,234,234,0,0,5.132478632478633,0.0,13.675213675213675
2025-03-18 23:00:00,2025-03-19 00:00:00,UA,34,34,0,0,-2.7941176470588234,0.0,5.882352941176471
2025-02-12 20:00:00,2025-02-12 21:00:00,DL,69,68,0,1,35.82608695652174,0.0,42.028985507246375
2025-03-18 18:00:00,2025-03-18 19:00:00,WN,218,216,2,0,10.12962962962963,0.9174311926605505,18.98148148148148
2025-04-25 12:00:00,2025-04-25 13:00:00,WN,238,238,0,0,16.84453781512605,0.0,36.97478991596638
2025-04-15 20:00:00,2025-04-15 21:00:00,WN,191,191,0,0,2.837696335078534,0.0,11.518324607329843
2025-04-03 23:00:00,2025-04-04 00:00:00,AA,30,30,0,0,5.166666666666667,0.0,23.333333333333332
2025-02-09 19:00:00,2025-02-09 20:00:00,WN,109,109,0,0,2.6788990825688073,0.0,11.926605504587156
2025-01-05 00:00:00,2025-01-05 01:00:00,UA,9,9,0,0,17.444444444444443,0.0,33.333333333333336
2025-01-12 11:00:00,2025-01-12 12:00:00,AA,156,156,0,0,14.794871794871796,0.0,26.923076923076923
2025-03-13 23:00:00,2025-03-14 00:00:00,DL,39,39,0,0,6.769230769230769,0.0,15.384615384615385
2025-04-04 08:00:00,2025-04-04 09:00:00,AA,192,190,2,0,17.889473684210525,1.0416666666666667,23.157894736842106
2025-02-19 09:00:00,2025-02-19 10:00:00,DL,123,122,1,0,5.827868852459017,0.8130081300813008,18.0327868852459
2025-03-06 07:00:00,2025-03-06 08:00:00,DL,234,234,0,0,6.615384615384615,0.0,9.82905982905983
2025-04-14 20:00:00,2025-04-14 21:00:00,WN,200,200,0,0,6.325,0.0,16.0
2025-04-11 13:00:00,2025-04-11 14:00:00,WN,247,246,1,0,14.983739837398375,0.4048582995951417,24.390243902439025
2025-02-03 05:00:00,2025-02-03 06:00:00,UA,24,24,0,0,-4.916666666666667,0.0,0.0
2025-03-14 09:00:00,2025-03-14 10:00:00,UA,134,133,1,0,6.796992481203008,0.746268656716418,14.285714285714286
2025-03-08 01:00:00,2025-03-08 02:00:00,UA,2,2,0,0,-14.5,0.0,0.0
2025-02-14 01:00:00,2025-02-14 02:00:00,DL,2,2,0,0,141.5,0.0,50.0
2025-04-20 06:00:00,2025-04-20 07:00:00,WN,328,327,0,1,-1.9817073170731707,0.0,3.658536585365854
2025-04-19 13:00:00,2025-04-19 14:00:00,AA,136,135,1,0,19.903703703703705,0.7352941176470589,28.14814814814815
2025-01-02 07:00:00,2025-01-02 08:00:00,WN,220,214,0,6,-1.2954545454545454,0.0,3.6363636363636362
2025-02-21 06:00:00,2025-02-21 07:00:00,DL,187,187,0,0,6.5133689839572195,0.0,8.556149732620321
2025-04-26 11:00:00,2025-04-26 12:00:00,AA,150,149,0,1,9.046666666666667,0.0,18.666666666666668
2025-04-12 14:00:00,2025-04-12 15:00:00,WN,205,205,0,0,6.4731707317073175,0.0,13.170731707317072
2025-01-13 20:00:00,2025-01-13 21:00:00,DL,69,69,0,0,0.043478260869565216,0.0,11.594202898550725
2025-01-26 00:00:00,2025-01-26 01:00:00,AA,6,6,0,0,0.16666666666666666,0.0,16.666666666666668
2025-04-20 05:00:00,2025-04-20 06:00:00,DL,74,74,0,0,3.445945945945946,0.0,4.054054054054054
2025-04-03 01:00:00,2025-04-03 02:00:00,DL,2,2,0,0,10.0,0.0,50.0
2025-01-01 06:00:00,2025-01-01 07:00:00,UA,114,114,0,0,7.114035087719298,0.0,10.526315789473685
2025-02-20 11:00:00,2025-02-20 12:00:00,WN,224,224,0,0,10.669642857142858,0.0,21.428571428571427
2025-03-14 17:00:00,2025-03-14 18:00:00,UA,137,136,1,0,11.213235294117647,0.7299270072992701,20.58823529411765
2025-03-04 17:00:00,2025-03-04 18:00:00,DL,170,167,1,2,13.85207100591716,0.5882352941176471,16.568047337278106
2025-03-01 00:00:00,2025-03-01 01:00:00,UA,3,3,0,0,-7.666666666666667,0.0,0.0
2025-04-23 05:00:00,2025-04-23 06:00:00,AA,109,104,0,5,14.330275229357799,0.0,20.18348623853211
2025-03-20 19:00:00,2025-03-20 20:00:00,WN,220,220,0,0,13.05,0.0,24.09090909090909
2025-01-04 06:00:00,2025-01-04 07:00:00,UA,130,129,1,0,4.224806201550388,0.7692307692307693,10.852713178294573
2025-03-22 16:00:00,2025-03-22 17:00:00,AA,130,130,0,0,14.26923076923077,0.0,24.615384615384617
2025-01-27 07:00:00,2025-01-27 08:00:00,UA,174,172,1,1,-1.8323699421965318,0.5747126436781609,2.3121387283236996
2025-03-09 13:00:00,2025-03-09 14:00:00,AA,149,149,0,0,22.053691275167786,0.0,26.845637583892618
2025-01-06 12:00:00,2025-01-06 13:00:00,WN,218,201,17,0,33.63681592039801,7.798165137614679,42.288557213930346
2025-04-08 22:00:00,2025-04-08 23:00:00,WN,7,7,0,0,-1.8571428571428572,0.0,0.0
2025-02-01 14:00:00,2025-02-01 15:00:00,WN,240,240,0,0,1.9,0.0,12.5
2025-03-29 11:00:00,2025-03-29 12:00:00,DL,196,195,0,1,1.8724489795918366,0.0,11.224489795918368
2025-01-31 18:00:00,2025-01-31 19:00:00,DL,155,155,0,0,9.412903225806451,0.0,22.580645161290324
2025-01-19 21:00:00,2025-01-19 22:00:00,AA,80,78,2,0,18.53846153846154,2.5,39.743589743589745
2025-01-11 20:00:00,2025-01-11 21:00:00,WN,36,36,0,0,10.972222222222221,0.0,27.77777777777778
2025-02-18 07:00:00,2025-02-18 08:00:00,UA,180,180,0,0,-0.6222222222222222,0.0,7.222222222222222
2025-01-16 16:00:00,2025-01-16 17:00:00,AA,156,154,0,2,10.705128205128204,0.0,15.384615384615385
2025-01-22 06:00:00,2025-01-22 07:00:00,WN,223,189,34,0,3.3015873015873014,15.246636771300448,9.523809523809524
2025-04-29 13:00:00,2025-04-29 14:00:00,WN,242,241,1,0,5.904564315352697,0.4132231404958678,13.278008298755188
2025-04-23 20:00:00,2025-04-23 21:00:00,WN,191,191,0,0,14.586387434554974,0.0,29.319371727748692
2025-02-21 10:00:00,2025-02-21 11:00:00,DL,161,160,1,0,5.01875,0.6211180124223602,15.625
2025-01-19 18:00:00,2025-01-19 19:00:00,DL,106,103,1,2,32.40952380952381,0.9433962264150944,25.714285714285715
2025-04-22 17:00:00,2025-04-22 18:00:00,DL,177,177,0,0,-0.327683615819209,0.0,9.6045197740113
2025-01-22 15:00:00,2025-01-22 16:00:00,DL,177,159,18,0,49.685534591194966,10.169491525423728,51.57232704402516
2025-04-25 23:00:00,2025-04-26 00:00:00,AA,33,33,0,0,3.1818181818181817,0.0,15.151515151515152
2025-02-18 06:00:00,2025-02-18 07:00:00,DL,184,183,0,1,16.66304347826087,0.0,16.847826086956523
2025-02-22 07:00:00,2025-02-22 08:00:00,AA,170,170,0,0,2.4176470588235293,0.0,5.294117647058823
2025-04-13 22:00:00,2025-04-13 23:00:00,UA,35,35,0,0,-0.14285714285714285,0.0,5.714285714285714
2025-02-06 14:00:00,2025-02-06 15:00:00,AA,159,158,1,0,9.974683544303797,0.6289308176100629,26.582278481012658
2025-03-29 19:00:00,2025-03-29 20:00:00,AA,155,154,1,0,23.68831168831169,0.6451612903225806,34.41558441558441
2025-04-24 01:00:00,2025-04-24 02:00:00,UA,1,1,0,0,-2.0,0.0,0.0
2025-01-10 10:00:00,2025-01-10 11:00:00,UA,117,108,9,0,5.648148148148148,7.6923076923076925,16.666666666666668
2025-03-11 14:00:00,2025-03-11 15:00:00,DL,145,145,0,0,2.4275862068965517,0.0,14.482758620689655
2025-01-24 18:00:00,2025-01-24 19:00:00,WN,264,263,0,1,3.143939393939394,0.0,9.090909090909092
2025-02-21 16:00:00,2025-02-21 17:00:00,DL,142,142,0,0,10.105633802816902,0.0,23.943661971830984
2025-03-11 07:00:00,2025-03-11 08:00:00,UA,192,192,0,0,-3.1927083333333335,0.0,5.208333333333333
2025-02-17 14:00:00,2025-02-17 15:00:00,UA,130,130,0,0,21.5,0.0,30.0
2025-01-20 07:00:00,2025-01-20 08:00:00,UA,172,168,4,0,4.410714285714286,2.3255813953488373,9.523809523809524
2025-03-12 01:00:00,2025-03-12 02:00:00,DL,2,2,0,0,-10.5,0.0,0.0
2025-03-22 12:00:00,2025-03-22 13:00:00,UA,103,103,0,0,3.3106796116504853,0.0,9.70873786407767
2025-03-17 21:00:00,2025-03-17 22:00:00,UA,57,57,0,0,7.947368421052632,0.0,22.80701754385965
2025-04-12 19:00:00,2025-04-12 20:00:00,DL,87,87,0,0,7.218390804597701,0.0,18.39080459770115
2025-02-06 17:00:00,2025-02-06 18:00:00,WN,223,221,2,0,10.058823529411764,0.8968609865470852,17.647058823529413
2025-04-25 10:00:00,2025-04-25 11:00:00,WN,240,239,1,0,9.744769874476987,0.4166666666666667,20.92050209205021
2025-04-24 13:00:00,2025-04-24 14:00:00,WN,247,242,2,3,17.99591836734694,0.8097165991902834,30.612244897959183
2025-04-10 10:00:00,2025-04-10 11:00:00,AA,159,159,0,0,4.446540880503145,0.0,13.836477987421384
2025-02-28 00:00:00,2025-02-28 01:00:00,UA,3,3,0,0,-5.333333333333333,0.0,0.0
2025-04-09 17:00:00,2025-04-09 18:00:00,WN,249,249,0,0,5.457831325301205,0.0,12.85140562248996
2025-04-11 11:00:00,2025-04-11 12:00:00,WN,246,246,0,0,12.979674796747968,0.0,21.54471544715447
2025-03-01 00:00:00,2025-03-01 01:00:00,AA,11,11,0,0,-4.454545454545454,0.0,0.0
2025-04-27 20:00:00,2025-04-27 21:00:00,WN,277,277,0,0,16.03971119133574,0.0,39.711191335740075
2025-01-19 10:00:00,2025-01-19 11:00:00,WN,205,205,0,0,3.2195121951219514,0.0,9.75609756097561
2025-02-17 17:00:00,2025-02-17 18:00:00,WN,242,242,0,0,36.31818181818182,0.0,58.67768595041322
2025-02-20 08:00:00,2025-02-20 09:00:00,WN,270,267,3,0,9.707865168539326,1.1111111111111112,20.973782771535582
2025-03-01 21:00:00,2025-03-01 22:00:00,WN,105,105,0,0,2.9523809523809526,0.0,8.571428571428571
2025-01-13 08:00:00,2025-01-13 09:00:00,UA,181,180,1,0,-1.1166666666666667,0.5524861878453039,6.111111111111111
2025-01-23 13:00:00,2025-01-23 14:00:00,DL,146,143,3,0,12.524475524475525,2.0547945205479454,25.174825174825173
2025-02-23 22:00:00,2025-02-23 23:00:00,WN,143,142,1,0,3.9577464788732395,0.6993006993006993,20.422535211267604
2025-01-12 23:00:00,2025-01-13 00:00:00,UA,34,34,0,0,2.176470588235294,0.0,11.764705882352942
2025-03-10 05:00:00,2025-03-10 06:00:00,AA,110,110,0,0,-3.9363636363636365,0.0,2.727272727272727
2025-03-24 23:00:00,2025-03-25 00:00:00,AA,27,27,0,0,-0.6666666666666666,0.0,7.407407407407407
2025-01-04 20:00:00,2025-01-04 21:00:00,DL,86,85,1,0,15.729411764705882,1.1627906976744187,34.11764705882353
2025-03-28 21:00:00,2025-03-28 22:00:00,UA,62,62,0,0,1.435483870967742,0.0,12.903225806451612
2025-02-21 07:00:00,2025-02-21 08:00:00,WN,199,198,1,0,1.6363636363636365,0.5025125628140703,5.555555555555555
2025-02-27 06:00:00,2025-02-27 07:00:00,DL,187,187,0,0,2.4010695187165774,0.0,4.81283422459893
2025-01-20 11:00:00,2025-01-20 12:00:00,AA,159,159,0,0,14.60377358490566,0.0,27.044025157232703
2025-03-08 05:00:00,2025-03-08 06:00:00,DL,59,59,0,0,-2.0677966101694913,0.0,3.389830508474576
2025-02-19 06:00:00,2025-02-19 07:00:00,UA,123,123,0,0,2.032520325203252,0.0,9.75609756097561
2025-03-01 08:00:00,2025-03-01 09:00:00,UA,164,164,0,0,1.9451219512195121,0.0,6.097560975609756
2025-02-13 15:00:00,2025-02-13 16:00:00,WN,240,235,4,1,49.04661016949152,1.6666666666666667,54.23728813559322
2025-01-02 16:00:00,2025-01-02 17:00:00,DL,122,120,1,1,12.661157024793388,0.819672131147541,25.619834710743802
2025-01-29 16:00:00,2025-01-29 17:00:00,WN,209,209,0,0,-1.076555023923445,0.0,6.698564593301436
2025-01-03 06:00:00,2025-01-03 07:00:00,DL,176,176,0,0,4.738636363636363,0.0,9.659090909090908
2025-02-13 15:00:00,2025-02-13 16:00:00,UA,91,89,1,1,38.0,1.098901098901099,42.22222222222222
2025-01-29 06:00:00,2025-01-29 07:00:00,WN,224,223,1,0,-4.143497757847534,0.44642857142857145,0.8968609865470852
2025-02-01 13:00:00,2025-02-01 14:00:00,AA,116,116,0,0,13.543103448275861,0.0,9.482758620689655
2025-03-02 19:00:00,2025-03-02 20:00:00,UA,134,134,0,0,6.962686567164179,0.0,14.17910447761194
2025-01-18 21:00:00,2025-01-18 22:00:00,UA,23,23,0,0,3.0434782608695654,0.0,21.73913043478261
2025-02-13 00:00:00,2025-02-13 01:00:00,AA,8,8,0,0,-1.625,0.0,12.5
2025-04-24 13:00:00,2025-04-24 14:00:00,UA,126,123,0,3,29.293650793650794,0.0,21.428571428571427
2025-04-27 23:00:00,2025-04-28 00:00:00,AA,33,33,0,0,5.636363636363637,0.0,12.121212121212121
2025-01-31 12:00:00,2025-01-31 13:00:00,UA,136,136,0,0,5.0661764705882355,0.0,16.91176470588235
2025-01-21 10:00:00,2025-01-21 11:00:00,WN,205,185,20,0,10.172972972972973,9.75609756097561,22.7027027027027
2025-01-06 15:00:00,2025-01-06 16:00:00,DL,167,167,0,0,21.868263473053894,0.0,36.52694610778443
2025-03-14 11:00:00,2025-03-14 12:00:00,DL,207,207,0,0,5.603864734299517,0.0,16.42512077294686
2025-04-02 20:00:00,2025-04-02 21:00:00,WN,179,179,0,0,30.748603351955307,0.0,46.927374301675975
2025-04-19 18:00:00,2025-04-19 19:00:00,UA,117,117,0,0,3.358974358974359,0.0,11.965811965811966
2025-03-16 19:00:00,2025-03-16 20:00:00,DL,171,153,18,0,100.66666666666667,10.526315789473685,71.89542483660131
2025-04-19 13:00:00,2025-04-19 14:00:00,UA,116,116,0,0,3.9655172413793105,0.0,11.206896551724139
2025-03-16 09:00:00,2025-03-16 10:00:00,AA,134,125,9,0,24.336,6.7164179104477615,24.8
2025-04-16 06:00:00,2025-04-16 07:00:00,AA,194,193,0,1,-2.1649484536082473,0.0,4.639175257731959
2025-02-21 08:00:00,2025-02-21 09:00:00,AA,198,198,0,0,4.459595959595959,0.0,15.151515151515152
2025-04-10 16:00:00,2025-04-10 17:00:00,UA,141,141,0,0,7.26241134751773,0.0,11.347517730496454
2025-02-20 15:00:00,2025-02-20 16:00:00,WN,228,227,1,0,17.123348017621144,0.43859649122807015,32.59911894273128
2025-02-28 10:00:00,2025-02-28 11:00:00,UA,126,126,0,0,-1.5714285714285714,0.0,7.142857142857143
2025-03-22 11:00:00,2025-03-22 12:00:00,WN,225,225,0,0,2.417777777777778,0.0,8.444444444444445
2025-01-25 11:00:00,2025-01-25 12:00:00,WN,227,226,0,1,7.947136563876652,0.0,18.061674008810574
2025-01-16 06:00:00,2025-01-16 07:00:00,AA,174,174,0,0,2.8908045977011496,0.0,6.896551724137931
2025-03-04 06:00:00,2025-03-04 07:00:00,UA,119,118,0,1,-5.974789915966387,0.0,2.5210084033613445
2025-02-08 01:00:00,2025-02-08 02:00:00,UA,1,1,0,0,-2.0,0.0,0.0
2025-03-06 16:00:00,2025-03-06 17:00:00,AA,160,157,0,3,13.4875,0.0,18.75
2025-04-25 17:00:00,2025-04-25 18:00:00,WN,243,242,0,1,24.185185185185187,0.0,48.148148148148145
2025-02-11 06:00:00,2025-02-11 07:00:00,UA,109,109,0,0,-3.44954128440367,0.0,5.504587155963303
2025-02-22 13:00:00,2025-02-22 14:00:00,DL,126,126,0,0,3.626984126984127,0.0,15.079365079365079
2025-01-28 01:00:00,2025-01-28 02:00:00,UA,1,1,0,0,-14.0,0.0,0.0
2025-02-02 09:00:00,2025-02-02 10:00:00,UA,147,146,0,1,3.0136054421768708,0.0,8.843537414965986
2025-03-30 12:00:00,2025-03-30 13:00:00,WN,226,215,1,10,20.675555555555555,0.4424778761061947,30.666666666666668
2025-01-07 07:00:00,2025-01-07 08:00:00,UA,155,155,0,0,11.63225806451613,0.0,16.129032258064516
2025-04-26 23:00:00,2025-04-27 00:00:00,DL,28,28,0,0,-0.21428571428571427,0.0,7.142857142857143
2025-01-31 06:00:00,2025-01-31 07:00:00,UA,112,112,0,0,-1.4732142857142858,0.0,3.5714285714285716
2025-02-20 22:00:00,2025-02-20 23:00:00,UA,33,33,0,0,0.8484848484848485,0.0,12.121212121212121
2025-04-06 22:00:00,2025-04-06 23:00:00,UA,36,36,0,0,8.88888888888889,0.0,19.444444444444443
2025-01-25 23:00:00,2025-01-26 00:00:00,AA,21,20,0,1,11.523809523809524,0.0,28.571428571428573
2025-04-10 15:00:00,2025-04-10 16:00:00,UA,99,98,0,1,1.8686868686868687,0.0,12.121212121212121
2025-04-11 06:00:00,2025-04-11 07:00:00,UA,134,134,0,0,-1.3208955223880596,0.0,5.970149253731344
2025-01-09 19:00:00,2025-01-09 20:00:00,UA,104,98,4,2,20.52,3.8461538461538463,33.0
2025-04-22 06:00:00,2025-04-22 07:00:00,AA,189,189,0,0,6.174603174603175,0.0,3.7037037037037037
2025-04-19 06:00:00,2025-04-19 07:00:00,AA,184,183,0,1,19.907608695652176,0.0,23.369565217391305
2025-01-01 14:00:00,2025-01-01 15:00:00,WN,238,238,0,0,8.550420168067227,0.0,20.58823529411765
2025-04-23 09:00:00,2025-04-23 10:00:00,DL,140,140,0,0,0.5071428571428571,0.0,7.142857142857143
2025-01-07 15:00:00,2025-01-07 16:00:00,DL,154,154,0,0,10.525974025974026,0.0,27.272727272727273
2025-02-22 20:00:00,2025-02-22 21:00:00,WN,150,149,0,1,5.126666666666667,0.0,16.666666666666668
2025-04-17 23:00:00,2025-04-18 00:00:00,UA,37,37,0,0,4.405405405405405,0.0,10.81081081081081
2025-04-08 21:00:00,2025-04-08 22:00:00,DL,77,77,0,0,13.688311688311689,0.0,18.181818181818183
2025-01-15 08:00:00,2025-01-15 09:00:00,AA,187,187,0,0,10.010695187165775,0.0,6.4171122994652405
2025-03-06 16:00:00,2025-03-06 17:00:00,UA,139,139,0,0,6.460431654676259,0.0,10.071942446043165
2025-01-19 09:00:00,2025-01-19 10:00:00,UA,140,139,0,1,8.271428571428572,0.0,16.428571428571427
2025-03-04 13:00:00,2025-03-04 14:00:00,DL,141,139,0,2,8.964539007092199,0.0,12.76595744680851
2025-01-07 06:00:00,2025-01-07 07:00:00,AA,161,151,10,0,6.19205298013245,6.211180124223603,14.56953642384106
2025-03-25 11:00:00,2025-03-25 12:00:00,WN,226,226,0,0,2.398230088495575,0.0,7.079646017699115
2025-04-27 06:00:00,2025-04-27 07:00:00,DL,180,179,0,1,2.7944444444444443,0.0,4.444444444444445
2025-01-13 12:00:00,2025-01-13 13:00:00,WN,182,182,0,0,-0.8021978021978022,0.0,5.4945054945054945
2025-02-10 10:00:00,2025-02-10 11:00:00,AA,139,139,0,0,8.151079136690647,0.0,15.827338129496402
2025-01-29 17:00:00,2025-01-29 18:00:00,UA,145,145,0,0,3.5724137931034483,0.0,11.724137931034482
2025-01-28 09:00:00,2025-01-28 10:00:00,UA,140,139,0,1,-0.6785714285714286,0.0,7.857142857142857
2025-02-21 16:00:00,2025-02-21 17:00:00,WN,222,222,0,0,9.522522522522523,0.0,20.72072072072072
2025-02-10 05:00:00,2025-02-10 06:00:00,AA,105,105,0,0,-0.4857142857142857,0.0,5.714285714285714
2025-04-27 22:00:00,2025-04-27 23:00:00,UA,38,38,0,0,14.131578947368421,0.0,21.05263157894737
2025-03-17 15:00:00,2025-03-17 16:00:00,AA,145,145,0,0,21.075862068965517,0.0,30.344827586206897
2025-03-05 06:00:00,2025-03-05 07:00:00,UA,122,122,0,0,10.09016393442623,0.0,8.19672131147541
2025-02-15 23:00:00,2025-02-16 00:00:00,DL,19,19,0,0,12.263157894736842,0.0,36.8421052631579
2025-04-05 01:00:00,2025-04-05 02:00:00,UA,2,2,0,0,-7.0,0.0,0.0
2025-04-22 23:00:00,2025-04-23 00:00:00,AA,31,29,0,2,16.322580645161292,0.0,16.129032258064516
2025-03-24 07:00:00,2025-03-24 08:00:00,UA,204,204,0,0,3.877450980392157,0.0,5.882352941176471
2025-03-30 19:00:00,2025-03-30 20:00:00,UA,142,141,1,0,72.43262411347517,0.704225352112676,68.08510638297872
2025-04-17 18:00:00,2025-04-17 19:00:00,WN,275,275,0,0,19.403636363636362,0.0,42.54545454545455
2025-01-29 12:00:00,2025-01-29 13:00:00,WN,182,182,0,0,-0.4065934065934066,0.0,4.945054945054945
2025-01-04 23:00:00,2025-01-05 00:00:00,UA,49,49,0,0,28.46938775510204,0.0,34.69387755102041
2025-03-23 05:00:00,2025-03-23 06:00:00,AA,111,111,0,0,0.6036036036036037,0.0,7.207207207207207
2025-01-11 00:00:00,2025-01-11 01:00:00,UA,3,3,0,0,-2.3333333333333335,0.0,0.0
2025-04-08 05:00:00,2025-04-08 06:00:00,AA,104,102,1,1,-1.7864077669902914,0.9615384615384616,7.766990291262136
2025-03-25 08:00:00,2025-03-25 09:00:00,WN,270,270,0,0,-1.5407407407407407,0.0,4.074074074074074
2025-01-29 20:00:00,2025-01-29 21:00:00,UA,81,81,0,0,2.111111111111111,0.0,7.407407407407407
2025-03-07 13:00:00,2025-03-07 14:00:00,AA,141,141,0,0,11.056737588652481,0.0,20.56737588652482
2025-01-05 09:00:00,2025-01-05 10:00:00,DL,130,127,2,1,11.1875,1.5384615384615385,23.4375
2025-01-20 23:00:00,2025-01-21 00:00:00,UA,33,32,1,0,4.78125,3.0303030303030303,12.5
2025-02-01 12:00:00,2025-02-01 13:00:00,WN,193,192,0,1,1.0518134715025906,0.0,7.253886010362694
2025-04-21 13:00:00,2025-04-21 14:00:00,UA,123,123,0,0,12.934959349593496,0.0,19.51219512195122
2025-03-07 21:00:00,2025-03-07 22:00:00,WN,169,169,0,0,17.816568047337277,0.0,37.8698224852071
2025-02-02 16:00:00,2025-02-02 17:00:00,UA,126,126,0,0,9.968253968253968,0.0,16.666666666666668
2025-04-30 12:00:00,2025-04-30 13:00:00,WN,219,200,19,0,21.915,8.67579908675799,23.0
2025-04-22 01:00:00,2025-04-22 02:00:00,AA,1,1,0,0,2.0,0.0,0.0
2025-04-11 00:00:00,2025-04-11 01:00:00,UA,8,8,0,0,-4.25,0.0,0.0
2025-03-02 06:00:00,2025-03-02 07:00:00,WN,295,294,1,0,-3.0408163265306123,0.3389830508474576,1.7006802721088434
2025-03-02 07:00:00,2025-03-02 08:00:00,UA,195,195,0,0,2.076923076923077,0.0,6.153846153846154
2025-01-23 07:00:00,2025-01-23 08:00:00,DL,233,227,6,0,5.1233480176211454,2.575107296137339,9.251101321585903
2025-04-15 12:00:00,2025-04-15 13:00:00,UA,118,118,0,0,0.5169491525423728,0.0,9.322033898305085
2025-04-04 14:00:00,2025-04-04 15:00:00,UA,135,134,0,1,15.955555555555556,0.0,22.22222222222222
2025-02-25 10:00:00,2025-02-25 11:00:00,DL,153,153,0,0,1.1764705882352942,0.0,6.5359477124183005
2025-04-30 06:00:00,2025-04-30 07:00:00,UA,128,128,0,0,-1.21875,0.0,7.03125
2025-04-11 07:00:00,2025-04-11 08:00:00,UA,202,201,0,1,0.054455445544554455,0.0,3.9603960396039604
2025-03-21 06:00:00,2025-03-21 07:00:00,WN,308,307,0,1,-0.6623376623376623,0.0,4.545454545454546
2025-04-30 07:00:00,2025-04-30 08:00:00,DL,236,234,0,2,-1.7076271186440677,0.0,3.8135593220338984
2025-04-24 00:00:00,2025-04-24 01:00:00,AA,8,8,0,0,-0.5,0.0,12.5
2025-03-10 00:00:00,2025-03-10 01:00:00,UA,8,8,0,0,3.0,0.0,12.5
2025-01-22 14:00:00,2025-01-22 15:00:00,DL,121,100,21,0,49.23,17.355371900826448,49.0
2025-04-05 11:00:00,2025-04-05 12:00:00,AA,148,138,10,0,23.36231884057971,6.756756756756757,34.78260869565217
2025-03-15 23:00:00,2025-03-16 00:00:00,DL,25,25,0,0,39.88,0.0,36.0
2025-01-06 11:00:00,2025-01-06 12:00:00,UA,121,116,4,1,32.85470085470085,3.3057851239669422,38.46153846153846
2025-02-10 13:00:00,2025-02-10 14:00:00,WN,248,247,1,0,7.352226720647773,0.4032258064516129,18.218623481781375
2025-02-08 10:00:00,2025-02-08 11:00:00,AA,123,123,0,0,1.048780487804878,0.0,9.75609756097561
2025-01-23 20:00:00,2025-01-23 21:00:00,UA,83,83,0,0,13.662650602409638,0.0,26.50602409638554
2025-02-13 16:00:00,2025-02-13 17:00:00,WN,222,213,8,1,47.191588785046726,3.6036036036036037,60.2803738317757
2025-03-17 08:00:00,2025-03-17 09:00:00,WN,269,265,4,0,13.716981132075471,1.486988847583643,22.641509433962263
2025-01-30 22:00:00,2025-01-30 23:00:00,AA,90,89,1,0,10.719101123595506,1.1111111111111112,20.224719101123597
2025-04-02 10:00:00,2025-04-02 11:00:00,AA,136,135,0,1,41.9264705882353,0.0,38.23529411764706
2025-01-29 08:00:00,2025-01-29 09:00:00,DL,174,173,0,1,-2.6724137931034484,0.0,6.896551724137931
2025-01-31 05:00:00,2025-01-31 06:00:00,DL,68,68,0,0,-1.161764705882353,0.0,4.411764705882353
2025-01-26 01:00:00,2025-01-26 02:00:00,UA,1,1,0,0,-10.0,0.0,0.0
2025-04-19 16:00:00,2025-04-19 17:00:00,AA,133,133,0,0,15.368421052631579,0.0,27.06766917293233
2025-01-21 01:00:00,2025-01-21 02:00:00,DL,2,2,0,0,58.0,0.0,50.0
2025-01-11 10:00:00,2025-01-11 11:00:00,DL,124,91,33,0,61.37362637362637,26.612903225806452,60.43956043956044
2025-03-31 05:00:00,2025-03-31 06:00:00,DL,68,67,1,0,8.597014925373134,1.4705882352941178,7.462686567164179
2025-03-17 18:00:00,2025-03-17 19:00:00,WN,249,247,1,1,32.939516129032256,0.40160642570281124,58.46774193548387
2025-04-25 01:00:00,2025-04-25 02:00:00,UA,2,2,0,0,20.5,0.0,50.0
2025-01-20 09:00:00,2025-01-20 10:00:00,AA,133,130,3,0,11.1,2.255639097744361,22.307692307692307
2025-01-23 15:00:00,2025-01-23 16:00:00,UA,93,92,1,0,3.9782608695652173,1.075268817204301,10.869565217391305
2025-02-21 08:00:00,2025-02-21 09:00:00,UA,193,192,1,0,6.567708333333333,0.5181347150259067,13.020833333333334
2025-03-18 22:00:00,2025-03-18 23:00:00,DL,95,95,0,0,-0.2736842105263158,0.0,8.421052631578947
2025-03-05 19:00:00,2025-03-05 20:00:00,DL,122,121,0,1,39.02459016393443,0.0,50.81967213114754
2025-02-17 11:00:00,2025-02-17 12:00:00,AA,167,165,2,0,17.484848484848484,1.1976047904191616,25.454545454545453
2025-04-16 10:00:00,2025-04-16 11:00:00,DL,157,157,0,0,1.643312101910828,0.0,5.095541401273885
2025-01-07 17:00:00,2025-01-07 18:00:00,DL,160,160,0,0,5.9125,0.0,13.75
2025-03-15 01:00:00,2025-03-15 02:00:00,DL,2,2,0,0,9.0,0.0,50.0
2025-02-06 07:00:00,2025-02-06 08:00:00,AA,207,196,10,1,2.4263959390862944,4.830917874396135,9.644670050761421
2025-02-24 11:00:00,2025-02-24 12:00:00,WN,224,223,1,0,2.1748878923766815,0.44642857142857145,7.174887892376682
2025-03-26 10:00:00,2025-03-26 11:00:00,DL,157,157,0,0,1.643312101910828,0.0,6.369426751592357
2025-03-03 20:00:00,2025-03-03 21:00:00,WN,181,181,0,0,15.497237569060774,0.0,28.176795580110497
2025-01-21 19:00:00,2025-01-21 20:00:00,WN,121,112,9,0,7.732142857142857,7.43801652892562,19.642857142857142
2025-03-20 08:00:00,2025-03-20 09:00:00,UA,173,173,0,0,7.167630057803469,0.0,15.606936416184972
2025-03-25 23:00:00,2025-03-26 00:00:00,AA,27,27,0,0,6.592592592592593,0.0,18.51851851851852
2025-03-10 13:00:00,2025-03-10 14:00:00,UA,137,136,0,1,0.6204379562043796,0.0,9.489051094890511
2025-03-27 15:00:00,2025-03-27 16:00:00,AA,143,143,0,0,10.972027972027972,0.0,23.076923076923077
2025-01-20 20:00:00,2025-01-20 21:00:00,UA,84,75,9,0,15.88,10.714285714285714,34.666666666666664
2025-04-16 06:00:00,2025-04-16 07:00:00,WN,292,292,0,0,-2.98972602739726,0.0,1.7123287671232876
2025-03-22 18:00:00,2025-03-22 19:00:00,UA,125,124,1,0,7.661290322580645,0.8,18.548387096774192
2025-04-14 00:00:00,2025-04-14 01:00:00,UA,8,8,0,0,-4.5,0.0,0.0
2025-03-02 01:00:00,2025-03-02 02:00:00,UA,1,0,0,1,152.0,0.0,100.0
2025-03-06 13:00:00,2025-03-06 14:00:00,WN,238,233,5,0,13.124463519313304,2.100840336134454,24.892703862660944
2025-03-02 09:00:00,2025-03-02 10:00:00,WN,219,218,0,1,-0.730593607305936,0.0,3.65296803652968
2025-02-06 21:00:00,2025-02-06 22:00:00,UA,31,31,0,0,26.967741935483872,0.0,54.83870967741935
2025-03-03 08:00:00,2025-03-03 09:00:00,AA,197,197,0,0,3.532994923857868,0.0,10.65989847715736
2025-02-22 11:00:00,2025-02-22 12:00:00,DL,169,169,0,0,3.2366863905325443,0.0,13.017751479289942
2025-01-28 17:00:00,2025-01-28 18:00:00,AA,148,148,0,0,-0.6959459459459459,0.0,8.108108108108109
2025-02-19 22:00:00,2025-02-19 23:00:00,DL,87,86,0,1,21.149425287356323,0.0,16.091954022988507
2025-03-05 11:00:00,2025-03-05 12:00:00,DL,187,184,0,3,24.97860962566845,0.0,26.203208556149733
2025-01-07 15:00:00,2025-01-07 16:00:00,AA,115,115,0,0,3.739130434782609,0.0,8.695652173913043
2025-03-25 17:00:00,2025-03-25 18:00:00,WN,230,228,0,2,5.439130434782609,0.0,14.347826086956522
2025-03-11 20:00:00,2025-03-11 21:00:00,DL,94,94,0,0,1.372340425531915,0.0,13.829787234042554
2025-03-20 22:00:00,2025-03-20 23:00:00,AA,102,102,0,0,9.42156862745098,0.0,18.627450980392158
2025-04-28 08:00:00,2025-04-28 09:00:00,AA,204,203,0,1,4.911764705882353,0.0,12.254901960784315
2025-03-09 00:00:00,2025-03-09 01:00:00,AA,11,11,0,0,-0.36363636363636365,0.0,9.090909090909092
2025-01-19 07:00:00,2025-01-19 08:00:00,WN,148,148,0,0,0.7094594594594594,0.0,7.4324324324324325
2025-03-27 07:00:00,2025-03-27 08:00:00,AA,221,221,0,0,-0.6742081447963801,0.0,6.787330316742081
2025-03-03 09:00:00,2025-03-03 10:00:00,DL,126,126,0,0,-0.753968253968254,0.0,8.73015873015873
2025-02-11 02:00:00,2025-02-11 03:00:00,UA,1,1,0,0,-10.0,0.0,0.0
2025-04-15 15:00:00,2025-04-15 16:00:00,WN,223,223,0,0,2.295964125560538,0.0,10.31390134529148
2025-04-21 05:00:00,2025-04-21 06:00:00,AA,111,111,0,0,23.486486486486488,0.0,10.81081081081081
2025-04-24 06:00:00,2025-04-24 07:00:00,AA,196,189,5,2,16.706806282722514,2.5510204081632653,17.801047120418847
2025-04-24 14:00:00,2025-04-24 15:00:00,AA,152,141,11,0,29.5177304964539,7.2368421052631575,35.46099290780142
2025-01-01 13:00:00,2025-01-01 14:00:00,UA,125,123,1,1,14.048387096774194,0.8,20.161290322580644
2025-04-09 15:00:00,2025-04-09 16:00:00,DL,183,183,0,0,7.333333333333333,0.0,11.475409836065573
2025-02-21 13:00:00,2025-02-21 14:00:00,AA,142,142,0,0,9.97887323943662,0.0,23.943661971830984
2025-03-25 11:00:00,2025-03-25 12:00:00,DL,206,206,0,0,1.2233009708737863,0.0,10.194174757281553
2025-03-21 10:00:00,2025-03-21 11:00:00,AA,140,138,2,0,15.72463768115942,1.4285714285714286,21.014492753623188
2025-03-02 08:00:00,2025-03-02 09:00:00,AA,196,194,1,1,3.0871794871794873,0.5102040816326531,10.256410256410257
2025-01-28 19:00:00,2025-01-28 20:00:00,UA,94,94,0,0,-0.776595744680851,0.0,9.574468085106384
2025-03-16 00:00:00,2025-03-16 01:00:00,AA,9,9,0,0,-1.6666666666666667,0.0,11.11111111111111
2025-02-12 23:00:00,2025-02-13 00:00:00,UA,26,26,0,0,8.923076923076923,0.0,19.23076923076923
2025-03-05 23:00:00,2025-03-06 00:00:00,WN,2,2,0,0,-6.5,0.0,0.0
2025-01-05 03:00:00,2025-01-05 04:00:00,DL,1,1,0,0,-1.0,0.0,0.0
2025-04-05 07:00:00,2025-04-05 08:00:00,AA,215,207,8,0,24.768115942028984,3.7209302325581395,35.265700483091784
2025-02-06 06:00:00,2025-02-06 07:00:00,DL,185,182,3,0,11.60989010989011,1.6216216216216217,10.43956043956044
2025-04-12 14:00:00,2025-04-12 15:00:00,UA,123,123,0,0,0.5203252032520326,0.0,8.94308943089431
2025-03-11 21:00:00,2025-03-11 22:00:00,WN,160,160,0,0,2.1625,0.0,10.0
2025-01-01 23:00:00,2025-01-02 00:00:00,DL,21,21,0,0,-4.380952380952381,0.0,0.0
2025-03-03 20:00:00,2025-03-03 21:00:00,UA,79,79,0,0,6.30379746835443,0.0,22.78481012658228
2025-03-25 12:00:00,2025-03-25 13:00:00,DL,164,164,0,0,2.1280487804878048,0.0,7.926829268292683
2025-04-01 01:00:00,2025-04-01 02:00:00,UA,1,1,0,0,13.0,0.0,0.0
2025-02-09 07:00:00,2025-02-09 08:00:00,AA,177,163,14,0,2.2699386503067487,7.909604519774011,9.815950920245399
2025-01-15 20:00:00,2025-01-15 21:00:00,AA,79,79,0,0,-0.02531645569620253,0.0,7.594936708860759
2025-04-22 21:00:00,2025-04-22 22:00:00,AA,82,82,0,0,3.9634146341463414,0.0,12.195121951219512
2025-01-30 12:00:00,2025-01-30 13:00:00,AA,133,127,6,0,12.716535433070867,4.511278195488722,22.834645669291337
2025-01-18 22:00:00,2025-01-18 23:00:00,AA,57,57,0,0,9.614035087719298,0.0,5.2631578947368425
2025-04-19 22:00:00,2025-04-19 23:00:00,WN,8,8,0,0,-5.125,0.0,0.0
2025-02-23 00:00:00,2025-02-23 01:00:00,UA,4,4,0,0,-1.25,0.0,0.0
2025-04-27 22:00:00,2025-04-27 23:00:00,AA,115,114,0,1,10.208695652173914,0.0,17.391304347826086
2025-01-06 16:00:00,2025-01-06 17:00:00,DL,108,107,1,0,17.635514018691588,0.9259259259259259,36.44859813084112
2025-03-19 09:00:00,2025-03-19 10:00:00,UA,131,129,2,0,-1.9844961240310077,1.5267175572519085,4.651162790697675
2025-02-27 06:00:00,2025-02-27 07:00:00,WN,304,303,1,0,-1.8943894389438944,0.32894736842105265,2.6402640264026402
2025-04-30 14:00:00,2025-04-30 15:00:00,DL,151,151,0,0,11.609271523178808,0.0,13.907284768211921
2025-03-01 10:00:00,2025-03-01 11:00:00,DL,128,128,0,0,6.2578125,0.0,14.84375
2025-03-03 01:00:00,2025-03-03 02:00:00,DL,2,2,0,0,-3.0,0.0,0.0
2025-02-12 11:00:00,2025-02-12 12:00:00,DL,176,176,0,0,11.965909090909092,0.0,29.545454545454547
2025-03-25 09:00:00,2025-03-25 10:00:00,UA,129,129,0,0,-1.1627906976744187,0.0,5.426356589147287
2025-04-23 13:00:00,2025-04-23 14:00:00,WN,242,240,1,1,14.219917012448132,0.4132231404958678,28.630705394190873
2025-04-24 07:00:00,2025-04-24 08:00:00,UA,202,202,0,0,3.5594059405940595,0.0,10.891089108910892
2025-04-13 10:00:00,2025-04-13 11:00:00,AA,160,160,0,0,7.1125,0.0,14.375
2025-03-17 22:00:00,2025-03-17 23:00:00,UA,34,34,0,0,7.323529411764706,0.0,23.529411764705884
2025-04-19 18:00:00,2025-04-19 19:00:00,DL,148,148,0,0,3.9864864864864864,0.0,15.54054054054054
2025-03-20 23:00:00,2025-03-21 00:00:00,AA,29,29,0,0,4.448275862068965,0.0,13.793103448275861
2025-01-14 14:00:00,2025-01-14 15:00:00,DL,112,111,1,0,9.18918918918919,0.8928571428571429,5.405405405405405
2025-03-18 11:00:00,2025-03-18 12:00:00,AA,168,167,0,1,4.779761904761905,0.0,14.285714285714286
2025-03-30 15:00:00,2025-03-30 16:00:00,DL,185,180,2,3,29.961748633879782,1.0810810810810811,41.53005464480874
2025-01-22 14:00:00,2025-01-22 15:00:00,AA,137,132,5,0,15.227272727272727,3.6496350364963503,19.696969696969695
2025-03-01 23:00:00,2025-03-02 00:00:00,UA,26,26,0,0,0.6153846153846154,0.0,3.8461538461538463
2025-01-16 17:00:00,2025-01-16 18:00:00,AA,157,157,0,0,10.286624203821656,0.0,20.38216560509554
2025-03-24 06:00:00,2025-03-24 07:00:00,DL,189,188,0,1,1.9417989417989419,0.0,6.349206349206349
2025-01-09 15:00:00,2025-01-09 16:00:00,UA,93,90,3,0,13.155555555555555,3.225806451612903,25.555555555555557
2025-04-07 13:00:00,2025-04-07 14:00:00,WN,245,244,1,0,11.221311475409836,0.40816326530612246,21.721311475409838
2025-02-08 19:00:00,2025-02-08 20:00:00,UA,81,81,0,0,2.049382716049383,0.0,17.28395061728395
2025-01-31 05:00:00,2025-01-31 06:00:00,WN,29,28,0,1,4.379310344827586,0.0,6.896551724137931
2025-01-04 05:00:00,2025-01-04 06:00:00,DL,62,62,0,0,3.9193548387096775,0.0,11.290322580645162
2025-02-27 19:00:00,2025-02-27 20:00:00,DL,167,167,0,0,7.311377245508982,0.0,19.760479041916167
2025-01-31 08:00:00,2025-01-31 09:00:00,UA,182,180,2,0,0.4777777777777778,1.098901098901099,3.3333333333333335
2025-02-11 07:00:00,2025-02-11 08:00:00,UA,149,147,0,2,-2.5906040268456376,0.0,4.026845637583893
2025-03-10 22:00:00,2025-03-10 23:00:00,WN,138,138,0,0,2.028985507246377,0.0,15.217391304347826
2025-04-23 22:00:00,2025-04-23 23:00:00,AA,110,110,0,0,9.50909090909091,0.0,23.636363636363637
2025-03-03 18:00:00,2025-03-03 19:00:00,WN,228,227,1,0,16.56387665198238,0.43859649122807015,25.550660792951543
2025-02-26 23:00:00,2025-02-27 00:00:00,AA,24,24,0,0,-0.6666666666666666,0.0,8.333333333333334
2025-03-14 01:00:00,2025-03-14 02:00:00,DL,2,2,0,0,-2.5,0.0,0.0
2025-04-02 05:00:00,2025-04-02 06:00:00,DL,68,68,0,0,-2.75,0.0,5.882352941176471
2025-01-30 14:00:00,2025-01-30 15:00:00,DL,133,131,1,1,1.446969696969697,0.7518796992481203,10.606060606060606
2025-03-25 05:00:00,2025-03-25 06:00:00,DL,68,68,0,0,-5.147058823529412,0.0,5.882352941176471
2025-04-11 19:00:00,2025-04-11 20:00:00,AA,161,161,0,0,25.62111801242236,0.0,45.3416149068323
2025-01-21 15:00:00,2025-01-21 16:00:00,AA,116,112,4,0,5.946428571428571,3.4482758620689653,13.392857142857142
2025-02-25 20:00:00,2025-02-25 21:00:00,UA,64,64,0,0,-0.890625,0.0,3.125
2025-01-10 15:00:00,2025-01-10 16:00:00,DL,164,108,56,0,74.3425925925926,34.146341463414636,47.22222222222222
2025-02-22 17:00:00,2025-02-22 18:00:00,AA,135,135,0,0,11.42962962962963,0.0,23.703703703703702
2025-01-13 19:00:00,2025-01-13 20:00:00,AA,111,109,0,2,8.675675675675675,0.0,14.414414414414415
2025-02-26 23:00:00,2025-02-27 00:00:00,DL,20,20,0,0,4.85,0.0,20.0
2025-04-19 20:00:00,2025-04-19 21:00:00,DL,93,93,0,0,4.150537634408602,0.0,15.053763440860216
2025-01-21 20:00:00,2025-01-21 21:00:00,UA,74,45,29,0,24.31111111111111,39.189189189189186,35.55555555555556
2025-01-09 01:00:00,2025-01-09 02:00:00,UA,1,1,0,0,12.0,0.0,0.0
2025-01-22 06:00:00,2025-01-22 07:00:00,DL,179,148,28,3,26.37748344370861,15.64245810055866,19.205298013245034
2025-01-06 05:00:00,2025-01-06 06:00:00,UA,47,46,1,0,15.173913043478262,2.127659574468085,13.043478260869565
2025-04-09 06:00:00,2025-04-09 07:00:00,UA,128,128,0,0,-5.4765625,0.0,2.34375
2025-03-27 00:00:00,2025-03-27 01:00:00,AA,9,9,0,0,1.8888888888888888,0.0,11.11111111111111
2025-03-14 14:00:00,2025-03-14 15:00:00,AA,143,120,23,0,13.966666666666667,16.083916083916083,25.0
2025-02-22 19:00:00,2025-02-22 20:00:00,UA,105,105,0,0,5.580952380952381,0.0,14.285714285714286
2025-03-24 18:00:00,2025-03-24 19:00:00,DL,171,171,0,0,8.286549707602338,0.0,22.80701754385965
2025-02-07 16:00:00,2025-02-07 17:00:00,AA,142,142,0,0,3.2464788732394365,0.0,14.084507042253522
2025-01-12 12:00:00,2025-01-12 13:00:00,UA,131,129,0,2,8.106870229007633,0.0,14.50381679389313
2025-04-03 11:00:00,2025-04-03 12:00:00,UA,126,125,1,0,10.512,0.7936507936507936,21.6
2025-03-24 06:00:00,2025-03-24 07:00:00,AA,189,189,0,0,-1.5238095238095237,0.0,6.349206349206349
2025-02-10 13:00:00,2025-02-10 14:00:00,DL,148,148,0,0,6.0608108108108105,0.0,10.81081081081081
2025-04-16 15:00:00,2025-04-16 16:00:00,AA,140,140,0,0,20.014285714285716,0.0,24.285714285714285
2025-03-31 16:00:00,2025-03-31 17:00:00,DL,140,131,7,2,108.90225563909775,5.0,74.43609022556392
2025-03-22 14:00:00,2025-03-22 15:00:00,DL,124,124,0,0,4.475806451612903,0.0,13.709677419354838
2025-02-13 16:00:00,2025-02-13 17:00:00,UA,141,140,1,0,48.464285714285715,0.7092198581560284,46.42857142857143
2025-02-03 14:00:00,2025-02-03 15:00:00,AA,149,149,0,0,12.348993288590604,0.0,10.738255033557047
2025-02-23 17:00:00,2025-02-23 18:00:00,UA,142,140,2,0,7.4,1.408450704225352,15.714285714285714
2025-02-25 22:00:00,2025-02-25 23:00:00,WN,2,2,0,0,-2.0,0.0,0.0
2025-03-21 11:00:00,2025-03-21 12:00:00,UA,126,126,0,0,8.865079365079366,0.0,14.285714285714286
2025-03-20 18:00:00,2025-03-20 19:00:00,WN,247,247,0,0,12.931174089068826,0.0,22.672064777327936
2025-04-27 14:00:00,2025-04-27 15:00:00,UA,126,125,0,1,18.166666666666668,0.0,16.666666666666668
2025-03-28 16:00:00,2025-03-28 17:00:00,DL,138,138,0,0,8.007246376811594,0.0,17.391304347826086
2025-02-05 07:00:00,2025-02-05 08:00:00,UA,152,152,0,0,-4.092105263157895,0.0,3.289473684210526
2025-02-18 02:00:00,2025-02-18 03:00:00,UA,1,1,0,0,-5.0,0.0,0.0
2025-02-12 23:00:00,2025-02-13 00:00:00,AA,22,22,0,0,14.181818181818182,0.0,27.272727272727273
2025-03-13 21:00:00,2025-03-13 22:00:00,AA,88,88,0,0,17.204545454545453,0.0,31.818181818181817
2025-01-20 00:00:00,2025-01-20 01:00:00,AA,8,8,0,0,2.25,0.0,12.5
2025-04-24 06:00:00,2025-04-24 07:00:00,DL,188,188,0,0,-2.867021276595745,0.0,4.787234042553192
2025-02-26 00:00:00,2025-02-26 01:00:00,DL,2,2,0,0,-8.5,0.0,0.0
2025-04-15 19:00:00,2025-04-15 20:00:00,AA,152,151,0,1,3.4934210526315788,0.0,16.44736842105263
2025-01-08 06:00:00,2025-01-08 07:00:00,DL,174,174,0,0,12.64367816091954,0.0,5.172413793103448
2025-02-21 18:00:00,2025-02-21 19:00:00,DL,159,159,0,0,12.213836477987421,0.0,23.89937106918239
2025-02-25 06:00:00,2025-02-25 07:00:00,UA,119,118,0,1,-5.470588235294118,0.0,2.5210084033613445
2025-02-19 07:00:00,2025-02-19 08:00:00,WN,191,185,6,0,-1.6216216216216217,3.141361256544503,2.1621621621621623
2025-01-24 01:00:00,2025-01-24 02:00:00,AA,1,1,0,0,-6.0,0.0,0.0
2025-04-28 13:00:00,2025-04-28 14:00:00,AA,147,147,0,0,5.27891156462585,0.0,14.285714285714286
2025-04-22 05:00:00,2025-04-22 06:00:00,WN,91,91,0,0,-3.3076923076923075,0.0,0.0
2025-01-08 05:00:00,2025-01-08 06:00:00,WN,29,29,0,0,-0.7931034482758621,0.0,3.4482758620689653
2025-04-21 20:00:00,2025-04-21 21:00:00,UA,81,81,0,0,24.11111111111111,0.0,38.27160493827161
2025-03-14 06:00:00,2025-03-14 07:00:00,AA,190,190,0,0,2.057894736842105,0.0,6.315789473684211
2025-04-15 12:00:00,2025-04-15 13:00:00,DL,178,178,0,0,9.359550561797754,0.0,6.741573033707865
2025-01-24 10:00:00,2025-01-24 11:00:00,DL,158,157,1,0,8.10828025477707,0.6329113924050633,24.203821656050955
2025-03-21 22:00:00,2025-03-21 23:00:00,DL,104,104,0,0,12.596153846153847,0.0,20.192307692307693
2025-04-08 06:00:00,2025-04-08 07:00:00,DL,189,189,0,0,-0.42857142857142855,0.0,5.291005291005291
2025-02-28 11:00:00,2025-02-28 12:00:00,WN,223,223,0,0,1.946188340807175,0.0,6.726457399103139
2025-04-02 07:00:00,2025-04-02 08:00:00,DL,245,245,0,0,7.146938775510204,0.0,14.285714285714286
2025-01-19 21:00:00,2025-01-19 22:00:00,DL,72,71,1,0,10.71830985915493,1.3888888888888888,18.309859154929576
2025-04-04 17:00:00,2025-04-04 18:00:00,AA,163,160,0,3,32.57055214723926,0.0,45.39877300613497
2025-03-20 08:00:00,2025-03-20 09:00:00,DL,181,181,0,0,7.176795580110498,0.0,14.3646408839779
2025-02-25 06:00:00,2025-02-25 07:00:00,AA,179,179,0,0,-1.8826815642458101,0.0,5.58659217877095
2025-01-11 19:00:00,2025-01-11 20:00:00,DL,78,74,4,0,88.93243243243244,5.128205128205129,71.62162162162163
2025-04-13 07:00:00,2025-04-13 08:00:00,DL,249,249,0,0,2.004016064257028,0.0,8.032128514056225
2025-04-27 16:00:00,2025-04-27 17:00:00,AA,150,150,0,0,11.453333333333333,0.0,24.0
2025-02-03 13:00:00,2025-02-03 14:00:00,WN,242,238,4,0,4.466386554621849,1.6528925619834711,12.605042016806722
2025-01-24 05:00:00,2025-01-24 06:00:00,UA,25,23,2,0,-4.869565217391305,8.0,0.0
2025-01-18 13:00:00,2025-01-18 14:00:00,AA,113,113,0,0,2.327433628318584,0.0,10.619469026548673
2025-04-15 23:00:00,2025-04-16 00:00:00,UA,32,32,0,0,-3.90625,0.0,9.375
2025-01-19 17:00:00,2025-01-19 18:00:00,AA,151,146,3,2,25.054054054054053,1.9867549668874172,35.13513513513514
2025-04-18 19:00:00,2025-04-18 20:00:00,WN,253,244,9,0,40.40573770491803,3.5573122529644268,40.16393442622951
2025-01-01 00:00:00,2025-01-01 01:00:00,UA,7,7,0,0,10.571428571428571,0.0,14.285714285714286
2025-04-22 00:00:00,2025-04-22 01:00:00,AA,9,9,0,0,1.0,0.0,11.11111111111111
2025-04-07 16:00:00,2025-04-07 17:00:00,WN,238,238,0,0,12.642857142857142,0.0,23.529411764705884
2025-03-30 23:00:00,2025-03-31 00:00:00,DL,41,41,0,0,42.46341463414634,0.0,39.02439024390244
2025-02-05 13:00:00,2025-02-05 14:00:00,AA,123,123,0,0,12.967479674796747,0.0,7.317073170731708
2025-03-05 15:00:00,2025-03-05 16:00:00,AA,119,116,3,0,23.655172413793103,2.5210084033613445,34.48275862068966
2025-02-13 21:00:00,2025-02-13 22:00:00,WN,141,129,12,0,57.83720930232558,8.51063829787234,69.76744186046511
2025-01-02 07:00:00,2025-01-02 08:00:00,UA,182,180,1,1,-0.10497237569060773,0.5494505494505495,7.18232044198895
2025-01-16 14:00:00,2025-01-16 15:00:00,AA,158,158,0,0,10.354430379746836,0.0,15.189873417721518
2025-02-01 02:00:00,2025-02-01 03:00:00,UA,1,1,0,0,4.0,0.0,0.0
2025-02-27 15:00:00,2025-02-27 16:00:00,AA,126,126,0,0,24.341269841269842,0.0,20.634920634920636
2025-03-05 11:00:00,2025-03-05 12:00:00,UA,126,124,2,0,4.346774193548387,1.5873015873015872,12.903225806451612
2025-02-23 19:00:00,2025-02-23 20:00:00,DL,166,166,0,0,6.614457831325301,0.0,19.27710843373494
2025-02-03 17:00:00,2025-02-03 18:00:00,AA,156,156,0,0,13.346153846153847,0.0,16.025641025641026
2025-03-25 22:00:00,2025-03-25 23:00:00,AA,102,101,1,0,17.396039603960396,0.9803921568627451,30.693069306930692
2025-01-25 16:00:00,2025-01-25 17:00:00,WN,206,205,0,1,9.504854368932039,0.0,22.33009708737864
2025-03-27 22:00:00,2025-03-27 23:00:00,AA,103,103,0,0,19.37864077669903,0.0,22.33009708737864
2025-01-10 23:00:00,2025-01-11 00:00:00,UA,30,30,0,0,1.5,0.0,16.666666666666668
2025-02-24 21:00:00,2025-02-24 22:00:00,WN,146,146,0,0,-2.171232876712329,0.0,3.4246575342465753
2025-04-28 21:00:00,2025-04-28 22:00:00,DL,103,103,0,0,12.223300970873787,0.0,27.184466019417474
2025-02-05 13:00:00,2025-02-05 14:00:00,DL,139,139,0,0,2.964028776978417,0.0,10.79136690647482
2025-02-05 07:00:00,2025-02-05 08:00:00,AA,162,162,0,0,8.148148148148149,0.0,7.407407407407407
2025-01-22 17:00:00,2025-01-22 18:00:00,WN,198,187,11,0,1.7112299465240641,5.555555555555555,7.4866310160427805
2025-04-13 05:00:00,2025-04-13 06:00:00,DL,69,68,0,1,1.2173913043478262,0.0,5.797101449275362
2025-04-15 05:00:00,2025-04-15 06:00:00,DL,76,76,0,0,-5.7894736842105265,0.0,2.6315789473684212
2025-03-28 07:00:00,2025-03-28 08:00:00,WN,239,238,1,0,0.5210084033613446,0.41841004184100417,5.882352941176471
2025-04-23 06:00:00,2025-04-23 07:00:00,UA,127,127,0,0,-1.188976377952756,0.0,4.724409448818897
2025-01-30 06:00:00,2025-01-30 07:00:00,WN,224,216,8,0,-0.4074074074074074,3.5714285714285716,1.8518518518518519
2025-03-10 12:00:00,2025-03-10 13:00:00,DL,168,168,0,0,8.172619047619047,0.0,21.428571428571427
2025-03-23 00:00:00,2025-03-23 01:00:00,UA,6,5,0,1,-4.166666666666667,0.0,0.0
2025-04-06 07:00:00,2025-04-06 08:00:00,AA,230,224,6,0,15.084821428571429,2.608695652173913,16.964285714285715
2025-01-19 19:00:00,2025-01-19 20:00:00,AA,132,123,8,1,25.693548387096776,6.0606060606060606,33.064516129032256
2025-02-28 23:00:00,2025-03-01 00:00:00,AA,30,30,0,0,3.1333333333333333,0.0,10.0
2025-03-21 12:00:00,2025-03-21 13:00:00,AA,146,146,0,0,19.226027397260275,0.0,21.232876712328768
2025-02-18 10:00:00,2025-02-18 11:00:00,WN,233,232,1,0,9.987068965517242,0.4291845493562232,22.844827586206897
2025-03-31 07:00:00,2025-03-31 08:00:00,DL,246,239,5,2,17.87136929460581,2.032520325203252,17.42738589211618
2025-01-13 01:00:00,2025-01-13 02:00:00,UA,1,1,0,0,-7.0,0.0,0.0
2025-02-05 20:00:00,2025-02-05 21:00:00,DL,70,69,1,0,14.289855072463768,1.4285714285714286,8.695652173913043
2025-01-18 11:00:00,2025-01-18 12:00:00,AA,132,132,0,0,4.007575757575758,0.0,13.636363636363637
2025-02-10 21:00:00,2025-02-10 22:00:00,WN,147,147,0,0,9.768707482993197,0.0,23.80952380952381
2025-02-13 19:00:00,2025-02-13 20:00:00,DL,165,165,0,0,40.96969696969697,0.0,57.57575757575758
2025-02-09 12:00:00,2025-02-09 13:00:00,AA,131,130,1,0,17.869230769230768,0.7633587786259542,20.76923076923077
2025-01-15 23:00:00,2025-01-16 00:00:00,UA,27,27,0,0,-2.074074074074074,0.0,3.7037037037037037
2025-01-19 15:00:00,2025-01-19 16:00:00,WN,233,224,9,0,10.433035714285714,3.8626609442060085,24.553571428571427
2025-01-10 20:00:00,2025-01-10 21:00:00,UA,83,83,0,0,16.698795180722893,0.0,39.75903614457831
2025-04-27 15:00:00,2025-04-27 16:00:00,UA,100,99,0,1,18.79,0.0,22.0
2025-01-07 08:00:00,2025-01-07 09:00:00,UA,179,175,3,1,10.988636363636363,1.675977653631285,25.568181818181817
2025-03-22 14:00:00,2025-03-22 15:00:00,WN,192,192,0,0,2.96875,0.0,8.333333333333334
2025-02-13 12:00:00,2025-02-13 13:00:00,DL,181,181,0,0,23.11049723756906,0.0,39.77900552486188
2025-03-16 16:00:00,2025-03-16 17:00:00,DL,140,131,7,2,66.44360902255639,5.0,69.17293233082707
2025-04-08 01:00:00,2025-04-08 02:00:00,AA,1,1,0,0,-13.0,0.0,0.0
2025-04-03 20:00:00,2025-04-03 21:00:00,DL,117,117,0,0,13.128205128205128,0.0,26.495726495726494
2025-01-04 01:00:00,2025-01-04 02:00:00,DL,2,2,0,0,5.5,0.0,50.0
2025-03-31 15:00:00,2025-03-31 16:00:00,UA,98,92,2,4,51.010416666666664,2.0408163265306123,40.625
2025-03-12 12:00:00,2025-03-12 13:00:00,UA,122,122,0,0,7.631147540983607,0.0,15.573770491803279
2025-03-20 14:00:00,2025-03-20 15:00:00,WN,247,242,4,1,10.786008230452675,1.6194331983805668,22.633744855967077
2025-01-03 21:00:00,2025-01-03 22:00:00,UA,58,58,0,0,17.879310344827587,0.0,32.758620689655174
2025-01-24 19:00:00,2025-01-24 20:00:00,WN,120,120,0,0,3.441666666666667,0.0,15.0
2025-03-20 22:00:00,2025-03-20 23:00:00,DL,103,103,0,0,8.048543689320388,0.0,18.446601941747574
2025-01-08 01:00:00,2025-01-08 02:00:00,DL,2,2,0,0,2.5,0.0,0.0
2025-04-23 22:00:00,2025-04-23 23:00:00,DL,106,106,0,0,6.481132075471698,0.0,12.264150943396226
2025-03-03 00:00:00,2025-03-03 01:00:00,DL,4,4,0,0,-9.0,0.0,0.0
2025-02-20 09:00:00,2025-02-20 10:00:00,AA,131,117,14,0,12.726495726495726,10.687022900763358,24.786324786324787
2025-04-22 12:00:00,2025-04-22 13:00:00,AA,144,144,0,0,5.701388888888889,0.0,9.722222222222221
2025-03-04 16:00:00,2025-03-04 17:00:00,AA,146,118,28,0,50.30508474576271,19.17808219178082,28.8135593220339
2025-01-18 18:00:00,2025-01-18 19:00:00,UA,109,108,0,1,9.55045871559633,0.0,19.26605504587156
2025-04-11 01:00:00,2025-04-11 02:00:00,AA,1,1,0,0,-16.0,0.0,0.0
2025-01-27 14:00:00,2025-01-27 15:00:00,UA,117,115,1,1,1.8017241379310345,0.8547008547008547,9.482758620689655
2025-01-11 10:00:00,2025-01-11 11:00:00,WN,212,212,0,0,6.830188679245283,0.0,14.150943396226415
2025-01-07 09:00:00,2025-01-07 10:00:00,UA,143,141,1,1,13.845070422535212,0.6993006993006993,26.056338028169016
2025-04-22 17:00:00,2025-04-22 18:00:00,WN,248,248,0,0,5.237903225806452,0.0,16.129032258064516
2025-02-18 23:00:00,2025-02-19 00:00:00,WN,2,2,0,0,-8.5,0.0,0.0
2025-02-17 12:00:00,2025-02-17 13:00:00,UA,124,123,1,0,21.016260162601625,0.8064516129032258,30.89430894308943
2025-04-04 07:00:00,2025-04-04 08:00:00,AA,218,217,0,1,14.596330275229358,0.0,13.302752293577981
2025-01-03 20:00:00,2025-01-03 21:00:00,UA,117,116,1,0,22.232758620689655,0.8547008547008547,37.06896551724138
2025-01-31 05:00:00,2025-01-31 06:00:00,UA,25,25,0,0,13.28,0.0,12.0
2025-01-04 21:00:00,2025-01-04 22:00:00,DL,94,92,2,0,15.423913043478262,2.127659574468085,28.26086956521739
2025-03-22 13:00:00,2025-03-22 14:00:00,DL,132,132,0,0,8.030303030303031,0.0,15.909090909090908
2025-01-08 19:00:00,2025-01-08 20:00:00,DL,98,98,0,0,2.4693877551020407,0.0,16.3265306122449
2025-03-27 21:00:00,2025-03-27 22:00:00,UA,63,63,0,0,4.285714285714286,0.0,12.698412698412698
2025-02-07 22:00:00,2025-02-07 23:00:00,UA,25,25,0,0,-1.12,0.0,12.0
2025-02-19 14:00:00,2025-02-19 15:00:00,DL,121,120,1,0,17.775,0.8264462809917356,25.833333333333332
2025-02-19 17:00:00,2025-02-19 18:00:00,DL,169,169,0,0,13.692307692307692,0.0,28.402366863905325
2025-03-11 16:00:00,2025-03-11 17:00:00,UA,139,139,0,0,-1.8920863309352518,0.0,5.755395683453237
2025-03-14 10:00:00,2025-03-14 11:00:00,WN,237,235,2,0,4.76595744680851,0.8438818565400844,10.638297872340425
2025-01-04 08:00:00,2025-01-04 09:00:00,DL,160,160,0,0,5.33125,0.0,15.0
2025-04-29 20:00:00,2025-04-29 21:00:00,DL,96,96,0,0,-1.8541666666666667,0.0,8.333333333333334
2025-01-03 23:00:00,2025-01-04 00:00:00,DL,35,35,0,0,6.685714285714286,0.0,17.142857142857142
2025-01-05 16:00:00,2025-01-05 17:00:00,DL,131,124,7,0,20.580645161290324,5.343511450381679,33.87096774193548
2025-02-19 01:00:00,2025-02-19 02:00:00,DL,2,2,0,0,-11.5,0.0,0.0
2025-03-28 05:00:00,2025-03-28 06:00:00,UA,42,42,0,0,-5.190476190476191,0.0,2.380952380952381
2025-02-25 20:00:00,2025-02-25 21:00:00,AA,108,108,0,0,3.962962962962963,0.0,13.88888888888889
2025-03-03 18:00:00,2025-03-03 19:00:00,DL,157,157,0,0,2.3630573248407645,0.0,12.101910828025478
2025-03-23 22:00:00,2025-03-23 23:00:00,WN,163,163,0,0,16.484662576687118,0.0,32.515337423312886
2025-04-27 10:00:00,2025-04-27 11:00:00,AA,159,159,0,0,5.779874213836478,0.0,15.723270440251572
2025-01-14 19:00:00,2025-01-14 20:00:00,WN,120,120,0,0,-3.05,0.0,2.5
2025-04-02 15:00:00,2025-04-02 16:00:00,WN,217,215,2,0,24.627906976744185,0.9216589861751152,39.06976744186046
2025-03-16 06:00:00,2025-03-16 07:00:00,AA,188,181,7,0,6.856353591160221,3.723404255319149,13.812154696132596
2025-01-22 21:00:00,2025-01-22 22:00:00,DL,68,66,2,0,25.40909090909091,2.9411764705882355,40.90909090909091
2025-02-12 05:00:00,2025-02-12 06:00:00,DL,66,66,0,0,4.424242424242424,0.0,9.090909090909092
2025-01-12 18:00:00,2025-01-12 19:00:00,UA,141,141,0,0,7.184397163120567,0.0,21.27659574468085
2025-02-14 10:00:00,2025-02-14 11:00:00,WN,233,233,0,0,6.042918454935623,0.0,14.592274678111588
2025-02-10 06:00:00,2025-02-10 07:00:00,AA,178,178,0,0,1.404494382022472,0.0,7.865168539325842
2025-02-28 17:00:00,2025-02-28 18:00:00,AA,162,162,0,0,11.771604938271604,0.0,22.22222222222222
2025-03-27 10:00:00,2025-03-27 11:00:00,DL,162,162,0,0,-0.6975308641975309,0.0,6.172839506172839
2025-04-27 00:00:00,2025-04-27 01:00:00,UA,7,7,0,0,39.0,0.0,42.857142857142854
2025-04-29 18:00:00,2025-04-29 19:00:00,DL,166,166,0,0,3.6204819277108435,0.0,13.855421686746988
2025-02-14 17:00:00,2025-02-14 18:00:00,UA,144,144,0,0,10.125,0.0,22.22222222222222
2025-01-31 09:00:00,2025-01-31 10:00:00,UA,157,157,0,0,3.5477707006369426,0.0,11.464968152866241
2025-03-08 18:00:00,2025-03-08 19:00:00,WN,222,221,1,0,6.538461538461538,0.45045045045045046,18.552036199095024
2025-01-11 16:00:00,2025-01-11 17:00:00,UA,108,108,0,0,7.092592592592593,0.0,15.74074074074074
2025-01-07 23:00:00,2025-01-08 00:00:00,UA,25,25,0,0,-0.88,0.0,12.0
2025-04-26 11:00:00,2025-04-26 12:00:00,DL,199,197,0,2,6.909547738693467,0.0,14.07035175879397
2025-03-09 20:00:00,2025-03-09 21:00:00,WN,252,251,1,0,14.274900398406375,0.3968253968253968,31.07569721115538
2025-04-09 22:00:00,2025-04-09 23:00:00,AA,110,110,0,0,6.618181818181818,0.0,17.272727272727273
2025-01-04 12:00:00,2025-01-04 13:00:00,WN,209,207,0,2,12.937799043062201,0.0,26.794258373205743
2025-01-26 06:00:00,2025-01-26 07:00:00,AA,169,168,0,1,13.254437869822485,0.0,10.650887573964496
2025-03-10 20:00:00,2025-03-10 21:00:00,DL,120,120,0,0,14.433333333333334,0.0,30.833333333333332
2025-02-02 00:00:00,2025-02-02 01:00:00,DL,1,1,0,0,-9.0,0.0,0.0
2025-03-10 17:00:00,2025-03-10 18:00:00,AA,155,154,1,0,36.077922077922075,0.6451612903225806,29.22077922077922
2025-02-11 21:00:00,2025-02-11 22:00:00,WN,15,14,1,0,108.92857142857143,6.666666666666667,85.71428571428571
2025-02-03 09:00:00,2025-02-03 10:00:00,DL,124,124,0,0,6.532258064516129,0.0,16.93548387096774
2025-03-13 14:00:00,2025-03-13 15:00:00,UA,127,127,0,0,7.291338582677166,0.0,9.448818897637794
2025-02-15 17:00:00,2025-02-15 18:00:00,WN,216,216,0,0,22.712962962962962,0.0,37.03703703703704
2025-04-11 23:00:00,2025-04-12 00:00:00,UA,35,35,0,0,3.657142857142857,0.0,11.428571428571429
2025-03-24 16:00:00,2025-03-24 17:00:00,UA,140,139,1,0,9.057553956834532,0.7142857142857143,26.618705035971225
2025-01-01 14:00:00,2025-01-01 15:00:00,DL,123,123,0,0,6.341463414634147,0.0,14.634146341463415
2025-03-08 05:00:00,2025-03-08 06:00:00,UA,48,48,0,0,-4.75,0.0,0.0
2025-03-22 06:00:00,2025-03-22 07:00:00,WN,285,284,1,0,-1.25,0.3508771929824561,2.816901408450704
2025-03-26 22:00:00,2025-03-26 23:00:00,WN,10,10,0,0,12.3,0.0,10.0
2025-01-14 15:00:00,2025-01-14 16:00:00,UA,81,81,0,0,1.123456790123457,0.0,8.641975308641975
2025-03-14 11:00:00,2025-03-14 12:00:00,UA,126,126,0,0,12.373015873015873,0.0,21.428571428571427
2025-02-17 07:00:00,2025-02-17 08:00:00,UA,199,197,1,1,9.873737373737374,0.5025125628140703,11.616161616161616
2025-01-07 21:00:00,2025-01-07 22:00:00,AA,77,76,0,1,8.727272727272727,0.0,12.987012987012987
2025-02-07 16:00:00,2025-02-07 17:00:00,WN,226,226,0,0,7.8628318584070795,0.0,23.451327433628318
2025-04-06 14:00:00,2025-04-06 15:00:00,WN,216,215,0,1,26.819444444444443,0.0,44.44444444444444
2025-01-12 10:00:00,2025-01-12 11:00:00,DL,141,141,0,0,32.843971631205676,0.0,43.97163120567376
2025-02-14 23:00:00,2025-02-15 00:00:00,WN,3,3,0,0,6.333333333333333,0.0,33.333333333333336
2025-02-10 14:00:00,2025-02-10 15:00:00,DL,135,135,0,0,4.207407407407407,0.0,11.851851851851851
2025-04-21 06:00:00,2025-04-21 07:00:00,WN,282,274,0,8,1.3156028368794326,0.0,4.964539007092198
2025-01-03 16:00:00,2025-01-03 17:00:00,UA,142,140,0,2,23.774647887323944,0.0,34.50704225352113
2025-03-02 05:00:00,2025-03-02 06:00:00,DL,69,69,0,0,-0.4492753623188406,0.0,7.246376811594203
2025-02-05 15:00:00,2025-02-05 16:00:00,AA,117,116,1,0,4.724137931034483,0.8547008547008547,10.344827586206897
2025-01-17 22:00:00,2025-01-17 23:00:00,WN,3,3,0,0,-5.666666666666667,0.0,0.0
2025-02-09 17:00:00,2025-02-09 18:00:00,AA,159,159,0,0,17.81132075471698,0.0,23.89937106918239
2025-03-11 17:00:00,2025-03-11 18:00:00,WN,230,228,0,2,3.6608695652173915,0.0,12.173913043478262
2025-04-29 21:00:00,2025-04-29 22:00:00,AA,82,81,1,0,4.160493827160494,1.2195121951219512,13.580246913580247
2025-02-09 11:00:00,2025-02-09 12:00:00,AA,155,155,0,0,11.12258064516129,0.0,18.70967741935484
2025-02-13 22:00:00,2025-02-13 23:00:00,UA,33,32,1,0,19.5625,3.0303030303030303,37.5
2025-02-06 08:00:00,2025-02-06 09:00:00,UA,184,183,1,0,13.349726775956285,0.5434782608695652,22.404371584699454
2025-04-29 06:00:00,2025-04-29 07:00:00,AA,189,189,0,0,-5.0,0.0,2.1164021164021163
2025-03-03 12:00:00,2025-03-03 13:00:00,AA,138,138,0,0,6.971014492753623,0.0,10.869565217391305
2025-02-26 15:00:00,2025-02-26 16:00:00,WN,231,231,0,0,1.4242424242424243,0.0,8.225108225108226
2025-02-21 19:00:00,2025-02-21 20:00:00,AA,162,162,0,0,13.746913580246913,0.0,20.987654320987655
2025-01-31 13:00:00,2025-01-31 14:00:00,UA,132,132,0,0,6.446969696969697,0.0,17.424242424242426
2025-04-21 14:00:00,2025-04-21 15:00:00,UA,128,128,0,0,22.25,0.0,30.46875
2025-03-04 21:00:00,2025-03-04 22:00:00,WN,16,16,0,0,16.5625,0.0,18.75
2025-03-22 11:00:00,2025-03-22 12:00:00,AA,149,149,0,0,16.496644295302012,0.0,14.765100671140939
2025-01-20 17:00:00,2025-01-20 18:00:00,AA,154,150,4,0,23.873333333333335,2.5974025974025974,32.666666666666664
2025-04-03 07:00:00,2025-04-03 08:00:00,WN,241,228,12,1,6.17467248908297,4.979253112033195,15.283842794759826
2025-01-10 05:00:00,2025-01-10 06:00:00,WN,29,27,1,1,-0.75,3.4482758620689653,3.5714285714285716
2025-04-12 12:00:00,2025-04-12 13:00:00,UA,113,113,0,0,0.12389380530973451,0.0,5.3097345132743365
2025-02-20 15:00:00,2025-02-20 16:00:00,AA,128,126,2,0,19.23015873015873,1.5625,33.333333333333336
2025-01-17 09:00:00,2025-01-17 10:00:00,UA,156,155,0,1,0.10256410256410256,0.0,4.487179487179487
2025-02-13 09:00:00,2025-02-13 10:00:00,DL,125,125,0,0,21.392,0.0,29.6
2025-02-04 09:00:00,2025-02-04 10:00:00,DL,119,119,0,0,-1.4285714285714286,0.0,5.882352941176471
2025-02-06 05:00:00,2025-02-06 06:00:00,DL,68,68,0,0,13.073529411764707,0.0,5.882352941176471
2025-01-15 14:00:00,2025-01-15 15:00:00,DL,116,116,0,0,1.4655172413793103,0.0,7.758620689655173
2025-01-19 23:00:00,2025-01-20 00:00:00,AA,26,26,0,0,6.038461538461538,0.0,11.538461538461538
2025-01-17 13:00:00,2025-01-17 14:00:00,WN,244,243,1,0,3.802469135802469,0.4098360655737705,9.465020576131687
2025-03-27 16:00:00,2025-03-27 17:00:00,AA,143,142,0,1,9.328671328671328,0.0,20.27972027972028
2025-02-21 20:00:00,2025-02-21 21:00:00,AA,127,127,0,0,11.023622047244094,0.0,21.25984251968504
2025-03-22 08:00:00,2025-03-22 09:00:00,AA,180,180,0,0,7.288888888888889,0.0,8.333333333333334
2025-03-16 15:00:00,2025-03-16 16:00:00,DL,180,173,7,0,57.61849710982659,3.888888888888889,58.38150289017341
2025-01-20 12:00:00,2025-01-20 13:00:00,UA,135,135,0,0,10.02962962962963,0.0,24.444444444444443
2025-01-09 11:00:00,2025-01-09 12:00:00,AA,163,120,42,1,42.264462809917354,25.766871165644172,25.619834710743802
2025-02-23 20:00:00,2025-02-23 21:00:00,WN,263,263,0,0,7.870722433460076,0.0,18.631178707224336
2025-03-21 05:00:00,2025-03-21 06:00:00,UA,42,42,0,0,-3.8095238095238093,0.0,2.380952380952381
2025-03-19 09:00:00,2025-03-19 10:00:00,AA,132,131,1,0,15.86259541984733,0.7575757575757576,13.740458015267176
2025-02-03 20:00:00,2025-02-03 21:00:00,DL,92,92,0,0,8.032608695652174,0.0,22.82608695652174
2025-03-29 18:00:00,2025-03-29 19:00:00,DL,138,137,0,1,8.942028985507246,0.0,18.840579710144926
2025-03-21 17:00:00,2025-03-21 18:00:00,WN,244,244,0,0,10.504098360655737,0.0,21.721311475409838
2025-01-10 18:00:00,2025-01-10 19:00:00,AA,147,87,60,0,37.51724137931034,40.816326530612244,58.62068965517241
2025-02-23 12:00:00,2025-02-23 13:00:00,AA,139,139,0,0,10.76978417266187,0.0,16.546762589928058
2025-03-01 18:00:00,2025-03-01 19:00:00,UA,109,109,0,0,5.431192660550459,0.0,12.844036697247706
2025-02-22 19:00:00,2025-02-22 20:00:00,DL,90,90,0,0,5.155555555555556,0.0,14.444444444444445
2025-01-09 23:00:00,2025-01-10 00:00:00,AA,27,21,6,0,9.666666666666666,22.22222222222222,23.80952380952381
2025-01-09 00:00:00,2025-01-09 01:00:00,DL,1,1,0,0,-8.0,0.0,0.0
2025-03-23 23:00:00,2025-03-24 00:00:00,DL,39,39,0,0,33.05128205128205,0.0,28.205128205128204
2025-04-04 11:00:00,2025-04-04 12:00:00,DL,201,201,0,0,9.119402985074627,0.0,24.875621890547265
2025-03-15 21:00:00,2025-03-15 22:00:00,DL,86,84,2,0,35.523809523809526,2.3255813953488373,44.04761904761905
2025-04-05 06:00:00,2025-04-05 07:00:00,DL,178,178,0,0,1.702247191011236,0.0,6.179775280898877
2025-03-26 00:00:00,2025-03-26 01:00:00,DL,4,4,0,0,-5.75,0.0,0.0
2025-02-26 09:00:00,2025-02-26 10:00:00,UA,138,138,0,0,5.340579710144928,0.0,10.869565217391305
2025-01-24 08:00:00,2025-01-24 09:00:00,AA,191,190,1,0,17.457894736842107,0.5235602094240838,14.210526315789474
2025-03-13 20:00:00,2025-03-13 21:00:00,UA,98,98,0,0,16.806122448979593,0.0,29.591836734693878
2025-01-22 12:00:00,2025-01-22 13:00:00,DL,171,138,33,0,61.94202898550725,19.29824561403509,52.89855072463768
2025-02-04 05:00:00,2025-02-04 06:00:00,DL,68,68,0,0,6.720588235294118,0.0,4.411764705882353
2025-04-21 21:00:00,2025-04-21 22:00:00,AA,87,87,0,0,18.471264367816094,0.0,27.586206896551722
2025-03-05 21:00:00,2025-03-05 22:00:00,UA,36,36,0,0,18.97222222222222,0.0,22.22222222222222
2025-02-06 07:00:00,2025-02-06 08:00:00,WN,213,212,0,1,3.0985915492957745,0.0,6.572769953051643
2025-04-07 13:00:00,2025-04-07 14:00:00,AA,146,146,0,0,20.78082191780822,0.0,26.71232876712329
2025-02-09 21:00:00,2025-02-09 22:00:00,WN,14,14,0,0,7.214285714285714,0.0,14.285714285714286
2025-02-23 20:00:00,2025-02-23 21:00:00,AA,127,127,0,0,23.874015748031496,0.0,34.645669291338585
2025-02-01 22:00:00,2025-02-01 23:00:00,UA,23,23,0,0,6.6521739130434785,0.0,26.08695652173913
2025-03-03 10:00:00,2025-03-03 11:00:00,AA,141,141,0,0,6.156028368794326,0.0,14.184397163120567
2025-02-24 09:00:00,2025-02-24 10:00:00,WN,218,218,0,0,0.7981651376146789,0.0,6.422018348623853
2025-03-26 19:00:00,2025-03-26 20:00:00,UA,127,127,0,0,14.771653543307087,0.0,18.11023622047244
2025-03-10 10:00:00,2025-03-10 11:00:00,AA,140,140,0,0,11.971428571428572,0.0,19.285714285714285
2025-03-05 05:00:00,2025-03-05 06:00:00,DL,69,69,0,0,27.52173913043478,0.0,15.942028985507246
2025-02-19 08:00:00,2025-02-19 09:00:00,UA,189,188,1,0,3.99468085106383,0.5291005291005291,9.574468085106384
2025-04-26 06:00:00,2025-04-26 07:00:00,WN,258,258,0,0,-2.0736434108527133,0.0,1.550387596899225
2025-03-06 20:00:00,2025-03-06 21:00:00,WN,281,280,1,0,15.778571428571428,0.35587188612099646,30.0
2025-03-18 05:00:00,2025-03-18 06:00:00,UA,36,36,0,0,-2.361111111111111,0.0,8.333333333333334
2025-03-04 23:00:00,2025-03-05 00:00:00,WN,2,2,0,0,0.5,0.0,0.0
2025-03-23 08:00:00,2025-03-23 09:00:00,WN,246,246,0,0,1.0203252032520325,0.0,7.723577235772358
2025-02-08 17:00:00,2025-02-08 18:00:00,DL,158,157,0,1,17.753164556962027,0.0,21.518987341772153
2025-01-27 01:00:00,2025-01-27 02:00:00,AA,1,1,0,0,22.0,0.0,100.0
2025-02-08 16:00:00,2025-02-08 17:00:00,AA,127,118,9,0,2.5338983050847457,7.086614173228346,11.016949152542374
2025-02-05 11:00:00,2025-02-05 12:00:00,UA,117,116,0,1,7.119658119658119,0.0,14.52991452991453
2025-04-15 05:00:00,2025-04-15 06:00:00,UA,38,38,0,0,-2.289473684210526,0.0,5.2631578947368425
2025-04-18 16:00:00,2025-04-18 17:00:00,AA,150,150,0,0,11.746666666666666,0.0,25.333333333333332
2025-02-21 14:00:00,2025-02-21 15:00:00,WN,231,230,0,1,8.441558441558442,0.0,17.316017316017316
2025-04-26 21:00:00,2025-04-26 22:00:00,AA,84,84,0,0,11.642857142857142,0.0,25.0
2025-02-16 17:00:00,2025-02-16 18:00:00,DL,151,148,3,0,74.16216216216216,1.9867549668874172,48.648648648648646
2025-02-16 06:00:00,2025-02-16 07:00:00,UA,127,126,1,0,15.380952380952381,0.7874015748031497,15.079365079365079
2025-03-18 16:00:00,2025-03-18 17:00:00,AA,144,144,0,0,19.381944444444443,0.0,25.0
2025-04-26 18:00:00,2025-04-26 19:00:00,AA,161,161,0,0,17.48447204968944,0.0,24.84472049689441
2025-02-21 16:00:00,2025-02-21 17:00:00,UA,144,144,0,0,3.7083333333333335,0.0,12.5
2025-04-02 01:00:00,2025-04-02 02:00:00,DL,2,2,0,0,79.5,0.0,100.0
2025-03-11 16:00:00,2025-03-11 17:00:00,WN,240,238,1,1,2.98744769874477,0.4166666666666667,12.133891213389122
2025-04-03 15:00:00,2025-04-03 16:00:00,WN,217,215,1,1,24.37962962962963,0.4608294930875576,43.51851851851852
2025-02-19 09:00:00,2025-02-19 10:00:00,WN,235,230,5,0,4.082608695652174,2.127659574468085,10.0
2025-01-22 17:00:00,2025-01-22 18:00:00,DL,164,150,14,0,36.32666666666667,8.536585365853659,36.0
2025-01-31 21:00:00,2025-01-31 22:00:00,AA,83,83,0,0,7.518072289156627,0.0,19.27710843373494
2025-03-10 14:00:00,2025-03-10 15:00:00,AA,144,144,0,0,21.694444444444443,0.0,34.72222222222222
2025-03-23 01:00:00,2025-03-23 02:00:00,UA,2,2,0,0,-6.0,0.0,0.0
2025-01-09 19:00:00,2025-01-09 20:00:00,AA,146,84,62,0,20.047619047619047,42.465753424657535,35.714285714285715
2025-04-16 16:00:00,2025-04-16 17:00:00,AA,151,151,0,0,11.827814569536423,0.0,17.880794701986755
2025-03-31 12:00:00,2025-03-31 13:00:00,WN,228,220,7,1,29.638009049773757,3.0701754385964914,36.199095022624434
2025-03-02 10:00:00,2025-03-02 11:00:00,WN,230,230,0,0,2.1913043478260867,0.0,6.086956521739131
2025-04-07 17:00:00,2025-04-07 18:00:00,UA,136,136,0,0,11.433823529411764,0.0,19.11764705882353
2025-01-03 07:00:00,2025-01-03 08:00:00,AA,196,196,0,0,14.33673469387755,0.0,10.204081632653061
2025-04-15 23:00:00,2025-04-16 00:00:00,WN,6,6,0,0,-2.0,0.0,16.666666666666668
2025-01-21 12:00:00,2025-01-21 13:00:00,AA,130,126,4,0,5.23015873015873,3.076923076923077,15.079365079365079
2025-04-05 05:00:00,2025-04-05 06:00:00,UA,44,44,0,0,-2.0681818181818183,0.0,6.818181818181818
2025-04-08 20:00:00,2025-04-08 21:00:00,WN,191,191,0,0,2.554973821989529,0.0,13.612565445026178
2025-02-01 17:00:00,2025-02-01 18:00:00,WN,191,191,0,0,2.329842931937173,0.0,12.565445026178011
2025-03-15 23:00:00,2025-03-16 00:00:00,AA,28,28,0,0,18.035714285714285,0.0,35.714285714285715
2025-01-11 09:00:00,2025-01-11 10:00:00,WN,222,219,3,0,2.634703196347032,1.3513513513513513,9.132420091324201
2025-04-24 00:00:00,2025-04-24 01:00:00,UA,7,7,0,0,7.285714285714286,0.0,28.571428571428573
2025-02-23 22:00:00,2025-02-23 23:00:00,UA,32,32,0,0,0.65625,0.0,3.125
2025-02-05 15:00:00,2025-02-05 16:00:00,DL,169,169,0,0,0.6982248520710059,0.0,9.467455621301776
2025-03-06 16:00:00,2025-03-06 17:00:00,WN,230,224,4,2,12.429203539823009,1.7391304347826086,30.530973451327434
2025-02-19 18:00:00,2025-02-19 19:00:00,WN,266,264,2,0,12.454545454545455,0.7518796992481203,26.893939393939394
2025-02-11 19:00:00,2025-02-11 20:00:00,UA,94,92,2,0,17.565217391304348,2.127659574468085,30.434782608695652
2025-04-28 15:00:00,2025-04-28 16:00:00,WN,230,228,1,1,11.231441048034934,0.43478260869565216,26.200873362445414
2025-04-22 22:00:00,2025-04-22 23:00:00,DL,106,105,0,1,1.0,0.0,8.49056603773585
2025-03-13 00:00:00,2025-03-13 01:00:00,UA,6,6,0,0,1.5,0.0,0.0
2025-02-07 07:00:00,2025-02-07 08:00:00,UA,170,170,0,0,6.682352941176471,0.0,7.0588235294117645
2025-04-13 13:00:00,2025-04-13 14:00:00,AA,146,146,0,0,13.527397260273972,0.0,17.80821917808219
2025-02-18 18:00:00,2025-02-18 19:00:00,WN,227,225,2,0,19.657777777777778,0.8810572687224669,35.55555555555556
2025-04-21 21:00:00,2025-04-21 22:00:00,DL,105,105,0,0,8.038095238095238,0.0,23.80952380952381
2025-01-04 00:00:00,2025-01-04 01:00:00,AA,15,15,0,0,6.8,0.0,20.0
2025-04-10 19:00:00,2025-04-10 20:00:00,UA,144,144,0,0,8.270833333333334,0.0,14.583333333333334
2025-04-14 15:00:00,2025-04-14 16:00:00,WN,231,230,1,0,9.778260869565218,0.4329004329004329,22.17391304347826
2025-04-20 18:00:00,2025-04-20 19:00:00,WN,245,244,0,1,13.187755102040816,0.0,22.448979591836736
2025-02-27 14:00:00,2025-02-27 15:00:00,AA,157,155,1,1,16.243589743589745,0.6369426751592356,24.358974358974358
2025-04-16 12:00:00,2025-04-16 13:00:00,WN,219,218,1,0,1.5688073394495412,0.45662100456621,7.339449541284404
2025-03-08 21:00:00,2025-03-08 22:00:00,WN,172,172,0,0,4.616279069767442,0.0,13.953488372093023
2025-01-21 12:00:00,2025-01-21 13:00:00,UA,132,92,40,0,8.41304347826087,30.303030303030305,15.217391304347826
2025-02-08 07:00:00,2025-02-08 08:00:00,AA,158,157,1,0,-0.07643312101910828,0.6329113924050633,8.280254777070065
2025-01-21 18:00:00,2025-01-21 19:00:00,DL,144,121,22,1,103.64754098360656,15.277777777777779,54.09836065573771
2025-04-17 11:00:00,2025-04-17 12:00:00,UA,125,124,0,1,10.36,0.0,17.6
2025-01-12 11:00:00,2025-01-12 12:00:00,WN,222,222,0,0,3.684684684684685,0.0,12.162162162162161
2025-04-29 14:00:00,2025-04-29 15:00:00,DL,151,151,0,0,0.5960264900662252,0.0,9.933774834437086
2025-04-07 10:00:00,2025-04-07 11:00:00,AA,159,157,2,0,7.681528662420382,1.2578616352201257,19.10828025477707
2025-01-10 14:00:00,2025-01-10 15:00:00,AA,155,110,45,0,34.72727272727273,29.032258064516128,50.0
2025-03-05 18:00:00,2025-03-05 19:00:00,WN,262,259,3,0,16.91891891891892,1.1450381679389312,34.74903474903475
2025-02-09 16:00:00,2025-02-09 17:00:00,UA,125,125,0,0,6.088,0.0,15.2
2025-02-20 10:00:00,2025-02-20 11:00:00,WN,233,233,0,0,8.300429184549357,0.0,18.88412017167382
2025-04-30 12:00:00,2025-04-30 13:00:00,AA,146,97,49,0,65.44329896907216,33.56164383561644,27.835051546391753
2025-03-08 13:00:00,2025-03-08 14:00:00,UA,119,119,0,0,1.5630252100840336,0.0,9.243697478991596
2025-01-14 07:00:00,2025-01-14 08:00:00,UA,150,150,0,0,-2.3933333333333335,0.0,4.0
2025-03-15 20:00:00,2025-03-15 21:00:00,WN,233,230,1,2,36.827586206896555,0.4291845493562232,53.01724137931034
2025-03-16 01:00:00,2025-03-16 02:00:00,UA,2,2,0,0,39.5,0.0,100.0
2025-02-10 22:00:00,2025-02-10 23:00:00,AA,57,57,0,0,-0.45614035087719296,0.0,3.508771929824561
2025-02-10 11:00:00,2025-02-10 12:00:00,DL,187,187,0,0,5.016042780748663,0.0,13.368983957219251
2025-02-27 22:00:00,2025-02-27 23:00:00,DL,94,94,0,0,4.98936170212766,0.0,12.76595744680851
2025-04-27 11:00:00,2025-04-27 12:00:00,WN,214,213,1,0,5.347417840375587,0.4672897196261682,13.615023474178404
2025-01-22 12:00:00,2025-01-22 13:00:00,AA,132,129,3,0,14.782945736434108,2.272727272727273,20.155038759689923
2025-04-19 22:00:00,2025-04-19 23:00:00,UA,35,35,0,0,0.2571428571428571,0.0,8.571428571428571
2025-02-17 21:00:00,2025-02-17 22:00:00,AA,94,93,0,1,57.41489361702128,0.0,40.42553191489362
2025-02-09 14:00:00,2025-02-09 15:00:00,DL,113,113,0,0,5.734513274336283,0.0,15.044247787610619
2025-03-03 11:00:00,2025-03-03 12:00:00,AA,166,166,0,0,6.506024096385542,0.0,13.855421686746988
2025-02-27 22:00:00,2025-02-27 23:00:00,UA,33,33,0,0,0.030303030303030304,0.0,9.090909090909092
2025-01-24 07:00:00,2025-01-24 08:00:00,UA,173,173,0,0,4.046242774566474,0.0,5.780346820809249
2025-02-18 12:00:00,2025-02-18 13:00:00,DL,170,169,0,1,14.311764705882354,0.0,26.470588235294116
2025-02-06 12:00:00,2025-02-06 13:00:00,AA,134,130,4,0,19.915384615384614,2.985074626865672,20.76923076923077
2025-02-28 19:00:00,2025-02-28 20:00:00,UA,135,135,0,0,1.4370370370370371,0.0,10.37037037037037
2025-01-17 10:00:00,2025-01-17 11:00:00,UA,117,117,0,0,-1.0854700854700854,0.0,5.128205128205129
2025-02-10 11:00:00,2025-02-10 12:00:00,AA,158,158,0,0,11.5,0.0,20.253164556962027
2025-04-09 20:00:00,2025-04-09 21:00:00,UA,82,82,0,0,5.695121951219512,0.0,15.853658536585366
2025-03-24 09:00:00,2025-03-24 10:00:00,DL,135,134,0,1,15.696296296296296,0.0,20.0
2025-02-19 11:00:00,2025-02-19 12:00:00,WN,265,264,1,0,12.844696969696969,0.37735849056603776,24.242424242424242
2025-03-20 11:00:00,2025-03-20 12:00:00,DL,208,207,0,1,7.418269230769231,0.0,13.942307692307692
2025-02-01 09:00:00,2025-02-01 10:00:00,AA,122,121,0,1,11.950819672131148,0.0,9.01639344262295
2025-01-22 19:00:00,2025-01-22 20:00:00,AA,107,105,2,0,3.4857142857142858,1.8691588785046729,13.333333333333334
2025-01-26 22:00:00,2025-01-26 23:00:00,DL,90,90,0,0,5.233333333333333,0.0,11.11111111111111
2025-04-21 16:00:00,2025-04-21 17:00:00,DL,144,144,0,0,9.409722222222221,0.0,18.055555555555557
2025-04-10 01:00:00,2025-04-10 02:00:00,UA,1,1,0,0,77.0,0.0,100.0
2025-04-30 14:00:00,2025-04-30 15:00:00,WN,221,205,15,1,33.13106796116505,6.787330316742081,32.52427184466019
2025-02-18 14:00:00,2025-02-18 15:00:00,UA,122,120,1,1,5.404958677685951,0.819672131147541,18.181818181818183
2025-02-27 17:00:00,2025-02-27 18:00:00,AA,164,164,0,0,13.871951219512194,0.0,29.26829268292683
2025-03-12 17:00:00,2025-03-12 18:00:00,WN,230,230,0,0,5.747826086956522,0.0,12.608695652173912
2025-03-28 12:00:00,2025-03-28 13:00:00,DL,167,167,0,0,4.053892215568863,0.0,10.179640718562874
2025-03-05 18:00:00,2025-03-05 19:00:00,UA,143,142,1,0,16.591549295774648,0.6993006993006993,28.87323943661972
2025-02-26 11:00:00,2025-02-26 12:00:00,AA,161,160,1,0,3.95,0.6211180124223602,11.25
2025-04-26 09:00:00,2025-04-26 10:00:00,AA,123,123,0,0,6.4471544715447155,0.0,8.130081300813009
2025-04-16 05:00:00,2025-04-16 06:00:00,AA,109,109,0,0,-3.5688073394495414,0.0,4.587155963302752
2025-02-02 06:00:00,2025-02-02 07:00:00,DL,172,172,0,0,-1.1395348837209303,0.0,4.651162790697675
2025-02-01 00:00:00,2025-02-01 01:00:00,UA,3,3,0,0,17.666666666666668,0.0,33.333333333333336
2025-01-31 01:00:00,2025-01-31 02:00:00,DL,2,2,0,0,-4.5,0.0,0.0
2025-04-15 20:00:00,2025-04-15 21:00:00,AA,132,132,0,0,4.075757575757576,0.0,11.363636363636363
2025-02-11 08:00:00,2025-02-11 09:00:00,DL,173,173,0,0,0.9710982658959537,0.0,7.514450867052023
2025-04-18 16:00:00,2025-04-18 17:00:00,DL,139,139,0,0,8.489208633093526,0.0,17.26618705035971
2025-01-01 22:00:00,2025-01-01 23:00:00,AA,83,83,0,0,5.349397590361446,0.0,8.433734939759036
2025-01-08 19:00:00,2025-01-08 20:00:00,UA,100,100,0,0,4.23,0.0,17.0
2025-02-10 19:00:00,2025-02-10 20:00:00,WN,263,262,1,0,12.572519083969466,0.38022813688212925,25.19083969465649
2025-02-28 14:00:00,2025-02-28 15:00:00,UA,133,132,0,1,2.1503759398496243,0.0,9.022556390977444
2025-04-16 01:00:00,2025-04-16 02:00:00,UA,1,1,0,0,6.0,0.0,0.0
2025-02-28 17:00:00,2025-02-28 18:00:00,WN,241,241,0,0,4.473029045643154,0.0,12.448132780082988
2025-03-01 07:00:00,2025-03-01 08:00:00,AA,169,169,0,0,-0.35502958579881655,0.0,6.508875739644971
2025-01-18 10:00:00,2025-01-18 11:00:00,WN,210,210,0,0,3.9380952380952383,0.0,10.0
2025-02-16 08:00:00,2025-02-16 09:00:00,AA,196,185,11,0,23.686486486486487,5.612244897959184,29.18918918918919
2025-04-07 15:00:00,2025-04-07 16:00:00,DL,189,187,2,0,33.37967914438503,1.0582010582010581,47.593582887700535
2025-04-05 22:00:00,2025-04-05 23:00:00,WN,108,107,1,0,17.682242990654206,0.9259259259259259,38.3177570093458
2025-03-23 05:00:00,2025-03-23 06:00:00,UA,39,39,0,0,3.5641025641025643,0.0,2.5641025641025643
2025-04-07 15:00:00,2025-04-07 16:00:00,WN,216,215,1,0,13.223255813953488,0.46296296296296297,30.232558139534884
2025-02-03 01:00:00,2025-02-03 02:00:00,UA,1,1,0,0,7.0,0.0,0.0
2025-01-19 13:00:00,2025-01-19 14:00:00,DL,132,131,1,0,6.259541984732825,0.7575757575757576,16.793893129770993
2025-04-01 13:00:00,2025-04-01 14:00:00,DL,148,146,2,0,10.698630136986301,1.3513513513513513,23.28767123287671
2025-04-21 09:00:00,2025-04-21 10:00:00,AA,135,135,0,0,13.185185185185185,0.0,19.25925925925926
2025-03-21 21:00:00,2025-03-21 22:00:00,WN,167,167,0,0,11.431137724550899,0.0,25.149700598802394
2025-01-15 14:00:00,2025-01-15 15:00:00,AA,139,139,0,0,-0.09352517985611511,0.0,7.913669064748201
2025-04-21 14:00:00,2025-04-21 15:00:00,DL,156,155,0,1,11.288461538461538,0.0,17.307692307692307
2025-02-10 19:00:00,2025-02-10 20:00:00,UA,105,105,0,0,3.2095238095238097,0.0,14.285714285714286
2025-02-01 07:00:00,2025-02-01 08:00:00,UA,163,163,0,0,0.39263803680981596,0.0,7.361963190184049
2025-01-03 03:00:00,2025-01-03 04:00:00,DL,1,1,0,0,-4.0,0.0,0.0
2025-01-23 10:00:00,2025-01-23 11:00:00,AA,139,136,1,2,15.63768115942029,0.7194244604316546,15.217391304347826
2025-03-17 19:00:00,2025-03-17 20:00:00,UA,128,128,0,0,15.015625,0.0,30.46875
2025-02-22 07:00:00,2025-02-22 08:00:00,WN,206,204,1,1,-1.4146341463414633,0.4854368932038835,3.4146341463414633
2025-04-03 05:00:00,2025-04-03 06:00:00,WN,195,185,10,0,4.291891891891892,5.128205128205129,8.108108108108109
2025-02-03 22:00:00,2025-02-03 23:00:00,DL,92,92,0,0,3.630434782608696,0.0,11.956521739130435
2025-02-25 11:00:00,2025-02-25 12:00:00,UA,129,128,1,0,-0.7578125,0.7751937984496124,1.5625
2025-02-05 11:00:00,2025-02-05 12:00:00,WN,265,263,1,1,0.25,0.37735849056603776,6.4393939393939394
2025-04-17 23:00:00,2025-04-18 00:00:00,DL,34,34,0,0,11.852941176470589,0.0,23.529411764705884
2025-03-09 22:00:00,2025-03-09 23:00:00,UA,35,35,0,0,2.142857142857143,0.0,17.142857142857142
2025-04-16 18:00:00,2025-04-16 19:00:00,UA,136,136,0,0,7.955882352941177,0.0,17.647058823529413
2025-01-25 17:00:00,2025-01-25 18:00:00,UA,130,129,1,0,14.372093023255815,0.7692307692307693,25.58139534883721
2025-01-19 14:00:00,2025-01-19 15:00:00,WN,222,218,4,0,9.059633027522937,1.8018018018018018,18.807339449541285
2025-03-26 23:00:00,2025-03-27 00:00:00,WN,9,9,0,0,1.1111111111111112,0.0,0.0
2025-03-02 08:00:00,2025-03-02 09:00:00,UA,182,180,1,1,1.0718232044198894,0.5494505494505495,8.839779005524862
2025-01-03 15:00:00,2025-01-03 16:00:00,DL,166,166,0,0,19.99397590361446,0.0,22.89156626506024
2025-01-22 08:00:00,2025-01-22 09:00:00,DL,176,147,29,0,50.70748299319728,16.477272727272727,46.93877551020408
2025-03-24 20:00:00,2025-03-24 21:00:00,UA,97,97,0,0,9.88659793814433,0.0,22.68041237113402
2025-01-31 21:00:00,2025-01-31 22:00:00,DL,86,85,1,0,5.752941176470588,1.1627906976744187,17.647058823529413
2025-04-16 20:00:00,2025-04-16 21:00:00,WN,191,191,0,0,6.303664921465969,0.0,18.32460732984293
2025-04-07 20:00:00,2025-04-07 21:00:00,DL,115,114,1,0,36.526315789473685,0.8695652173913043,48.24561403508772
2025-04-22 11:00:00,2025-04-22 12:00:00,WN,226,225,1,0,4.56,0.4424778761061947,9.333333333333334
2025-03-17 21:00:00,2025-03-17 22:00:00,AA,87,87,0,0,14.620689655172415,0.0,24.137931034482758
2025-04-30 09:00:00,2025-04-30 10:00:00,UA,142,140,2,0,4.635714285714286,1.408450704225352,11.428571428571429
2025-02-09 23:00:00,2025-02-10 00:00:00,AA,28,28,0,0,2.6785714285714284,0.0,14.285714285714286
2025-01-12 16:00:00,2025-01-12 17:00:00,UA,126,124,1,1,12.152,0.7936507936507936,20.0
2025-02-27 19:00:00,2025-02-27 20:00:00,UA,134,134,0,0,3.58955223880597,0.0,14.17910447761194
2025-01-09 16:00:00,2025-01-09 17:00:00,UA,124,119,5,0,16.168067226890756,4.032258064516129,31.092436974789916
2025-01-12 05:00:00,2025-01-12 06:00:00,WN,98,98,0,0,-1.653061224489796,0.0,2.0408163265306123
2025-01-11 11:00:00,2025-01-11 12:00:00,DL,171,139,32,0,68.15827338129496,18.71345029239766,64.02877697841727
2025-03-26 10:00:00,2025-03-26 11:00:00,WN,250,250,0,0,-0.212,0.0,4.4
2025-01-18 01:00:00,2025-01-18 02:00:00,DL,2,2,0,0,-1.0,0.0,0.0
2025-02-21 11:00:00,2025-02-21 12:00:00,DL,189,189,0,0,10.751322751322752,0.0,16.402116402116402
2025-01-26 18:00:00,2025-01-26 19:00:00,AA,165,163,0,2,8.975757575757576,0.0,18.78787878787879
2025-01-26 17:00:00,2025-01-26 18:00:00,AA,159,159,0,0,13.484276729559749,0.0,20.12578616352201
2025-04-23 22:00:00,2025-04-23 23:00:00,UA,36,36,0,0,0.05555555555555555,0.0,5.555555555555555
2025-02-28 14:00:00,2025-02-28 15:00:00,AA,157,156,0,1,4.6687898089171975,0.0,10.828025477707007
2025-04-07 20:00:00,2025-04-07 21:00:00,UA,81,80,1,0,17.8375,1.2345679012345678,27.5
2025-01-28 17:00:00,2025-01-28 18:00:00,WN,198,198,0,0,-2.176767676767677,0.0,7.070707070707071
2025-01-05 12:00:00,2025-01-05 13:00:00,AA,140,132,7,1,81.72932330827068,5.0,51.8796992481203
2025-03-16 20:00:00,2025-03-16 21:00:00,AA,134,125,8,1,88.41269841269842,5.970149253731344,59.523809523809526
2025-03-28 13:00:00,2025-03-28 14:00:00,AA,147,147,0,0,17.65986394557823,0.0,20.408163265306122
2025-02-21 21:00:00,2025-02-21 22:00:00,AA,93,92,0,1,25.086021505376344,0.0,23.655913978494624
2025-04-26 14:00:00,2025-04-26 15:00:00,AA,127,126,0,1,12.582677165354331,0.0,16.53543307086614
2025-04-06 12:00:00,2025-04-06 13:00:00,WN,225,222,2,1,14.98206278026906,0.8888888888888888,25.112107623318387
2025-02-10 11:00:00,2025-02-10 12:00:00,WN,224,223,1,0,7.2959641255605385,0.44642857142857145,17.48878923766816
2025-03-02 20:00:00,2025-03-02 21:00:00,UA,82,81,0,1,4.719512195121951,0.0,9.75609756097561
2025-01-08 16:00:00,2025-01-08 17:00:00,DL,100,100,0,0,1.95,0.0,14.0
2025-01-13 08:00:00,2025-01-13 09:00:00,WN,246,246,0,0,1.2560975609756098,0.0,5.284552845528455
2025-03-18 23:00:00,2025-03-19 00:00:00,AA,27,27,0,0,22.62962962962963,0.0,18.51851851851852
2025-01-14 07:00:00,2025-01-14 08:00:00,AA,161,161,0,0,8.273291925465838,0.0,4.968944099378882
2025-02-14 14:00:00,2025-02-14 15:00:00,AA,156,155,1,0,15.135483870967741,0.6410256410256411,24.516129032258064
2025-04-19 13:00:00,2025-04-19 14:00:00,DL,142,142,0,0,10.95774647887324,0.0,14.788732394366198
2025-01-10 06:00:00,2025-01-10 07:00:00,UA,112,109,3,0,4.614678899082569,2.6785714285714284,11.009174311926605
2025-02-16 21:00:00,2025-02-16 22:00:00,WN,139,139,0,0,39.381294964028775,0.0,51.07913669064748
2025-01-17 08:00:00,2025-01-17 09:00:00,UA,182,181,1,0,-0.9447513812154696,0.5494505494505495,4.419889502762431
2025-01-02 03:00:00,2025-01-02 04:00:00,DL,1,1,0,0,-3.0,0.0,0.0
2025-02-26 10:00:00,2025-02-26 11:00:00,WN,201,200,0,1,0.13432835820895522,0.0,4.477611940298507
2025-04-05 23:00:00,2025-04-06 00:00:00,AA,30,30,0,0,13.1,0.0,23.333333333333332
2025-02-20 12:00:00,2025-02-20 13:00:00,UA,124,124,0,0,8.21774193548387,0.0,13.709677419354838
2025-04-10 05:00:00,2025-04-10 06:00:00,UA,44,44,0,0,-4.045454545454546,0.0,4.545454545454546
2025-04-18 14:00:00,2025-04-18 15:00:00,DL,152,152,0,0,6.0855263157894735,0.0,15.789473684210526
2025-04-18 00:00:00,2025-04-18 01:00:00,DL,8,8,0,0,-0.75,0.0,12.5
2025-01-27 12:00:00,2025-01-27 13:00:00,UA,135,135,0,0,4.407407407407407,0.0,10.37037037037037
2025-03-08 15:00:00,2025-03-08 16:00:00,AA,114,114,0,0,32.89473684210526,0.0,46.49122807017544
2025-04-06 18:00:00,2025-04-06 19:00:00,DL,164,148,16,0,68.25,9.75609756097561,60.13513513513514
2025-04-03 19:00:00,2025-04-03 20:00:00,WN,220,219,1,0,40.986301369863014,0.45454545454545453,48.401826484018265
2025-01-01 02:00:00,2025-01-01 03:00:00,UA,1,1,0,0,1.0,0.0,0.0
2025-03-23 16:00:00,2025-03-23 17:00:00,WN,235,233,0,2,8.795744680851064,0.0,20.851063829787233
2025-01-14 05:00:00,2025-01-14 06:00:00,DL,65,65,0,0,-0.5230769230769231,0.0,7.6923076923076925
2025-02-19 14:00:00,2025-02-19 15:00:00,WN,220,219,1,0,13.63013698630137,0.45454545454545453,29.680365296803654
2025-01-16 00:00:00,2025-01-16 01:00:00,AA,7,7,0,0,-5.285714285714286,0.0,0.0
2025-01-22 12:00:00,2025-01-22 13:00:00,WN,182,169,13,0,4.035502958579881,7.142857142857143,13.609467455621301
2025-03-11 12:00:00,2025-03-11 13:00:00,DL,166,166,0,0,-0.18072289156626506,0.0,9.036144578313253
2025-03-07 22:00:00,2025-03-07 23:00:00,DL,93,93,0,0,0.989247311827957,0.0,11.827956989247312
2025-02-21 20:00:00,2025-02-21 21:00:00,WN,264,264,0,0,4.090909090909091,0.0,14.772727272727273
2025-01-17 07:00:00,2025-01-17 08:00:00,WN,213,213,0,0,0.4694835680751174,0.0,2.816901408450704
2025-04-04 22:00:00,2025-04-04 23:00:00,DL,101,100,1,0,4.45,0.9900990099009901,13.0
2025-04-28 18:00:00,2025-04-28 19:00:00,WN,274,274,0,0,11.872262773722628,0.0,22.26277372262774
2025-03-28 21:00:00,2025-03-28 22:00:00,DL,101,101,0,0,12.524752475247524,0.0,11.881188118811881
2025-01-06 17:00:00,2025-01-06 18:00:00,UA,134,126,8,0,42.523809523809526,5.970149253731344,45.23809523809524
2025-02-10 19:00:00,2025-02-10 20:00:00,AA,113,113,0,0,6.132743362831858,0.0,18.58407079646018
2025-01-08 06:00:00,2025-01-08 07:00:00,AA,167,165,1,1,2.5421686746987953,0.5988023952095808,6.626506024096385
2025-01-25 19:00:00,2025-01-25 20:00:00,WN,79,78,0,1,10.30379746835443,0.0,30.379746835443036
2025-03-11 07:00:00,2025-03-11 08:00:00,AA,221,221,0,0,0.8778280542986425,0.0,7.6923076923076925
2025-03-19 23:00:00,2025-03-20 00:00:00,DL,34,33,0,1,-1.8235294117647058,0.0,8.823529411764707
2025-04-10 12:00:00,2025-04-10 13:00:00,AA,149,149,0,0,26.885906040268456,0.0,18.120805369127517
2025-04-15 22:00:00,2025-04-15 23:00:00,WN,7,7,0,0,-6.571428571428571,0.0,0.0
2025-01-08 15:00:00,2025-01-08 16:00:00,AA,114,107,7,0,4.233644859813084,6.140350877192983,14.953271028037383
2025-02-22 09:00:00,2025-02-22 10:00:00,WN,191,190,1,0,1.0894736842105264,0.5235602094240838,6.315789473684211
2025-01-17 19:00:00,2025-01-17 20:00:00,AA,111,111,0,0,22.26126126126126,0.0,20.72072072072072
2025-01-02 18:00:00,2025-01-02 19:00:00,WN,246,241,1,4,10.012244897959183,0.4065040650406504,24.081632653061224
2025-03-31 08:00:00,2025-03-31 09:00:00,DL,184,179,3,2,16.939226519337016,1.6304347826086956,19.88950276243094
2025-01-25 10:00:00,2025-01-25 11:00:00,WN,210,210,0,0,1.9142857142857144,0.0,9.523809523809524
2025-01-26 17:00:00,2025-01-26 18:00:00,DL,170,170,0,0,1.4823529411764707,0.0,9.411764705882353
2025-01-02 02:00:00,2025-01-02 03:00:00,UA,1,1,0,0,-6.0,0.0,0.0
2025-02-08 20:00:00,2025-02-08 21:00:00,WN,35,35,0,0,4.714285714285714,0.0,11.428571428571429
2025-01-10 11:00:00,2025-01-10 12:00:00,WN,267,229,38,0,6.152838427947598,14.232209737827715,12.663755458515285
2025-03-09 23:00:00,2025-03-10 00:00:00,AA,39,39,0,0,0.5384615384615384,0.0,7.6923076923076925
2025-03-27 10:00:00,2025-03-27 11:00:00,UA,127,126,0,1,5.133858267716535,0.0,8.661417322834646
2025-03-28 22:00:00,2025-03-28 23:00:00,DL,103,103,0,0,3.436893203883495,0.0,12.62135922330097
2025-01-05 21:00:00,2025-01-05 22:00:00,UA,61,53,8,0,57.679245283018865,13.114754098360656,64.15094339622641
2025-04-13 23:00:00,2025-04-14 00:00:00,UA,36,35,1,0,-2.742857142857143,2.7777777777777777,2.857142857142857
2025-01-09 05:00:00,2025-01-09 06:00:00,DL,65,65,0,0,10.123076923076923,0.0,4.615384615384615
2025-01-24 18:00:00,2025-01-24 19:00:00,UA,141,141,0,0,1.1134751773049645,0.0,9.929078014184396
2025-02-27 15:00:00,2025-02-27 16:00:00,DL,186,186,0,0,6.139784946236559,0.0,15.591397849462366
2025-01-27 23:00:00,2025-01-28 00:00:00,AA,21,21,0,0,-1.0476190476190477,0.0,14.285714285714286
2025-02-15 17:00:00,2025-02-15 18:00:00,UA,128,125,2,1,33.67460317460318,1.5625,34.92063492063492
2025-01-26 07:00:00,2025-01-26 08:00:00,DL,232,232,0,0,-2.3836206896551726,0.0,5.603448275862069
2025-04-18 09:00:00,2025-04-18 10:00:00,UA,142,142,0,0,19.169014084507044,0.0,25.35211267605634
2025-04-30 22:00:00,2025-04-30 23:00:00,DL,108,107,0,1,10.62962962962963,0.0,12.037037037037036
2025-02-02 19:00:00,2025-02-02 20:00:00,UA,106,105,1,0,11.038095238095238,0.9433962264150944,22.857142857142858
2025-02-27 10:00:00,2025-02-27 11:00:00,AA,146,145,1,0,17.29655172413793,0.684931506849315,16.551724137931036
2025-04-21 10:00:00,2025-04-21 11:00:00,UA,132,131,1,0,16.16793893129771,0.7575757575757576,26.717557251908396
2025-02-23 14:00:00,2025-02-23 15:00:00,DL,139,139,0,0,7.115107913669065,0.0,15.107913669064748
2025-04-04 22:00:00,2025-04-04 23:00:00,AA,115,113,2,0,40.51327433628319,1.7391304347826086,45.13274336283186
2025-02-12 09:00:00,2025-02-12 10:00:00,AA,129,128,1,0,11.5078125,0.7751937984496124,17.96875
2025-01-17 06:00:00,2025-01-17 07:00:00,UA,111,111,0,0,-3.6216216216216215,0.0,0.9009009009009009
2025-04-30 11:00:00,2025-04-30 12:00:00,AA,165,134,31,0,28.53731343283582,18.78787878787879,23.134328358208954
2025-04-08 08:00:00,2025-04-08 09:00:00,AA,199,191,0,8,3.271356783919598,0.0,12.56281407035176
2025-04-06 22:00:00,2025-04-06 23:00:00,WN,164,164,0,0,26.225609756097562,0.0,47.5609756097561
2025-01-15 10:00:00,2025-01-15 11:00:00,DL,132,132,0,0,-0.3787878787878788,0.0,8.333333333333334
2025-03-28 19:00:00,2025-03-28 20:00:00,AA,163,163,0,0,13.773006134969325,0.0,23.312883435582823
2025-01-25 21:00:00,2025-01-25 22:00:00,WN,3,3,0,0,8.0,0.0,33.333333333333336
2025-01-10 15:00:00,2025-01-10 16:00:00,WN,231,209,22,0,7.320574162679426,9.523809523809524,21.5311004784689
2025-03-11 08:00:00,2025-03-11 09:00:00,WN,270,269,0,1,-0.6,0.0,3.7037037037037037
2025-03-29 16:00:00,2025-03-29 17:00:00,DL,108,108,0,0,3.388888888888889,0.0,8.333333333333334
2025-04-21 05:00:00,2025-04-21 06:00:00,UA,44,44,0,0,18.25,0.0,15.909090909090908
2025-03-11 14:00:00,2025-03-11 15:00:00,WN,221,221,0,0,4.031674208144796,0.0,13.122171945701357
2025-01-30 16:00:00,2025-01-30 17:00:00,AA,154,151,3,0,22.39072847682119,1.948051948051948,25.165562913907284
2025-03-13 09:00:00,2025-03-13 10:00:00,DL,133,133,0,0,3.1203007518796992,0.0,8.270676691729323
2025-02-25 09:00:00,2025-02-25 10:00:00,UA,133,133,0,0,-1.2105263157894737,0.0,4.511278195488722
2025-01-05 19:00:00,2025-01-05 20:00:00,UA,110,105,5,0,53.42857142857143,4.545454545454546,40.95238095238095
2025-03-02 17:00:00,2025-03-02 18:00:00,DL,178,177,1,0,6.163841807909605,0.5617977528089888,14.124293785310735
2025-03-26 16:00:00,2025-03-26 17:00:00,AA,145,145,0,0,7.186206896551724,0.0,17.93103448275862
2025-02-16 10:00:00,2025-02-16 11:00:00,WN,230,219,9,2,20.239819004524886,3.9130434782608696,24.43438914027149
2025-02-07 14:00:00,2025-02-07 15:00:00,WN,225,225,0,0,6.333333333333333,0.0,17.77777777777778
2025-02-15 00:00:00,2025-02-15 01:00:00,DL,4,4,0,0,1.5,0.0,0.0
2025-01-19 06:00:00,2025-01-19 07:00:00,WN,183,182,1,0,-2.0054945054945055,0.546448087431694,2.7472527472527473
2025-02-18 08:00:00,2025-02-18 09:00:00,UA,186,186,0,0,5.575268817204301,0.0,11.290322580645162
2025-04-11 16:00:00,2025-04-11 17:00:00,AA,151,151,0,0,39.41721854304636,0.0,42.384105960264904
2025-01-02 20:00:00,2025-01-02 21:00:00,DL,77,76,0,1,5.454545454545454,0.0,23.376623376623378
2025-02-15 17:00:00,2025-02-15 18:00:00,AA,136,132,4,0,37.24242424242424,2.9411764705882355,33.333333333333336
2025-03-13 19:00:00,2025-03-13 20:00:00,AA,159,157,1,1,22.803797468354432,0.6289308176100629,29.11392405063291
2025-03-17 18:00:00,2025-03-17 19:00:00,UA,152,152,0,0,11.223684210526315,0.0,23.68421052631579
2025-04-05 19:00:00,2025-04-05 20:00:00,UA,117,117,0,0,14.991452991452991,0.0,26.495726495726494
2025-03-05 20:00:00,2025-03-05 21:00:00,UA,75,74,1,0,16.37837837837838,1.3333333333333333,25.675675675675677
2025-02-21 17:00:00,2025-02-21 18:00:00,WN,242,241,1,0,9.149377593360995,0.4132231404958678,23.236514522821576
2025-01-09 17:00:00,2025-01-09 18:00:00,UA,147,138,9,0,20.81159420289855,6.122448979591836,29.71014492753623
2025-04-07 01:00:00,2025-04-07 02:00:00,UA,2,2,0,0,-8.5,0.0,0.0
2025-01-25 21:00:00,2025-01-25 22:00:00,UA,23,22,0,1,5.782608695652174,0.0,13.043478260869565
2025-01-01 17:00:00,2025-01-01 18:00:00,AA,139,139,0,0,7.179856115107913,0.0,19.424460431654676
2025-02-15 16:00:00,2025-02-15 17:00:00,DL,107,106,0,1,38.850467289719624,0.0,51.401869158878505
2025-02-23 08:00:00,2025-02-23 09:00:00,AA,196,196,0,0,0.11734693877551021,0.0,6.63265306122449
2025-02-24 10:00:00,2025-02-24 11:00:00,WN,233,233,0,0,1.854077253218884,0.0,7.296137339055794
2025-01-01 12:00:00,2025-01-01 13:00:00,AA,133,132,0,1,8.428571428571429,0.0,18.045112781954888
2025-02-10 06:00:00,2025-02-10 07:00:00,UA,116,116,0,0,1.0603448275862069,0.0,6.0344827586206895
2025-04-06 21:00:00,2025-04-06 22:00:00,WN,193,193,0,0,31.699481865284973,0.0,51.295336787564764
2025-04-20 10:00:00,2025-04-20 11:00:00,UA,129,128,0,1,18.155038759689923,0.0,20.155038759689923
2025-01-13 12:00:00,2025-01-13 13:00:00,AA,136,136,0,0,10.044117647058824,0.0,16.176470588235293
2025-01-07 08:00:00,2025-01-07 09:00:00,DL,160,159,0,1,5.1125,0.0,13.125
2025-02-13 19:00:00,2025-02-13 20:00:00,AA,161,160,1,0,56.28125,0.6211180124223602,53.125
2025-01-15 12:00:00,2025-01-15 13:00:00,UA,130,130,0,0,-0.2692307692307692,0.0,6.923076923076923
2025-03-07 12:00:00,2025-03-07 13:00:00,DL,180,178,0,2,3.6444444444444444,0.0,16.666666666666668
2025-04-15 07:00:00,2025-04-15 08:00:00,UA,190,190,0,0,-3.1210526315789475,0.0,4.2105263157894735
2025-01-31 10:00:00,2025-01-31 11:00:00,WN,201,200,1,0,4.9,0.4975124378109453,14.0
2025-02-04 08:00:00,2025-02-04 09:00:00,DL,174,174,0,0,0.4885057471264368,0.0,10.344827586206897
2025-04-06 18:00:00,2025-04-06 19:00:00,AA,173,173,0,0,26.08670520231214,0.0,41.040462427745666
2025-01-02 12:00:00,2025-01-02 13:00:00,DL,161,160,1,0,8.9125,0.6211180124223602,19.375
2025-03-20 06:00:00,2025-03-20 07:00:00,DL,189,189,0,0,5.645502645502646,0.0,5.8201058201058204
2025-02-22 12:00:00,2025-02-22 13:00:00,DL,154,154,0,0,5.435064935064935,0.0,11.03896103896104
2025-01-30 20:00:00,2025-01-30 21:00:00,WN,167,165,2,0,4.13939393939394,1.1976047904191616,16.96969696969697
2025-02-16 16:00:00,2025-02-16 17:00:00,AA,153,143,8,2,56.12413793103448,5.228758169934641,48.96551724137931
2025-01-18 18:00:00,2025-01-18 19:00:00,DL,98,98,0,0,4.6938775510204085,0.0,12.244897959183673
2025-02-08 06:00:00,2025-02-08 07:00:00,UA,110,110,0,0,-5.445454545454545,0.0,0.9090909090909091
2025-04-28 07:00:00,2025-04-28 08:00:00,UA,199,194,1,4,-1.4090909090909092,0.5025125628140703,4.545454545454546
2025-04-02 06:00:00,2025-04-02 07:00:00,DL,186,184,2,0,2.7065217391304346,1.075268817204301,6.521739130434782
2025-03-01 21:00:00,2025-03-01 22:00:00,AA,78,78,0,0,21.705128205128204,0.0,25.641025641025642
2025-01-24 21:00:00,2025-01-24 22:00:00,WN,15,15,0,0,-4.133333333333334,0.0,0.0
2025-01-01 10:00:00,2025-01-01 11:00:00,WN,222,222,0,0,2.8063063063063063,0.0,11.711711711711711
2025-01-20 19:00:00,2025-01-20 20:00:00,UA,106,102,4,0,20.029411764705884,3.7735849056603774,40.19607843137255
2025-01-27 01:00:00,2025-01-27 02:00:00,DL,2,2,0,0,-6.5,0.0,0.0
2025-02-05 05:00:00,2025-02-05 06:00:00,AA,80,80,0,0,5.0125,0.0,1.25
2025-03-24 08:00:00,2025-03-24 09:00:00,AA,199,199,0,0,23.64321608040201,0.0,9.045226130653266
2025-01-29 13:00:00,2025-01-29 14:00:00,WN,242,242,0,0,-0.5413223140495868,0.0,4.958677685950414
2025-01-03 14:00:00,2025-01-03 15:00:00,AA,133,133,0,0,34.61654135338346,0.0,29.32330827067669
2025-03-25 19:00:00,2025-03-25 20:00:00,UA,115,115,0,0,-0.30434782608695654,0.0,8.695652173913043
2025-04-12 23:00:00,2025-04-13 00:00:00,DL,27,27,0,0,-1.5185185185185186,0.0,3.7037037037037037
2025-03-02 12:00:00,2025-03-02 13:00:00,DL,182,182,0,0,7.423076923076923,0.0,13.186813186813186
2025-04-15 09:00:00,2025-04-15 10:00:00,WN,195,195,0,0,0.5692307692307692,0.0,7.17948717948718
2025-04-19 10:00:00,2025-04-19 11:00:00,DL,129,128,1,0,5.4921875,0.7751937984496124,16.40625
2025-01-13 13:00:00,2025-01-13 14:00:00,DL,137,137,0,0,5.897810218978102,0.0,14.598540145985401
2025-02-24 10:00:00,2025-02-24 11:00:00,UA,128,127,0,1,0.609375,0.0,7.8125
2025-04-08 19:00:00,2025-04-08 20:00:00,UA,126,126,0,0,6.444444444444445,0.0,16.666666666666668
2025-04-25 10:00:00,2025-04-25 11:00:00,AA,160,160,0,0,6.25,0.0,19.375
2025-01-04 18:00:00,2025-01-04 19:00:00,AA,146,145,0,1,23.13013698630137,0.0,30.136986301369863
2025-01-05 15:00:00,2025-01-05 16:00:00,DL,162,157,3,2,24.70440251572327,1.8518518518518519,40.880503144654085
2025-02-20 07:00:00,2025-02-20 08:00:00,AA,209,198,11,0,9.974747474747474,5.2631578947368425,15.656565656565656
2025-03-25 07:00:00,2025-03-25 08:00:00,UA,192,191,1,0,-1.0837696335078535,0.5208333333333334,5.7591623036649215
2025-03-14 09:00:00,2025-03-14 10:00:00,AA,133,124,8,1,3.168,6.015037593984962,14.4
2025-03-29 13:00:00,2025-03-29 14:00:00,AA,134,134,0,0,14.156716417910447,0.0,20.895522388059703
2025-01-03 12:00:00,2025-01-03 13:00:00,UA,112,112,0,0,20.401785714285715,0.0,23.214285714285715
2025-04-15 23:00:00,2025-04-16 00:00:00,DL,29,29,0,0,-5.448275862068965,0.0,3.4482758620689653
2025-01-08 13:00:00,2025-01-08 14:00:00,WN,242,238,3,1,5.640167364016737,1.2396694214876034,15.481171548117155
2025-02-18 13:00:00,2025-02-18 14:00:00,UA,139,139,0,0,6.9352517985611515,0.0,16.546762589928058
2025-04-30 11:00:00,2025-04-30 12:00:00,WN,225,212,12,1,23.845070422535212,5.333333333333333,22.065727699530516
2025-03-17 09:00:00,2025-03-17 10:00:00,UA,133,133,0,0,6.180451127819549,0.0,13.533834586466165
2025-01-20 22:00:00,2025-01-20 23:00:00,DL,92,88,4,0,19.443181818181817,4.3478260869565215,20.454545454545453
2025-02-02 23:00:00,2025-02-03 00:00:00,UA,34,34,0,0,3.0,0.0,17.647058823529413
2025-04-02 00:00:00,2025-04-02 01:00:00,UA,7,7,0,0,-4.714285714285714,0.0,0.0
2025-01-17 17:00:00,2025-01-17 18:00:00,UA,147,147,0,0,2.8435374149659864,0.0,11.564625850340136
2025-04-28 14:00:00,2025-04-28 15:00:00,AA,152,152,0,0,18.842105263157894,0.0,16.44736842105263
2025-01-29 09:00:00,2025-01-29 10:00:00,DL,119,119,0,0,3.1176470588235294,0.0,8.403361344537815
2025-04-18 01:00:00,2025-04-18 02:00:00,UA,2,2,0,0,2.0,0.0,0.0
2025-01-02 14:00:00,2025-01-02 15:00:00,UA,121,120,0,1,8.413223140495868,0.0,14.049586776859504
2025-02-28 20:00:00,2025-02-28 21:00:00,DL,101,101,0,0,3.3267326732673266,0.0,14.851485148514852
2025-04-03 14:00:00,2025-04-03 15:00:00,UA,136,135,0,1,22.102941176470587,0.0,34.55882352941177
2025-02-13 07:00:00,2025-02-13 08:00:00,AA,204,202,0,2,3.3529411764705883,0.0,6.862745098039215
2025-03-20 18:00:00,2025-03-20 19:00:00,DL,172,172,0,0,21.656976744186046,0.0,27.325581395348838
2025-03-17 07:00:00,2025-03-17 08:00:00,WN,239,231,8,0,20.372294372294373,3.3472803347280333,22.943722943722943
2025-03-22 08:00:00,2025-03-22 09:00:00,DL,162,162,0,0,0.30864197530864196,0.0,9.876543209876543
2025-04-09 23:00:00,2025-04-10 00:00:00,UA,37,37,0,0,-3.7567567567567566,0.0,2.7027027027027026
2025-04-07 15:00:00,2025-04-07 16:00:00,AA,143,143,0,0,23.86013986013986,0.0,40.55944055944056
2025-02-03 10:00:00,2025-02-03 11:00:00,WN,201,199,2,0,6.869346733668341,0.9950248756218906,14.57286432160804
2025-03-26 13:00:00,2025-03-26 14:00:00,UA,138,138,0,0,3.3840579710144927,0.0,11.594202898550725
2025-01-04 15:00:00,2025-01-04 16:00:00,WN,223,221,2,0,30.29864253393665,0.8968609865470852,51.58371040723982
2025-03-16 05:00:00,2025-03-16 06:00:00,WN,193,193,0,0,-0.07772020725388601,0.0,7.772020725388601
2025-03-04 09:00:00,2025-03-04 10:00:00,WN,234,222,10,2,9.799107142857142,4.273504273504273,9.821428571428571
2025-03-15 23:00:00,2025-03-16 00:00:00,UA,41,41,0,0,7.536585365853658,0.0,14.634146341463415
2025-04-05 05:00:00,2025-04-05 06:00:00,AA,106,91,15,0,40.989010989010985,14.150943396226415,40.65934065934066
2025-04-20 08:00:00,2025-04-20 09:00:00,UA,162,162,0,0,4.382716049382716,0.0,9.876543209876543
2025-04-25 08:00:00,2025-04-25 09:00:00,DL,197,197,0,0,2.4923857868020303,0.0,8.121827411167512
2025-01-15 11:00:00,2025-01-15 12:00:00,UA,116,116,0,0,1.9224137931034482,0.0,7.758620689655173
2025-04-23 23:00:00,2025-04-24 00:00:00,UA,36,36,0,0,-1.0277777777777777,0.0,11.11111111111111
2025-04-08 19:00:00,2025-04-08 20:00:00,WN,246,246,0,0,2.967479674796748,0.0,13.414634146341463
2025-01-20 16:00:00,2025-01-20 17:00:00,WN,224,222,1,1,27.83408071748879,0.44642857142857145,47.98206278026906
2025-03-23 09:00:00,2025-03-23 10:00:00,UA,131,130,0,1,2.7786259541984735,0.0,9.923664122137405
2025-03-06 07:00:00,2025-03-06 08:00:00,AA,207,206,1,0,2.5097087378640777,0.4830917874396135,6.796116504854369
2025-01-18 14:00:00,2025-01-18 15:00:00,WN,233,233,0,0,4.802575107296137,0.0,13.733905579399142
2025-02-10 07:00:00,2025-02-10 08:00:00,AA,210,208,1,1,15.421052631578947,0.47619047619047616,12.440191387559809
2025-01-06 14:00:00,2025-01-06 15:00:00,WN,238,217,21,0,37.986175115207374,8.823529411764707,45.16129032258065
2025-03-23 09:00:00,2025-03-23 10:00:00,AA,135,135,0,0,7.2518518518518515,0.0,10.37037037037037
2025-04-18 23:00:00,2025-04-19 00:00:00,AA,33,30,0,3,10.212121212121213,0.0,24.242424242424242
2025-02-16 13:00:00,2025-02-16 14:00:00,AA,143,130,7,6,32.60294117647059,4.895104895104895,40.44117647058823
2025-03-18 08:00:00,2025-03-18 09:00:00,UA,170,169,0,1,0.2529411764705882,0.0,4.705882352941177
2025-02-22 12:00:00,2025-02-22 13:00:00,UA,105,105,0,0,2.323809523809524,0.0,8.571428571428571
2025-03-09 16:00:00,2025-03-09 17:00:00,AA,148,148,0,0,12.22972972972973,0.0,26.35135135135135
2025-01-04 11:00:00,2025-01-04 12:00:00,DL,193,193,0,0,14.512953367875648,0.0,26.94300518134715
2025-03-07 06:00:00,2025-03-07 07:00:00,WN,307,305,2,0,1.1836065573770491,0.6514657980456026,6.229508196721311
2025-04-09 14:00:00,2025-04-09 15:00:00,DL,138,138,0,0,1.2463768115942029,0.0,10.144927536231885
2025-02-07 17:00:00,2025-02-07 18:00:00,AA,156,156,0,0,3.0961538461538463,0.0,12.179487179487179
2025-04-16 13:00:00,2025-04-16 14:00:00,AA,146,146,0,0,13.986301369863014,0.0,15.753424657534246
2025-02-25 15:00:00,2025-02-25 16:00:00,DL,177,177,0,0,1.2598870056497176,0.0,9.03954802259887
2025-04-01 06:00:00,2025-04-01 07:00:00,UA,127,122,5,0,5.60655737704918,3.937007874015748,9.01639344262295
2025-04-15 07:00:00,2025-04-15 08:00:00,WN,231,230,0,1,-2.5108225108225106,0.0,4.329004329004329
2025-03-19 10:00:00,2025-03-19 11:00:00,DL,158,158,0,0,0.5443037974683544,0.0,6.962025316455696
2025-04-14 22:00:00,2025-04-14 23:00:00,DL,114,114,0,0,6.271929824561403,0.0,13.157894736842104
2025-03-14 08:00:00,2025-03-14 09:00:00,AA,199,182,16,1,7.256830601092896,8.040201005025125,10.92896174863388
2025-01-11 20:00:00,2025-01-11 21:00:00,AA,80,77,3,0,7.987012987012987,3.75,19.48051948051948
2025-02-24 11:00:00,2025-02-24 12:00:00,DL,189,188,1,0,4.085106382978723,0.5291005291005291,12.76595744680851
2025-03-07 09:00:00,2025-03-07 10:00:00,UA,131,131,0,0,3.3969465648854964,0.0,11.450381679389313
2025-04-02 09:00:00,2025-04-02 10:00:00,AA,131,128,2,1,21.217054263565892,1.5267175572519085,26.356589147286822
2025-03-27 05:00:00,2025-03-27 06:00:00,WN,195,194,0,1,-0.08717948717948718,0.0,3.58974358974359
2025-02-04 18:00:00,2025-02-04 19:00:00,DL,139,139,0,0,-2.676258992805755,0.0,7.194244604316546
2025-04-10 08:00:00,2025-04-10 09:00:00,WN,241,240,1,0,7.004166666666666,0.4149377593360996,11.25
2025-02-03 14:00:00,2025-02-03 15:00:00,WN,220,216,4,0,2.4953703703703702,1.8181818181818181,8.333333333333334
2025-01-26 13:00:00,2025-01-26 14:00:00,DL,149,149,0,0,5.758389261744966,0.0,12.751677852348994
2025-03-13 22:00:00,2025-03-13 23:00:00,DL,102,102,0,0,5.921568627450981,0.0,15.686274509803921
2025-02-07 19:00:00,2025-02-07 20:00:00,UA,103,102,0,1,0.7864077669902912,0.0,7.766990291262136
2025-03-18 18:00:00,2025-03-18 19:00:00,UA,134,134,0,0,4.865671641791045,0.0,10.447761194029852
2025-01-04 15:00:00,2025-01-04 16:00:00,DL,162,161,1,0,29.77639751552795,0.6172839506172839,34.78260869565217
2025-03-27 08:00:00,2025-03-27 09:00:00,AA,200,200,0,0,7.97,0.0,14.0
2025-04-08 13:00:00,2025-04-08 14:00:00,AA,145,140,3,2,19.514084507042252,2.0689655172413794,20.422535211267604
2025-03-26 15:00:00,2025-03-26 16:00:00,WN,216,215,1,0,6.4,0.46296296296296297,13.953488372093023
2025-01-04 14:00:00,2025-01-04 15:00:00,AA,124,121,2,1,45.0655737704918,1.6129032258064515,36.0655737704918
2025-03-01 22:00:00,2025-03-01 23:00:00,WN,5,5,0,0,-2.0,0.0,0.0
2025-01-12 16:00:00,2025-01-12 17:00:00,AA,157,157,0,0,12.687898089171975,0.0,19.10828025477707
2025-03-13 15:00:00,2025-03-13 16:00:00,WN,215,213,2,0,16.56338028169014,0.9302325581395349,30.985915492957748
2025-04-11 17:00:00,2025-04-11 18:00:00,AA,162,162,0,0,21.993827160493826,0.0,42.592592592592595
2025-03-22 18:00:00,2025-03-22 19:00:00,DL,138,138,0,0,7.63768115942029,0.0,19.565217391304348
2025-01-19 18:00:00,2025-01-19 19:00:00,UA,122,102,20,0,7.862745098039215,16.39344262295082,13.72549019607843
2025-01-08 20:00:00,2025-01-08 21:00:00,UA,81,80,1,0,4.575,1.2345679012345678,11.25
2025-02-02 05:00:00,2025-02-02 06:00:00,DL,68,68,0,0,4.5588235294117645,0.0,11.764705882352942
2025-01-01 20:00:00,2025-01-01 21:00:00,UA,116,115,1,0,7.130434782608695,0.8620689655172413,16.52173913043478
2025-04-20 05:00:00,2025-04-20 06:00:00,AA,96,95,0,1,4.59375,0.0,16.666666666666668
2025-04-11 16:00:00,2025-04-11 17:00:00,UA,143,143,0,0,6.958041958041958,0.0,14.685314685314685
2025-03-22 15:00:00,2025-03-22 16:00:00,WN,222,220,2,0,6.909090909090909,0.9009009009009009,16.818181818181817
2025-03-26 14:00:00,2025-03-26 15:00:00,AA,143,143,0,0,9.174825174825175,0.0,18.181818181818183
2025-02-20 22:00:00,2025-02-20 23:00:00,AA,99,98,1,0,37.3469387755102,1.0101010101010102,41.83673469387755
2025-01-31 12:00:00,2025-01-31 13:00:00,WN,182,181,1,0,6.033149171270718,0.5494505494505495,12.707182320441989
2025-02-18 08:00:00,2025-02-18 09:00:00,AA,199,197,2,0,5.934010152284264,1.0050251256281406,8.629441624365482
2025-01-14 06:00:00,2025-01-14 07:00:00,WN,224,224,0,0,-3.3080357142857144,0.0,1.7857142857142858
2025-01-22 19:00:00,2025-01-22 20:00:00,UA,100,96,4,0,6.46875,4.0,14.583333333333334
2025-01-24 05:00:00,2025-01-24 06:00:00,DL,68,67,1,0,3.014925373134328,1.4705882352941178,7.462686567164179
2025-04-12 09:00:00,2025-04-12 10:00:00,UA,129,128,1,0,1.5546875,0.7751937984496124,10.15625
2025-04-25 20:00:00,2025-04-25 21:00:00,DL,123,122,0,1,12.357723577235772,0.0,24.390243902439025
2025-01-08 05:00:00,2025-01-08 06:00:00,UA,25,24,1,0,1.5833333333333333,4.0,4.166666666666667
2025-02-25 19:00:00,2025-02-25 20:00:00,AA,118,118,0,0,9.516949152542374,0.0,15.254237288135593
2025-01-24 13:00:00,2025-01-24 14:00:00,DL,147,147,0,0,10.319727891156463,0.0,22.448979591836736
2025-01-09 09:00:00,2025-01-09 10:00:00,DL,125,121,4,0,5.132231404958677,3.2,16.52892561983471
2025-03-18 10:00:00,2025-03-18 11:00:00,UA,129,129,0,0,9.713178294573643,0.0,11.627906976744185
2025-04-10 23:00:00,2025-04-11 00:00:00,DL,42,40,2,0,41.375,4.761904761904762,22.5
2025-01-02 10:00:00,2025-01-02 11:00:00,DL,142,142,0,0,6.78169014084507,0.0,16.197183098591548
2025-04-19 08:00:00,2025-04-19 09:00:00,WN,215,215,0,0,1.544186046511628,0.0,7.441860465116279
2025-02-18 12:00:00,2025-02-18 13:00:00,AA,127,127,0,0,23.79527559055118,0.0,16.53543307086614
2025-01-03 20:00:00,2025-01-03 21:00:00,WN,289,284,2,3,30.72822299651568,0.6920415224913494,52.26480836236934
2025-04-07 17:00:00,2025-04-07 18:00:00,WN,245,242,1,2,11.37704918032787,0.40816326530612246,24.18032786885246
2025-01-21 08:00:00,2025-01-21 09:00:00,UA,179,155,24,0,4.6,13.40782122905028,11.612903225806452
2025-03-28 16:00:00,2025-03-28 17:00:00,UA,145,144,1,0,6.590277777777778,0.6896551724137931,18.75
2025-04-06 11:00:00,2025-04-06 12:00:00,AA,166,166,0,0,17.56024096385542,0.0,19.27710843373494
2025-02-05 08:00:00,2025-02-05 09:00:00,DL,175,175,0,0,-0.011428571428571429,0.0,6.285714285714286
2025-03-16 18:00:00,2025-03-16 19:00:00,AA,168,153,12,3,65.3974358974359,7.142857142857143,61.53846153846154
2025-01-29 09:00:00,2025-01-29 10:00:00,UA,141,141,0,0,0.5673758865248227,0.0,7.092198581560283
2025-04-17 08:00:00,2025-04-17 09:00:00,WN,241,241,0,0,0.46473029045643155,0.0,6.224066390041494
2025-04-14 12:00:00,2025-04-14 13:00:00,DL,180,178,2,0,7.865168539325842,1.1111111111111112,16.853932584269664
2025-02-15 05:00:00,2025-02-15 06:00:00,WN,131,131,0,0,4.412213740458015,0.0,9.923664122137405
2025-03-05 05:00:00,2025-03-05 06:00:00,AA,83,69,14,0,53.3768115942029,16.867469879518072,18.840579710144926
2025-03-13 14:00:00,2025-03-13 15:00:00,AA,144,144,0,0,15.8125,0.0,15.277777777777779
2025-02-28 19:00:00,2025-02-28 20:00:00,AA,162,162,0,0,11.895061728395062,0.0,22.22222222222222
2025-03-10 07:00:00,2025-03-10 08:00:00,UA,204,204,0,0,-2.3676470588235294,0.0,3.4313725490196076
2025-04-04 17:00:00,2025-04-04 18:00:00,UA,137,137,0,0,19.226277372262775,0.0,31.386861313868614
2025-03-13 11:00:00,2025-03-13 12:00:00,WN,238,232,6,0,9.245689655172415,2.5210084033613445,16.379310344827587
2025-01-14 22:00:00,2025-01-14 23:00:00,UA,21,20,1,0,-4.9,4.761904761904762,0.0
2025-02-04 01:00:00,2025-02-04 02:00:00,UA,1,1,0,0,-6.0,0.0,0.0
2025-01-03 09:00:00,2025-01-03 10:00:00,UA,122,122,0,0,22.581967213114755,0.0,27.868852459016395
2025-02-16 12:00:00,2025-02-16 13:00:00,AA,139,124,10,5,35.01550387596899,7.194244604316546,37.98449612403101
2025-02-01 23:00:00,2025-02-02 00:00:00,UA,26,26,0,0,0.4230769230769231,0.0,19.23076923076923
2025-01-14 21:00:00,2025-01-14 22:00:00,WN,15,15,0,0,-4.0,0.0,6.666666666666667
2025-03-26 21:00:00,2025-03-26 22:00:00,AA,87,87,0,0,8.885057471264368,0.0,20.689655172413794
2025-04-03 13:00:00,2025-04-03 14:00:00,WN,246,240,4,2,15.900826446280991,1.6260162601626016,35.12396694214876
2025-01-26 08:00:00,2025-01-26 09:00:00,UA,177,177,0,0,1.2937853107344632,0.0,7.344632768361582
2025-01-15 22:00:00,2025-01-15 23:00:00,AA,57,57,0,0,-4.526315789473684,0.0,3.508771929824561
2025-03-30 18:00:00,2025-03-30 19:00:00,WN,228,219,9,0,56.43835616438356,3.9473684210526314,61.64383561643836
2025-01-24 14:00:00,2025-01-24 15:00:00,AA,150,150,0,0,10.233333333333333,0.0,23.333333333333332
2025-02-08 06:00:00,2025-02-08 07:00:00,DL,172,172,0,0,-2.372093023255814,0.0,3.488372093023256
2025-04-10 20:00:00,2025-04-10 21:00:00,WN,200,200,0,0,17.935,0.0,35.0
2025-01-17 18:00:00,2025-01-17 19:00:00,DL,149,149,0,0,7.523489932885906,0.0,14.765100671140939
2025-04-23 15:00:00,2025-04-23 16:00:00,DL,184,184,0,0,7.603260869565218,0.0,11.41304347826087
2025-02-17 19:00:00,2025-02-17 20:00:00,WN,240,240,0,0,38.00416666666667,0.0,55.0
2025-02-01 10:00:00,2025-02-01 11:00:00,WN,212,212,0,0,-1.419811320754717,0.0,4.245283018867925
2025-03-13 23:00:00,2025-03-14 00:00:00,AA,29,29,0,0,8.379310344827585,0.0,34.48275862068966
2025-04-25 23:00:00,2025-04-26 00:00:00,UA,34,34,0,0,12.058823529411764,0.0,32.35294117647059
2025-03-14 18:00:00,2025-03-14 19:00:00,UA,153,153,0,0,15.732026143790849,0.0,24.18300653594771
2025-02-12 11:00:00,2025-02-12 12:00:00,AA,146,146,0,0,18.17808219178082,0.0,27.397260273972602
2025-04-29 17:00:00,2025-04-29 18:00:00,UA,127,127,0,0,8.094488188976378,0.0,14.960629921259843
2025-01-11 21:00:00,2025-01-11 22:00:00,UA,23,23,0,0,3.739130434782609,0.0,17.391304347826086
2025-01-29 07:00:00,2025-01-29 08:00:00,UA,153,152,0,1,-0.9477124183006536,0.0,5.882352941176471
2025-01-28 23:00:00,2025-01-29 00:00:00,DL,19,19,0,0,-7.0,0.0,0.0
2025-01-12 16:00:00,2025-01-12 17:00:00,WN,224,224,0,0,10.553571428571429,0.0,25.0
2025-01-23 19:00:00,2025-01-23 20:00:00,UA,103,103,0,0,4.990291262135922,0.0,12.62135922330097
2025-03-20 05:00:00,2025-03-20 06:00:00,DL,69,69,0,0,0.9130434782608695,0.0,7.246376811594203
2025-01-22 14:00:00,2025-01-22 15:00:00,UA,115,105,10,0,14.295238095238096,8.695652173913043,23.80952380952381
2025-04-01 22:00:00,2025-04-01 23:00:00,WN,10,10,0,0,-1.3,0.0,10.0
2025-03-26 06:00:00,2025-03-26 07:00:00,UA,131,131,0,0,-5.885496183206107,0.0,3.053435114503817
2025-01-05 17:00:00,2025-01-05 18:00:00,DL,147,138,7,2,25.757142857142856,4.761904761904762,37.857142857142854
2025-04-04 23:00:00,2025-04-05 00:00:00,AA,33,26,0,7,18.848484848484848,0.0,39.39393939393939
2025-02-26 20:00:00,2025-02-26 21:00:00,AA,112,111,0,1,3.8482142857142856,0.0,13.392857142857142
2025-01-27 16:00:00,2025-01-27 17:00:00,WN,209,209,0,0,0.631578947368421,0.0,8.61244019138756
2025-04-29 17:00:00,2025-04-29 18:00:00,AA,155,155,0,0,7.935483870967742,0.0,14.193548387096774
2025-03-04 12:00:00,2025-03-04 13:00:00,AA,127,108,9,10,86.55084745762711,7.086614173228346,36.440677966101696
2025-01-07 12:00:00,2025-01-07 13:00:00,AA,131,130,1,0,7.346153846153846,0.7633587786259542,13.846153846153847
2025-04-26 15:00:00,2025-04-26 16:00:00,WN,201,201,0,0,7.855721393034826,0.0,17.91044776119403
2025-04-11 09:00:00,2025-04-11 10:00:00,DL,133,127,6,0,10.94488188976378,4.511278195488722,23.62204724409449
2025-03-02 23:00:00,2025-03-03 00:00:00,AA,31,31,0,0,0.7741935483870968,0.0,12.903225806451612
2025-02-27 16:00:00,2025-02-27 17:00:00,DL,140,140,0,0,16.15714285714286,0.0,20.0
2025-04-20 05:00:00,2025-04-20 06:00:00,WN,116,116,0,0,-3.3793103448275863,0.0,1.7241379310344827
2025-02-19 22:00:00,2025-02-19 23:00:00,WN,2,2,0,0,-2.5,0.0,0.0
2025-03-25 14:00:00,2025-03-25 15:00:00,DL,144,144,0,0,1.4097222222222223,0.0,9.722222222222221
2025-01-02 22:00:00,2025-01-02 23:00:00,UA,50,50,0,0,25.5,0.0,24.0
2025-01-11 15:00:00,2025-01-11 16:00:00,WN,181,181,0,0,5.607734806629834,0.0,19.88950276243094
2025-01-17 21:00:00,2025-01-17 22:00:00,UA,30,30,0,0,-2.566666666666667,0.0,3.3333333333333335
2025-01-09 13:00:00,2025-01-09 14:00:00,AA,139,105,34,0,17.885714285714286,24.46043165467626,16.19047619047619
2025-01-23 05:00:00,2025-01-23 06:00:00,WN,29,29,0,0,3.7241379310344827,0.0,6.896551724137931
2025-01-14 10:00:00,2025-01-14 11:00:00,WN,201,200,1,0,-0.715,0.4975124378109453,6.5
2025-01-05 06:00:00,2025-01-05 07:00:00,WN,297,269,28,0,2.386617100371747,9.427609427609427,8.550185873605948
2025-03-04 20:00:00,2025-03-04 21:00:00,AA,109,88,21,0,28.84090909090909,19.26605504587156,29.545454545454547
2025-03-10 18:00:00,2025-03-10 19:00:00,UA,152,152,0,0,3.289473684210526,0.0,9.868421052631579
2025-02-10 07:00:00,2025-02-10 08:00:00,DL,225,225,0,0,-0.7288888888888889,0.0,4.888888888888889
2025-04-12 19:00:00,2025-04-12 20:00:00,UA,116,116,0,0,3.3793103448275863,0.0,10.344827586206897
2025-02-06 18:00:00,2025-02-06 19:00:00,AA,171,171,0,0,15.555555555555555,0.0,18.128654970760234
2025-03-26 12:00:00,2025-03-26 13:00:00,WN,234,231,3,0,1.5757575757575757,1.2820512820512822,6.0606060606060606
2025-03-31 06:00:00,2025-03-31 07:00:00,UA,137,136,1,0,3.8455882352941178,0.7299270072992701,11.029411764705882
2025-03-12 14:00:00,2025-03-12 15:00:00,UA,126,126,0,0,13.793650793650794,0.0,22.22222222222222
2025-01-18 09:00:00,2025-01-18 10:00:00,UA,132,131,0,1,9.553030303030303,0.0,13.636363636363637
2025-02-15 18:00:00,2025-02-15 19:00:00,WN,227,225,0,2,37.3568281938326,0.0,45.81497797356828
2025-03-06 09:00:00,2025-03-06 10:00:00,WN,254,253,0,1,3.7125984251968505,0.0,11.417322834645669
2025-03-24 18:00:00,2025-03-24 19:00:00,AA,168,168,0,0,13.827380952380953,0.0,23.214285714285715
2025-04-02 17:00:00,2025-04-02 18:00:00,AA,150,137,12,1,75.19565217391305,8.0,50.72463768115942
2025-02-27 20:00:00,2025-02-27 21:00:00,DL,101,100,0,1,14.138613861386139,0.0,16.831683168316832
2025-01-19 12:00:00,2025-01-19 13:00:00,DL,150,148,0,2,4.8,0.0,15.333333333333334
2025-02-23 10:00:00,2025-02-23 11:00:00,WN,230,230,0,0,3.2304347826086954,0.0,6.956521739130435
2025-04-09 21:00:00,2025-04-09 22:00:00,WN,95,95,0,0,-1.431578947368421,0.0,4.2105263157894735
2025-02-13 10:00:00,2025-02-13 11:00:00,AA,146,145,0,1,10.034246575342467,0.0,18.493150684931507
2025-03-06 06:00:00,2025-03-06 07:00:00,UA,141,141,0,0,-1.4893617021276595,0.0,2.8368794326241136
2025-02-07 14:00:00,2025-02-07 15:00:00,UA,118,118,0,0,0.6610169491525424,0.0,9.322033898305085
2025-02-16 09:00:00,2025-02-16 10:00:00,WN,219,211,8,0,12.516587677725118,3.65296803652968,22.274881516587676
2025-03-25 22:00:00,2025-03-25 23:00:00,UA,31,31,0,0,-3.7096774193548385,0.0,3.225806451612903
2025-04-17 13:00:00,2025-04-17 14:00:00,WN,247,247,0,0,9.805668016194332,0.0,20.242914979757085
2025-04-28 10:00:00,2025-04-28 11:00:00,UA,131,126,2,3,1.2093023255813953,1.5267175572519085,8.527131782945736
2025-04-26 22:00:00,2025-04-26 23:00:00,DL,80,80,0,0,1.0125,0.0,12.5
2025-04-02 22:00:00,2025-04-02 23:00:00,UA,33,32,1,0,13.4375,3.0303030303030303,25.0
2025-02-23 01:00:00,2025-02-23 02:00:00,UA,1,1,0,0,-14.0,0.0,0.0
2025-01-02 11:00:00,2025-01-02 12:00:00,UA,119,117,2,0,5.717948717948718,1.680672268907563,11.965811965811966
2025-01-27 17:00:00,2025-01-27 18:00:00,WN,198,198,0,0,0.3484848484848485,0.0,7.070707070707071
2025-04-24 15:00:00,2025-04-24 16:00:00,DL,197,196,0,1,15.548223350253807,0.0,15.228426395939087
2025-01-03 11:00:00,2025-01-03 12:00:00,UA,119,119,0,0,23.51260504201681,0.0,34.45378151260504
2025-01-31 11:00:00,2025-01-31 12:00:00,UA,119,119,0,0,3.3529411764705883,0.0,11.764705882352942
2025-03-03 14:00:00,2025-03-03 15:00:00,WN,226,223,3,0,20.681614349775785,1.3274336283185841,23.766816143497756
2025-03-07 11:00:00,2025-03-07 12:00:00,DL,190,188,0,2,4.457894736842105,0.0,11.578947368421053
2025-03-23 13:00:00,2025-03-23 14:00:00,UA,139,139,0,0,10.503597122302159,0.0,17.26618705035971
2025-04-25 19:00:00,2025-04-25 20:00:00,UA,144,144,0,0,32.52777777777778,0.0,42.361111111111114
2025-02-15 07:00:00,2025-02-15 08:00:00,DL,204,204,0,0,5.897058823529412,0.0,12.745098039215685
2025-04-08 07:00:00,2025-04-08 08:00:00,AA,213,213,0,0,-0.6666666666666666,0.0,7.981220657276995
2025-01-12 13:00:00,2025-01-12 14:00:00,WN,245,245,0,0,7.126530612244898,0.0,18.775510204081634
2025-03-19 16:00:00,2025-03-19 17:00:00,UA,136,135,1,0,29.40740740740741,0.7352941176470589,31.85185185185185
2025-03-17 17:00:00,2025-03-17 18:00:00,WN,243,242,0,1,26.477366255144034,0.0,46.91358024691358
2025-04-06 11:00:00,2025-04-06 12:00:00,UA,127,127,0,0,16.015748031496063,0.0,19.68503937007874
2025-01-02 07:00:00,2025-01-02 08:00:00,DL,225,225,0,0,1.04,0.0,8.88888888888889
2025-04-05 12:00:00,2025-04-05 13:00:00,WN,179,176,2,1,12.124293785310735,1.1173184357541899,28.8135593220339
2025-04-28 19:00:00,2025-04-28 20:00:00,UA,138,131,7,0,21.80916030534351,5.072463768115942,25.954198473282442
2025-03-04 07:00:00,2025-03-04 08:00:00,DL,230,230,0,0,-0.5217391304347826,0.0,3.9130434782608696
2025-04-11 18:00:00,2025-04-11 19:00:00,WN,275,275,0,0,15.069090909090908,0.0,30.181818181818183
2025-04-26 05:00:00,2025-04-26 06:00:00,DL,72,72,0,0,5.680555555555555,0.0,4.166666666666667
2025-03-18 15:00:00,2025-03-18 16:00:00,UA,87,86,1,0,4.604651162790698,1.1494252873563218,16.27906976744186
2025-03-23 08:00:00,2025-03-23 09:00:00,AA,198,198,0,0,6.040404040404041,0.0,13.131313131313131
2025-02-12 19:00:00,2025-02-12 20:00:00,DL,110,110,0,0,30.745454545454546,0.0,33.63636363636363
2025-04-11 08:00:00,2025-04-11 09:00:00,AA,205,205,0,0,6.6292682926829265,0.0,15.121951219512194
2025-01-03 18:00:00,2025-01-03 19:00:00,AA,154,153,0,1,19.623376623376622,0.0,29.22077922077922
2025-03-08 11:00:00,2025-03-08 12:00:00,WN,213,213,0,0,4.525821596244131,0.0,13.615023474178404
2025-03-15 06:00:00,2025-03-15 07:00:00,DL,181,181,0,0,2.9281767955801103,0.0,9.392265193370166
2025-02-03 12:00:00,2025-02-03 13:00:00,AA,136,135,0,1,5.845588235294118,0.0,16.176470588235293
2025-01-20 07:00:00,2025-01-20 08:00:00,AA,207,202,5,0,18.168316831683168,2.4154589371980677,12.376237623762377
2025-03-08 06:00:00,2025-03-08 07:00:00,UA,145,144,0,1,-3.089655172413793,0.0,3.4482758620689653
2025-01-05 22:00:00,2025-01-05 23:00:00,UA,50,47,2,1,28.625,4.0,29.166666666666668
2025-04-12 09:00:00,2025-04-12 10:00:00,WN,222,222,0,0,1.5360360360360361,0.0,8.108108108108109
2025-02-11 20:00:00,2025-02-11 21:00:00,WN,168,166,2,0,22.289156626506024,1.1904761904761905,41.566265060240966
2025-04-24 18:00:00,2025-04-24 19:00:00,UA,140,139,0,1,28.785714285714285,0.0,37.142857142857146
2025-04-21 07:00:00,2025-04-21 08:00:00,WN,278,275,0,3,12.931654676258994,0.0,10.79136690647482
2025-01-16 07:00:00,2025-01-16 08:00:00,UA,172,170,1,1,-1.5730994152046784,0.5813953488372093,3.508771929824561
2025-02-17 08:00:00,2025-02-17 09:00:00,DL,175,173,1,1,20.96551724137931,0.5714285714285714,22.988505747126435
2025-02-21 23:00:00,2025-02-22 00:00:00,AA,30,30,0,0,-0.9666666666666667,0.0,6.666666666666667
2025-02-15 08:00:00,2025-02-15 09:00:00,AA,179,179,0,0,14.1731843575419,0.0,16.75977653631285
2025-02-21 01:00:00,2025-02-21 02:00:00,DL,2,2,0,0,34.5,0.0,50.0
2025-01-28 18:00:00,2025-01-28 19:00:00,UA,118,118,0,0,0.19491525423728814,0.0,9.322033898305085
2025-04-04 08:00:00,2025-04-04 09:00:00,UA,165,165,0,0,9.4,0.0,12.727272727272727
2025-03-11 09:00:00,2025-03-11 10:00:00,DL,132,132,0,0,0.5227272727272727,0.0,6.818181818181818
2025-01-30 09:00:00,2025-01-30 10:00:00,DL,127,125,2,0,2.352,1.5748031496062993,8.0
2025-03-26 00:00:00,2025-03-26 01:00:00,AA,9,9,0,0,-3.6666666666666665,0.0,0.0
2025-01-11 20:00:00,2025-01-11 21:00:00,UA,74,74,0,0,6.702702702702703,0.0,21.62162162162162
2025-01-19 20:00:00,2025-01-19 21:00:00,UA,77,71,6,0,17.591549295774648,7.792207792207792,35.2112676056338
2025-01-19 08:00:00,2025-01-19 09:00:00,DL,161,160,0,1,0.8322981366459627,0.0,6.211180124223603
2025-04-28 21:00:00,2025-04-28 22:00:00,AA,87,87,0,0,18.67816091954023,0.0,28.735632183908045
2025-03-15 11:00:00,2025-03-15 12:00:00,WN,225,225,0,0,17.342222222222222,0.0,32.888888888888886
2025-03-31 10:00:00,2025-03-31 11:00:00,WN,238,233,3,2,21.642553191489363,1.2605042016806722,29.78723404255319
2025-01-23 14:00:00,2025-01-23 15:00:00,DL,138,133,5,0,16.872180451127818,3.6231884057971016,28.571428571428573
2025-01-27 20:00:00,2025-01-27 21:00:00,WN,167,166,0,1,0.7844311377245509,0.0,8.982035928143713
2025-03-26 00:00:00,2025-03-26 01:00:00,UA,4,4,0,0,-3.5,0.0,0.0
2025-01-07 21:00:00,2025-01-07 22:00:00,UA,24,24,0,0,10.125,0.0,29.166666666666668
2025-03-28 13:00:00,2025-03-28 14:00:00,WN,246,243,2,1,8.995901639344263,0.8130081300813008,18.442622950819672
2025-04-23 07:00:00,2025-04-23 08:00:00,DL,241,241,0,0,-0.8672199170124482,0.0,5.809128630705394
2025-01-26 06:00:00,2025-01-26 07:00:00,DL,175,175,0,0,-1.0342857142857143,0.0,4.571428571428571
2025-04-20 21:00:00,2025-04-20 22:00:00,UA,63,63,0,0,31.88888888888889,0.0,38.095238095238095
2025-03-08 17:00:00,2025-03-08 18:00:00,WN,218,217,1,0,9.36405529953917,0.45871559633027525,24.88479262672811
2025-04-26 18:00:00,2025-04-26 19:00:00,WN,261,261,0,0,12.222222222222221,0.0,27.203065134099617
2025-01-12 14:00:00,2025-01-12 15:00:00,AA,159,159,0,0,14.144654088050315,0.0,23.270440251572328
2025-03-04 11:00:00,2025-03-04 12:00:00,DL,185,184,0,1,0.23783783783783785,0.0,5.405405405405405
2025-02-15 10:00:00,2025-02-15 11:00:00,AA,122,122,0,0,7.467213114754099,0.0,21.311475409836067
2025-04-10 01:00:00,2025-04-10 02:00:00,AA,1,1,0,0,10.0,0.0,0.0
2025-03-14 15:00:00,2025-03-14 16:00:00,DL,179,178,1,0,7.938202247191011,0.5586592178770949,21.348314606741575
2025-01-19 16:00:00,2025-01-19 17:00:00,WN,211,207,3,1,9.899038461538462,1.4218009478672986,24.03846153846154
2025-01-12 21:00:00,2025-01-12 22:00:00,WN,149,149,0,0,2.0939597315436242,0.0,10.06711409395973
2025-03-31 12:00:00,2025-03-31 13:00:00,DL,168,162,3,3,47.73939393939394,1.7857142857142858,43.03030303030303
2025-02-06 14:00:00,2025-02-06 15:00:00,UA,118,118,0,0,26.06779661016949,0.0,34.74576271186441
2025-02-20 05:00:00,2025-02-20 06:00:00,DL,69,68,1,0,-1.7352941176470589,1.4492753623188406,5.882352941176471
2025-02-06 14:00:00,2025-02-06 15:00:00,WN,223,221,1,1,8.4009009009009,0.4484304932735426,19.81981981981982
2025-02-28 08:00:00,2025-02-28 09:00:00,UA,195,194,0,1,-0.7025641025641025,0.0,5.128205128205129
2025-01-04 06:00:00,2025-01-04 07:00:00,AA,172,169,0,3,10.94767441860465,0.0,8.720930232558139
2025-02-14 06:00:00,2025-02-14 07:00:00,DL,190,190,0,0,8.357894736842105,0.0,10.0
2025-03-17 00:00:00,2025-03-17 01:00:00,DL,7,7,0,0,22.0,0.0,28.571428571428573
2025-01-13 17:00:00,2025-01-13 18:00:00,WN,198,198,0,0,-2.1515151515151514,0.0,3.5353535353535355
2025-01-27 16:00:00,2025-01-27 17:00:00,UA,121,121,0,0,1.371900826446281,0.0,9.090909090909092
2025-02-02 05:00:00,2025-02-02 06:00:00,UA,24,24,0,0,1.0416666666666667,0.0,8.333333333333334
2025-01-24 19:00:00,2025-01-24 20:00:00,DL,166,166,0,0,7.234939759036145,0.0,23.49397590361446
2025-01-26 10:00:00,2025-01-26 11:00:00,WN,233,232,0,1,1.2274678111587982,0.0,6.437768240343348
2025-03-06 00:00:00,2025-03-06 01:00:00,UA,5,5,0,0,-7.8,0.0,0.0
2025-04-22 12:00:00,2025-04-22 13:00:00,UA,119,119,0,0,1.3361344537815125,0.0,8.403361344537815
2025-03-12 12:00:00,2025-03-12 13:00:00,AA,142,141,0,1,11.535211267605634,0.0,14.788732394366198
2025-02-27 18:00:00,2025-02-27 19:00:00,UA,153,153,0,0,2.6601307189542482,0.0,11.11111111111111
2025-04-09 11:00:00,2025-04-09 12:00:00,UA,126,126,0,0,0.3492063492063492,0.0,7.142857142857143
2025-02-20 06:00:00,2025-02-20 07:00:00,UA,131,129,2,0,0.5581395348837209,1.5267175572519085,7.751937984496124
2025-04-09 22:00:00,2025-04-09 23:00:00,UA,33,33,0,0,0.9696969696969697,0.0,12.121212121212121
2025-04-10 16:00:00,2025-04-10 17:00:00,WN,229,226,0,3,13.20524017467249,0.0,29.25764192139738
2025-04-05 20:00:00,2025-04-05 21:00:00,UA,70,70,0,0,37.58571428571429,0.0,54.285714285714285
2025-01-30 17:00:00,2025-01-30 18:00:00,WN,198,195,3,0,7.758974358974359,1.5151515151515151,20.512820512820515
2025-04-02 16:00:00,2025-04-02 17:00:00,AA,149,140,9,0,54.85,6.040268456375839,53.57142857142857
2025-03-30 06:00:00,2025-03-30 07:00:00,DL,180,180,0,0,-1.8222222222222222,0.0,5.555555555555555
2025-01-19 01:00:00,2025-01-19 02:00:00,DL,2,2,0,0,-5.5,0.0,0.0
2025-02-08 08:00:00,2025-02-08 09:00:00,UA,163,163,0,0,-1.8098159509202454,0.0,3.6809815950920246
2025-03-12 06:00:00,2025-03-12 07:00:00,DL,186,186,0,0,-4.032258064516129,0.0,1.6129032258064515
2025-02-01 10:00:00,2025-02-01 11:00:00,UA,112,111,0,1,4.75,0.0,16.071428571428573
2025-01-29 09:00:00,2025-01-29 10:00:00,AA,134,134,0,0,-1.0746268656716418,0.0,7.462686567164179
2025-01-22 08:00:00,2025-01-22 09:00:00,UA,176,165,11,0,10.533333333333333,6.25,16.363636363636363
2025-03-16 23:00:00,2025-03-17 00:00:00,WN,9,9,0,0,10.777777777777779,0.0,44.44444444444444
2025-04-03 06:00:00,2025-04-03 07:00:00,WN,308,296,12,0,1.7668918918918919,3.896103896103896,6.081081081081081
2025-02-07 18:00:00,2025-02-07 19:00:00,UA,140,139,0,1,0.3142857142857143,0.0,9.285714285714286
2025-03-16 07:00:00,2025-03-16 08:00:00,WN,232,232,0,0,11.0,0.0,11.206896551724139
2025-03-22 07:00:00,2025-03-22 08:00:00,WN,229,229,0,0,-0.7729257641921398,0.0,2.183406113537118
2025-01-29 23:00:00,2025-01-30 00:00:00,AA,20,18,2,0,0.5,10.0,5.555555555555555
2025-02-05 15:00:00,2025-02-05 16:00:00,WN,231,231,0,0,5.987012987012987,0.0,14.718614718614718
2025-02-05 08:00:00,2025-02-05 09:00:00,AA,191,190,0,1,-2.230366492146597,0.0,4.18848167539267
2025-01-08 18:00:00,2025-01-08 19:00:00,WN,264,263,1,0,6.5437262357414445,0.3787878787878788,19.771863117870723
2025-02-06 18:00:00,2025-02-06 19:00:00,WN,223,223,0,0,13.345291479820627,0.0,20.179372197309416
2025-01-19 10:00:00,2025-01-19 11:00:00,DL,127,127,0,0,2.236220472440945,0.0,15.748031496062993
2025-04-07 14:00:00,2025-04-07 15:00:00,WN,245,244,0,1,14.048979591836735,0.0,28.163265306122447
2025-02-19 16:00:00,2025-02-19 17:00:00,AA,146,136,10,0,30.625,6.8493150684931505,41.1764705882353
2025-01-27 13:00:00,2025-01-27 14:00:00,AA,133,133,0,0,8.781954887218046,0.0,19.548872180451127
2025-01-27 21:00:00,2025-01-27 22:00:00,UA,30,30,0,0,-6.3,0.0,3.3333333333333335
2025-04-17 19:00:00,2025-04-17 20:00:00,DL,180,180,0,0,15.255555555555556,0.0,26.11111111111111
2025-01-20 14:00:00,2025-01-20 15:00:00,DL,136,135,1,0,25.40740740740741,0.7352941176470589,37.03703703703704
2025-04-07 07:00:00,2025-04-07 08:00:00,UA,200,200,0,0,0.665,0.0,8.0
2025-01-23 18:00:00,2025-01-23 19:00:00,AA,168,164,4,0,21.21951219512195,2.380952380952381,31.097560975609756
2025-02-06 22:00:00,2025-02-06 23:00:00,WN,3,3,0,0,2.6666666666666665,0.0,33.333333333333336
2025-01-27 12:00:00,2025-01-27 13:00:00,AA,136,136,0,0,5.147058823529412,0.0,13.235294117647058
2025-04-20 23:00:00,2025-04-21 00:00:00,WN,7,7,0,0,0.8571428571428571,0.0,14.285714285714286
2025-01-13 10:00:00,2025-01-13 11:00:00,AA,138,137,1,0,4.613138686131387,0.7246376811594203,10.218978102189782
2025-01-04 14:00:00,2025-01-04 15:00:00,WN,227,224,2,1,24.733333333333334,0.8810572687224669,40.888888888888886
2025-02-15 11:00:00,2025-02-15 12:00:00,WN,208,207,0,1,17.072115384615383,0.0,26.923076923076923
2025-01-06 12:00:00,2025-01-06 13:00:00,DL,149,148,1,0,19.66216216216216,0.6711409395973155,29.72972972972973
2025-03-28 06:00:00,2025-03-28 07:00:00,UA,145,143,0,2,0.8551724137931035,0.0,8.96551724137931
2025-03-01 05:00:00,2025-03-01 06:00:00,WN,131,131,0,0,-0.3511450381679389,0.0,3.816793893129771
2025-01-06 10:00:00,2025-01-06 11:00:00,AA,137,127,10,0,36.83464566929134,7.299270072992701,55.118110236220474
2025-04-01 08:00:00,2025-04-01 09:00:00,WN,270,268,1,1,4.799256505576208,0.37037037037037035,9.66542750929368
2025-03-09 08:00:00,2025-03-09 09:00:00,AA,198,197,1,0,10.685279187817258,0.5050505050505051,15.228426395939087
2025-03-03 12:00:00,2025-03-03 13:00:00,DL,178,178,0,0,1.303370786516854,0.0,9.55056179775281
2025-03-19 12:00:00,2025-03-19 13:00:00,AA,142,137,2,3,27.2,1.408450704225352,29.285714285714285
2025-04-12 06:00:00,2025-04-12 07:00:00,UA,132,132,0,0,-0.553030303030303,0.0,6.0606060606060606
2025-03-18 13:00:00,2025-03-18 14:00:00,UA,134,132,2,0,5.393939393939394,1.492537313432836,12.121212121212121
2025-03-20 06:00:00,2025-03-20 07:00:00,UA,141,141,0,0,5.964539007092198,0.0,9.21985815602837
2025-02-07 01:00:00,2025-02-07 02:00:00,DL,2,2,0,0,-6.5,0.0,0.0
2025-02-09 21:00:00,2025-02-09 22:00:00,UA,33,32,1,0,9.78125,3.0303030303030303,18.75
2025-02-07 12:00:00,2025-02-07 13:00:00,AA,135,135,0,0,28.703703703703702,0.0,15.555555555555555
2025-01-26 11:00:00,2025-01-26 12:00:00,WN,222,222,0,0,4.711711711711712,0.0,10.81081081081081
2025-04-15 00:00:00,2025-04-15 01:00:00,DL,8,8,0,0,3.0,0.0,25.0
2025-04-08 00:00:00,2025-04-08 01:00:00,DL,7,7,0,0,5.714285714285714,0.0,28.571428571428573
2025-02-01 16:00:00,2025-02-01 17:00:00,AA,127,127,0,0,1.0,0.0,8.661417322834646
2025-04-06 17:00:00,2025-04-06 18:00:00,DL,183,170,13,0,77.82941176470588,7.103825136612022,55.88235294117647
2025-04-22 16:00:00,2025-04-22 17:00:00,DL,127,126,0,1,2.377952755905512,0.0,9.448818897637794
2025-03-01 12:00:00,2025-03-01 13:00:00,DL,155,155,0,0,5.806451612903226,0.0,12.258064516129032
2025-03-18 14:00:00,2025-03-18 15:00:00,UA,121,120,0,1,4.471074380165289,0.0,14.049586776859504
2025-03-04 10:00:00,2025-03-04 11:00:00,WN,202,195,7,0,10.805128205128206,3.4653465346534653,14.35897435897436
2025-02-26 11:00:00,2025-02-26 12:00:00,WN,265,265,0,0,0.769811320754717,0.0,7.169811320754717
2025-04-22 10:00:00,2025-04-22 11:00:00,AA,152,152,0,0,5.973684210526316,0.0,17.105263157894736
2025-04-02 09:00:00,2025-04-02 10:00:00,UA,144,142,1,1,27.11888111888112,0.6944444444444444,25.174825174825173
2025-04-16 16:00:00,2025-04-16 17:00:00,UA,142,139,0,3,5.992957746478873,0.0,11.267605633802816
2025-03-10 06:00:00,2025-03-10 07:00:00,WN,307,307,0,0,-2.8631921824104234,0.0,0.9771986970684039
2025-02-21 23:00:00,2025-02-22 00:00:00,WN,3,3,0,0,-5.666666666666667,0.0,0.0
2025-04-10 09:00:00,2025-04-10 10:00:00,DL,132,132,0,0,1.8863636363636365,0.0,9.090909090909092
2025-01-24 11:00:00,2025-01-24 12:00:00,WN,265,265,0,0,2.2528301886792454,0.0,9.056603773584905
2025-02-02 21:00:00,2025-02-02 22:00:00,DL,87,87,0,0,4.2988505747126435,0.0,18.39080459770115
2025-03-17 12:00:00,2025-03-17 13:00:00,AA,145,145,0,0,26.641379310344828,0.0,31.03448275862069
2025-04-18 14:00:00,2025-04-18 15:00:00,UA,128,127,1,0,32.36220472440945,0.78125,25.984251968503937
2025-02-26 21:00:00,2025-02-26 22:00:00,UA,35,35,0,0,-2.4,0.0,2.857142857142857
2025-03-09 18:00:00,2025-03-09 19:00:00,DL,166,166,0,0,17.771084337349397,0.0,23.49397590361446
2025-01-20 21:00:00,2025-01-20 22:00:00,AA,81,76,5,0,29.30263157894737,6.172839506172839,32.89473684210526
2025-03-01 06:00:00,2025-03-01 07:00:00,AA,168,168,0,0,5.494047619047619,0.0,8.333333333333334
2025-04-24 23:00:00,2025-04-25 00:00:00,UA,36,36,0,0,8.777777777777779,0.0,27.77777777777778
2025-04-03 20:00:00,2025-04-03 21:00:00,AA,126,124,1,1,29.936,0.7936507936507936,43.2
2025-01-17 01:00:00,2025-01-17 02:00:00,DL,2,2,0,0,9.0,0.0,50.0
2025-03-06 08:00:00,2025-03-06 09:00:00,WN,252,252,0,0,2.619047619047619,0.0,9.126984126984127
2025-01-05 07:00:00,2025-01-05 08:00:00,WN,219,194,25,0,4.453608247422681,11.415525114155251,9.793814432989691
2025-04-26 01:00:00,2025-04-26 02:00:00,UA,2,2,0,0,-4.0,0.0,0.0
2025-03-15 07:00:00,2025-03-15 08:00:00,AA,205,205,0,0,5.692682926829268,0.0,15.121951219512194
2025-03-26 20:00:00,2025-03-26 21:00:00,DL,98,98,0,0,4.540816326530612,0.0,17.346938775510203
2025-03-13 18:00:00,2025-03-13 19:00:00,DL,172,172,0,0,12.854651162790697,0.0,29.651162790697676
2025-02-09 17:00:00,2025-02-09 18:00:00,UA,147,147,0,0,9.047619047619047,0.0,15.646258503401361
2025-04-10 21:00:00,2025-04-10 22:00:00,WN,193,193,0,0,17.632124352331605,0.0,30.569948186528496
2025-04-21 17:00:00,2025-04-21 18:00:00,DL,186,186,0,0,6.440860215053763,0.0,15.591397849462366
2025-03-25 07:00:00,2025-03-25 08:00:00,DL,244,244,0,0,-1.0901639344262295,0.0,6.967213114754099
2025-04-30 20:00:00,2025-04-30 21:00:00,DL,98,98,0,0,9.96938775510204,0.0,21.428571428571427
2025-03-28 00:00:00,2025-03-28 01:00:00,DL,7,7,0,0,-7.142857142857143,0.0,0.0
2025-04-20 01:00:00,2025-04-20 02:00:00,DL,2,2,0,0,-10.0,0.0,0.0
2025-04-02 21:00:00,2025-04-02 22:00:00,WN,159,154,4,1,28.948387096774194,2.5157232704402515,45.806451612903224
2025-02-27 21:00:00,2025-02-27 22:00:00,AA,93,93,0,0,7.043010752688172,0.0,21.50537634408602
2025-01-22 22:00:00,2025-01-22 23:00:00,DL,86,80,6,0,35.3,6.976744186046512,36.25
2025-03-22 20:00:00,2025-03-22 21:00:00,WN,233,233,0,0,8.244635193133048,0.0,19.313304721030043
2025-01-10 17:00:00,2025-01-10 18:00:00,AA,158,124,34,0,54.66129032258065,21.518987341772153,55.645161290322584
2025-03-07 15:00:00,2025-03-07 16:00:00,DL,187,187,0,0,8.240641711229946,0.0,19.25133689839572
2025-01-22 00:00:00,2025-01-22 01:00:00,AA,5,5,0,0,-5.6,0.0,0.0
2025-03-09 06:00:00,2025-03-09 07:00:00,DL,180,180,0,0,0.48333333333333334,0.0,5.0
2025-04-16 17:00:00,2025-04-16 18:00:00,WN,249,249,0,0,10.502008032128513,0.0,22.08835341365462
2025-04-16 21:00:00,2025-04-16 22:00:00,AA,87,87,0,0,8.25287356321839,0.0,14.942528735632184
2025-02-22 22:00:00,2025-02-22 23:00:00,UA,32,32,0,0,-1.5,0.0,12.5
2025-01-08 21:00:00,2025-01-08 22:00:00,WN,15,15,0,0,8.866666666666667,0.0,20.0
2025-03-09 12:00:00,2025-03-09 13:00:00,WN,225,223,2,0,11.878923766816143,0.8888888888888888,19.730941704035875
2025-02-07 21:00:00,2025-02-07 22:00:00,UA,30,30,0,0,5.7,0.0,3.3333333333333335
2025-01-19 08:00:00,2025-01-19 09:00:00,UA,175,173,2,0,4.254335260115607,1.1428571428571428,9.248554913294798
2025-01-02 21:00:00,2025-01-02 22:00:00,DL,91,90,0,1,18.384615384615383,0.0,24.175824175824175
2025-02-05 14:00:00,2025-02-05 15:00:00,AA,138,138,0,0,6.8768115942028984,0.0,7.246376811594203
2025-04-02 05:00:00,2025-04-02 06:00:00,WN,107,106,1,0,2.6132075471698113,0.9345794392523364,8.49056603773585
2025-01-24 20:00:00,2025-01-24 21:00:00,AA,84,84,0,0,12.142857142857142,0.0,20.238095238095237
2025-03-16 11:00:00,2025-03-16 12:00:00,UA,121,117,2,2,30.69747899159664,1.6528925619834711,36.134453781512605
2025-03-26 23:00:00,2025-03-27 00:00:00,DL,34,34,0,0,-4.147058823529412,0.0,0.0
2025-03-12 19:00:00,2025-03-12 20:00:00,DL,134,134,0,0,5.7611940298507465,0.0,14.17910447761194
2025-01-09 20:00:00,2025-01-09 21:00:00,WN,167,142,24,1,19.237762237762237,14.37125748502994,39.16083916083916
2025-03-12 18:00:00,2025-03-12 19:00:00,UA,147,147,0,0,11.73469387755102,0.0,18.367346938775512
2025-03-29 08:00:00,2025-03-29 09:00:00,DL,163,163,0,0,-1.4478527607361964,0.0,4.9079754601226995
2025-02-12 07:00:00,2025-02-12 08:00:00,DL,215,214,1,0,9.593457943925234,0.46511627906976744,14.953271028037383
2025-02-19 20:00:00,2025-02-19 21:00:00,DL,76,74,2,0,28.14864864864865,2.6315789473684212,33.78378378378378
2025-02-19 09:00:00,2025-02-19 10:00:00,AA,131,121,9,1,33.24590163934426,6.870229007633588,22.950819672131146
2025-02-12 22:00:00,2025-02-12 23:00:00,AA,58,58,0,0,12.189655172413794,0.0,18.96551724137931
2025-04-23 16:00:00,2025-04-23 17:00:00,AA,150,150,0,0,20.96,0.0,31.333333333333332
2025-02-02 16:00:00,2025-02-02 17:00:00,AA,158,158,0,0,5.80379746835443,0.0,12.658227848101266
2025-04-06 00:00:00,2025-04-06 01:00:00,UA,7,7,0,0,-3.2857142857142856,0.0,0.0
2025-02-24 08:00:00,2025-02-24 09:00:00,WN,270,270,0,0,-0.007407407407407408,0.0,5.185185185185185
2025-02-03 21:00:00,2025-02-03 22:00:00,AA,81,81,0,0,3.6419753086419755,0.0,11.11111111111111
2025-02-06 22:00:00,2025-02-06 23:00:00,UA,25,25,0,0,29.04,0.0,44.0
2025-02-20 07:00:00,2025-02-20 08:00:00,DL,234,234,0,0,7.183760683760684,0.0,9.401709401709402
2025-04-01 06:00:00,2025-04-01 07:00:00,DL,188,174,13,1,6.88,6.914893617021277,12.571428571428571
2025-04-22 08:00:00,2025-04-22 09:00:00,AA,199,199,0,0,17.306532663316585,0.0,12.56281407035176
2025-03-10 21:00:00,2025-03-10 22:00:00,DL,103,103,0,0,3.3300970873786406,0.0,16.50485436893204
2025-01-12 12:00:00,2025-01-12 13:00:00,AA,132,132,0,0,19.348484848484848,0.0,25.757575757575758
2025-03-21 06:00:00,2025-03-21 07:00:00,UA,145,144,1,0,-3.2569444444444446,0.6896551724137931,5.555555555555555
2025-02-22 14:00:00,2025-02-22 15:00:00,WN,223,220,1,2,6.545045045045045,0.4484304932735426,18.91891891891892
2025-04-06 17:00:00,2025-04-06 18:00:00,UA,135,135,0,0,8.540740740740741,0.0,16.296296296296298
2025-04-29 15:00:00,2025-04-29 16:00:00,WN,223,223,0,0,6.475336322869955,0.0,17.48878923766816
2025-01-28 10:00:00,2025-01-28 11:00:00,AA,129,129,0,0,26.852713178294575,0.0,10.852713178294573
2025-04-14 13:00:00,2025-04-14 14:00:00,WN,247,247,0,0,7.117408906882591,0.0,14.574898785425102
2025-04-24 15:00:00,2025-04-24 16:00:00,AA,144,139,5,0,31.676258992805757,3.4722222222222223,41.007194244604314
2025-03-27 05:00:00,2025-03-27 06:00:00,AA,111,110,1,0,-2.290909090909091,0.9009009009009009,3.6363636363636362
2025-04-27 19:00:00,2025-04-27 20:00:00,AA,161,160,1,0,16.2125,0.6211180124223602,29.375
2025-02-06 00:00:00,2025-02-06 01:00:00,DL,1,1,0,0,-6.0,0.0,0.0
2025-01-22 11:00:00,2025-01-22 12:00:00,WN,266,238,28,0,4.869747899159663,10.526315789473685,10.504201680672269
2025-04-11 18:00:00,2025-04-11 19:00:00,DL,165,164,1,0,22.158536585365855,0.6060606060606061,36.58536585365854
2025-01-17 11:00:00,2025-01-17 12:00:00,DL,183,182,0,1,3.180327868852459,0.0,8.743169398907105
2025-04-21 08:00:00,2025-04-21 09:00:00,AA,204,204,0,0,4.740196078431373,0.0,12.745098039215685
2025-04-26 16:00:00,2025-04-26 17:00:00,AA,132,132,0,0,17.765151515151516,0.0,21.21212121212121
2025-03-22 13:00:00,2025-03-22 14:00:00,UA,128,128,0,0,4.1328125,0.0,12.5
2025-03-26 05:00:00,2025-03-26 06:00:00,AA,111,110,1,0,15.60909090909091,0.9009009009009009,6.363636363636363
2025-04-07 21:00:00,2025-04-07 22:00:00,DL,105,103,2,0,36.067961165048544,1.9047619047619047,51.45631067961165
2025-02-07 05:00:00,2025-02-07 06:00:00,DL,68,68,0,0,13.632352941176471,0.0,8.823529411764707
2025-01-21 07:00:00,2025-01-21 08:00:00,UA,151,107,44,0,3.4205607476635516,29.13907284768212,7.4766355140186915
2025-02-02 01:00:00,2025-02-02 02:00:00,UA,1,1,0,0,-12.0,0.0,0.0
2025-02-11 06:00:00,2025-02-11 07:00:00,WN,222,222,0,0,-0.08558558558558559,0.0,2.7027027027027026
2025-04-14 14:00:00,2025-04-14 15:00:00,AA,151,151,0,0,9.370860927152318,0.0,17.880794701986755
2025-02-18 21:00:00,2025-02-18 22:00:00,WN,146,143,2,1,18.791666666666668,1.36986301369863,40.97222222222222
2025-03-31 14:00:00,2025-03-31 15:00:00,WN,246,232,10,4,43.470338983050844,4.065040650406504,49.152542372881356
2025-04-14 16:00:00,2025-04-14 17:00:00,DL,141,140,0,1,9.801418439716311,0.0,19.858156028368793
2025-04-29 19:00:00,2025-04-29 20:00:00,WN,245,245,0,0,11.224489795918368,0.0,22.448979591836736
2025-02-11 15:00:00,2025-02-11 16:00:00,AA,117,117,0,0,3.1452991452991452,0.0,14.52991452991453
2025-04-03 15:00:00,2025-04-03 16:00:00,UA,100,99,1,0,19.464646464646464,1.0,30.303030303030305
2025-04-07 22:00:00,2025-04-07 23:00:00,DL,98,97,1,0,24.896907216494846,1.0204081632653061,45.36082474226804
2025-04-22 18:00:00,2025-04-22 19:00:00,WN,253,253,0,0,2.632411067193676,0.0,11.857707509881424
2025-03-17 12:00:00,2025-03-17 13:00:00,WN,227,226,1,0,24.9070796460177,0.44052863436123346,36.283185840707965
2025-01-19 00:00:00,2025-01-19 01:00:00,UA,3,3,0,0,-7.0,0.0,0.0
2025-03-23 07:00:00,2025-03-23 08:00:00,WN,232,232,0,0,1.146551724137931,0.0,5.172413793103448
2025-02-04 19:00:00,2025-02-04 20:00:00,WN,120,120,0,0,-0.875,0.0,10.833333333333334
2025-04-24 11:00:00,2025-04-24 12:00:00,DL,215,214,1,0,4.607476635514018,0.46511627906976744,11.682242990654206
2025-02-18 17:00:00,2025-02-18 18:00:00,WN,223,222,1,0,17.527027027027028,0.4484304932735426,31.98198198198198
2025-02-25 14:00:00,2025-02-25 15:00:00,DL,121,121,0,0,-2.5867768595041323,0.0,4.958677685950414
2025-03-19 17:00:00,2025-03-19 18:00:00,AA,154,153,1,0,33.77124183006536,0.6493506493506493,44.44444444444444
2025-02-21 14:00:00,2025-02-21 15:00:00,AA,157,157,0,0,10.80891719745223,0.0,17.8343949044586
2025-01-06 20:00:00,2025-01-06 21:00:00,WN,171,143,28,0,39.13986013986014,16.374269005847953,63.63636363636363
2025-02-22 10:00:00,2025-02-22 11:00:00,WN,234,234,0,0,2.9444444444444446,0.0,10.683760683760683
2025-03-31 05:00:00,2025-03-31 06:00:00,UA,44,44,0,0,6.045454545454546,0.0,6.818181818181818
2025-04-09 05:00:00,2025-04-09 06:00:00,AA,107,106,1,0,-1.5566037735849056,0.9345794392523364,7.547169811320755
2025-02-18 19:00:00,2025-02-18 20:00:00,UA,117,116,1,0,16.474137931034484,0.8547008547008547,40.51724137931034
2025-03-02 19:00:00,2025-03-02 20:00:00,WN,239,239,0,0,9.414225941422593,0.0,24.267782426778243
2025-01-13 07:00:00,2025-01-13 08:00:00,DL,228,228,0,0,0.7280701754385965,0.0,7.017543859649122
2025-03-06 01:00:00,2025-03-06 02:00:00,AA,1,1,0,0,-8.0,0.0,0.0
2025-04-01 23:00:00,2025-04-02 00:00:00,DL,34,33,0,1,17.794117647058822,0.0,11.764705882352942
2025-03-30 00:00:00,2025-03-30 01:00:00,AA,9,9,0,0,3.0,0.0,11.11111111111111
2025-01-28 09:00:00,2025-01-28 10:00:00,DL,120,120,0,0,2.7,0.0,10.833333333333334
2025-04-15 00:00:00,2025-04-15 01:00:00,AA,9,9,0,0,-8.11111111111111,0.0,0.0
2025-01-10 10:00:00,2025-01-10 11:00:00,AA,136,98,38,0,31.724489795918366,27.941176470588236,40.816326530612244
2025-01-17 19:00:00,2025-01-17 20:00:00,WN,266,266,0,0,2.5902255639097747,0.0,9.398496240601503
2025-01-19 11:00:00,2025-01-19 12:00:00,WN,264,263,1,0,4.520912547528517,0.3787878787878788,14.068441064638783
2025-01-06 05:00:00,2025-01-06 06:00:00,AA,120,85,35,0,24.75294117647059,29.166666666666668,17.647058823529413
2025-02-22 12:00:00,2025-02-22 13:00:00,AA,133,133,0,0,8.045112781954888,0.0,18.796992481203006
2025-02-18 22:00:00,2025-02-18 23:00:00,UA,27,27,0,0,1.7037037037037037,0.0,14.814814814814815
2025-01-30 19:00:00,2025-01-30 20:00:00,DL,148,148,0,0,5.168918918918919,0.0,13.513513513513514
2025-02-02 21:00:00,2025-02-02 22:00:00,AA,82,82,0,0,3.2439024390243905,0.0,13.414634146341463
2025-01-07 13:00:00,2025-01-07 14:00:00,DL,129,128,1,0,1.0390625,0.7751937984496124,13.28125
2025-02-24 07:00:00,2025-02-24 08:00:00,UA,199,199,0,0,-2.1959798994974875,0.0,4.0201005025125625
2025-04-04 17:00:00,2025-04-04 18:00:00,WN,246,245,1,0,33.95918367346939,0.4065040650406504,50.61224489795919
2025-03-08 23:00:00,2025-03-09 00:00:00,UA,33,33,0,0,-0.8181818181818182,0.0,12.121212121212121
2025-04-26 08:00:00,2025-04-26 09:00:00,DL,179,179,0,0,0.1005586592178771,0.0,6.70391061452514
2025-03-06 16:00:00,2025-03-06 17:00:00,DL,141,140,0,1,11.22695035460993,0.0,24.113475177304963
2025-04-18 13:00:00,2025-04-18 14:00:00,DL,152,152,0,0,2.0723684210526314,0.0,9.868421052631579
2025-04-21 00:00:00,2025-04-21 01:00:00,AA,9,9,0,0,3.7777777777777777,0.0,22.22222222222222
2025-01-23 10:00:00,2025-01-23 11:00:00,WN,201,192,9,0,2.078125,4.477611940298507,7.8125
2025-02-20 05:00:00,2025-02-20 06:00:00,AA,103,93,10,0,3.7204301075268815,9.70873786407767,9.67741935483871
2025-04-16 20:00:00,2025-04-16 21:00:00,DL,99,99,0,0,3.797979797979798,0.0,14.141414141414142
2025-01-18 23:00:00,2025-01-19 00:00:00,UA,26,26,0,0,6.846153846153846,0.0,19.23076923076923
2025-04-03 09:00:00,2025-04-03 10:00:00,DL,134,132,1,1,10.736842105263158,0.746268656716418,17.293233082706767
2025-01-13 14:00:00,2025-01-13 15:00:00,WN,220,218,1,1,0.2146118721461187,0.45454545454545453,6.8493150684931505
2025-04-14 21:00:00,2025-04-14 22:00:00,UA,54,54,0,0,0.2777777777777778,0.0,12.962962962962964
2025-02-02 00:00:00,2025-02-02 01:00:00,AA,6,6,0,0,7.166666666666667,0.0,16.666666666666668
2025-01-24 10:00:00,2025-01-24 11:00:00,WN,201,201,0,0,4.17910447761194,0.0,10.447761194029852
2025-01-15 18:00:00,2025-01-15 19:00:00,WN,262,262,0,0,-0.2595419847328244,0.0,6.106870229007634
2025-02-12 01:00:00,2025-02-12 02:00:00,DL,2,2,0,0,-10.0,0.0,0.0
2025-01-03 06:00:00,2025-01-03 07:00:00,WN,310,297,13,0,7.35016835016835,4.193548387096774,7.744107744107744
2025-03-22 14:00:00,2025-03-22 15:00:00,UA,115,115,0,0,16.869565217391305,0.0,15.652173913043478
2025-02-05 19:00:00,2025-02-05 20:00:00,AA,106,102,4,0,13.284313725490197,3.7735849056603774,13.72549019607843
2025-01-20 01:00:00,2025-01-20 02:00:00,AA,1,1,0,0,-5.0,0.0,0.0
2025-04-27 05:00:00,2025-04-27 06:00:00,DL,74,74,0,0,-3.864864864864865,0.0,1.3513513513513513
2025-04-02 23:00:00,2025-04-03 00:00:00,UA,37,37,0,0,7.405405405405405,0.0,29.72972972972973
2025-03-03 09:00:00,2025-03-03 10:00:00,AA,135,135,0,0,8.644444444444444,0.0,11.851851851851851
2025-04-29 05:00:00,2025-04-29 06:00:00,AA,104,104,0,0,-6.4326923076923075,0.0,1.9230769230769231
2025-03-26 07:00:00,2025-03-26 08:00:00,UA,193,193,0,0,-2.5854922279792745,0.0,4.66321243523316
2025-01-10 13:00:00,2025-01-10 14:00:00,DL,135,83,51,1,50.57142857142857,37.77777777777778,28.571428571428573
2025-04-17 11:00:00,2025-04-17 12:00:00,WN,246,241,0,5,6.605691056910569,0.0,16.666666666666668
2025-03-26 05:00:00,2025-03-26 06:00:00,UA,36,36,0,0,-0.8611111111111112,0.0,5.555555555555555
2025-02-03 13:00:00,2025-02-03 14:00:00,UA,133,132,1,0,7.924242424242424,0.7518796992481203,19.696969696969695
2025-04-10 07:00:00,2025-04-10 08:00:00,WN,278,276,2,0,1.0615942028985508,0.7194244604316546,6.521739130434782
2025-02-28 10:00:00,2025-02-28 11:00:00,AA,147,147,0,0,1.8911564625850341,0.0,8.16326530612245
2025-01-01 16:00:00,2025-01-01 17:00:00,UA,140,140,0,0,7.978571428571429,0.0,15.0
2025-04-07 10:00:00,2025-04-07 11:00:00,WN,240,238,2,0,6.285714285714286,0.8333333333333334,18.067226890756302
2025-02-27 07:00:00,2025-02-27 08:00:00,DL,233,233,0,0,3.180257510729614,0.0,8.15450643776824
2025-01-03 01:00:00,2025-01-03 02:00:00,DL,2,2,0,0,15.0,0.0,50.0
2025-04-23 23:00:00,2025-04-24 00:00:00,AA,31,31,0,0,5.935483870967742,0.0,16.129032258064516
2025-01-16 23:00:00,2025-01-17 00:00:00,AA,27,27,0,0,2.4444444444444446,0.0,11.11111111111111
2025-03-01 09:00:00,2025-03-01 10:00:00,UA,125,124,1,0,5.911290322580645,0.8,8.064516129032258
2025-02-14 16:00:00,2025-02-14 17:00:00,AA,152,151,0,1,15.256578947368421,0.0,28.94736842105263
2025-01-26 06:00:00,2025-01-26 07:00:00,UA,110,110,0,0,-3.4272727272727272,0.0,4.545454545454546
2025-04-29 06:00:00,2025-04-29 07:00:00,WN,292,292,0,0,-2.589041095890411,0.0,2.73972602739726
2025-03-15 10:00:00,2025-03-15 11:00:00,WN,185,184,0,1,20.102702702702704,0.0,30.27027027027027
2025-03-07 18:00:00,2025-03-07 19:00:00,WN,242,241,1,0,22.074688796680498,0.4132231404958678,36.51452282157676
2025-02-19 08:00:00,2025-02-19 09:00:00,DL,177,176,0,1,5.728813559322034,0.0,12.429378531073446
2025-04-25 18:00:00,2025-04-25 19:00:00,AA,171,171,0,0,16.327485380116958,0.0,32.748538011695906
2025-03-13 00:00:00,2025-03-13 01:00:00,DL,4,4,0,0,-9.5,0.0,0.0
2025-01-12 12:00:00,2025-01-12 13:00:00,WN,227,227,0,0,5.86784140969163,0.0,16.740088105726873
2025-02-17 17:00:00,2025-02-17 18:00:00,AA,164,163,1,0,28.42331288343558,0.6097560975609756,49.079754601226995
2025-04-21 20:00:00,2025-04-21 21:00:00,AA,136,136,0,0,17.058823529411764,0.0,27.205882352941178
2025-01-16 09:00:00,2025-01-16 10:00:00,DL,127,127,0,0,0.4330708661417323,0.0,8.661417322834646
2025-02-03 18:00:00,2025-02-03 19:00:00,AA,144,144,0,0,1.0138888888888888,0.0,9.722222222222221
2025-03-20 11:00:00,2025-03-20 12:00:00,AA,167,167,0,0,9.425149700598803,0.0,21.55688622754491
2025-02-07 08:00:00,2025-02-07 09:00:00,UA,186,186,0,0,5.048387096774194,0.0,9.13978494623656
2025-01-24 21:00:00,2025-01-24 22:00:00,UA,30,30,0,0,-3.2,0.0,10.0
2025-03-26 22:00:00,2025-03-26 23:00:00,DL,95,95,0,0,7.421052631578948,0.0,10.526315789473685
2025-03-05 19:00:00,2025-03-05 20:00:00,AA,126,125,0,1,24.46031746031746,0.0,33.333333333333336
2025-04-09 00:00:00,2025-04-09 01:00:00,AA,7,6,1,0,-4.666666666666667,14.285714285714286,0.0
2025-02-05 11:00:00,2025-02-05 12:00:00,AA,145,144,0,1,23.23448275862069,0.0,12.413793103448276
2025-03-07 13:00:00,2025-03-07 14:00:00,WN,238,236,0,2,17.676470588235293,0.0,35.294117647058826
2025-02-01 07:00:00,2025-02-01 08:00:00,WN,203,202,0,1,-1.019704433497537,0.0,2.955665024630542
2025-04-29 18:00:00,2025-04-29 19:00:00,AA,160,160,0,0,3.1,0.0,11.875
2025-01-25 23:00:00,2025-01-26 00:00:00,UA,26,26,0,0,26.653846153846153,0.0,15.384615384615385
2025-03-10 17:00:00,2025-03-10 18:00:00,DL,186,186,0,0,9.510752688172044,0.0,25.806451612903224
2025-02-24 19:00:00,2025-02-24 20:00:00,UA,132,132,0,0,0.2727272727272727,0.0,6.818181818181818
2025-01-10 05:00:00,2025-01-10 06:00:00,AA,103,65,38,0,34.92307692307692,36.89320388349515,20.0
2025-04-01 08:00:00,2025-04-01 09:00:00,UA,160,159,1,0,0.9748427672955975,0.625,7.547169811320755
2025-01-22 21:00:00,2025-01-22 22:00:00,WN,15,15,0,0,-2.0,0.0,6.666666666666667
2025-03-28 05:00:00,2025-03-28 06:00:00,WN,195,194,0,1,4.461538461538462,0.0,8.717948717948717
2025-03-31 18:00:00,2025-03-31 19:00:00,DL,171,153,16,2,85.21935483870968,9.35672514619883,73.54838709677419
2025-04-21 23:00:00,2025-04-22 00:00:00,DL,33,33,0,0,6.151515151515151,0.0,21.21212121212121
2025-04-20 00:00:00,2025-04-20 01:00:00,UA,7,7,0,0,-7.0,0.0,0.0
2025-02-19 15:00:00,2025-02-19 16:00:00,WN,231,231,0,0,13.831168831168831,0.0,28.138528138528137
2025-02-28 11:00:00,2025-02-28 12:00:00,UA,129,129,0,0,0.7829457364341085,0.0,3.875968992248062
2025-02-03 06:00:00,2025-02-03 07:00:00,UA,112,112,0,0,9.080357142857142,0.0,8.035714285714286
2025-01-23 18:00:00,2025-01-23 19:00:00,WN,264,262,2,0,13.885496183206106,0.7575757575757576,25.572519083969464
2025-03-14 14:00:00,2025-03-14 15:00:00,WN,248,244,4,0,16.65983606557377,1.6129032258064515,35.65573770491803
2025-03-19 21:00:00,2025-03-19 22:00:00,UA,57,57,0,0,19.736842105263158,0.0,26.31578947368421
2025-04-23 21:00:00,2025-04-23 22:00:00,UA,55,55,0,0,4.181818181818182,0.0,14.545454545454545
2025-04-09 13:00:00,2025-04-09 14:00:00,WN,242,242,0,0,4.107438016528926,0.0,12.396694214876034
2025-01-22 10:00:00,2025-01-22 11:00:00,UA,114,107,7,0,10.214953271028037,6.140350877192983,12.149532710280374
2025-02-12 21:00:00,2025-02-12 22:00:00,WN,15,14,1,0,19.714285714285715,6.666666666666667,42.857142857142854
2025-02-28 01:00:00,2025-02-28 02:00:00,DL,2,2,0,0,-5.5,0.0,0.0
2025-03-10 06:00:00,2025-03-10 07:00:00,UA,142,142,0,0,1.1830985915492958,0.0,7.746478873239437
2025-01-27 09:00:00,2025-01-27 10:00:00,UA,156,156,0,0,2.7115384615384617,0.0,7.6923076923076925
2025-01-18 05:00:00,2025-01-18 06:00:00,UA,24,24,0,0,9.791666666666666,0.0,8.333333333333334
2025-01-15 19:00:00,2025-01-15 20:00:00,WN,120,120,0,0,-1.6916666666666667,0.0,4.166666666666667
2025-03-19 23:00:00,2025-03-20 00:00:00,WN,9,9,0,0,10.0,0.0,22.22222222222222
2025-01-13 08:00:00,2025-01-13 09:00:00,AA,190,190,0,0,2.8263157894736843,0.0,10.526315789473685
2025-03-03 08:00:00,2025-03-03 09:00:00,UA,193,193,0,0,-0.2849740932642487,0.0,5.699481865284974
2025-03-16 20:00:00,2025-03-16 21:00:00,DL,120,113,6,1,81.85964912280701,5.0,65.78947368421052
2025-03-17 01:00:00,2025-03-17 02:00:00,DL,2,1,1,0,-14.0,50.0,0.0
2025-03-09 15:00:00,2025-03-09 16:00:00,UA,89,89,0,0,11.247191011235955,0.0,17.97752808988764
2025-03-29 16:00:00,2025-03-29 17:00:00,AA,132,132,0,0,36.77272727272727,0.0,22.727272727272727
2025-03-19 05:00:00,2025-03-19 06:00:00,UA,36,36,0,0,-5.111111111111111,0.0,2.7777777777777777
2025-01-06 20:00:00,2025-01-06 21:00:00,UA,118,117,1,0,43.94871794871795,0.847457627118644,58.11965811965812
2025-01-21 20:00:00,2025-01-21 21:00:00,AA,77,72,5,0,20.833333333333332,6.4935064935064934,37.5
2025-04-06 06:00:00,2025-04-06 07:00:00,WN,296,296,0,0,2.820945945945946,0.0,5.405405405405405
2025-04-06 16:00:00,2025-04-06 17:00:00,AA,152,152,0,0,22.657894736842106,0.0,32.89473684210526
2025-03-24 10:00:00,2025-03-24 11:00:00,AA,140,140,0,0,5.835714285714285,0.0,11.428571428571429
2025-01-12 22:00:00,2025-01-12 23:00:00,UA,25,25,0,0,-1.84,0.0,8.0
2025-02-15 19:00:00,2025-02-15 20:00:00,WN,233,229,3,1,26.443478260869565,1.2875536480686696,45.21739130434783
2025-03-31 12:00:00,2025-03-31 13:00:00,UA,122,115,0,7,23.10655737704918,0.0,25.40983606557377
2025-02-25 05:00:00,2025-02-25 06:00:00,WN,30,29,1,0,-0.7241379310344828,3.3333333333333335,3.4482758620689653
2025-03-13 20:00:00,2025-03-13 21:00:00,WN,275,275,0,0,19.112727272727273,0.0,33.81818181818182
2025-04-12 13:00:00,2025-04-12 14:00:00,UA,116,115,1,0,1.982608695652174,0.8620689655172413,11.304347826086957
2025-02-10 21:00:00,2025-02-10 22:00:00,AA,80,79,0,1,7.8125,0.0,13.75
2025-04-01 13:00:00,2025-04-01 14:00:00,AA,143,143,0,0,26.0,0.0,28.67132867132867
2025-03-08 13:00:00,2025-03-08 14:00:00,DL,128,127,0,1,3.3046875,0.0,8.59375
2025-03-28 13:00:00,2025-03-28 14:00:00,UA,140,139,0,1,5.128571428571429,0.0,10.0
2025-04-18 23:00:00,2025-04-19 00:00:00,DL,35,35,0,0,4.6,0.0,14.285714285714286
2025-03-02 20:00:00,2025-03-02 21:00:00,WN,263,263,0,0,8.783269961977187,0.0,25.09505703422053
2025-01-17 08:00:00,2025-01-17 09:00:00,WN,267,267,0,0,-0.3258426966292135,0.0,3.745318352059925
2025-01-27 07:00:00,2025-01-27 08:00:00,AA,207,207,0,0,3.9468599033816427,0.0,6.763285024154589
2025-01-16 14:00:00,2025-01-16 15:00:00,DL,125,125,0,0,9.528,0.0,13.6
2025-03-18 05:00:00,2025-03-18 06:00:00,WN,107,106,1,0,-1.9150943396226414,0.9345794392523364,1.8867924528301887
2025-02-13 20:00:00,2025-02-13 21:00:00,WN,264,252,12,0,47.198412698412696,4.545454545454546,60.714285714285715
2025-01-31 20:00:00,2025-01-31 21:00:00,DL,92,92,0,0,3.2934782608695654,0.0,16.304347826086957
2025-03-02 19:00:00,2025-03-02 20:00:00,DL,169,169,0,0,5.568047337278107,0.0,20.118343195266274
2025-01-18 19:00:00,2025-01-18 20:00:00,UA,81,81,0,0,10.135802469135802,0.0,27.160493827160494
2025-03-17 06:00:00,2025-03-17 07:00:00,DL,190,180,10,0,10.433333333333334,5.2631578947368425,13.88888888888889
2025-01-19 18:00:00,2025-01-19 19:00:00,AA,153,147,5,1,42.62162162162162,3.2679738562091503,41.891891891891895
2025-04-28 15:00:00,2025-04-28 16:00:00,DL,193,191,0,2,9.077720207253886,0.0,16.06217616580311
2025-04-01 23:00:00,2025-04-02 00:00:00,UA,32,32,0,0,-3.75,0.0,3.125
2025-01-01 15:00:00,2025-01-01 16:00:00,UA,77,76,1,0,8.25,1.2987012987012987,13.157894736842104
2025-02-23 19:00:00,2025-02-23 20:00:00,WN,239,239,0,0,7.414225941422594,0.0,20.502092050209207
2025-03-13 05:00:00,2025-03-13 06:00:00,AA,111,111,0,0,-3.810810810810811,0.0,4.504504504504505
2025-02-09 09:00:00,2025-02-09 10:00:00,AA,129,121,8,0,12.49586776859504,6.2015503875969,15.702479338842975
2025-04-29 23:00:00,2025-04-30 00:00:00,DL,29,29,0,0,-3.586206896551724,0.0,6.896551724137931
2025-01-01 09:00:00,2025-01-01 10:00:00,WN,243,242,1,0,3.28099173553719,0.411522633744856,9.917355371900827
2025-04-05 07:00:00,2025-04-05 08:00:00,DL,220,220,0,0,9.272727272727273,0.0,12.272727272727273
2025-02-26 18:00:00,2025-02-26 19:00:00,UA,141,141,0,0,6.567375886524823,0.0,16.31205673758865
2025-01-21 00:00:00,2025-01-21 01:00:00,UA,3,1,2,0,80.0,66.66666666666667,100.0
2025-01-12 09:00:00,2025-01-12 10:00:00,UA,146,145,0,1,7.2534246575342465,0.0,14.383561643835616
2025-01-21 18:00:00,2025-01-21 19:00:00,UA,118,84,34,0,1.8928571428571428,28.8135593220339,10.714285714285714
2025-03-20 21:00:00,2025-03-20 22:00:00,UA,63,63,0,0,8.920634920634921,0.0,22.22222222222222
2025-04-18 15:00:00,2025-04-18 16:00:00,DL,192,192,0,0,5.34375,0.0,15.104166666666666
2025-04-30 17:00:00,2025-04-30 18:00:00,WN,247,239,8,0,29.711297071129707,3.2388663967611335,35.56485355648535
2025-03-08 22:00:00,2025-03-08 23:00:00,DL,70,70,0,0,-0.5,0.0,10.0
2025-04-13 18:00:00,2025-04-13 19:00:00,WN,245,245,0,0,15.338775510204082,0.0,28.163265306122447
2025-04-14 08:00:00,2025-04-14 09:00:00,WN,241,241,0,0,2.6016597510373445,0.0,7.053941908713693
2025-04-14 01:00:00,2025-04-14 02:00:00,DL,2,2,0,0,-12.5,0.0,0.0
2025-01-07 20:00:00,2025-01-07 21:00:00,UA,74,73,1,0,11.04109589041096,1.3513513513513513,20.54794520547945
2025-01-06 19:00:00,2025-01-06 20:00:00,WN,218,191,27,0,31.81151832460733,12.385321100917432,51.832460732984295
2025-01-14 07:00:00,2025-01-14 08:00:00,DL,216,216,0,0,-0.19444444444444445,0.0,7.87037037037037
2025-04-20 12:00:00,2025-04-20 13:00:00,WN,242,241,1,0,4.211618257261411,0.4132231404958678,11.618257261410788
2025-03-17 10:00:00,2025-03-17 11:00:00,UA,128,128,0,0,7.40625,0.0,17.96875
2025-04-15 21:00:00,2025-04-15 22:00:00,AA,82,82,0,0,1.975609756097561,0.0,9.75609756097561
2025-02-05 17:00:00,2025-02-05 18:00:00,UA,145,145,0,0,3.303448275862069,0.0,13.793103448275861
2025-03-23 08:00:00,2025-03-23 09:00:00,DL,187,187,0,0,0.24598930481283424,0.0,7.4866310160427805
2025-02-11 18:00:00,2025-02-11 19:00:00,UA,118,116,1,1,16.77777777777778,0.847457627118644,25.641025641025642
2025-03-08 13:00:00,2025-03-08 14:00:00,AA,129,129,0,0,19.511627906976745,0.0,27.906976744186046
2025-02-04 00:00:00,2025-02-04 01:00:00,UA,3,3,0,0,-3.6666666666666665,0.0,0.0
2025-03-14 05:00:00,2025-03-14 06:00:00,UA,42,42,0,0,-2.2857142857142856,0.0,2.380952380952381
2025-01-15 20:00:00,2025-01-15 21:00:00,WN,167,167,0,0,-1.622754491017964,0.0,4.790419161676646
2025-04-30 18:00:00,2025-04-30 19:00:00,DL,169,169,0,0,15.822485207100591,0.0,20.118343195266274
2025-03-27 15:00:00,2025-03-27 16:00:00,DL,181,181,0,0,6.861878453038674,0.0,12.707182320441989
2025-03-30 08:00:00,2025-03-30 09:00:00,UA,158,157,0,1,3.5253164556962027,0.0,10.759493670886076
2025-04-14 22:00:00,2025-04-14 23:00:00,UA,32,32,0,0,0.90625,0.0,12.5
2025-02-12 02:00:00,2025-02-12 03:00:00,UA,1,1,0,0,-5.0,0.0,0.0
2025-02-18 07:00:00,2025-02-18 08:00:00,WN,214,212,2,0,4.872641509433962,0.9345794392523364,8.49056603773585
2025-02-22 05:00:00,2025-02-22 06:00:00,DL,59,59,0,0,14.94915254237288,0.0,13.559322033898304
2025-02-01 17:00:00,2025-02-01 18:00:00,AA,142,142,0,0,0.0,0.0,7.746478873239437
2025-01-03 17:00:00,2025-01-03 18:00:00,DL,153,153,0,0,9.72549019607843,0.0,17.647058823529413
2025-03-06 00:00:00,2025-03-06 01:00:00,AA,11,11,0,0,39.90909090909091,0.0,9.090909090909092
2025-02-23 15:00:00,2025-02-23 16:00:00,DL,183,183,0,0,1.7814207650273224,0.0,10.92896174863388
2025-03-25 07:00:00,2025-03-25 08:00:00,WN,245,244,1,0,-1.6598360655737705,0.40816326530612246,4.098360655737705
2025-04-01 20:00:00,2025-04-01 21:00:00,AA,129,126,1,2,21.671875,0.7751937984496124,25.78125
2025-02-18 23:00:00,2025-02-19 00:00:00,AA,20,20,0,0,4.0,0.0,20.0
2025-03-28 23:00:00,2025-03-29 00:00:00,UA,47,47,0,0,-1.3191489361702127,0.0,6.382978723404255
2025-03-27 18:00:00,2025-03-27 19:00:00,AA,167,167,0,0,6.598802395209581,0.0,18.562874251497007
2025-04-11 15:00:00,2025-04-11 16:00:00,WN,231,231,0,0,14.004329004329005,0.0,25.974025974025974
2025-01-24 12:00:00,2025-01-24 13:00:00,AA,136,135,1,0,4.45925925925926,0.7352941176470589,11.11111111111111
2025-02-21 13:00:00,2025-02-21 14:00:00,WN,226,225,1,0,8.448888888888888,0.4424778761061947,20.444444444444443
2025-04-06 01:00:00,2025-04-06 02:00:00,AA,1,1,0,0,16.0,0.0,100.0
2025-03-08 21:00:00,2025-03-08 22:00:00,UA,48,48,0,0,9.354166666666666,0.0,25.0
2025-03-06 05:00:00,2025-03-06 06:00:00,UA,40,39,1,0,6.0,2.5,7.6923076923076925
2025-04-03 16:00:00,2025-04-03 17:00:00,AA,146,144,2,0,34.916666666666664,1.36986301369863,48.611111111111114
2025-02-12 14:00:00,2025-02-12 15:00:00,UA,118,117,1,0,25.897435897435898,0.847457627118644,35.042735042735046
2025-04-01 21:00:00,2025-04-01 22:00:00,AA,88,88,0,0,12.965909090909092,0.0,26.136363636363637
2025-04-18 19:00:00,2025-04-18 20:00:00,DL,175,175,0,0,5.148571428571429,0.0,16.571428571428573
2025-03-16 19:00:00,2025-03-16 20:00:00,AA,161,144,15,2,82.95205479452055,9.316770186335404,56.84931506849315
2025-04-27 17:00:00,2025-04-27 18:00:00,AA,162,162,0,0,20.635802469135804,0.0,26.54320987654321
2025-01-30 11:00:00,2025-01-30 12:00:00,DL,188,188,0,0,4.1063829787234045,0.0,10.106382978723405
2025-01-09 05:00:00,2025-01-09 06:00:00,WN,29,29,0,0,-2.103448275862069,0.0,0.0
2025-04-22 17:00:00,2025-04-22 18:00:00,AA,155,155,0,0,4.361290322580645,0.0,14.838709677419354
2025-02-16 22:00:00,2025-02-16 23:00:00,DL,70,70,0,0,42.18571428571428,0.0,45.714285714285715
2025-01-24 17:00:00,2025-01-24 18:00:00,DL,170,170,0,0,11.188235294117646,0.0,22.352941176470587
2025-03-19 13:00:00,2025-03-19 14:00:00,DL,153,151,1,1,4.506578947368421,0.6535947712418301,13.81578947368421
2025-03-10 00:00:00,2025-03-10 01:00:00,AA,13,12,1,0,-8.916666666666666,7.6923076923076925,0.0
2025-04-19 00:00:00,2025-04-19 01:00:00,AA,9,7,0,2,-3.888888888888889,0.0,0.0
2025-02-01 05:00:00,2025-02-01 06:00:00,AA,82,82,0,0,-0.4268292682926829,0.0,7.317073170731708
2025-02-13 19:00:00,2025-02-13 20:00:00,UA,133,133,0,0,47.57142857142857,0.0,48.1203007518797
2025-04-19 19:00:00,2025-04-19 20:00:00,UA,117,116,0,1,3.41025641025641,0.0,11.11111111111111
2025-03-23 11:00:00,2025-03-23 12:00:00,DL,209,209,0,0,10.933014354066986,0.0,17.70334928229665
2025-03-24 12:00:00,2025-03-24 13:00:00,DL,167,167,0,0,12.455089820359282,0.0,22.15568862275449
2025-03-26 18:00:00,2025-03-26 19:00:00,AA,168,168,0,0,10.625,0.0,23.80952380952381
2025-04-20 06:00:00,2025-04-20 07:00:00,AA,178,178,0,0,20.8876404494382,0.0,19.10112359550562
2025-02-08 21:00:00,2025-02-08 22:00:00,AA,78,71,6,1,1.4305555555555556,7.6923076923076925,9.722222222222221
2025-03-25 14:00:00,2025-03-25 15:00:00,AA,144,143,0,1,15.73611111111111,0.0,22.916666666666668
2025-02-25 16:00:00,2025-02-25 17:00:00,WN,209,209,0,0,2.4545454545454546,0.0,8.133971291866029
2025-01-04 21:00:00,2025-01-04 22:00:00,UA,56,56,0,0,14.178571428571429,0.0,35.714285714285715
2025-01-25 15:00:00,2025-01-25 16:00:00,AA,109,109,0,0,3.2110091743119265,0.0,11.009174311926605
2025-02-10 18:00:00,2025-02-10 19:00:00,WN,226,224,1,1,9.417777777777777,0.4424778761061947,22.22222222222222
2025-01-20 08:00:00,2025-01-20 09:00:00,UA,180,178,1,1,7.139664804469274,0.5555555555555556,10.05586592178771
2025-02-14 07:00:00,2025-02-14 08:00:00,AA,208,208,0,0,14.4375,0.0,12.01923076923077
2025-04-21 15:00:00,2025-04-21 16:00:00,AA,144,144,0,0,19.92361111111111,0.0,33.333333333333336
2025-02-24 12:00:00,2025-02-24 13:00:00,UA,124,124,0,0,0.14516129032258066,0.0,6.451612903225806
2025-04-20 00:00:00,2025-04-20 01:00:00,AA,9,9,0,0,5.888888888888889,0.0,33.333333333333336
2025-02-24 19:00:00,2025-02-24 20:00:00,DL,165,165,0,0,5.557575757575758,0.0,17.575757575757574
2025-02-03 06:00:00,2025-02-03 07:00:00,AA,178,177,0,1,-2.050561797752809,0.0,5.056179775280899
2025-01-10 01:00:00,2025-01-10 02:00:00,DL,2,2,0,0,-8.0,0.0,0.0
2025-01-18 08:00:00,2025-01-18 09:00:00,DL,151,151,0,0,1.9801324503311257,0.0,6.622516556291391
2025-02-11 14:00:00,2025-02-11 15:00:00,UA,113,113,0,0,25.601769911504423,0.0,27.43362831858407
2025-02-19 21:00:00,2025-02-19 22:00:00,UA,35,34,1,0,0.6470588235294118,2.857142857142857,5.882352941176471
2025-04-24 11:00:00,2025-04-24 12:00:00,UA,124,124,0,0,8.435483870967742,0.0,18.548387096774192
2025-02-22 16:00:00,2025-02-22 17:00:00,AA,142,142,0,0,6.584507042253521,0.0,16.901408450704224
2025-04-30 13:00:00,2025-04-30 14:00:00,UA,127,124,3,0,15.403225806451612,2.3622047244094486,16.93548387096774
2025-02-20 15:00:00,2025-02-20 16:00:00,UA,91,91,0,0,7.208791208791209,0.0,19.78021978021978
2025-02-22 07:00:00,2025-02-22 08:00:00,DL,205,205,0,0,2.3268292682926828,0.0,8.292682926829269
2025-03-08 11:00:00,2025-03-08 12:00:00,UA,109,109,0,0,0.6697247706422018,0.0,8.256880733944953
2025-02-16 10:00:00,2025-02-16 11:00:00,AA,145,136,7,2,25.22463768115942,4.827586206896552,36.95652173913044
2025-02-28 17:00:00,2025-02-28 18:00:00,UA,145,145,0,0,4.710344827586207,0.0,12.413793103448276
2025-02-28 22:00:00,2025-02-28 23:00:00,UA,33,33,0,0,1.5454545454545454,0.0,9.090909090909092
2025-04-17 23:00:00,2025-04-18 00:00:00,AA,33,33,0,0,25.545454545454547,0.0,24.242424242424242
2025-01-08 14:00:00,2025-01-08 15:00:00,UA,115,115,0,0,1.6347826086956523,0.0,9.565217391304348
2025-01-06 16:00:00,2025-01-06 17:00:00,UA,136,134,2,0,30.91044776119403,1.4705882352941178,43.28358208955224
2025-02-17 15:00:00,2025-02-17 16:00:00,DL,183,180,3,0,37.18333333333333,1.639344262295082,52.22222222222222
2025-04-14 10:00:00,2025-04-14 11:00:00,WN,240,238,2,0,4.394957983193278,0.8333333333333334,8.823529411764707
2025-04-25 07:00:00,2025-04-25 08:00:00,DL,245,245,0,0,1.2530612244897958,0.0,6.122448979591836
2025-01-31 20:00:00,2025-01-31 21:00:00,UA,82,82,0,0,2.7439024390243905,0.0,13.414634146341463
2025-04-07 05:00:00,2025-04-07 06:00:00,UA,44,44,0,0,-5.863636363636363,0.0,0.0
2025-03-13 11:00:00,2025-03-13 12:00:00,DL,208,208,0,0,3.298076923076923,0.0,12.5
2025-01-02 10:00:00,2025-01-02 11:00:00,AA,146,145,0,1,6.828767123287672,0.0,15.753424657534246
2025-02-05 17:00:00,2025-02-05 18:00:00,WN,198,198,0,0,7.7727272727272725,0.0,20.707070707070706
2025-04-16 09:00:00,2025-04-16 10:00:00,AA,135,135,0,0,3.8518518518518516,0.0,9.62962962962963
2025-01-10 19:00:00,2025-01-10 20:00:00,WN,122,111,11,0,4.828828828828829,9.01639344262295,16.216216216216218
2025-03-23 12:00:00,2025-03-23 13:00:00,WN,225,224,1,0,4.964285714285714,0.4444444444444444,14.732142857142858
2025-02-04 11:00:00,2025-02-04 12:00:00,AA,146,146,0,0,4.561643835616438,0.0,10.95890410958904
2025-03-13 19:00:00,2025-03-13 20:00:00,DL,167,167,0,0,6.395209580838324,0.0,15.568862275449101
2025-01-21 15:00:00,2025-01-21 16:00:00,WN,235,214,21,0,7.098130841121495,8.936170212765957,19.626168224299064
2025-04-05 23:00:00,2025-04-06 00:00:00,DL,27,26,0,1,27.296296296296298,0.0,14.814814814814815
2025-01-22 10:00:00,2025-01-22 11:00:00,DL,150,119,31,0,80.58823529411765,20.666666666666668,56.30252100840336
2025-02-16 11:00:00,2025-02-16 12:00:00,DL,174,169,3,2,54.099415204678365,1.7241379310344827,57.89473684210526
2025-01-28 20:00:00,2025-01-28 21:00:00,DL,65,65,0,0,-0.46153846153846156,0.0,9.23076923076923
2025-01-14 19:00:00,2025-01-14 20:00:00,UA,94,94,0,0,-0.14893617021276595,0.0,11.702127659574469
2025-01-12 15:00:00,2025-01-12 16:00:00,UA,91,91,0,0,8.054945054945055,0.0,20.87912087912088
2025-04-07 18:00:00,2025-04-07 19:00:00,AA,172,172,0,0,35.31395348837209,0.0,47.674418604651166
2025-02-02 17:00:00,2025-02-02 18:00:00,UA,147,146,1,0,16.04794520547945,0.6802721088435374,19.17808219178082
2025-03-10 15:00:00,2025-03-10 16:00:00,AA,144,141,2,1,26.43661971830986,1.3888888888888888,35.2112676056338
2025-04-12 00:00:00,2025-04-12 01:00:00,AA,9,9,0,0,-3.111111111111111,0.0,11.11111111111111
2025-03-22 13:00:00,2025-03-22 14:00:00,AA,131,130,0,1,18.610687022900763,0.0,17.557251908396946
2025-01-17 02:00:00,2025-01-17 03:00:00,UA,1,1,0,0,-10.0,0.0,0.0
2025-02-02 22:00:00,2025-02-02 23:00:00,DL,91,90,0,1,4.989010989010989,0.0,14.285714285714286
2025-01-12 09:00:00,2025-01-12 10:00:00,AA,136,136,0,0,20.095588235294116,0.0,19.11764705882353
2025-01-16 13:00:00,2025-01-16 14:00:00,DL,140,140,0,0,0.8714285714285714,0.0,12.857142857142858
2025-04-30 18:00:00,2025-04-30 19:00:00,UA,136,131,0,5,18.029411764705884,0.0,20.58823529411765
2025-01-29 18:00:00,2025-01-29 19:00:00,UA,127,126,0,1,-2.858267716535433,0.0,4.724409448818897
2025-03-24 06:00:00,2025-03-24 07:00:00,UA,142,142,0,0,0.1056338028169014,0.0,5.633802816901408
2025-02-18 06:00:00,2025-02-18 07:00:00,AA,181,180,1,0,11.255555555555556,0.5524861878453039,15.0
2025-03-24 10:00:00,2025-03-24 11:00:00,DL,161,161,0,0,6.6521739130434785,0.0,18.012422360248447
2025-01-09 09:00:00,2025-01-09 10:00:00,UA,155,149,4,2,9.463576158940397,2.5806451612903225,21.85430463576159
2025-04-18 17:00:00,2025-04-18 18:00:00,DL,185,185,0,0,4.075675675675676,0.0,10.81081081081081
2025-03-01 16:00:00,2025-03-01 17:00:00,WN,191,190,1,0,7.352631578947369,0.5235602094240838,15.263157894736842
2025-03-18 08:00:00,2025-03-18 09:00:00,WN,270,269,1,0,0.9628252788104089,0.37037037037037035,6.319702602230484
2025-01-06 23:00:00,2025-01-07 00:00:00,DL,21,21,0,0,15.19047619047619,0.0,19.047619047619047
2025-01-18 14:00:00,2025-01-18 15:00:00,AA,121,121,0,0,1.7603305785123966,0.0,9.917355371900827
2025-02-19 14:00:00,2025-02-19 15:00:00,UA,124,123,0,1,7.096774193548387,0.0,20.161290322580644
2025-03-29 12:00:00,2025-03-29 13:00:00,AA,128,128,0,0,21.0625,0.0,26.5625
2025-01-11 15:00:00,2025-01-11 16:00:00,AA,108,107,1,0,30.130841121495326,0.9259259259259259,34.57943925233645
2025-03-22 09:00:00,2025-03-22 10:00:00,WN,197,197,0,0,-0.5888324873096447,0.0,3.553299492385787
2025-02-27 08:00:00,2025-02-27 09:00:00,DL,176,176,0,0,2.25,0.0,7.954545454545454
2025-01-12 19:00:00,2025-01-12 20:00:00,DL,120,120,0,0,26.666666666666668,0.0,40.0
2025-02-19 15:00:00,2025-02-19 16:00:00,UA,91,91,0,0,6.769230769230769,0.0,18.681318681318682
2025-03-23 13:00:00,2025-03-23 14:00:00,DL,162,161,0,1,4.018518518518518,0.0,14.197530864197532
2025-04-27 08:00:00,2025-04-27 09:00:00,UA,161,161,0,0,0.7888198757763976,0.0,8.695652173913043
2025-01-08 00:00:00,2025-01-08 01:00:00,UA,3,3,0,0,-0.6666666666666666,0.0,0.0
2025-02-01 19:00:00,2025-02-01 20:00:00,WN,79,79,0,0,-0.6962025316455697,0.0,7.594936708860759
2025-02-09 12:00:00,2025-02-09 13:00:00,DL,154,153,1,0,7.7973856209150325,0.6493506493506493,17.647058823529413
2025-04-07 05:00:00,2025-04-07 06:00:00,WN,197,197,0,0,-1.8426395939086295,0.0,3.553299492385787
2025-03-07 19:00:00,2025-03-07 20:00:00,DL,166,166,0,0,8.963855421686747,0.0,21.08433734939759
2025-03-05 12:00:00,2025-03-05 13:00:00,DL,174,172,2,0,26.302325581395348,1.1494252873563218,32.55813953488372
2025-03-24 17:00:00,2025-03-24 18:00:00,WN,244,244,0,0,13.668032786885245,0.0,30.737704918032787
2025-03-04 01:00:00,2025-03-04 02:00:00,DL,2,2,0,0,-6.5,0.0,0.0
2025-04-14 23:00:00,2025-04-15 00:00:00,AA,33,33,0,0,-3.8484848484848486,0.0,9.090909090909092
2025-03-07 06:00:00,2025-03-07 07:00:00,UA,143,143,0,0,-3.4335664335664338,0.0,3.4965034965034967
2025-04-08 12:00:00,2025-04-08 13:00:00,AA,146,141,3,2,33.86713286713287,2.0547945205479454,23.076923076923077
2025-03-20 20:00:00,2025-03-20 21:00:00,WN,275,274,0,1,15.367272727272727,0.0,28.363636363636363
2025-01-19 16:00:00,2025-01-19 17:00:00,UA,114,105,8,1,21.62264150943396,7.017543859649122,21.69811320754717
2025-01-30 19:00:00,2025-01-30 20:00:00,UA,104,103,0,1,2.375,0.0,7.6923076923076925
2025-01-06 07:00:00,2025-01-06 08:00:00,DL,221,209,12,0,11.655502392344498,5.429864253393665,17.70334928229665
2025-02-06 13:00:00,2025-02-06 14:00:00,AA,141,139,2,0,18.0,1.4184397163120568,25.179856115107913
2025-01-27 07:00:00,2025-01-27 08:00:00,DL,229,228,0,1,3.445414847161572,0.0,8.296943231441048
2025-03-23 21:00:00,2025-03-23 22:00:00,WN,194,193,0,1,14.969072164948454,0.0,30.927835051546392
2025-04-18 23:00:00,2025-04-19 00:00:00,UA,35,35,0,0,8.428571428571429,0.0,20.0
2025-04-25 06:00:00,2025-04-25 07:00:00,DL,189,189,0,0,4.031746031746032,0.0,4.761904761904762
2025-01-08 11:00:00,2025-01-08 12:00:00,AA,146,145,0,1,10.36986301369863,0.0,15.753424657534246
2025-02-25 14:00:00,2025-02-25 15:00:00,UA,122,121,1,0,2.190082644628099,0.819672131147541,9.090909090909092
2025-01-01 18:00:00,2025-01-01 19:00:00,WN,251,251,0,0,8.625498007968128,0.0,22.310756972111555
2025-02-28 15:00:00,2025-02-28 16:00:00,DL,186,185,0,1,5.032258064516129,0.0,17.741935483870968
2025-01-07 18:00:00,2025-01-07 19:00:00,WN,264,255,9,0,21.0,3.409090909090909,45.88235294117647
2025-04-20 11:00:00,2025-04-20 12:00:00,UA,126,126,0,0,27.134920634920636,0.0,20.634920634920636
2025-02-13 12:00:00,2025-02-13 13:00:00,AA,137,135,0,2,24.83941605839416,0.0,37.956204379562045
2025-02-17 01:00:00,2025-02-17 02:00:00,UA,1,1,0,0,46.0,0.0,100.0
2025-03-05 07:00:00,2025-03-05 08:00:00,AA,173,162,11,0,10.845679012345679,6.358381502890174,16.666666666666668
2025-01-28 12:00:00,2025-01-28 13:00:00,WN,182,182,0,0,-2.6153846153846154,0.0,3.2967032967032965
2025-02-06 23:00:00,2025-02-07 00:00:00,UA,30,30,0,0,7.5,0.0,23.333333333333332
2025-04-08 09:00:00,2025-04-08 10:00:00,DL,134,132,1,1,-2.030075187969925,0.746268656716418,4.511278195488722
2025-04-01 16:00:00,2025-04-01 17:00:00,WN,239,236,1,2,6.894957983193278,0.41841004184100417,20.168067226890756
2025-04-29 14:00:00,2025-04-29 15:00:00,AA,144,144,0,0,9.756944444444445,0.0,11.805555555555555
2025-01-22 09:00:00,2025-01-22 10:00:00,AA,133,117,15,1,6.127118644067797,11.278195488721805,14.40677966101695
2025-03-30 17:00:00,2025-03-30 18:00:00,DL,184,180,2,2,33.043956043956044,1.0869565217391304,36.81318681318681
2025-03-14 05:00:00,2025-03-14 06:00:00,WN,195,194,1,0,-0.2422680412371134,0.5128205128205128,2.577319587628866
2025-03-05 17:00:00,2025-03-05 18:00:00,WN,204,203,0,1,12.720588235294118,0.0,24.50980392156863
2025-02-26 13:00:00,2025-02-26 14:00:00,AA,141,141,0,0,9.879432624113475,0.0,8.51063829787234
2025-01-06 01:00:00,2025-01-06 02:00:00,UA,1,1,0,0,29.0,0.0,100.0
2025-02-19 02:00:00,2025-02-19 03:00:00,UA,1,1,0,0,-10.0,0.0,0.0
2025-01-02 08:00:00,2025-01-02 09:00:00,AA,183,182,0,1,5.934426229508197,0.0,13.114754098360656
2025-02-04 07:00:00,2025-02-04 08:00:00,WN,190,188,1,1,-2.2962962962962963,0.5263157894736842,6.349206349206349
2025-01-06 06:00:00,2025-01-06 07:00:00,DL,180,162,18,0,10.166666666666666,10.0,11.11111111111111
2025-01-15 06:00:00,2025-01-15 07:00:00,AA,169,169,0,0,-1.8875739644970415,0.0,5.325443786982248
2025-02-12 09:00:00,2025-02-12 10:00:00,WN,237,227,9,1,5.214912280701754,3.7974683544303796,14.912280701754385
2025-01-13 18:00:00,2025-01-13 19:00:00,DL,146,146,0,0,8.178082191780822,0.0,12.32876712328767
2025-01-08 19:00:00,2025-01-08 20:00:00,WN,120,119,1,0,6.579831932773109,0.8333333333333334,15.126050420168067
2025-02-14 15:00:00,2025-02-14 16:00:00,WN,240,240,0,0,23.204166666666666,0.0,38.333333333333336
2025-02-03 08:00:00,2025-02-03 09:00:00,UA,181,179,1,1,4.822222222222222,0.5524861878453039,10.555555555555555
2025-01-04 11:00:00,2025-01-04 12:00:00,WN,211,210,0,1,9.990521327014218,0.0,23.222748815165875
2025-03-16 22:00:00,2025-03-16 23:00:00,UA,35,35,0,0,60.885714285714286,0.0,71.42857142857143
2025-03-26 08:00:00,2025-03-26 09:00:00,AA,198,198,0,0,6.106060606060606,0.0,10.606060606060606
2025-01-24 18:00:00,2025-01-24 19:00:00,DL,160,160,0,0,8.925,0.0,22.5
2025-04-06 05:00:00,2025-04-06 06:00:00,DL,69,69,0,0,-0.7101449275362319,0.0,5.797101449275362
2025-03-04 22:00:00,2025-03-04 23:00:00,AA,62,61,1,0,21.9672131147541,1.6129032258064515,19.672131147540984
2025-03-31 05:00:00,2025-03-31 06:00:00,WN,197,192,4,1,5.9067357512953365,2.030456852791878,7.253886010362694
2025-04-13 05:00:00,2025-04-13 06:00:00,UA,41,41,0,0,-2.926829268292683,0.0,2.4390243902439024
2025-03-26 11:00:00,2025-03-26 12:00:00,WN,226,224,1,1,2.111111111111111,0.4424778761061947,7.111111111111111
2025-02-11 06:00:00,2025-02-11 07:00:00,AA,171,171,0,0,7.216374269005848,0.0,5.847953216374269
2025-02-18 05:00:00,2025-02-18 06:00:00,WN,99,97,2,0,-0.32989690721649484,2.0202020202020203,5.154639175257732
2025-01-27 13:00:00,2025-01-27 14:00:00,DL,148,148,0,0,2.7162162162162162,0.0,10.135135135135135
2025-03-20 17:00:00,2025-03-20 18:00:00,AA,154,153,0,1,17.837662337662337,0.0,27.92207792207792
2025-04-20 01:00:00,2025-04-20 02:00:00,UA,1,1,0,0,-7.0,0.0,0.0
2025-04-06 15:00:00,2025-04-06 16:00:00,WN,226,225,1,0,28.32,0.4424778761061947,42.22222222222222
2025-03-23 18:00:00,2025-03-23 19:00:00,AA,166,165,0,1,9.94578313253012,0.0,23.49397590361446
2025-02-11 20:00:00,2025-02-11 21:00:00,DL,65,65,0,0,16.861538461538462,0.0,12.307692307692308
2025-03-17 22:00:00,2025-03-17 23:00:00,DL,101,101,0,0,13.643564356435643,0.0,31.683168316831683
2025-04-04 12:00:00,2025-04-04 13:00:00,WN,230,228,2,0,21.039473684210527,0.8695652173913043,32.01754385964912
2025-01-15 00:00:00,2025-01-15 01:00:00,UA,3,3,0,0,-7.0,0.0,0.0
2025-01-05 20:00:00,2025-01-05 21:00:00,DL,84,78,6,0,29.17948717948718,7.142857142857143,39.743589743589745
2025-03-23 13:00:00,2025-03-23 14:00:00,WN,240,237,1,2,6.142259414225942,0.4166666666666667,17.15481171548117
2025-04-19 08:00:00,2025-04-19 09:00:00,UA,154,153,1,0,2.954248366013072,0.6493506493506493,7.189542483660131
2025-04-17 15:00:00,2025-04-17 16:00:00,DL,191,189,0,2,11.00523560209424,0.0,15.706806282722512
2025-01-02 06:00:00,2025-01-02 07:00:00,DL,178,177,0,1,-0.601123595505618,0.0,6.741573033707865
2025-03-21 18:00:00,2025-03-21 19:00:00,UA,153,152,1,0,6.848684210526316,0.6535947712418301,17.763157894736842
2025-03-18 22:00:00,2025-03-18 23:00:00,AA,102,102,0,0,14.205882352941176,0.0,16.666666666666668
2025-04-17 14:00:00,2025-04-17 15:00:00,DL,152,149,0,3,13.914473684210526,0.0,21.710526315789473
2025-02-08 21:00:00,2025-02-08 22:00:00,UA,22,20,2,0,126.15,9.090909090909092,55.0
2025-02-09 23:00:00,2025-02-10 00:00:00,UA,34,33,0,1,0.14705882352941177,0.0,17.647058823529413
2025-03-18 06:00:00,2025-03-18 07:00:00,WN,302,301,1,0,-1.2292358803986712,0.33112582781456956,2.990033222591362
2025-02-14 05:00:00,2025-02-14 06:00:00,DL,69,69,0,0,18.507246376811594,0.0,15.942028985507246
2025-01-18 10:00:00,2025-01-18 11:00:00,AA,119,119,0,0,2.588235294117647,0.0,7.563025210084033
2025-04-14 11:00:00,2025-04-14 12:00:00,DL,211,210,0,1,6.957345971563981,0.0,10.90047393364929
2025-03-20 14:00:00,2025-03-20 15:00:00,DL,155,153,0,2,9.141935483870968,0.0,17.419354838709676
2025-02-24 23:00:00,2025-02-25 00:00:00,AA,27,27,0,0,-4.333333333333333,0.0,0.0
2025-04-03 10:00:00,2025-04-03 11:00:00,UA,132,130,2,0,12.115384615384615,1.5151515151515151,22.307692307692307
2025-03-07 10:00:00,2025-03-07 11:00:00,AA,135,135,0,0,5.42962962962963,0.0,12.592592592592593
2025-03-15 19:00:00,2025-03-15 20:00:00,AA,151,151,0,0,41.28476821192053,0.0,53.64238410596027
2025-02-18 17:00:00,2025-02-18 18:00:00,AA,140,127,13,0,9.834645669291339,9.285714285714286,20.47244094488189
2025-04-26 01:00:00,2025-04-26 02:00:00,AA,1,1,0,0,-9.0,0.0,0.0
2025-02-22 07:00:00,2025-02-22 08:00:00,UA,184,183,0,1,0.21739130434782608,0.0,7.065217391304348
2025-03-22 06:00:00,2025-03-22 07:00:00,AA,183,183,0,0,9.595628415300547,0.0,9.836065573770492
2025-01-06 16:00:00,2025-01-06 17:00:00,AA,147,142,5,0,50.225352112676056,3.401360544217687,52.11267605633803
2025-03-24 09:00:00,2025-03-24 10:00:00,UA,133,133,0,0,6.894736842105263,0.0,6.7669172932330826
2025-02-05 06:00:00,2025-02-05 07:00:00,WN,224,224,0,0,-3.575892857142857,0.0,1.3392857142857142
2025-04-01 14:00:00,2025-04-01 15:00:00,AA,145,145,0,0,13.606896551724137,0.0,24.137931034482758
2025-03-31 08:00:00,2025-03-31 09:00:00,WN,267,261,5,1,8.854961832061068,1.8726591760299625,17.938931297709924
2025-03-05 19:00:00,2025-03-05 20:00:00,UA,125,124,1,0,17.862903225806452,0.8,25.0
2025-03-24 14:00:00,2025-03-24 15:00:00,WN,247,247,0,0,11.1417004048583,0.0,25.910931174089068
2025-03-06 05:00:00,2025-03-06 06:00:00,DL,69,69,0,0,-1.9565217391304348,0.0,5.797101449275362
2025-04-27 14:00:00,2025-04-27 15:00:00,WN,218,217,1,0,10.658986175115208,0.45871559633027525,28.110599078341014
2025-03-31 14:00:00,2025-03-31 15:00:00,DL,150,141,7,2,67.35664335664336,4.666666666666667,60.83916083916084
2025-01-26 19:00:00,2025-01-26 20:00:00,WN,269,269,0,0,6.323420074349443,0.0,14.869888475836431
2025-04-04 18:00:00,2025-04-04 19:00:00,DL,166,165,0,1,11.849397590361447,0.0,25.903614457831324
2025-03-21 18:00:00,2025-03-21 19:00:00,AA,168,168,0,0,24.851190476190474,0.0,31.547619047619047
2025-03-29 07:00:00,2025-03-29 08:00:00,WN,229,228,1,0,-1.881578947368421,0.4366812227074236,2.6315789473684212
2025-02-09 21:00:00,2025-02-09 22:00:00,DL,73,73,0,0,-1.7123287671232876,0.0,8.219178082191782
2025-03-02 12:00:00,2025-03-02 13:00:00,AA,138,138,0,0,9.434782608695652,0.0,15.217391304347826
2025-04-23 20:00:00,2025-04-23 21:00:00,AA,131,131,0,0,12.34351145038168,0.0,28.244274809160306
2025-03-22 07:00:00,2025-03-22 08:00:00,UA,180,180,0,0,0.8,0.0,3.888888888888889
2025-02-27 18:00:00,2025-02-27 19:00:00,WN,206,206,0,0,9.898058252427184,0.0,23.78640776699029
2025-04-05 09:00:00,2025-04-05 10:00:00,UA,130,130,0,0,11.13076923076923,0.0,16.153846153846153
2025-02-13 09:00:00,2025-02-13 10:00:00,UA,138,138,0,0,18.58695652173913,0.0,21.014492753623188
2025-04-28 19:00:00,2025-04-28 20:00:00,WN,253,252,0,1,9.58498023715415,0.0,23.320158102766797
2025-01-07 08:00:00,2025-01-07 09:00:00,AA,176,172,4,0,12.029069767441861,2.272727272727273,17.441860465116278
2025-01-08 12:00:00,2025-01-08 13:00:00,UA,130,130,0,0,6.946153846153846,0.0,15.384615384615385
2025-04-05 15:00:00,2025-04-05 16:00:00,DL,167,166,0,1,16.81437125748503,0.0,24.550898203592816
2025-01-08 08:00:00,2025-01-08 09:00:00,UA,176,174,2,0,1.1264367816091954,1.1363636363636365,8.045977011494253
2025-01-26 15:00:00,2025-01-26 16:00:00,DL,184,184,0,0,4.592391304347826,0.0,12.5
2025-03-14 07:00:00,2025-03-14 08:00:00,WN,239,238,1,0,0.1722689075630252,0.41841004184100417,4.621848739495798
2025-03-21 00:00:00,2025-03-21 01:00:00,AA,10,10,0,0,0.0,0.0,10.0
2025-04-24 21:00:00,2025-04-24 22:00:00,UA,60,60,0,0,38.43333333333333,0.0,40.0
2025-01-27 08:00:00,2025-01-27 09:00:00,DL,174,174,0,0,1.6896551724137931,0.0,6.32183908045977
2025-03-05 07:00:00,2025-03-05 08:00:00,UA,180,179,1,0,-2.3910614525139664,0.5555555555555556,6.145251396648045
2025-03-06 17:00:00,2025-03-06 18:00:00,WN,249,246,1,2,14.55241935483871,0.40160642570281124,32.66129032258065
2025-04-20 19:00:00,2025-04-20 20:00:00,UA,139,139,0,0,33.96402877697842,0.0,37.410071942446045
2025-04-10 22:00:00,2025-04-10 23:00:00,AA,115,115,0,0,30.77391304347826,0.0,32.17391304347826
2025-02-24 00:00:00,2025-02-24 01:00:00,UA,3,3,0,0,-3.3333333333333335,0.0,0.0
2025-01-24 15:00:00,2025-01-24 16:00:00,WN,231,231,0,0,3.6666666666666665,0.0,13.852813852813853
2025-01-22 05:00:00,2025-01-22 06:00:00,DL,68,58,9,1,30.338983050847457,13.235294117647058,20.338983050847457
2025-04-19 01:00:00,2025-04-19 02:00:00,AA,1,1,0,0,-7.0,0.0,0.0
2025-02-25 14:00:00,2025-02-25 15:00:00,AA,149,149,0,0,5.6375838926174495,0.0,14.093959731543624
2025-02-28 18:00:00,2025-02-28 19:00:00,DL,161,161,0,0,7.173913043478261,0.0,18.012422360248447
2025-04-27 10:00:00,2025-04-27 11:00:00,UA,128,127,0,1,2.53125,0.0,14.0625
2025-01-02 00:00:00,2025-01-02 01:00:00,DL,1,1,0,0,-9.0,0.0,0.0
2025-03-03 00:00:00,2025-03-03 01:00:00,AA,12,12,0,0,-0.5,0.0,16.666666666666668
2025-04-01 11:00:00,2025-04-01 12:00:00,AA,164,164,0,0,13.164634146341463,0.0,20.73170731707317
2025-01-29 01:00:00,2025-01-29 02:00:00,DL,2,2,0,0,1.0,0.0,0.0
2025-04-25 14:00:00,2025-04-25 15:00:00,DL,156,154,0,2,7.461538461538462,0.0,15.384615384615385
2025-03-27 12:00:00,2025-03-27 13:00:00,DL,168,168,0,0,3.3273809523809526,0.0,10.714285714285714
2025-04-22 19:00:00,2025-04-22 20:00:00,WN,245,245,0,0,3.2775510204081635,0.0,13.877551020408163
2025-01-03 21:00:00,2025-01-03 22:00:00,AA,86,86,0,0,16.697674418604652,0.0,29.069767441860463
2025-02-11 10:00:00,2025-02-11 11:00:00,DL,150,150,0,0,0.8333333333333334,0.0,10.666666666666666
2025-04-12 23:00:00,2025-04-13 00:00:00,AA,30,29,0,1,0.6,0.0,6.666666666666667
2025-04-14 00:00:00,2025-04-14 01:00:00,AA,9,9,0,0,-3.4444444444444446,0.0,11.11111111111111
2025-04-19 11:00:00,2025-04-19 12:00:00,UA,118,118,0,0,1.0423728813559323,0.0,9.322033898305085
2025-03-25 06:00:00,2025-03-25 07:00:00,DL,187,187,0,0,1.2192513368983957,0.0,4.81283422459893
2025-01-04 00:00:00,2025-01-04 01:00:00,DL,2,2,0,0,-1.5,0.0,0.0
2025-04-08 18:00:00,2025-04-08 19:00:00,UA,120,120,0,0,11.908333333333333,0.0,20.0
2025-02-25 11:00:00,2025-02-25 12:00:00,AA,161,161,0,0,1.720496894409938,0.0,7.453416149068323
2025-03-22 21:00:00,2025-03-22 22:00:00,UA,48,48,0,0,13.541666666666666,0.0,27.083333333333332
2025-02-11 15:00:00,2025-02-11 16:00:00,UA,81,81,0,0,5.148148148148148,0.0,16.049382716049383
2025-04-27 21:00:00,2025-04-27 22:00:00,UA,63,62,1,0,13.161290322580646,1.5873015873015872,24.193548387096776
2025-02-11 20:00:00,2025-02-11 21:00:00,UA,74,74,0,0,13.72972972972973,0.0,36.486486486486484
2025-04-04 16:00:00,2025-04-04 17:00:00,AA,150,149,1,0,34.97986577181208,0.6666666666666666,43.624161073825505
2025-04-26 19:00:00,2025-04-26 20:00:00,DL,96,96,0,0,10.052083333333334,0.0,16.666666666666668
2025-02-03 09:00:00,2025-02-03 10:00:00,AA,129,129,0,0,18.65891472868217,0.0,12.4031007751938
2025-04-30 06:00:00,2025-04-30 07:00:00,WN,292,287,0,5,-1.7363013698630136,0.0,3.4246575342465753
2025-01-10 00:00:00,2025-01-10 01:00:00,UA,3,3,0,0,-3.6666666666666665,0.0,0.0
2025-02-24 22:00:00,2025-02-24 23:00:00,DL,93,93,0,0,0.7526881720430108,0.0,10.75268817204301
2025-01-14 12:00:00,2025-01-14 13:00:00,DL,146,146,0,0,-0.2808219178082192,0.0,9.58904109589041
2025-03-28 18:00:00,2025-03-28 19:00:00,AA,166,165,0,1,12.873493975903614,0.0,22.89156626506024
2025-04-26 22:00:00,2025-04-26 23:00:00,UA,36,36,0,0,38.638888888888886,0.0,30.555555555555557
2025-04-15 14:00:00,2025-04-15 15:00:00,UA,125,125,0,0,5.2,0.0,12.8
2025-02-10 05:00:00,2025-02-10 06:00:00,DL,68,68,0,0,-0.23529411764705882,0.0,8.823529411764707
2025-04-09 21:00:00,2025-04-09 22:00:00,UA,56,56,0,0,-0.5714285714285714,0.0,10.714285714285714
2025-04-14 21:00:00,2025-04-14 22:00:00,WN,193,193,0,0,7.963730569948186,0.0,22.797927461139896
2025-01-03 06:00:00,2025-01-03 07:00:00,AA,178,178,0,0,18.589887640449437,0.0,13.48314606741573
2025-01-31 10:00:00,2025-01-31 11:00:00,DL,157,156,1,0,1.3525641025641026,0.6369426751592356,9.615384615384615
2025-02-11 19:00:00,2025-02-11 20:00:00,AA,103,91,12,0,21.857142857142858,11.650485436893204,20.87912087912088
2025-03-13 17:00:00,2025-03-13 18:00:00,WN,243,242,1,0,19.681818181818183,0.411522633744856,32.231404958677686
2025-03-21 22:00:00,2025-03-21 23:00:00,AA,103,103,0,0,11.271844660194175,0.0,17.475728155339805
2025-04-09 22:00:00,2025-04-09 23:00:00,WN,7,7,0,0,-3.0,0.0,0.0
2025-03-02 06:00:00,2025-03-02 07:00:00,UA,125,125,0,0,-2.136,0.0,7.2
2025-01-04 19:00:00,2025-01-04 20:00:00,WN,234,228,5,1,35.620087336244545,2.1367521367521367,56.33187772925764
2025-01-08 21:00:00,2025-01-08 22:00:00,AA,78,73,5,0,16.0,6.410256410256411,19.17808219178082
2025-02-27 13:00:00,2025-02-27 14:00:00,AA,143,143,0,0,28.195804195804197,0.0,23.776223776223777
2025-03-28 14:00:00,2025-03-28 15:00:00,UA,129,128,0,1,5.961240310077519,0.0,17.05426356589147
2025-01-13 18:00:00,2025-01-13 19:00:00,UA,140,140,0,0,6.5285714285714285,0.0,16.428571428571427
2025-01-12 01:00:00,2025-01-12 02:00:00,UA,1,1,0,0,-1.0,0.0,0.0
2025-02-13 13:00:00,2025-02-13 14:00:00,AA,144,143,0,1,24.694444444444443,0.0,38.19444444444444
2025-04-12 01:00:00,2025-04-12 02:00:00,DL,2,2,0,0,-13.5,0.0,0.0
2025-02-22 16:00:00,2025-02-22 17:00:00,DL,104,104,0,0,14.653846153846153,0.0,15.384615384615385
2025-02-08 18:00:00,2025-02-08 19:00:00,AA,141,122,18,1,13.56910569105691,12.76595744680851,8.130081300813009
2025-02-24 11:00:00,2025-02-24 12:00:00,UA,127,126,1,0,-0.1984126984126984,0.7874015748031497,6.349206349206349
2025-02-16 07:00:00,2025-02-16 08:00:00,DL,206,204,1,1,29.726829268292683,0.4854368932038835,26.341463414634145
2025-01-10 19:00:00,2025-01-10 20:00:00,DL,125,75,50,0,64.42666666666666,40.0,49.333333333333336
2025-03-31 09:00:00,2025-03-31 10:00:00,WN,236,233,2,1,15.944444444444445,0.847457627118644,24.786324786324787
2025-01-17 13:00:00,2025-01-17 14:00:00,UA,133,133,0,0,3.18796992481203,0.0,9.774436090225564
2025-04-10 08:00:00,2025-04-10 09:00:00,AA,203,203,0,0,7.137931034482759,0.0,8.866995073891626
2025-02-08 12:00:00,2025-02-08 13:00:00,UA,114,113,1,0,1.0,0.8771929824561403,8.849557522123893
2025-04-14 18:00:00,2025-04-14 19:00:00,AA,171,170,1,0,23.03529411764706,0.5847953216374269,26.470588235294116
2025-04-12 14:00:00,2025-04-12 15:00:00,DL,117,117,0,0,11.068376068376068,0.0,23.931623931623932
2025-03-29 22:00:00,2025-03-29 23:00:00,DL,76,76,0,0,15.302631578947368,0.0,25.0
2025-02-12 08:00:00,2025-02-12 09:00:00,WN,246,242,4,0,4.086776859504132,1.6260162601626016,10.330578512396695
2025-04-06 20:00:00,2025-04-06 21:00:00,DL,118,103,15,0,78.69902912621359,12.711864406779661,55.33980582524272
2025-04-15 06:00:00,2025-04-15 07:00:00,WN,292,292,0,0,-2.7636986301369864,0.0,2.0547945205479454
2025-01-25 16:00:00,2025-01-25 17:00:00,AA,127,127,0,0,3.7086614173228347,0.0,13.385826771653543
2025-03-24 08:00:00,2025-03-24 09:00:00,DL,182,181,0,1,4.06043956043956,0.0,7.6923076923076925
2025-04-25 23:00:00,2025-04-26 00:00:00,WN,6,6,0,0,14.166666666666666,0.0,16.666666666666668
2025-03-07 10:00:00,2025-03-07 11:00:00,WN,237,235,1,1,9.76271186440678,0.4219409282700422,19.06779661016949
2025-03-17 12:00:00,2025-03-17 13:00:00,DL,167,164,2,1,17.272727272727273,1.1976047904191616,27.272727272727273
2025-01-01 19:00:00,2025-01-01 20:00:00,AA,131,131,0,0,5.145038167938932,0.0,18.3206106870229
2025-03-30 23:00:00,2025-03-31 00:00:00,WN,9,9,0,0,19.88888888888889,0.0,33.333333333333336
2025-04-11 21:00:00,2025-04-11 22:00:00,DL,102,101,1,0,17.88118811881188,0.9803921568627451,29.702970297029704
2025-04-25 19:00:00,2025-04-25 20:00:00,DL,181,180,0,1,10.668508287292818,0.0,17.679558011049725
2025-03-27 22:00:00,2025-03-27 23:00:00,WN,138,137,1,0,3.2554744525547443,0.7246376811594203,16.78832116788321
2025-01-23 12:00:00,2025-01-23 13:00:00,WN,182,175,7,0,4.651428571428571,3.8461538461538463,9.714285714285714
2025-03-19 18:00:00,2025-03-19 19:00:00,AA,166,163,3,0,38.19631901840491,1.8072289156626506,38.03680981595092
2025-04-23 08:00:00,2025-04-23 09:00:00,DL,193,193,0,0,1.1813471502590673,0.0,7.253886010362694
2025-01-26 22:00:00,2025-01-26 23:00:00,WN,3,3,0,0,-4.666666666666667,0.0,0.0
2025-03-07 13:00:00,2025-03-07 14:00:00,DL,147,147,0,0,5.673469387755102,0.0,11.564625850340136
2025-04-02 23:00:00,2025-04-03 00:00:00,DL,36,35,1,0,8.571428571428571,2.7777777777777777,17.142857142857142
2025-04-05 12:00:00,2025-04-05 13:00:00,DL,145,145,0,0,9.255172413793103,0.0,20.689655172413794
2025-03-17 23:00:00,2025-03-18 00:00:00,AA,27,26,1,0,0.3076923076923077,3.7037037037037037,7.6923076923076925
2025-04-20 16:00:00,2025-04-20 17:00:00,DL,141,141,0,0,8.191489361702128,0.0,17.73049645390071
2025-01-31 01:00:00,2025-01-31 02:00:00,UA,1,1,0,0,-14.0,0.0,0.0
2025-01-18 16:00:00,2025-01-18 17:00:00,DL,105,104,0,1,2.419047619047619,0.0,12.380952380952381
2025-03-12 06:00:00,2025-03-12 07:00:00,AA,190,190,0,0,-3.2421052631578946,0.0,4.2105263157894735
2025-02-22 21:00:00,2025-02-22 22:00:00,WN,105,105,0,0,7.438095238095238,0.0,16.19047619047619
2025-02-13 15:00:00,2025-02-13 16:00:00,DL,186,186,0,0,37.03763440860215,0.0,48.38709677419355
2025-03-19 13:00:00,2025-03-19 14:00:00,WN,235,230,5,0,4.678260869565217,2.127659574468085,13.043478260869565
2025-01-27 14:00:00,2025-01-27 15:00:00,AA,148,147,0,1,3.141891891891892,0.0,14.864864864864865
2025-01-15 07:00:00,2025-01-15 08:00:00,DL,213,213,0,0,-0.3568075117370892,0.0,5.633802816901408
2025-02-22 13:00:00,2025-02-22 14:00:00,WN,198,196,0,2,5.717171717171717,0.0,13.636363636363637
2025-02-06 19:00:00,2025-02-06 20:00:00,UA,105,103,1,1,33.64423076923077,0.9523809523809523,48.07692307692308
2025-02-16 08:00:00,2025-02-16 09:00:00,WN,276,267,9,0,18.280898876404493,3.260869565217391,19.10112359550562
2025-04-03 08:00:00,2025-04-03 09:00:00,WN,266,259,7,0,5.5096525096525095,2.6315789473684212,12.355212355212355
2025-02-01 08:00:00,2025-02-01 09:00:00,UA,163,163,0,0,5.208588957055214,0.0,7.975460122699387
2025-01-04 11:00:00,2025-01-04 12:00:00,AA,133,133,0,0,14.563909774436091,0.0,24.06015037593985
2025-01-26 18:00:00,2025-01-26 19:00:00,WN,221,221,0,0,8.53393665158371,0.0,23.076923076923077
2025-04-19 00:00:00,2025-04-19 01:00:00,UA,8,8,0,0,1.5,0.0,12.5
2025-04-21 12:00:00,2025-04-21 13:00:00,DL,187,187,0,0,8.925133689839573,0.0,15.508021390374331
2025-02-18 20:00:00,2025-02-18 21:00:00,DL,73,73,0,0,15.753424657534246,0.0,32.87671232876713
2025-04-18 20:00:00,2025-04-18 21:00:00,UA,83,81,2,0,32.53086419753087,2.4096385542168677,35.80246913580247
2025-01-04 23:00:00,2025-01-05 00:00:00,AA,38,38,0,0,4.973684210526316,0.0,13.157894736842104
2025-04-06 10:00:00,2025-04-06 11:00:00,UA,127,126,0,1,4.881889763779528,0.0,11.811023622047244
2025-03-18 17:00:00,2025-03-18 18:00:00,AA,154,154,0,0,22.006493506493506,0.0,26.623376623376622
2025-03-07 11:00:00,2025-03-07 12:00:00,UA,126,126,0,0,6.23015873015873,0.0,15.079365079365079
2025-04-12 15:00:00,2025-04-12 16:00:00,WN,204,204,0,0,6.5931372549019605,0.0,19.607843137254903
2025-03-27 13:00:00,2025-03-27 14:00:00,DL,158,158,0,0,4.3164556962025316,0.0,10.759493670886076
2025-04-29 23:00:00,2025-04-30 00:00:00,WN,6,6,0,0,-1.8333333333333333,0.0,0.0
2025-01-30 01:00:00,2025-01-30 02:00:00,DL,2,2,0,0,31.0,0.0,50.0
2025-03-14 12:00:00,2025-03-14 13:00:00,AA,147,119,28,0,17.689075630252102,19.047619047619047,22.689075630252102
2025-03-23 23:00:00,2025-03-24 00:00:00,UA,46,46,0,0,-0.5,0.0,10.869565217391305
2025-02-07 14:00:00,2025-02-07 15:00:00,DL,134,134,0,0,4.417910447761194,0.0,15.671641791044776
2025-02-14 23:00:00,2025-02-15 00:00:00,AA,30,30,0,0,7.5,0.0,26.666666666666668
2025-04-01 17:00:00,2025-04-01 18:00:00,DL,175,174,1,0,12.172413793103448,0.5714285714285714,18.96551724137931
2025-03-30 17:00:00,2025-03-30 18:00:00,UA,134,134,0,0,52.985074626865675,0.0,55.97014925373134
2025-01-23 22:00:00,2025-01-23 23:00:00,AA,90,88,2,0,16.272727272727273,2.2222222222222223,23.863636363636363
2025-02-02 22:00:00,2025-02-02 23:00:00,AA,89,89,0,0,10.741573033707866,0.0,16.853932584269664
2025-02-20 17:00:00,2025-02-20 18:00:00,UA,148,146,1,1,10.421768707482993,0.6756756756756757,19.047619047619047
2025-04-23 05:00:00,2025-04-23 06:00:00,DL,75,75,0,0,7.973333333333334,0.0,9.333333333333334
2025-03-24 20:00:00,2025-03-24 21:00:00,WN,274,274,0,0,8.697080291970803,0.0,23.357664233576642
2025-01-10 01:00:00,2025-01-10 02:00:00,UA,1,1,0,0,101.0,0.0,100.0
2025-02-26 14:00:00,2025-02-26 15:00:00,UA,123,123,0,0,-0.42276422764227645,0.0,6.504065040650406
2025-02-11 19:00:00,2025-02-11 20:00:00,WN,119,116,3,0,19.129310344827587,2.5210084033613445,32.758620689655174
2025-04-09 12:00:00,2025-04-09 13:00:00,UA,121,119,2,0,-1.6302521008403361,1.6528925619834711,5.042016806722689
2025-02-17 11:00:00,2025-02-17 12:00:00,UA,127,127,0,0,22.496062992125985,0.0,25.984251968503937
2025-02-02 06:00:00,2025-02-02 07:00:00,WN,299,298,1,0,-1.1476510067114094,0.33444816053511706,3.6912751677852347
2025-01-07 16:00:00,2025-01-07 17:00:00,DL,97,97,0,0,4.525773195876289,0.0,14.43298969072165
2025-02-19 20:00:00,2025-02-19 21:00:00,WN,167,166,1,0,11.58433734939759,0.5988023952095808,26.50602409638554
2025-01-06 23:00:00,2025-01-07 00:00:00,UA,43,41,2,0,11.682926829268293,4.651162790697675,34.146341463414636
2025-01-02 19:00:00,2025-01-02 20:00:00,UA,108,101,0,7,9.166666666666666,0.0,19.444444444444443
2025-03-13 15:00:00,2025-03-13 16:00:00,AA,142,142,0,0,10.32394366197183,0.0,19.718309859154928
2025-04-13 19:00:00,2025-04-13 20:00:00,UA,140,140,0,0,2.4571428571428573,0.0,9.285714285714286
2025-02-03 08:00:00,2025-02-03 09:00:00,AA,195,194,0,1,7.579487179487179,0.0,9.23076923076923
2025-03-24 07:00:00,2025-03-24 08:00:00,WN,239,238,1,0,2.5798319327731094,0.41841004184100417,7.142857142857143
2025-04-19 18:00:00,2025-04-19 19:00:00,WN,262,262,0,0,4.431297709923665,0.0,16.03053435114504
2025-02-27 16:00:00,2025-02-27 17:00:00,AA,152,152,0,0,21.111842105263158,0.0,25.0
2025-01-19 06:00:00,2025-01-19 07:00:00,AA,158,158,0,0,3.0253164556962027,0.0,3.7974683544303796
2025-01-14 17:00:00,2025-01-14 18:00:00,AA,147,147,0,0,0.8299319727891157,0.0,9.523809523809524
2025-04-22 14:00:00,2025-04-22 15:00:00,WN,221,220,0,1,2.253393665158371,0.0,10.407239819004525
2025-01-11 00:00:00,2025-01-11 01:00:00,DL,1,1,0,0,-6.0,0.0,0.0
2025-03-05 05:00:00,2025-03-05 06:00:00,UA,28,27,1,0,2.259259259259259,3.5714285714285716,14.814814814814815
2025-01-18 06:00:00,2025-01-18 07:00:00,WN,192,191,0,1,0.359375,0.0,4.166666666666667
2025-03-01 10:00:00,2025-03-01 11:00:00,WN,234,234,0,0,1.4401709401709402,0.0,6.410256410256411
2025-02-10 13:00:00,2025-02-10 14:00:00,UA,136,134,1,1,4.466666666666667,0.7352941176470589,12.592592592592593
2025-02-20 23:00:00,2025-02-21 00:00:00,AA,31,31,0,0,13.870967741935484,0.0,19.35483870967742
2025-02-09 05:00:00,2025-02-09 06:00:00,UA,24,23,1,0,-1.9130434782608696,4.166666666666667,4.3478260869565215
2025-04-30 21:00:00,2025-04-30 22:00:00,AA,87,77,10,0,32.16883116883117,11.494252873563218,31.16883116883117
2025-02-26 20:00:00,2025-02-26 21:00:00,UA,78,78,0,0,1.8717948717948718,0.0,14.102564102564102
2025-02-14 12:00:00,2025-02-14 13:00:00,AA,138,137,0,1,25.36231884057971,0.0,23.91304347826087
2025-04-23 10:00:00,2025-04-23 11:00:00,WN,257,257,0,0,10.151750972762645,0.0,21.78988326848249
2025-04-24 13:00:00,2025-04-24 14:00:00,AA,148,140,7,1,25.163120567375888,4.72972972972973,34.751773049645394
2025-02-16 05:00:00,2025-02-16 06:00:00,DL,62,62,0,0,31.387096774193548,0.0,16.129032258064516
2025-01-07 11:00:00,2025-01-07 12:00:00,UA,116,113,2,1,27.62280701754386,1.7241379310344827,40.35087719298246
2025-04-17 08:00:00,2025-04-17 09:00:00,DL,195,195,0,0,1.8461538461538463,0.0,9.23076923076923
2025-02-25 23:00:00,2025-02-26 00:00:00,WN,2,2,0,0,-5.5,0.0,0.0
2025-01-01 21:00:00,2025-01-01 22:00:00,AA,87,87,0,0,11.885057471264368,0.0,19.54022988505747
2025-03-13 17:00:00,2025-03-13 18:00:00,UA,140,140,0,0,8.221428571428572,0.0,13.571428571428571
2025-02-13 13:00:00,2025-02-13 14:00:00,WN,225,217,6,2,43.57534246575342,2.6666666666666665,48.401826484018265
2025-04-13 11:00:00,2025-04-13 12:00:00,UA,127,127,0,0,0.4645669291338583,0.0,8.661417322834646
2025-02-17 21:00:00,2025-02-17 22:00:00,DL,94,94,0,0,40.41489361702128,0.0,47.87234042553192
2025-02-02 18:00:00,2025-02-02 19:00:00,AA,165,165,0,0,6.696969696969697,0.0,18.181818181818183
2025-03-14 07:00:00,2025-03-14 08:00:00,AA,221,217,3,1,0.7293577981651376,1.3574660633484164,7.798165137614679
2025-03-11 12:00:00,2025-03-11 13:00:00,AA,144,143,1,0,0.7272727272727273,0.6944444444444444,9.090909090909092
2025-03-01 06:00:00,2025-03-01 07:00:00,DL,173,168,0,5,0.5317919075144508,0.0,5.202312138728324
2025-03-16 18:00:00,2025-03-16 19:00:00,UA,150,146,3,1,79.19047619047619,2.0,61.224489795918366
2025-03-01 18:00:00,2025-03-01 19:00:00,WN,227,227,0,0,4.6784140969163,0.0,12.775330396475772
2025-01-25 19:00:00,2025-01-25 20:00:00,AA,100,99,0,1,6.26,0.0,13.0
2025-03-11 11:00:00,2025-03-11 12:00:00,WN,226,223,3,0,3.6053811659192827,1.3274336283185841,10.762331838565023
2025-03-12 20:00:00,2025-03-12 21:00:00,DL,97,97,0,0,2.7422680412371134,0.0,14.43298969072165
2025-04-22 17:00:00,2025-04-22 18:00:00,UA,126,126,0,0,2.6587301587301586,0.0,9.523809523809524
2025-01-24 10:00:00,2025-01-24 11:00:00,UA,117,116,0,1,0.7350427350427351,0.0,10.256410256410257
2025-03-10 21:00:00,2025-03-10 22:00:00,AA,87,85,2,0,11.823529411764707,2.2988505747126435,28.235294117647058
2025-04-03 17:00:00,2025-04-03 18:00:00,AA,152,148,2,2,42.68,1.3157894736842106,52.0
2025-02-01 13:00:00,2025-02-01 14:00:00,UA,119,119,0,0,8.512605042016807,0.0,16.80672268907563
2025-03-19 14:00:00,2025-03-19 15:00:00,DL,144,142,1,1,5.734265734265734,0.6944444444444444,14.685314685314685
2025-01-10 01:00:00,2025-01-10 02:00:00,AA,1,1,0,0,-4.0,0.0,0.0
2025-04-03 18:00:00,2025-04-03 19:00:00,DL,168,167,0,1,27.232142857142858,0.0,40.476190476190474
2025-03-26 17:00:00,2025-03-26 18:00:00,UA,136,136,0,0,7.463235294117647,0.0,16.91176470588235
2025-04-04 13:00:00,2025-04-04 14:00:00,UA,129,128,0,1,22.96124031007752,0.0,32.55813953488372
2025-04-18 00:00:00,2025-04-18 01:00:00,UA,8,8,0,0,16.25,0.0,25.0
2025-04-02 12:00:00,2025-04-02 13:00:00,AA,146,140,5,1,40.5886524822695,3.4246575342465753,50.354609929078016
2025-01-18 05:00:00,2025-01-18 06:00:00,AA,81,81,0,0,4.037037037037037,0.0,4.938271604938271
2025-04-06 10:00:00,2025-04-06 11:00:00,WN,237,236,0,1,9.734177215189874,0.0,15.189873417721518
2025-03-23 07:00:00,2025-03-23 08:00:00,UA,199,199,0,0,-2.341708542713568,0.0,4.522613065326633
2025-04-12 00:00:00,2025-04-12 01:00:00,DL,7,6,1,0,-5.166666666666667,14.285714285714286,0.0
2025-03-04 07:00:00,2025-03-04 08:00:00,UA,180,179,1,0,-1.5363128491620113,0.5555555555555556,7.82122905027933
2025-03-13 11:00:00,2025-03-13 12:00:00,AA,166,166,0,0,7.216867469879518,0.0,15.662650602409638
2025-03-15 13:00:00,2025-03-15 14:00:00,WN,237,236,1,0,21.673728813559322,0.4219409282700422,38.13559322033898
2025-01-19 11:00:00,2025-01-19 12:00:00,DL,164,163,0,1,9.615853658536585,0.0,20.121951219512194
2025-03-12 09:00:00,2025-03-12 10:00:00,UA,131,130,0,1,2.450381679389313,0.0,8.396946564885496
2025-02-27 10:00:00,2025-02-27 11:00:00,UA,127,126,1,0,1.9523809523809523,0.7874015748031497,7.936507936507937
2025-04-29 10:00:00,2025-04-29 11:00:00,DL,158,158,0,0,-3.2531645569620253,0.0,4.430379746835443
2025-01-07 10:00:00,2025-01-07 11:00:00,WN,200,179,20,1,13.011111111111111,10.0,23.88888888888889
2025-03-10 05:00:00,2025-03-10 06:00:00,UA,42,42,0,0,-2.9523809523809526,0.0,7.142857142857143
2025-01-01 19:00:00,2025-01-01 20:00:00,UA,104,100,3,1,12.881188118811881,2.8846153846153846,15.841584158415841
2025-01-05 18:00:00,2025-01-05 19:00:00,AA,167,139,27,1,55.52142857142857,16.167664670658684,52.142857142857146
2025-01-21 07:00:00,2025-01-21 08:00:00,DL,229,219,10,0,10.374429223744292,4.366812227074236,18.264840182648403
2025-02-10 12:00:00,2025-02-10 13:00:00,DL,172,172,0,0,5.3313953488372094,0.0,11.046511627906977
2025-03-07 19:00:00,2025-03-07 20:00:00,WN,224,224,0,0,23.830357142857142,0.0,41.517857142857146
2025-03-21 14:00:00,2025-03-21 15:00:00,UA,129,129,0,0,14.643410852713178,0.0,16.27906976744186
2025-01-11 12:00:00,2025-01-11 13:00:00,UA,112,112,0,0,7.714285714285714,0.0,19.642857142857142
2025-04-26 12:00:00,2025-04-26 13:00:00,DL,165,165,0,0,3.515151515151515,0.0,12.727272727272727
2025-04-24 17:00:00,2025-04-24 18:00:00,DL,187,187,0,0,13.802139037433156,0.0,25.668449197860962
2025-04-28 10:00:00,2025-04-28 11:00:00,WN,240,240,0,0,3.2333333333333334,0.0,10.833333333333334
2025-02-13 09:00:00,2025-02-13 10:00:00,AA,129,128,0,1,11.155038759689923,0.0,22.48062015503876
2025-02-03 09:00:00,2025-02-03 10:00:00,UA,156,155,1,0,2.458064516129032,0.6410256410256411,9.67741935483871
2025-01-31 18:00:00,2025-01-31 19:00:00,UA,142,142,0,0,7.211267605633803,0.0,23.943661971830984
2025-01-02 12:00:00,2025-01-02 13:00:00,UA,116,116,0,0,0.7068965517241379,0.0,7.758620689655173
2025-01-26 20:00:00,2025-01-26 21:00:00,WN,180,180,0,0,4.427777777777778,0.0,13.88888888888889
2025-02-22 15:00:00,2025-02-22 16:00:00,DL,151,151,0,0,6.105960264900662,0.0,13.245033112582782
2025-03-27 14:00:00,2025-03-27 15:00:00,WN,247,247,0,0,6.931174089068826,0.0,19.02834008097166
2025-04-13 20:00:00,2025-04-13 21:00:00,UA,84,84,0,0,2.7738095238095237,0.0,10.714285714285714
2025-02-02 10:00:00,2025-02-02 11:00:00,AA,137,137,0,0,3.0364963503649633,0.0,10.94890510948905
2025-01-27 11:00:00,2025-01-27 12:00:00,DL,187,187,0,0,3.2887700534759357,0.0,9.090909090909092
2025-02-01 13:00:00,2025-02-01 14:00:00,WN,202,202,0,0,1.4405940594059405,0.0,8.910891089108912
2025-01-07 06:00:00,2025-01-07 07:00:00,DL,178,175,3,0,2.862857142857143,1.6853932584269662,10.285714285714286
2025-04-25 19:00:00,2025-04-25 20:00:00,WN,253,253,0,0,28.537549407114625,0.0,51.383399209486164
2025-04-06 23:00:00,2025-04-07 00:00:00,DL,42,39,3,0,21.384615384615383,7.142857142857143,30.76923076923077
2025-04-20 16:00:00,2025-04-20 17:00:00,WN,233,233,0,0,7.532188841201717,0.0,13.733905579399142
2025-03-18 19:00:00,2025-03-18 20:00:00,UA,115,114,1,0,16.44736842105263,0.8695652173913043,23.68421052631579
2025-04-06 10:00:00,2025-04-06 11:00:00,AA,159,158,0,1,12.333333333333334,0.0,22.0125786163522
2025-04-14 12:00:00,2025-04-14 13:00:00,UA,121,121,0,0,-0.9008264462809917,0.0,5.785123966942149
2025-03-11 22:00:00,2025-03-11 23:00:00,WN,10,10,0,0,12.1,0.0,30.0
2025-04-29 17:00:00,2025-04-29 18:00:00,WN,248,247,1,0,10.518218623481781,0.4032258064516129,21.86234817813765
2025-04-02 12:00:00,2025-04-02 13:00:00,DL,165,165,0,0,13.139393939393939,0.0,24.848484848484848
2025-02-08 12:00:00,2025-02-08 13:00:00,WN,195,194,1,0,0.5979381443298969,0.5128205128205128,7.731958762886598
2025-04-13 15:00:00,2025-04-13 16:00:00,DL,186,186,0,0,6.537634408602151,0.0,13.978494623655914
2025-04-11 13:00:00,2025-04-11 14:00:00,AA,144,144,0,0,25.73611111111111,0.0,34.72222222222222
2025-01-26 16:00:00,2025-01-26 17:00:00,DL,143,142,1,0,5.140845070422535,0.6993006993006993,14.788732394366198
2025-01-16 12:00:00,2025-01-16 13:00:00,AA,133,132,0,1,5.481203007518797,0.0,9.022556390977444
2025-03-29 06:00:00,2025-03-29 07:00:00,UA,147,147,0,0,-2.639455782312925,0.0,5.442176870748299
2025-04-03 09:00:00,2025-04-03 10:00:00,UA,143,140,3,0,5.521428571428571,2.097902097902098,17.857142857142858
2025-04-20 22:00:00,2025-04-20 23:00:00,UA,37,37,0,0,40.189189189189186,0.0,27.027027027027028
2025-02-03 05:00:00,2025-02-03 06:00:00,AA,103,103,0,0,1.7184466019417475,0.0,7.766990291262136
2025-03-20 15:00:00,2025-03-20 16:00:00,AA,144,142,0,2,18.88888888888889,0.0,31.25
2025-04-11 07:00:00,2025-04-11 08:00:00,WN,278,278,0,0,3.161870503597122,0.0,6.474820143884892
2025-04-20 10:00:00,2025-04-20 11:00:00,DL,158,158,0,0,1.8544303797468353,0.0,8.227848101265822
2025-03-28 19:00:00,2025-03-28 20:00:00,DL,169,169,0,0,6.715976331360947,0.0,18.93491124260355
2025-04-15 18:00:00,2025-04-15 19:00:00,DL,164,164,0,0,0.3353658536585366,0.0,10.365853658536585
2025-02-15 19:00:00,2025-02-15 20:00:00,DL,96,96,0,0,48.270833333333336,0.0,56.25
2025-04-17 22:00:00,2025-04-17 23:00:00,DL,115,115,0,0,7.965217391304348,0.0,20.869565217391305
2025-02-13 05:00:00,2025-02-13 06:00:00,AA,104,104,0,0,13.298076923076923,0.0,6.730769230769231
2025-04-04 01:00:00,2025-04-04 02:00:00,DL,2,2,0,0,-3.5,0.0,0.0
2025-04-25 22:00:00,2025-04-25 23:00:00,WN,16,16,0,0,20.375,0.0,50.0
2025-02-02 13:00:00,2025-02-02 14:00:00,AA,141,140,0,1,9.595744680851064,0.0,12.76595744680851
2025-01-27 19:00:00,2025-01-27 20:00:00,UA,104,104,0,0,-2.105769230769231,0.0,8.653846153846153
2025-03-10 11:00:00,2025-03-10 12:00:00,UA,125,125,0,0,3.048,0.0,9.6
2025-04-23 21:00:00,2025-04-23 22:00:00,WN,95,95,0,0,16.073684210526316,0.0,34.73684210526316
2025-03-27 18:00:00,2025-03-27 19:00:00,UA,153,153,0,0,7.1568627450980395,0.0,14.379084967320262
2025-04-14 15:00:00,2025-04-14 16:00:00,AA,143,143,0,0,10.951048951048952,0.0,20.97902097902098
2025-01-30 12:00:00,2025-01-30 13:00:00,UA,136,136,0,0,6.154411764705882,0.0,13.970588235294118
2025-04-24 16:00:00,2025-04-24 17:00:00,WN,229,226,1,2,30.30701754385965,0.4366812227074236,46.49122807017544
2025-04-19 05:00:00,2025-04-19 06:00:00,WN,125,125,0,0,2.0,0.0,5.6
2025-01-29 05:00:00,2025-01-29 06:00:00,UA,25,25,0,0,1.4,0.0,8.0
2025-03-29 13:00:00,2025-03-29 14:00:00,UA,127,126,0,1,5.653543307086614,0.0,8.661417322834646
2025-03-21 08:00:00,2025-03-21 09:00:00,UA,173,173,0,0,1.0635838150289016,0.0,9.826589595375722
2025-04-15 01:00:00,2025-04-15 02:00:00,DL,2,2,0,0,-15.0,0.0,0.0
2025-02-23 21:00:00,2025-02-23 22:00:00,DL,95,95,0,0,8.652631578947368,0.0,16.842105263157894
2025-01-31 09:00:00,2025-01-31 10:00:00,DL,126,126,0,0,3.0952380952380953,0.0,10.317460317460318
2025-01-16 21:00:00,2025-01-16 22:00:00,AA,82,82,0,0,4.426829268292683,0.0,15.853658536585366
2025-01-21 19:00:00,2025-01-21 20:00:00,AA,104,96,7,1,32.123711340206185,6.730769230769231,23.711340206185568
2025-03-06 06:00:00,2025-03-06 07:00:00,WN,305,305,0,0,-0.09508196721311475,0.0,6.229508196721311
2025-04-24 22:00:00,2025-04-24 23:00:00,WN,16,16,0,0,14.625,0.0,25.0
2025-02-27 21:00:00,2025-02-27 22:00:00,UA,43,43,0,0,-0.813953488372093,0.0,6.976744186046512
2025-02-04 21:00:00,2025-02-04 22:00:00,UA,22,22,0,0,-8.727272727272727,0.0,0.0
2025-02-24 20:00:00,2025-02-24 21:00:00,WN,180,180,0,0,0.8277777777777777,0.0,10.555555555555555
2025-02-28 23:00:00,2025-03-01 00:00:00,WN,3,3,0,0,-6.333333333333333,0.0,0.0
2025-04-08 07:00:00,2025-04-08 08:00:00,WN,224,224,0,0,-1.2991071428571428,0.0,3.125
2025-01-08 10:00:00,2025-01-08 11:00:00,UA,113,112,1,0,4.982142857142857,0.8849557522123894,10.714285714285714
2025-01-26 11:00:00,2025-01-26 12:00:00,DL,185,185,0,0,-0.6486486486486487,0.0,7.5675675675675675
2025-03-15 09:00:00,2025-03-15 10:00:00,WN,197,197,0,0,10.299492385786802,0.0,18.781725888324875
2025-01-14 18:00:00,2025-01-14 19:00:00,DL,125,125,0,0,0.936,0.0,10.4
2025-01-17 09:00:00,2025-01-17 10:00:00,DL,127,127,0,0,-0.9291338582677166,0.0,5.511811023622047
2025-03-30 09:00:00,2025-03-30 10:00:00,WN,202,202,0,0,7.415841584158416,0.0,18.316831683168317
2025-03-23 15:00:00,2025-03-23 16:00:00,UA,88,87,0,1,4.431818181818182,0.0,10.227272727272727
2025-02-13 12:00:00,2025-02-13 13:00:00,UA,124,123,1,0,26.317073170731707,0.8064516129032258,33.333333333333336
2025-02-28 08:00:00,2025-02-28 09:00:00,WN,273,272,0,1,0.9377289377289377,0.0,5.4945054945054945
2025-03-30 07:00:00,2025-03-30 08:00:00,WN,233,232,1,0,2.168103448275862,0.4291845493562232,9.482758620689655
2025-03-19 06:00:00,2025-03-19 07:00:00,DL,186,186,0,0,-1.6612903225806452,0.0,2.150537634408602
2025-04-11 06:00:00,2025-04-11 07:00:00,AA,196,195,1,0,0.5794871794871795,0.5102040816326531,7.17948717948718
2025-01-11 14:00:00,2025-01-11 15:00:00,WN,240,240,0,0,7.133333333333334,0.0,15.0
2025-01-13 05:00:00,2025-01-13 06:00:00,UA,25,24,1,0,-6.333333333333333,4.0,0.0
2025-03-23 11:00:00,2025-03-23 12:00:00,WN,220,220,0,0,4.963636363636364,0.0,9.545454545454545
2025-03-11 18:00:00,2025-03-11 19:00:00,AA,168,168,0,0,2.75,0.0,10.714285714285714
2025-04-14 18:00:00,2025-04-14 19:00:00,DL,178,178,0,0,10.870786516853933,0.0,26.96629213483146
2025-03-08 01:00:00,2025-03-08 02:00:00,AA,1,1,0,0,3.0,0.0,0.0
2025-03-12 00:00:00,2025-03-12 01:00:00,UA,4,4,0,0,-7.0,0.0,0.0
2025-02-24 07:00:00,2025-02-24 08:00:00,DL,234,234,0,0,2.9316239316239314,0.0,7.6923076923076925
2025-04-28 11:00:00,2025-04-28 12:00:00,UA,123,116,2,5,0.049586776859504134,1.6260162601626016,9.090909090909092
2025-02-27 23:00:00,2025-02-28 00:00:00,AA,31,31,0,0,5.129032258064516,0.0,16.129032258064516
2025-04-21 19:00:00,2025-04-21 20:00:00,UA,137,137,0,0,15.211678832116789,0.0,29.197080291970803
2025-03-22 12:00:00,2025-03-22 13:00:00,WN,179,178,1,0,2.904494382022472,0.5586592178770949,11.797752808988765
2025-01-27 18:00:00,2025-01-27 19:00:00,AA,144,144,0,0,10.375,0.0,16.666666666666668
2025-02-19 18:00:00,2025-02-19 19:00:00,AA,155,143,11,1,34.958333333333336,7.096774193548387,47.22222222222222
2025-01-25 20:00:00,2025-01-25 21:00:00,DL,63,63,0,0,3.2222222222222223,0.0,12.698412698412698
2025-03-02 13:00:00,2025-03-02 14:00:00,AA,143,143,0,0,5.027972027972028,0.0,11.888111888111888
2025-04-10 11:00:00,2025-04-10 12:00:00,AA,167,167,0,0,9.886227544910179,0.0,16.766467065868262
2025-03-11 20:00:00,2025-03-11 21:00:00,WN,180,180,0,0,1.8111111111111111,0.0,11.11111111111111
2025-02-07 18:00:00,2025-02-07 19:00:00,DL,157,157,0,0,1.2420382165605095,0.0,10.19108280254777
2025-02-23 06:00:00,2025-02-23 07:00:00,AA,183,183,0,0,1.8087431693989071,0.0,4.918032786885246
2025-04-17 17:00:00,2025-04-17 18:00:00,AA,163,163,0,0,32.47852760736196,0.0,29.447852760736197
2025-01-17 13:00:00,2025-01-17 14:00:00,AA,135,135,0,0,9.162962962962963,0.0,20.74074074074074
2025-01-01 00:00:00,2025-01-01 01:00:00,DL,1,1,0,0,-6.0,0.0,0.0
2025-03-10 19:00:00,2025-03-10 20:00:00,UA,128,128,0,0,-0.859375,0.0,7.8125
2025-04-20 20:00:00,2025-04-20 21:00:00,UA,86,85,1,0,65.41176470588235,1.1627906976744187,61.1764705882353
2025-03-28 07:00:00,2025-03-28 08:00:00,DL,246,246,0,0,0.6382113821138211,0.0,6.504065040650406
2025-04-13 16:00:00,2025-04-13 17:00:00,WN,233,233,0,0,8.008583690987125,0.0,19.742489270386265
2025-03-22 10:00:00,2025-03-22 11:00:00,UA,117,117,0,0,1.8888888888888888,0.0,11.965811965811966
2025-03-11 15:00:00,2025-03-11 16:00:00,AA,144,144,0,0,-0.875,0.0,11.11111111111111
2025-04-13 06:00:00,2025-04-13 07:00:00,AA,187,187,0,0,10.935828877005347,0.0,3.7433155080213902
2025-04-16 11:00:00,2025-04-16 12:00:00,WN,226,226,0,0,1.6150442477876106,0.0,7.079646017699115
2025-03-28 23:00:00,2025-03-29 00:00:00,DL,40,40,0,0,1.75,0.0,12.5
2025-01-20 12:00:00,2025-01-20 13:00:00,WN,225,225,0,0,20.186666666666667,0.0,39.55555555555556
2025-04-30 08:00:00,2025-04-30 09:00:00,DL,195,192,0,3,-1.7897435897435898,0.0,4.102564102564102
2025-01-18 22:00:00,2025-01-18 23:00:00,UA,23,23,0,0,-0.5652173913043478,0.0,4.3478260869565215
2025-04-02 21:00:00,2025-04-02 22:00:00,DL,79,78,1,0,14.23076923076923,1.2658227848101267,33.333333333333336
2025-04-27 20:00:00,2025-04-27 21:00:00,AA,136,136,0,0,13.536764705882353,0.0,27.941176470588236
2025-01-05 15:00:00,2025-01-05 16:00:00,WN,246,224,21,1,27.933333333333334,8.536585365853659,54.666666666666664
2025-03-30 09:00:00,2025-03-30 10:00:00,UA,143,142,0,1,10.034965034965035,0.0,23.776223776223777
2025-04-13 18:00:00,2025-04-13 19:00:00,AA,170,169,1,0,28.633136094674555,0.5882352941176471,27.810650887573964
2025-02-23 06:00:00,2025-02-23 07:00:00,WN,296,296,0,0,-1.277027027027027,0.0,3.7162162162162162
2025-02-06 09:00:00,2025-02-06 10:00:00,WN,216,216,0,0,6.027777777777778,0.0,18.98148148148148
2025-01-11 17:00:00,2025-01-11 18:00:00,DL,153,143,9,1,51.56944444444444,5.882352941176471,52.77777777777778
2025-04-29 23:00:00,2025-04-30 00:00:00,AA,31,31,0,0,-5.32258064516129,0.0,0.0
2025-04-26 21:00:00,2025-04-26 22:00:00,WN,36,36,0,0,12.527777777777779,0.0,41.666666666666664
2025-03-10 17:00:00,2025-03-10 18:00:00,UA,140,139,1,0,-0.07194244604316546,0.7142857142857143,6.474820143884892
2025-03-31 00:00:00,2025-03-31 01:00:00,AA,10,9,1,0,6.666666666666667,10.0,11.11111111111111
2025-01-25 15:00:00,2025-01-25 16:00:00,DL,148,148,0,0,-0.0472972972972973,0.0,9.45945945945946
2025-03-23 14:00:00,2025-03-23 15:00:00,WN,215,215,0,0,8.64186046511628,0.0,19.069767441860463
2025-02-16 11:00:00,2025-02-16 12:00:00,AA,166,150,14,2,31.11842105263158,8.433734939759036,38.1578947368421
2025-04-27 09:00:00,2025-04-27 10:00:00,DL,142,142,0,0,0.33098591549295775,0.0,7.746478873239437
2025-01-14 12:00:00,2025-01-14 13:00:00,AA,129,129,0,0,2.3255813953488373,0.0,7.751937984496124
2025-01-30 17:00:00,2025-01-30 18:00:00,UA,148,146,2,0,7.931506849315069,1.3513513513513513,12.32876712328767
2025-03-22 05:00:00,2025-03-22 06:00:00,AA,109,109,0,0,18.65137614678899,0.0,6.422018348623853
2025-01-02 09:00:00,2025-01-02 10:00:00,WN,240,240,0,0,7.791666666666667,0.0,10.416666666666666
2025-01-14 19:00:00,2025-01-14 20:00:00,DL,92,92,0,0,0.8804347826086957,0.0,10.869565217391305
2025-02-20 18:00:00,2025-02-20 19:00:00,AA,165,159,3,3,25.253086419753085,1.8181818181818181,45.06172839506173
2025-03-07 17:00:00,2025-03-07 18:00:00,UA,141,141,0,0,14.680851063829786,0.0,26.95035460992908
2025-02-15 01:00:00,2025-02-15 02:00:00,DL,2,2,0,0,15.0,0.0,50.0
2025-01-02 22:00:00,2025-01-02 23:00:00,WN,136,131,4,1,8.75,2.9411764705882355,19.696969696969695
2025-01-20 23:00:00,2025-01-21 00:00:00,AA,21,21,0,0,29.904761904761905,0.0,14.285714285714286
2025-03-22 20:00:00,2025-03-22 21:00:00,UA,82,82,0,0,18.695121951219512,0.0,26.829268292682926
2025-02-09 18:00:00,2025-02-09 19:00:00,AA,164,164,0,0,10.134146341463415,0.0,18.902439024390244
2025-04-16 10:00:00,2025-04-16 11:00:00,WN,257,256,1,0,0.625,0.38910505836575876,6.25
2025-02-16 05:00:00,2025-02-16 06:00:00,UA,29,28,1,0,-3.7857142857142856,3.4482758620689653,3.5714285714285716
2025-02-20 17:00:00,2025-02-20 18:00:00,WN,223,222,0,1,17.641255605381165,0.0,35.426008968609864
2025-03-13 01:00:00,2025-03-13 02:00:00,DL,2,2,0,0,-3.0,0.0,0.0
2025-04-23 10:00:00,2025-04-23 11:00:00,DL,159,159,0,0,-0.15723270440251572,0.0,8.176100628930818
2025-02-16 00:00:00,2025-02-16 01:00:00,UA,4,4,0,0,-3.5,0.0,0.0
2025-01-31 14:00:00,2025-01-31 15:00:00,AA,151,151,0,0,4.940397350993377,0.0,11.258278145695364
2025-02-22 08:00:00,2025-02-22 09:00:00,AA,180,180,0,0,6.75,0.0,12.777777777777779
2025-02-23 08:00:00,2025-02-23 09:00:00,DL,181,181,0,0,1.6132596685082874,0.0,9.392265193370166
2025-02-26 08:00:00,2025-02-26 09:00:00,DL,177,176,0,1,0.0847457627118644,0.0,4.519774011299435
2025-03-04 05:00:00,2025-03-04 06:00:00,WN,30,30,0,0,-3.6333333333333333,0.0,0.0
2025-02-13 11:00:00,2025-02-13 12:00:00,AA,171,171,0,0,22.900584795321638,0.0,33.91812865497076
2025-01-20 05:00:00,2025-01-20 06:00:00,UA,25,24,1,0,-1.2916666666666667,4.0,8.333333333333334
2025-03-08 10:00:00,2025-03-08 11:00:00,UA,118,118,0,0,2.788135593220339,0.0,8.474576271186441
