ts,rank,origin_airport_id,num_flights,severe_delays,dep_delay_mean,dep_delay_max,delayed_flights
2025-01-02 00:00:00,1,11292,806,93,9.997518610421837,735.0,"[(OO,10372,735.00),(UA,15016,244.00),(OO,13158,222.00),(UA,10800,199.00),(UA,13502,178.00),(UA,14570,178.00),(OO,10372,165.00),(OO,14674,136.00),(OO,14812,120.00),(OO,10372,109.00),(B6,12478,107.00),(OO,10372,104.00),(UA,10397,103.00),(WN,10599,103.00),(OO,11637,96.00),(WN,14570,92.00),(UA,10140,90.00),(AA,11298,88.00),(OO,13433,88.00),(WN,14831,86.00)]"
2025-01-02 00:00:00,2,11298,822,81,8.518248175182482,775.0,"[(OO,15401,775.00),(AA,13256,505.00),(OH,12217,293.00),(UA,13930,230.00),(AA,10868,228.00),(AA,14683,200.00),(AA,11423,195.00),(AA,14679,174.00),(OO,10155,170.00),(AA,12094,143.00),(AA,13851,133.00),(AA,15016,129.00),(NK,12892,128.00),(OO,11973,119.00),(AS,14747,118.00),(AA,13342,112.00),(AA,10397,110.00),(AA,15370,110.00),(AA,10423,108.00),(OO,10372,100.00)]"
2025-01-02 00:00:00,3,13930,686,72,9.02332361516035,661.0,"[(OO,11076,661.00),(MQ,13244,269.00),(OO,14696,251.00),(MQ,15919,180.00),(OO,13282,172.00),(OO,11433,162.00),(OO,10372,140.00),(OO,14696,140.00),(OO,11146,138.00),(OO,13485,137.00),(MQ,12339,134.00),(YX,12266,134.00),(AA,11278,127.00),(OO,13367,126.00),(OO,11721,114.00),(OO,11986,113.00),(OO,11003,103.00),(OO,15370,102.00),(UA,12264,102.00),(OO,14730,100.00)]"
2025-01-02 00:00:00,4,12892,506,51,8.059288537549406,733.0,"[(OO,10372,733.00),(OO,13476,390.00),(DL,14869,214.00),(OO,10372,170.00),(OO,14771,153.00),(DL,12266,146.00),(OO,14747,143.00),(OO,10372,120.00),(NK,12266,115.00),(OO,15376,106.00),(UA,11292,103.00),(DL,13495,99.00),(B6,11697,93.00),(DL,10423,90.00),(UA,11618,90.00),(DL,14747,89.00),(OO,10849,79.00),(F9,14869,70.00),(OO,10372,70.00),(DL,13204,69.00)]"
2025-01-02 00:00:00,5,13204,419,48,9.684964200477326,267.0,"[(F9,14107,267.00),(B6,14307,266.00),(B6,10529,199.00),(B6,12391,183.00),(B6,11618,171.00),(B6,14321,161.00),(B6,14843,160.00),(UA,11618,141.00),(UA,11618,119.00),(UA,13930,106.00),(B6,14524,103.00),(B6,10529,94.00),(B6,14843,89.00),(F9,14100,87.00),(DL,14869,82.00),(B6,10721,78.00),(DL,12892,78.00),(B6,14843,74.00),(B6,11618,69.00),(DL,12953,69.00)]"
2025-01-02 00:00:00,6,11697,269,40,14.185873605947956,291.0,"[(G4,10431,291.00),(UA,12266,274.00),(DL,10397,243.00),(NK,13342,222.00),(F9,14100,144.00),(NK,11066,141.00),(B6,10721,105.00),(B6,10721,103.00),(B6,10721,101.00),(F9,12391,101.00),(B6,12478,92.00),(B6,10529,88.00),(B6,11278,78.00),(G4,10431,75.00),(NK,10693,68.00),(B6,14307,65.00),(B6,14524,60.00),(AA,11298,56.00),(UA,14771,56.00),(DL,11433,55.00)]"
2025-01-02 00:00:00,7,14771,388,40,6.829896907216495,480.0,"[(UA,11292,480.00),(OO,10372,204.00),(UA,12266,201.00),(UA,13930,147.00),(B6,12478,124.00),(UA,14747,124.00),(UA,13930,109.00),(AS,14747,107.00),(OO,14570,107.00),(UA,14492,105.00),(OO,14487,103.00),(WN,14107,93.00),(UA,11618,87.00),(B6,12478,82.00),(B6,11697,70.00),(UA,12892,65.00),(UA,11042,61.00),(OO,14262,59.00),(UA,13930,55.00),(UA,11618,53.00)]"
2025-01-02 00:00:00,8,11057,545,39,4.0752293577981655,422.0,"[(AA,11042,422.00),(OH,11278,205.00),(AA,10994,184.00),(AA,14843,132.00),(AA,13303,121.00),(AA,14122,119.00),(AA,10693,96.00),(AA,15016,94.00),(YX,12953,88.00),(DL,10397,77.00),(AA,12892,72.00),(AA,14635,72.00),(AA,11423,69.00),(AA,10397,68.00),(OH,10397,66.00),(AA,11292,65.00),(OH,12264,64.00),(AA,11278,63.00),(OH,12197,60.00),(OH,15412,53.00)]"
2025-01-02 00:00:00,9,11618,322,34,5.409937888198757,267.0,"[(B6,13204,267.00),(B6,13204,152.00),(UA,13204,142.00),(UA,13204,122.00),(UA,15304,117.00),(UA,14843,96.00),(UA,13204,92.00),(UA,13303,86.00),(UA,14107,86.00),(UA,14027,74.00),(UA,11697,69.00),(UA,14908,67.00),(UA,14986,66.00),(UA,14683,64.00),(F9,14843,58.00),(UA,14057,56.00),(UA,10792,51.00),(UA,14492,49.00),(NK,13495,48.00),(NK,10397,46.00)]"
2025-01-02 00:00:00,10,11433,277,32,9.036101083032491,504.0,"[(OO,13930,504.00),(OO,13871,169.00),(NK,11697,166.00),(OO,14524,145.00),(OO,11042,118.00),(DL,14771,114.00),(DL,11697,87.00),(DL,13204,79.00),(F9,15304,74.00),(DL,10397,70.00),(NK,10693,70.00),(OO,10257,68.00),(DL,12892,65.00),(DL,14107,65.00),(DL,10529,64.00),(OO,14696,61.00),(DL,14986,60.00),(DL,12173,59.00),(OO,11996,58.00),(OH,11278,56.00)]"
2025-01-03 00:00:00,1,11292,1700,191,10.018823529411765,735.0,"[(OO,10372,735.00),(UA,11648,301.00),(UA,11042,255.00),(UA,15016,244.00),(OO,13158,222.00),(WN,13871,200.00),(UA,10800,199.00),(OO,14674,192.00),(UA,13502,178.00),(UA,14570,178.00),(OO,11109,171.00),(OO,10372,165.00),(OO,10372,152.00),(OO,12899,148.00),(WN,12892,140.00),(F9,12889,139.00),(OO,10372,138.00),(OO,14674,136.00),(UA,12953,129.00),(WN,13796,127.00)]"
2025-01-03 00:00:00,2,11298,1714,187,9.558926487747957,775.0,"[(OO,15401,775.00),(AA,14679,555.00),(AA,13485,554.00),(MQ,12206,533.00),(AA,13256,505.00),(AA,13303,403.00),(AA,10693,373.00),(AA,15370,306.00),(OH,12217,293.00),(AA,11042,240.00),(UA,13930,230.00),(AA,10868,228.00),(AA,14685,222.00),(AA,14683,200.00),(AA,11423,195.00),(AA,14893,193.00),(AA,10140,190.00),(AA,13244,177.00),(AA,14679,174.00),(AA,10140,171.00)]"
2025-01-03 00:00:00,3,13930,1477,171,11.00880162491537,826.0,"[(OO,11433,826.00),(OO,11076,661.00),(NK,11618,562.00),(OO,10408,379.00),(OO,13342,330.00),(OO,10257,302.00),(WN,10693,283.00),(UA,14843,275.00),(MQ,13244,269.00),(OO,14696,251.00),(OO,14321,183.00),(MQ,15919,180.00),(MQ,12197,179.00),(UA,11618,174.00),(AA,12889,173.00),(OO,13282,172.00),(OO,11433,162.00),(OO,15919,147.00),(UA,11292,145.00),(OO,14696,140.00)]"
2025-01-03 00:00:00,4,12892,1067,113,10.138706654170571,1065.0,"[(OO,10372,1065.00),(OO,10372,733.00),(OO,14679,729.00),(OO,14679,608.00),(OO,13476,390.00),(AA,12478,325.00),(DL,13204,301.00),(OO,14698,275.00),(NK,11298,253.00),(OO,14771,231.00),(DL,14869,214.00),(B6,10721,200.00),(OO,14771,192.00),(OO,10372,182.00),(OO,10372,170.00),(WN,14683,162.00),(OO,14771,153.00),(DL,12266,146.00),(OO,14747,143.00),(OO,10372,134.00)]"
2025-01-03 00:00:00,5,13204,902,108,11.033259423503326,443.0,"[(DL,14492,443.00),(F9,14107,267.00),(B6,14307,266.00),(B6,12478,211.00),(B6,10529,199.00),(B6,12391,183.00),(B6,11618,171.00),(B6,14321,161.00),(F9,10397,161.00),(B6,14843,160.00),(B6,12953,145.00),(UA,11618,141.00),(DL,11433,126.00),(UA,11618,119.00),(F9,11042,109.00),(DL,10397,107.00),(UA,13930,106.00),(AA,11278,103.00),(B6,14524,103.00),(B6,11618,101.00)]"
2025-01-03 00:00:00,6,11697,567,104,17.83774250440917,377.0,"[(DL,10397,377.00),(NK,11057,305.00),(G4,10431,291.00),(UA,12266,274.00),(B6,10721,270.00),(WN,10821,270.00),(DL,10397,243.00),(NK,13342,222.00),(AA,14100,217.00),(NK,14843,200.00),(B6,10732,187.00),(B6,12953,179.00),(AA,13930,151.00),(NK,11066,151.00),(F9,14100,144.00),(NK,11066,141.00),(NK,10158,131.00),(NK,11433,126.00),(UA,11618,124.00),(NK,12953,117.00)]"
2025-01-03 00:00:00,7,11057,1143,98,5.085739282589676,422.0,"[(AA,11042,422.00),(AA,11042,312.00),(NK,12953,286.00),(OH,11278,205.00),(YX,12478,203.00),(AA,10994,184.00),(AA,14100,173.00),(AA,14843,132.00),(AA,10994,128.00),(AA,10693,126.00),(AA,13303,121.00),(AA,14122,119.00),(AA,11624,111.00),(AA,10994,106.00),(OH,15412,105.00),(AA,13930,98.00),(AA,10693,96.00),(AA,15016,94.00),(YX,12953,88.00),(AA,13342,86.00)]"
2025-01-03 00:00:00,8,10397,1461,93,3.6016427104722792,343.0,"[(F9,13931,343.00),(DL,13502,174.00),(DL,15304,158.00),(NK,11697,156.00),(DL,10713,150.00),(B6,12478,146.00),(DL,10693,142.00),(DL,10821,132.00),(F9,14843,132.00),(F9,13204,124.00),(OO,13277,118.00),(F9,14492,117.00),(NK,11298,117.00),(WN,11259,116.00),(DL,14193,113.00),(DL,12264,108.00),(DL,13303,97.00),(DL,12094,95.00),(DL,13204,93.00),(UA,12264,91.00)]"
2025-01-03 00:00:00,9,14771,790,91,9.222784810126582,619.0,"[(UA,14679,619.00),(UA,11292,480.00),(OO,12892,297.00),(OO,14262,230.00),(UA,10800,212.00),(OO,14487,210.00),(OO,10372,204.00),(UA,12266,201.00),(UA,11697,165.00),(AA,13303,154.00),(OO,14908,151.00),(UA,13930,147.00),(UA,12892,140.00),(UA,11292,136.00),(OO,11638,129.00),(UA,14492,129.00),(UA,12266,127.00),(UA,14262,126.00),(UA,12758,125.00),(UA,14747,124.00)]"
2025-01-03 00:00:00,10,14107,1126,84,6.873889875666075,717.0,"[(OO,12280,717.00),(AA,14908,658.00),(AA,14679,578.00),(AA,11540,467.00),(UA,14771,399.00),(AA,14679,251.00),(AA,13303,217.00),(AA,13485,213.00),(WN,10140,209.00),(F9,11042,199.00),(G4,15412,185.00),(AA,11066,176.00),(WN,11042,170.00),(DL,11433,137.00),(DL,13487,124.00),(WN,11066,119.00),(OO,11638,114.00),(WN,14908,114.00),(MQ,14869,104.00),(WN,13891,102.00)]"
2025-01-04 00:00:00,1,11292,2590,473,17.453281853281855,990.0,"[(OO,12280,990.00),(OO,10372,735.00),(AA,11298,498.00),(UA,12892,389.00),(AS,14747,378.00),(OO,11637,369.00),(OO,13029,345.00),(OO,11122,328.00),(UA,11648,301.00),(OO,11109,260.00),(UA,11042,255.00),(UA,15016,244.00),(F9,15304,240.00),(UA,11697,229.00),(OO,13158,222.00),(OO,11109,215.00),(OO,14674,209.00),(WN,15370,207.00),(WN,13871,200.00),(UA,10800,199.00)]"
2025-01-04 00:00:00,2,11298,2614,325,10.348125478194339,775.0,"[(OO,15401,775.00),(AA,14679,555.00),(AA,13485,554.00),(MQ,12206,533.00),(AA,13256,505.00),(AA,14843,481.00),(AA,13303,403.00),(AA,10693,373.00),(AA,15370,306.00),(OH,12217,293.00),(AA,12173,276.00),(AA,11540,266.00),(NK,12953,263.00),(AA,11042,240.00),(UA,13930,230.00),(AA,10868,228.00),(AA,14685,222.00),(OH,12278,221.00),(AA,10821,203.00),(AA,14683,200.00)]"
2025-01-04 00:00:00,3,13930,2218,252,10.662759242560865,826.0,"[(OO,11433,826.00),(OO,11076,661.00),(NK,11618,562.00),(OO,10408,379.00),(OO,13342,330.00),(OO,10257,302.00),(WN,10693,283.00),(UA,14843,275.00),(UA,14771,274.00),(MQ,13244,269.00),(OO,14696,251.00),(OO,11471,250.00),(OO,10874,237.00),(OO,11433,195.00),(OO,14321,183.00),(UA,14057,181.00),(MQ,15919,180.00),(OO,10372,180.00),(MQ,12197,179.00),(OO,10408,177.00)]"
2025-01-04 00:00:00,4,14679,759,251,53.65085638998683,1128.0,"[(AA,11298,1128.00),(UA,11618,1048.00),(F9,14107,1022.00),(B6,11697,992.00),(DL,10397,903.00),(F9,12889,892.00),(NK,12889,819.00),(AA,13303,811.00),(DL,12478,809.00),(AA,11057,803.00),(AA,11298,552.00),(WN,12191,450.00),(AS,14057,448.00),(AA,14100,436.00),(DL,11433,425.00),(UA,11618,417.00),(AA,14107,412.00),(UA,11292,399.00),(AS,15304,386.00),(WN,10423,380.00)]"
2025-01-04 00:00:00,5,12892,1624,211,11.915024630541872,1065.0,"[(OO,10372,1065.00),(OO,10372,733.00),(OO,14679,729.00),(OO,14679,608.00),(OO,13476,390.00),(AA,12478,325.00),(DL,13204,301.00),(AA,10423,290.00),(OO,14698,275.00),(WN,11292,272.00),(OO,14570,267.00),(OO,11884,260.00),(OO,14747,259.00),(NK,11298,253.00),(DL,12758,246.00),(DL,11292,242.00),(OO,14771,231.00),(OO,14831,219.00),(DL,14869,214.00),(B6,10721,200.00)]"
2025-01-04 00:00:00,6,12889,1502,210,13.26231691078562,582.0,"[(AA,13930,582.00),(AA,11057,390.00),(WN,12173,387.00),(AA,13303,339.00),(B6,12478,300.00),(WN,14107,253.00),(DL,12892,248.00),(AA,13930,245.00),(WN,13244,239.00),(WN,12954,235.00),(OO,14679,217.00),(WN,14908,200.00),(WN,14492,191.00),(WN,11540,184.00),(DL,10397,182.00),(WN,14893,179.00),(WN,13232,176.00),(WN,10693,175.00),(WN,13891,174.00),(WN,14492,166.00)]"
2025-01-04 00:00:00,7,13204,1377,186,13.107480029048656,496.0,"[(F9,15016,496.00),(DL,14492,443.00),(DL,11433,348.00),(UA,11618,294.00),(DL,11433,281.00),(F9,14107,267.00),(B6,14307,266.00),(WN,13871,249.00),(WN,11278,245.00),(AA,13303,214.00),(B6,12478,211.00),(B6,10529,199.00),(DL,12892,198.00),(AS,14057,191.00),(B6,10732,189.00),(B6,12391,183.00),(B6,11618,171.00),(AS,14679,163.00),(B6,14321,161.00),(F9,10397,161.00)]"
2025-01-04 00:00:00,8,14107,1685,183,9.633827893175074,717.0,"[(OO,12280,717.00),(AA,14908,658.00),(AA,14679,578.00),(AA,11540,467.00),(UA,14771,399.00),(OO,12892,358.00),(WN,14730,264.00),(AA,14679,251.00),(WN,13930,250.00),(AA,13303,217.00),(AA,13485,213.00),(WN,10140,209.00),(WN,14893,206.00),(F9,11042,199.00),(F9,14679,187.00),(G4,15412,185.00),(WN,13342,178.00),(AA,11066,176.00),(WN,14679,173.00),(WN,14679,172.00)]"
2025-01-04 00:00:00,9,11057,1747,180,6.7275329135661135,422.0,"[(AA,11042,422.00),(AA,11042,312.00),(NK,12953,286.00),(OH,14307,285.00),(OH,11996,207.00),(OH,11278,205.00),(YX,12478,203.00),(AA,10994,184.00),(AA,14100,173.00),(MQ,10397,170.00),(AA,11292,145.00),(OH,10868,144.00),(MQ,14685,133.00),(AA,14843,132.00),(AA,14635,131.00),(AA,10994,128.00),(AA,10693,126.00),(AA,13303,121.00),(AA,14122,119.00),(AA,14576,115.00)]"
2025-01-04 00:00:00,10,14771,1203,176,12.271820448877806,619.0,"[(UA,14679,619.00),(UA,11292,480.00),(OO,10713,311.00),(OO,12892,297.00),(OO,14908,271.00),(OO,10800,257.00),(OO,14262,230.00),(UA,10800,212.00),(OO,14487,210.00),(OO,14747,209.00),(OO,10372,204.00),(UA,12266,201.00),(WN,12889,188.00),(AA,11298,172.00),(OO,10372,172.00),(UA,11697,165.00),(OO,10372,161.00),(AS,14679,157.00),(AA,13303,154.00),(F9,14679,152.00)]"
2025-01-05 00:00:00,1,11292,3408,799,22.808978873239436,1120.0,"[(OO,11921,1120.00),(OO,12280,990.00),(OO,14457,931.00),(OO,13851,885.00),(OO,11423,846.00),(OO,10372,735.00),(AA,11298,498.00),(OO,14237,396.00),(OO,13029,393.00),(UA,12892,389.00),(AS,14747,378.00),(OO,11637,369.00),(OO,12511,355.00),(OO,13029,345.00),(OO,11122,328.00),(OO,11109,313.00),(UA,11648,301.00),(OO,14674,279.00),(OO,15919,274.00),(OO,11413,272.00)]"
2025-01-05 00:00:00,2,11298,3477,465,12.033074489502445,1144.0,"[(AA,12094,1144.00),(OO,15401,775.00),(AA,12992,698.00),(AA,14679,555.00),(AA,13485,554.00),(MQ,12206,533.00),(AA,12896,521.00),(AA,13256,505.00),(AA,14843,481.00),(AA,12896,406.00),(AA,13303,403.00),(AA,14679,382.00),(AA,10693,373.00),(AA,14057,373.00),(AA,11995,322.00),(AA,15370,306.00),(AA,10849,301.00),(OH,12217,293.00),(AA,13204,288.00),(AA,12173,276.00)]"
2025-01-05 00:00:00,3,13930,2897,352,11.555402140144977,911.0,"[(DL,14869,911.00),(OO,11433,826.00),(OO,15048,698.00),(OO,11433,684.00),(OO,11076,661.00),(NK,11618,562.00),(OO,10408,379.00),(OO,13342,330.00),(OO,10257,302.00),(OO,13184,284.00),(WN,10693,283.00),(UA,14843,275.00),(UA,14771,274.00),(MQ,13244,269.00),(OO,14696,251.00),(OO,11471,250.00),(OO,10874,237.00),(OO,11433,195.00),(OO,14696,192.00),(WN,11292,190.00)]"
2025-01-05 00:00:00,4,10397,3023,320,7.488256698643731,580.0,"[(OO,13277,580.00),(F9,14100,503.00),(F9,13931,343.00),(AA,11298,318.00),(DL,11775,201.00),(OO,10372,176.00),(DL,13502,174.00),(B6,10721,173.00),(DL,11278,163.00),(F9,14492,159.00),(DL,15304,158.00),(NK,11697,156.00),(DL,12892,153.00),(MQ,11057,151.00),(DL,10713,150.00),(F9,13303,149.00),(B6,12478,146.00),(DL,10781,144.00),(WN,11697,144.00),(DL,10800,143.00)]"
2025-01-05 00:00:00,5,13204,1872,311,15.682692307692308,496.0,"[(F9,15016,496.00),(DL,14492,443.00),(DL,11433,348.00),(UA,11618,294.00),(DL,11433,281.00),(WN,10529,273.00),(F9,14107,267.00),(WN,14307,267.00),(B6,14307,266.00),(WN,13487,249.00),(WN,13871,249.00),(WN,11278,245.00),(AA,13303,214.00),(B6,12478,211.00),(B6,10529,199.00),(B6,14307,199.00),(DL,12892,198.00),(AS,14057,191.00),(UA,11618,190.00),(B6,10732,189.00)]"
2025-01-05 00:00:00,6,12892,2154,295,12.08727948003714,1065.0,"[(OO,10372,1065.00),(OO,10372,733.00),(OO,14679,729.00),(OO,14679,608.00),(OO,13476,390.00),(AA,12478,325.00),(G4,14783,315.00),(DL,13204,301.00),(AA,10423,290.00),(OO,14698,275.00),(UA,11618,272.00),(WN,11292,272.00),(OO,14570,267.00),(OO,11884,260.00),(OO,14747,259.00),(NK,11298,253.00),(DL,12758,246.00),(DL,11292,242.00),(OO,14771,231.00),(OO,14831,219.00)]"
2025-01-05 00:00:00,7,14679,1008,276,42.77480158730159,1128.0,"[(AA,11298,1128.00),(UA,11618,1048.00),(F9,14107,1022.00),(B6,11697,992.00),(DL,10397,903.00),(F9,12889,892.00),(NK,12889,819.00),(AA,13303,811.00),(DL,12478,809.00),(AA,11057,803.00),(AA,11298,552.00),(WN,12191,450.00),(AS,14057,448.00),(AA,14100,436.00),(DL,11433,425.00),(UA,11618,417.00),(AA,14107,412.00),(UA,11292,399.00),(AS,15304,386.00),(WN,10423,380.00)]"
2025-01-05 00:00:00,8,12889,1964,276,12.921079429735235,582.0,"[(AA,13930,582.00),(AA,11057,390.00),(WN,12173,387.00),(AA,13303,339.00),(AA,11298,317.00),(B6,12478,300.00),(WN,14107,253.00),(DL,12892,248.00),(AA,13930,245.00),(WN,13244,239.00),(WN,12954,235.00),(OO,14679,217.00),(WN,13198,216.00),(WN,13930,209.00),(WN,14908,200.00),(WN,14492,191.00),(WN,14057,186.00),(WN,11540,184.00),(DL,10397,182.00),(WN,14893,179.00)]"
2025-01-05 00:00:00,9,14107,2210,268,10.549773755656108,717.0,"[(OO,12280,717.00),(AA,14908,658.00),(AA,14679,578.00),(AA,11540,467.00),(OO,12892,432.00),(UA,14771,399.00),(OO,12892,358.00),(UA,11618,288.00),(WN,14730,264.00),(AA,14679,251.00),(WN,13930,250.00),(OO,12892,226.00),(AA,13303,217.00),(AA,13485,213.00),(WN,10140,209.00),(WN,14893,206.00),(F9,11042,199.00),(F9,14679,187.00),(G4,15412,185.00),(WN,13342,178.00)]"
2025-01-05 00:00:00,10,11697,1181,257,19.43099068585944,377.0,"[(DL,10397,377.00),(NK,11057,305.00),(G4,10431,291.00),(WN,12339,288.00),(UA,12266,274.00),(B6,10721,270.00),(WN,10821,270.00),(DL,10397,243.00),(NK,13342,222.00),(B6,14524,221.00),(AA,14100,217.00),(UA,11292,216.00),(DL,11433,212.00),(NK,14843,200.00),(DL,11433,189.00),(B6,10732,187.00),(UA,11292,186.00),(AA,14100,180.00),(B6,12953,179.00),(NK,13931,173.00)]"
2025-01-06 00:00:00,1,11292,4261,1047,23.90659469608073,1120.0,"[(OO,11921,1120.00),(OO,12280,990.00),(OO,14457,931.00),(UA,12441,914.00),(OO,13851,885.00),(OO,11423,846.00),(OO,10372,735.00),(UA,14107,714.00),(AA,11298,498.00),(DL,14747,399.00),(OO,14237,396.00),(OO,13029,393.00),(UA,12892,389.00),(AS,14747,378.00),(OO,11637,369.00),(F9,14107,362.00),(OO,12511,355.00),(OO,13029,345.00),(OO,11122,328.00),(DL,12953,317.00)]"
2025-01-06 00:00:00,2,11298,4177,875,26.01436437634666,1412.0,"[(B6,10721,1412.00),(AA,12094,1144.00),(AA,14193,1078.00),(OH,12448,1058.00),(AA,11109,953.00),(AA,10693,890.00),(AA,15096,877.00),(DL,10721,831.00),(OO,15401,775.00),(OO,10372,742.00),(AA,12992,698.00),(AA,11638,686.00),(AA,10423,660.00),(AA,10423,582.00),(AA,14679,555.00),(AA,13485,554.00),(MQ,12206,533.00),(AA,12896,521.00),(AA,13256,505.00),(AA,14843,481.00)]"
2025-01-06 00:00:00,3,10397,3780,491,10.107671957671958,580.0,"[(OO,13277,580.00),(F9,15304,528.00),(DL,14574,519.00),(F9,14100,503.00),(F9,13303,464.00),(NK,12892,359.00),(F9,13931,343.00),(AA,11298,318.00),(DL,11298,287.00),(AA,11298,272.00),(OO,14696,245.00),(OO,10372,213.00),(DL,11775,201.00),(AA,11298,193.00),(DL,11298,190.00),(F9,15356,189.00),(OH,14100,180.00),(OO,14814,177.00),(OO,10372,176.00),(DL,13502,174.00)]"
2025-01-06 00:00:00,4,13930,3609,457,12.755888057633694,911.0,"[(DL,14869,911.00),(OO,10693,853.00),(OO,11433,826.00),(OO,11433,736.00),(OO,15048,698.00),(OO,11433,684.00),(AA,11986,664.00),(MQ,11067,664.00),(OO,11076,661.00),(MQ,13367,642.00),(NK,11618,562.00),(OO,10408,379.00),(OO,13342,330.00),(UA,14262,325.00),(OO,10257,302.00),(OO,10408,294.00),(OO,13184,284.00),(WN,10693,283.00),(UA,14843,275.00),(UA,14771,274.00)]"
2025-01-06 00:00:00,5,13204,2338,422,17.558597091531222,902.0,"[(UA,12266,902.00),(F9,15016,496.00),(DL,14492,443.00),(DL,11433,348.00),(DL,11193,340.00),(UA,12266,331.00),(UA,11618,294.00),(DL,11433,281.00),(WN,10529,273.00),(F9,14107,267.00),(WN,14307,267.00),(B6,14307,266.00),(B6,11618,255.00),(WN,13487,249.00),(WN,13871,249.00),(F9,11298,248.00),(WN,11278,245.00),(DL,10397,240.00),(DL,14869,232.00),(B6,12953,217.00)]"
2025-01-06 00:00:00,6,12892,2687,387,13.74171938965389,1065.0,"[(OO,10372,1065.00),(OO,10140,738.00),(OO,10372,733.00),(OO,14679,729.00),(OO,14679,608.00),(UA,11618,450.00),(OO,14893,422.00),(OO,13476,390.00),(NK,10397,362.00),(AA,11298,340.00),(AA,12478,325.00),(AA,11298,318.00),(G4,14783,315.00),(DL,13204,301.00),(AA,10423,290.00),(OO,14698,275.00),(UA,11618,272.00),(WN,11292,272.00),(OO,14570,267.00),(UA,11618,265.00)]"
2025-01-06 00:00:00,7,14107,2795,365,11.971019677996422,717.0,"[(OO,12280,717.00),(AA,14908,658.00),(AA,14679,578.00),(NK,11298,520.00),(UA,11618,519.00),(AA,11540,467.00),(OO,12892,432.00),(UA,14771,399.00),(AA,13303,359.00),(OO,12892,358.00),(AA,11884,316.00),(UA,11618,288.00),(F9,11298,283.00),(UA,12266,269.00),(WN,14730,264.00),(AA,11298,263.00),(WN,10800,260.00),(AA,14679,251.00),(WN,13930,250.00),(AA,11298,248.00)]"
2025-01-06 00:00:00,8,12889,2493,361,14.002807862013638,1266.0,"[(OO,14893,1266.00),(G4,11193,1042.00),(UA,11618,598.00),(AA,13930,582.00),(UA,12266,407.00),(AA,11057,390.00),(WN,12173,387.00),(AA,13303,339.00),(AA,11298,317.00),(B6,12478,300.00),(AS,14747,287.00),(AA,11298,263.00),(WN,14107,253.00),(DL,12892,248.00),(AA,13930,245.00),(WN,13244,239.00),(WN,12954,235.00),(OO,14679,217.00),(WN,13198,216.00),(AA,11298,212.00)]"
2025-01-06 00:00:00,9,11057,2843,345,8.964825888146324,422.0,"[(AA,11042,422.00),(AA,11042,312.00),(NK,12953,286.00),(OH,14307,285.00),(OH,11973,283.00),(OH,15370,281.00),(NK,15304,261.00),(AA,12266,225.00),(AA,14576,225.00),(OH,11996,207.00),(OH,11278,205.00),(YX,12478,203.00),(OH,14524,185.00),(AA,10994,184.00),(OH,13296,176.00),(AA,14100,173.00),(AA,13487,171.00),(MQ,10397,170.00),(AA,12323,155.00),(OH,10431,154.00)]"
2025-01-06 00:00:00,10,12266,1499,327,30.295530353569045,1630.0,"[(OH,14100,1630.00),(OO,10372,1417.00),(OO,15569,875.00),(OO,11109,749.00),(NK,12892,729.00),(OO,11140,670.00),(UA,12892,669.00),(UA,14107,604.00),(UA,10693,560.00),(DL,12953,539.00),(UA,13930,482.00),(UA,13204,473.00),(UA,11298,447.00),(UA,12889,425.00),(UA,11042,423.00),(UA,11066,393.00),(AA,11298,369.00),(OO,10372,356.00),(DL,14869,340.00),(UA,10423,313.00)]"
2025-01-07 00:00:00,1,11292,5087,1233,23.50501277766857,1120.0,"[(OO,11921,1120.00),(OO,12280,990.00),(OO,14457,931.00),(UA,12441,914.00),(OO,13851,885.00),(OO,11423,846.00),(OO,10372,735.00),(UA,14107,714.00),(F9,15304,601.00),(AA,11298,498.00),(DL,14747,438.00),(AA,11298,425.00),(DL,14747,399.00),(OO,14237,396.00),(OO,13029,393.00),(UA,12892,389.00),(AS,14747,378.00),(OO,11637,369.00),(F9,14107,362.00),(OO,12511,355.00)]"
2025-01-07 00:00:00,2,11298,5021,1177,28.227046405098587,1412.0,"[(B6,10721,1412.00),(AA,12094,1144.00),(AA,14193,1078.00),(OH,12448,1058.00),(F9,13232,971.00),(AA,11109,953.00),(AA,10693,890.00),(AA,15096,877.00),(DL,10721,831.00),(OO,15401,775.00),(OO,10372,742.00),(AA,12992,698.00),(AA,11638,686.00),(AA,10423,678.00),(AA,10423,660.00),(AA,10423,582.00),(AA,14679,555.00),(AA,13485,554.00),(MQ,12206,533.00),(AA,12896,521.00)]"
2025-01-07 00:00:00,3,13930,4257,818,20.50082217524078,1051.0,"[(AA,11278,1051.00),(DL,14869,911.00),(OO,10693,864.00),(OO,10693,853.00),(OO,11433,826.00),(UA,14057,740.00),(OO,11433,736.00),(OO,12559,720.00),(DL,10397,709.00),(OO,15048,698.00),(OO,11433,684.00),(AA,11986,664.00),(MQ,11067,664.00),(OO,11076,661.00),(MQ,13367,642.00),(NK,11618,562.00),(UA,12266,559.00),(DL,10397,493.00),(WN,14107,402.00),(OO,10408,379.00)]"
2025-01-07 00:00:00,4,10397,4511,658,12.072711150520949,972.0,"[(F9,11618,972.00),(DL,14689,906.00),(F9,10721,640.00),(OO,13277,580.00),(F9,15304,528.00),(DL,14574,519.00),(F9,14100,503.00),(F9,11292,491.00),(F9,13303,464.00),(NK,12892,359.00),(F9,13931,343.00),(AA,11298,318.00),(DL,11298,287.00),(AA,11298,272.00),(OO,14696,245.00),(F9,13232,242.00),(F9,11298,235.00),(OO,10372,213.00),(DL,11775,201.00),(AA,11298,193.00)]"
2025-01-07 00:00:00,5,13204,2758,562,19.620014503263235,902.0,"[(UA,12266,902.00),(F9,15016,496.00),(DL,14492,443.00),(DL,11433,348.00),(DL,11193,340.00),(UA,12266,331.00),(UA,12889,295.00),(UA,11618,294.00),(DL,11433,281.00),(WN,10529,273.00),(F9,14107,267.00),(WN,14307,267.00),(B6,14307,266.00),(B6,15096,260.00),(B6,11618,255.00),(WN,13487,249.00),(WN,13871,249.00),(F9,11298,248.00),(WN,11278,245.00),(DL,10397,240.00)]"
2025-01-07 00:00:00,6,11057,3415,509,12.973060029282577,671.0,"[(AA,11278,671.00),(AA,15919,577.00),(AA,11066,511.00),(AA,11292,477.00),(AA,11042,422.00),(AA,11042,312.00),(NK,12953,286.00),(OH,14307,285.00),(F9,14100,284.00),(OH,11973,283.00),(OH,15370,281.00),(OH,10874,274.00),(DL,10397,273.00),(AA,12953,267.00),(AA,13244,261.00),(NK,15304,261.00),(AA,11278,257.00),(OH,11066,256.00),(F9,11042,247.00),(YX,12953,246.00)]"
2025-01-07 00:00:00,7,12892,3217,479,13.807584706248058,1065.0,"[(OO,10372,1065.00),(OO,10140,738.00),(OO,10372,733.00),(OO,14679,729.00),(OO,14679,608.00),(UA,11618,450.00),(OO,14893,422.00),(OO,13476,390.00),(DL,10397,373.00),(NK,10397,362.00),(AA,11298,340.00),(AA,12478,325.00),(AA,11298,318.00),(G4,14783,315.00),(UA,11292,303.00),(DL,13204,301.00),(AA,10423,290.00),(OO,14698,275.00),(UA,11618,272.00),(WN,11292,272.00)]"
2025-01-07 00:00:00,8,12889,3020,445,14.199668874172186,1266.0,"[(OO,14893,1266.00),(G4,11193,1042.00),(G4,10666,942.00),(DL,12478,598.00),(UA,11618,598.00),(AA,13930,582.00),(UA,12266,407.00),(AA,11057,390.00),(WN,12173,387.00),(AA,13303,339.00),(AA,11298,317.00),(B6,12478,300.00),(AS,14747,287.00),(UA,12892,267.00),(AA,11298,263.00),(WN,14107,253.00),(DL,12892,248.00),(AA,13930,245.00),(WN,13244,239.00),(WN,12954,235.00)]"
2025-01-07 00:00:00,9,14107,3311,441,12.109030504379342,717.0,"[(OO,12280,717.00),(AA,14908,658.00),(AA,14679,578.00),(NK,11298,520.00),(UA,11618,519.00),(AS,14057,488.00),(AA,11540,467.00),(OO,12892,432.00),(UA,14771,399.00),(AA,13303,359.00),(OO,12892,358.00),(AA,12889,350.00),(AA,11884,316.00),(UA,11618,288.00),(F9,11298,283.00),(UA,12266,269.00),(WN,14730,264.00),(AA,11298,263.00),(WN,10800,260.00),(AA,14679,251.00)]"
2025-01-07 00:00:00,10,12266,1803,408,30.525235718247366,1630.0,"[(OH,14100,1630.00),(OO,10372,1417.00),(OO,15569,875.00),(OO,11109,749.00),(NK,12892,729.00),(OO,12177,696.00),(OO,11140,670.00),(UA,12892,669.00),(UA,11292,614.00),(UA,14107,604.00),(UA,10693,560.00),(DL,12953,539.00),(UA,13930,482.00),(UA,13204,473.00),(OO,14783,456.00),(UA,11298,447.00),(UA,12889,425.00),(UA,11042,423.00),(UA,11066,393.00),(AA,11298,369.00)]"
2025-01-08 00:00:00,1,11292,5792,1500,24.63760359116022,1120.0,"[(OO,11921,1120.00),(OO,12280,990.00),(OO,14457,931.00),(UA,12441,914.00),(OO,13851,885.00),(OO,11423,846.00),(OO,10372,735.00),(UA,14107,714.00),(OO,11233,650.00),(F9,15304,601.00),(AA,11298,498.00),(DL,14747,438.00),(AA,11298,425.00),(DL,14747,399.00),(OO,14237,396.00),(OO,13029,393.00),(UA,12892,389.00),(AS,14747,378.00),(OO,11637,369.00),(F9,14107,362.00)]"
2025-01-08 00:00:00,2,11298,5759,1278,26.01111304045841,1412.0,"[(B6,10721,1412.00),(AA,12094,1144.00),(AA,14193,1078.00),(OH,12448,1058.00),(F9,13232,971.00),(AA,11109,953.00),(AA,10693,890.00),(AA,15096,877.00),(DL,10721,831.00),(OO,15401,775.00),(OO,10372,742.00),(AA,12992,698.00),(AA,11638,686.00),(AA,10423,678.00),(AA,10423,660.00),(AA,10423,582.00),(AA,14679,555.00),(AA,13485,554.00),(MQ,12206,533.00),(AA,12896,521.00)]"
2025-01-08 00:00:00,3,13930,4900,877,18.795102040816328,1051.0,"[(AA,11278,1051.00),(DL,14869,911.00),(OO,10693,864.00),(OO,10693,853.00),(OO,11433,826.00),(UA,14057,740.00),(OO,11433,736.00),(OO,12559,720.00),(DL,10397,709.00),(OO,15048,698.00),(OO,11433,684.00),(OO,10980,671.00),(AA,11986,664.00),(MQ,11067,664.00),(OO,11076,661.00),(MQ,13367,642.00),(NK,11618,562.00),(UA,12266,559.00),(DL,10397,493.00),(WN,14107,402.00)]"
2025-01-08 00:00:00,4,10397,5213,753,12.326299635526569,972.0,"[(F9,11618,972.00),(DL,14689,906.00),(F9,11292,650.00),(F9,10721,640.00),(OO,10980,634.00),(OO,11823,620.00),(OO,13277,580.00),(F9,15304,528.00),(DL,14574,519.00),(F9,14100,503.00),(F9,11292,491.00),(F9,13303,464.00),(OH,11278,365.00),(NK,12892,359.00),(F9,13931,343.00),(AA,11298,318.00),(OO,11823,317.00),(DL,11298,287.00),(AA,11298,272.00),(OO,11641,270.00)]"
2025-01-08 00:00:00,5,13204,3114,599,18.5398201669878,902.0,"[(UA,12266,902.00),(F9,15016,496.00),(DL,14492,443.00),(DL,11433,348.00),(DL,11193,340.00),(UA,12266,331.00),(UA,12889,295.00),(UA,11618,294.00),(DL,11433,281.00),(WN,10529,273.00),(F9,14107,267.00),(WN,14307,267.00),(B6,14307,266.00),(B6,15096,260.00),(B6,11618,255.00),(WN,10821,255.00),(WN,13487,249.00),(WN,13871,249.00),(F9,11298,248.00),(WN,11278,245.00)]"
2025-01-08 00:00:00,6,11057,3906,544,11.799283154121865,671.0,"[(AA,11278,671.00),(AA,15919,577.00),(AA,11066,511.00),(AA,11292,477.00),(AA,11042,422.00),(AA,11042,312.00),(NK,12953,286.00),(OH,14307,285.00),(F9,14100,284.00),(OH,11973,283.00),(OH,15370,281.00),(OH,10874,274.00),(DL,10397,273.00),(AA,12953,267.00),(AA,13244,261.00),(NK,15304,261.00),(AA,11278,257.00),(OH,11066,256.00),(F9,11042,247.00),(YX,12953,246.00)]"
2025-01-08 00:00:00,7,12889,3432,528,14.137820512820513,1266.0,"[(OO,14893,1266.00),(G4,11193,1042.00),(G4,10666,942.00),(DL,12478,598.00),(UA,11618,598.00),(AA,13930,582.00),(UA,12266,407.00),(AA,11057,390.00),(WN,12173,387.00),(AA,13303,339.00),(AA,11298,317.00),(B6,12478,300.00),(AS,14747,287.00),(UA,12892,267.00),(AA,11298,263.00),(WN,14107,253.00),(DL,12892,248.00),(AA,13930,245.00),(WN,13244,239.00),(WN,12954,235.00)]"
2025-01-08 00:00:00,8,12892,3675,516,12.868027210884353,1065.0,"[(OO,10372,1065.00),(OO,10140,738.00),(OO,10372,733.00),(OO,14679,729.00),(AA,13930,692.00),(OO,14679,608.00),(UA,11618,450.00),(OO,14893,422.00),(OO,13476,390.00),(DL,10397,373.00),(NK,10397,362.00),(AA,11298,340.00),(AA,12478,325.00),(AA,11298,318.00),(G4,14783,315.00),(UA,11292,303.00),(DL,13204,301.00),(AA,10423,290.00),(OO,10372,276.00),(OO,14698,275.00)]"
2025-01-08 00:00:00,9,14107,3767,488,11.503583753650119,717.0,"[(OO,12280,717.00),(AA,14908,658.00),(AA,14679,578.00),(NK,11298,520.00),(UA,11618,519.00),(AS,14057,488.00),(AA,11540,467.00),(OO,12892,432.00),(UA,14771,399.00),(AA,13303,359.00),(OO,12892,358.00),(AA,12889,350.00),(AA,11884,316.00),(UA,11618,288.00),(F9,11298,283.00),(UA,12266,269.00),(WN,14730,264.00),(AA,11298,263.00),(WN,10800,260.00),(AA,14679,251.00)]"
2025-01-08 00:00:00,10,12266,2081,444,27.770302739067755,1630.0,"[(OH,14100,1630.00),(OO,10372,1417.00),(OO,15569,875.00),(OO,11109,749.00),(NK,12892,729.00),(OO,12177,696.00),(OO,11140,670.00),(UA,12892,669.00),(UA,11292,614.00),(UA,14107,604.00),(UA,10693,560.00),(DL,12953,539.00),(UA,13930,482.00),(UA,13204,473.00),(OO,14783,456.00),(UA,11298,447.00),(UA,12889,425.00),(UA,11042,423.00),(UA,11066,393.00),(AA,11298,369.00)]"
2025-01-09 00:00:00,1,11292,6533,1573,22.645645185978875,1120.0,"[(OO,11921,1120.00),(OO,12280,990.00),(OO,14457,931.00),(UA,12441,914.00),(OO,13851,885.00),(OO,11423,846.00),(OO,10372,735.00),(UA,14107,714.00),(OO,11233,650.00),(F9,15304,601.00),(AA,11298,498.00),(DL,14747,438.00),(AA,11298,425.00),(DL,14747,399.00),(OO,14237,396.00),(OO,13029,393.00),(UA,12892,389.00),(AS,14747,378.00),(OO,11637,369.00),(F9,14107,362.00)]"
2025-01-09 00:00:00,2,11298,6495,1368,24.2788298691301,1412.0,"[(B6,10721,1412.00),(AA,12094,1144.00),(AA,14193,1078.00),(OH,12448,1058.00),(F9,13232,971.00),(AA,11109,953.00),(AA,10693,890.00),(AA,15096,877.00),(DL,10721,831.00),(OO,15401,775.00),(OO,10372,742.00),(AA,12992,698.00),(AA,11638,686.00),(AA,10423,678.00),(AA,10423,660.00),(AA,10423,582.00),(AA,14679,555.00),(AA,13485,554.00),(AA,13256,543.00),(MQ,12206,533.00)]"
2025-01-09 00:00:00,3,13930,5574,945,17.34822389666308,1051.0,"[(AA,11278,1051.00),(DL,14869,911.00),(OO,10693,864.00),(OO,10693,853.00),(OO,11433,826.00),(UA,14057,740.00),(OO,11433,736.00),(OO,12559,720.00),(DL,10397,709.00),(OO,15048,698.00),(OO,11433,684.00),(OO,10980,671.00),(AA,11986,664.00),(MQ,11067,664.00),(OO,11076,661.00),(MQ,13367,642.00),(NK,11618,562.00),(UA,12266,559.00),(DL,10397,493.00),(WN,14107,402.00)]"
2025-01-09 00:00:00,4,10397,5929,803,11.620340698262776,972.0,"[(F9,11618,972.00),(DL,14689,906.00),(F9,11292,650.00),(F9,10721,640.00),(OO,10980,634.00),(OO,11823,620.00),(OO,13277,580.00),(F9,15304,528.00),(DL,14574,519.00),(F9,14100,503.00),(F9,11292,491.00),(OO,10146,477.00),(F9,13303,464.00),(OO,11146,438.00),(OH,11278,365.00),(NK,12892,359.00),(F9,13931,343.00),(AA,11298,318.00),(OO,11823,317.00),(DL,11298,287.00)]"
2025-01-09 00:00:00,5,13204,3479,635,17.150617993676345,902.0,"[(UA,12266,902.00),(F9,15016,496.00),(DL,14492,443.00),(DL,11433,348.00),(DL,11193,340.00),(UA,12266,331.00),(UA,12889,295.00),(UA,11618,294.00),(DL,11433,281.00),(WN,10529,273.00),(F9,14107,267.00),(WN,14307,267.00),(B6,14307,266.00),(B6,15096,260.00),(B6,11618,255.00),(WN,10821,255.00),(WN,13487,249.00),(WN,13871,249.00),(F9,11298,248.00),(WN,11278,245.00)]"
2025-01-09 00:00:00,6,11057,4419,581,10.734781624801991,671.0,"[(AA,11278,671.00),(AA,15919,577.00),(AA,11066,511.00),(AA,11292,477.00),(AA,11042,422.00),(AA,11042,312.00),(NK,12953,286.00),(OH,14307,285.00),(F9,14100,284.00),(OH,11973,283.00),(OH,15370,281.00),(OH,10874,274.00),(DL,10397,273.00),(AA,12953,267.00),(AA,13244,261.00),(NK,15304,261.00),(AA,11278,257.00),(OH,11066,256.00),(F9,11042,247.00),(YX,12953,246.00)]"
2025-01-09 00:00:00,7,12889,3848,555,13.04989604989605,1266.0,"[(OO,14893,1266.00),(G4,11193,1042.00),(G4,10666,942.00),(DL,12478,598.00),(UA,11618,598.00),(AA,13930,582.00),(UA,12266,407.00),(AA,11057,393.00),(AA,11057,390.00),(WN,12173,387.00),(AA,13303,339.00),(AA,11298,317.00),(B6,12478,300.00),(AS,14747,287.00),(UA,12892,267.00),(AA,11298,263.00),(WN,14107,253.00),(DL,12892,248.00),(AA,13930,245.00),(WN,13244,239.00)]"
2025-01-09 00:00:00,8,12892,4130,553,11.919370460048427,1065.0,"[(OO,10372,1065.00),(OO,10140,738.00),(OO,10372,733.00),(OO,14679,729.00),(AA,13930,692.00),(OO,14679,608.00),(UA,11618,450.00),(OO,14893,422.00),(OO,13476,390.00),(DL,10397,373.00),(NK,10397,362.00),(AA,11298,340.00),(AA,12478,325.00),(UA,14771,321.00),(AA,11298,318.00),(G4,14783,315.00),(UA,11292,303.00),(DL,13204,301.00),(UA,11292,297.00),(AA,10423,290.00)]"
2025-01-09 00:00:00,9,14107,4227,517,10.584811923349893,717.0,"[(OO,12280,717.00),(AA,14908,658.00),(AA,14679,578.00),(NK,11298,520.00),(UA,11618,519.00),(AS,14057,488.00),(AA,11540,467.00),(OO,12892,432.00),(UA,14771,399.00),(AA,13303,359.00),(OO,12892,358.00),(AA,12889,350.00),(AA,11884,316.00),(UA,11618,288.00),(F9,11298,283.00),(UA,12266,269.00),(WN,14730,264.00),(AA,11298,263.00),(WN,10800,260.00),(AA,14679,251.00)]"
2025-01-09 00:00:00,10,12266,2369,474,25.822287885183624,1630.0,"[(OH,14100,1630.00),(OO,10372,1417.00),(DL,10397,998.00),(OO,15569,875.00),(OO,11109,749.00),(NK,12892,729.00),(OO,12177,696.00),(OO,11140,670.00),(UA,12892,669.00),(UA,11292,614.00),(UA,14107,604.00),(UA,10693,560.00),(DL,12953,539.00),(UA,13930,482.00),(UA,13204,473.00),(OO,14783,456.00),(UA,11298,447.00),(UA,12889,425.00),(UA,11042,423.00),(UA,11066,393.00)]"
2025-01-10 00:00:00,1,11292,7299,1750,22.814221126181668,1120.0,"[(OO,11921,1120.00),(OO,12280,990.00),(OO,14457,931.00),(UA,12441,914.00),(OO,13851,885.00),(OO,15041,864.00),(OO,11423,846.00),(OO,14814,825.00),(OO,10372,735.00),(UA,14107,714.00),(OO,11233,650.00),(DL,13487,644.00),(F9,15304,601.00),(AA,11298,498.00),(DL,14747,438.00),(AA,11298,425.00),(DL,14747,399.00),(OO,14237,396.00),(OO,13029,393.00),(UA,12892,389.00)]"
2025-01-10 00:00:00,2,11298,6621,1449,26.814831596435585,1490.0,"[(AA,12173,1490.00),(B6,10721,1412.00),(AA,12094,1144.00),(AA,14193,1078.00),(OH,12448,1058.00),(F9,13232,971.00),(AA,11109,953.00),(AA,10693,890.00),(AA,15096,877.00),(DL,10721,831.00),(AA,13930,823.00),(OO,15401,775.00),(OO,10372,742.00),(AA,12992,698.00),(AA,11638,686.00),(AA,10423,678.00),(AA,10423,660.00),(AA,10423,582.00),(AA,14679,555.00),(AA,13485,554.00)]"
2025-01-10 00:00:00,3,13930,6262,1036,17.10380070265091,1546.0,"[(AA,12441,1546.00),(AA,11278,1051.00),(DL,14869,911.00),(OO,10693,864.00),(OO,10693,853.00),(UA,11003,853.00),(OO,11433,826.00),(F9,11292,821.00),(UA,14057,740.00),(OO,11433,736.00),(OO,12559,720.00),(DL,10397,709.00),(OO,15048,698.00),(OO,11433,684.00),(OO,10980,671.00),(OO,10980,666.00),(AA,11986,664.00),(MQ,11067,664.00),(OO,11076,661.00),(MQ,13367,642.00)]"
2025-01-10 00:00:00,4,10397,6662,900,11.552086460522366,972.0,"[(F9,11618,972.00),(DL,14689,906.00),(F9,11292,650.00),(F9,10721,640.00),(OO,10980,634.00),(OO,11823,620.00),(OO,13277,580.00),(F9,15304,528.00),(DL,14574,519.00),(F9,14100,503.00),(F9,11292,491.00),(OO,10146,477.00),(F9,13303,464.00),(OO,11146,438.00),(OH,11278,365.00),(NK,12892,359.00),(F9,13931,343.00),(AA,11298,318.00),(OO,11823,317.00),(DL,11298,287.00)]"
2025-01-10 00:00:00,5,12889,4344,721,15.48549723756906,1266.0,"[(OO,14893,1266.00),(G4,11193,1042.00),(G4,14314,1030.00),(G4,10666,942.00),(F9,13891,693.00),(DL,12478,598.00),(UA,11618,598.00),(G4,14905,585.00),(AA,13930,582.00),(UA,12266,407.00),(AA,11057,393.00),(AA,11057,390.00),(WN,12173,387.00),(AA,13303,339.00),(WN,14831,333.00),(AA,11298,317.00),(B6,12478,300.00),(AS,14747,287.00),(OO,14679,272.00),(UA,12892,267.00)]"
2025-01-10 00:00:00,6,13204,3882,672,15.991499227202473,902.0,"[(UA,12266,902.00),(F9,15016,496.00),(DL,14492,443.00),(DL,11433,348.00),(DL,11193,340.00),(UA,12266,331.00),(UA,12889,295.00),(UA,11618,294.00),(DL,11433,281.00),(WN,10529,273.00),(F9,14107,267.00),(WN,14307,267.00),(B6,14307,266.00),(B6,15096,260.00),(B6,11618,255.00),(WN,10821,255.00),(WN,13487,249.00),(WN,13871,249.00),(F9,11298,248.00),(WN,11278,245.00)]"
2025-01-10 00:00:00,7,11057,4966,642,10.773258155457109,671.0,"[(AA,11278,671.00),(OH,11146,610.00),(AA,15919,577.00),(AA,10693,519.00),(AA,11066,511.00),(AA,11066,477.00),(AA,11292,477.00),(AA,11042,422.00),(WN,15016,408.00),(AA,11042,312.00),(NK,12953,286.00),(OH,14307,285.00),(F9,14100,284.00),(OH,11973,283.00),(OH,15370,281.00),(OH,10874,274.00),(DL,10397,273.00),(AA,12953,267.00),(AA,13244,261.00),(NK,15304,261.00)]"
2025-01-10 00:00:00,8,12892,4604,593,11.119461337966985,1065.0,"[(OO,10372,1065.00),(OO,10140,738.00),(OO,10372,733.00),(OO,14679,729.00),(AA,13930,692.00),(OO,14679,608.00),(UA,11618,450.00),(OO,14893,422.00),(OO,13476,390.00),(DL,10397,373.00),(NK,10397,362.00),(AA,11298,340.00),(AA,12478,325.00),(UA,14771,321.00),(AA,11278,320.00),(AA,11298,318.00),(G4,14783,315.00),(UA,11292,303.00),(DL,13204,301.00),(UA,11292,297.00)]"
2025-01-10 00:00:00,9,14107,4755,572,10.246056782334385,717.0,"[(OO,12280,717.00),(AA,14908,658.00),(AA,14679,578.00),(NK,11298,520.00),(UA,11618,519.00),(AS,14057,488.00),(AA,11540,467.00),(OO,12892,432.00),(UA,14771,399.00),(AA,13303,359.00),(OO,12892,358.00),(AA,12889,350.00),(AA,11884,316.00),(AA,10721,295.00),(UA,11618,288.00),(F9,11298,283.00),(UA,12266,269.00),(WN,14908,265.00),(WN,14730,264.00),(AA,11298,263.00)]"
2025-01-10 00:00:00,10,12953,2901,551,16.425715270596346,1286.0,"[(F9,13303,1286.00),(AA,11298,837.00),(DL,14986,663.00),(UA,13930,563.00),(B6,11697,370.00),(B6,13204,366.00),(DL,13303,362.00),(DL,13198,353.00),(F9,10397,317.00),(NK,13204,310.00),(YX,12451,305.00),(AA,13303,293.00),(DL,11292,292.00),(DL,10693,288.00),(DL,11433,270.00),(YX,12339,270.00),(DL,13198,265.00),(YX,11042,265.00),(YX,11057,263.00),(NK,11697,253.00)]"
2025-01-11 00:00:00,1,11292,8068,1818,21.380515617253348,1120.0,"[(OO,11921,1120.00),(OO,12280,990.00),(OO,14457,931.00),(UA,12441,914.00),(OO,13851,885.00),(OO,15041,864.00),(OO,11423,846.00),(OO,14814,825.00),(OO,10372,735.00),(UA,14107,714.00),(OO,11233,650.00),(DL,13487,644.00),(F9,15304,601.00),(AA,11298,498.00),(DL,14747,438.00),(DL,10397,436.00),(AA,11298,425.00),(G4,14108,420.00),(DL,10397,409.00),(DL,14747,399.00)]"
2025-01-11 00:00:00,2,11298,7200,1778,29.74138888888889,1490.0,"[(AA,12173,1490.00),(B6,10721,1412.00),(AA,11638,1147.00),(AA,12094,1144.00),(AA,14193,1078.00),(OH,12448,1058.00),(F9,13232,971.00),(AA,11109,953.00),(OO,11109,945.00),(AA,10693,890.00),(AA,15096,877.00),(DL,10721,831.00),(AA,13930,823.00),(OO,15401,775.00),(AA,15016,747.00),(OO,10372,742.00),(MQ,12945,711.00),(AA,12992,698.00),(AA,11638,686.00),(AA,10423,678.00)]"
2025-01-11 00:00:00,3,13930,6926,1305,20.282125324862836,1546.0,"[(AA,12441,1546.00),(AA,11278,1051.00),(OO,12559,964.00),(DL,14869,911.00),(AA,14492,899.00),(OO,10693,864.00),(OO,10693,853.00),(UA,11003,853.00),(OO,11433,826.00),(F9,11292,821.00),(UA,14057,740.00),(OO,11433,736.00),(OO,12559,720.00),(OO,10693,716.00),(DL,10397,709.00),(F9,13204,703.00),(OO,15048,698.00),(OO,11433,684.00),(OO,10980,671.00),(OO,10980,666.00)]"
2025-01-11 00:00:00,4,10397,6783,1012,16.135043491080644,1300.0,"[(AA,13303,1300.00),(AA,11298,1095.00),(F9,11618,972.00),(DL,14689,906.00),(DL,12478,799.00),(DL,12173,691.00),(DL,11697,679.00),(DL,11433,669.00),(F9,11292,650.00),(F9,10721,640.00),(OO,10980,634.00),(OO,11823,620.00),(DL,11433,581.00),(DL,12266,581.00),(OO,13277,580.00),(DL,13198,576.00),(DL,12339,547.00),(DL,12953,547.00),(F9,15304,528.00),(DL,14574,519.00)]"
2025-01-11 00:00:00,5,12889,4852,766,14.819455894476505,1266.0,"[(OO,14893,1266.00),(G4,11193,1042.00),(G4,14314,1030.00),(G4,10666,942.00),(F9,13891,693.00),(DL,12478,598.00),(UA,11618,598.00),(G4,14905,585.00),(AA,13930,582.00),(G4,13871,448.00),(UA,12266,407.00),(AA,11057,393.00),(AA,11057,390.00),(WN,12173,387.00),(AA,13303,339.00),(WN,14831,333.00),(AS,14747,321.00),(AA,11298,317.00),(B6,12478,300.00),(AS,14747,287.00)]"
2025-01-11 00:00:00,6,13204,4275,715,15.805847953216375,902.0,"[(UA,12266,902.00),(DL,10397,519.00),(F9,15016,496.00),(DL,14492,443.00),(DL,12953,405.00),(DL,10397,403.00),(DL,11433,348.00),(AA,14100,346.00),(DL,11193,340.00),(UA,12266,331.00),(DL,10397,328.00),(DL,10397,326.00),(DL,10397,323.00),(UA,12889,295.00),(UA,11618,294.00),(DL,11433,281.00),(WN,10529,273.00),(F9,14107,267.00),(WN,14307,267.00),(B6,14307,266.00)]"
2025-01-11 00:00:00,7,11057,5227,690,11.705375932657356,1279.0,"[(AA,15016,1279.00),(OH,11252,835.00),(AA,11278,671.00),(OH,11146,610.00),(AA,15919,577.00),(AA,10693,519.00),(AA,11066,511.00),(AA,11066,477.00),(AA,11292,477.00),(DL,10397,436.00),(AA,11042,422.00),(WN,15016,408.00),(DL,10397,332.00),(AA,11042,312.00),(NK,12953,286.00),(OH,14307,285.00),(F9,14100,284.00),(OH,11973,283.00),(DL,11433,282.00),(OH,15370,281.00)]"
2025-01-11 00:00:00,8,12892,5084,645,11.01927616050354,1065.0,"[(OO,10372,1065.00),(OO,10140,738.00),(OO,10372,733.00),(OO,14679,729.00),(AA,13930,692.00),(OO,14679,608.00),(UA,11618,450.00),(OO,14893,422.00),(OO,10372,395.00),(DL,10397,392.00),(OO,13476,390.00),(DL,10397,373.00),(NK,10397,362.00),(DL,10397,359.00),(AA,11298,340.00),(AA,12478,325.00),(UA,14771,321.00),(AA,11278,320.00),(AA,11298,318.00),(G4,14783,315.00)]"
2025-01-11 00:00:00,9,14107,5239,618,9.989310937201756,717.0,"[(OO,12280,717.00),(DL,11433,664.00),(AA,14908,658.00),(AA,14679,578.00),(NK,11298,520.00),(UA,11618,519.00),(AS,14057,488.00),(AA,11540,467.00),(OO,12892,432.00),(UA,14771,399.00),(AA,13303,359.00),(OO,12892,358.00),(AA,12889,350.00),(AA,11884,316.00),(AA,10721,295.00),(UA,11618,288.00),(UA,11292,286.00),(F9,11298,283.00),(WN,14730,272.00),(UA,12266,269.00)]"
2025-01-11 00:00:00,10,12266,2949,600,26.414377755171245,1630.0,"[(OH,14100,1630.00),(OO,10372,1417.00),(AA,11298,1245.00),(OO,10372,1118.00),(DL,10397,998.00),(DL,10397,915.00),(OO,15569,875.00),(OO,15569,773.00),(OO,11109,749.00),(NK,12892,729.00),(OO,12177,696.00),(OO,11140,670.00),(UA,12892,669.00),(UA,11292,614.00),(UA,14107,604.00),(UA,10693,560.00),(DL,12953,539.00),(AA,11057,504.00),(UA,13930,482.00),(DL,10397,481.00)]"
2025-01-12 00:00:00,1,11298,7913,1974,29.391507645646406,1490.0,"[(AA,12173,1490.00),(B6,10721,1412.00),(AA,11638,1147.00),(AA,12094,1144.00),(AA,14193,1078.00),(OH,12448,1058.00),(F9,13232,971.00),(AA,11109,953.00),(OO,11109,945.00),(AA,10693,890.00),(AA,15096,877.00),(DL,10721,831.00),(AA,13930,823.00),(OO,15401,775.00),(AA,15016,747.00),(OO,10372,742.00),(MQ,12945,711.00),(AA,12992,698.00),(AA,11638,686.00),(AA,10423,678.00)]"
2025-01-12 00:00:00,2,11292,8765,1907,20.722989161437535,1120.0,"[(OO,11921,1120.00),(OO,12280,990.00),(OO,14457,931.00),(UA,12441,914.00),(OO,13851,885.00),(OO,15041,864.00),(OO,11423,846.00),(OO,14814,825.00),(OO,10372,735.00),(UA,14107,714.00),(OO,14534,679.00),(OO,11233,650.00),(DL,13487,644.00),(F9,15304,601.00),(AA,11298,498.00),(DL,14747,438.00),(DL,10397,436.00),(AA,11298,425.00),(G4,14108,420.00),(DL,10397,409.00)]"
2025-01-12 00:00:00,3,13930,7532,1406,19.83098778544875,1546.0,"[(AA,12441,1546.00),(AA,11278,1051.00),(OO,12559,964.00),(DL,14869,911.00),(AA,14492,899.00),(OO,10693,864.00),(OO,10693,853.00),(UA,11003,853.00),(OO,11433,826.00),(F9,11292,821.00),(UA,14057,740.00),(OO,11433,736.00),(OO,12559,720.00),(OO,10693,716.00),(DL,10397,709.00),(F9,13204,703.00),(OO,15048,698.00),(OO,11433,684.00),(OO,10980,671.00),(OO,10980,666.00)]"
2025-01-12 00:00:00,4,10397,7324,1360,20.817176406335335,1300.0,"[(AA,13303,1300.00),(AA,11298,1095.00),(F9,11618,972.00),(DL,14689,906.00),(OO,10146,847.00),(DL,12478,799.00),(DL,11775,741.00),(DL,12173,691.00),(DL,11057,682.00),(DL,11697,679.00),(DL,11433,669.00),(F9,11292,650.00),(F9,10721,640.00),(OO,10980,634.00),(OO,11823,620.00),(DL,11259,596.00),(DL,11433,581.00),(DL,12266,581.00),(OO,13277,580.00),(OO,13277,580.00)]"
2025-01-12 00:00:00,5,11057,5639,813,13.07962404681681,1279.0,"[(AA,15016,1279.00),(OH,11252,835.00),(AA,11278,671.00),(DL,10397,629.00),(OH,11146,610.00),(AA,15919,577.00),(AA,10693,519.00),(AA,11066,511.00),(AA,11066,477.00),(AA,11292,477.00),(AA,14100,444.00),(DL,10397,436.00),(AA,11042,422.00),(WN,15016,408.00),(AA,10423,382.00),(DL,10397,332.00),(AA,11042,312.00),(NK,12953,286.00),(OH,14307,285.00),(F9,14100,284.00)]"
2025-01-12 00:00:00,6,13204,4679,797,16.17460995939303,945.0,"[(AA,13930,945.00),(UA,12266,902.00),(DL,10397,519.00),(F9,15016,496.00),(DL,14492,443.00),(DL,11433,430.00),(DL,12953,405.00),(DL,10397,403.00),(DL,11433,348.00),(AA,14100,346.00),(DL,11193,340.00),(UA,12266,331.00),(DL,10397,328.00),(DL,10397,326.00),(DL,10397,323.00),(UA,12889,295.00),(UA,11618,294.00),(DL,11433,281.00),(AA,11278,276.00),(WN,10529,273.00)]"
2025-01-12 00:00:00,7,12889,5267,793,13.997911524587051,1266.0,"[(OO,14893,1266.00),(G4,11193,1042.00),(G4,14314,1030.00),(G4,10666,942.00),(F9,13891,693.00),(DL,12478,598.00),(UA,11618,598.00),(G4,14905,585.00),(AA,13930,582.00),(G4,13871,448.00),(UA,12266,407.00),(AA,11057,393.00),(AA,11057,390.00),(WN,12173,387.00),(AA,13303,339.00),(WN,14831,333.00),(AS,14747,321.00),(AA,11298,317.00),(B6,12478,300.00),(AS,14747,287.00)]"
2025-01-12 00:00:00,8,12892,5502,693,11.250454380225372,1065.0,"[(OO,10372,1065.00),(OO,10372,885.00),(OO,10140,738.00),(OO,10372,733.00),(OO,14679,729.00),(AA,13930,692.00),(OO,14679,608.00),(OO,14689,525.00),(UA,11618,450.00),(OO,14893,422.00),(OO,10372,395.00),(F9,11292,394.00),(DL,10397,392.00),(OO,13476,390.00),(DL,10397,373.00),(NK,10397,362.00),(DL,10397,359.00),(AA,11298,340.00),(OO,10372,340.00),(AA,12478,325.00)]"
2025-01-12 00:00:00,9,14107,5684,661,9.759324419422942,717.0,"[(OO,12280,717.00),(DL,11433,664.00),(AA,14908,658.00),(AA,14679,578.00),(NK,11298,520.00),(UA,11618,519.00),(AS,14057,488.00),(AA,11540,467.00),(DL,10721,462.00),(OO,12892,432.00),(UA,14771,399.00),(AA,13303,359.00),(OO,12892,358.00),(AA,12889,350.00),(DL,13487,332.00),(AA,11884,316.00),(AA,10721,295.00),(UA,11618,288.00),(UA,11292,286.00),(F9,11298,283.00)]"
2025-01-12 00:00:00,10,12266,3208,642,25.36377805486284,1630.0,"[(OH,14100,1630.00),(OO,10372,1417.00),(AA,11298,1245.00),(OO,10372,1118.00),(DL,10397,998.00),(DL,10397,915.00),(OO,15569,875.00),(OO,15569,773.00),(OO,11109,749.00),(NK,12892,729.00),(OO,12177,696.00),(OO,11140,670.00),(UA,12892,669.00),(UA,11292,614.00),(UA,14107,604.00),(UA,10693,560.00),(DL,12953,539.00),(AA,11057,504.00),(UA,13930,482.00),(DL,10397,481.00)]"
2025-01-13 00:00:00,1,11298,8751,2116,28.138727002628272,1490.0,"[(AA,12173,1490.00),(B6,10721,1412.00),(AA,11638,1147.00),(AA,12094,1144.00),(AA,14193,1078.00),(OH,12448,1058.00),(OH,12278,983.00),(F9,13232,971.00),(AA,11109,953.00),(OO,11109,945.00),(AA,10693,890.00),(AA,15096,877.00),(DL,10721,831.00),(AA,13930,823.00),(OO,15401,775.00),(AA,15016,747.00),(OO,10372,742.00),(MQ,12945,711.00),(AA,12992,698.00),(AA,11638,686.00)]"
2025-01-13 00:00:00,2,11292,9615,1991,19.569006760270412,1120.0,"[(OO,11921,1120.00),(OO,12280,990.00),(OO,14457,931.00),(UA,12441,914.00),(OO,13851,885.00),(OO,15041,864.00),(OO,11423,846.00),(OO,14814,825.00),(OO,10372,735.00),(UA,14107,714.00),(OO,14534,679.00),(OO,11233,650.00),(DL,13487,644.00),(F9,15304,601.00),(AA,11298,498.00),(DL,14747,438.00),(DL,10397,436.00),(AA,11298,425.00),(G4,14108,420.00),(DL,10397,409.00)]"
2025-01-13 00:00:00,3,10397,8081,1611,21.56304912758322,1300.0,"[(AA,13303,1300.00),(AA,11298,1095.00),(F9,11618,972.00),(DL,14689,906.00),(OO,14696,852.00),(OO,10146,847.00),(DL,12478,799.00),(DL,11775,741.00),(DL,12173,691.00),(UA,11292,691.00),(DL,11057,682.00),(DL,11697,679.00),(DL,11433,669.00),(F9,11292,650.00),(F9,10721,640.00),(OO,10980,634.00),(OO,11823,620.00),(DL,11259,596.00),(DL,11433,581.00),(DL,12266,581.00)]"
2025-01-13 00:00:00,4,13930,8245,1552,19.78677986658581,1546.0,"[(AA,12441,1546.00),(AA,11278,1051.00),(OO,12559,964.00),(DL,14869,911.00),(AA,14492,899.00),(OO,10693,864.00),(OO,10693,853.00),(UA,11003,853.00),(OO,11433,826.00),(F9,11292,821.00),(UA,14057,740.00),(OO,11433,736.00),(OO,12559,720.00),(OO,10693,716.00),(DL,10397,709.00),(F9,13204,703.00),(OO,15048,698.00),(OO,11433,684.00),(OO,10980,671.00),(OO,10980,666.00)]"
2025-01-13 00:00:00,5,11057,6209,894,13.273151876308585,1279.0,"[(AA,15016,1279.00),(OH,14685,865.00),(OH,11252,835.00),(AA,11278,671.00),(DL,10397,629.00),(OH,11146,610.00),(AA,15919,577.00),(AA,10693,519.00),(AA,11066,511.00),(AA,11066,477.00),(AA,11292,477.00),(AA,14100,444.00),(DL,10397,436.00),(AA,11042,422.00),(WN,15016,408.00),(AA,10423,382.00),(DL,10397,334.00),(DL,10397,332.00),(AA,11042,312.00),(OH,12197,295.00)]"
2025-01-13 00:00:00,6,12889,5821,878,13.499398728740767,1266.0,"[(OO,14893,1266.00),(G4,11193,1042.00),(G4,14314,1030.00),(G4,10666,942.00),(F9,13891,693.00),(DL,12478,598.00),(UA,11618,598.00),(G4,14905,585.00),(AA,13930,582.00),(AA,13303,542.00),(G4,13871,448.00),(UA,12266,407.00),(AA,11057,393.00),(AA,11057,390.00),(WN,12173,387.00),(AA,13303,339.00),(WN,14831,333.00),(AS,14747,321.00),(AA,11298,317.00),(B6,12478,300.00)]"
2025-01-13 00:00:00,7,13204,5131,851,16.052231533814073,945.0,"[(AA,13930,945.00),(UA,12266,902.00),(F9,11292,877.00),(DL,10397,519.00),(F9,15016,496.00),(DL,14492,443.00),(DL,11433,430.00),(DL,12953,405.00),(DL,10397,403.00),(DL,11433,348.00),(AA,14100,346.00),(DL,11433,343.00),(DL,11193,340.00),(UA,12266,331.00),(DL,10397,328.00),(DL,10397,326.00),(DL,10397,323.00),(DL,11278,319.00),(UA,12889,295.00),(UA,11618,294.00)]"
2025-01-13 00:00:00,8,12892,6005,749,10.941382181515404,1065.0,"[(OO,10372,1065.00),(OO,10372,885.00),(OO,10140,738.00),(OO,10372,733.00),(OO,14679,729.00),(AA,13930,692.00),(OO,14679,608.00),(OO,14689,525.00),(UA,11618,450.00),(DL,10721,444.00),(OO,14893,422.00),(DL,10721,395.00),(OO,10372,395.00),(F9,11292,394.00),(DL,10397,392.00),(OO,13476,390.00),(DL,10397,373.00),(NK,10397,362.00),(DL,10397,359.00),(OO,10372,340.00)]"
2025-01-13 00:00:00,9,14107,6265,723,9.550518754988028,717.0,"[(OO,12280,717.00),(DL,11433,664.00),(AA,14908,658.00),(AA,14679,578.00),(NK,11298,520.00),(UA,11618,519.00),(AS,14057,488.00),(AA,11540,467.00),(DL,10721,462.00),(DL,11433,443.00),(OO,12892,432.00),(UA,14771,399.00),(AA,13303,359.00),(OO,12892,358.00),(AA,12889,350.00),(DL,13487,332.00),(AA,11884,316.00),(AA,10721,295.00),(OO,12892,295.00),(UA,11618,288.00)]"
2025-01-13 00:00:00,10,12266,3518,689,24.31154064809551,1630.0,"[(OH,14100,1630.00),(OO,10372,1417.00),(AA,11298,1245.00),(OO,10372,1118.00),(DL,10397,998.00),(DL,10397,915.00),(OO,15569,875.00),(OO,15569,773.00),(OO,11109,749.00),(NK,12892,729.00),(OO,12177,696.00),(OO,11140,670.00),(UA,12892,669.00),(AA,11057,637.00),(UA,11292,614.00),(UA,14107,604.00),(UA,10693,560.00),(DL,12953,539.00),(AA,11057,504.00),(UA,13930,482.00)]"
2025-01-14 00:00:00,1,11298,9572,2202,26.398453823652318,1490.0,"[(AA,12173,1490.00),(B6,10721,1412.00),(AA,11638,1147.00),(AA,12094,1144.00),(AA,14193,1078.00),(OH,12448,1058.00),(OH,12278,983.00),(F9,13232,971.00),(AA,11109,953.00),(OO,11109,945.00),(AA,10693,890.00),(AA,15096,877.00),(DL,10721,831.00),(AA,13930,823.00),(OO,15401,775.00),(AA,15016,747.00),(OO,10372,742.00),(MQ,12945,711.00),(AA,12992,698.00),(AA,11638,686.00)]"
2025-01-14 00:00:00,2,11292,10416,2051,18.401497695852534,1120.0,"[(OO,11921,1120.00),(OO,12280,990.00),(OO,14457,931.00),(UA,12441,914.00),(OO,13851,885.00),(OO,15041,864.00),(OO,11423,846.00),(OO,14814,825.00),(OO,10372,735.00),(UA,14107,714.00),(OO,14534,679.00),(OO,11233,650.00),(DL,13487,644.00),(F9,15304,601.00),(AA,11298,498.00),(DL,14747,438.00),(DL,10397,436.00),(AA,11298,425.00),(G4,14108,420.00),(DL,10397,409.00)]"
2025-01-14 00:00:00,3,10397,8871,1691,20.312704317438847,1300.0,"[(AA,13303,1300.00),(AA,11298,1095.00),(F9,11618,972.00),(DL,14689,906.00),(OO,14696,852.00),(OO,10146,847.00),(DL,12478,799.00),(DL,11775,741.00),(DL,12173,691.00),(UA,11292,691.00),(DL,11057,682.00),(DL,11697,679.00),(DL,11433,669.00),(F9,11292,650.00),(F9,10721,640.00),(OO,10980,634.00),(OO,11823,620.00),(DL,11259,596.00),(DL,11433,581.00),(DL,12266,581.00)]"
2025-01-14 00:00:00,4,13930,8960,1624,18.72310267857143,1546.0,"[(AA,12441,1546.00),(AA,11278,1051.00),(OO,12559,964.00),(DL,14869,911.00),(AA,14492,899.00),(OO,10693,864.00),(OO,10693,853.00),(UA,11003,853.00),(OO,11433,826.00),(F9,11292,821.00),(UA,14057,740.00),(OO,11433,736.00),(OO,12559,720.00),(OO,10693,716.00),(DL,10397,709.00),(F9,13204,703.00),(OO,15048,698.00),(OO,11433,684.00),(OO,10980,671.00),(OO,10980,666.00)]"
2025-01-14 00:00:00,5,11057,6760,959,12.86508875739645,1279.0,"[(AA,15016,1279.00),(OH,14685,865.00),(OH,11252,835.00),(OH,11267,685.00),(AA,11278,671.00),(DL,10397,629.00),(OH,11146,610.00),(AA,15919,577.00),(AA,10693,519.00),(AA,11066,511.00),(AA,11066,477.00),(AA,11292,477.00),(AA,14100,444.00),(DL,10397,436.00),(AA,11042,422.00),(WN,15016,408.00),(AA,10423,382.00),(DL,10397,334.00),(DL,10397,332.00),(AA,11042,312.00)]"
2025-01-14 00:00:00,6,12889,6328,892,12.31858407079646,1266.0,"[(OO,14893,1266.00),(G4,11193,1042.00),(G4,14314,1030.00),(G4,10666,942.00),(F9,13891,693.00),(DL,12478,598.00),(UA,11618,598.00),(G4,14905,585.00),(AA,13930,582.00),(AA,13303,542.00),(G4,13871,448.00),(UA,12266,407.00),(AA,11057,393.00),(AA,11057,390.00),(WN,12173,387.00),(AA,13303,339.00),(WN,14831,333.00),(AS,14747,321.00),(AA,11298,317.00),(B6,12478,300.00)]"
2025-01-14 00:00:00,7,13204,5560,881,15.145323741007195,945.0,"[(AA,13930,945.00),(UA,12266,902.00),(F9,11292,877.00),(DL,10397,519.00),(F9,15016,496.00),(DL,14492,443.00),(DL,11433,430.00),(DL,12953,405.00),(DL,10397,403.00),(DL,11433,348.00),(AA,14100,346.00),(DL,11433,343.00),(DL,11193,340.00),(UA,12266,331.00),(DL,10397,328.00),(DL,10397,326.00),(DL,10397,323.00),(DL,11278,319.00),(WN,14730,296.00),(UA,12889,295.00)]"
2025-01-14 00:00:00,8,12892,6501,772,10.128749423165667,1065.0,"[(OO,10372,1065.00),(OO,10372,885.00),(OO,10140,738.00),(OO,10372,733.00),(OO,14679,729.00),(AA,13930,692.00),(OO,14679,608.00),(OO,14689,525.00),(UA,11618,450.00),(DL,10721,444.00),(OO,14893,422.00),(DL,10721,395.00),(OO,10372,395.00),(F9,11292,394.00),(DL,10397,392.00),(OO,13476,390.00),(AA,11278,381.00),(DL,10397,373.00),(NK,10397,362.00),(DL,10397,359.00)]"
2025-01-14 00:00:00,9,14107,6775,745,8.9019926199262,717.0,"[(OO,12280,717.00),(DL,11433,664.00),(AA,14908,658.00),(AA,14679,578.00),(NK,11298,520.00),(UA,11618,519.00),(AS,14057,488.00),(AA,11540,467.00),(DL,10721,462.00),(DL,11433,443.00),(OO,12892,432.00),(UA,14771,399.00),(AA,13303,359.00),(OO,12892,358.00),(AA,12889,350.00),(DL,13487,332.00),(AA,11884,316.00),(AA,10721,295.00),(OO,12892,295.00),(UA,11618,288.00)]"
2025-01-14 00:00:00,10,12266,3831,725,23.24092926128948,1630.0,"[(OH,14100,1630.00),(OO,10372,1417.00),(AA,11298,1245.00),(OO,10372,1118.00),(DL,10397,998.00),(DL,10397,915.00),(OO,15569,875.00),(OO,15569,773.00),(OO,11109,749.00),(NK,12892,729.00),(OO,12177,696.00),(OO,11140,670.00),(UA,12892,669.00),(AA,11057,637.00),(UA,11292,614.00),(UA,14107,604.00),(UA,10693,560.00),(DL,12953,539.00),(DL,13487,514.00),(AA,11057,504.00)]"
2025-01-15 00:00:00,1,11298,10299,2241,24.649868919312553,1490.0,"[(AA,12173,1490.00),(B6,10721,1412.00),(AA,11638,1147.00),(AA,12094,1144.00),(AA,14193,1078.00),(OH,12448,1058.00),(OH,12278,983.00),(F9,13232,971.00),(AA,11109,953.00),(OO,11109,945.00),(AA,10693,890.00),(AA,15096,877.00),(DL,10721,831.00),(AA,13930,823.00),(OO,15401,775.00),(AA,15016,747.00),(OO,10372,742.00),(MQ,12945,711.00),(AA,12992,698.00),(AA,11638,686.00)]"
2025-01-15 00:00:00,2,11292,11142,2086,17.416173038951715,1120.0,"[(OO,11921,1120.00),(OO,12280,990.00),(OO,14457,931.00),(UA,12441,914.00),(OO,13851,885.00),(OO,15041,864.00),(OO,11423,846.00),(OO,14814,825.00),(OO,10372,735.00),(UA,14107,714.00),(OO,11921,693.00),(OO,14534,679.00),(OO,11233,650.00),(DL,13487,644.00),(OO,11413,610.00),(OO,11233,606.00),(F9,15304,601.00),(AA,11298,498.00),(DL,14747,438.00),(DL,10397,436.00)]"
2025-01-15 00:00:00,3,10397,9576,1717,18.843776106934,1300.0,"[(AA,13303,1300.00),(AA,11298,1095.00),(F9,11618,972.00),(DL,14689,906.00),(OO,14696,852.00),(OO,10146,847.00),(DL,12478,799.00),(DL,11775,741.00),(DL,12173,691.00),(UA,11292,691.00),(DL,11057,682.00),(DL,11697,679.00),(DL,11433,669.00),(F9,11292,650.00),(F9,10721,640.00),(OO,10980,634.00),(OO,11823,620.00),(DL,11259,596.00),(DL,11433,581.00),(DL,12266,581.00)]"
2025-01-15 00:00:00,4,13930,9609,1695,18.02018940576543,1546.0,"[(AA,12441,1546.00),(AA,11278,1051.00),(OO,12559,964.00),(DL,14869,911.00),(AA,14492,899.00),(OO,10693,864.00),(OO,10693,853.00),(UA,11003,853.00),(OO,11433,826.00),(F9,11292,821.00),(OO,12511,748.00),(UA,14057,740.00),(OO,11433,736.00),(OO,12559,720.00),(OO,10693,716.00),(DL,10397,709.00),(F9,13204,703.00),(OO,15048,698.00),(OO,11433,684.00),(OO,10980,671.00)]"
2025-01-15 00:00:00,5,11057,7254,980,11.922525503170665,1279.0,"[(AA,15016,1279.00),(OH,14685,865.00),(OH,11252,835.00),(OH,11267,685.00),(AA,11278,671.00),(DL,10397,629.00),(OH,11146,610.00),(AA,15919,577.00),(AA,10693,519.00),(AA,11066,511.00),(AA,11066,477.00),(AA,11292,477.00),(AA,14100,444.00),(DL,10397,436.00),(AA,11042,422.00),(WN,15016,408.00),(AA,10423,382.00),(DL,10397,334.00),(DL,10397,332.00),(AA,11042,312.00)]"
2025-01-15 00:00:00,6,12889,6743,907,11.461663947797716,1266.0,"[(OO,14893,1266.00),(G4,11193,1042.00),(G4,14314,1030.00),(G4,10666,942.00),(F9,13891,693.00),(DL,12478,598.00),(UA,11618,598.00),(G4,14905,585.00),(AA,13930,582.00),(AA,13303,542.00),(G4,13871,448.00),(UA,12266,407.00),(AA,11057,393.00),(AA,11057,390.00),(WN,12173,387.00),(AA,13303,339.00),(WN,14831,333.00),(AS,14747,321.00),(AA,11298,317.00),(B6,12478,300.00)]"
2025-01-15 00:00:00,7,13204,5916,894,14.307302231237323,945.0,"[(AA,13930,945.00),(UA,12266,902.00),(F9,11292,877.00),(DL,10397,519.00),(F9,15016,496.00),(AA,14100,484.00),(DL,14492,443.00),(DL,11433,430.00),(DL,12953,405.00),(DL,10397,403.00),(DL,11433,348.00),(AA,14100,346.00),(DL,11433,343.00),(DL,11193,340.00),(UA,12266,331.00),(DL,10397,328.00),(DL,10397,326.00),(DL,10397,323.00),(DL,11278,319.00),(WN,14730,296.00)]"
2025-01-15 00:00:00,8,12892,6942,786,9.296888504753673,1065.0,"[(OO,10372,1065.00),(OO,10372,885.00),(OO,10140,738.00),(OO,10372,733.00),(OO,14679,729.00),(AA,13930,692.00),(OO,14679,608.00),(OO,14689,525.00),(UA,11618,450.00),(DL,10721,444.00),(OO,14893,422.00),(DL,10721,395.00),(OO,10372,395.00),(F9,11292,394.00),(DL,10397,392.00),(OO,13476,390.00),(AA,11278,381.00),(DL,10397,373.00),(NK,10397,362.00),(DL,10397,359.00)]"
2025-01-15 00:00:00,9,14107,7238,759,8.221608179054988,717.0,"[(OO,12280,717.00),(DL,11433,664.00),(AA,14908,658.00),(AA,14679,578.00),(NK,11298,520.00),(UA,11618,519.00),(AS,14057,488.00),(AA,11540,467.00),(DL,10721,462.00),(DL,11433,443.00),(OO,12892,432.00),(UA,14771,399.00),(AA,13303,359.00),(OO,12892,358.00),(AA,12889,350.00),(DL,13487,332.00),(AA,11884,316.00),(AA,10721,295.00),(OO,12892,295.00),(UA,11618,288.00)]"
2025-01-15 00:00:00,10,12266,4101,740,21.794440380395027,1630.0,"[(OH,14100,1630.00),(OO,10372,1417.00),(AA,11298,1245.00),(OO,10372,1118.00),(DL,10397,998.00),(DL,10397,915.00),(OO,15569,875.00),(OO,15569,773.00),(OO,11109,749.00),(NK,12892,729.00),(OO,12177,696.00),(OO,11140,670.00),(UA,12892,669.00),(AA,11057,637.00),(UA,11292,614.00),(UA,14107,604.00),(UA,10693,560.00),(DL,12953,539.00),(DL,13487,514.00),(AA,11057,504.00)]"
2025-01-16 00:00:00,1,11298,11033,2286,23.178373969002084,1490.0,"[(AA,12173,1490.00),(B6,10721,1412.00),(AA,11638,1147.00),(AA,12094,1144.00),(AA,14193,1078.00),(OH,12448,1058.00),(OH,12278,983.00),(F9,13232,971.00),(AA,11109,953.00),(OO,11109,945.00),(AA,10693,890.00),(AA,15096,877.00),(DL,10721,831.00),(AA,13930,823.00),(OO,15401,775.00),(AA,15016,747.00),(OO,10372,742.00),(MQ,12945,711.00),(AA,12992,698.00),(AA,11638,686.00)]"
2025-01-16 00:00:00,2,11292,11891,2112,16.284248591371625,1120.0,"[(OO,11921,1120.00),(OO,12280,990.00),(OO,14457,931.00),(UA,12441,914.00),(OO,13851,885.00),(OO,15041,864.00),(OO,11423,846.00),(OO,14814,825.00),(OO,10372,735.00),(UA,14107,714.00),(OO,11921,693.00),(OO,14534,679.00),(OO,11233,650.00),(DL,13487,644.00),(OO,11413,610.00),(OO,11233,606.00),(F9,15304,601.00),(AA,11298,498.00),(DL,14747,438.00),(DL,10397,436.00)]"
2025-01-16 00:00:00,3,10397,10283,1742,17.517358747447243,1300.0,"[(AA,13303,1300.00),(AA,11298,1095.00),(F9,11618,972.00),(DL,14689,906.00),(OO,14696,852.00),(OO,10146,847.00),(DL,12478,799.00),(DL,11775,741.00),(DL,12173,691.00),(UA,11292,691.00),(DL,11057,682.00),(DL,11697,679.00),(DL,11433,669.00),(F9,11292,650.00),(F9,10721,640.00),(OO,10980,634.00),(OO,11823,620.00),(DL,11259,596.00),(DL,11433,581.00),(DL,12266,581.00)]"
2025-01-16 00:00:00,4,13930,10275,1730,17.011873479318734,1546.0,"[(AA,12441,1546.00),(AA,11278,1051.00),(OO,12559,964.00),(DL,14869,911.00),(AA,14492,899.00),(OO,10693,864.00),(OO,10693,853.00),(UA,11003,853.00),(OO,11433,826.00),(F9,11292,821.00),(OO,12511,748.00),(UA,14057,740.00),(OO,11433,736.00),(OO,12559,720.00),(OO,10693,716.00),(DL,10397,709.00),(F9,13204,703.00),(OO,15048,698.00),(OO,11433,684.00),(OO,10980,671.00)]"
2025-01-16 00:00:00,5,11057,7766,992,10.994334277620396,1279.0,"[(AA,15016,1279.00),(OH,14685,865.00),(OH,11252,835.00),(OH,11267,685.00),(AA,11278,671.00),(DL,10397,629.00),(OH,11146,610.00),(AA,15919,577.00),(AA,10693,519.00),(AA,11066,511.00),(AA,11066,477.00),(AA,11292,477.00),(AA,14100,444.00),(DL,10397,436.00),(AA,11042,422.00),(WN,15016,408.00),(AA,10423,382.00),(DL,10397,334.00),(DL,10397,332.00),(AA,11042,312.00)]"
2025-01-16 00:00:00,6,12889,7162,912,10.678162524434516,1266.0,"[(OO,14893,1266.00),(G4,11193,1042.00),(G4,14314,1030.00),(G4,10666,942.00),(F9,13891,693.00),(DL,12478,598.00),(UA,11618,598.00),(G4,14905,585.00),(AA,13930,582.00),(AA,13303,542.00),(G4,13871,448.00),(UA,12266,407.00),(AA,11057,393.00),(AA,11057,390.00),(WN,12173,387.00),(AA,13303,339.00),(WN,14831,333.00),(AS,14747,321.00),(AA,11298,317.00),(B6,12478,300.00)]"
2025-01-16 00:00:00,7,13204,6280,911,13.507484076433121,945.0,"[(AA,13930,945.00),(UA,12266,902.00),(F9,11292,877.00),(DL,10397,519.00),(F9,15016,496.00),(AA,14100,484.00),(DL,14492,443.00),(DL,11433,430.00),(DL,12953,405.00),(DL,10397,403.00),(DL,11433,348.00),(AA,14100,346.00),(DL,11433,343.00),(DL,11193,340.00),(UA,12266,331.00),(DL,10397,328.00),(DL,10397,326.00),(DL,10397,323.00),(DL,11278,319.00),(WN,14730,296.00)]"
2025-01-16 00:00:00,8,12892,7390,800,8.59106901217862,1065.0,"[(OO,10372,1065.00),(OO,10372,885.00),(OO,10140,738.00),(OO,10372,733.00),(OO,14679,729.00),(AA,13930,692.00),(OO,14679,608.00),(OO,14689,525.00),(UA,11618,450.00),(DL,10721,444.00),(OO,14893,422.00),(DL,10721,395.00),(OO,10372,395.00),(F9,11292,394.00),(DL,10397,392.00),(OO,13476,390.00),(AA,11278,381.00),(DL,10397,373.00),(NK,10397,362.00),(DL,10397,359.00)]"
2025-01-16 00:00:00,9,14107,7708,777,7.666450441100156,717.0,"[(OO,12280,717.00),(DL,11433,664.00),(AA,14908,658.00),(AA,14679,578.00),(NK,11298,520.00),(UA,11618,519.00),(AS,14057,488.00),(AA,11540,467.00),(DL,10721,462.00),(DL,11433,443.00),(OO,12892,432.00),(UA,14771,399.00),(AA,13303,359.00),(OO,12892,358.00),(AA,12889,350.00),(DL,13487,332.00),(AA,11884,316.00),(AA,10721,295.00),(OO,12892,295.00),(UA,11618,288.00)]"
2025-01-16 00:00:00,10,12266,4384,755,20.641651459854014,1630.0,"[(OH,14100,1630.00),(OO,10372,1417.00),(AA,11298,1245.00),(OO,10372,1118.00),(DL,10397,998.00),(DL,10397,915.00),(OO,15569,875.00),(OO,15569,773.00),(OO,11109,749.00),(NK,12892,729.00),(OO,12177,696.00),(OO,11140,670.00),(UA,12892,669.00),(AA,11057,637.00),(UA,11292,614.00),(UA,14107,604.00),(UA,10693,560.00),(DL,12953,539.00),(DL,13487,514.00),(AA,11057,504.00)]"
2025-01-17 00:00:00,1,11298,11910,2364,21.91696053736356,1490.0,"[(AA,12173,1490.00),(B6,10721,1412.00),(AA,11638,1147.00),(AA,12094,1144.00),(AA,14193,1078.00),(OH,12448,1058.00),(OH,12278,983.00),(F9,13232,971.00),(AA,11109,953.00),(OO,11109,945.00),(AA,10693,890.00),(AA,15096,877.00),(DL,10721,831.00),(AA,13930,823.00),(OO,15401,775.00),(AA,15016,747.00),(OO,10372,742.00),(MQ,12945,711.00),(AA,12992,698.00),(AA,11638,686.00)]"
2025-01-17 00:00:00,2,11292,12733,2164,15.385769260975419,1120.0,"[(OO,11921,1120.00),(OO,12280,990.00),(OO,14457,931.00),(UA,12441,914.00),(OO,13851,885.00),(OO,15041,864.00),(OO,11423,846.00),(OO,14814,825.00),(OO,10372,735.00),(UA,14107,714.00),(OO,11921,693.00),(OO,14534,679.00),(OO,11233,650.00),(DL,13487,644.00),(OO,11413,610.00),(OO,11233,606.00),(F9,15304,601.00),(AA,11298,498.00),(DL,14747,438.00),(DL,10397,436.00)]"
2025-01-17 00:00:00,3,10397,11075,1786,16.523431151241535,1300.0,"[(AA,13303,1300.00),(AA,11298,1095.00),(F9,11618,972.00),(DL,14689,906.00),(OO,14696,852.00),(OO,10146,847.00),(DL,12478,799.00),(DL,11775,741.00),(DL,12173,691.00),(UA,11292,691.00),(DL,11057,682.00),(DL,11697,679.00),(DL,11433,669.00),(F9,11292,650.00),(F9,10721,640.00),(OO,10980,634.00),(OO,11823,620.00),(DL,11259,596.00),(DL,11433,581.00),(DL,12266,581.00)]"
2025-01-17 00:00:00,4,13930,10994,1782,16.26969255957795,1546.0,"[(AA,12441,1546.00),(AA,11278,1051.00),(OO,12559,964.00),(DL,14869,911.00),(AA,14492,899.00),(OO,10693,864.00),(OO,10693,853.00),(UA,11003,853.00),(OO,11433,826.00),(F9,11292,821.00),(OO,12511,748.00),(UA,14057,740.00),(OO,11433,736.00),(OO,12559,720.00),(OO,10693,716.00),(DL,10397,709.00),(F9,13204,703.00),(OO,15048,698.00),(OO,13871,687.00),(OO,11433,684.00)]"
2025-01-17 00:00:00,5,11057,8336,1023,10.547384836852208,1279.0,"[(AA,15016,1279.00),(OH,14685,865.00),(OH,11252,835.00),(OH,11267,685.00),(AA,11278,671.00),(DL,10397,629.00),(OH,11146,610.00),(YX,10721,589.00),(AA,15919,577.00),(AA,10693,519.00),(AA,11066,511.00),(AA,11066,477.00),(AA,11292,477.00),(AA,14100,444.00),(DL,10397,436.00),(AA,11042,422.00),(WN,15016,408.00),(AA,10423,382.00),(DL,10397,334.00),(DL,10397,332.00)]"
2025-01-17 00:00:00,6,13204,6712,933,12.760876042908224,945.0,"[(AA,13930,945.00),(UA,12266,902.00),(F9,11292,877.00),(DL,10397,519.00),(F9,15016,496.00),(AA,14100,484.00),(F9,14843,471.00),(DL,14492,443.00),(DL,11433,430.00),(DL,12953,405.00),(DL,10397,403.00),(DL,11433,348.00),(AA,14100,346.00),(DL,11433,343.00),(DL,11193,340.00),(UA,12266,331.00),(DL,10397,328.00),(DL,10397,326.00),(DL,10397,323.00),(DL,11278,319.00)]"
2025-01-17 00:00:00,7,12889,7712,932,9.903008298755188,1266.0,"[(OO,14893,1266.00),(G4,11193,1042.00),(G4,14314,1030.00),(G4,10666,942.00),(F9,13891,693.00),(DL,12478,598.00),(UA,11618,598.00),(G4,14905,585.00),(AA,13930,582.00),(AA,13303,542.00),(G4,13871,448.00),(UA,12266,407.00),(AA,11057,393.00),(AA,11057,390.00),(WN,12173,387.00),(AA,13303,339.00),(WN,14831,333.00),(AS,14747,321.00),(AA,11298,317.00),(B6,12478,300.00)]"
2025-01-17 00:00:00,8,12892,7898,821,8.065586224360597,1065.0,"[(OO,10372,1065.00),(OO,10372,885.00),(OO,10140,738.00),(OO,10372,733.00),(OO,14679,729.00),(AA,13930,692.00),(OO,14679,608.00),(OO,14689,525.00),(UA,11618,450.00),(DL,10721,444.00),(OO,14893,422.00),(DL,10721,395.00),(OO,10372,395.00),(F9,11292,394.00),(DL,10397,392.00),(OO,13476,390.00),(AA,11278,381.00),(DL,10397,373.00),(NK,10397,362.00),(DL,10397,359.00)]"
2025-01-17 00:00:00,9,14107,8289,797,7.120400530823984,717.0,"[(OO,12280,717.00),(DL,11433,664.00),(AA,14908,658.00),(AA,14679,578.00),(NK,11298,520.00),(UA,11618,519.00),(AS,14057,488.00),(AA,11540,467.00),(DL,10721,462.00),(DL,11433,443.00),(OO,12892,432.00),(UA,14771,399.00),(AA,13303,359.00),(OO,12892,358.00),(AA,12889,350.00),(DL,13487,332.00),(AA,11884,316.00),(AA,10721,295.00),(OO,12892,295.00),(UA,11618,288.00)]"
2025-01-17 00:00:00,10,11433,4685,789,17.869370330843115,1485.0,"[(OH,11278,1485.00),(OO,12884,990.00),(OO,12264,982.00),(OO,12264,943.00),(DL,14869,856.00),(DL,12892,772.00),(OO,11587,678.00),(OO,11587,668.00),(OO,12884,660.00),(DL,13198,623.00),(OO,11587,584.00),(OH,14100,566.00),(AA,11298,515.00),(OO,13930,504.00),(OO,13930,447.00),(OO,14122,419.00),(OO,14150,400.00),(DL,10397,382.00),(OO,14576,374.00),(OO,13930,371.00)]"
2025-01-18 00:00:00,1,11298,12738,2425,20.78466007222484,1490.0,"[(AA,12173,1490.00),(B6,10721,1412.00),(AA,11638,1147.00),(AA,12094,1144.00),(AA,14193,1078.00),(OH,12448,1058.00),(OH,12278,983.00),(F9,13232,971.00),(AA,11109,953.00),(OO,11109,945.00),(AA,10693,890.00),(AA,15096,877.00),(DL,10721,831.00),(AA,13930,823.00),(OO,15401,775.00),(AA,15016,747.00),(OO,10372,742.00),(MQ,12945,711.00),(AA,12992,698.00),(AA,11638,686.00)]"
2025-01-18 00:00:00,2,11292,13575,2234,14.879852670349909,1120.0,"[(OO,11921,1120.00),(OO,12280,990.00),(OO,14457,931.00),(UA,12441,914.00),(OO,13851,885.00),(OO,15041,864.00),(OO,11423,846.00),(OO,14814,825.00),(OO,10372,735.00),(UA,14107,714.00),(OO,11921,693.00),(OO,14534,679.00),(OO,11233,650.00),(DL,13487,644.00),(OO,11413,610.00),(OO,11233,606.00),(F9,15304,601.00),(AA,13303,559.00),(AA,11298,498.00),(DL,14747,438.00)]"
2025-01-18 00:00:00,3,10397,11878,1824,15.52466745243307,1300.0,"[(AA,13303,1300.00),(AA,11298,1095.00),(F9,11618,972.00),(DL,14689,906.00),(OO,14696,852.00),(OO,10146,847.00),(DL,12478,799.00),(DL,11775,741.00),(DL,12173,691.00),(UA,11292,691.00),(DL,11057,682.00),(DL,11697,679.00),(DL,11433,669.00),(F9,11292,650.00),(F9,10721,640.00),(OO,10980,634.00),(OO,11823,620.00),(DL,11259,596.00),(DL,11433,581.00),(DL,12266,581.00)]"
2025-01-18 00:00:00,4,13930,11719,1812,15.494325454390307,1546.0,"[(AA,12441,1546.00),(AA,11278,1051.00),(OO,12559,964.00),(DL,14869,911.00),(AA,14492,899.00),(OO,10693,864.00),(OO,10693,853.00),(UA,11003,853.00),(F9,14107,847.00),(OO,11433,826.00),(F9,11292,821.00),(OO,11977,777.00),(OO,12511,748.00),(UA,14057,740.00),(OO,11433,736.00),(OO,12559,720.00),(OO,10693,716.00),(DL,10397,709.00),(F9,13204,703.00),(OO,15048,698.00)]"
2025-01-18 00:00:00,5,11057,8891,1049,10.005061297941738,1279.0,"[(AA,15016,1279.00),(OH,14685,865.00),(OH,11252,835.00),(OH,11267,685.00),(AA,11278,671.00),(DL,10397,629.00),(OH,11146,610.00),(YX,10721,589.00),(AA,15919,577.00),(AA,10693,519.00),(AA,11066,511.00),(AA,11066,477.00),(AA,11292,477.00),(AA,14100,444.00),(DL,10397,436.00),(AA,11042,422.00),(WN,15016,408.00),(AA,10423,382.00),(DL,10397,334.00),(DL,10397,332.00)]"
2025-01-18 00:00:00,6,13204,7159,972,12.270009777901942,945.0,"[(AA,13930,945.00),(UA,12266,902.00),(F9,11292,877.00),(DL,10397,519.00),(F9,15016,496.00),(AA,14100,484.00),(F9,14843,471.00),(DL,14492,443.00),(DL,11433,430.00),(DL,12953,405.00),(DL,10397,403.00),(DL,11433,348.00),(AA,14100,346.00),(DL,11433,343.00),(DL,11193,340.00),(UA,12266,331.00),(DL,10397,328.00),(DL,10397,326.00),(DL,10397,323.00),(DL,11278,319.00)]"
2025-01-18 00:00:00,7,12889,8256,953,9.36797480620155,1266.0,"[(OO,14893,1266.00),(G4,11193,1042.00),(G4,14314,1030.00),(G4,10666,942.00),(AA,13930,719.00),(F9,13891,693.00),(DL,12478,598.00),(UA,11618,598.00),(AA,13303,588.00),(G4,14905,585.00),(AA,13930,582.00),(AA,13303,542.00),(G4,13871,448.00),(UA,12266,407.00),(AA,11057,393.00),(AA,11057,390.00),(WN,12173,387.00),(AA,13303,339.00),(WN,14831,333.00),(AS,14747,321.00)]"
2025-01-18 00:00:00,8,12892,8404,857,7.880176106615897,1065.0,"[(OO,10372,1065.00),(OO,10372,885.00),(OO,10140,738.00),(OO,10372,733.00),(OO,14679,729.00),(AA,13930,692.00),(OO,14679,608.00),(AA,12478,555.00),(OO,14689,525.00),(F9,14107,505.00),(UA,11618,450.00),(DL,10721,444.00),(OO,14893,422.00),(DL,10721,395.00),(OO,10372,395.00),(F9,11292,394.00),(DL,10397,392.00),(OO,13476,390.00),(AA,11278,381.00),(DL,10397,373.00)]"
2025-01-18 00:00:00,9,14107,8831,826,6.921186728569811,871.0,"[(F9,13930,871.00),(OO,12280,717.00),(DL,11433,664.00),(AA,14908,658.00),(AA,14679,578.00),(NK,11298,520.00),(UA,11618,519.00),(AS,14057,488.00),(AA,11540,467.00),(DL,10721,462.00),(DL,11433,443.00),(OO,12892,432.00),(UA,14771,399.00),(AA,14100,361.00),(AA,13303,359.00),(OO,12892,358.00),(AA,12889,350.00),(DL,13487,332.00),(AA,11884,316.00),(OO,12892,295.00)]"
2025-01-18 00:00:00,10,11433,4998,823,17.249899959983992,1485.0,"[(OH,11278,1485.00),(OO,12884,990.00),(OO,12264,982.00),(OO,12264,943.00),(DL,14869,856.00),(DL,12892,772.00),(OO,11587,678.00),(OO,11587,668.00),(OO,12884,660.00),(DL,13198,623.00),(OO,11587,584.00),(OH,14100,566.00),(AA,11298,515.00),(OO,13930,504.00),(OO,13930,447.00),(OO,14122,419.00),(OO,14150,400.00),(DL,10397,382.00),(OO,14576,374.00),(OO,13930,371.00)]"
2025-01-19 00:00:00,1,11298,13445,2464,19.798289326887318,1490.0,"[(AA,12173,1490.00),(B6,10721,1412.00),(AA,11638,1147.00),(AA,12094,1144.00),(AA,14193,1078.00),(OH,12448,1058.00),(OH,12278,983.00),(F9,13232,971.00),(AA,11109,953.00),(OO,11109,945.00),(AA,10693,890.00),(AA,15096,877.00),(DL,10721,831.00),(AA,13930,823.00),(OO,15401,775.00),(AA,15016,747.00),(OO,10372,742.00),(MQ,12945,711.00),(AA,12992,698.00),(AA,11638,686.00)]"
2025-01-19 00:00:00,2,11292,14272,2347,14.951513452914797,1120.0,"[(OO,11921,1120.00),(OO,11315,1087.00),(OO,12280,990.00),(OO,14457,931.00),(UA,12441,914.00),(OO,13851,885.00),(OO,15041,864.00),(OO,11423,846.00),(OO,14814,825.00),(OO,10372,735.00),(UA,14107,714.00),(OO,11921,693.00),(OO,14534,679.00),(OO,11233,650.00),(DL,13487,644.00),(OO,11413,610.00),(OO,11233,606.00),(F9,15304,601.00),(AA,13303,559.00),(AA,11298,498.00)]"
2025-01-19 00:00:00,3,10397,12540,1885,15.076475279106859,1300.0,"[(AA,13303,1300.00),(AA,11298,1095.00),(F9,11618,972.00),(DL,14689,906.00),(OO,14696,852.00),(OO,10146,847.00),(DL,12478,799.00),(DL,11775,741.00),(DL,12173,691.00),(UA,11292,691.00),(DL,11057,682.00),(DL,11697,679.00),(DL,11433,669.00),(F9,11292,650.00),(F9,10721,640.00),(OO,10980,634.00),(OO,11823,620.00),(DL,11259,596.00),(DL,11433,581.00),(DL,12266,581.00)]"
2025-01-19 00:00:00,4,13930,12310,1843,14.936880584890334,1546.0,"[(AA,12441,1546.00),(AA,11278,1051.00),(OO,12559,964.00),(DL,14869,911.00),(AA,14492,899.00),(OO,11267,899.00),(OO,10693,864.00),(OO,10693,853.00),(UA,11003,853.00),(F9,14107,847.00),(OO,11433,826.00),(F9,11292,821.00),(OO,11977,777.00),(OO,12511,748.00),(UA,14057,740.00),(OO,11433,736.00),(OO,12559,720.00),(OO,10693,716.00),(DL,10397,709.00),(F9,13204,703.00)]"
2025-01-19 00:00:00,5,11057,9380,1074,9.654904051172707,1279.0,"[(AA,15016,1279.00),(OH,14685,865.00),(OH,11252,835.00),(OH,11267,685.00),(AA,11278,671.00),(DL,10397,629.00),(OH,11146,610.00),(YX,10721,589.00),(AA,15919,577.00),(AA,10693,519.00),(AA,11066,511.00),(AA,11066,477.00),(AA,11292,477.00),(AA,14100,444.00),(DL,10397,436.00),(AA,11986,432.00),(AA,11042,422.00),(WN,15016,408.00),(AA,10423,382.00),(AA,12323,359.00)]"
2025-01-19 00:00:00,6,13204,7566,994,11.832936822627545,945.0,"[(AA,13930,945.00),(UA,12266,902.00),(F9,11292,877.00),(DL,10397,519.00),(F9,15016,496.00),(AA,14100,484.00),(F9,14843,471.00),(DL,14492,443.00),(DL,11433,430.00),(DL,12953,405.00),(DL,10397,403.00),(DL,11433,348.00),(AA,14100,346.00),(DL,11433,343.00),(DL,11193,340.00),(UA,12266,331.00),(DL,10397,328.00),(DL,10397,326.00),(DL,10397,323.00),(DL,11278,319.00)]"
2025-01-19 00:00:00,7,12889,8645,969,8.947715442452285,1266.0,"[(OO,14893,1266.00),(G4,11193,1042.00),(G4,14314,1030.00),(G4,10666,942.00),(AA,13930,719.00),(F9,13891,693.00),(DL,12478,598.00),(UA,11618,598.00),(AA,13303,588.00),(G4,14905,585.00),(AA,13930,582.00),(AA,13303,542.00),(G4,13871,448.00),(UA,12266,407.00),(AA,11057,393.00),(AA,11057,390.00),(WN,12173,387.00),(AA,13303,339.00),(WN,14831,333.00),(AS,14747,321.00)]"
2025-01-19 00:00:00,8,12892,8820,878,7.553854875283447,1065.0,"[(OO,10372,1065.00),(OO,10372,885.00),(OO,10140,738.00),(OO,10372,733.00),(OO,14679,729.00),(AA,13930,692.00),(OO,14679,608.00),(AA,12478,555.00),(OO,14689,525.00),(F9,14107,505.00),(UA,11618,450.00),(DL,10721,444.00),(OO,14893,422.00),(DL,10721,395.00),(OO,10372,395.00),(F9,11292,394.00),(DL,10397,392.00),(OO,13476,390.00),(AA,11278,381.00),(DL,10397,373.00)]"
2025-01-19 00:00:00,9,14107,9237,845,6.663635379452203,871.0,"[(F9,13930,871.00),(OO,12280,717.00),(DL,11433,664.00),(AA,14908,658.00),(AA,14679,578.00),(NK,11298,520.00),(UA,11618,519.00),(AS,14057,488.00),(AA,11540,467.00),(DL,10721,462.00),(DL,11433,443.00),(OO,12892,432.00),(UA,14771,399.00),(AA,14100,361.00),(AA,13303,359.00),(OO,12892,358.00),(AA,12889,350.00),(DL,13487,332.00),(AA,11884,316.00),(OO,12892,295.00)]"
2025-01-19 00:00:00,10,11278,6060,838,12.25957095709571,1587.0,"[(AA,13930,1587.00),(OH,10257,1157.00),(DL,10397,995.00),(OH,10599,921.00),(OH,10208,910.00),(OH,10868,884.00),(OH,12448,863.00),(DL,12892,827.00),(DL,10397,751.00),(OH,10208,663.00),(AA,14107,619.00),(OH,14576,586.00),(UA,12266,539.00),(DL,11433,487.00),(AA,11057,403.00),(B6,10721,401.00),(B6,13204,373.00),(OH,14193,373.00),(WN,13342,369.00),(OH,13495,367.00)]"
2025-01-20 00:00:00,1,11298,14246,2577,19.314684823810193,1490.0,"[(AA,12173,1490.00),(B6,10721,1412.00),(AA,11638,1147.00),(AA,12094,1144.00),(AA,14193,1078.00),(OH,12448,1058.00),(OH,12278,983.00),(F9,13232,971.00),(AA,11109,953.00),(OO,11109,945.00),(AA,10693,890.00),(AA,15096,877.00),(DL,10721,831.00),(AA,13930,823.00),(OO,15401,775.00),(AA,15016,747.00),(OO,10372,742.00),(MQ,12945,711.00),(AA,12992,698.00),(AA,11638,686.00)]"
2025-01-20 00:00:00,2,11292,15032,2458,14.963411389036722,1120.0,"[(OO,11921,1120.00),(OO,11315,1087.00),(OO,12280,990.00),(OO,14457,931.00),(UA,12441,914.00),(OO,13851,885.00),(OO,15041,864.00),(OO,11423,846.00),(AA,13303,830.00),(OO,14814,825.00),(OO,10372,735.00),(UA,14107,714.00),(OO,11921,693.00),(OO,14534,679.00),(OO,13433,652.00),(OO,11233,650.00),(DL,13487,644.00),(OO,11413,610.00),(OO,11233,606.00),(F9,15304,601.00)]"
2025-01-20 00:00:00,3,10397,13240,1974,14.992220543806647,1300.0,"[(AA,13303,1300.00),(B6,10721,1204.00),(AA,11298,1095.00),(DL,14747,977.00),(F9,11618,972.00),(DL,14689,906.00),(OO,14696,852.00),(OO,10146,847.00),(DL,12478,799.00),(DL,11775,741.00),(DL,12173,691.00),(UA,11292,691.00),(DL,11057,682.00),(DL,11697,679.00),(DL,11433,669.00),(F9,11292,650.00),(F9,10721,640.00),(OO,10980,634.00),(OO,11823,620.00),(DL,11259,596.00)]"
2025-01-20 00:00:00,4,13930,12968,1920,14.886952498457742,1546.0,"[(AA,12441,1546.00),(AA,11278,1051.00),(OO,12559,964.00),(AA,10423,945.00),(DL,14869,911.00),(AA,14492,899.00),(OO,11267,899.00),(OO,10693,864.00),(OO,10693,853.00),(UA,11003,853.00),(F9,14107,847.00),(OO,11433,826.00),(F9,11292,821.00),(OO,11977,777.00),(OO,12511,748.00),(UA,14057,740.00),(OO,11433,736.00),(OO,12559,720.00),(OO,10693,716.00),(DL,10397,709.00)]"
2025-01-20 00:00:00,5,11057,9894,1159,9.961795027289266,1279.0,"[(AA,15016,1279.00),(OH,14685,865.00),(OH,11252,835.00),(AA,10434,712.00),(AA,10821,685.00),(OH,11267,685.00),(AA,11278,671.00),(DL,10397,629.00),(AA,11618,622.00),(OH,11146,610.00),(YX,10721,589.00),(AA,15919,577.00),(AA,10693,519.00),(AA,11066,511.00),(AA,11066,477.00),(AA,11292,477.00),(AA,14100,444.00),(DL,10397,436.00),(AA,11986,432.00),(AA,11042,422.00)]"
2025-01-20 00:00:00,6,13204,7965,1089,12.259133709981167,945.0,"[(AA,13930,945.00),(UA,12266,902.00),(F9,11292,877.00),(UA,12266,699.00),(DL,10397,519.00),(F9,15016,496.00),(AA,14100,484.00),(F9,14843,471.00),(DL,14492,443.00),(DL,11433,430.00),(DL,12953,405.00),(DL,10397,403.00),(AA,11278,355.00),(DL,11433,348.00),(AA,14100,346.00),(DL,11433,343.00),(DL,11193,340.00),(UA,12266,331.00),(DL,10397,328.00),(DL,10397,326.00)]"
2025-01-20 00:00:00,7,12889,9131,1016,8.804512101631804,1266.0,"[(OO,14893,1266.00),(G4,11193,1042.00),(G4,14314,1030.00),(G4,10666,942.00),(AA,13930,719.00),(F9,13891,693.00),(DL,12478,598.00),(UA,11618,598.00),(AA,13303,588.00),(G4,14905,585.00),(AA,13930,582.00),(AA,13303,542.00),(G4,13871,448.00),(UA,12266,407.00),(AA,13930,398.00),(AA,11057,393.00),(AA,11057,390.00),(WN,12173,387.00),(AA,13303,339.00),(WN,14831,333.00)]"
2025-01-20 00:00:00,8,12892,9261,922,7.423712342079689,1065.0,"[(OO,10372,1065.00),(OO,10372,885.00),(OO,10140,738.00),(OO,10372,733.00),(OO,14679,729.00),(AA,13930,692.00),(OO,14679,608.00),(AA,12478,555.00),(OO,14689,525.00),(F9,14107,505.00),(UA,11618,450.00),(DL,10721,444.00),(OO,14893,422.00),(DL,10721,395.00),(OO,10372,395.00),(F9,11292,394.00),(DL,10397,392.00),(OO,13476,390.00),(AA,11278,381.00),(DL,10397,373.00)]"
2025-01-20 00:00:00,9,11278,6364,903,12.794626021370208,1587.0,"[(AA,13930,1587.00),(OH,10257,1157.00),(DL,10397,995.00),(OH,10599,921.00),(OH,10208,910.00),(DL,10397,894.00),(OH,10868,884.00),(OH,12448,863.00),(DL,12892,827.00),(DL,10397,751.00),(OH,10208,663.00),(AA,14107,619.00),(OH,14576,586.00),(UA,12266,539.00),(DL,11433,487.00),(AA,11057,403.00),(B6,10721,401.00),(MQ,12992,383.00),(B6,13204,373.00),(OH,14193,373.00)]"
2025-01-20 00:00:00,10,14107,9724,869,6.575586178527355,963.0,"[(DL,14869,963.00),(F9,13930,871.00),(OO,12280,717.00),(DL,11433,664.00),(AA,14908,658.00),(AA,14679,578.00),(NK,11298,520.00),(UA,11618,519.00),(AS,14057,488.00),(AA,11540,467.00),(DL,10721,462.00),(DL,11433,443.00),(OO,12892,432.00),(UA,14771,399.00),(AA,14100,361.00),(AA,13303,359.00),(OO,12892,358.00),(AA,12889,350.00),(DL,13487,332.00),(AA,11884,316.00)]"
2025-01-21 00:00:00,1,11298,15046,2710,19.179250299082813,1490.0,"[(AA,12173,1490.00),(B6,10721,1412.00),(AA,11638,1147.00),(AA,12094,1144.00),(AA,14193,1078.00),(OH,12448,1058.00),(OH,12278,983.00),(AA,10423,972.00),(F9,13232,971.00),(AA,11109,953.00),(OO,11109,945.00),(AA,10693,890.00),(AA,15096,877.00),(DL,10721,831.00),(AA,13930,823.00),(OO,15401,775.00),(AA,14683,751.00),(AA,15016,747.00),(OO,10372,742.00),(MQ,12945,711.00)]"
2025-01-21 00:00:00,2,11292,15862,2710,15.80342958012861,1120.0,"[(OO,11921,1120.00),(OO,11315,1087.00),(OO,12280,990.00),(OO,14457,931.00),(UA,12441,914.00),(OO,13851,885.00),(OO,15041,864.00),(OO,11423,846.00),(AA,13303,830.00),(OO,14814,825.00),(OO,10372,735.00),(UA,14107,714.00),(OO,11921,693.00),(OO,14534,679.00),(OO,13433,652.00),(OO,11233,650.00),(DL,13487,644.00),(AA,11298,614.00),(OO,11413,610.00),(OO,11233,606.00)]"
2025-01-21 00:00:00,3,10397,14093,2128,15.188959057688214,1300.0,"[(AA,13303,1300.00),(B6,10721,1204.00),(AA,11298,1095.00),(DL,14747,977.00),(F9,11618,972.00),(DL,14689,906.00),(OO,14696,852.00),(OO,10146,847.00),(DL,12478,799.00),(DL,11775,741.00),(DL,12173,691.00),(UA,11292,691.00),(DL,11057,682.00),(DL,11697,679.00),(DL,11267,672.00),(DL,11433,669.00),(F9,11292,650.00),(F9,10721,640.00),(DL,12264,634.00),(OO,10980,634.00)]"
2025-01-21 00:00:00,4,13930,13679,2036,14.910227355800863,1546.0,"[(AA,12441,1546.00),(AA,11278,1051.00),(OO,12559,964.00),(AA,10423,945.00),(DL,14869,911.00),(AA,14492,899.00),(OO,11267,899.00),(OO,10693,864.00),(OO,10693,853.00),(UA,11003,853.00),(F9,14107,847.00),(OO,11433,826.00),(F9,11292,821.00),(OO,11977,777.00),(OO,12511,748.00),(UA,14057,740.00),(OO,11433,736.00),(OO,12559,720.00),(OO,10693,716.00),(DL,10397,709.00)]"
2025-01-21 00:00:00,5,11057,10438,1267,10.546273232420004,1279.0,"[(AA,15016,1279.00),(F9,11298,1203.00),(OH,14685,865.00),(OH,11252,835.00),(AA,10434,712.00),(AA,10821,685.00),(OH,11267,685.00),(AA,11278,671.00),(DL,10397,629.00),(AA,11618,622.00),(OH,11252,616.00),(OH,11146,610.00),(YX,10721,589.00),(AA,15919,577.00),(AA,10423,553.00),(AA,10693,519.00),(AA,11066,511.00),(AA,15016,495.00),(AA,11066,477.00),(AA,11292,477.00)]"
2025-01-21 00:00:00,6,12889,9665,1260,10.547542679772375,1266.0,"[(OO,14893,1266.00),(G4,11193,1042.00),(G4,14314,1030.00),(G4,10666,942.00),(HA,12173,814.00),(AA,13930,719.00),(F9,13891,693.00),(AA,13303,608.00),(DL,12478,598.00),(UA,11618,598.00),(AA,13303,588.00),(G4,14905,585.00),(AA,13930,582.00),(AA,13303,542.00),(G4,13871,448.00),(UA,12266,407.00),(AA,13930,398.00),(AA,11057,393.00),(AA,11057,390.00),(WN,12173,387.00)]"
2025-01-21 00:00:00,7,13204,8407,1171,12.497323658855715,945.0,"[(AA,13930,945.00),(UA,12266,902.00),(F9,11292,877.00),(UA,12266,699.00),(DL,10397,519.00),(F9,15016,496.00),(AA,14100,484.00),(F9,14843,471.00),(DL,14492,443.00),(DL,11433,430.00),(DL,12953,405.00),(DL,10397,403.00),(AA,11278,355.00),(DL,11433,348.00),(AA,14100,346.00),(DL,11433,343.00),(DL,11193,340.00),(UA,12266,331.00),(DL,10397,328.00),(DL,10397,326.00)]"
2025-01-21 00:00:00,8,11278,6754,1058,14.206988451288126,1587.0,"[(AA,13930,1587.00),(OH,10257,1157.00),(DL,10397,995.00),(OH,10599,921.00),(OH,10208,910.00),(DL,10397,894.00),(OH,10868,884.00),(OH,12448,863.00),(DL,12892,827.00),(DL,10397,751.00),(OH,10208,663.00),(AA,14107,619.00),(OH,14576,586.00),(UA,12266,539.00),(DL,11433,487.00),(OH,14321,409.00),(AA,11057,403.00),(B6,10721,401.00),(MQ,12992,383.00),(OH,14193,373.00)]"
2025-01-21 00:00:00,9,12892,9760,980,7.381762295081967,1065.0,"[(OO,10372,1065.00),(OO,10372,885.00),(OO,10140,738.00),(OO,10372,733.00),(OO,14679,729.00),(AA,13930,692.00),(OO,14679,608.00),(AA,12478,555.00),(OO,14689,525.00),(F9,14107,505.00),(UA,11618,450.00),(DL,10721,444.00),(OO,14893,422.00),(DL,10721,395.00),(OO,10372,395.00),(F9,11292,394.00),(DL,10397,392.00),(OO,13476,390.00),(AA,11278,381.00),(DL,10397,373.00)]"
2025-01-21 00:00:00,10,14107,10259,955,6.9990252461253535,963.0,"[(DL,14869,963.00),(AA,10423,891.00),(F9,13930,871.00),(OO,12280,717.00),(DL,11433,664.00),(AA,14908,658.00),(AA,14679,578.00),(NK,11298,520.00),(UA,11618,519.00),(AS,14057,488.00),(AA,11540,467.00),(DL,10721,462.00),(DL,11433,443.00),(B6,10721,440.00),(OO,12892,432.00),(UA,14771,399.00),(AA,14100,361.00),(AA,13303,359.00),(OO,12892,358.00),(AA,12889,350.00)]"
2025-01-22 00:00:00,1,11292,16562,2779,15.464678178963894,1120.0,"[(OO,11921,1120.00),(OO,11315,1087.00),(OO,12280,990.00),(OO,14457,931.00),(UA,12441,914.00),(OO,13851,885.00),(OO,15041,864.00),(OO,11423,846.00),(AA,13303,830.00),(OO,14814,825.00),(OO,10372,735.00),(UA,14107,714.00),(OO,11921,693.00),(OO,14534,679.00),(OO,13433,652.00),(OO,11233,650.00),(DL,13487,644.00),(AA,11298,614.00),(OO,11413,610.00),(OO,11233,606.00)]"
2025-01-22 00:00:00,2,11298,15681,2770,18.668707352847395,1490.0,"[(AA,12173,1490.00),(B6,10721,1412.00),(AA,11638,1147.00),(AA,12094,1144.00),(AA,14193,1078.00),(OH,12448,1058.00),(OH,12278,983.00),(AA,10423,972.00),(F9,13232,971.00),(AA,11109,953.00),(OO,11109,945.00),(AA,10693,890.00),(AA,15096,877.00),(DL,10721,831.00),(AA,13930,823.00),(OO,15401,775.00),(AA,14683,751.00),(AA,15016,747.00),(OO,10372,742.00),(MQ,12945,711.00)]"
2025-01-22 00:00:00,3,10397,14766,2363,16.977109576053095,1300.0,"[(AA,13303,1300.00),(B6,10721,1204.00),(DL,14747,1188.00),(AA,11298,1095.00),(DL,12892,1061.00),(DL,14908,1036.00),(DL,14747,977.00),(DL,14771,976.00),(F9,11618,972.00),(DL,14689,906.00),(OO,14696,852.00),(OO,10146,847.00),(DL,14771,836.00),(DL,12478,799.00),(DL,11775,741.00),(DL,14683,705.00),(DL,12173,691.00),(UA,11292,691.00),(DL,13487,685.00),(DL,11057,682.00)]"
2025-01-22 00:00:00,4,13930,14307,2133,15.002446354931152,1546.0,"[(AA,12441,1546.00),(AA,11278,1051.00),(OO,12559,964.00),(AA,10423,945.00),(DL,14869,911.00),(AA,14492,899.00),(OO,11267,899.00),(OO,10693,864.00),(OO,10693,853.00),(UA,11003,853.00),(F9,14107,847.00),(OO,11433,826.00),(F9,11292,821.00),(AA,11057,799.00),(MQ,10792,791.00),(OO,11977,777.00),(OO,12511,748.00),(UA,14057,740.00),(OO,11433,736.00),(OO,12559,720.00)]"
2025-01-22 00:00:00,5,11057,10875,1337,10.661241379310345,1279.0,"[(AA,15016,1279.00),(F9,11298,1203.00),(DL,10397,1041.00),(OH,14685,865.00),(OH,11252,835.00),(AA,10434,712.00),(AA,10821,685.00),(OH,11267,685.00),(AA,11278,671.00),(DL,10397,629.00),(AA,11618,622.00),(OH,11252,616.00),(OH,11146,610.00),(YX,10721,589.00),(AA,15919,577.00),(AA,10423,553.00),(AA,10693,519.00),(AA,11066,511.00),(AA,15016,495.00),(AA,11292,477.00)]"
2025-01-22 00:00:00,6,12889,10067,1272,10.179298698718586,1266.0,"[(OO,14893,1266.00),(G4,11193,1042.00),(G4,14314,1030.00),(G4,10666,942.00),(HA,12173,814.00),(AA,13930,719.00),(F9,13891,693.00),(AA,13303,608.00),(DL,12478,598.00),(UA,11618,598.00),(AA,13303,588.00),(G4,14905,585.00),(AA,13930,582.00),(AA,13303,542.00),(G4,13871,448.00),(UA,12266,407.00),(AA,13930,398.00),(AA,11057,393.00),(AA,11057,390.00),(WN,12173,387.00)]"
2025-01-22 00:00:00,7,13204,8746,1223,12.608278069974846,945.0,"[(AA,13930,945.00),(UA,12266,902.00),(F9,11292,877.00),(DL,10397,752.00),(UA,12266,699.00),(DL,10397,519.00),(F9,15016,496.00),(AA,14100,484.00),(F9,14843,471.00),(DL,14492,443.00),(DL,11433,430.00),(DL,12953,405.00),(DL,10397,403.00),(AA,11278,355.00),(DL,11433,348.00),(AA,14100,346.00),(DL,11433,343.00),(DL,11193,340.00),(UA,12266,331.00),(DL,10397,328.00)]"
2025-01-22 00:00:00,8,11278,7122,1134,14.56234203875316,1587.0,"[(AA,13930,1587.00),(OH,10257,1157.00),(DL,10397,995.00),(UA,12266,944.00),(OH,10599,921.00),(OH,10208,910.00),(DL,10397,894.00),(OH,10868,884.00),(OH,12448,863.00),(DL,12892,827.00),(DL,10397,751.00),(OH,10208,663.00),(AA,14107,619.00),(OH,14576,586.00),(UA,12266,539.00),(DL,11433,487.00),(OH,14321,409.00),(AA,11057,403.00),(B6,10721,401.00),(MQ,12992,383.00)]"
2025-01-22 00:00:00,9,12892,10184,998,7.060487038491752,1065.0,"[(OO,10372,1065.00),(OO,10372,885.00),(OO,10140,738.00),(OO,10372,733.00),(OO,14679,729.00),(AA,13930,692.00),(OO,14679,608.00),(AA,12478,555.00),(OO,14689,525.00),(F9,14107,505.00),(UA,11618,450.00),(DL,10721,444.00),(OO,14893,422.00),(DL,10721,395.00),(OO,10372,395.00),(F9,11292,394.00),(DL,10397,392.00),(OO,13476,390.00),(AA,11278,381.00),(DL,10397,373.00)]"
2025-01-22 00:00:00,10,14107,10709,975,6.769166121953497,963.0,"[(DL,14869,963.00),(AA,10423,891.00),(F9,13930,871.00),(OO,12280,717.00),(DL,11433,664.00),(AA,14908,658.00),(AA,14679,578.00),(NK,11298,520.00),(UA,11618,519.00),(AS,14057,488.00),(AA,11540,467.00),(DL,10721,462.00),(DL,11433,443.00),(B6,10721,440.00),(OO,12892,432.00),(UA,14771,399.00),(AA,14100,361.00),(AA,13303,359.00),(OO,12892,358.00),(AA,12889,350.00)]"
2025-01-23 00:00:00,1,11292,17299,2820,15.019885542516908,1120.0,"[(OO,11921,1120.00),(OO,11315,1087.00),(OO,12280,990.00),(OO,14457,931.00),(UA,12441,914.00),(OO,13851,885.00),(OO,15041,864.00),(OO,11423,846.00),(AA,13303,830.00),(OO,14814,825.00),(AA,13303,794.00),(OO,10372,735.00),(UA,14107,714.00),(OO,11921,693.00),(OO,14534,679.00),(OO,13433,652.00),(OO,11233,650.00),(DL,13487,644.00),(AA,11298,614.00),(OO,11413,610.00)]"
2025-01-23 00:00:00,2,11298,16366,2818,18.060552364658438,1490.0,"[(AA,12173,1490.00),(B6,10721,1412.00),(AA,11638,1147.00),(AA,12094,1144.00),(AA,14193,1078.00),(OH,12448,1058.00),(OH,12278,983.00),(AA,10423,972.00),(F9,13232,971.00),(AA,11109,953.00),(OO,11109,945.00),(AA,10693,890.00),(AA,15096,877.00),(DL,10721,831.00),(AA,13930,823.00),(OO,15401,775.00),(AA,14683,751.00),(AA,15016,747.00),(OO,10372,742.00),(MQ,12945,711.00)]"
2025-01-23 00:00:00,3,10397,15363,2711,19.085790535702664,1300.0,"[(AA,13303,1300.00),(B6,10721,1204.00),(DL,14747,1188.00),(AA,11298,1095.00),(DL,12892,1061.00),(DL,14908,1036.00),(DL,14747,977.00),(DL,14771,976.00),(F9,11618,972.00),(DL,14689,906.00),(DL,10208,888.00),(OO,14696,852.00),(OO,10146,847.00),(DL,14771,836.00),(DL,12478,799.00),(DL,11775,741.00),(DL,14683,705.00),(DL,12173,691.00),(UA,11292,691.00),(DL,13487,685.00)]"
2025-01-23 00:00:00,4,13930,14964,2261,15.203555199144613,1546.0,"[(AA,12441,1546.00),(AA,11278,1051.00),(OO,12559,964.00),(AA,10423,945.00),(DL,14869,911.00),(AA,14492,899.00),(OO,11267,899.00),(OO,10693,864.00),(OO,10693,853.00),(UA,11003,853.00),(F9,14107,847.00),(OO,11433,826.00),(F9,11292,821.00),(OO,14696,815.00),(AA,11057,799.00),(MQ,10792,791.00),(OO,11977,777.00),(OO,12511,748.00),(UA,14057,740.00),(OO,11433,736.00)]"
2025-01-23 00:00:00,5,11057,11295,1383,10.57485613103143,1279.0,"[(AA,15016,1279.00),(F9,11298,1203.00),(DL,10397,1041.00),(OH,14685,865.00),(OH,11252,835.00),(AA,10434,712.00),(AA,10821,685.00),(OH,11267,685.00),(AA,11278,671.00),(DL,10397,629.00),(AA,11618,622.00),(OH,11252,616.00),(OH,11146,610.00),(YX,10721,589.00),(AA,15919,577.00),(AA,10423,553.00),(AA,10693,519.00),(AA,11066,511.00),(AA,15016,495.00),(AA,11292,477.00)]"
2025-01-23 00:00:00,6,12889,10481,1298,10.070031485545272,1266.0,"[(OO,14893,1266.00),(G4,11193,1042.00),(G4,14314,1030.00),(G4,10666,942.00),(HA,12173,814.00),(AA,13930,719.00),(F9,13891,693.00),(B6,11697,645.00),(AA,13303,608.00),(DL,12478,598.00),(UA,11618,598.00),(AA,13303,588.00),(G4,14905,585.00),(AA,13930,582.00),(AA,13303,542.00),(G4,13871,448.00),(AA,12892,422.00),(UA,12266,407.00),(AA,13930,398.00),(AA,11057,393.00)]"
2025-01-23 00:00:00,7,13204,9095,1263,12.55118196811435,945.0,"[(AA,13930,945.00),(UA,12266,902.00),(F9,11292,877.00),(DL,10397,752.00),(UA,12266,699.00),(DL,10397,519.00),(DL,10397,502.00),(F9,15016,496.00),(AA,14100,484.00),(F9,14843,471.00),(DL,14492,443.00),(DL,11433,430.00),(DL,12953,405.00),(DL,10397,403.00),(AA,11278,355.00),(DL,11433,348.00),(AA,14100,346.00),(DL,11433,343.00),(DL,11193,340.00),(UA,12266,331.00)]"
2025-01-23 00:00:00,8,11278,7485,1195,14.609752839011357,1587.0,"[(AA,13930,1587.00),(OH,10257,1157.00),(DL,10397,995.00),(UA,12266,944.00),(OH,10599,921.00),(OH,10208,910.00),(DL,10397,894.00),(OH,10868,884.00),(OH,12448,863.00),(DL,12892,827.00),(DL,10397,751.00),(OH,10208,663.00),(AA,14107,619.00),(OH,14576,586.00),(UA,12266,539.00),(DL,11433,487.00),(OH,14321,409.00),(AA,11057,403.00),(B6,10721,401.00),(MQ,12992,383.00)]"
2025-01-23 00:00:00,9,12892,10628,1036,6.957941287165976,1065.0,"[(OO,10372,1065.00),(OO,10372,885.00),(OO,10140,738.00),(OO,10372,733.00),(OO,14679,729.00),(AA,13930,692.00),(OO,14679,608.00),(AA,12478,555.00),(OO,14689,525.00),(F9,14107,505.00),(UA,11618,450.00),(DL,10721,444.00),(OO,14893,422.00),(DL,10721,395.00),(OO,10372,395.00),(F9,11292,394.00),(DL,10397,392.00),(OO,13476,390.00),(AA,11278,381.00),(DL,10397,373.00)]"
2025-01-23 00:00:00,10,11433,6388,1027,16.353318722604882,1485.0,"[(OH,11278,1485.00),(OO,12884,990.00),(OO,12264,982.00),(OO,12264,943.00),(DL,14869,856.00),(DL,12892,772.00),(OO,11587,678.00),(OO,11587,668.00),(OO,12884,660.00),(DL,13198,623.00),(OO,11587,584.00),(OH,14100,566.00),(AA,11057,552.00),(OO,13930,532.00),(AA,11298,515.00),(OO,13930,504.00),(OO,13930,447.00),(OO,14122,419.00),(OO,14150,400.00),(DL,10397,382.00)]"
2025-01-24 00:00:00,1,11298,17221,2910,17.577608733523025,1490.0,"[(AA,12173,1490.00),(B6,10721,1412.00),(AA,11638,1147.00),(AA,12094,1144.00),(AA,14193,1078.00),(OH,12448,1058.00),(OH,12278,983.00),(AA,10423,972.00),(F9,13232,971.00),(AA,11109,953.00),(OO,11109,945.00),(AA,10693,890.00),(AA,15096,877.00),(DL,10721,831.00),(AA,13930,823.00),(OO,15401,775.00),(AA,14683,751.00),(AA,15016,747.00),(OO,10372,742.00),(MQ,12945,711.00)]"
2025-01-24 00:00:00,2,11292,18102,2872,14.650812064965198,1120.0,"[(OO,11921,1120.00),(OO,11315,1087.00),(OO,12280,990.00),(OO,14457,931.00),(UA,12441,914.00),(AA,11057,910.00),(OO,13851,885.00),(AA,11298,868.00),(OO,15041,864.00),(OO,11423,846.00),(AA,13303,830.00),(OO,14814,825.00),(AA,13303,794.00),(OO,10372,735.00),(UA,14107,714.00),(OO,11921,693.00),(OO,14534,679.00),(OO,13433,652.00),(OO,11233,650.00),(DL,13487,644.00)]"
2025-01-24 00:00:00,3,10397,16201,2848,18.955187951361026,1300.0,"[(AA,13303,1300.00),(B6,10721,1204.00),(DL,14747,1188.00),(AA,11298,1095.00),(DL,12892,1061.00),(DL,14908,1036.00),(DL,14747,977.00),(DL,14771,976.00),(F9,11618,972.00),(F9,13303,968.00),(DL,14689,906.00),(DL,10208,888.00),(OO,14696,852.00),(OO,10146,847.00),(DL,14771,836.00),(DL,12478,799.00),(DL,11775,741.00),(DL,14683,705.00),(DL,12173,691.00),(UA,11292,691.00)]"
2025-01-24 00:00:00,4,13930,15679,2339,14.892531411442056,1546.0,"[(AA,12441,1546.00),(AA,11278,1051.00),(OO,12559,964.00),(AA,10423,945.00),(DL,14869,911.00),(AA,14492,899.00),(OO,11267,899.00),(OO,10693,864.00),(OO,10693,853.00),(UA,11003,853.00),(F9,14107,847.00),(OO,11433,826.00),(F9,11292,821.00),(OO,14696,815.00),(AA,11057,799.00),(MQ,10792,791.00),(OO,11977,777.00),(OO,12511,748.00),(UA,14057,740.00),(OO,11433,736.00)]"
2025-01-24 00:00:00,5,11057,11829,1445,10.573252176853495,1279.0,"[(AA,15016,1279.00),(F9,11298,1203.00),(DL,10397,1041.00),(OH,14685,865.00),(OH,11252,835.00),(AA,10434,712.00),(AA,10821,685.00),(OH,11267,685.00),(AA,11278,671.00),(DL,10397,629.00),(AA,11618,622.00),(OH,11252,616.00),(OH,11146,610.00),(YX,10721,589.00),(AA,15919,577.00),(AA,10423,553.00),(AA,10693,519.00),(AA,11066,511.00),(AA,15016,495.00),(AA,11292,477.00)]"
2025-01-24 00:00:00,6,12889,10993,1436,10.734467388338034,1266.0,"[(OO,14893,1266.00),(G4,11193,1042.00),(G4,14314,1030.00),(G4,10666,942.00),(AA,13930,893.00),(HA,12173,814.00),(AA,13303,724.00),(AA,13930,719.00),(F9,13891,693.00),(B6,11697,645.00),(AA,13303,608.00),(DL,12478,598.00),(UA,11618,598.00),(AA,13303,588.00),(G4,14905,585.00),(AA,13930,582.00),(AA,13303,542.00),(G4,13871,448.00),(AA,12892,422.00),(UA,12266,407.00)]"
2025-01-24 00:00:00,7,13204,9515,1327,12.631634261692065,1019.0,"[(AA,13303,1019.00),(AA,13930,945.00),(UA,12266,902.00),(F9,11292,877.00),(DL,10397,752.00),(UA,12266,699.00),(DL,10397,519.00),(DL,10397,502.00),(F9,15016,496.00),(AA,14100,484.00),(F9,14843,471.00),(DL,14492,443.00),(DL,11433,430.00),(DL,12953,405.00),(DL,10397,403.00),(AA,11278,355.00),(DL,11433,348.00),(AA,14100,346.00),(DL,11433,343.00),(DL,11193,340.00)]"
2025-01-24 00:00:00,8,11278,7873,1239,14.177568906388924,1587.0,"[(AA,13930,1587.00),(OH,10257,1157.00),(DL,10397,995.00),(UA,12266,944.00),(OH,10599,921.00),(OH,10208,910.00),(DL,10397,894.00),(OH,10868,884.00),(OH,12448,863.00),(DL,12892,827.00),(DL,10397,751.00),(OH,10208,663.00),(AA,14107,619.00),(OH,14576,586.00),(UA,12266,539.00),(DL,11433,487.00),(OH,14321,409.00),(AA,11057,403.00),(B6,10721,401.00),(MQ,12992,383.00)]"
2025-01-24 00:00:00,9,13303,7349,1123,15.000952510545652,1008.0,"[(F9,14100,1008.00),(B6,10721,977.00),(DL,10721,973.00),(DL,12478,925.00),(AA,14492,712.00),(UA,11292,702.00),(AA,11292,675.00),(MQ,12323,671.00),(AA,11298,649.00),(AA,12266,618.00),(DL,11433,557.00),(AA,11292,550.00),(DL,10397,525.00),(MQ,11953,515.00),(AA,10529,498.00),(AA,12892,473.00),(DL,12478,461.00),(AA,12478,452.00),(F9,10397,439.00),(AA,13244,402.00)]"
2025-01-24 00:00:00,10,11433,6702,1079,16.36630856460758,1485.0,"[(OH,11278,1485.00),(OO,12884,990.00),(OO,12264,982.00),(OO,12264,943.00),(DL,14869,856.00),(DL,12892,772.00),(OO,11977,756.00),(OO,11587,678.00),(OO,11587,668.00),(OO,12884,660.00),(DL,13198,623.00),(NK,14100,602.00),(OO,11587,584.00),(OH,14100,566.00),(AA,11057,552.00),(OO,13930,532.00),(AA,11298,515.00),(OO,13930,504.00),(OO,13930,447.00),(OO,14122,419.00)]"
2025-01-25 00:00:00,1,11298,18047,2953,16.957721504959274,1490.0,"[(AA,12173,1490.00),(B6,10721,1412.00),(AA,11638,1147.00),(AA,12094,1144.00),(AA,14193,1078.00),(OH,12448,1058.00),(OH,12278,983.00),(AA,10423,972.00),(F9,13232,971.00),(AA,11109,953.00),(OO,11109,945.00),(AA,10693,890.00),(AA,15096,877.00),(DL,10721,831.00),(AA,13930,823.00),(OO,15401,775.00),(AA,14683,751.00),(AA,15016,747.00),(OO,10372,742.00),(MQ,12945,711.00)]"
2025-01-25 00:00:00,2,11292,18912,2927,14.272102368866328,1120.0,"[(OO,11921,1120.00),(OO,11315,1087.00),(OO,12280,990.00),(OO,14457,931.00),(UA,12441,914.00),(AA,11057,910.00),(OO,13851,885.00),(AA,11298,868.00),(OO,15041,864.00),(OO,10279,859.00),(OO,11423,846.00),(AA,13303,830.00),(OO,14814,825.00),(AA,13930,799.00),(AA,13303,794.00),(OO,11097,776.00),(OO,10372,735.00),(UA,14107,714.00),(OO,11921,693.00),(OO,14534,679.00)]"
2025-01-25 00:00:00,3,10397,17063,2926,18.30287757135322,1300.0,"[(AA,13303,1300.00),(B6,10721,1204.00),(DL,14747,1188.00),(AA,11298,1095.00),(DL,12892,1061.00),(DL,14908,1036.00),(DL,14747,977.00),(DL,14771,976.00),(F9,11618,972.00),(F9,13303,968.00),(DL,14689,906.00),(DL,10208,888.00),(OO,14696,852.00),(OO,10146,847.00),(DL,14771,836.00),(DL,12478,799.00),(DL,11775,741.00),(DL,14683,705.00),(DL,12173,691.00),(UA,11292,691.00)]"
2025-01-25 00:00:00,4,13930,16405,2404,14.487229503200243,1546.0,"[(AA,12441,1546.00),(AA,11278,1051.00),(OO,12559,964.00),(AA,10423,945.00),(DL,14869,911.00),(AA,14492,899.00),(OO,11267,899.00),(OO,10693,864.00),(OO,10693,853.00),(UA,11003,853.00),(F9,14107,847.00),(OO,11433,826.00),(F9,11292,821.00),(OO,14696,815.00),(AA,11057,799.00),(MQ,10792,791.00),(OO,11977,777.00),(OO,12511,748.00),(UA,14057,740.00),(OO,11433,736.00)]"
2025-01-25 00:00:00,5,11057,12375,1490,10.345131313131313,1279.0,"[(AA,15016,1279.00),(F9,11298,1203.00),(DL,10397,1041.00),(OH,14685,865.00),(OH,11252,835.00),(AA,10434,712.00),(AA,10821,685.00),(OH,11267,685.00),(AA,11278,671.00),(DL,10397,629.00),(AA,11618,622.00),(OH,11252,616.00),(OH,11146,610.00),(YX,10721,589.00),(AA,15919,577.00),(AA,10423,553.00),(AA,10693,519.00),(AA,11066,511.00),(AA,15016,495.00),(AA,11292,477.00)]"
2025-01-25 00:00:00,6,12889,11501,1473,10.501260759933919,1266.0,"[(OO,14893,1266.00),(G4,11193,1042.00),(G4,14314,1030.00),(G4,10666,942.00),(AA,13930,893.00),(HA,12173,814.00),(AA,13930,739.00),(AA,13303,724.00),(AA,13930,719.00),(F9,13891,693.00),(B6,11697,645.00),(AA,13303,608.00),(DL,12478,598.00),(UA,11618,598.00),(AA,13303,588.00),(G4,14905,585.00),(AA,13930,582.00),(AA,13303,542.00),(G4,13871,448.00),(AA,12892,422.00)]"
2025-01-25 00:00:00,7,13204,9949,1376,12.550909639159714,1019.0,"[(AA,13303,1019.00),(AA,13930,945.00),(UA,12266,902.00),(F9,11292,877.00),(UA,13930,775.00),(DL,10397,752.00),(UA,12266,699.00),(DL,10397,519.00),(DL,10397,502.00),(F9,15016,496.00),(AA,14100,484.00),(F9,14843,471.00),(DL,14492,443.00),(DL,11433,430.00),(DL,12953,405.00),(DL,10397,403.00),(AA,11278,355.00),(DL,11433,348.00),(AA,14100,346.00),(DL,11433,343.00)]"
2025-01-25 00:00:00,8,11278,8277,1290,13.922677298538117,1587.0,"[(AA,13930,1587.00),(OH,10257,1157.00),(DL,10397,995.00),(UA,12266,944.00),(OH,10599,921.00),(OH,10208,910.00),(DL,10397,894.00),(OH,10868,884.00),(OH,12448,863.00),(DL,12892,827.00),(DL,10397,751.00),(OH,10208,663.00),(AA,14107,619.00),(OH,14576,586.00),(OH,14730,547.00),(UA,12266,539.00),(DL,11433,487.00),(OH,14321,409.00),(AA,11057,403.00),(B6,10721,401.00)]"
2025-01-25 00:00:00,9,13303,7680,1217,15.348697916666667,1008.0,"[(F9,14100,1008.00),(B6,10721,977.00),(DL,10721,973.00),(DL,12478,925.00),(AA,14492,712.00),(UA,11292,702.00),(AA,11292,675.00),(MQ,12323,671.00),(AA,11298,649.00),(AA,12266,618.00),(DL,11433,557.00),(AA,11292,550.00),(DL,10397,525.00),(MQ,11953,515.00),(AA,10529,498.00),(AA,12892,473.00),(DL,12478,461.00),(AA,12478,452.00),(F9,10397,439.00),(AA,13244,402.00)]"
2025-01-25 00:00:00,10,11433,7022,1128,16.245656508117346,1485.0,"[(OH,11278,1485.00),(OO,12884,990.00),(OO,12264,982.00),(OO,12264,943.00),(DL,14869,856.00),(DL,12892,772.00),(OO,11977,756.00),(OO,11587,678.00),(OO,11587,668.00),(OO,12884,660.00),(DL,13198,623.00),(NK,14100,602.00),(OO,11587,584.00),(OH,14100,566.00),(AA,11057,552.00),(OO,13930,532.00),(AA,11298,515.00),(OO,13930,504.00),(OO,13485,498.00),(OO,13930,447.00)]"
2025-01-26 00:00:00,1,11292,19613,3180,14.974506704736655,1120.0,"[(OO,11921,1120.00),(OO,11315,1087.00),(OO,12280,990.00),(OO,14457,931.00),(UA,12441,914.00),(AA,11057,910.00),(OO,13851,885.00),(AA,11298,868.00),(OO,15041,864.00),(OO,10279,859.00),(OO,11423,846.00),(AA,13303,830.00),(OO,14814,825.00),(AA,13930,799.00),(AA,13303,794.00),(OO,11097,776.00),(OO,10372,735.00),(UA,14107,714.00),(OO,11921,693.00),(OO,14534,679.00)]"
2025-01-26 00:00:00,2,11298,18767,2991,16.392390898918315,1490.0,"[(AA,12173,1490.00),(B6,10721,1412.00),(AA,11638,1147.00),(AA,12094,1144.00),(AA,14193,1078.00),(OH,12448,1058.00),(OH,12278,983.00),(AA,10423,972.00),(F9,13232,971.00),(AA,11109,953.00),(OO,11109,945.00),(AA,10693,890.00),(AA,15096,877.00),(DL,10721,831.00),(AA,13930,823.00),(OO,15401,775.00),(AA,14683,751.00),(AA,15016,747.00),(OO,10372,742.00),(MQ,12945,711.00)]"
2025-01-26 00:00:00,3,10397,17729,2954,17.66461729369959,1300.0,"[(AA,13303,1300.00),(B6,10721,1204.00),(DL,14747,1188.00),(AA,11298,1095.00),(DL,12892,1061.00),(DL,14908,1036.00),(DL,14747,977.00),(DL,14771,976.00),(F9,11618,972.00),(F9,13303,968.00),(DL,14689,906.00),(DL,10208,888.00),(OO,14696,852.00),(OO,10146,847.00),(DL,14771,836.00),(DL,12478,799.00),(DL,11775,741.00),(DL,14683,705.00),(DL,12173,691.00),(UA,11292,691.00)]"
2025-01-26 00:00:00,4,13930,17014,2441,14.044022569648524,1546.0,"[(AA,12441,1546.00),(AA,11278,1051.00),(OO,12559,964.00),(AA,10423,945.00),(DL,14869,911.00),(AA,14492,899.00),(OO,11267,899.00),(OO,10693,864.00),(OO,10693,853.00),(UA,11003,853.00),(F9,14107,847.00),(OO,11433,826.00),(F9,11292,821.00),(OO,14696,815.00),(AA,11057,799.00),(MQ,10792,791.00),(OO,11977,777.00),(OO,12511,748.00),(UA,14057,740.00),(OO,11433,736.00)]"
2025-01-26 00:00:00,5,11057,12877,1515,10.003494602780151,1279.0,"[(AA,15016,1279.00),(F9,11298,1203.00),(DL,10397,1041.00),(OH,14685,865.00),(OH,11252,835.00),(AA,10434,712.00),(AA,10821,685.00),(OH,11267,685.00),(AA,11278,671.00),(DL,10397,629.00),(AA,11618,622.00),(OH,11252,616.00),(OH,11146,610.00),(YX,10721,589.00),(AA,15919,577.00),(AA,10423,553.00),(AA,10693,519.00),(AA,11066,511.00),(AA,15016,495.00),(AA,11292,477.00)]"
2025-01-26 00:00:00,6,12889,11899,1500,10.367005630725272,1266.0,"[(OO,14893,1266.00),(G4,11193,1042.00),(G4,14314,1030.00),(G4,10666,942.00),(AA,13930,893.00),(HA,12173,814.00),(AA,13930,739.00),(AA,13303,724.00),(AA,13930,719.00),(F9,13891,693.00),(B6,11697,645.00),(AA,13303,608.00),(DL,12478,598.00),(UA,11618,598.00),(AA,13303,588.00),(G4,14905,585.00),(AA,13930,582.00),(AA,13303,542.00),(G4,13871,448.00),(AA,12892,422.00)]"
2025-01-26 00:00:00,7,13204,10358,1396,12.110639119521142,1019.0,"[(AA,13303,1019.00),(AA,13930,945.00),(UA,12266,902.00),(F9,11292,877.00),(UA,13930,775.00),(DL,10397,752.00),(UA,12266,699.00),(DL,10397,519.00),(DL,10397,502.00),(F9,15016,496.00),(AA,14100,484.00),(F9,14843,471.00),(DL,14492,443.00),(DL,11433,430.00),(DL,12953,405.00),(DL,10397,403.00),(AA,11278,355.00),(DL,11433,348.00),(AA,14100,346.00),(DL,11433,343.00)]"
2025-01-26 00:00:00,8,11278,8567,1310,13.521886307925762,1587.0,"[(AA,13930,1587.00),(OH,10257,1157.00),(DL,10397,995.00),(UA,12266,944.00),(OH,10599,921.00),(OH,10208,910.00),(DL,10397,894.00),(OH,10868,884.00),(OH,12448,863.00),(DL,12892,827.00),(DL,10397,751.00),(OH,10208,663.00),(AA,14107,619.00),(OH,14576,586.00),(OH,14730,547.00),(UA,12266,539.00),(DL,11433,487.00),(OH,14321,409.00),(AA,11057,403.00),(B6,10721,401.00)]"
2025-01-26 00:00:00,9,13303,8012,1260,15.327758362456315,1008.0,"[(F9,14100,1008.00),(B6,10721,977.00),(DL,10721,973.00),(DL,12478,925.00),(AA,14492,712.00),(UA,11292,702.00),(AA,11292,675.00),(MQ,12323,671.00),(AA,11298,649.00),(AA,10423,647.00),(DL,10397,620.00),(AA,12266,618.00),(DL,11433,557.00),(AA,11292,550.00),(DL,10397,525.00),(MQ,11953,515.00),(AA,10529,498.00),(AA,12892,473.00),(DL,12478,461.00),(AA,12478,452.00)]"
2025-01-26 00:00:00,10,11433,7285,1145,15.745916266300618,1485.0,"[(OH,11278,1485.00),(OO,12884,990.00),(OO,12264,982.00),(OO,12264,943.00),(DL,14869,856.00),(DL,12892,772.00),(OO,11977,756.00),(OO,11587,678.00),(OO,11587,668.00),(OO,12884,660.00),(DL,13198,623.00),(NK,14100,602.00),(OO,11587,584.00),(OH,14100,566.00),(AA,11057,552.00),(OO,13930,532.00),(AA,11298,515.00),(OO,13930,504.00),(OO,13485,498.00),(OO,13930,447.00)]"
2025-01-27 00:00:00,1,11292,20466,3244,14.596306068601583,1120.0,"[(OO,11921,1120.00),(OO,11315,1087.00),(OO,12280,990.00),(OO,14457,931.00),(UA,12441,914.00),(AA,11057,910.00),(OO,13851,885.00),(AA,11298,868.00),(OO,15041,864.00),(OO,10279,859.00),(OO,11423,846.00),(AA,13303,830.00),(OO,14814,825.00),(AA,13930,799.00),(AA,13303,794.00),(OO,11097,776.00),(OO,10372,735.00),(UA,14107,714.00),(OO,11921,693.00),(OO,14534,679.00)]"
2025-01-27 00:00:00,2,11298,19605,3079,16.02325937260903,1490.0,"[(AA,12173,1490.00),(B6,10721,1412.00),(AA,11638,1147.00),(AA,12094,1144.00),(AA,14193,1078.00),(OH,12448,1058.00),(OH,12278,983.00),(AA,10423,972.00),(F9,13232,971.00),(AA,11109,953.00),(OO,11109,945.00),(AA,10693,890.00),(AA,15096,877.00),(DL,10721,831.00),(AA,13930,823.00),(OO,15401,775.00),(AA,14683,751.00),(AA,15016,747.00),(OO,10372,742.00),(MQ,12945,711.00)]"
2025-01-27 00:00:00,3,10397,18594,2997,16.973486070775518,1300.0,"[(AA,13303,1300.00),(B6,10721,1204.00),(DL,14747,1188.00),(AA,11298,1095.00),(DL,12892,1061.00),(DL,14908,1036.00),(DL,14747,977.00),(DL,14771,976.00),(F9,11618,972.00),(F9,13303,968.00),(DL,14689,906.00),(DL,10208,888.00),(AA,12892,874.00),(OO,14696,852.00),(OO,10146,847.00),(DL,14771,836.00),(DL,12478,799.00),(DL,11775,741.00),(DL,14683,705.00),(UA,11292,691.00)]"
2025-01-27 00:00:00,4,13930,17731,2498,13.684732953584119,1546.0,"[(AA,12441,1546.00),(AA,11278,1051.00),(OO,12559,964.00),(AA,10423,945.00),(DL,14869,911.00),(AA,14492,899.00),(OO,11267,899.00),(OO,10693,864.00),(OO,10693,853.00),(UA,11003,853.00),(F9,14107,847.00),(OO,11433,826.00),(F9,11292,821.00),(OO,14696,815.00),(AA,11057,799.00),(MQ,10792,791.00),(OO,11977,777.00),(OO,12511,748.00),(UA,14057,740.00),(OO,11433,736.00)]"
2025-01-27 00:00:00,5,11057,13449,1565,9.88147817681612,1279.0,"[(AA,15016,1279.00),(F9,11298,1203.00),(DL,10397,1041.00),(OH,14685,865.00),(OH,11252,835.00),(AA,10434,712.00),(AA,10821,685.00),(OH,11267,685.00),(AA,11278,671.00),(DL,10397,629.00),(AA,11618,622.00),(OH,11252,616.00),(OH,13795,613.00),(OH,11146,610.00),(YX,10721,589.00),(AA,15919,577.00),(AA,10423,553.00),(AA,10693,519.00),(AA,11066,511.00),(AA,15016,495.00)]"
2025-01-27 00:00:00,6,12889,12449,1543,10.183388223953731,1266.0,"[(OO,14893,1266.00),(G4,11193,1042.00),(G4,14314,1030.00),(G4,10666,942.00),(AA,13930,893.00),(HA,12173,814.00),(AA,13930,739.00),(AA,13303,724.00),(AA,13930,719.00),(F9,13891,693.00),(B6,11697,645.00),(AA,13303,608.00),(DL,12478,598.00),(UA,11618,598.00),(AA,13303,588.00),(G4,14905,585.00),(AA,13930,582.00),(AA,13303,542.00),(G4,13871,448.00),(AA,12892,422.00)]"
2025-01-27 00:00:00,7,13204,10813,1417,11.732081753444927,1019.0,"[(AA,13303,1019.00),(AA,13930,945.00),(UA,12266,902.00),(F9,11292,877.00),(UA,13930,775.00),(DL,10397,752.00),(UA,12266,699.00),(DL,10397,519.00),(DL,10397,502.00),(F9,15016,496.00),(AA,14100,484.00),(F9,14843,471.00),(DL,14492,443.00),(DL,11433,430.00),(DL,12953,405.00),(DL,10397,403.00),(AA,11278,355.00),(DL,11433,348.00),(AA,14100,346.00),(DL,11433,343.00)]"
2025-01-27 00:00:00,8,11278,8958,1348,13.165327081937933,1587.0,"[(AA,13930,1587.00),(OH,10257,1157.00),(DL,10397,995.00),(UA,12266,944.00),(OH,10599,921.00),(OH,10208,910.00),(DL,10397,894.00),(OH,10868,884.00),(OH,12448,863.00),(DL,12892,827.00),(DL,10397,751.00),(OH,10208,663.00),(AA,14107,619.00),(OH,14576,586.00),(OH,14730,547.00),(UA,12266,539.00),(DL,11433,487.00),(AA,13930,430.00),(OH,14321,409.00),(AA,11057,403.00)]"
2025-01-27 00:00:00,9,13303,8351,1287,14.842533828284038,1008.0,"[(F9,14100,1008.00),(B6,10721,977.00),(DL,10721,973.00),(DL,12478,925.00),(AA,14492,712.00),(UA,11292,702.00),(AA,11292,675.00),(MQ,12323,671.00),(AA,11298,649.00),(AA,10423,647.00),(DL,10397,620.00),(AA,12266,618.00),(DL,11433,557.00),(AA,11292,550.00),(DL,10397,525.00),(MQ,11953,515.00),(AA,10529,498.00),(AA,12892,473.00),(DL,12478,461.00),(AA,12478,452.00)]"
2025-01-27 00:00:00,10,12892,12574,1198,6.730475584539526,1065.0,"[(OO,10372,1065.00),(AA,14100,940.00),(OO,10372,885.00),(OO,10140,738.00),(OO,10372,733.00),(AA,10397,732.00),(OO,14679,729.00),(UA,13930,702.00),(AA,13930,692.00),(OO,14679,608.00),(AA,12478,555.00),(OO,14689,525.00),(F9,14107,505.00),(DL,12758,482.00),(UA,11618,450.00),(DL,10721,444.00),(OO,14893,422.00),(DL,10721,395.00),(DL,13495,395.00),(OO,10372,395.00)]"
2025-01-28 00:00:00,1,11292,21271,3290,14.166658831272624,1120.0,"[(OO,11921,1120.00),(OO,11315,1087.00),(OO,12280,990.00),(OO,14457,931.00),(UA,12441,914.00),(AA,11057,910.00),(OO,13851,885.00),(OO,14747,873.00),(AA,11298,868.00),(OO,15041,864.00),(OO,10279,859.00),(OO,11423,846.00),(AA,13303,830.00),(OO,14814,825.00),(AA,13930,799.00),(AA,13303,794.00),(OO,11097,776.00),(OO,10372,735.00),(UA,14107,714.00),(OO,11921,693.00)]"
2025-01-28 00:00:00,2,11298,20428,3125,15.430144899158018,1490.0,"[(AA,12173,1490.00),(B6,10721,1412.00),(AA,11638,1147.00),(AA,12094,1144.00),(AA,14193,1078.00),(OH,12448,1058.00),(OH,12278,983.00),(AA,10423,972.00),(F9,13232,971.00),(AA,11109,953.00),(OO,11109,945.00),(AA,10693,890.00),(AA,15096,877.00),(DL,10721,831.00),(AA,13930,823.00),(OO,15401,775.00),(AA,14683,751.00),(AA,15016,747.00),(OO,10372,742.00),(MQ,12945,711.00)]"
2025-01-28 00:00:00,3,10397,19427,3034,16.403459103309828,1300.0,"[(AA,13303,1300.00),(B6,10721,1204.00),(DL,14747,1188.00),(AA,11298,1095.00),(DL,12892,1061.00),(DL,14908,1036.00),(DL,14747,977.00),(DL,14771,976.00),(F9,11618,972.00),(F9,13303,968.00),(DL,14689,906.00),(DL,10208,888.00),(AA,12892,874.00),(OO,14696,852.00),(OO,10146,847.00),(DL,14771,836.00),(DL,12478,799.00),(DL,11775,741.00),(DL,14683,705.00),(UA,11292,691.00)]"
2025-01-28 00:00:00,4,13930,18448,2538,13.186849522983522,1546.0,"[(AA,12441,1546.00),(AA,11278,1051.00),(OO,12559,964.00),(AA,10423,945.00),(DL,14869,911.00),(AA,14492,899.00),(OO,11267,899.00),(OO,10693,864.00),(OO,10693,853.00),(UA,11003,853.00),(F9,14107,847.00),(OO,11433,826.00),(F9,11292,821.00),(OO,14696,815.00),(AA,11057,799.00),(MQ,10792,791.00),(OO,11977,777.00),(OO,12511,748.00),(UA,14057,740.00),(OO,11433,736.00)]"
2025-01-28 00:00:00,5,11057,14002,1621,9.761462648193115,1279.0,"[(AA,15016,1279.00),(F9,11298,1203.00),(DL,10397,1041.00),(OH,14685,865.00),(OH,11252,835.00),(AA,10434,712.00),(AA,10821,685.00),(OH,11267,685.00),(AA,11278,671.00),(DL,10397,629.00),(AA,11618,622.00),(OH,11252,616.00),(OH,13795,613.00),(OH,11146,610.00),(YX,10721,589.00),(AA,15919,577.00),(AA,10423,553.00),(AA,10693,519.00),(AA,11066,511.00),(AA,15016,495.00)]"
2025-01-28 00:00:00,6,12889,12955,1561,9.92497105364724,1266.0,"[(OO,14893,1266.00),(G4,11193,1042.00),(G4,14314,1030.00),(G4,10666,942.00),(AA,13930,893.00),(F9,11292,838.00),(HA,12173,814.00),(AA,13930,739.00),(AA,13303,724.00),(AA,13930,719.00),(F9,13891,693.00),(B6,11697,645.00),(AA,13303,608.00),(DL,12478,598.00),(UA,11618,598.00),(AA,13303,588.00),(G4,14905,585.00),(AA,13930,582.00),(AA,13303,542.00),(OO,14679,523.00)]"
2025-01-28 00:00:00,7,13204,11245,1441,11.400088928412627,1019.0,"[(AA,13303,1019.00),(AA,13930,945.00),(UA,12266,902.00),(F9,11292,877.00),(UA,13930,775.00),(DL,10397,752.00),(UA,12266,699.00),(DL,10397,519.00),(DL,10397,502.00),(F9,15016,496.00),(AA,14100,484.00),(F9,14843,471.00),(DL,14492,443.00),(DL,11433,430.00),(DL,12953,405.00),(DL,10397,403.00),(AA,11278,355.00),(DL,11433,348.00),(AA,14100,346.00),(DL,11433,343.00)]"
2025-01-28 00:00:00,8,11278,9365,1383,12.71671115856914,1587.0,"[(AA,13930,1587.00),(OH,10257,1157.00),(DL,10397,995.00),(UA,12266,944.00),(OH,10599,921.00),(OH,10208,910.00),(DL,10397,894.00),(OH,10868,884.00),(OH,12448,863.00),(DL,12892,827.00),(DL,10397,751.00),(OH,10208,663.00),(AA,14107,619.00),(OH,14576,586.00),(OH,14730,547.00),(UA,12266,539.00),(DL,11433,487.00),(AA,13930,430.00),(OH,14321,409.00),(AA,11057,403.00)]"
2025-01-28 00:00:00,9,13303,8679,1316,14.50213158197949,1008.0,"[(F9,14100,1008.00),(B6,10721,977.00),(DL,10721,973.00),(DL,12478,925.00),(AA,14492,712.00),(UA,11292,702.00),(AA,11292,675.00),(MQ,12323,671.00),(AA,11298,649.00),(AA,10423,647.00),(DL,10397,620.00),(AA,12266,618.00),(DL,11433,557.00),(AA,11292,550.00),(DL,10397,525.00),(MQ,11953,515.00),(AA,10529,498.00),(AA,12892,473.00),(DL,12478,461.00),(AA,12478,452.00)]"
2025-01-28 00:00:00,10,12892,13077,1230,6.651219698707655,1065.0,"[(OO,10372,1065.00),(AA,11278,990.00),(AA,14100,940.00),(OO,10372,885.00),(OO,10140,738.00),(OO,10372,733.00),(AA,10397,732.00),(OO,14679,729.00),(UA,13930,702.00),(AA,13930,692.00),(OO,14679,608.00),(AA,12478,555.00),(UA,13930,552.00),(OO,14689,525.00),(F9,14107,505.00),(DL,12758,482.00),(UA,11618,450.00),(DL,10721,444.00),(OO,14893,422.00),(OO,10372,395.00)]"
2025-01-29 00:00:00,1,11292,21996,3324,13.696353882524095,1120.0,"[(OO,11921,1120.00),(OO,11315,1087.00),(OO,12280,990.00),(OO,14457,931.00),(UA,12441,914.00),(AA,11057,910.00),(OO,13851,885.00),(OO,14747,873.00),(AA,11298,868.00),(OO,15041,864.00),(OO,10279,859.00),(OO,11423,846.00),(AA,13303,830.00),(OO,14814,825.00),(AA,13930,799.00),(AA,13303,794.00),(OO,11097,776.00),(OO,10372,735.00),(UA,14107,714.00),(OO,11921,693.00)]"
2025-01-29 00:00:00,2,11298,21155,3185,15.043913968329,1490.0,"[(AA,12173,1490.00),(B6,10721,1412.00),(AA,11638,1147.00),(AA,12094,1144.00),(AA,14193,1078.00),(OH,12448,1058.00),(OH,12278,983.00),(AA,10423,972.00),(F9,13232,971.00),(AA,11109,953.00),(OO,11109,945.00),(AA,10693,890.00),(AA,15096,877.00),(DL,10721,831.00),(AA,13930,823.00),(OO,15401,775.00),(AA,14683,751.00),(AA,15016,747.00),(OO,10372,742.00),(MQ,12945,711.00)]"
2025-01-29 00:00:00,3,10397,20176,3063,15.812995638382237,1300.0,"[(AA,13303,1300.00),(B6,10721,1204.00),(DL,14747,1188.00),(AA,11298,1095.00),(DL,12892,1061.00),(DL,14908,1036.00),(DL,14747,977.00),(DL,14771,976.00),(F9,11618,972.00),(F9,13303,968.00),(DL,14689,906.00),(DL,10208,888.00),(AA,12892,874.00),(OO,14696,852.00),(OO,10146,847.00),(DL,14771,836.00),(DL,12478,799.00),(DL,11775,741.00),(DL,14683,705.00),(UA,11292,691.00)]"
2025-01-29 00:00:00,4,13930,19098,2562,12.672792962613887,1546.0,"[(AA,12441,1546.00),(AA,11278,1051.00),(OO,12559,964.00),(AA,10423,945.00),(DL,14869,911.00),(AA,14492,899.00),(OO,11267,899.00),(OO,10693,864.00),(OO,10693,853.00),(UA,11003,853.00),(F9,14107,847.00),(OO,11433,826.00),(F9,11292,821.00),(OO,14696,815.00),(AA,11057,799.00),(MQ,10792,791.00),(OO,11977,777.00),(OO,12511,748.00),(UA,14057,740.00),(OO,11433,736.00)]"
2025-01-29 00:00:00,5,11057,14495,1633,9.333908244222146,1279.0,"[(AA,15016,1279.00),(F9,11298,1203.00),(DL,10397,1041.00),(OH,14685,865.00),(OH,11252,835.00),(AA,10434,712.00),(AA,10821,685.00),(OH,11267,685.00),(AA,11278,671.00),(DL,10397,629.00),(AA,11618,622.00),(OH,11252,616.00),(OH,13795,613.00),(OH,11146,610.00),(YX,10721,589.00),(AA,15919,577.00),(AA,10423,553.00),(AA,10693,519.00),(AA,11066,511.00),(AA,15016,495.00)]"
2025-01-29 00:00:00,6,12889,13372,1570,9.542775949745737,1266.0,"[(OO,14893,1266.00),(G4,11193,1042.00),(G4,14314,1030.00),(G4,10666,942.00),(AA,13930,893.00),(F9,11292,838.00),(HA,12173,814.00),(AA,13930,739.00),(AA,13303,724.00),(AA,13930,719.00),(F9,13891,693.00),(B6,11697,645.00),(AA,13303,608.00),(DL,12478,598.00),(UA,11618,598.00),(AA,13303,588.00),(G4,14905,585.00),(AA,13930,582.00),(AA,13303,542.00),(OO,14679,523.00)]"
2025-01-29 00:00:00,7,13204,11601,1453,10.98310490474959,1019.0,"[(AA,13303,1019.00),(AA,13930,945.00),(UA,12266,902.00),(F9,11292,877.00),(UA,13930,775.00),(DL,10397,752.00),(UA,12266,699.00),(DL,10397,519.00),(DL,10397,502.00),(F9,15016,496.00),(AA,14100,484.00),(F9,14843,471.00),(DL,14492,443.00),(DL,11433,430.00),(DL,12953,405.00),(DL,10397,403.00),(AA,11278,355.00),(DL,11433,348.00),(AA,14100,346.00),(DL,11433,343.00)]"
2025-01-29 00:00:00,8,11278,9766,1396,12.051914806471432,1587.0,"[(AA,13930,1587.00),(OH,10257,1157.00),(DL,10397,995.00),(UA,12266,944.00),(OH,10599,921.00),(OH,10208,910.00),(DL,10397,894.00),(OH,10868,884.00),(OH,12448,863.00),(DL,12892,827.00),(DL,10397,751.00),(OH,10208,663.00),(AA,14107,619.00),(OH,14576,586.00),(OH,14730,547.00),(UA,12266,539.00),(DL,11433,487.00),(AA,13930,430.00),(OH,14321,409.00),(AA,11057,403.00)]"
2025-01-29 00:00:00,9,13303,8982,1328,14.064684925406368,1008.0,"[(F9,14100,1008.00),(B6,10721,977.00),(DL,10721,973.00),(DL,12478,925.00),(AA,14492,712.00),(UA,11292,702.00),(AA,11292,675.00),(MQ,12323,671.00),(AA,11298,649.00),(AA,10423,647.00),(DL,10397,620.00),(AA,12266,618.00),(DL,11433,557.00),(AA,11292,550.00),(DL,10397,525.00),(MQ,11953,515.00),(DL,10397,507.00),(AA,10529,498.00),(AA,12892,473.00),(DL,12478,461.00)]"
2025-01-29 00:00:00,10,12892,13520,1241,6.312795857988165,1065.0,"[(OO,10372,1065.00),(AA,11278,990.00),(AA,14100,940.00),(OO,10372,885.00),(OO,10140,738.00),(OO,10372,733.00),(AA,10397,732.00),(OO,14679,729.00),(UA,13930,702.00),(AA,13930,692.00),(OO,14679,608.00),(AA,12478,555.00),(UA,13930,552.00),(OO,14689,525.00),(F9,14107,505.00),(DL,12758,482.00),(UA,11618,450.00),(DL,10721,444.00),(OO,14893,422.00),(OO,10372,395.00)]"
2025-01-30 00:00:00,1,11292,22743,3347,13.22292573539111,1120.0,"[(OO,11921,1120.00),(OO,11315,1087.00),(OO,12280,990.00),(OO,14457,931.00),(UA,12441,914.00),(AA,11057,910.00),(OO,13851,885.00),(OO,14747,873.00),(AA,11298,868.00),(OO,15041,864.00),(OO,10279,859.00),(OO,11423,846.00),(AA,13303,830.00),(OO,14814,825.00),(AA,13930,799.00),(AA,13303,794.00),(OO,11097,776.00),(OO,10372,735.00),(UA,14107,714.00),(OO,11921,693.00)]"
2025-01-30 00:00:00,2,11298,21849,3327,15.268753718705662,1490.0,"[(AA,12173,1490.00),(B6,10721,1412.00),(AA,11638,1147.00),(AA,12094,1144.00),(AA,14193,1078.00),(OH,12448,1058.00),(OH,12278,983.00),(AA,10423,972.00),(F9,13232,971.00),(AA,11109,953.00),(OO,11109,945.00),(AA,10693,890.00),(AA,15096,877.00),(DL,10721,831.00),(AA,13930,823.00),(OO,11905,803.00),(OH,14108,787.00),(OO,15401,775.00),(AA,14683,751.00),(AA,15016,747.00)]"
2025-01-30 00:00:00,3,10397,20923,3091,15.228934665200976,1300.0,"[(AA,13303,1300.00),(B6,10721,1204.00),(DL,14747,1188.00),(AA,11298,1095.00),(DL,12892,1061.00),(DL,14908,1036.00),(DL,14747,977.00),(DL,14771,976.00),(F9,11618,972.00),(F9,13303,968.00),(DL,14689,906.00),(DL,10208,888.00),(AA,12892,874.00),(OO,14696,852.00),(OO,10146,847.00),(DL,14771,836.00),(DL,12478,799.00),(DL,11775,741.00),(DL,14683,705.00),(UA,11292,691.00)]"
2025-01-30 00:00:00,4,13930,19758,2583,12.199919020143739,1546.0,"[(AA,12441,1546.00),(AA,11278,1051.00),(OO,12559,964.00),(AA,10423,945.00),(DL,14869,911.00),(AA,14492,899.00),(OO,11267,899.00),(OO,10693,864.00),(OO,10693,853.00),(UA,11003,853.00),(F9,14107,847.00),(OO,11433,826.00),(F9,11292,821.00),(OO,14696,815.00),(AA,11057,799.00),(MQ,10792,791.00),(OO,11977,777.00),(OO,12511,748.00),(UA,14057,740.00),(OO,11433,736.00)]"
2025-01-30 00:00:00,5,11057,15002,1662,9.07105719237435,1279.0,"[(AA,15016,1279.00),(F9,11298,1203.00),(DL,10397,1041.00),(OH,14685,865.00),(OH,11252,835.00),(AA,10434,712.00),(AA,10821,685.00),(OH,11267,685.00),(AA,11278,671.00),(DL,10397,629.00),(AA,11618,622.00),(OH,11252,616.00),(OH,13795,613.00),(OH,11146,610.00),(YX,10721,589.00),(AA,15919,577.00),(AA,10423,553.00),(AA,10693,519.00),(AA,11066,511.00),(AA,15016,495.00)]"
2025-01-30 00:00:00,6,12889,13791,1577,9.174679138568631,1266.0,"[(OO,14893,1266.00),(G4,11193,1042.00),(G4,14314,1030.00),(G4,10666,942.00),(AA,13930,893.00),(F9,11292,838.00),(HA,12173,814.00),(AA,13930,739.00),(AA,13303,724.00),(AA,13930,719.00),(F9,13891,693.00),(B6,11697,645.00),(AA,13303,608.00),(DL,12478,598.00),(UA,11618,598.00),(AA,13303,588.00),(G4,14905,585.00),(AA,13930,582.00),(AA,13303,542.00),(OO,14679,523.00)]"
2025-01-30 00:00:00,7,13204,11962,1465,10.646965390402942,1019.0,"[(AA,13303,1019.00),(AA,13930,945.00),(UA,12266,902.00),(F9,11292,877.00),(UA,13930,775.00),(DL,10397,752.00),(UA,12266,699.00),(DL,10397,519.00),(DL,10397,502.00),(F9,15016,496.00),(AA,14100,484.00),(F9,14843,471.00),(DL,14492,443.00),(DL,11433,430.00),(DL,12953,405.00),(DL,10397,403.00),(AA,11278,355.00),(DL,11433,348.00),(AA,14100,346.00),(DL,11433,343.00)]"
2025-01-30 00:00:00,8,11278,10125,1406,11.491950617283951,1587.0,"[(AA,13930,1587.00),(OH,10257,1157.00),(DL,10397,995.00),(UA,12266,944.00),(OH,10599,921.00),(OH,10208,910.00),(DL,10397,894.00),(OH,10868,884.00),(OH,12448,863.00),(DL,12892,827.00),(DL,10397,751.00),(OH,10208,663.00),(AA,14107,619.00),(OH,14576,586.00),(OH,14730,547.00),(UA,12266,539.00),(DL,11433,487.00),(AA,13930,430.00),(OH,14321,409.00),(AA,11057,403.00)]"
2025-01-30 00:00:00,9,13303,9281,1345,13.628272815429371,1008.0,"[(F9,14100,1008.00),(B6,10721,977.00),(DL,10721,973.00),(DL,12478,925.00),(AA,14492,712.00),(UA,11292,702.00),(AA,11292,675.00),(MQ,12323,671.00),(AA,11298,649.00),(AA,10423,647.00),(DL,10397,620.00),(AA,12266,618.00),(DL,11433,557.00),(AA,11292,550.00),(DL,10397,525.00),(MQ,11953,515.00),(DL,10397,507.00),(AA,10529,498.00),(AA,12892,473.00),(DL,12478,461.00)]"
2025-01-30 00:00:00,10,12892,13966,1255,6.065086638980381,1065.0,"[(OO,10372,1065.00),(AA,11278,990.00),(AA,14100,940.00),(OO,10372,885.00),(OO,10140,738.00),(OO,10372,733.00),(AA,10397,732.00),(OO,14679,729.00),(UA,13930,702.00),(AA,13930,692.00),(OO,14679,608.00),(AA,12478,555.00),(UA,13930,552.00),(OO,14689,525.00),(F9,14107,505.00),(DL,12758,482.00),(UA,11618,450.00),(DL,10721,444.00),(OO,14893,422.00),(OO,10372,395.00)]"
2025-01-31 00:00:00,1,11298,22649,3529,15.50867587972979,1490.0,"[(AA,12173,1490.00),(B6,10721,1412.00),(AA,11638,1147.00),(AA,12094,1144.00),(AA,14193,1078.00),(OH,12448,1058.00),(OH,12278,983.00),(AA,10423,972.00),(F9,13232,971.00),(AA,11109,953.00),(OO,11109,945.00),(AA,10693,890.00),(AA,15096,877.00),(DL,10721,831.00),(AA,13930,823.00),(OO,11905,803.00),(OH,14108,787.00),(OO,15401,775.00),(AA,14683,751.00),(AA,15016,747.00)]"
2025-01-31 00:00:00,2,11292,23543,3401,12.926602387121438,1120.0,"[(OO,11921,1120.00),(OO,11315,1087.00),(OO,12280,990.00),(OO,14457,931.00),(UA,12441,914.00),(AA,11057,910.00),(OO,13851,885.00),(OO,14747,873.00),(AA,11298,868.00),(OO,15041,864.00),(OO,10279,859.00),(OO,11423,846.00),(AA,13303,830.00),(OO,14814,825.00),(AA,13930,799.00),(AA,13303,794.00),(OO,11097,776.00),(OO,10372,735.00),(UA,14107,714.00),(OO,11921,693.00)]"
2025-01-31 00:00:00,3,10397,21747,3136,14.735457764289327,1300.0,"[(AA,13303,1300.00),(B6,10721,1204.00),(DL,14747,1188.00),(AA,11298,1095.00),(DL,12892,1061.00),(DL,14908,1036.00),(DL,14747,977.00),(DL,14771,976.00),(F9,11618,972.00),(F9,13303,968.00),(DL,14689,906.00),(DL,10208,888.00),(AA,12892,874.00),(OO,14696,852.00),(OO,10146,847.00),(DL,14771,836.00),(DL,12478,799.00),(DL,11775,741.00),(DL,14683,705.00),(UA,11292,691.00)]"
2025-01-31 00:00:00,4,13930,20474,2621,11.93821432060174,1546.0,"[(AA,12441,1546.00),(AA,11278,1051.00),(OO,12559,964.00),(AA,10423,945.00),(DL,14869,911.00),(AA,14492,899.00),(OO,11267,899.00),(OO,10693,864.00),(OO,10693,853.00),(UA,11003,853.00),(F9,14107,847.00),(OO,11433,826.00),(F9,11292,821.00),(OO,14696,815.00),(AA,11057,799.00),(MQ,10792,791.00),(OO,11977,777.00),(OO,13367,770.00),(OO,12511,748.00),(UA,14057,740.00)]"
2025-01-31 00:00:00,5,11057,15552,1725,9.078382201646091,1279.0,"[(AA,15016,1279.00),(F9,11298,1203.00),(DL,10397,1041.00),(OH,14685,865.00),(OH,11252,835.00),(AA,10434,712.00),(MQ,15919,708.00),(AA,10821,685.00),(OH,11267,685.00),(AA,11278,671.00),(DL,10397,629.00),(AA,11618,622.00),(OH,11252,616.00),(OH,13795,613.00),(OH,11146,610.00),(YX,10721,589.00),(AA,15919,577.00),(AA,10423,553.00),(AA,10693,519.00),(AA,11066,511.00)]"
2025-01-31 00:00:00,6,12889,14299,1594,8.91551856773201,1266.0,"[(OO,14893,1266.00),(G4,11193,1042.00),(G4,14314,1030.00),(G4,13367,952.00),(G4,10666,942.00),(AA,13930,893.00),(F9,11292,838.00),(HA,12173,814.00),(AA,13930,739.00),(AA,13303,724.00),(AA,13930,719.00),(F9,13891,693.00),(B6,11697,645.00),(AA,13303,608.00),(DL,12478,598.00),(UA,11618,598.00),(AA,13303,588.00),(G4,14905,585.00),(AA,13930,582.00),(AA,13303,542.00)]"
2025-01-31 00:00:00,7,13204,12384,1493,10.390423126614987,1019.0,"[(AA,13303,1019.00),(AA,13930,945.00),(UA,12266,902.00),(F9,11292,877.00),(UA,13930,775.00),(DL,10397,752.00),(UA,12266,699.00),(DL,10397,519.00),(DL,10397,502.00),(F9,15016,496.00),(AA,14100,484.00),(F9,14843,471.00),(DL,14492,443.00),(DL,11433,430.00),(DL,12953,405.00),(DL,10397,403.00),(AA,11278,355.00),(DL,11433,348.00),(AA,14100,346.00),(DL,11433,343.00)]"
2025-01-31 00:00:00,8,11278,10276,1422,11.497761775009732,1587.0,"[(AA,13930,1587.00),(OH,10257,1157.00),(DL,10397,995.00),(UA,12266,944.00),(OH,10599,921.00),(OH,10208,910.00),(DL,10397,894.00),(OH,10868,884.00),(OH,12448,863.00),(DL,12892,827.00),(DL,10397,751.00),(OH,10208,663.00),(AA,14107,619.00),(OH,14576,586.00),(OH,14730,547.00),(UA,12266,539.00),(DL,11433,487.00),(AA,13930,430.00),(OH,14321,409.00),(AA,11057,403.00)]"
2025-01-31 00:00:00,9,13303,9608,1380,13.367402164862614,1008.0,"[(F9,14100,1008.00),(B6,10721,977.00),(DL,10721,973.00),(DL,12478,925.00),(AA,14492,712.00),(UA,11292,702.00),(AA,11292,675.00),(MQ,12323,671.00),(AA,11298,649.00),(AA,10423,647.00),(DL,10397,620.00),(AA,12266,618.00),(DL,11433,557.00),(AA,11292,550.00),(DL,10397,525.00),(MQ,11953,515.00),(DL,10397,507.00),(AA,10529,498.00),(AA,12892,473.00),(DL,12478,461.00)]"
2025-01-31 00:00:00,10,12892,14461,1274,5.807205587442086,1065.0,"[(OO,10372,1065.00),(AA,11278,990.00),(AA,14100,940.00),(OO,10372,885.00),(OO,10140,738.00),(OO,10372,733.00),(AA,10397,732.00),(OO,14679,729.00),(UA,13930,702.00),(AA,13930,692.00),(OO,14679,608.00),(AA,12478,555.00),(UA,13930,552.00),(OO,14689,525.00),(F9,14107,505.00),(DL,12758,482.00),(UA,11618,450.00),(DL,10721,444.00),(OO,14893,422.00),(OO,10372,395.00)]"
2025-02-01 00:00:00,1,11298,23469,3601,15.122203758149048,1490.0,"[(AA,12173,1490.00),(B6,10721,1412.00),(AA,11638,1147.00),(AA,12094,1144.00),(AA,14193,1078.00),(OH,12448,1058.00),(OH,12278,983.00),(AA,10423,972.00),(F9,13232,971.00),(AA,11109,953.00),(OO,11109,945.00),(AA,10693,890.00),(AA,15096,877.00),(DL,10721,831.00),(AA,13930,823.00),(OO,11905,803.00),(OH,14108,787.00),(OO,15401,775.00),(AA,14683,751.00),(AA,15016,747.00)]"
2025-02-01 00:00:00,2,11292,24350,3452,12.614496919917864,1120.0,"[(OO,11921,1120.00),(OO,11315,1087.00),(OO,12280,990.00),(OO,14457,931.00),(UA,12441,914.00),(AA,11057,910.00),(OO,13851,885.00),(OO,14747,873.00),(AA,11298,868.00),(OO,15041,864.00),(OO,10279,859.00),(OO,11423,846.00),(AA,13303,830.00),(OO,14814,825.00),(AA,13930,799.00),(AA,13303,794.00),(OO,11097,776.00),(OO,15041,757.00),(OO,10372,735.00),(UA,14107,714.00)]"
2025-02-01 00:00:00,3,10397,22580,3227,14.543268379096546,1300.0,"[(AA,13303,1300.00),(B6,10721,1204.00),(DL,14747,1188.00),(AA,11298,1095.00),(DL,12892,1061.00),(DL,14908,1036.00),(DL,14747,977.00),(DL,14771,976.00),(F9,11618,972.00),(F9,13303,968.00),(DL,14689,906.00),(DL,10208,888.00),(AA,12892,874.00),(OO,14696,852.00),(OO,10146,847.00),(DL,14771,836.00),(DL,12478,799.00),(DL,11775,741.00),(DL,14683,705.00),(UA,11292,691.00)]"
2025-02-01 00:00:00,4,13930,21200,2698,11.841037735849056,1546.0,"[(AA,12441,1546.00),(AA,11278,1051.00),(OO,12559,964.00),(AA,10423,945.00),(DL,14869,911.00),(AA,14492,899.00),(OO,11267,899.00),(OO,10693,864.00),(OO,10693,853.00),(UA,11003,853.00),(F9,14107,847.00),(OO,11433,826.00),(F9,11292,821.00),(OO,14696,815.00),(AA,11057,799.00),(MQ,10792,791.00),(OO,11977,777.00),(OO,13367,770.00),(OO,12511,748.00),(UA,14057,740.00)]"
2025-02-01 00:00:00,5,11057,16083,1775,8.999689112727724,1279.0,"[(AA,15016,1279.00),(F9,11298,1203.00),(DL,10397,1041.00),(OH,14685,865.00),(OH,11252,835.00),(AA,10434,712.00),(MQ,15919,708.00),(AA,10821,685.00),(OH,11267,685.00),(AA,11278,671.00),(DL,10397,629.00),(AA,11618,622.00),(OH,11252,616.00),(OH,13795,613.00),(OH,11146,610.00),(YX,10721,589.00),(AA,15919,577.00),(AA,10423,553.00),(AA,10693,519.00),(AA,11066,511.00)]"
2025-02-01 00:00:00,6,12889,14803,1620,8.654934810511383,1266.0,"[(OO,14893,1266.00),(G4,11193,1042.00),(G4,14314,1030.00),(G4,13367,952.00),(G4,10666,942.00),(AA,13930,893.00),(F9,11292,838.00),(HA,12173,814.00),(AA,13930,739.00),(AA,13303,724.00),(AA,13930,719.00),(F9,13891,693.00),(B6,11697,645.00),(AA,13303,608.00),(DL,12478,598.00),(UA,11618,598.00),(AA,13303,588.00),(G4,14905,585.00),(AA,13930,582.00),(AA,13303,542.00)]"
2025-02-01 00:00:00,7,13204,12817,1533,10.215104938753218,1019.0,"[(AA,13303,1019.00),(AA,13930,945.00),(UA,12266,902.00),(F9,11292,877.00),(UA,13930,775.00),(DL,10397,752.00),(UA,12266,699.00),(DL,10397,519.00),(DL,10397,502.00),(F9,15016,496.00),(AA,14100,484.00),(F9,14843,471.00),(DL,14492,443.00),(DL,11433,430.00),(DL,12953,405.00),(DL,10397,403.00),(AA,11278,355.00),(DL,11433,348.00),(AA,14100,346.00),(DL,11433,343.00)]"
2025-02-01 00:00:00,8,11278,10619,1515,11.919672285525944,1587.0,"[(AA,13930,1587.00),(OH,10257,1157.00),(DL,10397,995.00),(UA,12266,944.00),(OH,10599,921.00),(OH,10208,910.00),(DL,10397,894.00),(OH,10868,884.00),(OH,12448,863.00),(DL,12892,827.00),(DL,10397,751.00),(OH,10208,663.00),(AA,14107,619.00),(OH,14576,586.00),(OH,14730,547.00),(UA,12266,539.00),(DL,11433,487.00),(AA,13930,430.00),(OH,14321,409.00),(AA,11057,403.00)]"
2025-02-01 00:00:00,9,13303,9939,1410,13.133816279303753,1008.0,"[(F9,14100,1008.00),(B6,10721,977.00),(DL,10721,973.00),(DL,12478,925.00),(AA,14492,712.00),(UA,11292,702.00),(AA,11292,675.00),(MQ,12323,671.00),(AA,11298,649.00),(AA,10423,647.00),(DL,10397,620.00),(AA,12266,618.00),(DL,11433,557.00),(AA,11292,550.00),(DL,10397,525.00),(MQ,11953,515.00),(DL,10397,507.00),(AA,10529,498.00),(AA,12892,473.00),(DL,12478,461.00)]"
2025-02-01 00:00:00,10,12892,14958,1318,5.787872710255382,1065.0,"[(OO,10372,1065.00),(AA,11278,990.00),(AA,14100,940.00),(OO,10372,885.00),(OO,10140,738.00),(OO,10372,733.00),(AA,10397,732.00),(OO,14679,729.00),(UA,13930,702.00),(AA,13930,692.00),(OO,14679,608.00),(AA,12478,555.00),(UA,13930,552.00),(OO,14689,525.00),(F9,14107,505.00),(DL,12758,482.00),(UA,11618,450.00),(DL,10721,444.00),(OO,14893,422.00),(AA,12478,397.00)]"
2025-02-02 00:00:00,1,11298,24179,3651,14.765788494147815,1490.0,"[(AA,12173,1490.00),(B6,10721,1412.00),(AA,11638,1147.00),(AA,12094,1144.00),(AA,14193,1078.00),(OH,12448,1058.00),(OH,12278,983.00),(AA,10423,972.00),(F9,13232,971.00),(AA,11109,953.00),(OO,11109,945.00),(AA,10693,890.00),(AA,15096,877.00),(DL,10721,831.00),(AA,13930,823.00),(OO,11905,803.00),(OH,14108,787.00),(OO,15401,775.00),(AA,14683,751.00),(AA,15016,747.00)]"
2025-02-02 00:00:00,2,11292,25053,3501,12.476789206881412,1120.0,"[(OO,11921,1120.00),(OO,11315,1087.00),(OO,12280,990.00),(OO,14457,931.00),(UA,12441,914.00),(AA,11057,910.00),(OO,14877,889.00),(OO,13851,885.00),(OO,14747,873.00),(AA,11298,868.00),(OO,15041,864.00),(OO,10279,859.00),(OO,11423,846.00),(AA,13303,830.00),(OO,14814,825.00),(AA,13930,799.00),(AA,13303,794.00),(OO,13158,780.00),(OO,11097,776.00),(OO,15041,757.00)]"
2025-02-02 00:00:00,3,10397,23244,3277,14.248322147651006,1300.0,"[(AA,13303,1300.00),(B6,10721,1204.00),(DL,14747,1188.00),(AA,11298,1095.00),(DL,12892,1061.00),(DL,14908,1036.00),(DL,14747,977.00),(DL,14771,976.00),(F9,11618,972.00),(F9,13303,968.00),(DL,14689,906.00),(DL,10208,888.00),(AA,12892,874.00),(OO,14696,852.00),(OO,10146,847.00),(DL,14771,836.00),(DL,12478,799.00),(OO,11146,754.00),(DL,11775,741.00),(DL,14683,705.00)]"
2025-02-02 00:00:00,4,13930,21810,2736,11.594727189362677,1546.0,"[(AA,12441,1546.00),(AA,11278,1051.00),(OO,12559,964.00),(AA,10423,945.00),(DL,14869,911.00),(AA,14492,899.00),(OO,11267,899.00),(OO,10693,864.00),(OO,10693,853.00),(UA,11003,853.00),(F9,14107,847.00),(OO,11433,826.00),(F9,11292,821.00),(OO,14696,815.00),(AA,11057,799.00),(MQ,10792,791.00),(OO,11977,777.00),(OO,13367,770.00),(OO,12511,748.00),(UA,14057,740.00)]"
2025-02-02 00:00:00,5,11057,16570,1810,8.848219674109837,1279.0,"[(AA,15016,1279.00),(F9,11298,1203.00),(DL,10397,1041.00),(OH,14685,865.00),(OH,11252,835.00),(AA,10434,712.00),(MQ,15919,708.00),(AA,10821,685.00),(OH,11267,685.00),(AA,11278,671.00),(DL,10397,629.00),(AA,11618,622.00),(OH,11252,616.00),(OH,13795,613.00),(OH,11146,610.00),(YX,10721,589.00),(AA,15919,577.00),(AA,10423,553.00),(AA,10693,519.00),(AA,11066,511.00)]"
2025-02-02 00:00:00,6,12889,15200,1646,8.492894736842105,1266.0,"[(OO,14893,1266.00),(G4,11193,1042.00),(G4,14314,1030.00),(G4,13367,952.00),(G4,10666,942.00),(AA,13930,893.00),(F9,11292,838.00),(HA,12173,814.00),(AA,13930,739.00),(AA,13303,724.00),(AA,13930,719.00),(F9,13891,693.00),(B6,11697,645.00),(AA,13303,608.00),(DL,12478,598.00),(UA,11618,598.00),(AA,13303,588.00),(G4,14905,585.00),(AA,13930,582.00),(AA,13303,542.00)]"
2025-02-02 00:00:00,7,13204,13227,1562,10.101988357148258,1019.0,"[(AA,13303,1019.00),(AA,13930,945.00),(UA,12266,902.00),(F9,11292,877.00),(UA,13930,775.00),(DL,10397,752.00),(UA,12266,699.00),(DL,10397,519.00),(DL,10397,502.00),(F9,15016,496.00),(AA,14100,484.00),(F9,14843,471.00),(UA,11618,447.00),(DL,14492,443.00),(DL,11433,430.00),(DL,12953,405.00),(DL,10397,403.00),(AA,11278,355.00),(DL,11433,348.00),(AA,14100,346.00)]"
2025-02-02 00:00:00,8,11278,10898,1542,11.788676821435125,1587.0,"[(AA,13930,1587.00),(OH,10257,1157.00),(DL,10397,995.00),(UA,12266,944.00),(OH,10599,921.00),(OH,10208,910.00),(DL,10397,894.00),(OH,10868,884.00),(OH,12448,863.00),(DL,12892,827.00),(DL,10397,751.00),(OH,10208,663.00),(AA,14107,619.00),(OH,14576,586.00),(OH,14730,547.00),(UA,12266,539.00),(DL,11433,487.00),(AA,13930,430.00),(OH,14321,409.00),(AA,11057,403.00)]"
2025-02-02 00:00:00,9,13303,10272,1430,12.805490654205608,1008.0,"[(F9,14100,1008.00),(B6,10721,977.00),(DL,10721,973.00),(DL,12478,925.00),(AA,14492,712.00),(UA,11292,702.00),(AA,11292,675.00),(MQ,12323,671.00),(AA,11298,649.00),(AA,10423,647.00),(DL,10397,620.00),(AA,12266,618.00),(DL,11433,557.00),(AA,11292,550.00),(DL,10397,525.00),(MQ,11953,515.00),(DL,10397,507.00),(AA,10529,498.00),(AA,12892,473.00),(DL,12478,461.00)]"
2025-02-02 00:00:00,10,12892,15379,1337,5.643539892060602,1065.0,"[(OO,10372,1065.00),(AA,11278,990.00),(AA,14100,940.00),(OO,10372,885.00),(OO,10140,738.00),(OO,10372,733.00),(AA,10397,732.00),(OO,14679,729.00),(UA,13930,702.00),(AA,13930,692.00),(OO,14679,608.00),(AA,12478,555.00),(UA,13930,552.00),(OO,14689,525.00),(F9,14107,505.00),(DL,12758,482.00),(UA,11618,450.00),(DL,10721,444.00),(OO,14893,422.00),(AA,12478,397.00)]"
2025-02-03 00:00:00,1,11298,25011,3708,14.39710527367958,1490.0,"[(AA,12173,1490.00),(B6,10721,1412.00),(AA,11638,1147.00),(AA,12094,1144.00),(AA,14193,1078.00),(OH,12448,1058.00),(OH,12278,983.00),(AA,10423,972.00),(F9,13232,971.00),(AA,11109,953.00),(OO,11109,945.00),(AA,10693,890.00),(AA,15096,877.00),(DL,10721,831.00),(AA,13930,823.00),(OO,11905,803.00),(OH,14108,787.00),(OO,15401,775.00),(AA,14683,751.00),(AA,15016,747.00)]"
2025-02-03 00:00:00,2,11292,25896,3566,12.235673463083101,1120.0,"[(OO,11921,1120.00),(OO,11315,1087.00),(OO,12280,990.00),(OO,14457,931.00),(UA,12441,914.00),(AA,11057,910.00),(OO,14877,889.00),(OO,13851,885.00),(OO,14747,873.00),(AA,11298,868.00),(OO,15041,864.00),(OO,10279,859.00),(OO,11423,846.00),(AA,13303,830.00),(OO,14814,825.00),(AA,13930,799.00),(AA,13303,794.00),(OO,13158,780.00),(OO,11097,776.00),(OO,15041,757.00)]"
2025-02-03 00:00:00,3,10397,24077,3328,13.873904556215475,1300.0,"[(AA,13303,1300.00),(B6,10721,1204.00),(DL,14747,1188.00),(AA,11298,1095.00),(DL,12892,1061.00),(DL,14908,1036.00),(DL,14747,977.00),(DL,14771,976.00),(F9,11618,972.00),(F9,13303,968.00),(DL,14689,906.00),(DL,10208,888.00),(AA,12892,874.00),(OO,14696,852.00),(OO,10146,847.00),(DL,14771,836.00),(DL,12478,799.00),(OO,11146,754.00),(DL,11775,741.00),(DL,14683,705.00)]"
2025-02-03 00:00:00,4,13930,22526,2804,11.400115422178816,1546.0,"[(AA,12441,1546.00),(AA,11278,1051.00),(OO,12559,964.00),(AA,10423,945.00),(DL,14869,911.00),(AA,14492,899.00),(OO,11267,899.00),(OO,10693,864.00),(OO,10693,853.00),(UA,11003,853.00),(F9,14107,847.00),(OO,11433,826.00),(F9,11292,821.00),(OO,14696,815.00),(AA,11057,799.00),(MQ,10792,791.00),(OO,11977,777.00),(OO,13367,770.00),(OO,12511,748.00),(UA,14057,740.00)]"
2025-02-03 00:00:00,5,11057,17135,1865,8.746775605485848,1279.0,"[(AA,15016,1279.00),(F9,11298,1203.00),(DL,10397,1041.00),(OH,14685,865.00),(OH,11252,835.00),(AA,10434,712.00),(MQ,15919,708.00),(AA,10821,685.00),(OH,11267,685.00),(AA,11278,671.00),(DL,10397,629.00),(AA,11618,622.00),(OH,11252,616.00),(OH,13795,613.00),(OH,11146,610.00),(YX,10721,589.00),(AA,15919,577.00),(AA,10423,553.00),(AA,10693,519.00),(AA,11066,511.00)]"
2025-02-03 00:00:00,6,12889,15739,1714,8.623927822606264,1266.0,"[(OO,14893,1266.00),(G4,14457,1194.00),(G4,11193,1042.00),(G4,14314,1030.00),(G4,13367,952.00),(G4,10666,942.00),(AA,13930,893.00),(F9,11292,838.00),(HA,12173,814.00),(AA,13930,739.00),(AA,13303,724.00),(AA,13930,719.00),(F9,13891,693.00),(B6,11697,645.00),(AA,13303,608.00),(DL,12478,598.00),(UA,11618,598.00),(AA,13303,588.00),(G4,14905,585.00),(AA,13930,582.00)]"
2025-02-03 00:00:00,7,11278,11278,1631,12.064018442986345,1587.0,"[(AA,13930,1587.00),(OH,10257,1157.00),(DL,10397,995.00),(UA,14771,949.00),(UA,12266,944.00),(OH,10599,921.00),(OH,10208,910.00),(DL,10397,894.00),(OH,10868,884.00),(OH,12448,863.00),(DL,12892,827.00),(DL,10397,751.00),(OH,10208,663.00),(AA,14107,619.00),(OH,14576,586.00),(OH,14730,547.00),(UA,12266,539.00),(DL,11433,487.00),(AA,13930,430.00),(OH,14321,409.00)]"
2025-02-03 00:00:00,8,13204,13682,1599,9.950372752521561,1019.0,"[(AA,13303,1019.00),(AA,13930,945.00),(UA,12266,902.00),(F9,11292,877.00),(UA,13930,775.00),(DL,10397,752.00),(UA,12266,699.00),(DL,10397,519.00),(DL,10397,502.00),(F9,15016,496.00),(AA,14100,484.00),(F9,14843,471.00),(UA,11618,447.00),(DL,14492,443.00),(DL,11433,430.00),(DL,12953,405.00),(DL,10397,403.00),(AA,11278,355.00),(DL,11433,348.00),(AA,14100,346.00)]"
2025-02-03 00:00:00,9,13303,10609,1458,12.570176265435007,1008.0,"[(F9,14100,1008.00),(B6,10721,977.00),(DL,10721,973.00),(DL,12478,925.00),(AA,14492,712.00),(UA,11292,702.00),(AA,11292,675.00),(MQ,12323,671.00),(AA,11298,649.00),(AA,10423,647.00),(DL,10397,620.00),(AA,12266,618.00),(DL,11433,557.00),(AA,11292,550.00),(DL,10397,525.00),(MQ,11953,515.00),(DL,10397,507.00),(AA,10529,498.00),(AA,12892,473.00),(DL,12478,461.00)]"
2025-02-03 00:00:00,10,12892,15877,1411,5.91169616426277,1065.0,"[(OO,10372,1065.00),(AA,11278,990.00),(AA,14100,940.00),(OO,10372,885.00),(OO,10140,738.00),(OO,10372,733.00),(AA,10397,732.00),(OO,14679,729.00),(UA,13930,702.00),(AA,13930,692.00),(OO,14679,608.00),(AA,12478,555.00),(UA,13930,552.00),(OO,14689,525.00),(F9,14107,505.00),(DL,12758,482.00),(UA,11618,450.00),(DL,10721,444.00),(OO,14893,422.00),(AA,12478,397.00)]"
2025-02-04 00:00:00,1,11298,25829,3779,14.130976809013125,1490.0,"[(AA,12173,1490.00),(B6,10721,1412.00),(AA,11638,1147.00),(AA,12094,1144.00),(AA,14193,1078.00),(OH,12448,1058.00),(OH,12278,983.00),(AA,10423,972.00),(F9,13232,971.00),(AA,11109,953.00),(OO,11109,945.00),(AA,10693,890.00),(AA,15096,877.00),(DL,10721,831.00),(AA,13930,823.00),(OO,11905,803.00),(OH,14108,787.00),(OO,15401,775.00),(AA,14683,751.00),(AA,15016,747.00)]"
2025-02-04 00:00:00,2,11292,26689,3641,12.07759751208363,1120.0,"[(OO,11921,1120.00),(OO,11315,1087.00),(OO,12280,990.00),(OO,14457,931.00),(UA,12441,914.00),(AA,11057,910.00),(OO,14877,889.00),(OO,13851,885.00),(OO,14747,873.00),(AA,11298,868.00),(OO,15041,864.00),(OO,10279,859.00),(OO,11423,846.00),(AA,13303,830.00),(OO,14814,825.00),(AA,13930,799.00),(AA,13303,794.00),(OO,13158,780.00),(OO,11097,776.00),(OO,15041,757.00)]"
2025-02-04 00:00:00,3,10397,24907,3386,13.546954671377524,1300.0,"[(AA,13303,1300.00),(B6,10721,1204.00),(DL,14747,1188.00),(AA,11298,1095.00),(DL,12892,1061.00),(DL,14908,1036.00),(DL,14747,977.00),(DL,14771,976.00),(F9,11618,972.00),(F9,13303,968.00),(DL,14689,906.00),(DL,10208,888.00),(AA,12892,874.00),(OO,14696,852.00),(OO,10146,847.00),(DL,14771,836.00),(DL,12478,799.00),(DL,11252,755.00),(OO,11146,754.00),(DL,11775,741.00)]"
2025-02-04 00:00:00,4,13930,23246,2891,11.367590123031919,1546.0,"[(AA,12441,1546.00),(AA,11278,1051.00),(OO,12559,964.00),(AA,10423,945.00),(DL,14869,911.00),(AA,14492,899.00),(OO,11267,899.00),(OO,10693,864.00),(OO,10693,853.00),(UA,11003,853.00),(F9,14107,847.00),(AA,14679,838.00),(OO,11433,826.00),(F9,11292,821.00),(OO,14696,815.00),(AA,11057,799.00),(MQ,10792,791.00),(OO,11977,777.00),(OO,13367,770.00),(OO,12511,748.00)]"
2025-02-04 00:00:00,5,11057,17683,1905,8.59565684555788,1279.0,"[(AA,15016,1279.00),(F9,11298,1203.00),(DL,10397,1041.00),(OH,14685,865.00),(OH,11252,835.00),(AA,10434,712.00),(MQ,15919,708.00),(AA,10821,685.00),(OH,11267,685.00),(AA,11278,671.00),(DL,10397,629.00),(AA,11618,622.00),(OH,11252,616.00),(OH,13795,613.00),(OH,11146,610.00),(YX,10721,589.00),(AA,15919,577.00),(AA,10423,553.00),(AA,10693,519.00),(AA,11066,511.00)]"
2025-02-04 00:00:00,6,12889,16234,1799,8.810397930269804,1266.0,"[(OO,14893,1266.00),(G4,14457,1194.00),(G4,11193,1042.00),(G4,14314,1030.00),(G4,13367,952.00),(G4,10666,942.00),(AA,13930,893.00),(F9,11292,838.00),(HA,12173,814.00),(AA,13930,739.00),(AA,13303,724.00),(AA,13930,719.00),(F9,13891,693.00),(B6,11697,645.00),(AA,13303,608.00),(DL,12478,598.00),(UA,11618,598.00),(AA,13303,588.00),(G4,14905,585.00),(AA,13930,582.00)]"
2025-02-04 00:00:00,7,11278,11676,1692,12.056183624528948,1587.0,"[(AA,13930,1587.00),(OH,10257,1157.00),(DL,10397,995.00),(UA,14771,949.00),(UA,12266,944.00),(OH,10599,921.00),(OH,10208,910.00),(DL,10397,894.00),(OH,10868,884.00),(OH,12448,863.00),(DL,12892,827.00),(DL,10397,751.00),(OH,10208,663.00),(AA,14107,619.00),(OH,14576,586.00),(OH,14730,547.00),(UA,12266,539.00),(DL,11433,487.00),(AA,13930,430.00),(OH,14321,409.00)]"
2025-02-04 00:00:00,8,13204,14113,1641,9.894565294409409,1019.0,"[(AA,13303,1019.00),(AA,13930,945.00),(UA,12266,902.00),(F9,11292,877.00),(UA,13930,775.00),(DL,10397,752.00),(UA,12266,699.00),(DL,10397,519.00),(AA,11298,502.00),(DL,10397,502.00),(F9,15016,496.00),(AA,14100,484.00),(F9,14843,471.00),(UA,11618,447.00),(DL,14492,443.00),(DL,11433,430.00),(DL,12953,405.00),(DL,10397,403.00),(AA,13303,384.00),(AA,11278,355.00)]"
2025-02-04 00:00:00,9,12892,16371,1502,6.217152281473337,1065.0,"[(OO,10372,1065.00),(AA,11278,990.00),(AA,14100,940.00),(OO,10372,885.00),(OO,10140,738.00),(OO,10372,733.00),(AA,10397,732.00),(OO,14679,729.00),(UA,13930,702.00),(AA,13930,692.00),(OO,14679,608.00),(AA,12478,555.00),(UA,13930,552.00),(OO,14689,525.00),(F9,14107,505.00),(DL,12758,482.00),(UA,11618,450.00),(DL,10721,444.00),(OO,14893,422.00),(AA,12478,397.00)]"
2025-02-04 00:00:00,10,13303,10934,1492,12.535485641119443,1008.0,"[(F9,14100,1008.00),(B6,10721,977.00),(DL,10721,973.00),(DL,12478,925.00),(AA,14492,712.00),(UA,11292,702.00),(AA,11292,675.00),(MQ,12323,671.00),(AA,11298,649.00),(AA,10423,647.00),(DL,10397,620.00),(AA,12266,618.00),(DL,11433,557.00),(AA,11292,550.00),(DL,10397,525.00),(MQ,11953,515.00),(DL,10397,507.00),(AA,10529,498.00),(AA,12892,473.00),(DL,12478,461.00)]"
2025-02-05 00:00:00,1,11298,26556,3815,13.792400964000603,1490.0,"[(AA,12173,1490.00),(B6,10721,1412.00),(AA,11638,1147.00),(AA,12094,1144.00),(AA,14193,1078.00),(OH,12448,1058.00),(OH,12278,983.00),(AA,10423,972.00),(F9,13232,971.00),(AA,11109,953.00),(OO,11109,945.00),(AA,10693,890.00),(AA,15096,877.00),(DL,10721,831.00),(AA,13930,823.00),(OO,11905,803.00),(OH,14108,787.00),(OO,15401,775.00),(AA,14683,751.00),(AA,15016,747.00)]"
2025-02-05 00:00:00,2,11292,27413,3679,11.877430416225879,1120.0,"[(OO,11921,1120.00),(OO,11315,1087.00),(OO,12280,990.00),(OO,14457,931.00),(UA,12441,914.00),(AA,11057,910.00),(OO,14877,889.00),(OO,13851,885.00),(OO,14747,873.00),(AA,11298,868.00),(OO,15041,864.00),(OO,10279,859.00),(OO,11423,846.00),(AA,13303,830.00),(OO,14814,825.00),(AA,13930,799.00),(AA,13303,794.00),(OO,13158,780.00),(OO,11097,776.00),(OO,15041,757.00)]"
2025-02-05 00:00:00,3,10397,25658,3416,13.156403460908878,1300.0,"[(AA,13303,1300.00),(B6,10721,1204.00),(DL,14747,1188.00),(AA,11298,1095.00),(DL,12892,1061.00),(DL,14908,1036.00),(DL,14747,977.00),(DL,14771,976.00),(F9,11618,972.00),(F9,13303,968.00),(DL,14689,906.00),(DL,10208,888.00),(AA,12892,874.00),(OO,14696,852.00),(OO,10146,847.00),(DL,14771,836.00),(DL,12478,799.00),(DL,11252,755.00),(OO,11146,754.00),(DL,11775,741.00)]"
2025-02-05 00:00:00,4,13930,23899,2931,11.11310096656764,1546.0,"[(AA,12441,1546.00),(AA,11278,1051.00),(OO,12559,964.00),(AA,10423,945.00),(DL,14869,911.00),(AA,14492,899.00),(OO,11267,899.00),(OO,10693,864.00),(OO,10693,853.00),(UA,11003,853.00),(F9,14107,847.00),(AA,14679,838.00),(OO,11433,826.00),(F9,11292,821.00),(OO,14696,815.00),(AA,11057,799.00),(MQ,10792,791.00),(OO,11977,777.00),(OO,13367,770.00),(OO,12511,748.00)]"
2025-02-05 00:00:00,5,11057,18176,1926,8.306778169014084,1279.0,"[(AA,15016,1279.00),(F9,11298,1203.00),(DL,10397,1041.00),(OH,14685,865.00),(OH,11252,835.00),(AA,10434,712.00),(MQ,15919,708.00),(AA,10821,685.00),(OH,11267,685.00),(AA,11278,671.00),(DL,10397,629.00),(AA,11618,622.00),(OH,11252,616.00),(OH,13795,613.00),(OH,11146,610.00),(YX,10721,589.00),(AA,15919,577.00),(AA,10423,553.00),(AA,10693,519.00),(AA,11066,511.00)]"
2025-02-05 00:00:00,6,12889,16648,1812,8.572921672272946,1266.0,"[(OO,14893,1266.00),(G4,14457,1194.00),(G4,11193,1042.00),(G4,14314,1030.00),(G4,13367,952.00),(G4,10666,942.00),(AA,13930,893.00),(F9,11292,838.00),(HA,12173,814.00),(AA,13930,739.00),(AA,13303,724.00),(AA,13930,719.00),(F9,13891,693.00),(B6,11697,645.00),(AA,13303,608.00),(DL,12478,598.00),(UA,11618,598.00),(AA,13303,588.00),(G4,14905,585.00),(AA,13930,582.00)]"
2025-02-05 00:00:00,7,11278,12073,1736,11.895055081587012,1587.0,"[(AA,13930,1587.00),(OH,10257,1157.00),(DL,10397,995.00),(UA,14771,949.00),(UA,12266,944.00),(OH,10599,921.00),(OH,10208,910.00),(DL,10397,894.00),(OH,10868,884.00),(OH,12448,863.00),(DL,12892,827.00),(DL,10397,751.00),(OH,10208,663.00),(AA,14107,619.00),(OH,14576,586.00),(OH,14730,547.00),(UA,12266,539.00),(DL,11433,487.00),(AA,13930,430.00),(OH,14321,409.00)]"
2025-02-05 00:00:00,8,13204,14470,1645,9.597926744989634,1019.0,"[(AA,13303,1019.00),(AA,13930,945.00),(UA,12266,902.00),(F9,11292,877.00),(UA,13930,775.00),(DL,10397,752.00),(UA,12266,699.00),(DL,10397,519.00),(AA,11298,502.00),(DL,10397,502.00),(F9,15016,496.00),(AA,14100,484.00),(F9,14843,471.00),(UA,11618,447.00),(DL,14492,443.00),(DL,11433,430.00),(DL,12953,405.00),(DL,10397,403.00),(AA,13303,384.00),(AA,11278,355.00)]"
2025-02-05 00:00:00,9,12892,16813,1525,6.085945399393327,1065.0,"[(OO,10372,1065.00),(AA,11278,990.00),(AA,14100,940.00),(OO,10372,885.00),(OO,10140,738.00),(OO,10372,733.00),(AA,10397,732.00),(OO,14679,729.00),(UA,13930,702.00),(AA,13930,692.00),(OO,14679,608.00),(AA,12478,555.00),(UA,13930,552.00),(OO,14689,525.00),(F9,14107,505.00),(DL,12758,482.00),(UA,11618,450.00),(UA,11292,447.00),(DL,10721,444.00),(OO,14893,422.00)]"
2025-02-05 00:00:00,10,13303,11237,1497,12.152086855922398,1008.0,"[(F9,14100,1008.00),(B6,10721,977.00),(DL,10721,973.00),(DL,12478,925.00),(AA,14492,712.00),(UA,11292,702.00),(AA,11292,675.00),(MQ,12323,671.00),(AA,11298,649.00),(AA,10423,647.00),(DL,10397,620.00),(AA,12266,618.00),(DL,11433,557.00),(AA,11292,550.00),(DL,10397,525.00),(MQ,11953,515.00),(DL,10397,507.00),(AA,10529,498.00),(AA,12892,473.00),(DL,12478,461.00)]"
2025-02-06 00:00:00,1,11298,27284,3860,13.580010262424864,1490.0,"[(AA,12173,1490.00),(B6,10721,1412.00),(AA,11638,1147.00),(AA,12094,1144.00),(AA,13851,1098.00),(AA,14193,1078.00),(OH,12448,1058.00),(OH,12278,983.00),(AA,10423,972.00),(F9,13232,971.00),(AA,11109,953.00),(OO,11109,945.00),(AA,10693,890.00),(AA,15096,877.00),(OH,12992,845.00),(DL,10721,831.00),(AA,13930,823.00),(OO,11905,803.00),(AA,13851,797.00),(OH,14108,787.00)]"
2025-02-06 00:00:00,2,11292,28149,3782,11.904259476357952,1120.0,"[(OO,11921,1120.00),(OO,11315,1087.00),(OO,12280,990.00),(OO,10713,977.00),(OO,14457,931.00),(UA,12441,914.00),(AA,11057,910.00),(OO,14877,889.00),(OO,13851,885.00),(OO,14747,873.00),(AA,11298,868.00),(OO,15041,864.00),(OO,10279,859.00),(OO,11423,846.00),(AA,13303,830.00),(OO,14814,825.00),(AA,13930,799.00),(AA,13303,794.00),(OO,13158,780.00),(OO,11097,776.00)]"
2025-02-06 00:00:00,3,10397,26408,3442,12.777491669191154,1300.0,"[(AA,13303,1300.00),(B6,10721,1204.00),(DL,14747,1188.00),(AA,11298,1095.00),(DL,12892,1061.00),(DL,14908,1036.00),(DL,14747,977.00),(DL,14771,976.00),(F9,11618,972.00),(F9,13303,968.00),(DL,14689,906.00),(DL,10208,888.00),(AA,12892,874.00),(OO,14696,852.00),(OO,10146,847.00),(DL,14771,836.00),(DL,12478,799.00),(DL,11252,755.00),(OO,11146,754.00),(DL,11775,741.00)]"
2025-02-06 00:00:00,4,13930,24553,2968,10.86661507758726,1546.0,"[(AA,12441,1546.00),(AA,11278,1051.00),(OO,12559,964.00),(AA,10423,945.00),(DL,14869,911.00),(AA,14492,899.00),(OO,11267,899.00),(OO,10693,864.00),(OO,10693,853.00),(UA,11003,853.00),(F9,14107,847.00),(AA,14679,838.00),(OO,11433,826.00),(F9,11292,821.00),(OO,14696,815.00),(AA,11057,799.00),(MQ,10792,791.00),(OO,11977,777.00),(OO,13367,770.00),(OO,12511,748.00)]"
2025-02-06 00:00:00,5,11057,18682,1950,8.11080184134461,1279.0,"[(AA,15016,1279.00),(F9,11298,1203.00),(DL,10397,1041.00),(OH,14685,865.00),(OH,11252,835.00),(AA,10434,712.00),(MQ,15919,708.00),(AA,10821,685.00),(OH,11267,685.00),(AA,11278,671.00),(DL,10397,629.00),(AA,11618,622.00),(OH,11252,616.00),(OH,13795,613.00),(OH,11146,610.00),(YX,10721,589.00),(AA,15919,577.00),(AA,10423,553.00),(AA,10693,519.00),(AA,13851,516.00)]"
2025-02-06 00:00:00,6,12889,17064,1837,8.38636896390061,1266.0,"[(OO,14893,1266.00),(G4,14457,1194.00),(G4,11193,1042.00),(G4,14314,1030.00),(G4,13367,952.00),(G4,10666,942.00),(AA,13930,893.00),(F9,11292,838.00),(HA,12173,814.00),(AA,13930,739.00),(AA,13303,724.00),(AA,13930,719.00),(F9,13891,693.00),(B6,11697,645.00),(AA,13303,608.00),(DL,12478,598.00),(UA,11618,598.00),(AA,13303,588.00),(G4,14905,585.00),(AA,13930,582.00)]"
2025-02-06 00:00:00,7,11278,12467,1769,11.60575920429935,1587.0,"[(AA,13930,1587.00),(OH,10257,1157.00),(DL,10397,995.00),(UA,14771,949.00),(UA,12266,944.00),(OH,10599,921.00),(OH,10208,910.00),(DL,10397,894.00),(OH,10868,884.00),(OH,12448,863.00),(DL,12892,827.00),(DL,10397,751.00),(OH,10208,663.00),(AA,14107,619.00),(OH,14576,586.00),(OH,14730,547.00),(UA,12266,539.00),(DL,11433,487.00),(AA,13930,430.00),(OH,14321,409.00)]"
2025-02-06 00:00:00,8,13204,14835,1656,9.338321536905966,1019.0,"[(AA,13303,1019.00),(AA,13930,945.00),(UA,12266,902.00),(F9,11292,877.00),(UA,13930,775.00),(DL,10397,752.00),(UA,12266,699.00),(DL,10397,519.00),(AA,11298,502.00),(DL,10397,502.00),(F9,15016,496.00),(AA,14100,484.00),(F9,14843,471.00),(UA,11618,447.00),(DL,14492,443.00),(DL,11433,430.00),(DL,12953,405.00),(DL,10397,403.00),(AA,13303,384.00),(AA,11278,355.00)]"
2025-02-06 00:00:00,9,12892,17260,1560,6.053128621089224,1065.0,"[(OO,10372,1065.00),(AA,11278,990.00),(AA,14100,940.00),(OO,10372,885.00),(OO,10140,738.00),(OO,10372,733.00),(AA,10397,732.00),(OO,14679,729.00),(UA,13930,702.00),(AA,13930,692.00),(UA,11618,634.00),(OO,14679,608.00),(AA,12478,555.00),(UA,13930,552.00),(OO,14689,525.00),(F9,14107,505.00),(DL,12758,482.00),(UA,11618,450.00),(UA,11292,447.00),(DL,10721,444.00)]"
2025-02-06 00:00:00,10,13303,11541,1515,11.952863703318604,1008.0,"[(F9,14100,1008.00),(B6,10721,977.00),(DL,10721,973.00),(DL,12478,925.00),(AA,14492,712.00),(UA,11292,702.00),(AA,11292,675.00),(MQ,12323,671.00),(AA,11298,649.00),(AA,10423,647.00),(DL,10397,620.00),(AA,12266,618.00),(DL,11433,557.00),(AA,11292,550.00),(DL,10397,525.00),(MQ,11953,515.00),(DL,10397,507.00),(AA,10529,498.00),(AA,11618,496.00),(AA,12892,473.00)]"
2025-02-07 00:00:00,1,11298,28161,3950,13.393451937076097,1490.0,"[(AA,12173,1490.00),(B6,10721,1412.00),(AA,11638,1147.00),(AA,12094,1144.00),(AA,13851,1098.00),(AA,14193,1078.00),(OH,12448,1058.00),(OH,12278,983.00),(AA,10423,972.00),(F9,13232,971.00),(AA,11109,953.00),(OO,11109,945.00),(AA,10693,890.00),(AA,15096,877.00),(OH,12992,845.00),(DL,10721,831.00),(AA,13930,823.00),(OO,10728,812.00),(OO,11905,803.00),(AA,13851,797.00)]"
2025-02-07 00:00:00,2,11292,28989,3887,11.916796026078858,1120.0,"[(OO,11921,1120.00),(OO,11315,1087.00),(OO,12280,990.00),(OO,10713,977.00),(OO,12896,940.00),(OO,14457,931.00),(UA,12441,914.00),(AA,11057,910.00),(OO,14877,889.00),(OO,13851,885.00),(OO,14747,873.00),(AA,11298,868.00),(OO,15041,864.00),(OO,10279,859.00),(OO,11423,846.00),(AA,13303,830.00),(OO,14814,825.00),(OO,13029,812.00),(AA,13930,799.00),(AA,13303,794.00)]"
2025-02-07 00:00:00,3,10397,27247,3541,12.696590450324807,1300.0,"[(AA,13303,1300.00),(B6,10721,1204.00),(DL,14747,1188.00),(AA,11298,1095.00),(DL,12892,1061.00),(DL,14908,1036.00),(DL,14747,977.00),(DL,14771,976.00),(F9,11618,972.00),(F9,13303,968.00),(DL,14689,906.00),(DL,10208,888.00),(AA,12892,874.00),(OO,14696,852.00),(OO,10146,847.00),(DL,14771,836.00),(DL,12478,799.00),(DL,11252,755.00),(OO,11146,754.00),(DL,11775,741.00)]"
2025-02-07 00:00:00,4,13930,25274,3100,10.97594365751365,1546.0,"[(AA,12441,1546.00),(AA,11278,1051.00),(OO,12559,964.00),(AA,10423,945.00),(DL,14869,911.00),(AA,14492,899.00),(OO,11267,899.00),(OO,10693,864.00),(OO,10693,853.00),(UA,11003,853.00),(F9,14107,847.00),(AA,14679,838.00),(OO,11433,826.00),(F9,11292,821.00),(OO,14696,815.00),(AA,11057,799.00),(MQ,10792,791.00),(OO,11977,777.00),(OO,13367,770.00),(OO,12511,748.00)]"
2025-02-07 00:00:00,5,11057,19250,2013,8.1492987012987,1279.0,"[(AA,15016,1279.00),(F9,11298,1203.00),(DL,10397,1041.00),(DL,13487,986.00),(OH,14685,865.00),(OH,11252,835.00),(AA,10434,712.00),(MQ,15919,708.00),(AA,10821,685.00),(OH,11267,685.00),(AA,11278,671.00),(DL,10397,629.00),(AA,11618,622.00),(OH,11252,616.00),(OH,13795,613.00),(OH,11146,610.00),(YX,10721,589.00),(AA,15919,577.00),(OH,10980,559.00),(AA,10423,553.00)]"
2025-02-07 00:00:00,6,11278,12805,1951,12.914955095665755,1587.0,"[(AA,13930,1587.00),(OH,10257,1157.00),(DL,10397,995.00),(UA,14771,949.00),(UA,12266,944.00),(OH,10599,921.00),(OH,10208,910.00),(DL,10397,894.00),(OH,10868,884.00),(OH,12448,863.00),(DL,12892,827.00),(DL,10397,751.00),(OH,10208,663.00),(AA,13204,654.00),(AA,14107,619.00),(OH,14576,586.00),(OH,14730,547.00),(UA,12266,539.00),(DL,11433,487.00),(AA,13930,430.00)]"
2025-02-07 00:00:00,7,12889,17612,1908,8.422268907563025,1266.0,"[(OO,14893,1266.00),(G4,14457,1194.00),(G4,11193,1042.00),(G4,14314,1030.00),(G4,13367,952.00),(G4,10666,942.00),(AA,13930,893.00),(F9,11292,838.00),(HA,12173,814.00),(AA,13930,739.00),(AA,13303,724.00),(AA,13930,719.00),(F9,13891,693.00),(B6,11697,645.00),(AA,13303,608.00),(DL,12478,598.00),(UA,11618,598.00),(AA,13303,588.00),(G4,14905,585.00),(AA,13930,582.00)]"
2025-02-07 00:00:00,8,13204,15264,1718,9.37617924528302,1019.0,"[(AA,13303,1019.00),(AA,13930,945.00),(UA,12266,902.00),(F9,11292,877.00),(UA,13930,775.00),(DL,10397,752.00),(UA,12266,699.00),(DL,10397,519.00),(AA,11298,502.00),(DL,10397,502.00),(F9,15016,496.00),(AA,14100,484.00),(F9,14843,471.00),(AA,11278,469.00),(UA,11618,447.00),(DL,14492,443.00),(DL,11433,430.00),(DL,12953,405.00),(DL,10397,403.00),(AA,13303,384.00)]"
2025-02-07 00:00:00,9,12892,17777,1654,6.380491646509535,1065.0,"[(OO,10372,1065.00),(AA,11278,990.00),(AA,14100,940.00),(OO,10372,885.00),(AA,13303,849.00),(OO,10140,738.00),(OO,10372,733.00),(AA,10397,732.00),(OO,14679,729.00),(UA,13930,702.00),(AA,13930,692.00),(AA,14107,646.00),(UA,11618,634.00),(OO,14679,608.00),(AA,12478,555.00),(UA,13930,552.00),(OO,14689,525.00),(F9,14107,505.00),(DL,12758,482.00),(UA,11618,450.00)]"
2025-02-07 00:00:00,10,13303,11873,1556,11.869704371262529,1008.0,"[(F9,14100,1008.00),(B6,10721,977.00),(DL,10721,973.00),(DL,12478,925.00),(AA,14492,712.00),(UA,11292,702.00),(AA,11292,675.00),(MQ,12323,671.00),(AA,11298,649.00),(AA,10423,647.00),(DL,10397,620.00),(AA,12266,618.00),(DL,11433,557.00),(AA,11292,550.00),(DL,10397,525.00),(MQ,11953,515.00),(DL,10397,507.00),(AA,10529,498.00),(AA,11618,496.00),(AA,12892,473.00)]"
2025-02-08 00:00:00,1,11298,28986,4027,13.158145311529704,1490.0,"[(AA,12173,1490.00),(B6,10721,1412.00),(AA,11638,1147.00),(AA,12094,1144.00),(AA,13851,1098.00),(AA,14193,1078.00),(OH,12448,1058.00),(OH,12278,983.00),(AA,10423,972.00),(F9,13232,971.00),(AA,11109,953.00),(OO,11109,945.00),(AA,10693,890.00),(AA,15096,877.00),(OH,12992,845.00),(DL,10721,831.00),(AA,13930,823.00),(OO,10728,812.00),(OO,11905,803.00),(AA,13851,797.00)]"
2025-02-08 00:00:00,2,11292,29824,3946,11.707349785407725,1120.0,"[(OO,11921,1120.00),(OO,11315,1087.00),(OO,12280,990.00),(OO,10713,977.00),(OO,12896,940.00),(OO,14457,931.00),(UA,12441,914.00),(AA,11057,910.00),(OO,14877,889.00),(OO,13851,885.00),(OO,14747,873.00),(AA,11298,868.00),(OO,15041,864.00),(OO,10279,859.00),(OO,11423,846.00),(AA,13303,830.00),(OO,14814,825.00),(OO,13029,812.00),(AA,13930,799.00),(AA,13303,794.00)]"
2025-02-08 00:00:00,3,10397,28092,3597,12.378221557738858,1300.0,"[(AA,13303,1300.00),(B6,10721,1204.00),(DL,14747,1188.00),(AA,11298,1095.00),(DL,12892,1061.00),(DL,14908,1036.00),(DL,14747,977.00),(DL,14771,976.00),(F9,11618,972.00),(F9,13303,968.00),(DL,14689,906.00),(DL,10208,888.00),(AA,12892,874.00),(OO,14696,852.00),(OO,10146,847.00),(DL,14771,836.00),(DL,12478,799.00),(DL,11252,755.00),(OO,11146,754.00),(DL,11775,741.00)]"
2025-02-08 00:00:00,4,13930,26005,3136,10.702249567390886,1546.0,"[(AA,12441,1546.00),(AA,11278,1051.00),(OO,12559,964.00),(AA,10423,945.00),(DL,14869,911.00),(AA,14492,899.00),(OO,11267,899.00),(OO,10693,864.00),(OO,10693,853.00),(UA,11003,853.00),(F9,14107,847.00),(AA,14679,838.00),(OO,11433,826.00),(F9,11292,821.00),(OO,14696,815.00),(AA,11057,799.00),(MQ,10792,791.00),(OO,11977,777.00),(OO,13367,770.00),(OO,12511,748.00)]"
2025-02-08 00:00:00,5,11057,19805,2055,8.068770512496844,1279.0,"[(AA,15016,1279.00),(F9,11298,1203.00),(DL,10397,1041.00),(DL,13487,986.00),(OH,14685,865.00),(OH,11252,835.00),(AA,10434,712.00),(MQ,15919,708.00),(AA,10821,685.00),(OH,11267,685.00),(AA,11278,671.00),(DL,10397,629.00),(AA,11618,622.00),(OH,11252,616.00),(OH,13795,613.00),(OH,11146,610.00),(YX,10721,589.00),(AA,15919,577.00),(OH,10980,559.00),(AA,10423,553.00)]"
2025-02-08 00:00:00,6,11278,13210,2027,12.919833459500378,1587.0,"[(AA,13930,1587.00),(OH,10257,1157.00),(DL,10397,995.00),(UA,14771,949.00),(UA,12266,944.00),(OH,10599,921.00),(OH,10208,910.00),(DL,10397,894.00),(OH,10868,884.00),(OH,12448,863.00),(DL,12892,827.00),(DL,10397,751.00),(OH,10208,663.00),(AA,13204,654.00),(AA,14107,619.00),(OH,14576,586.00),(OH,14730,547.00),(UA,12266,539.00),(DL,11433,487.00),(AA,13930,430.00)]"
2025-02-08 00:00:00,7,12889,18153,1989,8.535338511540791,1266.0,"[(OO,14893,1266.00),(G4,14457,1194.00),(G4,11193,1042.00),(G4,14314,1030.00),(G4,13367,952.00),(G4,10666,942.00),(AA,13930,893.00),(F9,11292,838.00),(HA,12173,814.00),(AA,13930,739.00),(F9,11292,737.00),(AA,13303,724.00),(AA,13930,719.00),(F9,13891,693.00),(B6,11697,645.00),(AA,13303,608.00),(DL,12478,598.00),(UA,11618,598.00),(AA,13303,588.00),(G4,14905,585.00)]"
2025-02-08 00:00:00,8,13204,15713,1741,9.160631324381086,1019.0,"[(AA,13303,1019.00),(AA,13930,945.00),(UA,12266,902.00),(F9,11292,877.00),(UA,13930,775.00),(DL,10397,752.00),(UA,12266,699.00),(DL,10397,519.00),(AA,11298,502.00),(DL,10397,502.00),(F9,15016,496.00),(AA,14100,484.00),(F9,14843,471.00),(AA,11278,469.00),(UA,11618,447.00),(DL,14492,443.00),(DL,11433,430.00),(DL,12953,405.00),(DL,10397,403.00),(AA,13303,384.00)]"
2025-02-08 00:00:00,9,12892,18292,1699,6.425978569866609,1065.0,"[(OO,10372,1065.00),(AA,11278,990.00),(AA,13930,972.00),(AA,14100,940.00),(OO,10372,885.00),(AA,13303,849.00),(OO,10140,738.00),(OO,10372,733.00),(AA,10397,732.00),(OO,14679,729.00),(UA,13930,702.00),(AA,13930,692.00),(AA,14107,646.00),(UA,11618,634.00),(OO,14679,608.00),(AA,12478,555.00),(UA,13930,552.00),(OO,14689,525.00),(F9,14107,505.00),(DL,12758,482.00)]"
2025-02-08 00:00:00,10,13303,12209,1576,11.596690965681056,1008.0,"[(F9,14100,1008.00),(B6,10721,977.00),(DL,10721,973.00),(DL,12478,925.00),(AA,14492,712.00),(UA,11292,702.00),(AA,11292,675.00),(MQ,12323,671.00),(AA,11298,649.00),(AA,10423,647.00),(DL,10397,620.00),(AA,12266,618.00),(DL,11433,557.00),(AA,11292,550.00),(DL,10397,525.00),(MQ,11953,515.00),(DL,10397,507.00),(AA,10529,498.00),(AA,11618,496.00),(AA,12892,473.00)]"
2025-02-09 00:00:00,1,11298,29702,4078,12.927075617803515,1490.0,"[(AA,12173,1490.00),(B6,10721,1412.00),(AA,11638,1147.00),(AA,12094,1144.00),(AA,13851,1098.00),(AA,14193,1078.00),(OH,12448,1058.00),(OH,12278,983.00),(AA,10423,972.00),(F9,13232,971.00),(AA,11109,953.00),(OO,11109,945.00),(AA,10693,890.00),(AA,15096,877.00),(OH,12992,845.00),(DL,10721,831.00),(AA,13930,823.00),(OO,10728,812.00),(OO,11905,803.00),(AA,13851,797.00)]"
2025-02-09 00:00:00,2,11292,30521,3998,11.553127354935945,1120.0,"[(OO,11921,1120.00),(OO,11315,1087.00),(OO,12280,990.00),(OO,10713,977.00),(OO,12896,940.00),(OO,14457,931.00),(UA,12441,914.00),(AA,11057,910.00),(OO,14877,889.00),(OO,13851,885.00),(OO,14747,873.00),(AA,11298,868.00),(OO,15041,864.00),(OO,10279,859.00),(OO,11423,846.00),(AA,13303,830.00),(OO,14814,825.00),(OO,13029,812.00),(AA,13930,799.00),(AA,13303,794.00)]"
2025-02-09 00:00:00,3,10397,28759,3627,12.172224347160888,1300.0,"[(AA,13303,1300.00),(B6,10721,1204.00),(DL,14747,1188.00),(AA,11298,1095.00),(DL,12892,1061.00),(DL,14908,1036.00),(DL,14747,977.00),(DL,14771,976.00),(F9,11618,972.00),(F9,13303,968.00),(DL,14689,906.00),(DL,10208,888.00),(AA,12892,874.00),(OO,14696,852.00),(OO,10146,847.00),(DL,14771,836.00),(DL,12478,799.00),(DL,11252,755.00),(OO,11146,754.00),(DL,11775,741.00)]"
2025-02-09 00:00:00,4,13930,26594,3210,10.750996465368129,1546.0,"[(AA,12441,1546.00),(AA,11278,1051.00),(OO,12559,964.00),(AA,10423,945.00),(DL,14869,911.00),(AA,14492,899.00),(OO,11267,899.00),(OO,10693,864.00),(OO,10693,853.00),(UA,11003,853.00),(F9,14107,847.00),(AA,14679,838.00),(OO,11433,826.00),(F9,11292,821.00),(OO,14696,815.00),(AA,11057,799.00),(MQ,10792,791.00),(OO,11977,777.00),(OO,13367,770.00),(OO,12511,748.00)]"
2025-02-09 00:00:00,5,11057,20290,2098,8.03883686545096,1279.0,"[(AA,15016,1279.00),(F9,11298,1203.00),(DL,10397,1041.00),(OH,11973,1026.00),(DL,13487,986.00),(OH,14685,865.00),(OH,11252,835.00),(AA,10434,712.00),(MQ,15919,708.00),(AA,10821,685.00),(OH,11267,685.00),(AA,11278,671.00),(DL,10397,629.00),(AA,11618,622.00),(OH,11252,616.00),(OH,13795,613.00),(OH,11146,610.00),(YX,10721,589.00),(AA,15919,577.00),(OH,10980,559.00)]"
2025-02-09 00:00:00,6,11278,13463,2069,12.917700363960485,1587.0,"[(AA,13930,1587.00),(OH,10257,1157.00),(DL,10397,995.00),(UA,14771,949.00),(UA,12266,944.00),(OH,10599,921.00),(OH,10208,910.00),(DL,10397,894.00),(OH,10868,884.00),(OH,12448,863.00),(DL,12892,827.00),(DL,10397,751.00),(OH,10208,663.00),(AA,13204,654.00),(AA,14107,619.00),(OH,14576,586.00),(OH,14730,547.00),(UA,12266,539.00),(DL,11433,487.00),(AA,13930,430.00)]"
2025-02-09 00:00:00,7,12889,18548,2002,8.403924951477249,1266.0,"[(OO,14893,1266.00),(G4,14457,1194.00),(G4,11193,1042.00),(G4,14314,1030.00),(G4,13367,952.00),(G4,10666,942.00),(AA,13930,893.00),(UA,11618,870.00),(F9,11292,838.00),(HA,12173,814.00),(AA,13930,739.00),(F9,11292,737.00),(AA,13303,724.00),(AA,13930,719.00),(F9,13891,693.00),(B6,11697,645.00),(AA,13303,608.00),(DL,12478,598.00),(UA,11618,598.00),(AA,13303,588.00)]"
2025-02-09 00:00:00,8,13204,16107,1761,8.957347737008753,1019.0,"[(AA,13303,1019.00),(AA,13930,945.00),(UA,12266,902.00),(F9,11292,877.00),(UA,13930,775.00),(DL,10397,752.00),(UA,12266,699.00),(DL,10397,519.00),(AA,11298,502.00),(DL,10397,502.00),(F9,15016,496.00),(AA,14100,484.00),(F9,14843,471.00),(AA,11278,469.00),(UA,11618,447.00),(DL,14492,443.00),(DL,11433,430.00),(DL,12953,405.00),(DL,10397,403.00),(AA,13303,384.00)]"
2025-02-09 00:00:00,9,12892,18705,1727,6.37177225340818,1118.0,"[(DL,12478,1118.00),(OO,10372,1065.00),(AA,11278,990.00),(AA,13930,972.00),(AA,14100,940.00),(OO,10372,885.00),(AA,13303,849.00),(OO,10140,738.00),(OO,10372,733.00),(AA,10397,732.00),(OO,14679,729.00),(UA,13930,702.00),(AA,13930,692.00),(AA,14107,646.00),(UA,11618,634.00),(OO,14679,608.00),(AA,12478,555.00),(UA,13930,552.00),(OO,14689,525.00),(F9,14107,505.00)]"
2025-02-09 00:00:00,10,13303,12522,1599,11.473326944577543,1008.0,"[(F9,14100,1008.00),(B6,10721,977.00),(DL,10721,973.00),(DL,12478,925.00),(AA,14492,712.00),(UA,11292,702.00),(AA,11292,675.00),(MQ,12323,671.00),(AA,11298,649.00),(AA,10423,647.00),(DL,10721,636.00),(DL,10397,620.00),(AA,12266,618.00),(DL,11433,557.00),(AA,11292,550.00),(DL,10397,525.00),(MQ,11953,515.00),(DL,10397,507.00),(AA,10529,498.00),(AA,11618,496.00)]"
2025-02-10 00:00:00,1,11298,30534,4164,12.776576930634702,1490.0,"[(AA,12173,1490.00),(B6,10721,1412.00),(AA,11638,1147.00),(AA,12094,1144.00),(AA,13851,1098.00),(AA,14193,1078.00),(OH,12448,1058.00),(OH,12278,983.00),(AA,10423,972.00),(F9,13232,971.00),(AA,11109,953.00),(OO,11109,945.00),(AA,10693,890.00),(AA,15096,877.00),(OH,12992,845.00),(DL,10721,831.00),(AA,13930,823.00),(OO,10728,812.00),(OO,11905,803.00),(AA,13851,797.00)]"
2025-02-10 00:00:00,2,11292,31334,4050,11.378055786047105,1120.0,"[(OO,11921,1120.00),(OO,11315,1087.00),(OO,12280,990.00),(OO,10713,977.00),(OO,12896,940.00),(OO,14457,931.00),(UA,12441,914.00),(AA,11057,910.00),(OO,14877,889.00),(OO,13851,885.00),(OO,14747,873.00),(AA,11298,868.00),(OO,15041,864.00),(OO,10279,859.00),(OO,11423,846.00),(AA,13303,830.00),(OO,14814,825.00),(OO,13029,812.00),(AA,13930,799.00),(AA,13303,794.00)]"
2025-02-10 00:00:00,3,10397,29469,3688,12.002036037870305,1300.0,"[(AA,13303,1300.00),(B6,10721,1204.00),(DL,14747,1188.00),(AA,11298,1095.00),(DL,12892,1061.00),(DL,14908,1036.00),(DL,14747,977.00),(DL,14771,976.00),(F9,11618,972.00),(F9,13303,968.00),(DL,14689,906.00),(DL,10208,888.00),(AA,12892,874.00),(OO,14696,852.00),(OO,10146,847.00),(DL,14771,836.00),(DL,12478,799.00),(DL,11252,755.00),(OO,11146,754.00),(DL,11775,741.00)]"
2025-02-10 00:00:00,4,13930,27304,3301,10.769118077937298,1546.0,"[(AA,12441,1546.00),(AA,11278,1051.00),(OO,12559,964.00),(AA,10423,945.00),(DL,14869,911.00),(AA,14492,899.00),(OO,11267,899.00),(OO,10693,864.00),(OO,10693,853.00),(UA,11003,853.00),(F9,14107,847.00),(AA,14679,838.00),(OO,11433,826.00),(F9,11292,821.00),(OO,14696,815.00),(AA,11057,799.00),(MQ,10792,791.00),(OO,11977,777.00),(OO,13367,770.00),(OO,12511,748.00)]"
2025-02-10 00:00:00,5,11278,13841,2194,13.349974712809768,1587.0,"[(AA,13930,1587.00),(OH,10257,1157.00),(DL,10397,995.00),(UA,14771,949.00),(UA,12266,944.00),(OH,10599,921.00),(OH,10208,910.00),(DL,10397,894.00),(OH,10868,884.00),(OH,12448,863.00),(DL,12892,827.00),(DL,10397,751.00),(OH,10208,663.00),(AA,13204,654.00),(AA,14107,619.00),(OH,14576,586.00),(OH,14730,547.00),(UA,12266,539.00),(DL,11433,487.00),(OH,11066,435.00)]"
2025-02-10 00:00:00,6,11057,20860,2145,7.944007670182167,1279.0,"[(AA,15016,1279.00),(F9,11298,1203.00),(DL,10397,1041.00),(OH,11973,1026.00),(DL,13487,986.00),(OH,14685,865.00),(OH,11252,835.00),(AA,10434,712.00),(MQ,15919,708.00),(AA,10821,685.00),(OH,11267,685.00),(AA,11278,671.00),(DL,10397,629.00),(AA,11618,622.00),(OH,11252,616.00),(OH,13795,613.00),(OH,11146,610.00),(YX,10721,589.00),(AA,15919,577.00),(OH,10980,559.00)]"
2025-02-10 00:00:00,7,12889,19050,2043,8.294330708661418,1266.0,"[(OO,14893,1266.00),(G4,14457,1194.00),(G4,11193,1042.00),(G4,14314,1030.00),(G4,13367,952.00),(G4,10666,942.00),(AA,13930,893.00),(UA,11618,870.00),(F9,11292,838.00),(HA,12173,814.00),(AA,13930,739.00),(F9,11292,737.00),(AA,13303,724.00),(AA,13930,719.00),(F9,13891,693.00),(B6,11697,645.00),(AA,13303,608.00),(DL,12478,598.00),(UA,11618,598.00),(AA,13303,588.00)]"
2025-02-10 00:00:00,8,13204,16529,1810,8.982334079496642,1019.0,"[(AA,13303,1019.00),(AA,13930,945.00),(UA,12266,902.00),(F9,11292,877.00),(UA,13930,775.00),(DL,10397,752.00),(UA,12266,699.00),(DL,10397,519.00),(AA,11298,502.00),(DL,10397,502.00),(F9,15016,496.00),(AA,14100,484.00),(F9,14843,471.00),(AA,11278,469.00),(UA,11618,447.00),(DL,14492,443.00),(DL,11433,430.00),(DL,12953,405.00),(DL,10397,403.00),(AA,13303,384.00)]"
2025-02-10 00:00:00,9,12892,19184,1776,6.384956213511259,1118.0,"[(DL,12478,1118.00),(OO,10372,1065.00),(AA,11278,990.00),(AA,13930,972.00),(AA,14100,940.00),(OO,10372,885.00),(AA,13303,849.00),(OO,10140,738.00),(OO,10372,733.00),(AA,10397,732.00),(OO,14679,729.00),(UA,13930,702.00),(AA,13930,692.00),(AA,14107,646.00),(UA,11618,634.00),(OO,14679,608.00),(AA,12478,555.00),(UA,13930,552.00),(OO,14689,525.00),(F9,14107,505.00)]"
2025-02-10 00:00:00,10,13303,12855,1646,11.541501361338002,1008.0,"[(F9,14100,1008.00),(B6,10721,977.00),(DL,10721,973.00),(DL,12478,925.00),(AA,14492,712.00),(UA,11292,702.00),(AA,11292,675.00),(MQ,12323,671.00),(AA,11298,649.00),(AA,10423,647.00),(DL,10721,636.00),(DL,10397,620.00),(AA,12266,618.00),(DL,11433,557.00),(AA,11292,550.00),(DL,10397,525.00),(UA,12264,521.00),(MQ,11953,515.00),(DL,10397,507.00),(AA,10529,498.00)]"
2025-02-11 00:00:00,1,11298,31358,4272,12.709101345749092,1490.0,"[(AA,12173,1490.00),(B6,10721,1412.00),(AA,11638,1147.00),(AA,12094,1144.00),(AA,13851,1098.00),(AA,14193,1078.00),(OH,12448,1058.00),(OH,12278,983.00),(AA,10423,972.00),(F9,13232,971.00),(AA,11109,953.00),(OO,11109,945.00),(AA,10693,890.00),(AA,15096,877.00),(OH,12992,845.00),(DL,10721,831.00),(AA,13930,823.00),(OO,10728,812.00),(OO,11905,803.00),(AA,13851,797.00)]"
2025-02-11 00:00:00,2,11292,32168,4110,11.212571499626959,1120.0,"[(OO,11921,1120.00),(OO,11315,1087.00),(OO,12280,990.00),(OO,10713,977.00),(OO,12896,940.00),(OO,14457,931.00),(UA,12441,914.00),(AA,11057,910.00),(OO,14877,889.00),(OO,13851,885.00),(OO,14747,873.00),(AA,11298,868.00),(OO,15041,864.00),(OO,10279,859.00),(OO,11423,846.00),(AA,13303,830.00),(OO,14814,825.00),(OO,13029,812.00),(AA,13930,799.00),(AA,13303,794.00)]"
2025-02-11 00:00:00,3,10397,30321,3749,11.776095775205302,1300.0,"[(AA,13303,1300.00),(B6,10721,1204.00),(DL,14747,1188.00),(AA,11298,1095.00),(DL,12892,1061.00),(DL,14908,1036.00),(DL,14747,977.00),(DL,14771,976.00),(F9,11618,972.00),(F9,13303,968.00),(DL,14689,906.00),(DL,10208,888.00),(AA,12892,874.00),(OO,14696,852.00),(OO,10146,847.00),(DL,14771,836.00),(DL,12478,799.00),(DL,11252,755.00),(OO,11146,754.00),(DL,11775,741.00)]"
2025-02-11 00:00:00,4,13930,28030,3355,10.593399928647877,1546.0,"[(AA,12441,1546.00),(AA,11278,1051.00),(OO,12559,964.00),(AA,10423,945.00),(DL,14869,911.00),(AA,14492,899.00),(OO,11267,899.00),(OO,10693,864.00),(OO,10693,853.00),(UA,11003,853.00),(F9,14107,847.00),(AA,14679,838.00),(OO,11433,826.00),(F9,11292,821.00),(OO,14696,815.00),(AA,11057,799.00),(MQ,10792,791.00),(OO,11977,777.00),(OO,13367,770.00),(OO,12511,748.00)]"
2025-02-11 00:00:00,5,11278,14245,2265,13.36054756054756,1587.0,"[(AA,13930,1587.00),(OH,10257,1157.00),(DL,10397,995.00),(UA,14771,949.00),(UA,12266,944.00),(OH,10599,921.00),(OH,10208,910.00),(DL,10397,894.00),(OH,10868,884.00),(OH,12448,863.00),(DL,12892,827.00),(DL,10397,751.00),(OH,10208,663.00),(AA,13204,654.00),(AA,14107,619.00),(OH,14576,586.00),(OH,14730,547.00),(UA,12266,539.00),(DL,11433,487.00),(OH,11066,435.00)]"
2025-02-11 00:00:00,6,11057,21409,2204,7.931337288056425,1279.0,"[(AA,15016,1279.00),(F9,11298,1203.00),(DL,10397,1041.00),(OH,11973,1026.00),(DL,13487,986.00),(OH,14685,865.00),(OH,11252,835.00),(AA,10434,712.00),(MQ,15919,708.00),(AA,10821,685.00),(OH,11267,685.00),(AA,11278,671.00),(DL,10397,629.00),(AA,11618,622.00),(OH,11252,616.00),(OH,13795,613.00),(OH,11146,610.00),(YX,10721,589.00),(AA,15919,577.00),(OH,10980,559.00)]"
2025-02-11 00:00:00,7,12889,19592,2101,8.270008166598611,1266.0,"[(OO,14893,1266.00),(G4,14457,1194.00),(G4,11193,1042.00),(G4,14314,1030.00),(G4,13367,952.00),(G4,10666,942.00),(AA,13930,893.00),(UA,11618,870.00),(F9,11292,838.00),(HA,12173,814.00),(AA,13930,739.00),(F9,11292,737.00),(AA,13303,724.00),(AA,13930,719.00),(F9,13891,693.00),(B6,11697,645.00),(AA,13303,608.00),(DL,12478,598.00),(UA,11618,598.00),(AA,13303,588.00)]"
2025-02-11 00:00:00,8,13204,16972,1855,8.958519915154373,1019.0,"[(AA,13303,1019.00),(AA,13930,945.00),(UA,12266,902.00),(F9,11292,877.00),(UA,13930,775.00),(DL,10397,752.00),(UA,12266,699.00),(DL,10397,519.00),(AA,11298,502.00),(DL,10397,502.00),(F9,15016,496.00),(AA,14100,484.00),(F9,14843,471.00),(AA,11278,469.00),(UA,11618,447.00),(DL,14492,443.00),(DL,11433,430.00),(DL,12953,405.00),(DL,10397,403.00),(AA,13303,384.00)]"
2025-02-11 00:00:00,9,12892,19697,1823,6.40960552368381,1118.0,"[(DL,12478,1118.00),(OO,10372,1065.00),(AA,11278,990.00),(AA,13930,972.00),(AA,14100,940.00),(OO,10372,885.00),(AA,13303,849.00),(OO,10140,738.00),(OO,10372,733.00),(AA,10397,732.00),(OO,14679,729.00),(UA,13930,702.00),(AA,13930,692.00),(AA,14107,646.00),(UA,11618,634.00),(OO,14679,608.00),(AA,12478,555.00),(UA,13930,552.00),(OO,14689,525.00),(F9,14107,505.00)]"
2025-02-11 00:00:00,10,13303,13188,1670,11.352062481043372,1008.0,"[(F9,14100,1008.00),(B6,10721,977.00),(DL,10721,973.00),(DL,12478,925.00),(AA,14492,712.00),(UA,11292,702.00),(AA,11292,675.00),(MQ,12323,671.00),(AA,11298,649.00),(AA,10423,647.00),(DL,10721,636.00),(DL,10397,620.00),(AA,12266,618.00),(DL,11433,557.00),(AA,11292,550.00),(DL,10397,525.00),(UA,12264,521.00),(MQ,11953,515.00),(DL,10397,507.00),(AA,10529,498.00)]"
2025-02-12 00:00:00,1,11298,32082,4323,12.505454772146376,1490.0,"[(AA,12173,1490.00),(B6,10721,1412.00),(AA,11638,1147.00),(AA,12094,1144.00),(AA,13851,1098.00),(AA,14193,1078.00),(OH,12448,1058.00),(OH,12278,983.00),(AA,10423,972.00),(F9,13232,971.00),(AA,11109,953.00),(OO,11109,945.00),(AA,10693,890.00),(AA,15096,877.00),(OH,12992,845.00),(DL,10721,831.00),(AA,13930,823.00),(OO,10728,812.00),(OO,11905,803.00),(AA,13851,797.00)]"
2025-02-12 00:00:00,2,11292,32893,4282,11.504484236767702,1489.0,"[(AA,11057,1489.00),(OO,11921,1120.00),(OO,11315,1087.00),(OO,12280,990.00),(OO,10713,977.00),(OO,12177,975.00),(OO,12896,940.00),(OO,14457,931.00),(UA,12441,914.00),(AA,11057,910.00),(OO,14877,889.00),(OO,13851,885.00),(OO,14747,873.00),(AA,11298,868.00),(OO,15041,864.00),(OO,10279,859.00),(OO,11423,846.00),(AA,13303,830.00),(OO,14814,825.00),(OO,13029,812.00)]"
2025-02-12 00:00:00,3,10397,31072,3809,11.609648558187436,1300.0,"[(AA,13303,1300.00),(B6,10721,1204.00),(DL,14747,1188.00),(AA,11298,1095.00),(DL,12892,1061.00),(DL,14908,1036.00),(DL,14747,977.00),(DL,14771,976.00),(F9,11618,972.00),(F9,13303,968.00),(DL,14689,906.00),(DL,10208,888.00),(AA,12892,874.00),(OO,14696,852.00),(OO,10146,847.00),(DL,14771,836.00),(DL,12478,799.00),(DL,11252,755.00),(OO,11146,754.00),(DL,11775,741.00)]"
2025-02-12 00:00:00,4,13930,28672,3409,10.461774553571429,1546.0,"[(AA,12441,1546.00),(AA,11278,1051.00),(OO,12559,964.00),(AA,10423,945.00),(DL,14869,911.00),(AA,14492,899.00),(OO,11267,899.00),(OO,10693,864.00),(OO,10693,853.00),(UA,11003,853.00),(F9,14107,847.00),(AA,14679,838.00),(OO,11433,826.00),(F9,11292,821.00),(OO,14696,815.00),(AA,11057,799.00),(MQ,10792,791.00),(OO,11977,777.00),(OO,13367,770.00),(OO,12511,748.00)]"
2025-02-12 00:00:00,5,11278,14544,2329,13.88744499449945,1587.0,"[(AA,13930,1587.00),(OH,10257,1157.00),(DL,11433,1092.00),(DL,10397,995.00),(UA,14771,949.00),(UA,12266,944.00),(OH,10599,921.00),(DL,12892,914.00),(OH,10208,910.00),(DL,10397,894.00),(OH,10868,884.00),(OH,12448,863.00),(DL,10397,841.00),(DL,12892,827.00),(UA,14771,789.00),(DL,10397,751.00),(AA,11298,743.00),(OH,10208,663.00),(AA,13204,654.00),(AA,14107,619.00)]"
2025-02-12 00:00:00,6,11057,21896,2237,7.860613810741688,1279.0,"[(AA,15016,1279.00),(F9,11298,1203.00),(DL,10397,1041.00),(OH,11973,1026.00),(DL,13487,986.00),(OH,14685,865.00),(OH,11252,835.00),(AA,10434,712.00),(MQ,15919,708.00),(AA,10821,685.00),(OH,11267,685.00),(AA,11278,671.00),(DL,10397,629.00),(AA,11618,622.00),(OH,11252,616.00),(OH,13795,613.00),(OH,11146,610.00),(YX,10721,589.00),(AA,15919,577.00),(OH,10980,559.00)]"
2025-02-12 00:00:00,7,12889,20005,2134,8.15616095976006,1266.0,"[(OO,14893,1266.00),(G4,14457,1194.00),(G4,11193,1042.00),(G4,14314,1030.00),(G4,13367,952.00),(G4,10666,942.00),(AA,13930,893.00),(UA,11618,870.00),(F9,11292,838.00),(HA,12173,814.00),(AA,13930,739.00),(F9,11292,737.00),(AA,13303,724.00),(AA,13930,719.00),(F9,13891,693.00),(B6,11697,645.00),(AA,13303,608.00),(DL,12478,598.00),(UA,11618,598.00),(AA,13303,588.00)]"
2025-02-12 00:00:00,8,13204,17323,1879,8.848005541765284,1019.0,"[(AA,13303,1019.00),(AA,13930,945.00),(UA,12266,902.00),(F9,11292,877.00),(UA,13930,775.00),(DL,10397,752.00),(UA,12266,699.00),(DL,10397,519.00),(AA,11298,502.00),(DL,10397,502.00),(F9,15016,496.00),(AA,11278,490.00),(AA,14100,484.00),(F9,14843,471.00),(AA,11278,469.00),(UA,11618,447.00),(DL,14492,443.00),(DL,11433,430.00),(DL,12953,405.00),(DL,10397,403.00)]"
2025-02-12 00:00:00,9,12892,20140,1854,6.385203574975174,1118.0,"[(DL,12478,1118.00),(AA,12478,1104.00),(OO,10372,1065.00),(AA,11278,990.00),(AA,13930,972.00),(AA,14100,940.00),(OO,10372,885.00),(AA,13303,849.00),(OO,10140,738.00),(OO,10372,733.00),(AA,10397,732.00),(OO,14679,729.00),(UA,13930,702.00),(AA,13930,692.00),(AA,14107,646.00),(UA,11618,634.00),(OO,14679,608.00),(AA,12478,555.00),(UA,13930,552.00),(OO,14689,525.00)]"
2025-02-12 00:00:00,10,13303,13486,1689,11.169879875426368,1008.0,"[(F9,14100,1008.00),(B6,10721,977.00),(DL,10721,973.00),(DL,12478,925.00),(AA,14492,712.00),(UA,11292,702.00),(AA,11292,675.00),(MQ,12323,671.00),(AA,11298,649.00),(AA,10423,647.00),(DL,10721,636.00),(DL,10397,620.00),(AA,12266,618.00),(DL,11433,557.00),(AA,11292,550.00),(DL,10397,525.00),(UA,12264,521.00),(AA,11278,517.00),(MQ,11953,515.00),(DL,10397,507.00)]"
2025-02-13 00:00:00,1,11298,32826,4453,12.569426673977944,1490.0,"[(AA,12173,1490.00),(B6,10721,1412.00),(AA,11638,1147.00),(AA,12094,1144.00),(AA,13851,1098.00),(AA,14193,1078.00),(OH,12448,1058.00),(OH,12278,983.00),(AA,10423,972.00),(F9,13232,971.00),(AA,11109,953.00),(OO,11109,945.00),(AA,10693,890.00),(AA,15096,877.00),(OH,12992,845.00),(DL,10721,831.00),(AA,13930,823.00),(OO,10728,812.00),(OO,11905,803.00),(AA,13851,797.00)]"
2025-02-13 00:00:00,2,11292,33647,4435,11.693642821053883,1489.0,"[(AA,11057,1489.00),(OO,11921,1120.00),(OO,11315,1087.00),(OO,12280,990.00),(OO,10713,977.00),(OO,12177,975.00),(OO,12896,940.00),(OO,14457,931.00),(UA,12441,914.00),(AA,11057,910.00),(OO,14877,889.00),(OO,13851,885.00),(OO,14747,873.00),(AA,11298,868.00),(OO,15041,864.00),(OO,10279,859.00),(OO,11423,846.00),(AA,13303,830.00),(OO,14814,825.00),(OO,13029,812.00)]"
2025-02-13 00:00:00,3,10397,31833,4010,11.924732196148652,1300.0,"[(AA,13303,1300.00),(B6,10721,1204.00),(DL,14747,1188.00),(AA,11298,1095.00),(DL,12892,1061.00),(DL,14908,1036.00),(DL,14747,977.00),(DL,14771,976.00),(F9,11618,972.00),(F9,13303,968.00),(DL,10792,921.00),(DL,14689,906.00),(DL,10208,888.00),(AA,12892,874.00),(OO,14696,852.00),(OO,10146,847.00),(DL,14771,836.00),(DL,12478,799.00),(DL,11252,755.00),(OO,11146,754.00)]"
2025-02-13 00:00:00,4,13930,29300,3655,11.2119795221843,1546.0,"[(AA,12441,1546.00),(AA,11278,1051.00),(OO,12559,964.00),(AA,10423,945.00),(DL,14869,911.00),(AA,14492,899.00),(OO,11267,899.00),(OO,10693,864.00),(OO,10693,853.00),(UA,11003,853.00),(F9,14107,847.00),(AA,14679,838.00),(OO,11433,826.00),(F9,11292,821.00),(OO,14696,815.00),(AA,11057,799.00),(OO,10693,796.00),(MQ,10792,791.00),(OO,11977,777.00),(OO,13367,770.00)]"
2025-02-13 00:00:00,5,11278,14858,2496,14.814779916543277,1587.0,"[(AA,13930,1587.00),(DL,10397,1160.00),(OH,10257,1157.00),(DL,11433,1092.00),(DL,10397,995.00),(UA,14771,949.00),(UA,12266,944.00),(OH,10599,921.00),(DL,12892,914.00),(OH,10208,910.00),(DL,10397,894.00),(OH,10868,884.00),(OH,12448,863.00),(DL,10397,841.00),(DL,12892,827.00),(UA,14771,789.00),(DL,10397,751.00),(AA,11298,743.00),(OH,10208,663.00),(AA,13204,654.00)]"
2025-02-13 00:00:00,6,11057,22390,2337,8.135060294774453,1279.0,"[(AA,15016,1279.00),(F9,11298,1203.00),(DL,10397,1041.00),(OH,11973,1026.00),(DL,13487,986.00),(OH,14685,865.00),(OH,11252,835.00),(AA,10434,712.00),(MQ,15919,708.00),(AA,10821,685.00),(OH,11267,685.00),(AA,11278,671.00),(DL,10397,629.00),(AA,11618,622.00),(OH,11252,616.00),(OH,13795,613.00),(OH,11146,610.00),(YX,10721,589.00),(AA,15919,577.00),(OH,10980,559.00)]"
2025-02-13 00:00:00,7,12889,20448,2173,8.122799295774648,1266.0,"[(OO,14893,1266.00),(G4,14457,1194.00),(G4,11193,1042.00),(G4,14314,1030.00),(G4,13367,952.00),(G4,10666,942.00),(AA,13930,893.00),(UA,11618,870.00),(F9,11292,838.00),(HA,12173,814.00),(AA,13930,739.00),(F9,11292,737.00),(AA,13303,724.00),(AA,13930,719.00),(F9,13891,693.00),(B6,11697,645.00),(AA,13303,608.00),(DL,12478,598.00),(UA,11618,598.00),(AA,13303,588.00)]"
2025-02-13 00:00:00,8,13204,17721,1927,8.858134416793634,1019.0,"[(AA,13303,1019.00),(AA,13930,945.00),(UA,12266,902.00),(F9,11292,877.00),(UA,13930,775.00),(DL,10397,752.00),(UA,12266,699.00),(AA,11298,530.00),(DL,10397,519.00),(AA,11298,502.00),(DL,10397,502.00),(F9,15016,496.00),(AA,11278,490.00),(AA,14100,484.00),(F9,14843,471.00),(AA,11278,469.00),(UA,11618,447.00),(DL,14492,443.00),(DL,11433,430.00),(DL,12953,405.00)]"
2025-02-13 00:00:00,9,12892,20593,1910,6.48142572718885,1118.0,"[(DL,12478,1118.00),(AA,12478,1104.00),(OO,10372,1065.00),(AA,11278,990.00),(AA,13930,972.00),(AA,14100,940.00),(OO,10372,885.00),(AA,13303,849.00),(OO,10140,738.00),(OO,10372,733.00),(AA,10397,732.00),(OO,14679,729.00),(UA,13930,702.00),(AA,13930,692.00),(AA,14107,646.00),(UA,11618,634.00),(OO,14679,608.00),(UA,11618,567.00),(AA,12478,555.00),(UA,13930,552.00)]"
2025-02-13 00:00:00,10,14107,21828,1733,5.286146234194613,1163.0,"[(B6,11697,1163.00),(DL,14869,963.00),(AA,10423,891.00),(F9,13930,871.00),(OO,14698,796.00),(OO,11003,754.00),(OO,12280,717.00),(OO,12896,694.00),(DL,11433,664.00),(AA,14908,658.00),(AA,12889,657.00),(AA,14683,641.00),(AA,14908,628.00),(DL,12478,608.00),(AA,11057,579.00),(AA,14679,578.00),(AA,14683,547.00),(NK,11298,520.00),(UA,11618,519.00),(AA,11292,510.00)]"
2025-02-14 00:00:00,1,11298,33716,4637,12.749644085893937,1490.0,"[(AA,12173,1490.00),(B6,10721,1412.00),(AA,11638,1147.00),(AA,12094,1144.00),(AA,13851,1098.00),(AA,14193,1078.00),(OH,12448,1058.00),(OH,12278,983.00),(AA,10423,972.00),(F9,13232,971.00),(AA,11109,953.00),(OO,11109,945.00),(AA,10693,890.00),(AA,15096,877.00),(OH,12992,845.00),(DL,10721,831.00),(AA,13930,823.00),(OO,10728,812.00),(OO,11905,803.00),(AA,13851,797.00)]"
2025-02-14 00:00:00,2,11292,34520,4628,12.036471610660486,1489.0,"[(AA,11057,1489.00),(OO,11921,1120.00),(OO,11315,1087.00),(OO,12280,990.00),(OO,10713,977.00),(OO,12177,975.00),(OO,12896,940.00),(OO,14457,931.00),(UA,12441,914.00),(AA,11057,910.00),(OO,14877,889.00),(OO,13851,885.00),(OO,14747,873.00),(AA,11298,868.00),(OO,15041,864.00),(OO,10279,859.00),(OO,11423,846.00),(AA,13303,830.00),(OO,14814,825.00),(UA,12441,823.00)]"
2025-02-14 00:00:00,3,10397,32716,4263,12.386752659249296,1300.0,"[(AA,13303,1300.00),(B6,10721,1204.00),(DL,14747,1188.00),(AA,11298,1095.00),(DL,12892,1061.00),(DL,14908,1036.00),(DL,14747,977.00),(DL,14771,976.00),(F9,11618,972.00),(F9,13303,968.00),(DL,12889,963.00),(DL,10792,921.00),(DL,14689,906.00),(DL,10208,888.00),(AA,12892,874.00),(OO,14696,852.00),(OO,10146,847.00),(DL,14771,836.00),(DL,12478,799.00),(DL,12217,770.00)]"
2025-02-14 00:00:00,4,13930,30057,3870,11.65981302192501,1546.0,"[(AA,12441,1546.00),(AA,11278,1051.00),(OO,12559,964.00),(AA,10423,945.00),(DL,14869,911.00),(AA,14492,899.00),(OO,11267,899.00),(AA,11278,869.00),(OO,10693,864.00),(OO,10693,853.00),(UA,11003,853.00),(F9,14107,847.00),(AA,14679,838.00),(OO,11433,826.00),(F9,11292,821.00),(OO,14696,815.00),(AA,11057,799.00),(OO,10693,796.00),(MQ,10792,791.00),(OO,11977,777.00)]"
2025-02-14 00:00:00,5,11278,15234,2723,16.108179073125903,1587.0,"[(AA,13930,1587.00),(DL,10397,1160.00),(OH,10257,1157.00),(DL,11433,1092.00),(DL,10397,995.00),(UA,14771,949.00),(UA,12266,944.00),(OH,10599,921.00),(DL,12892,914.00),(OH,10208,910.00),(DL,10397,894.00),(OH,10868,884.00),(OH,12448,863.00),(DL,10397,841.00),(DL,12892,827.00),(UA,14771,789.00),(DL,10397,751.00),(AA,11298,743.00),(OH,10693,706.00),(OH,10208,663.00)]"
2025-02-14 00:00:00,6,11057,22967,2516,8.731397222101275,1279.0,"[(AA,15016,1279.00),(F9,11298,1203.00),(DL,10397,1041.00),(OH,11973,1026.00),(DL,13487,986.00),(DL,10397,913.00),(OH,14685,865.00),(OH,11252,835.00),(AA,10434,712.00),(MQ,15919,708.00),(AA,10821,685.00),(OH,11267,685.00),(AA,11278,671.00),(DL,10397,629.00),(AA,11618,622.00),(OH,11252,616.00),(OH,13795,613.00),(OH,11146,610.00),(YX,10721,589.00),(AA,15919,577.00)]"
2025-02-14 00:00:00,7,12889,20939,2421,9.73432351115144,1266.0,"[(OO,14893,1266.00),(G4,14457,1194.00),(G4,11193,1042.00),(G4,14314,1030.00),(G4,10408,964.00),(G4,11193,964.00),(G4,13367,952.00),(G4,10666,942.00),(AA,13930,893.00),(UA,11618,870.00),(AA,11298,853.00),(F9,11292,838.00),(HA,12173,814.00),(AA,13930,739.00),(F9,11292,737.00),(AA,13303,724.00),(AA,13930,719.00),(F9,13891,693.00),(B6,11697,645.00),(AA,13303,608.00)]"
2025-02-14 00:00:00,8,13204,18209,2066,9.463781646438575,1019.0,"[(AA,13303,1019.00),(AA,13930,945.00),(UA,12266,902.00),(F9,11292,877.00),(UA,13930,775.00),(DL,10397,752.00),(UA,12266,699.00),(AA,11298,530.00),(DL,10397,519.00),(AA,11298,502.00),(DL,10397,502.00),(F9,15016,496.00),(AA,11278,490.00),(AA,14100,484.00),(B6,10721,484.00),(F9,14843,471.00),(AA,11278,469.00),(UA,11618,447.00),(DL,14492,443.00),(DL,11433,430.00)]"
2025-02-14 00:00:00,9,12892,21110,2061,7.087162482235907,1146.0,"[(F9,14107,1146.00),(DL,12478,1118.00),(AA,12478,1104.00),(OO,10372,1065.00),(AA,11278,990.00),(AA,13930,972.00),(AA,14100,940.00),(OO,10372,885.00),(AA,13303,849.00),(OO,10140,738.00),(OO,10372,733.00),(AA,10397,732.00),(OO,14679,729.00),(UA,13930,702.00),(AA,13930,692.00),(AA,14107,646.00),(UA,11618,634.00),(OO,14679,608.00),(UA,11618,567.00),(AA,12478,555.00)]"
2025-02-14 00:00:00,10,14107,22440,1865,5.7334670231729055,1163.0,"[(B6,11697,1163.00),(DL,14869,963.00),(AA,10423,891.00),(F9,13930,871.00),(OO,14698,796.00),(OO,11003,754.00),(OO,12280,717.00),(OO,12896,694.00),(DL,11433,664.00),(AA,14908,658.00),(AA,12889,657.00),(AA,14057,649.00),(AA,14683,641.00),(AA,11057,634.00),(AA,14908,628.00),(DL,12478,608.00),(AA,11057,579.00),(AA,14679,578.00),(AA,14683,547.00),(NK,11298,520.00)]"
2025-02-15 00:00:00,1,11298,34599,4777,12.867163790861008,1490.0,"[(AA,12173,1490.00),(B6,10721,1412.00),(AA,11638,1147.00),(AA,12094,1144.00),(AA,13851,1098.00),(AA,14193,1078.00),(OH,12448,1058.00),(OH,12278,983.00),(AA,10423,972.00),(F9,13232,971.00),(AA,11109,953.00),(OO,11109,945.00),(AA,10693,890.00),(AA,15096,877.00),(OH,12992,845.00),(DL,10721,831.00),(AA,13930,823.00),(OO,10728,812.00),(OO,11905,803.00),(AA,13851,797.00)]"
2025-02-15 00:00:00,2,11292,35392,4754,12.051028481012658,1489.0,"[(AA,11057,1489.00),(OO,11921,1120.00),(OO,11315,1087.00),(OO,12280,990.00),(OO,10713,977.00),(OO,12177,975.00),(OO,12896,940.00),(OO,14457,931.00),(UA,12441,914.00),(AA,11057,910.00),(OO,14877,889.00),(OO,13851,885.00),(OO,14747,873.00),(AA,11298,868.00),(OO,15041,864.00),(OO,10279,859.00),(OO,11423,846.00),(AA,13303,830.00),(OO,14814,825.00),(UA,12441,823.00)]"
2025-02-15 00:00:00,3,10397,33600,4484,12.727083333333333,1300.0,"[(AA,13303,1300.00),(B6,10721,1204.00),(DL,14747,1188.00),(AA,11298,1095.00),(DL,12892,1061.00),(DL,14908,1036.00),(DL,14747,977.00),(DL,14771,976.00),(F9,11618,972.00),(F9,13303,968.00),(DL,12889,963.00),(DL,10792,921.00),(DL,14689,906.00),(DL,10208,888.00),(AA,12892,874.00),(OO,14696,852.00),(OO,10146,847.00),(DL,14771,836.00),(DL,12478,799.00),(DL,12217,770.00)]"
2025-02-15 00:00:00,4,13930,30816,4054,12.209566458982346,1546.0,"[(AA,12441,1546.00),(AA,11278,1051.00),(OO,15370,999.00),(OO,12559,964.00),(AA,10423,945.00),(OO,10693,933.00),(DL,14869,911.00),(AA,14492,899.00),(OO,11267,899.00),(OO,13342,898.00),(AA,11278,869.00),(OO,10693,864.00),(OO,10693,853.00),(UA,11003,853.00),(F9,14107,847.00),(AA,14679,838.00),(OO,11433,826.00),(F9,11292,821.00),(OO,14696,815.00),(AA,11057,799.00)]"
2025-02-15 00:00:00,5,11278,15602,2893,17.4053326496603,1587.0,"[(AA,13930,1587.00),(DL,10397,1160.00),(OH,10257,1157.00),(DL,11433,1092.00),(OH,10781,1051.00),(DL,10397,995.00),(UA,14771,949.00),(UA,12266,944.00),(OH,10599,921.00),(DL,12892,914.00),(OH,10208,910.00),(DL,10397,894.00),(OH,10868,884.00),(OH,12448,863.00),(DL,10397,841.00),(DL,12892,827.00),(B6,11697,821.00),(OH,10208,812.00),(UA,14771,789.00),(DL,10397,751.00)]"
2025-02-15 00:00:00,6,11057,23556,2621,8.91293088809645,1279.0,"[(AA,15016,1279.00),(F9,11298,1203.00),(DL,10397,1041.00),(OH,11973,1026.00),(DL,13487,986.00),(DL,10397,913.00),(OH,14685,865.00),(OH,11252,835.00),(AA,10434,712.00),(MQ,15919,708.00),(AA,10821,685.00),(OH,11267,685.00),(AA,11278,671.00),(AA,10529,669.00),(DL,10397,629.00),(AA,11618,622.00),(OH,11252,616.00),(OH,13795,613.00),(OH,11146,610.00),(YX,10721,589.00)]"
2025-02-15 00:00:00,7,12889,21516,2569,10.0489403234802,1266.0,"[(OO,14893,1266.00),(G4,14457,1194.00),(G4,11193,1042.00),(G4,14314,1030.00),(G4,10408,964.00),(G4,11193,964.00),(G4,13367,952.00),(G4,10666,942.00),(AA,13930,893.00),(UA,11618,870.00),(AA,11298,853.00),(F9,11292,838.00),(HA,12173,814.00),(AA,13930,739.00),(F9,11292,737.00),(AA,13303,724.00),(AA,13930,719.00),(F9,13891,693.00),(B6,11697,645.00),(AA,13303,608.00)]"
2025-02-15 00:00:00,8,12892,21635,2139,7.279593251675526,1146.0,"[(F9,14107,1146.00),(DL,12478,1118.00),(AA,12478,1104.00),(OO,10372,1065.00),(AA,11278,990.00),(AA,13930,972.00),(AA,14100,940.00),(OO,10372,885.00),(AA,13303,849.00),(OO,15376,755.00),(OO,10140,738.00),(OO,10372,733.00),(AA,10397,732.00),(OO,14679,729.00),(UA,13930,702.00),(AA,13930,692.00),(AA,14107,646.00),(UA,11618,634.00),(OO,14679,608.00),(UA,11618,567.00)]"
2025-02-15 00:00:00,9,13204,18702,2134,9.551438348839696,1019.0,"[(AA,13303,1019.00),(AA,13930,945.00),(UA,12266,902.00),(F9,11292,877.00),(UA,13930,775.00),(DL,10397,752.00),(UA,12266,699.00),(AA,11298,530.00),(DL,10397,519.00),(AA,11298,502.00),(DL,10397,502.00),(F9,15016,496.00),(AA,11278,490.00),(AA,14100,484.00),(B6,10721,484.00),(F9,14843,471.00),(AA,11278,469.00),(UA,11618,447.00),(DL,14492,443.00),(DL,11433,430.00)]"
2025-02-15 00:00:00,10,14107,23057,1985,6.155614347052956,1163.0,"[(B6,11697,1163.00),(DL,14869,963.00),(AA,10423,891.00),(F9,13930,871.00),(AA,14262,867.00),(OO,14698,796.00),(OO,11003,754.00),(OO,12280,717.00),(OO,12896,694.00),(DL,11433,664.00),(AA,14908,658.00),(AA,12889,657.00),(AA,14057,649.00),(AA,14683,641.00),(AA,11057,634.00),(AA,14908,628.00),(DL,12478,608.00),(AA,11057,579.00),(AA,14679,578.00),(AA,14683,547.00)]"
2025-02-16 00:00:00,1,11292,36119,5076,12.924305767047814,1489.0,"[(AA,11057,1489.00),(OO,11921,1120.00),(OO,11315,1087.00),(OO,12280,990.00),(OO,14877,986.00),(OO,10713,977.00),(OO,12177,975.00),(OO,12896,940.00),(OO,14457,931.00),(UA,12441,914.00),(AA,11057,910.00),(OO,14877,889.00),(OO,13851,885.00),(OO,14747,873.00),(AA,11298,868.00),(OO,14869,867.00),(OO,15041,864.00),(OO,10279,859.00),(OO,11423,846.00),(AA,13303,830.00)]"
2025-02-16 00:00:00,2,11298,35327,4928,13.019475188948963,1490.0,"[(AA,12173,1490.00),(B6,10721,1412.00),(AA,11638,1147.00),(AA,12094,1144.00),(AA,13851,1098.00),(AA,14193,1078.00),(OH,12448,1058.00),(OH,12278,983.00),(AA,10423,972.00),(F9,13232,971.00),(AA,11109,953.00),(OO,11109,945.00),(AA,10693,890.00),(AA,15096,877.00),(OH,12992,845.00),(DL,10721,831.00),(AA,13930,823.00),(OO,10728,812.00),(OO,11905,803.00),(AA,13851,797.00)]"
2025-02-16 00:00:00,3,10397,34294,4741,13.28357730215198,1300.0,"[(AA,13303,1300.00),(B6,10721,1204.00),(DL,14747,1188.00),(AA,11298,1095.00),(DL,12892,1061.00),(DL,14908,1036.00),(DL,14747,977.00),(DL,14771,976.00),(F9,11618,972.00),(F9,13303,968.00),(DL,12889,963.00),(DL,10792,921.00),(DL,14689,906.00),(DL,10208,888.00),(AA,12892,874.00),(OO,14696,852.00),(OO,10146,847.00),(DL,14771,836.00),(DL,12478,799.00),(OO,11612,792.00)]"
2025-02-16 00:00:00,4,13930,31438,4214,12.623004007888543,1546.0,"[(AA,12441,1546.00),(OO,14877,1320.00),(F9,11292,1273.00),(AA,11278,1051.00),(OO,15370,999.00),(OO,12559,964.00),(AA,10423,945.00),(OO,10693,933.00),(DL,14869,911.00),(AA,14492,899.00),(OO,11267,899.00),(OO,13342,898.00),(AA,11278,869.00),(OO,10693,864.00),(OO,10693,853.00),(UA,11003,853.00),(F9,14107,847.00),(AA,14679,838.00),(OO,11433,826.00),(F9,11292,821.00)]"
2025-02-16 00:00:00,5,11278,15877,2931,17.31573974932292,1587.0,"[(AA,13930,1587.00),(DL,10397,1160.00),(OH,10257,1157.00),(DL,11433,1092.00),(OH,10781,1051.00),(DL,10397,995.00),(UA,14771,949.00),(UA,12266,944.00),(OH,10599,921.00),(DL,12892,914.00),(OH,10208,910.00),(DL,10397,894.00),(OH,10868,884.00),(OH,12448,863.00),(DL,10397,841.00),(DL,12892,827.00),(B6,11697,821.00),(OH,10208,812.00),(UA,14771,789.00),(DL,10397,751.00)]"
2025-02-16 00:00:00,6,11057,24075,2730,9.199750778816199,1279.0,"[(AA,15016,1279.00),(F9,11298,1203.00),(DL,10397,1041.00),(OH,11973,1026.00),(DL,13487,986.00),(DL,10397,913.00),(OH,14685,865.00),(OH,11252,835.00),(AA,11433,754.00),(AA,10434,712.00),(MQ,15919,708.00),(AA,10721,706.00),(AA,10821,685.00),(OH,11267,685.00),(AA,11278,671.00),(AA,10529,669.00),(DL,10397,629.00),(AA,11618,622.00),(OH,11252,616.00),(OH,13795,613.00)]"
2025-02-16 00:00:00,7,12889,21957,2629,10.070137086122877,1266.0,"[(OO,14893,1266.00),(G4,14457,1194.00),(DL,12478,1094.00),(G4,11193,1042.00),(G4,14314,1030.00),(G4,10408,964.00),(G4,11193,964.00),(G4,13367,952.00),(G4,10666,942.00),(AA,13930,893.00),(UA,11618,870.00),(AA,11298,853.00),(F9,11292,838.00),(HA,12173,814.00),(AA,13930,739.00),(F9,11292,737.00),(AA,13303,724.00),(AA,13930,719.00),(F9,13891,693.00),(B6,11697,645.00)]"
2025-02-16 00:00:00,8,13204,19189,2233,9.872843816770024,1019.0,"[(AA,13303,1019.00),(DL,11433,1000.00),(AA,13930,945.00),(UA,13930,904.00),(UA,12266,902.00),(F9,11292,877.00),(UA,13930,775.00),(DL,10397,752.00),(UA,12266,699.00),(AA,11298,530.00),(DL,10397,519.00),(AA,11298,502.00),(DL,10397,502.00),(F9,15016,496.00),(AA,11278,490.00),(AA,14100,484.00),(B6,10721,484.00),(F9,14843,471.00),(AA,11278,469.00),(F9,11042,462.00)]"
2025-02-16 00:00:00,9,12892,22081,2200,7.359222861283456,1146.0,"[(F9,14107,1146.00),(DL,12478,1118.00),(AA,12478,1104.00),(OO,10372,1065.00),(AA,11278,990.00),(AA,13930,972.00),(AA,14100,940.00),(OO,10372,885.00),(AA,13303,849.00),(OO,15376,755.00),(OO,10140,738.00),(OO,10372,733.00),(AA,10397,732.00),(OO,14679,729.00),(UA,13930,702.00),(AA,13930,692.00),(AA,14107,646.00),(UA,11618,634.00),(AA,13303,617.00),(OO,14679,608.00)]"
2025-02-16 00:00:00,10,14107,23568,2043,6.231033604887983,1163.0,"[(B6,11697,1163.00),(DL,14869,963.00),(AA,10423,891.00),(F9,13930,871.00),(AA,14262,867.00),(OO,14698,796.00),(OO,11003,754.00),(OO,12280,717.00),(OO,12896,694.00),(DL,11433,664.00),(AA,14908,658.00),(AA,12889,657.00),(AA,14057,649.00),(AA,14683,641.00),(AA,11057,634.00),(AA,14908,628.00),(DL,12478,608.00),(AA,11057,579.00),(AA,14679,578.00),(AA,14683,547.00)]"
2025-02-17 00:00:00,1,11292,36978,5299,13.342419817188599,1899.0,"[(AA,14107,1899.00),(AA,11057,1489.00),(OO,11921,1120.00),(OO,11315,1087.00),(OO,12280,990.00),(OO,14877,986.00),(OO,10713,977.00),(OO,12177,975.00),(OO,12896,940.00),(OO,14457,931.00),(UA,12441,914.00),(AA,11057,910.00),(OO,10372,897.00),(OO,14877,889.00),(OO,13851,885.00),(OO,14747,873.00),(AA,11298,868.00),(OO,14869,867.00),(OO,15041,864.00),(OO,10279,859.00)]"
2025-02-17 00:00:00,2,11298,36178,5141,13.319807617889325,1490.0,"[(AA,12173,1490.00),(B6,10721,1412.00),(AA,13244,1175.00),(AA,11638,1147.00),(AA,12094,1144.00),(AA,13851,1098.00),(AA,14193,1078.00),(OH,12448,1058.00),(DL,12953,995.00),(OH,12278,983.00),(AA,10423,972.00),(F9,13232,971.00),(AA,11109,953.00),(OO,11109,945.00),(AA,10693,890.00),(AA,15096,877.00),(OH,12992,845.00),(DL,10721,831.00),(AA,13930,823.00),(OO,10728,812.00)]"
2025-02-17 00:00:00,3,10397,35014,5121,14.267036042725767,1300.0,"[(AA,13303,1300.00),(B6,10721,1204.00),(DL,14747,1188.00),(AA,11298,1095.00),(DL,12892,1061.00),(DL,14908,1036.00),(DL,14747,977.00),(DL,14771,976.00),(F9,11618,972.00),(F9,13303,968.00),(DL,12889,963.00),(DL,10792,921.00),(DL,14689,906.00),(DL,10208,888.00),(AA,12892,874.00),(OO,14696,852.00),(OO,10146,847.00),(DL,14831,845.00),(F9,11292,841.00),(DL,14771,836.00)]"
2025-02-17 00:00:00,4,13930,32142,4470,13.392943811834982,1546.0,"[(AA,12441,1546.00),(OO,14877,1320.00),(F9,11292,1273.00),(AA,11278,1051.00),(OO,13184,1012.00),(OO,15370,999.00),(OO,12559,964.00),(AA,10423,945.00),(OO,10693,933.00),(DL,14869,911.00),(AA,14492,899.00),(OO,11267,899.00),(OO,13342,898.00),(AA,11278,869.00),(OO,10693,864.00),(AA,13495,861.00),(OO,10693,853.00),(UA,11003,853.00),(F9,14107,847.00),(AA,14679,838.00)]"
2025-02-17 00:00:00,5,11278,16152,3053,18.312840515106487,1587.0,"[(AA,13930,1587.00),(DL,10397,1160.00),(OH,10257,1157.00),(DL,11433,1092.00),(OH,10781,1051.00),(DL,12892,1031.00),(DL,10397,995.00),(DL,11433,954.00),(UA,14771,949.00),(UA,12266,944.00),(AA,11057,925.00),(OH,10599,921.00),(DL,12892,914.00),(OH,10208,910.00),(DL,10397,894.00),(OH,10868,884.00),(OH,12448,863.00),(YX,12339,857.00),(DL,10397,841.00),(DL,12892,827.00)]"
2025-02-17 00:00:00,6,11057,24613,2951,10.122536870759355,1279.0,"[(AA,15016,1279.00),(AA,10257,1233.00),(F9,11298,1203.00),(AA,14100,1148.00),(DL,10397,1041.00),(AA,12478,1030.00),(OH,11973,1026.00),(DL,13487,986.00),(DL,10397,913.00),(OH,14685,865.00),(OH,11252,835.00),(AA,11433,754.00),(AA,10434,712.00),(MQ,15919,708.00),(AA,10721,706.00),(AA,10821,685.00),(OH,11267,685.00),(AA,11278,671.00),(AA,10529,669.00),(DL,10397,629.00)]"
2025-02-17 00:00:00,7,12889,22521,2741,10.28355756849163,1266.0,"[(OO,14893,1266.00),(G4,14457,1194.00),(DL,12478,1094.00),(G4,11193,1042.00),(G4,14314,1030.00),(G4,10408,964.00),(G4,11193,964.00),(G4,13367,952.00),(G4,10666,942.00),(AA,13930,893.00),(UA,11618,870.00),(AA,11298,853.00),(F9,11292,838.00),(HA,12173,814.00),(AA,13930,739.00),(F9,11292,737.00),(AA,13303,724.00),(AA,13930,719.00),(F9,13891,693.00),(B6,11697,645.00)]"
2025-02-17 00:00:00,8,13204,19630,2448,11.255629139072848,1196.0,"[(DL,11433,1196.00),(AA,13303,1019.00),(DL,11433,1000.00),(AA,13930,945.00),(UA,13930,904.00),(UA,12266,902.00),(F9,11292,877.00),(UA,13930,775.00),(DL,10397,752.00),(UA,12266,699.00),(AA,11298,530.00),(UA,11618,521.00),(DL,10397,519.00),(AA,11298,502.00),(DL,10397,502.00),(F9,15016,496.00),(AA,11278,490.00),(AA,14100,484.00),(B6,10721,484.00),(F9,14843,471.00)]"
2025-02-17 00:00:00,9,12892,22579,2269,7.540590814473626,1146.0,"[(F9,14107,1146.00),(DL,12478,1118.00),(AA,12478,1104.00),(OO,10372,1065.00),(AA,11278,990.00),(AA,13930,972.00),(AA,14100,940.00),(OO,10372,885.00),(OO,10372,878.00),(AA,13303,849.00),(OO,15376,755.00),(OO,10140,738.00),(OO,10372,733.00),(AA,10397,732.00),(OO,14679,729.00),(UA,13930,702.00),(AA,13930,692.00),(AA,14107,646.00),(UA,11618,634.00),(AA,13303,617.00)]"
2025-02-17 00:00:00,10,14107,24187,2136,6.388597180303469,1163.0,"[(B6,11697,1163.00),(DL,14869,963.00),(AA,10423,891.00),(F9,13930,871.00),(AA,14262,867.00),(OO,14698,796.00),(OO,11003,754.00),(OO,12280,717.00),(OO,12896,694.00),(DL,11433,664.00),(AA,14908,658.00),(AA,12889,657.00),(AA,14057,649.00),(AA,14683,641.00),(AA,11057,634.00),(AA,14908,628.00),(B6,10721,627.00),(DL,12478,608.00),(AA,11057,579.00),(AA,14679,578.00)]"
2025-02-18 00:00:00,1,11292,37842,5582,13.78254320596163,1899.0,"[(AA,14107,1899.00),(AA,11057,1489.00),(OO,11921,1120.00),(OO,11315,1087.00),(OO,12280,990.00),(OO,14877,986.00),(OO,10713,977.00),(OO,12177,975.00),(OO,12896,940.00),(OO,14457,931.00),(UA,12441,914.00),(AA,11057,910.00),(OO,10372,897.00),(OO,14877,889.00),(OO,13851,885.00),(OO,14747,873.00),(AA,11298,868.00),(OO,14869,867.00),(OO,15041,864.00),(OO,10279,859.00)]"
2025-02-18 00:00:00,2,10397,35891,5390,14.680449137666825,1300.0,"[(AA,13303,1300.00),(B6,10721,1204.00),(DL,14747,1188.00),(AA,11298,1095.00),(DL,12892,1061.00),(DL,14908,1036.00),(DL,14747,977.00),(DL,14771,976.00),(F9,11618,972.00),(F9,13303,968.00),(DL,12889,963.00),(DL,10792,921.00),(DL,14689,906.00),(DL,10208,888.00),(AA,12892,874.00),(OO,14696,852.00),(OO,10146,847.00),(DL,14831,845.00),(F9,11292,841.00),(DL,14771,836.00)]"
2025-02-18 00:00:00,3,11298,37058,5322,13.51435587457499,1490.0,"[(AA,12173,1490.00),(B6,10721,1412.00),(AA,14492,1272.00),(AA,13244,1175.00),(AA,11638,1147.00),(AA,12094,1144.00),(AA,13851,1098.00),(AA,14193,1078.00),(OH,12448,1058.00),(DL,12953,995.00),(OH,12278,983.00),(AA,10423,972.00),(F9,13232,971.00),(AA,11109,953.00),(OO,11109,945.00),(DL,14869,910.00),(AA,10693,890.00),(AA,15096,877.00),(OH,12992,845.00),(DL,10721,831.00)]"
2025-02-18 00:00:00,4,13930,32891,4718,13.928521480040132,1546.0,"[(AA,12441,1546.00),(OO,14877,1320.00),(F9,11292,1273.00),(AA,11278,1051.00),(OO,13184,1012.00),(OO,15370,999.00),(OO,12559,964.00),(AA,10423,945.00),(OO,10693,933.00),(DL,14869,911.00),(AA,10423,907.00),(AA,14492,899.00),(OO,11267,899.00),(OO,13342,898.00),(AA,11278,869.00),(AA,11057,867.00),(OO,10693,864.00),(AA,13495,861.00),(OO,10693,853.00),(UA,11003,853.00)]"
2025-02-18 00:00:00,5,11278,16510,3203,18.81938219261054,1587.0,"[(AA,13930,1587.00),(DL,10397,1160.00),(OH,10257,1157.00),(DL,11433,1092.00),(OH,10781,1051.00),(DL,12892,1031.00),(DL,10397,995.00),(DL,11433,954.00),(UA,14771,949.00),(UA,12266,944.00),(AA,11057,925.00),(OH,10599,921.00),(DL,12892,914.00),(OH,10208,910.00),(DL,10397,894.00),(OH,10868,884.00),(OH,12448,863.00),(YX,12339,857.00),(DL,10397,841.00),(DL,12892,827.00)]"
2025-02-18 00:00:00,6,11057,25187,3095,10.448842656926193,1279.0,"[(AA,15016,1279.00),(AA,10257,1233.00),(F9,11298,1203.00),(AA,14100,1148.00),(DL,10397,1041.00),(AA,12478,1030.00),(OH,11973,1026.00),(DL,13487,986.00),(DL,10397,913.00),(OH,14685,865.00),(OH,11252,835.00),(AA,11433,754.00),(AA,10434,712.00),(MQ,15919,708.00),(AA,10721,706.00),(AA,10821,685.00),(OH,11267,685.00),(AA,11278,671.00),(AA,10529,669.00),(DL,10397,629.00)]"
2025-02-18 00:00:00,7,12889,23101,2865,10.467555517077184,1266.0,"[(OO,14893,1266.00),(G4,14457,1194.00),(DL,12478,1094.00),(G4,11193,1042.00),(G4,14314,1030.00),(G4,10408,964.00),(G4,11193,964.00),(G4,13367,952.00),(G4,10666,942.00),(AA,13930,893.00),(UA,11618,870.00),(AA,11298,853.00),(F9,11292,838.00),(HA,12173,814.00),(AA,13930,739.00),(F9,11292,737.00),(AA,13303,724.00),(AA,13930,719.00),(F9,13891,693.00),(B6,11697,645.00)]"
2025-02-18 00:00:00,8,13204,20114,2626,11.983046634185145,1196.0,"[(DL,11433,1196.00),(AA,13303,1019.00),(DL,11433,1000.00),(AA,13930,945.00),(UA,13930,904.00),(UA,12266,902.00),(F9,11292,877.00),(UA,13930,775.00),(DL,10397,752.00),(UA,12266,699.00),(AA,11298,530.00),(UA,11618,521.00),(DL,10397,519.00),(AA,11298,502.00),(DL,10397,502.00),(F9,15016,496.00),(AA,11278,490.00),(AA,14100,484.00),(B6,10721,484.00),(F9,14843,471.00)]"
2025-02-18 00:00:00,9,12892,23104,2337,7.548952562326869,1146.0,"[(F9,14107,1146.00),(DL,12478,1118.00),(AA,12478,1104.00),(OO,10372,1065.00),(AA,11278,990.00),(AA,13930,972.00),(AA,14100,940.00),(OO,10372,885.00),(OO,10372,878.00),(AA,13303,849.00),(OO,15376,755.00),(OO,10140,738.00),(OO,10372,733.00),(AA,10397,732.00),(OO,14679,729.00),(UA,13930,702.00),(AA,13930,692.00),(AA,14107,646.00),(UA,11618,634.00),(AA,13303,617.00)]"
2025-02-18 00:00:00,10,14107,24804,2256,6.629616190936946,1163.0,"[(B6,11697,1163.00),(DL,14869,963.00),(AA,10423,891.00),(F9,13930,871.00),(AA,14262,867.00),(OO,14698,796.00),(OO,11003,754.00),(OO,12280,717.00),(OO,12896,694.00),(DL,11433,664.00),(AA,14908,658.00),(AA,12889,657.00),(AA,14057,649.00),(AA,14683,641.00),(AA,11057,634.00),(AA,14908,628.00),(B6,10721,627.00),(DL,12478,608.00),(AA,11057,579.00),(AA,14679,578.00)]"
2025-02-19 00:00:00,1,11292,38606,5794,14.13044604465627,1899.0,"[(AA,14107,1899.00),(AA,11057,1489.00),(OO,11921,1120.00),(OO,11315,1087.00),(OO,12280,990.00),(OO,14877,986.00),(OO,10713,977.00),(OO,12177,975.00),(OO,12896,940.00),(OO,14457,931.00),(UA,12441,914.00),(AA,11057,910.00),(DL,12953,901.00),(OO,10372,897.00),(OO,14877,889.00),(OO,13851,885.00),(OO,14747,873.00),(AA,11298,868.00),(OO,14869,867.00),(OO,15041,864.00)]"
2025-02-19 00:00:00,2,10397,36697,5525,14.71872360138431,1300.0,"[(AA,13303,1300.00),(B6,10721,1204.00),(DL,14747,1188.00),(AA,11298,1095.00),(DL,12892,1061.00),(DL,14908,1036.00),(DL,14747,977.00),(DL,14771,976.00),(F9,11618,972.00),(F9,13303,968.00),(DL,12889,963.00),(DL,10792,921.00),(DL,14689,906.00),(DL,10208,888.00),(AA,12892,874.00),(OO,14696,852.00),(OO,10146,847.00),(DL,14831,845.00),(F9,11292,841.00),(DL,14771,836.00)]"
2025-02-19 00:00:00,3,11298,37720,5470,13.666171792152705,1490.0,"[(AA,12173,1490.00),(B6,10721,1412.00),(AA,14492,1272.00),(AA,13244,1175.00),(AA,11638,1147.00),(AA,12094,1144.00),(AA,13851,1098.00),(AA,14193,1078.00),(OH,12448,1058.00),(DL,12953,995.00),(OH,12278,983.00),(AA,10423,972.00),(F9,13232,971.00),(DL,12953,964.00),(AA,11109,953.00),(OO,11109,945.00),(DL,14869,910.00),(AA,10693,890.00),(AA,15096,877.00),(OH,12992,845.00)]"
2025-02-19 00:00:00,4,13930,33558,4814,13.92931640741403,1546.0,"[(AA,12441,1546.00),(OO,14877,1320.00),(F9,11292,1273.00),(AA,11278,1051.00),(OO,13184,1012.00),(OO,15370,999.00),(OO,12559,964.00),(AA,10423,945.00),(OO,10693,933.00),(DL,14869,911.00),(AA,10423,907.00),(AA,14492,899.00),(OO,11267,899.00),(OO,13342,898.00),(AA,11278,869.00),(AA,11057,867.00),(OO,10693,864.00),(AA,13495,861.00),(OO,10693,853.00),(UA,11003,853.00)]"
2025-02-19 00:00:00,5,11278,16907,3282,18.773644052759213,1587.0,"[(AA,13930,1587.00),(DL,10397,1160.00),(OH,10257,1157.00),(DL,11433,1092.00),(OH,10781,1051.00),(DL,12892,1031.00),(DL,10397,995.00),(DL,11433,954.00),(UA,14771,949.00),(UA,12266,944.00),(AA,11057,925.00),(OH,10599,921.00),(DL,12892,914.00),(OH,10208,910.00),(DL,10397,894.00),(OH,10868,884.00),(OH,12448,863.00),(YX,12339,857.00),(DL,10397,841.00),(DL,12892,827.00)]"
2025-02-19 00:00:00,6,11057,25710,3135,10.3560482302606,1279.0,"[(AA,15016,1279.00),(AA,10257,1233.00),(F9,11298,1203.00),(AA,14100,1148.00),(DL,10397,1041.00),(AA,12478,1030.00),(OH,11973,1026.00),(DL,13487,986.00),(DL,10397,913.00),(OH,14685,865.00),(OH,11252,835.00),(AA,11433,754.00),(AA,10434,712.00),(MQ,15919,708.00),(AA,10721,706.00),(AA,10821,685.00),(OH,11267,685.00),(AA,11278,671.00),(AA,10529,669.00),(DL,10397,629.00)]"
2025-02-19 00:00:00,7,12889,23587,2912,10.36626107601645,1266.0,"[(OO,14893,1266.00),(G4,14457,1194.00),(DL,12478,1094.00),(G4,11193,1042.00),(G4,14314,1030.00),(G4,10408,964.00),(G4,11193,964.00),(G4,13367,952.00),(G4,10666,942.00),(AA,13930,893.00),(UA,11618,870.00),(AA,11298,853.00),(F9,11292,838.00),(HA,12173,814.00),(AA,13930,739.00),(F9,11292,737.00),(AA,13303,724.00),(AA,13930,719.00),(F9,13891,693.00),(B6,11697,645.00)]"
2025-02-19 00:00:00,8,13204,20554,2703,12.047922545489929,1196.0,"[(DL,11433,1196.00),(AA,13303,1019.00),(DL,11433,1000.00),(AA,13930,945.00),(UA,13930,904.00),(UA,12266,902.00),(F9,11292,877.00),(DL,10397,811.00),(UA,13930,775.00),(DL,10397,752.00),(UA,12266,699.00),(AA,11298,530.00),(UA,11618,521.00),(DL,10397,519.00),(AA,11298,502.00),(DL,10397,502.00),(F9,15016,496.00),(AA,11278,490.00),(AA,14100,484.00),(B6,10721,484.00)]"
2025-02-19 00:00:00,9,12892,23577,2387,7.546549603427069,1146.0,"[(F9,14107,1146.00),(DL,12478,1118.00),(AA,12478,1104.00),(OO,10372,1065.00),(AA,11278,990.00),(AA,13930,972.00),(AA,14100,940.00),(OO,10372,885.00),(OO,10372,878.00),(AA,13303,849.00),(OO,15376,755.00),(OO,10140,738.00),(OO,10372,733.00),(AA,10397,732.00),(OO,14679,729.00),(UA,13930,702.00),(AA,13930,692.00),(AA,14107,646.00),(UA,11618,634.00),(AA,13303,617.00)]"
2025-02-19 00:00:00,10,14107,25338,2307,6.689280921935433,1163.0,"[(B6,11697,1163.00),(DL,14869,963.00),(AA,10423,891.00),(F9,13930,871.00),(AA,14262,867.00),(OO,14698,796.00),(OO,11003,754.00),(OO,12280,717.00),(OO,12896,694.00),(DL,11433,664.00),(AA,14908,658.00),(AA,12889,657.00),(AA,14057,649.00),(AA,14683,641.00),(AA,11057,634.00),(AA,14908,628.00),(B6,10721,627.00),(DL,12478,608.00),(AA,11298,596.00),(AA,11057,579.00)]"
2025-02-20 00:00:00,1,11292,39389,5965,14.362436213155958,1899.0,"[(AA,14107,1899.00),(AA,11057,1489.00),(OO,11921,1120.00),(OO,11315,1087.00),(OO,12280,990.00),(OO,14877,986.00),(OO,10713,977.00),(OO,12177,975.00),(OO,12896,940.00),(OO,14457,931.00),(UA,12441,914.00),(AA,11057,910.00),(DL,12953,901.00),(OO,10372,897.00),(OO,14877,889.00),(OO,13851,885.00),(OO,14747,873.00),(AA,11298,868.00),(OO,14869,867.00),(OO,15041,864.00)]"
2025-02-20 00:00:00,2,11298,38416,5797,14.302764473136193,1490.0,"[(AA,12173,1490.00),(B6,10721,1412.00),(AA,14492,1272.00),(AA,13244,1175.00),(AA,11638,1147.00),(AA,12094,1144.00),(AA,13851,1098.00),(AA,14193,1078.00),(OH,12448,1058.00),(DL,12953,995.00),(OH,12278,983.00),(AA,10423,972.00),(F9,13232,971.00),(DL,12953,964.00),(AA,11109,953.00),(OO,11109,945.00),(DL,14869,910.00),(AA,10693,890.00),(AA,15096,877.00),(OH,12992,845.00)]"
2025-02-20 00:00:00,3,10397,37491,5659,14.806540236323384,1300.0,"[(AA,13303,1300.00),(B6,10721,1204.00),(DL,14747,1188.00),(AA,11298,1095.00),(DL,12892,1062.00),(DL,12892,1061.00),(DL,14908,1036.00),(DL,14747,977.00),(DL,14771,976.00),(F9,11618,972.00),(F9,13303,968.00),(DL,12889,963.00),(DL,10792,921.00),(DL,14689,906.00),(DL,10208,888.00),(AA,12892,874.00),(OO,14696,852.00),(OO,10146,847.00),(DL,14831,845.00),(F9,11292,841.00)]"
2025-02-20 00:00:00,4,13930,34249,4914,14.01868667698327,1986.0,"[(AA,14100,1986.00),(AA,12441,1546.00),(OO,14877,1320.00),(F9,11292,1273.00),(AA,11278,1051.00),(B6,12478,1018.00),(OO,13184,1012.00),(OO,15370,999.00),(OO,12559,964.00),(AA,10423,945.00),(OO,10693,933.00),(DL,14869,911.00),(AA,10423,907.00),(AA,14492,899.00),(OO,11267,899.00),(OO,13342,898.00),(AA,11278,869.00),(AA,11057,867.00),(OO,10693,864.00),(AA,13495,861.00)]"
2025-02-20 00:00:00,5,11278,17278,3389,19.046822548906125,1587.0,"[(AA,13930,1587.00),(DL,10397,1160.00),(OH,10257,1157.00),(DL,11433,1092.00),(OH,10781,1051.00),(DL,12892,1031.00),(DL,10397,995.00),(DL,11433,954.00),(UA,14771,949.00),(UA,12266,944.00),(AA,11057,925.00),(OH,10599,921.00),(DL,12892,914.00),(OH,10208,910.00),(DL,10397,894.00),(OH,10868,884.00),(OH,12448,863.00),(YX,12339,857.00),(DL,10397,841.00),(DL,12892,827.00)]"
2025-02-20 00:00:00,6,11057,26148,3209,10.448791494569374,1279.0,"[(AA,15016,1279.00),(AA,10257,1233.00),(F9,11298,1203.00),(AA,14100,1148.00),(DL,10397,1041.00),(AA,12478,1030.00),(OH,11973,1026.00),(DL,13487,986.00),(DL,10397,913.00),(OH,14685,865.00),(OH,11252,835.00),(AA,11433,754.00),(AA,12323,738.00),(AA,10434,712.00),(MQ,15919,708.00),(AA,10721,706.00),(AA,10821,685.00),(OH,11267,685.00),(AA,11278,671.00),(AA,10529,669.00)]"
2025-02-20 00:00:00,7,12889,24042,2951,10.312744364029616,1266.0,"[(OO,14893,1266.00),(G4,14457,1194.00),(DL,12478,1094.00),(G4,11193,1042.00),(DL,10397,1030.00),(G4,14314,1030.00),(G4,10408,964.00),(G4,11193,964.00),(G4,13367,952.00),(G4,10666,942.00),(AA,13930,893.00),(UA,11618,870.00),(AA,11298,853.00),(F9,11292,838.00),(HA,12173,814.00),(AA,13930,739.00),(F9,11292,737.00),(AA,13303,724.00),(AA,13930,719.00),(F9,13891,693.00)]"
2025-02-20 00:00:00,8,13204,20977,2768,12.06397482957525,1196.0,"[(DL,11433,1196.00),(AA,13303,1019.00),(DL,11433,1000.00),(AA,13930,945.00),(UA,13930,904.00),(UA,12266,902.00),(F9,11292,877.00),(DL,10397,811.00),(UA,13930,775.00),(DL,10397,752.00),(UA,12266,699.00),(AA,11298,530.00),(UA,11618,521.00),(DL,10397,519.00),(AA,11298,502.00),(DL,10397,502.00),(F9,15016,496.00),(AA,11278,490.00),(AA,14100,484.00),(B6,10721,484.00)]"
2025-02-20 00:00:00,9,12892,24051,2438,7.621678932268929,1146.0,"[(F9,14107,1146.00),(DL,12478,1118.00),(AA,12478,1104.00),(OO,10372,1065.00),(AA,11278,990.00),(AA,13930,972.00),(AA,14100,940.00),(OO,10372,885.00),(OO,10372,878.00),(AA,13303,849.00),(AA,10397,756.00),(OO,15376,755.00),(OO,10140,738.00),(OO,10372,733.00),(AA,10397,732.00),(OO,14679,729.00),(UA,13930,702.00),(AA,13930,692.00),(AA,14107,646.00),(UA,11618,634.00)]"
2025-02-20 00:00:00,10,14107,25895,2363,6.6972774666924115,1163.0,"[(B6,11697,1163.00),(DL,14869,963.00),(AA,10423,891.00),(F9,13930,871.00),(AA,14262,867.00),(OO,14698,796.00),(OO,11003,754.00),(OO,12280,717.00),(OO,12896,694.00),(DL,11433,664.00),(AA,14908,658.00),(AA,12889,657.00),(AA,14057,649.00),(AA,14683,641.00),(AA,11057,634.00),(AA,14908,628.00),(B6,10721,627.00),(DL,12478,608.00),(AA,11298,596.00),(AA,11057,579.00)]"
2025-02-21 00:00:00,1,11292,40245,6109,14.40365262765561,1899.0,"[(AA,14107,1899.00),(AA,11057,1489.00),(OO,11921,1120.00),(OO,11315,1087.00),(MQ,14107,998.00),(OO,12280,990.00),(OO,14877,986.00),(OO,10713,977.00),(OO,12177,975.00),(OO,12896,940.00),(OO,14457,931.00),(UA,12441,914.00),(AA,11057,910.00),(DL,12953,901.00),(OO,10372,897.00),(OO,14877,889.00),(OO,13851,885.00),(OO,14747,873.00),(AA,11298,868.00),(OO,14869,867.00)]"
2025-02-21 00:00:00,2,11298,39300,6020,14.503180661577607,1490.0,"[(AA,12173,1490.00),(B6,10721,1412.00),(AA,14492,1272.00),(AA,13244,1175.00),(AA,11638,1147.00),(AA,12094,1144.00),(AA,13851,1098.00),(AA,14193,1078.00),(OH,12448,1058.00),(DL,12953,995.00),(OH,12278,983.00),(AA,10423,972.00),(F9,13232,971.00),(DL,12953,964.00),(AA,11109,953.00),(OO,11109,945.00),(DL,14869,910.00),(AA,10693,890.00),(AA,15096,877.00),(OH,12992,845.00)]"
2025-02-21 00:00:00,3,10397,38376,5860,14.937591202835105,1300.0,"[(AA,13303,1300.00),(B6,10721,1204.00),(DL,14747,1188.00),(AA,11298,1095.00),(DL,12892,1062.00),(DL,12892,1061.00),(DL,14908,1036.00),(DL,14747,977.00),(DL,14771,976.00),(F9,11618,972.00),(F9,13303,968.00),(DL,12889,963.00),(DL,10792,921.00),(DL,14689,906.00),(DL,10208,888.00),(AA,12892,874.00),(OO,14696,852.00),(OO,10146,847.00),(DL,14831,845.00),(F9,11292,841.00)]"
2025-02-21 00:00:00,4,13930,35017,5052,14.04200816746152,1986.0,"[(AA,14100,1986.00),(AA,12441,1546.00),(OO,14877,1320.00),(F9,11292,1273.00),(AA,11278,1051.00),(B6,12478,1018.00),(OO,13184,1012.00),(OO,15370,999.00),(OO,12559,964.00),(AA,10423,945.00),(OO,10693,933.00),(DL,14869,911.00),(AA,10423,907.00),(AA,14492,899.00),(OO,11267,899.00),(OO,13342,898.00),(AA,11278,869.00),(AA,11057,867.00),(OO,10693,864.00),(AA,13495,861.00)]"
2025-02-21 00:00:00,5,11278,17656,3531,19.75266198459447,1587.0,"[(AA,13930,1587.00),(DL,10397,1160.00),(OH,10257,1157.00),(DL,11433,1092.00),(OH,10781,1051.00),(DL,12892,1031.00),(DL,10397,995.00),(B6,14027,976.00),(DL,11433,954.00),(UA,14771,949.00),(UA,12266,944.00),(B6,11697,933.00),(AA,11057,925.00),(OH,10599,921.00),(AA,12953,918.00),(DL,12892,914.00),(OH,10208,910.00),(DL,10397,894.00),(OH,10868,884.00),(OH,12448,863.00)]"
2025-02-21 00:00:00,6,11057,26629,3413,10.964700138946261,1279.0,"[(AA,15016,1279.00),(AA,10257,1233.00),(F9,11298,1203.00),(AA,14100,1148.00),(DL,10397,1041.00),(AA,12478,1030.00),(OH,11973,1026.00),(DL,13487,986.00),(DL,10397,913.00),(OH,14685,865.00),(OH,11252,835.00),(AA,11433,754.00),(AA,12323,738.00),(AA,10434,712.00),(MQ,15919,708.00),(AA,10721,706.00),(AA,10821,685.00),(OH,11267,685.00),(AA,11278,671.00),(AA,10529,669.00)]"
2025-02-21 00:00:00,7,12889,24605,3023,10.391587075797602,1266.0,"[(OO,14893,1266.00),(G4,14457,1194.00),(DL,12478,1094.00),(G4,11193,1042.00),(DL,10397,1030.00),(G4,14314,1030.00),(G4,10408,964.00),(G4,11193,964.00),(G4,13367,952.00),(G4,10666,942.00),(AA,13930,893.00),(UA,11618,870.00),(AA,11298,853.00),(F9,11292,838.00),(F9,14107,826.00),(HA,12173,814.00),(AA,13930,739.00),(F9,11292,737.00),(AA,13303,724.00),(AA,13930,719.00)]"
2025-02-21 00:00:00,8,13204,21456,2845,12.049310216256526,1196.0,"[(DL,11433,1196.00),(AA,13303,1019.00),(DL,11433,1000.00),(AA,13930,945.00),(UA,13930,904.00),(UA,12266,902.00),(F9,11292,877.00),(DL,10397,811.00),(UA,13930,775.00),(DL,10397,752.00),(UA,12266,699.00),(AA,11298,530.00),(UA,11618,521.00),(DL,10397,519.00),(AA,11298,502.00),(DL,10397,502.00),(F9,15016,496.00),(AA,11278,490.00),(AA,14100,484.00),(B6,10721,484.00)]"
2025-02-21 00:00:00,9,12892,24575,2484,7.61440488301119,1146.0,"[(F9,14107,1146.00),(DL,12478,1118.00),(AA,12478,1104.00),(OO,10372,1065.00),(AA,11278,990.00),(AA,13930,972.00),(AA,14100,940.00),(OO,10372,885.00),(OO,10372,878.00),(AA,13303,849.00),(AA,10397,756.00),(OO,15376,755.00),(OO,10140,738.00),(OO,10372,733.00),(AA,10397,732.00),(OO,14679,729.00),(UA,13930,702.00),(AA,13930,692.00),(AA,14107,646.00),(UA,11618,634.00)]"
2025-02-21 00:00:00,10,14107,26504,2466,6.844815876848777,1163.0,"[(B6,11697,1163.00),(DL,14869,963.00),(AA,10423,891.00),(F9,13930,871.00),(AA,14262,867.00),(OO,14698,796.00),(OO,11003,754.00),(OO,12280,717.00),(OO,12896,694.00),(DL,11433,664.00),(AA,14908,658.00),(AA,12889,657.00),(AA,14057,649.00),(AA,14683,641.00),(AA,11057,634.00),(AA,14908,628.00),(B6,10721,627.00),(DL,12478,608.00),(AA,11298,596.00),(AA,11057,579.00)]"
2025-02-22 00:00:00,1,11292,41125,6204,14.296170212765958,1899.0,"[(AA,14107,1899.00),(AA,11057,1489.00),(OO,11921,1120.00),(OO,11315,1087.00),(MQ,14107,998.00),(OO,12280,990.00),(OO,14877,986.00),(OO,10713,977.00),(OO,12177,975.00),(OO,12896,940.00),(OO,14457,931.00),(UA,12441,914.00),(AA,11057,910.00),(DL,12953,901.00),(OO,10372,897.00),(OO,14877,889.00),(OO,13851,885.00),(OO,14747,873.00),(AA,11298,868.00),(OO,14869,867.00)]"
2025-02-22 00:00:00,2,11298,40193,6180,14.630159480506556,1490.0,"[(AA,12173,1490.00),(B6,10721,1412.00),(AA,14492,1272.00),(AA,13244,1175.00),(AA,11638,1147.00),(AA,12094,1144.00),(AA,13851,1098.00),(AA,14193,1078.00),(OH,12448,1058.00),(DL,12953,995.00),(OH,12278,983.00),(AA,10423,972.00),(F9,13232,971.00),(DL,12953,964.00),(AA,11109,953.00),(OO,11109,945.00),(DL,14869,910.00),(AA,10693,890.00),(AA,15096,877.00),(OH,12992,845.00)]"
2025-02-22 00:00:00,3,10397,39264,5977,14.85314792176039,1300.0,"[(AA,13303,1300.00),(B6,10721,1204.00),(DL,14747,1188.00),(AA,11298,1095.00),(DL,12892,1062.00),(DL,12892,1061.00),(DL,14908,1036.00),(DL,14747,977.00),(DL,14771,976.00),(F9,11618,972.00),(F9,13303,968.00),(DL,12889,963.00),(DL,10792,921.00),(DL,14689,906.00),(DL,10208,888.00),(AA,12892,874.00),(OO,14696,852.00),(OO,10146,847.00),(DL,14831,845.00),(F9,11292,841.00)]"
2025-02-22 00:00:00,4,13930,35793,5168,14.015645517279916,1986.0,"[(AA,14100,1986.00),(AA,12441,1546.00),(OO,14877,1320.00),(F9,11292,1273.00),(AA,11278,1051.00),(B6,12478,1018.00),(OO,13184,1012.00),(OO,15370,999.00),(OO,12559,964.00),(AA,10423,945.00),(OO,10693,933.00),(DL,14869,911.00),(AA,10423,907.00),(AA,14492,899.00),(OO,11267,899.00),(OO,13342,898.00),(AA,11278,869.00),(AA,11057,867.00),(OO,10693,864.00),(AA,13495,861.00)]"
2025-02-22 00:00:00,5,11278,18056,3625,19.759525919361984,1587.0,"[(AA,13930,1587.00),(DL,10397,1160.00),(OH,10257,1157.00),(DL,11433,1092.00),(OH,10781,1051.00),(DL,12892,1031.00),(DL,10397,995.00),(B6,14027,976.00),(DL,11433,954.00),(UA,14771,949.00),(UA,12266,944.00),(B6,11697,933.00),(AA,11057,925.00),(OH,10599,921.00),(AA,12953,918.00),(DL,12892,914.00),(OH,10208,910.00),(DL,10397,894.00),(OH,10868,884.00),(OH,12448,863.00)]"
2025-02-22 00:00:00,6,11057,27218,3493,10.986001910500404,1279.0,"[(AA,15016,1279.00),(AA,10257,1233.00),(F9,11298,1203.00),(AA,14100,1148.00),(DL,10397,1041.00),(AA,12478,1030.00),(OH,11973,1026.00),(DL,13487,986.00),(DL,10397,913.00),(OH,14685,865.00),(OH,11252,835.00),(AA,11433,754.00),(AA,12323,738.00),(AA,10434,712.00),(MQ,15919,708.00),(AA,10721,706.00),(AA,10821,685.00),(OH,11267,685.00),(AA,11278,671.00),(AA,10529,669.00)]"
2025-02-22 00:00:00,7,12889,25182,3068,10.246366452227782,1266.0,"[(OO,14893,1266.00),(G4,14457,1194.00),(DL,12478,1094.00),(G4,11193,1042.00),(DL,10397,1030.00),(G4,14314,1030.00),(G4,10408,964.00),(G4,11193,964.00),(G4,13367,952.00),(G4,10666,942.00),(AA,13930,893.00),(UA,11618,870.00),(AA,11298,853.00),(F9,11292,838.00),(F9,14107,826.00),(HA,12173,814.00),(AA,13930,739.00),(F9,11292,737.00),(AA,13303,724.00),(AA,13930,719.00)]"
2025-02-22 00:00:00,8,13204,21951,2881,11.858411917452507,1196.0,"[(DL,11433,1196.00),(AA,13303,1019.00),(DL,11433,1000.00),(AA,13930,945.00),(UA,13930,904.00),(UA,12266,902.00),(F9,11292,877.00),(DL,10397,811.00),(UA,13930,775.00),(DL,10397,752.00),(UA,12266,699.00),(AA,11298,530.00),(UA,11618,521.00),(DL,10397,519.00),(AA,11298,502.00),(DL,10397,502.00),(F9,15016,496.00),(AA,11278,490.00),(AA,14100,484.00),(B6,10721,484.00)]"
2025-02-22 00:00:00,9,12892,25105,2517,7.499024098785102,1146.0,"[(F9,14107,1146.00),(DL,12478,1118.00),(AA,12478,1104.00),(OO,10372,1065.00),(AA,11278,990.00),(AA,13930,972.00),(AA,14100,940.00),(OO,10372,885.00),(OO,10372,878.00),(AA,13303,849.00),(AA,10397,756.00),(OO,15376,755.00),(OO,10140,738.00),(OO,10372,733.00),(AA,10397,732.00),(OO,14679,729.00),(UA,13930,702.00),(AA,13930,692.00),(AA,14107,646.00),(UA,11618,634.00)]"
2025-02-22 00:00:00,10,14107,27127,2511,6.77804401518782,1163.0,"[(B6,11697,1163.00),(DL,14869,963.00),(AA,10423,891.00),(F9,13930,871.00),(AA,14262,867.00),(OO,14698,796.00),(OO,11003,754.00),(OO,12280,717.00),(OO,12896,694.00),(DL,11433,664.00),(AA,14908,658.00),(AA,12889,657.00),(AA,14057,649.00),(AA,14683,641.00),(AA,11057,634.00),(AA,14908,628.00),(B6,10721,627.00),(DL,12478,608.00),(AA,11298,596.00),(AA,11057,579.00)]"
2025-02-23 00:00:00,1,11298,40937,6253,14.492024330068153,1490.0,"[(AA,12173,1490.00),(B6,10721,1412.00),(AA,14492,1272.00),(AA,13244,1175.00),(AA,11638,1147.00),(AA,12094,1144.00),(AA,13851,1098.00),(AA,14193,1078.00),(OH,12448,1058.00),(DL,12953,995.00),(OH,12278,983.00),(AA,10423,972.00),(F9,13232,971.00),(DL,12953,964.00),(AA,11109,953.00),(OO,11109,945.00),(DL,14869,910.00),(AA,10693,890.00),(AA,15096,877.00),(OH,12992,845.00)]"
2025-02-23 00:00:00,2,11292,41891,6248,14.14836122317443,1899.0,"[(AA,14107,1899.00),(AA,11057,1489.00),(OO,11921,1120.00),(OO,11315,1087.00),(MQ,14107,998.00),(OO,12280,990.00),(OO,14877,986.00),(OO,10713,977.00),(OO,12177,975.00),(OO,12896,940.00),(OO,14457,931.00),(UA,12441,914.00),(AA,11057,910.00),(DL,12953,901.00),(OO,10372,897.00),(OO,14877,889.00),(OO,13851,885.00),(OO,14747,873.00),(AA,11298,868.00),(OO,14869,867.00)]"
2025-02-23 00:00:00,3,10397,39968,6027,14.677041633306645,1300.0,"[(AA,13303,1300.00),(B6,10721,1204.00),(DL,14747,1188.00),(AA,11298,1095.00),(DL,12892,1062.00),(DL,12892,1061.00),(DL,14908,1036.00),(DL,14747,977.00),(DL,14771,976.00),(F9,11618,972.00),(F9,13303,968.00),(DL,12889,963.00),(DL,10792,921.00),(DL,14689,906.00),(DL,10208,888.00),(AA,12892,874.00),(OO,14696,852.00),(OO,10146,847.00),(DL,14831,845.00),(F9,11292,841.00)]"
2025-02-23 00:00:00,4,13930,36436,5219,13.853825886485893,1986.0,"[(AA,14100,1986.00),(AA,12441,1546.00),(OO,14877,1320.00),(F9,11292,1273.00),(AA,11278,1051.00),(B6,12478,1018.00),(OO,13184,1012.00),(OO,15370,999.00),(OO,12559,964.00),(AA,10423,945.00),(OO,10693,933.00),(DL,14869,911.00),(AA,10423,907.00),(AA,14492,899.00),(OO,11267,899.00),(OO,13342,898.00),(AA,11278,869.00),(AA,11057,867.00),(OO,10693,864.00),(AA,13495,861.00)]"
2025-02-23 00:00:00,5,11278,18353,3673,19.65951070669645,1587.0,"[(AA,13930,1587.00),(DL,10397,1160.00),(OH,10257,1157.00),(DL,11433,1092.00),(OH,10781,1051.00),(DL,12892,1031.00),(DL,10397,995.00),(B6,14027,976.00),(DL,11433,954.00),(UA,14771,949.00),(UA,12266,944.00),(B6,11697,933.00),(AA,11057,925.00),(OH,10599,921.00),(AA,12953,918.00),(DL,12892,914.00),(OH,10208,910.00),(DL,10397,894.00),(OH,10868,884.00),(OH,12448,863.00)]"
2025-02-23 00:00:00,6,11057,27752,3546,10.937914384548861,1279.0,"[(AA,15016,1279.00),(AA,10257,1233.00),(F9,11298,1203.00),(AA,14100,1148.00),(DL,10397,1041.00),(AA,12478,1030.00),(OH,11973,1026.00),(DL,13487,986.00),(DL,10397,913.00),(OH,14685,865.00),(OH,11252,835.00),(AA,11433,754.00),(AA,12323,738.00),(AA,10434,712.00),(MQ,15919,708.00),(AA,10721,706.00),(AA,10821,685.00),(OH,11267,685.00),(AA,11278,671.00),(AA,10529,669.00)]"
2025-02-23 00:00:00,7,12889,25629,3088,10.078973038354988,1266.0,"[(OO,14893,1266.00),(G4,14457,1194.00),(DL,12478,1094.00),(G4,11193,1042.00),(DL,10397,1030.00),(G4,14314,1030.00),(G4,10408,964.00),(G4,11193,964.00),(G4,13367,952.00),(G4,10666,942.00),(AA,13930,893.00),(UA,11618,870.00),(AA,11298,853.00),(F9,11292,838.00),(F9,14107,826.00),(HA,12173,814.00),(AA,13930,739.00),(F9,11292,737.00),(AA,13303,724.00),(AA,13930,719.00)]"
2025-02-23 00:00:00,8,13204,22449,2917,11.704886631921244,1196.0,"[(DL,11433,1196.00),(AA,13303,1019.00),(DL,11433,1000.00),(AA,13930,945.00),(UA,13930,904.00),(UA,12266,902.00),(F9,11292,877.00),(DL,10397,811.00),(UA,13930,775.00),(DL,10397,752.00),(UA,12266,699.00),(AA,11298,530.00),(UA,11618,521.00),(DL,10397,519.00),(AA,11298,502.00),(DL,10397,502.00),(F9,15016,496.00),(AA,11278,490.00),(F9,13487,487.00),(B6,10721,484.00)]"
2025-02-23 00:00:00,9,14107,27640,2545,6.722756874095514,1163.0,"[(B6,11697,1163.00),(DL,14869,963.00),(AA,10423,891.00),(F9,13930,871.00),(AA,14262,867.00),(OO,14698,796.00),(OO,11003,754.00),(OO,12280,717.00),(OO,12896,694.00),(DL,11433,664.00),(AA,14908,658.00),(AA,12889,657.00),(AA,14057,649.00),(AA,14683,641.00),(AA,11057,634.00),(AA,14908,628.00),(B6,10721,627.00),(DL,12478,608.00),(AA,11298,596.00),(AA,11057,579.00)]"
2025-02-23 00:00:00,10,12892,25560,2538,7.428560250391237,1146.0,"[(F9,14107,1146.00),(DL,12478,1118.00),(AA,12478,1104.00),(OO,10372,1065.00),(AA,11278,990.00),(AA,13930,972.00),(AA,14100,940.00),(OO,10372,885.00),(OO,10372,878.00),(AA,13303,849.00),(AA,10397,756.00),(OO,15376,755.00),(OO,10140,738.00),(OO,10372,733.00),(AA,10397,732.00),(OO,14679,729.00),(AA,14100,707.00),(UA,13930,702.00),(AA,13930,692.00),(AA,14107,646.00)]"
2025-02-24 00:00:00,1,11298,41822,6362,14.457462579503611,1490.0,"[(AA,12173,1490.00),(B6,10721,1412.00),(AA,14492,1272.00),(AA,13244,1175.00),(AA,11638,1147.00),(AA,12094,1144.00),(AA,13851,1098.00),(AA,14193,1078.00),(OH,12448,1058.00),(DL,12953,995.00),(OH,12278,983.00),(AA,10423,972.00),(F9,13232,971.00),(DL,12953,964.00),(AA,11109,953.00),(OO,11109,945.00),(DL,14869,910.00),(AA,10693,890.00),(AA,15096,877.00),(OO,11905,850.00)]"
2025-02-24 00:00:00,2,11292,42772,6303,13.951463574300945,1899.0,"[(AA,14107,1899.00),(AA,11057,1489.00),(OO,11921,1120.00),(OO,11315,1087.00),(MQ,14107,998.00),(OO,12280,990.00),(OO,14877,986.00),(OO,10713,977.00),(OO,12177,975.00),(OO,12896,940.00),(OO,14457,931.00),(UA,12441,914.00),(AA,11057,910.00),(DL,12953,901.00),(OO,10372,897.00),(OO,14877,889.00),(OO,13851,885.00),(OO,14747,873.00),(AA,11298,868.00),(OO,14869,867.00)]"
2025-02-24 00:00:00,3,10397,40849,6082,14.437513770226934,1300.0,"[(AA,13303,1300.00),(B6,10721,1204.00),(DL,14747,1188.00),(AA,11298,1095.00),(DL,12892,1062.00),(DL,12892,1061.00),(DL,14908,1036.00),(DL,14747,977.00),(DL,14771,976.00),(F9,11618,972.00),(F9,13303,968.00),(DL,12889,963.00),(DL,10792,921.00),(DL,14689,906.00),(DL,10208,888.00),(AA,12892,874.00),(OO,14696,852.00),(OO,10146,847.00),(DL,14831,845.00),(F9,11292,841.00)]"
2025-02-24 00:00:00,4,13930,37196,5286,13.692305624260673,1986.0,"[(AA,14100,1986.00),(AA,12441,1546.00),(OO,14877,1320.00),(F9,11292,1273.00),(AA,11278,1051.00),(B6,12478,1018.00),(OO,13184,1012.00),(OO,15370,999.00),(OO,12559,964.00),(AA,10423,945.00),(OO,10693,933.00),(DL,14869,911.00),(AA,10423,907.00),(AA,14492,899.00),(OO,11267,899.00),(OO,13342,898.00),(AA,11278,869.00),(AA,11057,867.00),(OO,10693,864.00),(AA,13495,861.00)]"
2025-02-24 00:00:00,5,11278,18747,3724,19.442524137195285,1587.0,"[(AA,13930,1587.00),(DL,10397,1160.00),(OH,10257,1157.00),(DL,11433,1092.00),(OH,10781,1051.00),(DL,12892,1031.00),(DL,10397,995.00),(B6,14027,976.00),(DL,11433,954.00),(UA,14771,949.00),(UA,12266,944.00),(B6,11697,933.00),(AA,11057,925.00),(OH,10599,921.00),(AA,12953,918.00),(DL,12892,914.00),(OH,10208,910.00),(DL,10397,894.00),(OH,10868,884.00),(OH,12448,863.00)]"
2025-02-24 00:00:00,6,11057,28339,3627,11.01407953703377,1279.0,"[(AA,15016,1279.00),(AA,10257,1233.00),(F9,11298,1203.00),(AA,14100,1148.00),(DL,10397,1041.00),(AA,12478,1030.00),(OH,11973,1026.00),(DL,13487,986.00),(DL,10397,913.00),(OH,14685,865.00),(OH,11252,835.00),(AA,11433,754.00),(AA,12323,738.00),(AA,10434,712.00),(MQ,15919,708.00),(AA,10721,706.00),(AA,10821,685.00),(OH,11267,685.00),(AA,11278,671.00),(AA,10529,669.00)]"
2025-02-24 00:00:00,7,12889,26204,3119,9.915890703709357,1266.0,"[(OO,14893,1266.00),(G4,14457,1194.00),(DL,12478,1094.00),(G4,11193,1042.00),(DL,10397,1030.00),(G4,14314,1030.00),(G4,10408,964.00),(G4,11193,964.00),(G4,13367,952.00),(G4,10666,942.00),(AA,13930,893.00),(UA,11618,870.00),(AA,11298,853.00),(F9,11292,838.00),(F9,14107,826.00),(HA,12173,814.00),(AA,13930,739.00),(F9,11292,737.00),(AA,13303,724.00),(AA,13930,719.00)]"
2025-02-24 00:00:00,8,13204,22945,2960,11.572455872739159,1196.0,"[(DL,11433,1196.00),(AA,13303,1019.00),(DL,11433,1000.00),(AA,13930,945.00),(UA,13930,904.00),(UA,12266,902.00),(F9,11292,877.00),(DL,10397,811.00),(UA,13930,775.00),(DL,10397,752.00),(UA,12266,699.00),(AA,11298,530.00),(UA,11618,521.00),(DL,10397,519.00),(AA,11298,502.00),(DL,10397,502.00),(F9,15016,496.00),(AA,11278,490.00),(F9,13487,487.00),(B6,10721,484.00)]"
2025-02-24 00:00:00,9,14107,28264,2581,6.668624398528163,1163.0,"[(B6,11697,1163.00),(DL,14869,963.00),(AA,10423,891.00),(F9,13930,871.00),(AA,14262,867.00),(OO,14698,796.00),(OO,11003,754.00),(OO,12280,717.00),(OO,12896,694.00),(DL,11433,664.00),(AA,14908,658.00),(AA,12889,657.00),(AA,14057,649.00),(AA,14683,641.00),(AA,11057,634.00),(AA,14908,628.00),(B6,10721,627.00),(DL,12478,608.00),(AA,11298,596.00),(AA,11057,579.00)]"
2025-02-24 00:00:00,10,12892,26093,2579,7.4541064653355305,1146.0,"[(F9,14107,1146.00),(OO,10372,1131.00),(DL,12478,1118.00),(AA,12478,1104.00),(OO,10372,1065.00),(AA,11278,990.00),(AA,13930,972.00),(AA,14100,940.00),(OO,10372,885.00),(OO,10372,878.00),(AA,13303,849.00),(AA,10397,756.00),(OO,15376,755.00),(OO,10140,738.00),(OO,10372,733.00),(AA,10397,732.00),(OO,14679,729.00),(AA,14100,707.00),(UA,13930,702.00),(AA,13930,692.00)]"
2025-02-25 00:00:00,1,11298,42640,6474,14.415173545966228,1490.0,"[(AA,12173,1490.00),(B6,10721,1412.00),(AA,14492,1272.00),(AA,13244,1175.00),(AA,11638,1147.00),(AA,12094,1144.00),(AA,13851,1098.00),(AA,14193,1078.00),(OH,12448,1058.00),(DL,12953,995.00),(OH,12278,983.00),(AA,10423,972.00),(F9,13232,971.00),(DL,12953,964.00),(AA,11109,953.00),(OO,11109,945.00),(DL,14869,910.00),(AA,10693,890.00),(AA,15096,877.00),(OO,11905,850.00)]"
2025-02-25 00:00:00,2,11292,43631,6361,13.74112442987784,1899.0,"[(AA,14107,1899.00),(AA,11057,1489.00),(OO,11921,1120.00),(OO,11315,1087.00),(MQ,14107,998.00),(OO,12280,990.00),(OO,14877,986.00),(OO,10713,977.00),(OO,12177,975.00),(OO,12896,940.00),(OO,14457,931.00),(UA,12441,914.00),(AA,11057,910.00),(DL,12953,901.00),(OO,10372,897.00),(OO,14877,889.00),(OO,13851,885.00),(OO,14747,873.00),(AA,11298,868.00),(OO,14869,867.00)]"
2025-02-25 00:00:00,3,10397,41727,6157,14.254775085675941,1300.0,"[(AA,13303,1300.00),(B6,10721,1204.00),(DL,14747,1188.00),(AA,11298,1095.00),(DL,12892,1062.00),(DL,12892,1061.00),(DL,14908,1036.00),(DL,14747,977.00),(DL,14771,976.00),(F9,11618,972.00),(F9,13303,968.00),(DL,12889,963.00),(DL,10792,921.00),(DL,14689,906.00),(DL,10208,888.00),(AA,12892,874.00),(OO,14696,852.00),(OO,10146,847.00),(DL,14831,845.00),(F9,11292,841.00)]"
2025-02-25 00:00:00,4,13930,37966,5342,13.502502238845283,1986.0,"[(AA,14100,1986.00),(AA,12441,1546.00),(OO,14877,1320.00),(F9,11292,1273.00),(AA,11278,1051.00),(B6,12478,1018.00),(OO,13184,1012.00),(OO,15370,999.00),(OO,12559,964.00),(AA,10423,945.00),(OO,10693,933.00),(DL,14869,911.00),(AA,10423,907.00),(AA,14492,899.00),(OO,11267,899.00),(OO,13342,898.00),(AA,11278,869.00),(AA,11057,867.00),(OO,10693,864.00),(AA,13495,861.00)]"
2025-02-25 00:00:00,5,11278,19152,3762,19.178623642439433,1587.0,"[(AA,13930,1587.00),(DL,10397,1160.00),(OH,10257,1157.00),(DL,11433,1092.00),(OH,10781,1051.00),(DL,12892,1031.00),(DL,10397,995.00),(B6,14027,976.00),(DL,11433,954.00),(UA,14771,949.00),(UA,12266,944.00),(B6,11697,933.00),(AA,11057,925.00),(OH,10599,921.00),(AA,12953,918.00),(DL,12892,914.00),(OH,10208,910.00),(DL,10397,894.00),(OH,10868,884.00),(OH,12448,863.00)]"
2025-02-25 00:00:00,6,11057,28929,3695,10.972000414808669,1279.0,"[(AA,15016,1279.00),(AA,10257,1233.00),(F9,11298,1203.00),(AA,14100,1148.00),(DL,10397,1041.00),(AA,12478,1030.00),(OH,11973,1026.00),(DL,13487,986.00),(DL,10397,913.00),(OH,14685,865.00),(OH,11252,835.00),(AA,11433,754.00),(AA,12323,738.00),(AA,10434,712.00),(MQ,15919,708.00),(AA,10721,706.00),(AA,10821,685.00),(OH,11267,685.00),(AA,11278,671.00),(AA,10529,669.00)]"
2025-02-25 00:00:00,7,12889,26768,3148,9.740212193664076,1266.0,"[(OO,14893,1266.00),(G4,14457,1194.00),(DL,12478,1094.00),(G4,11193,1042.00),(DL,10397,1030.00),(G4,14314,1030.00),(G4,10408,964.00),(G4,11193,964.00),(G4,13367,952.00),(G4,10666,942.00),(AA,13930,893.00),(UA,11618,870.00),(AA,11298,853.00),(F9,11292,838.00),(F9,14107,826.00),(HA,12173,814.00),(AA,13930,739.00),(F9,11292,737.00),(AA,13303,724.00),(AA,13930,719.00)]"
2025-02-25 00:00:00,8,13204,23430,3011,11.601664532650448,1196.0,"[(DL,11433,1196.00),(AA,13303,1019.00),(DL,11433,1000.00),(AA,14107,986.00),(AA,13930,945.00),(UA,13930,904.00),(UA,12266,902.00),(F9,11292,877.00),(DL,10397,811.00),(UA,13930,775.00),(DL,10397,752.00),(UA,12266,699.00),(AA,11298,530.00),(AS,14747,523.00),(UA,11618,521.00),(DL,10397,519.00),(AA,11298,502.00),(DL,10397,502.00),(F9,15016,496.00),(AA,11278,490.00)]"
2025-02-25 00:00:00,9,12892,26615,2615,7.4029682509862855,1146.0,"[(F9,14107,1146.00),(OO,10372,1131.00),(DL,12478,1118.00),(AA,12478,1104.00),(OO,10372,1065.00),(AA,11278,990.00),(AA,13930,972.00),(AA,14100,940.00),(OO,10372,885.00),(OO,10372,878.00),(AA,13303,849.00),(AA,10397,756.00),(OO,15376,755.00),(OO,10140,738.00),(OO,10372,733.00),(AA,10397,732.00),(OO,14679,729.00),(AA,14100,707.00),(UA,13930,702.00),(AA,13930,692.00)]"
2025-02-25 00:00:00,10,14107,28825,2615,6.629037294015611,1163.0,"[(B6,11697,1163.00),(DL,14869,963.00),(AA,10423,891.00),(F9,13930,871.00),(AA,14262,867.00),(OO,14698,796.00),(OO,11003,754.00),(OO,12280,717.00),(OO,12896,694.00),(DL,11433,664.00),(AA,14908,658.00),(AA,12889,657.00),(AA,14057,649.00),(AA,14683,641.00),(AA,11057,634.00),(AA,14908,628.00),(B6,10721,627.00),(DL,12478,608.00),(AA,11298,596.00),(AA,11057,579.00)]"
2025-02-26 00:00:00,1,11298,43406,6532,14.23805464682302,1490.0,"[(AA,12173,1490.00),(B6,10721,1412.00),(OH,12217,1318.00),(AA,14492,1272.00),(AA,13244,1175.00),(AA,11638,1147.00),(AA,12094,1144.00),(AA,13851,1098.00),(AA,14193,1078.00),(OH,12448,1058.00),(DL,12953,995.00),(OH,12278,983.00),(AA,10423,972.00),(F9,13232,971.00),(DL,12953,964.00),(AA,11109,953.00),(OO,11109,945.00),(DL,14869,910.00),(AA,10693,890.00),(AA,15096,877.00)]"
2025-02-26 00:00:00,2,11292,44393,6397,13.552181650260176,1899.0,"[(AA,14107,1899.00),(AA,11057,1489.00),(OO,11921,1120.00),(OO,11315,1087.00),(MQ,14107,998.00),(OO,12280,990.00),(OO,14877,986.00),(OO,10713,977.00),(OO,12177,975.00),(OO,12896,940.00),(OO,14457,931.00),(UA,12441,914.00),(AA,11057,910.00),(DL,12953,901.00),(OO,10372,897.00),(OO,14877,889.00),(OO,13851,885.00),(OO,14747,873.00),(AA,11298,868.00),(OO,14869,867.00)]"
2025-02-26 00:00:00,3,10397,42525,6183,13.998495002939448,1300.0,"[(AA,13303,1300.00),(B6,10721,1204.00),(DL,14747,1188.00),(AA,11298,1095.00),(DL,12892,1062.00),(DL,12892,1061.00),(DL,14908,1036.00),(DL,14747,977.00),(DL,14771,976.00),(F9,11618,972.00),(F9,13303,968.00),(DL,12889,963.00),(DL,10792,921.00),(DL,14689,906.00),(DL,10208,888.00),(AA,12892,874.00),(OO,14696,852.00),(OO,10146,847.00),(DL,14831,845.00),(F9,11292,841.00)]"
2025-02-26 00:00:00,4,13930,38647,5377,13.25378425233524,1986.0,"[(AA,14100,1986.00),(AA,12441,1546.00),(OO,14877,1320.00),(F9,11292,1273.00),(AA,11278,1051.00),(B6,12478,1018.00),(OO,13184,1012.00),(OO,15370,999.00),(OO,12559,964.00),(AA,10423,945.00),(OO,10693,933.00),(DL,14869,911.00),(AA,10423,907.00),(AA,14492,899.00),(OO,11267,899.00),(OO,13342,898.00),(AA,11278,869.00),(AA,11057,867.00),(OO,10693,864.00),(AA,13495,861.00)]"
2025-02-26 00:00:00,5,11278,19556,3811,18.962466762119043,1587.0,"[(AA,13930,1587.00),(DL,10397,1160.00),(OH,10257,1157.00),(DL,11433,1092.00),(OH,10781,1051.00),(DL,12892,1031.00),(DL,10397,995.00),(B6,14027,976.00),(DL,11433,954.00),(UA,14771,949.00),(UA,12266,944.00),(B6,11697,933.00),(AA,11057,925.00),(OH,10599,921.00),(AA,12953,918.00),(DL,12892,914.00),(OH,10208,910.00),(DL,10397,894.00),(OH,10868,884.00),(OH,12448,863.00)]"
2025-02-26 00:00:00,6,11057,29464,3744,10.880532174857453,1279.0,"[(AA,15016,1279.00),(AA,10257,1233.00),(F9,11298,1203.00),(AA,14100,1148.00),(DL,10397,1041.00),(AA,12478,1030.00),(OH,11973,1026.00),(DL,13487,986.00),(DL,10397,913.00),(OH,14685,865.00),(OH,11252,835.00),(AA,11433,754.00),(AA,12323,738.00),(AA,10434,712.00),(MQ,15919,708.00),(AA,10721,706.00),(AA,10821,685.00),(OH,11267,685.00),(AA,11278,671.00),(AA,10529,669.00)]"
2025-02-26 00:00:00,7,12889,27222,3176,9.610609066196458,1266.0,"[(OO,14893,1266.00),(G4,14457,1194.00),(DL,12478,1094.00),(G4,11193,1042.00),(DL,10397,1030.00),(G4,14314,1030.00),(G4,10408,964.00),(G4,11193,964.00),(G4,13367,952.00),(G4,10666,942.00),(AA,13930,893.00),(UA,11618,870.00),(AA,11298,853.00),(F9,11292,838.00),(F9,14107,826.00),(HA,12173,814.00),(AA,13930,739.00),(F9,11292,737.00),(AA,13303,724.00),(AA,13930,719.00)]"
2025-02-26 00:00:00,8,13204,23846,3035,11.477983728927283,1196.0,"[(DL,11433,1196.00),(AA,13303,1019.00),(DL,11433,1000.00),(AA,14107,986.00),(AA,11278,959.00),(AA,13930,945.00),(UA,13930,904.00),(UA,12266,902.00),(F9,11292,877.00),(DL,10397,811.00),(UA,13930,775.00),(DL,10397,752.00),(UA,12266,699.00),(AA,11298,530.00),(AS,14747,523.00),(UA,11618,521.00),(DL,10397,519.00),(AA,11298,502.00),(DL,10397,502.00),(F9,15016,496.00)]"
2025-02-26 00:00:00,9,14107,29335,2649,6.531242543037328,1163.0,"[(B6,11697,1163.00),(DL,14869,963.00),(AA,10423,891.00),(F9,13930,871.00),(AA,14262,867.00),(OO,14698,796.00),(OO,11003,754.00),(OO,12280,717.00),(OO,12896,694.00),(DL,11433,664.00),(AA,14908,658.00),(AA,12889,657.00),(AA,14057,649.00),(AA,14683,641.00),(AA,11057,634.00),(AA,14908,628.00),(B6,10721,627.00),(DL,12478,608.00),(AA,11298,596.00),(AA,11057,579.00)]"
2025-02-26 00:00:00,10,13303,18245,2638,13.845217867909016,1050.0,"[(AA,14107,1050.00),(F9,14100,1008.00),(B6,10721,977.00),(DL,10721,973.00),(DL,12478,925.00),(AA,14747,823.00),(AA,13204,750.00),(AA,14492,712.00),(UA,11292,702.00),(AA,14771,692.00),(AA,15304,680.00),(AA,11292,675.00),(MQ,12323,671.00),(AA,11298,649.00),(AA,10423,647.00),(DL,10721,636.00),(DL,10397,620.00),(AA,12266,618.00),(AA,10821,580.00),(AA,14683,573.00)]"
2025-02-27 00:00:00,1,11298,44167,6604,14.119863246315122,1766.0,"[(AA,13303,1766.00),(AA,12173,1490.00),(B6,10721,1412.00),(OH,12217,1318.00),(AA,14492,1272.00),(AA,13244,1175.00),(AA,11638,1147.00),(AA,12094,1144.00),(AA,13851,1098.00),(AA,14193,1078.00),(OH,12448,1058.00),(DL,12953,995.00),(OH,12278,983.00),(AA,10423,972.00),(F9,13232,971.00),(DL,12953,964.00),(AA,11109,953.00),(OO,11109,945.00),(DL,14869,910.00),(AA,10693,890.00)]"
2025-02-27 00:00:00,2,11292,45180,6441,13.399114652501106,1899.0,"[(AA,14107,1899.00),(AA,11057,1489.00),(OO,11921,1120.00),(OO,11315,1087.00),(MQ,14107,998.00),(OO,12280,990.00),(OO,14877,986.00),(OO,10713,977.00),(OO,12177,975.00),(OO,12896,940.00),(OO,14457,931.00),(UA,12441,914.00),(AA,11057,910.00),(DL,12953,901.00),(OO,10372,897.00),(OO,14877,889.00),(OO,13851,885.00),(OO,14747,873.00),(AA,11298,868.00),(OO,14869,867.00)]"
2025-02-27 00:00:00,3,10397,43325,6219,13.77391806116561,1300.0,"[(AA,13303,1300.00),(B6,10721,1204.00),(DL,14747,1188.00),(AA,11298,1095.00),(DL,12892,1062.00),(DL,12892,1061.00),(DL,14908,1036.00),(DL,14747,977.00),(DL,14771,976.00),(F9,11618,972.00),(F9,13303,968.00),(DL,12889,963.00),(DL,10792,921.00),(DL,14689,906.00),(DL,10208,888.00),(AA,12892,874.00),(OO,14696,852.00),(OO,10146,847.00),(DL,14831,845.00),(F9,11292,841.00)]"
2025-02-27 00:00:00,4,13930,39350,5431,13.070063532401525,1986.0,"[(AA,14100,1986.00),(AA,12441,1546.00),(OO,14877,1320.00),(F9,11292,1273.00),(AA,11278,1051.00),(B6,12478,1018.00),(OO,13184,1012.00),(OO,15370,999.00),(OO,12559,964.00),(AA,10423,945.00),(OO,10693,933.00),(DL,14869,911.00),(AA,10423,907.00),(AA,14492,899.00),(OO,11267,899.00),(OO,13342,898.00),(AA,11278,869.00),(AA,11057,867.00),(OO,10693,864.00),(AA,13495,861.00)]"
2025-02-27 00:00:00,5,11278,19964,3867,18.828992185934684,1587.0,"[(AA,13930,1587.00),(DL,10397,1160.00),(OH,10257,1157.00),(DL,11433,1092.00),(OH,10781,1051.00),(DL,12892,1031.00),(DL,10397,995.00),(B6,14027,976.00),(DL,11433,954.00),(UA,14771,949.00),(UA,12266,944.00),(B6,11697,933.00),(AA,11057,925.00),(OH,10599,921.00),(AA,12953,918.00),(DL,12892,914.00),(OH,10208,910.00),(DL,10397,894.00),(OH,10868,884.00),(OH,12448,863.00)]"
2025-02-27 00:00:00,6,11057,30006,3798,10.833599946677332,1279.0,"[(AA,15016,1279.00),(AA,10257,1233.00),(F9,11298,1203.00),(AA,14100,1148.00),(DL,10397,1041.00),(AA,12478,1030.00),(OH,11973,1026.00),(DL,13487,986.00),(AA,10257,934.00),(DL,10397,913.00),(OH,14685,865.00),(OH,11252,835.00),(AA,11433,754.00),(AA,12323,738.00),(AA,10434,712.00),(MQ,15919,708.00),(AA,10721,706.00),(AA,10821,685.00),(OH,11267,685.00),(AA,11278,671.00)]"
2025-02-27 00:00:00,7,12889,27678,3234,9.637835103692463,1266.0,"[(OO,14893,1266.00),(G4,14457,1194.00),(DL,12478,1094.00),(G4,11193,1042.00),(DL,10397,1030.00),(G4,14314,1030.00),(G4,10408,964.00),(G4,11193,964.00),(G4,13367,952.00),(G4,10666,942.00),(AA,13930,893.00),(UA,11618,870.00),(AA,11298,853.00),(F9,11292,838.00),(F9,14107,826.00),(HA,12173,814.00),(AA,13930,739.00),(F9,11292,737.00),(AA,13303,724.00),(AA,13930,719.00)]"
2025-02-27 00:00:00,8,13204,24267,3046,11.25734536613508,1196.0,"[(DL,11433,1196.00),(AA,13303,1019.00),(DL,11433,1000.00),(AA,14107,986.00),(AA,11278,959.00),(AA,13930,945.00),(UA,13930,904.00),(UA,12266,902.00),(F9,11292,877.00),(DL,10397,811.00),(UA,13930,775.00),(DL,10397,752.00),(UA,12266,699.00),(AA,11298,530.00),(AS,14747,523.00),(UA,11618,521.00),(DL,10397,519.00),(AA,11298,502.00),(DL,10397,502.00),(F9,15016,496.00)]"
2025-02-27 00:00:00,9,14107,29895,2674,6.409934771700954,1163.0,"[(B6,11697,1163.00),(DL,14869,963.00),(AA,10423,891.00),(F9,13930,871.00),(AA,14262,867.00),(OO,14698,796.00),(OO,11003,754.00),(OO,12280,717.00),(OO,12896,694.00),(DL,11433,664.00),(AA,14908,658.00),(AA,12889,657.00),(AA,14057,649.00),(AA,14683,641.00),(AA,11057,634.00),(AA,14908,628.00),(B6,10721,627.00),(DL,12478,608.00),(AA,11298,596.00),(AA,11057,579.00)]"
2025-02-27 00:00:00,10,13303,18569,2663,13.692444396574937,1050.0,"[(AA,14107,1050.00),(F9,14100,1008.00),(B6,10721,977.00),(DL,10721,973.00),(DL,12478,925.00),(AA,14747,823.00),(AA,13204,750.00),(AA,14492,712.00),(UA,11292,702.00),(AA,14771,692.00),(AA,15304,680.00),(AA,11292,675.00),(MQ,12323,671.00),(AA,11298,649.00),(AA,10423,647.00),(DL,10721,636.00),(DL,10397,620.00),(AA,12266,618.00),(AA,10821,580.00),(AA,14683,573.00)]"
2025-02-28 00:00:00,1,11298,45061,6732,14.074609973147512,1766.0,"[(AA,13303,1766.00),(AA,12173,1490.00),(B6,10721,1412.00),(OH,12217,1318.00),(AA,14492,1272.00),(AA,13244,1175.00),(AA,11638,1147.00),(AA,12094,1144.00),(AA,13851,1098.00),(AA,14193,1078.00),(OH,12448,1058.00),(DL,12953,995.00),(OH,12278,983.00),(AA,10423,972.00),(F9,13232,971.00),(DL,12953,964.00),(AA,11109,953.00),(OO,11109,945.00),(DL,14869,910.00),(AA,10693,890.00)]"
2025-02-28 00:00:00,2,11292,46062,6496,13.207198992662065,1899.0,"[(AA,14107,1899.00),(AA,11057,1489.00),(OO,11921,1120.00),(OO,11315,1087.00),(MQ,14107,998.00),(OO,12280,990.00),(OO,14877,986.00),(OO,10713,977.00),(OO,12177,975.00),(OO,12896,940.00),(OO,14457,931.00),(UA,12441,914.00),(AA,11057,910.00),(DL,12953,901.00),(OO,10372,897.00),(OO,14877,889.00),(OO,13851,885.00),(OO,14747,873.00),(AA,11298,868.00),(OO,14869,867.00)]"
2025-02-28 00:00:00,3,10397,44211,6280,13.575987876320372,1300.0,"[(AA,13303,1300.00),(B6,10721,1204.00),(DL,14747,1188.00),(AA,11298,1095.00),(DL,12892,1062.00),(DL,12892,1061.00),(DL,14908,1036.00),(DL,14747,977.00),(DL,14771,976.00),(F9,11618,972.00),(F9,13303,968.00),(DL,12889,963.00),(DL,10792,921.00),(DL,14689,906.00),(DL,10208,888.00),(AA,12892,874.00),(OO,14696,852.00),(OO,10146,847.00),(DL,14831,845.00),(F9,11292,841.00)]"
2025-02-28 00:00:00,4,13930,40121,5502,12.92188629396077,1986.0,"[(AA,14100,1986.00),(AA,12441,1546.00),(OO,14877,1320.00),(F9,11292,1273.00),(AA,11278,1051.00),(B6,12478,1018.00),(OO,13184,1012.00),(OO,15370,999.00),(OO,12559,964.00),(AA,10423,945.00),(OO,10693,933.00),(DL,14869,911.00),(AA,10423,907.00),(AA,14492,899.00),(OO,11267,899.00),(OO,13342,898.00),(AA,11278,869.00),(AA,11057,867.00),(OO,10693,864.00),(AA,13495,861.00)]"
2025-02-28 00:00:00,5,11278,20368,3930,18.814463864886097,1587.0,"[(AA,13930,1587.00),(AA,14635,1165.00),(DL,10397,1160.00),(OH,10257,1157.00),(AA,15304,1118.00),(DL,11433,1092.00),(OH,10781,1051.00),(DL,12892,1031.00),(DL,10397,995.00),(B6,14027,976.00),(DL,11433,954.00),(UA,14771,949.00),(UA,12266,944.00),(B6,11697,933.00),(AA,11057,925.00),(OH,10599,921.00),(AA,12953,918.00),(DL,12892,914.00),(OH,10208,910.00),(DL,10397,894.00)]"
2025-02-28 00:00:00,6,11057,30596,3914,10.970061445940646,1279.0,"[(AA,15016,1279.00),(AA,10257,1233.00),(F9,11298,1203.00),(AA,14100,1148.00),(DL,10397,1041.00),(AA,12478,1030.00),(OH,11973,1026.00),(DL,13487,986.00),(AA,10257,934.00),(DL,10397,913.00),(OH,14685,865.00),(OH,11252,835.00),(AA,11433,754.00),(AA,12323,738.00),(AA,10434,712.00),(MQ,15919,708.00),(AA,10721,706.00),(AA,10821,685.00),(OH,11267,685.00),(AA,11278,671.00)]"
2025-02-28 00:00:00,7,12889,28249,3322,9.659917165209388,1266.0,"[(OO,14893,1266.00),(G4,14457,1194.00),(DL,12478,1094.00),(G4,11193,1042.00),(DL,10397,1030.00),(G4,14314,1030.00),(G4,10408,964.00),(G4,11193,964.00),(G4,13367,952.00),(G4,10666,942.00),(AA,13930,893.00),(UA,11618,870.00),(AA,11298,853.00),(F9,11292,838.00),(F9,14107,826.00),(HA,12173,814.00),(AA,13930,739.00),(F9,11292,737.00),(AA,13303,724.00),(AA,13930,719.00)]"
2025-02-28 00:00:00,8,13204,24756,3084,11.153296170625303,1196.0,"[(DL,11433,1196.00),(AA,13303,1019.00),(DL,11433,1000.00),(AA,14107,986.00),(AA,11278,959.00),(AA,13930,945.00),(UA,13930,904.00),(UA,12266,902.00),(F9,11292,877.00),(DL,12892,826.00),(DL,10397,811.00),(UA,13930,775.00),(DL,10397,752.00),(UA,12266,699.00),(AA,14100,588.00),(AA,11298,530.00),(AS,14747,523.00),(UA,11618,521.00),(DL,10397,519.00),(DL,10397,502.00)]"
2025-02-28 00:00:00,9,14107,30516,2718,6.364988858303841,1163.0,"[(B6,11697,1163.00),(DL,14869,963.00),(AA,10423,891.00),(F9,13930,871.00),(AA,14262,867.00),(OO,14698,796.00),(OO,11003,754.00),(OO,12280,717.00),(OO,12896,694.00),(DL,11433,664.00),(AA,14908,658.00),(AA,12889,657.00),(AA,14057,649.00),(AA,14683,641.00),(AA,11057,634.00),(AA,14908,628.00),(B6,10721,627.00),(DL,12478,608.00),(AA,11298,596.00),(AA,11057,579.00)]"
2025-02-28 00:00:00,10,13303,18919,2691,13.57434325281463,1050.0,"[(AA,14107,1050.00),(F9,14100,1008.00),(B6,10721,977.00),(DL,10721,973.00),(DL,12478,925.00),(AA,14747,823.00),(AA,13204,750.00),(AA,14492,712.00),(UA,11292,702.00),(AA,14771,692.00),(AA,15304,680.00),(AA,11292,675.00),(MQ,12323,671.00),(AA,11298,649.00),(AA,10423,647.00),(DL,10721,636.00),(DL,10397,620.00),(AA,12266,618.00),(AA,10821,580.00),(AA,14683,573.00)]"
2025-03-01 00:00:00,1,11298,45953,6794,13.891737209757796,1766.0,"[(AA,13303,1766.00),(AA,12173,1490.00),(B6,10721,1412.00),(OH,12217,1318.00),(AA,14492,1272.00),(AA,13244,1175.00),(AA,11638,1147.00),(AA,12094,1144.00),(AA,13851,1098.00),(AA,14193,1078.00),(OH,12448,1058.00),(DL,12953,995.00),(OH,12278,983.00),(AA,10423,972.00),(F9,13232,971.00),(DL,12953,964.00),(AA,11109,953.00),(OO,11109,945.00),(DL,14869,910.00),(AA,10693,890.00)]"
2025-03-01 00:00:00,2,11292,46944,6535,12.97616308793456,1899.0,"[(AA,14107,1899.00),(AA,11057,1489.00),(OO,11921,1120.00),(OO,11315,1087.00),(MQ,14107,998.00),(OO,12280,990.00),(OO,14877,986.00),(OO,10713,977.00),(OO,12177,975.00),(OO,12896,940.00),(OO,14457,931.00),(UA,12441,914.00),(AA,11057,910.00),(DL,12953,901.00),(OO,10372,897.00),(OO,14877,889.00),(OO,13851,885.00),(OO,14747,873.00),(AA,11298,868.00),(OO,14869,867.00)]"
2025-03-01 00:00:00,3,10397,45096,6355,13.415491396132694,1300.0,"[(AA,13303,1300.00),(B6,10721,1204.00),(DL,14747,1188.00),(AA,11298,1095.00),(DL,12892,1062.00),(DL,12892,1061.00),(DL,14908,1036.00),(DL,14747,977.00),(DL,14771,976.00),(F9,11618,972.00),(F9,13303,968.00),(DL,12889,963.00),(DL,10792,921.00),(DL,14689,906.00),(DL,10208,888.00),(AA,12892,874.00),(OO,14696,852.00),(OO,10146,847.00),(DL,14831,845.00),(F9,11292,841.00)]"
2025-03-01 00:00:00,4,13930,40896,5556,12.7787558685446,1986.0,"[(AA,14100,1986.00),(AA,12441,1546.00),(OO,14877,1320.00),(F9,11292,1273.00),(AA,11278,1051.00),(B6,12478,1018.00),(OO,13184,1012.00),(OO,15370,999.00),(OO,12559,964.00),(AA,10423,945.00),(OO,10693,933.00),(DL,14869,911.00),(AA,10423,907.00),(AA,14492,899.00),(OO,11267,899.00),(OO,13342,898.00),(AA,11278,869.00),(AA,11057,867.00),(OO,10693,864.00),(AA,13495,861.00)]"
2025-03-01 00:00:00,5,11278,20775,4049,19.012900120336944,1587.0,"[(AA,13930,1587.00),(AA,14635,1165.00),(DL,10397,1160.00),(OH,10257,1157.00),(AA,15304,1118.00),(DL,11433,1092.00),(OH,10781,1051.00),(DL,12892,1031.00),(DL,10397,995.00),(B6,14027,976.00),(DL,11433,954.00),(UA,14771,949.00),(UA,12266,944.00),(B6,11697,933.00),(AA,11057,925.00),(OH,10599,921.00),(AA,12953,918.00),(DL,12892,914.00),(OH,10208,910.00),(DL,10397,894.00)]"
2025-03-01 00:00:00,6,11057,31195,3972,10.927744830902387,1279.0,"[(AA,15016,1279.00),(AA,10257,1233.00),(F9,11298,1203.00),(AA,14100,1148.00),(DL,10397,1041.00),(AA,12478,1030.00),(OH,11973,1026.00),(DL,13487,986.00),(AA,10257,934.00),(DL,10397,913.00),(OH,14685,865.00),(OH,11252,835.00),(AA,11433,754.00),(AA,12323,738.00),(AA,10434,712.00),(MQ,15919,708.00),(AA,10721,706.00),(AA,10821,685.00),(OH,11267,685.00),(AA,11278,671.00)]"
2025-03-01 00:00:00,7,12889,28823,3349,9.483225202095548,1266.0,"[(OO,14893,1266.00),(G4,14457,1194.00),(DL,12478,1094.00),(G4,11193,1042.00),(DL,10397,1030.00),(G4,14314,1030.00),(G4,10408,964.00),(G4,11193,964.00),(G4,13367,952.00),(G4,10666,942.00),(AA,13930,893.00),(UA,11618,870.00),(AA,11298,853.00),(F9,11292,838.00),(F9,14107,826.00),(HA,12173,814.00),(AA,13930,739.00),(F9,11292,737.00),(AA,13303,724.00),(AA,13930,719.00)]"
2025-03-01 00:00:00,8,13204,25249,3104,10.939958018139333,1196.0,"[(DL,11433,1196.00),(AA,13303,1019.00),(DL,11433,1000.00),(AA,14107,986.00),(AA,11278,959.00),(AA,13930,945.00),(UA,13930,904.00),(UA,12266,902.00),(F9,11292,877.00),(DL,12892,826.00),(DL,10397,811.00),(UA,13930,775.00),(DL,10397,752.00),(UA,12266,699.00),(AA,14100,588.00),(AA,11298,530.00),(AS,14747,523.00),(UA,11618,521.00),(DL,10397,519.00),(DL,10397,502.00)]"
2025-03-01 00:00:00,9,14107,31134,2745,6.26071176206077,1163.0,"[(B6,11697,1163.00),(DL,14869,963.00),(AA,10423,891.00),(F9,13930,871.00),(AA,14262,867.00),(OO,14698,796.00),(OO,11003,754.00),(OO,12280,717.00),(OO,12896,694.00),(DL,11433,664.00),(AA,14908,658.00),(AA,12889,657.00),(AA,14057,649.00),(AA,14683,641.00),(AA,11057,634.00),(AA,14908,628.00),(B6,10721,627.00),(DL,12478,608.00),(AA,11298,596.00),(AA,11057,579.00)]"
2025-03-01 00:00:00,10,13303,19264,2730,13.487852990033222,1050.0,"[(AA,14107,1050.00),(F9,14100,1008.00),(B6,10721,977.00),(DL,10721,973.00),(DL,12478,925.00),(AA,14747,823.00),(AA,13204,750.00),(AA,14492,712.00),(UA,11292,702.00),(AA,14771,692.00),(AA,15304,680.00),(AA,11292,675.00),(MQ,12323,671.00),(AA,11298,649.00),(AA,10423,647.00),(DL,10721,636.00),(DL,10397,620.00),(AA,12266,618.00),(AA,10821,580.00),(AA,14683,573.00)]"
2025-03-02 00:00:00,1,11298,46697,6838,13.738270124419127,1766.0,"[(AA,13303,1766.00),(AA,12173,1490.00),(B6,10721,1412.00),(OH,12217,1318.00),(AA,14492,1272.00),(AA,13244,1175.00),(AA,11638,1147.00),(AA,12094,1144.00),(AA,13851,1098.00),(AA,14193,1078.00),(OH,12448,1058.00),(DL,12953,995.00),(OH,12278,983.00),(AA,10423,972.00),(F9,13232,971.00),(DL,12953,964.00),(AA,11109,953.00),(OO,11109,945.00),(DL,14869,910.00),(AA,10693,890.00)]"
2025-03-02 00:00:00,2,11292,47708,6590,12.866500377295212,1899.0,"[(AA,14107,1899.00),(AA,11057,1489.00),(OO,11921,1120.00),(OO,11315,1087.00),(MQ,14107,998.00),(OO,12280,990.00),(OO,14877,986.00),(OO,10713,977.00),(OO,12177,975.00),(OO,12896,940.00),(OO,14457,931.00),(UA,12441,914.00),(AA,11057,910.00),(DL,12953,901.00),(OO,10372,897.00),(OO,14877,889.00),(OO,13851,885.00),(OO,14747,873.00),(AA,11298,868.00),(OO,14869,867.00)]"
2025-03-02 00:00:00,3,10397,45803,6393,13.25166473811759,1300.0,"[(AA,13303,1300.00),(B6,10721,1204.00),(DL,14747,1188.00),(AA,11298,1095.00),(DL,12892,1062.00),(DL,12892,1061.00),(DL,14908,1036.00),(DL,14747,977.00),(DL,14771,976.00),(F9,11618,972.00),(F9,13303,968.00),(DL,12889,963.00),(DL,10792,921.00),(DL,14689,906.00),(DL,10208,888.00),(AA,12892,874.00),(OO,14696,852.00),(OO,10146,847.00),(DL,14831,845.00),(F9,11292,841.00)]"
2025-03-02 00:00:00,4,13930,41539,5610,12.684368906328991,1986.0,"[(AA,14100,1986.00),(AA,12441,1546.00),(OO,14877,1320.00),(F9,11292,1273.00),(AA,11278,1051.00),(B6,12478,1018.00),(OO,13184,1012.00),(OO,15370,999.00),(OO,12559,964.00),(AA,10423,945.00),(OO,10693,933.00),(DL,14869,911.00),(AA,10423,907.00),(AA,14492,899.00),(OO,11267,899.00),(OO,13342,898.00),(AA,11278,869.00),(AA,11057,867.00),(OO,10693,864.00),(AA,13495,861.00)]"
2025-03-02 00:00:00,5,11278,21083,4076,18.886448797609447,1587.0,"[(AA,13930,1587.00),(OH,10581,1173.00),(AA,14635,1165.00),(DL,10397,1160.00),(OH,10257,1157.00),(AA,15304,1118.00),(DL,11433,1092.00),(OH,10781,1051.00),(DL,12892,1031.00),(DL,10397,995.00),(B6,14027,976.00),(F9,11292,968.00),(DL,11433,954.00),(UA,14771,949.00),(UA,12266,944.00),(B6,11697,933.00),(AA,11057,925.00),(OH,10599,921.00),(AA,12953,918.00),(DL,12892,914.00)]"
2025-03-02 00:00:00,6,11057,31732,4029,10.844541787470062,1279.0,"[(AA,15016,1279.00),(AA,10257,1233.00),(F9,11298,1203.00),(AA,14100,1148.00),(DL,10397,1041.00),(AA,12478,1030.00),(OH,11973,1026.00),(DL,13487,986.00),(AA,10257,934.00),(DL,10397,913.00),(OH,14685,865.00),(OH,11252,835.00),(AA,11433,754.00),(AA,12323,738.00),(AA,10434,712.00),(MQ,15919,708.00),(AA,10721,706.00),(AA,10821,685.00),(OH,11267,685.00),(AA,11278,671.00)]"
2025-03-02 00:00:00,7,12889,29269,3368,9.386962315077385,1266.0,"[(OO,14893,1266.00),(G4,14457,1194.00),(DL,12478,1094.00),(G4,11193,1042.00),(DL,10397,1030.00),(G4,14314,1030.00),(G4,10408,964.00),(G4,11193,964.00),(G4,13367,952.00),(G4,10666,942.00),(F9,13232,896.00),(AA,13930,893.00),(UA,11618,870.00),(AA,11298,853.00),(F9,11292,838.00),(F9,14107,826.00),(HA,12173,814.00),(AA,13930,739.00),(F9,11292,737.00),(AA,13303,724.00)]"
2025-03-02 00:00:00,8,13204,25744,3155,10.861559975139839,1196.0,"[(DL,11433,1196.00),(AA,13303,1019.00),(DL,11433,1000.00),(AA,14107,986.00),(AA,11278,959.00),(AA,13930,945.00),(UA,13930,904.00),(UA,12266,902.00),(F9,11292,877.00),(DL,12892,826.00),(DL,10397,811.00),(UA,13930,775.00),(DL,10397,752.00),(UA,12266,699.00),(AA,14100,588.00),(AA,11298,530.00),(AS,14747,523.00),(UA,11618,521.00),(DL,10397,519.00),(DL,10397,502.00)]"
2025-03-02 00:00:00,9,13303,19632,2787,13.570242461287693,1217.0,"[(AA,10994,1217.00),(AA,14107,1050.00),(F9,14100,1008.00),(B6,10721,977.00),(DL,10721,973.00),(DL,12478,925.00),(AA,14747,823.00),(AA,13204,750.00),(AA,14492,712.00),(UA,11292,702.00),(AA,14771,692.00),(AA,15304,680.00),(AA,11292,675.00),(MQ,12323,671.00),(AA,11298,649.00),(AA,10423,647.00),(DL,10721,636.00),(DL,10397,620.00),(AA,12266,618.00),(AA,10821,580.00)]"
2025-03-02 00:00:00,10,14107,31647,2776,6.214238316428098,1163.0,"[(B6,11697,1163.00),(DL,14869,963.00),(AA,10423,891.00),(F9,13930,871.00),(AA,14262,867.00),(OO,14698,796.00),(OO,11003,754.00),(OO,12280,717.00),(OO,12896,694.00),(DL,11433,664.00),(AA,14908,658.00),(AA,12889,657.00),(AA,14057,649.00),(AA,14683,641.00),(AA,11057,634.00),(AA,14908,628.00),(B6,10721,627.00),(DL,12478,608.00),(AA,11298,596.00),(AA,11057,579.00)]"
2025-03-03 00:00:00,1,11298,47577,7024,13.864030939319418,1766.0,"[(AA,13303,1766.00),(AA,12173,1490.00),(B6,10721,1412.00),(OH,12217,1318.00),(AA,14492,1272.00),(AA,13244,1175.00),(AA,11638,1147.00),(AA,12094,1144.00),(AA,13851,1098.00),(AA,14193,1078.00),(OH,12448,1058.00),(DL,12953,995.00),(OH,12278,983.00),(AA,10423,972.00),(F9,13232,971.00),(DL,12953,964.00),(AA,11109,953.00),(OO,11109,945.00),(DL,14869,910.00),(AA,10693,890.00)]"
2025-03-03 00:00:00,2,11292,48592,6642,12.687541159038524,1899.0,"[(AA,14107,1899.00),(AA,11057,1489.00),(OO,11921,1120.00),(OO,11315,1087.00),(MQ,14107,998.00),(OO,12280,990.00),(OO,14877,986.00),(OO,10713,977.00),(OO,12177,975.00),(OO,12896,940.00),(OO,14457,931.00),(UA,12441,914.00),(AA,11057,910.00),(DL,12953,901.00),(OO,10372,897.00),(OO,14877,889.00),(OO,13851,885.00),(OO,14747,873.00),(AA,11298,868.00),(OO,14869,867.00)]"
2025-03-03 00:00:00,3,10397,46683,6470,13.132789238052396,1300.0,"[(AA,13303,1300.00),(B6,10721,1204.00),(DL,14747,1188.00),(AA,11298,1095.00),(DL,12892,1062.00),(DL,12892,1061.00),(DL,14908,1036.00),(DL,14747,977.00),(DL,14771,976.00),(F9,11618,972.00),(F9,13303,968.00),(DL,12889,963.00),(DL,10792,921.00),(DL,14689,906.00),(DL,10208,888.00),(AA,12892,874.00),(OO,14696,852.00),(OO,10146,847.00),(DL,14831,845.00),(F9,11292,841.00)]"
2025-03-03 00:00:00,4,13930,42299,5661,12.523132934584742,1986.0,"[(AA,14100,1986.00),(AA,12441,1546.00),(OO,14877,1320.00),(F9,11292,1273.00),(AA,11278,1051.00),(B6,12478,1018.00),(OO,13184,1012.00),(OO,15370,999.00),(OO,12559,964.00),(AA,10423,945.00),(OO,10693,933.00),(DL,14869,911.00),(AA,10423,907.00),(AA,14492,899.00),(OO,11267,899.00),(OO,13342,898.00),(AA,11278,869.00),(AA,11057,867.00),(OO,10693,864.00),(AA,13495,861.00)]"
2025-03-03 00:00:00,5,11278,21474,4168,18.92162615255658,1587.0,"[(AA,13930,1587.00),(OH,10581,1173.00),(AA,14635,1165.00),(DL,10397,1160.00),(OH,10257,1157.00),(AA,15304,1118.00),(DL,11433,1092.00),(OH,10781,1051.00),(DL,12892,1031.00),(DL,10397,995.00),(B6,14027,976.00),(F9,11292,968.00),(DL,11433,954.00),(UA,14771,949.00),(UA,12266,944.00),(B6,11697,933.00),(AA,11057,925.00),(OH,10599,921.00),(AA,12953,918.00),(DL,12892,914.00)]"
2025-03-03 00:00:00,6,11057,32317,4076,10.745273385524646,1279.0,"[(AA,15016,1279.00),(AA,10257,1233.00),(F9,11298,1203.00),(AA,14100,1148.00),(DL,10397,1041.00),(AA,12478,1030.00),(OH,11973,1026.00),(DL,13487,986.00),(AA,10257,934.00),(DL,10397,913.00),(OH,14685,865.00),(OH,11252,835.00),(AA,11433,754.00),(AA,12323,738.00),(AA,10434,712.00),(MQ,15919,708.00),(AA,10721,706.00),(AA,10821,685.00),(OH,11267,685.00),(AA,11278,671.00)]"
2025-03-03 00:00:00,7,12889,29839,3434,9.399008009651798,1266.0,"[(OO,14893,1266.00),(G4,14457,1194.00),(DL,12478,1094.00),(G4,11193,1042.00),(DL,10397,1030.00),(G4,14314,1030.00),(G4,10408,964.00),(G4,11193,964.00),(G4,13367,952.00),(G4,10666,942.00),(F9,13232,896.00),(AA,13930,893.00),(UA,11618,870.00),(AA,11298,853.00),(F9,11292,838.00),(F9,14107,826.00),(DL,11433,817.00),(HA,12173,814.00),(AA,13930,739.00),(F9,11292,737.00)]"
2025-03-03 00:00:00,8,13204,26234,3194,10.741328047571853,1196.0,"[(DL,11433,1196.00),(AA,13303,1019.00),(DL,11433,1000.00),(AA,14107,986.00),(AA,11278,959.00),(AA,13930,945.00),(UA,13930,904.00),(UA,12266,902.00),(F9,11292,877.00),(DL,12892,826.00),(DL,10397,811.00),(UA,13930,775.00),(DL,10397,752.00),(UA,12266,699.00),(AA,14100,588.00),(AA,11298,530.00),(AS,14747,523.00),(UA,11618,521.00),(DL,10397,519.00),(DL,10397,502.00)]"
2025-03-03 00:00:00,9,13303,19984,2833,13.545786629303443,1217.0,"[(AA,10994,1217.00),(AA,14107,1050.00),(F9,14100,1008.00),(B6,10721,977.00),(DL,10721,973.00),(DL,12478,925.00),(AA,14747,823.00),(AA,13204,750.00),(AA,14492,712.00),(UA,11292,702.00),(AA,14771,692.00),(AA,15304,680.00),(AA,11292,675.00),(MQ,12323,671.00),(AA,11298,649.00),(AA,10423,647.00),(DL,10721,636.00),(DL,10397,620.00),(AA,12266,618.00),(AA,10821,580.00)]"
2025-03-03 00:00:00,10,14107,32270,2815,6.1948868918500155,1163.0,"[(B6,11697,1163.00),(DL,14869,963.00),(AA,10423,891.00),(F9,13930,871.00),(AA,14262,867.00),(OO,14698,796.00),(OO,11003,754.00),(OO,12280,717.00),(OO,12896,694.00),(DL,11433,664.00),(AA,14908,658.00),(AA,12889,657.00),(AA,14057,649.00),(AA,14683,641.00),(AA,11057,634.00),(AA,14908,628.00),(B6,10721,627.00),(DL,12478,608.00),(AA,11298,596.00),(AA,11057,579.00)]"
2025-03-04 00:00:00,1,11298,48409,7106,13.731103720382574,1766.0,"[(AA,13303,1766.00),(AA,12173,1490.00),(B6,10721,1412.00),(OH,12217,1318.00),(AA,14492,1272.00),(AA,13244,1175.00),(AA,11638,1147.00),(AA,12094,1144.00),(AA,13851,1098.00),(AA,14193,1078.00),(OH,12448,1058.00),(DL,12953,995.00),(OH,12278,983.00),(AA,10423,972.00),(F9,13232,971.00),(DL,12953,964.00),(AA,11109,953.00),(OO,11109,945.00),(DL,14869,910.00),(AA,10693,890.00)]"
2025-03-04 00:00:00,2,11292,49439,6784,12.719917474058942,1899.0,"[(AA,14107,1899.00),(AA,11057,1489.00),(OO,11921,1120.00),(OO,11315,1087.00),(MQ,14107,998.00),(OO,12280,990.00),(OO,14877,986.00),(OO,10713,977.00),(OO,12177,975.00),(OO,12896,940.00),(OO,14457,931.00),(UA,12441,914.00),(AA,11057,910.00),(DL,12953,901.00),(OO,10372,897.00),(OO,14877,889.00),(OO,13851,885.00),(OO,14747,873.00),(AA,11298,868.00),(OO,14869,867.00)]"
2025-03-04 00:00:00,3,10397,47563,6530,12.973655993103883,1300.0,"[(AA,13303,1300.00),(B6,10721,1204.00),(DL,14747,1188.00),(AA,11298,1095.00),(DL,12892,1062.00),(DL,12892,1061.00),(DL,14908,1036.00),(DL,14747,977.00),(DL,14771,976.00),(F9,11618,972.00),(F9,13303,968.00),(DL,12889,963.00),(DL,10792,921.00),(F9,13204,920.00),(DL,14689,906.00),(DL,10208,888.00),(AA,12892,874.00),(OO,14696,852.00),(OO,10146,847.00),(DL,14831,845.00)]"
2025-03-04 00:00:00,4,13930,43067,5725,12.376413495251585,1986.0,"[(AA,14100,1986.00),(AA,12441,1546.00),(OO,14877,1320.00),(F9,11292,1273.00),(AA,11278,1051.00),(B6,12478,1018.00),(OO,13184,1012.00),(OO,15370,999.00),(OO,12559,964.00),(AA,10423,945.00),(OO,10693,933.00),(DL,14869,911.00),(AA,10423,907.00),(AA,14492,899.00),(OO,11267,899.00),(OO,13342,898.00),(AA,11278,869.00),(AA,11057,867.00),(OO,10693,864.00),(AA,13495,861.00)]"
2025-03-04 00:00:00,5,11278,21889,4206,18.61524053177395,1587.0,"[(AA,13930,1587.00),(OH,10581,1173.00),(AA,14635,1165.00),(DL,10397,1160.00),(OH,10257,1157.00),(AA,15304,1118.00),(DL,11433,1092.00),(OH,10781,1051.00),(DL,12892,1031.00),(DL,10397,995.00),(B6,14027,976.00),(F9,11292,968.00),(DL,11433,954.00),(UA,14771,949.00),(UA,12266,944.00),(B6,11697,933.00),(AA,11057,925.00),(OH,10599,921.00),(AA,12953,918.00),(DL,12892,914.00)]"
2025-03-04 00:00:00,6,11057,32908,4133,10.658198614318707,1279.0,"[(AA,15016,1279.00),(AA,10257,1233.00),(F9,11298,1203.00),(AA,14100,1148.00),(DL,10397,1041.00),(AA,12478,1030.00),(OH,11973,1026.00),(DL,13487,986.00),(AA,10257,934.00),(DL,10397,913.00),(OH,14685,865.00),(OH,11252,835.00),(AA,11433,754.00),(AA,12323,738.00),(AA,10434,712.00),(MQ,15919,708.00),(AA,10721,706.00),(AA,10821,685.00),(OH,11267,685.00),(AA,11278,671.00)]"
2025-03-04 00:00:00,7,12889,30403,3482,9.366476992402065,1266.0,"[(OO,14893,1266.00),(G4,14457,1194.00),(DL,12478,1094.00),(G4,11193,1042.00),(DL,10397,1030.00),(G4,14314,1030.00),(G4,10408,964.00),(G4,11193,964.00),(G4,13367,952.00),(G4,10666,942.00),(F9,13232,896.00),(AA,13930,893.00),(UA,11618,870.00),(AA,11298,853.00),(F9,11292,838.00),(F9,14107,826.00),(DL,11433,817.00),(HA,12173,814.00),(AA,13930,739.00),(F9,11292,737.00)]"
2025-03-04 00:00:00,8,13204,26708,3242,10.67773700763816,1196.0,"[(DL,11433,1196.00),(AA,13303,1019.00),(DL,11433,1000.00),(AA,14107,986.00),(AA,11278,959.00),(AA,13930,945.00),(UA,13930,904.00),(UA,12266,902.00),(F9,11292,877.00),(DL,12892,826.00),(DL,10397,811.00),(UA,13930,775.00),(DL,10397,752.00),(UA,12266,699.00),(AA,14100,588.00),(AA,11298,530.00),(AS,14747,523.00),(UA,11618,521.00),(DL,10397,519.00),(DL,10397,502.00)]"
2025-03-04 00:00:00,9,14107,32832,2877,6.238852339181286,1163.0,"[(B6,11697,1163.00),(OO,10713,972.00),(DL,14869,963.00),(AA,10423,891.00),(F9,13930,871.00),(AA,14262,867.00),(OO,14698,796.00),(OO,11003,754.00),(OO,12280,717.00),(OO,12896,694.00),(DL,11433,664.00),(AA,14908,658.00),(AA,12889,657.00),(AA,14057,649.00),(AA,14683,641.00),(AA,11057,634.00),(AA,14908,628.00),(B6,10721,627.00),(DL,12478,608.00),(AA,11298,596.00)]"
2025-03-04 00:00:00,10,13303,20328,2865,13.448937426210154,1217.0,"[(AA,10994,1217.00),(AA,14107,1050.00),(F9,14100,1008.00),(B6,10721,977.00),(DL,10721,973.00),(DL,12478,925.00),(AA,14747,823.00),(AA,13204,750.00),(AA,14492,712.00),(UA,11292,702.00),(AA,14771,692.00),(AA,15304,680.00),(AA,11292,675.00),(MQ,12323,671.00),(AA,11298,649.00),(AA,10423,647.00),(DL,10721,636.00),(DL,10397,620.00),(AA,12266,618.00),(AA,10821,580.00)]"
2025-03-05 00:00:00,1,11298,48843,7339,14.360952439448846,1766.0,"[(AA,13303,1766.00),(AA,12173,1490.00),(B6,10721,1412.00),(AA,13303,1322.00),(OH,12217,1318.00),(AA,14492,1272.00),(AA,13244,1175.00),(AA,11638,1147.00),(AA,12094,1144.00),(AA,13851,1098.00),(AA,14193,1078.00),(OH,12448,1058.00),(DL,10397,1021.00),(DL,12953,995.00),(OH,12278,983.00),(AA,10423,972.00),(F9,13232,971.00),(DL,12953,964.00),(AA,11109,953.00),(OO,11109,945.00)]"
2025-03-05 00:00:00,2,11292,50189,6857,12.711550339715874,1899.0,"[(AA,14107,1899.00),(AA,11057,1489.00),(OO,11921,1120.00),(OO,11315,1087.00),(MQ,14107,998.00),(OO,12280,990.00),(OO,14877,986.00),(OO,10713,977.00),(OO,12177,975.00),(OO,12896,940.00),(OO,14457,931.00),(UA,12441,914.00),(AA,11057,910.00),(DL,12953,901.00),(OO,10372,897.00),(OO,14877,889.00),(OO,13851,885.00),(OO,14747,873.00),(AA,11298,868.00),(OO,14869,867.00)]"
2025-03-05 00:00:00,3,10397,48343,6611,12.905901578305029,1300.0,"[(AA,13303,1300.00),(B6,10721,1204.00),(DL,14747,1188.00),(AA,11298,1095.00),(DL,12892,1062.00),(DL,12892,1061.00),(DL,14908,1036.00),(DL,14747,977.00),(DL,14771,976.00),(F9,11618,972.00),(F9,13303,968.00),(DL,12889,963.00),(DL,10792,921.00),(F9,13204,920.00),(DL,14689,906.00),(DL,10208,888.00),(AA,12892,874.00),(OO,14696,852.00),(OO,10146,847.00),(DL,14831,845.00)]"
2025-03-05 00:00:00,4,13930,43733,5782,12.308988635584113,1986.0,"[(AA,14100,1986.00),(AA,12441,1546.00),(OO,14877,1320.00),(F9,11292,1273.00),(AA,11278,1051.00),(B6,12478,1018.00),(OO,13184,1012.00),(OO,15370,999.00),(OO,12559,964.00),(AA,10423,945.00),(OO,10693,933.00),(DL,14869,911.00),(AA,10423,907.00),(AA,14492,899.00),(OO,11267,899.00),(OO,13342,898.00),(AA,11278,869.00),(AA,11057,867.00),(OO,10693,864.00),(AA,13495,861.00)]"
2025-03-05 00:00:00,5,11278,22294,4251,18.391046918453394,1587.0,"[(AA,13930,1587.00),(OH,10581,1173.00),(AA,14635,1165.00),(DL,10397,1160.00),(OH,10257,1157.00),(AA,15304,1118.00),(DL,11433,1092.00),(OH,10781,1051.00),(DL,12892,1031.00),(DL,10397,995.00),(B6,14027,976.00),(F9,11292,968.00),(DL,11433,954.00),(UA,14771,949.00),(UA,12266,944.00),(B6,11697,933.00),(AA,11057,925.00),(OH,10599,921.00),(AA,12953,918.00),(DL,12892,914.00)]"
2025-03-05 00:00:00,6,11057,33421,4179,10.586876514766166,1279.0,"[(AA,15016,1279.00),(AA,10257,1233.00),(F9,11298,1203.00),(AA,14100,1148.00),(DL,10397,1041.00),(AA,12478,1030.00),(OH,11973,1026.00),(DL,13487,986.00),(AA,10257,934.00),(DL,10397,913.00),(OH,14685,865.00),(OH,11252,835.00),(AA,11433,754.00),(AA,12323,738.00),(AA,10434,712.00),(MQ,15919,708.00),(AA,10721,706.00),(AA,10821,685.00),(OH,11267,685.00),(AA,11278,671.00)]"
2025-03-05 00:00:00,7,12889,30837,3512,9.321042903006129,1266.0,"[(OO,14893,1266.00),(G4,14457,1194.00),(DL,12478,1094.00),(G4,11193,1042.00),(DL,10397,1030.00),(G4,14314,1030.00),(G4,10408,964.00),(G4,11193,964.00),(G4,13367,952.00),(G4,10666,942.00),(F9,13232,896.00),(AA,13930,893.00),(UA,11618,870.00),(AA,11298,853.00),(F9,11292,838.00),(F9,14107,826.00),(DL,11433,817.00),(HA,12173,814.00),(AA,13930,739.00),(F9,11292,737.00)]"
2025-03-05 00:00:00,8,13204,27110,3276,10.594503873109554,1196.0,"[(DL,11433,1196.00),(AA,13303,1019.00),(DL,11433,1000.00),(AA,14107,986.00),(AA,11278,959.00),(AA,13930,945.00),(UA,13930,904.00),(UA,12266,902.00),(F9,11292,877.00),(DL,12892,826.00),(DL,10397,811.00),(UA,13930,775.00),(DL,10397,752.00),(UA,12266,699.00),(AA,14100,588.00),(AA,11298,530.00),(AS,14747,523.00),(UA,11618,521.00),(DL,10397,519.00),(DL,10397,502.00)]"
2025-03-05 00:00:00,9,14107,33328,2926,6.26998319731157,1163.0,"[(B6,11697,1163.00),(OO,10713,972.00),(DL,14869,963.00),(AA,10423,891.00),(F9,13930,871.00),(AA,14262,867.00),(AA,13487,855.00),(OO,14698,796.00),(OO,11003,754.00),(OO,12280,717.00),(OO,12896,694.00),(DL,11433,664.00),(AA,14908,658.00),(AA,12889,657.00),(AA,14057,649.00),(AA,14683,641.00),(AA,11057,634.00),(AA,14908,628.00),(B6,10721,627.00),(DL,12478,608.00)]"
2025-03-05 00:00:00,10,13303,20642,2888,13.393469625036333,1217.0,"[(AA,10994,1217.00),(AA,14107,1050.00),(F9,14100,1008.00),(B6,10721,977.00),(DL,10721,973.00),(DL,12478,925.00),(DL,10397,842.00),(AA,14747,823.00),(AA,13204,750.00),(AA,14492,712.00),(UA,11292,702.00),(AA,14771,692.00),(AA,15304,680.00),(AA,11292,675.00),(MQ,12323,671.00),(AA,11298,649.00),(AA,10423,647.00),(DL,10721,636.00),(DL,10397,620.00),(AA,12266,618.00)]"
2025-03-06 00:00:00,1,11298,49587,7456,14.339685804747212,1766.0,"[(AA,13303,1766.00),(AA,12173,1490.00),(B6,10721,1412.00),(AA,13303,1322.00),(OH,12217,1318.00),(AA,14492,1272.00),(AA,13244,1175.00),(AA,11638,1147.00),(AA,12094,1144.00),(AA,13851,1098.00),(AA,14193,1078.00),(OH,12448,1058.00),(DL,10397,1021.00),(DL,12953,995.00),(OH,12278,983.00),(AA,10423,972.00),(F9,13232,971.00),(DL,12953,964.00),(AA,11109,953.00),(OO,11109,945.00)]"
2025-03-06 00:00:00,2,11292,50963,6930,12.617526440751133,1899.0,"[(AA,14107,1899.00),(AA,11057,1489.00),(OO,11921,1120.00),(OO,11315,1087.00),(MQ,14107,998.00),(OO,12280,990.00),(OO,14877,986.00),(OO,10713,977.00),(OO,12177,975.00),(OO,12896,940.00),(OO,14457,931.00),(UA,12441,914.00),(AA,11057,910.00),(DL,12953,901.00),(OO,10372,897.00),(OO,14877,889.00),(OO,13851,885.00),(OO,14747,873.00),(AA,11298,868.00),(OO,14869,867.00)]"
2025-03-06 00:00:00,3,10397,49138,6751,12.940127803329398,1300.0,"[(AA,13303,1300.00),(B6,10721,1204.00),(DL,14747,1188.00),(AA,11298,1095.00),(DL,12892,1062.00),(DL,12892,1061.00),(DL,14908,1036.00),(DL,14747,977.00),(DL,14771,976.00),(F9,11618,972.00),(F9,13303,968.00),(DL,12889,963.00),(DL,10792,921.00),(F9,13204,920.00),(DL,14689,906.00),(DL,10208,888.00),(AA,12892,874.00),(OO,14696,852.00),(OO,10146,847.00),(DL,14831,845.00)]"
2025-03-06 00:00:00,4,13930,44417,5905,12.426570907535403,1986.0,"[(AA,14100,1986.00),(AA,12441,1546.00),(OO,14877,1320.00),(F9,11292,1273.00),(AA,11278,1051.00),(B6,12478,1018.00),(OO,13184,1012.00),(OO,15370,999.00),(OO,13871,998.00),(OO,12559,964.00),(AA,10423,945.00),(OO,10693,933.00),(DL,14869,911.00),(AA,10423,907.00),(AA,14492,899.00),(OO,11267,899.00),(OO,13342,898.00),(AA,11278,869.00),(AA,11057,867.00),(OO,10693,864.00)]"
2025-03-06 00:00:00,5,11278,22637,4345,18.46494676856474,1587.0,"[(AA,13930,1587.00),(OH,10581,1173.00),(AA,14635,1165.00),(DL,10397,1160.00),(OH,10257,1157.00),(AA,15304,1118.00),(DL,11433,1092.00),(OH,10781,1051.00),(DL,12892,1031.00),(DL,10397,995.00),(B6,14027,976.00),(F9,11292,968.00),(DL,11433,954.00),(UA,14771,949.00),(UA,12266,944.00),(B6,11697,933.00),(AA,11057,925.00),(OH,10599,921.00),(AA,12953,918.00),(DL,12892,914.00)]"
2025-03-06 00:00:00,6,11057,33890,4285,10.705901445854234,1279.0,"[(AA,15016,1279.00),(AA,10257,1233.00),(F9,11298,1203.00),(AA,14100,1148.00),(DL,10397,1041.00),(AA,12478,1030.00),(OH,11973,1026.00),(DL,13487,986.00),(AA,10257,934.00),(DL,10397,913.00),(OH,14685,865.00),(OH,11252,835.00),(AA,11433,754.00),(AA,12323,738.00),(AA,10434,712.00),(MQ,15919,708.00),(AA,10721,706.00),(AA,10821,685.00),(OH,11267,685.00),(AA,11278,671.00)]"
2025-03-06 00:00:00,7,12889,31277,3550,9.240432266521726,1266.0,"[(OO,14893,1266.00),(G4,14457,1194.00),(DL,12478,1094.00),(G4,11193,1042.00),(DL,10397,1030.00),(G4,14314,1030.00),(G4,10408,964.00),(G4,11193,964.00),(G4,13367,952.00),(G4,10666,942.00),(F9,13232,896.00),(AA,13930,893.00),(UA,11618,870.00),(AA,11298,853.00),(F9,11292,838.00),(F9,14107,826.00),(DL,11433,817.00),(HA,12173,814.00),(AA,13930,739.00),(F9,11292,737.00)]"
2025-03-06 00:00:00,8,13204,27528,3330,10.603930543446673,1196.0,"[(DL,11433,1196.00),(AA,13303,1019.00),(DL,11433,1000.00),(AA,14107,986.00),(AA,11278,959.00),(AA,13930,945.00),(UA,13930,904.00),(UA,12266,902.00),(AA,12892,887.00),(F9,11292,877.00),(DL,12892,826.00),(DL,10397,811.00),(UA,13930,775.00),(DL,10397,752.00),(UA,12266,699.00),(AA,14100,588.00),(AA,11298,530.00),(AS,14747,523.00),(UA,11618,521.00),(DL,10397,519.00)]"
2025-03-06 00:00:00,9,14107,33878,2970,6.25500324694492,1163.0,"[(B6,11697,1163.00),(OO,10713,972.00),(DL,14869,963.00),(AA,10423,891.00),(F9,13930,871.00),(AA,14262,867.00),(AA,13487,855.00),(OO,14698,796.00),(OO,11003,754.00),(OO,12280,717.00),(OO,12896,694.00),(DL,11433,664.00),(AA,14908,658.00),(AA,12889,657.00),(AA,14057,649.00),(AA,14683,641.00),(AA,11057,634.00),(AA,14908,628.00),(B6,10721,627.00),(DL,12478,608.00)]"
2025-03-06 00:00:00,10,13303,20959,2930,13.435039839687008,1217.0,"[(AA,10994,1217.00),(AA,14107,1050.00),(F9,14100,1008.00),(B6,10721,977.00),(DL,10721,973.00),(DL,12478,925.00),(DL,10397,842.00),(AA,14747,823.00),(AA,13204,750.00),(AA,14492,712.00),(UA,11292,702.00),(AA,14771,692.00),(AA,15304,680.00),(AA,11292,675.00),(MQ,12323,671.00),(AA,11298,649.00),(AA,10423,647.00),(DL,10721,636.00),(DL,10397,620.00),(AA,12266,618.00)]"
2025-03-07 00:00:00,1,11298,50485,7538,14.216797068436168,1766.0,"[(AA,13303,1766.00),(AA,12173,1490.00),(B6,10721,1412.00),(AA,13303,1322.00),(OH,12217,1318.00),(AA,14492,1272.00),(AA,13244,1175.00),(AA,11638,1147.00),(AA,12094,1144.00),(AA,13851,1098.00),(AA,14193,1078.00),(OH,12448,1058.00),(DL,10397,1021.00),(DL,12953,995.00),(OH,12278,983.00),(AA,10423,972.00),(F9,13232,971.00),(DL,12953,964.00),(AA,11109,953.00),(OO,11109,945.00)]"
2025-03-07 00:00:00,2,11292,51844,7009,12.528855798163722,1899.0,"[(AA,14107,1899.00),(AA,11057,1489.00),(OO,11921,1120.00),(OO,11315,1087.00),(MQ,14107,998.00),(OO,12280,990.00),(OO,14877,986.00),(OO,10713,977.00),(OO,12177,975.00),(OO,12896,940.00),(OO,14457,931.00),(UA,12441,914.00),(AA,11057,910.00),(DL,12953,901.00),(OO,10372,897.00),(OO,14877,889.00),(OO,13851,885.00),(OO,14747,873.00),(AA,11298,868.00),(OO,14869,867.00)]"
2025-03-07 00:00:00,3,10397,50023,6835,12.810986946004837,1300.0,"[(AA,13303,1300.00),(B6,10721,1204.00),(DL,14747,1188.00),(AA,11298,1095.00),(DL,12892,1062.00),(DL,12892,1061.00),(DL,14908,1036.00),(DL,14747,977.00),(DL,14771,976.00),(F9,11618,972.00),(F9,13303,968.00),(DL,12889,963.00),(DL,10792,921.00),(F9,13204,920.00),(DL,14689,906.00),(DL,10208,888.00),(AA,12892,874.00),(OO,14696,852.00),(OO,10146,847.00),(DL,14831,845.00)]"
2025-03-07 00:00:00,4,13930,45231,5997,12.367226017554332,1986.0,"[(AA,14100,1986.00),(AA,12441,1546.00),(OO,14877,1320.00),(F9,11292,1273.00),(AA,11278,1051.00),(B6,12478,1018.00),(OO,13184,1012.00),(OO,15370,999.00),(OO,13871,998.00),(OO,12559,964.00),(AA,10423,945.00),(OO,10693,933.00),(DL,14869,911.00),(AA,10423,907.00),(AA,14492,899.00),(OO,11267,899.00),(OO,13342,898.00),(AA,11278,869.00),(AA,11057,867.00),(OO,10693,864.00)]"
2025-03-07 00:00:00,5,11278,23048,4410,18.425807011454356,1587.0,"[(AA,13930,1587.00),(OH,10581,1173.00),(AA,14635,1165.00),(DL,10397,1160.00),(OH,10257,1157.00),(AA,15304,1118.00),(DL,11433,1092.00),(OH,10781,1051.00),(DL,12892,1031.00),(DL,10397,995.00),(B6,14027,976.00),(F9,11292,968.00),(DL,11433,954.00),(UA,14771,949.00),(UA,12266,944.00),(B6,11697,933.00),(AA,11057,925.00),(OH,10599,921.00),(AA,12953,918.00),(DL,12892,914.00)]"
2025-03-07 00:00:00,6,11057,34473,4328,10.62173295042497,1279.0,"[(AA,15016,1279.00),(AA,10257,1233.00),(F9,11298,1203.00),(AA,14100,1148.00),(DL,10397,1041.00),(AA,12478,1030.00),(OH,11973,1026.00),(DL,13487,986.00),(AA,10257,934.00),(DL,10397,913.00),(OH,14685,865.00),(OH,11252,835.00),(AA,11433,754.00),(AA,12323,738.00),(AA,10434,712.00),(MQ,15919,708.00),(AA,10721,706.00),(AA,10821,685.00),(OH,11267,685.00),(AA,11278,671.00)]"
2025-03-07 00:00:00,7,12889,31840,3673,9.317587939698493,1266.0,"[(OO,14893,1266.00),(G4,14457,1194.00),(DL,12478,1094.00),(G4,11193,1042.00),(DL,10397,1030.00),(G4,14314,1030.00),(G4,10408,964.00),(G4,11193,964.00),(G4,13367,952.00),(G4,10666,942.00),(F9,13232,896.00),(AA,13930,893.00),(UA,11618,870.00),(AA,11298,853.00),(F9,11292,838.00),(F9,14107,826.00),(DL,11433,817.00),(HA,12173,814.00),(AA,13930,739.00),(F9,11292,737.00)]"
2025-03-07 00:00:00,8,13204,28016,3374,10.501534837235866,1196.0,"[(DL,11433,1196.00),(AA,13303,1019.00),(DL,11433,1000.00),(AA,14107,986.00),(AA,11278,959.00),(AA,13930,945.00),(UA,13930,904.00),(UA,12266,902.00),(AA,12892,887.00),(F9,11292,877.00),(DL,12892,826.00),(DL,10397,811.00),(UA,13930,775.00),(DL,10397,752.00),(UA,12266,699.00),(AA,14100,588.00),(AA,11298,530.00),(AS,14747,523.00),(UA,11618,521.00),(DL,10397,519.00)]"
2025-03-07 00:00:00,9,14107,34508,3063,6.365422510722151,1163.0,"[(B6,11697,1163.00),(OO,10713,972.00),(DL,14869,963.00),(AA,10423,891.00),(F9,13930,871.00),(AA,14262,867.00),(AA,13487,855.00),(OO,14698,796.00),(OO,11003,754.00),(OO,12280,717.00),(OO,12896,694.00),(DL,11433,664.00),(AA,14908,658.00),(AA,12889,657.00),(AA,14057,649.00),(AA,14683,641.00),(AA,11057,634.00),(AA,14908,628.00),(B6,10721,627.00),(DL,12478,608.00)]"
2025-03-07 00:00:00,10,13303,21310,2980,13.394040356640074,1217.0,"[(AA,10994,1217.00),(AA,14107,1050.00),(F9,14100,1008.00),(B6,10721,977.00),(DL,10721,973.00),(DL,12478,925.00),(DL,10397,842.00),(AA,14747,823.00),(AA,13204,750.00),(AA,14492,712.00),(UA,11292,702.00),(AA,14771,692.00),(AA,15304,680.00),(AA,11292,675.00),(MQ,12323,671.00),(AA,11298,649.00),(AA,10423,647.00),(DL,10721,636.00),(DL,10397,620.00),(AA,12266,618.00)]"
2025-03-08 00:00:00,1,11298,51391,7615,14.088848241910062,1766.0,"[(AA,13303,1766.00),(AA,12173,1490.00),(B6,10721,1412.00),(AA,13303,1322.00),(OH,12217,1318.00),(AA,14492,1272.00),(AA,13244,1175.00),(AA,11638,1147.00),(AA,12094,1144.00),(AA,13851,1098.00),(AA,14193,1078.00),(OH,12448,1058.00),(DL,10397,1021.00),(DL,12953,995.00),(OH,12278,983.00),(AA,10423,972.00),(F9,13232,971.00),(DL,12953,964.00),(AA,11109,953.00),(OO,11109,945.00)]"
2025-03-08 00:00:00,2,11292,52740,7170,12.577303754266211,1899.0,"[(AA,14107,1899.00),(AA,11057,1489.00),(OO,11921,1120.00),(OO,11315,1087.00),(MQ,14107,998.00),(OO,12280,990.00),(OO,14877,986.00),(OO,10713,977.00),(OO,12177,975.00),(OO,12896,940.00),(OO,14457,931.00),(UA,12441,914.00),(AA,11057,910.00),(DL,12953,901.00),(OO,10372,897.00),(OO,14877,889.00),(OO,13851,885.00),(OO,14747,873.00),(AA,11298,868.00),(OO,14869,867.00)]"
2025-03-08 00:00:00,3,10397,50909,6931,12.696379814963956,1300.0,"[(AA,13303,1300.00),(B6,10721,1204.00),(DL,14747,1188.00),(AA,11298,1095.00),(DL,12892,1062.00),(DL,12892,1061.00),(DL,14908,1036.00),(DL,14747,977.00),(DL,14771,976.00),(F9,11618,972.00),(F9,13303,968.00),(DL,12889,963.00),(DL,10792,921.00),(F9,13204,920.00),(DL,14689,906.00),(DL,10208,888.00),(AA,12892,874.00),(OO,14696,852.00),(OO,10146,847.00),(DL,14831,845.00)]"
2025-03-08 00:00:00,4,13930,46066,6171,12.524595146094734,1986.0,"[(AA,14100,1986.00),(AA,12441,1546.00),(OO,14877,1320.00),(F9,11292,1273.00),(AA,11278,1051.00),(B6,12478,1018.00),(OO,13184,1012.00),(OO,15370,999.00),(OO,13871,998.00),(OO,12559,964.00),(AA,10423,945.00),(OO,10693,933.00),(DL,14869,911.00),(AA,10423,907.00),(AA,14492,899.00),(OO,11267,899.00),(OO,13342,898.00),(OO,11721,875.00),(AA,11278,869.00),(AA,11057,867.00)]"
2025-03-08 00:00:00,5,11278,23457,4512,18.60510721746174,1587.0,"[(AA,13930,1587.00),(OH,10581,1173.00),(AA,14635,1165.00),(DL,10397,1160.00),(OH,10257,1157.00),(AA,15304,1118.00),(OH,10781,1110.00),(DL,11433,1092.00),(OH,10781,1051.00),(DL,12892,1031.00),(DL,10397,995.00),(B6,14027,976.00),(F9,11292,968.00),(DL,11433,954.00),(UA,14771,949.00),(UA,12266,944.00),(B6,11697,933.00),(AA,11057,925.00),(OH,10599,921.00),(AA,12953,918.00)]"
2025-03-08 00:00:00,6,11057,35056,4395,10.640261296211776,1279.0,"[(AA,15016,1279.00),(AA,10257,1233.00),(F9,11298,1203.00),(AA,14100,1148.00),(DL,10397,1041.00),(AA,12478,1030.00),(OH,11973,1026.00),(DL,13487,986.00),(AA,10257,934.00),(DL,10397,913.00),(OH,14685,865.00),(OH,11252,835.00),(AA,11433,754.00),(AA,12323,738.00),(AA,10434,712.00),(MQ,15919,708.00),(AA,10721,706.00),(AA,10821,685.00),(OH,11267,685.00),(AA,11278,671.00)]"
2025-03-08 00:00:00,7,12889,32409,3747,9.290814279983955,1266.0,"[(OO,14893,1266.00),(G4,14457,1194.00),(DL,12478,1094.00),(G4,11193,1042.00),(DL,10397,1030.00),(G4,14314,1030.00),(G4,10408,964.00),(G4,11193,964.00),(G4,13367,952.00),(G4,10666,942.00),(F9,13232,896.00),(AA,13930,893.00),(UA,11618,870.00),(AA,11298,853.00),(F9,11292,838.00),(F9,14107,826.00),(DL,11433,817.00),(HA,12173,814.00),(AA,13930,739.00),(F9,11292,737.00)]"
2025-03-08 00:00:00,8,13204,28511,3421,10.393918136859458,1196.0,"[(DL,11433,1196.00),(AA,13303,1019.00),(DL,11433,1000.00),(AA,14107,986.00),(AA,11278,959.00),(AA,13930,945.00),(UA,13930,904.00),(UA,12266,902.00),(AA,12892,887.00),(F9,11292,877.00),(DL,12892,826.00),(DL,10397,811.00),(UA,13930,775.00),(DL,10397,752.00),(UA,12266,699.00),(AA,14100,588.00),(AA,11298,530.00),(AS,14747,523.00),(UA,11618,521.00),(DL,10397,519.00)]"
2025-03-08 00:00:00,9,14107,35142,3357,6.908798588583461,1163.0,"[(B6,11697,1163.00),(OO,10713,972.00),(DL,14869,963.00),(AA,10423,891.00),(F9,13930,871.00),(AA,14262,867.00),(AA,13487,855.00),(OO,14698,796.00),(OO,11003,754.00),(OO,12280,717.00),(OO,15376,707.00),(OO,12896,694.00),(DL,11433,664.00),(AA,14908,658.00),(AA,12889,657.00),(AA,14057,649.00),(AA,14683,641.00),(AA,11057,634.00),(AA,14908,628.00),(B6,10721,627.00)]"
2025-03-08 00:00:00,10,13303,21656,3013,13.254294421869227,1217.0,"[(AA,10994,1217.00),(AA,14107,1050.00),(F9,14100,1008.00),(B6,10721,977.00),(DL,10721,973.00),(DL,12478,925.00),(DL,10397,842.00),(AA,14747,823.00),(AA,13204,750.00),(AA,14492,712.00),(UA,11292,702.00),(AA,14771,692.00),(AA,15304,680.00),(AA,11292,675.00),(MQ,12323,671.00),(AA,11298,649.00),(AA,10423,647.00),(DL,10721,636.00),(DL,10397,620.00),(AA,12266,618.00)]"
2025-03-09 00:00:00,1,11298,52207,7970,14.51527572930833,1766.0,"[(AA,13303,1766.00),(OH,11953,1500.00),(AA,12173,1490.00),(B6,10721,1412.00),(AA,13303,1322.00),(OH,12217,1318.00),(AA,14492,1272.00),(AA,13244,1175.00),(AA,11638,1147.00),(AA,12094,1144.00),(AA,13851,1098.00),(AA,14193,1078.00),(OH,12448,1058.00),(DL,10397,1021.00),(DL,12953,995.00),(OH,12278,983.00),(AA,10423,972.00),(F9,13232,971.00),(DL,12953,964.00),(AA,11109,953.00)]"
2025-03-09 00:00:00,2,11292,53552,7229,12.444371825515386,1899.0,"[(AA,14107,1899.00),(AA,11057,1489.00),(OO,11921,1120.00),(OO,11315,1087.00),(MQ,14107,998.00),(OO,12280,990.00),(OO,14877,986.00),(OO,10713,977.00),(OO,12177,975.00),(OO,12896,940.00),(OO,14457,931.00),(UA,12441,914.00),(AA,11057,910.00),(DL,12953,901.00),(OO,10372,897.00),(OO,14877,889.00),(OO,13851,885.00),(OO,14747,873.00),(AA,11298,868.00),(OO,14869,867.00)]"
2025-03-09 00:00:00,3,10397,51622,6985,12.564081205687497,1300.0,"[(AA,13303,1300.00),(B6,10721,1204.00),(DL,14747,1188.00),(AA,11298,1095.00),(DL,12892,1062.00),(DL,12892,1061.00),(DL,14908,1036.00),(DL,14747,977.00),(DL,14771,976.00),(F9,11618,972.00),(F9,13303,968.00),(DL,12889,963.00),(DL,10792,921.00),(F9,13204,920.00),(DL,14689,906.00),(DL,10208,888.00),(AA,12892,874.00),(OO,14696,852.00),(OO,10146,847.00),(DL,14831,845.00)]"
2025-03-09 00:00:00,4,13930,46795,6250,12.454899027673896,1986.0,"[(AA,14100,1986.00),(AA,12441,1546.00),(OO,14877,1320.00),(F9,11292,1273.00),(AA,11278,1051.00),(B6,12478,1018.00),(OO,13184,1012.00),(OO,15370,999.00),(OO,13871,998.00),(OO,12559,964.00),(AA,10423,945.00),(OO,10693,933.00),(DL,14869,911.00),(AA,10423,907.00),(AA,14492,899.00),(OO,11267,899.00),(OO,13342,898.00),(OO,11721,875.00),(AA,11278,869.00),(AA,11057,867.00)]"
2025-03-09 00:00:00,5,11278,23773,4540,18.42905817524082,1587.0,"[(AA,13930,1587.00),(OH,10581,1173.00),(AA,14635,1165.00),(DL,10397,1160.00),(OH,10257,1157.00),(AA,15304,1118.00),(OH,10781,1110.00),(DL,11433,1092.00),(OH,10781,1051.00),(DL,12892,1031.00),(DL,10397,995.00),(B6,14027,976.00),(F9,11292,968.00),(DL,11433,954.00),(UA,14771,949.00),(UA,12266,944.00),(B6,11697,933.00),(AA,11057,925.00),(OH,10599,921.00),(AA,12953,918.00)]"
2025-03-09 00:00:00,6,11057,35619,4487,10.701872596086359,1279.0,"[(AA,15016,1279.00),(AA,10257,1233.00),(F9,11298,1203.00),(AA,14100,1148.00),(DL,10397,1041.00),(AA,12478,1030.00),(OH,11973,1026.00),(DL,13487,986.00),(AA,10257,934.00),(DL,10397,913.00),(OH,14685,865.00),(OH,11252,835.00),(AA,11433,754.00),(AA,12323,738.00),(OH,15412,733.00),(AA,10434,712.00),(MQ,15919,708.00),(AA,10721,706.00),(AA,10821,685.00),(OH,11267,685.00)]"
2025-03-09 00:00:00,7,12889,32849,3770,9.189594812627478,1266.0,"[(OO,14893,1266.00),(G4,14457,1194.00),(DL,12478,1094.00),(G4,11193,1042.00),(DL,10397,1030.00),(G4,14314,1030.00),(G4,10408,964.00),(G4,11193,964.00),(G4,13367,952.00),(G4,10666,942.00),(F9,13232,896.00),(AA,13930,893.00),(UA,11618,870.00),(AA,11298,853.00),(F9,11292,838.00),(F9,14107,826.00),(DL,11433,817.00),(HA,12173,814.00),(AA,13930,739.00),(F9,11292,737.00)]"
2025-03-09 00:00:00,8,13204,29024,3456,10.275840683572216,1196.0,"[(DL,11433,1196.00),(AA,13303,1019.00),(DL,11433,1000.00),(AA,14107,986.00),(AA,11278,959.00),(AA,13930,945.00),(UA,13930,904.00),(UA,12266,902.00),(AA,12892,887.00),(F9,11292,877.00),(DL,12892,826.00),(DL,10397,811.00),(UA,13930,775.00),(DL,10397,752.00),(UA,12266,699.00),(AA,14100,588.00),(AA,11298,530.00),(AS,14747,523.00),(UA,11618,521.00),(DL,10397,519.00)]"
2025-03-09 00:00:00,9,14107,35754,3416,6.946355652514404,1163.0,"[(B6,11697,1163.00),(OO,10713,972.00),(DL,14869,963.00),(AA,10423,891.00),(F9,13930,871.00),(AA,14262,867.00),(AA,13487,855.00),(OO,14698,796.00),(OO,11003,754.00),(OO,12280,717.00),(OO,15376,707.00),(OO,12896,694.00),(DL,11433,664.00),(AA,14908,658.00),(AA,12889,657.00),(AA,14057,649.00),(AA,14683,641.00),(AA,11057,634.00),(AA,14908,628.00),(B6,10721,627.00)]"
2025-03-09 00:00:00,10,13303,22029,3067,13.33564846338917,1217.0,"[(AA,10994,1217.00),(AA,14107,1050.00),(F9,14100,1008.00),(B6,10721,977.00),(DL,10721,973.00),(DL,12478,925.00),(YX,12992,925.00),(DL,10397,842.00),(AA,14747,823.00),(YX,10257,820.00),(AA,13204,750.00),(AA,14492,712.00),(UA,11292,702.00),(AA,14771,692.00),(AA,15304,680.00),(AA,11292,675.00),(MQ,12323,671.00),(AA,11298,649.00),(AA,10423,647.00),(DL,10721,636.00)]"
2025-03-10 00:00:00,1,11298,53097,8105,14.496487560502477,1766.0,"[(AA,13303,1766.00),(OH,11953,1500.00),(AA,12173,1490.00),(B6,10721,1412.00),(AA,13303,1322.00),(OH,12217,1318.00),(AA,14492,1272.00),(AA,13244,1175.00),(AA,11638,1147.00),(AA,12094,1144.00),(AA,13851,1098.00),(AA,14193,1078.00),(OH,12448,1058.00),(DL,10397,1021.00),(DL,12953,995.00),(OH,12278,983.00),(AA,10423,972.00),(F9,13232,971.00),(DL,12953,964.00),(AA,11109,953.00)]"
2025-03-10 00:00:00,2,11292,54435,7302,12.337760631946358,1899.0,"[(AA,14107,1899.00),(AA,11057,1489.00),(OO,11921,1120.00),(OO,11315,1087.00),(MQ,14107,998.00),(OO,12280,990.00),(OO,14877,986.00),(OO,10713,977.00),(OO,12177,975.00),(OO,12896,940.00),(OO,14457,931.00),(UA,12441,914.00),(AA,11057,910.00),(DL,12953,901.00),(OO,10372,897.00),(OO,14877,889.00),(OO,13851,885.00),(OO,14747,873.00),(AA,11298,868.00),(OO,14869,867.00)]"
2025-03-10 00:00:00,3,10397,52505,7136,12.59123892962575,1300.0,"[(AA,13303,1300.00),(B6,10721,1204.00),(DL,14747,1188.00),(AA,11298,1095.00),(DL,12892,1062.00),(DL,12892,1061.00),(DL,14908,1036.00),(DL,14747,977.00),(DL,14771,976.00),(F9,11618,972.00),(F9,13303,968.00),(DL,12889,963.00),(DL,10792,921.00),(F9,13204,920.00),(DL,14689,906.00),(DL,10208,888.00),(AA,12892,874.00),(OO,14696,852.00),(OO,10146,847.00),(DL,14831,845.00)]"
2025-03-10 00:00:00,4,13930,47615,6322,12.347621547831565,1986.0,"[(AA,14100,1986.00),(AA,12441,1546.00),(OO,14877,1320.00),(F9,11292,1273.00),(AA,11278,1051.00),(B6,12478,1018.00),(OO,13184,1012.00),(OO,15370,999.00),(OO,13871,998.00),(OO,12559,964.00),(AA,10423,945.00),(OO,10693,933.00),(DL,14869,911.00),(AA,10423,907.00),(AA,14492,899.00),(OO,11267,899.00),(OO,13342,898.00),(OO,11721,875.00),(AA,11278,869.00),(AA,11057,867.00)]"
2025-03-10 00:00:00,5,11278,24175,4579,18.244136504653568,1587.0,"[(AA,13930,1587.00),(OH,10581,1173.00),(AA,14635,1165.00),(DL,10397,1160.00),(OH,10257,1157.00),(AA,15304,1118.00),(OH,10781,1110.00),(DL,11433,1092.00),(OH,10781,1051.00),(DL,12892,1031.00),(DL,10397,995.00),(B6,14027,976.00),(F9,11292,968.00),(DL,11433,954.00),(UA,14771,949.00),(UA,12266,944.00),(B6,11697,933.00),(AA,11057,925.00),(OH,10599,921.00),(AA,12953,918.00)]"
2025-03-10 00:00:00,6,11057,36207,4561,10.71063606484934,1279.0,"[(AA,15016,1279.00),(AA,10257,1233.00),(F9,11298,1203.00),(AA,14100,1148.00),(DL,10397,1041.00),(AA,12478,1030.00),(OH,11973,1026.00),(DL,13487,986.00),(AA,10257,934.00),(DL,10397,913.00),(OH,14685,865.00),(OH,11252,835.00),(AA,11433,754.00),(AA,12323,738.00),(OH,15412,733.00),(AA,10434,712.00),(MQ,15919,708.00),(AA,10721,706.00),(AA,10821,685.00),(OH,11267,685.00)]"
2025-03-10 00:00:00,7,12889,33417,3816,9.15133016129515,1266.0,"[(OO,14893,1266.00),(G4,14457,1194.00),(DL,12478,1094.00),(G4,11193,1042.00),(DL,10397,1030.00),(G4,14314,1030.00),(G4,10408,964.00),(G4,11193,964.00),(G4,13367,952.00),(G4,10666,942.00),(F9,13232,896.00),(AA,13930,893.00),(UA,11618,870.00),(AA,11298,853.00),(F9,11292,838.00),(F9,14107,826.00),(DL,11433,817.00),(HA,12173,814.00),(AA,13930,739.00),(F9,11292,737.00)]"
2025-03-10 00:00:00,8,13204,29530,3547,10.362411107348459,1196.0,"[(DL,11433,1196.00),(AA,13303,1019.00),(DL,11433,1000.00),(AA,14107,986.00),(AA,11278,959.00),(AA,13930,945.00),(UA,13930,904.00),(UA,12266,902.00),(AA,12892,887.00),(F9,11292,877.00),(DL,12892,826.00),(DL,10397,811.00),(UA,13930,775.00),(DL,10397,752.00),(UA,12266,699.00),(AA,14100,588.00),(AA,11298,530.00),(AS,14747,523.00),(UA,11618,521.00),(DL,10397,519.00)]"
2025-03-10 00:00:00,9,14107,36414,3475,6.966249244795957,1163.0,"[(B6,11697,1163.00),(OO,10713,972.00),(DL,14869,963.00),(AA,10423,891.00),(F9,13930,871.00),(AA,14262,867.00),(AA,13487,855.00),(OO,14698,796.00),(OO,11003,754.00),(OO,12280,717.00),(DL,11433,712.00),(OO,15376,707.00),(OO,12896,694.00),(DL,11433,664.00),(AA,14908,658.00),(AA,12889,657.00),(AA,14057,649.00),(AA,14683,641.00),(AA,11057,634.00),(AA,14908,628.00)]"
2025-03-10 00:00:00,10,13303,22386,3150,13.519744483159117,1217.0,"[(AA,10994,1217.00),(AA,14107,1050.00),(F9,14100,1008.00),(B6,10721,977.00),(DL,10721,973.00),(DL,12478,925.00),(YX,12992,925.00),(DL,10397,842.00),(AA,14747,823.00),(YX,10257,820.00),(AA,13204,750.00),(AA,14492,712.00),(UA,11292,702.00),(AA,14771,692.00),(AA,15304,680.00),(AA,11292,675.00),(MQ,12323,671.00),(AA,11298,649.00),(AA,10423,647.00),(DL,10721,636.00)]"
2025-03-11 00:00:00,1,11298,53999,8219,14.420211485397878,1766.0,"[(AA,13303,1766.00),(OH,11953,1500.00),(AA,12173,1490.00),(B6,10721,1412.00),(AA,13303,1322.00),(OH,12217,1318.00),(AA,14492,1272.00),(AA,13244,1175.00),(AA,11638,1147.00),(AA,12094,1144.00),(AA,13851,1098.00),(AA,14193,1078.00),(OH,12448,1058.00),(DL,10397,1021.00),(DL,12953,995.00),(OH,12278,983.00),(AA,10423,972.00),(F9,13232,971.00),(DL,12953,964.00),(AA,11109,953.00)]"
2025-03-11 00:00:00,2,11292,55337,7360,12.173211413701502,1899.0,"[(AA,14107,1899.00),(AA,11057,1489.00),(OO,11921,1120.00),(OO,11315,1087.00),(MQ,14107,998.00),(OO,12280,990.00),(OO,14877,986.00),(OO,10713,977.00),(OO,12177,975.00),(OO,12896,940.00),(OO,14457,931.00),(UA,12441,914.00),(AA,11057,910.00),(DL,12953,901.00),(OO,10372,897.00),(OO,14877,889.00),(OO,13851,885.00),(OO,14747,873.00),(AA,11298,868.00),(OO,14869,867.00)]"
2025-03-11 00:00:00,3,10397,53404,7259,12.57417047412179,1300.0,"[(AA,13303,1300.00),(B6,10721,1204.00),(DL,14747,1188.00),(AA,11298,1095.00),(DL,12892,1062.00),(DL,12892,1061.00),(DL,14908,1036.00),(DL,14747,977.00),(DL,14771,976.00),(F9,11618,972.00),(F9,13303,968.00),(DL,12889,963.00),(DL,10792,921.00),(F9,13204,920.00),(DL,14689,906.00),(DL,10208,888.00),(AA,12892,874.00),(OO,14696,852.00),(OO,10146,847.00),(DL,14831,845.00)]"
2025-03-11 00:00:00,4,13930,48438,6405,12.222449316652215,1986.0,"[(AA,14100,1986.00),(AA,12441,1546.00),(OO,14877,1320.00),(F9,11292,1273.00),(AA,11278,1051.00),(B6,12478,1018.00),(OO,13184,1012.00),(OO,15370,999.00),(OO,13871,998.00),(OO,12559,964.00),(AA,10423,945.00),(OO,10693,933.00),(DL,14869,911.00),(AA,10423,907.00),(AA,14492,899.00),(OO,11267,899.00),(OO,13342,898.00),(OO,11721,875.00),(AA,11278,869.00),(AA,11057,867.00)]"
2025-03-11 00:00:00,5,11057,36791,4666,10.847109347394744,1279.0,"[(AA,15016,1279.00),(AA,10257,1233.00),(F9,11298,1203.00),(AA,14100,1148.00),(DL,10397,1041.00),(AA,12478,1030.00),(OH,11973,1026.00),(DL,13487,986.00),(AA,10257,934.00),(DL,10397,913.00),(OH,14685,865.00),(OH,11252,835.00),(AA,11433,754.00),(AA,12323,738.00),(OH,15412,733.00),(AA,10434,712.00),(MQ,15919,708.00),(AA,10721,706.00),(AA,10821,685.00),(OH,11267,685.00)]"
2025-03-11 00:00:00,6,11278,24592,4637,18.13561320754717,1587.0,"[(AA,13930,1587.00),(OH,10581,1173.00),(AA,14635,1165.00),(DL,10397,1160.00),(UA,12266,1160.00),(OH,10257,1157.00),(AA,15304,1118.00),(OH,10781,1110.00),(DL,11433,1092.00),(OH,10781,1051.00),(DL,12892,1031.00),(DL,10397,995.00),(B6,14027,976.00),(F9,11292,968.00),(DL,11433,954.00),(UA,14771,949.00),(UA,12266,944.00),(B6,11697,933.00),(AA,11057,925.00),(OH,10599,921.00)]"
2025-03-11 00:00:00,7,12889,33992,3853,9.038803247823017,1266.0,"[(OO,14893,1266.00),(G4,14457,1194.00),(DL,12478,1094.00),(G4,11193,1042.00),(DL,10397,1030.00),(G4,14314,1030.00),(G4,10408,964.00),(G4,11193,964.00),(G4,13367,952.00),(G4,10666,942.00),(F9,13232,896.00),(AA,13930,893.00),(UA,11618,870.00),(AA,11298,853.00),(F9,11292,838.00),(F9,14107,826.00),(DL,11433,817.00),(HA,12173,814.00),(AA,13930,739.00),(F9,11292,737.00)]"
2025-03-11 00:00:00,8,13204,30021,3622,10.38060024649412,1196.0,"[(DL,11433,1196.00),(AA,13303,1019.00),(DL,11433,1000.00),(AA,14107,986.00),(AA,11278,959.00),(AA,13930,945.00),(UA,13930,904.00),(UA,12266,902.00),(AA,12892,887.00),(F9,11292,877.00),(DL,12892,826.00),(DL,10397,811.00),(UA,13930,775.00),(DL,10397,752.00),(UA,12266,699.00),(AA,14100,588.00),(AA,11298,530.00),(AS,14747,523.00),(UA,11618,521.00),(DL,10397,519.00)]"
2025-03-11 00:00:00,9,14107,37060,3533,6.977361036157582,1163.0,"[(B6,11697,1163.00),(OO,10713,972.00),(DL,14869,963.00),(AA,10423,891.00),(F9,13930,871.00),(AA,14262,867.00),(AA,13487,855.00),(OO,14698,796.00),(OO,11003,754.00),(OO,12280,717.00),(DL,11433,712.00),(OO,15376,707.00),(OO,12896,694.00),(DL,11433,664.00),(AA,14908,658.00),(AA,12889,657.00),(AA,14057,649.00),(AA,14683,641.00),(AA,11057,634.00),(AA,14908,628.00)]"
2025-03-11 00:00:00,10,13303,22733,3237,13.64030264373378,1217.0,"[(AA,10994,1217.00),(AA,14107,1050.00),(F9,14100,1008.00),(B6,10721,977.00),(DL,10721,973.00),(DL,12478,925.00),(YX,12992,925.00),(DL,10397,842.00),(AA,14747,823.00),(YX,10257,820.00),(AA,13204,750.00),(AA,14492,712.00),(UA,11292,702.00),(AA,14771,692.00),(AA,15304,680.00),(AA,11292,675.00),(MQ,12323,671.00),(AA,13204,660.00),(AA,11298,649.00),(AA,10423,647.00)]"
2025-03-12 00:00:00,1,11298,54882,8267,14.233683174811414,1766.0,"[(AA,13303,1766.00),(OH,11953,1500.00),(AA,12173,1490.00),(B6,10721,1412.00),(AA,13303,1322.00),(OH,12217,1318.00),(AA,14492,1272.00),(AA,13244,1175.00),(AA,11638,1147.00),(AA,12094,1144.00),(AA,13851,1098.00),(AA,14193,1078.00),(OH,12448,1058.00),(DL,10397,1021.00),(DL,12953,995.00),(OH,12278,983.00),(AA,10423,972.00),(F9,13232,971.00),(DL,12953,964.00),(AA,11109,953.00)]"
2025-03-12 00:00:00,2,11292,56161,7398,12.007389469560728,1899.0,"[(AA,14107,1899.00),(AA,11057,1489.00),(OO,11921,1120.00),(OO,11315,1087.00),(MQ,14107,998.00),(OO,12280,990.00),(OO,14877,986.00),(OO,10713,977.00),(OO,12177,975.00),(OO,12896,940.00),(OO,14457,931.00),(UA,12441,914.00),(AA,11057,910.00),(DL,12953,901.00),(OO,10372,897.00),(OO,14877,889.00),(OO,13851,885.00),(OO,14747,873.00),(AA,11298,868.00),(OO,14869,867.00)]"
2025-03-12 00:00:00,3,10397,54238,7318,12.450827832884693,1300.0,"[(AA,13303,1300.00),(B6,10721,1204.00),(DL,14747,1188.00),(AA,11298,1095.00),(DL,12892,1062.00),(DL,12892,1061.00),(DL,14908,1036.00),(DL,14747,977.00),(DL,14771,976.00),(F9,11618,972.00),(F9,13303,968.00),(DL,12889,963.00),(DL,10792,921.00),(F9,13204,920.00),(DL,14689,906.00),(DL,10208,888.00),(AA,12892,874.00),(OO,14696,852.00),(OO,10146,847.00),(DL,14831,845.00)]"
2025-03-12 00:00:00,4,13930,49210,6462,12.077585856533226,1986.0,"[(AA,14100,1986.00),(AA,12441,1546.00),(OO,14877,1320.00),(F9,11292,1273.00),(AA,11278,1051.00),(B6,12478,1018.00),(OO,13184,1012.00),(OO,15370,999.00),(OO,13871,998.00),(OO,12559,964.00),(AA,10423,945.00),(OO,10693,933.00),(DL,14869,911.00),(AA,10423,907.00),(AA,14492,899.00),(OO,11267,899.00),(OO,13342,898.00),(OO,11721,875.00),(AA,11278,869.00),(AA,11057,867.00)]"
2025-03-12 00:00:00,5,11057,37363,4709,10.74284720177716,1279.0,"[(AA,15016,1279.00),(AA,10257,1233.00),(F9,11298,1203.00),(AA,14100,1148.00),(DL,10397,1041.00),(AA,12478,1030.00),(OH,11973,1026.00),(DL,13487,986.00),(AA,10257,934.00),(DL,10397,913.00),(OH,14685,865.00),(OH,11252,835.00),(AA,11433,754.00),(AA,12323,738.00),(OH,15412,733.00),(AA,10434,712.00),(MQ,15919,708.00),(AA,10721,706.00),(AA,10821,685.00),(OH,11267,685.00)]"
2025-03-12 00:00:00,6,11278,24996,4677,17.930548887822052,1587.0,"[(AA,13930,1587.00),(OH,10581,1173.00),(AA,14635,1165.00),(DL,10397,1160.00),(UA,12266,1160.00),(OH,10257,1157.00),(AA,15304,1118.00),(OH,10781,1110.00),(DL,11433,1092.00),(OH,10781,1051.00),(DL,12892,1031.00),(DL,10397,995.00),(B6,14027,976.00),(F9,11292,968.00),(DL,11433,954.00),(UA,14771,949.00),(UA,12266,944.00),(B6,11697,933.00),(AA,11057,925.00),(OH,10599,921.00)]"
2025-03-12 00:00:00,7,12889,34477,3868,8.904138991211532,1266.0,"[(OO,14893,1266.00),(G4,14457,1194.00),(DL,12478,1094.00),(G4,11193,1042.00),(DL,10397,1030.00),(G4,14314,1030.00),(G4,10408,964.00),(G4,11193,964.00),(G4,13367,952.00),(G4,10666,942.00),(F9,13232,896.00),(AA,13930,893.00),(UA,11618,870.00),(AA,11298,853.00),(F9,11292,838.00),(F9,14107,826.00),(DL,11433,817.00),(HA,12173,814.00),(AA,13930,739.00),(F9,11292,737.00)]"
2025-03-12 00:00:00,8,13204,30467,3643,10.213345587028588,1196.0,"[(DL,11433,1196.00),(AA,13303,1019.00),(DL,11433,1000.00),(AA,14107,986.00),(AA,11278,959.00),(AA,13930,945.00),(UA,13930,904.00),(UA,12266,902.00),(AA,12892,887.00),(F9,11292,877.00),(DL,12892,826.00),(DL,10397,811.00),(UA,13930,775.00),(DL,10397,752.00),(UA,12266,699.00),(AA,14100,588.00),(AA,11298,530.00),(AS,14747,523.00),(UA,11618,521.00),(DL,10397,519.00)]"
2025-03-12 00:00:00,9,14107,37674,3587,6.972182406965016,1163.0,"[(B6,11697,1163.00),(OO,10713,972.00),(DL,14869,963.00),(AA,10423,891.00),(F9,13930,871.00),(AA,14262,867.00),(AA,13487,855.00),(OO,14698,796.00),(OO,11003,754.00),(OO,12280,717.00),(DL,11433,712.00),(OO,15376,707.00),(OO,12896,694.00),(DL,11433,664.00),(AA,14908,658.00),(AA,12889,657.00),(AA,14057,649.00),(AA,14683,641.00),(AA,11057,634.00),(AA,14908,628.00)]"
2025-03-12 00:00:00,10,13303,23075,3262,13.465395449620802,1217.0,"[(AA,10994,1217.00),(AA,14107,1050.00),(F9,14100,1008.00),(B6,10721,977.00),(DL,10721,973.00),(DL,12478,925.00),(YX,12992,925.00),(DL,10397,842.00),(AA,14747,823.00),(YX,10257,820.00),(AA,13204,750.00),(AA,14492,712.00),(UA,11292,702.00),(AA,14771,692.00),(AA,15304,680.00),(AA,11292,675.00),(MQ,12323,671.00),(AA,13204,660.00),(AA,11298,649.00),(AA,10423,647.00)]"
2025-03-13 00:00:00,1,11298,55759,8354,14.110887928406177,1766.0,"[(AA,13303,1766.00),(OH,11953,1500.00),(AA,12173,1490.00),(B6,10721,1412.00),(AA,13303,1322.00),(OH,12217,1318.00),(AA,14492,1272.00),(AA,13244,1175.00),(AA,11638,1147.00),(AA,12094,1144.00),(AA,13851,1098.00),(AA,14193,1078.00),(OH,12448,1058.00),(DL,10397,1021.00),(DL,12953,995.00),(OH,12278,983.00),(AA,10423,972.00),(F9,13232,971.00),(DL,12953,964.00),(AA,11109,953.00)]"
2025-03-13 00:00:00,2,11292,57002,7448,11.864846847479036,1899.0,"[(AA,14107,1899.00),(AA,11057,1489.00),(OO,11921,1120.00),(OO,11315,1087.00),(MQ,14107,998.00),(OO,12280,990.00),(OO,14877,986.00),(OO,10713,977.00),(OO,12177,975.00),(OO,12896,940.00),(OO,14457,931.00),(UA,12441,914.00),(AA,11057,910.00),(DL,12953,901.00),(OO,10372,897.00),(OO,12892,897.00),(OO,14877,889.00),(OO,13851,885.00),(OO,14747,873.00),(AA,11298,868.00)]"
2025-03-13 00:00:00,3,10397,55076,7369,12.306776091219406,1300.0,"[(AA,13303,1300.00),(B6,10721,1204.00),(DL,14747,1188.00),(AA,11298,1095.00),(DL,12892,1062.00),(DL,12892,1061.00),(DL,14908,1036.00),(DL,14747,977.00),(DL,14771,976.00),(F9,11618,972.00),(F9,13303,968.00),(DL,12889,963.00),(DL,10792,921.00),(F9,13204,920.00),(DL,14689,906.00),(DL,10208,888.00),(AA,12892,874.00),(OO,14696,852.00),(OO,10146,847.00),(DL,14831,845.00)]"
2025-03-13 00:00:00,4,13930,50010,6524,11.940991801639672,1986.0,"[(AA,14100,1986.00),(AA,12441,1546.00),(OO,14877,1320.00),(F9,11292,1273.00),(AA,11278,1051.00),(B6,12478,1018.00),(OO,13184,1012.00),(OO,15370,999.00),(OO,13871,998.00),(OO,12559,964.00),(AA,10423,945.00),(OO,10693,933.00),(DL,14869,911.00),(AA,10423,907.00),(AA,14492,899.00),(OO,11267,899.00),(OO,13342,898.00),(OO,11721,875.00),(AA,11278,869.00),(AA,11057,867.00)]"
2025-03-13 00:00:00,5,11057,37943,4757,10.66425954721556,1279.0,"[(AA,15016,1279.00),(AA,10257,1233.00),(F9,11298,1203.00),(AA,14100,1148.00),(DL,10397,1041.00),(AA,12478,1030.00),(OH,11973,1026.00),(DL,13487,986.00),(AA,10257,934.00),(DL,10397,913.00),(OH,14685,865.00),(OH,11252,835.00),(AA,11433,754.00),(AA,12323,738.00),(OH,15412,733.00),(AA,10434,712.00),(MQ,15919,708.00),(AA,10721,706.00),(AA,10821,685.00),(OH,11267,685.00)]"
2025-03-13 00:00:00,6,11278,25410,4724,17.74486422668241,1587.0,"[(AA,13930,1587.00),(OH,10581,1173.00),(AA,14635,1165.00),(DL,10397,1160.00),(UA,12266,1160.00),(OH,10257,1157.00),(AA,15304,1118.00),(OH,10781,1110.00),(DL,11433,1092.00),(OH,10781,1051.00),(DL,12892,1031.00),(DL,10397,995.00),(B6,14027,976.00),(F9,11292,968.00),(DL,11433,954.00),(UA,14771,949.00),(UA,12266,944.00),(B6,11697,933.00),(AA,11057,925.00),(OH,10599,921.00)]"
2025-03-13 00:00:00,7,12889,34976,3911,8.841405535224153,1266.0,"[(OO,14893,1266.00),(G4,14457,1194.00),(DL,12478,1094.00),(G4,11193,1042.00),(DL,10397,1030.00),(G4,14314,1030.00),(G4,10408,964.00),(G4,11193,964.00),(G4,13367,952.00),(G4,10666,942.00),(F9,13232,896.00),(AA,13930,893.00),(UA,11618,870.00),(AA,11298,853.00),(F9,11292,838.00),(F9,14107,826.00),(DL,11433,817.00),(HA,12173,814.00),(AA,13930,739.00),(F9,11292,737.00)]"
2025-03-13 00:00:00,8,13204,30919,3658,10.066755069698244,1196.0,"[(DL,11433,1196.00),(AA,13303,1019.00),(DL,11433,1000.00),(AA,14107,986.00),(AA,11278,959.00),(AA,13930,945.00),(UA,13930,904.00),(UA,12266,902.00),(AA,12892,887.00),(F9,11292,877.00),(DL,12892,826.00),(DL,10397,811.00),(UA,13930,775.00),(DL,10397,752.00),(UA,12266,699.00),(AA,14100,588.00),(AA,11298,530.00),(AS,14747,523.00),(UA,11618,521.00),(DL,10397,519.00)]"
2025-03-13 00:00:00,9,14107,38289,3652,6.994045287158191,1163.0,"[(B6,11697,1163.00),(OO,10713,972.00),(DL,14869,963.00),(AA,10423,891.00),(F9,13930,871.00),(AA,14262,867.00),(AA,13487,855.00),(OO,14698,796.00),(OO,11003,754.00),(OO,12280,717.00),(DL,11433,712.00),(OO,15376,707.00),(OO,12896,694.00),(DL,11433,664.00),(AA,14908,658.00),(AA,12889,657.00),(AA,14057,649.00),(AA,14683,641.00),(AA,11057,634.00),(AA,14908,628.00)]"
2025-03-13 00:00:00,10,13303,23413,3294,13.379361892965447,1217.0,"[(AA,10994,1217.00),(AA,14107,1050.00),(F9,14100,1008.00),(B6,10721,977.00),(DL,10721,973.00),(DL,12478,925.00),(YX,12992,925.00),(DL,10397,842.00),(AA,14747,823.00),(YX,10257,820.00),(AA,13204,750.00),(AA,14492,712.00),(UA,11292,702.00),(AA,14771,692.00),(AA,15304,680.00),(AA,11292,675.00),(MQ,12323,671.00),(AA,13204,660.00),(AA,11298,649.00),(AA,10423,647.00)]"
2025-03-14 00:00:00,1,11298,56659,8486,14.08729416332798,1766.0,"[(AA,13303,1766.00),(OH,11953,1500.00),(AA,12173,1490.00),(B6,10721,1412.00),(AA,13303,1322.00),(OH,12217,1318.00),(AA,14492,1272.00),(AA,13244,1175.00),(AA,11638,1147.00),(AA,12094,1144.00),(AA,13851,1098.00),(AA,14193,1078.00),(OH,12448,1058.00),(DL,10397,1021.00),(DL,12953,995.00),(OH,12278,983.00),(AA,10423,972.00),(F9,13232,971.00),(DL,12953,964.00),(AA,11109,953.00)]"
2025-03-14 00:00:00,2,11292,57901,7542,11.776549627812992,1899.0,"[(AA,14107,1899.00),(AA,11057,1489.00),(OO,11921,1120.00),(OO,11315,1087.00),(MQ,14107,998.00),(OO,12280,990.00),(OO,14877,986.00),(OO,10713,977.00),(OO,12177,975.00),(OO,12896,940.00),(OO,14457,931.00),(UA,12441,914.00),(AA,11057,910.00),(DL,12953,901.00),(OO,10372,897.00),(OO,12892,897.00),(OO,14877,889.00),(OO,13851,885.00),(OO,14747,873.00),(AA,11298,868.00)]"
2025-03-14 00:00:00,3,10397,55974,7468,12.216564833672777,1300.0,"[(AA,13303,1300.00),(B6,10721,1204.00),(DL,14747,1188.00),(AA,11298,1095.00),(DL,12892,1062.00),(DL,12892,1061.00),(DL,14908,1036.00),(DL,14747,977.00),(DL,14771,976.00),(F9,11618,972.00),(F9,13303,968.00),(DL,12889,963.00),(DL,10792,921.00),(F9,13204,920.00),(DL,14689,906.00),(DL,10208,888.00),(AA,12892,874.00),(OO,14696,852.00),(OO,10146,847.00),(DL,14831,845.00)]"
2025-03-14 00:00:00,4,13930,50834,6617,11.870755793366644,1986.0,"[(AA,14100,1986.00),(AA,12441,1546.00),(OO,14877,1320.00),(F9,11292,1273.00),(AA,11278,1051.00),(B6,12478,1018.00),(OO,13184,1012.00),(OO,15370,999.00),(OO,13871,998.00),(OO,12559,964.00),(AA,10423,945.00),(OO,10693,933.00),(DL,14869,911.00),(AA,10423,907.00),(AA,14492,899.00),(OO,11267,899.00),(OO,13342,898.00),(OO,11721,875.00),(AA,11278,869.00),(AA,11057,867.00)]"
2025-03-14 00:00:00,5,11057,38525,4798,10.602621674237508,1279.0,"[(AA,15016,1279.00),(AA,10257,1233.00),(F9,11298,1203.00),(AA,14100,1148.00),(DL,10397,1041.00),(AA,12478,1030.00),(OH,11973,1026.00),(DL,13487,986.00),(AA,10257,934.00),(DL,10397,913.00),(OH,14685,865.00),(OH,11252,835.00),(OH,15249,776.00),(AA,11433,754.00),(AA,12323,738.00),(OH,15412,733.00),(AA,10434,712.00),(MQ,15919,708.00),(AA,10721,706.00),(OH,11267,685.00)]"
2025-03-14 00:00:00,6,11278,25825,4763,17.56379477250726,1587.0,"[(AA,13930,1587.00),(OH,10581,1173.00),(AA,14635,1165.00),(DL,10397,1160.00),(UA,12266,1160.00),(OH,10257,1157.00),(AA,15304,1118.00),(OH,10781,1110.00),(DL,11433,1092.00),(OH,10781,1051.00),(DL,12892,1031.00),(DL,10397,995.00),(B6,14027,976.00),(F9,11292,968.00),(DL,11433,954.00),(UA,14771,949.00),(UA,12266,944.00),(B6,11697,933.00),(AA,11057,925.00),(OH,10599,921.00)]"
2025-03-14 00:00:00,7,12889,35548,4127,9.193906830201417,1266.0,"[(OO,14893,1266.00),(G4,14457,1194.00),(DL,12478,1094.00),(G4,11193,1042.00),(DL,10397,1030.00),(G4,14314,1030.00),(G4,10408,964.00),(G4,11193,964.00),(G4,13367,952.00),(G4,10666,942.00),(F9,13232,896.00),(AA,13930,893.00),(UA,11618,870.00),(AA,11298,853.00),(F9,11292,838.00),(F9,14107,826.00),(AA,12892,824.00),(DL,11433,817.00),(HA,12173,814.00),(AA,13930,739.00)]"
2025-03-14 00:00:00,8,14107,38931,3819,7.247463460995094,1163.0,"[(B6,11697,1163.00),(OO,10713,972.00),(DL,14869,963.00),(AA,10423,891.00),(F9,13930,871.00),(AA,14262,867.00),(AA,13487,855.00),(OO,11695,849.00),(OO,14698,796.00),(OO,11003,754.00),(OO,12280,717.00),(DL,11433,712.00),(OO,15376,707.00),(OO,12896,694.00),(OO,14794,688.00),(DL,11433,664.00),(AA,14908,658.00),(AA,12889,657.00),(AA,14057,649.00),(AA,14683,641.00)]"
2025-03-14 00:00:00,9,13204,31409,3708,10.035626731191696,1196.0,"[(DL,11433,1196.00),(AA,13303,1019.00),(DL,11433,1000.00),(AA,14107,986.00),(AA,11278,959.00),(AA,13930,945.00),(UA,13930,904.00),(UA,12266,902.00),(AA,12892,887.00),(F9,11292,877.00),(DL,12892,826.00),(DL,10397,811.00),(UA,13930,775.00),(DL,10397,752.00),(UA,12266,699.00),(AA,14100,588.00),(AA,11298,530.00),(AS,14747,523.00),(UA,11618,521.00),(DL,10397,519.00)]"
2025-03-14 00:00:00,10,13303,23764,3344,13.308533916849015,1217.0,"[(AA,10994,1217.00),(AA,14107,1050.00),(F9,14100,1008.00),(B6,10721,977.00),(DL,10721,973.00),(DL,12478,925.00),(YX,12992,925.00),(DL,10397,842.00),(AA,14747,823.00),(YX,10257,820.00),(AA,13204,750.00),(AA,14492,712.00),(UA,11292,702.00),(AA,14771,692.00),(AA,15304,680.00),(AA,11292,675.00),(MQ,12323,671.00),(AA,13204,660.00),(AA,11298,649.00),(AA,10423,647.00)]"
2025-03-15 00:00:00,1,11298,57334,8610,14.158719084661806,1766.0,"[(AA,13303,1766.00),(OH,11953,1500.00),(AA,12173,1490.00),(B6,10721,1412.00),(AA,13303,1322.00),(OH,12217,1318.00),(AA,14492,1272.00),(AA,13244,1175.00),(AA,11638,1147.00),(AA,12094,1144.00),(AA,13851,1098.00),(AA,14193,1078.00),(OH,12448,1058.00),(DL,10397,1021.00),(OH,13277,1020.00),(DL,12953,995.00),(OH,12278,983.00),(AA,10423,972.00),(F9,13232,971.00),(DL,12953,964.00)]"
2025-03-15 00:00:00,2,11292,58787,7650,11.756306666439858,1899.0,"[(AA,14107,1899.00),(AA,11057,1489.00),(OO,11921,1120.00),(OO,11315,1087.00),(MQ,14107,998.00),(OO,12280,990.00),(OO,14877,986.00),(OO,10713,977.00),(OO,12177,975.00),(OO,12896,940.00),(OO,14457,931.00),(UA,12441,914.00),(AA,11057,910.00),(DL,12953,901.00),(OO,10372,897.00),(OO,12892,897.00),(OO,14877,889.00),(OO,13851,885.00),(OO,14747,873.00),(AA,11298,868.00)]"
2025-03-15 00:00:00,3,10397,56871,7553,12.120676619014963,1300.0,"[(AA,13303,1300.00),(B6,10721,1204.00),(DL,14747,1188.00),(AA,11298,1095.00),(DL,12892,1062.00),(DL,12892,1061.00),(DL,14908,1036.00),(DL,14747,977.00),(DL,14771,976.00),(F9,11618,972.00),(F9,13303,968.00),(DL,12889,963.00),(DL,10792,921.00),(F9,13204,920.00),(DL,14689,906.00),(DL,10208,888.00),(AA,12892,874.00),(OO,14696,852.00),(OO,10146,847.00),(DL,14831,845.00)]"
2025-03-15 00:00:00,4,13930,51644,6698,11.858299124777322,1986.0,"[(AA,14100,1986.00),(AA,12441,1546.00),(OO,14877,1320.00),(F9,11292,1273.00),(AA,11278,1051.00),(B6,12478,1018.00),(OO,13184,1012.00),(OO,15370,999.00),(OO,13871,998.00),(OO,12559,964.00),(AA,10423,945.00),(OO,10693,933.00),(DL,14869,911.00),(AA,10423,907.00),(AA,14492,899.00),(OO,11267,899.00),(OO,13342,898.00),(AA,13204,887.00),(OO,11721,875.00),(AA,11278,869.00)]"
2025-03-15 00:00:00,5,11057,39108,4851,10.544083052060959,1279.0,"[(AA,15016,1279.00),(AA,10257,1233.00),(F9,11298,1203.00),(AA,14100,1148.00),(DL,10397,1041.00),(AA,12478,1030.00),(OH,11973,1026.00),(DL,13487,986.00),(AA,10257,934.00),(DL,10397,913.00),(OH,14685,865.00),(OH,11252,835.00),(OH,15249,776.00),(AA,11433,754.00),(AA,12323,738.00),(OH,15412,733.00),(AA,10434,712.00),(MQ,15919,708.00),(AA,10721,706.00),(OH,11267,685.00)]"
2025-03-15 00:00:00,6,11278,26235,4810,17.393062702496664,1587.0,"[(AA,13930,1587.00),(OH,10581,1173.00),(AA,14635,1165.00),(DL,10397,1160.00),(UA,12266,1160.00),(OH,10257,1157.00),(AA,15304,1118.00),(OH,10781,1110.00),(DL,11433,1092.00),(OH,10781,1051.00),(DL,12892,1031.00),(DL,10397,995.00),(B6,14027,976.00),(F9,11292,968.00),(DL,11433,954.00),(UA,14771,949.00),(UA,12266,944.00),(B6,11697,933.00),(AA,11057,925.00),(OH,10599,921.00)]"
2025-03-15 00:00:00,7,12889,36117,4240,9.278899133372096,1266.0,"[(OO,14893,1266.00),(G4,14457,1194.00),(DL,12478,1094.00),(G4,11193,1042.00),(DL,10397,1030.00),(G4,14314,1030.00),(G4,10408,964.00),(G4,11193,964.00),(G4,13367,952.00),(G4,10666,942.00),(F9,13232,896.00),(AA,13930,893.00),(UA,11618,870.00),(AA,11298,853.00),(F9,11292,838.00),(F9,14107,826.00),(AA,12892,824.00),(DL,11433,817.00),(HA,12173,814.00),(AA,13930,739.00)]"
2025-03-15 00:00:00,8,14107,39566,3897,7.305615932871658,1163.0,"[(B6,11697,1163.00),(OO,10713,972.00),(DL,14869,963.00),(AA,10423,891.00),(F9,13930,871.00),(AA,14262,867.00),(AA,13487,855.00),(OO,11695,849.00),(OO,14698,796.00),(OO,11003,754.00),(AA,14893,736.00),(OO,12280,717.00),(DL,11433,712.00),(OO,15376,707.00),(OO,12896,694.00),(OO,14794,688.00),(DL,11433,664.00),(AA,14908,658.00),(AA,12889,657.00),(AA,14057,649.00)]"
2025-03-15 00:00:00,9,13204,31899,3747,9.980124768801529,1196.0,"[(DL,11433,1196.00),(AA,13303,1019.00),(DL,11433,1000.00),(AA,14107,986.00),(AA,11278,959.00),(AA,13930,945.00),(UA,13930,904.00),(UA,12266,902.00),(AA,12892,887.00),(F9,11292,877.00),(DL,12892,826.00),(DL,10397,811.00),(UA,13930,775.00),(DL,10397,752.00),(UA,12266,699.00),(AA,14100,588.00),(AA,11298,530.00),(AS,14747,523.00),(UA,11618,521.00),(DL,10397,519.00)]"
2025-03-15 00:00:00,10,13303,24111,3386,13.231554062461118,1217.0,"[(AA,10994,1217.00),(AA,14107,1050.00),(F9,14100,1008.00),(B6,10721,977.00),(DL,10721,973.00),(DL,12478,925.00),(YX,12992,925.00),(DL,10397,842.00),(AA,14747,823.00),(YX,10257,820.00),(AA,13204,750.00),(AA,14492,712.00),(UA,11292,702.00),(AA,14771,692.00),(AA,15304,680.00),(AA,11292,675.00),(MQ,12323,671.00),(AA,13204,660.00),(AA,11298,649.00),(AA,10423,647.00)]"
2025-03-16 00:00:00,1,11298,58168,8876,14.412426076193096,1766.0,"[(AA,13303,1766.00),(OH,11953,1500.00),(AA,12173,1490.00),(B6,10721,1412.00),(AA,13303,1322.00),(OH,12217,1318.00),(AA,14492,1272.00),(AA,13244,1175.00),(AA,11638,1147.00),(AA,12094,1144.00),(AA,13851,1098.00),(AA,14193,1078.00),(OH,12448,1058.00),(DL,10397,1021.00),(OH,13277,1020.00),(DL,12953,995.00),(OH,12278,983.00),(AA,10423,972.00),(F9,13232,971.00),(DL,12953,964.00)]"
2025-03-16 00:00:00,2,11292,59597,7779,11.790878735506821,1899.0,"[(AA,14107,1899.00),(AA,11057,1489.00),(OO,11921,1120.00),(OO,11315,1087.00),(MQ,14107,998.00),(OO,12280,990.00),(OO,14877,986.00),(OO,10713,977.00),(OO,12177,975.00),(OO,12896,940.00),(OO,14457,931.00),(UA,12441,914.00),(AA,11057,910.00),(DL,12953,901.00),(OO,10372,897.00),(OO,12892,897.00),(OO,14877,889.00),(OO,13851,885.00),(OO,14747,873.00),(AA,11298,868.00)]"
2025-03-16 00:00:00,3,10397,57596,7771,12.412389749288145,1300.0,"[(AA,13303,1300.00),(B6,10721,1204.00),(DL,14747,1188.00),(AA,11298,1095.00),(DL,12892,1062.00),(DL,12892,1061.00),(DL,14908,1036.00),(DL,12217,993.00),(DL,14747,977.00),(DL,14771,976.00),(F9,11618,972.00),(F9,13303,968.00),(DL,12889,963.00),(DL,10792,921.00),(F9,13204,920.00),(DL,14689,906.00),(DL,10208,888.00),(AA,12892,874.00),(OO,14696,852.00),(OO,10146,847.00)]"
2025-03-16 00:00:00,4,13930,52337,7031,12.41977950589449,1986.0,"[(AA,14100,1986.00),(AA,12441,1546.00),(OO,14877,1320.00),(F9,11292,1273.00),(AA,11278,1051.00),(B6,12478,1018.00),(OO,13184,1012.00),(OO,15370,999.00),(OO,13871,998.00),(OO,12559,964.00),(AA,10423,945.00),(OO,10693,933.00),(DL,14869,911.00),(AA,10423,907.00),(AA,14492,899.00),(OO,11267,899.00),(OO,13342,898.00),(AA,13204,887.00),(OO,11721,875.00),(AA,11278,869.00)]"
2025-03-16 00:00:00,5,11057,39654,4989,10.6931709285318,1279.0,"[(AA,15016,1279.00),(AA,10257,1233.00),(F9,11298,1203.00),(AA,14100,1148.00),(DL,10397,1041.00),(AA,12478,1030.00),(OH,11973,1026.00),(DL,13487,986.00),(AA,10257,934.00),(DL,10397,913.00),(OH,14685,865.00),(OH,11252,835.00),(OH,15249,776.00),(AA,11433,754.00),(AA,12323,738.00),(OH,15412,733.00),(AA,10434,712.00),(MQ,15919,708.00),(AA,10721,706.00),(OH,11267,685.00)]"
2025-03-16 00:00:00,6,11278,26546,4872,17.418405786182475,1587.0,"[(AA,13930,1587.00),(OH,10581,1173.00),(AA,14635,1165.00),(DL,10397,1160.00),(UA,12266,1160.00),(OH,10257,1157.00),(AA,15304,1118.00),(OH,10781,1110.00),(DL,11433,1092.00),(OH,10781,1051.00),(DL,12892,1031.00),(DL,10397,995.00),(B6,14027,976.00),(F9,11292,968.00),(DL,11433,954.00),(UA,14771,949.00),(UA,12266,944.00),(B6,11697,933.00),(AA,11057,925.00),(OH,10599,921.00)]"
2025-03-16 00:00:00,7,12889,36576,4309,9.320592738407699,1266.0,"[(OO,14893,1266.00),(G4,14457,1194.00),(DL,12478,1094.00),(G4,11193,1042.00),(DL,10397,1030.00),(G4,14314,1030.00),(G4,10408,964.00),(G4,11193,964.00),(G4,13367,952.00),(G4,10666,942.00),(F9,13232,896.00),(AA,13930,893.00),(UA,11618,870.00),(AA,11298,853.00),(F9,11292,838.00),(F9,14107,826.00),(AA,12892,824.00),(DL,11433,817.00),(HA,12173,814.00),(AA,13930,739.00)]"
2025-03-16 00:00:00,8,14107,40181,3999,7.385779348448271,1163.0,"[(B6,11697,1163.00),(OO,10713,972.00),(DL,14869,963.00),(AA,10423,891.00),(F9,13930,871.00),(AA,14262,867.00),(AA,13487,855.00),(OO,11695,849.00),(OO,14698,796.00),(OO,11003,754.00),(AA,14893,736.00),(OO,12280,717.00),(DL,11433,712.00),(OO,15376,707.00),(OO,12896,694.00),(OO,14794,688.00),(DL,11433,664.00),(AA,14908,658.00),(AA,12889,657.00),(AA,14057,649.00)]"
2025-03-16 00:00:00,9,13204,32418,3885,10.206613609722993,1196.0,"[(DL,11433,1196.00),(AA,13303,1019.00),(DL,11433,1000.00),(AA,14107,986.00),(AA,11278,959.00),(AA,13930,945.00),(UA,13930,904.00),(UA,12266,902.00),(AA,12892,887.00),(F9,11292,877.00),(DL,12892,826.00),(DL,10397,811.00),(UA,13930,775.00),(DL,10397,752.00),(UA,12266,699.00),(AA,14100,588.00),(AA,11298,530.00),(AS,14747,523.00),(UA,11618,521.00),(DL,10397,519.00)]"
2025-03-16 00:00:00,10,13303,24486,3451,13.307032590051458,1217.0,"[(AA,10994,1217.00),(AA,14107,1050.00),(F9,14100,1008.00),(B6,10721,977.00),(DL,10721,973.00),(DL,12478,925.00),(YX,12992,925.00),(DL,10397,842.00),(AA,14747,823.00),(YX,10257,820.00),(AA,13204,750.00),(AA,14492,712.00),(YX,13851,709.00),(UA,11292,702.00),(AA,14771,692.00),(AA,15304,680.00),(AA,11292,675.00),(MQ,12323,671.00),(AA,13204,660.00),(AA,11298,649.00)]"
2025-03-17 00:00:00,1,11298,59047,9069,14.55530340237438,1766.0,"[(AA,13303,1766.00),(OH,11953,1500.00),(AA,12173,1490.00),(B6,10721,1412.00),(AA,13303,1322.00),(OH,12217,1318.00),(AA,14492,1272.00),(AA,13244,1175.00),(AA,11638,1147.00),(AA,12094,1144.00),(AA,13851,1098.00),(AA,14193,1078.00),(OH,12448,1058.00),(DL,10397,1021.00),(OH,13277,1020.00),(DL,12953,995.00),(OH,12278,983.00),(AA,10423,972.00),(F9,13232,971.00),(DL,12953,964.00)]"
2025-03-17 00:00:00,2,10397,58447,8230,13.10036443273393,1300.0,"[(AA,13303,1300.00),(B6,10721,1204.00),(DL,14747,1188.00),(AA,11298,1095.00),(DL,12892,1062.00),(DL,12892,1061.00),(DL,14908,1036.00),(DL,12217,993.00),(DL,14747,977.00),(DL,14771,976.00),(F9,11618,972.00),(F9,13303,968.00),(DL,12889,963.00),(DL,10792,921.00),(F9,13204,920.00),(DL,14689,906.00),(DL,10208,888.00),(AA,12892,874.00),(OO,14696,852.00),(OO,10146,847.00)]"
2025-03-17 00:00:00,3,11292,60463,7991,11.998908423333278,1899.0,"[(AA,14107,1899.00),(AA,11057,1489.00),(OO,11921,1120.00),(OO,11315,1087.00),(MQ,14107,998.00),(OO,12280,990.00),(OO,14877,986.00),(OO,10713,977.00),(OO,12177,975.00),(F9,10397,940.00),(OO,12896,940.00),(OO,14457,931.00),(UA,12441,914.00),(AA,11057,910.00),(DL,12953,901.00),(OO,10372,897.00),(OO,12892,897.00),(OO,14877,889.00),(OO,13851,885.00),(OO,14747,873.00)]"
2025-03-17 00:00:00,4,13930,53145,7335,12.839251105466177,1986.0,"[(AA,14100,1986.00),(AA,12441,1546.00),(OO,14877,1320.00),(F9,11292,1273.00),(AA,11278,1051.00),(B6,12478,1018.00),(OO,13184,1012.00),(OO,15370,999.00),(OO,13871,998.00),(OO,12559,964.00),(AA,10423,945.00),(OO,10693,933.00),(DL,14869,911.00),(AA,10423,907.00),(AA,14492,899.00),(OO,11267,899.00),(OO,13342,898.00),(AA,13204,887.00),(OO,11721,875.00),(AA,11278,869.00)]"
2025-03-17 00:00:00,5,11057,40179,5230,11.294681301177231,1279.0,"[(AA,15016,1279.00),(AA,10257,1233.00),(F9,11298,1203.00),(AA,14100,1148.00),(DL,10397,1041.00),(AA,12478,1030.00),(OH,11973,1026.00),(DL,13487,986.00),(AA,10257,934.00),(DL,10397,913.00),(OH,14685,865.00),(OH,11252,835.00),(OH,15249,776.00),(AA,11433,754.00),(AA,12323,738.00),(OH,15412,733.00),(AA,10434,712.00),(MQ,15919,708.00),(AA,10721,706.00),(OH,11267,685.00)]"
2025-03-17 00:00:00,6,11278,26906,5010,17.813201516390397,1587.0,"[(AA,13930,1587.00),(OH,10581,1173.00),(AA,14635,1165.00),(DL,10397,1160.00),(UA,12266,1160.00),(OH,10257,1157.00),(AA,15304,1118.00),(OH,10781,1110.00),(DL,11433,1092.00),(OH,10781,1051.00),(DL,12892,1031.00),(DL,10397,995.00),(B6,14027,976.00),(F9,11292,968.00),(DL,11433,954.00),(UA,14771,949.00),(UA,12266,944.00),(B6,11697,933.00),(AA,11057,925.00),(OH,10599,921.00)]"
2025-03-17 00:00:00,7,12889,37131,4441,9.60017236271579,1266.0,"[(OO,14893,1266.00),(G4,14457,1194.00),(DL,12478,1094.00),(G4,11193,1042.00),(DL,10397,1030.00),(G4,14314,1030.00),(G4,10408,964.00),(G4,11193,964.00),(G4,13367,952.00),(G4,10666,942.00),(F9,13232,896.00),(AA,13930,893.00),(UA,11618,870.00),(B6,12478,866.00),(AA,11298,853.00),(F9,11292,838.00),(F9,14107,826.00),(AA,12892,824.00),(DL,11433,817.00),(HA,12173,814.00)]"
2025-03-17 00:00:00,8,14107,40832,4152,7.691491967084639,1163.0,"[(B6,11697,1163.00),(AA,12173,1159.00),(OO,10713,972.00),(DL,14869,963.00),(AA,10423,891.00),(F9,13930,871.00),(AA,14262,867.00),(AA,13487,855.00),(OO,11695,849.00),(OO,14698,796.00),(OO,11003,754.00),(AA,14893,736.00),(OO,11695,725.00),(OO,12280,717.00),(DL,11433,712.00),(OO,15376,707.00),(OO,12896,694.00),(OO,14794,688.00),(DL,11433,664.00),(AA,14908,658.00)]"
2025-03-17 00:00:00,9,13204,32845,4121,11.384959659004414,1305.0,"[(AA,13930,1305.00),(DL,11433,1196.00),(AA,13930,1186.00),(AA,11057,1151.00),(AA,13303,1019.00),(DL,11433,1000.00),(AA,14107,986.00),(AA,11278,959.00),(UA,12892,950.00),(AA,13930,945.00),(UA,13930,904.00),(UA,12266,902.00),(DL,12892,896.00),(AA,12892,887.00),(AA,11278,878.00),(F9,11292,877.00),(DL,12892,826.00),(DL,10397,811.00),(UA,12264,798.00),(UA,13930,775.00)]"
2025-03-17 00:00:00,10,13303,24808,3623,14.098395678813286,1478.0,"[(AA,10423,1478.00),(AA,10994,1217.00),(AA,14107,1050.00),(F9,14100,1008.00),(B6,10721,977.00),(DL,10721,973.00),(DL,12478,925.00),(YX,12992,925.00),(B6,12478,870.00),(AA,12266,860.00),(DL,10397,842.00),(AA,14747,823.00),(YX,10257,820.00),(AA,13204,750.00),(AA,14492,712.00),(YX,13851,709.00),(UA,11292,702.00),(AA,14771,692.00),(AA,15304,680.00),(AA,11292,675.00)]"
2025-03-18 00:00:00,1,11298,59950,9202,14.535312760633861,1766.0,"[(AA,13303,1766.00),(OH,11953,1500.00),(AA,12173,1490.00),(B6,10721,1412.00),(AA,13303,1322.00),(OH,12217,1318.00),(AA,14492,1272.00),(AA,13244,1175.00),(AA,11638,1147.00),(AA,12094,1144.00),(AA,13851,1098.00),(AA,14193,1078.00),(OH,12448,1058.00),(DL,10397,1021.00),(OH,13277,1020.00),(DL,12953,995.00),(OH,12278,983.00),(AA,10423,972.00),(F9,13232,971.00),(DL,12953,964.00)]"
2025-03-18 00:00:00,2,10397,59337,8383,13.13810944267489,1300.0,"[(AA,13303,1300.00),(B6,10721,1204.00),(DL,14747,1188.00),(AA,11298,1095.00),(DL,12892,1062.00),(DL,12892,1061.00),(DL,14908,1036.00),(DL,12217,993.00),(DL,14747,977.00),(DL,14771,976.00),(F9,11618,972.00),(F9,13303,968.00),(DL,12889,963.00),(DL,10792,921.00),(F9,13204,920.00),(DL,14689,906.00),(DL,10208,888.00),(AA,12892,874.00),(OO,14696,852.00),(OO,10146,847.00)]"
2025-03-18 00:00:00,3,11292,61359,8169,12.070291236819374,1899.0,"[(AA,14107,1899.00),(AA,11057,1489.00),(OO,11921,1120.00),(OO,11315,1087.00),(MQ,14107,998.00),(OO,12280,990.00),(OO,14877,986.00),(OO,10713,977.00),(OO,12177,975.00),(F9,10397,940.00),(OO,12896,940.00),(OO,14457,931.00),(UA,12441,914.00),(AA,11057,910.00),(DL,12953,901.00),(OO,10372,897.00),(OO,12892,897.00),(OO,14877,889.00),(OO,13851,885.00),(OO,14747,873.00)]"
2025-03-18 00:00:00,4,13930,53968,7471,12.899588645123035,1986.0,"[(AA,14100,1986.00),(AA,12441,1546.00),(OO,14877,1320.00),(F9,11292,1273.00),(AA,11278,1051.00),(B6,12478,1018.00),(OO,13184,1012.00),(OO,15370,999.00),(OO,13871,998.00),(OO,12559,964.00),(AA,10423,945.00),(OO,10693,933.00),(DL,14869,911.00),(AA,10423,907.00),(AA,14492,899.00),(OO,11267,899.00),(OO,13342,898.00),(AA,13204,887.00),(OO,11721,875.00),(AA,11278,869.00)]"
2025-03-18 00:00:00,5,11057,40760,5332,11.37715897939156,1279.0,"[(AA,15016,1279.00),(AA,10257,1233.00),(F9,11298,1203.00),(AA,14100,1148.00),(DL,10397,1041.00),(AA,12478,1030.00),(OH,11973,1026.00),(DL,13487,986.00),(AA,10257,934.00),(DL,10397,913.00),(OH,14685,865.00),(OH,11252,835.00),(OH,15249,776.00),(AA,11433,754.00),(AA,12323,738.00),(OH,15412,733.00),(AA,10434,712.00),(MQ,15919,708.00),(AA,10721,706.00),(OH,11267,685.00)]"
2025-03-18 00:00:00,6,11278,27313,5110,17.85812616702669,1587.0,"[(AA,13930,1587.00),(OH,10581,1173.00),(AA,14635,1165.00),(DL,10397,1160.00),(UA,12266,1160.00),(OH,10257,1157.00),(AA,15304,1118.00),(OH,10781,1110.00),(DL,11433,1092.00),(OH,10781,1051.00),(DL,12892,1031.00),(DL,10397,995.00),(B6,14027,976.00),(F9,11292,968.00),(DL,11433,954.00),(UA,14771,949.00),(UA,12266,944.00),(B6,11697,933.00),(AA,11057,925.00),(OH,10599,921.00)]"
2025-03-18 00:00:00,7,12889,37697,4659,9.89261744966443,1266.0,"[(OO,14893,1266.00),(G4,14457,1194.00),(DL,12478,1094.00),(G4,11193,1042.00),(DL,10397,1030.00),(G4,14314,1030.00),(G4,10408,964.00),(G4,11193,964.00),(G4,13367,952.00),(G4,10666,942.00),(F9,13232,896.00),(AA,13930,893.00),(UA,11618,870.00),(B6,12478,866.00),(AA,11298,853.00),(F9,11292,838.00),(F9,14107,826.00),(AA,12892,824.00),(DL,11433,817.00),(HA,12173,814.00)]"
2025-03-18 00:00:00,8,14107,41471,4295,7.862699235610426,1163.0,"[(B6,11697,1163.00),(AA,12173,1159.00),(OO,10713,972.00),(DL,14869,963.00),(AA,10423,891.00),(F9,13930,871.00),(AA,14262,867.00),(AA,13487,855.00),(OO,11695,849.00),(OO,14698,796.00),(OO,11003,754.00),(AA,14893,736.00),(OO,11695,725.00),(OO,12280,717.00),(DL,11433,712.00),(OO,15376,707.00),(OO,12896,694.00),(OO,14794,688.00),(DL,11433,664.00),(AA,14908,658.00)]"
2025-03-18 00:00:00,9,13204,33334,4237,11.63919721605568,1305.0,"[(AA,13930,1305.00),(DL,11433,1196.00),(AA,13930,1186.00),(AA,11057,1151.00),(AA,13303,1019.00),(DL,11433,1000.00),(AA,14107,986.00),(AA,11278,959.00),(UA,12892,950.00),(AA,13930,945.00),(UA,13930,904.00),(UA,12266,902.00),(DL,12892,896.00),(AA,12892,887.00),(AA,11278,878.00),(F9,11292,877.00),(DL,12892,826.00),(DL,10397,811.00),(UA,12264,798.00),(UA,13930,775.00)]"
2025-03-18 00:00:00,10,13303,25153,3695,14.179978531387906,1478.0,"[(AA,10423,1478.00),(AA,10994,1217.00),(AA,14107,1050.00),(F9,14100,1008.00),(B6,10721,977.00),(DL,10721,973.00),(DL,12478,925.00),(YX,12992,925.00),(B6,12478,870.00),(AA,12266,860.00),(DL,10397,842.00),(AA,14747,823.00),(YX,10257,820.00),(AA,13204,750.00),(AA,14492,712.00),(YX,13851,709.00),(UA,11292,702.00),(AA,14771,692.00),(AA,15304,680.00),(AA,11292,675.00)]"
2025-03-19 00:00:00,1,11298,60819,9343,14.588631842023052,1766.0,"[(AA,13303,1766.00),(OH,11953,1500.00),(AA,12173,1490.00),(B6,10721,1412.00),(AA,13303,1322.00),(OH,12217,1318.00),(AA,14492,1272.00),(AA,13244,1175.00),(AA,11638,1147.00),(AA,12094,1144.00),(AA,13851,1098.00),(AA,14193,1078.00),(OH,12448,1058.00),(DL,10397,1021.00),(OH,13277,1020.00),(DL,12953,995.00),(OH,12278,983.00),(AA,10423,972.00),(F9,13232,971.00),(DL,12953,964.00)]"
2025-03-19 00:00:00,2,10397,60167,8436,12.988116409327372,1300.0,"[(AA,13303,1300.00),(B6,10721,1204.00),(DL,14747,1188.00),(AA,11298,1095.00),(DL,12892,1062.00),(DL,12892,1061.00),(DL,14908,1036.00),(DL,12217,993.00),(DL,14747,977.00),(DL,14771,976.00),(F9,11618,972.00),(F9,13303,968.00),(DL,12889,963.00),(DL,10792,921.00),(F9,13204,920.00),(DL,14689,906.00),(DL,10208,888.00),(AA,12892,874.00),(OO,14696,852.00),(OO,10146,847.00)]"
2025-03-19 00:00:00,3,11292,62152,8321,12.18861822628395,1899.0,"[(AA,14107,1899.00),(AA,11057,1489.00),(AA,11298,1123.00),(OO,11921,1120.00),(OO,11315,1087.00),(MQ,14107,998.00),(OO,12280,990.00),(OO,14877,986.00),(OO,10713,977.00),(OO,12177,975.00),(F9,10397,940.00),(OO,12896,940.00),(OO,14457,931.00),(UA,12441,914.00),(AA,11057,910.00),(DL,12953,901.00),(OO,10372,897.00),(OO,12892,897.00),(OO,14877,889.00),(OO,13851,885.00)]"
2025-03-19 00:00:00,4,13930,54736,7527,12.761199210757088,1986.0,"[(AA,14100,1986.00),(AA,12441,1546.00),(OO,14877,1320.00),(F9,11292,1273.00),(AA,11278,1051.00),(B6,12478,1018.00),(OO,13184,1012.00),(OO,15370,999.00),(OO,13871,998.00),(OO,12559,964.00),(AA,10423,945.00),(OO,10693,933.00),(DL,14869,911.00),(AA,10423,907.00),(AA,14492,899.00),(OO,11267,899.00),(OO,13342,898.00),(AA,13204,887.00),(OO,11721,875.00),(AA,11278,869.00)]"
2025-03-19 00:00:00,5,11057,41332,5378,11.307388948030582,1279.0,"[(AA,15016,1279.00),(AA,10257,1233.00),(F9,11298,1203.00),(AA,14100,1148.00),(DL,10397,1041.00),(AA,12478,1030.00),(OH,11973,1026.00),(DL,13487,986.00),(AA,10257,934.00),(DL,10397,913.00),(OH,14685,865.00),(OH,11252,835.00),(OH,15249,776.00),(AA,11433,754.00),(AA,12323,738.00),(OH,15412,733.00),(AA,10434,712.00),(MQ,15919,708.00),(AA,10721,706.00),(OH,11267,685.00)]"
2025-03-19 00:00:00,6,11278,27726,5156,17.724229964654114,1587.0,"[(AA,13930,1587.00),(OH,10581,1173.00),(AA,14635,1165.00),(DL,10397,1160.00),(UA,12266,1160.00),(OH,10257,1157.00),(AA,15304,1118.00),(OH,10781,1110.00),(DL,11433,1092.00),(OH,10781,1051.00),(DL,12892,1031.00),(DL,10397,995.00),(B6,14027,976.00),(F9,11292,968.00),(DL,11433,954.00),(UA,14771,949.00),(UA,12266,944.00),(B6,11697,933.00),(AA,11057,925.00),(OH,10599,921.00)]"
2025-03-19 00:00:00,7,12889,38177,4700,9.891557744191529,2315.0,"[(AA,11298,2315.00),(OO,14893,1266.00),(G4,14457,1194.00),(DL,12478,1094.00),(G4,11193,1042.00),(DL,10397,1030.00),(G4,14314,1030.00),(G4,10408,964.00),(G4,11193,964.00),(G4,13367,952.00),(G4,10666,942.00),(F9,13232,896.00),(AA,13930,893.00),(UA,11618,870.00),(B6,12478,866.00),(AA,11298,853.00),(F9,11292,838.00),(F9,14107,826.00),(AA,12892,824.00),(DL,11433,817.00)]"
2025-03-19 00:00:00,8,14107,42078,4351,7.8261324207424305,1163.0,"[(B6,11697,1163.00),(AA,12173,1159.00),(OO,10713,972.00),(DL,14869,963.00),(AA,10423,891.00),(F9,13930,871.00),(AA,14262,867.00),(AA,13487,855.00),(OO,11695,849.00),(OO,14698,796.00),(OO,11003,754.00),(AA,14893,736.00),(OO,11695,725.00),(OO,12280,717.00),(DL,11433,712.00),(OO,15376,707.00),(OO,12896,694.00),(OO,14794,688.00),(DL,11433,664.00),(AA,14908,658.00)]"
2025-03-19 00:00:00,9,13204,33779,4265,11.515734628023328,1305.0,"[(AA,13930,1305.00),(DL,11433,1196.00),(AA,13930,1186.00),(AA,11057,1151.00),(AA,13303,1019.00),(DL,11433,1000.00),(AA,14107,986.00),(AA,11278,959.00),(UA,12892,950.00),(AA,13930,945.00),(UA,13930,904.00),(UA,12266,902.00),(DL,12892,896.00),(AA,12892,887.00),(AA,11278,878.00),(F9,11292,877.00),(DL,12892,826.00),(DL,10397,811.00),(UA,12264,798.00),(UA,13930,775.00)]"
2025-03-19 00:00:00,10,13303,25493,3721,14.044561252108421,1478.0,"[(AA,10423,1478.00),(AA,10994,1217.00),(AA,14107,1050.00),(F9,14100,1008.00),(B6,10721,977.00),(DL,10721,973.00),(DL,12478,925.00),(YX,12992,925.00),(B6,12478,870.00),(AA,12266,860.00),(DL,10397,842.00),(AA,14747,823.00),(YX,10257,820.00),(AA,13204,750.00),(AA,14492,712.00),(YX,13851,709.00),(UA,11292,702.00),(AA,14771,692.00),(AA,15304,680.00),(AA,11292,675.00)]"
2025-03-20 00:00:00,1,11298,61653,9623,14.861888310382302,1766.0,"[(AA,13303,1766.00),(OH,11953,1500.00),(AA,12173,1490.00),(AA,13930,1419.00),(B6,10721,1412.00),(AA,13303,1322.00),(OH,12217,1318.00),(AA,14492,1272.00),(AA,13244,1175.00),(OH,12217,1172.00),(AA,11638,1147.00),(AA,12094,1144.00),(AA,13851,1098.00),(AA,14193,1078.00),(OH,12448,1058.00),(DL,10397,1021.00),(OH,13277,1020.00),(DL,12953,995.00),(OH,12278,983.00),(AA,10423,972.00)]"
2025-03-20 00:00:00,2,10397,61000,8499,12.86944262295082,1300.0,"[(AA,13303,1300.00),(B6,10721,1204.00),(DL,14747,1188.00),(AA,11298,1095.00),(DL,12892,1062.00),(DL,12892,1061.00),(DL,14908,1036.00),(DL,12217,993.00),(DL,14747,977.00),(DL,14771,976.00),(F9,11618,972.00),(F9,13303,968.00),(DL,12889,963.00),(DL,10792,921.00),(F9,13204,920.00),(DL,14689,906.00),(DL,10208,888.00),(AA,12892,874.00),(OO,14696,852.00),(OO,10146,847.00)]"
2025-03-20 00:00:00,3,11292,62978,8396,12.113801645018896,1899.0,"[(AA,14107,1899.00),(AA,11057,1489.00),(AA,11298,1123.00),(OO,11921,1120.00),(OO,11315,1087.00),(MQ,14107,998.00),(OO,12280,990.00),(OO,14877,986.00),(OO,10713,977.00),(OO,12177,975.00),(F9,10397,940.00),(OO,12896,940.00),(OO,14457,931.00),(UA,12441,914.00),(AA,11057,910.00),(DL,12953,901.00),(OO,10372,897.00),(OO,12892,897.00),(OO,14877,889.00),(OO,13851,885.00)]"
2025-03-20 00:00:00,4,13930,55484,7793,13.313639968279144,1986.0,"[(AA,14100,1986.00),(AA,12441,1546.00),(OO,14877,1320.00),(F9,11292,1273.00),(AA,11278,1051.00),(B6,12478,1018.00),(OO,13184,1012.00),(OO,15370,999.00),(OO,13871,998.00),(OO,12559,964.00),(AA,10423,945.00),(OO,10693,933.00),(AA,11278,926.00),(DL,14869,911.00),(AA,10423,907.00),(AA,14492,899.00),(OO,11267,899.00),(OO,13342,898.00),(AA,13204,887.00),(OO,11721,875.00)]"
2025-03-20 00:00:00,5,11057,41909,5441,11.278484335107018,1279.0,"[(AA,15016,1279.00),(AA,10257,1233.00),(F9,11298,1203.00),(AA,14100,1148.00),(DL,10397,1041.00),(AA,12478,1030.00),(OH,11973,1026.00),(DL,13487,986.00),(AA,10257,934.00),(DL,10397,913.00),(OH,14685,865.00),(OH,11252,835.00),(OH,15249,776.00),(AA,11433,754.00),(OH,11996,748.00),(AA,12323,738.00),(OH,15412,733.00),(AA,10434,712.00),(MQ,15919,708.00),(AA,10721,706.00)]"
2025-03-20 00:00:00,6,11278,28134,5192,17.544572403497547,1587.0,"[(AA,13930,1587.00),(OH,10581,1173.00),(AA,14635,1165.00),(DL,10397,1160.00),(UA,12266,1160.00),(OH,10257,1157.00),(AA,15304,1118.00),(OH,10781,1110.00),(DL,11433,1092.00),(OH,10781,1051.00),(DL,12892,1031.00),(DL,10397,995.00),(B6,14027,976.00),(F9,11292,968.00),(DL,11433,954.00),(UA,14771,949.00),(UA,12266,944.00),(B6,11697,933.00),(AA,11057,925.00),(OH,10599,921.00)]"
2025-03-20 00:00:00,7,12889,38667,4733,9.804018930871285,2315.0,"[(AA,11298,2315.00),(OO,14893,1266.00),(G4,14457,1194.00),(DL,12478,1094.00),(G4,11193,1042.00),(DL,10397,1030.00),(G4,14314,1030.00),(G4,10408,964.00),(G4,11193,964.00),(G4,13367,952.00),(G4,10666,942.00),(F9,13232,896.00),(AA,13930,893.00),(UA,11618,870.00),(B6,12478,866.00),(AA,11298,853.00),(F9,11292,838.00),(F9,14107,826.00),(AA,12892,824.00),(DL,11433,817.00)]"
2025-03-20 00:00:00,8,14107,42685,4410,7.818577954785053,1163.0,"[(B6,11697,1163.00),(AA,12173,1159.00),(OO,10713,972.00),(DL,14869,963.00),(AA,10423,891.00),(F9,13930,871.00),(AA,14262,867.00),(AA,13487,855.00),(OO,11695,849.00),(OO,14698,796.00),(OO,11003,754.00),(AA,14893,736.00),(OO,11695,725.00),(OO,12280,717.00),(DL,11433,712.00),(OO,15376,707.00),(OO,12896,694.00),(OO,14794,688.00),(DL,11433,664.00),(AA,14908,658.00)]"
2025-03-20 00:00:00,9,13204,34226,4287,11.403786594986268,1305.0,"[(AA,13930,1305.00),(DL,11433,1196.00),(AA,13930,1186.00),(AA,11057,1151.00),(AA,13303,1019.00),(DL,11433,1000.00),(AA,14107,986.00),(AA,11278,959.00),(UA,12892,950.00),(AA,13930,945.00),(UA,13930,904.00),(UA,12266,902.00),(DL,12892,896.00),(AA,12892,887.00),(AA,11278,878.00),(F9,11292,877.00),(DL,12892,826.00),(DL,10397,811.00),(UA,12264,798.00),(UA,13930,775.00)]"
2025-03-20 00:00:00,10,13303,25833,3744,13.88882437192738,1478.0,"[(AA,10423,1478.00),(AA,10994,1217.00),(AA,14107,1050.00),(F9,14100,1008.00),(B6,10721,977.00),(DL,10721,973.00),(DL,12478,925.00),(YX,12992,925.00),(B6,12478,870.00),(AA,12266,860.00),(DL,10397,842.00),(AA,14747,823.00),(YX,10257,820.00),(AA,13204,750.00),(AA,14492,712.00),(YX,13851,709.00),(UA,11292,702.00),(AA,14771,692.00),(AA,15304,680.00),(AA,11292,675.00)]"
2025-03-21 00:00:00,1,11298,62551,9749,14.821713481798852,1766.0,"[(AA,13303,1766.00),(OH,11953,1500.00),(AA,12173,1490.00),(AA,13930,1419.00),(B6,10721,1412.00),(AA,13303,1322.00),(OH,12217,1318.00),(AA,14492,1272.00),(AA,13244,1175.00),(OH,12217,1172.00),(AA,11638,1147.00),(AA,12094,1144.00),(AA,13851,1098.00),(AA,14193,1078.00),(OH,12448,1058.00),(DL,10397,1021.00),(OH,13277,1020.00),(DL,12953,995.00),(OH,12278,983.00),(AA,10423,972.00)]"
2025-03-21 00:00:00,2,10397,61906,8597,12.821842793913353,1300.0,"[(AA,13303,1300.00),(B6,10721,1204.00),(DL,14747,1188.00),(AA,11298,1095.00),(DL,12892,1062.00),(DL,12892,1061.00),(DL,14908,1036.00),(DL,12217,993.00),(DL,14747,977.00),(DL,14771,976.00),(F9,11618,972.00),(F9,13303,968.00),(DL,12889,963.00),(DL,10792,921.00),(F9,13204,920.00),(DL,14689,906.00),(DL,10208,888.00),(AA,12892,874.00),(OO,14696,852.00),(OO,10146,847.00)]"
2025-03-21 00:00:00,3,11292,63881,8487,12.054460637748313,1899.0,"[(AA,14107,1899.00),(AA,11057,1489.00),(AA,11298,1123.00),(OO,11921,1120.00),(OO,11315,1087.00),(MQ,14107,998.00),(OO,12280,990.00),(OO,14877,986.00),(OO,10713,977.00),(OO,12177,975.00),(F9,10397,940.00),(OO,12896,940.00),(OO,14457,931.00),(UA,12441,914.00),(AA,11057,910.00),(DL,12953,901.00),(OO,10372,897.00),(OO,12892,897.00),(OO,14877,889.00),(OO,13851,885.00)]"
2025-03-21 00:00:00,4,13930,56325,7976,13.422441189525077,1986.0,"[(AA,14100,1986.00),(AA,12441,1546.00),(OO,14877,1320.00),(F9,11292,1273.00),(AA,11278,1051.00),(B6,12478,1018.00),(OO,13184,1012.00),(OO,15370,999.00),(OO,13871,998.00),(OO,12559,964.00),(AA,10423,945.00),(OO,10693,933.00),(AA,11278,926.00),(DL,14869,911.00),(AA,10423,907.00),(AA,14492,899.00),(OO,11267,899.00),(OO,13342,898.00),(AA,13204,887.00),(OO,11721,875.00)]"
2025-03-21 00:00:00,5,11057,42492,5545,11.306787159935988,1279.0,"[(AA,15016,1279.00),(AA,10257,1233.00),(F9,11298,1203.00),(AA,14100,1148.00),(DL,10397,1041.00),(AA,12478,1030.00),(OH,11973,1026.00),(DL,13487,986.00),(AA,10257,934.00),(DL,10397,913.00),(OH,14685,865.00),(OH,11252,835.00),(OH,15249,776.00),(AA,11433,754.00),(OH,11996,748.00),(AA,12323,738.00),(OH,15412,733.00),(AA,10434,712.00),(MQ,15919,708.00),(AA,10721,706.00)]"
2025-03-21 00:00:00,6,11278,28551,5288,17.65756015551119,1587.0,"[(AA,13930,1587.00),(OH,10581,1173.00),(AA,14635,1165.00),(DL,10397,1160.00),(UA,12266,1160.00),(OH,10257,1157.00),(AA,15304,1118.00),(OH,10781,1110.00),(DL,11433,1092.00),(OH,10781,1051.00),(DL,12892,1031.00),(DL,10397,995.00),(B6,14027,976.00),(F9,11292,968.00),(DL,11433,954.00),(UA,14771,949.00),(UA,12266,944.00),(B6,11697,933.00),(AA,11057,925.00),(OH,10599,921.00)]"
2025-03-21 00:00:00,7,12889,39241,4787,9.743202262939272,2315.0,"[(AA,11298,2315.00),(OO,14893,1266.00),(G4,14457,1194.00),(DL,12478,1094.00),(G4,11193,1042.00),(DL,10397,1030.00),(G4,14314,1030.00),(G4,10408,964.00),(G4,11193,964.00),(G4,13367,952.00),(G4,10666,942.00),(F9,13232,896.00),(AA,13930,893.00),(UA,11618,870.00),(B6,12478,866.00),(AA,11298,853.00),(F9,11292,838.00),(F9,14107,826.00),(AA,12892,824.00),(DL,11433,817.00)]"
2025-03-21 00:00:00,8,14107,43333,4485,7.830637158747375,1163.0,"[(B6,11697,1163.00),(AA,12173,1159.00),(OO,10713,972.00),(DL,14869,963.00),(AA,10423,891.00),(F9,13930,871.00),(AA,14262,867.00),(AA,13487,855.00),(OO,11695,849.00),(OO,14698,796.00),(OO,11003,754.00),(AA,14893,736.00),(OO,11695,725.00),(OO,12280,717.00),(DL,11433,712.00),(OO,15376,707.00),(OO,12896,694.00),(OO,14794,688.00),(DL,11433,664.00),(AA,14908,658.00)]"
2025-03-21 00:00:00,9,13204,34719,4315,11.341686108470865,1305.0,"[(AA,13930,1305.00),(DL,11433,1196.00),(AA,13930,1186.00),(AA,11057,1151.00),(AA,13303,1019.00),(DL,11433,1000.00),(AA,14107,986.00),(AA,11278,959.00),(UA,12892,950.00),(AA,13930,945.00),(UA,13930,904.00),(UA,12266,902.00),(DL,12892,896.00),(AA,12892,887.00),(AA,11278,878.00),(F9,11292,877.00),(DL,12892,826.00),(DL,10397,811.00),(UA,12264,798.00),(UA,13930,775.00)]"
2025-03-21 00:00:00,10,13303,26185,3792,13.856482719113997,1478.0,"[(AA,10423,1478.00),(AA,10994,1217.00),(AA,14107,1050.00),(F9,14100,1008.00),(B6,10721,977.00),(DL,10721,973.00),(DL,12478,925.00),(YX,12992,925.00),(B6,12478,870.00),(AA,12266,860.00),(DL,10397,842.00),(AA,14747,823.00),(YX,10257,820.00),(AA,13204,750.00),(AA,14492,712.00),(YX,13851,709.00),(UA,11292,702.00),(AA,14771,692.00),(AA,15304,680.00),(AA,11292,675.00)]"
2025-03-22 00:00:00,1,11298,63447,9878,14.75442495311047,1766.0,"[(AA,13303,1766.00),(OH,11953,1500.00),(AA,12173,1490.00),(AA,13930,1419.00),(B6,10721,1412.00),(AA,13303,1322.00),(OH,12217,1318.00),(AA,14492,1272.00),(AA,13244,1175.00),(OH,12217,1172.00),(AA,11638,1147.00),(AA,12094,1144.00),(AA,13851,1098.00),(AA,14193,1078.00),(OH,12448,1058.00),(DL,10397,1021.00),(OH,13277,1020.00),(DL,12953,995.00),(OH,12278,983.00),(AA,10423,972.00)]"
2025-03-22 00:00:00,2,10397,62813,8695,12.742473691751707,1300.0,"[(AA,13303,1300.00),(B6,10721,1204.00),(DL,14747,1188.00),(AA,11298,1095.00),(DL,12892,1062.00),(DL,12892,1061.00),(DL,14908,1036.00),(DL,12217,993.00),(DL,14747,977.00),(DL,14771,976.00),(F9,11618,972.00),(F9,13303,968.00),(DL,12889,963.00),(DL,10792,921.00),(F9,13204,920.00),(DL,14689,906.00),(DL,10208,888.00),(AA,12892,874.00),(OO,14696,852.00),(OO,10146,847.00)]"
2025-03-22 00:00:00,3,11292,64779,8564,11.967319656061377,1899.0,"[(AA,14107,1899.00),(AA,11057,1489.00),(AA,11298,1123.00),(OO,11921,1120.00),(OO,11315,1087.00),(MQ,14107,998.00),(OO,12280,990.00),(OO,14877,986.00),(OO,10713,977.00),(OO,12177,975.00),(F9,10397,940.00),(OO,12896,940.00),(OO,14457,931.00),(UA,12441,914.00),(AA,11057,910.00),(DL,12953,901.00),(OO,10372,897.00),(OO,12892,897.00),(OO,14877,889.00),(OO,13851,885.00)]"
2025-03-22 00:00:00,4,13930,57172,8074,13.364654026446512,1986.0,"[(AA,14100,1986.00),(AA,12441,1546.00),(OO,14877,1320.00),(F9,11292,1273.00),(AA,11278,1051.00),(B6,12478,1018.00),(OO,13184,1012.00),(OO,15370,999.00),(OO,13871,998.00),(OO,12559,964.00),(AA,10423,945.00),(OO,10693,933.00),(AA,11278,926.00),(DL,14869,911.00),(AA,10423,907.00),(AA,14492,899.00),(OO,11267,899.00),(OO,13342,898.00),(AA,13204,887.00),(OO,11721,875.00)]"
2025-03-22 00:00:00,5,11057,43083,5608,11.264605528862893,1279.0,"[(AA,15016,1279.00),(AA,10257,1233.00),(F9,11298,1203.00),(AA,14100,1148.00),(DL,10397,1041.00),(AA,12478,1030.00),(OH,11973,1026.00),(DL,13487,986.00),(AA,10257,934.00),(DL,10397,913.00),(OH,14685,865.00),(OH,11252,835.00),(OH,15249,776.00),(AA,11433,754.00),(OH,11996,748.00),(AA,12323,738.00),(OH,15412,733.00),(AA,10434,712.00),(MQ,15919,708.00),(AA,10721,706.00)]"
2025-03-22 00:00:00,6,11278,28969,5351,17.555628430391106,1587.0,"[(AA,13930,1587.00),(OH,10581,1173.00),(AA,14635,1165.00),(DL,10397,1160.00),(UA,12266,1160.00),(OH,10257,1157.00),(AA,15304,1118.00),(OH,10781,1110.00),(DL,11433,1092.00),(OH,10781,1051.00),(DL,12892,1031.00),(DL,10397,995.00),(B6,14027,976.00),(F9,11292,968.00),(DL,11433,954.00),(UA,14771,949.00),(UA,12266,944.00),(B6,11697,933.00),(AA,11057,925.00),(OH,10599,921.00)]"
2025-03-22 00:00:00,7,12889,39819,4833,9.689344282880032,2315.0,"[(AA,11298,2315.00),(OO,14893,1266.00),(G4,14457,1194.00),(DL,12478,1094.00),(G4,11193,1042.00),(DL,10397,1030.00),(G4,14314,1030.00),(G4,10408,964.00),(G4,11193,964.00),(G4,13367,952.00),(G4,10666,942.00),(F9,13232,896.00),(AA,13930,893.00),(UA,11618,870.00),(B6,12478,866.00),(AA,11298,853.00),(F9,11292,838.00),(F9,14107,826.00),(AA,12892,824.00),(DL,11433,817.00)]"
2025-03-22 00:00:00,8,14107,43978,4535,7.809109100004548,1163.0,"[(B6,11697,1163.00),(AA,12173,1159.00),(OO,10713,972.00),(DL,14869,963.00),(AA,10423,891.00),(F9,13930,871.00),(AA,14262,867.00),(AA,13487,855.00),(OO,11695,849.00),(OO,14698,796.00),(OO,10561,793.00),(OO,11003,754.00),(AA,14893,736.00),(OO,11695,725.00),(OO,12280,717.00),(DL,11433,712.00),(OO,15376,707.00),(OO,12896,694.00),(OO,14794,688.00),(DL,11433,664.00)]"
2025-03-22 00:00:00,9,13204,35220,4369,11.339977285633163,1305.0,"[(AA,13930,1305.00),(DL,11433,1196.00),(AA,13930,1186.00),(AA,11057,1151.00),(DL,12478,1073.00),(AA,13303,1019.00),(DL,11433,1000.00),(AA,14107,986.00),(AA,11278,959.00),(UA,12892,950.00),(AA,13930,945.00),(UA,13930,904.00),(UA,12266,902.00),(DL,12892,896.00),(AA,12892,887.00),(DL,14869,883.00),(AA,11278,878.00),(F9,11292,877.00),(DL,12892,826.00),(DL,10397,811.00)]"
2025-03-22 00:00:00,10,13303,26535,3854,13.888034671188995,1478.0,"[(AA,10423,1478.00),(AA,10994,1217.00),(AA,14107,1050.00),(F9,14100,1008.00),(B6,10721,977.00),(DL,10721,973.00),(DL,12478,925.00),(YX,12992,925.00),(B6,12478,870.00),(AA,12266,860.00),(DL,10397,842.00),(AA,14747,823.00),(YX,10257,820.00),(AA,13204,750.00),(AA,14492,712.00),(YX,13851,709.00),(UA,11292,702.00),(AA,14771,692.00),(AA,15304,680.00),(AA,11292,675.00)]"
2025-03-23 00:00:00,1,11298,64289,9951,14.627696806607663,1766.0,"[(AA,13303,1766.00),(OH,11953,1500.00),(AA,12173,1490.00),(AA,13930,1419.00),(B6,10721,1412.00),(AA,13303,1322.00),(OH,12217,1318.00),(AA,14492,1272.00),(AA,13244,1175.00),(OH,12217,1172.00),(AA,11638,1147.00),(AA,12094,1144.00),(AA,13851,1098.00),(AA,14193,1078.00),(OH,12448,1058.00),(DL,10397,1021.00),(OH,13277,1020.00),(DL,12953,995.00),(OH,12278,983.00),(AA,10423,972.00)]"
2025-03-23 00:00:00,2,10397,63570,8744,12.634403020292591,1300.0,"[(AA,13303,1300.00),(B6,10721,1204.00),(DL,14747,1188.00),(AA,11298,1095.00),(DL,12892,1062.00),(DL,12892,1061.00),(DL,14908,1036.00),(DL,12217,993.00),(DL,14747,977.00),(DL,14771,976.00),(F9,11618,972.00),(F9,13303,968.00),(DL,12889,963.00),(DL,10792,921.00),(F9,13204,920.00),(DL,14689,906.00),(DL,10208,888.00),(AA,12892,874.00),(OO,14696,852.00),(OO,10146,847.00)]"
2025-03-23 00:00:00,3,11292,65597,8633,11.878439562784884,1899.0,"[(AA,14107,1899.00),(AA,11057,1489.00),(AA,11298,1123.00),(OO,11921,1120.00),(OO,11315,1087.00),(MQ,14107,998.00),(OO,12280,990.00),(OO,14877,986.00),(OO,10713,977.00),(OO,12177,975.00),(F9,10397,940.00),(OO,12896,940.00),(OO,14457,931.00),(UA,12441,914.00),(AA,11057,910.00),(DL,12953,901.00),(OO,10372,897.00),(OO,12892,897.00),(OO,14877,889.00),(OO,13851,885.00)]"
2025-03-23 00:00:00,4,13930,57905,8151,13.292254554874363,1986.0,"[(AA,14100,1986.00),(AA,12441,1546.00),(OO,14877,1320.00),(F9,11292,1273.00),(AA,11278,1051.00),(B6,12478,1018.00),(OO,13184,1012.00),(OO,15370,999.00),(OO,13871,998.00),(OO,12559,964.00),(AA,10423,945.00),(OO,10693,933.00),(AA,11278,926.00),(DL,14869,911.00),(AA,10423,907.00),(AA,14492,899.00),(OO,11267,899.00),(OO,13342,898.00),(AA,13204,887.00),(OO,11721,875.00)]"
2025-03-23 00:00:00,5,11057,43646,5665,11.212688447967741,1279.0,"[(AA,15016,1279.00),(AA,10257,1233.00),(F9,11298,1203.00),(AA,14100,1148.00),(DL,10397,1041.00),(AA,12478,1030.00),(OH,11973,1026.00),(DL,13487,986.00),(AA,10257,934.00),(DL,10397,913.00),(OH,14685,865.00),(OH,11252,835.00),(OH,15249,776.00),(AA,11433,754.00),(OH,11996,748.00),(AA,12323,738.00),(OH,15412,733.00),(AA,10434,712.00),(MQ,15919,708.00),(AA,10721,706.00)]"
2025-03-23 00:00:00,6,11278,29288,5394,17.490269052171538,1587.0,"[(AA,13930,1587.00),(OH,10581,1173.00),(AA,14635,1165.00),(DL,10397,1160.00),(UA,12266,1160.00),(OH,10257,1157.00),(AA,15304,1118.00),(OH,10781,1110.00),(DL,11433,1092.00),(OH,10781,1051.00),(DL,12892,1031.00),(DL,10397,995.00),(B6,14027,976.00),(F9,11292,968.00),(DL,11433,954.00),(UA,14771,949.00),(UA,12266,944.00),(B6,11697,933.00),(AA,11057,925.00),(OH,10599,921.00)]"
2025-03-23 00:00:00,7,12889,40279,4862,9.612999329675514,2315.0,"[(AA,11298,2315.00),(OO,14893,1266.00),(G4,14457,1194.00),(DL,12478,1094.00),(G4,11193,1042.00),(DL,10397,1030.00),(G4,14314,1030.00),(G4,10408,964.00),(G4,11193,964.00),(G4,13367,952.00),(G4,10666,942.00),(F9,13232,896.00),(AA,13930,893.00),(UA,11618,870.00),(B6,12478,866.00),(AA,11298,853.00),(F9,11292,838.00),(F9,14107,826.00),(AA,12892,824.00),(DL,11433,817.00)]"
2025-03-23 00:00:00,8,14107,44595,4607,7.888462832156072,1163.0,"[(B6,11697,1163.00),(AA,12173,1159.00),(AA,10693,996.00),(OO,10713,972.00),(DL,14869,963.00),(AA,10423,891.00),(F9,13930,871.00),(AA,14262,867.00),(AA,13487,855.00),(OO,11695,849.00),(AA,12173,829.00),(OO,14698,796.00),(OO,10561,793.00),(AA,10423,767.00),(OO,11003,754.00),(AA,14893,736.00),(OO,11695,725.00),(OO,12280,717.00),(DL,11433,712.00),(OO,15376,707.00)]"
2025-03-23 00:00:00,9,13204,35747,4425,11.296192687498252,1305.0,"[(AA,13930,1305.00),(DL,11433,1196.00),(AA,13930,1186.00),(AA,11057,1151.00),(DL,12478,1073.00),(AA,13303,1019.00),(DL,11433,1000.00),(AA,14107,986.00),(AA,11278,959.00),(UA,12892,950.00),(AA,13930,945.00),(UA,13930,904.00),(UA,12266,902.00),(DL,12892,896.00),(AA,12892,887.00),(DL,14869,883.00),(AA,11278,878.00),(F9,11292,877.00),(DL,12892,826.00),(DL,10397,811.00)]"
2025-03-23 00:00:00,10,13303,26914,3910,13.914802704911942,1478.0,"[(AA,10423,1478.00),(AA,10994,1217.00),(AA,14107,1050.00),(F9,14100,1008.00),(B6,10721,977.00),(DL,10721,973.00),(DL,12478,925.00),(YX,12992,925.00),(B6,12478,870.00),(AA,12266,860.00),(DL,10397,842.00),(AA,14747,823.00),(YX,10257,820.00),(AA,13204,750.00),(AA,14492,712.00),(YX,13851,709.00),(UA,11292,702.00),(AA,14771,692.00),(AA,15304,680.00),(AA,11292,675.00)]"
2025-03-24 00:00:00,1,11298,65185,10043,14.526332745263481,1766.0,"[(AA,13303,1766.00),(OH,11953,1500.00),(AA,12173,1490.00),(AA,13930,1419.00),(B6,10721,1412.00),(AA,13303,1322.00),(OH,12217,1318.00),(AA,14492,1272.00),(AA,13244,1175.00),(OH,12217,1172.00),(AA,11638,1147.00),(AA,12094,1144.00),(AA,13851,1098.00),(AA,14193,1078.00),(OH,12448,1058.00),(DL,10397,1021.00),(OH,13277,1020.00),(DL,12953,995.00),(OH,12278,983.00),(AA,10423,972.00)]"
2025-03-24 00:00:00,2,10397,64456,8847,12.586912001985851,1300.0,"[(AA,13303,1300.00),(B6,10721,1204.00),(DL,14747,1188.00),(AA,11298,1095.00),(DL,12892,1062.00),(DL,12892,1061.00),(DL,14908,1036.00),(DL,12217,993.00),(DL,14747,977.00),(DL,14771,976.00),(F9,11618,972.00),(F9,13303,968.00),(DL,12889,963.00),(DL,10792,921.00),(F9,13204,920.00),(DL,14689,906.00),(DL,10208,888.00),(AA,12892,874.00),(OO,14696,852.00),(OO,10146,847.00)]"
2025-03-24 00:00:00,3,11292,66470,8702,11.817662103204453,1899.0,"[(AA,14107,1899.00),(AA,11057,1489.00),(B6,10721,1458.00),(AA,11298,1123.00),(OO,11921,1120.00),(OO,11315,1087.00),(MQ,14107,998.00),(OO,12280,990.00),(OO,14877,986.00),(OO,10713,977.00),(OO,12177,975.00),(F9,10397,940.00),(OO,12896,940.00),(OO,14457,931.00),(UA,12441,914.00),(AA,11057,910.00),(DL,12953,901.00),(OO,10372,897.00),(OO,12892,897.00),(OO,14877,889.00)]"
2025-03-24 00:00:00,4,13930,58732,8253,13.25010215895934,1986.0,"[(AA,14100,1986.00),(AA,12441,1546.00),(OO,14877,1320.00),(F9,11292,1273.00),(AA,11278,1051.00),(B6,12478,1018.00),(OO,13184,1012.00),(OO,15370,999.00),(OO,13871,998.00),(OO,12559,964.00),(AA,10423,945.00),(OO,10693,933.00),(AA,11278,926.00),(DL,14869,911.00),(AA,10423,907.00),(AA,14492,899.00),(OO,11267,899.00),(OO,13342,898.00),(AA,13204,887.00),(OO,11721,875.00)]"
2025-03-24 00:00:00,5,11057,44231,5720,11.18211209332821,1279.0,"[(AA,15016,1279.00),(AA,10257,1233.00),(F9,11298,1203.00),(AA,14100,1148.00),(DL,10397,1041.00),(AA,12478,1030.00),(OH,11973,1026.00),(DL,13487,986.00),(AA,10257,934.00),(DL,10397,913.00),(OH,14685,865.00),(OH,11252,835.00),(MQ,12992,833.00),(OH,15249,776.00),(AA,11433,754.00),(OH,11996,748.00),(AA,12323,738.00),(OH,15412,733.00),(AA,10434,712.00),(MQ,15919,708.00)]"
2025-03-24 00:00:00,6,11278,29689,5468,17.49028259624777,1587.0,"[(AA,13930,1587.00),(OH,10581,1173.00),(AA,14635,1165.00),(DL,10397,1160.00),(UA,12266,1160.00),(OH,10257,1157.00),(AA,11298,1141.00),(AA,15304,1118.00),(OH,10781,1110.00),(DL,11433,1092.00),(OH,10781,1051.00),(DL,12892,1031.00),(DL,10397,995.00),(B6,14027,976.00),(F9,11292,968.00),(DL,11433,954.00),(UA,14771,949.00),(UA,12266,944.00),(B6,11697,933.00),(AA,11057,925.00)]"
2025-03-24 00:00:00,7,12889,40847,4915,9.637990550101598,2315.0,"[(AA,11298,2315.00),(OO,14893,1266.00),(G4,14457,1194.00),(DL,12478,1094.00),(G4,11193,1042.00),(DL,10397,1030.00),(G4,14314,1030.00),(G4,10408,964.00),(G4,11193,964.00),(G4,13367,952.00),(DL,12478,942.00),(G4,10666,942.00),(F9,13232,896.00),(AA,13930,893.00),(UA,11618,870.00),(B6,12478,866.00),(AA,11298,853.00),(F9,11292,838.00),(F9,14107,826.00),(AA,12892,824.00)]"
2025-03-24 00:00:00,8,14107,45220,4672,7.940092879256966,1163.0,"[(B6,11697,1163.00),(AA,12173,1159.00),(AA,10693,996.00),(OO,10713,972.00),(DL,14869,963.00),(AA,10423,891.00),(F9,13930,871.00),(AA,14262,867.00),(AA,13487,855.00),(OO,11695,849.00),(AA,12173,829.00),(OO,14698,796.00),(OO,10561,793.00),(OO,13158,768.00),(AA,10423,767.00),(OO,11003,754.00),(AA,14893,736.00),(OO,11695,725.00),(OO,12280,717.00),(DL,11433,712.00)]"
2025-03-24 00:00:00,9,13204,36251,4463,11.186119003613694,1305.0,"[(AA,13930,1305.00),(DL,11433,1196.00),(AA,13930,1186.00),(AA,11057,1151.00),(DL,12478,1073.00),(AA,13303,1019.00),(DL,11433,1000.00),(AA,14107,986.00),(AA,11278,959.00),(UA,12892,950.00),(AA,13930,945.00),(UA,13930,904.00),(UA,12266,902.00),(DL,12892,896.00),(AA,12892,887.00),(DL,14869,883.00),(AA,11278,878.00),(F9,11292,877.00),(DL,12892,826.00),(DL,10397,811.00)]"
2025-03-24 00:00:00,10,13303,27275,3966,13.898955087076077,1478.0,"[(AA,10423,1478.00),(AA,10994,1217.00),(AA,14107,1050.00),(F9,14100,1008.00),(B6,10721,977.00),(DL,10721,973.00),(DL,12478,925.00),(YX,12992,925.00),(B6,12478,870.00),(AA,12266,860.00),(DL,10397,842.00),(AA,14747,823.00),(YX,10257,820.00),(AA,13204,750.00),(AA,14492,712.00),(YX,13851,709.00),(UA,11292,702.00),(AA,14771,692.00),(AA,15304,680.00),(AA,11292,675.00)]"
2025-03-25 00:00:00,1,11298,66078,10144,14.429795090650444,1766.0,"[(AA,13303,1766.00),(OH,11953,1500.00),(AA,12173,1490.00),(AA,13930,1419.00),(B6,10721,1412.00),(AA,13303,1322.00),(OH,12217,1318.00),(AA,14492,1272.00),(AA,13244,1175.00),(OH,12217,1172.00),(AA,11638,1147.00),(AA,12094,1144.00),(AA,13851,1098.00),(AA,14193,1078.00),(OH,12448,1058.00),(DL,10397,1021.00),(OH,13277,1020.00),(DL,12953,995.00),(OH,12278,983.00),(AA,10423,972.00)]"
2025-03-25 00:00:00,2,10397,65358,9010,12.637749013127697,1300.0,"[(AA,13303,1300.00),(B6,10721,1204.00),(DL,14747,1188.00),(AA,11298,1095.00),(DL,12892,1062.00),(DL,12892,1061.00),(DL,14908,1036.00),(DL,12217,993.00),(DL,14747,977.00),(DL,14771,976.00),(F9,11618,972.00),(F9,13303,968.00),(DL,12889,963.00),(DL,10792,921.00),(F9,13204,920.00),(DL,14689,906.00),(DL,10208,888.00),(AA,12892,874.00),(OO,14696,852.00),(OO,10146,847.00)]"
2025-03-25 00:00:00,3,11292,67371,8768,11.719300589274317,1899.0,"[(AA,14107,1899.00),(AA,11057,1489.00),(B6,10721,1458.00),(AA,11298,1123.00),(OO,11921,1120.00),(OO,11315,1087.00),(MQ,14107,998.00),(OO,12280,990.00),(OO,14877,986.00),(OO,10713,977.00),(OO,12177,975.00),(F9,10397,940.00),(OO,12896,940.00),(OO,14457,931.00),(UA,12441,914.00),(AA,11057,910.00),(DL,12953,901.00),(OO,10372,897.00),(OO,12892,897.00),(OO,14877,889.00)]"
2025-03-25 00:00:00,4,13930,59569,8354,13.206382514395072,1986.0,"[(AA,14100,1986.00),(AA,12441,1546.00),(OO,14877,1320.00),(F9,11292,1273.00),(AA,11278,1051.00),(B6,12478,1018.00),(OO,13184,1012.00),(OO,15370,999.00),(OO,13871,998.00),(OO,12559,964.00),(AA,10423,945.00),(OO,10693,933.00),(AA,11278,926.00),(DL,14869,911.00),(AA,10423,907.00),(AA,14492,899.00),(OO,11267,899.00),(OO,13342,898.00),(AA,13204,887.00),(OO,11721,875.00)]"
2025-03-25 00:00:00,5,11057,44814,5813,11.22470656491275,1279.0,"[(AA,15016,1279.00),(AA,10257,1233.00),(F9,11298,1203.00),(AA,14100,1148.00),(DL,10397,1041.00),(AA,12478,1030.00),(OH,11973,1026.00),(DL,13487,986.00),(AA,10257,934.00),(DL,10397,913.00),(OH,14685,865.00),(OH,11252,835.00),(MQ,12992,833.00),(OH,15249,776.00),(AA,11433,754.00),(OH,11996,748.00),(AA,12323,738.00),(OH,15412,733.00),(AA,10434,712.00),(MQ,15919,708.00)]"
2025-03-25 00:00:00,6,11278,30105,5550,17.533864806510547,1587.0,"[(AA,13930,1587.00),(OH,10581,1173.00),(AA,14635,1165.00),(DL,10397,1160.00),(UA,12266,1160.00),(OH,10257,1157.00),(AA,11298,1141.00),(AA,15304,1118.00),(OH,10781,1110.00),(DL,11433,1092.00),(OH,10781,1051.00),(DL,12892,1031.00),(DL,10397,995.00),(B6,14027,976.00),(F9,11292,968.00),(DL,11433,954.00),(UA,14771,949.00),(UA,12266,944.00),(B6,11697,933.00),(AA,11057,925.00)]"
2025-03-25 00:00:00,7,12889,41424,4963,9.610274237157203,2315.0,"[(AA,11298,2315.00),(OO,14893,1266.00),(G4,14457,1194.00),(DL,12478,1094.00),(G4,11193,1042.00),(DL,10397,1030.00),(G4,14314,1030.00),(G4,10408,964.00),(G4,11193,964.00),(G4,13367,952.00),(DL,12478,942.00),(G4,10666,942.00),(F9,13232,896.00),(AA,13930,893.00),(UA,11618,870.00),(AA,14107,868.00),(B6,12478,866.00),(AA,11298,853.00),(F9,11292,838.00),(F9,14107,826.00)]"
2025-03-25 00:00:00,8,14107,45868,4717,7.881246184703933,1163.0,"[(B6,11697,1163.00),(AA,12173,1159.00),(AA,10693,996.00),(OO,10713,972.00),(DL,14869,963.00),(AA,10423,891.00),(F9,13930,871.00),(AA,14262,867.00),(AA,13487,855.00),(OO,11695,849.00),(AA,12173,829.00),(OO,14698,796.00),(OO,10561,793.00),(OO,13158,768.00),(AA,10423,767.00),(OO,11003,754.00),(AA,14893,736.00),(OO,11695,725.00),(OO,12280,717.00),(DL,11433,712.00)]"
2025-03-25 00:00:00,9,13204,36743,4537,11.223988242658466,1305.0,"[(AA,13930,1305.00),(DL,11433,1196.00),(AA,13930,1186.00),(AA,11057,1151.00),(DL,12478,1073.00),(AA,13303,1019.00),(DL,11433,1000.00),(AA,14107,986.00),(AA,11278,959.00),(UA,12892,950.00),(AA,13930,945.00),(UA,13930,904.00),(UA,12266,902.00),(DL,12892,896.00),(AA,12892,887.00),(DL,14869,883.00),(AA,11278,878.00),(F9,11292,877.00),(DL,12892,826.00),(DL,10397,811.00)]"
2025-03-25 00:00:00,10,13303,27625,4013,13.856253393665158,1478.0,"[(AA,10423,1478.00),(AA,10994,1217.00),(AA,14107,1050.00),(F9,14100,1008.00),(B6,10721,977.00),(DL,10721,973.00),(DL,12478,925.00),(YX,12992,925.00),(B6,12478,870.00),(AA,12266,860.00),(DL,10397,842.00),(AA,14747,823.00),(YX,10257,820.00),(AA,13204,750.00),(AA,14492,712.00),(YX,13851,709.00),(UA,11292,702.00),(AA,14771,692.00),(AA,15304,680.00),(AA,11292,675.00)]"
2025-03-26 00:00:00,1,11298,66954,10294,14.478776473399648,1766.0,"[(AA,13303,1766.00),(OH,11953,1500.00),(AA,12173,1490.00),(AA,13930,1419.00),(B6,10721,1412.00),(AA,13303,1322.00),(OH,12217,1318.00),(AA,14492,1272.00),(AA,13244,1175.00),(OH,12217,1172.00),(AA,11638,1147.00),(AA,12094,1144.00),(AA,13851,1098.00),(AA,14193,1078.00),(OH,12448,1058.00),(DL,10397,1021.00),(OH,13277,1020.00),(DL,12953,995.00),(OH,12278,983.00),(AA,10423,972.00)]"
2025-03-26 00:00:00,2,10397,66196,9059,12.503957943078131,1300.0,"[(AA,13303,1300.00),(B6,10721,1204.00),(DL,14747,1188.00),(AA,11298,1095.00),(DL,12892,1062.00),(DL,12892,1061.00),(DL,14908,1036.00),(DL,12217,993.00),(DL,14747,977.00),(DL,14771,976.00),(F9,11618,972.00),(F9,13303,968.00),(DL,12889,963.00),(DL,10792,921.00),(F9,13204,920.00),(DL,14689,906.00),(DL,10208,888.00),(AA,12892,874.00),(OO,14696,852.00),(OO,10146,847.00)]"
2025-03-26 00:00:00,3,11292,68197,8808,11.601302110063493,1899.0,"[(AA,14107,1899.00),(AA,11057,1489.00),(B6,10721,1458.00),(AA,11298,1123.00),(OO,11921,1120.00),(OO,11315,1087.00),(MQ,14107,998.00),(OO,12280,990.00),(OO,14877,986.00),(OO,10713,977.00),(OO,12177,975.00),(F9,10397,940.00),(OO,12896,940.00),(OO,14457,931.00),(UA,12441,914.00),(AA,11057,910.00),(DL,12953,901.00),(OO,10372,897.00),(OO,12892,897.00),(OO,14877,889.00)]"
2025-03-26 00:00:00,4,13930,60356,8419,13.104364106302604,1986.0,"[(AA,14100,1986.00),(AA,12441,1546.00),(OO,14877,1320.00),(F9,11292,1273.00),(AA,11278,1051.00),(B6,12478,1018.00),(OO,13184,1012.00),(OO,15370,999.00),(OO,13871,998.00),(OO,12559,964.00),(AA,10423,945.00),(OO,10693,933.00),(AA,11278,926.00),(DL,14869,911.00),(AA,10423,907.00),(AA,14492,899.00),(OO,11267,899.00),(OO,13342,898.00),(AA,13204,887.00),(OO,11721,875.00)]"
2025-03-26 00:00:00,5,11057,45384,5866,11.148730830248546,1279.0,"[(AA,15016,1279.00),(AA,10257,1233.00),(F9,11298,1203.00),(AA,14100,1148.00),(DL,10397,1041.00),(AA,12478,1030.00),(OH,11973,1026.00),(DL,13487,986.00),(AA,10257,934.00),(DL,10397,913.00),(OH,14685,865.00),(OH,11252,835.00),(MQ,12992,833.00),(OH,15249,776.00),(AA,11433,754.00),(OH,11996,748.00),(AA,12323,738.00),(OH,15412,733.00),(AA,10434,712.00),(MQ,15919,708.00)]"
2025-03-26 00:00:00,6,11278,30517,5597,17.410459743749385,1587.0,"[(AA,13930,1587.00),(OH,10581,1173.00),(AA,14635,1165.00),(DL,10397,1160.00),(UA,12266,1160.00),(OH,10257,1157.00),(AA,11298,1141.00),(AA,15304,1118.00),(OH,10781,1110.00),(DL,11433,1092.00),(OH,10781,1051.00),(DL,12892,1031.00),(DL,10397,995.00),(B6,14027,976.00),(F9,11292,968.00),(DL,11433,954.00),(UA,14771,949.00),(UA,12266,944.00),(B6,11697,933.00),(AA,11057,925.00)]"
2025-03-26 00:00:00,7,12889,41911,4985,9.49278232444943,2315.0,"[(AA,11298,2315.00),(OO,14893,1266.00),(G4,14457,1194.00),(DL,12478,1094.00),(G4,11193,1042.00),(DL,10397,1030.00),(G4,14314,1030.00),(G4,10408,964.00),(G4,11193,964.00),(G4,13367,952.00),(DL,12478,942.00),(G4,10666,942.00),(F9,13232,896.00),(AA,13930,893.00),(UA,11618,870.00),(AA,14107,868.00),(B6,12478,866.00),(AA,11298,853.00),(F9,11292,838.00),(F9,14107,826.00)]"
2025-03-26 00:00:00,8,14107,46480,4758,7.829087779690189,1163.0,"[(B6,11697,1163.00),(AA,12173,1159.00),(AA,10693,996.00),(OO,10713,972.00),(DL,14869,963.00),(AA,10423,891.00),(F9,13930,871.00),(AA,14262,867.00),(AA,13487,855.00),(OO,11695,849.00),(AA,12173,829.00),(OO,14698,796.00),(OO,10561,793.00),(OO,13158,768.00),(AA,10423,767.00),(OO,11003,754.00),(AA,14893,736.00),(OO,11695,725.00),(OO,12280,717.00),(DL,11433,712.00)]"
2025-03-26 00:00:00,9,13204,37189,4562,11.097528839172874,1305.0,"[(AA,13930,1305.00),(DL,11433,1196.00),(AA,13930,1186.00),(AA,11057,1151.00),(DL,12478,1073.00),(AA,13303,1019.00),(DL,11433,1000.00),(AA,14107,986.00),(AA,11278,959.00),(UA,12892,950.00),(AA,13930,945.00),(UA,13930,904.00),(UA,12266,902.00),(DL,12892,896.00),(AA,12892,887.00),(DL,14869,883.00),(AA,11278,878.00),(F9,11292,877.00),(DL,12892,826.00),(DL,10397,811.00)]"
2025-03-26 00:00:00,10,13303,27968,4111,14.013515446224256,1478.0,"[(AA,10423,1478.00),(AA,10994,1217.00),(AA,14107,1050.00),(F9,14100,1008.00),(B6,10721,977.00),(DL,10721,973.00),(DL,12478,925.00),(YX,12992,925.00),(B6,12478,870.00),(AA,12266,860.00),(DL,10397,842.00),(AA,14747,823.00),(YX,10257,820.00),(AA,13204,750.00),(AA,14492,712.00),(YX,13851,709.00),(UA,11292,702.00),(AA,14771,692.00),(AA,15304,680.00),(AA,11292,675.00)]"
2025-03-27 00:00:00,1,11298,67825,10414,14.425300405455216,1766.0,"[(AA,13303,1766.00),(OH,11953,1500.00),(AA,12173,1490.00),(AA,13930,1419.00),(B6,10721,1412.00),(AA,13303,1322.00),(OH,12217,1318.00),(AA,14492,1272.00),(AA,13244,1175.00),(OH,12217,1172.00),(AA,11638,1147.00),(AA,12094,1144.00),(AA,13851,1098.00),(AA,14193,1078.00),(OH,12448,1058.00),(DL,10397,1021.00),(OH,13277,1020.00),(DL,12953,995.00),(OH,12278,983.00),(AA,10423,972.00)]"
2025-03-27 00:00:00,2,10397,67036,9104,12.399069156870935,1300.0,"[(AA,13303,1300.00),(B6,10721,1204.00),(DL,14747,1188.00),(AA,11298,1095.00),(DL,12892,1062.00),(DL,12892,1061.00),(DL,14908,1036.00),(DL,12217,993.00),(DL,14747,977.00),(DL,14771,976.00),(F9,11618,972.00),(F9,13303,968.00),(DL,12889,963.00),(DL,10792,921.00),(F9,13204,920.00),(DL,14689,906.00),(DL,10208,888.00),(AA,12892,874.00),(OO,14696,852.00),(OO,10146,847.00)]"
2025-03-27 00:00:00,3,11292,69040,8849,11.479432213209734,1899.0,"[(AA,14107,1899.00),(AA,11057,1489.00),(B6,10721,1458.00),(AA,11298,1123.00),(OO,11921,1120.00),(OO,11315,1087.00),(MQ,14107,998.00),(OO,12280,990.00),(OO,14877,986.00),(OO,10713,977.00),(OO,12177,975.00),(F9,10397,940.00),(OO,12896,940.00),(OO,14457,931.00),(UA,12441,914.00),(AA,11057,910.00),(DL,12953,901.00),(OO,10372,897.00),(OO,12892,897.00),(OO,14877,889.00)]"
2025-03-27 00:00:00,4,13930,61172,8480,12.997433466291767,1986.0,"[(AA,14100,1986.00),(AA,12441,1546.00),(OO,14877,1320.00),(F9,11292,1273.00),(AA,11278,1051.00),(B6,12478,1018.00),(OO,13184,1012.00),(OO,15370,999.00),(OO,13871,998.00),(OO,12559,964.00),(AA,10423,945.00),(OO,10693,933.00),(AA,11278,926.00),(DL,14869,911.00),(AA,10423,907.00),(AA,14492,899.00),(OO,11267,899.00),(OO,13342,898.00),(AA,13204,887.00),(OO,11721,875.00)]"
2025-03-27 00:00:00,5,11057,45965,5899,11.043141520722289,1279.0,"[(AA,15016,1279.00),(AA,10257,1233.00),(F9,11298,1203.00),(AA,14100,1148.00),(DL,10397,1041.00),(AA,12478,1030.00),(OH,11973,1026.00),(DL,13487,986.00),(AA,10257,934.00),(DL,10397,913.00),(OH,14685,865.00),(OH,11252,835.00),(MQ,12992,833.00),(OH,15249,776.00),(AA,11433,754.00),(OH,11996,748.00),(AA,12323,738.00),(OH,15412,733.00),(AA,10434,712.00),(MQ,15919,708.00)]"
2025-03-27 00:00:00,6,11278,30932,5624,17.209039182723394,1587.0,"[(AA,13930,1587.00),(OH,10581,1173.00),(AA,14635,1165.00),(DL,10397,1160.00),(UA,12266,1160.00),(OH,10257,1157.00),(AA,11298,1141.00),(AA,15304,1118.00),(OH,10781,1110.00),(DL,11433,1092.00),(OH,10781,1051.00),(DL,12892,1031.00),(DL,10397,995.00),(B6,14027,976.00),(F9,11292,968.00),(DL,11433,954.00),(UA,14771,949.00),(UA,12266,944.00),(B6,11697,933.00),(AA,11057,925.00)]"
2025-03-27 00:00:00,7,12889,42403,5020,9.426384925594887,2315.0,"[(AA,11298,2315.00),(OO,14893,1266.00),(G4,14457,1194.00),(DL,12478,1094.00),(G4,11193,1042.00),(DL,10397,1030.00),(G4,14314,1030.00),(G4,10408,964.00),(G4,11193,964.00),(G4,13367,952.00),(DL,12478,942.00),(G4,10666,942.00),(F9,13232,896.00),(AA,13930,893.00),(UA,11618,870.00),(AA,14107,868.00),(B6,12478,866.00),(AA,11298,853.00),(F9,11292,838.00),(F9,14107,826.00)]"
2025-03-27 00:00:00,8,14107,47097,4797,7.784381170775209,1163.0,"[(B6,11697,1163.00),(AA,12173,1159.00),(AA,10693,996.00),(OO,10713,972.00),(DL,14869,963.00),(AA,10423,891.00),(F9,13930,871.00),(AA,14262,867.00),(AA,13487,855.00),(OO,11695,849.00),(AA,12173,829.00),(OO,14698,796.00),(OO,10561,793.00),(OO,13158,768.00),(AA,10423,767.00),(OO,11003,754.00),(AA,14893,736.00),(OO,11695,725.00),(OO,12280,717.00),(DL,11433,712.00)]"
2025-03-27 00:00:00,9,13204,37641,4584,10.96432082038203,1305.0,"[(AA,13930,1305.00),(DL,11433,1196.00),(AA,13930,1186.00),(AA,11057,1151.00),(DL,12478,1073.00),(AA,13303,1019.00),(DL,11433,1000.00),(AA,14107,986.00),(AA,11278,959.00),(UA,12892,950.00),(AA,13930,945.00),(UA,13930,904.00),(UA,12266,902.00),(DL,12892,896.00),(AA,12892,887.00),(DL,14869,883.00),(AA,11278,878.00),(F9,11292,877.00),(DL,12892,826.00),(DL,10397,811.00)]"
2025-03-27 00:00:00,10,13303,28309,4144,13.881592426436821,1478.0,"[(AA,10423,1478.00),(AA,10994,1217.00),(AA,14107,1050.00),(F9,14100,1008.00),(B6,10721,977.00),(DL,10721,973.00),(DL,12478,925.00),(YX,12992,925.00),(B6,12478,870.00),(AA,12266,860.00),(DL,10397,842.00),(AA,14747,823.00),(YX,10257,820.00),(AA,13204,750.00),(AA,14492,712.00),(YX,13851,709.00),(UA,11292,702.00),(AA,14771,692.00),(AA,15304,680.00),(AA,11292,675.00)]"
2025-03-28 00:00:00,1,11298,68717,10526,14.368060305310186,1766.0,"[(AA,13303,1766.00),(OH,11953,1500.00),(AA,12173,1490.00),(AA,13930,1419.00),(B6,10721,1412.00),(AA,13303,1322.00),(OH,12217,1318.00),(AA,14492,1272.00),(AA,13244,1175.00),(OH,12217,1172.00),(AA,11638,1147.00),(AA,12094,1144.00),(AA,13851,1098.00),(AA,14193,1078.00),(OH,12448,1058.00),(DL,10397,1021.00),(OH,13277,1020.00),(DL,12953,995.00),(OH,12278,983.00),(AA,10423,972.00)]"
2025-03-28 00:00:00,2,10397,67942,9173,12.287465779635571,1300.0,"[(AA,13303,1300.00),(B6,10721,1204.00),(DL,14747,1188.00),(AA,11298,1095.00),(DL,12892,1062.00),(DL,12892,1061.00),(DL,14908,1036.00),(DL,12217,993.00),(DL,14747,977.00),(DL,14771,976.00),(F9,11618,972.00),(F9,13303,968.00),(DL,12889,963.00),(DL,10792,921.00),(F9,13204,920.00),(DL,14689,906.00),(DL,10208,888.00),(AA,12892,874.00),(OO,14696,852.00),(OO,10146,847.00)]"
2025-03-28 00:00:00,3,11292,69944,8927,11.401592702733616,1899.0,"[(AA,14107,1899.00),(AA,11057,1489.00),(B6,10721,1458.00),(AA,11298,1123.00),(OO,11921,1120.00),(OO,11315,1087.00),(MQ,14107,998.00),(OO,12280,990.00),(OO,14877,986.00),(OO,10713,977.00),(OO,12177,975.00),(F9,10397,940.00),(OO,12896,940.00),(OO,14457,931.00),(UA,12441,914.00),(AA,11057,910.00),(DL,12953,901.00),(OO,10372,897.00),(OO,12892,897.00),(OO,14877,889.00)]"
2025-03-28 00:00:00,4,13930,62014,8539,12.869674589608797,1986.0,"[(AA,14100,1986.00),(AA,12441,1546.00),(OO,14877,1320.00),(F9,11292,1273.00),(AA,11278,1051.00),(B6,12478,1018.00),(OO,13184,1012.00),(OO,15370,999.00),(OO,13871,998.00),(OO,12559,964.00),(AA,10423,945.00),(OO,10693,933.00),(AA,11278,926.00),(DL,14869,911.00),(AA,10423,907.00),(AA,14492,899.00),(OO,11267,899.00),(OO,13342,898.00),(AA,13204,887.00),(OO,11721,875.00)]"
2025-03-28 00:00:00,5,11057,46549,5943,10.965240928913618,1279.0,"[(AA,15016,1279.00),(AA,10257,1233.00),(F9,11298,1203.00),(AA,14100,1148.00),(DL,10397,1041.00),(AA,12478,1030.00),(OH,11973,1026.00),(DL,13487,986.00),(AA,10257,934.00),(DL,10397,913.00),(OH,14685,865.00),(OH,11252,835.00),(MQ,12992,833.00),(OH,15249,776.00),(AA,11433,754.00),(OH,11996,748.00),(AA,12323,738.00),(OH,15412,733.00),(AA,10434,712.00),(MQ,15919,708.00)]"
2025-03-28 00:00:00,6,11278,31349,5670,17.132476315033973,1587.0,"[(AA,13930,1587.00),(AA,11298,1316.00),(OH,10581,1173.00),(AA,14635,1165.00),(DL,10397,1160.00),(UA,12266,1160.00),(OH,10257,1157.00),(AA,11298,1141.00),(AA,15304,1118.00),(OH,10781,1110.00),(DL,11433,1092.00),(OH,10781,1051.00),(DL,12892,1031.00),(DL,10397,995.00),(B6,14027,976.00),(F9,11292,968.00),(DL,11433,954.00),(UA,14771,949.00),(UA,12266,944.00),(B6,11697,933.00)]"
2025-03-28 00:00:00,7,12889,42979,5056,9.37045999208916,2315.0,"[(AA,11298,2315.00),(OO,14893,1266.00),(G4,14457,1194.00),(DL,12478,1094.00),(G4,11193,1042.00),(DL,10397,1030.00),(G4,14314,1030.00),(G4,10408,964.00),(G4,11193,964.00),(G4,13367,952.00),(DL,12478,942.00),(G4,10666,942.00),(F9,13232,896.00),(AA,13930,893.00),(UA,11618,870.00),(AA,14107,868.00),(B6,12478,866.00),(AA,11298,853.00),(F9,11292,838.00),(F9,14107,826.00)]"
2025-03-28 00:00:00,8,14107,47741,4829,7.703902306193838,1163.0,"[(B6,11697,1163.00),(AA,12173,1159.00),(AA,10693,996.00),(OO,10713,972.00),(DL,14869,963.00),(AA,10423,891.00),(F9,13930,871.00),(AA,14262,867.00),(AA,13487,855.00),(OO,11695,849.00),(AA,12173,829.00),(OO,14698,796.00),(OO,10561,793.00),(OO,13158,768.00),(AA,10423,767.00),(OO,11003,754.00),(AA,14893,736.00),(OO,11695,725.00),(OO,12280,717.00),(DL,11433,712.00)]"
2025-03-28 00:00:00,9,13204,38133,4599,10.809666168410564,1305.0,"[(AA,13930,1305.00),(DL,11433,1196.00),(AA,13930,1186.00),(AA,11057,1151.00),(DL,12478,1073.00),(AA,13303,1019.00),(DL,11433,1000.00),(AA,14107,986.00),(AA,11278,959.00),(UA,12892,950.00),(AA,13930,945.00),(UA,13930,904.00),(UA,12266,902.00),(DL,12892,896.00),(AA,12892,887.00),(DL,14869,883.00),(AA,11278,878.00),(F9,11292,877.00),(DL,12892,826.00),(DL,10397,811.00)]"
2025-03-28 00:00:00,10,13303,28662,4166,13.744784034610285,1478.0,"[(AA,10423,1478.00),(AA,10994,1217.00),(AA,14107,1050.00),(F9,14100,1008.00),(B6,10721,977.00),(DL,10721,973.00),(DL,12478,925.00),(YX,12992,925.00),(B6,12478,870.00),(AA,12266,860.00),(DL,10397,842.00),(AA,14747,823.00),(YX,10257,820.00),(AA,13204,750.00),(AA,14492,712.00),(YX,13851,709.00),(UA,11292,702.00),(AA,14771,692.00),(AA,15304,680.00),(AA,11292,675.00)]"
2025-03-29 00:00:00,1,11298,69608,10602,14.258174347776118,1766.0,"[(AA,13303,1766.00),(OH,11953,1500.00),(AA,12173,1490.00),(AA,13930,1419.00),(B6,10721,1412.00),(AA,13303,1322.00),(OH,12217,1318.00),(AA,14492,1272.00),(AA,13244,1175.00),(OH,12217,1172.00),(AA,11638,1147.00),(AA,12094,1144.00),(AA,13851,1098.00),(AA,14193,1078.00),(OH,12448,1058.00),(DL,10397,1021.00),(OH,13277,1020.00),(DL,12953,995.00),(OH,12278,983.00),(AA,10423,972.00)]"
2025-03-29 00:00:00,2,10397,68850,9226,12.17445170660857,1300.0,"[(AA,13303,1300.00),(B6,10721,1204.00),(DL,14747,1188.00),(AA,11298,1095.00),(DL,12892,1062.00),(DL,12892,1061.00),(DL,14908,1036.00),(DL,12217,993.00),(DL,14747,977.00),(DL,14771,976.00),(F9,11618,972.00),(F9,13303,968.00),(DL,12889,963.00),(DL,10792,921.00),(F9,13204,920.00),(DL,14689,906.00),(DL,10208,888.00),(AA,12892,874.00),(OO,14696,852.00),(OO,10146,847.00)]"
2025-03-29 00:00:00,3,11292,70844,8984,11.306080966630907,1899.0,"[(AA,14107,1899.00),(AA,11057,1489.00),(B6,10721,1458.00),(AA,11298,1123.00),(OO,11921,1120.00),(OO,11315,1087.00),(MQ,14107,998.00),(OO,12280,990.00),(OO,14877,986.00),(OO,10713,977.00),(OO,12177,975.00),(F9,10397,940.00),(OO,12896,940.00),(OO,14457,931.00),(UA,12441,914.00),(AA,11057,910.00),(DL,12953,901.00),(OO,10372,897.00),(OO,12892,897.00),(OO,14877,889.00)]"
2025-03-29 00:00:00,4,13930,62854,8748,13.030006045756833,1986.0,"[(AA,14100,1986.00),(AA,12441,1546.00),(OO,14877,1320.00),(F9,11292,1273.00),(AA,11278,1051.00),(B6,12478,1018.00),(OO,13184,1012.00),(OO,15370,999.00),(OO,13871,998.00),(OO,12559,964.00),(AA,10423,945.00),(OO,10693,933.00),(AA,11278,926.00),(DL,14869,911.00),(AA,10423,907.00),(AA,14492,899.00),(OO,11267,899.00),(OO,13342,898.00),(AA,13204,887.00),(OO,11721,875.00)]"
2025-03-29 00:00:00,5,11057,47134,6021,10.988034115500488,1279.0,"[(AA,15016,1279.00),(AA,10257,1233.00),(F9,11298,1203.00),(AA,14100,1148.00),(DL,10397,1041.00),(AA,12478,1030.00),(OH,11973,1026.00),(DL,13487,986.00),(AA,10257,934.00),(DL,10397,913.00),(OH,14685,865.00),(OH,11252,835.00),(MQ,12992,833.00),(OH,15249,776.00),(AA,11433,754.00),(OH,11996,748.00),(AA,12323,738.00),(OH,15412,733.00),(AA,10434,712.00),(MQ,15919,708.00)]"
2025-03-29 00:00:00,6,11278,31760,5709,17.009886649874055,1587.0,"[(AA,13930,1587.00),(AA,11298,1316.00),(OH,10581,1173.00),(AA,14635,1165.00),(DL,10397,1160.00),(UA,12266,1160.00),(OH,10257,1157.00),(AA,11298,1141.00),(AA,15304,1118.00),(OH,10781,1110.00),(DL,11433,1092.00),(OH,10781,1051.00),(DL,12892,1031.00),(DL,10397,995.00),(B6,14027,976.00),(F9,11292,968.00),(DL,11433,954.00),(UA,14771,949.00),(UA,12266,944.00),(B6,11697,933.00)]"
2025-03-29 00:00:00,7,12889,43552,5110,9.349306576047024,2315.0,"[(AA,11298,2315.00),(OO,14893,1266.00),(G4,14457,1194.00),(DL,12478,1094.00),(G4,11193,1042.00),(DL,10397,1030.00),(G4,14314,1030.00),(G4,10408,964.00),(G4,11193,964.00),(G4,13367,952.00),(DL,12478,942.00),(G4,10666,942.00),(F9,13232,896.00),(AA,13930,893.00),(UA,11618,870.00),(AA,14107,868.00),(B6,12478,866.00),(AA,11298,853.00),(F9,11292,838.00),(F9,14107,826.00)]"
2025-03-29 00:00:00,8,14107,48387,4899,7.705685411370823,1163.0,"[(B6,11697,1163.00),(AA,12173,1159.00),(AA,10693,996.00),(OO,10713,972.00),(DL,14869,963.00),(AA,10423,891.00),(F9,13930,871.00),(AA,14262,867.00),(AA,13487,855.00),(OO,11695,849.00),(AA,12173,829.00),(OO,14698,796.00),(OO,10561,793.00),(OO,13158,768.00),(AA,10423,767.00),(OO,11003,754.00),(AA,14893,736.00),(OO,11695,725.00),(OO,12280,717.00),(DL,11433,712.00)]"
2025-03-29 00:00:00,9,13204,38632,4643,10.731129633464485,1305.0,"[(AA,13930,1305.00),(DL,11433,1196.00),(AA,13930,1186.00),(AA,11057,1151.00),(DL,12478,1073.00),(AA,13303,1019.00),(DL,11433,1000.00),(AA,14107,986.00),(AA,11278,959.00),(UA,12892,950.00),(AA,13930,945.00),(UA,13930,904.00),(UA,12266,902.00),(DL,12892,896.00),(AA,12892,887.00),(DL,14869,883.00),(AA,11278,878.00),(F9,11292,877.00),(DL,12892,826.00),(DL,10397,811.00)]"
2025-03-29 00:00:00,10,13303,29011,4193,13.623211885147013,1478.0,"[(AA,10423,1478.00),(AA,10994,1217.00),(AA,14107,1050.00),(F9,14100,1008.00),(B6,10721,977.00),(DL,10721,973.00),(DL,12478,925.00),(YX,12992,925.00),(B6,12478,870.00),(AA,12266,860.00),(DL,10397,842.00),(AA,14747,823.00),(YX,10257,820.00),(AA,13204,750.00),(AA,14492,712.00),(YX,13851,709.00),(UA,11292,702.00),(AA,14771,692.00),(AA,15304,680.00),(AA,11292,675.00)]"
2025-03-30 00:00:00,1,11298,70446,10705,14.245422025381144,1766.0,"[(AA,13303,1766.00),(OH,11953,1500.00),(AA,12173,1490.00),(AA,13930,1419.00),(B6,10721,1412.00),(AA,13303,1322.00),(OH,12217,1318.00),(AA,14492,1272.00),(OH,12992,1198.00),(AA,13244,1175.00),(OH,12217,1172.00),(AA,11638,1147.00),(AA,12094,1144.00),(AA,13851,1098.00),(AA,14193,1078.00),(OH,12448,1058.00),(DL,10397,1021.00),(OH,13277,1020.00),(DL,12953,995.00),(OH,12278,983.00)]"
2025-03-30 00:00:00,2,10397,69602,9284,12.094135225999253,1300.0,"[(AA,13303,1300.00),(B6,10721,1204.00),(DL,14747,1188.00),(AA,11298,1095.00),(DL,12892,1062.00),(DL,12892,1061.00),(DL,14908,1036.00),(DL,12217,993.00),(DL,14747,977.00),(DL,14771,976.00),(F9,11618,972.00),(F9,13303,968.00),(DL,12889,963.00),(DL,10792,921.00),(F9,13204,920.00),(DL,14689,906.00),(DL,10208,888.00),(AA,12892,874.00),(OO,14696,852.00),(OO,10146,847.00)]"
2025-03-30 00:00:00,3,11292,71655,9121,11.318540227478891,1899.0,"[(AA,14107,1899.00),(AA,11057,1489.00),(B6,10721,1458.00),(AA,11298,1123.00),(OO,11921,1120.00),(OO,11315,1087.00),(MQ,14107,998.00),(OO,12280,990.00),(OO,14877,986.00),(OO,10713,977.00),(OO,12177,975.00),(F9,10397,940.00),(OO,12896,940.00),(OO,14457,931.00),(UA,12441,914.00),(AA,11057,910.00),(DL,12953,901.00),(OO,10372,897.00),(OO,12892,897.00),(OO,14877,889.00)]"
2025-03-30 00:00:00,4,13930,63578,8825,12.99100317719966,1986.0,"[(AA,14100,1986.00),(AA,12441,1546.00),(OO,14877,1320.00),(F9,11292,1273.00),(AA,13495,1112.00),(AA,11278,1051.00),(B6,12478,1018.00),(OO,13184,1012.00),(OO,15370,999.00),(OO,13871,998.00),(OO,12559,964.00),(AA,10423,945.00),(OO,10693,933.00),(AA,11278,926.00),(DL,14869,911.00),(AA,10423,907.00),(AA,14492,899.00),(OO,11267,899.00),(OO,13342,898.00),(AA,13204,887.00)]"
2025-03-30 00:00:00,5,11057,47696,6080,10.961548138208656,1279.0,"[(AA,15016,1279.00),(AA,10257,1233.00),(F9,11298,1203.00),(AA,14100,1148.00),(DL,10397,1041.00),(AA,12478,1030.00),(OH,11973,1026.00),(DL,13487,986.00),(AA,10257,934.00),(DL,10397,913.00),(OH,14685,865.00),(OH,11252,835.00),(MQ,12992,833.00),(OH,15249,776.00),(AA,11433,754.00),(OH,11996,748.00),(AA,12323,738.00),(OH,15412,733.00),(AA,10434,712.00),(F9,14100,710.00)]"
2025-03-30 00:00:00,6,11278,32075,5734,16.89808261886204,1587.0,"[(AA,13930,1587.00),(AA,11298,1316.00),(OH,10581,1173.00),(AA,14635,1165.00),(DL,10397,1160.00),(UA,12266,1160.00),(OH,10257,1157.00),(AA,11298,1141.00),(AA,15304,1118.00),(OH,10781,1110.00),(DL,11433,1092.00),(OH,10781,1051.00),(DL,12892,1031.00),(DL,10397,995.00),(B6,14027,976.00),(F9,11292,968.00),(DL,11433,954.00),(UA,14771,949.00),(UA,12266,944.00),(B6,11697,933.00)]"
2025-03-30 00:00:00,7,12889,44005,5143,9.293284853993864,2315.0,"[(AA,11298,2315.00),(OO,14893,1266.00),(G4,14457,1194.00),(DL,12478,1094.00),(G4,11193,1042.00),(DL,10397,1030.00),(G4,14314,1030.00),(G4,10408,964.00),(G4,11193,964.00),(G4,13367,952.00),(DL,12478,942.00),(G4,10666,942.00),(F9,13232,896.00),(AA,13930,893.00),(UA,11618,870.00),(AA,14107,868.00),(B6,12478,866.00),(AA,11298,853.00),(F9,11292,838.00),(F9,14107,826.00)]"
2025-03-30 00:00:00,8,14107,49002,4959,7.720521611362802,1163.0,"[(B6,11697,1163.00),(AA,12173,1159.00),(AA,10693,996.00),(OO,10713,972.00),(DL,14869,963.00),(AA,10423,891.00),(F9,13930,871.00),(AA,14262,867.00),(AA,13487,855.00),(OO,11695,849.00),(AA,12173,829.00),(OO,14698,796.00),(OO,10561,793.00),(OO,13158,768.00),(AA,10423,767.00),(OO,11003,754.00),(AA,14893,736.00),(OO,11695,725.00),(OO,12280,717.00),(DL,11433,712.00)]"
2025-03-30 00:00:00,9,13204,39161,4704,10.69546232220832,1305.0,"[(AA,13930,1305.00),(DL,11433,1196.00),(AA,13930,1186.00),(AA,11057,1151.00),(DL,12478,1073.00),(AA,13303,1019.00),(DL,11433,1000.00),(AA,14107,986.00),(AA,11278,959.00),(UA,12892,950.00),(AA,13930,945.00),(UA,13930,904.00),(UA,12266,902.00),(DL,12892,896.00),(AA,12892,887.00),(DL,14869,883.00),(AA,11278,878.00),(F9,11292,877.00),(DL,12892,826.00),(DL,10397,811.00)]"
2025-03-30 00:00:00,10,13303,29388,4238,13.599496393085612,1478.0,"[(AA,10423,1478.00),(AA,10994,1217.00),(AA,14107,1050.00),(F9,14100,1008.00),(B6,10721,977.00),(DL,10721,973.00),(DL,12478,925.00),(YX,12992,925.00),(B6,12478,870.00),(AA,12266,860.00),(DL,10397,842.00),(AA,14747,823.00),(YX,10257,820.00),(AA,13204,750.00),(AA,14492,712.00),(YX,13851,709.00),(UA,11292,702.00),(AA,14771,692.00),(AA,15304,680.00),(AA,11292,675.00)]"
2025-03-31 00:00:00,1,11298,71280,10894,14.355653759820427,1766.0,"[(AA,13303,1766.00),(OH,11953,1500.00),(AA,12173,1490.00),(AA,13930,1419.00),(B6,10721,1412.00),(AA,13303,1322.00),(OH,12217,1318.00),(AA,14492,1272.00),(OH,12992,1198.00),(AA,13244,1175.00),(OH,12217,1172.00),(AA,11638,1147.00),(AA,12094,1144.00),(AA,13851,1098.00),(AA,14193,1078.00),(OH,12448,1058.00),(DL,10397,1021.00),(OH,13277,1020.00),(DL,12953,995.00),(OH,12278,983.00)]"
2025-03-31 00:00:00,2,10397,70469,9482,12.242361889625226,1300.0,"[(AA,13303,1300.00),(B6,10721,1204.00),(DL,14747,1188.00),(AA,11298,1095.00),(DL,12892,1062.00),(DL,12892,1061.00),(DL,14908,1036.00),(DL,12217,993.00),(DL,14747,977.00),(DL,14771,976.00),(F9,11618,972.00),(F9,13303,968.00),(DL,12889,963.00),(DL,10792,921.00),(F9,13204,920.00),(DL,14689,906.00),(DL,10208,888.00),(AA,12892,874.00),(OO,14696,852.00),(UA,13930,847.00)]"
2025-03-31 00:00:00,3,11292,72503,9363,11.517054466711722,1899.0,"[(AA,14107,1899.00),(AA,11057,1489.00),(B6,10721,1458.00),(AA,11298,1123.00),(OO,11921,1120.00),(OO,11315,1087.00),(MQ,14107,998.00),(OO,12280,990.00),(OO,14877,986.00),(OO,10713,977.00),(OO,12177,975.00),(F9,10397,940.00),(OO,12896,940.00),(OO,14457,931.00),(UA,12441,914.00),(AA,11057,910.00),(DL,12953,901.00),(OO,10372,897.00),(OO,12892,897.00),(OO,14877,889.00)]"
2025-03-31 00:00:00,4,13930,64344,9111,13.328872932985204,1986.0,"[(AA,14100,1986.00),(AA,12441,1546.00),(OO,14877,1320.00),(F9,11292,1273.00),(AA,13495,1112.00),(MQ,13459,1052.00),(AA,11278,1051.00),(B6,12478,1018.00),(OO,13184,1012.00),(OO,15370,999.00),(OO,13871,998.00),(OO,12559,964.00),(AA,10423,945.00),(OO,10693,933.00),(AA,11278,926.00),(DL,14869,911.00),(AA,10423,907.00),(AA,14492,899.00),(OO,11267,899.00),(OO,13342,898.00)]"
2025-03-31 00:00:00,5,11057,48261,6191,11.062845776092496,1279.0,"[(AA,15016,1279.00),(AA,10257,1233.00),(F9,11298,1203.00),(AA,14100,1148.00),(DL,10397,1041.00),(AA,12478,1030.00),(OH,11973,1026.00),(DL,13487,986.00),(AA,10257,934.00),(DL,10397,913.00),(OH,14685,865.00),(OH,11252,835.00),(MQ,12992,833.00),(AA,11624,794.00),(OH,15249,776.00),(AA,11433,754.00),(OH,11996,748.00),(AA,12323,738.00),(OH,15412,733.00),(AA,10434,712.00)]"
2025-03-31 00:00:00,6,11278,32459,5814,16.96112018238393,1587.0,"[(AA,13930,1587.00),(AA,11298,1316.00),(OH,10581,1173.00),(AA,14635,1165.00),(DL,10397,1160.00),(UA,12266,1160.00),(OH,10257,1157.00),(AA,11298,1141.00),(AA,15304,1118.00),(OH,10781,1110.00),(DL,11433,1092.00),(OH,10781,1051.00),(DL,12892,1031.00),(DL,10397,995.00),(B6,14027,976.00),(F9,11292,968.00),(DL,11433,954.00),(UA,14771,949.00),(UA,12266,944.00),(B6,11697,933.00)]"
2025-03-31 00:00:00,7,12889,44559,5261,9.402320518862632,2315.0,"[(AA,11298,2315.00),(OO,14893,1266.00),(G4,14457,1194.00),(DL,12478,1094.00),(G4,11193,1042.00),(DL,10397,1030.00),(G4,14314,1030.00),(G4,10408,964.00),(G4,11193,964.00),(G4,13367,952.00),(DL,12478,942.00),(G4,10666,942.00),(F9,13232,896.00),(AA,13930,893.00),(UA,11618,870.00),(AA,14107,868.00),(B6,12478,866.00),(AA,11298,853.00),(F9,11292,838.00),(F9,14107,826.00)]"
2025-03-31 00:00:00,8,14107,49620,5068,7.814772269246272,1163.0,"[(B6,11697,1163.00),(AA,12173,1159.00),(AA,10693,996.00),(OO,10713,972.00),(DL,14869,963.00),(AA,10423,891.00),(F9,13930,871.00),(AA,14262,867.00),(AA,13487,855.00),(OO,11695,849.00),(AA,12173,829.00),(OO,14698,796.00),(OO,10561,793.00),(OO,13158,768.00),(AA,10423,767.00),(OO,11003,754.00),(AA,14893,736.00),(OO,11695,725.00),(OO,12280,717.00),(DL,11433,712.00)]"
2025-03-31 00:00:00,9,13204,39643,4901,11.268849481623489,1305.0,"[(AA,13930,1305.00),(DL,11433,1196.00),(AA,13930,1186.00),(AA,11057,1151.00),(DL,12478,1073.00),(AA,13303,1019.00),(DL,11193,1014.00),(DL,11433,1000.00),(AA,14107,986.00),(AA,11278,959.00),(UA,12892,950.00),(AA,13930,945.00),(AA,14100,910.00),(UA,13930,904.00),(UA,12266,902.00),(DL,12892,896.00),(AA,12892,887.00),(DL,14869,883.00),(AA,11278,878.00),(F9,11292,877.00)]"
2025-03-31 00:00:00,10,13303,29692,4387,14.435403475683685,1478.0,"[(AA,10423,1478.00),(F9,11193,1242.00),(AA,10994,1217.00),(DL,13487,1114.00),(AA,14107,1050.00),(F9,14100,1008.00),(B6,10721,977.00),(DL,10721,973.00),(DL,12478,925.00),(YX,12992,925.00),(AA,14107,920.00),(B6,12478,870.00),(DL,11433,861.00),(AA,12266,860.00),(DL,10397,842.00),(AA,14747,823.00),(YX,10257,820.00),(AA,11298,781.00),(AA,13204,750.00),(AA,11298,748.00)]"
2025-04-01 00:00:00,1,11298,72137,11075,14.456437057266035,1766.0,"[(AA,13303,1766.00),(OH,11953,1500.00),(AA,12173,1490.00),(AA,13930,1419.00),(B6,10721,1412.00),(AA,13303,1322.00),(OH,12217,1318.00),(AA,14492,1272.00),(OH,12992,1198.00),(AA,13244,1175.00),(OH,12217,1172.00),(AA,11638,1147.00),(AA,12094,1144.00),(AA,13851,1098.00),(AA,14193,1078.00),(OH,12448,1058.00),(DL,10397,1021.00),(OH,13277,1020.00),(DL,12953,995.00),(OH,12278,983.00)]"
2025-04-01 00:00:00,2,10397,71295,9946,12.912041517637983,1300.0,"[(AA,13303,1300.00),(B6,10721,1204.00),(DL,14747,1188.00),(DL,12478,1106.00),(AA,11298,1095.00),(DL,12892,1062.00),(DL,12892,1061.00),(DL,14908,1036.00),(DL,12217,993.00),(DL,14747,977.00),(DL,14771,976.00),(F9,11618,972.00),(F9,13303,968.00),(DL,12889,963.00),(DL,10792,921.00),(F9,13204,920.00),(DL,14689,906.00),(DL,10208,888.00),(AA,12892,874.00),(OO,14696,852.00)]"
2025-04-01 00:00:00,3,11292,73363,9614,11.71039897496013,1899.0,"[(AA,14107,1899.00),(AA,11057,1489.00),(B6,10721,1458.00),(AA,11298,1123.00),(OO,11921,1120.00),(OO,11315,1087.00),(MQ,14107,998.00),(OO,12280,990.00),(OO,14877,986.00),(OO,10713,977.00),(OO,12177,975.00),(F9,10397,940.00),(OO,12896,940.00),(OO,14457,931.00),(UA,12441,914.00),(AA,11057,910.00),(DL,12953,901.00),(OO,10372,897.00),(OO,12892,897.00),(OO,14877,889.00)]"
2025-04-01 00:00:00,4,13930,65155,9284,13.399002378942521,1986.0,"[(AA,14100,1986.00),(AA,12441,1546.00),(OO,14877,1320.00),(F9,11292,1273.00),(AA,13495,1112.00),(MQ,13459,1052.00),(AA,11278,1051.00),(B6,12478,1018.00),(OO,13184,1012.00),(OO,15370,999.00),(OO,13871,998.00),(OO,12559,964.00),(AA,10423,945.00),(OO,10693,933.00),(AA,11278,926.00),(DL,14869,911.00),(AA,10423,907.00),(AA,14492,899.00),(OO,11267,899.00),(OO,13342,898.00)]"
2025-04-01 00:00:00,5,11057,48773,6388,11.390031369815267,1279.0,"[(AA,15016,1279.00),(AA,10257,1233.00),(F9,11298,1203.00),(AA,14100,1148.00),(AA,11278,1113.00),(DL,10397,1041.00),(AA,12478,1030.00),(OH,11973,1026.00),(DL,13487,986.00),(AA,10257,934.00),(DL,10397,913.00),(OH,14685,865.00),(OH,11252,835.00),(MQ,12992,833.00),(AA,11624,794.00),(OH,15249,776.00),(AA,11433,754.00),(OH,11996,748.00),(AA,12323,738.00),(OH,15412,733.00)]"
2025-04-01 00:00:00,6,11278,32802,5937,17.340558502530335,1587.0,"[(AA,13930,1587.00),(AA,11298,1316.00),(OH,10581,1173.00),(AA,14635,1165.00),(DL,10397,1160.00),(UA,12266,1160.00),(OH,10257,1157.00),(AA,11298,1141.00),(AA,15304,1118.00),(OH,10781,1110.00),(DL,11433,1092.00),(OH,10781,1051.00),(DL,12892,1031.00),(DL,10397,995.00),(B6,14027,976.00),(F9,11292,968.00),(DL,11433,954.00),(UA,14771,949.00),(UA,12266,944.00),(B6,11697,933.00)]"
2025-04-01 00:00:00,7,12889,45117,5388,9.553028791807966,2315.0,"[(AA,11298,2315.00),(OO,14893,1266.00),(G4,14457,1194.00),(DL,12478,1094.00),(G4,11193,1042.00),(DL,10397,1030.00),(G4,14314,1030.00),(G4,10408,964.00),(G4,11193,964.00),(G4,13367,952.00),(DL,12478,942.00),(G4,10666,942.00),(F9,13232,896.00),(AA,13930,893.00),(UA,11618,870.00),(AA,14107,868.00),(B6,12478,866.00),(AA,11298,853.00),(F9,11292,838.00),(F9,14107,826.00)]"
2025-04-01 00:00:00,8,14107,50248,5191,7.958824231810222,1163.0,"[(B6,11697,1163.00),(AA,12173,1159.00),(AA,10693,996.00),(OO,10713,972.00),(DL,14869,963.00),(AA,10423,891.00),(F9,13930,871.00),(AA,14262,867.00),(AA,13487,855.00),(OO,11695,849.00),(AA,12173,829.00),(OO,14698,796.00),(OO,10561,793.00),(OO,13158,768.00),(AA,10423,767.00),(OO,11003,754.00),(AA,14893,736.00),(OO,11695,725.00),(OO,12280,717.00),(DL,11433,712.00)]"
2025-04-01 00:00:00,9,13204,40085,5115,11.894499189222902,1305.0,"[(AA,13930,1305.00),(DL,11433,1196.00),(AA,13930,1186.00),(AA,11057,1151.00),(DL,12478,1073.00),(AA,13303,1019.00),(DL,11193,1014.00),(DL,11433,1000.00),(AA,14107,986.00),(AA,11278,959.00),(UA,12892,950.00),(AA,13930,945.00),(AA,14100,910.00),(UA,13930,904.00),(UA,12266,902.00),(DL,14492,899.00),(DL,12892,896.00),(AA,12892,887.00),(DL,14869,883.00),(AA,11278,878.00)]"
2025-04-01 00:00:00,10,13303,30012,4541,15.020625083300013,1478.0,"[(AA,10423,1478.00),(F9,11193,1242.00),(AA,10994,1217.00),(DL,13487,1114.00),(AA,14107,1050.00),(UA,12266,1030.00),(F9,14100,1008.00),(B6,10721,977.00),(DL,10721,973.00),(DL,12478,925.00),(YX,12992,925.00),(AA,14107,920.00),(B6,12478,870.00),(DL,11433,861.00),(AA,12266,860.00),(DL,10397,842.00),(AA,14747,823.00),(YX,10257,820.00),(AA,11298,781.00),(AA,13204,750.00)]"
2025-04-02 00:00:00,1,11298,72992,11207,14.439239916703201,1766.0,"[(AA,13303,1766.00),(OH,11953,1500.00),(AA,12173,1490.00),(AA,13930,1419.00),(B6,10721,1412.00),(AA,13303,1322.00),(OH,12217,1318.00),(AA,14492,1272.00),(OH,12992,1198.00),(AA,13244,1175.00),(OH,12217,1172.00),(AA,11638,1147.00),(AA,12094,1144.00),(AA,13851,1098.00),(AA,14193,1078.00),(OH,12448,1058.00),(DL,10397,1021.00),(OH,13277,1020.00),(DL,12953,995.00),(OH,12278,983.00)]"
2025-04-02 00:00:00,2,10397,72130,10071,12.902287536392624,1300.0,"[(AA,13303,1300.00),(B6,10721,1204.00),(DL,14747,1188.00),(DL,12478,1106.00),(AA,11298,1095.00),(DL,12892,1062.00),(DL,12892,1061.00),(DL,14908,1036.00),(DL,12217,993.00),(DL,14747,977.00),(DL,14771,976.00),(F9,11618,972.00),(F9,13303,968.00),(DL,12889,963.00),(DL,10792,921.00),(F9,13204,920.00),(DL,14689,906.00),(DL,10208,888.00),(AA,12892,874.00),(OO,14696,852.00)]"
2025-04-02 00:00:00,3,11292,74153,9722,11.734899464620447,1899.0,"[(AA,14107,1899.00),(AA,11057,1489.00),(B6,10721,1458.00),(AA,11298,1123.00),(OO,11921,1120.00),(OO,11315,1087.00),(MQ,14107,998.00),(OO,12280,990.00),(OO,14877,986.00),(OO,10713,977.00),(OO,12177,975.00),(F9,10397,940.00),(OO,12896,940.00),(OO,14457,931.00),(F9,12889,925.00),(UA,12441,914.00),(AA,11057,910.00),(DL,12953,901.00),(OO,10372,897.00),(OO,12892,897.00)]"
2025-04-02 00:00:00,4,13930,65938,9384,13.381737389669084,1986.0,"[(AA,14100,1986.00),(AA,12441,1546.00),(OO,14877,1320.00),(F9,11292,1273.00),(AA,13495,1112.00),(MQ,13459,1052.00),(AA,11278,1051.00),(B6,12478,1018.00),(OO,13184,1012.00),(OO,15370,999.00),(OO,13871,998.00),(OO,12559,964.00),(AA,10423,945.00),(OO,10693,933.00),(AA,11278,926.00),(DL,14869,911.00),(AA,10423,907.00),(AA,14492,899.00),(OO,11267,899.00),(OO,13342,898.00)]"
2025-04-02 00:00:00,5,11057,49345,6474,11.412848312898976,1279.0,"[(AA,15016,1279.00),(AA,10257,1233.00),(F9,11298,1203.00),(AA,14100,1148.00),(AA,11278,1113.00),(DL,10397,1041.00),(AA,12478,1030.00),(OH,11973,1026.00),(DL,13487,986.00),(AA,10257,934.00),(DL,10397,913.00),(OH,14685,865.00),(OH,11252,835.00),(MQ,12992,833.00),(AA,11624,794.00),(OH,15249,776.00),(AA,11433,754.00),(OH,11996,748.00),(AA,12323,738.00),(OH,15412,733.00)]"
2025-04-02 00:00:00,6,11278,33209,5982,17.270890421271343,1587.0,"[(AA,13930,1587.00),(AA,11298,1316.00),(OH,10581,1173.00),(AA,14635,1165.00),(DL,10397,1160.00),(UA,12266,1160.00),(OH,10257,1157.00),(AA,11298,1141.00),(AA,15304,1118.00),(OH,10781,1110.00),(DL,11433,1092.00),(OH,10781,1051.00),(DL,12892,1031.00),(DL,10397,995.00),(B6,14027,976.00),(F9,11292,968.00),(DL,11433,954.00),(UA,14771,949.00),(UA,12266,944.00),(B6,11697,933.00)]"
2025-04-02 00:00:00,7,12889,45604,5431,9.515261819138672,2315.0,"[(AA,11298,2315.00),(OO,14893,1266.00),(G4,14457,1194.00),(DL,12478,1094.00),(G4,11193,1042.00),(DL,10397,1030.00),(G4,14314,1030.00),(G4,10408,964.00),(G4,11193,964.00),(G4,13367,952.00),(DL,12478,942.00),(G4,10666,942.00),(F9,13232,896.00),(AA,13930,893.00),(UA,11618,870.00),(AA,14107,868.00),(B6,12478,866.00),(AA,11298,853.00),(F9,11292,838.00),(F9,14107,826.00)]"
2025-04-02 00:00:00,8,14107,50854,5268,7.995732882369135,1163.0,"[(B6,11697,1163.00),(AA,12173,1159.00),(AA,10693,996.00),(OO,10713,972.00),(DL,14869,963.00),(AA,10423,891.00),(F9,13930,871.00),(AA,14262,867.00),(AA,13487,855.00),(OO,11695,849.00),(AA,12173,829.00),(AA,12889,820.00),(OO,14698,796.00),(OO,10561,793.00),(OO,13158,768.00),(AA,10423,767.00),(OO,11003,754.00),(AA,14893,736.00),(OO,11695,725.00),(OO,12280,717.00)]"
2025-04-02 00:00:00,9,13204,40545,5200,12.029621408311753,1305.0,"[(AA,13930,1305.00),(DL,11433,1196.00),(AA,13930,1186.00),(AA,11057,1151.00),(DL,12478,1073.00),(AA,13303,1019.00),(DL,11193,1014.00),(DL,11433,1000.00),(AA,14107,986.00),(AA,11278,959.00),(UA,12892,950.00),(AA,13930,945.00),(AA,14100,910.00),(UA,13930,904.00),(UA,12266,902.00),(DL,14492,899.00),(DL,12892,896.00),(AA,12892,887.00),(DL,14869,883.00),(AA,11278,878.00)]"
2025-04-02 00:00:00,10,13303,30352,4607,15.088593832366895,1478.0,"[(AA,10423,1478.00),(F9,11193,1242.00),(AA,10994,1217.00),(DL,13487,1114.00),(AA,14107,1050.00),(UA,12266,1030.00),(F9,14100,1008.00),(B6,10721,977.00),(DL,10721,973.00),(DL,12478,925.00),(YX,12992,925.00),(AA,14107,920.00),(B6,12478,870.00),(DL,11433,861.00),(AA,12266,860.00),(DL,10397,842.00),(AA,14747,823.00),(YX,10257,820.00),(AA,11298,781.00),(AA,13204,750.00)]"
2025-04-03 00:00:00,1,11298,73789,11556,14.784981501307783,1766.0,"[(AA,13303,1766.00),(OH,11953,1500.00),(AA,12173,1490.00),(AA,13930,1419.00),(B6,10721,1412.00),(AA,13303,1322.00),(OH,12217,1318.00),(AA,14492,1272.00),(OH,12992,1198.00),(AA,13244,1175.00),(OH,12217,1172.00),(AA,11638,1147.00),(AA,12094,1144.00),(AA,13851,1098.00),(AA,14193,1078.00),(OH,12448,1058.00),(DL,10397,1021.00),(OH,13277,1020.00),(DL,12953,995.00),(OH,12278,983.00)]"
2025-04-03 00:00:00,2,10397,72966,10173,12.878039086697914,1300.0,"[(AA,13303,1300.00),(B6,10721,1204.00),(DL,14747,1188.00),(DL,12478,1106.00),(AA,11298,1095.00),(DL,12892,1062.00),(DL,12892,1061.00),(DL,14908,1036.00),(DL,12217,993.00),(DL,14747,977.00),(DL,14771,976.00),(F9,11618,972.00),(F9,13303,968.00),(DL,12889,963.00),(DL,10792,921.00),(F9,13204,920.00),(DL,14689,906.00),(DL,10208,888.00),(AA,12892,874.00),(OO,14696,852.00)]"
2025-04-03 00:00:00,3,11292,74970,9847,11.738335334133653,1899.0,"[(AA,14107,1899.00),(AA,11057,1489.00),(B6,10721,1458.00),(AA,11298,1123.00),(OO,11921,1120.00),(OO,11315,1087.00),(MQ,14107,998.00),(OO,12280,990.00),(OO,14877,986.00),(OO,10713,977.00),(OO,12177,975.00),(F9,10397,940.00),(OO,12896,940.00),(OO,14457,931.00),(F9,12889,925.00),(UA,12441,914.00),(AA,11057,910.00),(DL,12953,901.00),(OO,10372,897.00),(OO,12892,897.00)]"
2025-04-03 00:00:00,4,13930,66511,9753,14.148952804799206,1986.0,"[(AA,14100,1986.00),(AA,12441,1546.00),(OO,14877,1320.00),(F9,11292,1273.00),(B6,10721,1240.00),(AA,14100,1167.00),(AA,13495,1112.00),(MQ,13459,1052.00),(AA,11278,1051.00),(B6,12478,1018.00),(OO,13282,1014.00),(OO,13184,1012.00),(OO,15370,999.00),(OO,13871,998.00),(OO,12559,964.00),(AA,10423,945.00),(OO,10693,933.00),(AA,11278,926.00),(DL,14869,911.00),(AA,10423,907.00)]"
2025-04-03 00:00:00,5,11057,49907,6601,11.546276073496704,1279.0,"[(AA,15016,1279.00),(AA,10257,1233.00),(F9,11298,1203.00),(AA,14100,1148.00),(AA,11278,1113.00),(DL,10397,1041.00),(AA,12478,1030.00),(OH,11973,1026.00),(DL,13487,986.00),(AA,10257,934.00),(DL,10397,913.00),(UA,11618,897.00),(OH,14685,865.00),(OH,11252,835.00),(MQ,12992,833.00),(AA,11624,794.00),(OH,15249,776.00),(AA,11433,754.00),(OH,11996,748.00),(AA,12323,738.00)]"
2025-04-03 00:00:00,6,11278,33596,6064,17.349505893558756,1587.0,"[(AA,13930,1587.00),(AA,11298,1316.00),(OH,10581,1173.00),(AA,14635,1165.00),(DL,10397,1160.00),(UA,12266,1160.00),(OH,10257,1157.00),(AA,11298,1141.00),(AA,15304,1118.00),(OH,10781,1110.00),(UA,13930,1093.00),(DL,11433,1092.00),(OH,10781,1051.00),(DL,12892,1031.00),(DL,10397,995.00),(B6,14027,976.00),(F9,11292,968.00),(DL,11433,954.00),(UA,14771,949.00),(UA,12266,944.00)]"
2025-04-03 00:00:00,7,12889,46088,5513,9.5546780072904,2315.0,"[(AA,11298,2315.00),(OO,14893,1266.00),(G4,14457,1194.00),(DL,12478,1094.00),(G4,11193,1042.00),(DL,10397,1030.00),(G4,14314,1030.00),(G4,10408,964.00),(G4,11193,964.00),(G4,13367,952.00),(DL,12478,942.00),(G4,10666,942.00),(F9,13232,896.00),(AA,13930,893.00),(UA,11618,870.00),(AA,14107,868.00),(B6,12478,866.00),(AA,11298,853.00),(F9,11292,838.00),(F9,14107,826.00)]"
2025-04-03 00:00:00,8,14107,51456,5390,8.120044309701493,1163.0,"[(B6,11697,1163.00),(AA,12173,1159.00),(AA,10693,996.00),(OO,10713,972.00),(DL,14869,963.00),(AA,10423,891.00),(F9,13930,871.00),(AA,14262,867.00),(AA,11066,861.00),(AA,13487,855.00),(OO,11695,849.00),(AA,12173,829.00),(AA,12889,820.00),(OO,14698,796.00),(OO,10561,793.00),(OO,13158,768.00),(AA,10423,767.00),(OO,11003,754.00),(AA,14893,736.00),(OO,11695,725.00)]"
2025-04-03 00:00:00,9,13204,41002,5273,12.02892541827228,1305.0,"[(AA,13930,1305.00),(DL,11433,1196.00),(AA,13930,1186.00),(AA,11057,1151.00),(DL,12478,1073.00),(AA,13303,1019.00),(DL,11193,1014.00),(DL,11433,1000.00),(AA,14107,986.00),(AA,11278,959.00),(UA,12892,950.00),(AA,13930,945.00),(AA,14100,910.00),(UA,13930,904.00),(UA,12266,902.00),(DL,14492,899.00),(DL,12892,896.00),(AA,12892,887.00),(DL,14869,883.00),(AA,11278,878.00)]"
2025-04-03 00:00:00,10,13303,30683,4656,15.081510934393638,1478.0,"[(AA,10423,1478.00),(F9,11193,1242.00),(AA,10994,1217.00),(DL,13487,1114.00),(AA,14107,1050.00),(UA,12266,1030.00),(F9,14100,1008.00),(B6,10721,977.00),(DL,10721,973.00),(DL,12478,925.00),(YX,12992,925.00),(AA,14107,920.00),(B6,12478,870.00),(DL,11433,861.00),(AA,12266,860.00),(DL,10397,842.00),(AA,14747,823.00),(YX,10257,820.00),(AA,11298,781.00),(AA,13204,750.00)]"
2025-04-04 00:00:00,1,11298,74616,11758,14.861088774525571,1766.0,"[(AA,13303,1766.00),(OH,11953,1500.00),(AA,12173,1490.00),(AA,13930,1419.00),(B6,10721,1412.00),(AA,13303,1322.00),(OH,12217,1318.00),(AA,14492,1272.00),(OH,12992,1198.00),(AA,13244,1175.00),(OH,12217,1172.00),(AA,11638,1147.00),(AA,12094,1144.00),(AA,13851,1098.00),(AA,14193,1078.00),(OH,12448,1058.00),(DL,10397,1021.00),(OH,13277,1020.00),(DL,12953,995.00),(OH,12278,983.00)]"
2025-04-04 00:00:00,2,10397,73858,10334,12.912927509545344,1300.0,"[(AA,13303,1300.00),(B6,10721,1204.00),(DL,14747,1188.00),(DL,12478,1106.00),(AA,11298,1095.00),(DL,12892,1062.00),(DL,12892,1061.00),(DL,14908,1036.00),(DL,12217,993.00),(DL,14747,977.00),(DL,14771,976.00),(F9,11618,972.00),(F9,13303,968.00),(DL,12889,963.00),(DL,10792,921.00),(F9,13204,920.00),(DL,14689,906.00),(DL,10208,888.00),(AA,12892,874.00),(OO,14696,852.00)]"
2025-04-04 00:00:00,3,11292,75836,10120,11.98192151484783,1899.0,"[(AA,14107,1899.00),(AA,11057,1489.00),(B6,10721,1458.00),(AA,11298,1123.00),(OO,11921,1120.00),(OO,11315,1087.00),(MQ,14107,998.00),(OO,12280,990.00),(OO,14877,986.00),(OO,10713,977.00),(OO,12177,975.00),(F9,10397,940.00),(OO,12896,940.00),(OO,14457,931.00),(F9,12889,925.00),(UA,12441,914.00),(AA,11057,910.00),(OO,13158,910.00),(DL,12953,901.00),(OO,12892,897.00)]"
2025-04-04 00:00:00,4,13930,67306,9952,14.28513059756931,1986.0,"[(AA,14100,1986.00),(AA,12441,1546.00),(OO,14877,1320.00),(F9,11292,1273.00),(B6,10721,1240.00),(AA,14100,1167.00),(AA,13495,1112.00),(MQ,13459,1052.00),(AA,11278,1051.00),(B6,12478,1018.00),(OO,13282,1014.00),(OO,13184,1012.00),(OO,15370,999.00),(OO,13871,998.00),(NK,10397,977.00),(OO,12559,964.00),(AA,10423,945.00),(OO,10693,933.00),(AA,11278,926.00),(DL,14869,911.00)]"
2025-04-04 00:00:00,5,11057,50469,6700,11.635419762626563,1279.0,"[(AA,15016,1279.00),(AA,10257,1233.00),(F9,11298,1203.00),(AA,14100,1148.00),(AA,11278,1113.00),(DL,10397,1041.00),(AA,12478,1030.00),(OH,11973,1026.00),(DL,13487,986.00),(AA,10257,934.00),(DL,10397,913.00),(UA,11618,897.00),(OH,14685,865.00),(OH,11252,835.00),(MQ,12992,833.00),(AA,11624,794.00),(OH,15249,776.00),(AA,11433,754.00),(OH,11996,748.00),(AA,12323,738.00)]"
2025-04-04 00:00:00,6,11278,33987,6150,17.3930032071086,1587.0,"[(AA,13930,1587.00),(AA,11298,1316.00),(OH,10581,1173.00),(AA,14635,1165.00),(DL,10397,1160.00),(UA,12266,1160.00),(OH,10257,1157.00),(AA,11298,1141.00),(AA,15304,1118.00),(OH,10781,1110.00),(UA,13930,1093.00),(DL,11433,1092.00),(OH,10781,1051.00),(DL,12892,1031.00),(DL,10397,995.00),(B6,14027,976.00),(F9,11292,968.00),(DL,11433,954.00),(UA,14771,949.00),(UA,12266,944.00)]"
2025-04-04 00:00:00,7,12889,46662,5623,9.643757232866143,2315.0,"[(AA,11298,2315.00),(OO,14893,1266.00),(G4,14457,1194.00),(DL,12478,1094.00),(G4,11193,1042.00),(DL,10397,1030.00),(G4,14314,1030.00),(G4,10408,964.00),(G4,11193,964.00),(G4,13367,952.00),(DL,12478,942.00),(G4,10666,942.00),(F9,13232,896.00),(AA,13930,893.00),(UA,11618,870.00),(AA,14107,868.00),(B6,12478,866.00),(AA,11298,853.00),(F9,11292,838.00),(F9,14107,826.00)]"
2025-04-04 00:00:00,8,14107,52094,5502,8.207682266671785,1163.0,"[(B6,11697,1163.00),(AA,12173,1159.00),(AA,10693,996.00),(OO,10713,972.00),(DL,14869,963.00),(AA,10397,931.00),(AA,10423,891.00),(F9,13930,871.00),(AA,14262,867.00),(AA,11066,861.00),(AA,13487,855.00),(OO,11695,849.00),(AA,12173,829.00),(AA,12889,820.00),(OO,14698,796.00),(OO,10561,793.00),(OO,13158,768.00),(AA,10423,767.00),(OO,11003,754.00),(AA,14893,736.00)]"
2025-04-04 00:00:00,9,13204,41499,5339,12.020723390925083,1305.0,"[(AA,13930,1305.00),(DL,11433,1196.00),(AA,13930,1186.00),(AA,11057,1151.00),(DL,12478,1073.00),(AA,13303,1019.00),(DL,11193,1014.00),(DL,11433,1000.00),(AA,14107,986.00),(AA,11278,959.00),(UA,12892,950.00),(AA,13930,945.00),(AA,14100,910.00),(UA,13930,904.00),(UA,12266,902.00),(DL,14492,899.00),(DL,12892,896.00),(AA,12892,887.00),(DL,14869,883.00),(AA,11278,878.00)]"
2025-04-04 00:00:00,10,13303,31027,4776,15.363103103748347,1478.0,"[(AA,10423,1478.00),(F9,11193,1242.00),(AA,10994,1217.00),(DL,13487,1114.00),(AA,14107,1050.00),(UA,12266,1030.00),(F9,14100,1008.00),(B6,10721,977.00),(DL,10721,973.00),(DL,12478,925.00),(YX,12992,925.00),(AA,14107,920.00),(DL,12953,907.00),(B6,12478,870.00),(DL,11433,861.00),(AA,12266,860.00),(DL,10397,842.00),(AA,14747,823.00),(YX,10257,820.00),(AA,11298,781.00)]"
2025-04-05 00:00:00,1,11298,75459,12052,15.078956784478988,1766.0,"[(AA,13303,1766.00),(OH,11953,1500.00),(AA,12173,1490.00),(AA,13930,1419.00),(B6,10721,1412.00),(AA,13303,1322.00),(OH,12217,1318.00),(AA,14492,1272.00),(OH,12992,1198.00),(AA,13244,1175.00),(OH,12217,1172.00),(AA,11638,1147.00),(AA,12094,1144.00),(AA,13851,1098.00),(AA,14193,1078.00),(OH,12448,1058.00),(DL,10397,1021.00),(OH,13277,1020.00),(AA,11057,1003.00),(DL,12953,995.00)]"
2025-04-05 00:00:00,2,10397,74758,10458,12.922148800128415,1300.0,"[(AA,13303,1300.00),(B6,10721,1204.00),(DL,14747,1188.00),(DL,12478,1106.00),(AA,11298,1095.00),(DL,12892,1062.00),(DL,12892,1061.00),(DL,14908,1036.00),(DL,12217,993.00),(DL,14747,977.00),(DL,14771,976.00),(F9,11618,972.00),(F9,13303,968.00),(DL,12889,963.00),(DL,10792,921.00),(F9,13204,920.00),(DL,14689,906.00),(DL,10208,888.00),(AA,12892,874.00),(OO,14696,852.00)]"
2025-04-05 00:00:00,3,11292,76709,10359,12.118969090980197,1899.0,"[(AA,14107,1899.00),(AA,11057,1489.00),(B6,10721,1458.00),(AA,11298,1123.00),(OO,11921,1120.00),(OO,11315,1087.00),(MQ,14107,998.00),(OO,12280,990.00),(OO,14877,986.00),(OO,10713,977.00),(OO,12177,975.00),(F9,10397,940.00),(OO,12896,940.00),(OO,14457,931.00),(F9,12889,925.00),(UA,12441,914.00),(AA,11057,910.00),(OO,13158,910.00),(DL,12953,901.00),(OO,12892,897.00)]"
2025-04-05 00:00:00,4,13930,68214,10105,14.285322661037323,1986.0,"[(AA,14100,1986.00),(AA,12441,1546.00),(OO,14877,1320.00),(F9,11292,1273.00),(B6,10721,1240.00),(AA,14100,1167.00),(AA,13495,1112.00),(MQ,13459,1052.00),(AA,11278,1051.00),(B6,12478,1018.00),(OO,13282,1014.00),(OO,13184,1012.00),(OO,15370,999.00),(OO,13871,998.00),(NK,10397,977.00),(OO,12559,964.00),(AA,10423,945.00),(OO,10693,933.00),(AA,11278,926.00),(DL,14869,911.00)]"
2025-04-05 00:00:00,5,11057,51049,6799,11.710121647828556,1279.0,"[(AA,15016,1279.00),(AA,10257,1233.00),(F9,11298,1203.00),(AA,14100,1148.00),(AA,11278,1113.00),(DL,10397,1041.00),(AA,12478,1030.00),(OH,11973,1026.00),(DL,13487,986.00),(AA,10257,934.00),(DL,10397,913.00),(UA,11618,897.00),(OH,14685,865.00),(OH,11252,835.00),(MQ,12992,833.00),(OH,11823,813.00),(AA,11624,794.00),(OH,15249,776.00),(AA,11433,754.00),(OH,11996,748.00)]"
2025-04-05 00:00:00,6,11278,34399,6216,17.335213232942817,1587.0,"[(AA,13930,1587.00),(AA,11298,1316.00),(OH,10581,1173.00),(AA,14635,1165.00),(DL,10397,1160.00),(UA,12266,1160.00),(OH,10257,1157.00),(AA,11298,1141.00),(AA,15304,1118.00),(OH,10781,1110.00),(UA,13930,1093.00),(DL,11433,1092.00),(OH,10781,1051.00),(DL,12892,1031.00),(DL,10397,995.00),(B6,14027,976.00),(F9,11292,968.00),(DL,11433,954.00),(UA,14771,949.00),(UA,12266,944.00)]"
2025-04-05 00:00:00,7,12889,47239,5878,10.079447067042063,2315.0,"[(AA,11298,2315.00),(OO,14893,1266.00),(G4,14457,1194.00),(DL,12478,1094.00),(G4,11193,1042.00),(DL,10397,1030.00),(G4,14314,1030.00),(G4,10408,964.00),(G4,11193,964.00),(G4,13367,952.00),(DL,12478,942.00),(G4,10666,942.00),(F9,13232,896.00),(AA,13930,893.00),(UA,11618,870.00),(AA,14107,868.00),(B6,12478,866.00),(AA,11298,853.00),(F9,11292,838.00),(F9,14107,826.00)]"
2025-04-05 00:00:00,8,14107,52730,5608,8.266451735255073,1163.0,"[(B6,11697,1163.00),(AA,12173,1159.00),(AA,10693,996.00),(OO,10713,972.00),(DL,14869,963.00),(AA,10397,931.00),(AA,10423,891.00),(F9,13930,871.00),(AA,14262,867.00),(AA,11066,861.00),(AA,13487,855.00),(OO,11695,849.00),(AA,12173,829.00),(AA,12889,820.00),(OO,14698,796.00),(OO,10561,793.00),(OO,14771,781.00),(OO,13158,768.00),(AA,10423,767.00),(OO,11003,754.00)]"
2025-04-05 00:00:00,9,13204,41994,5411,12.015311711196837,1305.0,"[(AA,13930,1305.00),(DL,11433,1196.00),(AA,13930,1186.00),(AA,11057,1151.00),(DL,12478,1073.00),(AA,13303,1019.00),(DL,11193,1014.00),(DL,11433,1000.00),(AA,14107,986.00),(AA,11278,959.00),(UA,12892,950.00),(AA,13930,945.00),(AA,14100,910.00),(UA,13930,904.00),(UA,12266,902.00),(DL,14492,899.00),(DL,12892,896.00),(AA,12892,887.00),(DL,14869,883.00),(AA,11278,878.00)]"
2025-04-05 00:00:00,10,13303,31364,4844,15.43192832546869,1478.0,"[(AA,10423,1478.00),(F9,11193,1242.00),(AA,10994,1217.00),(DL,13487,1114.00),(AA,14107,1050.00),(UA,12266,1030.00),(F9,14100,1008.00),(B6,10721,977.00),(DL,10721,973.00),(DL,12478,925.00),(YX,12992,925.00),(AA,14107,920.00),(DL,12953,907.00),(B6,12478,870.00),(DL,11433,861.00),(AA,12266,860.00),(DL,10397,842.00),(AA,14747,823.00),(YX,10257,820.00),(AA,11298,781.00)]"
2025-04-06 00:00:00,1,11298,76081,12439,15.46951275614148,1766.0,"[(AA,13303,1766.00),(OH,11953,1500.00),(AA,12173,1490.00),(AA,13930,1419.00),(B6,10721,1412.00),(AA,13303,1322.00),(OH,12217,1318.00),(AA,14492,1272.00),(OH,12992,1198.00),(AA,13244,1175.00),(OH,12217,1172.00),(AA,11638,1147.00),(AA,12094,1144.00),(AA,13851,1098.00),(AA,14193,1078.00),(OH,12448,1058.00),(DL,10397,1021.00),(OH,13277,1020.00),(AA,11057,1003.00),(DL,12953,995.00)]"
2025-04-06 00:00:00,2,10397,75512,10624,12.98908782710033,1300.0,"[(AA,13303,1300.00),(B6,10721,1204.00),(DL,14747,1188.00),(DL,12478,1106.00),(AA,11298,1095.00),(DL,12892,1062.00),(DL,12892,1061.00),(DL,14908,1036.00),(DL,12217,993.00),(DL,14747,977.00),(DL,14771,976.00),(F9,11618,972.00),(F9,13303,968.00),(DL,12889,963.00),(DL,10792,921.00),(F9,13204,920.00),(DL,14689,906.00),(DL,10208,888.00),(AA,12892,874.00),(OO,14696,852.00)]"
2025-04-06 00:00:00,3,11292,77496,10465,12.106715185299887,1899.0,"[(AA,14107,1899.00),(AA,11057,1489.00),(B6,10721,1458.00),(AA,11298,1123.00),(OO,11921,1120.00),(OO,11315,1087.00),(MQ,14107,998.00),(OO,12280,990.00),(OO,14877,986.00),(OO,10713,977.00),(OO,12177,975.00),(F9,10397,940.00),(OO,12896,940.00),(OO,14457,931.00),(F9,12889,925.00),(UA,12441,914.00),(AA,11057,910.00),(OO,13158,910.00),(DL,12953,901.00),(OO,12892,897.00)]"
2025-04-06 00:00:00,4,13930,69029,10211,14.249518318387924,1986.0,"[(AA,14100,1986.00),(AA,12441,1546.00),(OO,14877,1320.00),(F9,11292,1273.00),(B6,10721,1240.00),(AA,14100,1167.00),(AA,13495,1112.00),(MQ,13459,1052.00),(AA,11278,1051.00),(B6,12478,1018.00),(OO,13282,1014.00),(OO,13184,1012.00),(OO,15370,999.00),(OO,13871,998.00),(NK,10397,977.00),(OO,12559,964.00),(AA,10423,945.00),(OO,10693,933.00),(AA,11278,926.00),(DL,14869,911.00)]"
2025-04-06 00:00:00,5,11057,51575,6897,11.759806107610276,1279.0,"[(AA,15016,1279.00),(AA,10257,1233.00),(F9,11298,1203.00),(AA,14100,1148.00),(AA,11278,1113.00),(DL,10397,1041.00),(AA,12478,1030.00),(OH,11973,1026.00),(DL,13487,986.00),(AA,10257,934.00),(DL,10397,913.00),(UA,11618,897.00),(OH,14685,865.00),(OH,11252,835.00),(MQ,12992,833.00),(OH,11823,813.00),(AA,11624,794.00),(OH,15249,776.00),(AA,11433,754.00),(OH,11996,748.00)]"
2025-04-06 00:00:00,6,11278,34710,6250,17.26341112071449,1587.0,"[(AA,13930,1587.00),(AA,11298,1316.00),(OH,10581,1173.00),(AA,14635,1165.00),(DL,10397,1160.00),(UA,12266,1160.00),(OH,10257,1157.00),(AA,11298,1141.00),(AA,15304,1118.00),(OH,10781,1110.00),(UA,13930,1093.00),(DL,11433,1092.00),(OH,10781,1051.00),(DL,10397,1040.00),(DL,12892,1031.00),(DL,10397,995.00),(B6,14027,976.00),(F9,11292,968.00),(DL,11433,954.00),(UA,14771,949.00)]"
2025-04-06 00:00:00,7,12889,47687,5947,10.119634281879758,2315.0,"[(AA,11298,2315.00),(OO,14893,1266.00),(G4,14457,1194.00),(DL,12478,1094.00),(G4,11193,1042.00),(DL,10397,1030.00),(G4,14314,1030.00),(G4,10408,964.00),(G4,11193,964.00),(G4,13367,952.00),(DL,12478,942.00),(G4,10666,942.00),(F9,13232,896.00),(AA,13930,893.00),(UA,11618,870.00),(AA,14107,868.00),(B6,12478,866.00),(AA,11298,853.00),(F9,11292,838.00),(F9,14107,826.00)]"
2025-04-06 00:00:00,8,14107,53312,5683,8.302333433373349,1163.0,"[(B6,11697,1163.00),(AA,12173,1159.00),(AA,10693,996.00),(OO,10713,972.00),(DL,14869,963.00),(AA,10397,931.00),(AA,10423,891.00),(F9,13930,871.00),(AA,14262,867.00),(AA,11066,861.00),(AA,13487,855.00),(OO,11695,849.00),(AA,12173,829.00),(AA,12889,820.00),(OO,14698,796.00),(OO,10561,793.00),(OO,14771,781.00),(OO,13158,768.00),(AA,10423,767.00),(OO,11003,754.00)]"
2025-04-06 00:00:00,9,13204,42517,5510,12.063950890232142,1305.0,"[(AA,13930,1305.00),(DL,11433,1196.00),(AA,13930,1186.00),(AA,11057,1151.00),(DL,12478,1073.00),(AA,13303,1019.00),(DL,11193,1014.00),(DL,11433,1000.00),(AA,14107,986.00),(AA,11278,959.00),(UA,12892,950.00),(AA,13930,945.00),(AA,14100,910.00),(UA,13930,904.00),(UA,12266,902.00),(DL,14492,899.00),(DL,12892,896.00),(AA,12892,887.00),(DL,14869,883.00),(AA,11278,878.00)]"
2025-04-06 00:00:00,10,13303,31704,4942,15.59863108755993,1478.0,"[(AA,10423,1478.00),(F9,11193,1242.00),(AA,10994,1217.00),(DL,13487,1114.00),(AA,14107,1050.00),(UA,12266,1030.00),(F9,14100,1008.00),(B6,10721,977.00),(DL,10721,973.00),(DL,12478,925.00),(YX,12992,925.00),(AA,14107,920.00),(AA,14107,911.00),(DL,12953,907.00),(B6,12478,870.00),(DL,11433,861.00),(AA,12266,860.00),(DL,10397,842.00),(AA,14747,823.00),(YX,10257,820.00)]"
2025-04-07 00:00:00,1,11298,76945,12623,15.497732146338294,1766.0,"[(AA,13303,1766.00),(OH,11953,1500.00),(AA,12173,1490.00),(AA,13930,1419.00),(B6,10721,1412.00),(AA,13303,1322.00),(OH,12217,1318.00),(AA,14492,1272.00),(OH,12992,1198.00),(AA,13244,1175.00),(OH,12217,1172.00),(AA,11638,1147.00),(AA,12094,1144.00),(AA,13851,1098.00),(AA,14193,1078.00),(OH,12448,1058.00),(DL,10397,1021.00),(OH,13277,1020.00),(AA,11057,1003.00),(DL,12953,995.00)]"
2025-04-07 00:00:00,2,10397,76309,11052,13.6900234572593,1300.0,"[(AA,13303,1300.00),(B6,10721,1204.00),(DL,14747,1188.00),(DL,12478,1106.00),(AA,11298,1095.00),(DL,12892,1062.00),(DL,12892,1061.00),(DL,14908,1036.00),(DL,12217,993.00),(DL,14747,977.00),(DL,14771,976.00),(F9,11618,972.00),(F9,13303,968.00),(DL,12889,963.00),(DL,10792,921.00),(F9,13204,920.00),(DL,14689,906.00),(DL,10208,888.00),(AA,12892,874.00),(OO,14696,852.00)]"
2025-04-07 00:00:00,3,11292,78354,10575,12.073308318656354,1899.0,"[(AA,14107,1899.00),(AA,11057,1489.00),(B6,10721,1458.00),(AA,11298,1123.00),(OO,11921,1120.00),(OO,11315,1087.00),(MQ,14107,998.00),(OO,12280,990.00),(OO,14877,986.00),(OO,10713,977.00),(OO,12177,975.00),(F9,10397,940.00),(OO,12896,940.00),(OO,14457,931.00),(F9,12889,925.00),(UA,12441,914.00),(AA,11057,910.00),(OO,13158,910.00),(DL,12953,901.00),(OO,12892,897.00)]"
2025-04-07 00:00:00,4,13930,69937,10356,14.265195819094327,1986.0,"[(AA,14100,1986.00),(AA,12441,1546.00),(OO,14877,1320.00),(F9,11292,1273.00),(B6,10721,1240.00),(AA,14100,1167.00),(AA,13495,1112.00),(MQ,13459,1052.00),(AA,11278,1051.00),(DL,14869,1025.00),(B6,12478,1018.00),(OO,13282,1014.00),(OO,13184,1012.00),(OO,15370,999.00),(OO,13871,998.00),(NK,10397,977.00),(OO,12559,964.00),(AA,10423,945.00),(OO,10693,933.00),(AA,11278,926.00)]"
2025-04-07 00:00:00,5,11057,52145,7040,11.892933167130117,1279.0,"[(AA,15016,1279.00),(AA,10257,1233.00),(F9,11298,1203.00),(AA,14100,1148.00),(AA,11278,1113.00),(DL,10397,1041.00),(AA,12478,1030.00),(OH,11973,1026.00),(DL,13487,986.00),(AA,10257,934.00),(DL,10397,913.00),(UA,11618,897.00),(OH,14685,865.00),(OH,11252,835.00),(MQ,12992,833.00),(OH,11823,813.00),(AA,11624,794.00),(OH,15249,776.00),(AA,11433,754.00),(OH,11996,748.00)]"
2025-04-07 00:00:00,6,11278,35109,6323,17.242103164430773,1587.0,"[(AA,13930,1587.00),(AA,11298,1316.00),(OH,10581,1173.00),(AA,14635,1165.00),(DL,10397,1160.00),(UA,12266,1160.00),(OH,10257,1157.00),(AA,11298,1141.00),(AA,15304,1118.00),(OH,10781,1110.00),(UA,13930,1093.00),(DL,11433,1092.00),(OH,10781,1051.00),(DL,10397,1040.00),(DL,12892,1031.00),(DL,10397,995.00),(B6,14027,976.00),(F9,11292,968.00),(DL,11433,954.00),(UA,14771,949.00)]"
2025-04-07 00:00:00,7,12889,48255,6021,10.15956895658481,2315.0,"[(AA,11298,2315.00),(OO,14893,1266.00),(G4,14457,1194.00),(DL,12478,1094.00),(G4,11193,1042.00),(DL,10397,1030.00),(G4,14314,1030.00),(G4,10408,964.00),(G4,11193,964.00),(G4,13367,952.00),(DL,12478,942.00),(G4,10666,942.00),(F9,13232,896.00),(AA,13930,893.00),(UA,11618,870.00),(AA,14107,868.00),(B6,12478,866.00),(DL,12892,859.00),(AA,11298,853.00),(F9,11292,838.00)]"
2025-04-07 00:00:00,8,14107,53926,5777,8.35641434558469,1163.0,"[(B6,11697,1163.00),(AA,12173,1159.00),(AA,10693,996.00),(OO,10713,972.00),(DL,14869,963.00),(AA,10397,931.00),(AA,10423,891.00),(F9,13930,871.00),(AA,14262,867.00),(AA,11066,861.00),(AA,13487,855.00),(OO,11695,849.00),(AA,12173,829.00),(AA,12889,820.00),(OO,14698,796.00),(OO,10561,793.00),(OO,14771,781.00),(OO,13158,768.00),(AA,10423,767.00),(OO,11003,754.00)]"
2025-04-07 00:00:00,9,13204,43021,5582,12.117523999907021,1305.0,"[(AA,13930,1305.00),(DL,11433,1196.00),(AA,13930,1186.00),(AA,11057,1151.00),(DL,12478,1073.00),(AA,13303,1019.00),(DL,11193,1014.00),(DL,11433,1000.00),(AA,14107,986.00),(AA,11278,959.00),(UA,12892,950.00),(AA,13930,945.00),(AA,14100,910.00),(UA,13930,904.00),(UA,12266,902.00),(DL,14492,899.00),(DL,12892,896.00),(AA,12892,887.00),(DL,14869,883.00),(AA,11278,878.00)]"
2025-04-07 00:00:00,10,13303,32051,5010,15.636984805466287,1478.0,"[(AA,10423,1478.00),(F9,11193,1242.00),(AA,10994,1217.00),(DL,13487,1114.00),(AA,14107,1050.00),(UA,12266,1030.00),(F9,14100,1008.00),(B6,10721,977.00),(DL,10721,973.00),(DL,12478,925.00),(YX,12992,925.00),(AA,14107,920.00),(AA,14107,911.00),(DL,12953,907.00),(B6,12478,870.00),(DL,11433,861.00),(AA,12266,860.00),(DL,10397,842.00),(AA,14747,823.00),(YX,10257,820.00)]"
2025-04-08 00:00:00,1,11298,77819,12767,15.473020727585808,1766.0,"[(AA,13303,1766.00),(OH,11953,1500.00),(AA,12173,1490.00),(AA,13930,1419.00),(B6,10721,1412.00),(AA,13303,1322.00),(OH,12217,1318.00),(AA,14492,1272.00),(OH,12992,1198.00),(AA,13244,1175.00),(OH,12217,1172.00),(AA,11638,1147.00),(AA,12094,1144.00),(AA,13851,1098.00),(AA,14193,1078.00),(OH,12448,1058.00),(DL,10397,1021.00),(OH,13277,1020.00),(AA,11057,1003.00),(DL,12953,995.00)]"
2025-04-08 00:00:00,2,10397,77193,11477,14.017035223401086,1300.0,"[(AA,13303,1300.00),(B6,10721,1204.00),(DL,14747,1188.00),(DL,12478,1106.00),(AA,11298,1095.00),(DL,12892,1062.00),(DL,12892,1061.00),(DL,14908,1036.00),(DL,12217,993.00),(DL,14747,977.00),(DL,14771,976.00),(F9,11618,972.00),(F9,13303,968.00),(DL,12889,963.00),(DL,10792,921.00),(F9,13204,920.00),(DL,14689,906.00),(DL,10208,888.00),(AA,12892,874.00),(OO,14696,852.00)]"
2025-04-08 00:00:00,3,11292,79232,10659,12.003937802907917,1899.0,"[(AA,14107,1899.00),(AA,11057,1489.00),(B6,10721,1458.00),(AA,11298,1123.00),(OO,11921,1120.00),(OO,11315,1087.00),(MQ,14107,998.00),(OO,12280,990.00),(OO,14877,986.00),(OO,10713,977.00),(OO,12177,975.00),(F9,10397,940.00),(OO,12896,940.00),(OO,14457,931.00),(F9,12889,925.00),(UA,12441,914.00),(AA,11057,910.00),(OO,13158,910.00),(DL,12953,901.00),(OO,12892,897.00)]"
2025-04-08 00:00:00,4,13930,70852,10494,14.23307740077909,1986.0,"[(AA,14100,1986.00),(AA,12441,1546.00),(OO,14877,1320.00),(F9,11292,1273.00),(B6,10721,1240.00),(AA,14100,1167.00),(AA,13495,1112.00),(MQ,13459,1052.00),(AA,11278,1051.00),(DL,14869,1025.00),(B6,12478,1018.00),(OO,13282,1014.00),(OO,13184,1012.00),(OO,15370,999.00),(OO,13871,998.00),(NK,10397,977.00),(OO,12559,964.00),(AA,10423,945.00),(OO,10693,933.00),(AA,11278,926.00)]"
2025-04-08 00:00:00,5,11057,52724,7218,12.110082694787952,1279.0,"[(AA,15016,1279.00),(AA,10257,1233.00),(F9,11298,1203.00),(AA,14100,1148.00),(AA,11278,1113.00),(DL,10397,1041.00),(AA,12478,1030.00),(OH,11973,1026.00),(DL,13487,986.00),(AA,10257,934.00),(DL,10397,913.00),(UA,11618,897.00),(OH,14685,865.00),(AA,11292,845.00),(OH,11252,835.00),(MQ,12992,833.00),(OH,11823,813.00),(AA,11624,794.00),(OH,15249,776.00),(AA,11433,754.00)]"
2025-04-08 00:00:00,6,11278,35518,6423,17.37941325525086,1587.0,"[(AA,13930,1587.00),(AA,11298,1316.00),(OH,10581,1173.00),(AA,14635,1165.00),(DL,10397,1160.00),(UA,12266,1160.00),(OH,10257,1157.00),(AA,11298,1141.00),(AA,15304,1118.00),(OH,10781,1110.00),(UA,13930,1093.00),(DL,11433,1092.00),(OH,10781,1051.00),(DL,10397,1040.00),(DL,12892,1031.00),(DL,10397,995.00),(B6,14027,976.00),(F9,11292,968.00),(DL,11433,954.00),(UA,14771,949.00)]"
2025-04-08 00:00:00,7,12889,48837,6066,10.086164178798862,2315.0,"[(AA,11298,2315.00),(OO,14893,1266.00),(G4,14457,1194.00),(DL,12478,1094.00),(G4,11193,1042.00),(DL,10397,1030.00),(G4,14314,1030.00),(G4,10408,964.00),(G4,11193,964.00),(G4,13367,952.00),(DL,12478,942.00),(G4,10666,942.00),(F9,13232,896.00),(AA,13930,893.00),(UA,11618,870.00),(AA,14107,868.00),(B6,12478,866.00),(DL,12892,859.00),(AA,11298,853.00),(F9,11292,838.00)]"
2025-04-08 00:00:00,8,14107,54572,5832,8.334054093674412,1163.0,"[(B6,11697,1163.00),(AA,12173,1159.00),(AA,10693,996.00),(OO,10713,972.00),(DL,14869,963.00),(AA,10397,931.00),(AA,10423,891.00),(F9,13930,871.00),(AA,14262,867.00),(AA,11066,861.00),(AA,13487,855.00),(OO,11695,849.00),(AA,12173,829.00),(AA,12889,820.00),(OO,14698,796.00),(OO,10561,793.00),(OO,14771,781.00),(OO,13158,768.00),(AA,10423,767.00),(OO,11003,754.00)]"
2025-04-08 00:00:00,9,13204,43514,5673,12.155030564875672,1305.0,"[(AA,13930,1305.00),(DL,11433,1196.00),(AA,13930,1186.00),(AA,11057,1151.00),(DL,12478,1073.00),(AA,13303,1019.00),(DL,11193,1014.00),(DL,11433,1000.00),(AA,14107,986.00),(AA,11278,959.00),(UA,12892,950.00),(AA,13930,945.00),(AA,14100,910.00),(UA,13930,904.00),(UA,12266,902.00),(DL,14492,899.00),(DL,12892,896.00),(AA,12892,887.00),(DL,14869,883.00),(AA,11278,878.00)]"
2025-04-08 00:00:00,10,13303,32386,5083,15.693046378064595,1478.0,"[(AA,10423,1478.00),(F9,11193,1242.00),(AA,10994,1217.00),(DL,13487,1114.00),(AA,14107,1050.00),(UA,12266,1030.00),(F9,14100,1008.00),(B6,10721,977.00),(DL,10721,973.00),(DL,12478,925.00),(YX,12992,925.00),(AA,14107,920.00),(AA,14107,911.00),(DL,12953,907.00),(B6,12478,870.00),(DL,11433,861.00),(AA,12266,860.00),(DL,10397,842.00),(AA,14747,823.00),(YX,10257,820.00)]"
2025-04-09 00:00:00,1,11298,78665,12825,15.338676666878536,1766.0,"[(AA,13303,1766.00),(OH,11953,1500.00),(AA,12173,1490.00),(AA,13930,1419.00),(B6,10721,1412.00),(AA,13303,1322.00),(OH,12217,1318.00),(AA,14492,1272.00),(OH,12992,1198.00),(AA,13244,1175.00),(OH,12217,1172.00),(AA,11638,1147.00),(AA,12094,1144.00),(AA,13851,1098.00),(AA,14193,1078.00),(OH,12448,1058.00),(DL,10397,1021.00),(OH,13277,1020.00),(AA,11057,1003.00),(DL,12953,995.00)]"
2025-04-09 00:00:00,2,10397,77998,11593,14.008897664042667,1300.0,"[(AA,13303,1300.00),(B6,10721,1204.00),(DL,14747,1188.00),(DL,12478,1106.00),(AA,11298,1095.00),(DL,12892,1062.00),(DL,12892,1061.00),(DL,14908,1036.00),(DL,12217,993.00),(DL,14747,977.00),(DL,14771,976.00),(F9,11618,972.00),(F9,13303,968.00),(DL,12889,963.00),(DL,10792,921.00),(F9,13204,920.00),(DL,14689,906.00),(DL,10208,888.00),(AA,12892,874.00),(OO,14696,852.00)]"
2025-04-09 00:00:00,3,11292,80041,10715,11.911795204957459,1899.0,"[(AA,14107,1899.00),(AA,11057,1489.00),(B6,10721,1458.00),(AA,11298,1123.00),(OO,11921,1120.00),(OO,11315,1087.00),(MQ,14107,998.00),(OO,12280,990.00),(OO,14877,986.00),(OO,10713,977.00),(OO,12177,975.00),(F9,10397,940.00),(OO,12896,940.00),(OO,14457,931.00),(F9,12889,925.00),(UA,12441,914.00),(AA,11057,910.00),(OO,13158,910.00),(DL,12953,901.00),(OO,12892,897.00)]"
2025-04-09 00:00:00,4,13930,71693,10555,14.090218012916184,1986.0,"[(AA,14100,1986.00),(AA,12441,1546.00),(OO,14877,1320.00),(F9,11292,1273.00),(B6,10721,1240.00),(AA,14100,1167.00),(AA,13495,1112.00),(MQ,13459,1052.00),(AA,11278,1051.00),(DL,14869,1025.00),(B6,12478,1018.00),(OO,13282,1014.00),(OO,13184,1012.00),(OO,15370,999.00),(OO,13871,998.00),(NK,10397,977.00),(OO,12559,964.00),(AA,10423,945.00),(OO,10693,933.00),(AA,11278,926.00)]"
2025-04-09 00:00:00,5,11057,53268,7266,12.05470451302846,1279.0,"[(AA,15016,1279.00),(AA,10257,1233.00),(F9,11298,1203.00),(AA,14100,1148.00),(AA,11278,1113.00),(DL,10397,1041.00),(AA,12478,1030.00),(OH,11973,1026.00),(DL,13487,986.00),(AA,10257,934.00),(DL,10397,913.00),(UA,11618,897.00),(OH,14685,865.00),(AA,11292,845.00),(OH,11252,835.00),(MQ,12992,833.00),(OH,11823,813.00),(AA,11624,794.00),(OH,15249,776.00),(AA,11433,754.00)]"
2025-04-09 00:00:00,6,11278,35928,6484,17.274604765085726,1587.0,"[(AA,13930,1587.00),(AA,11298,1316.00),(OH,10581,1173.00),(AA,14635,1165.00),(DL,10397,1160.00),(UA,12266,1160.00),(OH,10257,1157.00),(AA,11298,1141.00),(AA,15304,1118.00),(OH,10781,1110.00),(UA,13930,1093.00),(DL,11433,1092.00),(OH,10781,1051.00),(DL,10397,1040.00),(DL,12892,1031.00),(DL,10397,995.00),(B6,14027,976.00),(F9,11292,968.00),(DL,11433,954.00),(UA,14771,949.00)]"
2025-04-09 00:00:00,7,12889,49317,6086,9.992355577184338,2315.0,"[(AA,11298,2315.00),(OO,14893,1266.00),(G4,14457,1194.00),(DL,12478,1094.00),(G4,11193,1042.00),(DL,10397,1030.00),(G4,14314,1030.00),(G4,10408,964.00),(G4,11193,964.00),(G4,13367,952.00),(DL,12478,942.00),(G4,10666,942.00),(F9,13232,896.00),(AA,13930,893.00),(UA,11618,870.00),(AA,14107,868.00),(B6,12478,866.00),(DL,12892,859.00),(AA,11298,853.00),(F9,11292,838.00)]"
2025-04-09 00:00:00,8,14107,55150,5881,8.289374433363554,1163.0,"[(B6,11697,1163.00),(AA,12173,1159.00),(AA,10693,996.00),(OO,10713,972.00),(DL,14869,963.00),(AA,10397,931.00),(AA,10423,891.00),(F9,13930,871.00),(AA,14262,867.00),(AA,11066,861.00),(AA,13487,855.00),(OO,11695,849.00),(AA,12173,829.00),(AA,12889,820.00),(OO,14698,796.00),(OO,10561,793.00),(OO,14771,781.00),(OO,13158,768.00),(AA,10423,767.00),(OO,11003,754.00)]"
2025-04-09 00:00:00,9,13204,43960,5732,12.166060054595086,1305.0,"[(AA,13930,1305.00),(DL,11433,1196.00),(AA,13930,1186.00),(AA,14100,1156.00),(AA,11057,1151.00),(DL,12478,1073.00),(AA,13303,1019.00),(DL,11193,1014.00),(DL,11433,1000.00),(AA,14107,986.00),(AA,11278,959.00),(UA,12892,950.00),(AA,13930,945.00),(AA,14100,910.00),(UA,13930,904.00),(UA,12266,902.00),(DL,14492,899.00),(DL,12892,896.00),(AA,12892,887.00),(DL,14869,883.00)]"
2025-04-09 00:00:00,10,13303,32676,5210,16.137654547680256,1478.0,"[(AA,10423,1478.00),(F9,11193,1242.00),(AA,10994,1217.00),(DL,13487,1114.00),(F9,14100,1100.00),(AA,14107,1050.00),(UA,12266,1030.00),(F9,14100,1008.00),(AA,13495,987.00),(B6,10721,977.00),(DL,10721,973.00),(DL,12478,925.00),(YX,12992,925.00),(AA,14107,920.00),(AA,14107,911.00),(DL,12953,907.00),(B6,12478,870.00),(DL,11433,861.00),(AA,12266,860.00),(DL,10397,842.00)]"
2025-04-10 00:00:00,1,11298,79519,12903,15.244834567839133,1766.0,"[(AA,13303,1766.00),(OH,11953,1500.00),(AA,12173,1490.00),(AA,13930,1419.00),(B6,10721,1412.00),(AA,13303,1322.00),(OH,12217,1318.00),(AA,14492,1272.00),(OH,12992,1198.00),(AA,13244,1175.00),(OH,12217,1172.00),(AA,11638,1147.00),(AA,12094,1144.00),(AA,13851,1098.00),(AA,14193,1078.00),(OH,12448,1058.00),(DL,10397,1021.00),(OH,13277,1020.00),(AA,11057,1003.00),(DL,12953,995.00)]"
2025-04-10 00:00:00,2,10397,78806,11631,13.882991142806386,1300.0,"[(AA,13303,1300.00),(B6,10721,1204.00),(DL,14747,1188.00),(DL,12478,1106.00),(AA,11298,1095.00),(DL,12892,1062.00),(DL,12892,1061.00),(DL,14908,1036.00),(DL,12217,993.00),(DL,14747,977.00),(DL,14771,976.00),(F9,11618,972.00),(F9,13303,968.00),(DL,12889,963.00),(DL,10792,921.00),(F9,13204,920.00),(DL,14689,906.00),(DL,10208,888.00),(AA,12892,874.00),(OO,14696,852.00)]"
2025-04-10 00:00:00,3,11292,80875,10760,11.816111282843895,1899.0,"[(AA,14107,1899.00),(AA,11057,1489.00),(B6,10721,1458.00),(AA,11298,1123.00),(OO,11921,1120.00),(OO,11315,1087.00),(MQ,14107,998.00),(OO,12280,990.00),(OO,14877,986.00),(OO,10713,977.00),(OO,12177,975.00),(F9,10397,940.00),(OO,12896,940.00),(OO,14457,931.00),(F9,12889,925.00),(UA,12441,914.00),(AA,11057,910.00),(OO,13158,910.00),(DL,12953,901.00),(OO,12892,897.00)]"
2025-04-10 00:00:00,4,13930,72570,10620,13.971875430618713,1986.0,"[(AA,14100,1986.00),(AA,12441,1546.00),(OO,14877,1320.00),(F9,11292,1273.00),(B6,10721,1240.00),(AA,14100,1167.00),(AA,13495,1112.00),(MQ,13459,1052.00),(AA,11278,1051.00),(DL,14869,1025.00),(B6,12478,1018.00),(OO,13282,1014.00),(OO,13184,1012.00),(OO,15370,999.00),(OO,13871,998.00),(NK,10397,977.00),(OO,12559,964.00),(AA,10423,945.00),(OO,10693,933.00),(AA,11278,926.00)]"
2025-04-10 00:00:00,5,11057,53842,7309,11.975130938672413,1279.0,"[(AA,15016,1279.00),(AA,10257,1233.00),(F9,11298,1203.00),(AA,14100,1148.00),(AA,11278,1113.00),(DL,10397,1041.00),(AA,12478,1030.00),(OH,11973,1026.00),(DL,13487,986.00),(AA,10257,934.00),(DL,10397,913.00),(UA,11618,897.00),(OH,14685,865.00),(AA,11292,845.00),(OH,11252,835.00),(MQ,12992,833.00),(OH,11823,813.00),(AA,11624,794.00),(OH,15249,776.00),(AA,11433,754.00)]"
2025-04-10 00:00:00,6,11278,36341,6527,17.202553589609533,1587.0,"[(AA,13930,1587.00),(AA,11298,1316.00),(OH,10581,1173.00),(AA,14635,1165.00),(DL,10397,1160.00),(UA,12266,1160.00),(OH,10257,1157.00),(AA,11298,1141.00),(AA,15304,1118.00),(OH,10781,1110.00),(UA,13930,1093.00),(DL,11433,1092.00),(OH,10781,1051.00),(DL,10397,1040.00),(DL,12892,1031.00),(DL,10397,995.00),(B6,14027,976.00),(F9,11292,968.00),(DL,11433,954.00),(UA,14771,949.00)]"
2025-04-10 00:00:00,7,12889,49811,6116,9.929854851338058,2315.0,"[(AA,11298,2315.00),(OO,14893,1266.00),(G4,14457,1194.00),(DL,12478,1094.00),(G4,11193,1042.00),(DL,10397,1030.00),(G4,14314,1030.00),(G4,10408,964.00),(G4,11193,964.00),(G4,13367,952.00),(DL,12478,942.00),(G4,10666,942.00),(F9,13232,896.00),(AA,13930,893.00),(UA,11618,870.00),(AA,14107,868.00),(B6,12478,866.00),(DL,12892,859.00),(AA,11298,853.00),(F9,11292,838.00)]"
2025-04-10 00:00:00,8,14107,55740,5912,8.243344097595982,1163.0,"[(B6,11697,1163.00),(AA,12173,1159.00),(AA,10693,996.00),(OO,10713,972.00),(DL,14869,963.00),(AA,10397,931.00),(AA,10423,891.00),(F9,13930,871.00),(AA,14262,867.00),(AA,11066,861.00),(AA,13487,855.00),(OO,11695,849.00),(AA,12173,829.00),(AA,12889,820.00),(OO,14698,796.00),(OO,10561,793.00),(OO,14771,781.00),(OO,13158,768.00),(AA,10423,767.00),(OO,11003,754.00)]"
2025-04-10 00:00:00,9,13204,44391,5769,12.092203374557906,1305.0,"[(AA,13930,1305.00),(DL,11433,1196.00),(AA,13930,1186.00),(AA,14100,1156.00),(AA,11057,1151.00),(DL,12478,1073.00),(AA,13303,1019.00),(DL,11193,1014.00),(DL,11433,1000.00),(AA,14107,986.00),(AA,11278,959.00),(UA,12892,950.00),(AA,13930,945.00),(AA,14100,910.00),(UA,13930,904.00),(UA,12266,902.00),(DL,14492,899.00),(DL,12892,896.00),(AA,12892,887.00),(DL,14869,883.00)]"
2025-04-10 00:00:00,10,13303,32993,5242,16.04607037856515,1478.0,"[(AA,10423,1478.00),(F9,11193,1242.00),(AA,10994,1217.00),(DL,13487,1114.00),(F9,14100,1100.00),(AA,14107,1050.00),(UA,12266,1030.00),(F9,14100,1008.00),(AA,13495,987.00),(B6,10721,977.00),(DL,10721,973.00),(DL,12478,925.00),(YX,12992,925.00),(AA,14107,920.00),(AA,14107,911.00),(DL,12953,907.00),(B6,12478,870.00),(DL,11433,861.00),(AA,12266,860.00),(DL,10397,842.00)]"
2025-04-11 00:00:00,1,11298,80390,12989,15.1550192810051,1766.0,"[(AA,13303,1766.00),(OH,11953,1500.00),(AA,12173,1490.00),(AA,13930,1419.00),(B6,10721,1412.00),(AA,13303,1322.00),(OH,12217,1318.00),(AA,14492,1272.00),(OH,12992,1198.00),(AA,13244,1175.00),(OH,12217,1172.00),(AA,11638,1147.00),(AA,12094,1144.00),(AA,13851,1098.00),(AA,14193,1078.00),(OH,12448,1058.00),(DL,10397,1021.00),(OH,13277,1020.00),(AA,11057,1003.00),(DL,12953,995.00)]"
2025-04-11 00:00:00,2,10397,79640,11832,14.056654947262682,1300.0,"[(AA,13303,1300.00),(B6,10721,1204.00),(DL,14747,1188.00),(DL,12478,1106.00),(AA,11298,1095.00),(DL,12892,1062.00),(DL,12892,1061.00),(DL,14908,1036.00),(DL,12217,993.00),(DL,14747,977.00),(DL,14771,976.00),(F9,11618,972.00),(F9,13303,968.00),(DL,12889,963.00),(DL,10792,921.00),(F9,13204,920.00),(DL,14689,906.00),(DL,10208,888.00),(AA,12892,874.00),(OO,14696,852.00)]"
2025-04-11 00:00:00,3,11292,81751,10827,11.743709557069637,1899.0,"[(AA,14107,1899.00),(AA,11057,1489.00),(B6,10721,1458.00),(AA,11298,1123.00),(OO,11921,1120.00),(OO,11315,1087.00),(MQ,14107,998.00),(OO,12280,990.00),(OO,14877,986.00),(OO,10713,977.00),(OO,12177,975.00),(F9,10397,940.00),(OO,12896,940.00),(OO,14457,931.00),(F9,12889,925.00),(UA,12441,914.00),(AA,11057,910.00),(OO,13158,910.00),(DL,12953,901.00),(OO,12892,897.00)]"
2025-04-11 00:00:00,4,13930,73472,10689,13.853073279616725,1986.0,"[(AA,14100,1986.00),(AA,12441,1546.00),(OO,14877,1320.00),(F9,11292,1273.00),(B6,10721,1240.00),(AA,14100,1167.00),(AA,13495,1112.00),(MQ,13459,1052.00),(AA,11278,1051.00),(DL,14869,1025.00),(B6,12478,1018.00),(OO,13282,1014.00),(OO,13184,1012.00),(OO,15370,999.00),(OO,13871,998.00),(NK,10397,977.00),(OO,12559,964.00),(AA,10423,945.00),(OO,10693,933.00),(AA,11278,926.00)]"
2025-04-11 00:00:00,5,11057,54432,7433,12.052285420340976,1279.0,"[(AA,15016,1279.00),(AA,10257,1233.00),(F9,11298,1203.00),(AA,14100,1148.00),(AA,11278,1113.00),(DL,10397,1041.00),(AA,12478,1030.00),(OH,11973,1026.00),(DL,13487,986.00),(AA,10257,934.00),(DL,10397,913.00),(UA,11618,897.00),(OH,14685,865.00),(AA,11292,845.00),(OH,11252,835.00),(MQ,12992,833.00),(OH,11823,813.00),(AA,11624,794.00),(OH,15249,776.00),(AA,11433,754.00)]"
2025-04-11 00:00:00,6,11278,36758,6590,17.182735730997333,1587.0,"[(AA,13930,1587.00),(AA,11298,1316.00),(OH,10581,1173.00),(AA,14635,1165.00),(DL,10397,1160.00),(UA,12266,1160.00),(OH,10257,1157.00),(AA,11298,1141.00),(AA,15304,1118.00),(OH,10781,1110.00),(UA,13930,1093.00),(DL,11433,1092.00),(OH,10781,1051.00),(DL,10397,1040.00),(DL,12892,1031.00),(DL,10397,995.00),(B6,14027,976.00),(F9,11292,968.00),(DL,11433,954.00),(UA,14771,949.00)]"
2025-04-11 00:00:00,7,12889,50396,6197,9.926700531788237,2315.0,"[(AA,11298,2315.00),(OO,14893,1266.00),(G4,14457,1194.00),(DL,12478,1094.00),(G4,11193,1042.00),(DL,10397,1030.00),(G4,14314,1030.00),(G4,10408,964.00),(G4,11193,964.00),(G4,13367,952.00),(DL,12478,942.00),(G4,10666,942.00),(F9,13232,896.00),(AA,13930,893.00),(UA,11618,870.00),(AA,14107,868.00),(B6,12478,866.00),(DL,12892,859.00),(AA,11298,853.00),(F9,11292,838.00)]"
2025-04-11 00:00:00,8,14107,56369,5982,8.279781440153275,1859.0,"[(AA,12478,1859.00),(B6,11697,1163.00),(AA,12173,1159.00),(AA,10693,996.00),(OO,10713,972.00),(DL,14869,963.00),(AA,10397,931.00),(AA,10423,891.00),(F9,13930,871.00),(AA,14262,867.00),(AA,11066,861.00),(AA,13487,855.00),(OO,11695,849.00),(AA,12173,829.00),(AA,12889,820.00),(OO,14698,796.00),(OO,10561,793.00),(OO,14771,781.00),(OO,13158,768.00),(AA,10423,767.00)]"
2025-04-11 00:00:00,9,13204,44883,5820,12.033910389234231,1305.0,"[(AA,13930,1305.00),(DL,11433,1196.00),(AA,13930,1186.00),(AA,14100,1156.00),(AA,11057,1151.00),(DL,12478,1073.00),(AA,13303,1019.00),(DL,11193,1014.00),(DL,11433,1000.00),(AA,14107,986.00),(AA,11278,959.00),(UA,12892,950.00),(AA,13930,945.00),(AA,14100,910.00),(UA,13930,904.00),(UA,12266,902.00),(DL,14492,899.00),(DL,12892,896.00),(AA,12892,887.00),(DL,14869,883.00)]"
2025-04-11 00:00:00,10,13303,33324,5281,15.98532589124955,1478.0,"[(AA,10423,1478.00),(F9,11193,1242.00),(AA,10994,1217.00),(DL,13487,1114.00),(F9,14100,1100.00),(AA,14107,1050.00),(UA,12266,1030.00),(F9,14100,1008.00),(AA,13495,987.00),(B6,10721,977.00),(DL,10721,973.00),(DL,12478,925.00),(YX,12992,925.00),(AA,14107,920.00),(AA,14107,911.00),(DL,12953,907.00),(B6,12478,870.00),(DL,11433,861.00),(AA,12266,860.00),(DL,10397,842.00)]"
2025-04-12 00:00:00,1,11298,81265,13079,15.05281486494801,1766.0,"[(AA,13303,1766.00),(OH,11953,1500.00),(AA,12173,1490.00),(AA,13930,1419.00),(B6,10721,1412.00),(AA,13303,1322.00),(OH,12217,1318.00),(AA,14492,1272.00),(OH,12992,1198.00),(AA,13244,1175.00),(OH,12217,1172.00),(AA,11638,1147.00),(AA,12094,1144.00),(AA,13851,1098.00),(AA,14193,1078.00),(OH,12448,1058.00),(DL,10397,1021.00),(OH,13277,1020.00),(AA,11057,1003.00),(DL,12953,995.00)]"
2025-04-12 00:00:00,2,10397,80489,11986,14.08111667432817,1300.0,"[(AA,13303,1300.00),(B6,10721,1204.00),(DL,14747,1188.00),(DL,12478,1106.00),(AA,11298,1095.00),(DL,12892,1062.00),(DL,12892,1061.00),(DL,14908,1036.00),(DL,12217,993.00),(DL,14747,977.00),(DL,14771,976.00),(F9,11618,972.00),(F9,13303,968.00),(DL,12889,963.00),(DL,10792,921.00),(F9,13204,920.00),(DL,14689,906.00),(DL,10208,888.00),(AA,12892,874.00),(OO,14696,852.00)]"
2025-04-12 00:00:00,3,11292,82626,10919,11.706109457071625,1899.0,"[(AA,14107,1899.00),(AA,11298,1679.00),(AA,11057,1489.00),(B6,10721,1458.00),(AA,11298,1123.00),(OO,11921,1120.00),(OO,11315,1087.00),(MQ,14107,998.00),(OO,12280,990.00),(OO,14877,986.00),(OO,10713,977.00),(OO,12177,975.00),(F9,10397,940.00),(OO,12896,940.00),(OO,14457,931.00),(F9,12889,925.00),(UA,12441,914.00),(AA,11057,910.00),(OO,13158,910.00),(DL,12953,901.00)]"
2025-04-12 00:00:00,4,13930,74380,10772,13.746948104329121,1986.0,"[(AA,14100,1986.00),(AA,12441,1546.00),(OO,14877,1320.00),(F9,11292,1273.00),(B6,10721,1240.00),(AA,14100,1167.00),(AA,13495,1112.00),(MQ,13459,1052.00),(AA,11278,1051.00),(DL,14869,1025.00),(B6,12478,1018.00),(OO,13282,1014.00),(OO,13184,1012.00),(OO,15370,999.00),(OO,13871,998.00),(NK,10397,977.00),(OO,12559,964.00),(AA,10423,945.00),(OO,10693,933.00),(AA,11278,926.00)]"
2025-04-12 00:00:00,5,11057,55018,7617,12.244356392453378,1279.0,"[(AA,15016,1279.00),(AA,10257,1233.00),(F9,11298,1203.00),(AA,14100,1148.00),(AA,11278,1113.00),(DL,10397,1041.00),(AA,12478,1030.00),(OH,11973,1026.00),(DL,13487,986.00),(F9,12953,935.00),(AA,10257,934.00),(DL,10397,913.00),(UA,11618,897.00),(OH,14685,865.00),(AA,11292,845.00),(OH,11252,835.00),(MQ,12992,833.00),(OH,11823,813.00),(AA,11624,794.00),(OH,15249,776.00)]"
2025-04-12 00:00:00,6,11278,37167,6678,17.26515457260473,1587.0,"[(AA,13930,1587.00),(AA,11298,1316.00),(OH,10581,1173.00),(AA,14635,1165.00),(DL,10397,1160.00),(UA,12266,1160.00),(OH,10257,1157.00),(OH,11423,1153.00),(AA,11298,1141.00),(AA,15304,1118.00),(OH,10781,1110.00),(UA,13930,1093.00),(DL,11433,1092.00),(OH,10781,1051.00),(DL,10397,1040.00),(DL,12892,1031.00),(DL,10397,995.00),(B6,14027,976.00),(F9,11292,968.00),(DL,11433,954.00)]"
2025-04-12 00:00:00,7,12889,50984,6284,9.945355405617448,2315.0,"[(AA,11298,2315.00),(OO,14893,1266.00),(G4,14457,1194.00),(DL,12478,1094.00),(G4,11193,1042.00),(DL,10397,1030.00),(G4,14314,1030.00),(G4,10408,964.00),(G4,11193,964.00),(G4,13367,952.00),(DL,12478,942.00),(G4,10666,942.00),(F9,13232,896.00),(AA,13930,893.00),(UA,11618,870.00),(AA,14107,868.00),(B6,12478,866.00),(DL,12892,859.00),(AA,11298,853.00),(F9,11292,838.00)]"
2025-04-12 00:00:00,8,14107,57006,6065,8.294109391993825,1859.0,"[(AA,12478,1859.00),(B6,11697,1163.00),(AA,12173,1159.00),(AA,10693,996.00),(OO,10713,972.00),(DL,14869,963.00),(AA,10397,931.00),(AA,10423,891.00),(F9,13930,871.00),(AA,14262,867.00),(AA,11066,861.00),(AA,13487,855.00),(OO,11695,849.00),(AA,12173,829.00),(AA,12889,820.00),(OO,14698,796.00),(OO,10561,793.00),(OO,14771,781.00),(OO,13158,768.00),(AA,10423,767.00)]"
2025-04-12 00:00:00,9,13204,45373,5884,11.980759482511626,1305.0,"[(AA,13930,1305.00),(DL,11433,1196.00),(AA,13930,1186.00),(AA,14100,1156.00),(AA,11057,1151.00),(DL,12478,1073.00),(AA,13303,1019.00),(DL,11193,1014.00),(DL,11433,1000.00),(AA,14107,986.00),(AA,11278,959.00),(UA,12892,950.00),(AA,13930,945.00),(AA,14100,910.00),(UA,13930,904.00),(UA,12266,902.00),(DL,14492,899.00),(DL,12892,896.00),(AA,12892,887.00),(DL,14869,883.00)]"
2025-04-12 00:00:00,10,13303,33654,5341,15.988530338147026,1478.0,"[(AA,10423,1478.00),(F9,11193,1242.00),(AA,10994,1217.00),(DL,13487,1114.00),(F9,14100,1100.00),(AA,14107,1050.00),(UA,12266,1030.00),(F9,14100,1008.00),(AA,13495,987.00),(B6,10721,977.00),(DL,10721,973.00),(DL,12478,925.00),(YX,12992,925.00),(AA,14107,920.00),(AA,14107,911.00),(DL,12953,907.00),(B6,12478,870.00),(DL,11433,861.00),(AA,12266,860.00),(DL,10397,842.00)]"
2025-04-13 00:00:00,1,11298,82044,13145,14.970832723904246,1766.0,"[(AA,13303,1766.00),(OH,11953,1500.00),(AA,12173,1490.00),(AA,13930,1419.00),(B6,10721,1412.00),(AA,13303,1322.00),(OH,12217,1318.00),(AA,14492,1272.00),(OH,12992,1198.00),(AA,13244,1175.00),(OH,12217,1172.00),(AA,11638,1147.00),(AA,12094,1144.00),(AA,13851,1098.00),(AA,14193,1078.00),(OH,12448,1058.00),(DL,10397,1021.00),(OH,13277,1020.00),(AA,11057,1003.00),(DL,12953,995.00)]"
2025-04-13 00:00:00,2,10397,81211,12051,14.000172390439719,1300.0,"[(AA,13303,1300.00),(B6,10721,1204.00),(DL,14747,1188.00),(DL,12478,1106.00),(AA,11298,1095.00),(DL,12892,1062.00),(DL,12892,1061.00),(DL,14908,1036.00),(DL,12217,993.00),(DL,14747,977.00),(DL,14771,976.00),(F9,11618,972.00),(F9,13303,968.00),(DL,12889,963.00),(DL,10792,921.00),(F9,13204,920.00),(DL,14689,906.00),(DL,10208,888.00),(AA,12892,874.00),(OO,14696,852.00)]"
2025-04-13 00:00:00,3,11292,83400,10945,11.600011990407674,1899.0,"[(AA,14107,1899.00),(AA,11298,1679.00),(AA,11057,1489.00),(B6,10721,1458.00),(AA,11298,1123.00),(OO,11921,1120.00),(OO,11315,1087.00),(MQ,14107,998.00),(OO,12280,990.00),(OO,14877,986.00),(OO,10713,977.00),(OO,12177,975.00),(F9,10397,940.00),(OO,12896,940.00),(OO,14457,931.00),(F9,12889,925.00),(UA,12441,914.00),(AA,11057,910.00),(OO,13158,910.00),(DL,12953,901.00)]"
2025-04-13 00:00:00,4,13930,75192,10833,13.634588786041068,1986.0,"[(AA,14100,1986.00),(AA,12441,1546.00),(OO,14877,1320.00),(F9,11292,1273.00),(B6,10721,1240.00),(AA,14100,1167.00),(AA,13495,1112.00),(MQ,13459,1052.00),(AA,11278,1051.00),(DL,14869,1025.00),(B6,12478,1018.00),(OO,13282,1014.00),(OO,13184,1012.00),(OO,15370,999.00),(OO,13871,998.00),(NK,10397,977.00),(OO,12559,964.00),(AA,10423,945.00),(OO,10693,933.00),(AA,11278,926.00)]"
2025-04-13 00:00:00,5,11057,55551,7666,12.182750985580817,1279.0,"[(AA,15016,1279.00),(AA,10257,1233.00),(F9,11298,1203.00),(AA,14100,1148.00),(AA,11278,1113.00),(DL,10397,1041.00),(AA,12478,1030.00),(OH,11973,1026.00),(DL,13487,986.00),(F9,12953,935.00),(AA,10257,934.00),(DL,10397,913.00),(UA,11618,897.00),(OH,14685,865.00),(AA,11292,845.00),(OH,11252,835.00),(MQ,12992,833.00),(OH,11823,813.00),(AA,11624,794.00),(OH,15249,776.00)]"
2025-04-13 00:00:00,6,11278,37478,6708,17.174502374726508,1587.0,"[(AA,13930,1587.00),(AA,11298,1316.00),(OH,10581,1173.00),(AA,14635,1165.00),(DL,10397,1160.00),(UA,12266,1160.00),(OH,10257,1157.00),(OH,11423,1153.00),(AA,11298,1141.00),(AA,15304,1118.00),(OH,10781,1110.00),(UA,13930,1093.00),(DL,11433,1092.00),(OH,10781,1051.00),(DL,10397,1040.00),(DL,12892,1031.00),(DL,10397,995.00),(B6,14027,976.00),(F9,11292,968.00),(DL,11433,954.00)]"
2025-04-13 00:00:00,7,12889,51426,6310,9.870979660094116,2315.0,"[(AA,11298,2315.00),(OO,14893,1266.00),(G4,14457,1194.00),(DL,12478,1094.00),(G4,11193,1042.00),(DL,10397,1030.00),(G4,14314,1030.00),(G4,10408,964.00),(G4,11193,964.00),(G4,13367,952.00),(DL,12478,942.00),(G4,10666,942.00),(F9,13232,896.00),(AA,13930,893.00),(UA,11618,870.00),(AA,14107,868.00),(B6,12478,866.00),(DL,12892,859.00),(AA,11298,853.00),(F9,11292,838.00)]"
2025-04-13 00:00:00,8,14107,57560,6103,8.243693537178597,1859.0,"[(AA,12478,1859.00),(B6,11697,1163.00),(AA,12173,1159.00),(AA,10693,996.00),(OO,10713,972.00),(DL,14869,963.00),(AA,10397,931.00),(AA,10423,891.00),(F9,13930,871.00),(AA,14262,867.00),(AA,11066,861.00),(AA,13487,855.00),(OO,11695,849.00),(AA,12173,829.00),(AA,12889,820.00),(OO,14698,796.00),(OO,10561,793.00),(OO,14771,781.00),(OO,13158,768.00),(AA,10423,767.00)]"
2025-04-13 00:00:00,9,13204,45868,5934,11.933177814598412,1305.0,"[(AA,13930,1305.00),(DL,11433,1196.00),(AA,13930,1186.00),(AA,14100,1156.00),(AA,11057,1151.00),(DL,12478,1073.00),(AA,13303,1019.00),(DL,11193,1014.00),(DL,11433,1000.00),(AA,14107,986.00),(AA,11278,959.00),(UA,12892,950.00),(AA,13930,945.00),(AA,14100,910.00),(UA,13930,904.00),(UA,12266,902.00),(DL,14492,899.00),(DL,12892,896.00),(AA,12892,887.00),(DL,14869,883.00)]"
2025-04-13 00:00:00,10,13303,33981,5388,15.937141343692064,1478.0,"[(AA,10423,1478.00),(F9,11193,1242.00),(AA,10994,1217.00),(DL,13487,1114.00),(F9,14100,1100.00),(AA,14107,1050.00),(UA,12266,1030.00),(F9,14100,1008.00),(AA,13495,987.00),(B6,10721,977.00),(DL,10721,973.00),(DL,12478,925.00),(YX,12992,925.00),(AA,14107,920.00),(AA,14107,911.00),(DL,12953,907.00),(B6,12478,870.00),(DL,11433,861.00),(AA,12266,860.00),(DL,10397,842.00)]"
2025-04-14 00:00:00,1,11298,82915,13267,14.94553458360972,1766.0,"[(AA,13303,1766.00),(OH,11953,1500.00),(AA,12173,1490.00),(AA,13930,1419.00),(B6,10721,1412.00),(AA,13303,1322.00),(OH,12217,1318.00),(AA,14492,1272.00),(OH,12992,1198.00),(AA,13244,1175.00),(OH,12217,1172.00),(AA,11638,1147.00),(AA,12094,1144.00),(AA,13851,1098.00),(AA,14193,1078.00),(OH,12448,1058.00),(DL,10397,1021.00),(OH,13277,1020.00),(AA,11057,1003.00),(DL,12953,995.00)]"
2025-04-14 00:00:00,2,10397,82078,12129,13.922512731791711,1300.0,"[(AA,13303,1300.00),(B6,10721,1204.00),(DL,14747,1188.00),(DL,12478,1106.00),(AA,11298,1095.00),(DL,12892,1062.00),(DL,12892,1061.00),(DL,14908,1036.00),(DL,12217,993.00),(DL,14747,977.00),(DL,14771,976.00),(F9,11618,972.00),(F9,13303,968.00),(DL,12889,963.00),(DL,10792,921.00),(F9,13204,920.00),(DL,14689,906.00),(DL,10208,888.00),(AA,12892,874.00),(OO,14696,852.00)]"
2025-04-14 00:00:00,3,11292,84275,11065,11.616196974191634,1899.0,"[(AA,14107,1899.00),(AA,11298,1679.00),(AA,11057,1489.00),(B6,10721,1458.00),(AA,11298,1123.00),(OO,11921,1120.00),(OO,11315,1087.00),(MQ,14107,998.00),(OO,12280,990.00),(OO,14877,986.00),(OO,10713,977.00),(OO,12177,975.00),(AA,13930,961.00),(F9,10397,940.00),(OO,12896,940.00),(OO,14457,931.00),(F9,12889,925.00),(UA,12441,914.00),(AA,11057,910.00),(OO,13158,910.00)]"
2025-04-14 00:00:00,4,13930,76092,10914,13.546548914471956,1986.0,"[(AA,14100,1986.00),(AA,12441,1546.00),(OO,14877,1320.00),(F9,11292,1273.00),(B6,10721,1240.00),(AA,14100,1167.00),(AA,13495,1112.00),(MQ,13459,1052.00),(AA,11278,1051.00),(DL,14869,1025.00),(B6,12478,1018.00),(OO,13282,1014.00),(OO,13184,1012.00),(OO,15370,999.00),(OO,13871,998.00),(NK,10397,977.00),(OO,12559,964.00),(AA,10423,945.00),(OO,10693,933.00),(AA,11278,926.00)]"
2025-04-14 00:00:00,5,11057,56139,7761,12.214022337412494,1279.0,"[(AA,15016,1279.00),(AA,10257,1233.00),(F9,11298,1203.00),(AA,14100,1148.00),(AA,11278,1113.00),(DL,10397,1041.00),(AA,12478,1030.00),(OH,11973,1026.00),(AA,14107,989.00),(DL,13487,986.00),(F9,12953,935.00),(AA,10257,934.00),(DL,10397,913.00),(UA,11618,897.00),(OH,14685,865.00),(AA,11292,845.00),(OH,11252,835.00),(MQ,12992,833.00),(OH,11823,813.00),(AA,11624,794.00)]"
2025-04-14 00:00:00,6,11278,37883,6768,17.13364833830478,1587.0,"[(AA,13930,1587.00),(AA,11298,1316.00),(OH,10581,1173.00),(AA,14635,1165.00),(DL,10397,1160.00),(UA,12266,1160.00),(OH,10257,1157.00),(OH,11423,1153.00),(AA,11298,1141.00),(AA,15304,1118.00),(OH,10781,1110.00),(UA,13930,1093.00),(DL,11433,1092.00),(OH,10781,1051.00),(DL,10397,1040.00),(DL,12892,1031.00),(DL,10397,995.00),(B6,14027,976.00),(F9,11292,968.00),(DL,11433,954.00)]"
2025-04-14 00:00:00,7,12889,52017,6361,9.840186861987426,2315.0,"[(AA,11298,2315.00),(OO,14893,1266.00),(G4,14457,1194.00),(DL,12478,1094.00),(G4,11193,1042.00),(DL,10397,1030.00),(G4,14314,1030.00),(G4,10408,964.00),(G4,11193,964.00),(G4,13367,952.00),(DL,12478,942.00),(G4,10666,942.00),(F9,13232,896.00),(AA,13930,893.00),(UA,11618,870.00),(AA,14107,868.00),(B6,12478,866.00),(DL,12892,859.00),(AA,11298,853.00),(F9,11292,838.00)]"
2025-04-14 00:00:00,8,14107,58180,6165,8.234393262289446,1859.0,"[(AA,12478,1859.00),(B6,11697,1163.00),(AA,12173,1159.00),(AA,10693,996.00),(OO,10713,972.00),(DL,14869,963.00),(AA,10397,931.00),(AA,10423,891.00),(F9,13930,871.00),(AA,14262,867.00),(AA,11066,861.00),(AA,13487,855.00),(OO,11695,849.00),(AA,12173,829.00),(AA,12889,820.00),(OO,14698,796.00),(OO,10561,793.00),(OO,14771,781.00),(OO,13158,768.00),(AA,10423,767.00)]"
2025-04-14 00:00:00,9,13204,46368,5986,11.95302795031056,1305.0,"[(AA,13930,1305.00),(DL,11433,1196.00),(AA,13930,1186.00),(F9,14100,1171.00),(AA,14100,1156.00),(AA,11057,1151.00),(DL,12478,1073.00),(AA,13303,1019.00),(DL,11193,1014.00),(DL,11433,1000.00),(AA,14107,986.00),(AA,11278,959.00),(UA,12892,950.00),(AA,13930,945.00),(AA,14100,910.00),(UA,13930,904.00),(UA,12266,902.00),(DL,14492,899.00),(DL,12892,896.00),(AA,12892,887.00)]"
2025-04-14 00:00:00,10,13303,34320,5424,15.862441724941725,1478.0,"[(AA,10423,1478.00),(F9,11193,1242.00),(AA,10994,1217.00),(DL,13487,1114.00),(F9,14100,1100.00),(AA,14107,1050.00),(UA,12266,1030.00),(F9,14100,1008.00),(AA,13495,987.00),(B6,10721,977.00),(DL,10721,973.00),(DL,12478,925.00),(YX,12992,925.00),(AA,14107,920.00),(AA,14107,911.00),(DL,12953,907.00),(B6,12478,870.00),(DL,11433,861.00),(AA,12266,860.00),(DL,10397,842.00)]"
2025-04-15 00:00:00,1,11298,83788,13365,14.892597985391703,1766.0,"[(AA,13303,1766.00),(OH,11953,1500.00),(AA,12173,1490.00),(AA,13930,1419.00),(B6,10721,1412.00),(AA,13303,1322.00),(OH,12217,1318.00),(AA,14492,1272.00),(OH,12992,1198.00),(AA,13244,1175.00),(OH,12217,1172.00),(AA,11638,1147.00),(AA,12094,1144.00),(AA,13851,1098.00),(AA,14193,1078.00),(OH,12448,1058.00),(DL,10397,1021.00),(OH,13277,1020.00),(AA,11057,1003.00),(DL,12953,995.00)]"
2025-04-15 00:00:00,2,10397,82961,12184,13.806378900929353,1300.0,"[(AA,13303,1300.00),(B6,10721,1204.00),(DL,14747,1188.00),(DL,12478,1106.00),(AA,11298,1095.00),(DL,12892,1062.00),(DL,12892,1061.00),(DL,14908,1036.00),(DL,12217,993.00),(DL,14747,977.00),(DL,14771,976.00),(F9,11618,972.00),(F9,13303,968.00),(DL,12889,963.00),(DL,10792,921.00),(F9,13204,920.00),(DL,14689,906.00),(DL,10208,888.00),(AA,12892,874.00),(OO,14696,852.00)]"
2025-04-15 00:00:00,3,11292,85149,11121,11.550071051920751,1899.0,"[(AA,14107,1899.00),(AA,11298,1679.00),(AA,11057,1489.00),(B6,10721,1458.00),(AA,11298,1123.00),(OO,11921,1120.00),(OO,11315,1087.00),(MQ,14107,998.00),(OO,12280,990.00),(OO,14877,986.00),(OO,10713,977.00),(OO,12177,975.00),(AA,13930,961.00),(F9,10397,940.00),(OO,12896,940.00),(OO,14457,931.00),(F9,12889,925.00),(UA,12441,914.00),(AA,11057,910.00),(OO,13158,910.00)]"
2025-04-15 00:00:00,4,13930,77001,10973,13.42153998000026,1986.0,"[(AA,14100,1986.00),(AA,12441,1546.00),(OO,14877,1320.00),(F9,11292,1273.00),(B6,10721,1240.00),(AA,14100,1167.00),(AA,13495,1112.00),(MQ,13459,1052.00),(AA,11278,1051.00),(DL,14869,1025.00),(B6,12478,1018.00),(OO,13282,1014.00),(OO,13184,1012.00),(OO,15370,999.00),(OO,13871,998.00),(NK,10397,977.00),(OO,12559,964.00),(AA,10423,945.00),(OO,10693,933.00),(AA,11278,926.00)]"
2025-04-15 00:00:00,5,11057,56731,7838,12.228675679963336,1279.0,"[(AA,15016,1279.00),(AA,10257,1233.00),(F9,11298,1203.00),(AA,14100,1148.00),(AA,11278,1113.00),(DL,10397,1041.00),(AA,12478,1030.00),(OH,11973,1026.00),(AA,14107,989.00),(DL,13487,986.00),(F9,12953,980.00),(F9,12953,935.00),(AA,10257,934.00),(DL,10397,913.00),(UA,11618,897.00),(OH,14685,865.00),(AA,11292,845.00),(OH,11252,835.00),(MQ,12992,833.00),(OH,11823,813.00)]"
2025-04-15 00:00:00,6,11278,38294,6822,17.090928082728365,1587.0,"[(AA,13930,1587.00),(AA,11298,1316.00),(OH,10581,1173.00),(AA,14635,1165.00),(DL,10397,1160.00),(UA,12266,1160.00),(OH,10257,1157.00),(OH,11423,1153.00),(AA,11298,1141.00),(AA,15304,1118.00),(OH,10781,1110.00),(UA,13930,1093.00),(DL,11433,1092.00),(OH,10781,1051.00),(DL,10397,1040.00),(DL,12892,1031.00),(DL,10397,995.00),(B6,14027,976.00),(F9,11292,968.00),(DL,11433,954.00)]"
2025-04-15 00:00:00,7,12889,52606,6422,9.813234231836672,2315.0,"[(AA,11298,2315.00),(OO,14893,1266.00),(G4,14457,1194.00),(DL,12478,1094.00),(G4,11193,1042.00),(DL,10397,1030.00),(G4,14314,1030.00),(G4,10408,964.00),(G4,11193,964.00),(G4,13367,952.00),(DL,12478,942.00),(G4,10666,942.00),(F9,13232,896.00),(AA,13930,893.00),(UA,11618,870.00),(AA,14107,868.00),(B6,12478,866.00),(DL,12892,859.00),(AA,11298,853.00),(F9,11292,838.00)]"
2025-04-15 00:00:00,8,14107,58819,6220,8.230452744861354,1859.0,"[(AA,12478,1859.00),(B6,11697,1163.00),(AA,12173,1159.00),(AA,10693,996.00),(OO,10713,972.00),(DL,14869,963.00),(AA,10397,931.00),(AA,10423,891.00),(F9,13930,871.00),(AA,14262,867.00),(AA,11066,861.00),(AA,13487,855.00),(OO,11695,849.00),(AA,12173,829.00),(AA,12889,820.00),(OO,14698,796.00),(OO,10561,793.00),(DL,10397,791.00),(OO,14771,781.00),(OO,13158,768.00)]"
2025-04-15 00:00:00,9,13204,46853,6016,11.868098094038801,1305.0,"[(AA,13930,1305.00),(DL,11433,1196.00),(AA,13930,1186.00),(F9,14100,1171.00),(AA,14100,1156.00),(AA,11057,1151.00),(DL,12478,1073.00),(AA,13303,1019.00),(DL,11193,1014.00),(DL,11433,1000.00),(AA,14107,986.00),(AA,11278,959.00),(UA,12892,950.00),(AA,13930,945.00),(AA,14100,910.00),(UA,13930,904.00),(UA,12266,902.00),(DL,14492,899.00),(DL,12892,896.00),(AA,12892,887.00)]"
2025-04-15 00:00:00,10,13303,34650,5453,15.79018759018759,1478.0,"[(AA,10423,1478.00),(F9,11193,1242.00),(AA,10994,1217.00),(DL,13487,1114.00),(F9,14100,1100.00),(AA,14107,1050.00),(UA,12266,1030.00),(F9,14100,1008.00),(AA,13495,987.00),(B6,10721,977.00),(DL,10721,973.00),(DL,12478,925.00),(YX,12992,925.00),(AA,14107,920.00),(AA,14107,911.00),(DL,12953,907.00),(B6,12478,870.00),(DL,11433,861.00),(AA,12266,860.00),(DL,10397,842.00)]"
2025-04-16 00:00:00,1,11298,84637,13427,14.772900740810757,1766.0,"[(AA,13303,1766.00),(OH,11953,1500.00),(AA,12173,1490.00),(AA,13930,1419.00),(B6,10721,1412.00),(AA,13303,1322.00),(OH,12217,1318.00),(AA,14492,1272.00),(OH,12992,1198.00),(AA,13244,1175.00),(OH,12217,1172.00),(AA,11638,1147.00),(AA,12094,1144.00),(AA,13851,1098.00),(AA,14193,1078.00),(OH,12448,1058.00),(DL,10397,1021.00),(OH,13277,1020.00),(AA,11057,1003.00),(DL,12953,995.00)]"
2025-04-16 00:00:00,2,10397,83776,12225,13.692417876241405,1300.0,"[(AA,13303,1300.00),(B6,10721,1204.00),(DL,14747,1188.00),(DL,12478,1106.00),(AA,11298,1095.00),(DL,12892,1062.00),(DL,12892,1061.00),(DL,14908,1036.00),(DL,12217,993.00),(DL,14747,977.00),(DL,14771,976.00),(F9,11618,972.00),(F9,13303,968.00),(DL,12889,963.00),(DL,10792,921.00),(F9,13204,920.00),(DL,14689,906.00),(DL,10208,888.00),(AA,12892,874.00),(OO,14696,852.00)]"
2025-04-16 00:00:00,3,11292,85959,11146,11.426831396363383,1899.0,"[(AA,14107,1899.00),(AA,11298,1679.00),(AA,11057,1489.00),(B6,10721,1458.00),(AA,11298,1123.00),(OO,11921,1120.00),(OO,11315,1087.00),(MQ,14107,998.00),(OO,12280,990.00),(OO,14877,986.00),(OO,10713,977.00),(OO,12177,975.00),(AA,13930,961.00),(F9,10397,940.00),(OO,12896,940.00),(OO,14457,931.00),(F9,12889,925.00),(UA,12441,914.00),(AA,11057,910.00),(OO,13158,910.00)]"
2025-04-16 00:00:00,4,13930,77832,11020,13.290870079144824,1986.0,"[(AA,14100,1986.00),(AA,12441,1546.00),(OO,14877,1320.00),(F9,11292,1273.00),(B6,10721,1240.00),(AA,14100,1167.00),(AA,13495,1112.00),(MQ,13459,1052.00),(AA,11278,1051.00),(DL,14869,1025.00),(B6,12478,1018.00),(OO,13282,1014.00),(OO,13184,1012.00),(OO,15370,999.00),(OO,13871,998.00),(NK,10397,977.00),(OO,12559,964.00),(AA,10423,945.00),(OO,10693,933.00),(AA,11278,926.00)]"
2025-04-16 00:00:00,5,11057,57279,7904,12.219644197698981,1279.0,"[(AA,15016,1279.00),(AA,10257,1233.00),(F9,11298,1203.00),(AA,14100,1148.00),(AA,11278,1113.00),(DL,10397,1041.00),(AA,12478,1030.00),(OH,11973,1026.00),(OH,10599,1009.00),(AA,14107,989.00),(DL,13487,986.00),(F9,12953,980.00),(F9,12953,935.00),(AA,10257,934.00),(DL,10397,913.00),(UA,11618,897.00),(OH,14685,865.00),(AA,11292,845.00),(OH,11252,835.00),(MQ,12992,833.00)]"
2025-04-16 00:00:00,6,11278,38706,6873,17.008112437348213,1587.0,"[(AA,13930,1587.00),(AA,11298,1316.00),(OH,10581,1173.00),(AA,14635,1165.00),(DL,10397,1160.00),(UA,12266,1160.00),(OH,10257,1157.00),(OH,11423,1153.00),(AA,11298,1141.00),(AA,15304,1118.00),(OH,10781,1110.00),(UA,13930,1093.00),(DL,11433,1092.00),(OH,10781,1051.00),(DL,10397,1040.00),(DL,12892,1031.00),(DL,10397,995.00),(B6,14027,976.00),(F9,11292,968.00),(DL,11433,954.00)]"
2025-04-16 00:00:00,7,12889,53084,6446,9.740147690452867,2315.0,"[(AA,11298,2315.00),(OO,14893,1266.00),(G4,14457,1194.00),(DL,12478,1094.00),(G4,11193,1042.00),(DL,10397,1030.00),(G4,14314,1030.00),(G4,10408,964.00),(G4,11193,964.00),(G4,13367,952.00),(DL,12478,942.00),(G4,10666,942.00),(F9,13232,896.00),(AA,13930,893.00),(UA,11618,870.00),(AA,14107,868.00),(B6,12478,866.00),(DL,12892,859.00),(AA,11298,853.00),(F9,11292,838.00)]"
2025-04-16 00:00:00,8,14107,59395,6246,8.171226534220052,1859.0,"[(AA,12478,1859.00),(B6,11697,1163.00),(AA,12173,1159.00),(AA,10693,996.00),(OO,10713,972.00),(DL,14869,963.00),(AA,10397,931.00),(AA,10423,891.00),(F9,13930,871.00),(AA,14262,867.00),(AA,11066,861.00),(AA,13487,855.00),(OO,11695,849.00),(AA,12173,829.00),(AA,12889,820.00),(OO,14698,796.00),(OO,10561,793.00),(DL,10397,791.00),(OO,14771,781.00),(OO,13158,768.00)]"
2025-04-16 00:00:00,9,13204,47285,6044,11.76675478481548,1305.0,"[(AA,13930,1305.00),(DL,11433,1196.00),(AA,13930,1186.00),(F9,14100,1171.00),(AA,14100,1156.00),(AA,11057,1151.00),(DL,12478,1073.00),(AA,13303,1019.00),(DL,11193,1014.00),(DL,11433,1000.00),(AA,14107,986.00),(AA,11278,959.00),(UA,12892,950.00),(AA,13930,945.00),(AA,14100,910.00),(UA,13930,904.00),(UA,12266,902.00),(DL,14492,899.00),(DL,12892,896.00),(AA,12892,887.00)]"
2025-04-16 00:00:00,10,13303,34965,5479,15.675732875732876,1478.0,"[(AA,10423,1478.00),(F9,11193,1242.00),(AA,10994,1217.00),(DL,13487,1114.00),(F9,14100,1100.00),(AA,14107,1050.00),(UA,12266,1030.00),(F9,14100,1008.00),(AA,13495,987.00),(B6,10721,977.00),(DL,10721,973.00),(DL,12478,925.00),(YX,12992,925.00),(AA,14107,920.00),(AA,14107,911.00),(DL,12953,907.00),(B6,12478,870.00),(DL,11433,861.00),(AA,12266,860.00),(DL,10397,842.00)]"
2025-04-17 00:00:00,1,11298,85492,13505,14.70254526739344,1766.0,"[(AA,13303,1766.00),(OH,11953,1500.00),(AA,12173,1490.00),(AA,13930,1419.00),(B6,10721,1412.00),(AA,13303,1322.00),(OH,12217,1318.00),(AA,14492,1272.00),(OH,12992,1198.00),(AA,13244,1175.00),(OH,12217,1172.00),(AA,11638,1147.00),(AA,12094,1144.00),(AA,13851,1098.00),(AA,14193,1078.00),(OH,12448,1058.00),(DL,10397,1021.00),(OH,13277,1020.00),(AA,11057,1003.00),(DL,12953,995.00)]"
2025-04-17 00:00:00,2,10397,84598,12274,13.578583418047709,1300.0,"[(AA,13303,1300.00),(B6,10721,1204.00),(DL,14747,1188.00),(DL,12478,1106.00),(AA,11298,1095.00),(DL,12892,1062.00),(DL,12892,1061.00),(DL,14908,1036.00),(DL,12217,993.00),(DL,14747,977.00),(DL,14771,976.00),(F9,11618,972.00),(F9,13303,968.00),(DL,12889,963.00),(DL,10792,921.00),(F9,13204,920.00),(DL,14689,906.00),(DL,10208,888.00),(AA,12892,874.00),(OO,14696,852.00)]"
2025-04-17 00:00:00,3,11292,86789,11308,11.487642443166761,1899.0,"[(AA,14107,1899.00),(AA,11298,1679.00),(AA,11057,1489.00),(B6,10721,1458.00),(AA,11298,1123.00),(OO,11921,1120.00),(OO,11315,1087.00),(MQ,14107,998.00),(OO,12280,990.00),(OO,14877,986.00),(OO,10713,977.00),(OO,12177,975.00),(AA,13930,961.00),(F9,10397,940.00),(OO,12896,940.00),(OO,14457,931.00),(F9,12889,925.00),(UA,12441,914.00),(AA,11057,910.00),(OO,13158,910.00)]"
2025-04-17 00:00:00,4,13930,78712,11066,13.156913812379306,1986.0,"[(AA,14100,1986.00),(AA,12441,1546.00),(OO,14877,1320.00),(F9,11292,1273.00),(B6,10721,1240.00),(AA,14100,1167.00),(AA,13495,1112.00),(MQ,13459,1052.00),(AA,11278,1051.00),(DL,14869,1025.00),(B6,12478,1018.00),(OO,13282,1014.00),(OO,13184,1012.00),(OO,15370,999.00),(OO,13871,998.00),(NK,10397,977.00),(OO,12559,964.00),(AA,10423,945.00),(OO,10693,933.00),(AA,11278,926.00)]"
2025-04-17 00:00:00,5,11057,57855,7948,12.130602367988939,1279.0,"[(AA,15016,1279.00),(AA,10257,1233.00),(F9,11298,1203.00),(AA,14100,1148.00),(AA,11278,1113.00),(DL,10397,1041.00),(AA,12478,1030.00),(OH,11973,1026.00),(OH,10599,1009.00),(AA,14107,989.00),(DL,13487,986.00),(F9,12953,980.00),(F9,12953,935.00),(AA,10257,934.00),(DL,10397,913.00),(UA,11618,897.00),(OH,14685,865.00),(AA,11292,845.00),(OH,11252,835.00),(MQ,12992,833.00)]"
2025-04-17 00:00:00,6,11278,39120,6934,16.95163599182004,1587.0,"[(AA,13930,1587.00),(AA,11298,1316.00),(OH,10581,1173.00),(AA,14635,1165.00),(DL,10397,1160.00),(UA,12266,1160.00),(OH,10257,1157.00),(OH,11423,1153.00),(AA,11298,1141.00),(AA,15304,1118.00),(OH,10781,1110.00),(UA,13930,1093.00),(DL,11433,1092.00),(OH,10781,1051.00),(DL,10397,1040.00),(DL,12892,1031.00),(DL,10397,995.00),(B6,14027,976.00),(F9,11292,968.00),(DL,11433,954.00)]"
2025-04-17 00:00:00,7,12889,53572,6472,9.676267453147167,2315.0,"[(AA,11298,2315.00),(OO,14893,1266.00),(G4,14457,1194.00),(DL,12478,1094.00),(G4,11193,1042.00),(DL,10397,1030.00),(G4,14314,1030.00),(G4,10408,964.00),(G4,11193,964.00),(G4,13367,952.00),(DL,12478,942.00),(G4,10666,942.00),(F9,13232,896.00),(AA,13930,893.00),(UA,11618,870.00),(AA,14107,868.00),(B6,12478,866.00),(DL,12892,859.00),(AA,11298,853.00),(F9,11292,838.00)]"
2025-04-17 00:00:00,8,14107,59988,6303,8.155697806227913,1859.0,"[(AA,12478,1859.00),(B6,11697,1163.00),(AA,12173,1159.00),(AA,10693,996.00),(OO,10713,972.00),(DL,14869,963.00),(AA,10397,931.00),(AA,10423,891.00),(F9,13930,871.00),(AA,14262,867.00),(AA,11066,861.00),(AA,13487,855.00),(OO,11695,849.00),(AA,12173,829.00),(AA,12889,820.00),(OO,14698,796.00),(OO,10561,793.00),(DL,10397,791.00),(OO,14771,781.00),(OO,13158,768.00)]"
2025-04-17 00:00:00,9,13204,47718,6080,11.682069659248082,1305.0,"[(AA,13930,1305.00),(DL,11433,1196.00),(AA,13930,1186.00),(F9,14100,1171.00),(AA,14100,1156.00),(AA,11057,1151.00),(DL,12478,1073.00),(AA,13303,1019.00),(DL,11193,1014.00),(DL,11433,1000.00),(AA,14107,986.00),(AA,11278,959.00),(UA,12892,950.00),(AA,13930,945.00),(AA,14100,910.00),(UA,13930,904.00),(UA,12266,902.00),(DL,14492,899.00),(DL,12892,896.00),(AA,12892,887.00)]"
2025-04-17 00:00:00,10,13303,35282,5519,15.617680403605238,1478.0,"[(AA,10423,1478.00),(F9,11193,1242.00),(AA,10994,1217.00),(DL,13487,1114.00),(F9,14100,1100.00),(AA,14107,1050.00),(UA,12266,1030.00),(F9,14100,1008.00),(AA,13495,987.00),(B6,10721,977.00),(DL,10721,973.00),(DL,12478,925.00),(YX,12992,925.00),(AA,14107,920.00),(AA,14107,911.00),(DL,12953,907.00),(B6,12478,870.00),(DL,11433,861.00),(AA,12266,860.00),(DL,10397,842.00)]"
2025-04-18 00:00:00,1,11298,86363,13624,14.660062758357167,1766.0,"[(AA,13303,1766.00),(OH,11953,1500.00),(AA,12173,1490.00),(AA,13930,1419.00),(B6,10721,1412.00),(AA,13303,1322.00),(OH,12217,1318.00),(AA,14492,1272.00),(OH,12992,1198.00),(AA,13244,1175.00),(OH,12217,1172.00),(AA,11638,1147.00),(AA,12094,1144.00),(AA,13851,1098.00),(AA,14193,1078.00),(OH,12448,1058.00),(DL,10397,1021.00),(OH,13277,1020.00),(AA,11057,1003.00),(DL,12953,995.00)]"
2025-04-18 00:00:00,2,10397,85486,12352,13.500339236834101,1300.0,"[(AA,13303,1300.00),(B6,10721,1204.00),(DL,14747,1188.00),(DL,12478,1106.00),(AA,11298,1095.00),(DL,12892,1062.00),(DL,12892,1061.00),(DL,14908,1036.00),(DL,12217,993.00),(DL,14747,977.00),(DL,14771,976.00),(F9,11618,972.00),(F9,13303,968.00),(DL,12889,963.00),(DL,10792,921.00),(F9,13204,920.00),(DL,14689,906.00),(DL,10208,888.00),(AA,12892,874.00),(OO,14696,852.00)]"
2025-04-18 00:00:00,3,11292,87662,11542,11.661700622846844,1899.0,"[(AA,14107,1899.00),(AA,11298,1679.00),(AA,11057,1489.00),(B6,10721,1458.00),(AA,11298,1123.00),(OO,11921,1120.00),(OO,11315,1087.00),(MQ,14107,998.00),(OO,12280,990.00),(OO,14877,986.00),(OO,10713,977.00),(OO,12177,975.00),(AA,13930,961.00),(F9,10397,940.00),(OO,12896,940.00),(OO,14457,931.00),(F9,12889,925.00),(UA,12441,914.00),(AA,11057,910.00),(OO,13158,910.00)]"
2025-04-18 00:00:00,4,13930,79624,11167,13.130450617904149,1986.0,"[(AA,14100,1986.00),(AA,11057,1936.00),(AA,12441,1546.00),(OO,14877,1320.00),(F9,11292,1273.00),(B6,10721,1240.00),(AA,14100,1167.00),(AA,13495,1112.00),(MQ,13459,1052.00),(AA,11278,1051.00),(DL,14869,1025.00),(B6,12478,1018.00),(OO,13282,1014.00),(OO,13184,1012.00),(OO,15370,999.00),(OO,13871,998.00),(NK,10397,977.00),(OO,12559,964.00),(AA,10423,945.00),(OO,10693,933.00)]"
2025-04-18 00:00:00,5,11057,58442,7998,12.062626193490983,1279.0,"[(AA,15016,1279.00),(AA,10257,1233.00),(F9,11298,1203.00),(AA,14100,1148.00),(AA,11278,1113.00),(DL,10397,1041.00),(AA,12478,1030.00),(OH,11973,1026.00),(OH,10599,1009.00),(AA,14107,989.00),(DL,13487,986.00),(F9,12953,980.00),(F9,12953,935.00),(AA,10257,934.00),(DL,10397,913.00),(UA,11618,897.00),(OH,14685,865.00),(AA,11292,845.00),(OH,11252,835.00),(MQ,12992,833.00)]"
2025-04-18 00:00:00,6,11278,39538,6970,16.817441448732865,1587.0,"[(AA,13930,1587.00),(AA,11298,1316.00),(OH,10581,1173.00),(AA,14635,1165.00),(DL,10397,1160.00),(UA,12266,1160.00),(OH,10257,1157.00),(OH,11423,1153.00),(AA,11298,1141.00),(AA,15304,1118.00),(OH,10781,1110.00),(UA,13930,1093.00),(DL,11433,1092.00),(OH,10781,1051.00),(DL,10397,1040.00),(DL,12892,1031.00),(DL,10397,995.00),(B6,14027,976.00),(F9,11292,968.00),(DL,11433,954.00)]"
2025-04-18 00:00:00,7,12889,54157,6569,9.698007644441162,2315.0,"[(AA,11298,2315.00),(OO,14893,1266.00),(G4,14457,1194.00),(DL,12478,1094.00),(G4,11193,1042.00),(DL,10397,1030.00),(G4,14314,1030.00),(G4,10408,964.00),(G4,11193,964.00),(G4,13367,952.00),(DL,12478,942.00),(G4,10666,942.00),(F9,13232,896.00),(AA,13930,893.00),(UA,11618,870.00),(AA,14107,868.00),(B6,12478,866.00),(DL,12892,859.00),(AA,11298,853.00),(F9,11292,838.00)]"
2025-04-18 00:00:00,8,14107,60614,6389,8.198023558913782,1859.0,"[(AA,12478,1859.00),(B6,11697,1163.00),(AA,12173,1159.00),(AA,10693,996.00),(OO,10713,972.00),(DL,14869,963.00),(AA,10397,931.00),(AA,10423,891.00),(F9,13930,871.00),(AA,14262,867.00),(AA,11066,861.00),(AA,13487,855.00),(OO,11695,849.00),(AA,12173,829.00),(AA,12889,820.00),(OO,14698,796.00),(OO,10561,793.00),(DL,10397,791.00),(OO,14771,781.00),(OO,13158,768.00)]"
2025-04-18 00:00:00,9,13204,48212,6123,11.629760225669958,1305.0,"[(AA,13930,1305.00),(DL,11433,1196.00),(AA,13930,1186.00),(F9,14100,1171.00),(AA,14100,1156.00),(AA,11057,1151.00),(DL,12478,1073.00),(AA,13303,1019.00),(DL,11193,1014.00),(DL,11433,1000.00),(AA,14107,986.00),(AA,11278,959.00),(UA,12892,950.00),(AA,13930,945.00),(AA,14100,910.00),(UA,13930,904.00),(UA,12266,902.00),(DL,14492,899.00),(DL,12892,896.00),(AA,12892,887.00)]"
2025-04-18 00:00:00,10,13303,35612,5563,15.56458497135797,1478.0,"[(AA,10423,1478.00),(F9,11193,1242.00),(AA,10994,1217.00),(DL,13487,1114.00),(F9,14100,1100.00),(AA,14107,1050.00),(UA,12266,1030.00),(F9,14100,1008.00),(AA,13495,987.00),(B6,10721,977.00),(DL,10721,973.00),(DL,12478,925.00),(YX,12992,925.00),(AA,14107,920.00),(AA,14107,911.00),(DL,12953,907.00),(B6,12478,870.00),(DL,11433,861.00),(AA,12266,860.00),(DL,10397,842.00)]"
2025-04-19 00:00:00,1,11298,87237,13752,14.631922234831551,1766.0,"[(AA,13303,1766.00),(OH,11953,1500.00),(AA,12173,1490.00),(AA,13930,1419.00),(B6,10721,1412.00),(AA,13303,1322.00),(OH,12217,1318.00),(AA,14492,1272.00),(OH,12992,1198.00),(AA,13244,1175.00),(OH,12217,1172.00),(AA,11638,1147.00),(AA,12094,1144.00),(AA,13851,1098.00),(AA,14193,1078.00),(OH,12448,1058.00),(DL,10397,1021.00),(OH,13277,1020.00),(AA,11057,1003.00),(DL,12953,995.00)]"
2025-04-19 00:00:00,2,10397,86375,12410,13.39827496382055,1300.0,"[(AA,13303,1300.00),(B6,10721,1204.00),(DL,14747,1188.00),(DL,12478,1106.00),(AA,11298,1095.00),(DL,12892,1062.00),(DL,12892,1061.00),(DL,14908,1036.00),(DL,12217,993.00),(DL,14747,977.00),(DL,14771,976.00),(F9,11618,972.00),(F9,13303,968.00),(DL,12889,963.00),(DL,10792,921.00),(F9,13204,920.00),(DL,14689,906.00),(DL,10208,888.00),(AA,12892,874.00),(OO,14696,852.00)]"
2025-04-19 00:00:00,3,11292,88466,12029,12.331144168381073,1899.0,"[(AA,14107,1899.00),(AA,11298,1679.00),(AA,11057,1489.00),(B6,10721,1458.00),(AA,11298,1123.00),(OO,11921,1120.00),(OO,11315,1087.00),(MQ,14107,998.00),(OO,12280,990.00),(OO,14877,986.00),(OO,10713,977.00),(OO,12177,975.00),(AA,13930,961.00),(F9,10397,940.00),(OO,12896,940.00),(OO,14457,931.00),(F9,12889,925.00),(UA,12441,914.00),(AA,11057,910.00),(OO,13158,910.00)]"
2025-04-19 00:00:00,4,13930,80536,11258,13.067063176716003,1986.0,"[(AA,14100,1986.00),(AA,11057,1936.00),(AA,12441,1546.00),(OO,14877,1320.00),(F9,11292,1273.00),(B6,10721,1240.00),(AA,14100,1167.00),(AA,13495,1112.00),(MQ,13459,1052.00),(AA,11278,1051.00),(DL,14869,1025.00),(B6,12478,1018.00),(OO,13282,1014.00),(OO,13184,1012.00),(OO,15370,999.00),(OO,13871,998.00),(NK,10397,977.00),(OO,12559,964.00),(AA,10423,945.00),(OO,10693,933.00)]"
2025-04-19 00:00:00,5,11057,59031,8069,12.053514255221833,1279.0,"[(AA,15016,1279.00),(AA,10257,1233.00),(F9,11298,1203.00),(AA,14100,1148.00),(AA,11278,1113.00),(DL,10397,1041.00),(AA,12478,1030.00),(OH,11973,1026.00),(OH,10599,1009.00),(AA,14107,989.00),(DL,13487,986.00),(F9,12953,980.00),(F9,12953,935.00),(AA,10257,934.00),(DL,10397,913.00),(UA,11618,897.00),(OH,14685,865.00),(AA,11292,845.00),(OH,11252,835.00),(MQ,12992,833.00)]"
2025-04-19 00:00:00,6,11278,39956,7001,16.675668235058563,1587.0,"[(AA,13930,1587.00),(AA,11298,1316.00),(OH,10581,1173.00),(AA,14635,1165.00),(DL,10397,1160.00),(UA,12266,1160.00),(OH,10257,1157.00),(OH,11423,1153.00),(AA,11298,1141.00),(AA,15304,1118.00),(OH,10781,1110.00),(UA,13930,1093.00),(DL,11433,1092.00),(OH,10781,1051.00),(DL,10397,1040.00),(DL,12892,1031.00),(DL,10397,995.00),(B6,14027,976.00),(F9,11292,968.00),(DL,11433,954.00)]"
2025-04-19 00:00:00,7,12889,54747,6664,9.746780645514823,2315.0,"[(AA,11298,2315.00),(OO,14893,1266.00),(G4,14457,1194.00),(DL,12478,1094.00),(G4,11193,1042.00),(DL,10397,1030.00),(G4,14314,1030.00),(G4,10408,964.00),(G4,11193,964.00),(G4,13367,952.00),(DL,12478,942.00),(G4,10666,942.00),(F9,13232,896.00),(AA,13930,893.00),(UA,11618,870.00),(AA,14107,868.00),(B6,12478,866.00),(DL,12892,859.00),(AA,11298,853.00),(F9,11292,838.00)]"
2025-04-19 00:00:00,8,14107,61246,6506,8.289618913888255,1859.0,"[(AA,12478,1859.00),(B6,11697,1163.00),(AA,12173,1159.00),(AA,10693,996.00),(OO,10713,972.00),(DL,14869,963.00),(AA,10397,931.00),(AA,10423,891.00),(F9,13930,871.00),(AA,14262,867.00),(AA,11066,861.00),(AA,13487,855.00),(OO,11695,849.00),(AA,12173,829.00),(AA,12889,820.00),(OO,14698,796.00),(OO,10561,793.00),(DL,10397,791.00),(OO,14771,781.00),(OO,13158,768.00)]"
2025-04-19 00:00:00,9,13204,48705,6174,11.596242685555898,1305.0,"[(AA,13930,1305.00),(DL,11433,1196.00),(AA,13930,1186.00),(F9,14100,1171.00),(AA,14100,1156.00),(AA,11057,1151.00),(DL,12478,1073.00),(AA,13303,1019.00),(DL,11193,1014.00),(DL,11433,1000.00),(AA,14107,986.00),(AA,11278,959.00),(UA,12892,950.00),(AA,13930,945.00),(AA,14100,910.00),(UA,13930,904.00),(UA,12266,902.00),(DL,14492,899.00),(DL,12892,896.00),(AA,12892,887.00)]"
2025-04-19 00:00:00,10,13303,35943,5600,15.511615613610438,1478.0,"[(AA,10423,1478.00),(F9,11193,1242.00),(AA,10994,1217.00),(DL,13487,1114.00),(F9,14100,1100.00),(AA,14107,1050.00),(UA,12266,1030.00),(F9,14100,1008.00),(AA,13495,987.00),(B6,10721,977.00),(DL,10721,973.00),(DL,12478,925.00),(YX,12992,925.00),(AA,14107,920.00),(AA,14107,911.00),(DL,12953,907.00),(B6,12478,870.00),(DL,11433,861.00),(AA,12266,860.00),(DL,10397,842.00)]"
2025-04-20 00:00:00,1,11298,87984,13952,14.728382433169667,1766.0,"[(AA,13303,1766.00),(OH,11953,1500.00),(AA,12173,1490.00),(AA,13930,1419.00),(B6,10721,1412.00),(AA,13303,1322.00),(OH,12217,1318.00),(AA,14492,1272.00),(OH,12992,1198.00),(AA,13244,1175.00),(OH,12217,1172.00),(AA,11638,1147.00),(AA,12094,1144.00),(AA,13851,1098.00),(AA,14193,1078.00),(OH,12448,1058.00),(DL,10397,1021.00),(OH,13277,1020.00),(AA,11057,1003.00),(DL,12953,995.00)]"
2025-04-20 00:00:00,2,10397,87115,12495,13.360316822590828,1300.0,"[(AA,13303,1300.00),(B6,10721,1204.00),(DL,14747,1188.00),(DL,12478,1106.00),(AA,11298,1095.00),(DL,12892,1062.00),(DL,12892,1061.00),(DL,14908,1036.00),(DL,12217,993.00),(DL,14747,977.00),(DL,14771,976.00),(F9,11618,972.00),(F9,13303,968.00),(DL,12889,963.00),(DL,10792,921.00),(F9,13204,920.00),(DL,14689,906.00),(DL,10208,888.00),(AA,12892,874.00),(OO,14696,852.00)]"
2025-04-20 00:00:00,3,11292,89239,12101,12.295924427660552,1899.0,"[(AA,14107,1899.00),(AA,11298,1679.00),(AA,13930,1554.00),(AA,11057,1489.00),(B6,10721,1458.00),(AA,11298,1123.00),(OO,11921,1120.00),(OO,11315,1087.00),(MQ,14107,998.00),(OO,12280,990.00),(OO,14877,986.00),(OO,10713,977.00),(OO,12177,975.00),(AA,13930,961.00),(F9,10397,940.00),(OO,12896,940.00),(OO,14457,931.00),(F9,12889,925.00),(UA,12441,914.00),(OO,13158,910.00)]"
2025-04-20 00:00:00,4,13930,81347,11324,13.004683639224556,1986.0,"[(AA,14100,1986.00),(AA,11057,1936.00),(AA,12441,1546.00),(OO,14877,1320.00),(F9,11292,1273.00),(B6,10721,1240.00),(AA,14100,1167.00),(AA,13495,1112.00),(MQ,13459,1052.00),(AA,11278,1051.00),(DL,14869,1025.00),(B6,12478,1018.00),(OO,13282,1014.00),(OO,13184,1012.00),(OO,15370,999.00),(OO,13871,998.00),(NK,10397,977.00),(OO,12559,964.00),(AA,10423,945.00),(OO,10693,933.00)]"
2025-04-20 00:00:00,5,11057,59567,8109,12.014722917051387,1279.0,"[(AA,15016,1279.00),(AA,10257,1233.00),(F9,11298,1203.00),(AA,14100,1148.00),(AA,11278,1113.00),(DL,10397,1041.00),(AA,12478,1030.00),(OH,11973,1026.00),(OH,10599,1009.00),(AA,14107,989.00),(DL,13487,986.00),(F9,12953,980.00),(F9,12953,935.00),(AA,10257,934.00),(DL,10397,913.00),(UA,11618,897.00),(OH,14685,865.00),(AA,11292,845.00),(OH,11252,835.00),(MQ,12992,833.00)]"
2025-04-20 00:00:00,6,11278,40268,7020,16.556570974471043,1587.0,"[(AA,13930,1587.00),(AA,11298,1316.00),(OH,10581,1173.00),(AA,14635,1165.00),(DL,10397,1160.00),(UA,12266,1160.00),(OH,10257,1157.00),(OH,11423,1153.00),(AA,11298,1141.00),(AA,15304,1118.00),(OH,10781,1110.00),(UA,13930,1093.00),(DL,11433,1092.00),(OH,10781,1051.00),(DL,10397,1040.00),(DL,12892,1031.00),(DL,10397,995.00),(B6,14027,976.00),(F9,11292,968.00),(DL,11433,954.00)]"
2025-04-20 00:00:00,7,12889,55188,6706,9.720881351018337,2315.0,"[(AA,11298,2315.00),(OO,14893,1266.00),(G4,14457,1194.00),(DL,12478,1094.00),(G4,11193,1042.00),(DL,10397,1030.00),(G4,14314,1030.00),(G4,10408,964.00),(G4,11193,964.00),(G4,13367,952.00),(DL,12478,942.00),(G4,10666,942.00),(F9,13232,896.00),(AA,13930,893.00),(UA,11618,870.00),(AA,14107,868.00),(B6,12478,866.00),(DL,12892,859.00),(AA,11298,853.00),(F9,11292,838.00)]"
2025-04-20 00:00:00,8,14107,61797,6553,8.277651018657863,1859.0,"[(AA,12478,1859.00),(B6,11697,1163.00),(AA,12173,1159.00),(AA,10693,996.00),(OO,10713,972.00),(DL,14869,963.00),(AA,10397,931.00),(AA,10423,891.00),(F9,13930,871.00),(AA,14262,867.00),(AA,11066,861.00),(AA,13487,855.00),(OO,11695,849.00),(AA,12173,829.00),(AA,12889,820.00),(OO,14698,796.00),(OO,10561,793.00),(DL,10397,791.00),(OO,14771,781.00),(OO,13158,768.00)]"
2025-04-20 00:00:00,9,13204,49203,6228,11.56368514114993,1305.0,"[(AA,13930,1305.00),(DL,11433,1196.00),(AA,13930,1186.00),(F9,14100,1171.00),(AA,14100,1156.00),(AA,11057,1151.00),(DL,12478,1073.00),(AA,13303,1019.00),(DL,11193,1014.00),(DL,11433,1000.00),(AA,14107,986.00),(AA,11278,959.00),(UA,12892,950.00),(AA,13930,945.00),(AA,14100,910.00),(UA,13930,904.00),(UA,12266,902.00),(DL,14492,899.00),(DL,12892,896.00),(AA,12892,887.00)]"
2025-04-20 00:00:00,10,13303,36272,5637,15.432234230260256,1478.0,"[(AA,10423,1478.00),(F9,11193,1242.00),(AA,10994,1217.00),(DL,13487,1114.00),(F9,14100,1100.00),(AA,14107,1050.00),(UA,12266,1030.00),(F9,14100,1008.00),(AA,13495,987.00),(B6,10721,977.00),(DL,10721,973.00),(DL,12478,925.00),(YX,12992,925.00),(AA,14107,920.00),(AA,14107,911.00),(DL,12953,907.00),(B6,12478,870.00),(DL,11433,861.00),(AA,12266,860.00),(DL,10397,842.00)]"
2025-04-21 00:00:00,1,11298,88842,14169,14.858310258661444,1766.0,"[(AA,13303,1766.00),(OH,11953,1500.00),(AA,12173,1490.00),(AA,13930,1419.00),(B6,10721,1412.00),(AA,13303,1322.00),(OH,12217,1318.00),(AA,14492,1272.00),(OH,12992,1198.00),(AA,13244,1175.00),(OH,12217,1172.00),(AA,11638,1147.00),(AA,12094,1144.00),(AA,13851,1098.00),(AA,14193,1078.00),(OH,12448,1058.00),(DL,10397,1021.00),(OH,13277,1020.00),(AA,11057,1003.00),(DL,12953,995.00)]"
2025-04-21 00:00:00,2,10397,88000,12583,13.305920454545454,1300.0,"[(AA,13303,1300.00),(B6,10721,1204.00),(DL,14747,1188.00),(DL,12478,1106.00),(AA,11298,1095.00),(DL,12892,1062.00),(DL,12892,1061.00),(DL,14908,1036.00),(DL,12217,993.00),(DL,14747,977.00),(DL,14771,976.00),(F9,11618,972.00),(F9,13303,968.00),(DL,12889,963.00),(DL,10792,921.00),(F9,13204,920.00),(DL,14689,906.00),(DL,10208,888.00),(AA,12892,874.00),(OO,14696,852.00)]"
2025-04-21 00:00:00,3,11292,90111,12166,12.215445395123792,1899.0,"[(AA,14107,1899.00),(AA,11298,1679.00),(AA,13930,1554.00),(AA,11057,1489.00),(B6,10721,1458.00),(AA,11298,1123.00),(OO,11921,1120.00),(OO,11315,1087.00),(MQ,14107,998.00),(OO,12280,990.00),(OO,14877,986.00),(OO,10713,977.00),(OO,12177,975.00),(AA,13930,961.00),(F9,10397,940.00),(OO,12896,940.00),(OO,14457,931.00),(F9,12889,925.00),(UA,12441,914.00),(OO,13158,910.00)]"
2025-04-21 00:00:00,4,13930,82217,11493,13.04872471629955,1986.0,"[(AA,14100,1986.00),(AA,11057,1936.00),(AA,12441,1546.00),(OO,14877,1320.00),(F9,11292,1273.00),(B6,10721,1240.00),(AA,14100,1167.00),(AA,13495,1112.00),(MQ,13459,1052.00),(AA,11278,1051.00),(DL,14869,1025.00),(B6,12478,1018.00),(OO,13282,1014.00),(OO,13184,1012.00),(OO,15370,999.00),(OO,13871,998.00),(NK,10397,977.00),(OO,12559,964.00),(AA,10423,945.00),(OO,10693,933.00)]"
2025-04-21 00:00:00,5,11057,60147,8186,12.020449897750511,1279.0,"[(AA,15016,1279.00),(AA,10257,1233.00),(F9,11298,1203.00),(AA,14100,1148.00),(AA,11278,1113.00),(DL,10397,1041.00),(AA,12478,1030.00),(OH,11973,1026.00),(OH,10599,1009.00),(AA,14107,989.00),(DL,13487,986.00),(F9,12953,980.00),(F9,12953,935.00),(AA,10257,934.00),(DL,10397,913.00),(UA,11618,897.00),(OH,14685,865.00),(AA,11292,845.00),(OH,11252,835.00),(MQ,12992,833.00)]"
2025-04-21 00:00:00,6,11278,40671,7049,16.421897666642078,1587.0,"[(AA,13930,1587.00),(AA,11298,1316.00),(OH,10581,1173.00),(AA,14635,1165.00),(DL,10397,1160.00),(UA,12266,1160.00),(OH,10257,1157.00),(OH,11423,1153.00),(AA,11298,1141.00),(AA,15304,1118.00),(OH,10781,1110.00),(UA,13930,1093.00),(DL,11433,1092.00),(OH,10781,1051.00),(DL,10397,1040.00),(DL,12892,1031.00),(DL,10397,995.00),(B6,14027,976.00),(F9,11292,968.00),(DL,11433,954.00)]"
2025-04-21 00:00:00,7,12889,55777,6762,9.702189074349642,2315.0,"[(AA,11298,2315.00),(OO,14893,1266.00),(UA,11618,1242.00),(G4,14457,1194.00),(DL,12478,1094.00),(G4,11193,1042.00),(DL,10397,1030.00),(G4,14314,1030.00),(G4,10408,964.00),(G4,11193,964.00),(G4,13367,952.00),(DL,12478,942.00),(G4,10666,942.00),(F9,13232,896.00),(AA,13930,893.00),(UA,11618,870.00),(AA,14107,868.00),(B6,12478,866.00),(DL,12892,859.00),(AA,11298,853.00)]"
2025-04-21 00:00:00,8,14107,62409,6619,8.298418497332115,1859.0,"[(AA,12478,1859.00),(B6,11697,1163.00),(AA,12173,1159.00),(AA,10693,996.00),(OO,10713,972.00),(DL,14869,963.00),(AA,10397,931.00),(AA,10423,891.00),(F9,13930,871.00),(AA,14262,867.00),(AA,11066,861.00),(AA,13487,855.00),(OO,11695,849.00),(AA,12173,829.00),(AA,12889,820.00),(OO,14698,796.00),(OO,10561,793.00),(DL,10397,791.00),(OO,14771,781.00),(OO,13158,768.00)]"
2025-04-21 00:00:00,9,13204,49706,6296,11.590230555667324,1305.0,"[(AA,13930,1305.00),(DL,11433,1196.00),(AA,13930,1186.00),(F9,14100,1171.00),(AA,14100,1156.00),(AA,11057,1151.00),(DL,12478,1073.00),(AA,13303,1019.00),(DL,11193,1014.00),(DL,11433,1000.00),(AA,14107,986.00),(AA,11278,959.00),(UA,12892,950.00),(AA,13930,945.00),(AA,14100,910.00),(UA,13930,904.00),(UA,12266,902.00),(DL,14492,899.00),(DL,12892,896.00),(AA,12892,887.00)]"
2025-04-21 00:00:00,10,13303,36609,5691,15.41432434647218,1478.0,"[(AA,10423,1478.00),(F9,11193,1242.00),(AA,10994,1217.00),(DL,13487,1114.00),(F9,14100,1100.00),(AA,14107,1050.00),(UA,12266,1030.00),(F9,14100,1008.00),(AA,13495,987.00),(B6,10721,977.00),(DL,10721,973.00),(DL,12478,925.00),(YX,12992,925.00),(AA,14107,920.00),(AA,14107,911.00),(DL,12953,907.00),(B6,12478,870.00),(DL,11433,861.00),(AA,12266,860.00),(DL,10397,842.00)]"
2025-04-22 00:00:00,1,11298,89716,14292,14.845412189575995,1766.0,"[(AA,13303,1766.00),(OH,11953,1500.00),(AA,12173,1490.00),(AA,13930,1419.00),(B6,10721,1412.00),(AA,13303,1322.00),(OH,12217,1318.00),(AA,14492,1272.00),(OH,12992,1198.00),(AA,13244,1175.00),(OH,12217,1172.00),(AA,11638,1147.00),(AA,12094,1144.00),(AA,13851,1098.00),(AA,14193,1078.00),(OH,12448,1058.00),(DL,10397,1021.00),(OH,13277,1020.00),(AA,11057,1003.00),(DL,12953,995.00)]"
2025-04-22 00:00:00,2,10397,88896,12712,13.326055165586753,1300.0,"[(AA,13303,1300.00),(B6,10721,1204.00),(DL,14747,1188.00),(DL,12478,1106.00),(AA,11298,1095.00),(F9,12266,1090.00),(DL,12892,1062.00),(DL,12892,1061.00),(DL,14908,1036.00),(DL,12217,993.00),(DL,14747,977.00),(DL,14771,976.00),(F9,11618,972.00),(F9,13303,968.00),(DL,12889,963.00),(DL,10792,921.00),(F9,13204,920.00),(DL,14689,906.00),(DL,10208,888.00),(AA,12892,874.00)]"
2025-04-22 00:00:00,3,11292,90979,12235,12.156904340562107,1899.0,"[(AA,14107,1899.00),(AA,11298,1679.00),(AA,13930,1554.00),(AA,11057,1489.00),(B6,10721,1458.00),(AA,11298,1123.00),(OO,11921,1120.00),(OO,11315,1087.00),(MQ,14107,998.00),(OO,12280,990.00),(OO,14877,986.00),(OO,10713,977.00),(OO,12177,975.00),(AA,13930,961.00),(F9,10397,940.00),(OO,12896,940.00),(OO,14457,931.00),(F9,12889,925.00),(UA,12441,914.00),(OO,13158,910.00)]"
2025-04-22 00:00:00,4,13930,83128,11575,12.978094023674334,1986.0,"[(AA,14100,1986.00),(AA,11057,1936.00),(AA,12441,1546.00),(OO,14877,1320.00),(F9,11292,1273.00),(B6,10721,1240.00),(AA,14100,1167.00),(AA,13495,1112.00),(MQ,13459,1052.00),(AA,11278,1051.00),(DL,14869,1025.00),(B6,12478,1018.00),(OO,13282,1014.00),(OO,13184,1012.00),(OO,15370,999.00),(OO,13871,998.00),(NK,10397,977.00),(OO,12559,964.00),(AA,10423,945.00),(OO,10693,933.00)]"
2025-04-22 00:00:00,5,11057,60740,8255,12.003572604543958,1279.0,"[(AA,15016,1279.00),(AA,10257,1233.00),(F9,11298,1203.00),(AA,14100,1148.00),(AA,11278,1113.00),(DL,10397,1041.00),(AA,12478,1030.00),(OH,11973,1026.00),(OH,10599,1009.00),(AA,14107,989.00),(DL,13487,986.00),(F9,12953,980.00),(F9,12953,935.00),(AA,10257,934.00),(DL,10397,913.00),(UA,11618,897.00),(OH,14685,865.00),(AA,11292,845.00),(OH,11252,835.00),(MQ,12992,833.00)]"
2025-04-22 00:00:00,6,11278,41088,7093,16.34328757788162,1587.0,"[(AA,13930,1587.00),(AA,11298,1316.00),(OH,10581,1173.00),(AA,14635,1165.00),(DL,10397,1160.00),(UA,12266,1160.00),(OH,10257,1157.00),(OH,11423,1153.00),(AA,11298,1141.00),(AA,15304,1118.00),(OH,10781,1110.00),(UA,13930,1093.00),(DL,11433,1092.00),(OH,10781,1051.00),(DL,10397,1040.00),(DL,12892,1031.00),(DL,10397,995.00),(B6,14027,976.00),(F9,11292,968.00),(DL,11433,954.00)]"
2025-04-22 00:00:00,7,12889,56367,6841,9.713981584969929,2315.0,"[(AA,11298,2315.00),(OO,14893,1266.00),(UA,11618,1242.00),(G4,14457,1194.00),(DL,12478,1094.00),(G4,11193,1042.00),(DL,10397,1030.00),(G4,14314,1030.00),(G4,10408,964.00),(G4,11193,964.00),(G4,13367,952.00),(DL,12478,942.00),(G4,10666,942.00),(F9,13232,896.00),(AA,13930,893.00),(UA,11618,870.00),(AA,14107,868.00),(B6,12478,866.00),(DL,12892,859.00),(AA,11298,853.00)]"
2025-04-22 00:00:00,8,14107,63043,6672,8.287264248211539,1859.0,"[(AA,12478,1859.00),(B6,11697,1163.00),(AA,12173,1159.00),(AA,10693,996.00),(OO,10713,972.00),(DL,14869,963.00),(AA,10397,931.00),(AA,10423,891.00),(F9,13930,871.00),(AA,14262,867.00),(AA,11066,861.00),(AA,13487,855.00),(OO,11695,849.00),(AA,12173,829.00),(AA,12889,820.00),(OO,14698,796.00),(OO,10561,793.00),(DL,10397,791.00),(OO,14771,781.00),(OO,13158,768.00)]"
2025-04-22 00:00:00,9,13204,50190,6400,11.695118549511855,1305.0,"[(AA,13930,1305.00),(DL,11433,1196.00),(AA,13930,1186.00),(F9,14100,1171.00),(AA,14100,1156.00),(AA,11057,1151.00),(DL,12478,1073.00),(AA,13303,1019.00),(DL,11193,1014.00),(DL,11433,1000.00),(AA,14107,986.00),(AA,11278,959.00),(UA,12892,950.00),(AA,13930,945.00),(AA,14100,910.00),(UA,13930,904.00),(UA,12266,902.00),(DL,14492,899.00),(DL,12892,896.00),(AA,12892,887.00)]"
2025-04-22 00:00:00,10,13303,36938,5736,15.412908116302994,1478.0,"[(AA,10423,1478.00),(F9,11193,1242.00),(AA,10994,1217.00),(DL,13487,1114.00),(F9,14100,1100.00),(AA,14107,1050.00),(UA,12266,1030.00),(F9,14100,1008.00),(AA,13495,987.00),(B6,10721,977.00),(DL,10721,973.00),(DL,12478,925.00),(YX,12992,925.00),(AA,14107,920.00),(AA,14107,911.00),(DL,12953,907.00),(B6,12478,870.00),(DL,11433,861.00),(AA,12266,860.00),(DL,10397,842.00)]"
2025-04-23 00:00:00,1,11298,90562,14345,14.744197345464986,1766.0,"[(AA,13303,1766.00),(OH,11953,1500.00),(AA,12173,1490.00),(AA,13930,1419.00),(B6,10721,1412.00),(AA,13303,1322.00),(OH,12217,1318.00),(AA,14492,1272.00),(OH,12992,1198.00),(AA,13244,1175.00),(OH,12217,1172.00),(AA,11638,1147.00),(AA,12094,1144.00),(AA,13851,1098.00),(AA,14193,1078.00),(OH,12448,1058.00),(DL,10397,1021.00),(OH,13277,1020.00),(AA,11057,1003.00),(DL,12953,995.00)]"
2025-04-23 00:00:00,2,10397,89713,12755,13.228372699608752,1300.0,"[(AA,13303,1300.00),(B6,10721,1204.00),(DL,14747,1188.00),(DL,12478,1106.00),(AA,11298,1095.00),(F9,12266,1090.00),(DL,12892,1062.00),(DL,12892,1061.00),(DL,14908,1036.00),(DL,12217,993.00),(DL,14747,977.00),(DL,14771,976.00),(F9,11618,972.00),(F9,13303,968.00),(DL,12889,963.00),(DL,10792,921.00),(F9,13204,920.00),(DL,14689,906.00),(DL,10208,888.00),(AA,12892,874.00)]"
2025-04-23 00:00:00,3,11292,91778,12274,12.071509512083505,1899.0,"[(AA,14107,1899.00),(AA,11298,1679.00),(AA,13930,1554.00),(AA,11057,1489.00),(B6,10721,1458.00),(AA,11298,1123.00),(OO,11921,1120.00),(OO,11315,1087.00),(MQ,14107,998.00),(OO,12280,990.00),(OO,14877,986.00),(OO,10713,977.00),(OO,12177,975.00),(AA,13930,961.00),(F9,10397,940.00),(OO,12896,940.00),(OO,14457,931.00),(F9,12889,925.00),(UA,12441,914.00),(OO,13158,910.00)]"
2025-04-23 00:00:00,4,13930,83948,11625,12.870526992900366,1986.0,"[(AA,14100,1986.00),(AA,11057,1936.00),(AA,12441,1546.00),(OO,14877,1320.00),(F9,11292,1273.00),(B6,10721,1240.00),(AA,14100,1167.00),(AA,13495,1112.00),(MQ,13459,1052.00),(AA,11278,1051.00),(DL,14869,1025.00),(B6,12478,1018.00),(OO,13282,1014.00),(OO,13184,1012.00),(OO,15370,999.00),(OO,13871,998.00),(NK,10397,977.00),(OO,12559,964.00),(AA,10423,945.00),(OO,10693,933.00)]"
2025-04-23 00:00:00,5,11057,61285,8312,11.964183731745125,1279.0,"[(AA,15016,1279.00),(AA,10257,1233.00),(F9,11298,1203.00),(AA,14100,1148.00),(AA,11278,1113.00),(DL,10397,1041.00),(AA,12478,1030.00),(OH,11973,1026.00),(OH,10599,1009.00),(AA,14107,989.00),(DL,13487,986.00),(F9,12953,980.00),(F9,12953,935.00),(AA,10257,934.00),(DL,10397,913.00),(UA,11618,897.00),(OH,14685,865.00),(AA,11292,845.00),(OH,11252,835.00),(MQ,12992,833.00)]"
2025-04-23 00:00:00,6,11278,41505,7128,16.21433562221419,1587.0,"[(AA,13930,1587.00),(AA,11298,1316.00),(OH,10581,1173.00),(AA,14635,1165.00),(DL,10397,1160.00),(UA,12266,1160.00),(OH,10257,1157.00),(OH,11423,1153.00),(AA,11298,1141.00),(AA,15304,1118.00),(OH,10781,1110.00),(UA,13930,1093.00),(DL,11433,1092.00),(OH,10781,1051.00),(DL,10397,1040.00),(DL,12892,1031.00),(DL,10397,995.00),(B6,14027,976.00),(F9,11292,968.00),(DL,11433,954.00)]"
2025-04-23 00:00:00,7,12889,56839,6864,9.671282042259715,2315.0,"[(AA,11298,2315.00),(OO,14893,1266.00),(UA,11618,1242.00),(G4,14457,1194.00),(DL,12478,1094.00),(G4,11193,1042.00),(DL,10397,1030.00),(G4,14314,1030.00),(G4,10408,964.00),(G4,11193,964.00),(G4,13367,952.00),(DL,12478,942.00),(G4,10666,942.00),(F9,13232,896.00),(AA,13930,893.00),(UA,11618,870.00),(AA,14107,868.00),(B6,12478,866.00),(DL,12892,859.00),(AA,11298,853.00)]"
2025-04-23 00:00:00,8,14107,63604,6700,8.228916420350922,1859.0,"[(AA,12478,1859.00),(B6,11697,1163.00),(AA,12173,1159.00),(AA,10693,996.00),(OO,10713,972.00),(DL,14869,963.00),(AA,10397,931.00),(AA,10423,891.00),(F9,13930,871.00),(AA,14262,867.00),(AA,11066,861.00),(AA,13487,855.00),(OO,11695,849.00),(AA,12173,829.00),(AA,12889,820.00),(OO,14698,796.00),(OO,10561,793.00),(DL,10397,791.00),(OO,14771,781.00),(OO,13158,768.00)]"
2025-04-23 00:00:00,9,13204,50600,6424,11.64096837944664,1305.0,"[(AA,13930,1305.00),(DL,11433,1196.00),(AA,13930,1186.00),(F9,14100,1171.00),(AA,14100,1156.00),(AA,11057,1151.00),(DL,12478,1073.00),(AA,13303,1019.00),(DL,11193,1014.00),(DL,11433,1000.00),(AA,14107,986.00),(AA,11278,959.00),(UA,12892,950.00),(AA,13930,945.00),(AA,14100,910.00),(UA,13930,904.00),(UA,12266,902.00),(DL,14492,899.00),(DL,12892,896.00),(AA,12892,887.00)]"
2025-04-23 00:00:00,10,13303,37246,5757,15.327981528217796,1478.0,"[(AA,10423,1478.00),(F9,11193,1242.00),(AA,10994,1217.00),(DL,13487,1114.00),(F9,14100,1100.00),(AA,14107,1050.00),(UA,12266,1030.00),(F9,14100,1008.00),(AA,13495,987.00),(B6,10721,977.00),(DL,10721,973.00),(DL,12478,925.00),(YX,12992,925.00),(AA,14107,920.00),(AA,14107,911.00),(DL,12953,907.00),(B6,12478,870.00),(DL,11433,861.00),(AA,12266,860.00),(DL,10397,842.00)]"
2025-04-24 00:00:00,1,11298,91407,14835,15.128392792674521,1766.0,"[(AA,13303,1766.00),(OH,11953,1500.00),(AA,12173,1490.00),(AA,13930,1419.00),(B6,10721,1412.00),(AA,13303,1322.00),(OH,12217,1318.00),(AA,14492,1272.00),(OH,12992,1198.00),(AA,13244,1175.00),(OH,12217,1172.00),(AA,11638,1147.00),(AA,12094,1144.00),(AA,13851,1098.00),(AA,14193,1078.00),(OH,12448,1058.00),(DL,10397,1021.00),(OH,13277,1020.00),(AA,11057,1003.00),(DL,12953,995.00)]"
2025-04-24 00:00:00,2,10397,90540,12833,13.168444886238127,1300.0,"[(AA,13303,1300.00),(B6,10721,1204.00),(DL,14747,1188.00),(DL,12478,1106.00),(AA,11298,1095.00),(F9,12266,1090.00),(DL,12892,1062.00),(DL,12892,1061.00),(DL,14908,1036.00),(DL,12217,993.00),(DL,14747,977.00),(DL,14771,976.00),(F9,11618,972.00),(F9,13303,968.00),(DL,12889,963.00),(DL,10792,921.00),(F9,13204,920.00),(DL,14689,906.00),(DL,10208,888.00),(AA,12892,874.00)]"
2025-04-24 00:00:00,3,11292,92595,12382,12.041190129056645,1899.0,"[(AA,14107,1899.00),(AA,11298,1679.00),(AA,13930,1554.00),(AA,11057,1489.00),(B6,10721,1458.00),(AA,11298,1123.00),(OO,11921,1120.00),(OO,11315,1087.00),(MQ,14107,998.00),(OO,12280,990.00),(OO,14877,986.00),(OO,10713,977.00),(OO,12177,975.00),(AA,13930,961.00),(F9,10397,940.00),(OO,12896,940.00),(OO,14457,931.00),(F9,12889,925.00),(UA,12441,914.00),(OO,13158,910.00)]"
2025-04-24 00:00:00,4,13930,84819,11672,12.751977740836368,1986.0,"[(AA,14100,1986.00),(AA,11057,1936.00),(AA,12441,1546.00),(OO,14877,1320.00),(F9,11292,1273.00),(B6,10721,1240.00),(AA,14100,1167.00),(AA,13495,1112.00),(MQ,13459,1052.00),(AA,11278,1051.00),(DL,14869,1025.00),(B6,12478,1018.00),(OO,13282,1014.00),(OO,13184,1012.00),(OO,15370,999.00),(OO,13871,998.00),(NK,10397,977.00),(OO,12559,964.00),(AA,10423,945.00),(OO,10693,933.00)]"
2025-04-24 00:00:00,5,11057,61856,8364,11.926037894464562,1279.0,"[(AA,15016,1279.00),(AA,10257,1233.00),(F9,11298,1203.00),(AA,14100,1148.00),(AA,11278,1113.00),(DL,10397,1041.00),(AA,12478,1030.00),(OH,11973,1026.00),(OH,10599,1009.00),(AA,14107,989.00),(DL,13487,986.00),(F9,12953,980.00),(F9,12953,935.00),(AA,10257,934.00),(DL,10397,913.00),(UA,11618,897.00),(OH,14685,865.00),(AA,11292,845.00),(OH,11252,835.00),(MQ,12992,833.00)]"
2025-04-24 00:00:00,6,11278,41920,7188,16.18668893129771,1587.0,"[(AA,13930,1587.00),(AA,11298,1316.00),(OH,10581,1173.00),(AA,14635,1165.00),(DL,10397,1160.00),(UA,12266,1160.00),(OH,10257,1157.00),(OH,11423,1153.00),(AA,11298,1141.00),(AA,15304,1118.00),(OH,10781,1110.00),(UA,13930,1093.00),(DL,11433,1092.00),(OH,10781,1051.00),(DL,10397,1040.00),(DL,12892,1031.00),(DL,10397,995.00),(B6,14027,976.00),(F9,11292,968.00),(DL,11433,954.00)]"
2025-04-24 00:00:00,7,12889,57320,6902,9.62529658060014,2315.0,"[(AA,11298,2315.00),(OO,14893,1266.00),(UA,11618,1242.00),(G4,14457,1194.00),(DL,12478,1094.00),(G4,11193,1042.00),(DL,10397,1030.00),(G4,14314,1030.00),(G4,10408,964.00),(G4,11193,964.00),(G4,13367,952.00),(DL,12478,942.00),(G4,10666,942.00),(F9,13232,896.00),(AA,13930,893.00),(UA,11618,870.00),(AA,14107,868.00),(B6,12478,866.00),(DL,12892,859.00),(AA,11298,853.00)]"
2025-04-24 00:00:00,8,14107,64178,6752,8.209557792389916,1859.0,"[(AA,12478,1859.00),(B6,11697,1163.00),(AA,12173,1159.00),(AA,10693,996.00),(OO,10713,972.00),(DL,14869,963.00),(AA,10397,931.00),(AA,10423,891.00),(F9,13930,871.00),(AA,14262,867.00),(AA,11066,861.00),(AA,13487,855.00),(OO,11695,849.00),(AA,12173,829.00),(AA,12889,820.00),(OO,14698,796.00),(OO,10561,793.00),(DL,10397,791.00),(OO,14771,781.00),(OO,13158,768.00)]"
2025-04-24 00:00:00,9,13204,51012,6471,11.610346585117227,1305.0,"[(AA,13930,1305.00),(DL,11433,1196.00),(AA,13930,1186.00),(F9,14100,1171.00),(AA,14100,1156.00),(AA,11057,1151.00),(DL,12478,1073.00),(AA,13303,1019.00),(DL,11193,1014.00),(DL,11433,1000.00),(AA,14107,986.00),(AA,11278,959.00),(UA,12892,950.00),(AA,13930,945.00),(AA,14100,910.00),(UA,13930,904.00),(UA,12266,902.00),(DL,14492,899.00),(DL,12892,896.00),(AA,12892,887.00)]"
2025-04-24 00:00:00,10,13303,37558,5780,15.24170616113744,1478.0,"[(AA,10423,1478.00),(F9,11193,1242.00),(AA,10994,1217.00),(DL,13487,1114.00),(F9,14100,1100.00),(AA,14107,1050.00),(UA,12266,1030.00),(F9,14100,1008.00),(AA,13495,987.00),(B6,10721,977.00),(DL,10721,973.00),(DL,12478,925.00),(YX,12992,925.00),(AA,14107,920.00),(AA,14107,911.00),(DL,12953,907.00),(B6,12478,870.00),(DL,11433,861.00),(AA,12266,860.00),(DL,10397,842.00)]"
2025-04-25 00:00:00,1,11298,92130,15208,15.453272549658092,1766.0,"[(AA,13303,1766.00),(OH,11953,1500.00),(AA,12173,1490.00),(AA,13930,1419.00),(B6,10721,1412.00),(AA,13303,1322.00),(OH,12217,1318.00),(AA,14492,1272.00),(OH,12992,1198.00),(AA,13244,1175.00),(OH,12217,1172.00),(AA,11638,1147.00),(AA,12094,1144.00),(AA,13851,1098.00),(AA,14193,1078.00),(OH,12448,1058.00),(DL,10397,1021.00),(OH,13277,1020.00),(AA,11057,1003.00),(DL,12953,995.00)]"
2025-04-25 00:00:00,2,10397,91433,12951,13.148108450996904,1300.0,"[(AA,13303,1300.00),(B6,10721,1204.00),(DL,14747,1188.00),(DL,12478,1106.00),(AA,11298,1095.00),(F9,12266,1090.00),(DL,12892,1062.00),(DL,12892,1061.00),(DL,14908,1036.00),(DL,12217,993.00),(DL,14747,977.00),(DL,14771,976.00),(F9,11618,972.00),(F9,13303,968.00),(DL,12889,963.00),(DL,10792,921.00),(F9,13204,920.00),(DL,14689,906.00),(DL,10208,888.00),(AA,12892,874.00)]"
2025-04-25 00:00:00,3,11292,93452,12726,12.501551598681676,1899.0,"[(AA,14107,1899.00),(AA,11298,1679.00),(AA,13930,1554.00),(AA,11057,1489.00),(B6,10721,1458.00),(AA,11298,1123.00),(OO,11921,1120.00),(OO,11315,1087.00),(MQ,14107,998.00),(OO,12280,990.00),(OO,14877,986.00),(OO,10713,977.00),(OO,12177,975.00),(AA,13930,961.00),(OO,12896,955.00),(F9,10397,940.00),(OO,12896,940.00),(OO,14457,931.00),(F9,12889,925.00),(OO,13158,919.00)]"
2025-04-25 00:00:00,4,13930,85723,11760,12.71782368792506,1986.0,"[(AA,14100,1986.00),(AA,11057,1936.00),(AA,12441,1546.00),(OO,14877,1320.00),(F9,11292,1273.00),(B6,10721,1240.00),(AA,14100,1167.00),(AA,13495,1112.00),(MQ,13459,1052.00),(AA,11278,1051.00),(DL,14869,1025.00),(B6,12478,1018.00),(OO,13282,1014.00),(OO,13184,1012.00),(OO,15370,999.00),(OO,13871,998.00),(NK,10397,977.00),(OO,12559,964.00),(AA,10423,945.00),(OO,10693,933.00)]"
2025-04-25 00:00:00,5,11057,62446,8448,11.930916311693302,1279.0,"[(AA,15016,1279.00),(AA,10257,1233.00),(F9,11298,1203.00),(AA,14100,1148.00),(AA,11278,1113.00),(DL,10397,1041.00),(AA,12478,1030.00),(OH,11973,1026.00),(OH,10599,1009.00),(AA,14107,989.00),(DL,13487,986.00),(F9,12953,980.00),(F9,12953,935.00),(AA,10257,934.00),(DL,10397,913.00),(UA,11618,897.00),(OH,14685,865.00),(AA,11292,845.00),(OH,11252,835.00),(MQ,12992,833.00)]"
2025-04-25 00:00:00,6,11278,42335,7256,16.128191803472305,1587.0,"[(AA,13930,1587.00),(AA,11298,1316.00),(OH,10581,1173.00),(AA,14635,1165.00),(DL,10397,1160.00),(UA,12266,1160.00),(OH,10257,1157.00),(OH,11423,1153.00),(AA,11298,1141.00),(AA,15304,1118.00),(OH,10781,1110.00),(UA,13930,1093.00),(DL,11433,1092.00),(OH,10781,1051.00),(DL,10397,1040.00),(DL,12892,1031.00),(DL,10397,995.00),(B6,14027,976.00),(F9,11292,968.00),(DL,11433,954.00)]"
2025-04-25 00:00:00,7,12889,57899,6989,9.672291403996615,2315.0,"[(AA,11298,2315.00),(OO,14893,1266.00),(UA,11618,1242.00),(G4,14457,1194.00),(DL,12478,1094.00),(G4,11193,1042.00),(DL,10397,1030.00),(G4,14314,1030.00),(G4,10408,964.00),(G4,11193,964.00),(G4,13367,952.00),(DL,12478,942.00),(G4,10666,942.00),(F9,13232,896.00),(AA,13930,893.00),(UA,11618,870.00),(AA,14107,868.00),(B6,12478,866.00),(DL,12892,859.00),(AA,11298,853.00)]"
2025-04-25 00:00:00,8,14107,64798,6869,8.280980894472052,1859.0,"[(AA,12478,1859.00),(B6,11697,1163.00),(AA,12173,1159.00),(AA,10693,996.00),(OO,10713,972.00),(DL,14869,963.00),(AA,10397,931.00),(AA,10423,891.00),(F9,13930,871.00),(AA,14262,867.00),(AA,11066,861.00),(AA,13487,855.00),(OO,11695,849.00),(AA,12173,829.00),(AA,12889,820.00),(OO,14698,796.00),(OO,10561,793.00),(DL,10397,791.00),(OO,14771,781.00),(OO,13158,768.00)]"
2025-04-25 00:00:00,9,13204,51481,6517,11.588430683164663,1305.0,"[(AA,13930,1305.00),(DL,11433,1196.00),(AA,13930,1186.00),(F9,14100,1171.00),(AA,14100,1156.00),(AA,11057,1151.00),(DL,12478,1073.00),(AA,13303,1019.00),(DL,11193,1014.00),(DL,11433,1000.00),(AA,14107,986.00),(AA,11278,959.00),(UA,12892,950.00),(AA,13930,945.00),(AA,14100,910.00),(UA,13930,904.00),(UA,12266,902.00),(DL,14492,899.00),(DL,12892,896.00),(AA,12892,887.00)]"
2025-04-25 00:00:00,10,13303,37881,5812,15.181331010269,1478.0,"[(AA,10423,1478.00),(F9,11193,1242.00),(AA,10994,1217.00),(DL,13487,1114.00),(F9,14100,1100.00),(AA,14107,1050.00),(UA,12266,1030.00),(F9,14100,1008.00),(AA,13495,987.00),(B6,10721,977.00),(DL,10721,973.00),(DL,12478,925.00),(YX,12992,925.00),(NK,12953,922.00),(AA,14107,920.00),(AA,14107,911.00),(DL,12953,907.00),(B6,12478,870.00),(DL,11433,861.00),(AA,12266,860.00)]"
2025-04-26 00:00:00,1,11298,93009,15342,15.46826651184294,1766.0,"[(AA,13303,1766.00),(OH,11953,1500.00),(AA,12173,1490.00),(AA,13930,1419.00),(B6,10721,1412.00),(AA,13303,1322.00),(OH,12217,1318.00),(AA,14492,1272.00),(OH,12992,1198.00),(AA,13244,1175.00),(OH,12217,1172.00),(AA,11638,1147.00),(AA,12094,1144.00),(AA,13851,1098.00),(AA,14193,1078.00),(OH,12448,1058.00),(OO,13277,1034.00),(DL,10397,1021.00),(OH,13277,1020.00),(AA,11057,1003.00)]"
2025-04-26 00:00:00,2,10397,92338,13105,13.194481145357274,1300.0,"[(AA,13303,1300.00),(B6,10721,1204.00),(DL,14747,1188.00),(DL,12478,1106.00),(AA,11298,1095.00),(F9,12266,1090.00),(DL,12892,1062.00),(DL,12892,1061.00),(DL,14908,1036.00),(DL,12217,993.00),(DL,14747,977.00),(DL,14771,976.00),(F9,11618,972.00),(F9,13303,968.00),(DL,12889,963.00),(DL,10792,921.00),(F9,13204,920.00),(DL,14689,906.00),(B6,10721,899.00),(DL,10208,888.00)]"
2025-04-26 00:00:00,3,11292,94318,13070,12.756525795712378,1899.0,"[(AA,14107,1899.00),(AA,11298,1679.00),(AA,13930,1554.00),(AA,11057,1489.00),(B6,10721,1458.00),(AA,11298,1123.00),(OO,11921,1120.00),(OO,11315,1087.00),(MQ,14107,998.00),(OO,12280,990.00),(OO,14877,986.00),(OO,10713,977.00),(OO,12177,975.00),(AA,13930,961.00),(OO,12896,955.00),(F9,10397,940.00),(OO,12896,940.00),(OO,14457,931.00),(F9,12889,925.00),(OO,13158,919.00)]"
2025-04-26 00:00:00,4,13930,86634,11940,12.749971142969272,1986.0,"[(AA,14100,1986.00),(AA,11057,1936.00),(AA,12441,1546.00),(OO,14877,1320.00),(F9,11292,1273.00),(B6,10721,1240.00),(AA,14100,1167.00),(AA,13495,1112.00),(MQ,13459,1052.00),(AA,11278,1051.00),(DL,14869,1025.00),(B6,12478,1018.00),(OO,13282,1014.00),(OO,13184,1012.00),(OO,15370,999.00),(OO,13871,998.00),(NK,10397,977.00),(OO,12559,964.00),(AA,10423,945.00),(OO,10693,933.00)]"
2025-04-26 00:00:00,5,11057,63036,8542,11.946681261501364,1279.0,"[(AA,15016,1279.00),(AA,10257,1233.00),(F9,11298,1203.00),(AA,14100,1148.00),(AA,11278,1113.00),(DL,10397,1041.00),(AA,12478,1030.00),(OH,11973,1026.00),(OH,10599,1009.00),(AA,14107,989.00),(DL,13487,986.00),(F9,12953,980.00),(F9,12953,935.00),(AA,10257,934.00),(DL,10397,913.00),(UA,11618,897.00),(OH,14685,865.00),(AA,11292,845.00),(OH,11252,835.00),(MQ,12992,833.00)]"
2025-04-26 00:00:00,6,11278,42752,7314,16.06989146706587,1587.0,"[(AA,13930,1587.00),(AA,11298,1316.00),(OH,10581,1173.00),(AA,14635,1165.00),(DL,10397,1160.00),(UA,12266,1160.00),(OH,10257,1157.00),(OH,11423,1153.00),(AA,11298,1141.00),(AA,15304,1118.00),(OH,10781,1110.00),(UA,13930,1093.00),(DL,11433,1092.00),(OH,10781,1051.00),(DL,10397,1040.00),(DL,12892,1031.00),(DL,10397,995.00),(B6,14027,976.00),(F9,11292,968.00),(DL,11433,954.00)]"
2025-04-26 00:00:00,7,12889,58488,7076,9.680293393516619,2315.0,"[(AA,11298,2315.00),(OO,14893,1266.00),(UA,11618,1242.00),(G4,14457,1194.00),(DL,12478,1094.00),(G4,11193,1042.00),(DL,10397,1030.00),(G4,14314,1030.00),(G4,10408,964.00),(G4,11193,964.00),(G4,13367,952.00),(DL,12478,942.00),(G4,10666,942.00),(F9,13232,896.00),(AA,13930,893.00),(UA,11618,870.00),(AA,14107,868.00),(B6,12478,866.00),(DL,12892,859.00),(AA,11298,853.00)]"
2025-04-26 00:00:00,8,14107,65427,6954,8.302000703073654,1859.0,"[(AA,12478,1859.00),(B6,11697,1163.00),(AA,12173,1159.00),(AA,10693,996.00),(OO,10713,972.00),(DL,14869,963.00),(AA,10397,931.00),(AA,10423,891.00),(F9,13930,871.00),(AA,14262,867.00),(AA,11066,861.00),(AA,13487,855.00),(OO,11695,849.00),(AA,12173,829.00),(AA,12889,820.00),(OO,14698,796.00),(OO,10561,793.00),(DL,10397,791.00),(OO,14771,781.00),(OO,13158,768.00)]"
2025-04-26 00:00:00,9,13204,51961,6574,11.553780720155501,1305.0,"[(AA,13930,1305.00),(DL,11433,1196.00),(AA,13930,1186.00),(F9,14100,1171.00),(AA,14100,1156.00),(AA,11057,1151.00),(DL,12478,1073.00),(AA,13303,1019.00),(DL,11193,1014.00),(DL,11433,1000.00),(AA,14107,986.00),(AA,11278,959.00),(UA,12892,950.00),(AA,13930,945.00),(AA,14100,910.00),(UA,13930,904.00),(UA,12266,902.00),(DL,14492,899.00),(DL,12892,896.00),(AA,12892,887.00)]"
2025-04-26 00:00:00,10,13303,38207,5843,15.111576412699243,1478.0,"[(AA,10423,1478.00),(F9,11193,1242.00),(AA,10994,1217.00),(DL,13487,1114.00),(F9,14100,1100.00),(AA,14107,1050.00),(UA,12266,1030.00),(F9,14100,1008.00),(AA,13495,987.00),(B6,10721,977.00),(DL,10721,973.00),(DL,12478,925.00),(YX,12992,925.00),(NK,12953,922.00),(AA,14107,920.00),(AA,14107,911.00),(DL,12953,907.00),(B6,12478,870.00),(DL,11433,861.00),(AA,12266,860.00)]"
2025-04-27 00:00:00,1,11298,93778,15457,15.437863891317793,1766.0,"[(AA,13303,1766.00),(OH,11953,1500.00),(AA,12173,1490.00),(AA,13930,1419.00),(B6,10721,1412.00),(AA,13303,1322.00),(OH,12217,1318.00),(AA,14492,1272.00),(OH,12992,1198.00),(AA,13244,1175.00),(OH,12217,1172.00),(AA,11638,1147.00),(AA,12094,1144.00),(AA,13851,1098.00),(AA,14193,1078.00),(OH,12448,1058.00),(OO,13277,1034.00),(DL,10397,1021.00),(OH,13277,1020.00),(AA,11057,1003.00)]"
2025-04-27 00:00:00,2,11292,95077,13217,12.800551132240184,1899.0,"[(AA,14107,1899.00),(AA,11298,1679.00),(AA,13930,1554.00),(AA,11057,1489.00),(B6,10721,1458.00),(AA,11298,1123.00),(OO,11921,1120.00),(OO,11315,1087.00),(MQ,14107,998.00),(OO,12280,990.00),(OO,14877,986.00),(OO,10713,977.00),(OO,12177,975.00),(AA,13930,961.00),(OO,12896,955.00),(F9,10397,940.00),(OO,12896,940.00),(OO,14457,931.00),(F9,12889,925.00),(OO,13158,919.00)]"
2025-04-27 00:00:00,3,10397,93081,13176,13.156433643815602,1300.0,"[(AA,13303,1300.00),(B6,10721,1204.00),(DL,14747,1188.00),(DL,12478,1106.00),(AA,11298,1095.00),(F9,12266,1090.00),(DL,12892,1062.00),(DL,12892,1061.00),(DL,14908,1036.00),(DL,12217,993.00),(DL,14747,977.00),(DL,14771,976.00),(F9,11618,972.00),(F9,13303,968.00),(DL,12889,963.00),(DL,10792,921.00),(F9,13204,920.00),(DL,14689,906.00),(B6,10721,899.00),(DL,10208,888.00)]"
2025-04-27 00:00:00,4,13930,87433,12010,12.694611874235129,1986.0,"[(AA,14100,1986.00),(AA,11057,1936.00),(AA,12441,1546.00),(OO,14877,1320.00),(F9,11292,1273.00),(B6,10721,1240.00),(AA,14100,1167.00),(AA,13495,1112.00),(MQ,13459,1052.00),(AA,11278,1051.00),(DL,14869,1025.00),(B6,12478,1018.00),(OO,13282,1014.00),(OO,13184,1012.00),(OO,15370,999.00),(OO,13871,998.00),(NK,10397,977.00),(OO,12559,964.00),(AA,10423,945.00),(OO,10693,933.00)]"
2025-04-27 00:00:00,5,11057,63572,8594,11.925250110111369,1279.0,"[(AA,15016,1279.00),(AA,10257,1233.00),(F9,11298,1203.00),(AA,14100,1148.00),(AA,11278,1113.00),(DL,10397,1041.00),(AA,12478,1030.00),(OH,11973,1026.00),(OH,10599,1009.00),(AA,14107,989.00),(DL,13487,986.00),(F9,12953,980.00),(F9,12953,935.00),(AA,10257,934.00),(DL,10397,913.00),(UA,11618,897.00),(OH,14685,865.00),(AA,11292,845.00),(OH,11252,835.00),(MQ,12992,833.00)]"
2025-04-27 00:00:00,6,11278,43065,7347,16.052664576802506,1634.0,"[(AA,13930,1634.00),(AA,13930,1587.00),(AA,11298,1316.00),(OH,10581,1173.00),(AA,14635,1165.00),(DL,10397,1160.00),(UA,12266,1160.00),(OH,10257,1157.00),(OH,11423,1153.00),(AA,11298,1141.00),(AA,15304,1118.00),(OH,10781,1110.00),(UA,13930,1093.00),(DL,11433,1092.00),(OH,10781,1051.00),(DL,10397,1040.00),(DL,12892,1031.00),(DL,10397,995.00),(B6,14027,976.00),(F9,11292,968.00)]"
2025-04-27 00:00:00,7,12889,58926,7123,9.665852085666769,2315.0,"[(AA,11298,2315.00),(OO,14893,1266.00),(UA,11618,1242.00),(G4,14457,1194.00),(DL,12478,1094.00),(G4,11193,1042.00),(DL,10397,1030.00),(G4,14314,1030.00),(G4,10408,964.00),(G4,11193,964.00),(G4,13367,952.00),(DL,12478,942.00),(G4,10666,942.00),(F9,13232,896.00),(AA,13930,893.00),(UA,11618,870.00),(AA,14107,868.00),(B6,12478,866.00),(DL,12892,859.00),(AA,11298,853.00)]"
2025-04-27 00:00:00,8,14107,65971,6994,8.274499401252065,1859.0,"[(AA,12478,1859.00),(B6,11697,1163.00),(AA,12173,1159.00),(AA,10693,996.00),(OO,10713,972.00),(DL,14869,963.00),(AA,10397,931.00),(AA,10423,891.00),(F9,13930,871.00),(AA,14262,867.00),(AA,11066,861.00),(AA,13487,855.00),(OO,11695,849.00),(AA,12173,829.00),(AA,12889,820.00),(OO,14698,796.00),(OO,10561,793.00),(DL,10397,791.00),(OO,14771,781.00),(OO,13158,768.00)]"
2025-04-27 00:00:00,9,13204,52426,6616,11.522565139434631,1305.0,"[(AA,13930,1305.00),(DL,11433,1196.00),(AA,13930,1186.00),(F9,14100,1171.00),(AA,14100,1156.00),(AA,11057,1151.00),(DL,12478,1073.00),(AA,13303,1019.00),(DL,11193,1014.00),(DL,11433,1000.00),(AA,14107,986.00),(AA,11278,959.00),(UA,12892,950.00),(AA,13930,945.00),(AA,14100,910.00),(UA,13930,904.00),(UA,12266,902.00),(DL,14492,899.00),(DL,12892,896.00),(AA,12892,887.00)]"
2025-04-27 00:00:00,10,13303,38523,5879,15.0764478363575,1478.0,"[(AA,10423,1478.00),(F9,11193,1242.00),(AA,10994,1217.00),(DL,13487,1114.00),(F9,14100,1100.00),(AA,14107,1050.00),(UA,12266,1030.00),(F9,14100,1008.00),(AA,13495,987.00),(B6,10721,977.00),(DL,10721,973.00),(DL,12478,925.00),(YX,12992,925.00),(NK,12953,922.00),(AA,14107,920.00),(AA,14107,911.00),(DL,12953,907.00),(YX,15370,903.00),(B6,12478,870.00),(DL,11433,861.00)]"
2025-04-28 00:00:00,1,11298,94657,15563,15.384567438224325,1766.0,"[(AA,13303,1766.00),(OH,11953,1500.00),(AA,12173,1490.00),(AA,13930,1419.00),(B6,10721,1412.00),(AA,13303,1322.00),(OH,12217,1318.00),(AA,14492,1272.00),(OH,12992,1198.00),(AA,13244,1175.00),(OH,12217,1172.00),(AA,11638,1147.00),(AA,12094,1144.00),(AA,13851,1098.00),(AA,14193,1078.00),(OH,12448,1058.00),(OO,13277,1034.00),(DL,10397,1021.00),(OH,13277,1020.00),(AA,11057,1003.00)]"
2025-04-28 00:00:00,2,11292,95952,13329,12.787737618809405,1899.0,"[(AA,14107,1899.00),(AA,11298,1679.00),(AA,13930,1554.00),(AA,11057,1489.00),(B6,10721,1458.00),(AA,11298,1123.00),(OO,11921,1120.00),(OO,11315,1087.00),(MQ,14107,998.00),(OO,12280,990.00),(OO,14877,986.00),(OO,10713,977.00),(OO,12177,975.00),(AA,13930,961.00),(OO,12896,955.00),(F9,10397,940.00),(OO,12896,940.00),(OO,14457,931.00),(F9,12889,925.00),(OO,13158,919.00)]"
2025-04-28 00:00:00,3,10397,93986,13257,13.092503138765348,1300.0,"[(AA,13303,1300.00),(B6,10721,1204.00),(DL,14747,1188.00),(DL,12478,1106.00),(AA,11298,1095.00),(F9,12266,1090.00),(DL,12892,1062.00),(DL,12892,1061.00),(DL,14908,1036.00),(DL,12217,993.00),(DL,14747,977.00),(DL,14771,976.00),(F9,11618,972.00),(F9,13303,968.00),(DL,12889,963.00),(DL,10792,921.00),(F9,13204,920.00),(DL,14689,906.00),(B6,10721,899.00),(DL,10208,888.00)]"
2025-04-28 00:00:00,4,13930,88337,12091,12.630754949794536,1986.0,"[(AA,14100,1986.00),(AA,11057,1936.00),(AA,12441,1546.00),(OO,14877,1320.00),(F9,11292,1273.00),(B6,10721,1240.00),(AA,14100,1167.00),(AA,13495,1112.00),(MQ,13459,1052.00),(AA,11278,1051.00),(DL,14869,1025.00),(B6,12478,1018.00),(OO,13282,1014.00),(OO,13184,1012.00),(OO,15370,999.00),(OO,13871,998.00),(NK,10397,977.00),(OO,12559,964.00),(AA,10423,945.00),(OO,10693,933.00)]"
2025-04-28 00:00:00,5,11057,64162,8650,11.874801284249244,1279.0,"[(AA,15016,1279.00),(AA,10257,1233.00),(F9,11298,1203.00),(AA,14100,1148.00),(AA,11278,1113.00),(DL,10397,1041.00),(AA,12478,1030.00),(OH,11973,1026.00),(OH,10599,1009.00),(AA,14107,989.00),(DL,13487,986.00),(F9,12953,980.00),(F9,12953,935.00),(AA,10257,934.00),(DL,10397,913.00),(UA,11618,897.00),(OH,14685,865.00),(AA,11292,845.00),(OH,11252,835.00),(MQ,12992,833.00)]"
2025-04-28 00:00:00,6,11278,43469,7403,15.999585911799214,1634.0,"[(AA,13930,1634.00),(AA,13930,1587.00),(AA,11298,1316.00),(OH,10581,1173.00),(AA,14635,1165.00),(DL,10397,1160.00),(UA,12266,1160.00),(OH,10257,1157.00),(OH,11423,1153.00),(AA,11298,1141.00),(AA,15304,1118.00),(OH,10781,1110.00),(UA,13930,1093.00),(DL,11433,1092.00),(OH,10781,1051.00),(DL,10397,1040.00),(DL,12892,1031.00),(DL,10397,995.00),(B6,14027,976.00),(F9,11292,968.00)]"
2025-04-28 00:00:00,7,12889,59523,7203,9.680190850595569,2315.0,"[(AA,11298,2315.00),(OO,14893,1266.00),(UA,11618,1242.00),(G4,14457,1194.00),(DL,12478,1094.00),(G4,11193,1042.00),(DL,10397,1030.00),(G4,14314,1030.00),(G4,10408,964.00),(G4,11193,964.00),(G4,13367,952.00),(DL,12478,942.00),(G4,10666,942.00),(F9,13232,896.00),(AA,13930,893.00),(UA,11618,870.00),(AA,14107,868.00),(B6,12478,866.00),(DL,12892,859.00),(AA,11298,853.00)]"
2025-04-28 00:00:00,8,14107,66588,7071,8.282152940469754,1859.0,"[(AA,12478,1859.00),(B6,11697,1163.00),(AA,12173,1159.00),(AA,10693,996.00),(OO,10713,972.00),(DL,14869,963.00),(AA,10397,931.00),(AA,10423,891.00),(F9,13930,871.00),(AA,14262,867.00),(AA,11066,861.00),(AA,13487,855.00),(OO,11695,849.00),(AA,12173,829.00),(AA,12889,820.00),(OO,14698,796.00),(OO,10561,793.00),(DL,10397,791.00),(OO,14771,781.00),(OO,13158,768.00)]"
2025-04-28 00:00:00,9,13204,52920,6653,11.467176870748299,1305.0,"[(AA,13930,1305.00),(DL,11433,1196.00),(AA,13930,1186.00),(F9,14100,1171.00),(AA,14100,1156.00),(AA,11057,1151.00),(DL,12478,1073.00),(AA,13303,1019.00),(DL,11193,1014.00),(DL,11433,1000.00),(AA,14107,986.00),(AA,11278,959.00),(UA,12892,950.00),(AA,13930,945.00),(AA,14100,910.00),(UA,13930,904.00),(UA,12266,902.00),(DL,14492,899.00),(DL,12892,896.00),(AA,12892,887.00)]"
2025-04-28 00:00:00,10,13303,38854,5925,15.042749781232306,1478.0,"[(AA,10423,1478.00),(F9,11193,1242.00),(AA,10994,1217.00),(DL,13487,1114.00),(F9,14100,1100.00),(AA,14107,1050.00),(UA,12266,1030.00),(F9,14100,1008.00),(AA,13495,987.00),(B6,10721,977.00),(DL,10721,973.00),(DL,12478,925.00),(YX,12992,925.00),(NK,12953,922.00),(AA,14107,920.00),(AA,14107,911.00),(DL,12953,907.00),(YX,15370,903.00),(B6,12478,870.00),(DL,11433,861.00)]"
2025-04-29 00:00:00,1,11298,95537,15672,15.332865800684552,1766.0,"[(AA,13303,1766.00),(OH,11953,1500.00),(AA,12173,1490.00),(AA,13930,1419.00),(B6,10721,1412.00),(AA,13303,1322.00),(OH,12217,1318.00),(AA,14492,1272.00),(OH,12992,1198.00),(AA,13244,1175.00),(OH,12217,1172.00),(AA,11638,1147.00),(AA,12094,1144.00),(AA,13851,1098.00),(AA,14193,1078.00),(OH,12448,1058.00),(OO,13277,1034.00),(DL,10397,1021.00),(OH,13277,1020.00),(AA,11057,1003.00)]"
2025-04-29 00:00:00,2,11292,96821,13426,12.75325600851055,1899.0,"[(AA,14107,1899.00),(AA,11298,1679.00),(AA,13930,1554.00),(AA,11057,1489.00),(B6,10721,1458.00),(AA,11298,1123.00),(OO,11921,1120.00),(OO,11315,1087.00),(MQ,14107,998.00),(OO,12280,990.00),(OO,14877,986.00),(OO,10713,977.00),(OO,12177,975.00),(AA,13930,961.00),(OO,12896,955.00),(F9,10397,940.00),(OO,12896,940.00),(OO,14457,931.00),(F9,12889,925.00),(OO,13158,919.00)]"
2025-04-29 00:00:00,3,10397,94885,13323,13.017789956262844,1300.0,"[(AA,13303,1300.00),(B6,10721,1204.00),(DL,14747,1188.00),(DL,12478,1106.00),(AA,11298,1095.00),(F9,12266,1090.00),(DL,12892,1062.00),(DL,12892,1061.00),(DL,14908,1036.00),(DL,12217,993.00),(DL,14747,977.00),(DL,14771,976.00),(F9,11618,972.00),(F9,13303,968.00),(DL,12889,963.00),(DL,10792,921.00),(F9,13204,920.00),(DL,14689,906.00),(B6,10721,899.00),(DL,10208,888.00)]"
2025-04-29 00:00:00,4,13930,89234,12167,12.585158123585181,1986.0,"[(AA,14100,1986.00),(AA,11057,1936.00),(AA,12441,1546.00),(OO,14877,1320.00),(F9,11292,1273.00),(B6,10721,1240.00),(AA,14100,1167.00),(AA,13495,1112.00),(MQ,13459,1052.00),(AA,11278,1051.00),(DL,14869,1025.00),(DL,14747,1021.00),(B6,12478,1018.00),(OO,13282,1014.00),(OO,13184,1012.00),(OO,15370,999.00),(OO,13871,998.00),(NK,10397,977.00),(OO,12559,964.00),(AA,10423,945.00)]"
2025-04-29 00:00:00,5,11057,64746,8710,11.86638556822043,1279.0,"[(AA,15016,1279.00),(AA,10257,1233.00),(F9,11298,1203.00),(AA,14100,1148.00),(AA,11278,1113.00),(DL,10397,1041.00),(AA,12478,1030.00),(OH,11973,1026.00),(OH,10599,1009.00),(AA,14107,989.00),(DL,13487,986.00),(F9,12953,980.00),(F9,12953,935.00),(AA,10257,934.00),(DL,10397,913.00),(UA,11618,897.00),(OH,14108,874.00),(OH,14685,865.00),(AA,11292,845.00),(OH,11252,835.00)]"
2025-04-29 00:00:00,6,11278,43886,7459,15.928519345577177,1634.0,"[(AA,13930,1634.00),(AA,13930,1587.00),(AA,11298,1316.00),(OH,10581,1173.00),(AA,14635,1165.00),(DL,10397,1160.00),(UA,12266,1160.00),(OH,10257,1157.00),(OH,11423,1153.00),(AA,11298,1141.00),(AA,15304,1118.00),(OH,10781,1110.00),(UA,13930,1093.00),(DL,11433,1092.00),(OH,10781,1051.00),(DL,10397,1040.00),(DL,12892,1031.00),(DL,10397,995.00),(B6,14027,976.00),(F9,11292,968.00)]"
2025-04-29 00:00:00,7,12889,60113,7235,9.632575316487282,2315.0,"[(AA,11298,2315.00),(OO,14893,1266.00),(UA,11618,1242.00),(G4,14457,1194.00),(DL,12478,1094.00),(G4,11193,1042.00),(DL,10397,1030.00),(G4,14314,1030.00),(G4,10408,964.00),(G4,11193,964.00),(G4,13367,952.00),(DL,12478,942.00),(G4,10666,942.00),(F9,13232,896.00),(AA,13930,893.00),(UA,11618,870.00),(AA,14107,868.00),(B6,12478,866.00),(DL,12892,859.00),(AA,11298,853.00)]"
2025-04-29 00:00:00,8,14107,67211,7131,8.28017735192156,1859.0,"[(AA,12478,1859.00),(B6,11697,1163.00),(AA,12173,1159.00),(AA,10693,996.00),(OO,10713,972.00),(DL,14869,963.00),(AA,10397,931.00),(AA,10423,891.00),(F9,13930,871.00),(AA,14262,867.00),(AA,11066,861.00),(AA,13487,855.00),(OO,11695,849.00),(AA,12173,829.00),(AA,12889,820.00),(OO,14698,796.00),(OO,10561,793.00),(DL,10397,791.00),(OO,14771,781.00),(OO,13158,768.00)]"
2025-04-29 00:00:00,9,13204,53390,6696,11.417531372916276,1305.0,"[(AA,13930,1305.00),(DL,11433,1196.00),(AA,13930,1186.00),(F9,14100,1171.00),(AA,14100,1156.00),(AA,11057,1151.00),(DL,12478,1073.00),(AA,13303,1019.00),(DL,11193,1014.00),(DL,11433,1000.00),(AA,14107,986.00),(AA,11278,959.00),(UA,12892,950.00),(AA,13930,945.00),(AA,14100,910.00),(UA,13930,904.00),(UA,12266,902.00),(DL,14492,899.00),(DL,12892,896.00),(AA,12892,887.00)]"
2025-04-29 00:00:00,10,13303,39176,5972,15.042372881355933,1478.0,"[(AA,10423,1478.00),(F9,11193,1242.00),(AA,10994,1217.00),(DL,13487,1114.00),(F9,14100,1100.00),(AA,14107,1050.00),(UA,12266,1030.00),(F9,14100,1008.00),(AA,13495,987.00),(B6,10721,977.00),(DL,10721,973.00),(DL,12478,925.00),(YX,12992,925.00),(NK,12953,922.00),(AA,14107,920.00),(AA,14107,911.00),(DL,12953,907.00),(YX,15370,903.00),(B6,12478,870.00),(DL,11433,861.00)]"
2025-04-30 00:00:00,1,11298,96378,15719,15.223557243354293,1766.0,"[(AA,13303,1766.00),(OH,11953,1500.00),(AA,12173,1490.00),(AA,13930,1419.00),(B6,10721,1412.00),(AA,13303,1322.00),(OH,12217,1318.00),(AA,14492,1272.00),(OH,12992,1198.00),(AA,13244,1175.00),(OH,12217,1172.00),(AA,11638,1147.00),(AA,12094,1144.00),(AA,13851,1098.00),(AA,14193,1078.00),(OH,12448,1058.00),(OO,13277,1034.00),(DL,10397,1021.00),(OH,13277,1020.00),(AA,11057,1003.00)]"
2025-04-30 00:00:00,2,11292,97620,13503,12.701936078672404,1899.0,"[(AA,14107,1899.00),(AA,11298,1679.00),(AA,13930,1554.00),(AA,11057,1489.00),(B6,10721,1458.00),(AA,11298,1123.00),(OO,11921,1120.00),(OO,11315,1087.00),(MQ,14107,998.00),(OO,12280,990.00),(OO,14877,986.00),(OO,10713,977.00),(OO,12177,975.00),(AA,13930,961.00),(OO,12896,955.00),(F9,10397,940.00),(OO,12896,940.00),(OO,14457,931.00),(F9,12889,925.00),(OO,13158,919.00)]"
2025-04-30 00:00:00,3,10397,95704,13364,12.916858229541084,1300.0,"[(AA,13303,1300.00),(B6,10721,1204.00),(DL,14747,1188.00),(DL,12478,1106.00),(AA,11298,1095.00),(F9,12266,1090.00),(DL,12892,1062.00),(DL,12892,1061.00),(DL,14908,1036.00),(DL,12217,993.00),(DL,14747,977.00),(DL,14771,976.00),(F9,11618,972.00),(F9,13303,968.00),(DL,12889,963.00),(DL,10792,921.00),(F9,13204,920.00),(DL,14689,906.00),(B6,10721,899.00),(DL,10208,888.00)]"
2025-04-30 00:00:00,4,13930,90052,12220,12.494980677830586,1986.0,"[(AA,14100,1986.00),(AA,11057,1936.00),(AA,12441,1546.00),(OO,14877,1320.00),(F9,11292,1273.00),(B6,10721,1240.00),(AA,14100,1167.00),(AA,13495,1112.00),(MQ,13459,1052.00),(AA,11278,1051.00),(DL,14869,1025.00),(DL,14747,1021.00),(B6,12478,1018.00),(OO,13282,1014.00),(OO,13184,1012.00),(OO,15370,999.00),(OO,13871,998.00),(NK,10397,977.00),(OO,12559,964.00),(AA,10423,945.00)]"
2025-04-30 00:00:00,5,11057,65290,8761,11.823342012559351,1279.0,"[(AA,15016,1279.00),(AA,10257,1233.00),(F9,11298,1203.00),(AA,14100,1148.00),(AA,11278,1113.00),(DL,10397,1041.00),(AA,12478,1030.00),(OH,11973,1026.00),(OH,10599,1009.00),(AA,14107,989.00),(DL,13487,986.00),(F9,12953,980.00),(F9,12953,935.00),(AA,10257,934.00),(DL,10397,913.00),(UA,11618,897.00),(OH,14108,874.00),(OH,14685,865.00),(AA,11292,845.00),(OH,11252,835.00)]"
2025-04-30 00:00:00,6,11278,44301,7510,15.831132480079457,1634.0,"[(AA,13930,1634.00),(AA,13930,1587.00),(AA,11298,1316.00),(OH,10581,1173.00),(AA,14635,1165.00),(DL,10397,1160.00),(UA,12266,1160.00),(OH,10257,1157.00),(OH,11423,1153.00),(AA,11298,1141.00),(AA,15304,1118.00),(OH,10781,1110.00),(UA,13930,1093.00),(DL,11433,1092.00),(OH,10781,1051.00),(DL,10397,1040.00),(DL,12892,1031.00),(DL,10397,995.00),(B6,14027,976.00),(F9,11292,968.00)]"
2025-04-30 00:00:00,7,12889,60588,7269,9.57750709711494,2315.0,"[(AA,11298,2315.00),(OO,14893,1266.00),(UA,11618,1242.00),(G4,14457,1194.00),(DL,12478,1094.00),(G4,11193,1042.00),(DL,10397,1030.00),(G4,14314,1030.00),(G4,10408,964.00),(G4,11193,964.00),(G4,13367,952.00),(DL,12478,942.00),(G4,10666,942.00),(F9,13232,896.00),(AA,13930,893.00),(UA,11618,870.00),(AA,14107,868.00),(B6,12478,866.00),(DL,12892,859.00),(AA,11298,853.00)]"
2025-04-30 00:00:00,8,14107,67771,7176,8.25400244942527,1859.0,"[(AA,12478,1859.00),(B6,11697,1163.00),(AA,12173,1159.00),(AA,10693,996.00),(OO,10713,972.00),(DL,14869,963.00),(AA,10397,931.00),(AA,10423,891.00),(F9,13930,871.00),(AA,14262,867.00),(AA,11066,861.00),(AA,13487,855.00),(OO,11695,849.00),(AA,12173,829.00),(AA,12889,820.00),(OO,14698,796.00),(OO,10561,793.00),(DL,10397,791.00),(OO,14771,781.00),(OO,13158,768.00)]"
2025-04-30 00:00:00,9,13204,53795,6719,11.357300864392602,1305.0,"[(AA,13930,1305.00),(DL,11433,1196.00),(AA,13930,1186.00),(F9,14100,1171.00),(AA,14100,1156.00),(AA,11057,1151.00),(DL,12478,1073.00),(AA,13303,1019.00),(DL,11193,1014.00),(DL,11433,1000.00),(AA,14107,986.00),(AA,11278,959.00),(UA,12892,950.00),(AA,13930,945.00),(AA,14100,910.00),(UA,13930,904.00),(UA,12266,902.00),(DL,14492,899.00),(DL,12892,896.00),(AA,12892,887.00)]"
2025-04-30 00:00:00,10,13303,39483,5987,14.941544462173594,1478.0,"[(AA,10423,1478.00),(F9,11193,1242.00),(AA,10994,1217.00),(DL,13487,1114.00),(F9,14100,1100.00),(AA,14107,1050.00),(UA,12266,1030.00),(F9,14100,1008.00),(AA,13495,987.00),(B6,10721,977.00),(DL,10721,973.00),(DL,12478,925.00),(YX,12992,925.00),(NK,12953,922.00),(AA,14107,920.00),(AA,14107,911.00),(DL,12953,907.00),(YX,15370,903.00),(B6,12478,870.00),(DL,11433,861.00)]"
2025-05-01 00:00:00,1,11298,96901,15979,15.654513369315074,1766.0,"[(AA,13303,1766.00),(OH,11953,1500.00),(AA,12173,1490.00),(AA,13930,1419.00),(B6,10721,1412.00),(AA,13303,1322.00),(OH,12217,1318.00),(AA,14492,1272.00),(OH,12992,1198.00),(AA,13244,1175.00),(OH,12217,1172.00),(AA,11638,1147.00),(AA,12094,1144.00),(AA,13851,1098.00),(AA,14193,1078.00),(OH,12448,1058.00),(OO,13277,1034.00),(DL,10397,1021.00),(OH,13277,1020.00),(AA,11057,1003.00)]"
2025-05-01 00:00:00,2,11292,98423,13631,12.711764526584233,1899.0,"[(AA,14107,1899.00),(AA,11298,1679.00),(AA,13930,1554.00),(AA,11057,1489.00),(B6,10721,1458.00),(AA,11298,1123.00),(OO,11921,1120.00),(OO,11315,1087.00),(MQ,14107,998.00),(OO,12280,990.00),(OO,14877,986.00),(OO,10713,977.00),(OO,12177,975.00),(AA,13930,961.00),(OO,12896,955.00),(F9,10397,940.00),(OO,12896,940.00),(OO,14457,931.00),(F9,12889,925.00),(OO,13158,919.00)]"
2025-05-01 00:00:00,3,10397,96518,13430,12.860316210447792,1300.0,"[(AA,13303,1300.00),(B6,10721,1204.00),(DL,14747,1188.00),(DL,12478,1106.00),(AA,11298,1095.00),(F9,12266,1090.00),(DL,12892,1062.00),(DL,12892,1061.00),(DL,14908,1036.00),(DL,12217,993.00),(DL,14747,977.00),(DL,14771,976.00),(F9,11618,972.00),(F9,13303,968.00),(DL,12889,963.00),(DL,10792,921.00),(F9,13204,920.00),(DL,14689,906.00),(B6,10721,899.00),(DL,10208,888.00)]"
2025-05-01 00:00:00,4,13930,90910,12315,12.464712352876472,1986.0,"[(AA,14100,1986.00),(AA,11057,1936.00),(AA,12441,1546.00),(OO,14877,1320.00),(F9,11292,1273.00),(B6,10721,1240.00),(AA,14100,1167.00),(AA,13495,1112.00),(MQ,13459,1052.00),(AA,11278,1051.00),(DL,14869,1025.00),(DL,14747,1021.00),(B6,12478,1018.00),(OO,13282,1014.00),(OO,13184,1012.00),(OO,15370,999.00),(OO,13871,998.00),(NK,10397,977.00),(OO,12559,964.00),(AA,10423,945.00)]"
2025-05-01 00:00:00,5,11057,65854,8817,11.798934005527379,1279.0,"[(AA,15016,1279.00),(AA,10257,1233.00),(F9,11298,1203.00),(AA,14100,1148.00),(AA,11278,1113.00),(DL,10397,1041.00),(AA,12478,1030.00),(OH,11973,1026.00),(OH,10599,1009.00),(AA,14107,989.00),(DL,13487,986.00),(F9,12953,980.00),(F9,12953,935.00),(AA,10257,934.00),(DL,10397,913.00),(UA,11618,897.00),(OH,14108,874.00),(OH,14685,865.00),(AA,11292,845.00),(OH,11252,835.00)]"
2025-05-01 00:00:00,6,11278,44704,7561,15.76641911238368,1634.0,"[(AA,13930,1634.00),(AA,13930,1587.00),(AA,11298,1316.00),(OH,10581,1173.00),(AA,14635,1165.00),(DL,10397,1160.00),(UA,12266,1160.00),(OH,10257,1157.00),(OH,11423,1153.00),(AA,11298,1141.00),(AA,15304,1118.00),(OH,10781,1110.00),(UA,13930,1093.00),(DL,11433,1092.00),(OH,10781,1051.00),(DL,10397,1040.00),(DL,12892,1031.00),(DL,10397,995.00),(B6,14027,976.00),(F9,11292,968.00)]"
2025-05-01 00:00:00,7,12889,61060,7321,9.59495578119882,2315.0,"[(AA,11298,2315.00),(OO,14893,1266.00),(UA,11618,1242.00),(G4,14457,1194.00),(DL,12478,1094.00),(G4,11193,1042.00),(DL,10397,1030.00),(G4,14314,1030.00),(AA,11298,1017.00),(G4,10408,964.00),(G4,11193,964.00),(G4,13367,952.00),(DL,12478,942.00),(G4,10666,942.00),(F9,13232,896.00),(AA,13930,893.00),(UA,11618,870.00),(AA,14107,868.00),(B6,12478,866.00),(DL,12892,859.00)]"
2025-05-01 00:00:00,8,14107,68328,7250,8.290817819927408,1859.0,"[(AA,12478,1859.00),(B6,11697,1163.00),(AA,12173,1159.00),(AA,10693,996.00),(OO,10713,972.00),(DL,14869,963.00),(AA,10397,931.00),(AA,10423,891.00),(F9,13930,871.00),(AA,14262,867.00),(AA,11066,861.00),(AA,13487,855.00),(OO,11695,849.00),(AA,12173,829.00),(AA,12889,820.00),(OO,14698,796.00),(OO,10561,793.00),(DL,10397,791.00),(OO,14771,781.00),(OO,13158,768.00)]"
2025-05-01 00:00:00,9,13204,54196,6768,11.376171673186214,1305.0,"[(AA,13930,1305.00),(DL,11433,1196.00),(AA,13930,1186.00),(F9,14100,1171.00),(AA,14100,1156.00),(AA,11057,1151.00),(DL,12478,1073.00),(AA,13303,1019.00),(DL,11193,1014.00),(DL,11433,1000.00),(AA,14107,986.00),(AA,11278,959.00),(UA,12892,950.00),(AA,13930,945.00),(AA,14100,910.00),(UA,13930,904.00),(UA,12266,902.00),(DL,14492,899.00),(DL,12892,896.00),(AA,12892,887.00)]"
2025-05-01 00:00:00,10,13303,39787,6021,14.92977605750622,1478.0,"[(AA,10423,1478.00),(F9,11193,1242.00),(AA,10994,1217.00),(DL,13487,1114.00),(F9,14100,1100.00),(AA,14107,1050.00),(UA,12266,1030.00),(F9,14100,1008.00),(AA,13495,987.00),(B6,10721,977.00),(DL,10721,973.00),(DL,12478,925.00),(YX,12992,925.00),(NK,12953,922.00),(AA,14107,920.00),(AA,14107,911.00),(DL,12953,907.00),(YX,15370,903.00),(B6,12478,870.00),(DL,11433,861.00)]"
