2025-01-01 00:00:00,UA,0,7,-7.0,-5.0,-2.97,1.99,5.99,85.0
2025-01-01 00:00:00,AA,0,13,-11.0,-5.0,0.0,21.12,25.79,45.0
2025-01-01 00:00:00,DL,8,160,-19.0,-5.99,-4.01,0.99,30.27,191.0
2025-01-01 00:00:00,DL,10,127,-16.0,-7.03,-4.01,0.0,15.96,214.0
2025-01-01 00:00:00,UA,18,146,-14.0,-5.99,-1.99,7.03,30.88,248.0
2025-01-01 00:00:00,WN,18,251,-13.0,-2.97,2.97,13.07,29.08,205.0
2025-01-01 00:00:00,UA,10,109,-10.0,-4.01,-0.99,8.94,22.88,86.0
2025-01-01 00:00:00,WN,19,217,-14.0,-4.01,0.0,13.07,36.24,108.0
2025-01-01 00:00:00,DL,19,76,-10.0,-5.0,-2.97,0.99,5.99,48.0
2025-01-01 00:00:00,UA,8,169,-14.0,-5.99,-2.97,0.99,12.06,71.0
2025-01-01 00:00:00,WN,11,241,-10.0,-2.97,0.0,4.01,15.96,119.0
2025-01-01 00:00:00,UA,21,57,-10.0,-5.0,-1.99,12.06,30.88,99.0
2025-01-01 00:00:00,AA,22,83,-12.0,-5.99,-4.01,4.01,13.87,422.0
2025-01-01 00:00:00,DL,12,141,-20.0,-7.03,-2.97,4.01,32.79,184.0
2025-01-01 00:00:00,UA,23,48,-10.0,-7.03,-4.01,1.99,13.07,61.0
2025-01-01 00:00:00,DL,7,190,-19.0,-5.99,-4.01,-0.99,15.96,339.0
2025-01-01 00:00:00,DL,9,109,-16.0,-5.0,-2.97,0.99,10.91,243.0
2025-01-01 00:00:00,UA,12,112,-11.0,-5.0,-2.97,2.97,22.88,153.0
2025-01-01 00:00:00,AA,12,132,-11.0,-5.0,-1.99,7.92,23.81,339.0
2025-01-01 00:00:00,AA,10,131,-11.0,-5.0,-4.01,0.0,12.06,1559.0
2025-01-01 00:00:00,WN,16,251,-12.0,-2.97,0.99,13.07,25.79,88.0
2025-01-01 00:00:00,DL,18,83,-16.0,-5.99,-2.97,2.97,15.96,319.0
2025-01-02 00:00:00,WN,11,223,-8.0,-4.01,-0.99,5.0,22.88,239.0
2025-01-02 00:00:00,DL,7,225,-15.0,-5.99,-2.97,0.99,13.87,170.0
2025-01-02 00:00:00,DL,10,142,-18.0,-5.99,-2.97,2.97,27.94,214.0
2025-01-02 00:00:00,AA,12,139,-12.0,-5.0,-1.99,5.99,30.27,314.0
2025-01-02 00:00:00,UA,18,146,-14.0,-5.0,0.0,10.91,44.26,282.0
2025-01-02 00:00:00,WN,18,241,-14.0,-2.97,1.99,15.03,36.24,112.0
2025-01-02 00:00:00,UA,10,110,-12.0,-5.99,-2.97,1.99,16.95,215.0
2025-01-02 00:00:00,WN,19,201,-15.0,-4.01,0.99,15.03,34.13,251.0
2025-01-02 00:00:00,DL,19,138,-20.0,-7.03,0.0,15.03,27.94,59.0
2025-01-02 00:00:00,UA,0,9,-9.0,-7.03,-1.99,19.11,19.89,98.0
2025-01-02 00:00:00,DL,8,167,-14.0,-5.99,-4.01,0.0,12.06,158.0
2025-01-02 00:00:00,UA,21,56,-12.0,-5.0,-0.99,15.03,51.94,729.0
2025-01-02 00:00:00,AA,22,91,-12.0,-5.0,1.99,17.99,40.86,811.0
2025-01-02 00:00:00,AA,0,16,-8.0,-5.99,-4.01,0.99,4.01,30.0
2025-01-02 00:00:00,UA,23,49,-10.0,-4.01,-0.99,10.07,30.27,108.0
2025-01-02 00:00:00,DL,12,160,-16.0,-5.99,-1.99,12.06,37.72,174.0
2025-01-02 00:00:00,AA,10,145,-13.0,-5.99,-2.97,2.97,21.12,198.0
2025-01-02 00:00:00,UA,8,173,-12.0,-5.0,-1.99,1.99,15.96,399.0
2025-01-02 00:00:00,DL,9,125,-13.0,-5.0,-4.01,1.99,25.79,116.0
2025-01-02 00:00:00,UA,12,116,-15.0,-5.99,-2.97,0.99,12.06,76.0
2025-01-02 00:00:00,WN,16,225,-10.0,-1.99,2.97,13.07,32.79,204.0
2025-01-02 00:00:00,DL,18,162,-20.0,-7.03,-2.97,10.07,32.79,947.0
2025-01-03 00:00:00,UA,12,112,-13.0,-5.0,-0.99,12.06,26.84,1154.0
2025-01-03 00:00:00,DL,9,125,-15.0,-5.0,-1.99,5.0,22.88,170.0
2025-01-03 00:00:00,AA,12,139,-15.0,-4.01,0.0,16.95,36.24,200.0
2025-01-03 00:00:00,WN,18,229,-11.0,1.99,15.03,36.24,79.05,320.0
2025-01-03 00:00:00,DL,19,138,-22.0,-5.0,0.0,17.99,54.06,184.0
2025-01-03 00:00:00,WN,19,226,-10.0,0.0,16.95,41.68,71.53,188.0
2025-01-03 00:00:00,WN,16,239,-9.0,0.0,12.06,34.82,70.11,224.0
2025-01-03 00:00:00,UA,18,146,-11.0,-2.97,5.0,23.81,57.4,255.0
2025-01-03 00:00:00,DL,18,164,-20.0,-7.03,-1.99,12.06,49.9,336.0
2025-01-03 00:00:00,DL,10,141,-14.0,-5.99,-0.99,7.92,41.68,310.0
2025-01-03 00:00:00,WN,11,235,-11.0,-1.99,2.97,19.11,62.18,210.0
2025-01-03 00:00:00,UA,21,58,-11.0,-0.99,5.0,22.88,47.95,168.0
2025-01-03 00:00:00,AA,22,86,-11.0,-2.97,0.0,19.89,47.95,151.0
2025-01-03 00:00:00,UA,10,109,-13.0,-4.01,0.0,13.87,52.99,175.0
2025-01-03 00:00:00,UA,23,49,-10.0,-1.99,0.0,12.06,40.86,796.0
2025-01-03 00:00:00,DL,12,159,-14.0,-5.0,-1.99,7.03,27.94,495.0
2025-01-03 00:00:00,DL,8,168,-15.0,-5.99,-2.97,0.99,24.78,772.0
2025-01-03 00:00:00,UA,0,9,-4.0,0.0,5.0,10.91,15.96,125.0
2025-01-03 00:00:00,UA,8,178,-12.0,-5.0,-1.99,2.97,27.94,238.0
2025-01-03 00:00:00,AA,10,139,-26.0,-5.0,-2.97,7.92,34.13,418.0
2025-01-03 00:00:00,DL,7,223,-22.0,-7.03,-4.01,0.0,19.89,425.0
2025-01-03 00:00:00,AA,0,16,-7.0,-2.97,4.01,15.03,23.81,44.0
2025-01-04 00:00:00,WN,11,210,-11.0,-1.99,1.99,13.07,30.88,249.0
2025-01-04 00:00:00,UA,12,96,-13.0,-4.01,0.0,22.88,56.27,288.0
2025-01-04 00:00:00,AA,12,129,-13.0,-2.97,1.99,19.11,51.94,1144.0
2025-01-04 00:00:00,DL,12,138,-14.0,-2.97,0.0,17.99,49.9,1113.0
2025-01-04 00:00:00,WN,16,216,-10.0,0.99,15.96,34.82,63.44,438.0
2025-01-04 00:00:00,DL,18,160,-17.0,-1.99,7.03,34.13,66.03,238.0
2025-01-04 00:00:00,UA,18,131,-11.0,-0.99,7.03,26.84,75.95,240.0
2025-01-04 00:00:00,DL,19,141,-16.0,-1.99,7.92,40.05,80.65,663.0
2025-01-04 00:00:00,UA,23,49,-10.0,-2.97,7.92,36.97,60.95,509.0
2025-01-04 00:00:00,WN,19,228,-15.0,4.01,23.81,49.9,82.28,236.0
2025-01-04 00:00:00,UA,21,56,-9.0,0.0,7.03,19.11,32.14,132.0
2025-01-04 00:00:00,UA,10,105,-17.0,-2.97,2.97,15.03,37.72,290.0
2025-01-04 00:00:00,AA,22,87,-11.0,-1.99,5.0,22.88,67.36,406.0
2025-01-04 00:00:00,UA,0,9,-8.0,-2.97,1.99,17.99,17.99,31.0
2025-01-04 00:00:00,WN,18,235,-12.0,5.0,17.99,43.38,92.77,366.0
2025-01-04 00:00:00,UA,8,161,-12.0,-4.01,-0.99,10.91,37.72,640.0
2025-01-04 00:00:00,AA,0,15,-9.0,-5.0,-0.99,1.99,40.86,49.0
2025-01-04 00:00:00,DL,7,211,-26.0,-5.0,-2.97,2.97,21.98,911.0
2025-01-04 00:00:00,DL,8,160,-17.0,-5.0,-0.99,7.03,19.89,333.0
2025-01-04 00:00:00,DL,9,119,-15.0,-5.0,-0.99,12.06,34.82,99.0
2025-01-04 00:00:00,AA,10,129,-11.0,-4.01,-1.99,5.0,25.79,301.0
2025-01-04 00:00:00,DL,10,131,-13.0,-4.01,0.0,10.07,34.13,282.0
2025-01-05 00:00:00,WN,16,209,-8.0,7.92,19.89,36.24,67.36,221.0
2025-01-05 00:00:00,DL,10,135,-17.0,-5.0,0.0,13.07,37.72,260.0
2025-01-05 00:00:00,DL,18,153,-11.0,-2.97,5.0,30.27,80.65,831.0
2025-01-05 00:00:00,WN,19,201,-15.0,0.99,15.03,32.79,71.53,326.0
2025-01-05 00:00:00,DL,7,217,-14.0,-5.0,-1.99,4.01,19.89,292.0
2025-01-05 00:00:00,UA,10,103,-10.0,-2.97,0.0,16.95,34.13,224.0
2025-01-05 00:00:00,UA,18,132,-15.0,-0.99,8.94,44.26,132.97,1145.0
2025-01-05 00:00:00,DL,19,138,-13.0,-2.97,7.03,27.94,74.45,235.0
2025-01-05 00:00:00,WN,18,219,-10.0,4.01,19.89,40.86,66.03,292.0
2025-01-05 00:00:00,AA,0,17,-8.0,-4.01,-4.01,-0.99,7.03,43.0
2025-01-05 00:00:00,AA,12,132,-9.0,-1.99,15.96,100.49,210.64,1470.0
2025-01-05 00:00:00,UA,21,53,-13.0,2.97,29.08,54.06,132.97,714.0
2025-01-05 00:00:00,AA,22,78,-11.0,-1.99,15.96,72.97,146.95,953.0
2025-01-05 00:00:00,WN,11,205,-10.0,-0.99,5.0,15.96,34.82,351.0
2025-01-05 00:00:00,UA,23,37,-9.0,-4.01,-0.99,27.94,113.31,1124.0
2025-01-05 00:00:00,DL,12,151,-15.0,-5.0,0.0,19.89,46.07,539.0
2025-01-05 00:00:00,AA,10,141,-14.0,-4.01,0.99,67.36,138.4,619.0
2025-01-05 00:00:00,DL,9,127,-10.0,-4.01,-0.99,12.06,43.38,159.0
2025-01-05 00:00:00,UA,8,171,-15.0,-4.01,-0.99,13.07,45.15,444.0
2025-01-05 00:00:00,UA,0,9,-9.0,-4.01,1.99,40.05,49.9,72.0
2025-01-05 00:00:00,DL,8,162,-17.0,-5.0,-0.99,7.92,26.84,306.0
2025-01-05 00:00:00,UA,12,106,-13.0,-4.01,-0.99,7.03,21.12,189.0
2025-01-06 00:00:00,WN,11,217,-9.0,-1.99,2.97,22.88,89.13,311.0
2025-01-06 00:00:00,AA,12,139,-8.0,0.0,23.81,70.11,141.19,399.0
2025-01-06 00:00:00,DL,12,148,-19.0,-5.0,0.0,19.11,70.11,356.0
2025-01-06 00:00:00,UA,12,107,-16.0,-0.99,7.92,34.13,102.52,514.0
2025-01-06 00:00:00,WN,16,208,-11.0,0.0,13.87,47.95,98.5,489.0
2025-01-06 00:00:00,DL,18,131,-14.0,-5.0,0.0,13.07,55.15,291.0
2025-01-06 00:00:00,WN,18,208,-10.0,0.0,15.96,54.06,96.55,233.0
2025-01-06 00:00:00,WN,19,191,-17.0,-0.99,19.11,44.26,89.13,245.0
2025-01-06 00:00:00,DL,19,118,-19.0,-2.97,13.87,41.68,71.53,906.0
2025-01-06 00:00:00,UA,21,59,-10.0,0.99,15.03,56.27,108.86,172.0
2025-01-06 00:00:00,UA,23,41,-11.0,-2.97,4.01,19.11,29.08,97.0
2025-01-06 00:00:00,UA,0,9,-10.0,-2.97,-0.99,5.99,15.03,68.0
2025-01-06 00:00:00,AA,22,78,-15.0,-1.99,12.06,40.86,80.65,511.0
2025-01-06 00:00:00,AA,0,16,-10.0,0.0,10.07,23.81,32.14,104.0
2025-01-06 00:00:00,DL,7,209,-16.0,-5.0,-0.99,7.92,34.82,817.0
2025-01-06 00:00:00,DL,8,153,-13.0,-5.0,-1.99,4.01,40.86,358.0
2025-01-06 00:00:00,UA,8,156,-12.0,-5.0,0.0,23.81,102.52,266.0
2025-01-06 00:00:00,DL,9,121,-12.0,-4.01,0.0,10.91,39.25,598.0
2025-01-06 00:00:00,DL,10,140,-22.0,-5.99,-1.99,5.99,44.26,263.0
2025-01-06 00:00:00,UA,18,141,-20.0,0.0,17.99,49.9,125.22,1005.0
2025-01-06 00:00:00,UA,10,109,-10.0,-2.97,5.0,52.99,92.77,301.0
2025-01-06 00:00:00,AA,10,127,-10.0,-0.99,21.98,56.27,96.55,223.0
2025-01-07 00:00:00,DL,7,214,-20.0,-5.99,-2.97,1.99,17.99,351.0
2025-01-07 00:00:00,AA,10,127,-10.0,-5.0,-1.99,7.03,29.08,312.0
2025-01-07 00:00:00,UA,12,132,-13.0,-4.01,-0.99,5.99,34.82,140.0
2025-01-07 00:00:00,AA,12,130,-12.0,-5.0,-0.99,5.99,23.81,217.0
2025-01-07 00:00:00,WN,11,246,-11.0,-0.99,5.99,23.81,63.44,239.0
2025-01-07 00:00:00,WN,16,201,-12.0,-0.99,10.07,32.79,63.44,150.0
2025-01-07 00:00:00,DL,18,124,-17.0,-5.0,-1.99,15.03,30.88,143.0
2025-01-07 00:00:00,UA,18,117,-15.0,-4.01,0.0,15.03,56.27,140.0
2025-01-07 00:00:00,AA,22,56,-14.0,-7.92,-5.0,2.97,17.99,692.0
2025-01-07 00:00:00,AA,0,5,-9.0,-5.0,-1.99,-1.99,-1.99,122.0
2025-01-07 00:00:00,WN,19,106,-14.0,-5.0,2.97,17.99,43.38,116.0
2025-01-07 00:00:00,UA,21,24,-8.0,-4.01,-0.99,29.08,34.13,64.0
2025-01-07 00:00:00,UA,23,25,-12.0,-8.94,-4.01,1.99,8.94,27.0
2025-01-07 00:00:00,UA,0,4,-8.0,-7.92,-0.99,1.99,1.99,2.0
2025-01-07 00:00:00,DL,19,90,-19.0,-5.0,-0.99,10.07,50.91,168.0
2025-01-07 00:00:00,DL,8,159,-11.0,-5.0,-1.99,5.0,17.99,165.0
2025-01-07 00:00:00,DL,10,129,-18.0,-5.0,-0.99,7.03,26.84,240.0
2025-01-07 00:00:00,WN,18,255,-13.0,-0.99,13.07,32.79,57.4,185.0
2025-01-07 00:00:00,UA,8,175,-13.0,-5.0,-1.99,15.96,45.15,219.0
2025-01-07 00:00:00,DL,9,116,-16.0,-5.0,-1.99,4.01,15.96,120.0
2025-01-07 00:00:00,UA,10,109,-13.0,-4.01,1.99,15.03,45.15,164.0
2025-01-07 00:00:00,DL,12,146,-21.0,-5.99,-1.99,7.03,41.68,226.0
2025-01-08 00:00:00,DL,8,162,-18.0,-5.99,-2.97,0.99,13.87,188.0
2025-01-08 00:00:00,AA,12,132,-17.0,-5.0,-1.99,5.0,29.08,448.0
2025-01-08 00:00:00,DL,12,149,-19.0,-7.03,-4.01,1.99,17.99,263.0
2025-01-08 00:00:00,UA,12,130,-16.0,-5.99,-2.97,7.03,26.84,176.0
2025-01-08 00:00:00,WN,16,208,-14.0,-5.99,-1.99,5.0,24.78,200.0
2025-01-08 00:00:00,DL,18,126,-19.0,-7.92,-4.01,0.0,15.03,246.0
2025-01-08 00:00:00,UA,18,127,-14.0,-5.0,-1.99,2.97,19.89,188.0
2025-01-08 00:00:00,WN,18,263,-14.0,-5.0,-0.99,10.91,25.79,168.0
2025-01-08 00:00:00,WN,19,119,-14.0,-5.99,-1.99,5.99,19.11,197.0
2025-01-08 00:00:00,DL,19,98,-20.0,-5.99,-4.01,2.97,21.98,79.0
2025-01-08 00:00:00,UA,21,27,-12.0,-8.94,-2.97,7.92,19.11,88.0
2025-01-08 00:00:00,AA,22,56,-14.0,-7.92,-5.0,0.99,30.88,180.0
2025-01-08 00:00:00,AA,0,5,-10.0,-7.92,-5.0,-2.97,-2.97,25.0
2025-01-08 00:00:00,UA,0,3,-9.0,-8.94,-5.99,-5.99,-5.99,13.0
2025-01-08 00:00:00,AA,10,130,-10.0,-5.0,-0.99,5.99,30.27,499.0
2025-01-08 00:00:00,UA,10,112,-16.0,-7.03,-2.97,0.0,15.03,321.0
2025-01-08 00:00:00,DL,7,214,-20.0,-7.92,-4.01,-0.99,5.0,168.0
2025-01-08 00:00:00,DL,9,117,-18.0,-5.99,-1.99,2.97,16.95,176.0
2025-01-08 00:00:00,UA,8,174,-13.0,-5.0,-2.97,0.0,10.91,163.0
2025-01-08 00:00:00,UA,23,27,-18.0,-7.03,-2.97,12.06,19.11,36.0
2025-01-08 00:00:00,DL,10,133,-18.0,-7.92,-4.01,1.99,19.89,108.0
2025-01-08 00:00:00,WN,11,259,-14.0,-5.0,-1.99,5.99,19.11,356.0
2025-01-09 00:00:00,UA,8,175,-16.0,-5.99,-2.97,2.97,24.78,325.0
2025-01-09 00:00:00,UA,18,137,-23.0,-4.01,2.97,16.95,79.05,160.0
2025-01-09 00:00:00,DL,12,144,-19.0,-7.03,-1.99,7.03,30.27,1114.0
2025-01-09 00:00:00,WN,18,238,-14.0,-0.99,8.94,30.27,87.37,408.0
2025-01-09 00:00:00,AA,12,78,-13.0,-4.01,2.97,36.97,219.23,2646.0
2025-01-09 00:00:00,DL,18,139,-17.0,-4.01,0.0,15.03,87.37,219.0
2025-01-09 00:00:00,UA,12,132,-21.0,-5.99,-1.99,10.07,34.82,363.0
2025-01-09 00:00:00,WN,16,181,-15.0,-2.97,1.99,29.08,92.77,475.0
2025-01-09 00:00:00,DL,9,121,-15.0,-5.99,-2.97,8.94,36.24,98.0
2025-01-09 00:00:00,DL,19,117,-16.0,-5.0,1.99,36.97,89.13,191.0
2025-01-09 00:00:00,WN,19,102,-12.0,-4.01,2.97,26.84,74.45,153.0
2025-01-09 00:00:00,UA,21,31,-11.0,-4.01,-0.99,19.11,55.15,198.0
2025-01-09 00:00:00,AA,22,63,-8.0,-2.97,2.97,15.96,47.95,477.0
2025-01-09 00:00:00,UA,10,117,-15.0,-5.99,0.0,19.11,46.07,366.0
2025-01-09 00:00:00,UA,23,30,-11.0,-4.01,0.0,13.87,47.95,110.0
2025-01-09 00:00:00,AA,10,81,-13.0,-7.03,-4.01,0.0,15.03,1265.0
2025-01-09 00:00:00,DL,8,158,-16.0,-5.99,-4.01,-0.99,7.92,552.0
2025-01-09 00:00:00,AA,0,7,-10.0,-5.0,-4.01,-2.97,-2.97,45.0
2025-01-09 00:00:00,DL,10,141,-15.0,-7.03,-2.97,7.03,36.24,364.0
2025-01-09 00:00:00,DL,7,222,-17.0,-7.03,-4.01,0.0,13.07,915.0
2025-01-09 00:00:00,UA,0,3,-6.0,-5.99,-0.99,-0.99,-0.99,11.0
2025-01-09 00:00:00,WN,11,241,-14.0,-4.01,-0.99,10.91,36.24,558.0
2025-01-10 00:00:00,WN,11,229,-14.0,-4.01,-0.99,5.99,19.89,273.0
2025-01-10 00:00:00,AA,22,27,-11.0,-5.0,-0.99,15.03,47.0,96.0
2025-01-10 00:00:00,UA,18,136,-14.0,-2.97,1.99,23.81,67.36,201.0
2025-01-10 00:00:00,UA,23,30,-11.0,-7.92,-5.99,0.0,23.81,77.0
2025-01-10 00:00:00,AA,0,8,-6.0,-4.01,-0.99,5.99,15.03,38.0
2025-01-10 00:00:00,UA,21,30,-14.0,-5.99,-1.99,5.0,36.97,250.0
2025-01-10 00:00:00,WN,18,235,-14.0,-5.0,0.0,13.07,26.84,138.0
2025-01-10 00:00:00,DL,19,75,-14.0,-2.97,13.87,67.36,198.37,995.0
2025-01-10 00:00:00,WN,19,111,-14.0,-5.99,-4.01,4.01,40.05,99.0
2025-01-10 00:00:00,WN,16,195,-13.0,-5.0,-1.99,10.07,30.27,175.0
2025-01-10 00:00:00,DL,12,93,-13.0,-4.01,5.99,74.45,290.07,799.0
2025-01-10 00:00:00,DL,18,95,-10.0,0.0,17.99,89.13,308.01,1074.0
2025-01-10 00:00:00,UA,12,130,-15.0,-5.0,-1.99,5.99,34.13,354.0
2025-01-10 00:00:00,AA,12,101,-12.0,0.0,13.87,47.95,92.77,1095.0
2025-01-10 00:00:00,DL,10,76,-14.0,-4.01,0.0,10.07,45.15,669.0
2025-01-10 00:00:00,UA,0,3,-8.0,-7.92,-4.01,-4.01,-4.01,1.0
2025-01-10 00:00:00,UA,10,108,-17.0,-5.99,-2.97,2.97,30.27,133.0
2025-01-10 00:00:00,AA,10,98,-14.0,-1.99,7.03,27.94,96.55,482.0
2025-01-10 00:00:00,DL,7,177,-13.0,-5.99,-1.99,5.99,361.46,792.0
2025-01-10 00:00:00,UA,8,176,-14.0,-7.03,-4.01,-0.99,10.91,286.0
2025-01-10 00:00:00,DL,9,77,-15.0,-5.0,-0.99,15.03,228.18,691.0
2025-01-10 00:00:00,DL,8,113,-13.0,-5.99,-1.99,102.52,267.77,1048.0
2025-01-11 00:00:00,WN,11,226,-10.0,-4.01,-0.99,8.94,24.78,238.0
2025-01-11 00:00:00,UA,23,26,-9.0,-4.01,-1.99,4.01,10.91,17.0
2025-01-11 00:00:00,AA,22,58,-17.0,-5.0,-0.99,7.92,23.81,165.0
2025-01-11 00:00:00,WN,16,208,-14.0,-5.0,-1.99,7.03,24.78,182.0
2025-01-11 00:00:00,UA,0,3,-10.0,-10.0,-7.92,-7.92,-7.92,11.0
2025-01-11 00:00:00,DL,7,156,-15.0,-4.01,0.99,39.25,172.45,449.0
2025-01-11 00:00:00,DL,8,109,-13.0,-0.99,17.99,94.64,141.19,803.0
2025-01-11 00:00:00,AA,12,110,-14.0,-1.99,7.92,32.14,77.49,239.0
2025-01-11 00:00:00,DL,18,105,-15.0,0.99,36.24,94.64,141.19,952.0
2025-01-11 00:00:00,UA,8,161,-17.0,-5.99,-2.97,2.97,21.12,194.0
2025-01-11 00:00:00,DL,9,92,-10.0,-1.99,8.94,72.97,162.41,693.0
2025-01-11 00:00:00,WN,19,79,-14.0,-4.01,2.97,13.07,30.88,86.0
2025-01-11 00:00:00,DL,10,91,-13.0,0.0,34.13,100.49,179.49,338.0
2025-01-11 00:00:00,UA,10,113,-15.0,-5.0,-0.99,8.94,30.88,178.0
2025-01-11 00:00:00,DL,19,74,-15.0,10.91,58.56,111.06,152.95,953.0
2025-01-11 00:00:00,AA,10,112,-10.0,-2.97,10.91,46.07,90.93,330.0
2025-01-11 00:00:00,UA,21,23,-9.0,-5.99,-2.97,0.99,22.88,45.0
2025-01-11 00:00:00,DL,12,120,-11.0,7.03,39.25,113.31,202.38,629.0
2025-01-11 00:00:00,WN,18,151,-14.0,-5.99,-1.99,4.01,16.95,237.0
2025-01-11 00:00:00,UA,12,112,-16.0,-5.0,-0.99,10.91,30.27,241.0
2025-01-11 00:00:00,UA,18,107,-24.0,-5.0,0.0,7.03,43.38,210.0
2025-01-11 00:00:00,AA,0,5,-4.0,-2.97,-0.99,0.99,0.99,3.0
2025-01-12 00:00:00,AA,22,88,-13.0,-5.99,-1.99,7.03,41.68,126.0
2025-01-12 00:00:00,UA,23,34,-15.0,-7.03,-1.99,0.0,12.06,75.0
2025-01-12 00:00:00,UA,10,119,-15.0,-5.0,-0.99,5.0,34.13,691.0
2025-01-12 00:00:00,DL,19,120,-15.0,-2.97,7.92,40.05,71.53,630.0
2025-01-12 00:00:00,WN,16,224,-13.0,-4.01,1.99,13.87,41.68,150.0
2025-01-12 00:00:00,DL,12,148,-12.0,0.99,21.98,80.65,111.06,319.0
2025-01-12 00:00:00,WN,11,222,-12.0,-4.01,-0.99,2.97,16.95,118.0
2025-01-12 00:00:00,AA,12,132,-10.0,-4.01,0.0,15.96,52.99,608.0
2025-01-12 00:00:00,AA,0,6,-11.0,-10.07,-7.92,-5.99,-5.99,0.0
2025-01-12 00:00:00,DL,10,141,-14.0,-0.99,8.94,45.15,92.77,456.0
2025-01-12 00:00:00,UA,8,177,-12.0,-5.99,-2.97,0.0,10.07,378.0
2025-01-12 00:00:00,DL,9,118,-16.0,-2.97,7.03,41.68,82.28,334.0
2025-01-12 00:00:00,AA,10,136,-12.0,-5.0,-1.99,8.94,36.97,542.0
2025-01-12 00:00:00,DL,8,164,-14.0,-2.97,0.99,15.03,56.27,396.0
2025-01-12 00:00:00,DL,7,219,-16.0,-5.0,-0.99,13.87,67.36,531.0
2025-01-12 00:00:00,UA,21,34,-11.0,-7.03,-5.0,1.99,19.11,218.0
2025-01-12 00:00:00,UA,12,129,-15.0,-5.0,-1.99,4.01,25.79,281.0
2025-01-12 00:00:00,UA,18,141,-17.0,-5.0,-0.99,12.06,27.94,156.0
2025-01-12 00:00:00,WN,19,269,-15.0,-5.99,-1.99,5.0,19.11,83.0
2025-01-12 00:00:00,UA,0,3,-10.0,-10.0,-2.0,-2.0,-2.0,-2.0
2025-01-12 00:00:00,DL,18,139,-17.0,-1.99,10.91,39.25,100.49,343.0
2025-01-12 00:00:00,WN,18,222,-14.0,-4.01,0.0,13.87,34.82,114.0
2025-01-13 00:00:00,DL,19,129,-22.0,-7.92,-4.01,0.99,13.07,122.0
2025-01-13 00:00:00,UA,21,30,-14.0,-8.94,-4.01,-0.99,15.96,69.0
2025-01-13 00:00:00,UA,23,28,-20.0,-10.07,-7.92,-5.99,10.07,594.0
2025-01-13 00:00:00,UA,10,119,-17.0,-7.03,-5.0,-1.99,5.0,148.0
2025-01-13 00:00:00,AA,10,137,-11.0,-5.0,-2.97,2.97,13.07,217.0
2025-01-13 00:00:00,DL,8,160,-14.0,-5.99,-2.97,1.99,23.81,115.0
2025-01-13 00:00:00,UA,8,180,-13.0,-7.03,-5.0,-1.99,2.97,110.0
2025-01-13 00:00:00,DL,9,125,-17.0,-5.99,-1.99,5.0,23.81,129.0
2025-01-13 00:00:00,UA,0,3,-11.0,-10.91,-7.03,-7.03,-7.03,-1.0
2025-01-13 00:00:00,AA,0,8,-7.0,-7.0,-2.97,-1.99,-1.99,0.0
2025-01-13 00:00:00,DL,10,147,-19.0,-5.0,-1.99,8.94,40.86,643.0
2025-01-13 00:00:00,AA,22,57,-15.0,-7.92,-5.99,-1.99,34.13,404.0
2025-01-13 00:00:00,DL,7,228,-23.0,-5.99,-4.01,0.0,12.06,119.0
2025-01-13 00:00:00,WN,19,120,-15.0,-7.92,-5.99,-2.97,1.99,37.0
2025-01-13 00:00:00,WN,11,265,-12.0,-5.99,-2.97,0.99,7.92,292.0
2025-01-13 00:00:00,DL,18,146,-23.0,-7.92,-4.01,0.99,22.88,853.0
2025-01-13 00:00:00,DL,12,154,-17.0,-5.99,-2.97,5.0,25.79,110.0
2025-01-13 00:00:00,UA,18,140,-15.0,-5.99,-1.99,4.01,34.82,151.0
2025-01-13 00:00:00,UA,12,134,-14.0,-5.99,-2.97,0.0,13.07,191.0
2025-01-13 00:00:00,AA,12,136,-15.0,-5.99,-2.97,2.97,30.27,381.0
2025-01-13 00:00:00,WN,18,264,-15.0,-7.92,-5.0,-0.99,5.99,203.0
2025-01-13 00:00:00,WN,16,209,-15.0,-7.03,-4.01,0.0,5.0,64.0
2025-01-14 00:00:00,WN,11,265,-13.0,-5.99,-4.01,-0.99,5.0,84.0
2025-01-14 00:00:00,AA,22,56,-16.0,-10.91,-7.03,-4.01,0.0,31.0
2025-01-14 00:00:00,WN,16,209,-15.0,-7.03,-5.0,-0.99,7.03,275.0
2025-01-14 00:00:00,AA,0,5,-11.0,-10.07,-5.0,-4.01,-4.01,-3.0
2025-01-14 00:00:00,DL,7,216,-18.0,-7.92,-5.0,-1.99,7.92,219.0
2025-01-14 00:00:00,UA,23,24,-16.0,-8.94,-5.99,-4.01,-2.97,1.0
2025-01-14 00:00:00,DL,8,160,-15.0,-7.03,-4.01,0.0,8.94,271.0
2025-01-14 00:00:00,DL,12,146,-21.0,-7.03,-2.97,0.99,10.91,71.0
2025-01-14 00:00:00,DL,19,92,-30.0,-7.92,-2.97,1.99,15.03,97.0
2025-01-14 00:00:00,UA,8,174,-18.0,-8.94,-5.99,-2.97,0.0,444.0
2025-01-14 00:00:00,DL,9,120,-13.0,-7.03,-4.01,0.0,12.06,76.0
2025-01-14 00:00:00,DL,18,125,-16.0,-7.92,-5.0,-0.99,15.03,161.0
2025-01-14 00:00:00,AA,10,129,-13.0,-7.03,-4.01,0.99,15.96,489.0
2025-01-14 00:00:00,DL,10,129,-15.0,-7.92,-4.01,0.99,13.07,501.0
2025-01-14 00:00:00,UA,21,23,-18.0,-12.06,-8.94,-2.97,8.94,51.0
2025-01-14 00:00:00,UA,10,111,-16.0,-7.92,-5.0,-0.99,5.99,282.0
2025-01-14 00:00:00,WN,19,120,-14.0,-7.92,-5.99,-2.97,2.97,107.0
2025-01-14 00:00:00,UA,12,131,-17.0,-7.92,-5.99,-1.99,5.0,98.0
2025-01-14 00:00:00,UA,18,118,-22.0,-7.92,-5.0,-0.99,8.94,106.0
2025-01-14 00:00:00,AA,12,129,-15.0,-7.03,-2.97,2.97,13.87,257.0
2025-01-14 00:00:00,WN,18,264,-16.0,-7.03,-4.01,0.0,13.07,81.0
2025-01-14 00:00:00,UA,0,3,-11.0,-10.91,-10.07,-10.07,-10.07,-9.0
2025-01-15 00:00:00,DL,12,148,-20.0,-8.94,-5.0,0.0,10.07,86.0
2025-01-15 00:00:00,UA,21,27,-13.0,-10.07,-7.03,-4.01,13.07,69.0
2025-01-15 00:00:00,DL,10,132,-21.0,-7.92,-5.0,-0.99,8.94,103.0
2025-01-15 00:00:00,DL,19,96,-20.0,-7.92,-2.97,5.0,10.07,81.0
2025-01-15 00:00:00,UA,12,130,-17.0,-7.92,-5.0,-0.99,8.94,135.0
2025-01-15 00:00:00,AA,12,131,-15.0,-7.03,-4.01,0.0,5.0,105.0
2025-01-15 00:00:00,UA,10,112,-21.0,-7.92,-5.0,-2.97,2.97,57.0
2025-01-15 00:00:00,WN,11,265,-13.0,-5.99,-2.97,0.0,7.03,246.0
2025-01-15 00:00:00,AA,10,130,-12.0,-7.03,-5.0,-1.99,2.97,94.0
2025-01-15 00:00:00,DL,8,162,-15.0,-7.03,-5.0,-1.99,2.97,85.0
2025-01-15 00:00:00,UA,8,176,-15.0,-7.03,-4.01,-0.99,7.03,154.0
2025-01-15 00:00:00,DL,9,118,-15.0,-7.03,-5.0,-0.99,5.0,53.0
2025-01-15 00:00:00,DL,7,213,-18.0,-7.92,-4.01,-0.99,7.03,256.0
2025-01-15 00:00:00,AA,0,5,-9.0,-7.92,-2.97,0.0,0.0,9.0
2025-01-15 00:00:00,AA,22,57,-15.0,-10.07,-5.99,-1.99,0.0,38.0
2025-01-15 00:00:00,UA,0,3,-9.0,-8.94,-8.94,-8.94,-8.94,-3.0
2025-01-15 00:00:00,UA,23,27,-13.0,-8.94,-4.01,-1.99,5.0,48.0
2025-01-15 00:00:00,WN,19,120,-16.0,-7.03,-5.0,-0.99,5.0,153.0
2025-01-15 00:00:00,UA,18,127,-19.0,-7.03,-4.01,0.99,7.03,338.0
2025-01-15 00:00:00,WN,18,262,-15.0,-5.99,-4.01,0.99,10.07,66.0
2025-01-15 00:00:00,DL,18,130,-17.0,-7.03,-4.01,2.97,30.88,110.0
2025-01-15 00:00:00,WN,16,208,-14.0,-5.99,-1.99,0.99,10.07,168.0
2025-01-16 00:00:00,AA,22,89,-14.0,-5.0,-0.99,10.91,25.79,1447.0
2025-01-16 00:00:00,UA,23,30,-13.0,-7.03,-2.97,0.0,13.07,67.0
2025-01-16 00:00:00,UA,0,3,-12.0,-12.0,-2.97,-2.97,-2.97,10.0
2025-01-16 00:00:00,DL,8,160,-20.0,-7.03,-4.01,-0.99,5.0,186.0
2025-01-16 00:00:00,UA,21,32,-12.0,-7.03,-4.01,-1.99,34.82,202.0
2025-01-16 00:00:00,DL,10,146,-16.0,-5.99,-4.01,2.97,15.96,102.0
2025-01-16 00:00:00,UA,8,179,-12.0,-7.03,-4.01,-0.99,5.0,152.0
2025-01-16 00:00:00,DL,9,127,-15.0,-5.99,-4.01,0.0,13.87,105.0
2025-01-16 00:00:00,AA,10,137,-12.0,-5.99,-2.97,0.99,15.03,140.0
2025-01-16 00:00:00,DL,7,227,-17.0,-5.99,-2.97,0.0,8.94,125.0
2025-01-16 00:00:00,UA,10,119,-20.0,-7.03,-2.97,0.0,12.06,131.0
2025-01-16 00:00:00,AA,0,7,-15.0,-10.07,-2.97,-2.97,-2.97,0.0
2025-01-16 00:00:00,UA,18,140,-50.0,-5.0,-0.99,5.0,24.78,317.0
2025-01-16 00:00:00,WN,11,220,-15.0,-5.0,-1.99,0.99,12.06,277.0
2025-01-16 00:00:00,AA,12,132,-16.0,-5.99,-2.97,4.01,10.91,197.0
2025-01-16 00:00:00,DL,12,161,-20.0,-7.03,-2.97,1.99,13.07,103.0
2025-01-16 00:00:00,UA,12,135,-22.0,-7.03,-4.01,0.0,8.94,259.0
2025-01-16 00:00:00,WN,16,223,-13.0,-5.0,0.0,5.99,23.81,348.0
2025-01-16 00:00:00,DL,18,148,-17.0,-7.03,-1.99,7.03,23.81,218.0
2025-01-16 00:00:00,WN,19,267,-14.0,-4.01,-0.99,5.99,21.12,173.0
2025-01-16 00:00:00,WN,18,223,-15.0,-4.01,-0.99,7.03,22.88,138.0
2025-01-16 00:00:00,DL,19,133,-22.0,-5.0,-1.99,12.06,44.26,143.0
2025-01-17 00:00:00,AA,22,55,-18.0,-5.99,-2.97,0.99,12.06,62.0
2025-01-17 00:00:00,UA,23,30,-13.0,-7.03,-1.99,1.99,15.03,60.0
2025-01-17 00:00:00,WN,19,266,-13.0,-5.0,-1.99,1.99,13.07,132.0
2025-01-17 00:00:00,DL,7,227,-14.0,-5.0,-2.97,1.99,10.91,389.0
2025-01-17 00:00:00,DL,18,149,-18.0,-7.03,-1.99,5.0,30.88,226.0
2025-01-17 00:00:00,WN,18,223,-15.0,-4.01,0.0,8.94,21.98,88.0
2025-01-17 00:00:00,UA,18,141,-35.0,-5.0,-1.99,1.99,15.96,131.0
2025-01-17 00:00:00,DL,19,129,-20.0,-5.99,-1.99,2.97,17.99,121.0
2025-01-17 00:00:00,UA,8,181,-14.0,-5.99,-4.01,-0.99,4.01,143.0
2025-01-17 00:00:00,UA,12,134,-20.0,-5.99,-2.97,-0.99,7.03,236.0
2025-01-17 00:00:00,UA,10,117,-12.0,-5.99,-2.97,0.0,5.99,47.0
2025-01-17 00:00:00,WN,11,222,-13.0,-4.01,-1.99,2.97,13.87,82.0
2025-01-17 00:00:00,DL,12,160,-16.0,-5.99,-2.97,4.01,21.98,86.0
2025-01-17 00:00:00,AA,12,137,-13.0,-4.01,-0.99,13.07,30.88,218.0
2025-01-17 00:00:00,UA,21,30,-12.0,-5.99,-4.01,-0.99,5.0,18.0
2025-01-17 00:00:00,DL,10,149,-16.0,-5.99,-2.97,2.97,24.78,186.0
2025-01-17 00:00:00,DL,9,127,-15.0,-5.99,-2.97,0.0,7.92,68.0
2025-01-17 00:00:00,AA,10,137,-10.0,-5.0,-1.99,1.99,15.96,126.0
2025-01-17 00:00:00,AA,0,8,-10.0,-7.92,-2.97,0.99,27.94,559.0
2025-01-17 00:00:00,UA,0,3,-6.0,-5.99,2.97,2.97,2.97,18.0
2025-01-17 00:00:00,DL,8,164,-13.0,-5.99,-2.97,0.0,10.91,211.0
2025-01-17 00:00:00,WN,16,223,-12.0,-4.01,0.0,7.03,21.12,98.0
2025-01-18 00:00:00,AA,22,57,-13.0,-7.03,-5.0,-1.99,0.0,432.0
2025-01-18 00:00:00,UA,23,26,-10.0,-5.99,-5.0,-0.99,21.98,185.0
2025-01-18 00:00:00,WN,16,182,-15.0,-5.0,-0.99,7.92,21.12,135.0
2025-01-18 00:00:00,UA,12,114,-16.0,-7.03,-4.01,0.0,8.94,131.0
2025-01-18 00:00:00,AA,12,114,-16.0,-5.0,-1.99,1.99,21.12,204.0
2025-01-18 00:00:00,UA,0,3,-10.0,-10.0,-6.0,-6.0,-6.0,-6.0
2025-01-18 00:00:00,DL,12,143,-18.0,-7.03,-1.99,4.01,19.89,185.0
2025-01-18 00:00:00,AA,10,119,-10.0,-5.0,-1.99,0.99,10.91,129.0
2025-01-18 00:00:00,WN,11,224,-10.0,-5.0,-0.99,5.99,15.03,170.0
2025-01-18 00:00:00,DL,10,120,-17.0,-7.03,-4.01,0.0,23.81,170.0
2025-01-18 00:00:00,UA,10,113,-16.0,-5.99,-2.97,2.97,19.11,452.0
2025-01-18 00:00:00,DL,9,117,-12.0,-5.99,-2.97,0.99,13.07,269.0
2025-01-18 00:00:00,AA,0,5,-8.0,-7.03,0.99,2.97,2.97,6.0
2025-01-18 00:00:00,DL,7,197,-12.0,-5.99,-2.97,0.0,10.07,338.0
2025-01-18 00:00:00,UA,8,163,-13.0,-5.99,-4.01,0.0,10.07,103.0
2025-01-18 00:00:00,DL,8,151,-15.0,-5.0,-2.97,-0.99,8.94,159.0
2025-01-18 00:00:00,DL,18,98,-19.0,-7.03,-2.97,5.0,21.98,182.0
2025-01-18 00:00:00,UA,18,108,-28.0,-5.0,-1.99,8.94,46.07,136.0
2025-01-18 00:00:00,WN,18,136,-15.0,-5.99,-1.99,4.01,16.95,106.0
2025-01-18 00:00:00,WN,19,66,-15.0,-5.0,0.0,7.03,17.99,50.0
2025-01-18 00:00:00,DL,19,85,-20.0,-7.03,-2.97,2.97,32.79,93.0
2025-01-18 00:00:00,UA,21,23,-10.0,-7.03,-1.99,5.0,21.12,41.0
2025-01-19 00:00:00,AA,22,79,-9.0,-5.0,-1.99,12.06,47.95,126.0
2025-01-19 00:00:00,AA,0,5,-4.0,-4.0,-4.0,-1.99,-1.99,7.0
2025-01-19 00:00:00,DL,7,196,-17.0,-7.03,-4.01,0.0,8.94,894.0
2025-01-19 00:00:00,DL,8,160,-14.0,-7.03,-4.01,-0.99,12.06,162.0
2025-01-19 00:00:00,UA,8,173,-13.0,-5.99,-4.01,-0.99,10.91,339.0
2025-01-19 00:00:00,DL,9,114,-19.0,-5.99,-1.99,2.97,17.99,164.0
2025-01-19 00:00:00,AA,10,129,-12.0,-4.01,-0.99,8.94,37.72,507.0
2025-01-19 00:00:00,DL,10,127,-14.0,-7.03,-2.97,0.99,21.98,122.0
2025-01-19 00:00:00,UA,10,113,-10.0,-5.0,-0.99,4.01,22.88,129.0
2025-01-19 00:00:00,WN,11,263,-9.0,-5.0,-0.99,5.0,19.89,158.0
2025-01-19 00:00:00,DL,12,148,-12.0,-5.99,-1.99,2.97,23.81,197.0
2025-01-19 00:00:00,WN,16,207,-15.0,-4.01,0.0,15.03,36.97,202.0
2025-01-19 00:00:00,UA,23,30,-14.0,-5.99,-2.97,2.97,46.07,62.0
2025-01-19 00:00:00,WN,19,117,-11.0,-5.0,1.99,19.89,50.91,131.0
2025-01-19 00:00:00,UA,0,3,-9.0,-8.94,-7.03,-7.03,-7.03,-5.0
2025-01-19 00:00:00,AA,12,124,-18.0,-4.01,-0.99,10.07,26.84,294.0
2025-01-19 00:00:00,DL,19,94,-13.0,-1.99,13.07,67.36,162.41,876.0
2025-01-19 00:00:00,UA,21,26,-10.0,-5.0,-2.97,8.94,25.79,255.0
2025-01-19 00:00:00,WN,18,250,-12.0,-2.97,2.97,19.11,50.91,192.0
2025-01-19 00:00:00,UA,18,102,-14.0,-4.01,0.0,5.99,21.12,170.0
2025-01-19 00:00:00,DL,18,103,-14.0,-5.0,0.0,19.11,50.91,963.0
2025-01-19 00:00:00,UA,12,128,-28.0,-5.99,-2.97,4.01,25.79,346.0
2025-01-20 00:00:00,UA,10,118,-11.0,-2.97,1.99,16.95,54.06,256.0
2025-01-20 00:00:00,DL,7,221,-21.0,-5.0,-0.99,8.94,36.24,215.0
2025-01-20 00:00:00,WN,18,210,-10.0,5.0,19.11,47.95,83.94,184.0
2025-01-20 00:00:00,DL,8,173,-14.0,-4.01,0.0,13.87,47.95,296.0
2025-01-20 00:00:00,AA,10,137,-15.0,-4.01,-0.99,12.06,32.79,475.0
2025-01-20 00:00:00,DL,10,158,-14.0,-2.97,1.99,22.88,62.18,508.0
2025-01-20 00:00:00,WN,11,222,-10.0,-1.99,5.99,21.98,48.91,174.0
2025-01-20 00:00:00,AA,12,136,-11.0,-4.01,2.97,24.78,43.38,348.0
2025-01-20 00:00:00,DL,12,175,-15.0,-5.0,2.97,21.12,64.72,1104.0
2025-01-20 00:00:00,UA,12,135,-14.0,-4.01,0.0,10.91,39.25,138.0
2025-01-20 00:00:00,DL,18,157,-27.0,-2.97,2.97,27.94,58.56,923.0
2025-01-20 00:00:00,UA,18,138,-15.0,-2.97,1.99,15.96,66.03,205.0
2025-01-20 00:00:00,WN,19,249,-14.0,0.99,17.99,47.0,74.45,168.0
2025-01-20 00:00:00,UA,0,3,-9.0,-8.94,0.0,0.0,0.0,1.0
2025-01-20 00:00:00,UA,23,32,-9.0,-5.99,-2.97,2.97,13.87,65.0
2025-01-20 00:00:00,AA,0,8,-8.0,-5.99,-4.01,5.0,13.07,28.0
2025-01-20 00:00:00,WN,16,222,-11.0,0.99,13.87,44.26,77.49,213.0
2025-01-20 00:00:00,DL,19,159,-16.0,-2.97,10.07,47.95,98.5,261.0
2025-01-20 00:00:00,AA,22,56,-16.0,-5.99,-2.97,5.99,47.95,584.0
2025-01-20 00:00:00,UA,8,178,-12.0,-5.99,-1.99,2.97,15.03,467.0
2025-01-20 00:00:00,UA,21,30,-9.0,-5.0,5.0,17.99,46.07,168.0
2025-01-20 00:00:00,DL,9,125,-17.0,-4.01,0.99,21.98,59.75,302.0
2025-01-21 00:00:00,UA,21,21,-11.0,-7.03,-4.01,-1.99,0.99,30.0
2025-01-21 00:00:00,UA,18,84,-15.0,-5.0,-1.99,1.99,13.07,53.0
2025-01-21 00:00:00,WN,18,218,-12.0,-5.0,-0.99,7.03,25.79,317.0
2025-01-21 00:00:00,DL,12,160,-13.0,-5.0,0.99,17.99,51.94,337.0
2025-01-21 00:00:00,UA,23,23,-10.0,-8.94,-7.03,-1.99,4.01,27.0
2025-01-21 00:00:00,DL,18,121,-19.0,-0.99,19.89,106.71,252.18,1041.0
2025-01-21 00:00:00,DL,19,90,-16.0,-0.99,27.94,111.06,186.82,980.0
2025-01-21 00:00:00,WN,19,112,-11.0,-5.99,-1.99,10.07,30.88,140.0
2025-01-21 00:00:00,AA,22,43,-10.0,-4.01,1.99,32.14,39.25,73.0
2025-01-21 00:00:00,WN,16,187,-16.0,-5.0,0.99,13.87,36.24,299.0
2025-01-21 00:00:00,UA,0,1,80.0,80.0,80.0,80.0,80.0,80.0
2025-01-21 00:00:00,AA,10,127,-12.0,-5.0,-1.99,10.07,32.14,216.0
2025-01-21 00:00:00,AA,12,126,-12.0,-5.0,-0.99,4.01,25.79,132.0
2025-01-21 00:00:00,DL,10,140,-19.0,-5.99,0.0,16.95,54.06,337.0
2025-01-21 00:00:00,WN,11,237,-12.0,-4.01,0.0,10.07,26.84,180.0
2025-01-21 00:00:00,UA,10,101,-13.0,-5.99,-2.97,1.99,15.96,97.0
2025-01-21 00:00:00,AA,0,5,-8.0,-4.01,-2.97,-2.97,-2.97,0.0
2025-01-21 00:00:00,UA,8,155,-17.0,-5.0,-2.97,0.99,16.95,312.0
2025-01-21 00:00:00,DL,9,119,-16.0,-5.0,0.0,13.07,45.15,296.0
2025-01-21 00:00:00,DL,7,219,-13.0,-5.0,-0.99,7.03,32.79,363.0
2025-01-21 00:00:00,DL,8,161,-15.0,-5.0,-1.99,7.92,24.78,344.0
2025-01-21 00:00:00,UA,12,92,-13.0,-5.99,-1.99,4.01,21.12,230.0
2025-01-22 00:00:00,WN,16,197,-14.0,-5.99,-2.97,0.0,10.07,196.0
2025-01-22 00:00:00,DL,8,147,-13.0,-4.01,10.91,82.28,169.04,304.0
2025-01-22 00:00:00,WN,19,115,-14.0,-7.03,-5.0,-0.99,5.99,85.0
2025-01-22 00:00:00,AA,10,124,-15.0,-5.0,-1.99,1.99,21.12,552.0
2025-01-22 00:00:00,DL,9,99,-12.0,-5.0,0.0,67.36,132.97,281.0
2025-01-22 00:00:00,UA,8,165,-15.0,-5.99,-2.97,4.01,39.25,278.0
2025-01-22 00:00:00,UA,21,26,-14.0,-8.94,-5.0,-0.99,0.0,23.0
2025-01-22 00:00:00,AA,0,5,-14.0,-7.03,-7.03,-2.97,-2.97,3.0
2025-01-22 00:00:00,UA,0,1,35.0,35.0,35.0,35.0,35.0,35.0
2025-01-22 00:00:00,WN,18,247,-13.0,-5.99,-2.97,1.99,12.06,50.0
2025-01-22 00:00:00,DL,19,111,-14.0,-2.97,19.11,68.72,117.93,1036.0
2025-01-22 00:00:00,DL,18,142,-15.0,-4.01,15.96,55.15,127.75,255.0
2025-01-22 00:00:00,UA,18,124,-17.0,-5.99,0.0,13.87,37.72,268.0
2025-01-22 00:00:00,UA,23,26,-12.0,-10.07,-5.99,-4.01,-1.99,14.0
2025-01-22 00:00:00,DL,10,119,-11.0,-0.99,32.79,144.04,228.18,504.0
2025-01-22 00:00:00,AA,22,55,-15.0,-5.99,-2.97,5.99,22.88,472.0
2025-01-22 00:00:00,UA,10,107,-13.0,-7.03,-1.99,5.0,15.96,316.0
2025-01-22 00:00:00,DL,7,194,-17.0,-5.99,-0.99,23.81,156.04,404.0
2025-01-22 00:00:00,UA,12,117,-14.0,-5.0,-1.99,21.98,63.44,275.0
2025-01-22 00:00:00,WN,11,238,-13.0,-4.01,-0.99,5.99,15.96,254.0
2025-01-22 00:00:00,AA,12,129,-12.0,-5.0,-0.99,8.94,46.07,426.0
2025-01-22 00:00:00,DL,12,138,-14.0,-4.01,21.98,111.06,175.94,373.0
2025-01-23 00:00:00,WN,19,120,-12.0,-5.0,0.0,15.03,46.07,190.0
2025-01-23 00:00:00,AA,0,7,-10.0,-7.03,-5.99,-2.97,-1.99,32.0
2025-01-23 00:00:00,WN,11,252,-14.0,-5.0,-1.99,1.99,13.07,224.0
2025-01-23 00:00:00,UA,8,177,-16.0,-7.03,-4.01,-0.99,5.0,349.0
2025-01-23 00:00:00,AA,12,132,-12.0,-5.0,0.0,19.11,63.44,1489.0
2025-01-23 00:00:00,DL,12,170,-17.0,-5.0,0.0,13.07,49.9,326.0
2025-01-23 00:00:00,UA,12,132,-13.0,-7.03,-2.97,4.01,21.12,396.0
2025-01-23 00:00:00,UA,10,115,-13.0,-5.99,-2.97,0.99,13.07,89.0
2025-01-23 00:00:00,DL,7,227,-16.0,-5.99,-4.01,0.0,13.07,597.0
2025-01-23 00:00:00,DL,9,123,-14.0,-5.99,-2.97,4.01,24.78,170.0
2025-01-23 00:00:00,DL,8,166,-19.0,-5.99,-2.97,2.97,30.88,245.0
2025-01-23 00:00:00,WN,16,208,-14.0,-4.01,0.0,13.87,67.36,341.0
2025-01-23 00:00:00,UA,18,140,-20.0,-5.99,-1.99,8.94,58.56,273.0
2025-01-23 00:00:00,UA,23,30,-16.0,-8.94,-4.01,0.0,10.91,113.0
2025-01-23 00:00:00,UA,21,32,-14.0,-7.03,-2.97,0.99,10.91,29.0
2025-01-23 00:00:00,AA,22,88,-13.0,-5.0,0.0,15.03,36.24,393.0
2025-01-23 00:00:00,DL,19,165,-19.0,-4.01,7.92,32.14,83.94,1107.0
2025-01-23 00:00:00,DL,10,149,-19.0,-5.99,-1.99,10.91,23.81,122.0
2025-01-23 00:00:00,AA,10,136,-15.0,-5.99,-2.97,4.01,30.27,724.0
2025-01-23 00:00:00,WN,18,262,-12.0,-2.97,0.99,15.96,55.15,161.0
2025-01-23 00:00:00,DL,18,158,-22.0,-5.0,0.99,19.89,55.15,395.0
2025-01-23 00:00:00,UA,0,3,-13.0,-13.0,-5.99,-5.99,-5.99,4.0
2025-01-24 00:00:00,DL,7,234,-13.0,-5.99,-2.97,0.99,15.96,677.0
2025-01-24 00:00:00,UA,10,116,-16.0,-7.03,-5.0,-0.99,13.87,128.0
2025-01-24 00:00:00,WN,16,208,-14.0,-5.0,-1.99,5.99,22.88,84.0
2025-01-24 00:00:00,UA,0,3,-10.0,-10.0,-2.97,-2.97,-2.97,-2.0
2025-01-24 00:00:00,DL,8,172,-17.0,-7.03,-4.01,0.0,5.99,177.0
2025-01-24 00:00:00,WN,11,265,-15.0,-5.0,-1.99,2.97,13.07,141.0
2025-01-24 00:00:00,AA,12,135,-14.0,-5.0,-1.99,4.01,25.79,111.0
2025-01-24 00:00:00,DL,12,176,-15.0,-5.99,-1.99,10.07,47.95,289.0
2025-01-24 00:00:00,UA,12,133,-17.0,-5.99,-1.99,5.0,23.81,344.0
2025-01-24 00:00:00,UA,18,141,-15.0,-7.03,-4.01,0.99,15.03,88.0
2025-01-24 00:00:00,WN,19,120,-10.0,-5.99,-2.97,4.01,21.98,98.0
2025-01-24 00:00:00,DL,19,166,-22.0,-7.92,-2.97,8.94,39.25,167.0
2025-01-24 00:00:00,AA,22,57,-10.0,-7.03,-5.0,-0.99,8.94,182.0
2025-01-24 00:00:00,AA,0,8,-11.0,-7.03,-4.01,-0.99,5.0,6.0
2025-01-24 00:00:00,DL,18,160,-19.0,-7.92,-1.99,13.87,40.05,158.0
2025-01-24 00:00:00,UA,23,30,-15.0,-7.92,-5.0,-1.99,7.03,26.0
2025-01-24 00:00:00,DL,10,157,-20.0,-5.0,-0.99,13.87,36.24,122.0
2025-01-24 00:00:00,UA,21,30,-14.0,-10.07,-5.99,-4.01,13.07,39.0
2025-01-24 00:00:00,WN,18,263,-14.0,-5.0,-2.97,2.97,12.06,210.0
2025-01-24 00:00:00,DL,9,128,-14.0,-5.0,-1.99,8.94,21.12,129.0
2025-01-24 00:00:00,UA,8,180,-12.0,-7.03,-4.01,-0.99,12.06,248.0
2025-01-24 00:00:00,AA,10,136,-10.0,-5.0,-1.99,2.97,26.84,148.0
2025-01-25 00:00:00,UA,18,108,-18.0,-7.03,-2.97,4.01,30.27,123.0
2025-01-25 00:00:00,WN,18,150,-12.0,-5.99,-1.99,7.92,24.78,161.0
2025-01-25 00:00:00,DL,10,124,-18.0,-7.03,-4.01,0.0,19.89,102.0
2025-01-25 00:00:00,DL,12,146,-20.0,-7.03,-4.01,2.97,23.81,169.0
2025-01-25 00:00:00,UA,0,3,-1.0,-0.99,7.03,7.03,7.03,17.0
2025-01-25 00:00:00,WN,16,205,-14.0,-5.0,-0.99,8.94,41.68,173.0
2025-01-25 00:00:00,AA,12,115,-15.0,-5.99,-1.99,7.03,26.84,386.0
2025-01-25 00:00:00,UA,8,162,-14.0,-5.99,-4.01,0.0,19.89,192.0
2025-01-25 00:00:00,UA,23,26,-11.0,-8.94,-5.99,5.99,21.12,702.0
2025-01-25 00:00:00,DL,9,122,-16.0,-7.03,-2.97,0.99,19.11,190.0
2025-01-25 00:00:00,AA,10,120,-14.0,-5.99,-2.97,1.99,21.98,227.0
2025-01-25 00:00:00,AA,0,5,-4.0,-4.0,-1.99,0.0,0.0,242.0
2025-01-25 00:00:00,WN,11,226,-15.0,-5.0,-1.99,5.99,30.27,188.0
2025-01-25 00:00:00,DL,8,153,-13.0,-7.03,-4.01,2.97,17.99,620.0
2025-01-25 00:00:00,DL,7,202,-17.0,-7.03,-4.01,0.0,13.07,103.0
2025-01-25 00:00:00,UA,10,111,-13.0,-5.99,-1.99,13.87,51.94,327.0
2025-01-25 00:00:00,AA,22,59,-16.0,-5.99,-4.01,0.0,37.72,105.0
2025-01-25 00:00:00,UA,12,112,-16.0,-5.99,-2.97,2.97,21.12,285.0
2025-01-25 00:00:00,WN,19,78,-12.0,-5.0,-0.99,21.98,36.24,113.0
2025-01-25 00:00:00,UA,21,22,-12.0,-7.03,-5.0,0.0,7.92,45.0
2025-01-25 00:00:00,DL,18,106,-17.0,-8.94,-4.01,0.0,19.89,138.0
2025-01-25 00:00:00,DL,19,87,-21.0,-7.92,-4.01,4.01,16.95,121.0
2025-01-26 00:00:00,DL,8,179,-17.0,-7.03,-4.01,-0.99,12.06,281.0
2025-01-26 00:00:00,AA,12,131,-12.0,-5.0,-1.99,4.01,32.14,165.0
2025-01-26 00:00:00,UA,12,131,-16.0,-5.99,-2.97,0.0,8.94,338.0
2025-01-26 00:00:00,UA,21,34,-16.0,-7.03,-1.99,0.99,13.07,111.0
2025-01-26 00:00:00,DL,12,177,-14.0,-7.03,-5.0,1.99,19.11,396.0
2025-01-26 00:00:00,WN,16,224,-13.0,-2.97,0.0,13.07,29.08,103.0
2025-01-26 00:00:00,DL,18,158,-25.0,-7.03,-4.01,2.97,15.96,836.0
2025-01-26 00:00:00,UA,18,139,-15.0,-5.99,-1.99,4.01,17.99,177.0
2025-01-26 00:00:00,WN,18,221,-11.0,-4.01,0.99,13.07,26.84,232.0
2025-01-26 00:00:00,DL,19,164,-19.0,-7.92,-4.01,7.92,25.79,169.0
2025-01-26 00:00:00,WN,19,269,-14.0,-5.0,-0.99,7.92,21.12,259.0
2025-01-26 00:00:00,AA,22,89,-16.0,-7.03,-4.01,5.0,34.13,71.0
2025-01-26 00:00:00,DL,9,127,-16.0,-7.03,-4.01,-0.99,2.97,231.0
2025-01-26 00:00:00,UA,10,119,-15.0,-7.03,-2.97,0.0,12.06,128.0
2025-01-26 00:00:00,WN,11,222,-13.0,-5.0,-0.99,4.01,16.95,148.0
2025-01-26 00:00:00,AA,10,136,-13.0,-5.99,-2.97,0.0,21.12,113.0
2025-01-26 00:00:00,DL,10,157,-17.0,-7.03,-4.01,-0.99,13.87,269.0
2025-01-26 00:00:00,UA,0,3,-7.0,-7.0,-2.97,-2.97,-2.97,1.0
2025-01-26 00:00:00,DL,7,232,-20.0,-7.92,-5.0,-1.99,5.0,129.0
2025-01-26 00:00:00,AA,0,6,-8.0,-7.92,-5.0,-2.97,4.01,21.0
2025-01-26 00:00:00,UA,23,34,-18.0,-10.07,-7.03,-1.99,10.07,26.0
2025-01-26 00:00:00,UA,8,177,-16.0,-7.03,-4.01,-1.99,5.0,317.0
2025-01-27 00:00:00,UA,18,139,-15.0,-7.92,-5.0,-0.99,5.0,108.0
2025-01-27 00:00:00,UA,10,119,-13.0,-7.92,-5.0,-0.99,8.94,100.0
2025-01-27 00:00:00,UA,8,181,-14.0,-7.92,-5.99,-2.97,2.97,328.0
2025-01-27 00:00:00,WN,18,263,-14.0,-5.99,-4.01,0.0,10.91,128.0
2025-01-27 00:00:00,WN,19,120,-12.0,-7.03,-5.0,-0.99,15.03,60.0
2025-01-27 00:00:00,DL,19,146,-18.0,-8.94,-5.0,-0.99,8.94,116.0
2025-01-27 00:00:00,WN,11,265,-13.0,-5.99,-1.99,1.99,12.06,173.0
2025-01-27 00:00:00,WN,16,209,-14.0,-5.99,-4.01,1.99,12.06,85.0
2025-01-27 00:00:00,DL,18,154,-29.0,-7.92,-4.01,0.0,15.96,892.0
2025-01-27 00:00:00,UA,12,135,-17.0,-7.03,-5.0,-1.99,15.03,280.0
2025-01-27 00:00:00,AA,12,136,-14.0,-5.99,-1.99,2.97,19.89,197.0
2025-01-27 00:00:00,DL,12,171,-21.0,-7.03,-4.01,1.99,13.87,91.0
2025-01-27 00:00:00,AA,10,137,-12.0,-5.99,-2.97,4.01,25.79,148.0
2025-01-27 00:00:00,DL,9,125,-12.0,-5.99,-4.01,-1.99,10.07,174.0
2025-01-27 00:00:00,UA,21,30,-12.0,-10.07,-7.92,-5.99,-1.99,25.0
2025-01-27 00:00:00,AA,22,57,-20.0,-8.94,-5.0,0.99,16.95,131.0
2025-01-27 00:00:00,UA,23,28,-19.0,-12.06,-7.03,-4.01,-1.99,91.0
2025-01-27 00:00:00,DL,8,174,-17.0,-5.99,-4.01,-0.99,10.91,315.0
2025-01-27 00:00:00,AA,0,8,-10.0,-10.0,-7.92,-2.97,-0.99,19.0
2025-01-27 00:00:00,DL,7,228,-16.0,-5.99,-2.97,0.0,8.94,304.0
2025-01-27 00:00:00,UA,0,3,-2.0,-1.99,5.0,5.0,5.0,43.0
2025-01-27 00:00:00,DL,10,154,-14.0,-7.03,-4.01,0.0,21.12,176.0
2025-01-28 00:00:00,DL,12,160,-18.0,-7.92,-4.01,0.0,19.89,175.0
2025-01-28 00:00:00,WN,19,120,-14.0,-7.03,-5.99,-2.97,0.0,116.0
2025-01-28 00:00:00,UA,23,24,-16.0,-7.92,-7.03,-4.01,16.95,121.0
2025-01-28 00:00:00,DL,7,219,-16.0,-8.94,-5.99,-1.99,2.97,454.0
2025-01-28 00:00:00,AA,0,5,-6.0,-5.99,-2.97,0.0,0.0,1.0
2025-01-28 00:00:00,UA,0,3,-9.0,-8.94,-7.92,-7.92,-7.92,-6.0
2025-01-28 00:00:00,UA,21,23,-21.0,-10.07,-7.03,-5.0,2.97,102.0
2025-01-28 00:00:00,AA,22,56,-15.0,-10.07,-7.03,-4.01,-2.97,25.0
2025-01-28 00:00:00,AA,12,129,-17.0,-7.03,-5.0,-0.99,16.95,270.0
2025-01-28 00:00:00,UA,18,118,-19.0,-8.94,-5.0,-1.99,12.06,175.0
2025-01-28 00:00:00,DL,19,103,-28.0,-10.91,-5.99,-1.99,7.03,49.0
2025-01-28 00:00:00,UA,12,130,-16.0,-7.92,-5.0,-0.99,4.01,31.0
2025-01-28 00:00:00,DL,8,171,-18.0,-7.03,-5.0,-0.99,10.91,507.0
2025-01-28 00:00:00,WN,18,264,-18.0,-7.03,-5.0,-1.99,4.01,63.0
2025-01-28 00:00:00,WN,11,265,-11.0,-5.99,-5.0,-1.99,2.97,55.0
2025-01-28 00:00:00,UA,8,175,-18.0,-8.94,-7.03,-2.97,5.0,617.0
2025-01-28 00:00:00,DL,18,138,-20.0,-10.07,-5.99,-2.97,2.97,202.0
2025-01-28 00:00:00,WN,16,209,-13.0,-7.03,-5.0,-1.99,5.99,108.0
2025-01-28 00:00:00,AA,10,129,-16.0,-7.03,-5.0,-1.99,19.11,3298.0
2025-01-28 00:00:00,DL,9,120,-16.0,-7.92,-4.01,1.99,17.99,152.0
2025-01-28 00:00:00,DL,10,146,-25.0,-7.92,-4.01,0.99,26.84,224.0
2025-01-28 00:00:00,UA,10,111,-15.0,-8.94,-5.99,-2.97,10.91,132.0
2025-01-29 00:00:00,DL,7,215,-17.0,-8.94,-5.99,-1.99,2.97,114.0
2025-01-29 00:00:00,UA,18,126,-23.0,-7.03,-4.01,-0.99,2.97,55.0
2025-01-29 00:00:00,AA,22,53,-11.0,-7.03,-5.0,-1.99,21.12,142.0
2025-01-29 00:00:00,UA,10,113,-16.0,-8.94,-5.99,-1.99,8.94,178.0
2025-01-29 00:00:00,UA,23,27,-15.0,-10.91,-8.94,-4.01,1.99,30.0
2025-01-29 00:00:00,WN,19,116,-14.0,-7.03,-5.0,-1.99,2.97,145.0
2025-01-29 00:00:00,DL,10,146,-17.0,-7.03,-5.0,-1.99,5.0,330.0
2025-01-29 00:00:00,DL,9,119,-14.0,-7.03,-5.0,0.0,10.91,635.0
2025-01-29 00:00:00,DL,8,173,-22.0,-7.92,-5.0,-1.99,2.97,70.0
2025-01-29 00:00:00,AA,10,131,-14.0,-5.99,-4.01,0.0,13.07,160.0
2025-01-29 00:00:00,UA,21,26,-18.0,-10.07,-7.92,-0.99,0.99,66.0
2025-01-29 00:00:00,DL,19,105,-20.0,-8.94,-5.0,0.0,15.96,809.0
2025-01-29 00:00:00,UA,0,3,-10.0,-10.0,-5.0,-5.0,-5.0,4.0
2025-01-29 00:00:00,AA,0,5,-10.0,-4.01,-2.97,-1.99,-1.99,0.0
2025-01-29 00:00:00,UA,8,176,-18.0,-8.94,-5.99,-2.97,1.99,179.0
2025-01-29 00:00:00,WN,18,262,-15.0,-7.03,-4.01,-0.99,7.92,105.0
2025-01-29 00:00:00,DL,18,136,-22.0,-7.92,-4.01,0.0,8.94,211.0
2025-01-29 00:00:00,UA,12,130,-20.0,-7.03,-4.01,0.99,25.79,76.0
2025-01-29 00:00:00,WN,16,209,-13.0,-7.03,-4.01,0.0,8.94,85.0
2025-01-29 00:00:00,WN,11,265,-14.0,-5.99,-4.01,0.0,7.92,274.0
2025-01-29 00:00:00,AA,12,131,-15.0,-7.03,-4.01,0.99,15.03,162.0
2025-01-29 00:00:00,DL,12,163,-20.0,-7.92,-5.0,-0.99,12.06,116.0
2025-01-30 00:00:00,WN,11,259,-12.0,-4.01,-0.99,5.0,15.96,119.0
2025-01-30 00:00:00,UA,8,177,-16.0,-7.92,-5.99,-2.97,1.99,137.0
2025-01-30 00:00:00,DL,8,172,-21.0,-7.03,-5.0,-0.99,4.01,675.0
2025-01-30 00:00:00,DL,9,125,-15.0,-7.03,-5.0,-0.99,7.92,236.0
2025-01-30 00:00:00,DL,12,170,-18.0,-7.03,-2.97,1.99,26.84,470.0
2025-01-30 00:00:00,UA,12,136,-23.0,-7.03,-2.97,4.01,26.84,232.0
2025-01-30 00:00:00,AA,12,127,-15.0,-4.01,-0.99,13.07,40.05,216.0
2025-01-30 00:00:00,WN,16,205,-14.0,-5.0,-0.99,5.99,23.81,350.0
2025-01-30 00:00:00,UA,18,140,-16.0,-5.0,-2.97,2.97,19.89,193.0
2025-01-30 00:00:00,WN,18,262,-12.0,-4.01,0.0,7.92,19.89,116.0
2025-01-30 00:00:00,DL,18,156,-20.0,-7.92,-2.97,5.99,21.98,1078.0
2025-01-30 00:00:00,WN,19,113,-11.0,-5.0,-2.97,4.01,12.06,186.0
2025-01-30 00:00:00,UA,21,31,-12.0,-7.03,-2.97,8.94,21.98,128.0
2025-01-30 00:00:00,UA,23,30,-13.0,-7.92,-5.99,-1.99,5.0,129.0
2025-01-30 00:00:00,DL,7,220,-15.0,-7.03,-4.01,-0.99,5.99,532.0
2025-01-30 00:00:00,AA,0,6,-10.0,-5.99,-5.0,-0.99,7.92,18.0
2025-01-30 00:00:00,DL,19,148,-18.0,-7.03,-2.97,5.0,19.11,154.0
2025-01-30 00:00:00,AA,10,128,-12.0,-5.0,-0.99,12.06,44.26,223.0
2025-01-30 00:00:00,UA,10,119,-13.0,-7.03,-5.0,0.0,10.91,227.0
2025-01-30 00:00:00,UA,0,3,-6.0,-5.99,-5.0,-5.0,-5.0,2.0
2025-01-30 00:00:00,AA,22,89,-18.0,-5.0,-1.99,8.94,27.94,431.0
2025-01-30 00:00:00,DL,10,154,-15.0,-7.03,-5.0,0.0,10.91,118.0
2025-01-31 00:00:00,DL,7,227,-15.0,-5.99,-2.97,0.0,15.96,675.0
2025-01-31 00:00:00,UA,0,3,-10.0,-10.0,-8.94,-8.94,-8.94,-7.0
2025-01-31 00:00:00,DL,8,174,-17.0,-5.99,-4.01,-0.99,10.07,536.0
2025-01-31 00:00:00,DL,10,156,-19.0,-7.03,-4.01,0.0,10.07,115.0
2025-01-31 00:00:00,WN,18,264,-14.0,-5.0,-0.99,8.94,30.27,243.0
2025-01-31 00:00:00,DL,18,155,-20.0,-5.99,-2.97,12.06,34.82,234.0
2025-01-31 00:00:00,UA,18,142,-15.0,-5.99,-0.99,13.87,32.14,118.0
2025-01-31 00:00:00,UA,10,116,-17.0,-5.99,-2.97,5.99,29.08,151.0
2025-01-31 00:00:00,UA,12,136,-15.0,-7.03,-4.01,4.01,32.14,194.0
2025-01-31 00:00:00,WN,16,209,-12.0,-5.0,-0.99,7.03,27.94,263.0
2025-01-31 00:00:00,DL,12,173,-20.0,-5.99,-2.97,5.99,25.79,478.0
2025-01-31 00:00:00,WN,11,264,-11.0,-5.0,-1.99,2.97,10.91,97.0
2025-01-31 00:00:00,AA,12,136,-11.0,-5.0,-1.99,8.94,34.13,192.0
2025-01-31 00:00:00,UA,8,180,-14.0,-7.03,-5.0,-0.99,4.01,425.0
2025-01-31 00:00:00,DL,19,146,-18.0,-7.03,-2.97,13.87,32.79,365.0
2025-01-31 00:00:00,WN,19,120,-11.0,-5.0,-0.99,8.94,32.14,132.0
2025-01-31 00:00:00,UA,21,30,-15.0,-7.92,-5.99,-0.99,24.78,206.0
2025-01-31 00:00:00,AA,22,57,-15.0,-4.01,-0.99,5.0,39.25,411.0
2025-01-31 00:00:00,UA,23,30,-12.0,-7.92,-4.01,-0.99,13.87,71.0
2025-01-31 00:00:00,AA,10,136,-12.0,-5.99,-2.97,1.99,8.94,139.0
2025-01-31 00:00:00,AA,0,8,-5.0,-4.01,-2.97,0.99,4.01,5.0
2025-01-31 00:00:00,DL,9,126,-16.0,-5.99,-2.97,0.99,15.03,152.0
2025-02-01 00:00:00,UA,0,3,-3.0,-2.97,-1.99,-1.99,-1.99,58.0
2025-02-01 00:00:00,AA,0,5,-7.0,-5.99,-5.99,-1.99,-1.99,11.0
2025-02-01 00:00:00,DL,7,198,-18.0,-7.03,-5.0,0.0,12.06,356.0
2025-02-01 00:00:00,DL,8,151,-15.0,-7.03,-4.01,-0.99,10.91,164.0
2025-02-01 00:00:00,DL,9,121,-16.0,-5.99,-4.01,-0.99,13.07,194.0
2025-02-01 00:00:00,DL,10,124,-18.0,-7.03,-4.01,0.0,19.89,567.0
2025-02-01 00:00:00,UA,10,111,-18.0,-7.03,-4.01,4.01,22.88,148.0
2025-02-01 00:00:00,UA,8,163,-15.0,-7.03,-5.0,-0.99,10.07,447.0
2025-02-01 00:00:00,WN,11,227,-13.0,-5.99,-2.97,1.99,12.06,114.0
2025-02-01 00:00:00,DL,12,146,-18.0,-7.03,-4.01,0.0,17.99,464.0
2025-02-01 00:00:00,WN,16,208,-15.0,-5.99,-2.97,1.99,10.07,79.0
2025-02-01 00:00:00,UA,21,22,-11.0,-7.03,-5.99,-1.99,1.99,12.0
2025-02-01 00:00:00,UA,23,26,-13.0,-10.07,-4.01,-1.99,19.89,38.0
2025-02-01 00:00:00,AA,22,59,-16.0,-7.92,-5.99,-1.99,13.07,36.0
2025-02-01 00:00:00,AA,10,120,-15.0,-5.99,-2.97,0.0,12.06,338.0
2025-02-01 00:00:00,UA,12,111,-13.0,-7.92,-2.97,0.0,29.08,169.0
2025-02-01 00:00:00,WN,18,151,-13.0,-5.99,-5.0,-0.99,10.07,58.0
2025-02-01 00:00:00,WN,19,79,-12.0,-5.99,-4.01,0.99,7.92,37.0
2025-02-01 00:00:00,DL,19,85,-25.0,-7.92,-5.0,-0.99,7.03,66.0
2025-02-01 00:00:00,AA,12,115,-16.0,-5.99,-2.97,1.99,15.96,216.0
2025-02-01 00:00:00,UA,18,108,-15.0,-7.92,-4.01,2.97,27.94,81.0
2025-02-01 00:00:00,DL,18,105,-24.0,-7.03,-5.0,2.97,26.84,179.0
2025-02-02 00:00:00,DL,9,126,-16.0,-7.03,-5.0,-0.99,5.0,373.0
2025-02-02 00:00:00,UA,23,34,-16.0,-5.99,-4.01,8.94,21.98,41.0
2025-02-02 00:00:00,WN,19,264,-15.0,-5.0,0.0,10.91,29.08,129.0
2025-02-02 00:00:00,UA,0,3,-4.0,-4.0,-0.99,-0.99,-0.99,1.0
2025-02-02 00:00:00,DL,8,177,-15.0,-7.03,-5.0,0.0,16.95,268.0
2025-02-02 00:00:00,UA,12,132,-12.0,-7.03,-2.97,2.97,16.95,539.0
2025-02-02 00:00:00,UA,21,32,-11.0,-5.99,-2.97,7.03,56.27,64.0
2025-02-02 00:00:00,DL,19,146,-17.0,-7.03,-1.99,13.07,51.94,959.0
2025-02-02 00:00:00,AA,22,89,-14.0,-5.99,-4.01,7.03,34.13,363.0
2025-02-02 00:00:00,WN,18,218,-12.0,-2.97,0.0,16.95,52.99,130.0
2025-02-02 00:00:00,UA,8,176,-15.0,-7.03,-4.01,0.0,13.07,354.0
2025-02-02 00:00:00,WN,16,221,-11.0,-2.97,2.97,15.03,45.15,127.0
2025-02-02 00:00:00,DL,18,156,-21.0,-5.99,-0.99,10.07,32.79,321.0
2025-02-02 00:00:00,UA,10,118,-11.0,-5.99,-2.97,0.0,16.95,78.0
2025-02-02 00:00:00,AA,0,6,-11.0,-7.03,-4.01,-0.99,2.97,63.0
2025-02-02 00:00:00,DL,10,153,-20.0,-7.92,-5.0,-0.99,13.07,706.0
2025-02-02 00:00:00,DL,12,172,-15.0,-7.92,-4.01,0.0,7.03,472.0
2025-02-02 00:00:00,AA,12,130,-10.0,-5.0,-1.99,2.97,27.94,206.0
2025-02-02 00:00:00,UA,18,142,-14.0,-5.99,-1.99,17.99,80.65,234.0
2025-02-02 00:00:00,WN,11,219,-10.0,-5.0,-1.99,1.99,15.03,163.0
2025-02-02 00:00:00,AA,10,137,-12.0,-5.99,-4.01,0.0,16.95,196.0
2025-02-02 00:00:00,DL,7,227,-17.0,-7.92,-5.0,-0.99,10.07,998.0
2025-02-03 00:00:00,AA,22,57,-20.0,-8.94,-5.99,-1.99,7.92,392.0
2025-02-03 00:00:00,AA,0,8,-11.0,-7.92,-7.03,-5.0,-2.97,19.0
2025-02-03 00:00:00,UA,12,134,-14.0,-7.03,-1.99,1.99,25.79,215.0
2025-02-03 00:00:00,DL,7,226,-14.0,-7.03,-2.97,0.0,10.07,408.0
2025-02-03 00:00:00,UA,10,118,-15.0,-7.03,-4.01,5.0,56.27,334.0
2025-02-03 00:00:00,UA,23,28,-15.0,-10.07,-5.0,5.99,27.94,61.0
2025-02-03 00:00:00,UA,0,3,-11.0,-10.91,-5.0,-5.0,-5.0,37.0
2025-02-03 00:00:00,WN,11,262,-12.0,-5.0,-2.97,0.99,16.95,230.0
2025-02-03 00:00:00,AA,12,135,-12.0,-7.03,-4.01,0.0,32.14,163.0
2025-02-03 00:00:00,DL,8,171,-12.0,-5.99,-2.97,0.99,21.98,166.0
2025-02-03 00:00:00,DL,10,154,-16.0,-7.03,-1.99,5.0,29.08,157.0
2025-02-03 00:00:00,UA,21,29,-13.0,-8.94,-5.0,-4.01,2.97,25.0
2025-02-03 00:00:00,UA,8,179,-15.0,-7.03,-4.01,-0.99,15.96,464.0
2025-02-03 00:00:00,DL,9,124,-15.0,-5.99,-1.99,5.0,36.24,180.0
2025-02-03 00:00:00,WN,19,119,-13.0,-5.99,-2.97,16.95,47.0,220.0
2025-02-03 00:00:00,DL,18,154,-25.0,-8.94,-2.97,10.07,37.72,293.0
2025-02-03 00:00:00,DL,19,145,-17.0,-8.94,-4.01,2.97,22.88,362.0
2025-02-03 00:00:00,WN,16,207,-15.0,-5.99,-2.97,1.99,19.11,126.0
2025-02-03 00:00:00,WN,18,262,-14.0,-5.99,-2.97,5.0,19.11,115.0
2025-02-03 00:00:00,UA,18,141,-18.0,-7.03,-2.97,2.97,43.38,197.0
2025-02-03 00:00:00,DL,12,169,-19.0,-7.03,-1.99,15.03,40.05,173.0
2025-02-03 00:00:00,AA,10,138,-11.0,-5.0,-2.97,0.0,12.06,123.0
2025-02-04 00:00:00,WN,18,264,-13.0,-7.03,-5.0,-1.99,2.97,96.0
2025-02-04 00:00:00,DL,7,216,-19.0,-8.94,-5.99,-2.97,0.99,228.0
2025-02-04 00:00:00,AA,10,128,-17.0,-7.03,-5.0,-1.99,7.92,149.0
2025-02-04 00:00:00,DL,18,139,-20.0,-10.07,-5.99,-0.99,10.07,68.0
2025-02-04 00:00:00,AA,22,56,-19.0,-10.07,-7.03,-4.01,2.97,123.0
2025-02-04 00:00:00,DL,10,145,-26.0,-8.94,-5.99,-2.97,0.0,82.0
2025-02-04 00:00:00,UA,12,131,-18.0,-10.07,-5.99,-2.97,12.06,264.0
2025-02-04 00:00:00,UA,23,24,-12.0,-7.92,-5.0,1.99,8.94,50.0
2025-02-04 00:00:00,UA,18,118,-18.0,-7.92,-5.0,1.99,16.95,65.0
2025-02-04 00:00:00,WN,19,120,-15.0,-7.92,-5.0,-1.99,15.96,61.0
2025-02-04 00:00:00,UA,21,22,-18.0,-10.91,-7.92,-7.03,-5.0,3.0
2025-02-04 00:00:00,DL,12,157,-22.0,-10.07,-7.03,-4.01,0.0,69.0
2025-02-04 00:00:00,UA,10,111,-13.0,-7.92,-4.01,5.0,24.78,147.0
2025-02-04 00:00:00,DL,19,104,-20.0,-10.07,-7.03,-2.97,4.01,49.0
2025-02-04 00:00:00,WN,11,265,-14.0,-5.99,-2.97,0.0,10.91,142.0
2025-02-04 00:00:00,AA,12,129,-16.0,-7.03,-4.01,0.0,13.07,197.0
2025-02-04 00:00:00,DL,9,119,-17.0,-8.94,-5.99,-2.97,4.01,174.0
2025-02-04 00:00:00,UA,0,3,-7.0,-7.0,-2.0,-2.0,-2.0,-2.0
2025-02-04 00:00:00,WN,16,208,-14.0,-7.03,-5.0,-0.99,12.06,110.0
2025-02-04 00:00:00,AA,0,5,-18.0,-10.07,-5.0,-4.01,-4.01,-1.0
2025-02-04 00:00:00,DL,8,174,-17.0,-7.92,-5.0,-0.99,13.07,109.0
2025-02-04 00:00:00,UA,8,174,-15.0,-7.92,-5.0,-0.99,5.99,149.0
2025-02-05 00:00:00,AA,0,5,-5.0,-2.97,-2.97,27.94,27.94,99.0
2025-02-05 00:00:00,UA,0,3,-7.0,-7.0,-4.01,-4.01,-4.01,-2.0
2025-02-05 00:00:00,WN,16,209,-16.0,-5.99,-4.01,4.01,26.84,220.0
2025-02-05 00:00:00,DL,7,214,-17.0,-7.92,-5.99,-1.99,4.01,331.0
2025-02-05 00:00:00,DL,8,175,-17.0,-7.92,-5.0,-1.99,5.0,136.0
2025-02-05 00:00:00,UA,8,176,-15.0,-7.92,-5.99,-1.99,5.99,497.0
2025-02-05 00:00:00,DL,18,139,-24.0,-8.94,-4.01,0.0,16.95,182.0
2025-02-05 00:00:00,UA,21,26,-17.0,-8.94,-7.03,0.99,4.01,26.0
2025-02-05 00:00:00,DL,19,104,-26.0,-7.03,-4.01,0.99,12.06,124.0
2025-02-05 00:00:00,WN,18,263,-14.0,-5.0,-0.99,5.0,24.78,104.0
2025-02-05 00:00:00,AA,10,130,-15.0,-7.03,-5.0,-0.99,13.07,173.0
2025-02-05 00:00:00,AA,12,131,-15.0,-5.99,-2.97,2.97,19.11,178.0
2025-02-05 00:00:00,DL,12,159,-18.0,-8.94,-5.0,-1.99,7.03,64.0
2025-02-05 00:00:00,UA,12,130,-16.0,-7.92,-5.0,-0.99,13.07,235.0
2025-02-05 00:00:00,AA,22,56,-18.0,-8.94,-5.0,-0.99,5.99,56.0
2025-02-05 00:00:00,WN,11,263,-15.0,-5.0,-2.97,0.0,7.92,114.0
2025-02-05 00:00:00,DL,10,148,-16.0,-7.92,-5.0,-1.99,10.07,213.0
2025-02-05 00:00:00,UA,23,27,-14.0,-7.92,-5.99,-0.99,5.0,44.0
2025-02-05 00:00:00,UA,10,113,-18.0,-7.92,-5.0,-0.99,12.06,298.0
2025-02-05 00:00:00,DL,9,120,-15.0,-7.92,-5.0,-1.99,5.0,63.0
2025-02-05 00:00:00,UA,18,127,-19.0,-7.03,-2.97,0.99,19.11,161.0
2025-02-05 00:00:00,WN,19,120,-15.0,-5.99,-2.97,5.0,21.98,90.0
2025-02-06 00:00:00,WN,18,223,-13.0,-5.0,-0.99,12.06,34.82,278.0
2025-02-06 00:00:00,DL,18,156,-24.0,-5.99,0.0,19.11,63.44,277.0
2025-02-06 00:00:00,DL,12,170,-15.0,-5.0,1.99,24.78,56.27,278.0
2025-02-06 00:00:00,UA,18,139,-19.0,-2.97,7.03,54.06,117.93,290.0
2025-02-06 00:00:00,DL,8,172,-15.0,-5.99,-2.97,7.03,40.86,324.0
2025-02-06 00:00:00,AA,12,130,-18.0,-4.01,0.0,7.03,40.86,1265.0
2025-02-06 00:00:00,UA,12,137,-17.0,-5.0,0.0,26.84,72.97,197.0
2025-02-06 00:00:00,WN,16,222,-13.0,-4.01,0.0,10.91,40.86,251.0
2025-02-06 00:00:00,WN,11,220,-13.0,-5.0,-0.99,7.03,34.82,174.0
2025-02-06 00:00:00,WN,19,269,-19.0,-5.0,0.0,13.07,36.97,207.0
2025-02-06 00:00:00,DL,19,143,-16.0,-5.99,0.0,15.96,44.26,348.0
2025-02-06 00:00:00,AA,22,90,-13.0,-5.0,-1.99,5.99,34.13,685.0
2025-02-06 00:00:00,UA,23,30,-10.0,-2.97,1.99,12.06,19.89,59.0
2025-02-06 00:00:00,AA,10,135,-12.0,-5.99,-2.97,5.99,30.27,163.0
2025-02-06 00:00:00,DL,9,125,-13.0,-5.99,-2.97,2.97,15.96,104.0
2025-02-06 00:00:00,UA,8,183,-15.0,-5.99,-2.97,8.94,58.56,273.0
2025-02-06 00:00:00,UA,0,3,-9.0,-8.94,-4.01,-4.01,-4.01,88.0
2025-02-06 00:00:00,UA,10,117,-11.0,-4.01,1.99,34.82,72.97,297.0
2025-02-06 00:00:00,DL,7,223,-17.0,-5.99,-2.97,0.0,10.07,618.0
2025-02-06 00:00:00,AA,0,6,-9.0,-5.0,-4.01,-4.01,5.0,8.0
2025-02-06 00:00:00,DL,10,158,-14.0,-5.0,-0.99,13.07,40.05,311.0
2025-02-06 00:00:00,UA,21,31,-9.0,-2.97,26.84,52.99,68.72,112.0
2025-02-07 00:00:00,WN,16,226,-13.0,-4.01,0.0,13.07,32.14,161.0
2025-02-07 00:00:00,AA,0,8,-10.0,-7.03,-2.97,-2.97,-1.99,36.0
2025-02-07 00:00:00,UA,23,30,-11.0,-7.03,-2.97,0.0,4.01,34.0
2025-02-07 00:00:00,DL,7,227,-17.0,-7.03,-4.01,-0.99,8.94,429.0
2025-02-07 00:00:00,DL,18,157,-21.0,-8.94,-4.01,0.99,15.03,148.0
2025-02-07 00:00:00,AA,22,57,-13.0,-7.03,-2.97,0.0,15.96,39.0
2025-02-07 00:00:00,UA,21,30,-12.0,-7.03,-5.99,-4.01,5.0,295.0
2025-02-07 00:00:00,WN,18,227,-14.0,-5.99,-0.99,10.91,25.79,160.0
2025-02-07 00:00:00,UA,18,139,-17.0,-7.03,-4.01,-0.99,13.87,77.0
2025-02-07 00:00:00,DL,8,174,-13.0,-5.99,-4.01,0.0,7.03,161.0
2025-02-07 00:00:00,UA,12,135,-19.0,-7.03,-4.01,0.0,7.03,266.0
2025-02-07 00:00:00,WN,19,267,-13.0,-5.99,-1.99,5.99,30.27,150.0
2025-02-07 00:00:00,DL,12,174,-14.0,-5.99,-2.97,4.01,23.81,203.0
2025-02-07 00:00:00,WN,11,226,-13.0,-5.0,-2.97,2.97,12.06,188.0
2025-02-07 00:00:00,AA,12,135,-11.0,-5.0,-2.97,4.01,25.79,2700.0
2025-02-07 00:00:00,UA,8,186,-22.0,-7.03,-5.0,-0.99,13.07,300.0
2025-02-07 00:00:00,DL,19,145,-19.0,-8.94,-5.0,0.99,16.95,166.0
2025-02-07 00:00:00,AA,10,142,-13.0,-5.99,-2.97,0.0,5.0,311.0
2025-02-07 00:00:00,DL,9,125,-13.0,-7.03,-4.01,0.0,10.07,97.0
2025-02-07 00:00:00,UA,0,3,-6.0,-5.99,19.11,19.11,19.11,46.0
2025-02-07 00:00:00,DL,10,158,-18.0,-7.03,-4.01,0.99,21.12,274.0
2025-02-07 00:00:00,UA,10,119,-13.0,-7.03,-4.01,0.0,10.07,114.0
2025-02-08 00:00:00,DL,8,149,-20.0,-7.03,-4.01,0.0,12.06,263.0
2025-02-08 00:00:00,WN,18,152,-10.0,-4.01,-0.99,8.94,29.08,186.0
2025-02-08 00:00:00,UA,8,163,-16.0,-7.03,-5.0,-1.99,4.01,141.0
2025-02-08 00:00:00,UA,18,105,-16.0,-7.92,-4.01,7.03,29.08,359.0
2025-02-08 00:00:00,UA,12,113,-13.0,-7.03,-4.01,0.99,13.07,126.0
2025-02-08 00:00:00,WN,16,208,-17.0,-5.99,-2.97,5.0,21.12,102.0
2025-02-08 00:00:00,DL,18,107,-25.0,-7.03,-4.01,4.01,17.99,1173.0
2025-02-08 00:00:00,DL,9,121,-14.0,-7.03,-4.01,0.99,15.03,355.0
2025-02-08 00:00:00,WN,11,229,-12.0,-5.0,-1.99,2.97,10.07,104.0
2025-02-08 00:00:00,DL,12,146,-15.0,-7.03,-4.01,2.97,34.13,1118.0
2025-02-08 00:00:00,AA,12,113,-16.0,-5.99,-4.01,0.0,13.07,1299.0
2025-02-08 00:00:00,AA,10,123,-13.0,-7.03,-4.01,-0.99,13.87,151.0
2025-02-08 00:00:00,UA,10,115,-15.0,-7.03,-4.01,1.99,19.89,246.0
2025-02-08 00:00:00,DL,10,122,-14.0,-7.03,-4.01,0.0,12.06,289.0
2025-02-08 00:00:00,DL,19,83,-22.0,-8.94,-4.01,8.94,41.68,864.0
2025-02-08 00:00:00,WN,19,79,-11.0,-2.97,7.92,21.98,39.25,96.0
2025-02-08 00:00:00,UA,21,20,-19.0,-7.03,80.65,210.64,242.29,736.0
2025-02-08 00:00:00,AA,22,52,-12.0,-5.99,-4.01,-0.99,5.0,379.0
2025-02-08 00:00:00,UA,23,24,-14.0,-8.94,-5.0,0.0,47.95,329.0
2025-02-08 00:00:00,DL,7,197,-17.0,-7.03,-4.01,0.0,8.94,62.0
2025-02-08 00:00:00,UA,0,3,-8.0,-7.92,-7.03,-7.03,-7.03,0.0
2025-02-08 00:00:00,AA,0,5,-7.0,-5.99,-5.99,0.0,0.0,1.0
2025-02-09 00:00:00,DL,12,153,-22.0,-5.99,-1.99,2.97,41.68,178.0
2025-02-09 00:00:00,AA,0,6,-7.0,-5.99,-5.99,-5.0,-1.99,-1.0
2025-02-09 00:00:00,DL,7,200,-15.0,-5.99,-2.97,0.99,19.11,653.0
2025-02-09 00:00:00,DL,8,160,-14.0,-7.03,-4.01,-0.99,21.12,161.0
2025-02-09 00:00:00,UA,8,176,-14.0,-7.03,-4.01,-0.99,19.11,335.0
2025-02-09 00:00:00,DL,9,120,-14.0,-5.99,-1.99,4.01,27.94,198.0
2025-02-09 00:00:00,AA,10,137,-12.0,-5.99,-2.97,1.99,58.56,547.0
2025-02-09 00:00:00,DL,10,124,-19.0,-5.99,-2.97,4.01,32.79,99.0
2025-02-09 00:00:00,UA,10,119,-14.0,-5.99,-1.99,7.03,46.07,234.0
2025-02-09 00:00:00,WN,11,262,-15.0,-5.0,-1.99,1.99,12.06,103.0
2025-02-09 00:00:00,AA,12,130,-11.0,-4.01,-0.99,7.92,45.15,1120.0
2025-02-09 00:00:00,UA,18,141,-13.0,-7.03,-2.97,2.97,21.12,95.0
2025-02-09 00:00:00,DL,18,112,-17.0,-7.92,-4.01,2.97,44.26,243.0
2025-02-09 00:00:00,UA,12,131,-14.0,-5.0,-0.99,10.07,40.86,149.0
2025-02-09 00:00:00,UA,0,3,-8.0,-7.92,-7.03,-7.03,-7.03,98.0
2025-02-09 00:00:00,WN,18,239,-13.0,-5.99,-4.01,0.0,10.07,116.0
2025-02-09 00:00:00,UA,21,32,-10.0,-5.0,-1.99,5.99,22.88,120.0
2025-02-09 00:00:00,AA,22,89,-18.0,-5.99,-2.97,1.99,19.11,84.0
2025-02-09 00:00:00,WN,19,109,-13.0,-5.99,-2.97,0.0,19.11,94.0
2025-02-09 00:00:00,DL,19,104,-21.0,-7.03,-2.97,5.0,34.13,900.0
2025-02-09 00:00:00,WN,16,213,-15.0,-5.99,-1.99,0.99,12.06,112.0
2025-02-09 00:00:00,UA,23,33,-15.0,-8.94,-7.03,-2.97,17.99,98.0
2025-02-10 00:00:00,AA,10,139,-16.0,-5.0,-0.99,5.0,32.79,263.0
2025-02-10 00:00:00,DL,10,160,-18.0,-7.03,-2.97,1.99,16.95,109.0
2025-02-10 00:00:00,AA,0,8,-8.0,-7.03,-4.01,-1.99,-0.99,1.0
2025-02-10 00:00:00,UA,10,126,-12.0,-5.99,-4.01,1.99,21.12,224.0
2025-02-10 00:00:00,WN,11,223,-14.0,-4.01,0.0,10.07,29.08,249.0
2025-02-10 00:00:00,DL,9,127,-15.0,-5.99,-4.01,0.0,15.03,309.0
2025-02-10 00:00:00,DL,7,225,-17.0,-5.99,-4.01,0.0,5.99,127.0
2025-02-10 00:00:00,UA,0,5,-2.0,-1.99,-1.99,-0.99,-0.99,43.0
2025-02-10 00:00:00,UA,21,29,-12.0,-7.92,-4.01,0.99,30.27,53.0
2025-02-10 00:00:00,DL,8,177,-16.0,-5.99,-4.01,0.0,8.94,151.0
2025-02-10 00:00:00,UA,8,188,-13.0,-7.03,-4.01,0.0,15.96,174.0
2025-02-10 00:00:00,AA,12,137,-13.0,-4.01,-0.99,7.03,34.13,1546.0
2025-02-10 00:00:00,DL,12,172,-17.0,-5.99,-2.97,2.97,15.96,294.0
2025-02-10 00:00:00,UA,12,137,-13.0,-5.0,-1.99,5.0,34.82,359.0
2025-02-10 00:00:00,DL,19,145,-18.0,-7.92,-2.97,4.01,37.72,345.0
2025-02-10 00:00:00,AA,22,57,-13.0,-7.03,-5.0,0.0,5.0,137.0
2025-02-10 00:00:00,UA,23,28,-10.0,-7.92,-7.03,-1.99,4.01,32.0
2025-02-10 00:00:00,WN,16,228,-11.0,-4.01,0.99,12.06,48.91,235.0
2025-02-10 00:00:00,DL,18,156,-18.0,-7.03,-2.97,7.03,26.84,271.0
2025-02-10 00:00:00,UA,18,142,-21.0,-7.03,-2.97,5.0,24.78,92.0
2025-02-10 00:00:00,WN,19,262,-12.0,-5.0,-0.99,15.03,48.91,181.0
2025-02-10 00:00:00,WN,18,224,-13.0,-5.99,-0.99,13.07,39.25,163.0
2025-02-11 00:00:00,UA,18,116,-28.0,-5.0,0.99,15.96,57.4,271.0
2025-02-11 00:00:00,UA,12,130,-15.0,-5.99,-0.99,24.78,104.6,651.0
2025-02-11 00:00:00,UA,8,173,-15.0,-7.92,-5.0,-1.99,2.97,210.0
2025-02-11 00:00:00,WN,18,263,-14.0,-2.97,5.0,36.97,74.45,283.0
2025-02-11 00:00:00,UA,0,3,-9.0,-8.94,-4.01,-4.01,-4.01,0.0
2025-02-11 00:00:00,WN,16,209,-15.0,-4.01,0.0,19.89,52.99,302.0
2025-02-11 00:00:00,AA,12,129,-14.0,-5.99,-1.99,2.97,19.11,1104.0
2025-02-11 00:00:00,DL,18,134,-19.0,-7.03,-2.97,5.0,23.81,354.0
2025-02-11 00:00:00,DL,10,150,-18.0,-7.03,-5.0,-0.99,15.96,156.0
2025-02-11 00:00:00,DL,12,161,-17.0,-7.92,-4.01,5.0,17.99,170.0
2025-02-11 00:00:00,AA,0,5,-11.0,-8.94,-7.03,-5.99,-5.99,-3.0
2025-02-11 00:00:00,WN,11,263,-13.0,-5.0,-0.99,8.94,30.88,258.0
2025-02-11 00:00:00,UA,10,111,-16.0,-7.03,-2.97,0.99,25.79,258.0
2025-02-11 00:00:00,AA,10,128,-15.0,-5.99,-4.01,0.99,17.99,303.0
2025-02-11 00:00:00,DL,9,121,-15.0,-7.03,-4.01,0.0,22.88,142.0
2025-02-11 00:00:00,DL,8,173,-17.0,-7.03,-4.01,0.0,7.92,150.0
2025-02-11 00:00:00,DL,7,219,-15.0,-7.92,-5.0,-1.99,2.97,914.0
2025-02-11 00:00:00,DL,19,102,-25.0,-7.03,-4.01,5.0,30.27,124.0
2025-02-11 00:00:00,UA,21,21,-19.0,-8.94,-5.99,-4.01,-1.99,117.0
2025-02-11 00:00:00,AA,22,53,-15.0,-5.99,-4.01,4.01,26.84,70.0
2025-02-11 00:00:00,UA,23,24,-10.0,-7.92,-7.03,-1.99,0.0,95.0
2025-02-11 00:00:00,WN,19,116,-13.0,-5.0,0.0,21.98,57.4,261.0
2025-02-12 00:00:00,UA,12,130,-14.0,-4.01,2.97,25.79,80.65,540.0
2025-02-12 00:00:00,DL,19,110,-17.0,-1.99,5.99,24.78,82.28,988.0
2025-02-12 00:00:00,DL,10,150,-13.0,-5.0,-0.99,15.96,36.97,204.0
2025-02-12 00:00:00,UA,10,111,-13.0,-5.0,-0.99,10.91,67.36,326.0
2025-02-12 00:00:00,DL,7,214,-15.0,-5.99,-2.97,1.99,34.13,569.0
2025-02-12 00:00:00,WN,11,252,-15.0,-4.01,0.0,15.96,40.05,158.0
2025-02-12 00:00:00,UA,21,27,-11.0,-5.99,-1.99,12.06,77.49,116.0
2025-02-12 00:00:00,UA,0,3,-9.0,-8.94,-5.99,-5.99,-5.99,2.0
2025-02-12 00:00:00,AA,22,58,-11.0,-5.0,-0.99,7.92,39.25,381.0
2025-02-12 00:00:00,UA,23,26,-13.0,-5.0,-2.97,7.03,27.94,145.0
2025-02-12 00:00:00,WN,19,118,-11.0,-5.0,0.0,21.98,71.53,135.0
2025-02-12 00:00:00,DL,8,174,-16.0,-5.99,-1.99,1.99,26.84,122.0
2025-02-12 00:00:00,AA,10,129,-13.0,-5.0,0.99,21.98,67.36,213.0
2025-02-12 00:00:00,WN,16,205,-12.0,-2.97,1.99,19.11,46.07,212.0
2025-02-12 00:00:00,WN,18,255,-21.0,-1.99,5.0,21.12,40.05,149.0
2025-02-12 00:00:00,DL,18,138,-14.0,-0.99,10.91,30.27,67.36,817.0
2025-02-12 00:00:00,UA,18,130,-15.0,-4.01,4.01,39.25,115.6,294.0
2025-02-12 00:00:00,UA,8,174,-16.0,-5.99,-2.97,0.0,13.07,503.0
2025-02-12 00:00:00,DL,9,119,-21.0,-5.0,-1.99,7.03,45.15,159.0
2025-02-12 00:00:00,AA,12,130,-12.0,-4.01,-0.99,21.98,63.44,390.0
2025-02-12 00:00:00,DL,12,163,-14.0,-5.0,2.97,24.78,56.27,1160.0
2025-02-12 00:00:00,AA,0,4,-7.0,-7.0,0.0,0.99,0.99,2.0
2025-02-13 00:00:00,DL,18,160,-15.0,-1.99,15.03,52.99,122.75,770.0
2025-02-13 00:00:00,AA,10,145,-13.0,-4.01,0.0,10.07,26.84,518.0
2025-02-13 00:00:00,DL,10,157,-16.0,-4.01,0.0,21.98,48.91,442.0
2025-02-13 00:00:00,UA,10,124,-16.0,-5.0,-0.99,13.07,56.27,380.0
2025-02-13 00:00:00,DL,8,175,-14.0,-5.0,-0.99,15.03,32.79,913.0
2025-02-13 00:00:00,DL,9,125,-13.0,-5.0,0.0,22.88,58.56,671.0
2025-02-13 00:00:00,UA,8,189,-14.0,-5.0,-1.99,7.03,37.72,232.0
2025-02-13 00:00:00,DL,7,232,-16.0,-5.99,-1.99,2.97,19.11,410.0
2025-02-13 00:00:00,AA,0,8,-10.0,-8.94,-5.99,-5.0,13.87,16.0
2025-02-13 00:00:00,WN,11,221,-12.0,-2.97,0.99,23.81,98.5,458.0
2025-02-13 00:00:00,AA,12,135,-10.0,-2.97,4.01,26.84,56.27,464.0
2025-02-13 00:00:00,DL,12,181,-10.0,-2.97,5.0,36.24,82.28,245.0
2025-02-13 00:00:00,UA,12,123,-16.0,-4.01,2.97,30.27,82.28,277.0
2025-02-13 00:00:00,WN,16,213,-9.0,5.0,21.98,55.15,135.65,329.0
2025-02-13 00:00:00,UA,18,154,-15.0,-2.97,0.99,40.86,111.06,390.0
2025-02-13 00:00:00,WN,19,220,-10.0,7.92,26.84,71.53,175.94,421.0
2025-02-13 00:00:00,DL,19,165,-13.0,0.0,22.88,58.56,113.31,338.0
2025-02-13 00:00:00,UA,21,42,-7.0,0.99,25.79,46.07,70.11,681.0
2025-02-13 00:00:00,AA,22,99,-15.0,0.0,12.06,40.05,108.86,634.0
2025-02-13 00:00:00,UA,23,34,-14.0,-4.01,8.94,21.98,30.88,206.0
2025-02-13 00:00:00,WN,18,193,-8.0,7.92,30.27,80.65,172.45,338.0
2025-02-13 00:00:00,UA,0,2,-2.0,-1.99,-1.99,-1.99,-1.99,11.0
2025-02-14 00:00:00,DL,19,166,-27.0,-2.97,7.03,30.27,57.4,353.0
2025-02-14 00:00:00,UA,8,193,-13.0,-5.99,-2.97,2.97,30.27,482.0
2025-02-14 00:00:00,DL,9,128,-17.0,-4.01,0.0,21.12,45.15,172.0
2025-02-14 00:00:00,DL,12,180,-11.0,-4.01,0.0,22.88,50.91,537.0
2025-02-14 00:00:00,AA,10,145,-10.0,-4.01,-0.99,8.94,30.27,249.0
2025-02-14 00:00:00,UA,12,124,-15.0,-5.0,-1.99,8.94,36.24,289.0
2025-02-14 00:00:00,WN,16,222,-10.0,-0.99,5.99,23.81,58.56,204.0
2025-02-14 00:00:00,AA,12,137,-12.0,-2.97,0.0,13.87,54.06,1202.0
2025-02-14 00:00:00,DL,10,163,-17.0,-5.0,5.0,29.08,57.4,282.0
2025-02-14 00:00:00,UA,10,123,-13.0,-5.0,-1.99,5.0,23.81,484.0
2025-02-14 00:00:00,WN,11,223,-11.0,-2.97,0.99,10.07,40.05,273.0
2025-02-14 00:00:00,DL,7,234,-14.0,-5.99,-2.97,1.99,16.95,358.0
2025-02-14 00:00:00,DL,8,173,-12.0,-5.0,-1.99,4.01,21.12,790.0
2025-02-14 00:00:00,UA,0,3,28.0,28.0,36.97,36.97,36.97,109.0
2025-02-14 00:00:00,UA,21,42,-9.0,-2.97,7.92,41.68,115.6,155.0
2025-02-14 00:00:00,DL,18,159,-15.0,-0.99,13.87,40.86,104.6,308.0
2025-02-14 00:00:00,WN,19,238,-13.0,-2.97,5.99,26.84,72.97,254.0
2025-02-14 00:00:00,UA,23,36,-13.0,-7.03,-4.01,7.03,13.87,121.0
2025-02-14 00:00:00,UA,18,153,-18.0,-4.01,0.0,19.89,68.72,394.0
2025-02-14 00:00:00,AA,22,96,-17.0,-4.01,-0.99,15.96,80.65,560.0
2025-02-14 00:00:00,AA,0,12,-10.0,-5.99,-4.01,2.97,13.07,485.0
2025-02-14 00:00:00,WN,18,203,-13.0,-2.97,10.91,30.88,62.18,250.0
2025-02-15 00:00:00,UA,18,110,-10.0,-2.97,1.99,22.88,49.9,244.0
2025-02-15 00:00:00,UA,8,168,-13.0,-5.99,-2.97,4.01,21.12,135.0
2025-02-15 00:00:00,WN,11,207,-9.0,-2.97,1.99,19.11,45.15,571.0
2025-02-15 00:00:00,DL,9,126,-13.0,-4.01,2.97,23.81,54.06,796.0
2025-02-15 00:00:00,WN,18,225,-15.0,-2.97,8.94,55.15,106.71,321.0
2025-02-15 00:00:00,AA,10,122,-11.0,-5.0,-1.99,10.07,30.27,176.0
2025-02-15 00:00:00,UA,23,25,-10.0,-7.03,-1.99,12.06,39.25,84.0
2025-02-15 00:00:00,WN,19,229,-13.0,-2.97,8.94,41.68,85.64,193.0
2025-02-15 00:00:00,DL,19,96,-13.0,0.0,21.98,58.56,120.31,701.0
2025-02-15 00:00:00,AA,22,63,-10.0,-2.97,5.99,25.79,68.72,439.0
2025-02-15 00:00:00,UA,21,28,-15.0,-5.99,0.0,24.78,46.07,92.0
2025-02-15 00:00:00,DL,8,146,-15.0,-4.01,1.99,17.99,36.24,289.0
2025-02-15 00:00:00,WN,16,192,-15.0,-2.97,5.99,34.13,70.11,457.0
2025-02-15 00:00:00,UA,0,3,-10.0,-10.0,-7.92,-7.92,-7.92,-7.0
2025-02-15 00:00:00,DL,12,151,-14.0,-4.01,8.94,41.68,75.95,333.0
2025-02-15 00:00:00,DL,7,204,-19.0,-5.99,-1.99,2.97,21.12,306.0
2025-02-15 00:00:00,UA,12,102,-12.0,-5.99,-1.99,7.92,25.79,277.0
2025-02-15 00:00:00,DL,10,121,-13.0,-2.97,2.97,32.79,98.5,404.0
2025-02-15 00:00:00,AA,0,11,-12.0,-7.03,0.0,5.0,13.87,28.0
2025-02-15 00:00:00,UA,10,116,-13.0,-5.0,-0.99,8.94,29.08,146.0
2025-02-15 00:00:00,AA,12,132,-13.0,-4.01,1.99,16.95,47.0,1172.0
2025-02-15 00:00:00,DL,18,118,-14.0,-0.99,22.88,58.56,108.86,1000.0
2025-02-16 00:00:00,UA,12,112,-10.0,-2.97,5.0,60.95,132.97,539.0
2025-02-16 00:00:00,DL,18,114,-12.0,0.99,36.97,85.64,172.45,299.0
2025-02-16 00:00:00,DL,7,204,-18.0,-5.99,0.0,15.96,111.06,388.0
2025-02-16 00:00:00,DL,8,160,-16.0,-2.97,8.94,63.44,135.65,469.0
2025-02-16 00:00:00,UA,8,177,-13.0,-5.99,-1.99,10.07,85.64,387.0
2025-02-16 00:00:00,UA,18,146,-13.0,-0.99,13.07,70.11,175.94,1000.0
2025-02-16 00:00:00,WN,16,220,-12.0,-1.99,13.87,58.56,172.45,516.0
2025-02-16 00:00:00,WN,18,199,-13.0,-0.99,16.95,56.27,156.04,515.0
2025-02-16 00:00:00,AA,22,95,-13.0,-1.99,5.0,30.27,87.37,1233.0
2025-02-16 00:00:00,DL,12,158,-16.0,0.0,26.84,77.49,165.69,1088.0
2025-02-16 00:00:00,DL,19,94,-14.0,10.91,57.4,117.93,194.44,845.0
2025-02-16 00:00:00,DL,9,125,-13.0,-4.01,5.0,58.56,127.75,353.0
2025-02-16 00:00:00,UA,10,123,-15.0,-1.99,2.97,36.97,125.22,402.0
2025-02-16 00:00:00,UA,23,36,-11.0,-5.99,-1.99,15.96,37.72,121.0
2025-02-16 00:00:00,AA,0,9,-11.0,-7.92,-5.0,15.03,26.84,74.0
2025-02-16 00:00:00,WN,11,220,-11.0,-2.97,1.99,30.27,111.06,545.0
2025-02-16 00:00:00,AA,12,124,-10.0,-2.97,7.92,40.05,96.55,460.0
2025-02-16 00:00:00,DL,10,119,-17.0,-1.99,13.87,62.18,162.41,356.0
2025-02-16 00:00:00,WN,19,238,-12.0,-0.99,15.03,55.15,149.92,304.0
2025-02-16 00:00:00,UA,21,44,-10.0,0.0,19.89,83.94,122.75,243.0
2025-02-16 00:00:00,AA,10,136,-12.0,-4.01,4.01,37.72,82.28,244.0
2025-02-16 00:00:00,UA,0,4,-8.0,-7.92,-2.97,-1.99,-1.99,-1.0
2025-02-17 00:00:00,DL,9,125,-13.0,-2.97,0.0,12.06,43.38,287.0
2025-02-17 00:00:00,DL,12,177,-13.0,-1.99,8.94,40.05,82.28,215.0
2025-02-17 00:00:00,UA,12,123,-10.0,-5.0,1.99,24.78,56.27,268.0
2025-02-17 00:00:00,AA,12,136,-11.0,-4.01,0.99,21.98,50.91,1260.0
2025-02-17 00:00:00,WN,11,223,-12.0,-2.97,0.99,19.11,40.86,343.0
2025-02-17 00:00:00,DL,10,156,-14.0,-4.01,0.99,19.11,40.05,329.0
2025-02-17 00:00:00,UA,10,128,-10.0,-5.0,-1.99,10.91,50.91,331.0
2025-02-17 00:00:00,AA,10,144,-9.0,-5.0,-1.99,5.99,40.86,310.0
2025-02-17 00:00:00,UA,8,192,-13.0,-5.99,-2.97,5.0,29.08,429.0
2025-02-17 00:00:00,DL,8,173,-17.0,-2.97,0.99,12.06,43.38,440.0
2025-02-17 00:00:00,AA,0,12,-9.0,-5.0,0.0,21.98,22.88,70.0
2025-02-17 00:00:00,DL,7,223,-14.0,-4.01,0.0,13.87,52.99,563.0
2025-02-17 00:00:00,AA,22,97,-12.0,-1.99,12.06,36.24,71.53,429.0
2025-02-17 00:00:00,WN,16,223,-12.0,1.99,17.99,41.68,108.86,319.0
2025-02-17 00:00:00,DL,18,157,-13.0,0.0,19.89,60.95,115.6,910.0
2025-02-17 00:00:00,WN,18,205,-11.0,5.99,24.78,56.27,89.13,309.0
2025-02-17 00:00:00,UA,18,156,-12.0,0.0,13.87,51.94,100.49,232.0
2025-02-17 00:00:00,WN,19,240,-9.0,1.99,19.89,54.06,104.6,320.0
2025-02-17 00:00:00,DL,19,167,-15.0,0.0,36.97,75.95,127.75,324.0
2025-02-17 00:00:00,UA,21,43,-9.0,-0.99,13.87,40.86,79.05,128.0
2025-02-17 00:00:00,UA,23,34,-10.0,-5.99,-4.01,0.0,15.96,112.0
2025-02-17 00:00:00,UA,0,3,11.0,11.0,15.96,15.96,15.96,39.0
2025-02-18 00:00:00,DL,8,175,-13.0,-4.01,0.0,8.94,32.79,482.0
2025-02-18 00:00:00,WN,11,222,-11.0,-2.97,1.99,13.87,36.97,305.0
2025-02-18 00:00:00,UA,21,30,-14.0,-7.03,-0.99,5.99,30.88,179.0
2025-02-18 00:00:00,DL,12,169,-13.0,-4.01,0.0,17.99,36.97,811.0
2025-02-18 00:00:00,UA,12,120,-13.0,-5.99,-2.97,0.99,21.12,215.0
2025-02-18 00:00:00,AA,12,127,-10.0,-4.01,-0.99,10.07,50.91,1377.0
2025-02-18 00:00:00,UA,18,130,-16.0,-5.0,0.99,50.91,77.49,292.0
2025-02-18 00:00:00,WN,18,225,-11.0,-1.99,8.94,25.79,63.44,176.0
2025-02-18 00:00:00,WN,16,225,-10.0,-2.97,5.99,23.81,52.99,194.0
2025-02-18 00:00:00,DL,18,144,-17.0,-2.97,2.97,23.81,54.06,810.0
2025-02-18 00:00:00,DL,9,122,-14.0,-4.01,0.0,13.87,40.05,220.0
2025-02-18 00:00:00,UA,10,125,-14.0,-5.99,-2.97,4.01,30.27,496.0
2025-02-18 00:00:00,AA,0,11,-12.0,-2.97,-1.99,2.97,40.05,90.0
2025-02-18 00:00:00,UA,0,3,-10.0,-10.0,-2.97,-2.97,-2.97,8.0
2025-02-18 00:00:00,AA,22,61,-13.0,-5.99,-1.99,5.99,22.88,143.0
2025-02-18 00:00:00,AA,10,132,-11.0,-5.0,-1.99,7.92,25.79,436.0
2025-02-18 00:00:00,DL,10,153,-14.0,-4.01,0.0,19.11,47.0,320.0
2025-02-18 00:00:00,WN,19,269,-15.0,-2.97,2.97,23.81,58.56,188.0
2025-02-18 00:00:00,UA,23,25,-12.0,-7.92,-5.99,0.99,12.06,29.0
2025-02-18 00:00:00,DL,7,228,-14.0,-5.0,-0.99,5.99,25.79,877.0
2025-02-18 00:00:00,UA,8,186,-17.0,-5.99,-4.01,-0.99,21.12,276.0
2025-02-18 00:00:00,DL,19,117,-13.0,-2.97,0.99,23.81,55.15,964.0
2025-02-19 00:00:00,DL,12,173,-19.0,-5.99,-0.99,15.96,46.07,1030.0
2025-02-19 00:00:00,UA,12,122,-14.0,-5.99,-2.97,4.01,21.98,391.0
2025-02-19 00:00:00,AA,12,112,-13.0,-0.99,21.12,71.53,146.95,413.0
2025-02-19 00:00:00,WN,18,264,-14.0,-2.97,4.01,17.99,39.25,229.0
2025-02-19 00:00:00,WN,19,122,-10.0,-2.97,7.92,24.78,57.4,129.0
2025-02-19 00:00:00,DL,19,119,-17.0,-2.97,0.99,17.99,57.4,925.0
2025-02-19 00:00:00,UA,18,140,-14.0,-5.0,-1.99,10.07,29.08,786.0
2025-02-19 00:00:00,WN,16,209,-12.0,-2.97,2.97,19.89,43.38,251.0
2025-02-19 00:00:00,DL,18,143,-12.0,-1.99,10.07,29.08,57.4,274.0
2025-02-19 00:00:00,WN,11,264,-13.0,-2.97,0.99,13.07,39.25,244.0
2025-02-19 00:00:00,UA,8,188,-11.0,-5.99,-4.01,0.0,13.87,177.0
2025-02-19 00:00:00,DL,10,155,-14.0,-5.99,-0.99,16.95,63.44,355.0
2025-02-19 00:00:00,UA,10,120,-18.0,-5.99,-2.97,4.01,30.88,441.0
2025-02-19 00:00:00,AA,10,128,-13.0,-4.01,4.01,56.27,127.75,274.0
2025-02-19 00:00:00,DL,8,176,-15.0,-5.0,-1.99,2.97,21.12,247.0
2025-02-19 00:00:00,DL,9,122,-16.0,-7.03,-1.99,7.92,26.84,111.0
2025-02-19 00:00:00,UA,21,34,-14.0,-8.94,-4.01,2.97,12.06,71.0
2025-02-19 00:00:00,UA,0,2,-12.0,-12.0,-12.0,-12.0,-12.0,-8.0
2025-02-19 00:00:00,AA,0,9,-6.0,-5.99,10.91,12.06,13.07,46.0
2025-02-19 00:00:00,AA,22,61,-12.0,-2.97,1.99,29.08,82.28,1105.0
2025-02-19 00:00:00,DL,7,227,-14.0,-5.0,-2.97,0.99,22.88,848.0
2025-02-19 00:00:00,UA,23,32,-17.0,-10.91,-7.92,-0.99,-0.99,10.0
2025-02-20 00:00:00,WN,18,225,-11.0,-2.97,4.01,23.81,51.94,244.0
2025-02-20 00:00:00,AA,10,141,-10.0,-4.01,0.0,15.03,58.56,289.0
2025-02-20 00:00:00,DL,10,160,-23.0,-5.99,-0.99,19.11,43.38,564.0
2025-02-20 00:00:00,WN,16,226,-10.0,-1.99,5.0,21.12,47.95,321.0
2025-02-20 00:00:00,DL,18,158,-18.0,-4.01,4.01,27.94,49.9,822.0
2025-02-20 00:00:00,UA,18,154,-17.0,-5.99,-1.99,7.92,46.07,144.0
2025-02-20 00:00:00,UA,12,124,-16.0,-5.0,-1.99,4.01,26.84,408.0
2025-02-20 00:00:00,UA,10,126,-16.0,-5.0,-2.97,0.99,10.91,95.0
2025-02-20 00:00:00,DL,12,181,-16.0,-4.01,1.99,19.89,48.91,233.0
2025-02-20 00:00:00,WN,11,224,-13.0,-2.97,0.99,10.91,32.14,209.0
2025-02-20 00:00:00,AA,12,133,-8.0,-1.99,2.97,34.13,58.56,258.0
2025-02-20 00:00:00,DL,9,125,-16.0,-5.0,-0.99,10.07,48.91,290.0
2025-02-20 00:00:00,WN,19,268,-12.0,-2.97,5.99,29.08,62.18,231.0
2025-02-20 00:00:00,DL,19,165,-24.0,-4.01,7.03,32.14,57.4,169.0
2025-02-20 00:00:00,UA,21,42,-9.0,-5.0,0.0,10.07,19.11,50.0
2025-02-20 00:00:00,AA,22,98,-16.0,-4.01,7.92,36.24,62.18,681.0
2025-02-20 00:00:00,AA,0,9,-9.0,-4.01,-1.99,4.01,13.07,106.0
2025-02-20 00:00:00,DL,7,234,-14.0,-5.99,-2.97,1.99,13.07,419.0
2025-02-20 00:00:00,UA,23,35,-12.0,-7.92,-2.97,0.99,15.96,107.0
2025-02-20 00:00:00,UA,0,2,-6.0,-5.99,-5.99,-5.99,-5.99,0.0
2025-02-20 00:00:00,DL,8,177,-13.0,-5.99,-0.99,5.99,34.13,253.0
2025-02-20 00:00:00,UA,8,191,-14.0,-5.99,-4.01,-0.99,12.06,341.0
2025-02-21 00:00:00,AA,22,97,-11.0,-5.0,-2.97,7.03,34.13,469.0
2025-02-21 00:00:00,UA,0,3,-7.0,-7.0,19.89,19.89,19.89,24.0
2025-02-21 00:00:00,UA,8,192,-14.0,-7.03,-4.01,1.99,21.12,364.0
2025-02-21 00:00:00,DL,7,233,-16.0,-5.0,-1.99,0.99,15.03,210.0
2025-02-21 00:00:00,AA,10,148,-10.0,-4.01,-0.99,7.03,34.82,616.0
2025-02-21 00:00:00,UA,21,42,-12.0,-8.94,-5.99,0.99,10.07,48.0
2025-02-21 00:00:00,UA,23,36,-13.0,-10.07,-7.03,-1.99,1.99,35.0
2025-02-21 00:00:00,UA,12,123,-14.0,-5.0,-2.97,0.0,16.95,85.0
2025-02-21 00:00:00,WN,18,206,-12.0,-5.0,-1.99,8.94,24.78,144.0
2025-02-21 00:00:00,WN,19,238,-15.0,-4.01,0.0,12.06,30.88,146.0
2025-02-21 00:00:00,DL,19,166,-20.0,-7.03,-1.99,12.06,36.24,174.0
2025-02-21 00:00:00,AA,12,139,-16.0,-5.0,-0.99,13.87,48.91,1200.0
2025-02-21 00:00:00,DL,18,159,-21.0,-5.99,-0.99,13.87,51.94,168.0
2025-02-21 00:00:00,UA,18,152,-16.0,-7.03,-4.01,0.99,15.03,159.0
2025-02-21 00:00:00,WN,16,222,-10.0,-2.97,0.0,12.06,32.79,209.0
2025-02-21 00:00:00,DL,10,160,-14.0,-5.99,-1.99,4.01,24.78,318.0
2025-02-21 00:00:00,DL,12,180,-17.0,-5.99,-1.99,10.07,34.13,253.0
2025-02-21 00:00:00,WN,11,224,-13.0,-2.97,0.0,8.94,29.08,198.0
2025-02-21 00:00:00,UA,10,126,-12.0,-5.0,-2.97,0.0,10.91,55.0
2025-02-21 00:00:00,AA,0,12,-11.0,-5.0,-1.99,0.0,4.01,30.0
2025-02-21 00:00:00,DL,9,126,-15.0,-5.0,-1.99,7.92,24.78,256.0
2025-02-21 00:00:00,DL,8,176,-12.0,-5.0,-1.99,1.99,15.03,149.0
2025-02-22 00:00:00,UA,23,25,-12.0,-7.92,-4.01,-1.99,5.99,289.0
2025-02-22 00:00:00,WN,16,191,-12.0,-4.01,0.0,12.06,30.27,165.0
2025-02-22 00:00:00,WN,19,234,-15.0,-5.99,-1.99,5.99,23.81,114.0
2025-02-22 00:00:00,DL,7,205,-17.0,-5.99,-1.99,0.99,10.07,163.0
2025-02-22 00:00:00,DL,10,123,-16.0,-5.99,-2.97,0.0,15.03,123.0
2025-02-22 00:00:00,DL,18,114,-30.0,-7.92,-2.97,4.01,21.98,149.0
2025-02-22 00:00:00,DL,19,90,-12.0,-7.03,-4.01,0.99,30.27,138.0
2025-02-22 00:00:00,AA,0,11,-6.0,-5.0,-4.01,0.99,17.99,18.0
2025-02-22 00:00:00,UA,0,3,-10.0,-10.0,-5.0,-5.0,-5.0,19.0
2025-02-22 00:00:00,WN,18,226,-14.0,-5.99,-1.99,8.94,26.84,140.0
2025-02-22 00:00:00,UA,18,111,-14.0,-5.0,-0.99,10.91,24.78,120.0
2025-02-22 00:00:00,AA,12,133,-14.0,-5.0,-1.99,10.07,24.78,230.0
2025-02-22 00:00:00,UA,10,116,-13.0,-5.99,-2.97,0.99,12.06,248.0
2025-02-22 00:00:00,DL,12,154,-18.0,-7.03,-4.01,1.99,19.89,384.0
2025-02-22 00:00:00,UA,12,105,-17.0,-5.0,-1.99,4.01,13.87,126.0
2025-02-22 00:00:00,WN,11,208,-11.0,-5.0,-1.99,2.97,13.87,74.0
2025-02-22 00:00:00,DL,9,123,-15.0,-7.03,-2.97,0.99,13.87,140.0
2025-02-22 00:00:00,UA,8,168,-13.0,-5.99,-2.97,0.99,12.06,136.0
2025-02-22 00:00:00,AA,10,124,-14.0,-5.99,-2.97,2.97,21.98,285.0
2025-02-22 00:00:00,DL,8,148,-17.0,-5.0,-2.97,5.0,19.11,264.0
2025-02-22 00:00:00,UA,21,28,-14.0,-7.92,-1.99,4.01,41.68,142.0
2025-02-22 00:00:00,AA,22,64,-18.0,-7.03,-5.0,2.97,17.99,141.0
2025-02-23 00:00:00,AA,0,9,-10.0,-7.03,-2.97,0.99,44.26,231.0
2025-02-23 00:00:00,UA,21,48,-16.0,-7.03,-1.99,4.01,36.97,94.0
2025-02-23 00:00:00,UA,23,35,-15.0,-8.94,-4.01,2.97,13.07,41.0
2025-02-23 00:00:00,AA,22,99,-9.0,-5.0,0.0,10.07,30.27,487.0
2025-02-23 00:00:00,DL,10,159,-15.0,-7.03,-4.01,0.0,13.07,213.0
2025-02-23 00:00:00,DL,18,159,-17.0,-7.03,-2.97,5.99,24.78,223.0
2025-02-23 00:00:00,DL,19,166,-16.0,-5.99,-2.97,7.92,30.27,152.0
2025-02-23 00:00:00,UA,10,126,-10.0,-5.99,-4.01,0.0,16.95,127.0
2025-02-23 00:00:00,DL,12,182,-15.0,-7.03,-4.01,0.0,15.03,1046.0
2025-02-23 00:00:00,UA,18,153,-15.0,-5.0,-0.99,10.07,36.97,123.0
2025-02-23 00:00:00,WN,19,239,-11.0,-2.97,1.99,12.06,24.78,163.0
2025-02-23 00:00:00,WN,18,205,-10.0,-4.01,0.99,10.07,21.12,127.0
2025-02-23 00:00:00,UA,12,115,-14.0,-5.99,-1.99,7.03,19.89,149.0
2025-02-23 00:00:00,UA,0,4,-7.0,-7.0,0.0,0.0,0.0,2.0
2025-02-23 00:00:00,WN,16,224,-11.0,-1.99,4.01,13.07,30.27,125.0
2025-02-23 00:00:00,WN,11,223,-15.0,-5.0,-1.99,2.97,13.87,74.0
2025-02-23 00:00:00,DL,7,233,-16.0,-7.03,-4.01,-0.99,8.94,329.0
2025-02-23 00:00:00,DL,8,181,-14.0,-5.99,-4.01,-0.99,15.03,164.0
2025-02-23 00:00:00,AA,12,139,-12.0,-4.01,-0.99,5.99,23.81,523.0
2025-02-23 00:00:00,UA,8,182,-13.0,-7.03,-4.01,-0.99,7.03,581.0
2025-02-23 00:00:00,AA,10,144,-16.0,-5.0,-2.97,0.99,12.06,174.0
2025-02-23 00:00:00,DL,9,126,-20.0,-7.03,-4.01,1.99,13.07,80.0
2025-02-24 00:00:00,UA,12,124,-13.0,-7.03,-4.01,0.0,7.92,178.0
2025-02-24 00:00:00,DL,9,124,-16.0,-5.99,-4.01,-0.99,21.12,143.0
2025-02-24 00:00:00,AA,0,11,-10.0,-5.99,-5.0,-2.97,4.01,14.0
2025-02-24 00:00:00,DL,8,173,-16.0,-5.99,-4.01,-0.99,8.94,187.0
2025-02-24 00:00:00,UA,8,192,-13.0,-5.99,-4.01,-0.99,8.94,241.0
2025-02-24 00:00:00,UA,0,3,-8.0,-7.92,-4.01,-4.01,-4.01,2.0
2025-02-24 00:00:00,DL,7,234,-20.0,-7.03,-4.01,-0.99,8.94,282.0
2025-02-24 00:00:00,WN,16,226,-12.0,-5.0,-0.99,5.99,19.11,114.0
2025-02-24 00:00:00,DL,19,165,-23.0,-8.94,-2.97,5.99,30.27,193.0
2025-02-24 00:00:00,DL,18,159,-21.0,-7.92,-1.99,5.99,23.81,163.0
2025-02-24 00:00:00,UA,18,154,-19.0,-7.03,-4.01,0.0,13.87,153.0
2025-02-24 00:00:00,WN,18,227,-14.0,-5.99,-1.99,4.01,21.12,110.0
2025-02-24 00:00:00,WN,19,267,-17.0,-5.99,-2.97,5.0,21.12,170.0
2025-02-24 00:00:00,WN,11,223,-11.0,-5.0,-0.99,1.99,12.06,235.0
2025-02-24 00:00:00,AA,22,70,-15.0,-7.03,-2.97,1.99,15.96,385.0
2025-02-24 00:00:00,DL,12,181,-20.0,-5.99,-2.97,8.94,30.88,457.0
2025-02-24 00:00:00,AA,12,137,-13.0,-5.0,-0.99,7.03,22.88,502.0
2025-02-24 00:00:00,UA,21,42,-15.0,-8.94,-5.99,-2.97,5.99,78.0
2025-02-24 00:00:00,UA,23,34,-20.0,-8.94,-7.03,-0.99,0.99,19.0
2025-02-24 00:00:00,AA,10,141,-12.0,-4.01,-0.99,5.0,25.79,147.0
2025-02-24 00:00:00,UA,10,127,-13.0,-7.03,-5.0,-0.99,10.07,204.0
2025-02-24 00:00:00,DL,10,159,-15.0,-7.03,-4.01,0.0,13.87,259.0
2025-02-25 00:00:00,UA,21,30,-14.0,-8.94,-7.03,-4.01,5.99,70.0
2025-02-25 00:00:00,AA,22,62,-15.0,-7.92,-5.0,2.97,47.0,79.0
2025-02-25 00:00:00,UA,12,120,-16.0,-7.92,-5.0,-0.99,4.01,83.0
2025-02-25 00:00:00,AA,0,9,-11.0,-10.07,-10.07,-7.92,-7.03,-5.0
2025-02-25 00:00:00,UA,23,24,-14.0,-10.07,-7.92,-5.99,0.99,48.0
2025-02-25 00:00:00,DL,19,116,-25.0,-8.94,-5.0,-0.99,5.99,45.0
2025-02-25 00:00:00,WN,16,209,-14.0,-5.99,-2.97,0.0,10.91,261.0
2025-02-25 00:00:00,WN,19,121,-13.0,-7.03,-4.01,0.0,7.92,142.0
2025-02-25 00:00:00,DL,18,147,-22.0,-10.07,-5.99,-1.99,5.0,123.0
2025-02-25 00:00:00,UA,18,130,-18.0,-7.92,-5.99,-0.99,21.12,200.0
2025-02-25 00:00:00,WN,18,266,-12.0,-5.99,-2.97,0.0,15.03,157.0
2025-02-25 00:00:00,DL,7,230,-18.0,-7.92,-5.0,-1.99,4.01,792.0
2025-02-25 00:00:00,UA,10,125,-15.0,-7.92,-5.0,-1.99,7.03,168.0
2025-02-25 00:00:00,AA,12,127,-17.0,-7.03,-4.01,-0.99,10.07,191.0
2025-02-25 00:00:00,WN,11,262,-13.0,-5.0,-2.97,0.99,10.91,116.0
2025-02-25 00:00:00,DL,12,170,-19.0,-8.94,-4.01,-0.99,5.0,105.0
2025-02-25 00:00:00,DL,8,175,-13.0,-7.92,-5.0,-2.97,0.99,119.0
2025-02-25 00:00:00,DL,10,153,-15.0,-7.92,-5.0,-1.99,10.07,215.0
2025-02-25 00:00:00,UA,8,186,-14.0,-7.92,-5.99,-2.97,1.99,93.0
2025-02-25 00:00:00,DL,9,122,-17.0,-7.03,-5.0,-1.99,5.0,72.0
2025-02-25 00:00:00,AA,10,134,-14.0,-7.92,-4.01,0.0,15.03,133.0
2025-02-25 00:00:00,UA,0,3,-10.0,-10.0,-7.03,-7.03,-7.03,-1.0
2025-02-26 00:00:00,DL,18,146,-30.0,-7.92,-4.01,0.99,25.79,903.0
2025-02-26 00:00:00,WN,18,265,-12.0,-5.0,-2.97,1.99,13.87,70.0
2025-02-26 00:00:00,UA,0,2,-14.0,-13.87,-13.87,-13.87,-13.87,-5.0
2025-02-26 00:00:00,WN,19,122,-13.0,-5.99,-1.99,1.99,13.87,100.0
2025-02-26 00:00:00,DL,19,118,-27.0,-7.03,-5.0,-0.99,5.99,105.0
2025-02-26 00:00:00,AA,0,9,-14.0,-12.06,-0.99,0.0,5.0,8.0
2025-02-26 00:00:00,UA,18,141,-17.0,-7.03,-2.97,4.01,30.88,137.0
2025-02-26 00:00:00,DL,7,227,-15.0,-7.92,-5.0,-2.97,0.99,497.0
2025-02-26 00:00:00,UA,12,122,-14.0,-7.03,-5.0,-2.97,5.99,481.0
2025-02-26 00:00:00,WN,16,209,-13.0,-5.0,-1.99,5.0,15.96,115.0
2025-02-26 00:00:00,AA,10,136,-14.0,-5.99,-2.97,0.0,7.92,1299.0
2025-02-26 00:00:00,DL,10,155,-20.0,-7.92,-5.0,-1.99,0.99,156.0
2025-02-26 00:00:00,DL,12,173,-18.0,-7.92,-4.01,0.0,12.06,395.0
2025-02-26 00:00:00,AA,12,127,-12.0,-5.99,-2.97,1.99,40.05,1192.0
2025-02-26 00:00:00,UA,10,120,-15.0,-5.99,-4.01,-0.99,5.0,151.0
2025-02-26 00:00:00,WN,11,265,-13.0,-5.0,-1.99,0.99,8.94,93.0
2025-02-26 00:00:00,DL,8,176,-16.0,-7.92,-5.0,-1.99,1.99,462.0
2025-02-26 00:00:00,DL,9,123,-16.0,-7.03,-5.0,-2.97,7.92,507.0
2025-02-26 00:00:00,UA,8,189,-15.0,-7.92,-5.0,-2.97,-0.99,113.0
2025-02-26 00:00:00,UA,21,35,-13.0,-7.92,-4.01,-0.99,7.03,36.0
2025-02-26 00:00:00,AA,22,66,-11.0,-5.99,-4.01,-0.99,7.92,934.0
2025-02-26 00:00:00,UA,23,32,-15.0,-8.94,-5.0,-4.01,-0.99,4.0
2025-02-27 00:00:00,UA,12,123,-13.0,-7.03,-4.01,-0.99,8.94,280.0
2025-02-27 00:00:00,DL,19,167,-19.0,-5.99,-0.99,10.07,32.14,261.0
2025-02-27 00:00:00,UA,21,43,-10.0,-7.03,-5.0,-1.99,0.99,93.0
2025-02-27 00:00:00,AA,22,99,-9.0,-4.01,0.0,10.91,34.82,372.0
2025-02-27 00:00:00,DL,9,126,-13.0,-7.03,-4.01,-0.99,5.0,126.0
2025-02-27 00:00:00,UA,23,35,-14.0,-8.94,-5.0,-1.99,2.97,15.0
2025-02-27 00:00:00,WN,18,206,-13.0,-2.97,1.99,15.03,30.88,169.0
2025-02-27 00:00:00,DL,18,161,-17.0,-7.03,-2.97,5.99,36.24,208.0
2025-02-27 00:00:00,WN,19,240,-10.0,-4.01,0.0,13.87,29.08,126.0
2025-02-27 00:00:00,WN,16,221,-11.0,-2.97,1.99,15.03,36.24,170.0
2025-02-27 00:00:00,UA,18,153,-28.0,-7.03,-4.01,0.0,19.89,346.0
2025-02-27 00:00:00,DL,12,178,-17.0,-7.03,-4.01,0.0,15.03,335.0
2025-02-27 00:00:00,AA,10,145,-11.0,-5.0,-1.99,5.0,30.88,1118.0
2025-02-27 00:00:00,DL,10,157,-16.0,-7.03,-4.01,0.0,12.06,443.0
2025-02-27 00:00:00,WN,11,223,-14.0,-5.0,-1.99,4.01,15.96,246.0
2025-02-27 00:00:00,AA,12,139,-11.0,-5.0,-0.99,7.03,27.94,131.0
2025-02-27 00:00:00,UA,10,126,-13.0,-7.03,-4.01,-0.99,13.07,263.0
2025-02-27 00:00:00,AA,0,9,-12.0,-5.0,-4.01,-2.97,-2.97,-2.0
2025-02-27 00:00:00,UA,0,2,-2.0,-2.0,-2.0,-2.0,-2.0,-2.0
2025-02-27 00:00:00,DL,7,233,-16.0,-5.99,-4.01,0.0,7.03,300.0
2025-02-27 00:00:00,DL,8,176,-14.0,-7.03,-5.0,-0.99,7.03,288.0
2025-02-27 00:00:00,UA,8,190,-15.0,-7.92,-5.99,-2.97,5.99,1094.0
2025-02-28 00:00:00,WN,16,221,-12.0,-4.01,-0.99,5.99,21.98,211.0
2025-02-28 00:00:00,DL,19,166,-24.0,-7.92,-2.97,5.0,26.84,132.0
2025-02-28 00:00:00,DL,8,174,-26.0,-7.03,-4.01,-0.99,8.94,225.0
2025-02-28 00:00:00,UA,8,194,-19.0,-7.03,-5.0,-1.99,5.0,221.0
2025-02-28 00:00:00,UA,0,3,-10.0,-10.0,-5.99,-5.99,-5.99,0.0
2025-02-28 00:00:00,AA,0,12,-9.0,-5.99,-4.01,-1.99,-0.99,85.0
2025-02-28 00:00:00,DL,7,233,-18.0,-5.99,-4.01,-0.99,5.0,303.0
2025-02-28 00:00:00,UA,18,152,-15.0,-7.03,-4.01,0.99,15.03,173.0
2025-02-28 00:00:00,WN,18,206,-13.0,-5.0,-1.99,0.99,12.06,166.0
2025-02-28 00:00:00,DL,9,126,-15.0,-5.99,-4.01,-0.99,5.99,159.0
2025-02-28 00:00:00,AA,10,147,-10.0,-5.0,-2.97,0.99,10.07,186.0
2025-02-28 00:00:00,DL,10,159,-21.0,-7.03,-5.0,-1.99,13.07,245.0
2025-02-28 00:00:00,UA,10,126,-13.0,-5.99,-5.0,-1.99,0.99,78.0
2025-02-28 00:00:00,WN,11,223,-11.0,-5.0,-1.99,0.99,10.07,246.0
2025-02-28 00:00:00,UA,23,35,-13.0,-7.92,-5.0,-1.99,2.97,63.0
2025-02-28 00:00:00,DL,12,179,-21.0,-7.03,-4.01,-0.99,8.94,132.0
2025-02-28 00:00:00,UA,12,124,-15.0,-5.99,-4.01,0.0,15.03,170.0
2025-02-28 00:00:00,WN,19,239,-18.0,-5.99,-2.97,2.97,19.89,184.0
2025-02-28 00:00:00,AA,12,138,-13.0,-5.0,-2.97,4.01,15.03,237.0
2025-02-28 00:00:00,AA,22,97,-13.0,-5.0,-1.99,7.92,30.27,423.0
2025-02-28 00:00:00,DL,18,161,-19.0,-7.92,-2.97,7.03,34.82,324.0
2025-02-28 00:00:00,UA,21,42,-13.0,-7.03,-4.01,0.0,13.87,119.0
2025-03-01 00:00:00,DL,19,90,-20.0,-7.03,-4.01,2.97,16.95,65.0
2025-03-01 00:00:00,UA,21,28,-8.0,-5.0,-1.99,12.06,21.12,75.0
2025-03-01 00:00:00,WN,18,227,-13.0,-5.0,-1.99,5.99,22.88,215.0
2025-03-01 00:00:00,WN,16,190,-15.0,-5.0,-0.99,5.99,19.89,301.0
2025-03-01 00:00:00,DL,12,155,-17.0,-7.92,-4.01,0.99,17.99,360.0
2025-03-01 00:00:00,UA,12,100,-10.0,-5.99,-1.99,7.03,47.95,403.0
2025-03-01 00:00:00,AA,12,132,-12.0,-5.0,-2.97,2.97,22.88,1447.0
2025-03-01 00:00:00,DL,9,120,-15.0,-7.03,-2.97,0.0,17.99,212.0
2025-03-01 00:00:00,WN,11,208,-13.0,-5.0,-1.99,1.99,8.94,109.0
2025-03-01 00:00:00,UA,0,3,-9.0,-8.94,-7.03,-7.03,-7.03,-7.0
2025-03-01 00:00:00,UA,10,118,-17.0,-5.99,-2.97,0.99,12.06,218.0
2025-03-01 00:00:00,DL,10,128,-16.0,-7.03,-4.01,0.0,27.94,174.0
2025-03-01 00:00:00,AA,10,122,-10.0,-5.99,-2.97,0.99,21.12,124.0
2025-03-01 00:00:00,UA,8,164,-16.0,-7.92,-5.0,-0.99,7.92,365.0
2025-03-01 00:00:00,DL,8,150,-14.0,-7.03,-4.01,0.0,15.96,599.0
2025-03-01 00:00:00,DL,7,204,-17.0,-7.03,-5.0,-0.99,4.01,292.0
2025-03-01 00:00:00,DL,18,110,-18.0,-7.03,-4.01,5.99,25.79,124.0
2025-03-01 00:00:00,AA,22,64,-11.0,-5.0,-2.97,4.01,13.07,1217.0
2025-03-01 00:00:00,UA,18,109,-16.0,-5.0,-2.97,2.97,19.11,209.0
2025-03-01 00:00:00,WN,19,232,-15.0,-5.99,-1.99,5.0,21.98,190.0
2025-03-01 00:00:00,AA,0,11,-14.0,-7.03,-5.0,-2.97,-0.99,8.0
2025-03-01 00:00:00,UA,23,26,-10.0,-4.01,-1.99,0.0,5.99,45.0
2025-03-02 00:00:00,DL,7,234,-15.0,-7.92,-5.0,-1.99,7.92,166.0
2025-03-02 00:00:00,DL,8,179,-21.0,-7.92,-4.01,-0.99,10.07,238.0
2025-03-02 00:00:00,WN,16,223,-12.0,-2.97,0.99,12.06,25.79,144.0
2025-03-02 00:00:00,UA,23,36,-16.0,-8.94,-5.0,-1.99,7.92,39.0
2025-03-02 00:00:00,DL,18,158,-17.0,-5.99,-1.99,8.94,47.0,863.0
2025-03-02 00:00:00,UA,0,4,-6.0,-5.99,-5.99,-4.01,-4.01,2.0
2025-03-02 00:00:00,UA,18,152,-15.0,-5.99,-2.97,0.99,15.96,119.0
2025-03-02 00:00:00,UA,21,48,-12.0,-7.92,-2.97,7.03,15.03,105.0
2025-03-02 00:00:00,WN,18,206,-12.0,-1.99,2.97,17.99,43.38,200.0
2025-03-02 00:00:00,WN,19,239,-11.0,-2.97,1.99,15.03,32.14,128.0
2025-03-02 00:00:00,DL,19,169,-18.0,-7.03,-1.99,7.92,36.24,133.0
2025-03-02 00:00:00,DL,12,182,-18.0,-7.03,-4.01,4.01,17.99,504.0
2025-03-02 00:00:00,AA,10,143,-15.0,-5.99,-4.01,-0.99,13.87,104.0
2025-03-02 00:00:00,UA,10,126,-12.0,-5.99,-4.01,-0.99,4.01,246.0
2025-03-02 00:00:00,UA,12,115,-12.0,-5.99,-2.97,5.99,25.79,90.0
2025-03-02 00:00:00,UA,8,180,-14.0,-7.03,-4.01,0.0,12.06,119.0
2025-03-02 00:00:00,WN,11,222,-14.0,-5.0,-1.99,0.0,8.94,268.0
2025-03-02 00:00:00,AA,12,138,-11.0,-5.0,-1.99,5.0,29.08,241.0
2025-03-02 00:00:00,DL,9,127,-18.0,-7.03,-4.01,-0.99,7.03,181.0
2025-03-02 00:00:00,AA,0,9,-10.0,-5.0,-4.01,-1.99,1.99,22.0
2025-03-02 00:00:00,DL,10,156,-18.0,-7.92,-5.0,-0.99,16.95,817.0
2025-03-02 00:00:00,AA,22,99,-11.0,-5.0,0.0,26.84,56.27,179.0
2025-03-03 00:00:00,DL,19,166,-24.0,-10.07,-5.0,-0.99,7.03,193.0
2025-03-03 00:00:00,UA,10,128,-15.0,-7.92,-5.0,-1.99,5.0,219.0
2025-03-03 00:00:00,UA,18,154,-21.0,-7.03,-5.0,0.0,16.95,226.0
2025-03-03 00:00:00,AA,22,71,-13.0,-5.99,-2.97,4.01,22.88,380.0
2025-03-03 00:00:00,AA,0,12,-12.0,-7.92,-7.03,0.0,10.91,21.0
2025-03-03 00:00:00,UA,0,3,-9.0,-8.94,-2.97,-2.97,-2.97,-2.0
2025-03-03 00:00:00,DL,7,235,-15.0,-7.03,-4.01,-0.99,5.99,207.0
2025-03-03 00:00:00,WN,16,224,-15.0,-4.01,0.99,19.11,98.5,281.0
2025-03-03 00:00:00,AA,10,141,-15.0,-5.99,-2.97,5.0,21.12,261.0
2025-03-03 00:00:00,WN,11,208,-11.0,-2.97,0.0,15.03,159.19,394.0
2025-03-03 00:00:00,UA,12,124,-13.0,-7.03,-4.01,0.0,8.94,182.0
2025-03-03 00:00:00,AA,12,138,-14.0,-5.0,-1.99,2.97,15.96,240.0
2025-03-03 00:00:00,DL,12,178,-18.0,-7.03,-4.01,-0.99,13.07,245.0
2025-03-03 00:00:00,UA,23,34,-16.0,-10.91,-7.03,-2.97,10.91,56.0
2025-03-03 00:00:00,DL,10,157,-17.0,-5.99,-4.01,0.99,15.03,196.0
2025-03-03 00:00:00,UA,21,42,-14.0,-8.94,-5.0,-1.99,12.06,38.0
2025-03-03 00:00:00,UA,8,193,-16.0,-7.92,-5.0,-0.99,5.99,290.0
2025-03-03 00:00:00,DL,9,126,-15.0,-7.92,-4.01,-0.99,12.06,79.0
2025-03-03 00:00:00,DL,8,173,-15.0,-7.03,-4.01,-0.99,5.99,275.0
2025-03-03 00:00:00,DL,18,157,-25.0,-10.07,-5.0,-0.99,16.95,226.0
2025-03-03 00:00:00,WN,19,266,-14.0,-5.99,-0.99,16.95,64.72,244.0
2025-03-03 00:00:00,WN,18,227,-12.0,-5.0,0.0,15.96,62.18,232.0
2025-03-04 00:00:00,AA,22,61,-12.0,-5.99,-1.99,10.91,44.26,698.0
2025-03-04 00:00:00,WN,19,122,-14.0,-5.0,-0.99,15.03,59.75,213.0
2025-03-04 00:00:00,DL,7,230,-18.0,-7.92,-5.99,-1.99,0.99,629.0
2025-03-04 00:00:00,UA,21,30,-19.0,-10.07,-5.99,-0.99,5.0,177.0
2025-03-04 00:00:00,UA,18,129,-14.0,-5.0,-1.99,5.0,56.27,671.0
2025-03-04 00:00:00,DL,19,114,-23.0,-7.03,-1.99,13.07,60.95,173.0
2025-03-04 00:00:00,WN,16,206,-15.0,-4.01,0.0,16.95,44.26,356.0
2025-03-04 00:00:00,DL,18,143,-21.0,-7.03,-1.99,10.07,89.13,1021.0
2025-03-04 00:00:00,UA,10,123,-16.0,-8.94,-5.0,-0.99,7.03,178.0
2025-03-04 00:00:00,AA,10,116,-15.0,-5.99,-1.99,13.07,47.0,318.0
2025-03-04 00:00:00,DL,12,167,-16.0,-7.92,-4.01,0.0,25.79,332.0
2025-03-04 00:00:00,UA,12,121,-13.0,-7.92,-5.0,-0.99,26.84,477.0
2025-03-04 00:00:00,DL,8,175,-15.0,-7.03,-5.0,-2.97,0.99,135.0
2025-03-04 00:00:00,WN,11,244,-13.0,-5.0,-0.99,7.03,16.95,363.0
2025-03-04 00:00:00,AA,12,108,-16.0,-5.0,0.99,52.99,301.91,1238.0
2025-03-04 00:00:00,UA,8,185,-15.0,-7.92,-5.99,-2.97,2.97,230.0
2025-03-04 00:00:00,DL,10,150,-21.0,-7.92,-5.0,-0.99,12.06,200.0
2025-03-04 00:00:00,DL,9,117,-19.0,-7.92,-5.0,0.0,19.89,849.0
2025-03-04 00:00:00,WN,18,259,-10.0,-4.01,0.99,13.87,47.0,280.0
2025-03-04 00:00:00,AA,0,9,-11.0,-10.07,-7.92,-5.0,-2.97,5.0
2025-03-04 00:00:00,UA,0,3,-10.0,-10.0,-7.92,-7.92,-7.92,-5.0
2025-03-04 00:00:00,UA,23,25,-14.0,-10.07,-7.03,-5.0,13.07,109.0
2025-03-05 00:00:00,UA,8,184,-16.0,-7.92,-5.0,-1.99,10.91,254.0
2025-03-05 00:00:00,DL,19,121,-15.0,-1.99,16.95,64.72,106.71,233.0
2025-03-05 00:00:00,UA,21,36,-14.0,-7.03,-1.99,12.06,51.94,285.0
2025-03-05 00:00:00,AA,22,66,-18.0,-5.99,-1.99,5.0,15.03,140.0
2025-03-05 00:00:00,DL,8,176,-17.0,-7.03,-4.01,0.99,57.4,784.0
2025-03-05 00:00:00,AA,12,124,-15.0,-5.0,0.99,15.96,46.07,226.0
2025-03-05 00:00:00,DL,12,172,-14.0,-5.0,-0.99,30.27,111.06,288.0
2025-03-05 00:00:00,UA,12,123,-14.0,-7.92,-4.01,0.0,17.99,283.0
2025-03-05 00:00:00,DL,10,153,-15.0,-5.99,-2.97,12.06,68.72,278.0
2025-03-05 00:00:00,UA,10,121,-23.0,-7.03,-2.97,1.99,30.27,161.0
2025-03-05 00:00:00,DL,9,122,-14.0,-5.99,-1.99,5.99,75.95,324.0
2025-03-05 00:00:00,AA,10,132,-13.0,-4.01,0.0,12.06,34.82,477.0
2025-03-05 00:00:00,UA,23,37,-15.0,-10.07,-7.92,-2.97,4.01,30.0
2025-03-05 00:00:00,DL,7,225,-21.0,-7.03,-4.01,0.0,32.14,555.0
2025-03-05 00:00:00,AA,0,9,-5.0,-4.01,-2.97,1.99,23.81,31.0
2025-03-05 00:00:00,UA,0,2,-6.0,-5.99,-5.99,-5.99,-5.99,-3.0
2025-03-05 00:00:00,WN,11,252,-15.0,-4.01,-0.99,7.03,27.94,296.0
2025-03-05 00:00:00,WN,16,203,-11.0,-4.01,2.97,22.88,63.44,303.0
2025-03-05 00:00:00,UA,18,142,-16.0,-5.0,0.0,21.12,56.27,171.0
2025-03-05 00:00:00,WN,18,259,-13.0,-0.99,7.03,21.12,50.91,222.0
2025-03-05 00:00:00,DL,18,144,-16.0,-4.01,10.07,40.86,89.13,199.0
2025-03-05 00:00:00,WN,19,119,-14.0,-5.0,-0.99,21.98,57.4,156.0
2025-03-06 00:00:00,AA,0,11,-9.0,-5.99,-4.01,-1.99,13.87,468.0
2025-03-06 00:00:00,AA,12,147,-13.0,-5.99,-0.99,7.03,32.14,373.0
2025-03-06 00:00:00,DL,10,156,-16.0,-5.99,-1.99,5.0,15.03,141.0
2025-03-06 00:00:00,AA,10,133,-12.0,-5.99,-1.99,1.99,19.11,640.0
2025-03-06 00:00:00,UA,12,130,-16.0,-7.92,-5.0,0.0,10.07,175.0
2025-03-06 00:00:00,WN,18,234,-14.0,-1.99,4.01,23.81,47.95,211.0
2025-03-06 00:00:00,DL,12,182,-16.0,-5.99,-1.99,7.92,27.94,75.0
2025-03-06 00:00:00,UA,10,127,-17.0,-7.03,-4.01,4.01,26.84,252.0
2025-03-06 00:00:00,WN,11,233,-14.0,-4.01,-0.99,7.03,24.78,125.0
2025-03-06 00:00:00,UA,23,40,-20.0,-8.94,-7.03,-0.99,15.03,100.0
2025-03-06 00:00:00,UA,0,5,-12.0,-10.91,-7.03,-7.03,-7.03,-2.0
2025-03-06 00:00:00,UA,8,178,-16.0,-7.03,-4.01,-0.99,5.99,190.0
2025-03-06 00:00:00,DL,9,125,-17.0,-5.99,-2.97,1.99,10.91,225.0
2025-03-06 00:00:00,DL,8,176,-18.0,-7.03,-2.97,0.0,24.78,182.0
2025-03-06 00:00:00,DL,7,234,-16.0,-7.03,-4.01,0.0,15.03,656.0
2025-03-06 00:00:00,WN,16,224,-12.0,-1.99,4.01,19.89,40.05,138.0
2025-03-06 00:00:00,AA,22,101,-15.0,-5.0,0.0,10.07,55.15,588.0
2025-03-06 00:00:00,WN,19,216,-13.0,-2.97,2.97,21.12,43.38,266.0
2025-03-06 00:00:00,UA,21,62,-12.0,-7.03,-1.99,5.99,36.97,120.0
2025-03-06 00:00:00,DL,19,166,-30.0,-5.99,-1.99,12.06,34.13,142.0
2025-03-06 00:00:00,DL,18,157,-18.0,-5.99,-1.99,5.99,23.81,167.0
2025-03-06 00:00:00,UA,18,153,-14.0,-5.99,-2.97,2.97,17.99,219.0
2025-03-07 00:00:00,DL,19,166,-21.0,-7.03,-2.97,7.92,50.91,161.0
2025-03-07 00:00:00,UA,21,64,-14.0,-5.0,-0.99,17.99,36.97,101.0
2025-03-07 00:00:00,AA,22,101,-13.0,-5.0,0.0,17.99,46.07,641.0
2025-03-07 00:00:00,UA,23,44,-21.0,-8.94,-7.03,-2.97,4.01,81.0
2025-03-07 00:00:00,UA,18,154,-21.0,-5.0,0.0,15.03,54.06,184.0
2025-03-07 00:00:00,WN,19,224,-15.0,-2.97,8.94,36.24,71.53,285.0
2025-03-07 00:00:00,AA,10,135,-12.0,-5.0,-1.99,4.01,17.99,289.0
2025-03-07 00:00:00,DL,18,158,-20.0,-5.99,-1.99,15.03,56.27,790.0
2025-03-07 00:00:00,WN,18,241,-14.0,-1.99,7.03,30.27,71.53,205.0
2025-03-07 00:00:00,WN,16,229,-10.0,-1.99,7.92,34.13,87.37,302.0
2025-03-07 00:00:00,WN,11,232,-10.0,-2.97,0.0,13.87,37.72,274.0
2025-03-07 00:00:00,AA,12,148,-17.0,-4.01,0.0,15.96,52.99,215.0
2025-03-07 00:00:00,DL,12,178,-18.0,-7.03,-4.01,2.97,25.79,146.0
2025-03-07 00:00:00,UA,12,128,-17.0,-7.03,-4.01,2.97,17.99,77.0
2025-03-07 00:00:00,UA,8,178,-14.0,-7.03,-5.0,-0.99,19.89,219.0
2025-03-07 00:00:00,DL,10,160,-15.0,-7.03,-4.01,0.99,24.78,226.0
2025-03-07 00:00:00,DL,9,125,-17.0,-5.99,-2.97,-0.99,7.92,45.0
2025-03-07 00:00:00,DL,8,176,-13.0,-7.03,-4.01,0.0,7.92,192.0
2025-03-07 00:00:00,AA,0,15,-12.0,-7.92,-5.99,-5.0,-2.97,46.0
2025-03-07 00:00:00,UA,0,10,-7.0,-5.0,-4.01,0.0,17.99,103.0
2025-03-07 00:00:00,DL,7,234,-18.0,-5.99,-4.01,-0.99,7.03,116.0
2025-03-07 00:00:00,UA,10,128,-12.0,-5.99,-4.01,0.99,23.81,216.0
2025-03-08 00:00:00,DL,9,119,-22.0,-7.03,-4.01,-0.99,5.99,249.0
2025-03-08 00:00:00,AA,0,15,-19.0,-8.94,-7.03,-4.01,-0.99,7.0
2025-03-08 00:00:00,UA,23,33,-14.0,-8.94,-5.0,-1.99,7.03,65.0
2025-03-08 00:00:00,DL,8,151,-16.0,-7.03,-5.0,-1.99,4.01,267.0
2025-03-08 00:00:00,UA,8,158,-13.0,-7.92,-5.0,-0.99,7.03,78.0
2025-03-08 00:00:00,DL,10,128,-17.0,-7.92,-5.0,-0.99,8.94,74.0
2025-03-08 00:00:00,WN,16,201,-13.0,-4.01,0.0,10.07,34.13,253.0
2025-03-08 00:00:00,WN,11,213,-10.0,-4.01,0.0,5.99,16.95,140.0
2025-03-08 00:00:00,AA,10,124,-11.0,-4.01,-0.99,10.91,39.25,198.0
2025-03-08 00:00:00,UA,18,125,-20.0,-5.99,-1.99,5.0,44.26,117.0
2025-03-08 00:00:00,DL,19,94,-16.0,-7.03,-4.01,4.01,24.78,277.0
2025-03-08 00:00:00,AA,12,124,-14.0,-5.0,-0.99,26.84,59.75,561.0
2025-03-08 00:00:00,UA,21,48,-17.0,-8.94,-4.01,15.03,44.26,112.0
2025-03-08 00:00:00,AA,22,103,-15.0,-2.97,4.01,25.79,47.0,136.0
2025-03-08 00:00:00,WN,18,221,-14.0,-5.99,-0.99,8.94,30.88,241.0
2025-03-08 00:00:00,UA,10,118,-13.0,-7.03,-4.01,-0.99,7.03,201.0
2025-03-08 00:00:00,WN,19,234,-14.0,-5.99,-1.99,7.92,25.79,221.0
2025-03-08 00:00:00,DL,18,112,-18.0,-7.03,-2.97,4.01,36.97,160.0
2025-03-08 00:00:00,DL,12,154,-17.0,-7.03,-4.01,-0.99,5.99,327.0
2025-03-08 00:00:00,DL,7,209,-16.0,-7.03,-5.0,-1.99,0.99,60.0
2025-03-08 00:00:00,UA,12,104,-13.0,-7.03,-2.97,5.0,30.27,143.0
2025-03-08 00:00:00,UA,0,9,-9.0,-5.99,-5.99,5.99,7.03,14.0
2025-03-09 00:00:00,AA,12,146,-11.0,-4.01,0.0,10.07,40.05,348.0
2025-03-09 00:00:00,DL,12,163,-18.0,-5.0,-1.99,7.92,27.94,99.0
2025-03-09 00:00:00,WN,16,234,-12.0,-0.99,5.0,19.11,39.25,227.0
2025-03-09 00:00:00,UA,23,45,-13.0,-10.07,-5.0,-1.99,1.99,50.0
2025-03-09 00:00:00,UA,0,9,-10.0,-7.92,-7.92,-2.97,-1.99,2.0
2025-03-09 00:00:00,AA,10,140,-13.0,-5.0,-0.99,7.92,30.27,210.0
2025-03-09 00:00:00,DL,9,132,-16.0,-5.99,-2.97,0.99,15.03,236.0
2025-03-09 00:00:00,UA,12,120,-15.0,-5.99,-2.97,1.99,27.94,240.0
2025-03-09 00:00:00,AA,0,11,-10.0,-7.03,-1.99,-1.99,1.99,37.0
2025-03-09 00:00:00,DL,7,238,-16.0,-7.03,-5.0,0.0,8.94,120.0
2025-03-09 00:00:00,DL,8,184,-13.0,-5.99,-4.01,-0.99,12.06,696.0
2025-03-09 00:00:00,UA,8,169,-13.0,-7.03,-5.0,-0.99,10.07,90.0
2025-03-09 00:00:00,WN,19,244,-15.0,-1.99,4.01,19.89,36.97,215.0
2025-03-09 00:00:00,DL,18,166,-13.0,-5.0,0.0,13.87,48.91,360.0
2025-03-09 00:00:00,UA,18,149,-12.0,-5.0,-1.99,7.92,27.94,149.0
2025-03-09 00:00:00,UA,21,65,-19.0,-5.99,-2.97,1.99,23.81,150.0
2025-03-09 00:00:00,WN,11,220,-11.0,-2.97,0.99,13.87,37.72,169.0
2025-03-09 00:00:00,AA,22,105,-14.0,-5.0,0.0,13.07,39.25,164.0
2025-03-09 00:00:00,DL,19,170,-14.0,-4.01,8.94,32.14,63.44,262.0
2025-03-09 00:00:00,DL,10,160,-20.0,-7.03,-2.97,0.0,21.98,266.0
2025-03-09 00:00:00,UA,10,123,-11.0,-7.03,-4.01,0.0,17.99,291.0
2025-03-09 00:00:00,WN,18,228,-12.0,-0.99,8.94,22.88,56.27,218.0
2025-03-10 00:00:00,DL,7,245,-15.0,-7.03,-4.01,0.0,13.07,636.0
2025-03-10 00:00:00,WN,18,248,-15.0,-5.99,-1.99,7.92,34.13,165.0
2025-03-10 00:00:00,AA,12,144,-13.0,-5.0,-1.99,10.07,40.05,246.0
2025-03-10 00:00:00,WN,16,233,-13.0,-4.01,0.0,10.07,32.79,101.0
2025-03-10 00:00:00,DL,8,183,-14.0,-5.99,-2.97,0.99,15.03,185.0
2025-03-10 00:00:00,UA,10,127,-14.0,-7.92,-4.01,0.99,21.98,140.0
2025-03-10 00:00:00,DL,12,168,-17.0,-5.0,-1.99,10.91,34.82,132.0
2025-03-10 00:00:00,UA,18,152,-19.0,-7.03,-5.0,0.0,13.87,182.0
2025-03-10 00:00:00,AA,22,101,-14.0,-7.92,-4.01,8.94,54.06,479.0
2025-03-10 00:00:00,UA,23,38,-24.0,-13.87,-7.92,-2.97,4.01,435.0
2025-03-10 00:00:00,DL,19,164,-24.0,-7.03,-0.99,21.98,67.36,173.0
2025-03-10 00:00:00,UA,21,57,-17.0,-8.94,-5.99,-2.97,2.97,37.0
2025-03-10 00:00:00,WN,19,220,-14.0,-5.99,-2.97,2.97,19.89,148.0
2025-03-10 00:00:00,UA,8,172,-13.0,-7.03,-5.0,-1.99,5.0,183.0
2025-03-10 00:00:00,DL,10,161,-19.0,-5.99,-2.97,8.94,32.79,161.0
2025-03-10 00:00:00,DL,18,171,-32.0,-7.03,-0.99,21.12,54.06,196.0
2025-03-10 00:00:00,DL,9,134,-14.0,-5.0,-2.97,0.99,15.96,87.0
2025-03-10 00:00:00,AA,10,140,-11.0,-5.99,-1.99,7.03,37.72,645.0
2025-03-10 00:00:00,UA,0,8,-8.0,-7.92,-5.99,1.99,1.99,51.0
2025-03-10 00:00:00,AA,0,12,-14.0,-10.91,-8.94,-7.03,-5.99,-5.0
2025-03-10 00:00:00,UA,12,130,-14.0,-5.99,-4.01,0.0,13.87,122.0
2025-03-10 00:00:00,WN,11,235,-11.0,-4.01,-0.99,5.99,21.12,100.0
2025-03-11 00:00:00,UA,8,170,-16.0,-8.94,-7.03,-4.01,0.99,107.0
2025-03-11 00:00:00,AA,0,9,-18.0,-10.91,-10.07,-7.03,-5.0,-4.0
2025-03-11 00:00:00,DL,9,132,-18.0,-7.03,-5.0,-0.99,5.99,128.0
2025-03-11 00:00:00,UA,10,129,-15.0,-7.92,-5.99,-2.97,5.0,66.0
2025-03-11 00:00:00,WN,11,223,-11.0,-5.0,-1.99,2.97,15.96,242.0
2025-03-11 00:00:00,WN,19,277,-20.0,-7.03,-5.0,0.0,12.06,233.0
2025-03-11 00:00:00,UA,21,42,-16.0,-8.94,-5.99,-2.97,7.03,127.0
2025-03-11 00:00:00,DL,8,177,-15.0,-7.92,-5.99,-1.99,0.99,230.0
2025-03-11 00:00:00,UA,0,6,-15.0,-8.94,-5.99,-2.97,-1.99,12.0
2025-03-11 00:00:00,AA,22,102,-15.0,-7.92,-5.99,-1.99,17.99,384.0
2025-03-11 00:00:00,UA,23,34,-18.0,-10.07,-7.92,-5.99,-2.97,8.0
2025-03-11 00:00:00,DL,7,244,-17.0,-8.94,-5.99,-1.99,1.99,169.0
2025-03-11 00:00:00,UA,18,134,-19.0,-7.03,-5.0,0.0,8.94,292.0
2025-03-11 00:00:00,DL,19,129,-18.0,-10.07,-5.99,0.0,24.78,767.0
2025-03-11 00:00:00,WN,18,218,-14.0,-5.99,-4.01,0.0,7.92,170.0
2025-03-11 00:00:00,AA,10,139,-13.0,-7.03,-4.01,-0.99,13.07,219.0
2025-03-11 00:00:00,AA,12,143,-14.0,-7.03,-4.01,0.0,10.91,76.0
2025-03-11 00:00:00,DL,10,158,-20.0,-7.92,-5.99,-2.97,8.94,167.0
2025-03-11 00:00:00,DL,12,166,-16.0,-7.92,-5.0,-0.99,13.87,161.0
2025-03-11 00:00:00,UA,12,126,-17.0,-7.92,-5.99,-1.99,5.99,55.0
2025-03-11 00:00:00,WN,16,238,-13.0,-5.99,-2.97,1.99,17.99,180.0
2025-03-11 00:00:00,DL,18,153,-20.0,-7.92,-4.01,0.0,21.12,128.0
2025-03-12 00:00:00,UA,21,57,-14.0,-7.03,-2.97,5.99,15.96,145.0
2025-03-12 00:00:00,AA,22,102,-13.0,-5.99,-2.97,1.99,21.98,386.0
2025-03-12 00:00:00,UA,23,44,-14.0,-7.92,-5.0,5.99,13.07,51.0
2025-03-12 00:00:00,UA,18,147,-16.0,-5.99,-2.97,7.03,34.82,376.0
2025-03-12 00:00:00,WN,18,217,-14.0,-4.01,-0.99,5.99,21.98,156.0
2025-03-12 00:00:00,WN,19,279,-14.0,-5.99,-1.99,7.03,22.88,106.0
2025-03-12 00:00:00,AA,10,138,-14.0,-5.99,-4.01,0.0,10.91,246.0
2025-03-12 00:00:00,DL,7,244,-17.0,-7.92,-5.99,-0.99,1.99,99.0
2025-03-12 00:00:00,UA,0,4,-13.0,-13.0,-10.07,-8.94,-8.94,4.0
2025-03-12 00:00:00,AA,0,9,-9.0,-7.03,-5.99,-5.99,-5.0,-5.0
2025-03-12 00:00:00,UA,12,122,-14.0,-7.03,-4.01,1.99,25.79,299.0
2025-03-12 00:00:00,DL,19,134,-19.0,-7.92,-2.97,5.99,21.12,339.0
2025-03-12 00:00:00,WN,16,239,-13.0,-5.0,-1.99,7.92,25.79,160.0
2025-03-12 00:00:00,DL,9,132,-17.0,-7.03,-4.01,0.0,10.91,136.0
2025-03-12 00:00:00,UA,8,170,-14.0,-7.92,-5.99,-2.97,5.99,251.0
2025-03-12 00:00:00,AA,12,141,-11.0,-5.0,-1.99,1.99,30.27,348.0
2025-03-12 00:00:00,DL,12,166,-17.0,-7.92,-5.0,-0.99,12.06,300.0
2025-03-12 00:00:00,DL,10,158,-20.0,-7.03,-5.0,-1.99,4.01,130.0
2025-03-12 00:00:00,WN,11,225,-12.0,-5.0,-2.97,0.99,10.07,111.0
2025-03-12 00:00:00,UA,10,125,-23.0,-7.03,-2.97,4.01,36.97,96.0
2025-03-12 00:00:00,DL,8,178,-13.0,-7.92,-5.99,-2.97,0.0,81.0
2025-03-12 00:00:00,DL,18,155,-16.0,-7.03,-4.01,1.99,34.82,137.0
2025-03-13 00:00:00,AA,22,103,-10.0,-5.0,-2.97,5.99,21.12,666.0
2025-03-13 00:00:00,AA,0,9,-8.0,-5.99,-5.0,-4.01,-1.99,6.0
2025-03-13 00:00:00,DL,7,247,-16.0,-7.03,-4.01,-0.99,5.0,228.0
2025-03-13 00:00:00,DL,8,181,-16.0,-7.03,-5.0,-0.99,10.07,514.0
2025-03-13 00:00:00,UA,0,6,-9.0,-7.03,-0.99,4.01,7.92,14.0
2025-03-13 00:00:00,DL,9,133,-16.0,-5.99,-2.97,0.0,10.07,464.0
2025-03-13 00:00:00,AA,10,141,-11.0,-5.0,-2.97,1.99,24.78,339.0
2025-03-13 00:00:00,UA,18,153,-20.0,-5.0,-1.99,4.01,32.14,134.0
2025-03-13 00:00:00,UA,23,45,-13.0,-7.03,-2.97,2.97,10.91,87.0
2025-03-13 00:00:00,DL,19,167,-18.0,-7.03,-1.99,5.0,36.97,201.0
2025-03-13 00:00:00,DL,10,162,-15.0,-7.03,-4.01,-0.99,5.0,197.0
2025-03-13 00:00:00,WN,19,220,-9.0,-0.99,10.07,34.13,70.11,222.0
2025-03-13 00:00:00,UA,21,63,-14.0,-5.99,-1.99,7.03,25.79,87.0
2025-03-13 00:00:00,WN,18,248,-10.0,-1.99,7.92,43.38,85.64,252.0
2025-03-13 00:00:00,DL,12,167,-16.0,-7.03,-2.97,0.99,27.94,218.0
2025-03-13 00:00:00,UA,10,127,-15.0,-7.03,-4.01,-0.99,24.78,350.0
2025-03-13 00:00:00,DL,18,172,-18.0,-5.99,-0.99,19.11,44.26,213.0
2025-03-13 00:00:00,UA,12,126,-13.0,-7.03,-4.01,-0.99,16.95,211.0
2025-03-13 00:00:00,AA,12,145,-19.0,-5.0,-1.99,4.01,36.24,415.0
2025-03-13 00:00:00,WN,16,231,-12.0,-2.97,5.0,27.94,64.72,195.0
2025-03-13 00:00:00,WN,11,232,-10.0,-4.01,-0.99,7.03,34.82,159.0
2025-03-13 00:00:00,UA,8,172,-15.0,-7.03,-4.01,-0.99,5.99,227.0
2025-03-14 00:00:00,DL,9,133,-16.0,-5.99,-2.97,0.99,15.03,68.0
2025-03-14 00:00:00,DL,10,161,-17.0,-5.99,-4.01,1.99,21.12,183.0
2025-03-14 00:00:00,WN,11,238,-12.0,-2.97,0.0,7.92,22.88,264.0
2025-03-14 00:00:00,DL,12,168,-16.0,-7.03,-2.97,0.99,37.72,408.0
2025-03-14 00:00:00,UA,12,128,-14.0,-5.99,-2.97,4.01,30.27,156.0
2025-03-14 00:00:00,WN,16,233,-12.0,-1.99,5.0,24.78,63.44,153.0
2025-03-14 00:00:00,UA,21,61,-9.0,-2.97,4.01,13.87,36.24,76.0
2025-03-14 00:00:00,UA,23,46,-20.0,-5.99,-0.99,8.94,21.12,79.0
2025-03-14 00:00:00,DL,8,182,-14.0,-5.99,-4.01,0.0,13.07,177.0
2025-03-14 00:00:00,AA,12,119,-16.0,-4.01,-0.99,8.94,57.4,349.0
2025-03-14 00:00:00,AA,0,10,-8.0,-5.99,-1.99,0.99,13.07,20.0
2025-03-14 00:00:00,DL,7,245,-15.0,-5.99,-2.97,0.0,7.03,165.0
2025-03-14 00:00:00,AA,22,102,-11.0,-5.0,-0.99,8.94,32.14,122.0
2025-03-14 00:00:00,UA,10,128,-18.0,-7.03,-4.01,7.92,60.95,591.0
2025-03-14 00:00:00,DL,19,166,-19.0,-5.0,-1.99,15.03,46.07,181.0
2025-03-14 00:00:00,DL,18,168,-16.0,-5.99,-0.99,7.92,46.07,187.0
2025-03-14 00:00:00,AA,10,128,-14.0,-4.01,-0.99,5.99,23.81,285.0
2025-03-14 00:00:00,UA,0,8,-8.0,-7.92,-5.99,-1.99,7.03,138.0
2025-03-14 00:00:00,WN,19,221,-14.0,-2.97,7.92,29.08,60.95,261.0
2025-03-14 00:00:00,UA,18,153,-14.0,-4.01,0.0,15.03,59.75,214.0
2025-03-14 00:00:00,WN,18,247,-12.0,-1.99,7.92,30.88,70.11,186.0
2025-03-14 00:00:00,UA,8,170,-15.0,-7.03,-4.01,0.0,23.81,123.0
2025-03-15 00:00:00,AA,12,124,-20.0,-2.97,5.99,29.08,64.72,237.0
2025-03-15 00:00:00,DL,10,129,-14.0,-2.97,2.97,17.99,46.07,288.0
2025-03-15 00:00:00,DL,18,138,-12.0,-2.97,10.07,43.38,80.65,254.0
2025-03-15 00:00:00,DL,19,87,-11.0,-2.97,2.97,23.81,70.11,145.0
2025-03-15 00:00:00,WN,19,220,-11.0,0.0,15.03,46.07,106.71,306.0
2025-03-15 00:00:00,UA,21,48,-10.0,-0.99,7.92,36.97,60.95,309.0
2025-03-15 00:00:00,WN,18,226,-13.0,-1.99,10.91,37.72,87.37,386.0
2025-03-15 00:00:00,UA,18,124,-15.0,-2.97,22.88,67.36,172.45,353.0
2025-03-15 00:00:00,UA,0,7,-13.0,-7.92,-0.99,5.0,27.94,64.0
2025-03-15 00:00:00,WN,16,204,-10.0,-0.99,8.94,32.79,68.72,437.0
2025-03-15 00:00:00,DL,9,137,-13.0,-5.0,-0.99,12.06,25.79,338.0
2025-03-15 00:00:00,DL,7,219,-17.0,-5.99,-1.99,2.97,24.78,222.0
2025-03-15 00:00:00,AA,10,128,-13.0,-4.01,-0.99,10.07,26.84,230.0
2025-03-15 00:00:00,DL,8,161,-15.0,-5.99,-1.99,7.03,34.13,221.0
2025-03-15 00:00:00,UA,10,117,-12.0,-1.99,10.07,48.91,87.37,250.0
2025-03-15 00:00:00,UA,8,152,-17.0,-5.0,-0.99,19.89,49.9,471.0
2025-03-15 00:00:00,AA,0,10,-9.0,-7.03,-7.03,-4.01,0.0,2.0
2025-03-15 00:00:00,WN,11,225,-10.0,-1.99,5.0,21.98,47.0,381.0
2025-03-15 00:00:00,AA,22,100,-9.0,-0.99,13.07,36.24,80.65,395.0
2025-03-15 00:00:00,DL,12,145,-14.0,-1.99,7.03,22.88,48.91,148.0
2025-03-15 00:00:00,UA,23,41,-15.0,-5.99,-2.97,4.01,23.81,154.0
2025-03-15 00:00:00,UA,12,102,-12.0,-2.97,12.06,51.94,144.04,307.0
2025-03-16 00:00:00,WN,19,228,-8.0,7.03,40.86,87.37,162.41,406.0
2025-03-16 00:00:00,UA,10,125,-11.0,-5.0,1.99,34.13,80.65,550.0
2025-03-16 00:00:00,DL,19,153,-16.0,12.06,57.4,138.4,228.18,918.0
2025-03-16 00:00:00,WN,11,212,-11.0,-1.99,4.01,17.99,57.4,580.0
2025-03-16 00:00:00,UA,23,46,-8.0,2.97,15.96,40.05,92.77,148.0
2025-03-16 00:00:00,UA,18,146,-12.0,1.99,34.82,104.6,194.44,1047.0
2025-03-16 00:00:00,DL,18,158,-14.0,12.06,37.72,94.64,179.49,417.0
2025-03-16 00:00:00,WN,18,210,-10.0,8.94,27.94,74.45,159.19,376.0
2025-03-16 00:00:00,DL,12,164,-12.0,4.01,24.78,57.4,100.49,364.0
2025-03-16 00:00:00,UA,12,116,-16.0,-1.99,13.87,70.11,194.44,647.0
2025-03-16 00:00:00,AA,12,139,-15.0,-2.97,5.0,60.95,159.19,631.0
2025-03-16 00:00:00,WN,16,213,-10.0,2.97,17.99,63.44,130.34,379.0
2025-03-16 00:00:00,DL,10,157,-14.0,-4.01,5.0,36.97,58.56,258.0
2025-03-16 00:00:00,UA,21,62,-8.0,10.07,24.78,89.13,141.19,475.0
2025-03-16 00:00:00,AA,22,96,-10.0,0.0,16.95,59.75,113.31,636.0
2025-03-16 00:00:00,DL,8,186,-14.0,-5.0,-0.99,12.06,51.94,265.0
2025-03-16 00:00:00,UA,8,165,-15.0,-7.03,-4.01,7.92,56.27,360.0
2025-03-16 00:00:00,AA,10,140,-13.0,-2.97,0.99,24.78,62.18,337.0
2025-03-16 00:00:00,DL,9,131,-16.0,-2.97,12.06,47.0,96.55,259.0
2025-03-16 00:00:00,DL,7,241,-14.0,-5.99,-1.99,5.0,21.98,442.0
2025-03-16 00:00:00,AA,0,9,-15.0,-7.92,-5.0,-2.97,-2.97,38.0
2025-03-16 00:00:00,UA,0,6,-4.0,0.0,1.99,1.99,10.07,27.0
2025-03-17 00:00:00,AA,22,102,-15.0,-5.0,-0.99,15.96,32.14,664.0
2025-03-17 00:00:00,UA,23,38,-18.0,-7.03,-5.0,4.01,21.12,121.0
2025-03-17 00:00:00,AA,12,145,-13.0,-1.99,4.01,22.88,74.45,418.0
2025-03-17 00:00:00,AA,0,12,-8.0,-0.99,7.03,57.4,96.55,793.0
2025-03-17 00:00:00,DL,10,160,-11.0,-4.01,0.0,10.07,39.25,325.0
2025-03-17 00:00:00,UA,18,152,-17.0,-5.0,-0.99,15.03,46.07,156.0
2025-03-17 00:00:00,WN,19,219,-17.0,0.99,15.96,43.38,68.72,174.0
2025-03-17 00:00:00,DL,19,163,-18.0,-4.01,5.0,40.86,63.44,297.0
2025-03-17 00:00:00,WN,16,234,-7.0,4.01,19.11,41.68,67.36,248.0
2025-03-17 00:00:00,WN,18,247,-10.0,0.0,21.12,49.9,80.65,253.0
2025-03-17 00:00:00,DL,18,170,-14.0,-1.99,7.03,37.72,74.45,681.0
2025-03-17 00:00:00,UA,10,128,-13.0,-5.0,-1.99,5.0,25.79,191.0
2025-03-17 00:00:00,UA,12,130,-12.0,-5.0,-1.99,5.99,30.27,240.0
2025-03-17 00:00:00,DL,9,131,-15.0,-4.01,0.0,13.87,36.97,810.0
2025-03-17 00:00:00,DL,12,164,-12.0,-5.0,0.0,17.99,57.4,319.0
2025-03-17 00:00:00,AA,10,137,-10.0,-2.97,0.0,8.94,45.15,510.0
2025-03-17 00:00:00,WN,11,234,-14.0,-0.99,5.0,23.81,60.95,300.0
2025-03-17 00:00:00,DL,8,176,-13.0,-5.0,-1.99,7.03,30.88,400.0
2025-03-17 00:00:00,UA,8,170,-13.0,-5.99,-2.97,0.99,26.84,480.0
2025-03-17 00:00:00,UA,0,7,-9.0,12.06,23.81,34.13,44.26,93.0
2025-03-17 00:00:00,UA,21,57,-10.0,-4.01,0.99,13.87,34.82,98.0
2025-03-17 00:00:00,DL,7,233,-11.0,-5.0,-1.99,5.99,48.91,834.0
2025-03-18 00:00:00,UA,0,6,-11.0,-4.01,-4.01,-1.99,-0.99,11.0
2025-03-18 00:00:00,AA,0,10,-12.0,-5.0,-2.97,32.14,74.45,127.0
2025-03-18 00:00:00,DL,8,177,-14.0,-5.99,-4.01,-0.99,10.07,128.0
2025-03-18 00:00:00,DL,7,244,-15.0,-7.03,-4.01,-0.99,7.03,137.0
2025-03-18 00:00:00,UA,18,134,-17.0,-7.03,-2.97,2.97,13.87,285.0
2025-03-18 00:00:00,WN,16,238,-12.0,-5.0,-0.99,5.0,32.79,282.0
2025-03-18 00:00:00,AA,22,102,-14.0,-5.99,-2.97,5.0,24.78,468.0
2025-03-18 00:00:00,UA,23,34,-15.0,-7.03,-5.0,-1.99,2.97,36.0
2025-03-18 00:00:00,DL,19,131,-18.0,-7.03,-1.99,4.01,13.87,135.0
2025-03-18 00:00:00,WN,18,216,-14.0,-5.0,0.0,10.91,36.24,267.0
2025-03-18 00:00:00,WN,19,277,-15.0,-5.0,-0.99,10.91,36.24,269.0
2025-03-18 00:00:00,DL,12,163,-16.0,-5.99,-2.97,1.99,15.03,62.0
2025-03-18 00:00:00,UA,8,169,-17.0,-7.92,-5.0,-2.97,5.0,341.0
2025-03-18 00:00:00,UA,12,125,-12.0,-7.03,-4.01,-0.99,7.03,388.0
2025-03-18 00:00:00,DL,18,152,-22.0,-7.03,-2.97,7.03,40.05,153.0
2025-03-18 00:00:00,AA,10,140,-13.0,-5.0,-0.99,10.07,25.79,259.0
2025-03-18 00:00:00,UA,21,42,-14.0,-7.92,-4.01,1.99,10.07,140.0
2025-03-18 00:00:00,WN,11,222,-14.0,-5.0,-0.99,2.97,15.96,483.0
2025-03-18 00:00:00,AA,12,144,-12.0,-4.01,-0.99,12.06,36.97,239.0
2025-03-18 00:00:00,UA,10,129,-14.0,-7.03,-4.01,0.99,21.98,450.0
2025-03-18 00:00:00,DL,9,132,-17.0,-7.03,-4.01,-0.99,8.94,308.0
2025-03-18 00:00:00,DL,10,158,-14.0,-7.03,-2.97,0.99,32.14,156.0
2025-03-19 00:00:00,DL,7,243,-16.0,-7.03,-5.0,-1.99,4.01,778.0
2025-03-19 00:00:00,DL,8,176,-15.0,-7.03,-5.0,-1.99,4.01,278.0
2025-03-19 00:00:00,UA,8,170,-17.0,-7.92,-5.99,-2.97,0.99,160.0
2025-03-19 00:00:00,DL,9,132,-16.0,-7.03,-5.0,-1.99,1.99,205.0
2025-03-19 00:00:00,DL,10,158,-20.0,-5.99,-4.01,-0.99,7.92,175.0
2025-03-19 00:00:00,UA,10,125,-22.0,-7.92,-5.0,-0.99,10.91,185.0
2025-03-19 00:00:00,WN,11,217,-13.0,-4.01,-1.99,2.97,15.96,128.0
2025-03-19 00:00:00,AA,10,138,-13.0,-5.99,-1.99,2.97,30.27,463.0
2025-03-19 00:00:00,DL,12,164,-18.0,-7.03,-4.01,-0.99,7.92,179.0
2025-03-19 00:00:00,UA,12,121,-22.0,-7.92,-5.99,-1.99,7.03,224.0
2025-03-19 00:00:00,WN,19,262,-21.0,-4.01,-0.99,8.94,30.27,229.0
2025-03-19 00:00:00,UA,0,4,-20.0,-19.89,-13.07,7.03,7.03,40.0
2025-03-19 00:00:00,AA,22,102,-11.0,-5.0,0.0,29.08,57.4,699.0
2025-03-19 00:00:00,UA,23,43,-12.0,-8.94,-1.99,8.94,54.06,475.0
2025-03-19 00:00:00,AA,0,9,-12.0,-7.92,-4.01,-0.99,5.0,33.0
2025-03-19 00:00:00,AA,12,137,-17.0,-5.0,-0.99,21.12,56.27,1217.0
2025-03-19 00:00:00,UA,18,145,-12.0,-5.0,0.99,32.14,127.75,302.0
2025-03-19 00:00:00,UA,21,57,-12.0,-7.92,-4.01,21.98,85.64,184.0
2025-03-19 00:00:00,WN,18,213,-10.0,-4.01,0.0,10.91,32.79,215.0
2025-03-19 00:00:00,DL,19,135,-20.0,-5.99,-2.97,7.92,32.14,157.0
2025-03-19 00:00:00,WN,16,231,-10.0,-4.01,0.0,7.92,25.79,175.0
2025-03-19 00:00:00,DL,18,153,-16.0,-5.99,-1.99,4.01,40.05,311.0
2025-03-20 00:00:00,AA,10,140,-10.0,-5.0,-1.99,13.07,41.68,309.0
2025-03-20 00:00:00,DL,10,162,-14.0,-5.0,-1.99,2.97,19.11,159.0
2025-03-20 00:00:00,UA,10,127,-14.0,-5.0,-0.99,10.07,36.24,334.0
2025-03-20 00:00:00,UA,8,173,-14.0,-7.03,-4.01,1.99,36.24,195.0
2025-03-20 00:00:00,WN,11,235,-12.0,-4.01,0.0,7.92,22.88,188.0
2025-03-20 00:00:00,WN,16,233,-11.0,-1.99,1.99,10.91,29.08,226.0
2025-03-20 00:00:00,DL,18,172,-17.0,-5.0,0.0,21.12,57.4,313.0
2025-03-20 00:00:00,DL,19,167,-17.0,-2.97,2.97,21.98,74.45,299.0
2025-03-20 00:00:00,UA,21,63,-11.0,-4.01,-0.99,12.06,27.94,152.0
2025-03-20 00:00:00,UA,23,45,-12.0,-4.01,0.0,10.07,15.96,48.0
2025-03-20 00:00:00,DL,8,181,-14.0,-5.99,-2.97,4.01,21.12,358.0
2025-03-20 00:00:00,WN,18,247,-10.0,-2.97,0.99,13.07,34.13,252.0
2025-03-20 00:00:00,UA,0,6,-13.0,-5.99,0.99,4.01,5.0,11.0
2025-03-20 00:00:00,WN,19,220,-11.0,-2.97,0.0,15.03,44.26,246.0
2025-03-20 00:00:00,AA,0,9,-6.0,-5.0,-2.97,5.0,21.12,65.0
2025-03-20 00:00:00,AA,12,144,-9.0,-4.01,0.0,19.11,66.03,239.0
2025-03-20 00:00:00,UA,18,153,-13.0,-5.0,0.0,12.06,43.38,410.0
2025-03-20 00:00:00,DL,7,248,-13.0,-5.99,-2.97,2.97,19.89,267.0
2025-03-20 00:00:00,DL,9,134,-12.0,-5.99,-1.99,4.01,21.98,293.0
2025-03-20 00:00:00,UA,12,127,-13.0,-5.0,0.0,19.11,77.49,250.0
2025-03-20 00:00:00,AA,22,102,-12.0,-4.01,-1.99,7.03,32.79,358.0
2025-03-20 00:00:00,DL,12,168,-15.0,-5.0,-1.99,5.99,36.24,319.0
2025-03-21 00:00:00,DL,10,162,-18.0,-5.99,-2.97,4.01,39.25,194.0
2025-03-21 00:00:00,WN,18,248,-13.0,-4.01,0.0,13.07,39.25,219.0
2025-03-21 00:00:00,WN,11,237,-13.0,-4.01,-0.99,4.01,19.11,301.0
2025-03-21 00:00:00,DL,18,167,-19.0,-7.03,-1.99,10.91,30.27,158.0
2025-03-21 00:00:00,UA,23,47,-15.0,-7.92,-4.01,0.99,19.11,54.0
2025-03-21 00:00:00,DL,12,168,-13.0,-5.0,-0.99,8.94,32.14,124.0
2025-03-21 00:00:00,UA,12,128,-11.0,-5.99,-4.01,1.99,15.03,423.0
2025-03-21 00:00:00,UA,10,128,-14.0,-7.03,-4.01,0.0,10.91,136.0
2025-03-21 00:00:00,DL,9,133,-15.0,-5.99,-2.97,5.0,32.14,229.0
2025-03-21 00:00:00,WN,19,220,-14.0,-5.0,-0.99,10.07,29.08,269.0
2025-03-21 00:00:00,UA,21,61,-11.0,-5.0,-2.97,13.07,36.97,100.0
2025-03-21 00:00:00,AA,22,103,-13.0,-5.0,-1.99,5.99,34.13,432.0
2025-03-21 00:00:00,AA,10,138,-11.0,-5.0,-0.99,5.0,32.79,376.0
2025-03-21 00:00:00,DL,19,168,-19.0,-5.99,0.0,19.11,51.94,883.0
2025-03-21 00:00:00,DL,8,181,-17.0,-7.03,-5.0,-0.99,8.94,354.0
2025-03-21 00:00:00,AA,12,146,-16.0,-5.0,-2.97,8.94,48.91,619.0
2025-03-21 00:00:00,UA,8,173,-18.0,-7.03,-5.0,-0.99,12.06,250.0
2025-03-21 00:00:00,AA,0,10,-9.0,-5.0,-2.97,-1.99,10.91,17.0
2025-03-21 00:00:00,DL,7,245,-14.0,-5.99,-2.97,0.99,12.06,535.0
2025-03-21 00:00:00,UA,18,152,-17.0,-5.0,-2.97,5.0,45.15,122.0
2025-03-21 00:00:00,WN,16,234,-12.0,-2.97,0.99,8.94,30.27,283.0
2025-03-21 00:00:00,UA,0,8,-6.0,-0.99,2.97,21.12,25.79,39.0
2025-03-22 00:00:00,UA,8,154,-18.0,-7.92,-4.01,-0.99,5.0,114.0
2025-03-22 00:00:00,DL,9,140,-14.0,-5.0,-2.97,0.0,12.06,313.0
2025-03-22 00:00:00,DL,12,144,-15.0,-7.03,-2.97,4.01,13.07,89.0
2025-03-22 00:00:00,WN,18,226,-16.0,-4.01,-0.99,7.92,24.78,100.0
2025-03-22 00:00:00,WN,19,224,-13.0,-5.0,-1.99,8.94,30.27,165.0
2025-03-22 00:00:00,WN,11,225,-11.0,-4.01,-1.99,2.97,13.07,162.0
2025-03-22 00:00:00,AA,10,129,-12.0,-5.99,-2.97,0.99,36.24,621.0
2025-03-22 00:00:00,DL,10,128,-16.0,-5.99,-1.99,1.99,12.06,416.0
2025-03-22 00:00:00,DL,8,162,-15.0,-7.03,-4.01,0.0,15.03,98.0
2025-03-22 00:00:00,UA,0,7,-11.0,-5.99,-4.01,-0.99,7.92,9.0
2025-03-22 00:00:00,DL,7,218,-14.0,-7.03,-4.01,-0.99,7.03,66.0
2025-03-22 00:00:00,UA,12,103,-14.0,-5.99,-4.01,0.0,13.87,223.0
2025-03-22 00:00:00,DL,18,138,-24.0,-5.99,-2.97,10.07,41.68,216.0
2025-03-22 00:00:00,AA,0,10,-10.0,-5.99,-1.99,0.0,1.99,4.0
2025-03-22 00:00:00,UA,18,124,-19.0,-5.0,-1.99,7.03,30.27,270.0
2025-03-22 00:00:00,DL,19,86,-17.0,-5.99,-2.97,1.99,27.94,92.0
2025-03-22 00:00:00,UA,10,117,-13.0,-5.99,-2.97,0.99,19.89,91.0
2025-03-22 00:00:00,WN,16,204,-10.0,-4.01,-0.99,7.03,27.94,174.0
2025-03-22 00:00:00,UA,21,48,-10.0,-5.0,-0.99,15.96,41.68,107.0
2025-03-22 00:00:00,AA,12,125,-15.0,-5.0,-1.99,7.03,34.13,566.0
2025-03-22 00:00:00,AA,22,100,-9.0,-5.0,-0.99,5.99,27.94,389.0
2025-03-22 00:00:00,UA,23,41,-13.0,-7.03,-5.0,0.0,7.03,80.0
2025-03-23 00:00:00,AA,10,139,-10.0,-5.0,-1.99,7.92,29.08,545.0
2025-03-23 00:00:00,WN,18,228,-12.0,-4.01,1.99,15.96,30.88,129.0
2025-03-23 00:00:00,DL,18,165,-19.0,-5.99,-0.99,13.07,43.38,142.0
2025-03-23 00:00:00,WN,19,243,-15.0,-2.97,4.01,15.03,36.24,253.0
2025-03-23 00:00:00,UA,18,148,-13.0,-5.0,-0.99,7.92,24.78,166.0
2025-03-23 00:00:00,DL,10,161,-16.0,-7.03,-2.97,2.97,22.88,153.0
2025-03-23 00:00:00,UA,10,123,-13.0,-5.99,-2.97,0.99,16.95,399.0
2025-03-23 00:00:00,AA,12,144,-18.0,-5.0,-1.99,7.03,40.05,537.0
2025-03-23 00:00:00,DL,19,171,-15.0,-5.0,0.0,19.11,56.27,292.0
2025-03-23 00:00:00,WN,16,233,-10.0,-1.99,1.99,12.06,27.94,130.0
2025-03-23 00:00:00,UA,21,64,-12.0,-5.99,-0.99,13.07,24.78,127.0
2025-03-23 00:00:00,UA,23,46,-12.0,-7.03,-5.0,0.0,13.07,47.0
2025-03-23 00:00:00,WN,11,220,-12.0,-4.01,-0.99,5.0,13.07,272.0
2025-03-23 00:00:00,AA,22,102,-12.0,-2.97,0.99,17.99,49.9,465.0
2025-03-23 00:00:00,DL,12,164,-19.0,-7.03,-1.99,7.92,26.84,183.0
2025-03-23 00:00:00,UA,12,119,-13.0,-7.03,-2.97,0.99,22.88,274.0
2025-03-23 00:00:00,AA,0,9,-7.0,-5.0,-4.01,-0.99,21.12,34.0
2025-03-23 00:00:00,DL,9,132,-15.0,-5.99,-2.97,0.0,15.96,163.0
2025-03-23 00:00:00,UA,8,167,-13.0,-7.03,-4.01,0.0,19.89,235.0
2025-03-23 00:00:00,UA,0,5,-7.0,-7.0,-5.0,-1.99,-1.99,0.0
2025-03-23 00:00:00,DL,8,187,-14.0,-7.03,-4.01,-0.99,7.03,163.0
2025-03-23 00:00:00,DL,7,244,-14.0,-7.03,-4.01,0.0,10.07,341.0
2025-03-24 00:00:00,UA,21,57,-16.0,-7.03,-2.97,4.01,10.07,110.0
2025-03-24 00:00:00,WN,11,237,-11.0,-2.97,0.0,7.92,21.12,209.0
2025-03-24 00:00:00,AA,12,144,-12.0,-5.0,-1.99,7.03,22.88,444.0
2025-03-24 00:00:00,DL,12,167,-14.0,-5.99,-1.99,10.07,41.68,531.0
2025-03-24 00:00:00,UA,12,130,-20.0,-7.03,-2.97,1.99,24.78,216.0
2025-03-24 00:00:00,WN,16,232,-10.0,-2.97,1.99,13.87,29.08,182.0
2025-03-24 00:00:00,DL,18,171,-18.0,-7.03,-0.99,10.07,34.82,174.0
2025-03-24 00:00:00,UA,18,152,-14.0,-5.99,-0.99,5.0,36.97,853.0
2025-03-24 00:00:00,WN,18,247,-11.0,-4.01,0.99,15.03,34.82,143.0
2025-03-24 00:00:00,DL,19,164,-17.0,-5.0,4.01,29.08,58.56,719.0
2025-03-24 00:00:00,WN,19,220,-12.0,-5.0,0.0,12.06,37.72,190.0
2025-03-24 00:00:00,AA,22,102,-20.0,-5.99,-2.97,7.92,36.24,179.0
2025-03-24 00:00:00,DL,8,181,-14.0,-5.99,-2.97,0.99,13.07,565.0
2025-03-24 00:00:00,UA,10,128,-18.0,-7.03,-4.01,0.99,23.81,129.0
2025-03-24 00:00:00,UA,8,171,-14.0,-7.03,-4.01,0.0,13.87,327.0
2025-03-24 00:00:00,DL,9,134,-15.0,-5.0,-1.99,8.94,32.14,844.0
2025-03-24 00:00:00,DL,10,161,-18.0,-5.0,-2.97,8.94,27.94,150.0
2025-03-24 00:00:00,AA,10,140,-12.0,-5.99,-2.97,4.01,19.89,511.0
2025-03-24 00:00:00,UA,0,8,-7.0,-7.0,2.97,7.92,10.91,112.0
2025-03-24 00:00:00,DL,7,245,-15.0,-5.99,-2.97,0.0,10.91,449.0
2025-03-24 00:00:00,UA,23,39,-15.0,-8.94,-5.99,-1.99,8.94,78.0
2025-03-24 00:00:00,AA,0,10,-10.0,-5.99,-5.0,-4.01,0.99,23.0
2025-03-25 00:00:00,WN,11,226,-15.0,-5.0,-1.99,0.0,8.94,214.0
2025-03-25 00:00:00,DL,19,129,-23.0,-8.94,-4.01,5.99,36.97,939.0
2025-03-25 00:00:00,WN,16,240,-15.0,-5.99,-1.99,1.99,16.95,56.0
2025-03-25 00:00:00,WN,19,279,-14.0,-5.99,-2.97,4.01,36.24,139.0
2025-03-25 00:00:00,UA,21,42,-20.0,-10.07,-5.99,-1.99,12.06,81.0
2025-03-25 00:00:00,UA,18,133,-12.0,-7.03,-4.01,2.97,30.27,176.0
2025-03-25 00:00:00,DL,18,155,-20.0,-8.94,-5.0,-0.99,10.07,237.0
2025-03-25 00:00:00,AA,22,101,-15.0,-5.99,-0.99,17.99,58.56,413.0
2025-03-25 00:00:00,UA,23,34,-16.0,-8.94,-7.92,-4.01,-0.99,34.0
2025-03-25 00:00:00,AA,12,144,-16.0,-5.0,-1.99,5.99,16.95,281.0
2025-03-25 00:00:00,DL,12,164,-19.0,-7.92,-4.01,0.99,8.94,286.0
2025-03-25 00:00:00,UA,12,126,-15.0,-7.92,-5.0,-1.99,12.06,366.0
2025-03-25 00:00:00,AA,10,139,-15.0,-5.99,-4.01,2.97,21.98,276.0
2025-03-25 00:00:00,DL,10,157,-17.0,-7.03,-5.0,-2.97,7.03,130.0
2025-03-25 00:00:00,WN,18,213,-13.0,-5.99,-2.97,2.97,10.91,160.0
2025-03-25 00:00:00,UA,10,127,-15.0,-7.92,-5.99,-0.99,7.92,149.0
2025-03-25 00:00:00,DL,8,177,-16.0,-7.03,-5.0,-1.99,4.01,84.0
2025-03-25 00:00:00,UA,8,170,-15.0,-7.92,-5.99,-2.97,5.0,188.0
2025-03-25 00:00:00,DL,9,133,-13.0,-5.99,-4.01,-0.99,5.99,141.0
2025-03-25 00:00:00,UA,0,6,-6.0,-5.99,-5.99,-4.01,-2.97,27.0
2025-03-25 00:00:00,DL,7,244,-14.0,-7.92,-5.99,-0.99,7.03,147.0
2025-03-25 00:00:00,AA,0,10,-20.0,-13.07,-7.03,-5.0,-2.97,7.0
2025-03-26 00:00:00,WN,19,280,-15.0,-5.0,-2.97,4.01,22.88,193.0
2025-03-26 00:00:00,UA,23,44,-12.0,-7.92,-4.01,1.99,16.95,88.0
2025-03-26 00:00:00,DL,9,134,-14.0,-7.03,-5.0,-1.99,2.97,373.0
2025-03-26 00:00:00,AA,22,102,-13.0,-5.99,-2.97,0.99,15.03,205.0
2025-03-26 00:00:00,WN,18,218,-11.0,-4.01,-1.99,5.99,27.94,213.0
2025-03-26 00:00:00,UA,21,57,-16.0,-7.03,-2.97,10.91,67.36,126.0
2025-03-26 00:00:00,UA,0,4,-10.0,-10.0,-8.94,0.0,0.0,5.0
2025-03-26 00:00:00,DL,8,176,-13.0,-7.92,-5.0,-1.99,5.0,113.0
2025-03-26 00:00:00,UA,8,171,-17.0,-7.92,-5.0,-1.99,4.01,110.0
2025-03-26 00:00:00,DL,19,133,-17.0,-7.03,-1.99,7.92,36.97,102.0
2025-03-26 00:00:00,AA,0,9,-12.0,-7.03,-5.0,-0.99,0.99,10.0
2025-03-26 00:00:00,WN,16,240,-13.0,-4.01,-0.99,5.99,15.96,159.0
2025-03-26 00:00:00,DL,10,157,-18.0,-7.92,-5.0,-0.99,7.03,307.0
2025-03-26 00:00:00,DL,18,157,-16.0,-7.92,-4.01,4.01,27.94,137.0
2025-03-26 00:00:00,DL,7,244,-15.0,-7.92,-5.0,-2.97,0.99,788.0
2025-03-26 00:00:00,UA,18,147,-16.0,-7.03,-1.99,4.01,47.95,219.0
2025-03-26 00:00:00,AA,12,142,-13.0,-5.0,-2.97,5.99,40.86,189.0
2025-03-26 00:00:00,UA,10,126,-15.0,-7.03,-5.0,-1.99,5.99,138.0
2025-03-26 00:00:00,DL,12,164,-16.0,-7.03,-4.01,0.0,12.06,141.0
2025-03-26 00:00:00,UA,12,123,-23.0,-7.92,-5.0,-0.99,10.07,140.0
2025-03-26 00:00:00,AA,10,138,-13.0,-5.0,-1.99,2.97,19.11,312.0
2025-03-26 00:00:00,WN,11,224,-11.0,-5.0,-2.97,0.99,12.06,268.0
2025-03-27 00:00:00,AA,12,146,-11.0,-5.0,-1.99,4.01,19.89,133.0
2025-03-27 00:00:00,DL,8,180,-19.0,-7.03,-5.0,-1.99,8.94,80.0
2025-03-27 00:00:00,UA,8,173,-18.0,-7.92,-5.99,-1.99,10.91,444.0
2025-03-27 00:00:00,DL,7,246,-17.0,-7.03,-5.0,-0.99,7.03,188.0
2025-03-27 00:00:00,AA,0,9,-9.0,-5.0,-2.97,-0.99,-0.99,48.0
2025-03-27 00:00:00,UA,0,6,-5.0,-4.01,-2.97,7.03,7.92,47.0
2025-03-27 00:00:00,DL,9,134,-15.0,-7.03,-4.01,0.0,15.03,640.0
2025-03-27 00:00:00,DL,10,162,-18.0,-7.03,-4.01,-0.99,8.94,110.0
2025-03-27 00:00:00,WN,11,236,-9.0,-4.01,-0.99,2.97,12.06,65.0
2025-03-27 00:00:00,UA,12,128,-21.0,-7.03,-4.01,-0.99,7.03,97.0
2025-03-27 00:00:00,AA,10,141,-14.0,-5.99,-2.97,4.01,29.08,276.0
2025-03-27 00:00:00,UA,10,126,-16.0,-7.03,-4.01,-0.99,10.91,180.0
2025-03-27 00:00:00,WN,19,220,-13.0,-4.01,0.99,12.06,30.88,332.0
2025-03-27 00:00:00,UA,21,63,-12.0,-7.03,-1.99,4.01,16.95,137.0
2025-03-27 00:00:00,AA,22,103,-10.0,-5.0,-0.99,10.07,27.94,1406.0
2025-03-27 00:00:00,UA,23,45,-17.0,-7.92,-5.0,-0.99,17.99,206.0
2025-03-27 00:00:00,DL,19,167,-20.0,-7.03,-2.97,5.0,36.24,156.0
2025-03-27 00:00:00,DL,12,168,-15.0,-7.03,-4.01,0.99,16.95,197.0
2025-03-27 00:00:00,DL,18,172,-18.0,-7.03,-2.97,4.01,19.11,216.0
2025-03-27 00:00:00,WN,18,245,-13.0,-4.01,1.99,19.11,30.88,197.0
2025-03-27 00:00:00,WN,16,234,-10.0,-2.97,0.99,12.06,25.79,183.0
2025-03-27 00:00:00,UA,18,153,-12.0,-7.03,-2.97,5.0,22.88,379.0
2025-03-28 00:00:00,WN,11,233,-12.0,-2.97,-0.99,5.99,26.84,159.0
2025-03-28 00:00:00,DL,7,246,-18.0,-7.03,-4.01,0.0,7.03,248.0
2025-03-28 00:00:00,WN,18,248,-13.0,-5.0,0.99,15.96,47.95,246.0
2025-03-28 00:00:00,UA,0,8,-12.0,-8.94,-7.03,-4.01,-3.0,-3.0
2025-03-28 00:00:00,DL,9,134,-15.0,-7.03,-4.01,0.0,12.06,191.0
2025-03-28 00:00:00,UA,10,128,-15.0,-5.99,-2.97,8.94,40.86,195.0
2025-03-28 00:00:00,AA,10,142,-9.0,-5.0,-0.99,7.03,24.78,532.0
2025-03-28 00:00:00,DL,10,159,-15.0,-7.03,-5.0,0.0,15.96,245.0
2025-03-28 00:00:00,WN,16,233,-13.0,-2.97,1.99,17.99,45.15,246.0
2025-03-28 00:00:00,UA,18,153,-18.0,-5.99,-1.99,10.07,34.13,247.0
2025-03-28 00:00:00,DL,18,165,-22.0,-7.03,-1.99,8.94,32.79,236.0
2025-03-28 00:00:00,AA,0,10,-9.0,-7.03,-5.99,-1.99,-0.99,3.0
2025-03-28 00:00:00,UA,8,173,-18.0,-7.03,-4.01,0.0,19.11,417.0
2025-03-28 00:00:00,WN,19,219,-10.0,-2.97,0.0,15.03,51.94,220.0
2025-03-28 00:00:00,UA,12,128,-13.0,-5.99,-2.97,2.97,21.12,291.0
2025-03-28 00:00:00,AA,12,145,-12.0,-5.0,-0.99,8.94,23.81,227.0
2025-03-28 00:00:00,DL,19,169,-20.0,-5.99,-1.99,7.92,36.24,151.0
2025-03-28 00:00:00,DL,8,182,-12.0,-7.03,-5.0,-0.99,13.07,758.0
2025-03-28 00:00:00,UA,23,47,-15.0,-7.92,-5.0,0.0,4.01,52.0
2025-03-28 00:00:00,DL,12,167,-17.0,-7.03,-4.01,4.01,15.03,195.0
2025-03-28 00:00:00,UA,21,62,-14.0,-5.99,-2.97,1.99,17.99,60.0
2025-03-28 00:00:00,AA,22,102,-13.0,-5.0,-1.99,7.03,21.98,534.0
2025-03-29 00:00:00,WN,16,203,-11.0,-4.01,0.0,10.91,50.91,232.0
2025-03-29 00:00:00,UA,23,41,-10.0,-5.99,-0.99,7.92,19.89,271.0
2025-03-29 00:00:00,DL,10,126,-19.0,-7.92,-5.99,-0.99,7.03,72.0
2025-03-29 00:00:00,WN,19,223,-15.0,-5.0,0.0,25.79,85.64,330.0
2025-03-29 00:00:00,WN,11,224,-10.0,-5.0,-1.99,1.99,10.91,90.0
2025-03-29 00:00:00,UA,12,107,-15.0,-7.92,-5.0,-1.99,23.81,233.0
2025-03-29 00:00:00,AA,22,99,-13.0,-5.0,0.0,21.12,57.4,620.0
2025-03-29 00:00:00,DL,19,86,-15.0,-7.03,-2.97,7.92,47.95,157.0
2025-03-29 00:00:00,DL,9,138,-14.0,-5.99,-4.01,0.0,12.06,217.0
2025-03-29 00:00:00,AA,10,124,-18.0,-5.99,-2.97,5.0,24.78,347.0
2025-03-29 00:00:00,DL,7,217,-15.0,-7.92,-5.0,-1.99,5.0,101.0
2025-03-29 00:00:00,UA,18,129,-16.0,-5.99,-1.99,15.96,48.91,202.0
2025-03-29 00:00:00,AA,12,128,-13.0,-5.99,-1.99,15.96,70.11,546.0
2025-03-29 00:00:00,DL,18,137,-18.0,-7.03,-2.97,8.94,43.38,213.0
2025-03-29 00:00:00,WN,18,225,-15.0,-5.0,-0.99,15.03,46.07,275.0
2025-03-29 00:00:00,DL,8,163,-15.0,-7.03,-5.0,-2.97,2.97,203.0
2025-03-29 00:00:00,DL,12,143,-15.0,-7.92,-5.0,-0.99,15.03,258.0
2025-03-29 00:00:00,UA,8,155,-14.0,-7.92,-5.99,-2.97,2.97,205.0
2025-03-29 00:00:00,AA,0,10,-10.0,-5.99,-2.97,2.97,183.12,487.0
2025-03-29 00:00:00,UA,10,115,-13.0,-7.03,-4.01,-0.99,10.91,71.0
2025-03-29 00:00:00,UA,21,50,-12.0,-5.0,0.99,16.95,34.13,140.0
2025-03-29 00:00:00,UA,0,7,-7.0,-7.0,-5.99,-2.97,-1.99,-1.0
2025-03-30 00:00:00,DL,8,185,-15.0,-7.03,-4.01,-0.99,7.03,314.0
2025-03-30 00:00:00,UA,0,7,-9.0,-5.0,-0.99,-0.99,13.07,23.0
2025-03-30 00:00:00,DL,12,159,-15.0,-5.99,-2.97,7.92,32.14,350.0
2025-03-30 00:00:00,UA,8,157,-16.0,-5.99,-2.97,0.99,15.96,167.0
2025-03-30 00:00:00,DL,9,132,-15.0,-5.99,-2.97,2.97,15.96,565.0
2025-03-30 00:00:00,AA,0,9,-8.0,-5.0,-4.01,5.99,13.07,39.0
2025-03-30 00:00:00,UA,21,64,-9.0,2.97,30.88,63.44,111.06,240.0
2025-03-30 00:00:00,AA,22,89,-9.0,-0.99,10.91,37.72,96.55,471.0
2025-03-30 00:00:00,UA,23,39,-10.0,-0.99,7.92,41.68,80.65,191.0
2025-03-30 00:00:00,WN,18,219,-15.0,4.01,34.13,79.05,149.92,384.0
2025-03-30 00:00:00,WN,19,235,-13.0,5.0,32.14,82.28,152.95,430.0
2025-03-30 00:00:00,DL,19,163,-18.0,-1.99,19.89,77.49,175.94,927.0
2025-03-30 00:00:00,WN,16,229,-11.0,2.97,17.99,63.44,149.92,646.0
2025-03-30 00:00:00,AA,10,137,-13.0,-5.0,-1.99,5.99,51.94,404.0
2025-03-30 00:00:00,UA,18,139,-9.0,-0.99,30.27,117.93,175.94,847.0
2025-03-30 00:00:00,DL,18,162,-19.0,-0.99,10.07,58.56,125.22,1094.0
2025-03-30 00:00:00,DL,10,157,-17.0,-5.99,-5.0,0.0,19.89,312.0
2025-03-30 00:00:00,UA,12,109,-11.0,-5.0,-0.99,17.99,50.91,344.0
2025-03-30 00:00:00,UA,10,126,-14.0,-5.0,-0.99,10.91,34.82,97.0
2025-03-30 00:00:00,AA,12,138,-12.0,-4.01,1.99,26.84,75.95,1170.0
2025-03-30 00:00:00,WN,11,218,-17.0,-2.97,2.97,15.96,39.25,202.0
2025-03-30 00:00:00,DL,7,247,-14.0,-7.03,-4.01,0.0,10.91,822.0
2025-03-31 00:00:00,AA,12,141,-12.0,-0.99,8.94,45.15,80.65,315.0
2025-03-31 00:00:00,WN,16,221,-9.0,4.01,23.81,72.97,132.97,478.0
2025-03-31 00:00:00,AA,0,9,-7.0,-5.0,-0.99,1.99,10.07,68.0
2025-03-31 00:00:00,DL,7,239,-15.0,-5.99,-2.97,4.01,59.75,640.0
2025-03-31 00:00:00,DL,8,179,-14.0,-5.99,-1.99,7.03,49.9,489.0
2025-03-31 00:00:00,UA,8,160,-12.0,-5.99,-4.01,0.99,34.13,451.0
2025-03-31 00:00:00,DL,9,132,-15.0,-5.0,-0.99,17.99,44.26,432.0
2025-03-31 00:00:00,AA,10,140,-11.0,-2.97,1.99,23.81,70.11,474.0
2025-03-31 00:00:00,DL,10,155,-14.0,-5.0,0.99,26.84,60.95,445.0
2025-03-31 00:00:00,UA,10,130,-11.0,-5.0,-0.99,13.87,58.56,154.0
2025-03-31 00:00:00,DL,18,153,-17.0,13.87,55.15,115.6,223.66,446.0
2025-03-31 00:00:00,WN,11,232,-10.0,-1.99,4.01,25.79,67.36,489.0
2025-03-31 00:00:00,WN,19,204,-10.0,1.99,23.81,71.53,159.19,399.0
2025-03-31 00:00:00,DL,19,138,-15.0,13.07,67.36,141.19,194.44,371.0
2025-03-31 00:00:00,UA,21,52,-9.0,1.99,16.95,77.49,117.93,411.0
2025-03-31 00:00:00,UA,23,34,-16.0,-5.0,0.0,24.78,89.13,188.0
2025-03-31 00:00:00,AA,22,83,-13.0,-0.99,15.03,47.0,96.55,369.0
2025-03-31 00:00:00,WN,18,232,-14.0,0.99,21.12,66.03,117.93,453.0
2025-03-31 00:00:00,UA,18,129,-11.0,-0.99,16.95,80.65,169.04,430.0
2025-03-31 00:00:00,UA,0,9,-13.0,0.0,0.99,7.03,30.88,96.0
2025-03-31 00:00:00,DL,12,162,-13.0,-2.97,7.03,62.18,141.19,484.0
2025-03-31 00:00:00,UA,12,115,-14.0,-4.01,-0.99,15.96,56.27,359.0
2025-04-01 00:00:00,AA,0,9,-8.0,-1.99,15.03,47.0,67.36,103.0
2025-04-01 00:00:00,UA,21,39,-16.0,-10.07,-5.99,-2.97,0.0,7.0
2025-04-01 00:00:00,DL,10,151,-15.0,-5.0,-0.99,15.96,36.97,146.0
2025-04-01 00:00:00,UA,10,129,-12.0,-5.99,-2.97,2.97,22.88,194.0
2025-04-01 00:00:00,DL,8,169,-14.0,-5.0,-1.99,19.11,56.27,233.0
2025-04-01 00:00:00,UA,0,8,-7.0,-7.0,-5.0,-0.99,40.05,590.0
2025-04-01 00:00:00,AA,10,138,-14.0,-5.0,-1.99,12.06,63.44,556.0
2025-04-01 00:00:00,UA,8,159,-14.0,-7.03,-4.01,0.0,10.07,130.0
2025-04-01 00:00:00,DL,9,131,-14.0,-4.01,0.0,15.96,56.27,398.0
2025-04-01 00:00:00,DL,7,217,-19.0,-7.03,-2.97,4.01,52.99,580.0
2025-04-01 00:00:00,WN,11,225,-12.0,-4.01,0.0,12.06,27.94,200.0
2025-04-01 00:00:00,AA,12,145,-24.0,-4.01,-0.99,13.87,40.86,153.0
2025-04-01 00:00:00,DL,12,162,-11.0,-5.0,0.99,19.11,57.4,578.0
2025-04-01 00:00:00,UA,12,116,-17.0,-7.03,-4.01,0.0,10.07,98.0
2025-04-01 00:00:00,DL,18,157,-21.0,-5.99,-1.99,15.96,47.95,192.0
2025-04-01 00:00:00,WN,18,216,-13.0,-5.0,-0.99,12.06,27.94,80.0
2025-04-01 00:00:00,AA,22,100,-15.0,-5.0,-2.97,5.99,34.13,90.0
2025-04-01 00:00:00,DL,19,132,-17.0,-5.0,2.97,22.88,47.0,804.0
2025-04-01 00:00:00,WN,16,236,-11.0,-5.0,0.0,10.91,30.27,127.0
2025-04-01 00:00:00,WN,19,270,-15.0,-5.0,-0.99,10.91,34.13,233.0
2025-04-01 00:00:00,UA,23,32,-14.0,-10.07,-7.03,-4.01,0.0,67.0
2025-04-01 00:00:00,UA,18,120,-17.0,-7.03,-2.97,5.0,22.88,126.0
2025-04-02 00:00:00,DL,19,134,-23.0,-7.03,-2.97,13.07,44.26,473.0
2025-04-02 00:00:00,UA,23,37,-15.0,-5.99,-1.99,15.96,29.08,103.0
2025-04-02 00:00:00,AA,10,135,-14.0,-4.01,1.99,41.68,125.22,1326.0
2025-04-02 00:00:00,AA,22,90,-10.0,-2.97,10.91,32.14,82.28,384.0
2025-04-02 00:00:00,UA,0,7,-10.0,-8.94,-7.03,-7.03,-2.97,11.0
2025-04-02 00:00:00,UA,21,52,-12.0,-5.99,0.0,70.11,125.22,190.0
2025-04-02 00:00:00,WN,19,276,-14.0,-4.01,8.94,39.25,80.65,300.0
2025-04-02 00:00:00,DL,10,153,-20.0,-5.99,-2.97,12.06,36.97,218.0
2025-04-02 00:00:00,DL,9,135,-15.0,-5.0,-2.97,1.99,22.88,227.0
2025-04-02 00:00:00,DL,18,156,-21.0,-5.0,2.97,27.94,52.99,355.0
2025-04-02 00:00:00,WN,18,216,-10.0,-1.99,10.07,39.25,74.45,331.0
2025-04-02 00:00:00,UA,18,118,-12.0,-5.99,-0.99,30.27,125.22,1093.0
2025-04-02 00:00:00,AA,12,140,-20.0,-2.97,17.99,57.4,122.75,315.0
2025-04-02 00:00:00,DL,7,245,-21.0,-7.03,-2.97,0.99,25.79,345.0
2025-04-02 00:00:00,WN,16,237,-15.0,-1.99,13.07,39.25,80.65,308.0
2025-04-02 00:00:00,DL,8,176,-19.0,-7.03,-5.0,-0.99,7.92,558.0
2025-04-02 00:00:00,UA,8,157,-18.0,-7.03,-2.97,0.99,127.75,371.0
2025-04-02 00:00:00,UA,10,127,-16.0,-5.0,1.99,68.72,198.37,426.0
2025-04-02 00:00:00,WN,11,221,-11.0,-2.97,0.0,16.95,54.06,319.0
2025-04-02 00:00:00,UA,12,118,-14.0,-5.0,0.99,43.38,162.41,297.0
2025-04-02 00:00:00,AA,0,8,-9.0,-7.92,-5.99,-4.01,-2.97,52.0
2025-04-02 00:00:00,DL,12,165,-14.0,-5.99,-1.99,15.03,43.38,285.0
2025-04-03 00:00:00,UA,12,122,-11.0,-5.99,-0.99,7.92,29.08,176.0
2025-04-03 00:00:00,DL,9,132,-12.0,-5.0,-1.99,7.03,27.94,364.0
2025-04-03 00:00:00,DL,19,171,-20.0,-4.01,7.03,30.27,82.28,907.0
2025-04-03 00:00:00,WN,19,219,-11.0,-0.99,13.07,63.44,122.75,324.0
2025-04-03 00:00:00,UA,8,157,-16.0,-5.99,-4.01,1.99,25.79,168.0
2025-04-03 00:00:00,WN,11,233,-11.0,-2.97,1.99,12.06,32.14,471.0
2025-04-03 00:00:00,AA,12,142,-13.0,-2.97,7.03,29.08,60.95,260.0
2025-04-03 00:00:00,UA,0,7,-10.0,-10.0,-2.97,4.01,10.91,60.0
2025-04-03 00:00:00,DL,8,177,-14.0,-5.99,-4.01,2.97,15.96,408.0
2025-04-03 00:00:00,WN,16,235,-10.0,0.0,10.91,39.25,92.77,325.0
2025-04-03 00:00:00,AA,0,7,-7.0,-5.99,-0.99,-0.99,7.92,57.0
2025-04-03 00:00:00,DL,7,249,-17.0,-5.99,-2.97,0.99,12.06,654.0
2025-04-03 00:00:00,WN,18,247,-13.0,1.99,19.11,47.0,92.77,306.0
2025-04-03 00:00:00,DL,18,167,-17.0,-2.97,7.92,36.24,71.53,328.0
2025-04-03 00:00:00,UA,18,143,-20.0,-4.01,1.99,23.81,74.45,234.0
2025-04-03 00:00:00,AA,10,129,-10.0,-2.97,2.97,29.08,60.95,354.0
2025-04-03 00:00:00,UA,10,130,-16.0,-5.99,-2.97,10.07,34.82,280.0
2025-04-03 00:00:00,DL,10,158,-16.0,-5.99,-4.01,5.0,29.08,224.0
2025-04-03 00:00:00,UA,21,59,-9.0,-5.0,0.0,17.99,50.91,121.0
2025-04-03 00:00:00,DL,12,166,-14.0,-4.01,0.0,10.91,50.91,566.0
2025-04-03 00:00:00,AA,22,100,-9.0,-1.99,5.0,34.82,89.13,564.0
2025-04-03 00:00:00,UA,23,36,-11.0,-5.99,-2.97,8.94,37.72,92.0
2025-04-04 00:00:00,DL,8,180,-13.0,-5.99,-2.97,0.99,15.03,219.0
2025-04-04 00:00:00,WN,18,248,-14.0,2.97,22.88,67.36,113.31,265.0
2025-04-04 00:00:00,AA,22,113,-10.0,-2.97,10.07,50.91,94.64,449.0
2025-04-04 00:00:00,WN,19,220,-15.0,-0.99,15.03,62.18,106.71,290.0
2025-04-04 00:00:00,UA,23,35,-14.0,-5.99,-1.99,5.99,21.98,75.0
2025-04-04 00:00:00,DL,18,165,-21.0,-5.99,-0.99,16.95,49.9,245.0
2025-04-04 00:00:00,DL,19,171,-28.0,-7.03,-1.99,8.94,44.26,134.0
2025-04-04 00:00:00,UA,21,61,-18.0,-7.03,-2.97,7.92,21.12,162.0
2025-04-04 00:00:00,UA,0,8,-11.0,-8.94,-1.99,-0.99,13.07,32.0
2025-04-04 00:00:00,AA,12,147,-15.0,-1.99,5.0,26.84,68.72,442.0
2025-04-04 00:00:00,WN,16,236,-9.0,0.99,19.89,58.56,117.93,302.0
2025-04-04 00:00:00,UA,8,165,-14.0,-5.99,-2.97,0.99,26.84,992.0
2025-04-04 00:00:00,DL,12,167,-13.0,-5.0,-0.99,10.91,32.79,132.0
2025-04-04 00:00:00,UA,18,143,-15.0,-5.99,0.0,19.89,66.03,187.0
2025-04-04 00:00:00,UA,12,122,-11.0,-5.99,-2.97,1.99,13.87,133.0
2025-04-04 00:00:00,WN,11,233,-10.0,-0.99,4.01,19.89,58.56,141.0
2025-04-04 00:00:00,DL,9,133,-12.0,-5.99,-2.97,7.03,19.89,203.0
2025-04-04 00:00:00,UA,10,133,-15.0,-7.03,-4.01,0.99,12.06,133.0
2025-04-04 00:00:00,AA,10,156,-12.0,-4.01,0.99,24.78,67.36,427.0
2025-04-04 00:00:00,DL,7,247,-15.0,-7.03,-2.97,0.0,17.99,480.0
2025-04-04 00:00:00,DL,10,158,-13.0,-5.0,-0.99,5.99,22.88,138.0
2025-04-04 00:00:00,AA,0,8,-11.0,-7.03,-1.99,2.97,5.99,22.0
2025-04-05 00:00:00,UA,0,8,-13.0,-10.07,-4.01,0.0,1.99,3.0
2025-04-05 00:00:00,UA,12,112,-12.0,-5.0,-2.97,5.0,25.79,341.0
2025-04-05 00:00:00,UA,18,117,-12.0,-5.0,4.01,40.05,113.31,774.0
2025-04-05 00:00:00,WN,11,219,-9.0,-2.97,2.97,17.99,36.97,174.0
2025-04-05 00:00:00,DL,7,220,-18.0,-7.03,-4.01,0.0,19.11,1040.0
2025-04-05 00:00:00,AA,0,9,-9.0,-0.99,0.0,13.87,21.12,168.0
2025-04-05 00:00:00,WN,16,201,-13.0,-2.97,5.0,25.79,59.75,256.0
2025-04-05 00:00:00,AA,12,117,-15.0,-2.97,2.97,56.27,106.71,566.0
2025-04-05 00:00:00,DL,18,135,-17.0,-5.0,0.0,22.88,64.72,277.0
2025-04-05 00:00:00,WN,18,223,-14.0,-2.97,7.92,34.13,77.49,390.0
2025-04-05 00:00:00,DL,12,145,-17.0,-7.03,-1.99,7.03,40.86,170.0
2025-04-05 00:00:00,UA,21,41,-10.0,-5.99,-0.99,17.99,58.56,168.0
2025-04-05 00:00:00,AA,10,117,-21.0,-4.01,0.99,37.72,106.71,264.0
2025-04-05 00:00:00,UA,10,106,-13.0,-5.0,-1.99,5.0,26.84,222.0
2025-04-05 00:00:00,DL,10,126,-16.0,-5.99,-4.01,5.0,34.13,205.0
2025-04-05 00:00:00,AA,22,79,-13.0,-4.01,7.03,30.27,77.49,234.0
2025-04-05 00:00:00,UA,23,33,-14.0,-7.03,-4.01,1.99,17.99,50.0
2025-04-05 00:00:00,DL,9,136,-15.0,-7.03,-4.01,4.01,30.27,212.0
2025-04-05 00:00:00,DL,19,86,-24.0,-5.0,0.0,32.79,87.37,753.0
2025-04-05 00:00:00,WN,19,219,-15.0,-4.01,2.97,29.08,67.36,354.0
2025-04-05 00:00:00,DL,8,160,-13.0,-7.03,-4.01,-0.99,10.07,438.0
2025-04-05 00:00:00,UA,8,154,-15.0,-7.03,-4.01,-0.99,17.99,223.0
2025-04-06 00:00:00,DL,10,150,-15.0,-5.99,-1.99,4.01,44.26,418.0
2025-04-06 00:00:00,DL,12,157,-17.0,-5.0,-0.99,25.79,89.13,338.0
2025-04-06 00:00:00,AA,12,150,-16.0,-4.01,0.0,19.11,55.15,575.0
2025-04-06 00:00:00,AA,0,8,-11.0,-7.92,-5.0,5.99,15.96,30.0
2025-04-06 00:00:00,UA,23,36,-14.0,-7.92,-5.0,-0.99,5.0,14.0
2025-04-06 00:00:00,WN,11,220,-15.0,-2.97,0.99,15.03,56.27,278.0
2025-04-06 00:00:00,UA,12,116,-12.0,-5.0,-1.99,1.99,37.72,722.0
2025-04-06 00:00:00,UA,21,62,-15.0,-5.99,-1.99,1.99,16.95,78.0
2025-04-06 00:00:00,WN,16,236,-13.0,0.99,10.07,34.82,82.28,291.0
2025-04-06 00:00:00,DL,18,148,-13.0,-0.99,36.24,120.31,175.94,438.0
2025-04-06 00:00:00,UA,18,144,-11.0,-5.0,0.0,13.87,41.68,224.0
2025-04-06 00:00:00,WN,18,230,-14.0,0.0,10.91,36.24,79.05,343.0
2025-04-06 00:00:00,DL,19,157,-11.0,1.99,63.44,117.93,198.37,859.0
2025-04-06 00:00:00,WN,19,242,-10.0,-0.99,10.07,34.82,67.36,246.0
2025-04-06 00:00:00,DL,9,129,-14.0,-5.99,-2.97,5.99,30.88,813.0
2025-04-06 00:00:00,AA,10,158,-10.0,-4.01,-0.99,10.07,43.38,484.0
2025-04-06 00:00:00,UA,0,7,-7.0,-7.0,-2.97,-1.99,0.0,2.0
2025-04-06 00:00:00,DL,7,247,-16.0,-5.99,-2.97,0.99,22.88,1025.0
2025-04-06 00:00:00,UA,8,162,-13.0,-7.03,-5.0,-1.99,12.06,426.0
2025-04-06 00:00:00,DL,8,181,-20.0,-7.03,-5.0,-0.99,5.99,99.0
2025-04-06 00:00:00,AA,22,115,-10.0,-4.01,15.96,30.88,57.4,249.0
2025-04-06 00:00:00,UA,10,126,-11.0,-5.0,-1.99,1.99,23.81,255.0
2025-04-07 00:00:00,WN,19,219,-12.0,-5.0,-1.99,13.07,39.25,175.0
2025-04-07 00:00:00,AA,12,149,-14.0,-5.0,-0.99,17.99,40.05,236.0
2025-04-07 00:00:00,DL,19,168,-17.0,-0.99,16.95,50.91,96.55,208.0
2025-04-07 00:00:00,DL,18,166,-22.0,-1.99,15.03,60.95,96.55,364.0
2025-04-07 00:00:00,WN,16,238,-14.0,-2.97,0.0,13.87,36.97,237.0
2025-04-07 00:00:00,WN,18,247,-14.0,-4.01,0.0,10.91,26.84,208.0
2025-04-07 00:00:00,UA,18,138,-16.0,-5.0,-0.99,16.95,59.75,198.0
2025-04-07 00:00:00,DL,12,164,-19.0,-1.99,10.91,34.13,104.6,677.0
2025-04-07 00:00:00,AA,0,9,-10.0,-5.99,-5.0,0.99,4.01,63.0
2025-04-07 00:00:00,UA,12,121,-15.0,-5.0,-2.97,5.0,21.98,206.0
2025-04-07 00:00:00,UA,21,54,-13.0,-7.92,-2.97,0.99,44.26,90.0
2025-04-07 00:00:00,AA,22,115,-12.0,-5.0,1.99,24.78,66.03,1427.0
2025-04-07 00:00:00,UA,23,34,-14.0,-10.07,-7.92,-4.01,7.92,36.0
2025-04-07 00:00:00,DL,10,155,-14.0,-2.97,12.06,44.26,74.45,327.0
2025-04-07 00:00:00,UA,0,8,-14.0,-10.07,-7.03,-5.0,-1.99,-1.0
2025-04-07 00:00:00,UA,10,133,-12.0,-5.99,-2.97,1.99,16.95,130.0
2025-04-07 00:00:00,WN,11,235,-12.0,-2.97,0.0,8.94,29.08,311.0
2025-04-07 00:00:00,AA,10,157,-10.0,-5.0,-0.99,8.94,36.24,115.0
2025-04-07 00:00:00,DL,7,238,-17.0,-5.99,-1.99,8.94,44.26,640.0
2025-04-07 00:00:00,DL,8,174,-15.0,-4.01,0.0,19.11,58.56,653.0
2025-04-07 00:00:00,DL,9,133,-11.0,-4.01,5.99,34.13,74.45,242.0
2025-04-07 00:00:00,UA,8,164,-14.0,-7.03,-5.0,-1.99,2.97,127.0
2025-04-08 00:00:00,AA,12,141,-13.0,-5.99,-1.99,10.91,51.94,1242.0
2025-04-08 00:00:00,DL,10,152,-17.0,-7.92,-5.0,0.0,12.06,142.0
2025-04-08 00:00:00,WN,16,226,-10.0,-5.0,-1.99,2.97,19.89,287.0
2025-04-08 00:00:00,WN,19,246,-18.0,-7.03,-2.97,2.97,17.99,170.0
2025-04-08 00:00:00,UA,0,8,-10.0,-10.0,-4.01,-2.97,2.97,6.0
2025-04-08 00:00:00,AA,0,9,-14.0,-10.91,-7.92,-2.97,21.12,39.0
2025-04-08 00:00:00,DL,7,245,-19.0,-7.92,-5.0,0.0,13.87,123.0
2025-04-08 00:00:00,DL,8,172,-16.0,-7.03,-5.0,-0.99,7.92,590.0
2025-04-08 00:00:00,UA,8,161,-16.0,-7.92,-5.99,-1.99,1.99,243.0
2025-04-08 00:00:00,DL,9,132,-16.0,-7.03,-5.0,-0.99,4.01,70.0
2025-04-08 00:00:00,AA,10,151,-14.0,-5.99,-2.97,4.01,37.72,819.0
2025-04-08 00:00:00,WN,11,224,-13.0,-5.0,-1.99,2.97,15.03,313.0
2025-04-08 00:00:00,DL,12,162,-19.0,-5.99,-2.97,2.97,26.84,315.0
2025-04-08 00:00:00,UA,10,130,-12.0,-7.03,-5.99,-2.97,0.0,199.0
2025-04-08 00:00:00,UA,21,39,-15.0,-10.07,-5.99,-0.99,15.96,97.0
2025-04-08 00:00:00,UA,23,32,-19.0,-10.07,-7.92,-5.99,-1.99,41.0
2025-04-08 00:00:00,DL,18,154,-18.0,-7.03,-0.99,16.95,74.45,330.0
2025-04-08 00:00:00,UA,18,120,-15.0,-7.92,-4.01,1.99,49.9,272.0
2025-04-08 00:00:00,AA,22,100,-19.0,-7.03,-4.01,5.99,34.13,434.0
2025-04-08 00:00:00,WN,18,253,-14.0,-5.99,-2.97,2.97,22.88,237.0
2025-04-08 00:00:00,DL,19,132,-23.0,-5.99,1.99,55.15,135.65,352.0
2025-04-08 00:00:00,UA,12,118,-15.0,-7.03,-5.99,-1.99,7.03,69.0
2025-04-09 00:00:00,AA,0,6,-12.0,-7.92,-5.0,-2.97,-1.99,2.0
2025-04-09 00:00:00,UA,0,7,-12.0,-7.92,-7.03,-1.99,0.0,0.0
2025-04-09 00:00:00,AA,22,110,-12.0,-5.0,-2.97,10.07,32.14,126.0
2025-04-09 00:00:00,WN,16,227,-15.0,-5.0,-0.99,4.01,17.99,82.0
2025-04-09 00:00:00,DL,18,154,-20.0,-7.03,-2.97,0.99,13.87,235.0
2025-04-09 00:00:00,UA,18,139,-14.0,-7.03,-2.97,0.99,24.78,261.0
2025-04-09 00:00:00,WN,18,253,-14.0,-5.0,-0.99,5.0,15.96,77.0
2025-04-09 00:00:00,WN,19,245,-13.0,-5.0,-1.99,4.01,17.99,74.0
2025-04-09 00:00:00,DL,19,135,-18.0,-7.03,-4.01,1.99,16.95,132.0
2025-04-09 00:00:00,AA,12,145,-13.0,-5.0,-1.99,1.99,15.03,159.0
2025-04-09 00:00:00,UA,12,119,-13.0,-7.03,-4.01,-0.99,5.99,74.0
2025-04-09 00:00:00,UA,23,37,-17.0,-10.07,-2.97,-1.99,1.99,32.0
2025-04-09 00:00:00,DL,9,135,-13.0,-7.03,-5.0,-0.99,5.0,93.0
2025-04-09 00:00:00,DL,12,162,-17.0,-7.03,-2.97,1.99,10.91,260.0
2025-04-09 00:00:00,DL,7,245,-16.0,-7.03,-4.01,0.0,12.06,605.0
2025-04-09 00:00:00,AA,10,154,-12.0,-5.99,-2.97,2.97,24.78,174.0
2025-04-09 00:00:00,WN,11,226,-12.0,-5.0,-0.99,5.0,17.99,172.0
2025-04-09 00:00:00,DL,10,152,-17.0,-7.92,-5.0,-0.99,5.99,150.0
2025-04-09 00:00:00,UA,10,131,-16.0,-7.03,-4.01,-0.99,12.06,460.0
2025-04-09 00:00:00,DL,8,177,-16.0,-7.03,-4.01,-0.99,8.94,478.0
2025-04-09 00:00:00,UA,21,56,-14.0,-7.92,-5.0,-1.99,10.91,66.0
2025-04-09 00:00:00,UA,8,160,-16.0,-7.92,-5.0,-1.99,1.99,272.0
2025-04-10 00:00:00,WN,19,252,-14.0,-1.99,5.0,21.98,49.9,311.0
2025-04-10 00:00:00,DL,9,132,-15.0,-5.99,-2.97,0.0,8.94,185.0
2025-04-10 00:00:00,UA,10,133,-17.0,-7.03,-5.0,-0.99,10.91,92.0
2025-04-10 00:00:00,AA,10,159,-13.0,-5.0,-1.99,5.99,19.89,183.0
2025-04-10 00:00:00,WN,11,246,-10.0,-2.97,0.0,10.91,30.88,189.0
2025-04-10 00:00:00,DL,12,165,-18.0,-7.03,-2.97,5.0,34.82,289.0
2025-04-10 00:00:00,UA,12,121,-11.0,-7.03,-2.97,-0.99,5.0,78.0
2025-04-10 00:00:00,AA,12,149,-12.0,-4.01,-0.99,5.99,30.88,1859.0
2025-04-10 00:00:00,DL,10,158,-15.0,-7.03,-4.01,0.0,13.87,439.0
2025-04-10 00:00:00,AA,0,8,-8.0,-7.92,-5.99,-2.97,-1.99,13.0
2025-04-10 00:00:00,DL,8,177,-15.0,-5.99,-4.01,0.0,8.94,253.0
2025-04-10 00:00:00,UA,8,163,-15.0,-7.03,-5.0,-1.99,5.0,307.0
2025-04-10 00:00:00,UA,0,7,-8.0,-7.03,0.0,10.91,29.08,97.0
2025-04-10 00:00:00,DL,7,248,-17.0,-7.03,-4.01,-0.99,2.97,232.0
2025-04-10 00:00:00,WN,18,273,-12.0,-0.99,7.92,23.81,55.15,283.0
2025-04-10 00:00:00,UA,23,38,-15.0,-7.03,-5.0,-1.99,5.99,113.0
2025-04-10 00:00:00,DL,19,163,-19.0,-5.0,2.97,43.38,156.04,465.0
2025-04-10 00:00:00,UA,21,60,-11.0,-5.99,-2.97,5.99,25.79,119.0
2025-04-10 00:00:00,WN,16,226,-10.0,-0.99,5.99,17.99,32.14,136.0
2025-04-10 00:00:00,AA,22,115,-11.0,-2.97,4.01,23.81,50.91,712.0
2025-04-10 00:00:00,DL,18,148,-22.0,-5.0,-0.99,10.07,50.91,245.0
2025-04-10 00:00:00,UA,18,140,-14.0,-5.0,-1.99,7.03,21.12,97.0
2025-04-11 00:00:00,WN,19,253,-15.0,-1.99,5.99,30.27,59.75,218.0
2025-04-11 00:00:00,DL,12,163,-14.0,-5.0,-0.99,15.96,48.91,301.0
2025-04-11 00:00:00,UA,18,142,-14.0,-7.03,-2.97,13.07,52.99,260.0
2025-04-11 00:00:00,UA,21,61,-13.0,-5.99,-2.97,1.99,19.11,93.0
2025-04-11 00:00:00,AA,22,114,-12.0,-4.01,1.99,13.87,49.9,352.0
2025-04-11 00:00:00,UA,23,35,-17.0,-7.03,-5.0,-0.99,8.94,127.0
2025-04-11 00:00:00,UA,12,121,-12.0,-7.03,-4.01,0.99,10.91,94.0
2025-04-11 00:00:00,WN,16,229,-12.0,-1.99,4.01,19.89,47.0,195.0
2025-04-11 00:00:00,WN,18,275,-14.0,-2.97,2.97,21.12,47.95,216.0
2025-04-11 00:00:00,DL,18,164,-16.0,-4.01,7.03,26.84,63.44,231.0
2025-04-11 00:00:00,UA,10,132,-15.0,-5.99,-4.01,-0.99,5.99,102.0
2025-04-11 00:00:00,DL,19,168,-17.0,-4.01,0.99,23.81,55.15,301.0
2025-04-11 00:00:00,DL,10,154,-13.0,-5.0,-0.99,7.03,30.27,271.0
2025-04-11 00:00:00,WN,11,246,-9.0,-2.97,0.99,13.07,34.13,186.0
2025-04-11 00:00:00,DL,7,236,-15.0,-5.99,-2.97,0.99,19.11,560.0
2025-04-11 00:00:00,AA,10,159,-10.0,-4.01,-0.99,13.07,46.07,219.0
2025-04-11 00:00:00,DL,8,171,-14.0,-5.99,-2.97,2.97,30.27,186.0
2025-04-11 00:00:00,UA,8,163,-13.0,-7.03,-5.0,-0.99,2.97,408.0
2025-04-11 00:00:00,DL,9,127,-13.0,-5.0,-1.99,12.06,54.06,178.0
2025-04-11 00:00:00,AA,0,9,-14.0,-7.03,-4.01,-0.99,7.03,181.0
2025-04-11 00:00:00,AA,12,151,-13.0,-4.01,0.0,16.95,45.15,273.0
2025-04-11 00:00:00,UA,0,8,-14.0,-8.94,-5.0,-1.99,-0.99,6.0
2025-04-12 00:00:00,DL,9,138,-15.0,-5.99,-2.97,2.97,30.88,343.0
2025-04-12 00:00:00,UA,23,34,-14.0,-8.94,-5.99,-1.99,13.87,141.0
2025-04-12 00:00:00,DL,10,125,-15.0,-7.03,-4.01,0.0,26.84,263.0
2025-04-12 00:00:00,AA,10,144,-13.0,-7.03,-2.97,1.99,21.12,205.0
2025-04-12 00:00:00,UA,10,109,-17.0,-7.03,-4.01,0.0,13.07,519.0
2025-04-12 00:00:00,DL,8,155,-19.0,-5.0,-1.99,0.99,10.91,80.0
2025-04-12 00:00:00,DL,7,220,-15.0,-7.03,-4.01,0.0,15.03,290.0
2025-04-12 00:00:00,UA,8,155,-16.0,-7.92,-5.0,-1.99,5.0,253.0
2025-04-12 00:00:00,AA,0,9,-9.0,-7.03,-5.0,-4.01,-1.99,18.0
2025-04-12 00:00:00,UA,0,8,-16.0,-8.94,-7.92,-5.99,-5.0,-3.0
2025-04-12 00:00:00,WN,19,160,-15.0,-5.0,0.0,8.94,24.78,86.0
2025-04-12 00:00:00,UA,18,117,-22.0,-7.92,-4.01,1.99,24.78,173.0
2025-04-12 00:00:00,DL,19,87,-17.0,-7.03,-2.97,0.99,29.08,166.0
2025-04-12 00:00:00,UA,21,42,-12.0,-7.92,-4.01,1.99,15.03,48.0
2025-04-12 00:00:00,AA,22,79,-13.0,-5.0,-1.99,2.97,21.12,430.0
2025-04-12 00:00:00,WN,18,263,-13.0,-5.0,-1.99,5.0,23.81,178.0
2025-04-12 00:00:00,DL,18,133,-19.0,-7.03,-2.97,10.07,22.88,123.0
2025-04-12 00:00:00,WN,16,232,-12.0,-4.01,-0.99,7.92,22.88,101.0
2025-04-12 00:00:00,WN,11,201,-9.0,-4.01,-0.99,4.01,17.99,110.0
2025-04-12 00:00:00,AA,12,131,-11.0,-5.99,-4.01,0.0,17.99,262.0
2025-04-12 00:00:00,DL,12,146,-18.0,-5.99,-2.97,5.99,21.98,554.0
2025-04-12 00:00:00,UA,12,113,-13.0,-7.03,-5.0,-1.99,0.99,346.0
2025-04-13 00:00:00,DL,12,164,-20.0,-5.99,-2.97,5.0,24.78,194.0
2025-04-13 00:00:00,DL,9,133,-16.0,-5.99,-4.01,0.0,13.87,105.0
2025-04-13 00:00:00,UA,8,162,-15.0,-7.03,-5.0,-1.99,5.99,127.0
2025-04-13 00:00:00,DL,8,181,-16.0,-7.03,-4.01,-0.99,7.92,189.0
2025-04-13 00:00:00,AA,0,9,-10.0,-7.03,-4.01,30.27,60.95,63.0
2025-04-13 00:00:00,DL,7,249,-18.0,-7.92,-4.01,0.0,10.07,277.0
2025-04-13 00:00:00,UA,0,7,-10.0,-10.0,-8.94,-5.0,-5.0,4.0
2025-04-13 00:00:00,AA,10,160,-17.0,-5.0,-2.97,1.99,23.81,219.0
2025-04-13 00:00:00,DL,10,155,-16.0,-7.03,-4.01,0.0,12.06,216.0
2025-04-13 00:00:00,UA,10,129,-13.0,-7.03,-5.0,-0.99,10.07,110.0
2025-04-13 00:00:00,WN,11,213,-9.0,-5.0,-0.99,4.01,12.06,98.0
2025-04-13 00:00:00,AA,12,151,-10.0,-4.01,-0.99,12.06,46.07,442.0
2025-04-13 00:00:00,WN,19,246,-15.0,-2.97,2.97,16.95,37.72,179.0
2025-04-13 00:00:00,UA,12,115,-17.0,-7.03,-2.97,0.0,13.07,142.0
2025-04-13 00:00:00,UA,21,64,-14.0,-7.03,-5.0,7.03,22.88,125.0
2025-04-13 00:00:00,AA,22,115,-11.0,-4.01,0.0,17.99,43.38,722.0
2025-04-13 00:00:00,UA,23,35,-15.0,-10.07,-5.0,-0.99,5.99,58.0
2025-04-13 00:00:00,WN,16,233,-10.0,-1.99,1.99,12.06,23.81,119.0
2025-04-13 00:00:00,DL,18,161,-20.0,-5.0,-1.99,7.92,36.97,302.0
2025-04-13 00:00:00,DL,19,173,-19.0,-5.99,-0.99,13.07,32.79,242.0
2025-04-13 00:00:00,WN,18,245,-12.0,-1.99,4.01,16.95,40.86,289.0
2025-04-13 00:00:00,UA,18,143,-19.0,-7.03,-4.01,-0.99,5.0,90.0
2025-04-14 00:00:00,WN,11,244,-12.0,-4.01,-0.99,5.0,19.89,107.0
2025-04-14 00:00:00,WN,19,252,-13.0,-4.01,-0.99,10.07,32.14,317.0
2025-04-14 00:00:00,DL,7,244,-17.0,-7.92,-5.99,-1.99,2.97,343.0
2025-04-14 00:00:00,UA,8,164,-15.0,-7.92,-5.0,-1.99,2.97,434.0
2025-04-14 00:00:00,AA,12,147,-14.0,-5.0,-2.97,2.97,26.84,1586.0
2025-04-14 00:00:00,DL,12,178,-15.0,-5.99,-1.99,5.99,27.94,320.0
2025-04-14 00:00:00,AA,10,155,-12.0,-5.99,-2.97,4.01,23.81,369.0
2025-04-14 00:00:00,DL,10,159,-15.0,-7.03,-5.0,0.0,15.03,453.0
2025-04-14 00:00:00,UA,10,134,-14.0,-7.03,-5.0,-1.99,7.03,112.0
2025-04-14 00:00:00,DL,9,140,-13.0,-7.03,-5.0,-0.99,5.99,286.0
2025-04-14 00:00:00,DL,8,193,-16.0,-7.03,-5.0,0.0,7.03,389.0
2025-04-14 00:00:00,UA,12,121,-12.0,-7.03,-5.0,-1.99,2.97,178.0
2025-04-14 00:00:00,WN,16,228,-9.0,-2.97,1.99,15.03,36.24,272.0
2025-04-14 00:00:00,DL,18,178,-25.0,-5.99,-1.99,15.96,37.72,337.0
2025-04-14 00:00:00,WN,18,275,-14.0,-4.01,0.0,8.94,32.14,195.0
2025-04-14 00:00:00,UA,23,34,-15.0,-10.91,-7.03,-2.97,8.94,66.0
2025-04-14 00:00:00,UA,21,54,-20.0,-7.92,-5.99,-0.99,16.95,91.0
2025-04-14 00:00:00,UA,0,8,-12.0,-10.07,-7.03,-1.99,-0.99,7.0
2025-04-14 00:00:00,AA,0,9,-14.0,-8.94,-7.03,-5.0,-1.99,32.0
2025-04-14 00:00:00,AA,22,116,-17.0,-5.99,-4.01,8.94,34.82,387.0
2025-04-14 00:00:00,UA,18,138,-19.0,-7.03,-4.01,0.0,13.07,96.0
2025-04-14 00:00:00,DL,19,178,-23.0,-7.92,-4.01,0.99,23.81,268.0
2025-04-15 00:00:00,UA,12,118,-18.0,-7.92,-4.01,0.0,15.03,105.0
2025-04-15 00:00:00,DL,18,164,-21.0,-8.94,-5.99,-0.99,12.06,175.0
2025-04-15 00:00:00,WN,18,252,-13.0,-5.0,-1.99,1.99,12.06,100.0
2025-04-15 00:00:00,DL,9,138,-18.0,-7.92,-5.0,-1.99,5.0,58.0
2025-04-15 00:00:00,DL,19,133,-24.0,-7.92,-4.01,7.92,34.13,121.0
2025-04-15 00:00:00,UA,18,118,-15.0,-7.03,-4.01,2.97,30.27,280.0
2025-04-15 00:00:00,WN,16,226,-15.0,-5.0,-2.97,5.0,27.94,354.0
2025-04-15 00:00:00,AA,0,9,-18.0,-10.07,-8.94,-5.99,-5.0,4.0
2025-04-15 00:00:00,DL,10,157,-15.0,-7.92,-5.99,-2.97,0.99,56.0
2025-04-15 00:00:00,AA,10,151,-12.0,-5.99,-2.97,1.99,24.78,119.0
2025-04-15 00:00:00,WN,11,226,-11.0,-5.0,-1.99,1.99,12.06,118.0
2025-04-15 00:00:00,UA,10,128,-15.0,-7.92,-5.0,-1.99,21.98,273.0
2025-04-15 00:00:00,AA,12,144,-14.0,-7.03,-4.01,0.99,25.79,1321.0
2025-04-15 00:00:00,DL,12,178,-17.0,-7.03,-5.0,-0.99,10.07,549.0
2025-04-15 00:00:00,WN,19,245,-13.0,-5.99,-2.97,2.97,21.12,171.0
2025-04-15 00:00:00,DL,7,240,-16.0,-8.94,-5.99,-1.99,2.97,132.0
2025-04-15 00:00:00,DL,8,192,-16.0,-7.92,-5.0,-2.97,2.97,198.0
2025-04-15 00:00:00,UA,8,159,-16.0,-7.92,-5.99,-4.01,1.99,249.0
2025-04-15 00:00:00,UA,0,8,-11.0,-10.91,-7.03,-5.99,-2.97,-2.0
2025-04-15 00:00:00,AA,22,102,-20.0,-7.92,-5.0,-0.99,30.88,159.0
2025-04-15 00:00:00,UA,21,38,-13.0,-7.92,-5.99,0.0,10.07,67.0
2025-04-15 00:00:00,UA,23,32,-18.0,-8.94,-7.03,-2.97,-1.99,27.0
2025-04-16 00:00:00,UA,10,130,-14.0,-7.92,-5.99,-1.99,4.01,127.0
2025-04-16 00:00:00,DL,8,193,-14.0,-7.03,-5.0,-1.99,1.99,77.0
2025-04-16 00:00:00,AA,22,110,-12.0,-5.99,-1.99,5.0,26.84,431.0
2025-04-16 00:00:00,UA,8,158,-17.0,-7.92,-5.0,-1.99,1.99,180.0
2025-04-16 00:00:00,UA,23,37,-18.0,-7.03,-1.99,15.03,24.78,121.0
2025-04-16 00:00:00,DL,9,139,-15.0,-7.03,-5.0,-1.99,2.97,50.0
2025-04-16 00:00:00,WN,18,253,-11.0,-4.01,0.0,10.07,32.14,145.0
2025-04-16 00:00:00,UA,21,55,-14.0,-5.99,-2.97,0.0,19.11,78.0
2025-04-16 00:00:00,DL,18,167,-21.0,-5.99,-1.99,5.99,44.26,320.0
2025-04-16 00:00:00,WN,19,245,-12.0,-4.01,-0.99,12.06,56.27,182.0
2025-04-16 00:00:00,DL,19,134,-20.0,-7.03,-5.0,5.99,52.99,817.0
2025-04-16 00:00:00,DL,12,180,-15.0,-7.03,-5.0,-0.99,10.91,713.0
2025-04-16 00:00:00,AA,10,158,-18.0,-5.99,-2.97,1.99,26.84,573.0
2025-04-16 00:00:00,WN,16,225,-11.0,-4.01,0.0,8.94,23.81,163.0
2025-04-16 00:00:00,UA,18,136,-14.0,-5.99,-2.97,2.97,21.98,242.0
2025-04-16 00:00:00,AA,12,145,-13.0,-5.99,-2.97,5.0,29.08,414.0
2025-04-16 00:00:00,DL,10,157,-15.0,-7.92,-5.99,-1.99,2.97,357.0
2025-04-16 00:00:00,UA,12,120,-14.0,-7.03,-5.0,-2.97,5.99,219.0
2025-04-16 00:00:00,AA,0,7,-16.0,-8.94,-7.92,-7.03,-4.01,-4.0
2025-04-16 00:00:00,DL,7,237,-16.0,-7.92,-5.0,-1.99,1.99,217.0
2025-04-16 00:00:00,WN,11,226,-13.0,-5.0,-1.99,2.97,10.91,114.0
2025-04-16 00:00:00,UA,0,7,-13.0,-7.03,-5.0,-5.0,-2.97,37.0
2025-04-17 00:00:00,AA,22,115,-12.0,-4.01,-0.99,15.03,44.26,216.0
2025-04-17 00:00:00,DL,9,137,-14.0,-7.03,-5.0,-0.99,7.92,263.0
2025-04-17 00:00:00,DL,18,174,-14.0,-5.0,-0.99,19.11,46.07,250.0
2025-04-17 00:00:00,UA,18,141,-11.0,-1.99,2.97,25.79,67.36,237.0
2025-04-17 00:00:00,DL,19,180,-23.0,-5.0,0.0,16.95,40.86,763.0
2025-04-17 00:00:00,UA,0,7,-10.0,-7.03,-1.99,0.99,17.99,125.0
2025-04-17 00:00:00,AA,0,8,-8.0,-7.03,-5.0,-0.99,2.97,60.0
2025-04-17 00:00:00,DL,7,242,-16.0,-7.03,-5.0,-1.99,5.0,260.0
2025-04-17 00:00:00,AA,10,159,-12.0,-5.0,-1.99,2.97,22.88,307.0
2025-04-17 00:00:00,UA,23,37,-11.0,-5.99,-2.97,5.99,12.06,99.0
2025-04-17 00:00:00,DL,10,160,-18.0,-5.99,-4.01,-0.99,15.03,297.0
2025-04-17 00:00:00,WN,16,229,-6.0,-0.99,8.94,19.89,41.68,222.0
2025-04-17 00:00:00,WN,18,275,-14.0,0.0,12.06,27.94,54.06,131.0
2025-04-17 00:00:00,AA,12,150,-11.0,-5.0,-1.99,7.03,27.94,406.0
2025-04-17 00:00:00,UA,12,120,-12.0,-5.99,-1.99,4.01,43.38,229.0
2025-04-17 00:00:00,DL,12,183,-14.0,-5.99,-2.97,4.01,25.79,385.0
2025-04-17 00:00:00,UA,10,130,-13.0,-7.03,-4.01,-0.99,13.87,151.0
2025-04-17 00:00:00,WN,11,241,-15.0,-2.97,0.0,5.99,25.79,191.0
2025-04-17 00:00:00,WN,19,253,-11.0,0.0,13.07,32.14,50.91,235.0
2025-04-17 00:00:00,UA,8,162,-15.0,-7.92,-5.0,-1.99,5.0,165.0
2025-04-17 00:00:00,DL,8,195,-15.0,-7.03,-4.01,0.0,10.07,326.0
2025-04-17 00:00:00,UA,21,60,-14.0,-5.0,-0.99,5.0,46.07,221.0
2025-04-18 00:00:00,DL,12,182,-17.0,-7.03,-4.01,0.0,19.89,249.0
2025-04-18 00:00:00,UA,18,139,-11.0,-4.01,0.0,44.26,144.04,323.0
2025-04-18 00:00:00,UA,12,121,-11.0,-5.0,-2.97,7.03,102.52,350.0
2025-04-18 00:00:00,AA,12,149,-11.0,-5.0,-0.99,7.92,37.72,1084.0
2025-04-18 00:00:00,WN,16,229,-15.0,-2.97,5.0,27.94,111.06,270.0
2025-04-18 00:00:00,DL,18,175,-21.0,-7.92,-5.0,2.97,27.94,172.0
2025-04-18 00:00:00,WN,18,271,-15.0,-2.97,5.99,40.05,127.75,342.0
2025-04-18 00:00:00,AA,10,160,-13.0,-5.0,-1.99,5.99,23.81,153.0
2025-04-18 00:00:00,AA,0,9,-7.0,-7.0,-2.97,-1.99,-1.99,5.0
2025-04-18 00:00:00,WN,11,243,-10.0,-2.97,1.99,15.03,52.99,214.0
2025-04-18 00:00:00,DL,10,159,-17.0,-7.92,-5.0,0.0,10.07,122.0
2025-04-18 00:00:00,UA,10,133,-11.0,-7.03,-4.01,5.0,30.88,238.0
2025-04-18 00:00:00,DL,7,243,-16.0,-7.03,-4.01,-0.99,1.99,176.0
2025-04-18 00:00:00,DL,9,134,-12.0,-5.99,-5.0,-0.99,12.06,766.0
2025-04-18 00:00:00,DL,8,197,-16.0,-7.03,-4.01,-0.99,10.07,182.0
2025-04-18 00:00:00,UA,8,163,-12.0,-7.03,-4.01,-0.99,29.08,880.0
2025-04-18 00:00:00,UA,0,8,-10.0,-8.94,-5.0,12.06,26.84,118.0
2025-04-18 00:00:00,AA,22,115,-14.0,-5.99,-2.97,5.0,29.08,390.0
2025-04-18 00:00:00,UA,23,35,-10.0,-7.92,-2.97,7.03,60.95,79.0
2025-04-18 00:00:00,UA,21,62,-13.0,-5.99,0.0,45.15,66.03,215.0
2025-04-18 00:00:00,DL,19,175,-20.0,-7.92,-4.01,5.99,29.08,257.0
2025-04-18 00:00:00,WN,19,244,-17.0,-4.01,4.01,66.03,146.95,300.0
2025-04-19 00:00:00,AA,10,136,-15.0,-5.0,0.99,37.72,82.28,555.0
2025-04-19 00:00:00,UA,21,42,-24.0,-8.94,-5.0,0.99,8.94,75.0
2025-04-19 00:00:00,UA,23,34,-17.0,-10.07,-5.99,-4.01,1.99,542.0
2025-04-19 00:00:00,UA,0,8,-10.0,-8.94,-5.99,-1.99,-1.99,55.0
2025-04-19 00:00:00,WN,11,202,-11.0,-5.0,-0.99,5.99,21.98,149.0
2025-04-19 00:00:00,DL,10,128,-19.0,-8.94,-5.0,0.99,36.24,154.0
2025-04-19 00:00:00,AA,12,131,-10.0,-5.0,0.99,21.98,77.49,1104.0
2025-04-19 00:00:00,DL,12,168,-22.0,-7.92,-4.01,0.99,15.03,1122.0
2025-04-19 00:00:00,UA,12,111,-14.0,-5.99,-2.97,0.99,12.06,208.0
2025-04-19 00:00:00,UA,10,111,-12.0,-7.03,-4.01,0.0,15.03,107.0
2025-04-19 00:00:00,DL,9,144,-21.0,-7.03,-4.01,0.0,16.95,132.0
2025-04-19 00:00:00,DL,7,214,-16.0,-7.03,-4.01,-0.99,15.03,819.0
2025-04-19 00:00:00,AA,0,7,-11.0,-7.92,-4.01,-1.99,0.99,3.0
2025-04-19 00:00:00,UA,8,153,-13.0,-7.92,-5.0,-0.99,5.0,378.0
2025-04-19 00:00:00,DL,8,172,-15.0,-7.92,-5.0,-1.99,8.94,324.0
2025-04-19 00:00:00,WN,16,232,-15.0,-5.0,-1.99,8.94,29.08,264.0
2025-04-19 00:00:00,DL,18,148,-21.0,-8.94,-5.0,1.99,26.84,204.0
2025-04-19 00:00:00,UA,18,117,-20.0,-7.03,-4.01,0.0,16.95,201.0
2025-04-19 00:00:00,WN,18,262,-17.0,-5.99,-2.97,4.01,26.84,219.0
2025-04-19 00:00:00,WN,19,159,-13.0,-5.0,-1.99,5.0,26.84,197.0
2025-04-19 00:00:00,DL,19,95,-23.0,-7.03,-2.97,8.94,29.08,103.0
2025-04-19 00:00:00,AA,22,78,-20.0,-5.99,-4.01,-1.99,16.95,80.0
2025-04-20 00:00:00,WN,19,244,-15.0,-4.01,0.0,16.95,52.99,240.0
2025-04-20 00:00:00,WN,16,233,-14.0,-4.01,-1.99,5.99,22.88,199.0
2025-04-20 00:00:00,DL,19,182,-25.0,-5.99,-1.99,8.94,36.24,225.0
2025-04-20 00:00:00,UA,21,63,-12.0,-5.0,0.99,40.86,122.75,237.0
2025-04-20 00:00:00,DL,18,175,-16.0,-7.03,-2.97,5.99,22.88,799.0
2025-04-20 00:00:00,WN,18,244,-11.0,-2.97,0.99,10.91,49.9,195.0
2025-04-20 00:00:00,UA,18,143,-15.0,-5.0,1.99,21.12,92.77,943.0
2025-04-20 00:00:00,WN,11,215,-14.0,-5.0,-2.97,0.99,10.91,328.0
2025-04-20 00:00:00,AA,22,115,-11.0,-4.01,0.0,12.06,43.38,713.0
2025-04-20 00:00:00,UA,23,36,-12.0,-8.94,-5.0,1.99,10.07,128.0
2025-04-20 00:00:00,AA,0,9,-9.0,-4.01,-1.99,15.96,23.81,37.0
2025-04-20 00:00:00,DL,12,180,-21.0,-7.03,-4.01,2.97,23.81,247.0
2025-04-20 00:00:00,UA,12,111,-14.0,-5.99,-2.97,5.99,127.75,1242.0
2025-04-20 00:00:00,AA,12,148,-13.0,-5.99,-0.99,15.03,68.72,401.0
2025-04-20 00:00:00,UA,0,7,-22.0,-8.94,-7.03,-5.0,-4.01,5.0
2025-04-20 00:00:00,DL,9,139,-24.0,-7.03,-4.01,0.0,13.87,503.0
2025-04-20 00:00:00,AA,10,158,-15.0,-5.0,-1.99,22.88,71.53,275.0
2025-04-20 00:00:00,DL,10,158,-23.0,-8.94,-5.99,-0.99,7.92,507.0
2025-04-20 00:00:00,UA,10,128,-13.0,-7.03,-4.01,7.92,79.05,297.0
2025-04-20 00:00:00,DL,7,251,-20.0,-7.92,-5.0,-0.99,12.06,257.0
2025-04-20 00:00:00,DL,8,195,-16.0,-7.03,-4.01,0.99,21.12,452.0
2025-04-20 00:00:00,UA,8,162,-15.0,-7.92,-5.0,-1.99,10.91,472.0
2025-04-21 00:00:00,UA,21,55,-11.0,-5.99,-0.99,13.87,29.08,81.0
2025-04-21 00:00:00,AA,10,158,-14.0,-5.0,-1.99,8.94,36.97,213.0
2025-04-21 00:00:00,AA,22,116,-14.0,-5.0,0.0,13.07,62.18,160.0
2025-04-21 00:00:00,UA,8,162,-13.0,-7.03,-5.0,0.0,32.79,763.0
2025-04-21 00:00:00,UA,23,34,-16.0,-8.94,-5.0,-2.97,5.99,214.0
2025-04-21 00:00:00,DL,8,195,-15.0,-7.03,-4.01,-0.99,10.91,207.0
2025-04-21 00:00:00,DL,18,176,-21.0,-7.03,-0.99,10.91,32.14,194.0
2025-04-21 00:00:00,DL,10,160,-19.0,-5.99,-4.01,0.99,15.03,185.0
2025-04-21 00:00:00,UA,18,136,-16.0,-5.0,2.97,30.88,122.75,259.0
2025-04-21 00:00:00,UA,0,8,-10.0,-7.03,-4.01,10.07,22.88,47.0
2025-04-21 00:00:00,DL,7,245,-14.0,-7.03,-4.01,0.0,7.03,250.0
2025-04-21 00:00:00,DL,19,178,-20.0,-5.99,0.0,15.03,44.26,279.0
2025-04-21 00:00:00,WN,19,252,-14.0,-1.99,5.99,26.84,96.55,313.0
2025-04-21 00:00:00,WN,18,273,-11.0,-1.99,5.0,30.88,82.28,283.0
2025-04-21 00:00:00,DL,9,138,-18.0,-5.99,-2.97,0.0,13.07,124.0
2025-04-21 00:00:00,AA,0,9,-7.0,-2.97,0.0,1.99,22.88,24.0
2025-04-21 00:00:00,UA,10,131,-17.0,-7.03,-2.97,19.89,77.49,241.0
2025-04-21 00:00:00,WN,16,230,-11.0,-0.99,7.92,30.27,108.86,332.0
2025-04-21 00:00:00,WN,11,241,-11.0,-2.97,0.99,13.87,50.91,518.0
2025-04-21 00:00:00,UA,12,121,-15.0,-4.01,2.97,27.94,89.13,454.0
2025-04-21 00:00:00,AA,12,148,-12.0,-5.0,0.0,13.07,32.14,212.0
2025-04-21 00:00:00,DL,12,187,-13.0,-5.99,-2.97,1.99,25.79,637.0
2025-04-22 00:00:00,WN,16,226,-14.0,-5.0,-1.99,2.97,16.95,147.0
2025-04-22 00:00:00,UA,12,119,-13.0,-7.03,-5.0,0.0,8.94,115.0
2025-04-22 00:00:00,UA,8,159,-15.0,-7.92,-5.0,-1.99,2.97,75.0
2025-04-22 00:00:00,AA,22,103,-21.0,-7.03,-2.97,0.0,13.87,177.0
2025-04-22 00:00:00,DL,9,139,-16.0,-7.92,-4.01,-0.99,7.03,189.0
2025-04-22 00:00:00,UA,0,8,-10.0,-10.0,-4.01,1.99,5.99,33.0
2025-04-22 00:00:00,DL,8,195,-17.0,-7.03,-4.01,-0.99,5.99,279.0
2025-04-22 00:00:00,AA,0,9,-10.0,-8.94,-5.0,1.99,5.99,44.0
2025-04-22 00:00:00,DL,7,240,-15.0,-7.92,-5.0,-0.99,1.99,277.0
2025-04-22 00:00:00,DL,18,164,-16.0,-7.92,-4.01,0.99,16.95,282.0
2025-04-22 00:00:00,DL,12,183,-26.0,-7.03,-4.01,0.0,8.94,102.0
2025-04-22 00:00:00,AA,12,144,-11.0,-5.0,-2.97,0.99,13.87,384.0
2025-04-22 00:00:00,DL,19,130,-23.0,-7.03,-4.01,0.0,13.87,145.0
2025-04-22 00:00:00,UA,23,31,-15.0,-7.92,-5.99,-1.99,5.0,138.0
2025-04-22 00:00:00,WN,11,225,-13.0,-5.0,-0.99,2.97,13.87,184.0
2025-04-22 00:00:00,WN,19,245,-14.0,-5.0,-1.99,5.99,21.12,125.0
2025-04-22 00:00:00,UA,10,128,-13.0,-7.03,-4.01,0.0,12.06,76.0
2025-04-22 00:00:00,AA,10,152,-13.0,-5.99,-2.97,1.99,30.27,227.0
2025-04-22 00:00:00,UA,18,119,-13.0,-7.03,-2.97,4.01,34.13,174.0
2025-04-22 00:00:00,UA,21,38,-15.0,-8.94,-5.0,-0.99,8.94,145.0
2025-04-22 00:00:00,DL,10,157,-19.0,-7.03,-4.01,0.0,10.07,121.0
2025-04-22 00:00:00,WN,18,253,-14.0,-5.0,-1.99,4.01,15.96,137.0
2025-04-23 00:00:00,DL,7,241,-17.0,-7.92,-5.0,-1.99,4.01,202.0
2025-04-23 00:00:00,UA,12,121,-13.0,-5.99,-1.99,5.99,36.24,192.0
2025-04-23 00:00:00,WN,19,245,-15.0,-2.97,4.01,22.88,52.99,183.0
2025-04-23 00:00:00,UA,23,36,-13.0,-7.92,-5.0,2.97,5.99,33.0
2025-04-23 00:00:00,UA,21,55,-12.0,-7.03,-2.97,7.03,19.11,64.0
2025-04-23 00:00:00,AA,12,145,-12.0,-1.99,5.0,50.91,100.49,652.0
2025-04-23 00:00:00,AA,22,110,-16.0,-4.01,0.99,13.07,32.79,145.0
2025-04-23 00:00:00,WN,16,227,-11.0,-1.99,5.0,21.12,48.91,135.0
2025-04-23 00:00:00,DL,12,183,-15.0,-7.03,-4.01,0.99,12.06,529.0
2025-04-23 00:00:00,DL,8,193,-15.0,-7.92,-5.0,-1.99,7.92,394.0
2025-04-23 00:00:00,DL,18,169,-18.0,-5.99,-1.99,8.94,34.13,121.0
2025-04-23 00:00:00,UA,10,130,-13.0,-7.03,-2.97,1.99,26.84,564.0
2025-04-23 00:00:00,WN,11,226,-13.0,-2.97,0.99,21.12,52.99,175.0
2025-04-23 00:00:00,DL,9,140,-14.0,-7.03,-4.01,-0.99,7.92,159.0
2025-04-23 00:00:00,UA,18,137,-12.0,-5.0,-0.99,10.07,32.14,290.0
2025-04-23 00:00:00,AA,10,156,-13.0,-5.0,0.0,82.28,152.95,713.0
2025-04-23 00:00:00,UA,8,158,-14.0,-7.03,-5.0,-1.99,12.06,212.0
2025-04-23 00:00:00,WN,18,252,-15.0,-1.99,7.03,32.79,71.53,185.0
2025-04-23 00:00:00,DL,19,132,-25.0,-7.92,-2.97,5.99,22.88,107.0
2025-04-23 00:00:00,DL,10,159,-18.0,-7.03,-5.0,0.0,5.0,84.0
2025-04-23 00:00:00,AA,0,6,-10.0,-5.0,-2.97,-2.97,0.0,2.0
2025-04-23 00:00:00,UA,0,7,-10.0,-8.94,-7.03,-5.99,7.0,7.0
2025-04-24 00:00:00,AA,10,145,-17.0,-4.01,0.99,21.12,82.28,328.0
2025-04-24 00:00:00,WN,19,251,-11.0,5.0,24.78,71.53,162.41,284.0
2025-04-24 00:00:00,AA,0,8,-9.0,-7.03,-5.0,0.0,8.94,18.0
2025-04-24 00:00:00,DL,7,243,-16.0,-7.03,-4.01,-0.99,5.0,421.0
2025-04-24 00:00:00,DL,8,198,-15.0,-5.99,-4.01,-0.99,5.0,480.0
2025-04-24 00:00:00,WN,11,240,-12.0,-2.97,0.99,13.87,47.0,210.0
2025-04-24 00:00:00,UA,8,162,-12.0,-7.03,-4.01,-0.99,7.03,121.0
2025-04-24 00:00:00,UA,0,7,-8.0,-5.99,-2.97,7.03,29.08,36.0
2025-04-24 00:00:00,AA,22,109,-11.0,-4.01,4.01,26.84,52.99,174.0
2025-04-24 00:00:00,UA,23,36,-11.0,-4.01,0.0,19.89,30.27,53.0
2025-04-24 00:00:00,UA,21,60,-10.0,-2.97,10.07,47.0,127.75,249.0
2025-04-24 00:00:00,UA,10,131,-12.0,-7.03,-4.01,1.99,16.95,179.0
2025-04-24 00:00:00,DL,9,138,-13.0,-5.99,-2.97,4.01,17.99,303.0
2025-04-24 00:00:00,AA,12,135,-11.0,-2.97,5.99,59.75,144.04,476.0
2025-04-24 00:00:00,DL,18,174,-19.0,-5.0,0.0,21.12,48.91,1014.0
2025-04-24 00:00:00,DL,19,177,-17.0,-5.0,1.99,23.81,63.44,211.0
2025-04-24 00:00:00,UA,18,139,-15.0,-0.99,5.99,34.13,79.05,285.0
2025-04-24 00:00:00,DL,10,163,-15.0,-5.99,-4.01,0.99,23.81,849.0
2025-04-24 00:00:00,WN,18,270,-16.0,2.97,16.95,48.91,117.93,243.0
2025-04-24 00:00:00,UA,12,122,-14.0,-5.0,-2.97,0.99,22.88,256.0
2025-04-24 00:00:00,DL,12,186,-17.0,-7.03,-2.97,0.99,13.87,287.0
2025-04-24 00:00:00,WN,16,226,-10.0,2.97,13.87,40.86,85.64,283.0
2025-04-25 00:00:00,WN,18,274,-12.0,0.0,10.07,29.08,60.95,188.0
2025-04-25 00:00:00,WN,19,253,-12.0,0.0,16.95,44.26,79.05,280.0
2025-04-25 00:00:00,AA,10,160,-12.0,-2.97,-0.99,7.92,26.84,108.0
2025-04-25 00:00:00,DL,8,197,-14.0,-5.99,-4.01,-0.99,10.07,208.0
2025-04-25 00:00:00,DL,10,160,-14.0,-7.03,-2.97,4.01,25.79,198.0
2025-04-25 00:00:00,UA,18,142,-13.0,-2.97,2.97,32.14,58.56,247.0
2025-04-25 00:00:00,UA,10,133,-12.0,-5.99,-2.97,0.0,13.07,175.0
2025-04-25 00:00:00,DL,7,245,-14.0,-5.99,-4.01,0.0,10.07,166.0
2025-04-25 00:00:00,UA,8,161,-13.0,-5.99,-4.01,0.0,39.25,176.0
2025-04-25 00:00:00,DL,19,180,-22.0,-5.99,-1.99,10.91,32.14,457.0
2025-04-25 00:00:00,DL,9,138,-14.0,-5.99,-2.97,0.99,15.03,696.0
2025-04-25 00:00:00,DL,12,187,-14.0,-5.99,-4.01,2.97,15.03,425.0
2025-04-25 00:00:00,UA,0,8,-10.0,-7.03,-5.0,2.97,13.87,24.0
2025-04-25 00:00:00,UA,12,123,-12.0,-5.99,-1.99,13.87,43.38,335.0
2025-04-25 00:00:00,AA,0,9,-6.0,-2.97,13.07,39.25,48.91,57.0
2025-04-25 00:00:00,WN,16,229,-8.0,0.0,10.07,30.27,51.94,175.0
2025-04-25 00:00:00,DL,18,173,-17.0,-5.0,-1.99,13.87,34.82,274.0
2025-04-25 00:00:00,WN,11,246,-11.0,-1.99,1.99,15.96,39.25,149.0
2025-04-25 00:00:00,AA,12,149,-10.0,-4.01,0.0,13.87,49.9,183.0
2025-04-25 00:00:00,UA,21,62,-10.0,-5.0,0.0,21.98,45.15,166.0
2025-04-25 00:00:00,AA,22,115,-12.0,-5.99,-1.99,5.99,34.13,859.0
2025-04-25 00:00:00,UA,23,34,-11.0,-5.0,2.97,15.96,36.97,94.0
2025-04-26 00:00:00,WN,18,261,-15.0,-4.01,0.99,16.95,43.38,219.0
2025-04-26 00:00:00,UA,23,33,-11.0,-7.03,-1.99,8.94,83.94,932.0
2025-04-26 00:00:00,DL,19,96,-18.0,-7.92,-4.01,1.99,32.14,340.0
2025-04-26 00:00:00,UA,21,43,-13.0,-5.99,5.99,63.44,113.31,718.0
2025-04-26 00:00:00,DL,12,165,-18.0,-5.99,-2.97,0.0,19.11,196.0
2025-04-26 00:00:00,DL,18,146,-19.0,-7.03,-2.97,5.99,29.08,902.0
2025-04-26 00:00:00,WN,19,159,-15.0,-5.99,0.0,13.07,48.91,158.0
2025-04-26 00:00:00,UA,0,8,-9.0,-7.92,-5.99,0.0,15.03,33.0
2025-04-26 00:00:00,AA,12,132,-15.0,-5.99,-1.99,1.99,19.89,461.0
2025-04-26 00:00:00,DL,7,216,-16.0,-7.92,-5.0,-0.99,5.99,412.0
2025-04-26 00:00:00,DL,8,179,-15.0,-7.03,-5.0,-1.99,7.03,371.0
2025-04-26 00:00:00,UA,18,117,-20.0,-5.99,0.0,13.87,108.86,996.0
2025-04-26 00:00:00,UA,12,112,-16.0,-5.99,-2.97,0.0,36.97,592.0
2025-04-26 00:00:00,WN,16,232,-13.0,-5.0,0.99,15.03,40.05,177.0
2025-04-26 00:00:00,AA,22,79,-13.0,-5.99,-2.97,7.03,26.84,494.0
2025-04-26 00:00:00,UA,10,111,-13.0,-5.99,-2.97,13.87,58.56,262.0
2025-04-26 00:00:00,AA,10,142,-16.0,-5.0,-2.97,0.99,15.96,457.0
2025-04-26 00:00:00,WN,11,200,-13.0,-4.01,0.0,8.94,24.78,216.0
2025-04-26 00:00:00,AA,0,9,-9.0,-7.92,-5.0,5.0,41.68,66.0
2025-04-26 00:00:00,DL,10,129,-15.0,-7.03,-2.97,0.0,8.94,108.0
2025-04-26 00:00:00,DL,9,143,-15.0,-7.03,-5.0,-0.99,19.11,180.0
2025-04-26 00:00:00,UA,8,154,-13.0,-7.03,-4.01,-1.99,7.03,138.0
2025-04-27 00:00:00,WN,16,233,-12.0,0.0,7.03,22.88,36.24,372.0
2025-04-27 00:00:00,UA,21,62,-11.0,-5.0,-1.99,15.03,50.91,166.0
2025-04-27 00:00:00,DL,18,178,-17.0,-5.0,-1.99,7.03,36.24,200.0
2025-04-27 00:00:00,WN,19,244,-10.0,0.0,10.07,32.14,47.0,164.0
2025-04-27 00:00:00,DL,9,142,-12.0,-7.03,-5.0,-0.99,10.07,139.0
2025-04-27 00:00:00,WN,18,245,-9.0,-0.99,8.94,26.84,48.91,139.0
2025-04-27 00:00:00,UA,18,141,-14.0,-5.0,-1.99,10.91,64.72,248.0
2025-04-27 00:00:00,UA,12,118,-11.0,-5.0,-2.97,2.97,21.12,199.0
2025-04-27 00:00:00,DL,8,198,-14.0,-5.99,-4.01,-0.99,7.03,97.0
2025-04-27 00:00:00,AA,12,150,-16.0,-5.0,-1.99,8.94,47.95,160.0
2025-04-27 00:00:00,UA,8,161,-15.0,-7.03,-4.01,-1.99,10.07,181.0
2025-04-27 00:00:00,UA,23,35,-10.0,-5.99,-5.0,-1.99,4.01,120.0
2025-04-27 00:00:00,UA,0,7,-7.0,-5.99,-0.99,29.08,127.75,133.0
2025-04-27 00:00:00,AA,22,114,-9.0,-4.01,0.0,7.92,34.82,178.0
2025-04-27 00:00:00,DL,7,250,-14.0,-7.03,-4.01,0.0,7.92,204.0
2025-04-27 00:00:00,DL,10,161,-18.0,-7.03,-5.0,-1.99,4.01,188.0
2025-04-27 00:00:00,WN,11,213,-11.0,-2.97,0.0,7.92,19.11,89.0
2025-04-27 00:00:00,AA,10,159,-14.0,-5.0,-1.99,4.01,32.79,155.0
2025-04-27 00:00:00,UA,10,127,-13.0,-5.99,-2.97,1.99,21.12,94.0
2025-04-27 00:00:00,DL,19,180,-18.0,-5.99,-0.99,10.91,34.13,327.0
2025-04-27 00:00:00,DL,12,186,-14.0,-7.03,-4.01,0.0,10.91,130.0
2025-04-27 00:00:00,AA,0,9,-8.0,-5.0,0.99,4.01,5.99,8.0
2025-04-28 00:00:00,DL,7,242,-15.0,-7.92,-5.0,-0.99,7.03,346.0
2025-04-28 00:00:00,UA,12,118,-11.0,-5.99,-2.97,0.99,17.99,402.0
2025-04-28 00:00:00,DL,19,176,-24.0,-7.92,-2.97,4.01,30.27,694.0
2025-04-28 00:00:00,UA,0,8,-10.0,-5.0,4.01,29.08,29.08,46.0
2025-04-28 00:00:00,AA,10,159,-13.0,-5.0,-2.97,0.99,26.84,190.0
2025-04-28 00:00:00,DL,9,136,-15.0,-5.99,-4.01,-0.99,5.99,108.0
2025-04-28 00:00:00,DL,18,176,-16.0,-7.03,-2.97,7.03,36.24,1021.0
2025-04-28 00:00:00,WN,16,228,-11.0,-1.99,4.01,15.03,32.14,158.0
2025-04-28 00:00:00,DL,12,185,-14.0,-7.03,-4.01,0.0,13.07,112.0
2025-04-28 00:00:00,UA,18,132,-12.0,-5.99,-1.99,10.07,48.91,293.0
2025-04-28 00:00:00,UA,8,158,-16.0,-7.03,-4.01,-1.99,4.01,125.0
2025-04-28 00:00:00,DL,8,198,-14.0,-5.99,-5.0,-0.99,5.0,341.0
2025-04-28 00:00:00,AA,12,148,-19.0,-5.0,-1.99,5.0,21.12,466.0
2025-04-28 00:00:00,UA,23,33,-13.0,-7.03,-4.01,8.94,21.98,61.0
2025-04-28 00:00:00,UA,21,50,-11.0,-5.0,-2.97,0.99,62.18,170.0
2025-04-28 00:00:00,AA,22,116,-18.0,-5.0,-1.99,12.06,45.15,1080.0
2025-04-28 00:00:00,WN,18,274,-14.0,-2.97,0.99,12.06,40.05,139.0
2025-04-28 00:00:00,DL,10,162,-15.0,-7.03,-5.0,0.0,8.94,119.0
2025-04-28 00:00:00,WN,19,252,-13.0,-4.01,0.99,13.87,34.82,158.0
2025-04-28 00:00:00,AA,0,9,-11.0,-7.03,-4.01,-2.97,-1.99,1.0
2025-04-28 00:00:00,UA,10,126,-13.0,-7.03,-4.01,0.0,8.94,161.0
2025-04-28 00:00:00,WN,11,242,-9.0,-4.01,0.99,7.92,25.79,364.0
2025-04-29 00:00:00,DL,19,129,-20.0,-8.94,-4.01,2.97,16.95,65.0
2025-04-29 00:00:00,DL,8,194,-15.0,-7.92,-5.99,-1.99,17.99,253.0
2025-04-29 00:00:00,UA,8,159,-15.0,-8.94,-5.99,-1.99,1.99,173.0
2025-04-29 00:00:00,UA,12,119,-13.0,-7.03,-4.01,-1.99,0.99,306.0
2025-04-29 00:00:00,AA,22,103,-15.0,-7.03,-4.01,0.0,29.08,95.0
2025-04-29 00:00:00,DL,9,139,-17.0,-7.92,-5.0,-0.99,5.99,515.0
2025-04-29 00:00:00,DL,18,166,-21.0,-7.03,-4.01,1.99,23.81,241.0
2025-04-29 00:00:00,DL,10,158,-15.0,-8.94,-5.99,-2.97,5.0,111.0
2025-04-29 00:00:00,UA,21,38,-15.0,-8.94,-4.01,5.0,10.07,53.0
2025-04-29 00:00:00,WN,16,226,-11.0,-5.0,-0.99,7.03,23.81,94.0
2025-04-29 00:00:00,AA,10,151,-15.0,-7.03,-4.01,-0.99,10.07,132.0
2025-04-29 00:00:00,UA,18,118,-13.0,-5.99,-2.97,5.99,26.84,261.0
2025-04-29 00:00:00,UA,0,8,-16.0,-10.07,-8.94,-5.0,1.99,4.0
2025-04-29 00:00:00,WN,11,226,-12.0,-5.0,-1.99,4.01,13.87,303.0
2025-04-29 00:00:00,AA,12,143,-16.0,-7.03,-4.01,4.01,22.88,400.0
2025-04-29 00:00:00,WN,18,253,-15.0,-5.99,-1.99,2.97,19.89,178.0
2025-04-29 00:00:00,AA,0,9,-12.0,-5.99,0.0,17.99,19.89,77.0
2025-04-29 00:00:00,DL,12,182,-15.0,-7.03,-5.0,-0.99,8.94,237.0
2025-04-29 00:00:00,DL,7,240,-20.0,-8.94,-5.99,-1.99,0.99,191.0
2025-04-29 00:00:00,UA,10,127,-19.0,-7.03,-4.01,-0.99,5.0,148.0
2025-04-29 00:00:00,WN,19,245,-15.0,-5.99,-1.99,12.06,48.91,190.0
2025-04-29 00:00:00,UA,23,31,-14.0,-7.92,-5.99,-0.99,51.94,117.0
2025-04-30 00:00:00,DL,8,192,-19.0,-7.92,-5.0,-2.97,0.0,370.0
2025-04-30 00:00:00,DL,7,234,-16.0,-7.92,-5.99,-2.97,4.01,198.0
2025-04-30 00:00:00,UA,23,37,-15.0,-5.99,-4.01,24.78,89.13,314.0
2025-04-30 00:00:00,AA,12,97,-14.0,-4.01,-0.99,25.79,179.49,2595.0
2025-04-30 00:00:00,UA,10,130,-17.0,-5.99,-4.01,5.99,57.4,273.0
2025-04-30 00:00:00,WN,11,212,-11.0,-2.97,0.99,12.06,36.97,640.0
2025-04-30 00:00:00,WN,16,215,-9.0,-1.99,5.99,27.94,89.13,442.0
2025-04-30 00:00:00,DL,12,181,-16.0,-7.03,-4.01,0.99,12.06,800.0
2025-04-30 00:00:00,UA,21,54,-11.0,-5.0,1.99,29.08,94.64,500.0
2025-04-30 00:00:00,AA,22,102,-12.0,-2.97,4.01,17.99,67.36,506.0
2025-04-30 00:00:00,DL,9,137,-14.0,-7.92,-5.0,-0.99,5.0,150.0
2025-04-30 00:00:00,AA,0,7,-4.0,-2.97,-0.99,0.0,0.99,3.0
2025-04-30 00:00:00,WN,18,241,-15.0,-0.99,8.94,32.79,98.5,267.0
2025-04-30 00:00:00,DL,19,129,-17.0,-7.03,-1.99,5.99,30.88,212.0
2025-04-30 00:00:00,DL,18,169,-17.0,-5.99,-1.99,10.91,55.15,244.0
2025-04-30 00:00:00,DL,10,159,-17.0,-7.03,-5.0,-0.99,10.07,287.0
2025-04-30 00:00:00,AA,10,124,-12.0,-5.99,-1.99,13.07,206.46,827.0
2025-04-30 00:00:00,UA,8,156,-14.0,-7.92,-5.99,-2.97,5.99,351.0
2025-04-30 00:00:00,UA,12,120,-13.0,-5.99,-2.97,0.99,15.03,454.0
2025-04-30 00:00:00,UA,18,131,-14.0,-5.0,-0.99,7.92,47.0,373.0
2025-04-30 00:00:00,UA,0,7,-10.0,-7.03,-4.01,-0.99,1.99,10.0
2025-04-30 00:00:00,WN,19,238,-12.0,-1.99,7.03,32.14,100.49,267.0
