2025-01-01 00:00:00,DL,3,1,-2.0,-2.0,-2.0,-2.0,-2.0,-2.0
2025-01-01 00:00:00,WN,5,17,-10.0,-2.97,-1.99,0.99,5.99,34.0
2025-01-01 00:00:00,WN,6,190,-13.0,-5.0,-2.97,0.0,4.01,141.0
2025-01-01 00:00:00,WN,10,222,-9.0,-4.01,-1.99,2.97,16.95,99.0
2025-01-01 00:00:00,UA,20,115,-16.0,-4.01,0.0,7.92,30.88,102.0
2025-01-01 00:00:00,DL,20,51,-10.0,-7.03,-1.99,7.92,32.79,163.0
2025-01-01 00:00:00,WN,12,218,-11.0,-4.01,0.0,7.03,21.98,100.0
2025-01-01 00:00:00,DL,22,68,-14.0,-5.99,-2.97,0.99,16.95,872.0
2025-01-01 00:00:00,UA,7,161,-13.0,-5.99,-2.97,-0.99,15.03,145.0
2025-01-01 00:00:00,WN,14,238,-11.0,-2.97,0.99,10.07,26.84,160.0
2025-01-01 00:00:00,AA,14,132,-17.0,-5.99,-2.97,2.97,21.98,244.0
2025-01-01 00:00:00,UA,6,114,-15.0,-5.99,-2.97,1.99,15.03,336.0
2025-01-01 00:00:00,WN,7,209,-12.0,-5.0,-2.97,0.0,5.99,171.0
2025-01-01 00:00:00,AA,15,123,-10.0,-5.0,-1.99,5.0,21.98,1485.0
2025-01-01 00:00:00,AA,16,144,-16.0,-5.0,-2.97,1.99,23.81,142.0
2025-01-01 00:00:00,DL,0,1,-6.0,-6.0,-6.0,-6.0,-6.0,-6.0
2025-01-01 00:00:00,DL,17,132,-18.0,-7.92,-4.01,1.99,15.96,203.0
2025-01-01 00:00:00,UA,17,132,-13.0,-4.01,0.0,19.89,41.68,208.0
2025-01-02 00:00:00,DL,3,1,-3.0,-3.0,-3.0,-3.0,-3.0,-3.0
2025-01-02 00:00:00,UA,6,136,-14.0,-5.99,-2.97,0.99,23.81,147.0
2025-01-02 00:00:00,WN,10,229,-11.0,-4.01,-0.99,5.0,21.98,279.0
2025-01-02 00:00:00,WN,14,224,-9.0,-2.97,0.99,13.07,27.94,283.0
2025-01-02 00:00:00,DL,20,76,-11.0,-5.0,-0.99,13.87,23.81,66.0
2025-01-02 00:00:00,UA,20,117,-13.0,-2.97,1.99,19.89,41.68,619.0
2025-01-02 00:00:00,WN,12,254,-10.0,-2.97,0.99,10.07,29.08,263.0
2025-01-02 00:00:00,DL,22,107,-14.0,-5.99,-1.99,7.03,32.79,903.0
2025-01-02 00:00:00,WN,22,131,-15.0,-5.0,0.0,13.07,29.08,145.0
2025-01-02 00:00:00,WN,6,300,-14.0,-5.0,-2.97,-0.99,5.0,327.0
2025-01-02 00:00:00,WN,7,214,-11.0,-5.0,-2.97,-0.99,2.97,66.0
2025-01-02 00:00:00,UA,7,180,-10.0,-5.99,-4.01,0.0,10.91,120.0
2025-01-02 00:00:00,AA,15,125,-12.0,-5.0,-1.99,10.91,43.38,977.0
2025-01-02 00:00:00,AA,14,133,-23.0,-4.01,-0.99,12.06,26.84,403.0
2025-01-02 00:00:00,WN,5,221,-13.0,-5.0,-2.97,-0.99,1.99,19.0
2025-01-02 00:00:00,AA,16,155,-14.0,-5.0,-1.99,7.92,45.15,306.0
2025-01-02 00:00:00,DL,0,1,-9.0,-9.0,-9.0,-9.0,-9.0,-9.0
2025-01-02 00:00:00,DL,17,152,-18.0,-5.99,-2.97,10.07,29.08,176.0
2025-01-02 00:00:00,UA,17,135,-11.0,-5.0,-1.99,2.97,30.88,276.0
2025-01-03 00:00:00,UA,7,179,-13.0,-5.99,-2.97,8.94,111.06,417.0
2025-01-03 00:00:00,AA,16,147,-10.0,-4.01,0.0,19.11,52.99,466.0
2025-01-03 00:00:00,DL,17,153,-16.0,-5.99,-0.99,7.92,26.84,248.0
2025-01-03 00:00:00,UA,17,130,-11.0,-4.01,5.0,24.78,71.53,239.0
2025-01-03 00:00:00,WN,22,132,-14.0,0.0,16.95,32.14,52.99,171.0
2025-01-03 00:00:00,DL,20,77,-15.0,-5.0,0.99,19.11,70.11,201.0
2025-01-03 00:00:00,DL,22,107,-10.0,-5.0,-0.99,12.06,25.79,63.0
2025-01-03 00:00:00,UA,20,116,-13.0,-0.99,7.92,26.84,71.53,216.0
2025-01-03 00:00:00,DL,0,2,-13.0,-13.0,-13.0,-13.0,-13.0,23.0
2025-01-03 00:00:00,WN,5,183,-11.0,-5.0,-1.99,0.0,2.97,426.0
2025-01-03 00:00:00,UA,6,136,-12.0,-5.99,-2.97,0.0,13.87,480.0
2025-01-03 00:00:00,WN,6,297,-11.0,-5.0,-2.97,0.0,7.92,450.0
2025-01-03 00:00:00,WN,7,200,-12.0,-4.01,-0.99,5.0,45.15,380.0
2025-01-03 00:00:00,AA,14,133,-15.0,-4.01,-0.99,17.99,74.45,1168.0
2025-01-03 00:00:00,AA,15,126,-11.0,-4.01,-0.99,23.81,62.18,266.0
2025-01-03 00:00:00,WN,14,234,-11.0,0.0,10.07,32.14,57.4,333.0
2025-01-03 00:00:00,WN,10,229,-10.0,-2.97,0.0,13.07,49.9,230.0
2025-01-03 00:00:00,WN,12,236,-11.0,-0.99,7.92,23.81,60.95,264.0
2025-01-03 00:00:00,DL,3,1,-4.0,-4.0,-4.0,-4.0,-4.0,-4.0
2025-01-04 00:00:00,UA,6,129,-15.0,-4.01,-0.99,2.97,15.96,166.0
2025-01-04 00:00:00,WN,12,207,-11.0,-0.99,5.0,16.95,32.79,209.0
2025-01-04 00:00:00,UA,17,119,-11.0,-0.99,15.96,36.24,71.53,205.0
2025-01-04 00:00:00,DL,22,107,-9.0,-2.97,2.97,17.99,47.0,606.0
2025-01-04 00:00:00,WN,5,250,-13.0,-5.0,-1.99,0.0,5.99,60.0
2025-01-04 00:00:00,DL,0,2,-5.0,-5.0,-5.0,-5.0,-5.0,2.0
2025-01-04 00:00:00,DL,20,85,-15.0,-0.99,5.0,29.08,40.05,157.0
2025-01-04 00:00:00,WN,22,119,-10.0,12.06,29.08,46.07,68.72,166.0
2025-01-04 00:00:00,UA,20,111,-12.0,0.0,10.91,40.05,82.28,208.0
2025-01-04 00:00:00,AA,14,121,-21.0,-4.01,1.99,34.13,106.71,1164.0
2025-01-04 00:00:00,AA,16,134,-20.0,-2.97,2.97,27.94,77.49,275.0
2025-01-04 00:00:00,WN,14,224,-8.0,2.97,10.91,32.14,54.06,241.0
2025-01-04 00:00:00,DL,17,142,-20.0,-2.97,12.06,37.72,90.93,264.0
2025-01-04 00:00:00,UA,7,173,-11.0,-5.0,-1.99,5.0,27.94,330.0
2025-01-04 00:00:00,WN,10,177,-13.0,-1.99,2.97,15.96,32.14,562.0
2025-01-04 00:00:00,WN,7,240,-11.0,-2.97,-0.99,7.03,19.89,72.0
2025-01-04 00:00:00,WN,6,287,-11.0,-5.0,-1.99,0.0,5.0,325.0
2025-01-04 00:00:00,DL,3,1,-7.0,-7.0,-7.0,-7.0,-7.0,-7.0
2025-01-04 00:00:00,AA,15,119,-12.0,-4.01,-0.99,13.87,48.91,291.0
2025-01-05 00:00:00,AA,14,125,-18.0,-0.99,17.99,67.36,190.59,1139.0
2025-01-05 00:00:00,WN,6,269,-9.0,-5.0,-1.99,2.97,12.06,167.0
2025-01-05 00:00:00,WN,12,231,-10.0,0.0,5.99,21.12,36.97,244.0
2025-01-05 00:00:00,WN,14,203,-12.0,1.99,13.87,25.79,55.15,221.0
2025-01-05 00:00:00,DL,20,78,-12.0,-1.99,7.92,30.27,58.56,762.0
2025-01-05 00:00:00,UA,20,103,-14.0,-2.97,10.07,46.07,127.75,312.0
2025-01-05 00:00:00,DL,0,3,-14.0,-13.87,-5.0,-5.0,-5.0,-4.0
2025-01-05 00:00:00,WN,22,108,-8.0,13.07,32.14,60.95,82.28,187.0
2025-01-05 00:00:00,DL,22,99,-11.0,-2.97,4.01,22.88,47.0,519.0
2025-01-05 00:00:00,UA,7,169,-12.0,-5.0,-1.99,1.99,15.03,743.0
2025-01-05 00:00:00,WN,10,212,-9.0,-1.99,1.99,13.87,26.84,226.0
2025-01-05 00:00:00,WN,7,194,-12.0,-2.97,-0.99,2.97,15.03,160.0
2025-01-05 00:00:00,AA,15,109,-9.0,0.99,40.05,96.55,214.89,1068.0
2025-01-05 00:00:00,DL,3,1,-1.0,-1.0,-1.0,-1.0,-1.0,-1.0
2025-01-05 00:00:00,UA,6,128,-17.0,-5.0,-1.99,1.99,12.06,261.0
2025-01-05 00:00:00,WN,5,197,-11.0,-5.0,-1.99,1.99,15.96,244.0
2025-01-05 00:00:00,AA,16,133,-10.0,-4.01,5.0,43.38,127.75,394.0
2025-01-05 00:00:00,DL,17,138,-13.0,-2.97,2.97,27.94,75.95,362.0
2025-01-05 00:00:00,UA,17,123,-12.0,-1.99,10.91,40.05,132.97,945.0
2025-01-06 00:00:00,AA,15,118,-16.0,-0.99,19.89,62.18,113.31,376.0
2025-01-06 00:00:00,DL,0,2,2.0,2.0,2.0,2.0,2.0,19.0
2025-01-06 00:00:00,DL,3,1,-3.0,-3.0,-3.0,-3.0,-3.0,-3.0
2025-01-06 00:00:00,UA,17,126,-23.0,-0.99,12.06,51.94,122.75,935.0
2025-01-06 00:00:00,DL,20,62,-8.0,-2.97,4.01,19.11,47.95,623.0
2025-01-06 00:00:00,UA,20,117,-14.0,4.01,23.81,51.94,108.86,740.0
2025-01-06 00:00:00,DL,22,81,-17.0,-5.0,-0.99,8.94,34.13,69.0
2025-01-06 00:00:00,WN,5,22,-9.0,-4.01,-1.99,0.0,7.03,26.0
2025-01-06 00:00:00,UA,6,116,-14.0,-5.0,-1.99,7.03,34.82,559.0
2025-01-06 00:00:00,WN,6,198,-10.0,-4.01,-1.99,0.99,25.79,686.0
2025-01-06 00:00:00,UA,7,168,-13.0,-5.0,0.0,15.03,52.99,614.0
2025-01-06 00:00:00,WN,7,204,-11.0,-5.0,-1.99,1.99,15.96,369.0
2025-01-06 00:00:00,WN,10,188,-11.0,-0.99,4.01,19.11,46.07,329.0
2025-01-06 00:00:00,WN,12,201,-11.0,-0.99,10.07,40.05,89.13,625.0
2025-01-06 00:00:00,WN,14,217,-9.0,0.0,12.06,45.15,117.93,421.0
2025-01-06 00:00:00,DL,17,157,-18.0,-5.0,0.0,19.89,50.91,221.0
2025-01-06 00:00:00,AA,14,131,-11.0,0.0,24.78,58.56,111.06,410.0
2025-01-06 00:00:00,AA,16,142,-12.0,0.0,15.96,64.72,120.31,1051.0
2025-01-07 00:00:00,DL,0,1,-4.0,-4.0,-4.0,-4.0,-4.0,-4.0
2025-01-07 00:00:00,UA,7,155,-13.0,-5.99,-4.01,0.99,30.27,293.0
2025-01-07 00:00:00,UA,17,138,-15.0,-1.99,7.92,34.13,63.44,148.0
2025-01-07 00:00:00,UA,20,73,-13.0,-5.0,0.99,13.07,37.72,167.0
2025-01-07 00:00:00,DL,20,71,-15.0,-4.01,2.97,21.98,54.06,139.0
2025-01-07 00:00:00,WN,10,179,-9.0,-1.99,1.99,13.07,55.15,123.0
2025-01-07 00:00:00,WN,6,185,-11.0,-5.0,-1.99,4.01,16.95,190.0
2025-01-07 00:00:00,WN,5,27,-12.0,-2.97,0.0,2.97,13.87,137.0
2025-01-07 00:00:00,UA,6,107,-12.0,-5.99,-2.97,4.01,23.81,287.0
2025-01-07 00:00:00,AA,15,115,-16.0,-5.0,-2.97,1.99,10.91,174.0
2025-01-07 00:00:00,WN,12,178,-10.0,-0.99,7.03,29.08,57.4,255.0
2025-01-07 00:00:00,WN,14,207,-15.0,-0.99,12.06,37.72,60.95,159.0
2025-01-07 00:00:00,DL,22,79,-16.0,-2.97,0.0,12.06,25.79,151.0
2025-01-07 00:00:00,WN,7,171,-10.0,-5.0,-1.99,0.99,22.88,190.0
2025-01-07 00:00:00,DL,17,160,-17.0,-7.03,-2.97,2.97,22.88,263.0
2025-01-07 00:00:00,AA,14,130,-14.0,-5.0,-1.99,10.91,30.27,192.0
2025-01-07 00:00:00,AA,16,124,-18.0,-5.99,-1.99,5.0,19.11,182.0
2025-01-08 00:00:00,UA,6,110,-17.0,-7.92,-5.99,-1.99,5.0,202.0
2025-01-08 00:00:00,DL,20,70,-17.0,-5.99,-1.99,0.0,21.12,90.0
2025-01-08 00:00:00,UA,20,80,-12.0,-5.99,-2.97,2.97,26.84,92.0
2025-01-08 00:00:00,DL,22,81,-14.0,-5.99,-2.97,0.0,5.0,75.0
2025-01-08 00:00:00,AA,14,136,-13.0,-4.01,-0.99,12.06,34.13,177.0
2025-01-08 00:00:00,WN,14,220,-12.0,-5.0,-1.99,4.01,19.89,297.0
2025-01-08 00:00:00,WN,10,194,-12.0,-5.0,-1.99,2.97,13.07,159.0
2025-01-08 00:00:00,WN,6,219,-14.0,-5.0,-2.97,0.0,5.0,175.0
2025-01-08 00:00:00,UA,7,151,-17.0,-7.03,-4.01,-0.99,15.96,563.0
2025-01-08 00:00:00,WN,7,175,-12.0,-5.99,-4.01,-0.99,5.0,124.0
2025-01-08 00:00:00,UA,17,144,-15.0,-5.99,-1.99,5.0,19.89,283.0
2025-01-08 00:00:00,DL,0,1,-13.0,-13.0,-13.0,-13.0,-13.0,-13.0
2025-01-08 00:00:00,AA,15,107,-13.0,-5.0,-1.99,4.01,22.88,83.0
2025-01-08 00:00:00,WN,5,29,-6.0,-5.0,-2.97,-0.99,0.99,40.0
2025-01-08 00:00:00,WN,12,180,-14.0,-5.0,0.0,7.03,16.95,133.0
2025-01-08 00:00:00,AA,16,120,-14.0,-5.99,-1.99,7.03,40.86,218.0
2025-01-08 00:00:00,DL,17,160,-17.0,-10.07,-5.0,0.0,8.94,59.0
2025-01-09 00:00:00,WN,7,177,-12.0,-5.99,-4.01,-0.99,7.03,124.0
2025-01-09 00:00:00,DL,20,64,-13.0,-5.0,0.0,8.94,62.18,282.0
2025-01-09 00:00:00,UA,20,76,-15.0,-2.97,12.06,41.68,72.97,853.0
2025-01-09 00:00:00,AA,14,102,-11.0,-5.99,-1.99,10.07,26.84,403.0
2025-01-09 00:00:00,DL,22,85,-18.0,-5.0,-1.99,5.99,17.99,524.0
2025-01-09 00:00:00,AA,15,64,-10.0,-5.99,-0.99,17.99,49.9,1061.0
2025-01-09 00:00:00,WN,14,195,-11.0,-4.01,2.97,17.99,44.26,435.0
2025-01-09 00:00:00,WN,10,178,-11.0,-4.01,0.0,10.07,27.94,195.0
2025-01-09 00:00:00,WN,12,170,-11.0,-4.01,0.0,13.87,41.68,190.0
2025-01-09 00:00:00,UA,7,169,-12.0,-7.03,-4.01,-0.99,16.95,260.0
2025-01-09 00:00:00,WN,5,29,-10.0,-5.0,-2.97,0.0,2.97,11.0
2025-01-09 00:00:00,WN,6,209,-13.0,-5.0,-2.97,0.0,4.01,79.0
2025-01-09 00:00:00,UA,6,113,-15.0,-7.92,-5.99,-0.99,13.87,142.0
2025-01-09 00:00:00,DL,0,1,-8.0,-8.0,-8.0,-8.0,-8.0,-8.0
2025-01-09 00:00:00,AA,16,102,-13.0,-4.01,0.0,19.11,92.77,284.0
2025-01-09 00:00:00,DL,17,157,-20.0,-7.03,-2.97,7.03,48.91,1075.0
2025-01-09 00:00:00,UA,17,138,-11.0,-1.99,4.01,19.11,68.72,277.0
2025-01-10 00:00:00,WN,14,203,-14.0,-5.0,-0.99,12.06,27.94,272.0
2025-01-10 00:00:00,DL,22,38,-7.0,-2.97,13.07,47.95,159.19,270.0
2025-01-10 00:00:00,UA,17,146,-16.0,-5.0,-0.99,12.06,57.4,296.0
2025-01-10 00:00:00,DL,0,1,-11.0,-11.0,-11.0,-11.0,-11.0,-11.0
2025-01-10 00:00:00,UA,20,83,-21.0,-4.01,5.99,27.94,56.27,143.0
2025-01-10 00:00:00,DL,20,40,-10.0,0.0,39.25,127.75,190.59,856.0
2025-01-10 00:00:00,DL,17,113,-14.0,-5.0,13.07,67.36,308.01,1209.0
2025-01-10 00:00:00,AA,14,110,-10.0,-0.99,13.87,54.06,92.77,423.0
2025-01-10 00:00:00,AA,15,87,-8.0,0.99,19.89,52.99,115.6,899.0
2025-01-10 00:00:00,AA,16,100,-19.0,-2.97,13.07,40.05,82.28,1279.0
2025-01-10 00:00:00,WN,5,27,-7.0,-5.0,-1.99,0.0,4.01,17.0
2025-01-10 00:00:00,WN,12,162,-13.0,-4.01,0.0,7.03,22.88,142.0
2025-01-10 00:00:00,WN,7,155,-14.0,-5.0,-4.01,-0.99,1.99,60.0
2025-01-10 00:00:00,WN,10,177,-13.0,-4.01,-0.99,5.0,15.03,54.0
2025-01-10 00:00:00,UA,7,162,-15.0,-7.03,-4.01,-0.99,12.06,648.0
2025-01-10 00:00:00,UA,6,109,-13.0,-7.03,-5.0,-0.99,19.89,226.0
2025-01-10 00:00:00,WN,6,175,-11.0,-5.0,-2.97,0.0,5.0,110.0
2025-01-11 00:00:00,AA,16,123,-14.0,-5.0,0.0,13.87,47.0,119.0
2025-01-11 00:00:00,UA,20,74,-15.0,-4.01,-0.99,13.07,22.88,97.0
2025-01-11 00:00:00,UA,6,106,-15.0,-7.03,-4.01,-0.99,13.87,215.0
2025-01-11 00:00:00,WN,5,58,-9.0,-5.0,-1.99,0.0,4.01,64.0
2025-01-11 00:00:00,DL,22,61,-6.0,1.99,36.24,100.49,172.45,682.0
2025-01-11 00:00:00,DL,20,61,-14.0,0.99,22.88,57.4,115.6,178.0
2025-01-11 00:00:00,DL,17,143,-15.0,-2.97,19.11,71.53,144.04,827.0
2025-01-11 00:00:00,UA,17,128,-15.0,-4.01,4.01,15.96,45.15,115.0
2025-01-11 00:00:00,WN,14,240,-14.0,-5.0,-0.99,8.94,21.12,244.0
2025-01-11 00:00:00,DL,0,1,-6.0,-6.0,-6.0,-6.0,-6.0,-6.0
2025-01-11 00:00:00,WN,6,183,-13.0,-5.0,-2.97,-0.99,5.0,20.0
2025-01-11 00:00:00,AA,14,126,-10.0,-2.97,5.0,30.88,77.49,314.0
2025-01-11 00:00:00,AA,15,107,-17.0,-4.01,4.01,36.97,83.94,452.0
2025-01-11 00:00:00,WN,12,192,-16.0,-5.0,-0.99,7.03,19.89,193.0
2025-01-11 00:00:00,UA,7,163,-13.0,-5.99,-2.97,0.0,10.91,216.0
2025-01-11 00:00:00,WN,7,196,-14.0,-5.99,-2.97,0.0,5.0,87.0
2025-01-11 00:00:00,WN,10,212,-11.0,-5.0,0.0,7.03,24.78,258.0
2025-01-12 00:00:00,DL,0,1,-9.0,-9.0,-9.0,-9.0,-9.0,-9.0
2025-01-12 00:00:00,UA,17,147,-13.0,-5.0,-0.99,5.99,19.11,237.0
2025-01-12 00:00:00,WN,5,98,-12.0,-5.99,-4.01,-1.99,0.99,178.0
2025-01-12 00:00:00,UA,6,110,-14.0,-7.92,-4.01,-0.99,7.03,474.0
2025-01-12 00:00:00,WN,6,299,-14.0,-5.99,-4.01,-1.99,0.99,46.0
2025-01-12 00:00:00,UA,7,164,-14.0,-5.99,-2.97,0.0,10.07,239.0
2025-01-12 00:00:00,WN,7,214,-11.0,-5.99,-4.01,-0.99,1.99,68.0
2025-01-12 00:00:00,WN,10,233,-14.0,-5.0,-1.99,1.99,16.95,154.0
2025-01-12 00:00:00,WN,12,227,-11.0,-4.01,-0.99,5.99,23.81,232.0
2025-01-12 00:00:00,WN,14,222,-12.0,-4.01,0.0,10.07,27.94,87.0
2025-01-12 00:00:00,AA,15,112,-13.0,-4.01,-0.99,16.95,52.99,243.0
2025-01-12 00:00:00,AA,16,157,-15.0,-4.01,-0.99,8.94,48.91,211.0
2025-01-12 00:00:00,DL,17,162,-16.0,-1.99,10.07,43.38,71.53,433.0
2025-01-12 00:00:00,DL,20,66,-9.0,0.0,17.99,49.9,80.65,119.0
2025-01-12 00:00:00,DL,22,83,-14.0,-4.01,1.99,22.88,45.15,145.0
2025-01-12 00:00:00,AA,14,159,-15.0,-4.01,-0.99,13.87,57.4,243.0
2025-01-12 00:00:00,WN,22,3,-6.0,-5.99,8.94,8.94,8.94,13.0
2025-01-12 00:00:00,UA,20,86,-12.0,-2.97,0.0,13.07,51.94,91.0
2025-01-13 00:00:00,AA,14,149,-20.0,-5.99,-2.97,7.03,47.95,1311.0
2025-01-13 00:00:00,AA,16,141,-18.0,-5.99,-2.97,4.01,40.05,1424.0
2025-01-13 00:00:00,DL,22,86,-18.0,-8.94,-5.99,-2.97,0.99,111.0
2025-01-13 00:00:00,WN,6,224,-13.0,-5.99,-5.0,-1.99,1.99,131.0
2025-01-13 00:00:00,WN,14,218,-14.0,-5.99,-4.01,0.0,7.03,158.0
2025-01-13 00:00:00,AA,15,117,-16.0,-7.03,-2.97,1.99,10.91,58.0
2025-01-13 00:00:00,WN,12,182,-11.0,-5.99,-4.01,0.99,7.92,118.0
2025-01-13 00:00:00,DL,0,1,-9.0,-9.0,-9.0,-9.0,-9.0,-9.0
2025-01-13 00:00:00,DL,17,167,-20.0,-7.92,-4.01,1.99,16.95,148.0
2025-01-13 00:00:00,UA,20,81,-15.0,-5.99,-1.99,7.03,39.25,181.0
2025-01-13 00:00:00,UA,6,111,-15.0,-7.92,-5.99,-2.97,2.97,179.0
2025-01-13 00:00:00,UA,7,174,-17.0,-7.92,-5.0,-1.99,1.99,114.0
2025-01-13 00:00:00,UA,17,141,-15.0,-5.99,-4.01,1.99,15.96,221.0
2025-01-13 00:00:00,DL,20,69,-14.0,-7.92,-4.01,0.0,16.95,58.0
2025-01-13 00:00:00,WN,10,200,-12.0,-5.0,-2.97,0.0,7.92,158.0
2025-01-13 00:00:00,WN,5,29,-10.0,-7.03,-5.0,-2.97,-0.99,15.0
2025-01-13 00:00:00,WN,7,190,-13.0,-5.99,-4.01,-1.99,0.0,97.0
2025-01-14 00:00:00,WN,10,200,-14.0,-5.99,-4.01,-0.99,7.03,94.0
2025-01-14 00:00:00,WN,6,224,-12.0,-7.03,-5.0,-2.97,0.0,120.0
2025-01-14 00:00:00,UA,7,150,-19.0,-8.94,-5.99,-2.97,4.01,148.0
2025-01-14 00:00:00,AA,15,115,-17.0,-7.92,-5.0,-1.99,5.99,115.0
2025-01-14 00:00:00,WN,7,190,-10.0,-7.03,-5.0,-1.99,0.0,94.0
2025-01-14 00:00:00,DL,0,1,-19.0,-19.0,-19.0,-19.0,-19.0,-19.0
2025-01-14 00:00:00,AA,16,124,-14.0,-7.92,-5.0,-1.99,13.87,1122.0
2025-01-14 00:00:00,DL,20,68,-14.0,-5.99,-4.01,0.0,17.99,97.0
2025-01-14 00:00:00,DL,22,79,-21.0,-8.94,-5.99,-2.97,0.99,188.0
2025-01-14 00:00:00,DL,17,162,-24.0,-10.07,-5.99,-1.99,10.91,136.0
2025-01-14 00:00:00,UA,17,138,-15.0,-7.92,-5.0,-0.99,13.07,158.0
2025-01-14 00:00:00,UA,20,74,-23.0,-7.03,-4.01,-0.99,10.07,98.0
2025-01-14 00:00:00,WN,5,29,-9.0,-5.99,-4.01,-1.99,4.01,27.0
2025-01-14 00:00:00,AA,14,132,-18.0,-7.92,-4.01,0.0,13.07,484.0
2025-01-14 00:00:00,WN,12,182,-14.0,-5.99,-4.01,0.0,13.87,144.0
2025-01-14 00:00:00,WN,14,220,-13.0,-7.03,-4.01,0.0,10.07,144.0
2025-01-14 00:00:00,UA,6,108,-20.0,-10.07,-7.03,-2.97,0.0,539.0
2025-01-15 00:00:00,DL,0,1,-16.0,-16.0,-16.0,-16.0,-16.0,-16.0
2025-01-15 00:00:00,UA,17,145,-15.0,-7.03,-4.01,-0.99,7.92,210.0
2025-01-15 00:00:00,WN,5,29,-10.0,-5.99,-4.01,-0.99,0.0,23.0
2025-01-15 00:00:00,DL,22,80,-14.0,-7.92,-4.01,0.0,5.0,185.0
2025-01-15 00:00:00,UA,7,153,-17.0,-7.92,-5.99,-1.99,0.99,210.0
2025-01-15 00:00:00,DL,20,71,-16.0,-7.92,-5.0,0.0,12.06,30.0
2025-01-15 00:00:00,AA,16,129,-19.0,-7.03,-4.01,-0.99,13.87,130.0
2025-01-15 00:00:00,DL,17,161,-25.0,-8.94,-5.99,-1.99,10.07,744.0
2025-01-15 00:00:00,AA,15,116,-13.0,-7.03,-5.0,-0.99,15.03,154.0
2025-01-15 00:00:00,WN,14,220,-11.0,-5.99,-2.97,-0.99,5.99,222.0
2025-01-15 00:00:00,UA,20,81,-18.0,-5.99,-2.97,0.0,13.87,145.0
2025-01-15 00:00:00,WN,10,201,-13.0,-5.99,-2.97,0.0,5.0,118.0
2025-01-15 00:00:00,AA,14,139,-14.0,-7.03,-4.01,-0.99,5.99,145.0
2025-01-15 00:00:00,WN,12,182,-12.0,-5.99,-2.97,0.99,8.94,192.0
2025-01-15 00:00:00,WN,6,224,-15.0,-5.99,-4.01,-1.99,0.99,291.0
2025-01-15 00:00:00,WN,7,190,-13.0,-7.03,-5.0,-2.97,0.0,481.0
2025-01-15 00:00:00,UA,6,110,-14.0,-7.92,-7.03,-4.01,0.0,175.0
2025-01-16 00:00:00,DL,0,1,-8.0,-8.0,-8.0,-8.0,-8.0,-8.0
2025-01-16 00:00:00,UA,20,82,-17.0,-5.99,-2.97,2.97,15.03,112.0
2025-01-16 00:00:00,WN,5,97,-10.0,-5.99,-4.01,-0.99,2.97,100.0
2025-01-16 00:00:00,UA,6,113,-15.0,-8.94,-5.99,-1.99,4.01,224.0
2025-01-16 00:00:00,WN,6,308,-13.0,-5.99,-4.01,-0.99,0.99,102.0
2025-01-16 00:00:00,UA,7,170,-13.0,-7.03,-5.0,-2.97,1.99,264.0
2025-01-16 00:00:00,WN,7,212,-12.0,-5.99,-4.01,-0.99,0.0,291.0
2025-01-16 00:00:00,WN,10,230,-13.0,-5.0,-2.97,0.0,5.0,241.0
2025-01-16 00:00:00,DL,20,68,-13.0,-5.99,-1.99,10.07,36.24,233.0
2025-01-16 00:00:00,WN,12,222,-13.0,-5.0,-2.97,0.99,7.03,230.0
2025-01-16 00:00:00,WN,14,222,-11.0,-4.01,-0.99,1.99,13.07,205.0
2025-01-16 00:00:00,WN,22,3,-7.0,-7.0,-4.01,-4.01,-4.01,1.0
2025-01-16 00:00:00,DL,22,84,-19.0,-5.99,-4.01,0.0,7.03,134.0
2025-01-16 00:00:00,UA,17,146,-16.0,-5.99,-2.97,0.0,10.91,282.0
2025-01-16 00:00:00,AA,14,158,-16.0,-5.0,-2.97,4.01,36.97,217.0
2025-01-16 00:00:00,DL,17,166,-15.0,-7.03,-2.97,4.01,21.12,188.0
2025-01-16 00:00:00,AA,15,115,-12.0,-5.99,-1.99,4.01,25.79,175.0
2025-01-16 00:00:00,AA,16,154,-15.0,-5.0,-1.99,5.0,29.08,252.0
2025-01-17 00:00:00,WN,6,308,-13.0,-5.0,-2.97,0.0,4.01,83.0
2025-01-17 00:00:00,WN,5,98,-10.0,-4.01,-1.99,-0.99,2.97,27.0
2025-01-17 00:00:00,WN,14,223,-15.0,-4.01,-0.99,5.0,13.87,93.0
2025-01-17 00:00:00,UA,7,171,-13.0,-7.03,-4.01,-0.99,1.99,754.0
2025-01-17 00:00:00,WN,7,213,-14.0,-5.0,-1.99,0.0,4.01,412.0
2025-01-17 00:00:00,WN,10,231,-12.0,-4.01,-1.99,1.99,8.94,118.0
2025-01-17 00:00:00,WN,12,224,-13.0,-4.01,-0.99,4.01,16.95,267.0
2025-01-17 00:00:00,AA,14,150,-12.0,-4.01,-1.99,5.0,29.08,123.0
2025-01-17 00:00:00,AA,15,117,-14.0,-4.01,-0.99,17.99,64.72,555.0
2025-01-17 00:00:00,DL,20,71,-13.0,-5.99,-2.97,5.99,27.94,71.0
2025-01-17 00:00:00,DL,0,2,-11.0,-10.91,-10.91,-10.91,-10.91,-10.0
2025-01-17 00:00:00,UA,20,83,-15.0,-5.0,-0.99,7.92,23.81,169.0
2025-01-17 00:00:00,WN,22,3,-8.0,-7.92,-7.03,-7.03,-7.03,-2.0
2025-01-17 00:00:00,DL,22,87,-17.0,-5.99,-2.97,0.0,10.07,61.0
2025-01-17 00:00:00,AA,16,141,-16.0,-5.0,-1.99,2.97,22.88,281.0
2025-01-17 00:00:00,UA,17,147,-14.0,-5.0,-2.97,2.97,17.99,162.0
2025-01-17 00:00:00,UA,6,111,-13.0,-7.03,-5.0,-0.99,1.99,26.0
2025-01-17 00:00:00,DL,17,167,-15.0,-5.99,-2.97,2.97,22.88,735.0
2025-01-18 00:00:00,WN,7,201,-10.0,-5.0,-2.97,-0.99,4.01,174.0
2025-01-18 00:00:00,DL,20,58,-17.0,-5.99,-4.01,7.03,19.11,65.0
2025-01-18 00:00:00,WN,10,210,-11.0,-4.01,-0.99,5.0,13.87,157.0
2025-01-18 00:00:00,WN,5,58,-10.0,-5.99,-4.01,-0.99,2.97,13.0
2025-01-18 00:00:00,UA,7,163,-15.0,-5.99,-2.97,0.0,13.07,88.0
2025-01-18 00:00:00,DL,22,66,-12.0,-5.99,-4.01,5.0,13.87,156.0
2025-01-18 00:00:00,UA,6,107,-16.0,-7.92,-5.0,-2.97,2.97,602.0
2025-01-18 00:00:00,WN,12,193,-13.0,-4.01,-0.99,7.03,16.95,118.0
2025-01-18 00:00:00,AA,14,121,-17.0,-5.99,-2.97,0.0,13.87,70.0
2025-01-18 00:00:00,WN,14,233,-13.0,-4.01,0.0,5.99,21.98,169.0
2025-01-18 00:00:00,AA,15,103,-15.0,-5.99,-2.97,2.97,13.87,120.0
2025-01-18 00:00:00,AA,16,118,-17.0,-5.99,-2.97,0.99,10.91,180.0
2025-01-18 00:00:00,WN,6,191,-13.0,-5.0,-2.97,0.0,4.01,220.0
2025-01-18 00:00:00,UA,20,75,-13.0,-5.0,-0.99,5.99,23.81,183.0
2025-01-18 00:00:00,DL,17,149,-30.0,-8.94,-5.0,0.99,19.89,180.0
2025-01-18 00:00:00,UA,17,129,-16.0,-5.99,-0.99,7.92,27.94,103.0
2025-01-18 00:00:00,DL,0,2,-28.0,-27.94,-27.94,-27.94,-27.94,0.0
2025-01-19 00:00:00,UA,6,108,-15.0,-7.92,-5.0,-0.99,5.0,320.0
2025-01-19 00:00:00,WN,7,148,-13.0,-5.99,-4.01,-0.99,7.92,87.0
2025-01-19 00:00:00,AA,15,110,-13.0,-4.01,0.0,19.11,47.0,158.0
2025-01-19 00:00:00,AA,14,152,-16.0,-4.01,-0.99,19.11,57.4,338.0
2025-01-19 00:00:00,WN,10,205,-11.0,-4.01,-1.99,4.01,13.87,127.0
2025-01-19 00:00:00,WN,12,184,-11.0,-4.01,0.0,8.94,29.08,119.0
2025-01-19 00:00:00,WN,14,218,-13.0,-2.97,0.99,12.06,30.88,231.0
2025-01-19 00:00:00,WN,6,182,-11.0,-5.99,-4.01,-0.99,2.97,112.0
2025-01-19 00:00:00,UA,7,157,-12.0,-7.03,-4.01,-1.99,7.03,406.0
2025-01-19 00:00:00,WN,5,25,-10.0,-5.0,-4.01,1.99,5.99,274.0
2025-01-19 00:00:00,AA,16,148,-13.0,-5.0,-0.99,15.03,48.91,430.0
2025-01-19 00:00:00,DL,17,140,-14.0,-5.99,-2.97,5.99,22.88,91.0
2025-01-19 00:00:00,DL,22,67,-12.0,-5.0,-1.99,1.99,77.49,439.0
2025-01-19 00:00:00,UA,17,130,-10.0,-5.0,0.0,13.87,47.95,336.0
2025-01-19 00:00:00,DL,20,58,-15.0,-5.99,-0.99,21.12,79.05,645.0
2025-01-19 00:00:00,UA,20,71,-15.0,-2.97,5.0,29.08,46.07,196.0
2025-01-19 00:00:00,DL,0,1,-9.0,-9.0,-9.0,-9.0,-9.0,-9.0
2025-01-20 00:00:00,WN,12,225,-9.0,-0.99,8.94,32.14,56.27,168.0
2025-01-20 00:00:00,WN,7,212,-10.0,-5.0,-1.99,0.99,10.91,79.0
2025-01-20 00:00:00,WN,10,230,-18.0,-2.97,1.99,15.03,43.38,255.0
2025-01-20 00:00:00,DL,22,88,-11.0,-4.01,0.0,12.06,39.25,634.0
2025-01-20 00:00:00,WN,22,3,-5.0,-5.0,-4.01,-4.01,-4.01,57.0
2025-01-20 00:00:00,AA,16,141,-10.0,-4.01,-0.99,10.91,47.95,146.0
2025-01-20 00:00:00,WN,6,301,-14.0,-5.0,-2.97,0.0,8.94,182.0
2025-01-20 00:00:00,DL,17,167,-16.0,-2.97,8.94,27.94,89.13,417.0
2025-01-20 00:00:00,UA,7,168,-13.0,-5.99,-1.99,1.99,13.07,151.0
2025-01-20 00:00:00,UA,17,146,-15.0,-1.99,4.01,19.11,64.72,368.0
2025-01-20 00:00:00,UA,20,75,-20.0,-1.99,7.03,21.98,39.25,170.0
2025-01-20 00:00:00,DL,20,96,-14.0,-0.99,12.06,50.91,102.52,242.0
2025-01-20 00:00:00,DL,0,2,-1.0,-0.99,-0.99,-0.99,-0.99,30.0
2025-01-20 00:00:00,AA,15,118,-9.0,-2.97,1.99,19.89,48.91,244.0
2025-01-20 00:00:00,AA,14,148,-9.0,-2.97,0.99,19.89,51.94,496.0
2025-01-20 00:00:00,WN,5,98,-9.0,-4.01,-1.99,0.99,10.07,229.0
2025-01-20 00:00:00,WN,14,221,-8.0,0.0,13.87,34.13,74.45,147.0
2025-01-20 00:00:00,UA,6,104,-18.0,-5.0,-1.99,5.99,27.94,121.0
2025-01-21 00:00:00,UA,17,117,-22.0,-5.0,-0.99,2.97,21.98,131.0
2025-01-21 00:00:00,AA,16,119,-16.0,-5.0,-1.99,2.97,15.03,799.0
2025-01-21 00:00:00,WN,6,181,-11.0,-5.99,-2.97,-0.99,5.99,212.0
2025-01-21 00:00:00,UA,7,107,-13.0,-7.03,-5.0,-0.99,7.03,231.0
2025-01-21 00:00:00,DL,17,142,-20.0,-5.99,5.0,57.4,190.59,1036.0
2025-01-21 00:00:00,WN,7,168,-10.0,-5.0,-2.97,0.0,19.89,268.0
2025-01-21 00:00:00,WN,5,29,-11.0,-5.0,-2.97,0.0,0.99,6.0
2025-01-21 00:00:00,WN,14,194,-11.0,-4.01,0.99,8.94,24.78,317.0
2025-01-21 00:00:00,WN,10,185,-10.0,-2.97,2.97,13.07,30.88,188.0
2025-01-21 00:00:00,AA,15,112,-13.0,-5.0,-1.99,5.0,19.89,174.0
2025-01-21 00:00:00,UA,6,85,-16.0,-7.92,-4.01,-0.99,5.99,68.0
2025-01-21 00:00:00,AA,14,124,-13.0,-5.0,-1.99,7.03,27.94,468.0
2025-01-21 00:00:00,DL,0,4,-9.0,-8.94,-7.92,-4.01,-4.01,0.0
2025-01-21 00:00:00,WN,12,170,-13.0,-5.0,0.0,10.07,26.84,197.0
2025-01-21 00:00:00,DL,22,66,-18.0,-5.0,37.72,162.41,206.46,1061.0
2025-01-21 00:00:00,DL,20,66,-14.0,-1.99,21.12,94.64,186.82,677.0
2025-01-21 00:00:00,UA,20,45,-14.0,-4.01,0.99,23.81,30.88,703.0
2025-01-22 00:00:00,WN,14,203,-11.0,-5.0,-0.99,4.01,13.87,48.0
2025-01-22 00:00:00,DL,0,2,-20.0,-19.89,-19.89,-19.89,-19.89,-3.0
2025-01-22 00:00:00,WN,6,189,-12.0,-5.99,-2.97,-0.99,13.07,277.0
2025-01-22 00:00:00,UA,6,94,-16.0,-7.92,-5.99,-1.99,46.07,247.0
2025-01-22 00:00:00,UA,17,141,-21.0,-5.99,-0.99,7.92,32.79,328.0
2025-01-22 00:00:00,AA,15,116,-20.0,-5.99,-2.97,4.01,25.79,86.0
2025-01-22 00:00:00,AA,16,124,-20.0,-5.99,-2.97,1.99,32.79,248.0
2025-01-22 00:00:00,DL,17,150,-17.0,-5.0,1.99,41.68,90.93,925.0
2025-01-22 00:00:00,AA,14,132,-13.0,-5.99,-1.99,7.03,30.88,422.0
2025-01-22 00:00:00,UA,7,122,-18.0,-7.92,-4.01,-0.99,49.9,207.0
2025-01-22 00:00:00,WN,7,171,-12.0,-5.99,-2.97,0.0,21.98,163.0
2025-01-22 00:00:00,WN,10,184,-10.0,-5.0,-2.97,1.99,10.91,77.0
2025-01-22 00:00:00,WN,12,169,-13.0,-5.0,-1.99,5.0,19.11,266.0
2025-01-22 00:00:00,WN,5,27,-9.0,-5.99,-5.0,-2.97,1.99,25.0
2025-01-22 00:00:00,DL,20,71,-17.0,-1.99,10.91,40.86,113.31,152.0
2025-01-22 00:00:00,UA,20,79,-17.0,-1.99,4.01,10.07,22.88,84.0
2025-01-22 00:00:00,DL,22,80,-10.0,-0.99,7.03,43.38,77.49,649.0
2025-01-23 00:00:00,DL,17,167,-24.0,-5.99,0.0,13.87,58.56,274.0
2025-01-23 00:00:00,AA,14,157,-13.0,-5.0,-0.99,24.78,111.06,375.0
2025-01-23 00:00:00,WN,10,192,-12.0,-5.0,-1.99,4.01,13.07,101.0
2025-01-23 00:00:00,UA,20,83,-13.0,-5.0,0.0,17.99,43.38,188.0
2025-01-23 00:00:00,WN,14,214,-12.0,-5.0,-0.99,10.07,50.91,202.0
2025-01-23 00:00:00,WN,12,175,-10.0,-5.0,-1.99,2.97,15.03,344.0
2025-01-23 00:00:00,DL,22,91,-13.0,-5.0,-1.99,10.91,39.25,542.0
2025-01-23 00:00:00,DL,0,2,-10.0,-10.0,-10.0,-10.0,-10.0,-4.0
2025-01-23 00:00:00,WN,5,29,-7.0,-4.01,-1.99,0.0,4.01,99.0
2025-01-23 00:00:00,UA,6,111,-17.0,-7.92,-5.99,-2.97,7.92,104.0
2025-01-23 00:00:00,WN,6,216,-13.0,-5.99,-4.01,-1.99,2.97,221.0
2025-01-23 00:00:00,UA,7,166,-14.0,-7.03,-5.0,-2.97,1.99,400.0
2025-01-23 00:00:00,WN,7,179,-12.0,-5.99,-4.01,-0.99,1.99,54.0
2025-01-23 00:00:00,DL,20,99,-17.0,-5.0,0.0,13.87,47.0,129.0
2025-01-23 00:00:00,AA,16,150,-11.0,-4.01,-0.99,21.12,71.53,375.0
2025-01-23 00:00:00,UA,17,147,-14.0,-5.99,-2.97,5.99,41.68,740.0
2025-01-23 00:00:00,AA,15,113,-12.0,-5.99,-1.99,12.06,51.94,295.0
2025-01-24 00:00:00,DL,17,170,-20.0,-7.03,-2.97,10.91,58.56,274.0
2025-01-24 00:00:00,WN,10,201,-10.0,-4.01,-0.99,5.0,16.95,165.0
2025-01-24 00:00:00,AA,15,118,-16.0,-5.0,-1.99,8.94,37.72,134.0
2025-01-24 00:00:00,AA,16,141,-18.0,-5.99,-2.97,10.07,55.15,127.0
2025-01-24 00:00:00,UA,7,173,-14.0,-7.92,-5.99,-2.97,5.99,704.0
2025-01-24 00:00:00,UA,20,81,-14.0,-7.03,-2.97,5.0,30.27,220.0
2025-01-24 00:00:00,DL,22,91,-14.0,-7.03,-5.0,0.0,16.95,82.0
2025-01-24 00:00:00,DL,20,100,-18.0,-5.99,-4.01,5.0,36.97,167.0
2025-01-24 00:00:00,WN,7,189,-13.0,-5.0,-2.97,0.0,7.03,208.0
2025-01-24 00:00:00,UA,17,147,-16.0,-7.03,-4.01,0.99,13.07,227.0
2025-01-24 00:00:00,UA,6,109,-13.0,-7.92,-5.0,-1.99,2.97,565.0
2025-01-24 00:00:00,AA,14,150,-13.0,-5.0,-1.99,12.06,39.25,150.0
2025-01-24 00:00:00,WN,6,223,-10.0,-5.0,-2.97,-0.99,7.03,106.0
2025-01-24 00:00:00,WN,5,29,-7.0,-5.0,-2.97,-0.99,0.0,5.0
2025-01-24 00:00:00,DL,0,4,-15.0,-15.0,-15.0,-11.0,-11.0,-11.0
2025-01-24 00:00:00,WN,14,220,-12.0,-5.0,-0.99,7.92,26.84,414.0
2025-01-24 00:00:00,WN,12,182,-15.0,-4.01,-0.99,2.97,19.11,101.0
2025-01-25 00:00:00,DL,22,66,-17.0,-5.0,-1.99,4.01,10.91,139.0
2025-01-25 00:00:00,DL,20,63,-18.0,-7.92,-4.01,4.01,17.99,136.0
2025-01-25 00:00:00,AA,15,109,-17.0,-7.92,-5.0,-0.99,15.96,163.0
2025-01-25 00:00:00,WN,7,201,-11.0,-5.99,-4.01,-1.99,0.99,168.0
2025-01-25 00:00:00,WN,6,193,-13.0,-5.99,-4.01,-1.99,0.0,139.0
2025-01-25 00:00:00,UA,7,159,-16.0,-7.03,-5.0,-0.99,8.94,292.0
2025-01-25 00:00:00,UA,20,74,-15.0,-5.0,-0.99,10.07,39.25,165.0
2025-01-25 00:00:00,AA,16,127,-26.0,-7.03,-4.01,2.97,24.78,147.0
2025-01-25 00:00:00,WN,5,58,-10.0,-5.99,-4.01,-1.99,1.99,7.0
2025-01-25 00:00:00,DL,0,4,-15.0,-15.0,-13.07,-13.07,-13.07,8.0
2025-01-25 00:00:00,UA,6,107,-14.0,-8.94,-5.0,-0.99,7.92,168.0
2025-01-25 00:00:00,DL,17,152,-21.0,-10.07,-5.99,-0.99,23.81,191.0
2025-01-25 00:00:00,UA,17,129,-15.0,-5.0,-0.99,16.95,52.99,262.0
2025-01-25 00:00:00,WN,14,239,-13.0,-5.0,-0.99,10.91,39.25,181.0
2025-01-25 00:00:00,WN,10,210,-13.0,-5.0,-2.97,2.97,15.03,107.0
2025-01-25 00:00:00,WN,12,190,-14.0,-5.0,-1.99,7.03,32.14,139.0
2025-01-25 00:00:00,AA,14,129,-16.0,-7.92,-5.0,0.99,13.07,324.0
2025-01-26 00:00:00,UA,17,145,-14.0,-5.99,-2.97,0.0,5.99,67.0
2025-01-26 00:00:00,WN,10,232,-14.0,-5.99,-2.97,0.99,10.07,176.0
2025-01-26 00:00:00,UA,7,165,-16.0,-7.92,-5.99,-1.99,1.99,169.0
2025-01-26 00:00:00,WN,5,96,-12.0,-5.99,-4.01,-0.99,5.0,98.0
2025-01-26 00:00:00,UA,6,110,-13.0,-7.92,-5.99,-2.97,0.99,88.0
2025-01-26 00:00:00,WN,6,299,-12.0,-7.03,-5.0,-1.99,1.99,326.0
2025-01-26 00:00:00,DL,0,1,-10.0,-10.0,-10.0,-10.0,-10.0,-10.0
2025-01-26 00:00:00,WN,7,213,-13.0,-7.03,-5.0,-1.99,2.97,211.0
2025-01-26 00:00:00,UA,20,85,-16.0,-2.97,0.99,10.91,36.24,129.0
2025-01-26 00:00:00,DL,20,100,-15.0,-7.03,-1.99,5.0,36.97,299.0
2025-01-26 00:00:00,DL,22,90,-16.0,-5.99,-2.97,2.97,16.95,156.0
2025-01-26 00:00:00,AA,14,157,-21.0,-4.01,-1.99,7.03,22.88,250.0
2025-01-26 00:00:00,DL,17,170,-19.0,-7.03,-4.01,0.0,13.07,140.0
2025-01-26 00:00:00,WN,12,227,-12.0,-5.0,-0.99,7.03,21.98,125.0
2025-01-26 00:00:00,WN,22,3,-13.0,-13.0,-7.92,-7.92,-7.92,7.0
2025-01-26 00:00:00,WN,14,220,-14.0,-4.01,0.0,10.07,22.88,142.0
2025-01-26 00:00:00,AA,16,157,-20.0,-5.0,-0.99,7.92,34.13,462.0
2025-01-26 00:00:00,AA,15,113,-11.0,-5.0,-1.99,10.07,30.88,381.0
2025-01-27 00:00:00,AA,16,142,-15.0,-5.99,-2.97,0.99,21.98,154.0
2025-01-27 00:00:00,UA,17,141,-17.0,-7.92,-5.0,-1.99,8.94,161.0
2025-01-27 00:00:00,DL,17,167,-17.0,-10.07,-5.99,-0.99,13.07,157.0
2025-01-27 00:00:00,WN,6,224,-14.0,-5.99,-4.01,-1.99,0.99,564.0
2025-01-27 00:00:00,UA,7,172,-18.0,-8.94,-5.99,-2.97,0.0,552.0
2025-01-27 00:00:00,WN,10,201,-11.0,-5.0,-1.99,1.99,13.07,93.0
2025-01-27 00:00:00,WN,14,220,-12.0,-5.0,-1.99,1.99,17.99,100.0
2025-01-27 00:00:00,AA,14,147,-18.0,-5.99,-2.97,5.0,22.88,168.0
2025-01-27 00:00:00,DL,22,91,-16.0,-8.94,-5.99,-1.99,5.99,444.0
2025-01-27 00:00:00,AA,15,120,-17.0,-5.99,-4.01,2.97,25.79,206.0
2025-01-27 00:00:00,WN,7,190,-10.0,-5.99,-4.01,-1.99,5.0,97.0
2025-01-27 00:00:00,WN,5,29,-12.0,-7.03,-5.0,-2.97,-0.99,2.0
2025-01-27 00:00:00,UA,6,110,-16.0,-8.94,-5.99,-4.01,-0.99,33.0
2025-01-27 00:00:00,WN,12,182,-12.0,-5.0,-1.99,2.97,15.96,55.0
2025-01-27 00:00:00,DL,0,4,-18.0,-17.99,-16.95,-10.07,-10.07,5.0
2025-01-27 00:00:00,DL,20,92,-19.0,-7.92,-5.0,-0.99,10.91,124.0
2025-01-27 00:00:00,UA,20,81,-19.0,-7.92,-4.01,-0.99,17.99,121.0
2025-01-28 00:00:00,UA,17,138,-19.0,-7.92,-5.99,0.0,12.06,251.0
2025-01-28 00:00:00,UA,7,150,-16.0,-8.94,-7.03,-2.97,4.01,359.0
2025-01-28 00:00:00,DL,0,1,-5.0,-5.0,-5.0,-5.0,-5.0,-5.0
2025-01-28 00:00:00,DL,17,168,-24.0,-10.07,-7.03,-2.97,2.97,205.0
2025-01-28 00:00:00,DL,22,84,-22.0,-10.07,-5.99,-2.97,0.0,30.0
2025-01-28 00:00:00,WN,7,189,-12.0,-7.03,-5.0,-2.97,-0.99,50.0
2025-01-28 00:00:00,WN,14,220,-14.0,-7.03,-5.0,-1.99,0.99,56.0
2025-01-28 00:00:00,AA,15,115,-13.0,-7.92,-5.99,-2.97,2.97,99.0
2025-01-28 00:00:00,UA,20,74,-20.0,-10.07,-7.03,-2.97,2.97,60.0
2025-01-28 00:00:00,AA,14,133,-15.0,-7.92,-5.99,-1.99,10.91,320.0
2025-01-28 00:00:00,WN,10,201,-14.0,-5.99,-4.01,-0.99,5.0,86.0
2025-01-28 00:00:00,WN,12,182,-15.0,-7.03,-5.0,-0.99,1.99,93.0
2025-01-28 00:00:00,DL,20,65,-18.0,-7.92,-5.99,-0.99,7.92,114.0
2025-01-28 00:00:00,WN,6,224,-14.0,-7.03,-5.0,-2.97,-0.99,53.0
2025-01-28 00:00:00,AA,16,125,-18.0,-7.92,-5.0,-1.99,2.97,94.0
2025-01-28 00:00:00,WN,5,29,-12.0,-7.92,-5.99,-2.97,-0.99,2.0
2025-01-28 00:00:00,UA,6,108,-17.0,-8.94,-7.03,-2.97,8.94,157.0
2025-01-29 00:00:00,DL,17,166,-21.0,-8.94,-5.99,-1.99,7.03,129.0
2025-01-29 00:00:00,UA,20,81,-17.0,-5.99,-1.99,1.99,12.06,165.0
2025-01-29 00:00:00,WN,7,188,-15.0,-7.03,-5.0,-2.97,0.0,158.0
2025-01-29 00:00:00,WN,6,223,-14.0,-5.99,-5.0,-2.97,-0.99,104.0
2025-01-29 00:00:00,UA,7,152,-14.0,-8.94,-7.03,-4.01,0.99,199.0
2025-01-29 00:00:00,DL,0,1,-10.0,-10.0,-10.0,-10.0,-10.0,-10.0
2025-01-29 00:00:00,WN,5,29,-12.0,-5.99,-5.0,-2.97,0.0,6.0
2025-01-29 00:00:00,UA,6,110,-16.0,-10.07,-7.03,-2.97,4.01,160.0
2025-01-29 00:00:00,DL,20,64,-13.0,-7.92,-5.99,-1.99,10.07,71.0
2025-01-29 00:00:00,WN,12,182,-15.0,-5.99,-2.97,0.0,5.99,130.0
2025-01-29 00:00:00,DL,22,86,-14.0,-7.92,-5.0,-2.97,7.92,164.0
2025-01-29 00:00:00,AA,14,136,-26.0,-7.03,-4.01,0.0,12.06,137.0
2025-01-29 00:00:00,WN,10,201,-13.0,-5.99,-4.01,-0.99,2.97,117.0
2025-01-29 00:00:00,UA,17,145,-18.0,-7.92,-4.01,0.99,23.81,136.0
2025-01-29 00:00:00,WN,14,220,-12.0,-5.99,-4.01,-0.99,4.01,93.0
2025-01-29 00:00:00,AA,16,123,-12.0,-7.03,-4.01,1.99,13.87,115.0
2025-01-29 00:00:00,AA,15,118,-13.0,-7.03,-4.01,0.0,26.84,242.0
2025-01-30 00:00:00,UA,17,146,-13.0,-5.0,-2.97,0.99,23.81,351.0
2025-01-30 00:00:00,DL,20,92,-21.0,-7.92,-5.0,0.0,12.06,166.0
2025-01-30 00:00:00,UA,20,81,-13.0,-5.0,-0.99,10.91,30.27,87.0
2025-01-30 00:00:00,DL,22,90,-19.0,-7.03,-4.01,0.99,15.03,60.0
2025-01-30 00:00:00,WN,6,216,-11.0,-5.0,-4.01,-0.99,1.99,243.0
2025-01-30 00:00:00,UA,7,171,-15.0,-7.92,-5.0,-1.99,0.99,219.0
2025-01-30 00:00:00,WN,7,182,-10.0,-5.0,-4.01,-1.99,0.99,210.0
2025-01-30 00:00:00,WN,10,199,-12.0,-5.0,-0.99,5.0,19.11,196.0
2025-01-30 00:00:00,WN,5,29,-9.0,-5.0,-2.97,-0.99,0.99,95.0
2025-01-30 00:00:00,UA,6,110,-13.0,-8.94,-5.99,-4.01,-0.99,53.0
2025-01-30 00:00:00,DL,0,1,-9.0,-9.0,-9.0,-9.0,-9.0,-9.0
2025-01-30 00:00:00,WN,12,179,-10.0,-4.01,-0.99,4.01,15.03,144.0
2025-01-30 00:00:00,WN,14,216,-11.0,-4.01,-0.99,7.92,24.78,327.0
2025-01-30 00:00:00,AA,14,157,-16.0,-5.0,0.0,13.07,43.38,126.0
2025-01-30 00:00:00,AA,15,112,-12.0,-4.01,0.0,15.96,49.9,191.0
2025-01-30 00:00:00,AA,16,151,-13.0,-5.0,-0.99,13.87,50.91,1468.0
2025-01-30 00:00:00,DL,17,167,-18.0,-7.92,-4.01,1.99,16.95,108.0
2025-01-31 00:00:00,WN,5,28,-12.0,-5.0,-2.97,0.0,5.99,111.0
2025-01-31 00:00:00,UA,6,112,-17.0,-7.92,-5.99,-2.97,0.0,342.0
2025-01-31 00:00:00,WN,6,220,-11.0,-5.0,-2.97,0.0,13.07,209.0
2025-01-31 00:00:00,UA,7,171,-12.0,-7.03,-5.99,-2.97,0.99,143.0
2025-01-31 00:00:00,WN,7,190,-10.0,-5.99,-4.01,-0.99,16.95,104.0
2025-01-31 00:00:00,DL,0,1,-15.0,-15.0,-15.0,-15.0,-15.0,-15.0
2025-01-31 00:00:00,DL,20,92,-20.0,-7.92,-4.01,1.99,24.78,96.0
2025-01-31 00:00:00,WN,10,200,-10.0,-4.01,-0.99,2.97,25.79,119.0
2025-01-31 00:00:00,AA,14,151,-19.0,-5.99,-1.99,1.99,19.11,311.0
2025-01-31 00:00:00,DL,22,91,-14.0,-5.99,-2.97,5.99,21.98,471.0
2025-01-31 00:00:00,UA,20,82,-14.0,-5.99,-2.97,7.03,17.99,51.0
2025-01-31 00:00:00,UA,17,147,-13.0,-5.99,-1.99,1.99,30.27,126.0
2025-01-31 00:00:00,AA,15,118,-16.0,-5.0,-2.97,5.99,36.24,397.0
2025-01-31 00:00:00,AA,16,140,-14.0,-5.99,-1.99,2.97,15.96,151.0
2025-01-31 00:00:00,DL,17,169,-18.0,-7.03,-4.01,4.01,34.82,1047.0
2025-01-31 00:00:00,WN,12,181,-12.0,-5.0,-0.99,2.97,24.78,165.0
2025-01-31 00:00:00,WN,14,220,-14.0,-4.01,0.0,7.92,25.79,157.0
2025-02-01 00:00:00,AA,16,127,-17.0,-7.03,-5.0,0.0,7.92,293.0
2025-02-01 00:00:00,UA,7,163,-13.0,-7.92,-5.99,-2.97,5.99,184.0
2025-02-01 00:00:00,WN,5,58,-10.0,-5.0,-2.97,-0.99,5.0,51.0
2025-02-01 00:00:00,WN,7,202,-13.0,-5.99,-4.01,-0.99,2.97,163.0
2025-02-01 00:00:00,UA,6,109,-12.0,-7.92,-5.0,-1.99,17.99,529.0
2025-02-01 00:00:00,WN,10,212,-12.0,-5.99,-4.01,0.0,5.0,61.0
2025-02-01 00:00:00,WN,6,195,-13.0,-5.99,-4.01,-1.99,0.0,35.0
2025-02-01 00:00:00,DL,0,1,-11.0,-11.0,-11.0,-11.0,-11.0,-11.0
2025-02-01 00:00:00,UA,17,130,-16.0,-7.03,-4.01,0.0,10.07,110.0
2025-02-01 00:00:00,UA,20,74,-16.0,-5.0,-2.97,1.99,21.12,195.0
2025-02-01 00:00:00,DL,17,157,-22.0,-10.07,-5.99,-1.99,15.03,90.0
2025-02-01 00:00:00,DL,22,65,-13.0,-7.03,-5.0,0.0,7.03,56.0
2025-02-01 00:00:00,DL,20,64,-19.0,-7.92,-5.99,-1.99,5.0,57.0
2025-02-01 00:00:00,WN,14,240,-15.0,-5.99,-2.97,1.99,19.89,225.0
2025-02-01 00:00:00,WN,12,192,-12.0,-5.99,-2.97,1.99,8.94,75.0
2025-02-01 00:00:00,AA,14,130,-17.0,-7.03,-5.0,-0.99,5.99,77.0
2025-02-01 00:00:00,AA,15,109,-15.0,-7.92,-4.01,0.99,45.15,261.0
2025-02-02 00:00:00,WN,12,225,-12.0,-5.0,-0.99,5.0,30.27,184.0
2025-02-02 00:00:00,WN,10,229,-14.0,-5.99,-2.97,0.99,12.06,109.0
2025-02-02 00:00:00,WN,22,3,-9.0,-8.94,-5.99,-5.99,-5.99,-5.0
2025-02-02 00:00:00,DL,0,1,-9.0,-9.0,-9.0,-9.0,-9.0,-9.0
2025-02-02 00:00:00,AA,15,113,-12.0,-5.99,-2.97,4.01,26.84,192.0
2025-02-02 00:00:00,DL,20,90,-15.0,-5.99,-2.97,12.06,47.95,722.0
2025-02-02 00:00:00,DL,22,90,-17.0,-5.99,-2.97,5.0,21.98,122.0
2025-02-02 00:00:00,WN,6,298,-12.0,-5.99,-5.0,-1.99,1.99,293.0
2025-02-02 00:00:00,UA,6,110,-16.0,-7.92,-5.99,-2.97,10.91,381.0
2025-02-02 00:00:00,WN,5,98,-11.0,-5.99,-4.01,-1.99,0.0,7.0
2025-02-02 00:00:00,UA,7,165,-16.0,-7.92,-5.99,-1.99,10.07,434.0
2025-02-02 00:00:00,WN,7,211,-12.0,-5.99,-4.01,-1.99,0.0,84.0
2025-02-02 00:00:00,UA,20,86,-13.0,-5.0,-0.99,10.91,40.05,545.0
2025-02-02 00:00:00,UA,17,146,-17.0,-5.99,-1.99,8.94,34.82,949.0
2025-02-02 00:00:00,AA,14,157,-20.0,-5.0,-1.99,4.01,29.08,1165.0
2025-02-02 00:00:00,WN,14,221,-13.0,-4.01,0.0,8.94,39.25,133.0
2025-02-02 00:00:00,DL,17,165,-19.0,-7.03,-1.99,5.99,30.27,159.0
2025-02-02 00:00:00,AA,16,158,-15.0,-4.01,-1.99,5.0,19.11,191.0
2025-02-03 00:00:00,AA,15,119,-15.0,-5.99,-2.97,0.99,24.78,251.0
2025-02-03 00:00:00,WN,6,222,-12.0,-5.99,-4.01,-1.99,0.0,160.0
2025-02-03 00:00:00,UA,17,140,-17.0,-7.92,-4.01,2.97,25.79,215.0
2025-02-03 00:00:00,DL,17,167,-20.0,-7.92,-4.01,7.03,51.94,330.0
2025-02-03 00:00:00,AA,14,149,-14.0,-5.99,-2.97,0.99,15.96,1112.0
2025-02-03 00:00:00,WN,5,27,-9.0,-5.0,-4.01,-2.97,0.99,96.0
2025-02-03 00:00:00,WN,14,216,-14.0,-5.99,-2.97,0.0,10.07,169.0
2025-02-03 00:00:00,UA,7,174,-13.0,-7.92,-5.99,-2.97,10.07,134.0
2025-02-03 00:00:00,DL,20,92,-20.0,-5.99,-1.99,13.07,29.08,140.0
2025-02-03 00:00:00,DL,0,1,-7.0,-7.0,-7.0,-7.0,-7.0,-7.0
2025-02-03 00:00:00,DL,22,92,-18.0,-7.92,-5.0,5.0,19.11,132.0
2025-02-03 00:00:00,UA,20,81,-14.0,-5.99,-0.99,5.0,40.86,198.0
2025-02-03 00:00:00,WN,10,199,-10.0,-5.0,-1.99,5.99,27.94,177.0
2025-02-03 00:00:00,UA,6,112,-12.0,-7.92,-5.0,-0.99,10.91,714.0
2025-02-03 00:00:00,WN,12,178,-11.0,-5.0,-0.99,4.01,30.27,114.0
2025-02-03 00:00:00,AA,16,142,-20.0,-5.99,-1.99,4.01,22.88,463.0
2025-02-03 00:00:00,WN,7,189,-10.0,-5.99,-4.01,-0.99,4.01,151.0
2025-02-04 00:00:00,UA,20,74,-16.0,-7.92,-5.0,0.99,10.07,154.0
2025-02-04 00:00:00,DL,17,167,-19.0,-8.94,-5.99,-0.99,8.94,264.0
2025-02-04 00:00:00,DL,20,64,-14.0,-8.94,-5.99,-1.99,1.99,44.0
2025-02-04 00:00:00,DL,22,85,-22.0,-10.07,-7.03,-4.01,0.0,35.0
2025-02-04 00:00:00,AA,16,126,-15.0,-7.92,-5.0,-1.99,2.97,131.0
2025-02-04 00:00:00,DL,0,1,-10.0,-10.0,-10.0,-10.0,-10.0,-10.0
2025-02-04 00:00:00,WN,14,220,-14.0,-7.03,-4.01,0.99,8.94,74.0
2025-02-04 00:00:00,WN,5,27,-9.0,-5.99,-4.01,-2.97,-0.99,4.0
2025-02-04 00:00:00,WN,10,200,-13.0,-5.99,-4.01,-0.99,10.91,146.0
2025-02-04 00:00:00,AA,15,116,-16.0,-7.92,-5.0,-1.99,10.91,178.0
2025-02-04 00:00:00,WN,12,182,-13.0,-5.99,-4.01,-0.99,5.99,78.0
2025-02-04 00:00:00,UA,17,137,-20.0,-8.94,-5.0,-0.99,7.03,150.0
2025-02-04 00:00:00,WN,7,188,-13.0,-7.03,-5.0,-1.99,4.01,49.0
2025-02-04 00:00:00,UA,6,109,-15.0,-8.94,-7.03,-5.0,-1.99,341.0
2025-02-04 00:00:00,WN,6,222,-14.0,-5.99,-5.0,-2.97,-0.99,69.0
2025-02-04 00:00:00,UA,7,149,-18.0,-8.94,-5.99,-2.97,7.03,90.0
2025-02-04 00:00:00,AA,14,131,-17.0,-7.03,-4.01,-0.99,17.99,320.0
2025-02-05 00:00:00,UA,17,145,-18.0,-5.99,-1.99,2.97,19.11,110.0
2025-02-05 00:00:00,DL,20,69,-23.0,-7.03,-5.0,0.0,8.94,954.0
2025-02-05 00:00:00,UA,20,81,-22.0,-7.92,-4.01,5.99,12.06,134.0
2025-02-05 00:00:00,DL,22,83,-12.0,-7.03,-4.01,1.99,7.92,41.0
2025-02-05 00:00:00,WN,10,200,-12.0,-5.0,-2.97,0.0,7.03,52.0
2025-02-05 00:00:00,WN,14,220,-12.0,-5.99,-2.97,1.99,13.87,65.0
2025-02-05 00:00:00,WN,12,182,-15.0,-5.0,-2.97,0.0,5.99,234.0
2025-02-05 00:00:00,AA,15,116,-15.0,-7.92,-4.01,1.99,15.03,316.0
2025-02-05 00:00:00,WN,6,224,-13.0,-7.03,-5.0,-2.97,-0.99,135.0
2025-02-05 00:00:00,DL,0,1,-20.0,-20.0,-20.0,-20.0,-20.0,-20.0
2025-02-05 00:00:00,UA,7,152,-16.0,-8.94,-5.99,-4.01,-0.99,65.0
2025-02-05 00:00:00,WN,5,29,-9.0,-7.03,-5.0,0.0,2.97,46.0
2025-02-05 00:00:00,UA,6,111,-17.0,-8.94,-7.03,-5.0,-0.99,462.0
2025-02-05 00:00:00,AA,14,138,-21.0,-7.03,-4.01,-0.99,7.03,1143.0
2025-02-05 00:00:00,WN,7,190,-13.0,-5.99,-5.0,-1.99,0.0,91.0
2025-02-05 00:00:00,AA,16,131,-14.0,-5.99,-4.01,0.0,7.92,95.0
2025-02-05 00:00:00,DL,17,166,-18.0,-8.94,-5.99,-1.99,15.03,234.0
2025-02-06 00:00:00,WN,12,222,-9.0,-5.0,-0.99,7.92,25.79,206.0
2025-02-06 00:00:00,DL,20,95,-20.0,-5.99,-0.99,21.98,58.56,155.0
2025-02-06 00:00:00,DL,22,92,-14.0,-7.03,-2.97,4.01,21.98,529.0
2025-02-06 00:00:00,WN,22,3,-8.0,-7.92,-5.0,-5.0,-5.0,21.0
2025-02-06 00:00:00,DL,0,1,-6.0,-6.0,-6.0,-6.0,-6.0,-6.0
2025-02-06 00:00:00,DL,17,168,-19.0,-5.99,0.0,19.89,54.06,329.0
2025-02-06 00:00:00,UA,17,147,-12.0,-5.99,-1.99,13.87,75.95,300.0
2025-02-06 00:00:00,UA,20,85,-11.0,-2.97,8.94,30.88,74.45,222.0
2025-02-06 00:00:00,AA,14,158,-14.0,-5.0,-0.99,16.95,36.97,163.0
2025-02-06 00:00:00,AA,15,119,-13.0,-5.0,-0.99,7.92,51.94,469.0
2025-02-06 00:00:00,AA,16,152,-12.0,-5.0,0.0,15.96,43.38,421.0
2025-02-06 00:00:00,WN,5,97,-11.0,-5.0,-2.97,0.0,5.99,54.0
2025-02-06 00:00:00,WN,7,212,-11.0,-5.0,-2.97,0.99,10.07,359.0
2025-02-06 00:00:00,UA,6,113,-12.0,-7.03,-5.0,0.0,15.03,184.0
2025-02-06 00:00:00,WN,10,233,-14.0,-5.0,-1.99,5.99,21.98,131.0
2025-02-06 00:00:00,WN,6,300,-14.0,-5.0,-4.01,-0.99,19.89,271.0
2025-02-06 00:00:00,WN,14,221,-12.0,-4.01,-0.99,10.91,32.14,211.0
2025-02-06 00:00:00,UA,7,171,-14.0,-7.03,-5.0,0.0,52.99,139.0
2025-02-07 00:00:00,DL,20,94,-23.0,-7.92,-5.0,-1.99,8.94,195.0
2025-02-07 00:00:00,WN,5,100,-9.0,-5.99,-2.97,-1.99,1.99,321.0
2025-02-07 00:00:00,UA,6,113,-12.0,-7.92,-5.99,-1.99,0.0,16.0
2025-02-07 00:00:00,WN,7,215,-10.0,-5.99,-2.97,-0.99,2.97,167.0
2025-02-07 00:00:00,WN,6,302,-12.0,-5.0,-2.97,-0.99,1.99,116.0
2025-02-07 00:00:00,UA,7,170,-16.0,-7.92,-5.99,-2.97,5.99,484.0
2025-02-07 00:00:00,DL,0,1,-6.0,-6.0,-6.0,-6.0,-6.0,-6.0
2025-02-07 00:00:00,DL,22,93,-17.0,-5.99,-4.01,-0.99,8.94,67.0
2025-02-07 00:00:00,WN,22,2,-9.0,-8.94,-8.94,-8.94,-8.94,-4.0
2025-02-07 00:00:00,WN,10,231,-10.0,-5.0,-1.99,2.97,16.95,102.0
2025-02-07 00:00:00,UA,17,148,-16.0,-7.92,-4.01,-0.99,19.11,135.0
2025-02-07 00:00:00,UA,20,84,-41.0,-7.03,-4.01,1.99,10.07,1144.0
2025-02-07 00:00:00,DL,17,169,-18.0,-7.03,-2.97,5.99,30.88,227.0
2025-02-07 00:00:00,WN,12,224,-13.0,-5.0,-1.99,4.01,19.89,87.0
2025-02-07 00:00:00,AA,15,119,-13.0,-5.0,-2.97,0.99,24.78,393.0
2025-02-07 00:00:00,AA,16,142,-17.0,-5.99,-4.01,4.01,24.78,145.0
2025-02-07 00:00:00,AA,14,152,-16.0,-5.99,-1.99,2.97,21.98,1047.0
2025-02-07 00:00:00,WN,14,225,-15.0,-4.01,-0.99,8.94,29.08,239.0
2025-02-08 00:00:00,DL,17,157,-19.0,-8.94,-5.0,7.03,43.38,926.0
2025-02-08 00:00:00,UA,6,110,-15.0,-7.92,-5.99,-4.01,0.0,18.0
2025-02-08 00:00:00,WN,7,203,-12.0,-5.99,-4.01,-1.99,1.99,340.0
2025-02-08 00:00:00,UA,7,160,-18.0,-7.92,-5.0,-1.99,2.97,338.0
2025-02-08 00:00:00,DL,0,1,-13.0,-13.0,-13.0,-13.0,-13.0,-13.0
2025-02-08 00:00:00,WN,14,238,-14.0,-5.0,-1.99,5.0,15.96,225.0
2025-02-08 00:00:00,WN,12,194,-12.0,-5.0,-1.99,2.97,13.07,54.0
2025-02-08 00:00:00,WN,5,58,-10.0,-5.0,-2.97,-0.99,1.99,16.0
2025-02-08 00:00:00,DL,20,59,-10.0,-5.99,-0.99,7.92,27.94,589.0
2025-02-08 00:00:00,AA,16,118,-21.0,-7.03,-4.01,-0.99,24.78,140.0
2025-02-08 00:00:00,UA,17,128,-17.0,-7.03,-2.97,5.0,22.88,130.0
2025-02-08 00:00:00,UA,20,69,-19.0,-5.0,-0.99,16.95,41.68,230.0
2025-02-08 00:00:00,DL,22,65,-15.0,-5.99,-2.97,0.99,15.96,557.0
2025-02-08 00:00:00,WN,10,216,-13.0,-5.0,-1.99,0.99,10.07,46.0
2025-02-08 00:00:00,AA,14,125,-14.0,-5.99,-4.01,1.99,24.78,92.0
2025-02-08 00:00:00,AA,15,106,-16.0,-7.03,-5.0,-1.99,5.99,149.0
2025-02-08 00:00:00,WN,6,194,-14.0,-5.0,-4.01,-0.99,0.99,259.0
2025-02-09 00:00:00,AA,15,111,-16.0,-5.0,-1.99,12.06,74.45,302.0
2025-02-09 00:00:00,WN,12,182,-11.0,-5.0,-1.99,5.99,16.95,94.0
2025-02-09 00:00:00,AA,14,160,-11.0,-5.99,-1.99,5.99,32.14,508.0
2025-02-09 00:00:00,AA,16,158,-19.0,-5.0,-2.97,5.0,47.0,339.0
2025-02-09 00:00:00,DL,17,148,-16.0,-7.92,-4.01,0.99,16.95,255.0
2025-02-09 00:00:00,UA,20,87,-18.0,-5.99,-1.99,7.92,27.94,126.0
2025-02-09 00:00:00,DL,0,1,-9.0,-9.0,-9.0,-9.0,-9.0,-9.0
2025-02-09 00:00:00,DL,22,65,-16.0,-7.03,-4.01,0.99,13.87,103.0
2025-02-09 00:00:00,UA,17,147,-17.0,-7.92,-2.97,5.0,25.79,242.0
2025-02-09 00:00:00,DL,20,60,-13.0,-5.99,-1.99,13.07,47.95,183.0
2025-02-09 00:00:00,WN,14,217,-12.0,-5.0,-0.99,5.0,15.96,79.0
2025-02-09 00:00:00,UA,7,161,-16.0,-7.92,-5.0,-1.99,4.01,174.0
2025-02-09 00:00:00,WN,7,189,-14.0,-5.99,-5.0,-1.99,0.0,59.0
2025-02-09 00:00:00,WN,10,203,-13.0,-5.0,-1.99,4.01,13.87,147.0
2025-02-09 00:00:00,UA,6,105,-14.0,-7.03,-4.01,7.03,27.94,207.0
2025-02-09 00:00:00,WN,6,209,-14.0,-5.99,-5.0,-1.99,0.99,61.0
2025-02-09 00:00:00,WN,5,27,-11.0,-5.0,-4.01,0.99,5.99,13.0
2025-02-10 00:00:00,WN,5,99,-9.0,-5.0,-2.97,0.0,4.01,44.0
2025-02-10 00:00:00,WN,12,227,-13.0,-5.0,-1.99,7.03,22.88,224.0
2025-02-10 00:00:00,WN,6,302,-12.0,-5.0,-4.01,-0.99,5.0,231.0
2025-02-10 00:00:00,UA,17,141,-14.0,-7.03,-4.01,1.99,15.96,115.0
2025-02-10 00:00:00,UA,7,172,-15.0,-7.03,-5.0,-1.99,0.99,155.0
2025-02-10 00:00:00,WN,10,234,-11.0,-4.01,-1.99,5.0,25.79,136.0
2025-02-10 00:00:00,DL,20,92,-13.0,-7.03,-1.99,7.92,41.68,214.0
2025-02-10 00:00:00,DL,22,92,-14.0,-5.99,-2.97,1.99,13.87,790.0
2025-02-10 00:00:00,DL,0,1,-4.0,-4.0,-4.0,-4.0,-4.0,-4.0
2025-02-10 00:00:00,UA,6,116,-14.0,-7.92,-4.01,-0.99,5.99,206.0
2025-02-10 00:00:00,UA,20,82,-12.0,-7.03,-2.97,2.97,22.88,82.0
2025-02-10 00:00:00,WN,7,211,-13.0,-5.0,-2.97,0.0,12.06,74.0
2025-02-10 00:00:00,WN,22,3,-8.0,-7.92,-5.0,-5.0,-5.0,-5.0
2025-02-10 00:00:00,DL,17,167,-19.0,-8.94,-5.0,0.0,13.87,198.0
2025-02-10 00:00:00,AA,16,143,-13.0,-5.99,-1.99,10.91,55.15,489.0
2025-02-10 00:00:00,AA,14,151,-16.0,-5.0,-1.99,7.03,32.79,226.0
2025-02-10 00:00:00,AA,15,118,-12.0,-5.0,-1.99,5.0,32.14,163.0
2025-02-10 00:00:00,WN,14,226,-12.0,-4.01,0.0,10.07,36.97,268.0
2025-02-11 00:00:00,UA,17,137,-15.0,-5.0,0.0,34.82,74.45,789.0
2025-02-11 00:00:00,WN,10,201,-10.0,-5.0,-0.99,7.03,21.12,181.0
2025-02-11 00:00:00,UA,7,147,-19.0,-8.94,-5.99,-2.97,0.99,117.0
2025-02-11 00:00:00,DL,17,168,-20.0,-7.03,-2.97,4.01,32.14,1092.0
2025-02-11 00:00:00,WN,7,186,-11.0,-5.99,-4.01,-1.99,0.0,255.0
2025-02-11 00:00:00,WN,12,181,-12.0,-5.0,-1.99,5.99,19.89,137.0
2025-02-11 00:00:00,AA,14,131,-15.0,-7.03,-2.97,0.99,10.91,209.0
2025-02-11 00:00:00,AA,15,117,-13.0,-5.99,-2.97,2.97,19.11,165.0
2025-02-11 00:00:00,AA,16,126,-25.0,-7.03,-4.01,-0.99,7.03,162.0
2025-02-11 00:00:00,DL,0,1,-10.0,-10.0,-10.0,-10.0,-10.0,-10.0
2025-02-11 00:00:00,WN,6,222,-12.0,-5.99,-4.01,-1.99,0.99,364.0
2025-02-11 00:00:00,WN,5,30,-11.0,-7.03,-2.97,-0.99,1.99,8.0
2025-02-11 00:00:00,WN,14,218,-15.0,-5.0,-0.99,13.07,40.05,218.0
2025-02-11 00:00:00,DL,22,85,-14.0,-7.03,-2.97,1.99,13.07,99.0
2025-02-11 00:00:00,UA,6,109,-18.0,-8.94,-7.03,-4.01,0.99,126.0
2025-02-11 00:00:00,UA,20,74,-20.0,-2.97,4.01,21.98,46.07,107.0
2025-02-11 00:00:00,DL,20,65,-14.0,-5.0,-1.99,4.01,19.89,841.0
2025-02-12 00:00:00,WN,12,178,-9.0,-2.97,1.99,16.95,39.25,195.0
2025-02-12 00:00:00,DL,22,86,-13.0,-4.01,1.99,19.89,51.94,775.0
2025-02-12 00:00:00,WN,14,210,-10.0,-2.97,5.0,15.03,36.97,179.0
2025-02-12 00:00:00,WN,7,184,-13.0,-5.99,-2.97,-0.99,5.99,119.0
2025-02-12 00:00:00,AA,15,115,-12.0,-5.0,-1.99,7.92,41.68,177.0
2025-02-12 00:00:00,AA,16,131,-15.0,-5.0,0.0,13.87,47.95,221.0
2025-02-12 00:00:00,UA,17,147,-12.0,-1.99,4.01,21.98,102.52,321.0
2025-02-12 00:00:00,WN,10,197,-11.0,-5.0,-0.99,15.03,26.84,123.0
2025-02-12 00:00:00,WN,6,217,-11.0,-5.0,-2.97,0.0,5.0,127.0
2025-02-12 00:00:00,DL,17,164,-13.0,-5.0,2.97,37.72,83.94,338.0
2025-02-12 00:00:00,AA,14,139,-13.0,-4.01,-0.99,12.06,62.18,375.0
2025-02-12 00:00:00,UA,7,150,-14.0,-7.03,-4.01,-0.99,13.07,322.0
2025-02-12 00:00:00,DL,0,1,-11.0,-11.0,-11.0,-11.0,-11.0,-11.0
2025-02-12 00:00:00,UA,20,78,-12.0,-5.0,0.0,23.81,144.04,277.0
2025-02-12 00:00:00,DL,20,68,-19.0,-4.01,0.99,36.24,108.86,823.0
2025-02-12 00:00:00,WN,5,30,-8.0,-4.01,-1.99,-0.99,2.97,137.0
2025-02-12 00:00:00,UA,6,110,-13.0,-7.03,-4.01,-0.99,19.89,203.0
2025-02-13 00:00:00,WN,5,184,-11.0,-5.0,-2.97,0.0,7.03,349.0
2025-02-13 00:00:00,UA,20,82,-9.0,-0.99,13.07,41.68,82.28,360.0
2025-02-13 00:00:00,UA,6,130,-18.0,-7.03,-4.01,-0.99,8.94,552.0
2025-02-13 00:00:00,WN,10,231,-9.0,-2.97,2.97,21.12,50.91,214.0
2025-02-13 00:00:00,WN,12,233,-12.0,-0.99,8.94,36.97,106.71,259.0
2025-02-13 00:00:00,WN,14,225,-10.0,0.99,13.07,40.05,152.95,460.0
2025-02-13 00:00:00,AA,14,154,-10.0,-1.99,5.0,29.08,80.65,493.0
2025-02-13 00:00:00,AA,15,128,-11.0,0.0,10.91,40.05,94.64,234.0
2025-02-13 00:00:00,AA,16,149,-10.0,0.0,12.06,40.86,77.49,1102.0
2025-02-13 00:00:00,DL,17,172,-14.0,-1.99,15.96,51.94,113.31,963.0
2025-02-13 00:00:00,UA,17,145,-18.0,-0.99,7.92,30.88,85.64,400.0
2025-02-13 00:00:00,DL,20,101,-7.0,0.0,17.99,51.94,92.77,195.0
2025-02-13 00:00:00,WN,22,137,-14.0,4.01,22.88,56.27,130.34,205.0
2025-02-13 00:00:00,DL,22,92,-6.0,-0.99,10.07,41.68,87.37,594.0
2025-02-13 00:00:00,WN,23,3,-3.0,-2.97,8.94,8.94,8.94,103.0
2025-02-13 00:00:00,DL,0,2,-6.0,-5.99,-5.99,-5.99,-5.99,-5.0
2025-02-13 00:00:00,UA,7,191,-13.0,-7.03,-4.01,-1.99,8.94,392.0
2025-02-13 00:00:00,WN,7,195,-10.0,-5.0,-1.99,0.99,19.11,124.0
2025-02-13 00:00:00,WN,6,300,-15.0,-5.0,-1.99,0.99,8.94,528.0
2025-02-14 00:00:00,DL,20,102,-9.0,-0.99,12.06,40.05,80.65,180.0
2025-02-14 00:00:00,UA,6,128,-12.0,-7.03,-4.01,0.0,10.91,309.0
2025-02-14 00:00:00,AA,16,151,-13.0,-2.97,0.99,21.12,52.99,218.0
2025-02-14 00:00:00,UA,7,199,-13.0,-5.99,-2.97,-0.99,10.91,296.0
2025-02-14 00:00:00,WN,5,183,-9.0,-4.01,-1.99,0.99,10.07,110.0
2025-02-14 00:00:00,DL,22,91,-15.0,-0.99,7.92,32.79,67.36,606.0
2025-02-14 00:00:00,WN,12,236,-12.0,-1.99,2.97,13.87,29.08,155.0
2025-02-14 00:00:00,DL,17,173,-17.0,-4.01,5.99,37.72,74.45,320.0
2025-02-14 00:00:00,UA,17,144,-16.0,-5.0,-0.99,8.94,39.25,128.0
2025-02-14 00:00:00,WN,7,198,-12.0,-5.0,-1.99,0.99,7.03,128.0
2025-02-14 00:00:00,UA,20,81,-15.0,-1.99,5.99,26.84,122.75,278.0
2025-02-14 00:00:00,AA,14,155,-11.0,-4.01,0.0,13.07,39.25,264.0
2025-02-14 00:00:00,WN,10,233,-11.0,-4.01,-0.99,7.03,19.11,192.0
2025-02-14 00:00:00,WN,23,3,-6.0,-5.99,2.97,2.97,2.97,22.0
2025-02-14 00:00:00,WN,22,140,-13.0,-1.99,10.07,39.25,74.45,201.0
2025-02-14 00:00:00,AA,15,129,-13.0,-4.01,0.99,30.88,66.03,350.0
2025-02-14 00:00:00,WN,6,299,-12.0,-5.0,-1.99,0.99,12.06,129.0
2025-02-14 00:00:00,WN,14,229,-10.0,-0.99,5.99,23.81,50.91,183.0
2025-02-14 00:00:00,DL,0,4,-1.0,-0.99,36.24,55.15,55.15,108.0
2025-02-15 00:00:00,WN,10,232,-10.0,-2.97,1.99,15.03,29.08,200.0
2025-02-15 00:00:00,DL,0,4,-8.0,-7.92,-1.99,5.99,5.99,10.0
2025-02-15 00:00:00,UA,20,62,-10.0,0.0,13.07,62.18,100.49,195.0
2025-02-15 00:00:00,DL,20,65,-19.0,-0.99,22.88,60.95,89.13,814.0
2025-02-15 00:00:00,DL,22,66,-17.0,0.0,13.07,59.75,120.31,780.0
2025-02-15 00:00:00,WN,23,2,-5.0,-5.0,-5.0,-5.0,-5.0,-1.0
2025-02-15 00:00:00,WN,6,283,-10.0,-5.0,-1.99,2.97,10.91,115.0
2025-02-15 00:00:00,UA,7,182,-13.0,-7.03,-4.01,0.0,17.99,227.0
2025-02-15 00:00:00,WN,22,5,-5.0,-2.97,-1.99,5.0,5.0,48.0
2025-02-15 00:00:00,WN,5,131,-9.0,-4.01,-1.99,0.99,15.03,204.0
2025-02-15 00:00:00,UA,17,125,-14.0,-2.97,2.97,22.88,132.97,796.0
2025-02-15 00:00:00,DL,17,147,-18.0,-5.0,4.01,48.91,89.13,1222.0
2025-02-15 00:00:00,WN,14,221,-12.0,-1.99,5.0,23.81,60.95,448.0
2025-02-15 00:00:00,UA,6,125,-19.0,-7.03,-4.01,-0.99,7.92,195.0
2025-02-15 00:00:00,WN,12,198,-15.0,-1.99,5.99,21.98,40.86,428.0
2025-02-15 00:00:00,WN,7,207,-11.0,-5.0,-1.99,1.99,10.91,150.0
2025-02-15 00:00:00,AA,14,141,-13.0,-4.01,0.99,25.79,79.05,462.0
2025-02-15 00:00:00,AA,15,109,-16.0,-4.01,0.0,15.96,52.99,1023.0
2025-02-15 00:00:00,AA,16,142,-11.0,-2.97,2.97,21.12,57.4,754.0
2025-02-16 00:00:00,UA,7,194,-16.0,-5.99,-2.97,2.97,62.18,992.0
2025-02-16 00:00:00,WN,10,219,-13.0,-4.01,0.0,15.03,74.45,280.0
2025-02-16 00:00:00,AA,15,119,-9.0,-1.99,8.94,50.91,125.22,359.0
2025-02-16 00:00:00,WN,7,192,-13.0,-5.0,-2.97,0.99,30.88,179.0
2025-02-16 00:00:00,UA,6,126,-17.0,-5.99,-2.97,1.99,30.27,557.0
2025-02-16 00:00:00,AA,16,143,-12.0,-1.99,15.03,64.72,149.92,1148.0
2025-02-16 00:00:00,WN,6,291,-13.0,-5.0,-2.97,0.0,19.11,597.0
2025-02-16 00:00:00,DL,20,61,-9.0,-0.99,34.82,83.94,202.38,693.0
2025-02-16 00:00:00,UA,20,76,-11.0,7.92,37.72,85.64,152.95,338.0
2025-02-16 00:00:00,DL,17,148,-13.0,-2.97,13.07,89.13,162.41,1031.0
2025-02-16 00:00:00,UA,17,139,-16.0,0.99,19.11,80.65,186.82,402.0
2025-02-16 00:00:00,WN,5,182,-11.0,-5.0,-4.01,0.0,13.87,297.0
2025-02-16 00:00:00,WN,12,221,-12.0,-2.97,1.99,29.08,125.22,463.0
2025-02-16 00:00:00,DL,22,70,-13.0,0.0,10.91,34.82,92.77,718.0
2025-02-16 00:00:00,DL,0,1,69.0,69.0,69.0,69.0,69.0,69.0
2025-02-16 00:00:00,WN,23,3,-8.0,-7.92,-7.92,-7.92,-7.92,13.0
2025-02-16 00:00:00,WN,22,140,-13.0,2.97,24.78,72.97,111.06,242.0
2025-02-16 00:00:00,WN,14,223,-10.0,-0.99,8.94,46.07,108.86,475.0
2025-02-16 00:00:00,AA,14,144,-12.0,-2.97,10.07,57.4,120.31,990.0
2025-02-17 00:00:00,AA,14,156,-9.0,-2.97,1.99,34.13,87.37,282.0
2025-02-17 00:00:00,DL,22,93,-10.0,-1.99,10.91,43.38,71.53,618.0
2025-02-17 00:00:00,WN,12,233,-11.0,-1.99,5.99,21.98,47.0,349.0
2025-02-17 00:00:00,AA,15,130,-9.0,-2.97,7.03,36.24,67.36,247.0
2025-02-17 00:00:00,WN,14,230,-12.0,0.0,10.91,30.27,77.49,370.0
2025-02-17 00:00:00,WN,7,199,-12.0,-4.01,-1.99,4.01,29.08,216.0
2025-02-17 00:00:00,WN,23,3,-5.0,-5.0,15.96,15.96,15.96,29.0
2025-02-17 00:00:00,DL,0,2,-4.0,-4.0,-4.0,-4.0,-4.0,6.0
2025-02-17 00:00:00,UA,7,197,-14.0,-5.0,-2.97,0.0,19.11,448.0
2025-02-17 00:00:00,UA,20,81,-9.0,2.97,13.87,49.9,82.28,152.0
2025-02-17 00:00:00,AA,16,148,-8.0,-1.99,5.99,32.14,80.65,339.0
2025-02-17 00:00:00,WN,6,303,-11.0,-5.0,-1.99,0.99,17.99,510.0
2025-02-17 00:00:00,WN,22,138,-10.0,10.91,27.94,55.15,98.5,211.0
2025-02-17 00:00:00,WN,5,182,-14.0,-5.0,-1.99,0.0,8.94,384.0
2025-02-17 00:00:00,UA,6,122,-14.0,-5.0,-2.97,0.99,15.96,303.0
2025-02-17 00:00:00,UA,17,145,-20.0,0.0,10.07,40.05,85.64,184.0
2025-02-17 00:00:00,WN,10,234,-10.0,-2.97,0.0,13.87,36.24,313.0
2025-02-17 00:00:00,DL,17,170,-14.0,-1.99,7.92,47.95,127.75,282.0
2025-02-17 00:00:00,DL,20,101,-11.0,0.99,30.27,77.49,117.93,618.0
2025-02-18 00:00:00,UA,6,120,-14.0,-7.03,-5.0,-1.99,5.0,92.0
2025-02-18 00:00:00,DL,20,73,-19.0,-4.01,1.99,22.88,52.99,160.0
2025-02-18 00:00:00,UA,17,135,-13.0,-4.01,0.0,15.96,52.99,310.0
2025-02-18 00:00:00,WN,6,304,-12.0,-4.01,-1.99,0.99,7.92,274.0
2025-02-18 00:00:00,WN,14,226,-14.0,-0.99,5.99,21.12,48.91,175.0
2025-02-18 00:00:00,AA,14,145,-9.0,-4.01,0.0,17.99,37.72,295.0
2025-02-18 00:00:00,WN,12,227,-12.0,-1.99,2.97,16.95,41.68,194.0
2025-02-18 00:00:00,UA,7,180,-12.0,-7.03,-4.01,-0.99,7.03,65.0
2025-02-18 00:00:00,WN,7,212,-9.0,-4.01,-1.99,0.99,10.91,255.0
2025-02-18 00:00:00,WN,10,232,-11.0,-2.97,0.0,13.07,30.88,215.0
2025-02-18 00:00:00,WN,23,2,-12.0,-12.0,-12.0,-12.0,-12.0,-5.0
2025-02-18 00:00:00,WN,5,97,-8.0,-5.0,-1.99,0.99,5.0,45.0
2025-02-18 00:00:00,AA,15,117,-10.0,-4.01,0.0,13.87,36.97,229.0
2025-02-18 00:00:00,AA,16,137,-13.0,-4.01,0.0,10.91,30.27,927.0
2025-02-18 00:00:00,UA,20,64,-11.0,-1.99,7.03,46.07,70.11,180.0
2025-02-18 00:00:00,WN,22,5,-7.0,-2.97,1.99,21.98,21.98,48.0
2025-02-18 00:00:00,DL,22,85,-9.0,-5.0,0.0,22.88,77.49,504.0
2025-02-18 00:00:00,DL,0,4,3.0,3.0,10.91,25.79,25.79,33.0
2025-02-18 00:00:00,DL,17,166,-15.0,-5.99,-1.99,10.07,59.75,983.0
2025-02-19 00:00:00,UA,7,177,-15.0,-7.03,-5.0,-1.99,4.01,351.0
2025-02-19 00:00:00,WN,12,178,-10.0,-2.97,0.0,12.06,32.79,245.0
2025-02-19 00:00:00,WN,10,195,-10.0,-4.01,-0.99,5.0,19.89,166.0
2025-02-19 00:00:00,WN,7,185,-10.0,-5.0,-4.01,-0.99,5.99,76.0
2025-02-19 00:00:00,WN,6,215,-11.0,-5.0,-2.97,0.0,5.0,161.0
2025-02-19 00:00:00,WN,14,219,-12.0,-2.97,1.99,21.12,41.68,197.0
2025-02-19 00:00:00,AA,14,125,-10.0,-1.99,10.91,41.68,98.5,372.0
2025-02-19 00:00:00,AA,15,101,-10.0,-4.01,10.07,59.75,117.93,425.0
2025-02-19 00:00:00,AA,16,136,-11.0,-0.99,5.99,36.24,92.77,363.0
2025-02-19 00:00:00,DL,17,169,-15.0,-5.99,0.0,19.11,57.4,178.0
2025-02-19 00:00:00,UA,17,140,-13.0,-4.01,0.0,10.91,36.97,792.0
2025-02-19 00:00:00,DL,20,74,-14.0,-2.97,4.01,23.81,71.53,634.0
2025-02-19 00:00:00,UA,20,78,-13.0,-4.01,0.0,7.92,21.12,102.0
2025-02-19 00:00:00,DL,22,86,-16.0,-7.03,-2.97,7.92,22.88,623.0
2025-02-19 00:00:00,UA,6,123,-13.0,-7.03,-4.01,0.0,10.91,286.0
2025-02-19 00:00:00,DL,0,2,-17.0,-16.95,-16.95,-16.95,-16.95,-4.0
2025-02-19 00:00:00,WN,22,2,-4.0,-4.0,-4.0,-4.0,-4.0,-1.0
2025-02-19 00:00:00,WN,5,30,-7.0,-4.01,-1.99,0.0,0.99,11.0
2025-02-19 00:00:00,WN,23,2,-3.0,-2.97,-2.97,-2.97,-2.97,10.0
2025-02-20 00:00:00,DL,17,173,-22.0,-0.99,13.07,40.05,90.93,357.0
2025-02-20 00:00:00,UA,6,129,-12.0,-7.92,-5.0,-1.99,4.01,336.0
2025-02-20 00:00:00,DL,0,2,-10.0,-10.0,-10.0,-10.0,-10.0,-9.0
2025-02-20 00:00:00,UA,17,146,-16.0,-4.01,-0.99,7.92,26.84,196.0
2025-02-20 00:00:00,UA,20,81,-15.0,-5.0,0.99,15.03,49.9,282.0
2025-02-20 00:00:00,WN,22,4,-6.0,-5.99,-2.97,-1.99,-1.99,7.0
2025-02-20 00:00:00,DL,22,94,-11.0,-1.99,5.0,17.99,43.38,148.0
2025-02-20 00:00:00,WN,6,302,-11.0,-5.0,-2.97,-0.99,5.0,243.0
2025-02-20 00:00:00,DL,20,100,-20.0,-1.99,15.03,34.82,68.72,127.0
2025-02-20 00:00:00,WN,12,229,-11.0,-2.97,0.99,13.87,34.82,223.0
2025-02-20 00:00:00,UA,7,197,-17.0,-7.03,-5.0,-1.99,0.99,146.0
2025-02-20 00:00:00,AA,14,151,-11.0,-1.99,10.91,43.38,122.75,332.0
2025-02-20 00:00:00,AA,15,126,-13.0,-1.99,0.99,26.84,64.72,251.0
2025-02-20 00:00:00,WN,14,225,-11.0,-2.97,2.97,21.12,37.72,225.0
2025-02-20 00:00:00,WN,5,99,-9.0,-5.0,-2.97,0.0,5.99,118.0
2025-02-20 00:00:00,WN,7,212,-12.0,-5.0,-1.99,1.99,16.95,354.0
2025-02-20 00:00:00,WN,23,2,-3.0,-2.97,-2.97,-2.97,-2.97,34.0
2025-02-20 00:00:00,WN,10,233,-11.0,-2.97,0.99,10.07,26.84,299.0
2025-02-20 00:00:00,AA,16,148,-13.0,-1.99,7.92,44.26,111.06,265.0
2025-02-21 00:00:00,DL,0,4,-13.0,-13.0,-8.94,0.0,0.0,33.0
2025-02-21 00:00:00,WN,5,184,-10.0,-5.0,-2.97,-0.99,7.03,49.0
2025-02-21 00:00:00,WN,10,231,-11.0,-4.01,-0.99,8.94,29.08,119.0
2025-02-21 00:00:00,DL,22,93,-20.0,-5.99,-2.97,5.99,22.88,467.0
2025-02-21 00:00:00,UA,17,144,-17.0,-5.99,-1.99,7.03,21.12,91.0
2025-02-21 00:00:00,WN,22,141,-15.0,-7.03,-5.0,0.0,10.91,171.0
2025-02-21 00:00:00,UA,6,128,-11.0,-7.03,-4.01,-1.99,13.87,118.0
2025-02-21 00:00:00,WN,23,3,-8.0,-7.92,-7.03,-7.03,-7.03,-2.0
2025-02-21 00:00:00,DL,20,102,-18.0,-5.0,-0.99,13.07,48.91,163.0
2025-02-21 00:00:00,UA,20,82,-13.0,-7.03,-2.97,2.97,23.81,75.0
2025-02-21 00:00:00,AA,16,153,-16.0,-5.0,-1.99,5.99,26.84,233.0
2025-02-21 00:00:00,WN,6,304,-12.0,-5.0,-1.99,0.0,8.94,281.0
2025-02-21 00:00:00,WN,12,235,-9.0,-4.01,0.0,8.94,26.84,146.0
2025-02-21 00:00:00,UA,7,200,-14.0,-5.99,-2.97,0.0,16.95,216.0
2025-02-21 00:00:00,DL,17,174,-20.0,-7.03,-4.01,7.03,32.79,195.0
2025-02-21 00:00:00,WN,7,198,-11.0,-5.0,-2.97,-0.99,5.99,239.0
2025-02-21 00:00:00,AA,14,157,-19.0,-4.01,-0.99,5.99,48.91,236.0
2025-02-21 00:00:00,AA,15,128,-13.0,-5.0,0.0,13.87,37.72,232.0
2025-02-21 00:00:00,WN,14,230,-10.0,-2.97,0.99,10.07,23.81,340.0
2025-02-22 00:00:00,WN,7,204,-12.0,-5.0,-4.01,0.0,1.99,122.0
2025-02-22 00:00:00,UA,7,183,-13.0,-7.03,-4.01,-0.99,10.91,140.0
2025-02-22 00:00:00,UA,17,128,-14.0,-7.03,-2.97,5.0,24.78,241.0
2025-02-22 00:00:00,WN,23,1,15.0,15.0,15.0,15.0,15.0,15.0
2025-02-22 00:00:00,UA,20,63,-14.0,-5.0,-0.99,10.07,30.88,101.0
2025-02-22 00:00:00,WN,14,220,-13.0,-5.0,-0.99,7.92,30.27,111.0
2025-02-22 00:00:00,DL,20,70,-23.0,-7.03,-4.01,-0.99,8.94,54.0
2025-02-22 00:00:00,WN,6,282,-13.0,-5.0,-2.97,0.0,5.99,111.0
2025-02-22 00:00:00,UA,6,125,-12.0,-7.03,-4.01,-1.99,1.99,272.0
2025-02-22 00:00:00,WN,5,131,-11.0,-5.0,-2.97,-0.99,2.97,32.0
2025-02-22 00:00:00,DL,0,4,-13.0,-13.0,-12.06,-12.06,-12.06,-8.0
2025-02-22 00:00:00,DL,17,151,-24.0,-7.92,-4.01,1.99,13.87,226.0
2025-02-22 00:00:00,AA,15,109,-23.0,-5.0,-1.99,13.07,41.68,312.0
2025-02-22 00:00:00,AA,14,142,-10.0,-5.0,-1.99,8.94,24.78,1137.0
2025-02-22 00:00:00,WN,22,5,-6.0,-0.99,1.99,7.92,7.92,14.0
2025-02-22 00:00:00,DL,22,70,-13.0,-4.01,0.0,8.94,23.81,39.0
2025-02-22 00:00:00,AA,16,142,-12.0,-5.99,-1.99,7.92,30.27,152.0
2025-02-22 00:00:00,WN,12,200,-14.0,-4.01,-0.99,4.01,17.99,104.0
2025-02-22 00:00:00,WN,10,234,-10.0,-4.01,-1.99,1.99,15.96,123.0
2025-02-23 00:00:00,AA,15,129,-14.0,-4.01,0.0,15.96,47.0,358.0
2025-02-23 00:00:00,AA,16,153,-12.0,-4.01,-0.99,5.99,23.81,231.0
2025-02-23 00:00:00,WN,22,142,-12.0,-5.0,-0.99,10.07,23.81,53.0
2025-02-23 00:00:00,WN,7,200,-14.0,-5.99,-4.01,-0.99,0.99,119.0
2025-02-23 00:00:00,WN,5,182,-14.0,-5.0,-2.97,-0.99,4.01,155.0
2025-02-23 00:00:00,WN,10,230,-11.0,-5.0,-1.99,2.97,12.06,272.0
2025-02-23 00:00:00,WN,6,296,-14.0,-5.0,-4.01,-0.99,2.97,212.0
2025-02-23 00:00:00,UA,17,140,-16.0,-5.0,-0.99,7.92,34.13,172.0
2025-02-23 00:00:00,UA,6,125,-14.0,-7.03,-5.0,-0.99,5.0,95.0
2025-02-23 00:00:00,DL,20,103,-13.0,-5.99,-1.99,7.92,30.88,143.0
2025-02-23 00:00:00,AA,14,157,-16.0,-5.0,-1.99,5.0,26.84,185.0
2025-02-23 00:00:00,UA,7,194,-13.0,-7.03,-5.0,-1.99,5.0,316.0
2025-02-23 00:00:00,UA,20,82,-11.0,-5.0,-1.99,7.92,21.12,597.0
2025-02-23 00:00:00,DL,22,93,-13.0,-5.99,-2.97,2.97,15.96,486.0
2025-02-23 00:00:00,DL,17,174,-18.0,-7.03,-1.99,5.99,22.88,316.0
2025-02-23 00:00:00,WN,23,3,-13.0,-13.0,-4.01,-4.01,-4.01,-3.0
2025-02-23 00:00:00,WN,14,228,-10.0,-2.97,0.99,8.94,24.78,171.0
2025-02-23 00:00:00,WN,12,234,-11.0,-2.97,-0.99,7.03,21.12,173.0
2025-02-23 00:00:00,DL,0,1,-4.0,-4.0,-4.0,-4.0,-4.0,-4.0
2025-02-24 00:00:00,DL,0,5,-13.0,-12.06,-10.91,1.99,1.99,2.0
2025-02-24 00:00:00,UA,7,199,-13.0,-7.03,-5.0,-1.99,1.99,195.0
2025-02-24 00:00:00,AA,15,123,-11.0,-4.01,0.99,15.03,34.82,367.0
2025-02-24 00:00:00,UA,6,124,-18.0,-8.94,-5.99,-2.97,1.99,58.0
2025-02-24 00:00:00,WN,14,225,-12.0,-5.0,-1.99,4.01,15.96,123.0
2025-02-24 00:00:00,DL,22,93,-18.0,-7.03,-4.01,0.99,15.03,51.0
2025-02-24 00:00:00,WN,22,5,-9.0,-7.92,-5.99,-2.97,-2.97,7.0
2025-02-24 00:00:00,WN,6,305,-12.0,-5.0,-4.01,-0.99,0.99,601.0
2025-02-24 00:00:00,WN,7,214,-11.0,-5.0,-2.97,-0.99,4.01,115.0
2025-02-24 00:00:00,AA,14,151,-15.0,-5.0,-1.99,5.0,27.94,140.0
2025-02-24 00:00:00,WN,23,2,-13.0,-13.0,-13.0,-13.0,-13.0,0.0
2025-02-24 00:00:00,WN,12,230,-13.0,-5.0,-0.99,7.03,17.99,246.0
2025-02-24 00:00:00,WN,10,233,-10.0,-4.01,-0.99,1.99,12.06,99.0
2025-02-24 00:00:00,WN,5,98,-9.0,-5.99,-4.01,-0.99,2.97,31.0
2025-02-24 00:00:00,UA,20,79,-21.0,-7.92,-5.0,0.0,15.03,238.0
2025-02-24 00:00:00,AA,16,147,-15.0,-5.0,-1.99,10.07,37.72,1472.0
2025-02-24 00:00:00,DL,17,173,-20.0,-7.03,-5.0,5.0,24.78,302.0
2025-02-24 00:00:00,DL,20,102,-15.0,-5.99,-1.99,5.99,23.81,66.0
2025-02-24 00:00:00,UA,17,147,-15.0,-7.92,-5.0,0.0,13.87,349.0
2025-02-25 00:00:00,WN,22,2,-3.0,-2.97,-2.97,-2.97,-2.97,-1.0
2025-02-25 00:00:00,DL,17,167,-17.0,-10.07,-5.99,-1.99,10.07,204.0
2025-02-25 00:00:00,WN,12,183,-14.0,-5.0,-2.97,0.0,12.06,92.0
2025-02-25 00:00:00,AA,14,149,-13.0,-5.99,-4.01,1.99,23.81,416.0
2025-02-25 00:00:00,WN,10,202,-14.0,-5.0,-2.97,-0.99,7.03,80.0
2025-02-25 00:00:00,UA,17,137,-15.0,-7.03,-4.01,5.0,16.95,115.0
2025-02-25 00:00:00,DL,20,74,-19.0,-8.94,-4.01,0.0,13.07,62.0
2025-02-25 00:00:00,UA,20,64,-12.0,-7.03,-5.0,-0.99,8.94,117.0
2025-02-25 00:00:00,DL,22,85,-19.0,-7.92,-4.01,-1.99,4.01,39.0
2025-02-25 00:00:00,WN,23,2,-6.0,-5.99,-5.99,-5.99,-5.99,-5.0
2025-02-25 00:00:00,WN,6,221,-12.0,-5.99,-4.01,-1.99,0.99,36.0
2025-02-25 00:00:00,WN,14,220,-13.0,-5.99,-1.99,0.0,12.06,284.0
2025-02-25 00:00:00,AA,15,119,-15.0,-7.03,-2.97,2.97,21.12,959.0
2025-02-25 00:00:00,AA,16,146,-14.0,-7.03,-2.97,1.99,16.95,292.0
2025-02-25 00:00:00,WN,5,29,-9.0,-5.99,-4.01,-1.99,5.0,69.0
2025-02-25 00:00:00,UA,7,179,-16.0,-7.92,-5.99,-2.97,0.99,97.0
2025-02-25 00:00:00,DL,0,4,-15.0,-15.0,-7.92,-7.03,-7.03,-7.0
2025-02-25 00:00:00,WN,7,191,-13.0,-5.99,-4.01,-1.99,1.99,43.0
2025-02-25 00:00:00,UA,6,118,-18.0,-10.07,-7.03,-4.01,0.0,46.0
2025-02-26 00:00:00,DL,0,2,-10.0,-10.0,-10.0,-10.0,-10.0,-7.0
2025-02-26 00:00:00,WN,5,30,-10.0,-7.03,-4.01,-1.99,0.99,8.0
2025-02-26 00:00:00,UA,6,120,-16.0,-8.94,-7.03,-4.01,0.99,85.0
2025-02-26 00:00:00,WN,6,223,-13.0,-5.99,-5.0,-1.99,0.0,146.0
2025-02-26 00:00:00,UA,7,177,-17.0,-7.92,-5.99,-4.01,-0.99,315.0
2025-02-26 00:00:00,WN,7,191,-11.0,-5.99,-5.0,-1.99,0.0,72.0
2025-02-26 00:00:00,WN,10,200,-13.0,-5.0,-2.97,0.0,7.92,128.0
2025-02-26 00:00:00,WN,12,182,-10.0,-5.0,-2.97,0.0,10.91,103.0
2025-02-26 00:00:00,WN,14,218,-12.0,-5.0,-1.99,5.0,19.11,133.0
2025-02-26 00:00:00,AA,14,146,-14.0,-5.99,-2.97,2.97,21.98,233.0
2025-02-26 00:00:00,AA,15,118,-17.0,-5.99,-1.99,4.01,24.78,1963.0
2025-02-26 00:00:00,AA,16,145,-14.0,-7.03,-4.01,0.99,17.99,1766.0
2025-02-26 00:00:00,UA,17,140,-14.0,-5.99,-4.01,-0.99,10.07,228.0
2025-02-26 00:00:00,DL,17,169,-20.0,-8.94,-5.0,0.0,15.96,139.0
2025-02-26 00:00:00,DL,20,75,-18.0,-7.92,-4.01,1.99,21.12,128.0
2025-02-26 00:00:00,UA,20,78,-14.0,-7.03,-5.0,-0.99,17.99,173.0
2025-02-26 00:00:00,DL,22,86,-15.0,-7.92,-5.0,0.0,19.11,567.0
2025-02-26 00:00:00,WN,22,2,0.0,0.0,0.0,0.0,0.0,1.0
2025-02-26 00:00:00,WN,23,2,-5.0,-5.0,-5.0,-5.0,-5.0,-5.0
2025-02-27 00:00:00,AA,16,152,-16.0,-4.01,1.99,15.03,55.15,970.0
2025-02-27 00:00:00,DL,17,175,-22.0,-7.03,-2.97,7.03,26.84,168.0
2025-02-27 00:00:00,WN,14,230,-11.0,-2.97,0.99,10.07,30.27,96.0
2025-02-27 00:00:00,WN,7,198,-11.0,-5.0,-2.97,-0.99,2.97,100.0
2025-02-27 00:00:00,UA,17,148,-14.0,-5.99,-1.99,2.97,15.96,216.0
2025-02-27 00:00:00,WN,22,141,-14.0,-5.99,-4.01,5.0,19.11,87.0
2025-02-27 00:00:00,DL,22,94,-17.0,-5.0,-2.97,5.0,19.11,175.0
2025-02-27 00:00:00,WN,5,183,-11.0,-5.0,-4.01,-0.99,2.97,281.0
2025-02-27 00:00:00,UA,20,82,-18.0,-5.99,-4.01,2.97,19.11,154.0
2025-02-27 00:00:00,DL,20,100,-19.0,-5.99,-1.99,8.94,27.94,826.0
2025-02-27 00:00:00,UA,6,129,-15.0,-8.94,-5.99,-2.97,2.97,125.0
2025-02-27 00:00:00,WN,6,303,-12.0,-5.99,-2.97,-0.99,0.99,123.0
2025-02-27 00:00:00,UA,7,200,-15.0,-7.92,-5.0,-2.97,1.99,321.0
2025-02-27 00:00:00,AA,14,155,-11.0,-4.01,0.0,13.87,56.27,318.0
2025-02-27 00:00:00,WN,10,232,-11.0,-4.01,-1.99,0.99,13.87,107.0
2025-02-27 00:00:00,AA,15,126,-19.0,-4.01,-0.99,10.91,58.56,1165.0
2025-02-27 00:00:00,WN,23,3,-1.0,-0.99,0.0,0.0,0.0,8.0
2025-02-27 00:00:00,WN,12,235,-13.0,-4.01,-0.99,5.99,23.81,183.0
2025-02-27 00:00:00,DL,0,2,6.0,6.0,6.0,6.0,6.0,17.0
2025-02-28 00:00:00,WN,7,198,-12.0,-5.0,-2.97,-0.99,4.01,95.0
2025-02-28 00:00:00,WN,12,235,-12.0,-5.0,-0.99,2.97,12.06,114.0
2025-02-28 00:00:00,DL,0,4,-8.0,-7.92,-7.92,-5.0,-5.0,-1.0
2025-02-28 00:00:00,WN,10,232,-10.0,-4.01,-1.99,1.99,10.91,354.0
2025-02-28 00:00:00,UA,7,200,-13.0,-7.03,-5.0,-2.97,0.99,352.0
2025-02-28 00:00:00,WN,5,185,-14.0,-5.0,-2.97,0.0,4.01,84.0
2025-02-28 00:00:00,UA,6,128,-14.0,-7.92,-5.0,-1.99,8.94,365.0
2025-02-28 00:00:00,WN,6,304,-10.0,-5.0,-4.01,-0.99,1.99,247.0
2025-02-28 00:00:00,DL,22,94,-19.0,-5.99,-2.97,2.97,16.95,99.0
2025-02-28 00:00:00,WN,22,139,-13.0,-7.03,-5.0,-0.99,10.91,105.0
2025-02-28 00:00:00,WN,23,3,-15.0,-15.0,-4.01,-4.01,-4.01,0.0
2025-02-28 00:00:00,UA,17,145,-23.0,-5.99,-2.97,1.99,27.94,214.0
2025-02-28 00:00:00,DL,20,101,-18.0,-7.03,-1.99,2.97,19.11,140.0
2025-02-28 00:00:00,UA,20,82,-21.0,-7.03,-4.01,5.99,51.94,138.0
2025-02-28 00:00:00,AA,15,126,-14.0,-5.0,-0.99,5.0,46.07,395.0
2025-02-28 00:00:00,DL,17,175,-25.0,-7.92,-4.01,0.99,23.81,249.0
2025-02-28 00:00:00,AA,16,152,-11.0,-5.99,-1.99,4.01,30.88,111.0
2025-02-28 00:00:00,AA,14,156,-10.0,-5.0,-1.99,4.01,19.11,145.0
2025-02-28 00:00:00,WN,14,230,-10.0,-4.01,0.0,7.92,17.99,82.0
2025-03-01 00:00:00,AA,14,141,-17.0,-5.0,-1.99,7.03,25.79,115.0
2025-03-01 00:00:00,WN,6,280,-12.0,-5.0,-2.97,-0.99,4.01,213.0
2025-03-01 00:00:00,WN,22,5,-7.0,-7.0,-5.0,-2.97,-2.97,12.0
2025-03-01 00:00:00,WN,5,131,-15.0,-5.0,-2.97,-0.99,0.99,278.0
2025-03-01 00:00:00,WN,14,222,-13.0,-4.01,-0.99,7.03,17.99,61.0
2025-03-01 00:00:00,DL,0,4,-16.0,-15.96,-13.87,-12.06,-12.06,-12.0
2025-03-01 00:00:00,UA,7,179,-15.0,-7.92,-5.0,-1.99,10.07,528.0
2025-03-01 00:00:00,UA,6,123,-13.0,-7.92,-5.0,-0.99,5.0,115.0
2025-03-01 00:00:00,WN,7,206,-11.0,-5.99,-4.01,-0.99,5.0,70.0
2025-03-01 00:00:00,WN,10,234,-15.0,-5.0,-2.97,0.0,10.07,147.0
2025-03-01 00:00:00,WN,12,198,-12.0,-4.01,-1.99,2.97,13.87,197.0
2025-03-01 00:00:00,UA,17,120,-16.0,-5.0,-1.99,7.03,24.78,160.0
2025-03-01 00:00:00,AA,15,109,-21.0,-5.0,-1.99,7.03,26.84,222.0
2025-03-01 00:00:00,DL,22,68,-10.0,-5.99,-2.97,1.99,13.87,62.0
2025-03-01 00:00:00,AA,16,142,-20.0,-5.99,-1.99,7.03,34.13,127.0
2025-03-01 00:00:00,WN,23,2,-6.0,-5.99,-5.99,-5.99,-5.99,2.0
2025-03-01 00:00:00,DL,20,67,-22.0,-7.03,-2.97,0.0,13.07,104.0
2025-03-01 00:00:00,DL,17,148,-23.0,-8.94,-5.0,0.99,21.98,117.0
2025-03-01 00:00:00,UA,20,63,-15.0,-5.99,0.0,10.07,26.84,126.0
2025-03-02 00:00:00,AA,14,156,-12.0,-5.0,-2.97,7.03,27.94,372.0
2025-03-02 00:00:00,WN,10,230,-12.0,-5.0,-1.99,1.99,10.07,177.0
2025-03-02 00:00:00,UA,7,195,-13.0,-7.92,-5.0,-1.99,5.99,389.0
2025-03-02 00:00:00,WN,14,227,-9.0,-2.97,0.0,7.92,22.88,153.0
2025-03-02 00:00:00,WN,5,183,-11.0,-5.99,-4.01,-1.99,0.0,339.0
2025-03-02 00:00:00,AA,15,127,-12.0,-4.01,-0.99,21.12,47.95,127.0
2025-03-02 00:00:00,UA,17,142,-15.0,-5.99,-1.99,0.0,13.87,64.0
2025-03-02 00:00:00,AA,16,151,-16.0,-4.01,-0.99,13.07,45.15,311.0
2025-03-02 00:00:00,DL,17,177,-18.0,-7.03,-2.97,2.97,19.89,224.0
2025-03-02 00:00:00,WN,7,198,-11.0,-5.99,-5.0,-1.99,1.99,198.0
2025-03-02 00:00:00,WN,12,235,-10.0,-4.01,-1.99,2.97,13.07,60.0
2025-03-02 00:00:00,UA,20,81,-14.0,-7.03,-1.99,7.92,15.03,123.0
2025-03-02 00:00:00,DL,0,1,-11.0,-11.0,-11.0,-11.0,-11.0,-11.0
2025-03-02 00:00:00,DL,20,100,-14.0,-5.99,-1.99,16.95,36.97,171.0
2025-03-02 00:00:00,WN,22,143,-15.0,-5.0,0.0,8.94,22.88,46.0
2025-03-02 00:00:00,WN,23,3,-2.0,-1.99,1.99,1.99,1.99,4.0
2025-03-02 00:00:00,DL,22,94,-15.0,-5.99,-2.97,5.0,15.96,167.0
2025-03-02 00:00:00,UA,6,125,-13.0,-7.92,-5.0,-1.99,5.0,54.0
2025-03-02 00:00:00,WN,6,294,-14.0,-5.99,-4.01,-1.99,1.99,55.0
2025-03-03 00:00:00,WN,14,223,-13.0,-4.01,0.0,13.87,71.53,301.0
2025-03-03 00:00:00,AA,15,121,-12.0,-5.0,-0.99,7.92,32.14,1479.0
2025-03-03 00:00:00,DL,17,177,-21.0,-7.92,-5.0,0.0,16.95,322.0
2025-03-03 00:00:00,UA,17,147,-18.0,-7.03,-2.97,5.99,34.82,222.0
2025-03-03 00:00:00,AA,16,147,-15.0,-5.99,-1.99,7.03,32.79,364.0
2025-03-03 00:00:00,UA,7,199,-18.0,-7.92,-5.0,-1.99,7.03,457.0
2025-03-03 00:00:00,AA,14,151,-15.0,-5.99,-2.97,0.99,19.11,288.0
2025-03-03 00:00:00,WN,7,205,-11.0,-5.0,-2.97,-0.99,5.99,373.0
2025-03-03 00:00:00,WN,12,225,-15.0,-4.01,0.0,13.87,64.72,437.0
2025-03-03 00:00:00,WN,6,301,-13.0,-5.99,-4.01,-1.99,1.99,369.0
2025-03-03 00:00:00,WN,10,226,-14.0,-4.01,-0.99,5.99,27.94,336.0
2025-03-03 00:00:00,DL,20,102,-18.0,-8.94,-5.0,-1.99,4.01,202.0
2025-03-03 00:00:00,UA,20,79,-17.0,-7.03,-0.99,13.07,30.88,79.0
2025-03-03 00:00:00,WN,22,6,-6.0,-5.99,-5.0,0.0,0.0,115.0
2025-03-03 00:00:00,DL,22,94,-17.0,-7.03,-4.01,0.99,10.91,74.0
2025-03-03 00:00:00,UA,6,125,-14.0,-7.92,-5.99,-4.01,0.0,249.0
2025-03-03 00:00:00,WN,23,2,-7.0,-7.0,-7.0,-7.0,-7.0,13.0
2025-03-03 00:00:00,DL,0,4,-15.0,-15.0,-12.06,-8.94,-8.94,0.0
2025-03-03 00:00:00,WN,5,98,-10.0,-5.99,-5.0,-0.99,0.0,37.0
2025-03-04 00:00:00,AA,16,118,-11.0,-5.99,-0.99,19.89,113.31,1322.0
2025-03-04 00:00:00,DL,20,74,-15.0,-5.0,0.0,22.88,87.37,307.0
2025-03-04 00:00:00,DL,0,4,-18.0,-17.99,-10.07,-10.07,-10.07,-4.0
2025-03-04 00:00:00,WN,5,30,-14.0,-5.0,-4.01,-1.99,0.0,2.0
2025-03-04 00:00:00,UA,6,118,-16.0,-10.07,-7.92,-4.01,-0.99,45.0
2025-03-04 00:00:00,WN,6,218,-13.0,-5.99,-4.01,-0.99,24.78,496.0
2025-03-04 00:00:00,UA,7,179,-17.0,-8.94,-5.99,-1.99,7.92,371.0
2025-03-04 00:00:00,WN,10,195,-13.0,-5.0,-1.99,1.99,44.26,327.0
2025-03-04 00:00:00,WN,12,172,-14.0,-5.99,-1.99,4.01,15.96,521.0
2025-03-04 00:00:00,AA,14,120,-19.0,-5.99,-1.99,22.88,179.49,1095.0
2025-03-04 00:00:00,UA,20,63,-15.0,-5.99,0.0,17.99,40.86,619.0
2025-03-04 00:00:00,WN,14,214,-12.0,-5.0,-0.99,10.91,67.36,372.0
2025-03-04 00:00:00,AA,15,95,-14.0,-5.0,0.99,102.52,242.29,1026.0
2025-03-04 00:00:00,WN,7,187,-16.0,-5.99,-4.01,-0.99,4.01,252.0
2025-03-04 00:00:00,DL,17,167,-18.0,-7.92,-5.0,4.01,57.4,482.0
2025-03-04 00:00:00,UA,17,136,-16.0,-5.99,-1.99,2.97,27.94,738.0
2025-03-04 00:00:00,DL,22,83,-18.0,-5.99,-2.97,1.99,34.13,600.0
2025-03-04 00:00:00,WN,23,2,-6.0,-5.99,-5.99,-5.99,-5.99,7.0
2025-03-04 00:00:00,WN,22,2,-7.0,-7.0,-7.0,-7.0,-7.0,-3.0
2025-03-05 00:00:00,DL,20,74,-11.0,0.0,15.03,62.18,92.77,219.0
2025-03-05 00:00:00,UA,7,179,-15.0,-8.94,-5.99,-2.97,4.01,96.0
2025-03-05 00:00:00,UA,20,74,-15.0,-4.01,0.99,15.03,57.4,199.0
2025-03-05 00:00:00,DL,17,171,-15.0,-5.99,0.0,32.79,111.06,1134.0
2025-03-05 00:00:00,WN,7,188,-10.0,-5.0,-4.01,-0.99,5.99,275.0
2025-03-05 00:00:00,UA,17,138,-16.0,-5.0,-0.99,12.06,57.4,234.0
2025-03-05 00:00:00,AA,15,116,-12.0,-4.01,0.99,23.81,85.64,308.0
2025-03-05 00:00:00,WN,10,199,-9.0,-4.01,-0.99,4.01,19.11,147.0
2025-03-05 00:00:00,AA,16,145,-13.0,-4.01,0.0,17.99,71.53,383.0
2025-03-05 00:00:00,AA,14,141,-17.0,-4.01,-0.99,17.99,51.94,497.0
2025-03-05 00:00:00,WN,12,175,-15.0,-5.0,-0.99,8.94,19.89,127.0
2025-03-05 00:00:00,WN,14,212,-12.0,-4.01,0.0,10.07,34.13,361.0
2025-03-05 00:00:00,UA,6,122,-19.0,-8.94,-5.99,-2.97,7.03,452.0
2025-03-05 00:00:00,WN,6,210,-12.0,-5.0,-2.97,-0.99,5.0,244.0
2025-03-05 00:00:00,WN,5,30,-12.0,-5.99,-2.97,-0.99,0.99,259.0
2025-03-05 00:00:00,DL,22,88,-12.0,-5.0,-0.99,5.99,19.11,618.0
2025-03-05 00:00:00,DL,0,2,-13.0,-13.0,-13.0,-13.0,-13.0,-8.0
2025-03-05 00:00:00,WN,22,2,-7.0,-7.0,-7.0,-7.0,-7.0,16.0
2025-03-05 00:00:00,WN,23,2,-10.0,-10.0,-10.0,-10.0,-10.0,-3.0
2025-03-06 00:00:00,UA,6,141,-15.0,-7.92,-5.0,-2.97,0.99,243.0
2025-03-06 00:00:00,AA,14,156,-13.0,-5.0,-1.99,7.03,23.81,110.0
2025-03-06 00:00:00,UA,20,101,-16.0,-5.0,-0.99,10.07,67.36,164.0
2025-03-06 00:00:00,AA,15,121,-18.0,-5.0,-0.99,7.92,47.95,330.0
2025-03-06 00:00:00,WN,22,139,-15.0,-4.01,1.99,19.89,47.0,128.0
2025-03-06 00:00:00,WN,23,16,-2.0,-0.99,0.0,19.11,34.13,84.0
2025-03-06 00:00:00,DL,22,93,-13.0,-5.0,-0.99,10.07,26.84,1047.0
2025-03-06 00:00:00,WN,6,305,-14.0,-5.0,-2.97,-0.99,7.03,118.0
2025-03-06 00:00:00,DL,20,101,-12.0,-5.0,-1.99,10.91,36.97,170.0
2025-03-06 00:00:00,WN,14,251,-11.0,-2.97,2.97,19.11,39.25,127.0
2025-03-06 00:00:00,UA,17,145,-11.0,-5.0,-1.99,4.01,25.79,254.0
2025-03-06 00:00:00,AA,16,157,-19.0,-4.01,-0.99,8.94,32.79,299.0
2025-03-06 00:00:00,WN,5,178,-11.0,-5.0,-2.97,-0.99,4.01,188.0
2025-03-06 00:00:00,DL,17,174,-15.0,-7.03,-2.97,5.99,15.96,198.0
2025-03-06 00:00:00,WN,12,233,-11.0,-5.0,0.0,10.91,26.84,295.0
2025-03-06 00:00:00,UA,7,201,-22.0,-7.92,-5.0,-1.99,0.99,53.0
2025-03-06 00:00:00,WN,7,236,-11.0,-5.99,-2.97,0.0,10.91,152.0
2025-03-06 00:00:00,DL,0,2,-11.0,-10.91,-10.91,-10.91,-10.91,19.0
2025-03-06 00:00:00,WN,10,237,-14.0,-5.0,-0.99,5.99,19.11,82.0
2025-03-07 00:00:00,WN,7,235,-14.0,-5.0,-2.97,0.0,5.99,95.0
2025-03-07 00:00:00,DL,0,4,-14.0,-13.87,-13.07,-9.0,-9.0,-9.0
2025-03-07 00:00:00,AA,16,161,-16.0,-4.01,1.99,21.12,51.94,409.0
2025-03-07 00:00:00,DL,22,93,-15.0,-7.03,-4.01,0.99,15.96,77.0
2025-03-07 00:00:00,UA,7,203,-15.0,-7.92,-5.0,-1.99,0.99,63.0
2025-03-07 00:00:00,WN,5,179,-9.0,-5.0,-4.01,-0.99,1.99,42.0
2025-03-07 00:00:00,UA,6,143,-15.0,-7.03,-5.0,-1.99,0.0,74.0
2025-03-07 00:00:00,WN,6,305,-12.0,-5.0,-2.97,0.0,7.03,160.0
2025-03-07 00:00:00,DL,17,176,-16.0,-7.03,-2.97,5.0,22.88,229.0
2025-03-07 00:00:00,UA,17,141,-13.0,-5.0,0.0,16.95,63.44,374.0
2025-03-07 00:00:00,DL,20,101,-15.0,-5.0,-0.99,16.95,47.0,89.0
2025-03-07 00:00:00,WN,22,140,-10.0,-4.01,5.0,25.79,63.44,130.0
2025-03-07 00:00:00,UA,20,98,-17.0,-4.01,2.97,19.11,47.95,132.0
2025-03-07 00:00:00,WN,23,17,-7.0,-0.99,0.99,15.03,30.88,61.0
2025-03-07 00:00:00,WN,12,231,-14.0,-4.01,0.0,19.89,60.95,373.0
2025-03-07 00:00:00,AA,15,120,-12.0,-5.99,-0.99,16.95,54.06,1055.0
2025-03-07 00:00:00,WN,10,235,-10.0,-5.0,-0.99,7.92,36.24,384.0
2025-03-07 00:00:00,WN,14,253,-11.0,-0.99,5.0,25.79,60.95,222.0
2025-03-07 00:00:00,AA,14,155,-11.0,-4.01,-0.99,7.92,34.82,174.0
2025-03-08 00:00:00,WN,23,20,-12.0,-5.0,-2.97,-0.99,7.92,25.0
2025-03-08 00:00:00,DL,22,70,-17.0,-7.03,-4.01,-0.99,12.06,68.0
2025-03-08 00:00:00,UA,17,121,-11.0,-5.99,-2.97,1.99,10.91,194.0
2025-03-08 00:00:00,WN,5,177,-11.0,-5.99,-4.01,-1.99,0.0,189.0
2025-03-08 00:00:00,WN,7,219,-13.0,-5.99,-2.97,0.0,10.07,79.0
2025-03-08 00:00:00,WN,10,188,-11.0,-4.01,-1.99,4.01,16.95,256.0
2025-03-08 00:00:00,WN,12,186,-14.0,-4.01,-0.99,5.0,22.88,126.0
2025-03-08 00:00:00,AA,15,114,-21.0,-4.01,7.92,47.0,71.53,904.0
2025-03-08 00:00:00,AA,16,150,-17.0,-5.99,-0.99,25.79,63.44,304.0
2025-03-08 00:00:00,WN,14,196,-10.0,-4.01,-0.99,7.92,23.81,154.0
2025-03-08 00:00:00,AA,14,140,-14.0,-5.0,0.0,22.88,68.72,357.0
2025-03-08 00:00:00,UA,6,144,-16.0,-7.92,-5.0,-2.97,5.99,70.0
2025-03-08 00:00:00,WN,6,277,-12.0,-5.0,-2.97,0.0,7.03,204.0
2025-03-08 00:00:00,UA,7,181,-12.0,-7.92,-5.99,-2.97,5.0,104.0
2025-03-08 00:00:00,UA,20,84,-13.0,-5.0,-0.99,23.81,49.9,130.0
2025-03-08 00:00:00,DL,0,4,-15.0,-15.0,-10.07,-8.94,-8.94,-6.0
2025-03-08 00:00:00,WN,22,107,-15.0,-5.99,-2.97,0.99,16.95,105.0
2025-03-08 00:00:00,DL,17,148,-18.0,-8.94,-5.99,-0.99,10.91,346.0
2025-03-08 00:00:00,DL,20,75,-19.0,-8.94,-5.0,0.0,15.03,62.0
2025-03-09 00:00:00,WN,10,236,-10.0,-4.01,-0.99,10.07,25.79,199.0
2025-03-09 00:00:00,AA,16,148,-15.0,-4.01,-0.99,16.95,41.68,191.0
2025-03-09 00:00:00,AA,15,144,-17.0,-4.01,0.99,15.96,51.94,1240.0
2025-03-09 00:00:00,WN,12,223,-14.0,-2.97,1.99,12.06,29.08,288.0
2025-03-09 00:00:00,AA,14,139,-10.0,-4.01,-0.99,15.03,41.68,331.0
2025-03-09 00:00:00,WN,14,213,-11.0,-0.99,5.99,17.99,30.27,192.0
2025-03-09 00:00:00,UA,7,195,-15.0,-7.03,-4.01,-0.99,8.94,591.0
2025-03-09 00:00:00,WN,7,232,-14.0,-5.0,-2.97,0.0,13.07,92.0
2025-03-09 00:00:00,WN,5,190,-11.0,-5.0,-2.97,-0.99,4.01,276.0
2025-03-09 00:00:00,UA,6,141,-15.0,-7.92,-5.0,-2.97,1.99,62.0
2025-03-09 00:00:00,WN,6,293,-13.0,-5.0,-2.97,-0.99,2.97,378.0
2025-03-09 00:00:00,DL,0,6,-14.0,-12.06,-10.91,-5.0,-0.99,6.0
2025-03-09 00:00:00,WN,22,163,-13.0,-2.97,5.0,25.79,44.26,148.0
2025-03-09 00:00:00,WN,23,9,-10.0,-5.99,-2.97,0.0,4.01,15.0
2025-03-09 00:00:00,DL,20,121,-27.0,-5.99,0.0,30.27,60.95,218.0
2025-03-09 00:00:00,DL,22,104,-14.0,-4.01,4.01,21.12,47.0,232.0
2025-03-09 00:00:00,UA,20,99,-15.0,-5.0,0.0,13.87,54.06,153.0
2025-03-09 00:00:00,DL,17,186,-16.0,-5.99,-0.99,10.91,36.24,123.0
2025-03-09 00:00:00,UA,17,134,-14.0,-5.0,-0.99,7.92,22.88,89.0
2025-03-10 00:00:00,AA,15,141,-15.0,-4.01,1.99,40.86,87.37,307.0
2025-03-10 00:00:00,UA,6,142,-15.0,-7.92,-5.99,-2.97,5.0,243.0
2025-03-10 00:00:00,UA,17,139,-16.0,-7.03,-2.97,0.0,10.07,118.0
2025-03-10 00:00:00,WN,5,196,-11.0,-5.99,-4.01,-1.99,0.0,27.0
2025-03-10 00:00:00,DL,20,120,-14.0,-7.03,-0.99,21.98,57.4,156.0
2025-03-10 00:00:00,WN,6,307,-12.0,-5.0,-4.01,-0.99,0.99,52.0
2025-03-10 00:00:00,WN,23,9,-15.0,-7.03,-7.03,-5.99,-3.0,-3.0
2025-03-10 00:00:00,UA,20,96,-18.0,-5.99,-4.01,1.99,39.25,139.0
2025-03-10 00:00:00,DL,22,101,-21.0,-7.92,-4.01,1.99,16.95,179.0
2025-03-10 00:00:00,WN,22,138,-15.0,-7.92,-5.0,4.01,22.88,91.0
2025-03-10 00:00:00,UA,7,204,-13.0,-7.92,-5.0,-2.97,-0.99,218.0
2025-03-10 00:00:00,WN,7,239,-12.0,-5.0,-2.97,-0.99,7.03,128.0
2025-03-10 00:00:00,DL,17,186,-20.0,-7.03,-2.97,15.96,39.25,244.0
2025-03-10 00:00:00,WN,10,236,-13.0,-4.01,-0.99,5.99,16.95,94.0
2025-03-10 00:00:00,AA,16,142,-20.0,-5.0,0.0,23.81,72.97,391.0
2025-03-10 00:00:00,WN,14,246,-11.0,-4.01,0.0,7.92,30.27,143.0
2025-03-10 00:00:00,AA,14,144,-13.0,-4.01,1.99,30.27,56.27,646.0
2025-03-10 00:00:00,DL,0,7,-20.0,-10.07,-7.03,-1.99,5.99,9.0
2025-03-10 00:00:00,WN,12,226,-11.0,-4.01,-0.99,5.99,30.27,106.0
2025-03-11 00:00:00,DL,22,95,-14.0,-7.92,-5.99,-1.99,8.94,87.0
2025-03-11 00:00:00,WN,6,301,-13.0,-5.99,-5.0,-1.99,0.0,60.0
2025-03-11 00:00:00,WN,5,106,-9.0,-5.0,-4.01,-1.99,-0.99,238.0
2025-03-11 00:00:00,UA,6,129,-18.0,-10.07,-7.92,-5.99,-2.97,62.0
2025-03-11 00:00:00,DL,0,7,-15.0,-12.06,-12.06,-12.06,-8.94,-5.0
2025-03-11 00:00:00,UA,7,192,-16.0,-7.92,-5.99,-2.97,2.97,103.0
2025-03-11 00:00:00,WN,7,243,-12.0,-5.99,-4.01,-1.99,0.0,87.0
2025-03-11 00:00:00,WN,10,248,-13.0,-5.0,-2.97,0.0,7.03,286.0
2025-03-11 00:00:00,WN,12,234,-11.0,-5.0,-1.99,4.01,19.89,273.0
2025-03-11 00:00:00,AA,14,144,-15.0,-7.03,-4.01,0.0,15.96,204.0
2025-03-11 00:00:00,WN,14,221,-13.0,-5.0,-1.99,4.01,21.12,273.0
2025-03-11 00:00:00,AA,15,144,-16.0,-7.03,-5.0,-0.99,16.95,57.0
2025-03-11 00:00:00,AA,16,144,-16.0,-7.92,-5.0,-0.99,13.87,129.0
2025-03-11 00:00:00,DL,17,177,-26.0,-10.07,-5.99,0.0,16.95,148.0
2025-03-11 00:00:00,UA,17,130,-19.0,-7.03,-5.0,-0.99,23.81,267.0
2025-03-11 00:00:00,DL,20,94,-19.0,-7.03,-5.0,-0.99,24.78,89.0
2025-03-11 00:00:00,UA,20,91,-15.0,-8.94,-5.0,4.01,15.96,88.0
2025-03-11 00:00:00,WN,22,10,-12.0,-5.99,-5.0,-1.99,34.82,103.0
2025-03-11 00:00:00,WN,23,9,-15.0,-5.99,-5.0,-4.01,-2.97,-1.0
2025-03-12 00:00:00,WN,7,244,-13.0,-5.99,-4.01,-1.99,0.99,42.0
2025-03-12 00:00:00,WN,10,249,-11.0,-5.0,-1.99,0.99,12.06,235.0
2025-03-12 00:00:00,WN,23,9,-6.0,-5.0,-2.97,0.0,4.01,9.0
2025-03-12 00:00:00,DL,22,95,-13.0,-7.03,-2.97,1.99,8.94,392.0
2025-03-12 00:00:00,DL,17,179,-14.0,-7.03,-2.97,5.99,26.84,182.0
2025-03-12 00:00:00,WN,6,304,-13.0,-5.99,-4.01,-1.99,0.0,74.0
2025-03-12 00:00:00,UA,7,192,-13.0,-7.92,-5.99,-1.99,5.99,169.0
2025-03-12 00:00:00,UA,17,134,-15.0,-5.0,-1.99,5.99,64.72,260.0
2025-03-12 00:00:00,DL,20,97,-16.0,-7.03,-2.97,0.99,26.84,92.0
2025-03-12 00:00:00,UA,20,100,-15.0,-7.92,-2.97,4.01,48.91,747.0
2025-03-12 00:00:00,DL,0,4,-15.0,-15.0,-12.06,-7.92,-7.92,1.0
2025-03-12 00:00:00,WN,5,106,-11.0,-5.0,-4.01,-0.99,4.01,22.0
2025-03-12 00:00:00,AA,16,145,-13.0,-5.0,-1.99,7.03,25.79,255.0
2025-03-12 00:00:00,UA,6,131,-19.0,-10.07,-7.92,-5.0,-0.99,223.0
2025-03-12 00:00:00,WN,12,233,-11.0,-5.0,-1.99,1.99,13.87,141.0
2025-03-12 00:00:00,WN,14,219,-15.0,-4.01,-0.99,4.01,12.06,108.0
2025-03-12 00:00:00,WN,22,10,-9.0,-7.92,-5.0,-1.99,4.01,6.0
2025-03-12 00:00:00,AA,15,142,-13.0,-5.99,-2.97,8.94,29.08,375.0
2025-03-12 00:00:00,AA,14,143,-16.0,-5.99,-4.01,0.99,21.98,450.0
2025-03-13 00:00:00,WN,10,230,-14.0,-5.0,-0.99,7.03,32.79,257.0
2025-03-13 00:00:00,WN,22,138,-13.0,-4.01,1.99,16.95,34.82,128.0
2025-03-13 00:00:00,DL,0,4,-12.0,-12.0,-10.91,-8.94,-8.94,-6.0
2025-03-13 00:00:00,UA,7,202,-16.0,-7.92,-5.99,-2.97,0.99,307.0
2025-03-13 00:00:00,WN,12,221,-10.0,-4.01,0.0,13.87,51.94,203.0
2025-03-13 00:00:00,UA,17,140,-16.0,-5.0,-1.99,5.0,24.78,265.0
2025-03-13 00:00:00,WN,7,236,-14.0,-5.0,-2.97,-0.99,7.03,57.0
2025-03-13 00:00:00,WN,5,194,-9.0,-5.0,-2.97,-0.99,1.99,340.0
2025-03-13 00:00:00,DL,17,185,-18.0,-5.99,-0.99,7.92,36.97,204.0
2025-03-13 00:00:00,WN,6,305,-10.0,-5.0,-2.97,-0.99,1.99,65.0
2025-03-13 00:00:00,DL,22,102,-11.0,-5.0,-2.97,4.01,19.11,177.0
2025-03-13 00:00:00,WN,23,9,-6.0,-1.99,0.99,12.06,36.97,74.0
2025-03-13 00:00:00,DL,20,119,-17.0,-5.99,-0.99,8.94,49.9,289.0
2025-03-13 00:00:00,UA,6,142,-15.0,-7.92,-5.99,-1.99,10.07,77.0
2025-03-13 00:00:00,UA,20,98,-23.0,-5.99,-1.99,23.81,67.36,222.0
2025-03-13 00:00:00,AA,15,142,-12.0,-5.0,-1.99,7.92,37.72,284.0
2025-03-13 00:00:00,AA,14,144,-11.0,-5.0,-1.99,5.99,32.14,1154.0
2025-03-13 00:00:00,WN,14,242,-8.0,-1.99,4.01,21.12,62.18,351.0
2025-03-13 00:00:00,AA,16,143,-12.0,-5.0,-0.99,17.99,52.99,268.0
2025-03-14 00:00:00,AA,14,120,-10.0,-5.0,-1.99,15.03,51.94,262.0
2025-03-14 00:00:00,DL,20,122,-10.0,-5.0,0.0,19.89,52.99,183.0
2025-03-14 00:00:00,WN,10,235,-10.0,-5.0,-0.99,4.01,15.96,212.0
2025-03-14 00:00:00,WN,6,308,-12.0,-5.0,-2.97,-0.99,5.99,248.0
2025-03-14 00:00:00,UA,7,201,-13.0,-7.03,-4.01,0.0,15.96,112.0
2025-03-14 00:00:00,WN,7,238,-10.0,-5.0,-2.97,0.0,5.0,129.0
2025-03-14 00:00:00,WN,22,134,-12.0,-1.99,7.92,29.08,67.36,121.0
2025-03-14 00:00:00,WN,23,9,-3.0,-0.99,2.97,17.99,27.94,28.0
2025-03-14 00:00:00,UA,20,97,-13.0,-5.0,0.99,30.27,71.53,115.0
2025-03-14 00:00:00,UA,6,145,-15.0,-7.03,-5.0,-1.99,5.99,209.0
2025-03-14 00:00:00,WN,5,194,-14.0,-5.0,-2.97,-0.99,1.99,207.0
2025-03-14 00:00:00,DL,22,103,-12.0,-4.01,0.0,15.96,30.27,151.0
2025-03-14 00:00:00,WN,12,223,-10.0,-2.97,0.99,12.06,39.25,124.0
2025-03-14 00:00:00,AA,15,120,-15.0,-4.01,0.99,13.07,45.15,271.0
2025-03-14 00:00:00,DL,17,187,-16.0,-5.99,0.0,13.07,34.13,473.0
2025-03-14 00:00:00,UA,17,136,-13.0,-5.0,-0.99,7.03,32.79,344.0
2025-03-14 00:00:00,AA,16,122,-17.0,-4.01,-1.99,8.94,30.27,185.0
2025-03-14 00:00:00,WN,14,244,-9.0,-0.99,7.03,23.81,48.91,195.0
2025-03-14 00:00:00,DL,0,7,-14.0,-12.06,30.27,32.14,32.79,162.0
2025-03-15 00:00:00,UA,20,82,-17.0,0.0,27.94,111.06,159.19,494.0
2025-03-15 00:00:00,DL,20,87,-17.0,-1.99,13.87,34.13,92.77,993.0
2025-03-15 00:00:00,DL,0,7,-15.0,-8.94,-1.99,-0.99,-0.99,19.0
2025-03-15 00:00:00,AA,14,132,-11.0,-1.99,5.0,41.68,92.77,388.0
2025-03-15 00:00:00,WN,12,176,-10.0,-1.99,5.99,27.94,47.95,480.0
2025-03-15 00:00:00,WN,5,193,-11.0,-5.0,-1.99,1.99,10.91,136.0
2025-03-15 00:00:00,UA,6,148,-12.0,-7.03,-4.01,5.0,45.15,255.0
2025-03-15 00:00:00,WN,7,228,-13.0,-4.01,-1.99,1.99,15.96,172.0
2025-03-15 00:00:00,WN,10,184,-10.0,-2.97,1.99,19.11,51.94,470.0
2025-03-15 00:00:00,WN,6,285,-14.0,-5.0,-2.97,0.0,7.92,146.0
2025-03-15 00:00:00,UA,7,183,-12.0,-5.99,-1.99,19.89,82.28,251.0
2025-03-15 00:00:00,WN,22,106,-9.0,7.92,25.79,47.95,82.28,237.0
2025-03-15 00:00:00,WN,23,9,-10.0,-4.01,4.01,7.92,10.91,39.0
2025-03-15 00:00:00,DL,22,61,-10.0,-2.97,1.99,29.08,278.7,664.0
2025-03-15 00:00:00,AA,15,134,-11.0,-1.99,7.03,36.97,120.31,357.0
2025-03-15 00:00:00,DL,17,144,-14.0,-4.01,5.99,30.88,75.95,322.0
2025-03-15 00:00:00,UA,17,118,-12.0,-2.97,5.99,52.99,132.97,292.0
2025-03-15 00:00:00,AA,16,130,-15.0,-2.97,10.07,39.25,106.71,1128.0
2025-03-15 00:00:00,WN,14,191,-9.0,-0.99,8.94,44.26,111.06,381.0
2025-03-16 00:00:00,WN,12,213,-10.0,-1.99,7.03,32.14,77.49,438.0
2025-03-16 00:00:00,WN,22,149,-7.0,21.98,48.91,106.71,156.04,250.0
2025-03-16 00:00:00,DL,0,4,-5.0,-5.0,4.01,7.03,7.03,58.0
2025-03-16 00:00:00,DL,22,99,-10.0,1.99,34.13,96.55,172.45,245.0
2025-03-16 00:00:00,WN,7,232,-11.0,-4.01,-1.99,2.97,21.98,407.0
2025-03-16 00:00:00,UA,7,201,-14.0,-5.99,-2.97,1.99,32.14,256.0
2025-03-16 00:00:00,WN,10,230,-9.0,-2.97,0.99,17.99,58.56,467.0
2025-03-16 00:00:00,UA,20,96,-9.0,10.91,46.07,79.05,146.95,260.0
2025-03-16 00:00:00,UA,6,145,-18.0,-7.03,-4.01,0.0,26.84,138.0
2025-03-16 00:00:00,WN,6,296,-11.0,-5.0,-2.97,0.0,7.03,327.0
2025-03-16 00:00:00,WN,14,204,-11.0,0.0,10.07,36.97,98.5,334.0
2025-03-16 00:00:00,AA,14,137,-10.0,-0.99,19.89,87.37,156.04,1186.0
2025-03-16 00:00:00,WN,5,193,-11.0,-5.0,-2.97,-0.99,5.0,122.0
2025-03-16 00:00:00,DL,20,113,-9.0,1.99,39.25,94.64,165.69,1170.0
2025-03-16 00:00:00,AA,15,138,-9.0,-0.99,21.98,57.4,172.45,1078.0
2025-03-16 00:00:00,AA,16,139,-22.0,0.0,19.11,79.05,232.79,1411.0
2025-03-16 00:00:00,UA,17,128,-9.0,-0.99,15.96,80.65,179.49,436.0
2025-03-16 00:00:00,DL,17,182,-12.0,5.99,34.82,87.37,179.49,1134.0
2025-03-16 00:00:00,WN,23,9,-5.0,-0.99,4.01,16.95,21.98,43.0
2025-03-17 00:00:00,WN,12,226,-10.0,-0.99,7.92,29.08,77.49,337.0
2025-03-17 00:00:00,WN,10,234,-8.0,-1.99,0.99,19.89,54.06,337.0
2025-03-17 00:00:00,AA,15,145,-11.0,-2.97,0.99,25.79,57.4,349.0
2025-03-17 00:00:00,WN,23,9,-5.0,2.97,7.03,16.95,21.12,48.0
2025-03-17 00:00:00,WN,5,190,-10.0,-4.01,-1.99,1.99,25.79,213.0
2025-03-17 00:00:00,UA,20,95,-12.0,-4.01,1.99,16.95,59.75,124.0
2025-03-17 00:00:00,AA,16,141,-13.0,-2.97,2.97,29.08,67.36,295.0
2025-03-17 00:00:00,DL,22,101,-19.0,-2.97,5.0,22.88,41.68,169.0
2025-03-17 00:00:00,WN,22,137,-12.0,0.0,8.94,25.79,41.68,142.0
2025-03-17 00:00:00,DL,20,120,-14.0,-2.97,4.01,32.14,62.18,280.0
2025-03-17 00:00:00,DL,17,185,-20.0,-4.01,5.99,23.81,54.06,264.0
2025-03-17 00:00:00,UA,17,140,-19.0,-2.97,4.01,21.12,51.94,333.0
2025-03-17 00:00:00,WN,14,246,-11.0,0.99,13.87,39.25,80.65,314.0
2025-03-17 00:00:00,DL,0,7,-10.0,-5.0,7.92,10.07,46.07,105.0
2025-03-17 00:00:00,UA,6,142,-11.0,-5.99,-2.97,1.99,24.78,178.0
2025-03-17 00:00:00,UA,7,204,-11.0,-5.99,-2.97,0.0,13.07,386.0
2025-03-17 00:00:00,AA,14,143,-14.0,-2.97,1.99,22.88,58.56,305.0
2025-03-17 00:00:00,WN,6,300,-9.0,-4.01,-1.99,2.97,24.78,379.0
2025-03-17 00:00:00,WN,7,231,-9.0,-2.97,0.0,12.06,74.45,261.0
2025-03-18 00:00:00,WN,12,231,-10.0,-4.01,-0.99,5.0,21.12,63.0
2025-03-18 00:00:00,UA,6,130,-17.0,-8.94,-7.03,-4.01,-0.99,1035.0
2025-03-18 00:00:00,UA,17,130,-15.0,-5.99,-2.97,5.99,45.15,206.0
2025-03-18 00:00:00,WN,7,245,-9.0,-5.0,-1.99,0.0,2.97,190.0
2025-03-18 00:00:00,WN,6,301,-11.0,-5.0,-2.97,0.0,4.01,71.0
2025-03-18 00:00:00,UA,7,187,-17.0,-7.92,-5.0,-1.99,0.99,671.0
2025-03-18 00:00:00,UA,20,91,-15.0,-7.03,-2.97,10.91,36.97,233.0
2025-03-18 00:00:00,WN,22,10,-12.0,-5.99,0.0,5.0,19.89,159.0
2025-03-18 00:00:00,AA,15,142,-16.0,-5.99,-0.99,15.03,49.9,374.0
2025-03-18 00:00:00,DL,0,7,-17.0,-7.92,-5.0,-4.01,49.9,71.0
2025-03-18 00:00:00,DL,22,95,-16.0,-7.92,-5.0,-0.99,4.01,147.0
2025-03-18 00:00:00,WN,5,106,-9.0,-5.0,-2.97,-0.99,1.99,54.0
2025-03-18 00:00:00,DL,20,93,-14.0,-5.99,-2.97,7.92,21.98,88.0
2025-03-18 00:00:00,AA,16,144,-17.0,-5.99,-2.97,15.03,60.95,462.0
2025-03-18 00:00:00,DL,17,178,-18.0,-7.03,-2.97,4.01,21.98,167.0
2025-03-18 00:00:00,WN,23,9,-9.0,-5.0,-0.99,5.99,15.96,18.0
2025-03-18 00:00:00,WN,10,249,-11.0,-4.01,-1.99,0.99,10.07,49.0
2025-03-18 00:00:00,AA,14,144,-15.0,-5.99,-1.99,7.92,39.25,341.0
2025-03-18 00:00:00,WN,14,216,-11.0,-4.01,0.0,8.94,21.12,409.0
2025-03-19 00:00:00,DL,0,4,-16.0,-15.96,-8.94,1.99,1.99,55.0
2025-03-19 00:00:00,DL,20,97,-14.0,-5.99,-1.99,12.06,51.94,283.0
2025-03-19 00:00:00,DL,17,179,-22.0,-7.03,-2.97,4.01,30.88,300.0
2025-03-19 00:00:00,WN,12,226,-10.0,-4.01,-0.99,5.0,15.03,107.0
2025-03-19 00:00:00,WN,22,10,-12.0,-5.0,0.99,2.97,10.07,37.0
2025-03-19 00:00:00,UA,17,134,-13.0,-5.99,-0.99,19.11,106.71,296.0
2025-03-19 00:00:00,WN,23,9,-2.0,5.99,7.92,15.03,19.11,25.0
2025-03-19 00:00:00,WN,10,245,-9.0,-5.0,-2.97,1.99,13.07,88.0
2025-03-19 00:00:00,UA,6,128,-15.0,-8.94,-7.03,-4.01,-1.99,243.0
2025-03-19 00:00:00,DL,22,95,-22.0,-7.03,-2.97,1.99,16.95,160.0
2025-03-19 00:00:00,UA,20,95,-12.0,-5.99,2.97,47.95,115.6,262.0
2025-03-19 00:00:00,WN,6,301,-11.0,-5.0,-4.01,-0.99,1.99,234.0
2025-03-19 00:00:00,UA,7,192,-12.0,-7.92,-5.0,-2.97,0.99,477.0
2025-03-19 00:00:00,WN,7,241,-13.0,-5.0,-4.01,-0.99,2.97,40.0
2025-03-19 00:00:00,AA,16,141,-21.0,-2.97,4.01,52.99,113.31,1439.0
2025-03-19 00:00:00,WN,14,218,-12.0,-2.97,0.0,7.03,15.96,314.0
2025-03-19 00:00:00,WN,5,106,-15.0,-5.0,-4.01,-0.99,1.99,282.0
2025-03-19 00:00:00,AA,14,137,-10.0,-4.01,-0.99,22.88,89.13,498.0
2025-03-19 00:00:00,AA,15,142,-19.0,-4.01,7.92,41.68,67.36,298.0
2025-03-20 00:00:00,AA,14,144,-11.0,-2.97,4.01,19.89,60.95,289.0
2025-03-20 00:00:00,WN,23,9,-4.0,-2.97,-0.99,1.99,2.97,37.0
2025-03-20 00:00:00,WN,10,238,-11.0,-4.01,-0.99,5.0,21.12,223.0
2025-03-20 00:00:00,UA,6,141,-14.0,-7.92,-5.0,-1.99,7.92,608.0
2025-03-20 00:00:00,DL,20,121,-23.0,-4.01,-0.99,15.96,59.75,844.0
2025-03-20 00:00:00,WN,6,307,-11.0,-5.0,-2.97,-0.99,0.99,21.0
2025-03-20 00:00:00,DL,0,4,-7.0,-7.0,-4.01,5.0,5.0,29.0
2025-03-20 00:00:00,WN,5,195,-10.0,-5.0,-2.97,-0.99,1.99,29.0
2025-03-20 00:00:00,WN,7,239,-10.0,-5.0,-2.97,0.0,7.03,236.0
2025-03-20 00:00:00,UA,7,203,-15.0,-7.03,-5.0,0.0,22.88,240.0
2025-03-20 00:00:00,AA,15,142,-12.0,-4.01,0.99,19.89,66.03,220.0
2025-03-20 00:00:00,WN,12,226,-12.0,-2.97,0.0,7.03,21.12,372.0
2025-03-20 00:00:00,DL,22,103,-17.0,-4.01,-0.99,12.06,30.27,108.0
2025-03-20 00:00:00,WN,14,242,-9.0,-1.99,0.99,12.06,27.94,241.0
2025-03-20 00:00:00,AA,16,143,-11.0,-4.01,1.99,22.88,67.36,230.0
2025-03-20 00:00:00,UA,20,97,-13.0,-5.0,1.99,30.88,72.97,531.0
2025-03-20 00:00:00,DL,17,185,-19.0,-5.0,0.0,10.91,43.38,397.0
2025-03-20 00:00:00,UA,17,140,-12.0,-4.01,-0.99,8.94,47.0,343.0
2025-03-20 00:00:00,WN,22,138,-11.0,-2.97,2.97,13.87,46.07,137.0
2025-03-21 00:00:00,DL,20,121,-25.0,-5.99,-0.99,15.03,43.38,277.0
2025-03-21 00:00:00,WN,23,9,-7.0,-4.01,0.0,1.99,5.0,12.0
2025-03-21 00:00:00,AA,15,144,-15.0,-4.01,-1.99,22.88,63.44,390.0
2025-03-21 00:00:00,UA,7,202,-14.0,-7.92,-5.0,-1.99,5.0,755.0
2025-03-21 00:00:00,AA,16,144,-17.0,-4.01,0.99,15.96,68.72,314.0
2025-03-21 00:00:00,DL,17,187,-19.0,-5.99,-1.99,22.88,51.94,1073.0
2025-03-21 00:00:00,UA,17,138,-14.0,-5.0,-2.97,5.99,44.26,114.0
2025-03-21 00:00:00,UA,20,96,-14.0,-5.99,-0.99,16.95,47.95,292.0
2025-03-21 00:00:00,WN,10,236,-12.0,-4.01,-1.99,1.99,15.03,146.0
2025-03-21 00:00:00,WN,12,227,-14.0,-2.97,-0.99,5.0,24.78,246.0
2025-03-21 00:00:00,AA,14,142,-14.0,-5.0,-0.99,21.12,62.18,392.0
2025-03-21 00:00:00,WN,14,247,-10.0,-2.97,0.99,12.06,30.88,349.0
2025-03-21 00:00:00,WN,7,239,-9.0,-5.0,-1.99,0.99,13.07,136.0
2025-03-21 00:00:00,DL,22,104,-12.0,-5.0,-1.99,7.92,34.82,601.0
2025-03-21 00:00:00,WN,22,136,-16.0,-5.99,-2.97,2.97,19.89,148.0
2025-03-21 00:00:00,DL,0,7,-11.0,-7.03,-5.0,-4.01,-2.97,3.0
2025-03-21 00:00:00,WN,5,195,-12.0,-5.0,-2.97,0.0,2.97,129.0
2025-03-21 00:00:00,UA,6,144,-15.0,-7.92,-5.99,-2.97,1.99,89.0
2025-03-21 00:00:00,WN,6,307,-12.0,-5.0,-2.97,-0.99,2.97,124.0
2025-03-22 00:00:00,AA,16,130,-14.0,-5.0,-0.99,10.91,63.44,314.0
2025-03-22 00:00:00,WN,12,178,-10.0,-5.0,-1.99,2.97,15.96,103.0
2025-03-22 00:00:00,WN,10,185,-11.0,-5.0,-1.99,0.99,7.03,375.0
2025-03-22 00:00:00,UA,20,82,-12.0,-4.01,0.0,16.95,66.03,192.0
2025-03-22 00:00:00,DL,0,7,-11.0,-5.0,0.0,0.0,0.0,60.0
2025-03-22 00:00:00,DL,17,148,-20.0,-7.03,-1.99,10.07,39.25,330.0
2025-03-22 00:00:00,DL,20,87,-12.0,-5.0,0.0,21.12,44.26,110.0
2025-03-22 00:00:00,UA,17,116,-13.0,-5.0,-1.99,2.97,22.88,131.0
2025-03-22 00:00:00,WN,5,193,-11.0,-5.0,-1.99,0.0,2.97,53.0
2025-03-22 00:00:00,UA,7,180,-15.0,-7.92,-5.99,-2.97,2.97,634.0
2025-03-22 00:00:00,WN,7,229,-12.0,-5.0,-2.97,0.0,2.97,172.0
2025-03-22 00:00:00,UA,6,146,-15.0,-7.92,-5.99,-1.99,4.01,130.0
2025-03-22 00:00:00,WN,6,284,-13.0,-5.0,-2.97,-0.99,4.01,106.0
2025-03-22 00:00:00,AA,14,135,-14.0,-5.0,-0.99,10.07,47.0,354.0
2025-03-22 00:00:00,WN,14,192,-13.0,-4.01,-0.99,4.01,13.87,97.0
2025-03-22 00:00:00,AA,15,136,-20.0,-5.0,-1.99,7.03,26.84,996.0
2025-03-22 00:00:00,DL,22,76,-12.0,-5.0,-2.97,0.99,19.89,84.0
2025-03-22 00:00:00,WN,22,107,-12.0,-4.01,0.99,15.03,41.68,96.0
2025-03-22 00:00:00,WN,23,9,-4.0,-0.99,-0.99,0.99,15.03,68.0
2025-03-23 00:00:00,WN,14,215,-12.0,-1.99,1.99,12.06,22.88,197.0
2025-03-23 00:00:00,WN,12,224,-10.0,-4.01,0.0,7.92,19.89,113.0
2025-03-23 00:00:00,WN,22,163,-13.0,-2.97,2.97,22.88,48.91,183.0
2025-03-23 00:00:00,UA,6,145,-17.0,-7.92,-5.0,-2.97,2.97,153.0
2025-03-23 00:00:00,WN,5,193,-11.0,-5.0,-4.01,-0.99,0.99,257.0
2025-03-23 00:00:00,WN,7,232,-10.0,-5.0,-2.97,0.0,5.0,223.0
2025-03-23 00:00:00,DL,22,104,-11.0,-5.0,0.0,19.11,45.15,457.0
2025-03-23 00:00:00,AA,14,140,-11.0,-4.01,-0.99,7.03,26.84,228.0
2025-03-23 00:00:00,WN,10,236,-10.0,-4.01,-1.99,2.97,13.07,130.0
2025-03-23 00:00:00,WN,23,9,-8.0,-0.99,2.97,5.0,13.07,24.0
2025-03-23 00:00:00,UA,7,199,-15.0,-7.92,-5.0,-1.99,7.03,117.0
2025-03-23 00:00:00,DL,20,119,-15.0,-5.99,-0.99,15.96,47.95,272.0
2025-03-23 00:00:00,DL,17,184,-15.0,-5.99,-2.97,7.03,34.82,315.0
2025-03-23 00:00:00,UA,17,132,-20.0,-4.01,-0.99,5.0,29.08,173.0
2025-03-23 00:00:00,WN,6,296,-12.0,-5.0,-2.97,-0.99,4.01,259.0
2025-03-23 00:00:00,UA,20,99,-14.0,-5.0,0.99,13.07,56.27,130.0
2025-03-23 00:00:00,AA,15,146,-13.0,-5.0,-0.99,15.03,63.44,280.0
2025-03-23 00:00:00,DL,0,4,-6.0,-5.99,-1.99,8.94,8.94,24.0
2025-03-23 00:00:00,AA,16,143,-24.0,-4.01,0.0,12.06,47.95,349.0
2025-03-24 00:00:00,WN,12,227,-10.0,-4.01,-0.99,7.03,25.79,259.0
2025-03-24 00:00:00,DL,20,121,-22.0,-7.03,-1.99,13.07,36.97,160.0
2025-03-24 00:00:00,DL,22,101,-13.0,-5.0,-2.97,5.0,21.12,184.0
2025-03-24 00:00:00,WN,7,238,-12.0,-5.0,-1.99,0.99,10.07,377.0
2025-03-24 00:00:00,AA,14,143,-12.0,-5.0,-1.99,7.92,47.0,309.0
2025-03-24 00:00:00,UA,17,140,-13.0,-5.0,0.0,13.07,34.13,197.0
2025-03-24 00:00:00,WN,14,247,-12.0,-1.99,2.97,15.96,32.14,225.0
2025-03-24 00:00:00,WN,23,9,-7.0,-1.99,0.0,1.99,7.03,9.0
2025-03-24 00:00:00,UA,20,97,-18.0,-5.0,0.0,12.06,44.26,125.0
2025-03-24 00:00:00,UA,6,142,-14.0,-7.92,-5.0,-0.99,4.01,253.0
2025-03-24 00:00:00,WN,22,138,-12.0,-5.0,-0.99,5.99,21.98,154.0
2025-03-24 00:00:00,WN,10,237,-12.0,-4.01,-1.99,5.0,13.07,64.0
2025-03-24 00:00:00,WN,6,306,-14.0,-5.0,-2.97,0.0,1.99,186.0
2025-03-24 00:00:00,UA,7,204,-18.0,-7.03,-5.0,-1.99,4.01,909.0
2025-03-24 00:00:00,WN,5,196,-13.0,-5.0,-4.01,-1.99,1.99,61.0
2025-03-24 00:00:00,DL,0,7,-16.0,-7.92,-4.01,-2.97,23.81,32.0
2025-03-24 00:00:00,DL,17,185,-26.0,-5.99,2.97,27.94,55.15,305.0
2025-03-24 00:00:00,AA,15,143,-10.0,-4.01,-0.99,10.91,30.27,480.0
2025-03-24 00:00:00,AA,16,144,-14.0,-4.01,1.99,19.89,58.56,898.0
2025-03-25 00:00:00,UA,6,131,-16.0,-10.07,-7.03,-4.01,0.99,121.0
2025-03-25 00:00:00,DL,20,94,-17.0,-7.03,-4.01,-0.99,26.84,338.0
2025-03-25 00:00:00,WN,14,221,-15.0,-5.0,-2.97,0.99,12.06,121.0
2025-03-25 00:00:00,AA,15,142,-18.0,-5.99,-1.99,19.11,59.75,186.0
2025-03-25 00:00:00,UA,20,91,-15.0,-7.03,-2.97,4.01,32.79,162.0
2025-03-25 00:00:00,WN,7,244,-12.0,-5.99,-4.01,-0.99,1.99,82.0
2025-03-25 00:00:00,WN,10,248,-11.0,-5.0,-2.97,0.99,16.95,95.0
2025-03-25 00:00:00,WN,6,302,-12.0,-5.99,-4.01,-1.99,0.0,351.0
2025-03-25 00:00:00,UA,7,191,-15.0,-7.92,-5.99,-1.99,2.97,172.0
2025-03-25 00:00:00,DL,22,95,-17.0,-7.92,-5.0,-1.99,0.0,60.0
2025-03-25 00:00:00,WN,22,10,-8.0,-5.99,-2.97,-0.99,49.9,71.0
2025-03-25 00:00:00,WN,23,9,-8.0,-5.0,-2.97,-1.99,-0.99,11.0
2025-03-25 00:00:00,AA,14,143,-14.0,-5.99,-2.97,13.87,77.49,329.0
2025-03-25 00:00:00,UA,17,130,-14.0,-7.03,-4.01,0.0,12.06,200.0
2025-03-25 00:00:00,WN,12,232,-14.0,-4.01,-0.99,1.99,13.87,189.0
2025-03-25 00:00:00,WN,5,107,-12.0,-5.99,-4.01,-1.99,-0.99,12.0
2025-03-25 00:00:00,DL,0,7,-24.0,-13.07,-7.92,-7.03,-5.99,-4.0
2025-03-25 00:00:00,DL,17,176,-23.0,-8.94,-5.0,-0.99,12.06,191.0
2025-03-25 00:00:00,AA,16,144,-15.0,-5.0,-2.97,10.07,32.79,292.0
2025-03-26 00:00:00,DL,22,95,-14.0,-7.03,-4.01,0.0,10.91,756.0
2025-03-26 00:00:00,WN,23,9,-6.0,-1.99,1.99,2.97,4.01,10.0
2025-03-26 00:00:00,WN,14,221,-15.0,-5.0,-1.99,5.0,16.95,160.0
2025-03-26 00:00:00,WN,10,250,-10.0,-5.0,-2.97,0.99,7.03,117.0
2025-03-26 00:00:00,WN,22,10,-7.0,-5.99,-2.97,-1.99,5.99,142.0
2025-03-26 00:00:00,AA,15,142,-15.0,-5.0,-1.99,8.94,37.72,259.0
2025-03-26 00:00:00,UA,20,99,-17.0,-7.03,-4.01,5.0,25.79,172.0
2025-03-26 00:00:00,WN,6,304,-13.0,-5.99,-5.0,-1.99,0.0,80.0
2025-03-26 00:00:00,UA,7,193,-15.0,-7.92,-5.99,-2.97,4.01,161.0
2025-03-26 00:00:00,WN,7,245,-13.0,-5.99,-4.01,-1.99,1.99,108.0
2025-03-26 00:00:00,DL,17,179,-29.0,-7.03,-2.97,2.97,23.81,354.0
2025-03-26 00:00:00,AA,16,145,-14.0,-5.0,-1.99,10.91,32.14,265.0
2025-03-26 00:00:00,DL,20,98,-25.0,-7.03,-4.01,4.01,29.08,141.0
2025-03-26 00:00:00,UA,17,136,-13.0,-7.03,-2.97,5.0,40.05,119.0
2025-03-26 00:00:00,WN,5,107,-12.0,-5.99,-5.0,-1.99,0.0,61.0
2025-03-26 00:00:00,UA,6,131,-17.0,-10.07,-7.03,-5.0,-0.99,72.0
2025-03-26 00:00:00,DL,0,4,-9.0,-8.94,-5.0,-5.0,-5.0,-4.0
2025-03-26 00:00:00,AA,14,143,-10.0,-5.99,-0.99,10.91,21.98,305.0
2025-03-26 00:00:00,WN,12,231,-12.0,-5.0,-1.99,1.99,8.94,170.0
2025-03-27 00:00:00,UA,7,204,-15.0,-7.92,-5.99,-2.97,0.0,257.0
2025-03-27 00:00:00,WN,12,227,-12.0,-4.01,-0.99,5.0,16.95,152.0
2025-03-27 00:00:00,WN,22,137,-16.0,-7.03,-2.97,5.99,21.12,101.0
2025-03-27 00:00:00,DL,17,185,-18.0,-5.99,-2.97,2.97,19.11,173.0
2025-03-27 00:00:00,WN,5,194,-11.0,-5.0,-2.97,-1.99,0.99,184.0
2025-03-27 00:00:00,DL,0,4,-11.0,-10.91,-7.03,-4.01,-4.01,0.0
2025-03-27 00:00:00,WN,7,238,-12.0,-5.0,-4.01,-0.99,1.99,99.0
2025-03-27 00:00:00,WN,10,238,-12.0,-5.0,-2.97,0.99,8.94,53.0
2025-03-27 00:00:00,UA,6,138,-18.0,-8.94,-7.03,-4.01,0.0,309.0
2025-03-27 00:00:00,WN,23,8,-3.0,-1.99,5.99,16.95,17.99,18.0
2025-03-27 00:00:00,WN,6,307,-13.0,-5.0,-4.01,-0.99,1.99,304.0
2025-03-27 00:00:00,UA,17,140,-11.0,-5.0,-0.99,7.92,37.72,266.0
2025-03-27 00:00:00,DL,22,103,-16.0,-5.99,-4.01,0.0,17.99,126.0
2025-03-27 00:00:00,DL,20,121,-19.0,-7.03,-1.99,5.99,27.94,124.0
2025-03-27 00:00:00,UA,20,97,-15.0,-5.0,0.0,7.92,36.24,207.0
2025-03-27 00:00:00,WN,14,247,-16.0,-2.97,0.99,10.07,22.88,183.0
2025-03-27 00:00:00,AA,15,143,-20.0,-5.0,-0.99,10.91,43.38,220.0
2025-03-27 00:00:00,AA,16,142,-13.0,-5.0,-0.99,13.07,30.27,179.0
2025-03-27 00:00:00,AA,14,145,-18.0,-5.0,-1.99,7.03,27.94,348.0
2025-03-28 00:00:00,UA,6,143,-13.0,-7.03,-5.0,-1.99,10.07,181.0
2025-03-28 00:00:00,WN,6,306,-10.0,-5.0,-2.97,0.0,5.99,153.0
2025-03-28 00:00:00,AA,15,142,-15.0,-5.99,-1.99,10.91,32.14,384.0
2025-03-28 00:00:00,AA,16,144,-20.0,-4.01,-0.99,17.99,44.26,486.0
2025-03-28 00:00:00,UA,17,137,-14.0,-5.0,-0.99,13.07,37.72,247.0
2025-03-28 00:00:00,DL,17,188,-20.0,-7.03,-2.97,5.0,21.98,157.0
2025-03-28 00:00:00,AA,14,142,-12.0,-5.0,-0.99,7.92,40.05,1136.0
2025-03-28 00:00:00,UA,7,204,-13.0,-5.99,-4.01,-0.99,15.03,137.0
2025-03-28 00:00:00,WN,14,246,-10.0,-1.99,1.99,15.03,41.68,495.0
2025-03-28 00:00:00,WN,7,238,-11.0,-5.0,-2.97,0.0,5.0,126.0
2025-03-28 00:00:00,WN,12,224,-11.0,-2.97,0.0,7.03,24.78,183.0
2025-03-28 00:00:00,WN,10,233,-10.0,-4.01,-0.99,1.99,8.94,173.0
2025-03-28 00:00:00,DL,0,7,-12.0,-10.91,-7.92,-5.99,-2.97,-1.0
2025-03-28 00:00:00,WN,5,194,-13.0,-5.0,-2.97,0.0,10.07,289.0
2025-03-28 00:00:00,DL,20,122,-22.0,-5.99,-2.97,10.07,40.86,195.0
2025-03-28 00:00:00,UA,20,97,-15.0,-4.01,1.99,13.07,29.08,89.0
2025-03-28 00:00:00,DL,22,103,-14.0,-5.99,-2.97,1.99,16.95,166.0
2025-03-28 00:00:00,WN,22,135,-17.0,-5.0,-0.99,7.92,30.27,89.0
2025-03-28 00:00:00,WN,23,9,-5.0,-0.99,0.99,5.0,5.99,6.0
2025-03-29 00:00:00,WN,23,9,-9.0,-7.03,-0.99,7.92,7.92,15.0
2025-03-29 00:00:00,WN,12,177,-13.0,-5.0,-1.99,4.01,17.99,82.0
2025-03-29 00:00:00,WN,14,191,-11.0,-4.01,-0.99,8.94,29.08,161.0
2025-03-29 00:00:00,DL,22,76,-13.0,-5.0,-0.99,13.87,36.24,595.0
2025-03-29 00:00:00,UA,17,113,-14.0,-5.0,-0.99,7.03,36.97,227.0
2025-03-29 00:00:00,DL,0,7,-10.0,-8.94,-7.03,-5.0,0.0,0.0
2025-03-29 00:00:00,WN,5,193,-11.0,-5.0,-2.97,-0.99,4.01,258.0
2025-03-29 00:00:00,UA,20,84,-10.0,-4.01,4.01,15.96,72.97,200.0
2025-03-29 00:00:00,WN,22,106,-13.0,-2.97,2.97,15.96,67.36,145.0
2025-03-29 00:00:00,UA,6,147,-14.0,-8.94,-5.99,-2.97,0.0,142.0
2025-03-29 00:00:00,WN,6,283,-12.0,-5.99,-4.01,-1.99,1.99,188.0
2025-03-29 00:00:00,DL,20,88,-14.0,-5.99,-1.99,10.07,32.79,140.0
2025-03-29 00:00:00,UA,7,180,-12.0,-7.92,-5.99,-2.97,0.0,113.0
2025-03-29 00:00:00,WN,7,228,-14.0,-5.99,-4.01,-0.99,1.99,93.0
2025-03-29 00:00:00,AA,14,134,-12.0,-5.0,-1.99,7.92,57.4,198.0
2025-03-29 00:00:00,DL,17,146,-20.0,-7.92,-4.01,5.0,32.14,150.0
2025-03-29 00:00:00,WN,10,184,-12.0,-5.0,-2.97,0.0,8.94,97.0
2025-03-29 00:00:00,AA,15,132,-18.0,-5.99,-1.99,8.94,43.38,362.0
2025-03-29 00:00:00,AA,16,132,-18.0,-5.0,-1.99,12.06,54.06,1789.0
2025-03-30 00:00:00,UA,20,85,-11.0,0.0,24.78,96.55,132.97,233.0
2025-03-30 00:00:00,WN,22,156,-9.0,10.91,47.95,115.6,165.69,242.0
2025-03-30 00:00:00,DL,22,100,-11.0,-1.99,7.92,49.9,138.4,614.0
2025-03-30 00:00:00,WN,23,9,-7.0,2.97,5.0,40.05,45.15,78.0
2025-03-30 00:00:00,UA,7,184,-13.0,-7.03,-4.01,0.0,23.81,881.0
2025-03-30 00:00:00,DL,0,4,-3.0,-2.97,-1.99,4.01,4.01,6.0
2025-03-30 00:00:00,WN,10,233,-15.0,-4.01,0.0,8.94,37.72,150.0
2025-03-30 00:00:00,WN,7,232,-11.0,-5.0,-2.97,0.0,12.06,148.0
2025-03-30 00:00:00,WN,12,215,-9.0,-1.99,2.97,19.11,58.56,320.0
2025-03-30 00:00:00,WN,6,295,-13.0,-5.99,-4.01,-0.99,7.92,188.0
2025-03-30 00:00:00,WN,5,193,-14.0,-5.0,-2.97,0.0,5.0,84.0
2025-03-30 00:00:00,UA,6,139,-16.0,-7.03,-4.01,-0.99,13.87,539.0
2025-03-30 00:00:00,AA,14,139,-9.0,-1.99,7.92,41.68,100.49,430.0
2025-03-30 00:00:00,WN,14,206,-13.0,-0.99,8.94,36.24,94.64,419.0
2025-03-30 00:00:00,AA,15,135,-14.0,-1.99,8.94,39.25,113.31,1085.0
2025-03-30 00:00:00,AA,16,133,-10.0,-1.99,10.07,37.72,89.13,1265.0
2025-03-30 00:00:00,DL,17,180,-17.0,-5.0,4.01,34.82,100.49,861.0
2025-03-30 00:00:00,UA,17,134,-9.0,2.97,17.99,92.77,141.19,428.0
2025-03-30 00:00:00,DL,20,116,-14.0,-0.99,32.14,77.49,132.97,288.0
2025-03-31 00:00:00,WN,12,220,-15.0,-0.99,5.99,37.72,89.13,449.0
2025-03-31 00:00:00,DL,20,103,-11.0,0.99,70.11,115.6,186.82,357.0
2025-03-31 00:00:00,DL,0,7,-10.0,-8.94,-2.97,-1.99,-0.99,36.0
2025-03-31 00:00:00,WN,5,192,-14.0,-5.0,-2.97,0.0,5.99,294.0
2025-03-31 00:00:00,UA,6,136,-13.0,-7.92,-5.0,-0.99,16.95,551.0
2025-03-31 00:00:00,WN,6,302,-11.0,-5.0,-2.97,0.0,10.91,237.0
2025-03-31 00:00:00,UA,7,197,-15.0,-7.03,-4.01,0.99,29.08,241.0
2025-03-31 00:00:00,WN,10,233,-12.0,-2.97,5.0,19.89,60.95,391.0
2025-03-31 00:00:00,AA,14,135,-10.0,-1.99,10.91,51.94,108.86,380.0
2025-03-31 00:00:00,WN,14,232,-14.0,1.99,15.03,47.95,108.86,647.0
2025-03-31 00:00:00,AA,15,136,-14.0,0.0,21.98,67.36,156.04,385.0
2025-03-31 00:00:00,UA,17,130,-10.0,-1.99,15.03,100.49,175.94,304.0
2025-03-31 00:00:00,DL,17,170,-14.0,-0.99,32.79,102.52,172.45,922.0
2025-03-31 00:00:00,WN,7,236,-10.0,-4.01,-1.99,5.0,36.24,304.0
2025-03-31 00:00:00,UA,20,71,-11.0,-0.99,30.27,67.36,206.46,897.0
2025-03-31 00:00:00,AA,16,129,-13.0,1.99,27.94,66.03,152.95,1113.0
2025-03-31 00:00:00,DL,22,90,-11.0,1.99,44.26,111.06,169.04,559.0
2025-03-31 00:00:00,WN,23,9,-3.0,-0.99,1.99,17.99,32.79,37.0
2025-03-31 00:00:00,WN,22,130,-12.0,1.99,34.82,104.6,144.04,244.0
2025-04-01 00:00:00,UA,20,77,-13.0,-7.03,-4.01,2.97,16.95,63.0
2025-04-01 00:00:00,DL,20,93,-17.0,-4.01,0.0,12.06,47.0,620.0
2025-04-01 00:00:00,WN,22,10,-7.0,-5.0,-4.01,-2.97,4.01,16.0
2025-04-01 00:00:00,WN,14,220,-13.0,-4.01,0.99,13.07,36.24,255.0
2025-04-01 00:00:00,DL,0,7,-12.0,-8.94,-5.0,1.99,5.99,22.0
2025-04-01 00:00:00,AA,15,143,-13.0,-4.01,0.99,17.99,51.94,160.0
2025-04-01 00:00:00,DL,17,174,-22.0,-5.99,-1.99,7.03,30.88,754.0
2025-04-01 00:00:00,AA,16,147,-13.0,-4.01,0.0,17.99,48.91,930.0
2025-04-01 00:00:00,WN,5,105,-10.0,-5.0,-2.97,-0.99,2.97,112.0
2025-04-01 00:00:00,AA,14,145,-14.0,-5.0,-0.99,13.87,39.25,330.0
2025-04-01 00:00:00,UA,7,184,-14.0,-7.03,-5.0,-1.99,7.92,189.0
2025-04-01 00:00:00,WN,7,245,-12.0,-5.0,-2.97,0.0,16.95,399.0
2025-04-01 00:00:00,WN,12,235,-11.0,-4.01,-0.99,12.06,27.94,236.0
2025-04-01 00:00:00,WN,10,250,-11.0,-5.0,-0.99,5.0,26.84,414.0
2025-04-01 00:00:00,UA,6,122,-15.0,-7.92,-5.99,-2.97,4.01,630.0
2025-04-01 00:00:00,WN,6,302,-11.0,-5.99,-4.01,-0.99,2.97,164.0
2025-04-01 00:00:00,UA,17,131,-13.0,-5.99,-0.99,8.94,19.89,116.0
2025-04-01 00:00:00,DL,22,94,-15.0,-5.99,-4.01,1.99,26.84,94.0
2025-04-01 00:00:00,WN,23,7,-8.0,-7.92,-2.97,-0.99,5.0,9.0
2025-04-02 00:00:00,DL,20,91,-15.0,-5.99,-1.99,5.99,24.78,883.0
2025-04-02 00:00:00,WN,23,9,-7.0,-5.0,-1.99,-0.99,4.0,4.0
2025-04-02 00:00:00,WN,10,242,-12.0,-4.01,0.0,10.91,36.24,359.0
2025-04-02 00:00:00,UA,17,130,-13.0,-4.01,1.99,37.72,141.19,1080.0
2025-04-02 00:00:00,AA,16,140,-19.0,-1.99,19.89,74.45,149.92,436.0
2025-04-02 00:00:00,DL,17,173,-26.0,-7.03,-0.99,15.03,44.26,896.0
2025-04-02 00:00:00,UA,20,78,-11.0,-5.99,0.99,39.25,111.06,645.0
2025-04-02 00:00:00,WN,12,234,-10.0,-1.99,5.0,30.27,56.27,258.0
2025-04-02 00:00:00,AA,14,140,-13.0,-2.97,10.91,47.0,117.93,415.0
2025-04-02 00:00:00,DL,0,3,-15.0,-15.0,-7.92,-7.92,-7.92,-7.0
2025-04-02 00:00:00,WN,14,220,-12.0,-0.99,13.07,36.24,80.65,252.0
2025-04-02 00:00:00,AA,15,135,-17.0,-2.97,10.91,52.99,141.19,861.0
2025-04-02 00:00:00,UA,6,127,-15.0,-10.07,-7.03,-2.97,40.86,366.0
2025-04-02 00:00:00,DL,22,92,-14.0,-5.0,-2.97,5.99,40.05,134.0
2025-04-02 00:00:00,WN,6,294,-12.0,-5.0,-4.01,0.0,13.07,146.0
2025-04-02 00:00:00,UA,7,189,-16.0,-7.92,-4.01,8.94,127.75,313.0
2025-04-02 00:00:00,WN,5,106,-10.0,-5.99,-4.01,-0.99,13.07,148.0
2025-04-02 00:00:00,WN,22,10,-11.0,-2.97,-1.99,2.97,8.94,13.0
2025-04-02 00:00:00,WN,7,237,-11.0,-5.0,-1.99,1.99,16.95,280.0
2025-04-03 00:00:00,UA,17,138,-14.0,-2.97,5.0,29.08,67.36,354.0
2025-04-03 00:00:00,WN,7,228,-11.0,-5.0,-2.97,1.99,25.79,163.0
2025-04-03 00:00:00,DL,0,4,-14.0,-13.87,-4.01,19.89,19.89,66.0
2025-04-03 00:00:00,UA,20,84,-22.0,-5.0,2.97,15.96,85.64,562.0
2025-04-03 00:00:00,DL,17,183,-17.0,-5.0,0.99,21.12,63.44,349.0
2025-04-03 00:00:00,AA,15,140,-26.0,-1.99,7.03,30.27,94.64,931.0
2025-04-03 00:00:00,WN,5,185,-13.0,-5.0,-2.97,0.0,10.07,348.0
2025-04-03 00:00:00,AA,16,144,-14.0,-2.97,12.06,41.68,82.28,421.0
2025-04-03 00:00:00,DL,22,98,-19.0,-5.0,-0.99,19.89,40.86,136.0
2025-04-03 00:00:00,WN,23,9,-6.0,0.0,1.99,19.11,19.11,49.0
2025-04-03 00:00:00,UA,6,120,-13.0,-7.92,-5.0,-0.99,24.78,178.0
2025-04-03 00:00:00,WN,10,235,-10.0,-2.97,1.99,16.95,47.0,252.0
2025-04-03 00:00:00,WN,12,225,-10.0,-1.99,0.99,15.03,50.91,300.0
2025-04-03 00:00:00,AA,14,143,-11.0,-1.99,7.92,32.79,62.18,323.0
2025-04-03 00:00:00,WN,14,243,-12.0,-0.99,5.0,23.81,74.45,321.0
2025-04-03 00:00:00,WN,22,137,-14.0,-0.99,13.87,49.9,89.13,273.0
2025-04-03 00:00:00,WN,6,296,-12.0,-5.0,-2.97,0.0,10.07,125.0
2025-04-03 00:00:00,UA,7,190,-12.0,-7.03,-4.01,0.99,23.81,202.0
2025-04-03 00:00:00,DL,20,117,-20.0,-4.01,0.99,17.99,46.07,156.0
2025-04-04 00:00:00,WN,6,307,-12.0,-5.0,-2.97,0.0,7.92,162.0
2025-04-04 00:00:00,UA,17,137,-12.0,-4.01,1.99,19.89,67.36,300.0
2025-04-04 00:00:00,WN,22,133,-14.0,0.0,16.95,54.06,89.13,163.0
2025-04-04 00:00:00,DL,17,185,-14.0,-7.03,-0.99,13.87,58.56,447.0
2025-04-04 00:00:00,DL,20,119,-17.0,-5.99,-1.99,5.0,36.97,158.0
2025-04-04 00:00:00,UA,7,200,-13.0,-7.03,-4.01,-0.99,10.07,890.0
2025-04-04 00:00:00,WN,23,8,-2.0,0.0,7.92,36.24,60.95,94.0
2025-04-04 00:00:00,WN,7,241,-13.0,-4.01,-1.99,4.01,19.11,153.0
2025-04-04 00:00:00,WN,10,237,-13.0,-2.97,1.99,17.99,40.86,231.0
2025-04-04 00:00:00,DL,0,7,-19.0,-7.03,4.01,5.99,32.79,64.0
2025-04-04 00:00:00,UA,20,85,-16.0,-5.99,0.0,15.96,52.99,168.0
2025-04-04 00:00:00,DL,22,100,-13.0,-5.99,-1.99,5.99,27.94,93.0
2025-04-04 00:00:00,UA,6,134,-14.0,-7.92,-5.99,-1.99,4.01,92.0
2025-04-04 00:00:00,WN,5,194,-10.0,-5.0,-2.97,0.0,7.92,332.0
2025-04-04 00:00:00,WN,14,240,-10.0,0.0,10.07,40.86,111.06,284.0
2025-04-04 00:00:00,AA,16,149,-13.0,-0.99,10.91,47.95,102.52,323.0
2025-04-04 00:00:00,WN,12,228,-9.0,-0.99,7.92,24.78,82.28,165.0
2025-04-04 00:00:00,AA,15,142,-10.0,-2.97,7.03,50.91,113.31,531.0
2025-04-04 00:00:00,AA,14,150,-13.0,-2.97,7.92,36.97,87.37,402.0
2025-04-05 00:00:00,DL,0,7,-11.0,-7.03,-5.0,-2.97,10.07,28.0
2025-04-05 00:00:00,WN,6,276,-14.0,-5.0,-2.97,0.99,13.07,512.0
2025-04-05 00:00:00,UA,7,184,-17.0,-7.92,-5.0,-1.99,13.87,346.0
2025-04-05 00:00:00,WN,5,188,-14.0,-5.0,-1.99,0.0,10.07,281.0
2025-04-05 00:00:00,UA,6,132,-16.0,-8.94,-5.99,-2.97,5.99,117.0
2025-04-05 00:00:00,WN,10,182,-14.0,-4.01,0.0,12.06,25.79,245.0
2025-04-05 00:00:00,WN,7,222,-12.0,-5.0,-1.99,0.99,15.03,226.0
2025-04-05 00:00:00,UA,17,129,-17.0,-4.01,0.99,32.14,79.05,257.0
2025-04-05 00:00:00,DL,17,144,-14.0,-7.03,-1.99,13.87,46.07,229.0
2025-04-05 00:00:00,WN,22,107,-15.0,-4.01,7.92,30.27,51.94,158.0
2025-04-05 00:00:00,WN,23,9,-3.0,-1.99,0.0,4.01,5.99,8.0
2025-04-05 00:00:00,UA,20,70,-16.0,-5.0,26.84,63.44,98.5,239.0
2025-04-05 00:00:00,DL,22,74,-12.0,-5.0,-0.99,12.06,32.14,732.0
2025-04-05 00:00:00,DL,20,88,-20.0,-5.99,0.0,15.03,45.15,145.0
2025-04-05 00:00:00,WN,14,189,-11.0,-1.99,7.03,24.78,57.4,225.0
2025-04-05 00:00:00,AA,16,126,-18.0,-2.97,5.99,36.97,115.6,244.0
2025-04-05 00:00:00,AA,15,119,-14.0,-4.01,1.99,46.07,102.52,976.0
2025-04-05 00:00:00,WN,12,176,-12.0,-2.97,0.99,19.11,45.15,193.0
2025-04-05 00:00:00,AA,14,123,-13.0,-1.99,7.03,34.82,79.05,368.0
2025-04-06 00:00:00,WN,6,296,-15.0,-5.0,-2.97,0.0,8.94,377.0
2025-04-06 00:00:00,UA,7,193,-15.0,-7.03,-4.01,0.0,23.81,548.0
2025-04-06 00:00:00,WN,7,232,-12.0,-5.0,-2.97,0.0,7.92,198.0
2025-04-06 00:00:00,WN,10,236,-10.0,-4.01,0.0,7.03,29.08,260.0
2025-04-06 00:00:00,WN,12,222,-15.0,-1.99,2.97,15.03,34.13,305.0
2025-04-06 00:00:00,AA,14,148,-13.0,-4.01,0.0,15.96,43.38,1022.0
2025-04-06 00:00:00,WN,14,215,-14.0,0.0,12.06,27.94,67.36,302.0
2025-04-06 00:00:00,AA,15,142,-10.0,-4.01,4.01,37.72,67.36,287.0
2025-04-06 00:00:00,UA,17,135,-14.0,-5.0,-0.99,7.92,26.84,318.0
2025-04-06 00:00:00,DL,17,170,-15.0,-2.97,21.98,111.06,214.89,1117.0
2025-04-06 00:00:00,DL,22,79,-14.0,-1.99,13.07,113.31,172.45,293.0
2025-04-06 00:00:00,WN,22,164,-12.0,1.99,15.03,37.72,70.11,219.0
2025-04-06 00:00:00,AA,16,152,-11.0,-1.99,5.99,29.08,63.44,310.0
2025-04-06 00:00:00,WN,23,9,-6.0,-1.99,-0.99,2.97,10.91,16.0
2025-04-06 00:00:00,DL,20,103,-15.0,-2.97,32.14,96.55,228.18,1090.0
2025-04-06 00:00:00,UA,20,87,-16.0,-4.01,0.0,23.81,77.49,214.0
2025-04-06 00:00:00,WN,5,192,-14.0,-5.0,-2.97,0.0,5.0,488.0
2025-04-06 00:00:00,UA,6,130,-14.0,-7.03,-5.0,-1.99,2.97,295.0
2025-04-06 00:00:00,DL,0,4,-9.0,-8.94,-2.97,0.0,0.0,41.0
2025-04-07 00:00:00,WN,10,238,-11.0,-4.01,-0.99,5.0,24.78,287.0
2025-04-07 00:00:00,WN,14,244,-14.0,-0.99,5.0,15.96,34.13,182.0
2025-04-07 00:00:00,UA,20,80,-18.0,-4.01,5.0,17.99,55.15,205.0
2025-04-07 00:00:00,WN,12,230,-13.0,-4.01,0.99,15.03,34.13,156.0
2025-04-07 00:00:00,UA,17,136,-18.0,-5.99,-1.99,5.99,54.06,201.0
2025-04-07 00:00:00,UA,7,200,-17.0,-7.03,-5.0,-0.99,8.94,237.0
2025-04-07 00:00:00,DL,22,97,-20.0,-4.01,8.94,41.68,64.72,186.0
2025-04-07 00:00:00,UA,6,134,-14.0,-7.92,-5.0,-2.97,4.01,841.0
2025-04-07 00:00:00,WN,7,240,-12.0,-5.0,-1.99,0.99,13.07,381.0
2025-04-07 00:00:00,DL,17,182,-27.0,-2.97,13.87,56.27,102.52,324.0
2025-04-07 00:00:00,AA,14,151,-12.0,-2.97,5.99,40.86,96.55,342.0
2025-04-07 00:00:00,WN,6,306,-11.0,-4.01,-2.97,0.0,5.99,78.0
2025-04-07 00:00:00,DL,20,114,-13.0,0.0,13.07,47.95,90.93,659.0
2025-04-07 00:00:00,DL,0,6,-12.0,-7.03,-4.01,-4.01,0.99,211.0
2025-04-07 00:00:00,WN,22,137,-13.0,-5.99,-0.99,10.07,40.86,131.0
2025-04-07 00:00:00,AA,15,143,-16.0,-2.97,5.99,34.13,68.72,249.0
2025-04-07 00:00:00,WN,5,197,-13.0,-5.0,-2.97,-0.99,1.99,40.0
2025-04-07 00:00:00,AA,16,150,-11.0,-4.01,4.01,30.27,82.28,845.0
2025-04-07 00:00:00,WN,23,9,-7.0,-7.0,-5.0,-1.99,0.0,1.0
2025-04-08 00:00:00,DL,22,94,-19.0,-7.03,-2.97,5.99,44.26,895.0
2025-04-08 00:00:00,AA,15,130,-13.0,-5.99,-1.99,15.03,67.36,168.0
2025-04-08 00:00:00,AA,16,142,-13.0,-5.0,-0.99,15.96,56.27,322.0
2025-04-08 00:00:00,AA,14,141,-15.0,-5.99,-1.99,5.0,41.68,441.0
2025-04-08 00:00:00,UA,17,130,-13.0,-7.92,-4.01,1.99,36.24,151.0
2025-04-08 00:00:00,DL,17,175,-26.0,-7.92,-2.97,7.03,60.95,267.0
2025-04-08 00:00:00,WN,23,6,-10.0,-8.94,-8.94,-5.99,-0.99,0.0
2025-04-08 00:00:00,WN,22,7,-8.0,-7.92,-0.99,1.99,2.97,4.0
2025-04-08 00:00:00,WN,7,224,-12.0,-5.99,-4.01,-0.99,2.97,109.0
2025-04-08 00:00:00,WN,10,257,-12.0,-5.0,-1.99,1.99,7.03,149.0
2025-04-08 00:00:00,WN,14,220,-12.0,-5.0,-1.99,5.99,23.81,159.0
2025-04-08 00:00:00,UA,20,76,-11.0,-5.99,-0.99,8.94,19.89,73.0
2025-04-08 00:00:00,WN,12,217,-12.0,-5.99,-2.97,1.99,15.03,454.0
2025-04-08 00:00:00,DL,20,95,-19.0,-5.99,-1.99,13.07,55.15,259.0
2025-04-08 00:00:00,UA,7,189,-14.0,-8.94,-5.99,-4.01,-0.99,244.0
2025-04-08 00:00:00,WN,6,288,-12.0,-5.99,-4.01,-1.99,0.0,85.0
2025-04-08 00:00:00,DL,0,7,-15.0,-13.07,-10.07,-5.0,26.84,69.0
2025-04-08 00:00:00,WN,5,88,-11.0,-5.99,-4.01,-0.99,1.99,63.0
2025-04-08 00:00:00,UA,6,127,-19.0,-10.07,-7.03,-5.0,-1.99,33.0
2025-04-09 00:00:00,WN,14,220,-11.0,-5.0,-0.99,5.0,16.95,62.0
2025-04-09 00:00:00,DL,20,98,-24.0,-7.03,-4.01,-0.99,7.03,101.0
2025-04-09 00:00:00,WN,7,231,-13.0,-5.99,-4.01,-0.99,2.97,369.0
2025-04-09 00:00:00,WN,10,256,-11.0,-4.01,-1.99,2.97,12.06,64.0
2025-04-09 00:00:00,UA,20,82,-15.0,-7.03,-2.97,4.01,32.79,117.0
2025-04-09 00:00:00,AA,14,148,-10.0,-5.0,-0.99,7.03,21.98,990.0
2025-04-09 00:00:00,UA,17,136,-16.0,-5.0,-1.99,1.99,16.95,320.0
2025-04-09 00:00:00,DL,17,179,-30.0,-7.92,-2.97,1.99,21.98,238.0
2025-04-09 00:00:00,AA,15,138,-12.0,-5.99,-2.97,7.03,36.97,301.0
2025-04-09 00:00:00,WN,12,217,-10.0,-5.0,-1.99,4.01,15.03,77.0
2025-04-09 00:00:00,AA,16,150,-16.0,-5.0,-1.99,7.03,43.38,209.0
2025-04-09 00:00:00,WN,6,292,-12.0,-5.0,-4.01,-1.99,0.0,58.0
2025-04-09 00:00:00,DL,22,93,-19.0,-7.03,-4.01,0.0,15.03,176.0
2025-04-09 00:00:00,UA,7,193,-18.0,-8.94,-5.99,-4.01,0.0,90.0
2025-04-09 00:00:00,WN,22,7,-12.0,-7.03,-2.97,-2.97,-2.97,11.0
2025-04-09 00:00:00,WN,23,6,-9.0,-7.03,-4.01,-4.01,-2.97,0.0
2025-04-09 00:00:00,DL,0,4,-12.0,-12.0,-7.03,-7.03,-7.03,17.0
2025-04-09 00:00:00,WN,5,91,-15.0,-5.0,-4.01,-1.99,0.99,29.0
2025-04-09 00:00:00,UA,6,128,-17.0,-10.07,-7.92,-5.0,0.99,101.0
2025-04-10 00:00:00,WN,10,239,-11.0,-4.01,-0.99,5.0,23.81,190.0
2025-04-10 00:00:00,WN,22,16,-8.0,-5.99,0.99,10.91,30.88,77.0
2025-04-10 00:00:00,UA,17,138,-15.0,-5.0,-2.97,0.99,10.07,318.0
2025-04-10 00:00:00,UA,20,83,-20.0,-5.99,-1.99,4.01,21.98,145.0
2025-04-10 00:00:00,DL,17,180,-26.0,-5.99,-0.99,10.91,47.0,292.0
2025-04-10 00:00:00,WN,23,6,-3.0,-0.99,0.0,5.99,5.99,59.0
2025-04-10 00:00:00,DL,20,117,-17.0,-1.99,8.94,40.86,122.75,643.0
2025-04-10 00:00:00,WN,12,238,-12.0,-4.01,0.0,8.94,23.81,145.0
2025-04-10 00:00:00,AA,16,149,-13.0,-4.01,0.0,12.06,36.24,192.0
2025-04-10 00:00:00,WN,14,229,-10.0,-1.99,4.01,16.95,34.82,145.0
2025-04-10 00:00:00,AA,14,151,-15.0,-5.0,-0.99,10.07,36.97,155.0
2025-04-10 00:00:00,AA,15,140,-14.0,-5.0,0.0,19.89,52.99,327.0
2025-04-10 00:00:00,DL,22,79,-12.0,-2.97,1.99,135.65,202.38,562.0
2025-04-10 00:00:00,UA,6,134,-22.0,-7.92,-5.99,-4.01,-1.99,113.0
2025-04-10 00:00:00,WN,6,279,-10.0,-5.0,-2.97,-0.99,4.01,173.0
2025-04-10 00:00:00,UA,7,201,-16.0,-7.92,-5.99,-2.97,4.01,223.0
2025-04-10 00:00:00,WN,7,276,-11.0,-5.0,-2.97,-0.99,7.92,181.0
2025-04-10 00:00:00,WN,5,212,-13.0,-5.99,-4.01,-1.99,0.99,59.0
2025-04-10 00:00:00,DL,0,4,-11.0,-10.91,-5.0,1.99,1.99,13.0
2025-04-11 00:00:00,DL,20,119,-29.0,-4.01,1.99,24.78,79.05,206.0
2025-04-11 00:00:00,WN,12,238,-12.0,-2.97,0.99,10.91,34.82,135.0
2025-04-11 00:00:00,DL,22,95,-17.0,-5.0,0.0,19.11,40.86,129.0
2025-04-11 00:00:00,WN,23,6,-1.0,2.97,10.07,10.07,34.13,72.0
2025-04-11 00:00:00,WN,22,16,-14.0,-5.0,-2.97,5.0,30.88,64.0
2025-04-11 00:00:00,DL,0,7,-9.0,-7.92,7.03,24.78,66.03,96.0
2025-04-11 00:00:00,AA,16,151,-15.0,-2.97,10.91,34.82,100.49,1679.0
2025-04-11 00:00:00,UA,17,135,-11.0,-5.99,-2.97,5.0,21.98,226.0
2025-04-11 00:00:00,WN,7,278,-11.0,-5.0,-2.97,0.0,7.03,181.0
2025-04-11 00:00:00,AA,14,152,-16.0,-4.01,2.97,23.81,52.99,239.0
2025-04-11 00:00:00,AA,15,142,-14.0,-4.01,1.99,34.13,80.65,475.0
2025-04-11 00:00:00,WN,5,212,-11.0,-5.0,-2.97,-0.99,0.0,46.0
2025-04-11 00:00:00,WN,14,229,-10.0,-0.99,5.0,17.99,41.68,199.0
2025-04-11 00:00:00,WN,10,240,-11.0,-2.97,0.0,5.99,19.11,206.0
2025-04-11 00:00:00,UA,7,201,-15.0,-7.03,-5.0,-2.97,0.0,633.0
2025-04-11 00:00:00,UA,6,134,-15.0,-7.92,-5.99,-1.99,7.92,202.0
2025-04-11 00:00:00,WN,6,282,-11.0,-5.0,-2.97,-0.99,4.01,241.0
2025-04-11 00:00:00,DL,17,184,-15.0,-5.0,0.0,16.95,56.27,291.0
2025-04-11 00:00:00,UA,20,84,-14.0,-5.99,-2.97,7.03,41.68,143.0
2025-04-12 00:00:00,AA,16,134,-15.0,-5.0,-1.99,7.03,29.08,204.0
2025-04-12 00:00:00,DL,17,145,-17.0,-7.03,-4.01,0.99,23.81,192.0
2025-04-12 00:00:00,UA,17,127,-15.0,-7.92,-4.01,-0.99,17.99,178.0
2025-04-12 00:00:00,DL,20,88,-12.0,-7.92,-4.01,-0.99,7.92,164.0
2025-04-12 00:00:00,UA,20,69,-17.0,-5.0,-1.99,7.03,32.14,92.0
2025-04-12 00:00:00,WN,22,8,-6.0,-4.01,0.0,2.97,5.0,20.0
2025-04-12 00:00:00,DL,22,75,-16.0,-7.92,-5.99,-1.99,19.11,564.0
2025-04-12 00:00:00,AA,15,129,-13.0,-5.99,-2.97,8.94,32.79,210.0
2025-04-12 00:00:00,UA,7,186,-15.0,-7.92,-5.99,-1.99,7.92,149.0
2025-04-12 00:00:00,WN,10,211,-11.0,-5.0,-1.99,1.99,10.91,364.0
2025-04-12 00:00:00,WN,12,203,-14.0,-5.0,-0.99,2.97,15.96,83.0
2025-04-12 00:00:00,AA,14,129,-15.0,-5.0,-1.99,15.03,56.27,204.0
2025-04-12 00:00:00,DL,0,6,-13.0,-12.06,-7.03,-2.97,0.0,4.0
2025-04-12 00:00:00,WN,5,125,-11.0,-5.0,-2.97,-0.99,2.97,64.0
2025-04-12 00:00:00,UA,6,132,-19.0,-7.92,-5.0,-1.99,0.99,263.0
2025-04-12 00:00:00,WN,23,6,-6.0,-5.99,-5.0,-5.0,-5.0,0.0
2025-04-12 00:00:00,WN,6,258,-11.0,-5.99,-2.97,-0.99,1.99,302.0
2025-04-12 00:00:00,WN,7,241,-12.0,-5.0,-1.99,0.0,5.0,356.0
2025-04-12 00:00:00,WN,14,205,-13.0,-4.01,-0.99,5.99,21.12,240.0
2025-04-13 00:00:00,UA,20,84,-14.0,-7.03,-4.01,0.0,12.06,120.0
2025-04-13 00:00:00,WN,14,218,-10.0,-2.97,1.99,8.94,21.12,196.0
2025-04-13 00:00:00,UA,7,194,-15.0,-8.94,-5.99,-2.97,0.99,114.0
2025-04-13 00:00:00,DL,0,4,-10.0,-10.0,-0.99,0.0,0.0,45.0
2025-04-13 00:00:00,WN,5,116,-12.0,-5.99,-2.97,-0.99,1.99,57.0
2025-04-13 00:00:00,UA,6,130,-18.0,-7.92,-5.99,-2.97,1.99,34.0
2025-04-13 00:00:00,WN,6,328,-11.0,-5.99,-4.01,-0.99,0.99,97.0
2025-04-13 00:00:00,WN,12,243,-11.0,-4.01,-0.99,5.0,13.87,135.0
2025-04-13 00:00:00,AA,16,153,-19.0,-5.0,-0.99,10.91,49.9,989.0
2025-04-13 00:00:00,DL,17,181,-17.0,-7.03,-1.99,5.99,21.98,149.0
2025-04-13 00:00:00,WN,22,142,-13.0,-4.01,-0.99,10.07,25.79,71.0
2025-04-13 00:00:00,WN,7,233,-15.0,-5.99,-4.01,-0.99,1.99,165.0
2025-04-13 00:00:00,AA,15,140,-12.0,-5.0,-0.99,12.06,43.38,354.0
2025-04-13 00:00:00,WN,23,7,-6.0,-5.0,-1.99,-1.99,10.91,35.0
2025-04-13 00:00:00,DL,22,100,-15.0,-5.99,-2.97,0.99,17.99,71.0
2025-04-13 00:00:00,WN,10,260,-13.0,-4.01,-0.99,5.0,15.96,129.0
2025-04-13 00:00:00,UA,17,135,-12.0,-5.99,-1.99,1.99,15.03,192.0
2025-04-13 00:00:00,AA,14,151,-13.0,-5.0,-0.99,10.91,44.26,961.0
2025-04-13 00:00:00,DL,20,118,-14.0,-5.99,-2.97,5.0,32.79,261.0
2025-04-14 00:00:00,UA,7,201,-16.0,-7.92,-5.0,-1.99,2.97,430.0
2025-04-14 00:00:00,WN,7,277,-11.0,-5.0,-2.97,0.0,7.03,99.0
2025-04-14 00:00:00,WN,10,238,-10.0,-4.01,-0.99,5.0,13.87,295.0
2025-04-14 00:00:00,WN,12,237,-11.0,-4.01,0.99,8.94,23.81,266.0
2025-04-14 00:00:00,WN,5,213,-10.0,-5.99,-4.01,-1.99,0.99,277.0
2025-04-14 00:00:00,WN,6,282,-11.0,-5.0,-4.01,-0.99,1.99,210.0
2025-04-14 00:00:00,UA,6,136,-15.0,-8.94,-5.99,-4.01,0.0,58.0
2025-04-14 00:00:00,WN,14,227,-11.0,-2.97,1.99,13.87,40.05,114.0
2025-04-14 00:00:00,DL,20,118,-18.0,-7.03,-4.01,8.94,41.68,200.0
2025-04-14 00:00:00,DL,0,7,-14.0,-13.87,-7.92,-2.97,5.0,10.0
2025-04-14 00:00:00,UA,20,80,-20.0,-7.03,-4.01,2.97,19.89,155.0
2025-04-14 00:00:00,DL,22,114,-15.0,-7.03,-5.0,0.0,19.11,542.0
2025-04-14 00:00:00,WN,23,6,-6.0,-5.99,-4.01,-2.97,0.99,1.0
2025-04-14 00:00:00,WN,22,16,-12.0,-5.99,-0.99,4.01,15.03,23.0
2025-04-14 00:00:00,AA,14,151,-15.0,-5.0,-1.99,2.97,43.38,317.0
2025-04-14 00:00:00,AA,16,151,-20.0,-5.0,-1.99,15.03,71.53,271.0
2025-04-14 00:00:00,DL,17,184,-15.0,-7.03,-4.01,4.01,13.87,426.0
2025-04-14 00:00:00,UA,17,135,-17.0,-7.03,-4.01,-0.99,10.07,122.0
2025-04-14 00:00:00,AA,15,143,-14.0,-5.99,-2.97,5.0,40.86,229.0
2025-04-15 00:00:00,AA,15,138,-15.0,-7.03,-2.97,7.03,34.82,169.0
2025-04-15 00:00:00,AA,16,142,-15.0,-5.99,-2.97,0.99,21.12,366.0
2025-04-15 00:00:00,WN,5,91,-10.0,-5.99,-5.0,-2.97,-1.99,148.0
2025-04-15 00:00:00,WN,6,292,-15.0,-5.99,-5.0,-1.99,0.0,222.0
2025-04-15 00:00:00,DL,17,176,-27.0,-8.94,-5.99,0.0,17.99,159.0
2025-04-15 00:00:00,UA,17,128,-13.0,-7.92,-4.01,7.03,27.94,167.0
2025-04-15 00:00:00,WN,14,220,-10.0,-5.99,-2.97,1.99,19.11,222.0
2025-04-15 00:00:00,WN,12,218,-14.0,-5.99,-2.97,0.99,8.94,239.0
2025-04-15 00:00:00,UA,7,190,-15.0,-8.94,-5.99,-2.97,0.99,129.0
2025-04-15 00:00:00,AA,14,143,-15.0,-7.03,-2.97,0.99,21.98,207.0
2025-04-15 00:00:00,WN,10,255,-13.0,-5.99,-2.97,0.0,7.03,180.0
2025-04-15 00:00:00,DL,20,96,-20.0,-7.03,-5.0,-0.99,34.13,667.0
2025-04-15 00:00:00,WN,22,7,-14.0,-10.91,-7.92,-4.01,-0.99,0.0
2025-04-15 00:00:00,UA,20,76,-16.0,-7.03,-4.01,15.03,34.13,78.0
2025-04-15 00:00:00,DL,22,106,-13.0,-7.92,-5.0,-1.99,7.03,105.0
2025-04-15 00:00:00,WN,23,6,-10.0,-8.94,-5.99,-4.01,0.0,17.0
2025-04-15 00:00:00,DL,0,8,-23.0,-15.96,-10.91,10.91,16.95,64.0
2025-04-15 00:00:00,WN,7,230,-13.0,-5.99,-4.01,-1.99,0.0,97.0
2025-04-15 00:00:00,UA,6,126,-15.0,-8.94,-5.99,-4.01,0.0,72.0
2025-04-16 00:00:00,WN,6,292,-12.0,-5.99,-4.01,-1.99,0.0,40.0
2025-04-16 00:00:00,WN,23,6,-5.0,-4.01,-4.01,-1.99,0.99,14.0
2025-04-16 00:00:00,WN,14,220,-14.0,-4.01,-0.99,4.01,15.96,105.0
2025-04-16 00:00:00,DL,0,4,-11.0,-10.91,-10.07,-10.07,-10.07,95.0
2025-04-16 00:00:00,UA,7,192,-18.0,-7.92,-5.99,-2.97,0.99,376.0
2025-04-16 00:00:00,UA,20,82,-23.0,-7.92,-1.99,13.07,50.91,147.0
2025-04-16 00:00:00,AA,16,151,-12.0,-5.99,-2.97,2.97,55.15,371.0
2025-04-16 00:00:00,WN,22,7,-10.0,-5.0,-4.01,0.0,5.0,6.0
2025-04-16 00:00:00,DL,20,99,-16.0,-7.03,-4.01,0.0,25.79,151.0
2025-04-16 00:00:00,DL,22,107,-15.0,-7.03,-4.01,0.99,8.94,77.0
2025-04-16 00:00:00,DL,17,176,-19.0,-7.03,-1.99,7.03,46.07,184.0
2025-04-16 00:00:00,UA,17,134,-14.0,-5.0,-1.99,7.92,36.24,345.0
2025-04-16 00:00:00,WN,5,91,-11.0,-5.0,-4.01,-1.99,0.0,46.0
2025-04-16 00:00:00,UA,6,127,-16.0,-8.94,-7.03,-4.01,-0.99,221.0
2025-04-16 00:00:00,AA,15,140,-13.0,-5.99,-1.99,13.87,50.91,888.0
2025-04-16 00:00:00,AA,14,147,-14.0,-5.0,-1.99,5.0,34.13,283.0
2025-04-16 00:00:00,WN,10,256,-10.0,-5.0,-1.99,1.99,10.07,94.0
2025-04-16 00:00:00,WN,7,231,-14.0,-5.99,-4.01,-1.99,0.0,117.0
2025-04-16 00:00:00,WN,12,218,-12.0,-5.0,-1.99,0.99,10.07,91.0
2025-04-17 00:00:00,WN,10,236,-13.0,-4.01,-1.99,4.01,15.96,95.0
2025-04-17 00:00:00,WN,12,234,-12.0,-2.97,0.0,10.91,25.79,235.0
2025-04-17 00:00:00,UA,20,82,-7.0,-1.99,7.03,32.79,72.97,130.0
2025-04-17 00:00:00,DL,20,122,-14.0,-4.01,-0.99,12.06,40.05,220.0
2025-04-17 00:00:00,WN,6,281,-13.0,-5.99,-4.01,-0.99,0.99,118.0
2025-04-17 00:00:00,UA,7,201,-13.0,-7.92,-5.99,-2.97,1.99,87.0
2025-04-17 00:00:00,WN,14,228,-11.0,-1.99,4.01,19.11,45.15,240.0
2025-04-17 00:00:00,AA,14,150,-15.0,-4.01,-0.99,10.91,47.95,334.0
2025-04-17 00:00:00,WN,22,16,-5.0,5.0,15.03,21.98,47.0,67.0
2025-04-17 00:00:00,DL,22,115,-14.0,-5.0,-0.99,7.92,36.24,108.0
2025-04-17 00:00:00,WN,23,6,-3.0,0.0,0.99,4.01,10.07,22.0
2025-04-17 00:00:00,DL,0,5,-17.0,-7.92,-4.01,-2.97,-2.97,9.0
2025-04-17 00:00:00,AA,15,143,-15.0,-4.01,0.0,16.95,50.91,423.0
2025-04-17 00:00:00,DL,17,184,-14.0,-4.01,0.0,15.96,39.25,297.0
2025-04-17 00:00:00,UA,17,135,-11.0,-2.97,2.97,25.79,62.18,280.0
2025-04-17 00:00:00,AA,16,149,-21.0,-4.01,-0.99,7.92,34.82,389.0
2025-04-17 00:00:00,WN,5,212,-11.0,-5.0,-2.97,-1.99,0.99,105.0
2025-04-17 00:00:00,UA,6,132,-17.0,-8.94,-7.03,-4.01,0.0,462.0
2025-04-17 00:00:00,WN,7,276,-11.0,-5.0,-2.97,0.0,7.92,154.0
2025-04-18 00:00:00,DL,0,8,-10.0,-8.94,-5.99,-4.01,-2.97,40.0
2025-04-18 00:00:00,WN,7,277,-10.0,-4.01,-1.99,0.99,13.07,164.0
2025-04-18 00:00:00,UA,7,201,-15.0,-7.03,-5.0,-1.99,8.94,260.0
2025-04-18 00:00:00,WN,6,281,-12.0,-5.0,-2.97,-0.99,1.99,208.0
2025-04-18 00:00:00,UA,6,133,-13.0,-7.92,-5.99,-2.97,2.97,247.0
2025-04-18 00:00:00,DL,20,124,-18.0,-5.99,-2.97,12.06,25.79,137.0
2025-04-18 00:00:00,WN,5,212,-10.0,-5.0,-2.97,-0.99,0.0,279.0
2025-04-18 00:00:00,WN,10,238,-10.0,-2.97,0.99,19.11,96.55,190.0
2025-04-18 00:00:00,WN,12,235,-11.0,-1.99,1.99,21.12,77.49,241.0
2025-04-18 00:00:00,UA,20,81,-11.0,-5.0,0.99,50.91,127.75,318.0
2025-04-18 00:00:00,WN,23,6,-4.0,-1.99,-0.99,0.0,13.07,102.0
2025-04-18 00:00:00,DL,22,117,-19.0,-7.92,-5.0,-0.99,8.94,138.0
2025-04-18 00:00:00,WN,22,16,-10.0,-2.97,0.0,12.06,40.05,57.0
2025-04-18 00:00:00,AA,16,150,-17.0,-5.99,-2.97,15.03,39.25,245.0
2025-04-18 00:00:00,DL,17,185,-19.0,-7.92,-4.01,1.99,16.95,247.0
2025-04-18 00:00:00,UA,17,132,-16.0,-4.01,13.07,102.52,172.45,828.0
2025-04-18 00:00:00,AA,14,151,-13.0,-5.99,-2.97,5.99,25.79,226.0
2025-04-18 00:00:00,AA,15,143,-17.0,-5.99,-1.99,15.96,58.56,2310.0
2025-04-18 00:00:00,WN,14,227,-12.0,-1.99,4.01,22.88,70.11,246.0
2025-04-19 00:00:00,DL,0,8,-12.0,-7.92,-5.0,-1.99,5.0,21.0
2025-04-19 00:00:00,WN,10,210,-12.0,-5.0,-1.99,4.01,24.78,270.0
2025-04-19 00:00:00,WN,12,200,-12.0,-5.0,-1.99,7.03,22.88,320.0
2025-04-19 00:00:00,AA,14,127,-13.0,-5.0,0.0,13.07,36.97,212.0
2025-04-19 00:00:00,WN,14,203,-14.0,-5.0,-0.99,7.92,27.94,126.0
2025-04-19 00:00:00,AA,15,130,-15.0,-4.01,2.97,19.11,64.72,305.0
2025-04-19 00:00:00,AA,16,133,-20.0,-5.0,0.0,16.95,48.91,270.0
2025-04-19 00:00:00,DL,17,149,-30.0,-8.94,-4.01,2.97,32.79,302.0
2025-04-19 00:00:00,UA,17,127,-17.0,-7.03,-4.01,0.0,15.96,198.0
2025-04-19 00:00:00,UA,20,69,-18.0,-7.92,-2.97,5.99,19.89,135.0
2025-04-19 00:00:00,DL,20,93,-15.0,-7.03,-1.99,7.03,19.11,115.0
2025-04-19 00:00:00,WN,22,8,-10.0,-7.03,-5.99,-5.0,-4.01,2.0
2025-04-19 00:00:00,DL,22,80,-21.0,-7.03,-2.97,0.0,8.94,98.0
2025-04-19 00:00:00,WN,23,6,-16.0,-8.94,-4.01,-4.01,-2.97,0.0
2025-04-19 00:00:00,WN,6,257,-14.0,-5.0,-4.01,-0.99,2.97,470.0
2025-04-19 00:00:00,WN,7,241,-13.0,-5.0,-2.97,0.99,15.96,283.0
2025-04-19 00:00:00,UA,7,183,-15.0,-7.92,-5.0,-2.97,1.99,85.0
2025-04-19 00:00:00,WN,5,125,-12.0,-5.99,-4.01,-0.99,4.01,249.0
2025-04-19 00:00:00,UA,6,134,-14.0,-7.92,-5.99,-1.99,0.99,155.0
2025-04-20 00:00:00,WN,22,142,-13.0,-4.01,0.99,13.07,41.68,137.0
2025-04-20 00:00:00,AA,15,141,-13.0,-4.01,-0.99,21.98,52.99,298.0
2025-04-20 00:00:00,WN,5,116,-15.0,-7.03,-4.01,-1.99,0.99,80.0
2025-04-20 00:00:00,UA,6,130,-16.0,-8.94,-5.0,-1.99,0.99,85.0
2025-04-20 00:00:00,UA,7,192,-15.0,-7.92,-5.0,-1.99,5.99,389.0
2025-04-20 00:00:00,WN,10,260,-14.0,-5.0,-2.97,0.0,16.95,405.0
2025-04-20 00:00:00,WN,12,241,-14.0,-5.0,-1.99,4.01,17.99,303.0
2025-04-20 00:00:00,WN,14,217,-14.0,-5.0,-0.99,5.0,19.11,186.0
2025-04-20 00:00:00,AA,16,149,-10.0,-5.0,0.99,25.79,75.95,1278.0
2025-04-20 00:00:00,UA,17,132,-13.0,-5.99,-1.99,13.07,49.9,389.0
2025-04-20 00:00:00,DL,20,120,-22.0,-5.99,-1.99,10.07,40.86,106.0
2025-04-20 00:00:00,UA,20,85,-10.0,-1.99,23.81,115.6,159.19,795.0
2025-04-20 00:00:00,DL,22,117,-11.0,-5.99,-1.99,5.99,23.81,133.0
2025-04-20 00:00:00,WN,23,7,-9.0,-5.0,-2.97,0.0,0.99,26.0
2025-04-20 00:00:00,DL,0,4,-7.0,-7.0,-4.01,0.0,0.0,16.0
2025-04-20 00:00:00,WN,6,327,-15.0,-5.99,-5.0,-1.99,1.99,124.0
2025-04-20 00:00:00,AA,14,149,-18.0,-5.99,-2.97,7.03,41.68,1349.0
2025-04-20 00:00:00,DL,17,183,-15.0,-7.03,-4.01,5.0,32.79,373.0
2025-04-20 00:00:00,WN,7,232,-14.0,-5.99,-5.0,-1.99,4.01,214.0
2025-04-21 00:00:00,UA,20,81,-9.0,-2.97,5.99,36.24,80.65,191.0
2025-04-21 00:00:00,WN,6,274,-11.0,-5.0,-2.97,0.0,5.99,213.0
2025-04-21 00:00:00,UA,17,133,-12.0,-5.99,-1.99,13.87,62.18,293.0
2025-04-21 00:00:00,UA,7,198,-15.0,-7.03,-4.01,1.99,106.71,275.0
2025-04-21 00:00:00,AA,14,152,-10.0,-4.01,-0.99,15.96,32.14,234.0
2025-04-21 00:00:00,UA,6,132,-12.0,-7.92,-4.01,0.0,15.96,293.0
2025-04-21 00:00:00,WN,14,229,-13.0,-0.99,5.0,22.88,67.36,505.0
2025-04-21 00:00:00,WN,22,16,-5.0,-4.01,0.99,15.96,32.14,40.0
2025-04-21 00:00:00,DL,22,115,-13.0,-5.0,-0.99,10.07,23.81,89.0
2025-04-21 00:00:00,WN,12,231,-10.0,-0.99,2.97,15.96,52.99,421.0
2025-04-21 00:00:00,AA,16,148,-12.0,-4.01,1.99,16.95,48.91,457.0
2025-04-21 00:00:00,WN,7,275,-10.0,-4.01,-1.99,0.99,15.96,310.0
2025-04-21 00:00:00,AA,15,144,-10.0,-4.01,0.0,25.79,68.72,263.0
2025-04-21 00:00:00,WN,5,208,-14.0,-5.0,-2.97,0.0,4.01,78.0
2025-04-21 00:00:00,DL,20,121,-18.0,-7.03,-2.97,7.92,46.07,148.0
2025-04-21 00:00:00,WN,23,6,-3.0,-2.97,-0.99,-0.99,-0.99,0.0
2025-04-21 00:00:00,DL,0,8,-10.0,-10.0,-5.0,-2.97,10.91,17.0
2025-04-21 00:00:00,WN,10,238,-10.0,-2.97,0.0,10.91,67.36,317.0
2025-04-21 00:00:00,DL,17,186,-15.0,-7.03,-2.97,5.0,24.78,175.0
2025-04-22 00:00:00,AA,15,138,-12.0,-5.99,-2.97,2.97,10.07,127.0
2025-04-22 00:00:00,WN,14,220,-10.0,-5.0,-1.99,2.97,15.03,155.0
2025-04-22 00:00:00,WN,10,257,-10.0,-5.0,-1.99,2.97,10.91,162.0
2025-04-22 00:00:00,UA,7,189,-16.0,-7.92,-5.99,-1.99,4.01,123.0
2025-04-22 00:00:00,WN,7,231,-11.0,-5.0,-4.01,-0.99,0.99,31.0
2025-04-22 00:00:00,WN,6,292,-12.0,-5.0,-4.01,-0.99,0.99,200.0
2025-04-22 00:00:00,UA,6,126,-15.0,-7.92,-5.99,-2.97,7.03,273.0
2025-04-22 00:00:00,DL,0,8,-12.0,-12.0,-8.94,-4.01,-2.97,26.0
2025-04-22 00:00:00,WN,5,91,-13.0,-5.0,-4.01,-1.99,0.0,9.0
2025-04-22 00:00:00,AA,14,144,-11.0,-5.0,-2.97,5.0,19.89,348.0
2025-04-22 00:00:00,AA,16,142,-14.0,-5.0,-1.99,12.06,36.97,1033.0
2025-04-22 00:00:00,WN,23,6,-6.0,-4.01,-1.99,0.0,0.0,6.0
2025-04-22 00:00:00,WN,12,219,-14.0,-4.01,-1.99,2.97,15.03,267.0
2025-04-22 00:00:00,DL,17,177,-26.0,-8.94,-5.0,-0.99,10.07,187.0
2025-04-22 00:00:00,WN,22,7,-9.0,-5.0,-0.99,1.99,4.01,7.0
2025-04-22 00:00:00,DL,22,105,-15.0,-7.03,-5.0,0.0,12.06,210.0
2025-04-22 00:00:00,UA,17,126,-20.0,-7.92,-4.01,-0.99,13.87,143.0
2025-04-22 00:00:00,UA,20,76,-14.0,-7.92,-4.01,1.99,29.08,61.0
2025-04-22 00:00:00,DL,20,98,-17.0,-7.92,-4.01,1.99,26.84,180.0
2025-04-23 00:00:00,UA,6,127,-14.0,-7.92,-7.03,-2.97,1.99,280.0
2025-04-23 00:00:00,WN,5,90,-12.0,-5.0,-2.97,0.0,10.07,238.0
2025-04-23 00:00:00,WN,14,219,-12.0,-1.99,5.0,25.79,63.44,175.0
2025-04-23 00:00:00,WN,10,257,-10.0,-4.01,0.0,13.87,40.05,139.0
2025-04-23 00:00:00,WN,12,217,-11.0,-2.97,0.99,17.99,36.97,250.0
2025-04-23 00:00:00,UA,7,192,-12.0,-7.03,-5.0,-1.99,19.11,337.0
2025-04-23 00:00:00,WN,7,231,-11.0,-5.0,-2.97,0.0,15.96,176.0
2025-04-23 00:00:00,AA,14,147,-13.0,-4.01,0.99,37.72,94.64,273.0
2025-04-23 00:00:00,DL,0,4,-9.0,-8.94,-0.99,2.97,2.97,19.0
2025-04-23 00:00:00,WN,6,291,-14.0,-5.0,-2.97,0.0,21.12,126.0
2025-04-23 00:00:00,AA,15,141,-13.0,-5.0,0.0,34.13,98.5,249.0
2025-04-23 00:00:00,AA,16,150,-15.0,-5.0,0.0,27.94,75.95,244.0
2025-04-23 00:00:00,WN,23,6,-8.0,-7.92,-5.0,-2.97,-0.99,9.0
2025-04-23 00:00:00,WN,22,7,-13.0,-10.07,-0.99,5.99,12.06,24.0
2025-04-23 00:00:00,UA,20,82,-17.0,-5.99,0.0,17.99,43.38,191.0
2025-04-23 00:00:00,DL,17,178,-15.0,-7.03,-2.97,7.03,30.88,207.0
2025-04-23 00:00:00,DL,20,100,-16.0,-5.99,-1.99,13.07,45.15,131.0
2025-04-23 00:00:00,DL,22,106,-15.0,-5.0,-2.97,1.99,25.79,279.0
2025-04-23 00:00:00,UA,17,133,-12.0,-5.0,-1.99,4.01,55.15,266.0
2025-04-24 00:00:00,UA,17,131,-9.0,-2.97,7.92,43.38,175.94,383.0
2025-04-24 00:00:00,DL,20,126,-15.0,-5.0,0.0,16.95,39.25,377.0
2025-04-24 00:00:00,WN,10,236,-12.0,-4.01,0.0,8.94,32.14,208.0
2025-04-24 00:00:00,WN,12,230,-9.0,-1.99,1.99,16.95,39.25,222.0
2025-04-24 00:00:00,UA,20,82,-8.0,16.95,43.38,77.49,141.19,634.0
2025-04-24 00:00:00,DL,17,187,-24.0,-5.99,0.0,15.96,54.06,397.0
2025-04-24 00:00:00,AA,14,141,-10.0,-5.0,0.0,52.99,106.71,235.0
2025-04-24 00:00:00,WN,14,227,-9.0,0.0,8.94,29.08,82.28,253.0
2025-04-24 00:00:00,AA,16,142,-10.0,-2.97,10.91,50.91,111.06,382.0
2025-04-24 00:00:00,AA,15,139,-11.0,-1.99,5.99,37.72,111.06,362.0
2025-04-24 00:00:00,WN,6,279,-12.0,-5.0,-2.97,-0.99,5.0,80.0
2025-04-24 00:00:00,UA,7,202,-15.0,-7.03,-5.0,-1.99,15.96,257.0
2025-04-24 00:00:00,WN,7,273,-10.0,-5.0,-1.99,0.99,8.94,188.0
2025-04-24 00:00:00,WN,22,16,-2.0,0.0,10.07,13.87,25.79,66.0
2025-04-24 00:00:00,UA,6,132,-15.0,-7.92,-5.99,-2.97,0.0,45.0
2025-04-24 00:00:00,DL,0,5,-11.0,-8.94,-0.99,0.0,0.0,53.0
2025-04-24 00:00:00,WN,5,212,-12.0,-5.0,-2.97,-0.99,2.97,206.0
2025-04-24 00:00:00,DL,22,117,-11.0,-2.97,0.0,13.87,34.82,101.0
2025-04-24 00:00:00,WN,23,6,6.0,7.03,13.07,32.79,49.9,74.0
2025-04-25 00:00:00,AA,16,149,-17.0,-4.01,0.99,19.89,41.68,155.0
2025-04-25 00:00:00,DL,20,122,-18.0,-5.99,0.0,15.03,30.27,270.0
2025-04-25 00:00:00,WN,10,239,-10.0,-1.99,0.0,12.06,30.27,261.0
2025-04-25 00:00:00,UA,20,83,-16.0,-1.99,16.95,39.25,63.44,183.0
2025-04-25 00:00:00,DL,22,117,-12.0,-5.0,16.95,48.91,92.77,496.0
2025-04-25 00:00:00,WN,22,16,-9.0,0.0,13.87,21.12,36.97,115.0
2025-04-25 00:00:00,WN,23,6,-4.0,-0.99,0.0,2.97,7.92,79.0
2025-04-25 00:00:00,UA,17,132,-12.0,-2.97,7.03,23.81,89.13,325.0
2025-04-25 00:00:00,DL,17,187,-19.0,-5.99,-0.99,10.07,34.13,988.0
2025-04-25 00:00:00,WN,12,238,-10.0,-0.99,7.92,24.78,46.07,273.0
2025-04-25 00:00:00,AA,15,144,-14.0,-5.0,0.0,16.95,44.26,437.0
2025-04-25 00:00:00,WN,14,227,-9.0,-0.99,7.03,27.94,50.91,105.0
2025-04-25 00:00:00,AA,14,152,-13.0,-4.01,0.0,13.87,37.72,407.0
2025-04-25 00:00:00,UA,6,133,-16.0,-7.03,-5.0,-0.99,5.99,72.0
2025-04-25 00:00:00,WN,6,281,-12.0,-5.0,-2.97,0.0,5.99,206.0
2025-04-25 00:00:00,UA,7,201,-12.0,-7.03,-4.01,0.0,12.06,162.0
2025-04-25 00:00:00,WN,7,278,-10.0,-4.01,-1.99,1.99,12.06,172.0
2025-04-25 00:00:00,WN,5,213,-10.0,-5.0,-1.99,0.0,4.01,152.0
2025-04-25 00:00:00,DL,0,8,-9.0,-7.92,-5.0,5.0,21.98,50.0
2025-04-26 00:00:00,DL,22,80,-16.0,-5.99,-4.01,1.99,17.99,57.0
2025-04-26 00:00:00,WN,22,8,-12.0,-4.01,0.0,5.0,7.92,15.0
2025-04-26 00:00:00,WN,14,204,-11.0,-4.01,-0.99,8.94,32.14,145.0
2025-04-26 00:00:00,DL,17,149,-25.0,-7.92,-4.01,4.01,23.81,108.0
2025-04-26 00:00:00,AA,16,132,-17.0,-5.0,-0.99,10.91,41.68,1027.0
2025-04-26 00:00:00,DL,0,8,-13.0,-10.91,-8.94,-4.01,0.0,185.0
2025-04-26 00:00:00,UA,6,134,-13.0,-7.92,-5.0,-2.97,0.99,326.0
2025-04-26 00:00:00,WN,6,258,-15.0,-5.0,-4.01,-0.99,0.99,174.0
2025-04-26 00:00:00,UA,7,183,-14.0,-7.92,-5.0,-2.97,10.91,431.0
2025-04-26 00:00:00,WN,10,209,-13.0,-4.01,-0.99,1.99,12.06,64.0
2025-04-26 00:00:00,WN,12,200,-12.0,-4.01,-0.99,5.0,15.03,79.0
2025-04-26 00:00:00,AA,14,126,-15.0,-5.99,-1.99,5.99,23.81,380.0
2025-04-26 00:00:00,AA,15,131,-15.0,-5.99,-4.01,0.99,32.14,175.0
2025-04-26 00:00:00,UA,20,67,-10.0,-1.99,7.03,37.72,122.75,267.0
2025-04-26 00:00:00,DL,20,96,-14.0,-7.03,-4.01,10.91,52.99,219.0
2025-04-26 00:00:00,WN,23,6,-10.0,-7.92,-4.01,-0.99,0.99,3.0
2025-04-26 00:00:00,WN,7,240,-11.0,-5.0,-2.97,-0.99,5.99,254.0
2025-04-26 00:00:00,WN,5,123,-14.0,-5.0,-2.97,-0.99,4.01,44.0
2025-04-26 00:00:00,UA,17,126,-15.0,-4.01,0.99,15.96,82.28,392.0
2025-04-27 00:00:00,UA,17,133,-13.0,-5.0,-0.99,7.03,40.05,297.0
2025-04-27 00:00:00,AA,15,144,-16.0,-4.01,-0.99,22.88,64.72,372.0
2025-04-27 00:00:00,WN,22,142,-12.0,-1.99,5.99,17.99,37.72,107.0
2025-04-27 00:00:00,UA,20,86,-11.0,-1.99,4.01,23.81,144.04,215.0
2025-04-27 00:00:00,DL,20,124,-16.0,-5.0,-1.99,10.07,29.08,101.0
2025-04-27 00:00:00,DL,22,118,-13.0,-5.99,-2.97,2.97,26.84,112.0
2025-04-27 00:00:00,WN,12,242,-12.0,-2.97,0.99,7.92,19.11,119.0
2025-04-27 00:00:00,DL,0,4,-12.0,-12.0,-4.01,1.99,1.99,4.0
2025-04-27 00:00:00,AA,14,150,-9.0,-5.0,-1.99,5.99,41.68,1831.0
2025-04-27 00:00:00,DL,17,181,-19.0,-5.99,-1.99,8.94,32.14,244.0
2025-04-27 00:00:00,AA,16,150,-15.0,-4.01,-0.99,13.87,47.0,132.0
2025-04-27 00:00:00,WN,14,217,-8.0,0.0,5.0,17.99,32.14,120.0
2025-04-27 00:00:00,WN,23,7,-3.0,-2.97,-0.99,5.99,13.07,17.0
2025-04-27 00:00:00,WN,5,116,-15.0,-5.0,-2.97,-0.99,2.97,48.0
2025-04-27 00:00:00,WN,7,232,-12.0,-5.99,-4.01,-0.99,0.99,85.0
2025-04-27 00:00:00,WN,10,260,-10.0,-4.01,-0.99,4.01,13.87,75.0
2025-04-27 00:00:00,UA,6,130,-18.0,-7.03,-5.0,-1.99,4.01,153.0
2025-04-27 00:00:00,UA,7,193,-15.0,-7.03,-5.0,-1.99,8.94,129.0
2025-04-27 00:00:00,WN,6,328,-14.0,-5.0,-2.97,-0.99,2.97,176.0
2025-04-28 00:00:00,WN,5,212,-12.0,-5.99,-2.97,-0.99,0.99,48.0
2025-04-28 00:00:00,DL,22,115,-18.0,-5.99,-4.01,1.99,19.89,119.0
2025-04-28 00:00:00,UA,20,70,-11.0,-5.0,-0.99,7.92,98.5,258.0
2025-04-28 00:00:00,DL,20,122,-17.0,-5.99,-0.99,10.07,47.95,261.0
2025-04-28 00:00:00,DL,17,186,-19.0,-7.03,-2.97,5.0,19.11,987.0
2025-04-28 00:00:00,WN,14,228,-10.0,-2.97,2.97,15.03,36.97,148.0
2025-04-28 00:00:00,WN,7,277,-13.0,-5.0,-2.97,0.0,7.03,53.0
2025-04-28 00:00:00,DL,0,8,-14.0,-10.07,-2.97,-1.99,10.91,19.0
2025-04-28 00:00:00,WN,12,235,-11.0,-1.99,0.99,7.92,22.88,280.0
2025-04-28 00:00:00,AA,14,152,-12.0,-5.0,-2.97,2.97,34.13,1015.0
2025-04-28 00:00:00,WN,23,6,-7.0,-5.0,-4.01,-1.99,13.87,22.0
2025-04-28 00:00:00,WN,6,281,-12.0,-5.0,-2.97,-0.99,4.01,104.0
2025-04-28 00:00:00,UA,17,129,-13.0,-4.01,1.99,17.99,63.44,293.0
2025-04-28 00:00:00,AA,16,148,-14.0,-5.0,-2.97,7.92,49.9,431.0
2025-04-28 00:00:00,WN,10,240,-10.0,-2.97,-0.99,4.01,16.95,89.0
2025-04-28 00:00:00,UA,7,194,-13.0,-7.92,-5.0,-1.99,2.97,135.0
2025-04-28 00:00:00,UA,6,131,-14.0,-7.92,-5.99,-1.99,2.97,94.0
2025-04-28 00:00:00,WN,22,16,-14.0,-7.03,0.99,5.99,13.07,39.0
2025-04-28 00:00:00,AA,15,144,-13.0,-5.0,-0.99,13.07,51.94,188.0
2025-04-29 00:00:00,WN,7,231,-14.0,-5.0,-2.97,-0.99,1.99,77.0
2025-04-29 00:00:00,UA,7,188,-18.0,-7.92,-5.0,-2.97,0.99,162.0
2025-04-29 00:00:00,UA,6,122,-19.0,-8.94,-7.03,-5.0,0.0,439.0
2025-04-29 00:00:00,AA,15,138,-15.0,-7.03,-4.01,2.97,16.95,1183.0
2025-04-29 00:00:00,WN,23,6,-8.0,-5.99,-5.0,-4.01,0.99,11.0
2025-04-29 00:00:00,WN,5,91,-14.0,-5.0,-4.01,-0.99,7.92,41.0
2025-04-29 00:00:00,WN,10,257,-13.0,-5.0,-1.99,0.99,10.07,132.0
2025-04-29 00:00:00,DL,20,96,-18.0,-7.92,-5.99,-1.99,7.92,70.0
2025-04-29 00:00:00,WN,14,221,-17.0,-5.0,-1.99,2.97,15.03,182.0
2025-04-29 00:00:00,UA,17,127,-18.0,-7.03,-0.99,7.03,25.79,238.0
2025-04-29 00:00:00,UA,20,76,-20.0,-5.0,-0.99,15.03,47.95,111.0
2025-04-29 00:00:00,DL,17,176,-30.0,-8.94,-5.99,0.99,17.99,244.0
2025-04-29 00:00:00,WN,6,292,-14.0,-5.99,-4.01,-1.99,0.0,56.0
2025-04-29 00:00:00,DL,0,8,-13.0,-10.91,-4.01,0.99,5.99,11.0
2025-04-29 00:00:00,DL,22,107,-15.0,-8.94,-5.0,0.99,13.07,77.0
2025-04-29 00:00:00,WN,12,218,-15.0,-5.0,-2.97,0.0,5.99,85.0
2025-04-29 00:00:00,AA,14,144,-14.0,-7.03,-2.97,1.99,17.99,392.0
2025-04-29 00:00:00,AA,16,142,-15.0,-5.99,-2.97,7.03,51.94,401.0
2025-04-29 00:00:00,WN,22,7,-6.0,-5.0,-0.99,0.99,2.97,7.0
2025-04-30 00:00:00,AA,16,126,-16.0,-2.97,0.99,40.05,144.04,1017.0
2025-04-30 00:00:00,WN,5,89,-11.0,-5.99,-2.97,-0.99,0.99,40.0
2025-04-30 00:00:00,WN,10,245,-11.0,-4.01,-0.99,4.01,15.03,465.0
2025-04-30 00:00:00,WN,12,200,-11.0,-4.01,0.99,12.06,41.68,472.0
2025-04-30 00:00:00,WN,7,227,-12.0,-5.0,-2.97,-0.99,1.99,289.0
2025-04-30 00:00:00,DL,22,107,-15.0,-5.0,-2.97,0.99,21.12,142.0
2025-04-30 00:00:00,WN,14,205,-8.0,-1.99,4.01,25.79,98.5,555.0
2025-04-30 00:00:00,DL,17,176,-29.0,-5.99,-4.01,2.97,17.99,253.0
2025-04-30 00:00:00,UA,7,191,-14.0,-7.92,-5.99,-4.01,0.0,257.0
2025-04-30 00:00:00,UA,17,132,-16.0,-4.01,-0.99,17.99,89.13,228.0
2025-04-30 00:00:00,WN,22,7,-7.0,-4.01,-1.99,-0.99,8.94,12.0
2025-04-30 00:00:00,AA,14,119,-12.0,-2.97,1.99,40.86,169.04,985.0
2025-04-30 00:00:00,DL,20,98,-21.0,-5.99,-1.99,8.94,52.99,124.0
2025-04-30 00:00:00,UA,20,79,-12.0,-2.97,8.94,39.25,80.65,453.0
2025-04-30 00:00:00,AA,15,116,-11.0,-4.01,-0.99,32.14,159.19,796.0
2025-04-30 00:00:00,WN,23,6,-7.0,-1.99,-1.99,1.99,16.95,28.0
2025-04-30 00:00:00,DL,0,4,-14.0,-13.87,-12.06,-4.01,-4.01,3.0
2025-04-30 00:00:00,UA,6,128,-16.0,-10.07,-7.03,-4.01,0.0,194.0
2025-04-30 00:00:00,WN,6,287,-13.0,-5.99,-4.01,-0.99,1.99,134.0
