2025-01-01 00:00:00,AA,1,1,-7.0,-7.0,-7.0,-7.0,-7.0,-7.0
2025-01-01 00:00:00,AA,5,97,-13.0,-7.03,-5.0,-0.99,0.99,30.0
2025-01-01 00:00:00,DL,6,172,-17.0,-7.03,-5.0,-0.99,7.03,270.0
2025-01-01 00:00:00,DL,11,182,-15.0,-5.99,-4.01,0.99,8.94,297.0
2025-01-01 00:00:00,AA,20,131,-17.0,-4.01,-0.99,7.03,29.08,184.0
2025-01-01 00:00:00,AA,21,87,-16.0,-5.0,-1.99,5.0,29.08,505.0
2025-01-01 00:00:00,DL,13,110,-15.0,-5.0,-1.99,4.01,21.98,82.0
2025-01-01 00:00:00,WN,21,23,-6.0,-4.01,0.99,10.91,22.88,79.0
2025-01-01 00:00:00,DL,21,77,-18.0,-5.99,-1.99,1.99,13.87,45.0
2025-01-01 00:00:00,AA,9,127,-12.0,-5.0,-2.97,0.0,12.06,357.0
2025-01-01 00:00:00,UA,13,123,-14.0,-5.0,0.0,10.07,34.13,274.0
2025-01-01 00:00:00,DL,23,21,-17.0,-7.92,-4.01,-0.99,0.0,11.0
2025-01-01 00:00:00,DL,15,128,-19.0,-5.0,-1.99,5.0,19.89,271.0
2025-01-01 00:00:00,AA,6,161,-15.0,-7.03,-5.0,-2.97,0.99,1418.0
2025-01-01 00:00:00,WN,9,242,-11.0,-4.01,-1.99,2.97,15.03,159.0
2025-01-01 00:00:00,DL,16,92,-20.0,-7.03,-2.97,2.97,37.72,168.0
2025-01-01 00:00:00,UA,16,140,-12.0,-5.0,-1.99,7.03,27.94,178.0
2025-01-01 00:00:00,UA,2,1,1.0,1.0,1.0,1.0,1.0,1.0
2025-01-01 00:00:00,WN,17,215,-11.0,-4.01,0.99,13.87,36.97,121.0
2025-01-01 00:00:00,AA,19,131,-12.0,-5.0,-0.99,7.92,25.79,84.0
2025-01-02 00:00:00,AA,20,134,-26.0,-4.01,0.99,19.11,36.24,554.0
2025-01-02 00:00:00,AA,9,135,-13.0,-5.0,-1.99,1.99,15.96,63.0
2025-01-02 00:00:00,DL,15,165,-15.0,-5.99,-0.99,10.07,25.79,106.0
2025-01-02 00:00:00,AA,19,150,-16.0,-5.0,-0.99,13.07,40.86,217.0
2025-01-02 00:00:00,UA,2,1,-6.0,-6.0,-6.0,-6.0,-6.0,-6.0
2025-01-02 00:00:00,AA,21,94,-13.0,-4.01,0.0,17.99,44.26,658.0
2025-01-02 00:00:00,UA,16,139,-14.0,-5.0,-1.99,2.97,19.11,145.0
2025-01-02 00:00:00,DL,21,90,-14.0,-4.01,-0.99,15.03,49.9,659.0
2025-01-02 00:00:00,WN,21,170,-19.0,-2.97,0.99,15.96,34.82,165.0
2025-01-02 00:00:00,WN,9,240,-13.0,-4.01,-1.99,4.01,15.96,252.0
2025-01-02 00:00:00,DL,13,128,-13.0,-5.0,-1.99,7.92,26.84,288.0
2025-01-02 00:00:00,DL,23,36,-16.0,-5.99,-2.97,5.0,30.27,90.0
2025-01-02 00:00:00,DL,11,192,-18.0,-5.99,-0.99,8.94,23.81,601.0
2025-01-02 00:00:00,WN,17,211,-12.0,-2.97,1.99,13.87,29.08,309.0
2025-01-02 00:00:00,AA,5,116,-12.0,-7.03,-5.0,-1.99,5.0,286.0
2025-01-02 00:00:00,DL,6,177,-15.0,-7.03,-4.01,0.0,12.06,90.0
2025-01-02 00:00:00,AA,6,182,-15.0,-5.99,-5.0,-1.99,2.97,134.0
2025-01-02 00:00:00,DL,16,120,-13.0,-5.0,-0.99,15.03,47.0,301.0
2025-01-02 00:00:00,AA,1,2,-9.0,-8.94,-8.94,-8.94,-8.94,-7.0
2025-01-02 00:00:00,UA,13,126,-12.0,-4.01,-0.99,5.0,30.27,301.0
2025-01-03 00:00:00,DL,13,128,-16.0,-5.99,-1.99,10.07,40.86,189.0
2025-01-03 00:00:00,AA,19,138,-18.0,-4.01,2.97,26.84,63.44,286.0
2025-01-03 00:00:00,DL,23,35,-15.0,-5.99,-4.01,12.06,25.79,100.0
2025-01-03 00:00:00,DL,16,119,-14.0,-7.03,-0.99,15.03,87.37,198.0
2025-01-03 00:00:00,UA,16,140,-14.0,-2.97,2.97,32.14,55.15,377.0
2025-01-03 00:00:00,WN,17,241,-10.0,4.01,12.06,39.25,68.72,250.0
2025-01-03 00:00:00,AA,20,132,-21.0,-2.97,0.0,16.95,47.95,234.0
2025-01-03 00:00:00,AA,21,86,-15.0,-5.0,0.0,26.84,71.53,127.0
2025-01-03 00:00:00,WN,21,132,-12.0,0.99,19.11,47.0,79.05,245.0
2025-01-03 00:00:00,DL,21,91,-14.0,-4.01,0.0,24.78,51.94,186.0
2025-01-03 00:00:00,AA,5,116,-12.0,-7.92,-5.0,-1.99,1.99,569.0
2025-01-03 00:00:00,AA,6,178,-14.0,-5.99,-2.97,0.0,23.81,803.0
2025-01-03 00:00:00,DL,6,176,-18.0,-7.03,-4.01,0.0,13.07,339.0
2025-01-03 00:00:00,UA,13,125,-10.0,-1.99,7.03,30.27,74.45,229.0
2025-01-03 00:00:00,AA,9,135,-14.0,-5.0,-2.97,1.99,17.99,786.0
2025-01-03 00:00:00,WN,9,225,-10.0,-2.97,1.99,16.95,47.95,400.0
2025-01-03 00:00:00,DL,11,191,-15.0,-5.99,-1.99,5.99,32.14,264.0
2025-01-03 00:00:00,AA,1,3,-10.0,-10.0,-7.92,-7.92,-7.92,4.0
2025-01-03 00:00:00,DL,15,166,-18.0,-5.0,-0.99,10.91,36.24,1161.0
2025-01-03 00:00:00,UA,2,1,-8.0,-8.0,-8.0,-8.0,-8.0,-8.0
2025-01-04 00:00:00,WN,9,244,-11.0,-2.97,0.0,10.07,23.81,197.0
2025-01-04 00:00:00,AA,21,83,-9.0,-0.99,10.91,30.27,67.36,521.0
2025-01-04 00:00:00,DL,16,116,-15.0,-4.01,5.0,32.79,62.18,309.0
2025-01-04 00:00:00,UA,16,129,-14.0,-4.01,2.97,25.79,58.56,272.0
2025-01-04 00:00:00,WN,17,213,-10.0,5.99,21.12,45.15,74.45,381.0
2025-01-04 00:00:00,WN,21,171,-15.0,7.03,34.13,52.99,85.64,205.0
2025-01-04 00:00:00,DL,23,36,-12.0,-1.99,10.91,27.94,49.9,57.0
2025-01-04 00:00:00,DL,21,92,-15.0,-2.97,0.99,16.95,54.06,170.0
2025-01-04 00:00:00,AA,20,129,-13.0,-1.99,5.0,34.13,72.97,163.0
2025-01-04 00:00:00,AA,6,169,-15.0,-5.0,-1.99,0.99,13.87,1000.0
2025-01-04 00:00:00,DL,6,181,-20.0,-7.03,-1.99,4.01,16.95,565.0
2025-01-04 00:00:00,AA,5,103,-11.0,-5.0,-1.99,0.0,15.03,1594.0
2025-01-04 00:00:00,AA,19,127,-14.0,-1.99,7.03,29.08,67.36,189.0
2025-01-04 00:00:00,AA,1,3,-14.0,-13.87,-5.0,-5.0,-5.0,11.0
2025-01-04 00:00:00,UA,13,116,-10.0,-4.01,2.97,27.94,51.94,194.0
2025-01-04 00:00:00,DL,15,161,-15.0,-1.99,7.03,24.78,85.64,1053.0
2025-01-04 00:00:00,UA,2,1,1.0,1.0,1.0,1.0,1.0,1.0
2025-01-04 00:00:00,AA,9,116,-12.0,-5.0,-1.99,4.01,16.95,205.0
2025-01-04 00:00:00,DL,13,124,-13.0,-5.0,1.99,26.84,79.05,1051.0
2025-01-04 00:00:00,DL,11,193,-17.0,-5.0,0.0,17.99,36.24,367.0
2025-01-05 00:00:00,AA,20,98,-14.0,0.0,16.95,66.03,146.95,664.0
2025-01-05 00:00:00,WN,9,225,-10.0,-1.99,1.99,16.95,27.94,721.0
2025-01-05 00:00:00,DL,15,157,-17.0,-0.99,5.99,30.27,72.97,330.0
2025-01-05 00:00:00,AA,19,116,-18.0,-2.97,13.07,85.64,228.18,890.0
2025-01-05 00:00:00,DL,6,177,-16.0,-5.0,0.0,7.03,34.82,536.0
2025-01-05 00:00:00,AA,21,75,-10.0,-1.99,10.07,58.56,146.95,686.0
2025-01-05 00:00:00,DL,16,124,-10.0,-2.97,1.99,21.98,43.38,287.0
2025-01-05 00:00:00,WN,21,167,-15.0,4.01,27.94,54.06,67.36,242.0
2025-01-05 00:00:00,DL,21,93,-13.0,-1.99,1.99,21.12,44.26,299.0
2025-01-05 00:00:00,AA,1,1,318.0,318.0,318.0,318.0,318.0,318.0
2025-01-05 00:00:00,DL,13,137,-14.0,-4.01,0.99,32.14,79.05,194.0
2025-01-05 00:00:00,DL,23,37,-12.0,-4.01,0.0,13.87,48.91,191.0
2025-01-05 00:00:00,UA,2,1,1.0,1.0,1.0,1.0,1.0,1.0
2025-01-05 00:00:00,WN,17,196,-13.0,1.99,15.96,39.25,66.03,257.0
2025-01-05 00:00:00,AA,6,177,-13.0,-5.0,-2.97,0.0,19.11,472.0
2025-01-05 00:00:00,AA,9,130,-12.0,-2.97,-0.99,10.07,94.64,434.0
2025-01-05 00:00:00,DL,11,189,-14.0,-4.01,0.0,23.81,47.0,340.0
2025-01-05 00:00:00,UA,16,120,-11.0,-1.99,5.99,26.84,74.45,447.0
2025-01-05 00:00:00,UA,13,121,-12.0,-1.99,2.97,15.03,85.64,208.0
2025-01-05 00:00:00,AA,5,114,-12.0,-5.99,-2.97,0.99,8.94,343.0
2025-01-06 00:00:00,WN,17,186,-11.0,-1.99,13.87,49.9,100.49,491.0
2025-01-06 00:00:00,AA,1,2,-18.0,-17.99,-17.99,-17.99,-17.99,-6.0
2025-01-06 00:00:00,UA,2,1,-9.0,-9.0,-9.0,-9.0,-9.0,-9.0
2025-01-06 00:00:00,AA,19,124,-13.0,-1.99,25.79,75.95,144.04,671.0
2025-01-06 00:00:00,AA,20,111,-18.0,0.0,17.99,37.72,90.93,768.0
2025-01-06 00:00:00,WN,21,12,-6.0,4.01,15.03,43.38,52.99,107.0
2025-01-06 00:00:00,AA,21,79,-16.0,-0.99,19.11,47.0,75.95,477.0
2025-01-06 00:00:00,DL,23,21,-12.0,-5.0,-0.99,4.01,17.99,181.0
2025-01-06 00:00:00,AA,5,85,-12.0,-5.99,-2.97,4.01,27.94,636.0
2025-01-06 00:00:00,AA,6,145,-13.0,-5.99,-1.99,5.0,48.91,263.0
2025-01-06 00:00:00,DL,6,162,-20.0,-5.0,-1.99,1.99,19.11,438.0
2025-01-06 00:00:00,DL,21,80,-12.0,-4.01,0.0,8.94,32.79,177.0
2025-01-06 00:00:00,AA,9,129,-10.0,-0.99,13.07,51.94,115.6,280.0
2025-01-06 00:00:00,WN,9,208,-10.0,-2.97,1.99,17.99,58.56,607.0
2025-01-06 00:00:00,DL,11,185,-14.0,-4.01,0.0,17.99,66.03,709.0
2025-01-06 00:00:00,DL,13,136,-11.0,-4.01,0.0,15.96,41.68,251.0
2025-01-06 00:00:00,UA,13,121,-9.0,-0.99,12.06,55.15,120.31,369.0
2025-01-06 00:00:00,DL,15,167,-12.0,-2.97,4.01,32.14,72.97,211.0
2025-01-06 00:00:00,DL,16,107,-13.0,-5.0,2.97,22.88,57.4,158.0
2025-01-06 00:00:00,UA,16,134,-10.0,-2.97,5.0,47.0,96.55,268.0
2025-01-07 00:00:00,WN,9,219,-9.0,-2.97,0.0,8.94,34.13,187.0
2025-01-07 00:00:00,UA,2,1,18.0,18.0,18.0,18.0,18.0,18.0
2025-01-07 00:00:00,WN,17,187,-14.0,-0.99,15.96,36.97,58.56,109.0
2025-01-07 00:00:00,UA,16,116,-14.0,-4.01,1.99,22.88,72.97,432.0
2025-01-07 00:00:00,AA,21,76,-15.0,-4.01,-0.99,5.99,21.98,241.0
2025-01-07 00:00:00,DL,21,59,-11.0,0.0,5.0,16.95,40.05,66.0
2025-01-07 00:00:00,WN,21,14,-5.0,-1.99,4.01,7.92,13.07,57.0
2025-01-07 00:00:00,DL,6,175,-20.0,-7.03,-2.97,0.99,12.06,213.0
2025-01-07 00:00:00,AA,5,77,-13.0,-7.03,-2.97,5.99,62.18,559.0
2025-01-07 00:00:00,AA,6,151,-18.0,-7.03,-4.01,2.97,25.79,198.0
2025-01-07 00:00:00,AA,19,101,-15.0,-5.0,0.0,15.03,41.68,131.0
2025-01-07 00:00:00,DL,23,19,-17.0,-7.92,-2.97,0.99,24.78,125.0
2025-01-07 00:00:00,DL,11,168,-13.0,-5.0,-0.99,12.06,30.88,184.0
2025-01-07 00:00:00,DL,15,154,-19.0,-5.0,-0.99,17.99,47.0,134.0
2025-01-07 00:00:00,DL,13,128,-16.0,-7.03,-4.01,0.99,21.12,70.0
2025-01-07 00:00:00,AA,20,78,-17.0,-5.99,-2.97,2.97,32.79,550.0
2025-01-07 00:00:00,UA,13,121,-12.0,-4.01,2.97,32.79,51.94,211.0
2025-01-07 00:00:00,DL,16,97,-16.0,-4.01,-1.99,4.01,26.84,120.0
2025-01-07 00:00:00,AA,9,126,-12.0,-5.0,-0.99,5.0,21.98,250.0
2025-01-08 00:00:00,DL,6,174,-23.0,-7.92,-5.0,-0.99,8.94,1119.0
2025-01-08 00:00:00,WN,17,194,-16.0,-5.0,-0.99,7.92,27.94,171.0
2025-01-08 00:00:00,AA,19,100,-17.0,-2.97,1.99,30.88,80.65,225.0
2025-01-08 00:00:00,UA,13,127,-15.0,-7.03,-2.97,1.99,16.95,283.0
2025-01-08 00:00:00,DL,21,67,-14.0,-7.03,-4.01,0.99,7.03,90.0
2025-01-08 00:00:00,WN,21,15,-8.0,-2.97,2.97,13.07,24.78,56.0
2025-01-08 00:00:00,DL,23,21,-18.0,-7.03,-5.0,-1.99,22.88,104.0
2025-01-08 00:00:00,DL,13,130,-17.0,-7.03,-4.01,1.99,30.88,248.0
2025-01-08 00:00:00,AA,9,133,-13.0,-5.99,-2.97,1.99,17.99,191.0
2025-01-08 00:00:00,WN,9,221,-15.0,-4.01,-1.99,5.0,19.11,179.0
2025-01-08 00:00:00,DL,11,171,-17.0,-7.03,-2.97,2.97,17.99,117.0
2025-01-08 00:00:00,AA,20,77,-16.0,-5.99,-2.97,7.92,39.25,148.0
2025-01-08 00:00:00,AA,6,165,-13.0,-7.92,-5.0,-0.99,5.0,266.0
2025-01-08 00:00:00,UA,2,1,-6.0,-6.0,-6.0,-6.0,-6.0,-6.0
2025-01-08 00:00:00,AA,5,81,-12.0,-7.92,-5.0,-1.99,1.99,39.0
2025-01-08 00:00:00,AA,21,73,-12.0,-4.01,-1.99,8.94,30.27,543.0
2025-01-08 00:00:00,DL,16,100,-25.0,-5.99,-4.01,4.01,19.89,81.0
2025-01-08 00:00:00,UA,16,120,-15.0,-7.03,-2.97,4.01,24.78,282.0
2025-01-08 00:00:00,DL,15,157,-16.0,-5.99,-2.97,2.97,19.89,99.0
2025-01-09 00:00:00,WN,9,213,-10.0,-5.0,-1.99,5.0,25.79,138.0
2025-01-09 00:00:00,UA,2,1,19.0,19.0,19.0,19.0,19.0,19.0
2025-01-09 00:00:00,AA,19,84,-13.0,-5.0,1.99,36.97,82.28,111.0
2025-01-09 00:00:00,DL,15,158,-17.0,-4.01,0.0,13.87,47.95,130.0
2025-01-09 00:00:00,AA,20,80,-11.0,-4.01,0.0,19.89,50.91,519.0
2025-01-09 00:00:00,WN,21,14,-7.0,5.99,7.92,13.07,29.08,44.0
2025-01-09 00:00:00,AA,21,58,-13.0,-4.01,-1.99,7.03,32.79,649.0
2025-01-09 00:00:00,DL,21,82,-14.0,-5.0,-0.99,13.07,49.9,599.0
2025-01-09 00:00:00,DL,23,23,-22.0,-5.0,-0.99,1.99,19.11,133.0
2025-01-09 00:00:00,UA,13,125,-15.0,-5.0,0.99,13.87,41.68,164.0
2025-01-09 00:00:00,DL,11,180,-22.0,-7.03,-2.97,5.0,27.94,644.0
2025-01-09 00:00:00,DL,13,131,-19.0,-7.03,-2.97,7.03,43.38,378.0
2025-01-09 00:00:00,AA,5,86,-14.0,-7.03,-4.01,0.0,5.0,85.0
2025-01-09 00:00:00,DL,6,179,-17.0,-7.92,-5.0,-0.99,7.03,522.0
2025-01-09 00:00:00,AA,9,101,-12.0,-5.0,-2.97,0.0,36.24,1748.0
2025-01-09 00:00:00,AA,6,149,-16.0,-7.03,-5.0,-2.97,2.97,1706.0
2025-01-09 00:00:00,DL,16,102,-15.0,-5.0,-0.99,8.94,39.25,291.0
2025-01-09 00:00:00,UA,16,119,-13.0,-4.01,5.0,19.89,56.27,163.0
2025-01-09 00:00:00,WN,17,169,-12.0,-2.97,5.0,29.08,75.95,256.0
2025-01-10 00:00:00,DL,15,108,-17.0,-2.97,13.87,106.71,290.07,436.0
2025-01-10 00:00:00,DL,23,18,-10.0,-4.01,4.01,24.78,56.27,77.0
2025-01-10 00:00:00,AA,20,45,-11.0,-0.99,10.91,41.68,146.95,493.0
2025-01-10 00:00:00,UA,2,1,82.0,82.0,82.0,82.0,82.0,82.0
2025-01-10 00:00:00,AA,1,1,-4.0,-4.0,-4.0,-4.0,-4.0,-4.0
2025-01-10 00:00:00,DL,21,43,-10.0,0.0,32.14,111.06,257.27,737.0
2025-01-10 00:00:00,AA,21,64,-6.0,1.99,27.94,70.11,104.6,1147.0
2025-01-10 00:00:00,WN,21,15,-10.0,-5.0,-2.97,5.99,21.98,66.0
2025-01-10 00:00:00,AA,19,90,-14.0,-0.99,15.03,55.15,117.93,712.0
2025-01-10 00:00:00,DL,16,61,-18.0,-1.99,10.91,162.41,278.7,1143.0
2025-01-10 00:00:00,UA,16,124,-16.0,-5.99,-0.99,17.99,52.99,263.0
2025-01-10 00:00:00,WN,17,189,-15.0,-5.0,0.99,10.91,27.94,89.0
2025-01-10 00:00:00,DL,11,109,-12.0,-4.01,0.99,26.84,106.71,608.0
2025-01-10 00:00:00,AA,5,65,-12.0,-5.0,-1.99,7.92,117.93,458.0
2025-01-10 00:00:00,DL,13,83,-19.0,-4.01,0.0,22.88,183.12,575.0
2025-01-10 00:00:00,UA,13,131,-15.0,-5.99,-1.99,5.99,23.81,265.0
2025-01-10 00:00:00,WN,9,196,-11.0,-2.97,-0.99,2.97,19.11,144.0
2025-01-10 00:00:00,AA,6,143,-11.0,-5.99,-1.99,4.01,122.75,1397.0
2025-01-10 00:00:00,DL,6,145,-14.0,-7.03,-4.01,1.99,186.82,532.0
2025-01-10 00:00:00,AA,9,111,-11.0,-4.01,0.0,24.78,77.49,302.0
2025-01-11 00:00:00,UA,16,108,-16.0,-5.99,-1.99,5.99,24.78,405.0
2025-01-11 00:00:00,AA,21,77,-8.0,-1.99,7.92,21.12,47.95,474.0
2025-01-11 00:00:00,DL,6,114,-21.0,-5.99,0.0,58.56,186.82,643.0
2025-01-11 00:00:00,DL,21,66,-12.0,-1.99,10.91,47.95,94.64,741.0
2025-01-11 00:00:00,WN,21,3,-1.0,-0.99,0.99,0.99,0.99,3.0
2025-01-11 00:00:00,DL,23,19,-7.0,-2.97,4.01,7.92,62.18,98.0
2025-01-11 00:00:00,AA,20,77,-14.0,-5.0,-0.99,12.06,36.24,92.0
2025-01-11 00:00:00,AA,5,66,-9.0,-4.01,-0.99,10.91,62.18,326.0
2025-01-11 00:00:00,AA,6,132,-13.0,-5.0,-1.99,5.0,63.44,972.0
2025-01-11 00:00:00,WN,17,191,-12.0,-5.0,-0.99,8.94,25.79,134.0
2025-01-11 00:00:00,AA,19,98,-16.0,-2.97,2.97,21.98,59.75,276.0
2025-01-11 00:00:00,AA,9,114,-15.0,-2.97,0.0,16.95,50.91,382.0
2025-01-11 00:00:00,DL,16,88,-12.0,2.97,52.99,120.31,162.41,915.0
2025-01-11 00:00:00,UA,13,120,-13.0,-5.0,-0.99,10.91,51.94,264.0
2025-01-11 00:00:00,DL,15,133,-21.0,1.99,29.08,98.5,144.04,283.0
2025-01-11 00:00:00,DL,13,112,-17.0,0.0,32.79,111.06,179.49,392.0
2025-01-11 00:00:00,WN,9,219,-13.0,-5.0,-1.99,0.99,13.87,202.0
2025-01-11 00:00:00,UA,2,1,-7.0,-7.0,-7.0,-7.0,-7.0,-7.0
2025-01-11 00:00:00,DL,11,139,-11.0,2.97,32.79,108.86,194.44,356.0
2025-01-12 00:00:00,AA,5,88,-13.0,-5.99,-4.01,0.0,27.94,495.0
2025-01-12 00:00:00,WN,17,223,-14.0,-4.01,0.99,13.87,27.94,269.0
2025-01-12 00:00:00,AA,6,169,-15.0,-7.03,-5.0,0.0,13.07,258.0
2025-01-12 00:00:00,WN,21,149,-12.0,-5.99,-2.97,1.99,15.03,95.0
2025-01-12 00:00:00,DL,13,133,-12.0,-0.99,17.99,57.4,92.77,460.0
2025-01-12 00:00:00,DL,6,166,-14.0,-5.99,-0.99,10.07,54.06,443.0
2025-01-12 00:00:00,DL,21,81,-10.0,-2.97,1.99,21.12,34.82,157.0
2025-01-12 00:00:00,AA,19,148,-18.0,-7.03,-1.99,13.07,63.44,165.0
2025-01-12 00:00:00,DL,23,22,-14.0,-4.01,0.99,15.03,30.27,71.0
2025-01-12 00:00:00,DL,15,159,-18.0,0.0,23.81,55.15,98.5,444.0
2025-01-12 00:00:00,UA,2,1,-7.0,-7.0,-7.0,-7.0,-7.0,-7.0
2025-01-12 00:00:00,DL,16,106,-14.0,-1.99,10.07,44.26,74.45,238.0
2025-01-12 00:00:00,AA,9,136,-19.0,-5.0,-1.99,5.0,32.14,1587.0
2025-01-12 00:00:00,AA,21,83,-12.0,-5.0,-1.99,4.01,26.84,100.0
2025-01-12 00:00:00,WN,9,219,-11.0,-5.0,-1.99,1.99,13.87,88.0
2025-01-12 00:00:00,DL,11,181,-12.0,0.0,17.99,58.56,96.55,1137.0
2025-01-12 00:00:00,UA,13,129,-18.0,-5.99,-2.97,4.01,32.79,194.0
2025-01-12 00:00:00,AA,20,123,-20.0,-4.01,0.0,10.07,24.78,115.0
2025-01-12 00:00:00,UA,16,124,-15.0,-5.99,-2.97,10.07,41.68,363.0
2025-01-13 00:00:00,AA,9,134,-13.0,-5.99,-2.97,0.0,10.07,330.0
2025-01-13 00:00:00,DL,23,23,-17.0,-7.92,-5.0,-1.99,7.92,75.0
2025-01-13 00:00:00,WN,17,198,-15.0,-7.03,-4.01,0.0,5.99,36.0
2025-01-13 00:00:00,AA,5,103,-13.0,-7.92,-5.0,-2.97,0.0,1553.0
2025-01-13 00:00:00,AA,6,179,-12.0,-7.92,-5.0,-1.99,4.01,2455.0
2025-01-13 00:00:00,AA,21,79,-14.0,-5.99,-1.99,4.01,36.24,196.0
2025-01-13 00:00:00,DL,21,80,-19.0,-7.92,-4.01,0.0,12.06,63.0
2025-01-13 00:00:00,DL,6,180,-17.0,-7.92,-5.0,0.0,15.96,751.0
2025-01-13 00:00:00,WN,21,15,-10.0,-8.94,-5.99,-2.97,0.0,19.0
2025-01-13 00:00:00,AA,19,109,-20.0,-7.03,-2.97,1.99,50.91,187.0
2025-01-13 00:00:00,UA,2,1,92.0,92.0,92.0,92.0,92.0,92.0
2025-01-13 00:00:00,WN,9,235,-12.0,-5.0,-2.97,0.0,5.0,37.0
2025-01-13 00:00:00,UA,16,121,-16.0,-7.92,-4.01,0.99,13.07,108.0
2025-01-13 00:00:00,DL,15,176,-17.0,-5.0,-0.99,12.06,32.79,298.0
2025-01-13 00:00:00,DL,16,112,-15.0,-7.03,-2.97,7.92,24.78,168.0
2025-01-13 00:00:00,AA,20,83,-17.0,-5.99,-2.97,2.97,40.86,142.0
2025-01-13 00:00:00,AA,1,1,-7.0,-7.0,-7.0,-7.0,-7.0,-7.0
2025-01-13 00:00:00,UA,13,133,-18.0,-7.03,-5.0,0.0,21.98,155.0
2025-01-13 00:00:00,DL,11,181,-15.0,-5.0,-1.99,8.94,25.79,224.0
2025-01-13 00:00:00,DL,13,137,-17.0,-5.99,-1.99,7.03,26.84,203.0
2025-01-14 00:00:00,DL,11,169,-19.0,-7.03,-4.01,0.99,8.94,109.0
2025-01-14 00:00:00,DL,13,128,-19.0,-8.94,-5.0,-0.99,8.94,305.0
2025-01-14 00:00:00,AA,19,103,-22.0,-7.03,-2.97,0.0,10.07,211.0
2025-01-14 00:00:00,DL,21,63,-17.0,-7.03,-4.01,0.0,10.91,124.0
2025-01-14 00:00:00,UA,2,1,-11.0,-11.0,-11.0,-11.0,-11.0,-11.0
2025-01-14 00:00:00,DL,6,178,-19.0,-10.07,-5.99,-1.99,0.99,435.0
2025-01-14 00:00:00,AA,6,171,-14.0,-8.94,-5.99,-2.97,10.07,473.0
2025-01-14 00:00:00,AA,5,81,-16.0,-10.07,-5.99,-1.99,10.91,290.0
2025-01-14 00:00:00,AA,20,76,-26.0,-7.92,-5.0,-2.97,1.99,62.0
2025-01-14 00:00:00,WN,9,235,-13.0,-5.99,-4.01,-0.99,5.0,134.0
2025-01-14 00:00:00,AA,9,129,-16.0,-7.03,-4.01,-0.99,7.92,351.0
2025-01-14 00:00:00,AA,21,77,-19.0,-5.99,-4.01,0.0,15.03,72.0
2025-01-14 00:00:00,DL,23,19,-18.0,-13.07,-5.99,-0.99,32.14,72.0
2025-01-14 00:00:00,UA,16,116,-15.0,-8.94,-4.01,0.0,7.03,103.0
2025-01-14 00:00:00,UA,13,124,-16.0,-7.92,-5.0,-1.99,7.03,160.0
2025-01-14 00:00:00,WN,17,198,-15.0,-7.03,-4.01,-0.99,13.07,132.0
2025-01-14 00:00:00,DL,16,97,-15.0,-5.99,-2.97,4.01,15.03,88.0
2025-01-14 00:00:00,DL,15,155,-17.0,-5.99,-4.01,1.99,15.96,168.0
2025-01-14 00:00:00,WN,21,15,-15.0,-7.92,-5.0,-5.0,0.0,20.0
2025-01-15 00:00:00,UA,2,1,23.0,23.0,23.0,23.0,23.0,23.0
2025-01-15 00:00:00,AA,5,80,-13.0,-8.94,-5.99,-2.97,5.99,71.0
2025-01-15 00:00:00,AA,19,106,-14.0,-7.03,-2.97,0.0,7.03,122.0
2025-01-15 00:00:00,AA,20,79,-28.0,-7.92,-4.01,-0.99,13.87,106.0
2025-01-15 00:00:00,DL,6,173,-18.0,-8.94,-5.99,-1.99,5.99,181.0
2025-01-15 00:00:00,AA,21,79,-17.0,-5.99,-2.97,0.0,10.07,57.0
2025-01-15 00:00:00,WN,21,15,-12.0,-7.92,-2.97,-1.99,0.99,18.0
2025-01-15 00:00:00,DL,21,63,-23.0,-7.92,-5.99,-1.99,0.99,66.0
2025-01-15 00:00:00,DL,23,20,-11.0,-5.99,-2.97,0.0,10.91,14.0
2025-01-15 00:00:00,DL,11,171,-17.0,-7.03,-4.01,0.0,16.95,227.0
2025-01-15 00:00:00,WN,9,235,-11.0,-5.99,-2.97,-0.99,7.03,107.0
2025-01-15 00:00:00,AA,9,133,-13.0,-7.03,-4.01,-0.99,7.03,2063.0
2025-01-15 00:00:00,AA,6,169,-15.0,-7.92,-5.99,-1.99,1.99,184.0
2025-01-15 00:00:00,DL,13,130,-18.0,-7.92,-5.0,-1.99,4.01,107.0
2025-01-15 00:00:00,UA,13,128,-19.0,-8.94,-5.0,-1.99,5.99,344.0
2025-01-15 00:00:00,DL,15,157,-20.0,-7.03,-4.01,0.0,10.91,164.0
2025-01-15 00:00:00,DL,16,101,-15.0,-7.03,-5.0,-1.99,5.0,148.0
2025-01-15 00:00:00,UA,16,119,-14.0,-7.92,-4.01,0.99,7.92,248.0
2025-01-15 00:00:00,WN,17,195,-15.0,-5.99,-2.97,0.99,10.91,101.0
2025-01-16 00:00:00,WN,9,216,-12.0,-5.0,-2.97,0.0,7.03,106.0
2025-01-16 00:00:00,WN,17,221,-10.0,-4.01,-0.99,5.0,13.87,219.0
2025-01-16 00:00:00,UA,2,1,-14.0,-14.0,-14.0,-14.0,-14.0,-14.0
2025-01-16 00:00:00,AA,5,103,-14.0,-7.03,-5.0,-1.99,0.0,495.0
2025-01-16 00:00:00,AA,21,82,-17.0,-5.0,-2.97,5.0,21.98,128.0
2025-01-16 00:00:00,DL,23,24,-16.0,-7.03,-4.01,0.0,5.0,69.0
2025-01-16 00:00:00,AA,6,174,-15.0,-7.92,-5.0,-1.99,1.99,473.0
2025-01-16 00:00:00,DL,6,180,-18.0,-7.92,-5.0,-0.99,5.99,72.0
2025-01-16 00:00:00,DL,21,84,-15.0,-5.99,-2.97,4.01,21.98,91.0
2025-01-16 00:00:00,AA,9,131,-11.0,-5.99,-4.01,0.0,15.96,132.0
2025-01-16 00:00:00,AA,19,147,-12.0,-5.0,-1.99,10.07,30.88,991.0
2025-01-16 00:00:00,AA,20,121,-16.0,-4.01,0.0,19.11,55.15,675.0
2025-01-16 00:00:00,WN,21,149,-13.0,-5.0,-0.99,8.94,32.14,131.0
2025-01-16 00:00:00,DL,16,118,-14.0,-5.99,-0.99,10.91,34.82,203.0
2025-01-16 00:00:00,DL,11,182,-17.0,-5.99,-4.01,1.99,15.96,496.0
2025-01-16 00:00:00,UA,16,124,-13.0,-5.99,-2.97,0.99,13.87,343.0
2025-01-16 00:00:00,DL,15,173,-18.0,-5.99,-1.99,5.0,45.15,1070.0
2025-01-16 00:00:00,DL,13,140,-18.0,-7.03,-4.01,0.0,19.11,90.0
2025-01-16 00:00:00,UA,13,133,-15.0,-7.03,-4.01,1.99,15.96,195.0
2025-01-17 00:00:00,AA,21,83,-12.0,-2.97,4.01,19.11,41.68,131.0
2025-01-17 00:00:00,WN,21,149,-16.0,-5.99,-0.99,5.0,22.88,97.0
2025-01-17 00:00:00,AA,1,1,-6.0,-6.0,-6.0,-6.0,-6.0,-6.0
2025-01-17 00:00:00,UA,2,1,-10.0,-10.0,-10.0,-10.0,-10.0,-10.0
2025-01-17 00:00:00,DL,6,180,-16.0,-7.03,-4.01,-0.99,1.99,169.0
2025-01-17 00:00:00,AA,5,103,-14.0,-5.99,-2.97,-0.99,5.99,899.0
2025-01-17 00:00:00,WN,9,217,-12.0,-4.01,-1.99,0.99,8.94,86.0
2025-01-17 00:00:00,AA,6,178,-11.0,-5.0,-2.97,-0.99,7.03,559.0
2025-01-17 00:00:00,DL,23,24,-14.0,-7.92,-0.99,1.99,10.91,26.0
2025-01-17 00:00:00,DL,21,85,-13.0,-7.03,-4.01,4.01,21.12,105.0
2025-01-17 00:00:00,AA,9,133,-9.0,-5.0,-1.99,0.99,10.91,361.0
2025-01-17 00:00:00,DL,11,182,-15.0,-5.99,-2.97,0.99,10.91,131.0
2025-01-17 00:00:00,AA,20,84,-11.0,-5.0,-2.97,0.99,12.06,52.0
2025-01-17 00:00:00,UA,16,124,-18.0,-5.99,-2.97,2.97,21.98,313.0
2025-01-17 00:00:00,WN,17,226,-14.0,-4.01,-0.99,5.99,17.99,112.0
2025-01-17 00:00:00,AA,19,111,-12.0,-5.0,-1.99,13.07,32.14,1613.0
2025-01-17 00:00:00,DL,16,119,-19.0,-5.99,-4.01,5.99,29.08,290.0
2025-01-17 00:00:00,DL,13,137,-20.0,-7.03,-5.0,0.0,19.11,185.0
2025-01-17 00:00:00,UA,13,133,-15.0,-7.03,-2.97,0.0,12.06,289.0
2025-01-17 00:00:00,DL,15,173,-23.0,-5.99,-1.99,5.99,32.14,173.0
2025-01-18 00:00:00,DL,15,142,-18.0,-5.99,-2.97,1.99,10.07,435.0
2025-01-18 00:00:00,DL,21,63,-16.0,-7.03,-4.01,0.0,16.95,90.0
2025-01-18 00:00:00,AA,6,165,-13.0,-5.0,-4.01,-1.99,4.01,358.0
2025-01-18 00:00:00,DL,6,168,-15.0,-7.92,-5.0,-0.99,5.99,86.0
2025-01-18 00:00:00,WN,9,219,-11.0,-5.0,-1.99,0.99,12.06,120.0
2025-01-18 00:00:00,AA,9,123,-14.0,-5.0,-1.99,0.99,15.03,185.0
2025-01-18 00:00:00,AA,5,81,-11.0,-5.0,-2.97,-0.99,1.99,230.0
2025-01-18 00:00:00,DL,23,19,-10.0,-7.03,-4.01,2.97,7.03,24.0
2025-01-18 00:00:00,DL,11,170,-19.0,-5.0,-1.99,2.97,15.96,180.0
2025-01-18 00:00:00,DL,13,125,-23.0,-7.03,-2.97,4.01,25.79,152.0
2025-01-18 00:00:00,UA,13,120,-17.0,-5.99,-0.99,13.87,46.07,229.0
2025-01-18 00:00:00,UA,2,1,-3.0,-3.0,-3.0,-3.0,-3.0,-3.0
2025-01-18 00:00:00,AA,20,65,-20.0,-5.0,-2.97,5.0,15.03,684.0
2025-01-18 00:00:00,DL,16,104,-19.0,-7.92,-4.01,2.97,16.95,131.0
2025-01-18 00:00:00,AA,21,73,-10.0,-4.01,-0.99,13.87,32.14,210.0
2025-01-18 00:00:00,WN,21,3,-7.0,-7.0,-4.01,-4.01,-4.01,46.0
2025-01-18 00:00:00,AA,19,94,-15.0,-5.0,-0.99,5.0,13.87,77.0
2025-01-18 00:00:00,UA,16,110,-15.0,-7.03,-1.99,5.0,40.86,362.0
2025-01-18 00:00:00,WN,17,170,-13.0,-5.0,-0.99,10.07,32.14,153.0
2025-01-19 00:00:00,DL,15,142,-17.0,-5.0,0.0,17.99,54.06,977.0
2025-01-19 00:00:00,UA,2,1,-1.0,-1.0,-1.0,-1.0,-1.0,-1.0
2025-01-19 00:00:00,AA,9,125,-14.0,-5.99,-2.97,0.0,26.84,358.0
2025-01-19 00:00:00,DL,13,131,-16.0,-7.03,-2.97,5.0,39.25,145.0
2025-01-19 00:00:00,UA,13,121,-14.0,-4.01,-0.99,10.07,25.79,216.0
2025-01-19 00:00:00,DL,11,163,-17.0,-5.0,-1.99,7.03,39.25,201.0
2025-01-19 00:00:00,WN,9,234,-15.0,-5.0,-1.99,1.99,15.03,96.0
2025-01-19 00:00:00,DL,6,162,-17.0,-7.92,-4.01,-0.99,7.03,180.0
2025-01-19 00:00:00,AA,5,74,-12.0,-7.03,-4.01,-2.97,0.0,119.0
2025-01-19 00:00:00,AA,6,158,-13.0,-7.03,-5.0,-1.99,2.97,830.0
2025-01-19 00:00:00,DL,16,102,-15.0,-5.0,-0.99,12.06,45.15,378.0
2025-01-19 00:00:00,UA,16,105,-16.0,-5.0,0.99,13.07,55.15,983.0
2025-01-19 00:00:00,WN,17,199,-14.0,-2.97,5.0,21.98,45.15,385.0
2025-01-19 00:00:00,WN,21,14,-7.0,12.06,34.13,45.15,49.9,190.0
2025-01-19 00:00:00,AA,19,123,-15.0,-5.0,1.99,30.27,68.72,571.0
2025-01-19 00:00:00,AA,20,112,-12.0,-1.99,10.07,32.79,47.95,712.0
2025-01-19 00:00:00,AA,21,78,-8.0,-2.97,4.01,27.94,59.75,127.0
2025-01-19 00:00:00,DL,21,71,-13.0,-5.99,-2.97,10.07,40.05,138.0
2025-01-19 00:00:00,DL,23,20,-8.0,-5.0,0.0,17.99,47.0,106.0
2025-01-20 00:00:00,DL,6,180,-21.0,-5.0,-0.99,5.99,40.05,301.0
2025-01-20 00:00:00,UA,13,134,-13.0,-1.99,2.97,15.03,46.07,196.0
2025-01-20 00:00:00,DL,16,140,-13.0,-1.99,5.0,29.08,55.15,197.0
2025-01-20 00:00:00,UA,2,1,-3.0,-3.0,-3.0,-3.0,-3.0,-3.0
2025-01-20 00:00:00,DL,13,149,-15.0,-4.01,5.99,23.81,94.64,412.0
2025-01-20 00:00:00,AA,1,1,-5.0,-5.0,-5.0,-5.0,-5.0,-5.0
2025-01-20 00:00:00,AA,21,76,-11.0,-2.97,0.99,24.78,34.82,751.0
2025-01-20 00:00:00,WN,21,131,-4.0,7.92,21.98,48.91,77.49,196.0
2025-01-20 00:00:00,DL,21,90,-16.0,-1.99,1.99,17.99,63.44,888.0
2025-01-20 00:00:00,DL,23,27,-13.0,-5.0,-0.99,10.07,21.98,72.0
2025-01-20 00:00:00,AA,6,171,-18.0,-5.99,-2.97,0.0,19.89,1873.0
2025-01-20 00:00:00,AA,19,107,-13.0,-4.01,1.99,29.08,67.36,201.0
2025-01-20 00:00:00,DL,11,184,-15.0,-2.97,7.92,30.88,63.44,268.0
2025-01-20 00:00:00,AA,20,82,-11.0,-4.01,0.0,15.96,45.15,972.0
2025-01-20 00:00:00,WN,17,222,-10.0,4.01,19.89,48.91,79.05,284.0
2025-01-20 00:00:00,AA,5,100,-12.0,-5.0,-2.97,1.99,22.88,118.0
2025-01-20 00:00:00,DL,15,185,-15.0,-1.99,10.07,36.24,85.64,273.0
2025-01-20 00:00:00,AA,9,130,-10.0,-4.01,-1.99,10.07,46.07,246.0
2025-01-20 00:00:00,WN,9,219,-11.0,-4.01,0.0,10.07,25.79,83.0
2025-01-20 00:00:00,UA,16,119,-11.0,-1.99,2.97,17.99,47.0,168.0
2025-01-21 00:00:00,AA,5,77,-15.0,-7.03,-4.01,-0.99,7.03,121.0
2025-01-21 00:00:00,UA,13,108,-10.0,-5.99,-1.99,2.97,24.78,175.0
2025-01-21 00:00:00,DL,21,51,-14.0,-5.0,15.96,92.77,165.69,836.0
2025-01-21 00:00:00,DL,23,20,-12.0,-7.92,-4.01,0.0,24.78,158.0
2025-01-21 00:00:00,AA,6,158,-10.0,-5.99,-2.97,-0.99,7.92,220.0
2025-01-21 00:00:00,AA,9,121,-12.0,-5.0,-2.97,0.99,22.88,151.0
2025-01-21 00:00:00,DL,6,169,-13.0,-5.99,-1.99,4.01,58.56,492.0
2025-01-21 00:00:00,UA,2,1,-8.0,-8.0,-8.0,-8.0,-8.0,-8.0
2025-01-21 00:00:00,AA,19,96,-12.0,-5.99,-1.99,10.91,52.99,818.0
2025-01-21 00:00:00,DL,11,165,-18.0,-2.97,0.99,19.11,57.4,265.0
2025-01-21 00:00:00,WN,21,13,-9.0,0.99,10.91,15.96,40.86,61.0
2025-01-21 00:00:00,AA,20,72,-11.0,-4.01,0.99,32.14,50.91,314.0
2025-01-21 00:00:00,AA,21,69,-14.0,-4.01,-1.99,10.07,37.72,487.0
2025-01-21 00:00:00,DL,16,99,-15.0,-5.0,12.06,47.0,146.95,1061.0
2025-01-21 00:00:00,WN,9,212,-11.0,-2.97,0.0,7.92,24.78,276.0
2025-01-21 00:00:00,DL,13,133,-15.0,-5.0,-0.99,15.03,47.0,370.0
2025-01-21 00:00:00,UA,16,87,-13.0,-5.99,-2.97,-0.99,12.06,944.0
2025-01-21 00:00:00,WN,17,174,-12.0,-4.01,0.99,13.87,45.15,231.0
2025-01-21 00:00:00,DL,15,168,-14.0,-2.97,2.97,29.08,83.94,1188.0
2025-01-22 00:00:00,AA,5,69,-15.0,-7.92,-5.0,-1.99,2.97,295.0
2025-01-22 00:00:00,UA,2,1,-6.0,-6.0,-6.0,-6.0,-6.0,-6.0
2025-01-22 00:00:00,DL,6,148,-15.0,-7.03,-2.97,5.99,85.64,567.0
2025-01-22 00:00:00,DL,13,114,-16.0,-5.0,5.99,85.64,144.04,502.0
2025-01-22 00:00:00,UA,13,124,-16.0,-7.03,-2.97,1.99,21.98,171.0
2025-01-22 00:00:00,DL,15,159,-18.0,-2.97,19.11,77.49,152.95,329.0
2025-01-22 00:00:00,AA,9,117,-10.0,-5.99,-2.97,0.0,26.84,273.0
2025-01-22 00:00:00,DL,11,144,-14.0,-4.01,7.92,92.77,186.82,294.0
2025-01-22 00:00:00,AA,6,147,-15.0,-7.92,-4.01,-0.99,19.11,887.0
2025-01-22 00:00:00,WN,9,212,-10.0,-5.0,-1.99,0.0,7.03,99.0
2025-01-22 00:00:00,UA,16,113,-16.0,-5.99,-0.99,7.92,24.78,79.0
2025-01-22 00:00:00,DL,16,106,-15.0,-0.99,17.99,74.45,144.04,304.0
2025-01-22 00:00:00,WN,17,187,-14.0,-5.0,-1.99,5.0,13.87,97.0
2025-01-22 00:00:00,AA,19,105,-15.0,-5.99,-2.97,4.01,16.95,93.0
2025-01-22 00:00:00,AA,20,77,-15.0,-5.99,-1.99,4.01,22.88,42.0
2025-01-22 00:00:00,WN,21,15,-14.0,-7.03,-2.97,-0.99,0.99,24.0
2025-01-22 00:00:00,AA,21,74,-13.0,-4.01,-0.99,7.03,27.94,159.0
2025-01-22 00:00:00,DL,21,66,-11.0,-4.01,0.0,36.24,92.77,155.0
2025-01-22 00:00:00,DL,23,20,-8.0,-5.0,0.0,19.89,82.28,96.0
2025-01-23 00:00:00,DL,11,179,-17.0,-5.0,-1.99,17.99,55.15,557.0
2025-01-23 00:00:00,DL,13,143,-17.0,-5.99,-0.99,15.03,40.86,279.0
2025-01-23 00:00:00,DL,15,182,-25.0,-4.01,2.97,21.12,63.44,312.0
2025-01-23 00:00:00,UA,16,121,-15.0,-5.99,-1.99,10.91,67.36,900.0
2025-01-23 00:00:00,WN,17,197,-11.0,-4.01,0.99,19.89,55.15,326.0
2025-01-23 00:00:00,AA,19,142,-19.0,-5.99,0.0,13.07,44.26,221.0
2025-01-23 00:00:00,AA,21,79,-12.0,-5.0,0.99,29.08,80.65,234.0
2025-01-23 00:00:00,WN,21,15,-7.0,-5.0,-2.97,7.92,13.07,31.0
2025-01-23 00:00:00,DL,21,92,-11.0,-5.0,-1.99,7.03,22.88,616.0
2025-01-23 00:00:00,UA,2,1,-8.0,-8.0,-8.0,-8.0,-8.0,-8.0
2025-01-23 00:00:00,DL,23,27,-14.0,-5.0,-0.99,2.97,10.91,84.0
2025-01-23 00:00:00,AA,20,118,-18.0,-4.01,0.99,19.89,82.28,498.0
2025-01-23 00:00:00,WN,9,223,-10.0,-5.0,-1.99,0.0,7.92,146.0
2025-01-23 00:00:00,UA,13,133,-19.0,-7.03,-4.01,1.99,19.11,528.0
2025-01-23 00:00:00,AA,5,100,-15.0,-8.94,-5.0,-1.99,4.01,868.0
2025-01-23 00:00:00,AA,6,165,-17.0,-7.92,-5.0,-2.97,0.0,910.0
2025-01-23 00:00:00,DL,6,173,-16.0,-7.92,-4.01,0.0,15.03,250.0
2025-01-23 00:00:00,AA,9,127,-13.0,-5.99,-4.01,1.99,19.89,358.0
2025-01-23 00:00:00,DL,16,139,-16.0,-5.0,0.0,17.99,52.99,309.0
2025-01-24 00:00:00,UA,13,131,-14.0,-7.92,-5.0,-0.99,13.07,113.0
2025-01-24 00:00:00,AA,9,134,-14.0,-5.0,-1.99,4.01,21.12,106.0
2025-01-24 00:00:00,WN,9,235,-11.0,-4.01,-1.99,0.99,10.91,220.0
2025-01-24 00:00:00,WN,17,198,-13.0,-5.0,-1.99,5.0,17.99,154.0
2025-01-24 00:00:00,AA,21,83,-10.0,-4.01,-1.99,5.99,24.78,207.0
2025-01-24 00:00:00,DL,23,26,-14.0,-1.99,0.0,7.03,13.07,35.0
2025-01-24 00:00:00,AA,19,113,-25.0,-5.99,-2.97,5.99,29.08,196.0
2025-01-24 00:00:00,AA,20,84,-11.0,-5.0,-0.99,8.94,32.14,290.0
2025-01-24 00:00:00,WN,21,15,-11.0,-7.92,-4.01,-0.99,0.0,4.0
2025-01-24 00:00:00,DL,21,96,-21.0,-7.03,-2.97,2.97,17.99,69.0
2025-01-24 00:00:00,AA,5,101,-12.0,-7.92,-5.0,-0.99,5.99,910.0
2025-01-24 00:00:00,UA,16,124,-14.0,-7.03,-2.97,1.99,22.88,258.0
2025-01-24 00:00:00,AA,1,1,-6.0,-6.0,-6.0,-6.0,-6.0,-6.0
2025-01-24 00:00:00,AA,6,171,-13.0,-7.92,-5.0,-1.99,5.0,259.0
2025-01-24 00:00:00,DL,15,185,-21.0,-5.0,0.0,22.88,43.38,190.0
2025-01-24 00:00:00,DL,16,142,-13.0,-5.99,-1.99,13.07,30.27,122.0
2025-01-24 00:00:00,DL,6,184,-18.0,-7.03,-5.0,-0.99,7.03,970.0
2025-01-24 00:00:00,DL,13,147,-17.0,-7.03,-2.97,5.99,34.82,201.0
2025-01-24 00:00:00,DL,11,185,-13.0,-5.99,-0.99,12.06,24.78,698.0
2025-01-24 00:00:00,UA,2,1,-4.0,-4.0,-4.0,-4.0,-4.0,-4.0
2025-01-25 00:00:00,AA,19,99,-19.0,-7.92,-2.97,4.01,23.81,291.0
2025-01-25 00:00:00,AA,6,167,-13.0,-7.03,-5.0,-0.99,4.01,207.0
2025-01-25 00:00:00,WN,21,3,-7.0,-7.0,-2.97,-2.97,-2.97,34.0
2025-01-25 00:00:00,AA,5,82,-19.0,-7.92,-5.99,-4.01,0.99,59.0
2025-01-25 00:00:00,AA,20,81,-18.0,-5.99,-1.99,10.07,44.26,130.0
2025-01-25 00:00:00,DL,6,171,-15.0,-7.92,-5.0,-0.99,10.07,210.0
2025-01-25 00:00:00,AA,21,78,-12.0,-5.0,-1.99,7.03,40.86,97.0
2025-01-25 00:00:00,DL,23,19,-14.0,-5.0,-2.97,4.01,10.07,52.0
2025-01-25 00:00:00,DL,21,64,-17.0,-7.03,-2.97,0.0,12.06,59.0
2025-01-25 00:00:00,WN,17,191,-14.0,-5.0,-0.99,10.91,27.94,96.0
2025-01-25 00:00:00,AA,9,121,-14.0,-5.99,-4.01,0.0,7.92,92.0
2025-01-25 00:00:00,DL,13,128,-17.0,-7.92,-4.01,2.97,24.78,104.0
2025-01-25 00:00:00,UA,2,1,7.0,7.0,7.0,7.0,7.0,7.0
2025-01-25 00:00:00,UA,16,108,-23.0,-5.99,0.0,16.95,45.15,176.0
2025-01-25 00:00:00,UA,13,118,-15.0,-5.0,4.01,25.79,77.49,327.0
2025-01-25 00:00:00,DL,15,148,-19.0,-7.92,-5.0,-0.99,7.03,179.0
2025-01-25 00:00:00,DL,16,102,-20.0,-8.94,-5.99,-0.99,10.91,164.0
2025-01-25 00:00:00,DL,11,168,-19.0,-5.0,-1.99,8.94,25.79,101.0
2025-01-25 00:00:00,WN,9,220,-15.0,-5.0,-2.97,1.99,15.96,122.0
2025-01-26 00:00:00,DL,11,185,-14.0,-7.03,-4.01,0.0,12.06,80.0
2025-01-26 00:00:00,UA,13,129,-14.0,-5.99,-1.99,4.01,15.96,179.0
2025-01-26 00:00:00,DL,15,184,-14.0,-5.99,-2.97,2.97,21.12,279.0
2025-01-26 00:00:00,UA,16,126,-16.0,-5.99,-2.97,2.97,13.07,134.0
2025-01-26 00:00:00,WN,17,223,-16.0,-5.0,0.0,8.94,23.81,174.0
2025-01-26 00:00:00,AA,19,148,-17.0,-5.99,-2.97,7.92,30.27,231.0
2025-01-26 00:00:00,DL,23,27,-14.0,-5.99,0.0,8.94,37.72,199.0
2025-01-26 00:00:00,AA,21,82,-11.0,-5.0,-2.97,5.0,30.88,657.0
2025-01-26 00:00:00,WN,21,148,-12.0,-5.99,-2.97,4.01,19.11,62.0
2025-01-26 00:00:00,AA,6,168,-14.0,-7.92,-5.0,-1.99,16.95,687.0
2025-01-26 00:00:00,DL,21,96,-17.0,-5.99,-2.97,4.01,34.82,707.0
2025-01-26 00:00:00,DL,6,175,-21.0,-8.94,-5.0,-1.99,1.99,414.0
2025-01-26 00:00:00,AA,5,88,-15.0,-8.94,-7.03,-4.01,1.99,667.0
2025-01-26 00:00:00,AA,20,123,-15.0,-4.01,-0.99,12.06,47.95,484.0
2025-01-26 00:00:00,UA,2,1,-8.0,-8.0,-8.0,-8.0,-8.0,-8.0
2025-01-26 00:00:00,DL,13,149,-20.0,-7.03,-2.97,2.97,23.81,302.0
2025-01-26 00:00:00,WN,9,219,-11.0,-5.0,-2.97,1.99,10.07,206.0
2025-01-26 00:00:00,AA,9,135,-14.0,-5.99,-2.97,0.0,13.87,940.0
2025-01-26 00:00:00,DL,16,142,-12.0,-7.03,-2.97,2.97,21.12,290.0
2025-01-27 00:00:00,DL,13,148,-17.0,-5.99,-2.97,1.99,15.03,129.0
2025-01-27 00:00:00,UA,13,133,-16.0,-7.92,-5.0,-0.99,5.0,154.0
2025-01-27 00:00:00,DL,15,180,-20.0,-5.99,-4.01,0.0,16.95,237.0
2025-01-27 00:00:00,DL,6,183,-18.0,-7.92,-5.99,-1.99,0.99,390.0
2025-01-27 00:00:00,UA,2,1,-8.0,-8.0,-8.0,-8.0,-8.0,-8.0
2025-01-27 00:00:00,WN,17,198,-23.0,-5.99,-2.97,0.0,12.06,120.0
2025-01-27 00:00:00,AA,1,1,22.0,22.0,22.0,22.0,22.0,22.0
2025-01-27 00:00:00,WN,21,15,-12.0,-5.99,-4.01,0.99,7.92,54.0
2025-01-27 00:00:00,AA,6,177,-15.0,-7.92,-5.99,-2.97,0.99,182.0
2025-01-27 00:00:00,AA,19,112,-15.0,-7.03,-2.97,5.0,26.84,293.0
2025-01-27 00:00:00,DL,11,187,-15.0,-5.99,-2.97,2.97,13.87,292.0
2025-01-27 00:00:00,DL,16,131,-16.0,-7.92,-4.01,0.99,13.07,88.0
2025-01-27 00:00:00,UA,16,121,-15.0,-7.92,-5.0,0.0,12.06,128.0
2025-01-27 00:00:00,DL,21,85,-24.0,-8.94,-5.0,-1.99,2.97,102.0
2025-01-27 00:00:00,AA,5,103,-13.0,-7.92,-5.99,-4.01,4.01,154.0
2025-01-27 00:00:00,AA,20,86,-12.0,-5.99,-1.99,5.0,37.72,226.0
2025-01-27 00:00:00,WN,9,235,-13.0,-5.0,-2.97,0.0,5.0,153.0
2025-01-27 00:00:00,DL,23,25,-21.0,-10.91,-8.94,-2.97,-0.99,8.0
2025-01-27 00:00:00,AA,9,134,-12.0,-5.99,-2.97,0.0,13.87,305.0
2025-01-27 00:00:00,AA,21,81,-19.0,-5.0,-2.97,5.0,32.14,165.0
2025-01-28 00:00:00,DL,21,66,-16.0,-7.92,-5.0,-1.99,13.87,80.0
2025-01-28 00:00:00,WN,9,235,-14.0,-5.99,-4.01,-1.99,1.99,34.0
2025-01-28 00:00:00,DL,23,19,-17.0,-13.87,-7.92,-0.99,0.0,13.0
2025-01-28 00:00:00,DL,16,115,-20.0,-8.94,-5.0,0.0,10.91,68.0
2025-01-28 00:00:00,DL,11,176,-17.0,-7.92,-5.0,-1.99,16.95,193.0
2025-01-28 00:00:00,UA,16,116,-14.0,-10.07,-7.92,-5.0,0.99,146.0
2025-01-28 00:00:00,DL,13,136,-20.0,-8.94,-5.0,0.0,21.12,126.0
2025-01-28 00:00:00,UA,13,124,-17.0,-8.94,-5.99,-2.97,4.01,161.0
2025-01-28 00:00:00,UA,2,1,-7.0,-7.0,-7.0,-7.0,-7.0,-7.0
2025-01-28 00:00:00,DL,15,165,-18.0,-7.92,-4.01,0.0,12.06,87.0
2025-01-28 00:00:00,AA,21,77,-14.0,-5.99,-4.01,5.0,23.81,55.0
2025-01-28 00:00:00,AA,5,82,-17.0,-10.07,-7.92,-5.0,0.0,58.0
2025-01-28 00:00:00,AA,9,129,-16.0,-7.92,-5.0,-0.99,10.91,237.0
2025-01-28 00:00:00,AA,20,78,-14.0,-7.92,-4.01,-1.99,5.0,641.0
2025-01-28 00:00:00,DL,6,179,-23.0,-10.07,-7.92,-4.01,0.0,398.0
2025-01-28 00:00:00,AA,19,104,-14.0,-7.92,-5.0,-0.99,19.11,271.0
2025-01-28 00:00:00,AA,6,170,-16.0,-10.07,-7.92,-5.0,0.99,473.0
2025-01-28 00:00:00,WN,21,15,-9.0,-7.03,-4.01,0.0,24.78,102.0
2025-01-28 00:00:00,WN,17,198,-15.0,-7.03,-5.0,-1.99,5.99,70.0
2025-01-29 00:00:00,DL,15,168,-20.0,-7.92,-5.0,0.0,16.95,891.0
2025-01-29 00:00:00,DL,16,115,-26.0,-7.03,-4.01,2.97,15.03,141.0
2025-01-29 00:00:00,UA,16,119,-16.0,-7.92,-5.0,-0.99,5.0,58.0
2025-01-29 00:00:00,UA,13,128,-17.0,-7.92,-5.99,-0.99,44.26,295.0
2025-01-29 00:00:00,AA,20,74,-13.0,-7.03,-4.01,8.94,36.24,176.0
2025-01-29 00:00:00,WN,21,14,-11.0,-5.99,-2.97,13.07,13.87,56.0
2025-01-29 00:00:00,DL,23,20,-16.0,-5.99,-1.99,0.0,13.87,16.0
2025-01-29 00:00:00,AA,21,58,-18.0,-5.99,0.0,55.15,106.71,468.0
2025-01-29 00:00:00,DL,21,66,-17.0,-7.92,-5.0,0.0,13.87,555.0
2025-01-29 00:00:00,AA,9,134,-15.0,-7.03,-4.01,-0.99,7.03,77.0
2025-01-29 00:00:00,AA,5,80,-17.0,-10.07,-7.03,-1.99,7.03,62.0
2025-01-29 00:00:00,DL,6,176,-26.0,-8.94,-5.99,-4.01,0.99,109.0
2025-01-29 00:00:00,DL,11,177,-16.0,-7.92,-5.99,-0.99,7.92,83.0
2025-01-29 00:00:00,WN,9,235,-12.0,-5.99,-4.01,-0.99,1.99,115.0
2025-01-29 00:00:00,UA,2,1,-9.0,-9.0,-9.0,-9.0,-9.0,-9.0
2025-01-29 00:00:00,AA,6,169,-13.0,-8.94,-7.03,-4.01,0.99,929.0
2025-01-29 00:00:00,AA,19,93,-19.0,-5.99,-2.97,30.27,115.6,270.0
2025-01-29 00:00:00,WN,17,198,-15.0,-5.99,-4.01,0.0,8.94,215.0
2025-01-29 00:00:00,DL,13,138,-19.0,-7.92,-5.99,-1.99,7.03,184.0
2025-01-30 00:00:00,UA,13,132,-15.0,-7.03,-4.01,5.0,32.79,193.0
2025-01-30 00:00:00,DL,15,178,-19.0,-5.99,-2.97,4.01,22.88,271.0
2025-01-30 00:00:00,DL,16,131,-18.0,-7.03,-1.99,4.01,24.78,126.0
2025-01-30 00:00:00,UA,16,122,-16.0,-5.99,-1.99,5.99,26.84,362.0
2025-01-30 00:00:00,WN,17,195,-13.0,-4.01,0.0,8.94,25.79,155.0
2025-01-30 00:00:00,AA,19,148,-15.0,-5.99,0.99,19.11,48.91,138.0
2025-01-30 00:00:00,AA,20,121,-10.0,-4.01,0.0,15.03,47.0,210.0
2025-01-30 00:00:00,WN,21,15,-11.0,-8.94,0.0,13.07,34.82,59.0
2025-01-30 00:00:00,AA,21,78,-12.0,-5.99,-2.97,7.03,49.9,140.0
2025-01-30 00:00:00,DL,21,81,-16.0,-7.03,-4.01,0.99,10.07,198.0
2025-01-30 00:00:00,DL,23,25,-20.0,-7.03,-4.01,0.99,7.92,897.0
2025-01-30 00:00:00,AA,5,75,-12.0,-7.03,-5.0,-0.99,21.12,1684.0
2025-01-30 00:00:00,DL,6,179,-20.0,-7.92,-5.99,-1.99,4.01,311.0
2025-01-30 00:00:00,AA,6,155,-13.0,-7.03,-4.01,-0.99,5.0,830.0
2025-01-30 00:00:00,AA,9,120,-11.0,-5.99,-1.99,2.97,21.12,1455.0
2025-01-30 00:00:00,WN,9,232,-14.0,-5.0,-2.97,0.99,13.07,333.0
2025-01-30 00:00:00,DL,11,188,-15.0,-7.03,-4.01,0.0,15.03,524.0
2025-01-30 00:00:00,UA,2,1,3.0,3.0,3.0,3.0,3.0,3.0
2025-01-30 00:00:00,DL,13,144,-16.0,-7.03,-5.0,0.0,13.87,360.0
2025-01-31 00:00:00,UA,2,1,-14.0,-14.0,-14.0,-14.0,-14.0,-14.0
2025-01-31 00:00:00,DL,21,85,-16.0,-5.99,-2.97,5.99,25.79,173.0
2025-01-31 00:00:00,WN,21,15,-10.0,-5.0,0.0,13.07,34.13,47.0
2025-01-31 00:00:00,DL,23,25,-14.0,-5.99,-5.0,5.99,12.06,43.0
2025-01-31 00:00:00,DL,6,183,-15.0,-7.92,-5.0,-0.99,10.07,210.0
2025-01-31 00:00:00,WN,9,233,-13.0,-5.0,-2.97,0.0,5.99,115.0
2025-01-31 00:00:00,AA,1,1,13.0,13.0,13.0,13.0,13.0,13.0
2025-01-31 00:00:00,AA,5,103,-12.0,-7.03,-5.99,-2.97,5.99,574.0
2025-01-31 00:00:00,DL,11,187,-13.0,-5.99,-2.97,0.99,13.07,333.0
2025-01-31 00:00:00,AA,20,85,-13.0,-4.01,-0.99,10.91,36.24,165.0
2025-01-31 00:00:00,AA,21,83,-11.0,-4.01,-0.99,7.92,30.27,119.0
2025-01-31 00:00:00,AA,6,178,-16.0,-7.03,-4.01,0.0,16.95,673.0
2025-01-31 00:00:00,DL,13,145,-15.0,-5.99,-1.99,5.0,25.79,145.0
2025-01-31 00:00:00,DL,16,131,-14.0,-5.0,-0.99,13.87,43.38,301.0
2025-01-31 00:00:00,UA,16,123,-15.0,-5.99,-4.01,0.99,12.06,437.0
2025-01-31 00:00:00,AA,19,113,-15.0,-5.0,-1.99,7.03,24.78,192.0
2025-01-31 00:00:00,WN,17,198,-12.0,-5.0,-0.99,7.92,26.84,133.0
2025-01-31 00:00:00,DL,15,180,-18.0,-5.99,-0.99,8.94,29.08,162.0
2025-01-31 00:00:00,UA,13,132,-15.0,-5.99,-1.99,5.0,25.79,250.0
2025-01-31 00:00:00,AA,9,135,-10.0,-5.0,-2.97,0.0,17.99,236.0
2025-02-01 00:00:00,AA,6,168,-15.0,-7.92,-5.0,-1.99,5.99,743.0
2025-02-01 00:00:00,DL,6,170,-20.0,-7.92,-5.99,-1.99,5.0,666.0
2025-02-01 00:00:00,DL,11,171,-17.0,-5.99,-2.97,1.99,29.08,214.0
2025-02-01 00:00:00,UA,2,1,4.0,4.0,4.0,4.0,4.0,4.0
2025-02-01 00:00:00,AA,9,121,-12.0,-5.99,-4.01,0.0,10.91,515.0
2025-02-01 00:00:00,WN,9,222,-12.0,-5.0,-2.97,-0.99,4.01,73.0
2025-02-01 00:00:00,DL,13,126,-17.0,-7.03,-4.01,5.99,34.13,120.0
2025-02-01 00:00:00,DL,15,143,-18.0,-7.03,-2.97,4.01,21.98,282.0
2025-02-01 00:00:00,DL,23,19,-14.0,-5.99,-0.99,12.06,21.12,63.0
2025-02-01 00:00:00,AA,21,77,-13.0,-5.0,-1.99,4.01,13.87,177.0
2025-02-01 00:00:00,WN,21,3,-6.0,-5.99,-1.99,-1.99,-1.99,3.0
2025-02-01 00:00:00,DL,21,64,-16.0,-7.92,-5.0,0.0,10.07,151.0
2025-02-01 00:00:00,UA,16,107,-13.0,-7.92,-5.0,4.01,32.14,402.0
2025-02-01 00:00:00,DL,16,102,-23.0,-8.94,-5.0,0.0,16.95,366.0
2025-02-01 00:00:00,AA,19,101,-19.0,-7.03,-4.01,-0.99,13.07,94.0
2025-02-01 00:00:00,AA,20,81,-17.0,-5.99,-4.01,1.99,21.12,89.0
2025-02-01 00:00:00,WN,17,191,-15.0,-5.99,-1.99,1.99,21.12,165.0
2025-02-01 00:00:00,AA,5,82,-15.0,-7.03,-5.0,-1.99,1.99,151.0
2025-02-01 00:00:00,UA,13,119,-16.0,-7.03,-2.97,5.99,26.84,235.0
2025-02-02 00:00:00,UA,13,130,-12.0,-5.0,-1.99,10.91,51.94,312.0
2025-02-02 00:00:00,DL,21,87,-14.0,-5.99,-1.99,4.01,21.12,93.0
2025-02-02 00:00:00,AA,5,88,-16.0,-8.94,-5.99,-0.99,10.91,362.0
2025-02-02 00:00:00,DL,13,146,-15.0,-5.99,-1.99,4.01,27.94,213.0
2025-02-02 00:00:00,WN,21,147,-16.0,-5.0,0.0,10.07,36.24,129.0
2025-02-02 00:00:00,AA,20,123,-23.0,-5.99,-1.99,4.01,21.12,138.0
2025-02-02 00:00:00,DL,23,25,-15.0,-4.01,0.99,13.07,34.82,145.0
2025-02-02 00:00:00,UA,2,1,-8.0,-8.0,-8.0,-8.0,-8.0,-8.0
2025-02-02 00:00:00,UA,16,126,-15.0,-5.99,-2.97,5.0,32.79,477.0
2025-02-02 00:00:00,DL,16,130,-19.0,-5.99,-1.99,8.94,26.84,343.0
2025-02-02 00:00:00,DL,15,181,-17.0,-5.0,-1.99,8.94,40.05,397.0
2025-02-02 00:00:00,AA,21,82,-13.0,-7.03,-2.97,4.01,16.95,149.0
2025-02-02 00:00:00,WN,9,217,-11.0,-5.0,-2.97,0.0,7.92,210.0
2025-02-02 00:00:00,AA,9,135,-17.0,-5.99,-4.01,-0.99,17.99,537.0
2025-02-02 00:00:00,DL,6,172,-17.0,-8.94,-5.0,-0.99,5.99,208.0
2025-02-02 00:00:00,AA,19,150,-23.0,-7.03,-2.97,4.01,34.13,163.0
2025-02-02 00:00:00,WN,17,219,-14.0,-4.01,0.99,10.91,34.82,128.0
2025-02-02 00:00:00,AA,6,169,-15.0,-7.92,-5.0,-2.97,1.99,325.0
2025-02-02 00:00:00,DL,11,185,-21.0,-7.03,-4.01,0.0,19.11,454.0
2025-02-03 00:00:00,DL,6,183,-16.0,-7.92,-5.0,-1.99,13.87,608.0
2025-02-03 00:00:00,DL,16,130,-17.0,-7.03,-2.97,5.0,37.72,190.0
2025-02-03 00:00:00,AA,1,1,7.0,7.0,7.0,7.0,7.0,7.0
2025-02-03 00:00:00,UA,2,1,8.0,8.0,8.0,8.0,8.0,8.0
2025-02-03 00:00:00,AA,20,85,-14.0,-7.03,-5.0,-0.99,7.03,70.0
2025-02-03 00:00:00,WN,17,195,-13.0,-5.99,-4.01,1.99,17.99,252.0
2025-02-03 00:00:00,AA,21,81,-15.0,-5.99,-4.01,2.97,15.96,102.0
2025-02-03 00:00:00,DL,13,148,-16.0,-5.99,-1.99,12.06,55.15,217.0
2025-02-03 00:00:00,DL,11,186,-15.0,-5.99,-1.99,12.06,47.95,437.0
2025-02-03 00:00:00,AA,9,129,-13.0,-5.99,-4.01,0.99,21.12,1906.0
2025-02-03 00:00:00,WN,9,234,-12.0,-5.0,-1.99,0.99,21.98,162.0
2025-02-03 00:00:00,AA,6,177,-14.0,-7.92,-5.0,-1.99,4.01,173.0
2025-02-03 00:00:00,DL,15,180,-18.0,-5.0,-1.99,7.92,36.24,172.0
2025-02-03 00:00:00,WN,21,15,-10.0,-5.99,-4.01,-1.99,7.03,125.0
2025-02-03 00:00:00,DL,23,24,-14.0,-8.94,-5.0,-0.99,1.99,58.0
2025-02-03 00:00:00,DL,21,85,-14.0,-7.92,-4.01,0.0,15.03,755.0
2025-02-03 00:00:00,UA,16,121,-18.0,-7.03,-4.01,0.0,24.78,103.0
2025-02-03 00:00:00,AA,19,113,-15.0,-5.99,-2.97,5.99,23.81,132.0
2025-02-03 00:00:00,UA,13,132,-19.0,-5.99,-1.99,8.94,39.25,170.0
2025-02-03 00:00:00,AA,5,103,-14.0,-8.94,-5.99,-1.99,4.01,384.0
2025-02-04 00:00:00,UA,16,116,-17.0,-7.92,-5.0,1.99,10.91,340.0
2025-02-04 00:00:00,DL,23,18,-15.0,-10.07,-7.03,-2.97,-0.99,100.0
2025-02-04 00:00:00,WN,9,234,-14.0,-5.99,-4.01,-0.99,4.01,160.0
2025-02-04 00:00:00,DL,11,177,-20.0,-7.92,-5.0,-1.99,8.94,220.0
2025-02-04 00:00:00,UA,2,1,-9.0,-9.0,-9.0,-9.0,-9.0,-9.0
2025-02-04 00:00:00,AA,6,169,-15.0,-8.94,-7.03,-4.01,0.0,939.0
2025-02-04 00:00:00,AA,20,77,-14.0,-7.92,-5.99,-4.01,1.99,56.0
2025-02-04 00:00:00,DL,15,168,-16.0,-7.03,-4.01,0.0,16.95,1091.0
2025-02-04 00:00:00,DL,16,113,-19.0,-7.92,-5.0,-0.99,7.92,72.0
2025-02-04 00:00:00,AA,21,77,-16.0,-7.92,-5.99,-4.01,1.99,24.0
2025-02-04 00:00:00,DL,6,182,-19.0,-10.07,-7.03,-4.01,0.99,971.0
2025-02-04 00:00:00,DL,21,65,-15.0,-7.92,-5.0,-1.99,15.03,489.0
2025-02-04 00:00:00,WN,21,15,-10.0,-7.03,-5.0,-2.97,4.01,105.0
2025-02-04 00:00:00,WN,17,198,-14.0,-7.03,-4.01,-0.99,7.03,118.0
2025-02-04 00:00:00,AA,5,82,-15.0,-10.07,-7.03,-4.01,0.0,131.0
2025-02-04 00:00:00,UA,13,125,-18.0,-7.92,-5.0,0.99,7.92,127.0
2025-02-04 00:00:00,AA,19,102,-20.0,-7.92,-5.0,-0.99,8.94,179.0
2025-02-04 00:00:00,DL,13,137,-21.0,-7.92,-5.99,-0.99,13.07,283.0
2025-02-04 00:00:00,AA,9,125,-14.0,-7.92,-5.0,-1.99,7.03,218.0
2025-02-05 00:00:00,UA,13,127,-14.0,-5.99,-1.99,5.99,30.27,634.0
2025-02-05 00:00:00,DL,15,169,-19.0,-7.03,-4.01,0.0,13.07,139.0
2025-02-05 00:00:00,DL,16,115,-21.0,-7.92,-5.0,-0.99,10.91,376.0
2025-02-05 00:00:00,UA,16,119,-16.0,-5.99,-2.97,5.0,19.89,197.0
2025-02-05 00:00:00,WN,17,198,-12.0,-5.0,-1.99,8.94,40.86,113.0
2025-02-05 00:00:00,AA,19,102,-18.0,-5.99,-2.97,2.97,19.11,1098.0
2025-02-05 00:00:00,DL,6,179,-16.0,-8.94,-5.99,-2.97,2.97,450.0
2025-02-05 00:00:00,AA,20,77,-18.0,-5.99,-4.01,2.97,22.88,516.0
2025-02-05 00:00:00,DL,21,67,-11.0,-7.92,-5.0,0.0,12.06,911.0
2025-02-05 00:00:00,AA,21,78,-15.0,-5.0,-2.97,4.01,29.08,797.0
2025-02-05 00:00:00,WN,21,15,-10.0,-5.99,-2.97,-0.99,2.97,6.0
2025-02-05 00:00:00,DL,23,18,-13.0,-7.92,-5.0,-4.01,5.0,20.0
2025-02-05 00:00:00,UA,2,1,-12.0,-12.0,-12.0,-12.0,-12.0,-12.0
2025-02-05 00:00:00,WN,9,233,-10.0,-5.0,-4.01,-0.99,5.99,132.0
2025-02-05 00:00:00,DL,11,178,-19.0,-7.92,-5.0,-0.99,8.94,121.0
2025-02-05 00:00:00,DL,13,139,-19.0,-7.03,-4.01,0.0,15.96,248.0
2025-02-05 00:00:00,AA,5,80,-16.0,-10.07,-7.03,-4.01,0.0,905.0
2025-02-05 00:00:00,AA,9,128,-13.0,-7.92,-5.0,-2.97,2.97,636.0
2025-02-05 00:00:00,AA,6,168,-15.0,-8.94,-5.99,-2.97,2.97,125.0
2025-02-06 00:00:00,DL,23,25,-15.0,-7.03,-2.97,5.99,13.87,40.0
2025-02-06 00:00:00,AA,5,101,-17.0,-7.92,-5.0,-1.99,10.07,361.0
2025-02-06 00:00:00,DL,16,132,-18.0,-5.0,0.0,15.03,52.99,362.0
2025-02-06 00:00:00,AA,20,124,-17.0,-5.0,-1.99,7.03,36.24,127.0
2025-02-06 00:00:00,DL,21,85,-15.0,-5.99,0.0,19.11,47.95,482.0
2025-02-06 00:00:00,AA,21,79,-19.0,-5.99,-2.97,5.0,34.13,628.0
2025-02-06 00:00:00,WN,21,147,-11.0,-5.99,-2.97,5.99,29.08,162.0
2025-02-06 00:00:00,UA,2,1,1.0,1.0,1.0,1.0,1.0,1.0
2025-02-06 00:00:00,UA,16,122,-15.0,-5.0,0.0,13.07,74.45,359.0
2025-02-06 00:00:00,AA,19,147,-14.0,-5.99,-1.99,10.07,47.0,201.0
2025-02-06 00:00:00,WN,17,221,-14.0,-4.01,0.0,7.03,26.84,244.0
2025-02-06 00:00:00,AA,6,158,-15.0,-7.03,-4.01,-0.99,10.07,646.0
2025-02-06 00:00:00,UA,13,131,-17.0,-5.0,0.0,26.84,82.28,252.0
2025-02-06 00:00:00,AA,9,118,-10.0,-5.99,-2.97,2.97,34.82,729.0
2025-02-06 00:00:00,DL,15,178,-15.0,-5.0,2.97,23.81,58.56,387.0
2025-02-06 00:00:00,WN,9,216,-11.0,-4.01,-0.99,7.92,26.84,120.0
2025-02-06 00:00:00,DL,11,187,-15.0,-5.0,-0.99,21.12,46.07,446.0
2025-02-06 00:00:00,DL,13,146,-19.0,-5.0,-0.99,17.99,47.95,211.0
2025-02-06 00:00:00,DL,6,182,-23.0,-7.92,-4.01,0.0,15.03,986.0
2025-02-07 00:00:00,AA,9,128,-13.0,-5.99,-4.01,0.0,13.07,274.0
2025-02-07 00:00:00,WN,21,146,-15.0,-5.99,-1.99,5.99,17.99,118.0
2025-02-07 00:00:00,AA,1,1,6.0,6.0,6.0,6.0,6.0,6.0
2025-02-07 00:00:00,DL,6,184,-16.0,-7.03,-4.01,0.0,5.99,443.0
2025-02-07 00:00:00,AA,20,86,-20.0,-7.03,-4.01,1.99,10.91,81.0
2025-02-07 00:00:00,DL,23,24,-10.0,-7.03,-1.99,7.03,16.95,39.0
2025-02-07 00:00:00,AA,5,103,-12.0,-7.03,-5.0,-2.97,0.0,55.0
2025-02-07 00:00:00,AA,6,177,-12.0,-7.03,-4.01,-1.99,1.99,1675.0
2025-02-07 00:00:00,DL,21,86,-19.0,-7.03,-4.01,0.0,10.91,116.0
2025-02-07 00:00:00,UA,2,1,-11.0,-11.0,-11.0,-11.0,-11.0,-11.0
2025-02-07 00:00:00,AA,21,83,-11.0,-5.99,-2.97,-0.99,27.94,165.0
2025-02-07 00:00:00,WN,9,215,-12.0,-5.0,-1.99,1.99,12.06,64.0
2025-02-07 00:00:00,UA,16,128,-18.0,-7.03,-2.97,0.0,23.81,144.0
2025-02-07 00:00:00,DL,11,187,-15.0,-7.03,-2.97,1.99,19.11,402.0
2025-02-07 00:00:00,WN,17,225,-12.0,-5.0,-0.99,10.07,32.79,132.0
2025-02-07 00:00:00,AA,19,114,-17.0,-5.99,-4.01,2.97,17.99,91.0
2025-02-07 00:00:00,DL,13,147,-15.0,-5.99,-1.99,7.92,37.72,271.0
2025-02-07 00:00:00,DL,15,180,-16.0,-5.99,-2.97,5.0,21.98,142.0
2025-02-07 00:00:00,DL,16,134,-14.0,-5.99,-2.97,4.01,23.81,124.0
2025-02-07 00:00:00,UA,13,135,-18.0,-5.99,-2.97,0.99,13.07,382.0
2025-02-08 00:00:00,UA,2,1,-10.0,-10.0,-10.0,-10.0,-10.0,-10.0
2025-02-08 00:00:00,DL,11,170,-15.0,-5.99,-2.97,5.0,22.88,260.0
2025-02-08 00:00:00,AA,6,166,-16.0,-7.03,-5.0,-1.99,5.0,324.0
2025-02-08 00:00:00,DL,6,172,-23.0,-8.94,-5.99,-1.99,2.97,280.0
2025-02-08 00:00:00,WN,21,3,-9.0,-8.94,-5.0,-5.0,-5.0,-3.0
2025-02-08 00:00:00,AA,9,117,-14.0,-5.99,-2.97,0.99,19.11,1324.0
2025-02-08 00:00:00,WN,9,219,-12.0,-5.99,-2.97,-0.99,5.0,64.0
2025-02-08 00:00:00,DL,13,128,-16.0,-7.92,-5.0,0.0,19.11,372.0
2025-02-08 00:00:00,UA,13,121,-17.0,-7.03,-4.01,2.97,15.03,98.0
2025-02-08 00:00:00,DL,15,138,-19.0,-7.03,-4.01,4.01,21.98,167.0
2025-02-08 00:00:00,DL,16,103,-19.0,-7.92,-5.0,0.0,7.03,194.0
2025-02-08 00:00:00,UA,16,109,-18.0,-8.94,-4.01,0.99,15.96,266.0
2025-02-08 00:00:00,AA,5,82,-13.0,-7.03,-4.01,-1.99,2.97,241.0
2025-02-08 00:00:00,WN,17,188,-15.0,-5.99,-1.99,5.99,23.81,107.0
2025-02-08 00:00:00,AA,19,81,-12.0,-5.99,-2.97,4.01,25.79,729.0
2025-02-08 00:00:00,DL,23,19,-10.0,-5.99,-0.99,5.99,15.03,32.0
2025-02-08 00:00:00,AA,20,70,-16.0,-5.99,-4.01,2.97,32.14,130.0
2025-02-08 00:00:00,AA,21,71,-11.0,-5.99,-4.01,0.0,10.07,111.0
2025-02-08 00:00:00,DL,21,64,-23.0,-7.03,-2.97,4.01,22.88,589.0
2025-02-09 00:00:00,AA,19,150,-17.0,-5.99,-4.01,5.0,45.15,1455.0
2025-02-09 00:00:00,DL,16,102,-20.0,-5.99,-4.01,0.0,21.12,155.0
2025-02-09 00:00:00,DL,15,150,-15.0,-5.99,-0.99,13.07,40.05,312.0
2025-02-09 00:00:00,UA,2,1,-7.0,-7.0,-7.0,-7.0,-7.0,-7.0
2025-02-09 00:00:00,AA,20,122,-13.0,-5.0,-1.99,8.94,25.79,510.0
2025-02-09 00:00:00,DL,21,73,-17.0,-7.92,-5.0,0.99,10.07,35.0
2025-02-09 00:00:00,WN,17,187,-13.0,-5.0,-1.99,4.01,19.11,81.0
2025-02-09 00:00:00,DL,23,20,-11.0,-7.92,-4.01,2.97,16.95,82.0
2025-02-09 00:00:00,AA,21,84,-10.0,-4.01,-1.99,5.99,47.95,159.0
2025-02-09 00:00:00,WN,21,14,-10.0,-7.03,-4.01,0.0,15.03,64.0
2025-02-09 00:00:00,DL,13,135,-15.0,-5.99,0.0,10.91,24.78,632.0
2025-02-09 00:00:00,AA,6,153,-13.0,-7.92,-5.99,-2.97,5.0,911.0
2025-02-09 00:00:00,UA,16,125,-14.0,-5.99,-1.99,5.99,21.12,173.0
2025-02-09 00:00:00,UA,13,130,-13.0,-5.99,-1.99,7.03,45.15,521.0
2025-02-09 00:00:00,DL,6,164,-20.0,-8.94,-4.01,0.0,10.07,376.0
2025-02-09 00:00:00,WN,9,233,-13.0,-5.0,-2.97,0.0,5.0,86.0
2025-02-09 00:00:00,DL,11,173,-19.0,-5.0,-0.99,21.12,47.95,248.0
2025-02-09 00:00:00,AA,9,121,-12.0,-5.99,-2.97,2.97,30.88,756.0
2025-02-09 00:00:00,AA,5,79,-14.0,-7.92,-5.99,-2.97,13.87,376.0
2025-02-10 00:00:00,DL,13,148,-16.0,-5.99,-2.97,0.99,15.96,300.0
2025-02-10 00:00:00,UA,13,134,-14.0,-7.03,-4.01,0.0,29.08,154.0
2025-02-10 00:00:00,DL,15,178,-15.0,-5.0,-1.99,4.01,30.88,285.0
2025-02-10 00:00:00,DL,16,136,-21.0,-7.03,-4.01,0.0,13.07,180.0
2025-02-10 00:00:00,AA,19,113,-21.0,-5.0,-1.99,5.0,30.88,137.0
2025-02-10 00:00:00,AA,5,105,-13.0,-7.92,-5.0,-0.99,1.99,307.0
2025-02-10 00:00:00,AA,1,1,-2.0,-2.0,-2.0,-2.0,-2.0,-2.0
2025-02-10 00:00:00,AA,6,178,-15.0,-7.03,-5.0,-1.99,7.03,261.0
2025-02-10 00:00:00,UA,16,123,-14.0,-5.99,-2.97,5.0,30.88,276.0
2025-02-10 00:00:00,DL,6,189,-18.0,-7.03,-2.97,0.99,7.03,434.0
2025-02-10 00:00:00,UA,2,3,-8.0,-7.92,-7.92,-7.92,-7.92,38.0
2025-02-10 00:00:00,WN,9,220,-10.0,-4.01,0.0,7.92,22.88,267.0
2025-02-10 00:00:00,DL,11,187,-13.0,-5.99,-1.99,0.99,19.89,317.0
2025-02-10 00:00:00,AA,21,79,-13.0,-4.01,-0.99,5.99,23.81,255.0
2025-02-10 00:00:00,AA,9,129,-16.0,-5.0,-2.97,0.99,26.84,117.0
2025-02-10 00:00:00,WN,17,226,-14.0,-4.01,0.99,15.03,40.05,246.0
2025-02-10 00:00:00,DL,23,25,-13.0,-7.92,-5.99,0.99,5.0,50.0
2025-02-10 00:00:00,WN,21,147,-12.0,-5.0,-0.99,13.87,30.27,141.0
2025-02-10 00:00:00,DL,21,87,-19.0,-5.99,-4.01,1.99,21.12,57.0
2025-02-10 00:00:00,AA,20,87,-17.0,-5.0,-2.97,0.0,10.91,85.0
2025-02-11 00:00:00,DL,11,176,-17.0,-7.03,-2.97,1.99,17.99,125.0
2025-02-11 00:00:00,DL,16,113,-19.0,-5.99,-2.97,5.0,19.11,147.0
2025-02-11 00:00:00,UA,16,114,-20.0,-5.0,0.99,15.96,70.11,315.0
2025-02-11 00:00:00,WN,17,194,-10.0,-2.97,5.99,25.79,71.53,319.0
2025-02-11 00:00:00,AA,19,91,-15.0,-5.99,-2.97,10.07,34.13,795.0
2025-02-11 00:00:00,AA,20,75,-11.0,-5.0,-1.99,13.07,40.86,517.0
2025-02-11 00:00:00,DL,21,64,-16.0,-5.99,-2.97,17.99,34.82,125.0
2025-02-11 00:00:00,WN,21,14,-8.0,64.72,94.64,127.75,165.69,309.0
2025-02-11 00:00:00,AA,21,73,-15.0,-5.99,-2.97,5.99,16.95,482.0
2025-02-11 00:00:00,DL,23,18,-17.0,-10.07,-7.92,-1.99,5.0,10.0
2025-02-11 00:00:00,DL,13,137,-16.0,-7.03,-1.99,5.99,19.11,252.0
2025-02-11 00:00:00,UA,13,125,-21.0,-7.92,-2.97,7.92,44.26,136.0
2025-02-11 00:00:00,DL,15,169,-21.0,-5.99,-2.97,4.01,19.11,81.0
2025-02-11 00:00:00,DL,6,183,-17.0,-8.94,-5.99,-2.97,4.01,947.0
2025-02-11 00:00:00,UA,2,1,-10.0,-10.0,-10.0,-10.0,-10.0,-10.0
2025-02-11 00:00:00,WN,9,233,-11.0,-5.0,-2.97,0.0,10.07,137.0
2025-02-11 00:00:00,AA,9,126,-16.0,-7.92,-5.0,-1.99,7.03,345.0
2025-02-11 00:00:00,AA,5,82,-17.0,-10.07,-7.03,-4.01,0.0,50.0
2025-02-11 00:00:00,AA,6,171,-15.0,-7.92,-5.99,-2.97,0.99,1489.0
2025-02-12 00:00:00,DL,11,176,-18.0,-4.01,0.99,19.11,46.07,116.0
2025-02-12 00:00:00,AA,19,104,-12.0,-5.0,-0.99,13.87,55.15,278.0
2025-02-12 00:00:00,UA,2,1,-5.0,-5.0,-5.0,-5.0,-5.0,-5.0
2025-02-12 00:00:00,AA,5,77,-12.0,-5.99,-4.01,0.0,19.89,530.0
2025-02-12 00:00:00,AA,6,164,-14.0,-7.03,-4.01,0.0,8.94,579.0
2025-02-12 00:00:00,DL,6,178,-14.0,-7.03,-4.01,-0.99,7.92,290.0
2025-02-12 00:00:00,AA,20,78,-12.0,-2.97,10.07,30.88,83.94,560.0
2025-02-12 00:00:00,WN,9,227,-12.0,-5.0,-0.99,7.03,23.81,131.0
2025-02-12 00:00:00,AA,9,128,-14.0,-5.0,-2.97,4.01,34.82,655.0
2025-02-12 00:00:00,WN,21,14,-10.0,0.0,10.91,19.89,36.97,93.0
2025-02-12 00:00:00,DL,23,20,-8.0,-5.0,-2.97,4.01,10.91,94.0
2025-02-12 00:00:00,DL,15,169,-15.0,-2.97,2.97,23.81,56.27,185.0
2025-02-12 00:00:00,AA,21,76,-14.0,-5.0,-0.99,13.87,26.84,64.0
2025-02-12 00:00:00,DL,21,67,-15.0,-2.97,10.91,44.26,113.31,921.0
2025-02-12 00:00:00,DL,13,140,-16.0,-4.01,0.99,19.89,43.38,221.0
2025-02-12 00:00:00,WN,17,196,-12.0,-2.97,5.0,26.84,48.91,185.0
2025-02-12 00:00:00,UA,16,118,-15.0,-2.97,5.99,25.79,100.49,259.0
2025-02-12 00:00:00,UA,13,128,-14.0,-2.97,1.99,21.12,48.91,567.0
2025-02-12 00:00:00,DL,16,114,-14.0,-2.97,1.99,22.88,57.4,362.0
2025-02-13 00:00:00,DL,6,186,-16.0,-7.03,-2.97,0.99,21.98,626.0
2025-02-13 00:00:00,WN,9,216,-10.0,-2.97,1.99,13.07,52.99,206.0
2025-02-13 00:00:00,UA,16,140,-15.0,-0.99,10.91,56.27,146.95,425.0
2025-02-13 00:00:00,AA,9,128,-14.0,-5.0,-1.99,7.92,37.72,172.0
2025-02-13 00:00:00,DL,16,141,-8.0,0.0,10.91,36.24,82.28,257.0
2025-02-13 00:00:00,DL,11,188,-12.0,-1.99,5.99,30.88,80.65,299.0
2025-02-13 00:00:00,DL,13,144,-13.0,-0.99,13.87,43.38,94.64,231.0
2025-02-13 00:00:00,UA,13,142,-10.0,-1.99,7.92,47.0,125.22,477.0
2025-02-13 00:00:00,DL,15,186,-15.0,-0.99,15.03,46.07,104.6,429.0
2025-02-13 00:00:00,WN,17,226,-9.0,1.99,19.89,63.44,172.45,337.0
2025-02-13 00:00:00,AA,20,127,-10.0,-0.99,19.11,50.91,127.75,880.0
2025-02-13 00:00:00,UA,2,1,-10.0,-10.0,-10.0,-10.0,-10.0,-10.0
2025-02-13 00:00:00,AA,21,93,-9.0,-1.99,10.91,40.05,80.65,573.0
2025-02-13 00:00:00,DL,21,95,-16.0,-0.99,8.94,37.72,80.65,283.0
2025-02-13 00:00:00,DL,23,26,-8.0,2.97,12.06,41.68,94.64,185.0
2025-02-13 00:00:00,WN,21,129,-9.0,10.91,29.08,79.05,165.69,289.0
2025-02-13 00:00:00,AA,19,160,-13.0,0.0,17.99,63.44,152.95,869.0
2025-02-13 00:00:00,AA,6,171,-14.0,-5.99,-4.01,-0.99,5.0,1857.0
2025-02-13 00:00:00,AA,5,104,-12.0,-7.03,-4.01,-0.99,5.99,1144.0
2025-02-14 00:00:00,WN,9,217,-13.0,-2.97,0.0,7.92,26.84,184.0
2025-02-14 00:00:00,AA,9,132,-10.0,-5.0,-2.97,1.99,16.95,356.0
2025-02-14 00:00:00,AA,19,162,-12.0,-5.0,0.0,24.78,59.75,657.0
2025-02-14 00:00:00,UA,13,142,-14.0,-4.01,-0.99,8.94,36.97,400.0
2025-02-14 00:00:00,DL,15,185,-13.0,-2.97,5.99,36.24,66.03,387.0
2025-02-14 00:00:00,DL,16,142,-16.0,-2.97,10.07,34.13,71.53,1118.0
2025-02-14 00:00:00,UA,16,144,-15.0,-4.01,-0.99,7.03,34.82,360.0
2025-02-14 00:00:00,DL,6,190,-14.0,-5.99,-2.97,0.99,13.87,297.0
2025-02-14 00:00:00,UA,2,1,7.0,7.0,7.0,7.0,7.0,7.0
2025-02-14 00:00:00,AA,20,127,-12.0,-2.97,8.94,43.38,94.64,1017.0
2025-02-14 00:00:00,WN,21,142,-13.0,-2.97,13.87,36.24,72.97,166.0
2025-02-14 00:00:00,AA,21,94,-14.0,-5.0,-0.99,13.07,58.56,511.0
2025-02-14 00:00:00,DL,21,96,-10.0,-2.97,7.92,26.84,68.72,532.0
2025-02-14 00:00:00,DL,23,25,-7.0,-2.97,4.01,13.07,41.68,801.0
2025-02-14 00:00:00,DL,13,147,-16.0,-4.01,7.03,41.68,89.13,442.0
2025-02-14 00:00:00,AA,5,102,-11.0,-5.0,-2.97,0.0,15.96,368.0
2025-02-14 00:00:00,DL,11,188,-12.0,-4.01,2.97,27.94,80.65,282.0
2025-02-14 00:00:00,AA,6,188,-14.0,-5.99,-4.01,0.0,13.87,383.0
2025-02-14 00:00:00,WN,17,237,-12.0,-0.99,8.94,26.84,64.72,230.0
2025-02-15 00:00:00,DL,21,62,-14.0,-4.01,0.0,13.07,57.4,669.0
2025-02-15 00:00:00,AA,9,119,-11.0,-4.01,-1.99,7.92,40.86,267.0
2025-02-15 00:00:00,AA,5,82,-11.0,-5.99,-2.97,1.99,12.06,939.0
2025-02-15 00:00:00,DL,6,171,-13.0,-7.03,-2.97,2.97,21.12,259.0
2025-02-15 00:00:00,UA,2,1,-6.0,-6.0,-6.0,-6.0,-6.0,-6.0
2025-02-15 00:00:00,AA,6,168,-12.0,-5.99,-2.97,0.0,21.12,244.0
2025-02-15 00:00:00,AA,19,108,-13.0,-4.01,7.03,39.25,85.64,617.0
2025-02-15 00:00:00,DL,23,19,-11.0,-4.01,1.99,23.81,36.97,83.0
2025-02-15 00:00:00,AA,20,104,-10.0,-4.01,1.99,32.79,52.99,709.0
2025-02-15 00:00:00,AA,21,74,-11.0,-1.99,5.99,27.94,60.95,622.0
2025-02-15 00:00:00,WN,21,105,-15.0,1.99,21.12,49.9,89.13,132.0
2025-02-15 00:00:00,DL,11,159,-15.0,-2.97,2.97,24.78,47.95,147.0
2025-02-15 00:00:00,UA,16,121,-16.0,-2.97,5.99,36.24,156.04,904.0
2025-02-15 00:00:00,WN,17,216,-15.0,-2.97,5.99,29.08,80.65,206.0
2025-02-15 00:00:00,DL,16,106,-17.0,-0.99,15.96,44.26,71.53,950.0
2025-02-15 00:00:00,DL,15,146,-20.0,-2.97,7.03,39.25,94.64,1094.0
2025-02-15 00:00:00,DL,13,126,-17.0,-2.97,1.99,36.24,104.6,235.0
2025-02-15 00:00:00,WN,9,189,-11.0,-4.01,0.0,8.94,22.88,348.0
2025-02-15 00:00:00,UA,13,123,-15.0,-4.01,0.0,17.99,71.53,406.0
2025-02-16 00:00:00,DL,6,167,-14.0,-7.03,-2.97,7.03,146.95,490.0
2025-02-16 00:00:00,DL,16,107,-11.0,1.99,27.94,96.55,162.41,1120.0
2025-02-16 00:00:00,UA,13,137,-13.0,-2.97,5.0,40.86,117.93,378.0
2025-02-16 00:00:00,UA,16,138,-12.0,-0.99,19.11,98.5,172.45,375.0
2025-02-16 00:00:00,DL,13,133,-12.0,0.0,22.88,74.45,135.65,716.0
2025-02-16 00:00:00,DL,15,147,-13.0,2.97,30.88,82.28,202.38,365.0
2025-02-16 00:00:00,UA,2,1,49.0,49.0,49.0,49.0,49.0,49.0
2025-02-16 00:00:00,AA,6,176,-15.0,-7.92,-4.01,0.99,44.26,482.0
2025-02-16 00:00:00,AA,19,152,-13.0,-1.99,12.06,50.91,108.86,1166.0
2025-02-16 00:00:00,DL,11,169,-13.0,-0.99,30.27,80.65,135.65,428.0
2025-02-16 00:00:00,DL,21,74,-9.0,-4.01,8.94,64.72,111.06,668.0
2025-02-16 00:00:00,WN,21,139,-11.0,-1.99,16.95,56.27,115.6,315.0
2025-02-16 00:00:00,WN,17,237,-12.0,-0.99,8.94,52.99,125.22,317.0
2025-02-16 00:00:00,AA,9,123,-12.0,-4.01,0.0,23.81,71.53,450.0
2025-02-16 00:00:00,AA,5,100,-14.0,-7.92,-4.01,-0.99,36.24,987.0
2025-02-16 00:00:00,DL,23,17,-12.0,-4.01,-0.99,7.92,48.91,929.0
2025-02-16 00:00:00,AA,21,91,-9.0,0.0,17.99,54.06,122.75,1050.0
2025-02-16 00:00:00,AA,20,121,-12.0,-0.99,15.03,41.68,96.55,610.0
2025-02-16 00:00:00,WN,9,211,-15.0,-5.0,-0.99,12.06,34.82,244.0
2025-02-17 00:00:00,DL,13,145,-14.0,-4.01,2.97,36.24,77.49,374.0
2025-02-17 00:00:00,DL,15,180,-12.0,0.0,16.95,57.4,111.06,305.0
2025-02-17 00:00:00,DL,16,145,-9.0,0.99,16.95,71.53,135.65,822.0
2025-02-17 00:00:00,UA,16,144,-11.0,-2.97,7.92,34.82,94.64,311.0
2025-02-17 00:00:00,WN,17,242,-12.0,5.0,21.98,54.06,90.93,290.0
2025-02-17 00:00:00,AA,19,163,-13.0,-2.97,12.06,43.38,94.64,680.0
2025-02-17 00:00:00,AA,20,124,-14.0,-0.99,13.87,40.05,92.77,2273.0
2025-02-17 00:00:00,AA,21,93,-11.0,-2.97,8.94,36.24,90.93,1272.0
2025-02-17 00:00:00,DL,21,94,-13.0,-0.99,13.87,46.07,92.77,580.0
2025-02-17 00:00:00,WN,21,142,-13.0,13.07,32.79,80.65,117.93,222.0
2025-02-17 00:00:00,DL,23,26,-12.0,0.0,7.92,34.13,56.27,142.0
2025-02-17 00:00:00,AA,6,184,-13.0,-5.0,-2.97,0.0,16.95,1671.0
2025-02-17 00:00:00,WN,9,217,-11.0,-2.97,0.0,10.07,32.14,427.0
2025-02-17 00:00:00,AA,5,94,-12.0,-5.99,-4.01,-0.99,0.99,1500.0
2025-02-17 00:00:00,UA,13,144,-11.0,-2.97,2.97,24.78,60.95,183.0
2025-02-17 00:00:00,DL,6,182,-14.0,-4.01,-0.99,7.92,32.79,925.0
2025-02-17 00:00:00,DL,11,189,-16.0,-2.97,5.99,30.88,70.11,395.0
2025-02-17 00:00:00,AA,9,129,-10.0,-4.01,-1.99,2.97,30.27,171.0
2025-02-17 00:00:00,UA,2,1,74.0,74.0,74.0,74.0,74.0,74.0
2025-02-18 00:00:00,DL,15,178,-14.0,-4.01,0.99,16.95,52.99,230.0
2025-02-18 00:00:00,DL,21,66,-13.0,-5.0,-0.99,10.07,23.81,94.0
2025-02-18 00:00:00,AA,9,134,-10.0,-4.01,-0.99,1.99,19.11,227.0
2025-02-18 00:00:00,AA,5,83,-15.0,-7.03,-4.01,0.0,19.89,118.0
2025-02-18 00:00:00,AA,21,63,-18.0,-5.0,1.99,16.95,56.27,564.0
2025-02-18 00:00:00,WN,21,143,-11.0,-0.99,10.07,26.84,49.9,158.0
2025-02-18 00:00:00,AA,6,180,-11.0,-5.99,-2.97,0.0,29.08,548.0
2025-02-18 00:00:00,DL,6,183,-16.0,-5.0,-1.99,4.01,34.13,347.0
2025-02-18 00:00:00,DL,23,20,-11.0,-8.94,-4.01,4.01,12.06,16.0
2025-02-18 00:00:00,DL,16,122,-14.0,-5.0,-0.99,10.91,50.91,159.0
2025-02-18 00:00:00,UA,16,133,-15.0,-5.99,-1.99,7.03,27.94,243.0
2025-02-18 00:00:00,WN,17,222,-11.0,-1.99,5.0,21.12,49.9,203.0
2025-02-18 00:00:00,AA,19,107,-13.0,-4.01,0.99,23.81,54.06,596.0
2025-02-18 00:00:00,WN,9,216,-10.0,-2.97,0.0,7.92,24.78,254.0
2025-02-18 00:00:00,DL,13,142,-12.0,-4.01,1.99,15.96,45.15,170.0
2025-02-18 00:00:00,UA,2,1,-5.0,-5.0,-5.0,-5.0,-5.0,-5.0
2025-02-18 00:00:00,UA,13,139,-17.0,-5.0,-0.99,7.92,29.08,165.0
2025-02-18 00:00:00,AA,20,93,-14.0,-4.01,0.0,17.99,48.91,610.0
2025-02-18 00:00:00,DL,11,185,-15.0,-2.97,4.01,25.79,50.91,483.0
2025-02-19 00:00:00,DL,21,69,-15.0,-5.0,0.0,16.95,36.97,1062.0
2025-02-19 00:00:00,DL,6,182,-18.0,-7.03,-4.01,0.0,13.87,1049.0
2025-02-19 00:00:00,AA,5,72,-13.0,-5.99,-2.97,4.01,30.27,610.0
2025-02-19 00:00:00,AA,6,167,-13.0,-7.03,-4.01,-0.99,16.95,220.0
2025-02-19 00:00:00,AA,9,121,-13.0,-4.01,-0.99,12.06,34.82,1986.0
2025-02-19 00:00:00,WN,9,230,-13.0,-4.01,-0.99,2.97,15.03,147.0
2025-02-19 00:00:00,DL,11,184,-14.0,-4.01,0.0,19.11,52.99,241.0
2025-02-19 00:00:00,DL,13,142,-16.0,-4.01,0.0,21.98,70.11,231.0
2025-02-19 00:00:00,UA,13,143,-12.0,-5.99,-1.99,5.0,23.81,333.0
2025-02-19 00:00:00,DL,15,181,-13.0,-2.97,1.99,19.89,49.9,219.0
2025-02-19 00:00:00,DL,16,119,-14.0,-4.01,1.99,13.87,44.26,235.0
2025-02-19 00:00:00,UA,16,134,-12.0,-5.99,-1.99,2.97,23.81,407.0
2025-02-19 00:00:00,WN,17,198,-14.0,-2.97,5.0,21.12,40.86,154.0
2025-02-19 00:00:00,AA,19,117,-11.0,-1.99,17.99,57.4,108.86,692.0
2025-02-19 00:00:00,AA,20,108,-18.0,-0.99,15.03,54.06,87.37,746.0
2025-02-19 00:00:00,AA,21,78,-10.0,-1.99,16.95,56.27,89.13,613.0
2025-02-19 00:00:00,DL,23,20,-18.0,-4.01,-1.99,10.91,37.72,73.0
2025-02-19 00:00:00,UA,2,1,-10.0,-10.0,-10.0,-10.0,-10.0,-10.0
2025-02-19 00:00:00,WN,21,16,-5.0,-2.97,7.03,13.87,26.84,141.0
2025-02-20 00:00:00,AA,21,93,-11.0,-1.99,7.03,43.38,67.36,643.0
2025-02-20 00:00:00,AA,19,161,-15.0,-2.97,5.0,40.86,96.55,735.0
2025-02-20 00:00:00,DL,21,95,-10.0,-1.99,5.0,25.79,58.56,143.0
2025-02-20 00:00:00,WN,21,146,-10.0,-2.97,5.0,24.78,46.07,172.0
2025-02-20 00:00:00,AA,20,125,-13.0,-2.97,2.97,36.97,77.49,895.0
2025-02-20 00:00:00,DL,15,186,-15.0,-4.01,5.99,25.79,52.99,219.0
2025-02-20 00:00:00,DL,16,141,-14.0,-1.99,10.91,30.27,44.26,377.0
2025-02-20 00:00:00,DL,23,25,-10.0,-5.0,0.99,13.87,21.98,47.0
2025-02-20 00:00:00,UA,16,141,-13.0,-5.99,-1.99,7.92,51.94,169.0
2025-02-20 00:00:00,WN,17,222,-9.0,-1.99,5.99,23.81,50.91,246.0
2025-02-20 00:00:00,DL,11,189,-16.0,-5.0,0.0,19.11,51.94,418.0
2025-02-20 00:00:00,AA,5,93,-11.0,-7.03,-4.01,0.0,10.07,149.0
2025-02-20 00:00:00,DL,13,146,-11.0,-4.01,2.97,26.84,47.95,378.0
2025-02-20 00:00:00,UA,2,1,-10.0,-10.0,-10.0,-10.0,-10.0,-10.0
2025-02-20 00:00:00,UA,13,144,-12.0,-5.99,-1.99,7.92,40.05,132.0
2025-02-20 00:00:00,WN,9,217,-12.0,-4.01,0.0,12.06,32.14,209.0
2025-02-20 00:00:00,AA,6,172,-12.0,-7.03,-5.0,-0.99,19.11,321.0
2025-02-20 00:00:00,DL,6,184,-17.0,-7.03,-4.01,0.0,12.06,396.0
2025-02-20 00:00:00,AA,9,117,-11.0,-4.01,0.0,13.07,55.15,133.0
2025-02-21 00:00:00,DL,21,95,-19.0,-5.99,-2.97,7.92,30.88,110.0
2025-02-21 00:00:00,UA,13,144,-14.0,-5.99,-2.97,0.0,8.94,160.0
2025-02-21 00:00:00,WN,21,140,-15.0,-7.03,-2.97,4.01,29.08,84.0
2025-02-21 00:00:00,DL,23,25,-15.0,-5.99,0.0,7.92,27.94,125.0
2025-02-21 00:00:00,AA,21,92,-12.0,-5.0,0.0,15.03,58.56,706.0
2025-02-21 00:00:00,AA,5,103,-13.0,-7.03,-4.01,0.0,8.94,3092.0
2025-02-21 00:00:00,WN,17,241,-13.0,-4.01,0.99,13.87,30.27,141.0
2025-02-21 00:00:00,DL,13,147,-14.0,-5.99,-1.99,7.03,37.72,261.0
2025-02-21 00:00:00,AA,19,162,-17.0,-7.03,-1.99,8.94,45.15,318.0
2025-02-21 00:00:00,DL,15,184,-15.0,-5.99,-0.99,13.87,43.38,164.0
2025-02-21 00:00:00,AA,20,127,-13.0,-5.0,-0.99,13.07,45.15,126.0
2025-02-21 00:00:00,UA,16,144,-15.0,-5.99,-2.97,2.97,22.88,184.0
2025-02-21 00:00:00,DL,16,142,-13.0,-5.0,0.0,12.06,27.94,417.0
2025-02-21 00:00:00,UA,2,1,15.0,15.0,15.0,15.0,15.0,15.0
2025-02-21 00:00:00,WN,9,217,-10.0,-4.01,-0.99,7.03,22.88,222.0
2025-02-21 00:00:00,DL,11,189,-17.0,-5.99,-1.99,5.0,24.78,1086.0
2025-02-21 00:00:00,AA,9,131,-14.0,-5.0,-1.99,2.97,24.78,185.0
2025-02-21 00:00:00,AA,6,188,-13.0,-7.03,-4.01,0.0,19.89,657.0
2025-02-21 00:00:00,DL,6,187,-13.0,-5.99,-2.97,0.0,12.06,451.0
2025-02-22 00:00:00,AA,19,111,-19.0,-5.99,-1.99,10.91,50.91,114.0
2025-02-22 00:00:00,DL,15,151,-16.0,-7.03,-2.97,2.97,21.98,359.0
2025-02-22 00:00:00,DL,21,62,-17.0,-7.03,-5.0,-1.99,13.87,155.0
2025-02-22 00:00:00,AA,20,108,-13.0,-5.0,-1.99,10.07,32.79,151.0
2025-02-22 00:00:00,DL,11,169,-15.0,-5.99,-2.97,1.99,17.99,117.0
2025-02-22 00:00:00,WN,21,105,-12.0,-4.01,2.97,12.06,23.81,82.0
2025-02-22 00:00:00,AA,21,76,-14.0,-4.01,0.99,15.03,30.88,98.0
2025-02-22 00:00:00,DL,16,104,-19.0,-5.99,-1.99,1.99,21.98,846.0
2025-02-22 00:00:00,AA,6,167,-13.0,-7.03,-4.01,0.0,10.91,272.0
2025-02-22 00:00:00,UA,16,120,-15.0,-7.03,-2.97,1.99,15.03,132.0
2025-02-22 00:00:00,WN,17,216,-15.0,-5.0,-0.99,10.91,37.72,161.0
2025-02-22 00:00:00,UA,13,124,-13.0,-5.99,-4.01,0.0,8.94,130.0
2025-02-22 00:00:00,DL,13,126,-13.0,-7.03,-4.01,2.97,26.84,136.0
2025-02-22 00:00:00,DL,23,19,-15.0,-7.92,-5.0,0.99,13.07,70.0
2025-02-22 00:00:00,UA,2,1,-4.0,-4.0,-4.0,-4.0,-4.0,-4.0
2025-02-22 00:00:00,WN,9,190,-12.0,-5.0,-1.99,0.99,10.91,103.0
2025-02-22 00:00:00,AA,5,82,-17.0,-7.03,-4.01,-1.99,7.03,132.0
2025-02-22 00:00:00,AA,9,117,-12.0,-5.0,-2.97,2.97,30.27,733.0
2025-02-22 00:00:00,DL,6,172,-16.0,-5.99,-4.01,0.99,13.87,211.0
2025-02-23 00:00:00,DL,23,26,-11.0,-7.03,-5.0,0.0,16.95,839.0
2025-02-23 00:00:00,WN,9,219,-12.0,-5.0,-1.99,0.99,7.92,119.0
2025-02-23 00:00:00,UA,13,144,-17.0,-5.0,-1.99,5.0,21.98,184.0
2025-02-23 00:00:00,DL,15,183,-15.0,-5.99,-2.97,1.99,15.96,183.0
2025-02-23 00:00:00,UA,16,139,-12.0,-5.0,-1.99,7.03,21.98,225.0
2025-02-23 00:00:00,WN,21,140,-15.0,-5.0,-0.99,7.92,19.11,132.0
2025-02-23 00:00:00,DL,16,143,-13.0,-5.99,-2.97,1.99,13.87,62.0
2025-02-23 00:00:00,DL,13,145,-18.0,-7.03,-2.97,5.0,22.88,1117.0
2025-02-23 00:00:00,AA,5,102,-17.0,-8.94,-7.03,-4.01,0.0,69.0
2025-02-23 00:00:00,AA,6,183,-13.0,-7.92,-5.0,-2.97,1.99,452.0
2025-02-23 00:00:00,DL,21,95,-14.0,-5.99,-1.99,5.99,26.84,200.0
2025-02-23 00:00:00,WN,17,242,-9.0,-1.99,2.97,12.06,22.88,144.0
2025-02-23 00:00:00,AA,21,93,-9.0,-4.01,-0.99,16.95,43.38,173.0
2025-02-23 00:00:00,UA,2,1,-8.0,-8.0,-8.0,-8.0,-8.0,-8.0
2025-02-23 00:00:00,AA,20,127,-16.0,-4.01,5.0,21.12,49.9,589.0
2025-02-23 00:00:00,DL,11,188,-18.0,-7.03,-4.01,0.99,12.06,95.0
2025-02-23 00:00:00,AA,9,134,-11.0,-5.99,-4.01,0.0,13.87,238.0
2025-02-23 00:00:00,DL,6,175,-15.0,-7.03,-4.01,-0.99,7.92,266.0
2025-02-23 00:00:00,AA,19,162,-18.0,-5.99,-1.99,13.07,46.07,1445.0
2025-02-24 00:00:00,AA,6,188,-16.0,-7.92,-5.0,-1.99,4.01,3403.0
2025-02-24 00:00:00,DL,6,187,-19.0,-7.92,-4.01,-0.99,4.01,156.0
2025-02-24 00:00:00,WN,9,218,-10.0,-4.01,-1.99,1.99,10.07,67.0
2025-02-24 00:00:00,DL,13,147,-26.0,-5.99,-2.97,7.03,36.24,328.0
2025-02-24 00:00:00,DL,15,184,-17.0,-7.03,-1.99,7.03,30.88,139.0
2025-02-24 00:00:00,UA,13,144,-12.0,-7.03,-2.97,0.99,21.12,201.0
2025-02-24 00:00:00,DL,11,188,-13.0,-5.99,-1.99,5.0,23.81,139.0
2025-02-24 00:00:00,AA,5,103,-14.0,-7.92,-5.99,-2.97,10.91,713.0
2025-02-24 00:00:00,AA,9,135,-11.0,-5.0,-1.99,2.97,24.78,211.0
2025-02-24 00:00:00,DL,23,26,-17.0,-7.92,-2.97,0.0,10.07,35.0
2025-02-24 00:00:00,UA,2,1,1.0,1.0,1.0,1.0,1.0,1.0
2025-02-24 00:00:00,AA,20,116,-18.0,-5.0,-0.99,10.07,32.14,773.0
2025-02-24 00:00:00,AA,21,81,-13.0,-4.01,-1.99,10.07,45.15,203.0
2025-02-24 00:00:00,WN,21,146,-12.0,-7.03,-5.0,-0.99,5.99,128.0
2025-02-24 00:00:00,DL,21,92,-18.0,-5.99,-4.01,5.99,21.12,141.0
2025-02-24 00:00:00,AA,19,124,-18.0,-5.99,-1.99,12.06,27.94,823.0
2025-02-24 00:00:00,UA,16,143,-15.0,-5.99,-4.01,0.0,15.03,212.0
2025-02-24 00:00:00,DL,16,142,-18.0,-5.99,-0.99,7.03,26.84,157.0
2025-02-24 00:00:00,WN,17,223,-11.0,-5.0,-1.99,5.0,15.96,124.0
2025-02-25 00:00:00,DL,6,184,-21.0,-8.94,-5.99,-1.99,1.99,262.0
2025-02-25 00:00:00,DL,11,185,-16.0,-5.99,-1.99,5.99,17.99,210.0
2025-02-25 00:00:00,AA,20,108,-16.0,-7.03,-4.01,0.99,19.11,154.0
2025-02-25 00:00:00,UA,13,139,-15.0,-7.92,-5.0,0.99,13.07,365.0
2025-02-25 00:00:00,DL,13,142,-16.0,-8.94,-5.0,-0.99,8.94,123.0
2025-02-25 00:00:00,DL,15,177,-23.0,-7.03,-4.01,0.99,13.07,135.0
2025-02-25 00:00:00,DL,16,122,-18.0,-7.92,-5.0,-0.99,8.94,83.0
2025-02-25 00:00:00,UA,16,131,-16.0,-8.94,-5.0,-0.99,4.01,426.0
2025-02-25 00:00:00,WN,17,198,-14.0,-5.99,-2.97,4.01,30.27,149.0
2025-02-25 00:00:00,AA,19,118,-18.0,-5.99,-1.99,5.0,34.82,243.0
2025-02-25 00:00:00,DL,23,20,-15.0,-8.94,-7.03,-2.97,-0.99,3.0
2025-02-25 00:00:00,AA,21,73,-12.0,-4.01,-1.99,2.97,15.03,477.0
2025-02-25 00:00:00,WN,9,234,-11.0,-5.0,-2.97,0.0,8.94,461.0
2025-02-25 00:00:00,AA,5,83,-15.0,-8.94,-7.03,-4.01,15.03,1702.0
2025-02-25 00:00:00,AA,6,179,-16.0,-8.94,-5.99,-2.97,2.97,251.0
2025-02-25 00:00:00,AA,9,134,-15.0,-7.03,-4.01,-0.99,7.92,394.0
2025-02-25 00:00:00,UA,2,1,3.0,3.0,3.0,3.0,3.0,3.0
2025-02-25 00:00:00,DL,21,66,-16.0,-7.03,-4.01,-0.99,19.89,155.0
2025-02-25 00:00:00,WN,21,16,-9.0,-5.0,-4.01,-0.99,10.07,77.0
2025-02-26 00:00:00,AA,5,83,-18.0,-8.94,-7.03,-2.97,0.0,211.0
2025-02-26 00:00:00,DL,16,122,-16.0,-5.99,-4.01,0.99,15.03,178.0
2025-02-26 00:00:00,AA,19,125,-14.0,-7.92,-4.01,-0.99,13.07,260.0
2025-02-26 00:00:00,UA,16,136,-17.0,-7.92,-5.0,-0.99,7.92,211.0
2025-02-26 00:00:00,WN,17,199,-15.0,-5.0,-1.99,1.99,15.03,133.0
2025-02-26 00:00:00,DL,11,185,-18.0,-7.03,-4.01,0.0,7.03,396.0
2025-02-26 00:00:00,AA,6,177,-15.0,-7.92,-5.99,-4.01,0.0,179.0
2025-02-26 00:00:00,DL,15,181,-17.0,-7.03,-4.01,0.0,12.06,181.0
2025-02-26 00:00:00,DL,13,145,-19.0,-7.92,-5.0,-1.99,2.97,173.0
2025-02-26 00:00:00,UA,13,143,-13.0,-5.99,-2.97,0.0,10.07,313.0
2025-02-26 00:00:00,AA,20,111,-14.0,-5.99,-2.97,2.97,26.84,88.0
2025-02-26 00:00:00,AA,21,85,-9.0,-5.0,-4.01,-0.99,5.99,89.0
2025-02-26 00:00:00,WN,21,16,-14.0,-7.03,-5.0,0.99,5.0,34.0
2025-02-26 00:00:00,DL,21,68,-17.0,-7.92,-4.01,-0.99,5.99,43.0
2025-02-26 00:00:00,DL,23,20,-8.0,-5.99,-2.97,0.0,21.98,87.0
2025-02-26 00:00:00,WN,9,234,-12.0,-5.0,-2.97,0.0,1.99,309.0
2025-02-26 00:00:00,AA,9,132,-12.0,-5.99,-4.01,-0.99,5.99,285.0
2025-02-26 00:00:00,UA,2,1,-12.0,-12.0,-12.0,-12.0,-12.0,-12.0
2025-02-26 00:00:00,DL,6,182,-17.0,-8.94,-5.99,-1.99,0.0,76.0
2025-02-27 00:00:00,DL,23,26,-8.0,-4.01,0.0,8.94,19.89,102.0
2025-02-27 00:00:00,WN,17,241,-15.0,-1.99,2.97,16.95,36.24,110.0
2025-02-27 00:00:00,AA,19,161,-14.0,-4.01,2.97,26.84,72.97,288.0
2025-02-27 00:00:00,UA,2,1,-8.0,-8.0,-8.0,-8.0,-8.0,-8.0
2025-02-27 00:00:00,AA,5,104,-14.0,-7.03,-5.0,-1.99,5.0,680.0
2025-02-27 00:00:00,AA,6,184,-14.0,-7.03,-5.0,-1.99,2.97,422.0
2025-02-27 00:00:00,DL,6,187,-18.0,-7.92,-5.0,-0.99,5.99,607.0
2025-02-27 00:00:00,DL,13,145,-14.0,-5.99,-2.97,0.99,13.87,458.0
2025-02-27 00:00:00,WN,21,141,-13.0,-5.99,-1.99,7.92,32.14,97.0
2025-02-27 00:00:00,AA,9,130,-12.0,-5.99,-2.97,0.99,27.94,805.0
2025-02-27 00:00:00,WN,9,216,-11.0,-5.0,-1.99,0.99,10.91,94.0
2025-02-27 00:00:00,DL,11,192,-14.0,-5.99,-4.01,-0.99,8.94,230.0
2025-02-27 00:00:00,AA,20,126,-12.0,-2.97,4.01,19.89,58.56,358.0
2025-02-27 00:00:00,UA,13,144,-14.0,-5.0,-4.01,0.99,16.95,128.0
2025-02-27 00:00:00,DL,15,186,-16.0,-5.99,-1.99,7.03,32.79,178.0
2025-02-27 00:00:00,DL,16,140,-15.0,-5.99,-1.99,10.91,56.27,397.0
2025-02-27 00:00:00,UA,16,140,-16.0,-5.99,-2.97,1.99,16.95,251.0
2025-02-27 00:00:00,DL,21,95,-13.0,-5.99,-2.97,5.0,21.98,81.0
2025-02-27 00:00:00,AA,21,93,-12.0,-5.0,-0.99,7.92,25.79,204.0
2025-02-28 00:00:00,DL,16,140,-13.0,-5.99,-1.99,10.91,40.86,195.0
2025-02-28 00:00:00,WN,9,217,-11.0,-5.0,-1.99,0.99,7.03,91.0
2025-02-28 00:00:00,UA,16,144,-15.0,-7.03,-4.01,1.99,21.12,280.0
2025-02-28 00:00:00,WN,17,241,-13.0,-5.0,-0.99,5.0,19.11,143.0
2025-02-28 00:00:00,AA,19,162,-13.0,-5.99,-4.01,13.07,51.94,251.0
2025-02-28 00:00:00,DL,11,191,-14.0,-7.03,-4.01,0.0,10.07,179.0
2025-02-28 00:00:00,DL,13,146,-12.0,-7.03,-5.0,0.0,17.99,427.0
2025-02-28 00:00:00,UA,13,142,-13.0,-7.03,-2.97,0.99,7.03,75.0
2025-02-28 00:00:00,DL,15,185,-16.0,-5.99,-1.99,5.99,29.08,151.0
2025-02-28 00:00:00,AA,5,103,-13.0,-7.03,-4.01,-0.99,4.01,116.0
2025-02-28 00:00:00,DL,6,186,-18.0,-7.92,-5.0,-1.99,5.99,371.0
2025-02-28 00:00:00,AA,6,188,-11.0,-5.99,-4.01,-1.99,5.99,2883.0
2025-02-28 00:00:00,AA,9,130,-13.0,-5.99,-2.97,0.0,7.92,274.0
2025-02-28 00:00:00,DL,21,96,-13.0,-5.0,-1.99,7.03,29.08,120.0
2025-02-28 00:00:00,AA,20,125,-19.0,-5.0,-0.99,10.91,52.99,124.0
2025-02-28 00:00:00,DL,23,25,-10.0,-5.99,-5.0,-0.99,0.0,18.0
2025-02-28 00:00:00,AA,21,94,-13.0,-4.01,-1.99,4.01,27.94,583.0
2025-02-28 00:00:00,WN,21,141,-15.0,-7.03,-4.01,0.0,7.03,87.0
2025-02-28 00:00:00,UA,2,1,82.0,82.0,82.0,82.0,82.0,82.0
2025-03-01 00:00:00,UA,13,127,-21.0,-7.03,-4.01,0.0,8.94,187.0
2025-03-01 00:00:00,AA,5,82,-12.0,-7.03,-5.0,-1.99,2.97,207.0
2025-03-01 00:00:00,AA,21,78,-13.0,-5.0,-0.99,13.07,57.4,508.0
2025-03-01 00:00:00,AA,9,119,-15.0,-5.99,-2.97,0.99,16.95,232.0
2025-03-01 00:00:00,WN,17,216,-11.0,-5.0,-1.99,5.99,32.14,219.0
2025-03-01 00:00:00,DL,6,168,-16.0,-8.94,-5.0,-1.99,2.97,318.0
2025-03-01 00:00:00,DL,16,103,-13.0,-7.92,-4.01,1.99,48.91,208.0
2025-03-01 00:00:00,DL,15,151,-18.0,-5.99,-2.97,4.01,27.94,379.0
2025-03-01 00:00:00,UA,16,127,-16.0,-5.99,-0.99,2.97,46.07,193.0
2025-03-01 00:00:00,WN,9,191,-17.0,-5.0,-2.97,0.0,7.92,105.0
2025-03-01 00:00:00,DL,13,124,-18.0,-7.03,-2.97,5.0,27.94,169.0
2025-03-01 00:00:00,DL,11,174,-17.0,-5.99,-4.01,0.99,12.06,160.0
2025-03-01 00:00:00,AA,6,168,-12.0,-7.92,-5.0,-1.99,12.06,833.0
2025-03-01 00:00:00,AA,20,106,-15.0,-5.0,-1.99,10.07,32.14,137.0
2025-03-01 00:00:00,UA,2,1,-9.0,-9.0,-9.0,-9.0,-9.0,-9.0
2025-03-01 00:00:00,WN,21,105,-10.0,-5.99,-4.01,0.0,10.91,222.0
2025-03-01 00:00:00,DL,21,63,-20.0,-7.92,-5.0,0.0,10.07,161.0
2025-03-01 00:00:00,DL,23,18,-17.0,-7.92,-4.01,-0.99,5.0,10.0
2025-03-01 00:00:00,AA,19,111,-15.0,-5.99,-4.01,7.92,44.26,157.0
2025-03-02 00:00:00,DL,15,185,-15.0,-5.99,-1.99,7.03,23.81,254.0
2025-03-02 00:00:00,DL,21,95,-19.0,-5.99,-0.99,10.07,41.68,1118.0
2025-03-02 00:00:00,UA,13,143,-16.0,-5.99,-2.97,0.99,15.03,244.0
2025-03-02 00:00:00,DL,16,140,-20.0,-5.99,-0.99,5.99,24.78,69.0
2025-03-02 00:00:00,AA,19,162,-13.0,-2.97,4.01,22.88,72.97,307.0
2025-03-02 00:00:00,WN,17,241,-10.0,-1.99,2.97,19.11,37.72,223.0
2025-03-02 00:00:00,UA,16,139,-14.0,-5.0,-1.99,5.99,19.89,138.0
2025-03-02 00:00:00,DL,23,26,-13.0,-5.0,-1.99,0.0,0.99,58.0
2025-03-02 00:00:00,DL,13,147,-19.0,-5.99,-1.99,4.01,19.89,122.0
2025-03-02 00:00:00,AA,20,126,-16.0,-2.97,7.92,24.78,77.49,349.0
2025-03-02 00:00:00,WN,9,218,-13.0,-5.0,-2.97,0.0,5.99,79.0
2025-03-02 00:00:00,WN,21,140,-12.0,-4.01,0.0,10.07,21.12,96.0
2025-03-02 00:00:00,AA,21,93,-13.0,-2.97,2.97,22.88,60.95,378.0
2025-03-02 00:00:00,DL,6,175,-16.0,-7.92,-4.01,0.0,10.91,534.0
2025-03-02 00:00:00,AA,9,132,-12.0,-5.99,-2.97,0.0,13.07,1439.0
2025-03-02 00:00:00,AA,6,182,-14.0,-7.92,-5.0,-0.99,12.06,855.0
2025-03-02 00:00:00,DL,11,190,-18.0,-5.99,-2.97,0.0,10.91,194.0
2025-03-02 00:00:00,UA,2,1,77.0,77.0,77.0,77.0,77.0,77.0
2025-03-02 00:00:00,AA,5,103,-14.0,-8.94,-5.99,-2.97,0.99,1670.0
2025-03-03 00:00:00,DL,15,184,-15.0,-7.03,-4.01,0.0,19.11,303.0
2025-03-03 00:00:00,DL,13,148,-15.0,-7.92,-4.01,-0.99,17.99,165.0
2025-03-03 00:00:00,AA,21,81,-13.0,-5.99,-2.97,4.01,34.82,71.0
2025-03-03 00:00:00,DL,11,191,-16.0,-7.92,-4.01,-0.99,8.94,190.0
2025-03-03 00:00:00,UA,13,142,-19.0,-7.03,-4.01,-1.99,5.99,143.0
2025-03-03 00:00:00,AA,6,188,-14.0,-7.92,-5.0,-1.99,7.03,367.0
2025-03-03 00:00:00,DL,21,94,-16.0,-5.99,-4.01,0.99,15.03,154.0
2025-03-03 00:00:00,WN,9,215,-12.0,-4.01,0.0,10.91,130.34,430.0
2025-03-03 00:00:00,DL,6,186,-17.0,-8.94,-5.0,-2.97,1.99,103.0
2025-03-03 00:00:00,DL,23,25,-15.0,-10.07,-7.03,-4.01,0.0,33.0
2025-03-03 00:00:00,AA,9,135,-13.0,-4.01,-2.97,0.99,21.98,252.0
2025-03-03 00:00:00,AA,5,103,-13.0,-8.94,-5.99,-4.01,0.0,209.0
2025-03-03 00:00:00,AA,19,126,-13.0,-7.03,-1.99,7.03,40.05,160.0
2025-03-03 00:00:00,AA,20,116,-21.0,-5.99,-1.99,8.94,32.14,257.0
2025-03-03 00:00:00,WN,21,145,-14.0,-5.0,1.99,16.95,43.38,153.0
2025-03-03 00:00:00,UA,16,143,-19.0,-7.92,-5.0,-0.99,10.91,109.0
2025-03-03 00:00:00,WN,17,222,-13.0,-5.0,1.99,21.12,57.4,290.0
2025-03-03 00:00:00,DL,16,140,-13.0,-7.92,-5.0,-0.99,7.03,258.0
2025-03-03 00:00:00,UA,2,1,-8.0,-8.0,-8.0,-8.0,-8.0,-8.0
2025-03-04 00:00:00,DL,6,183,-19.0,-10.07,-5.99,-1.99,8.94,347.0
2025-03-04 00:00:00,WN,17,199,-15.0,-5.0,-0.99,8.94,30.88,228.0
2025-03-04 00:00:00,WN,9,222,-14.0,-4.01,-1.99,0.99,13.87,353.0
2025-03-04 00:00:00,AA,9,128,-12.0,-5.99,-1.99,5.0,24.78,400.0
2025-03-04 00:00:00,AA,6,162,-16.0,-8.94,-5.99,0.0,32.79,289.0
2025-03-04 00:00:00,AA,5,79,-16.0,-10.07,-7.92,-5.0,0.0,67.0
2025-03-04 00:00:00,DL,16,121,-23.0,-7.03,-2.97,5.0,29.08,394.0
2025-03-04 00:00:00,AA,21,56,-10.0,-4.01,-0.99,32.79,117.93,754.0
2025-03-04 00:00:00,DL,11,184,-18.0,-7.92,-5.0,-1.99,4.01,540.0
2025-03-04 00:00:00,DL,13,139,-18.0,-7.92,-5.0,-0.99,19.89,345.0
2025-03-04 00:00:00,UA,13,139,-14.0,-7.92,-4.01,0.99,30.88,529.0
2025-03-04 00:00:00,DL,15,175,-14.0,-5.99,-2.97,1.99,27.94,601.0
2025-03-04 00:00:00,UA,16,131,-14.0,-7.03,-1.99,4.01,36.24,802.0
2025-03-04 00:00:00,DL,23,20,-19.0,-7.92,-5.0,-1.99,0.0,10.0
2025-03-04 00:00:00,WN,21,16,-8.0,-5.0,-1.99,1.99,21.98,159.0
2025-03-04 00:00:00,UA,2,1,-9.0,-9.0,-9.0,-9.0,-9.0,-9.0
2025-03-04 00:00:00,DL,21,66,-11.0,-5.99,-1.99,10.91,41.68,501.0
2025-03-04 00:00:00,AA,19,97,-18.0,-4.01,0.0,64.72,190.59,855.0
2025-03-04 00:00:00,AA,20,88,-14.0,-5.0,-0.99,26.84,104.6,532.0
2025-03-05 00:00:00,DL,16,119,-14.0,-4.01,4.01,29.08,89.13,337.0
2025-03-05 00:00:00,DL,6,182,-17.0,-7.92,-5.0,-0.99,30.88,354.0
2025-03-05 00:00:00,DL,11,184,-18.0,-5.99,-1.99,19.11,89.13,612.0
2025-03-05 00:00:00,AA,20,112,-15.0,-4.01,0.99,21.12,48.91,153.0
2025-03-05 00:00:00,DL,13,142,-16.0,-5.0,0.0,22.88,80.65,332.0
2025-03-05 00:00:00,DL,23,20,-9.0,-4.01,-1.99,5.99,19.11,45.0
2025-03-05 00:00:00,UA,13,141,-13.0,-5.99,-1.99,4.01,22.88,160.0
2025-03-05 00:00:00,DL,15,180,-12.0,-2.97,5.0,36.97,98.5,962.0
2025-03-05 00:00:00,UA,16,137,-17.0,-5.0,-0.99,12.06,50.91,324.0
2025-03-05 00:00:00,WN,21,17,-7.0,-4.01,8.94,19.89,74.45,151.0
2025-03-05 00:00:00,AA,9,115,-12.0,-5.0,-0.99,10.07,46.07,123.0
2025-03-05 00:00:00,AA,5,69,-12.0,-7.03,-4.01,0.99,146.95,1459.0
2025-03-05 00:00:00,WN,9,228,-10.0,-5.0,-1.99,2.97,15.03,141.0
2025-03-05 00:00:00,AA,6,148,-12.0,-7.03,-4.01,0.0,32.14,1457.0
2025-03-05 00:00:00,WN,17,203,-13.0,-2.97,1.99,13.87,40.05,178.0
2025-03-05 00:00:00,DL,21,68,-17.0,-2.97,7.03,27.94,47.95,133.0
2025-03-05 00:00:00,AA,1,1,-5.0,-5.0,-5.0,-5.0,-5.0,-5.0
2025-03-05 00:00:00,AA,21,83,-7.0,-4.01,0.0,7.03,24.78,254.0
2025-03-05 00:00:00,AA,19,125,-15.0,-4.01,2.97,25.79,63.44,887.0
2025-03-05 00:00:00,UA,2,1,-13.0,-13.0,-13.0,-13.0,-13.0,-13.0
2025-03-06 00:00:00,WN,21,165,-16.0,-1.99,4.01,26.84,58.56,256.0
2025-03-06 00:00:00,AA,6,183,-14.0,-7.03,-4.01,-0.99,5.99,506.0
2025-03-06 00:00:00,UA,13,128,-13.0,-5.99,-2.97,1.99,19.11,127.0
2025-03-06 00:00:00,DL,13,147,-14.0,-5.99,-1.99,7.03,17.99,119.0
2025-03-06 00:00:00,AA,20,119,-17.0,-5.0,-1.99,4.01,23.81,88.0
2025-03-06 00:00:00,DL,6,186,-17.0,-7.92,-5.0,-0.99,15.96,360.0
2025-03-06 00:00:00,DL,15,185,-15.0,-5.0,-1.99,8.94,22.88,225.0
2025-03-06 00:00:00,DL,11,189,-13.0,-5.99,-1.99,1.99,15.96,269.0
2025-03-06 00:00:00,AA,9,136,-15.0,-5.0,-2.97,0.0,15.03,619.0
2025-03-06 00:00:00,WN,9,253,-10.0,-5.0,-1.99,2.97,16.95,133.0
2025-03-06 00:00:00,AA,21,97,-16.0,-2.97,1.99,27.94,67.36,231.0
2025-03-06 00:00:00,AA,1,1,-8.0,-8.0,-8.0,-8.0,-8.0,-8.0
2025-03-06 00:00:00,DL,21,95,-14.0,-5.99,-1.99,12.06,32.14,171.0
2025-03-06 00:00:00,DL,23,26,-15.0,-2.97,-0.99,10.07,37.72,66.0
2025-03-06 00:00:00,AA,5,105,-15.0,-7.03,-4.01,-0.99,2.97,308.0
2025-03-06 00:00:00,WN,17,246,-13.0,-1.99,5.0,22.88,41.68,182.0
2025-03-06 00:00:00,UA,2,1,-9.0,-9.0,-9.0,-9.0,-9.0,-9.0
2025-03-06 00:00:00,AA,19,161,-17.0,-4.01,1.99,23.81,50.91,548.0
2025-03-06 00:00:00,DL,16,140,-12.0,-5.0,-0.99,13.87,36.24,361.0
2025-03-06 00:00:00,UA,16,139,-16.0,-7.03,-2.97,1.99,13.07,252.0
2025-03-07 00:00:00,UA,16,145,-16.0,-5.0,-1.99,8.94,27.94,315.0
2025-03-07 00:00:00,WN,9,252,-9.0,-4.01,-0.99,5.99,34.13,226.0
2025-03-07 00:00:00,AA,1,1,1.0,1.0,1.0,1.0,1.0,1.0
2025-03-07 00:00:00,UA,13,128,-12.0,-5.0,-1.99,5.0,32.14,103.0
2025-03-07 00:00:00,DL,11,188,-16.0,-5.99,-4.01,0.99,21.12,305.0
2025-03-07 00:00:00,AA,20,120,-11.0,-5.0,-0.99,13.87,55.15,517.0
2025-03-07 00:00:00,AA,5,110,-13.0,-7.03,-5.0,-2.97,7.03,437.0
2025-03-07 00:00:00,AA,6,184,-13.0,-7.03,-5.0,-1.99,10.07,278.0
2025-03-07 00:00:00,DL,13,147,-18.0,-7.03,-2.97,5.99,16.95,323.0
2025-03-07 00:00:00,DL,6,187,-17.0,-7.92,-5.0,-0.99,5.0,301.0
2025-03-07 00:00:00,AA,9,133,-11.0,-5.0,-1.99,7.92,22.88,852.0
2025-03-07 00:00:00,DL,15,187,-17.0,-5.99,-2.97,5.99,44.26,291.0
2025-03-07 00:00:00,WN,17,248,-9.0,-1.99,8.94,34.13,80.65,194.0
2025-03-07 00:00:00,AA,19,160,-15.0,-4.01,0.99,21.98,62.18,367.0
2025-03-07 00:00:00,UA,2,1,-9.0,-9.0,-9.0,-9.0,-9.0,-9.0
2025-03-07 00:00:00,DL,16,141,-13.0,-5.0,-0.99,8.94,27.94,213.0
2025-03-07 00:00:00,DL,21,97,-17.0,-5.0,-1.99,2.97,13.87,183.0
2025-03-07 00:00:00,WN,21,169,-14.0,-5.0,5.0,30.27,60.95,194.0
2025-03-07 00:00:00,AA,21,98,-20.0,-5.99,-1.99,10.91,51.94,480.0
2025-03-07 00:00:00,DL,23,25,-13.0,-7.03,-1.99,5.0,7.92,23.0
2025-03-08 00:00:00,DL,13,127,-15.0,-7.92,-4.01,0.0,7.03,201.0
2025-03-08 00:00:00,DL,23,12,-12.0,-7.92,-5.0,0.99,8.94,103.0
2025-03-08 00:00:00,AA,1,1,3.0,3.0,3.0,3.0,3.0,3.0
2025-03-08 00:00:00,UA,2,1,-9.0,-9.0,-9.0,-9.0,-9.0,-9.0
2025-03-08 00:00:00,DL,16,103,-17.0,-7.03,-5.0,1.99,17.99,157.0
2025-03-08 00:00:00,UA,16,125,-13.0,-7.03,-2.97,2.97,24.78,196.0
2025-03-08 00:00:00,WN,17,217,-13.0,-5.0,-0.99,15.03,39.25,146.0
2025-03-08 00:00:00,AA,19,150,-18.0,-5.0,12.06,43.38,77.49,548.0
2025-03-08 00:00:00,DL,15,152,-17.0,-7.03,-4.01,0.99,15.03,221.0
2025-03-08 00:00:00,AA,6,178,-17.0,-7.92,-5.0,-1.99,19.11,1653.0
2025-03-08 00:00:00,UA,13,119,-16.0,-7.03,-4.01,0.0,13.07,161.0
2025-03-08 00:00:00,DL,21,69,-18.0,-10.07,-5.99,-0.99,10.07,107.0
2025-03-08 00:00:00,DL,11,175,-15.0,-7.03,-4.01,0.0,12.06,139.0
2025-03-08 00:00:00,WN,21,172,-18.0,-5.99,-0.99,10.07,22.88,182.0
2025-03-08 00:00:00,AA,21,109,-10.0,-4.01,0.0,13.87,51.94,473.0
2025-03-08 00:00:00,AA,20,116,-11.0,-4.01,7.92,36.24,71.53,216.0
2025-03-08 00:00:00,AA,9,118,-13.0,-5.0,-1.99,5.99,39.25,1237.0
2025-03-08 00:00:00,WN,9,205,-12.0,-4.01,-1.99,4.01,16.95,388.0
2025-03-08 00:00:00,DL,6,172,-19.0,-8.94,-5.0,-0.99,4.01,304.0
2025-03-08 00:00:00,AA,5,106,-13.0,-7.03,-4.01,-1.99,19.11,1364.0
2025-03-09 00:00:00,AA,19,158,-12.0,-5.0,0.99,24.78,64.72,655.0
2025-03-09 00:00:00,UA,2,1,16.0,16.0,16.0,16.0,16.0,16.0
2025-03-09 00:00:00,DL,23,39,-15.0,-7.03,-4.01,0.0,21.98,138.0
2025-03-09 00:00:00,UA,13,139,-14.0,-5.99,-2.97,0.0,16.95,313.0
2025-03-09 00:00:00,DL,6,180,-16.0,-7.03,-5.0,-0.99,5.0,294.0
2025-03-09 00:00:00,DL,11,209,-16.0,-5.99,-1.99,8.94,30.27,712.0
2025-03-09 00:00:00,DL,13,161,-18.0,-5.0,-0.99,7.03,37.72,441.0
2025-03-09 00:00:00,AA,6,189,-15.0,-7.92,-5.0,-0.99,10.07,498.0
2025-03-09 00:00:00,WN,9,202,-12.0,-4.01,-0.99,4.01,19.89,246.0
2025-03-09 00:00:00,AA,9,134,-13.0,-5.99,-2.97,1.99,23.81,684.0
2025-03-09 00:00:00,AA,5,111,-14.0,-7.92,-5.0,-1.99,5.99,1743.0
2025-03-09 00:00:00,DL,21,101,-12.0,-4.01,0.0,19.11,43.38,119.0
2025-03-09 00:00:00,WN,21,194,-14.0,-4.01,4.01,21.98,57.4,184.0
2025-03-09 00:00:00,AA,21,97,-14.0,-5.0,0.0,13.87,58.56,475.0
2025-03-09 00:00:00,AA,20,135,-27.0,-4.01,0.99,13.87,39.25,825.0
2025-03-09 00:00:00,UA,16,138,-14.0,-5.99,-2.97,4.01,43.38,155.0
2025-03-09 00:00:00,WN,17,242,-14.0,0.0,7.92,26.84,59.75,441.0
2025-03-09 00:00:00,DL,15,181,-17.0,-5.0,0.0,13.07,55.15,271.0
2025-03-09 00:00:00,DL,16,138,-16.0,-2.97,1.99,13.07,36.97,874.0
2025-03-10 00:00:00,DL,6,191,-18.0,-7.92,-5.0,-0.99,1.99,179.0
2025-03-10 00:00:00,DL,15,181,-15.0,-4.01,0.0,25.79,67.36,417.0
2025-03-10 00:00:00,AA,6,188,-13.0,-7.92,-5.0,-2.97,5.99,908.0
2025-03-10 00:00:00,AA,5,110,-15.0,-8.94,-5.99,-2.97,0.0,77.0
2025-03-10 00:00:00,DL,21,103,-15.0,-7.03,-2.97,5.0,23.81,105.0
2025-03-10 00:00:00,WN,9,235,-13.0,-5.0,-1.99,4.01,16.95,124.0
2025-03-10 00:00:00,WN,21,166,-16.0,-7.92,-4.01,0.99,26.84,128.0
2025-03-10 00:00:00,AA,9,134,-10.0,-5.99,-2.97,1.99,34.82,193.0
2025-03-10 00:00:00,DL,11,206,-16.0,-5.0,-0.99,10.91,32.14,235.0
2025-03-10 00:00:00,DL,13,156,-15.0,-5.99,-2.97,8.94,43.38,655.0
2025-03-10 00:00:00,UA,13,136,-18.0,-7.03,-5.0,-0.99,15.03,143.0
2025-03-10 00:00:00,DL,23,37,-14.0,-7.92,-4.01,-1.99,5.99,41.0
2025-03-10 00:00:00,DL,16,140,-18.0,-5.0,-0.99,10.91,67.36,176.0
2025-03-10 00:00:00,AA,21,85,-16.0,-7.03,-1.99,19.89,60.95,126.0
2025-03-10 00:00:00,UA,16,140,-14.0,-7.03,-2.97,2.97,23.81,104.0
2025-03-10 00:00:00,WN,17,243,-10.0,-5.0,0.0,12.06,34.82,187.0
2025-03-10 00:00:00,AA,20,129,-14.0,-5.0,4.01,26.84,63.44,178.0
2025-03-10 00:00:00,AA,19,160,-19.0,-5.0,1.99,32.14,92.77,206.0
2025-03-11 00:00:00,DL,21,78,-15.0,-7.92,-5.0,-0.99,10.91,145.0
2025-03-11 00:00:00,AA,6,189,-19.0,-8.94,-7.03,-4.01,1.99,653.0
2025-03-11 00:00:00,UA,13,134,-15.0,-7.92,-5.0,-1.99,2.97,104.0
2025-03-11 00:00:00,DL,15,178,-20.0,-7.03,-4.01,0.99,16.95,252.0
2025-03-11 00:00:00,DL,13,147,-21.0,-7.92,-5.0,-0.99,16.95,139.0
2025-03-11 00:00:00,DL,6,188,-18.0,-10.07,-7.03,-2.97,0.0,389.0
2025-03-11 00:00:00,AA,9,131,-13.0,-7.03,-4.01,0.99,16.95,789.0
2025-03-11 00:00:00,WN,9,202,-11.0,-5.0,-2.97,0.0,5.99,216.0
2025-03-11 00:00:00,DL,11,205,-17.0,-7.92,-5.0,-0.99,7.03,109.0
2025-03-11 00:00:00,AA,5,111,-15.0,-10.07,-7.03,-2.97,2.97,223.0
2025-03-11 00:00:00,WN,21,160,-15.0,-7.03,-4.01,0.0,13.87,183.0
2025-03-11 00:00:00,DL,23,32,-15.0,-10.91,-7.03,-4.01,4.01,45.0
2025-03-11 00:00:00,UA,16,139,-17.0,-8.94,-5.99,-1.99,4.01,117.0
2025-03-11 00:00:00,DL,16,130,-17.0,-7.03,-4.01,1.99,29.08,210.0
2025-03-11 00:00:00,WN,17,228,-16.0,-5.99,-2.97,1.99,19.89,223.0
2025-03-11 00:00:00,AA,19,159,-27.0,-8.94,-5.0,0.0,16.95,267.0
2025-03-11 00:00:00,AA,20,128,-18.0,-7.03,-4.01,2.97,21.98,144.0
2025-03-11 00:00:00,AA,21,87,-18.0,-5.99,-4.01,0.99,21.98,125.0
2025-03-12 00:00:00,DL,11,206,-17.0,-7.03,-4.01,0.0,7.03,165.0
2025-03-12 00:00:00,AA,9,133,-17.0,-7.03,-4.01,-0.99,10.07,140.0
2025-03-12 00:00:00,DL,23,34,-13.0,-7.03,-2.97,4.01,13.87,47.0
2025-03-12 00:00:00,WN,17,230,-11.0,-4.01,-0.99,4.01,23.81,147.0
2025-03-12 00:00:00,AA,19,159,-13.0,-5.99,-1.99,13.07,39.25,156.0
2025-03-12 00:00:00,WN,9,201,-10.0,-5.0,-2.97,0.0,5.99,116.0
2025-03-12 00:00:00,AA,21,86,-15.0,-5.99,-2.97,7.03,21.98,430.0
2025-03-12 00:00:00,DL,21,78,-16.0,-5.99,-1.99,4.01,21.98,125.0
2025-03-12 00:00:00,WN,21,159,-12.0,-5.99,-2.97,5.0,21.12,73.0
2025-03-12 00:00:00,AA,20,130,-14.0,-5.0,-2.97,5.99,25.79,164.0
2025-03-12 00:00:00,DL,16,131,-15.0,-7.03,-2.97,5.99,29.08,145.0
2025-03-12 00:00:00,DL,13,152,-17.0,-7.03,-4.01,0.0,15.96,191.0
2025-03-12 00:00:00,AA,5,111,-14.0,-10.07,-7.03,-5.0,-1.99,122.0
2025-03-12 00:00:00,DL,6,186,-15.0,-8.94,-5.99,-1.99,0.99,163.0
2025-03-12 00:00:00,UA,13,138,-20.0,-7.03,-2.97,8.94,44.26,212.0
2025-03-12 00:00:00,DL,15,178,-16.0,-5.99,-2.97,0.99,13.07,206.0
2025-03-12 00:00:00,UA,16,136,-15.0,-7.03,-2.97,5.99,27.94,271.0
2025-03-12 00:00:00,AA,6,190,-16.0,-8.94,-5.99,-2.97,0.0,114.0
2025-03-13 00:00:00,DL,16,140,-13.0,-5.99,-1.99,8.94,41.68,116.0
2025-03-13 00:00:00,WN,21,166,-14.0,-2.97,7.92,34.82,66.03,153.0
2025-03-13 00:00:00,DL,11,208,-13.0,-5.99,-2.97,1.99,19.11,186.0
2025-03-13 00:00:00,AA,5,111,-13.0,-7.92,-5.99,-4.01,-0.99,97.0
2025-03-13 00:00:00,WN,9,234,-12.0,-4.01,-1.99,1.99,12.06,79.0
2025-03-13 00:00:00,AA,9,132,-13.0,-5.99,-4.01,0.99,23.81,630.0
2025-03-13 00:00:00,DL,6,190,-17.0,-7.92,-5.0,-2.97,0.99,29.0
2025-03-13 00:00:00,AA,6,189,-14.0,-7.03,-5.0,-0.99,7.92,337.0
2025-03-13 00:00:00,DL,23,39,-12.0,-5.0,-1.99,5.0,32.14,104.0
2025-03-13 00:00:00,DL,13,159,-16.0,-5.99,-2.97,0.0,30.88,438.0
2025-03-13 00:00:00,UA,16,140,-14.0,-5.0,-0.99,15.03,54.06,236.0
2025-03-13 00:00:00,UA,13,137,-13.0,-5.99,-4.01,4.01,32.14,335.0
2025-03-13 00:00:00,DL,15,180,-16.0,-5.0,-0.99,8.94,45.15,154.0
2025-03-13 00:00:00,WN,17,242,-9.0,-0.99,5.99,23.81,63.44,212.0
2025-03-13 00:00:00,AA,19,157,-19.0,-5.99,0.0,19.11,54.06,876.0
2025-03-13 00:00:00,AA,20,130,-11.0,-4.01,0.99,26.84,52.99,563.0
2025-03-13 00:00:00,DL,21,102,-10.0,-5.0,-0.99,8.94,34.13,158.0
2025-03-13 00:00:00,AA,21,88,-12.0,-4.01,0.99,25.79,43.38,455.0
2025-03-14 00:00:00,WN,17,242,-16.0,-0.99,5.99,19.11,45.15,239.0
2025-03-14 00:00:00,DL,21,101,-14.0,-5.0,-0.99,5.0,24.78,80.0
2025-03-14 00:00:00,DL,6,190,-17.0,-7.03,-4.01,-0.99,7.03,784.0
2025-03-14 00:00:00,WN,21,166,-12.0,-1.99,10.91,32.14,67.36,200.0
2025-03-14 00:00:00,DL,13,159,-15.0,-5.99,-2.97,8.94,47.95,1073.0
2025-03-14 00:00:00,UA,13,139,-15.0,-4.01,-0.99,8.94,32.14,390.0
2025-03-14 00:00:00,AA,19,140,-15.0,-4.01,0.0,19.89,54.06,251.0
2025-03-14 00:00:00,DL,11,207,-14.0,-5.99,-1.99,4.01,26.84,192.0
2025-03-14 00:00:00,WN,9,235,-9.0,-2.97,-0.99,5.99,16.95,198.0
2025-03-14 00:00:00,AA,9,124,-10.0,-5.99,-2.97,-0.99,17.99,195.0
2025-03-14 00:00:00,AA,20,127,-10.0,-4.01,0.99,26.84,63.44,736.0
2025-03-14 00:00:00,AA,21,86,-16.0,-2.97,0.0,32.79,89.13,592.0
2025-03-14 00:00:00,UA,16,145,-14.0,-5.0,-0.99,15.03,40.05,166.0
2025-03-14 00:00:00,DL,16,137,-18.0,-5.99,-0.99,13.87,40.05,189.0
2025-03-14 00:00:00,AA,5,111,-13.0,-7.03,-5.0,-1.99,5.99,503.0
2025-03-14 00:00:00,DL,15,178,-15.0,-5.0,-1.99,10.91,36.97,144.0
2025-03-14 00:00:00,AA,6,190,-12.0,-7.03,-4.01,-1.99,4.01,405.0
2025-03-14 00:00:00,DL,23,40,-15.0,-5.99,-2.97,5.0,15.96,175.0
2025-03-15 00:00:00,AA,21,91,-14.0,-0.99,13.07,36.97,70.11,1138.0
2025-03-15 00:00:00,DL,11,194,-15.0,-4.01,0.99,12.06,32.79,400.0
2025-03-15 00:00:00,WN,9,197,-9.0,-4.01,-0.99,10.91,27.94,317.0
2025-03-15 00:00:00,UA,13,127,-17.0,-5.0,-0.99,19.11,85.64,285.0
2025-03-15 00:00:00,WN,21,170,-10.0,2.97,22.88,58.56,106.71,264.0
2025-03-15 00:00:00,DL,23,25,-11.0,-5.99,-0.99,23.81,44.26,534.0
2025-03-15 00:00:00,AA,5,109,-10.0,-5.99,-4.01,0.0,15.03,965.0
2025-03-15 00:00:00,DL,21,84,-12.0,-2.97,10.91,30.88,68.72,816.0
2025-03-15 00:00:00,AA,6,183,-12.0,-5.99,-2.97,0.99,21.98,862.0
2025-03-15 00:00:00,AA,9,117,-10.0,-5.0,-0.99,15.03,62.18,183.0
2025-03-15 00:00:00,AA,19,151,-13.0,-4.01,17.99,55.15,108.86,711.0
2025-03-15 00:00:00,AA,20,127,-13.0,-1.99,12.06,34.82,67.36,494.0
2025-03-15 00:00:00,DL,13,131,-26.0,-5.0,5.0,23.81,85.64,983.0
2025-03-15 00:00:00,DL,16,109,-14.0,-1.99,10.07,44.26,92.77,218.0
2025-03-15 00:00:00,WN,17,215,-13.0,1.99,19.11,51.94,96.55,356.0
2025-03-15 00:00:00,DL,15,162,-13.0,-1.99,8.94,29.08,67.36,1001.0
2025-03-15 00:00:00,UA,16,128,-14.0,-0.99,15.96,72.97,132.97,323.0
2025-03-15 00:00:00,DL,6,181,-17.0,-5.99,-2.97,2.97,15.03,262.0
2025-03-16 00:00:00,AA,20,125,-10.0,0.0,30.88,82.28,162.41,1125.0
2025-03-16 00:00:00,DL,11,203,-13.0,-1.99,10.91,51.94,90.93,415.0
2025-03-16 00:00:00,WN,9,199,-10.0,-2.97,0.0,7.03,22.88,244.0
2025-03-16 00:00:00,AA,5,109,-14.0,-7.03,-4.01,0.0,32.79,274.0
2025-03-16 00:00:00,AA,6,181,-13.0,-5.99,-2.97,1.99,21.98,459.0
2025-03-16 00:00:00,AA,9,125,-11.0,-4.01,0.0,13.87,79.05,571.0
2025-03-16 00:00:00,DL,6,178,-15.0,-5.99,-1.99,1.99,19.89,380.0
2025-03-16 00:00:00,DL,13,157,-13.0,0.0,24.78,77.49,127.75,1175.0
2025-03-16 00:00:00,DL,23,36,-11.0,-0.99,21.98,48.91,67.36,164.0
2025-03-16 00:00:00,DL,21,93,-8.0,5.99,36.97,74.45,186.82,795.0
2025-03-16 00:00:00,AA,21,91,-12.0,0.99,26.84,74.45,165.69,1014.0
2025-03-16 00:00:00,UA,13,137,-12.0,-0.99,7.92,50.91,102.52,314.0
2025-03-16 00:00:00,AA,19,144,-10.0,-0.99,32.14,92.77,159.19,966.0
2025-03-16 00:00:00,WN,17,228,-8.0,5.0,25.79,64.72,132.97,457.0
2025-03-16 00:00:00,WN,21,179,-8.0,8.94,40.86,108.86,172.45,333.0
2025-03-16 00:00:00,DL,15,173,-9.0,0.0,34.13,82.28,162.41,489.0
2025-03-16 00:00:00,DL,16,131,-11.0,10.07,44.26,82.28,138.4,841.0
2025-03-16 00:00:00,UA,16,135,-13.0,1.99,25.79,77.49,210.64,798.0
2025-03-17 00:00:00,DL,6,180,-14.0,-5.99,-1.99,4.01,23.81,428.0
2025-03-17 00:00:00,AA,20,128,-9.0,-2.97,4.01,30.27,71.53,816.0
2025-03-17 00:00:00,DL,13,158,-15.0,-4.01,0.99,23.81,59.75,265.0
2025-03-17 00:00:00,UA,13,137,-17.0,-4.01,0.0,13.07,44.26,202.0
2025-03-17 00:00:00,WN,9,232,-8.0,-1.99,2.97,19.11,40.86,212.0
2025-03-17 00:00:00,DL,11,204,-13.0,-2.97,2.97,25.79,58.56,292.0
2025-03-17 00:00:00,AA,9,131,-10.0,-4.01,-0.99,17.99,58.56,440.0
2025-03-17 00:00:00,AA,5,104,-12.0,-5.99,-4.01,1.99,40.05,280.0
2025-03-17 00:00:00,AA,6,177,-11.0,-5.99,-4.01,0.99,23.81,533.0
2025-03-17 00:00:00,DL,15,179,-14.0,-1.99,5.0,32.14,74.45,365.0
2025-03-17 00:00:00,DL,16,141,-14.0,-4.01,2.97,22.88,63.44,296.0
2025-03-17 00:00:00,UA,16,139,-14.0,-4.01,0.99,13.87,46.07,117.0
2025-03-17 00:00:00,WN,17,242,-10.0,0.0,13.87,36.97,63.44,221.0
2025-03-17 00:00:00,AA,19,161,-17.0,-4.01,4.01,25.79,80.65,315.0
2025-03-17 00:00:00,DL,21,102,-16.0,-1.99,10.91,30.88,57.4,267.0
2025-03-17 00:00:00,AA,21,87,-14.0,-5.0,-0.99,13.07,47.95,297.0
2025-03-17 00:00:00,DL,23,37,-16.0,-1.99,2.97,21.98,40.86,55.0
2025-03-17 00:00:00,WN,21,168,-15.0,0.0,25.79,45.15,74.45,168.0
2025-03-18 00:00:00,WN,17,224,-12.0,-5.0,-0.99,8.94,32.79,262.0
2025-03-18 00:00:00,WN,9,201,-10.0,-4.01,-0.99,1.99,8.94,72.0
2025-03-18 00:00:00,AA,19,160,-21.0,-5.99,-1.99,19.11,51.94,327.0
2025-03-18 00:00:00,DL,11,204,-18.0,-5.99,-2.97,2.97,19.11,256.0
2025-03-18 00:00:00,UA,16,138,-16.0,-5.99,-2.97,7.92,41.68,182.0
2025-03-18 00:00:00,DL,16,129,-19.0,-5.99,-1.99,5.99,26.84,404.0
2025-03-18 00:00:00,DL,13,147,-19.0,-7.03,-4.01,0.99,30.27,1176.0
2025-03-18 00:00:00,UA,13,132,-12.0,-7.03,-4.01,1.99,17.99,241.0
2025-03-18 00:00:00,DL,15,177,-16.0,-5.0,-1.99,5.99,27.94,1027.0
2025-03-18 00:00:00,AA,20,127,-12.0,-5.0,-1.99,8.94,27.94,551.0
2025-03-18 00:00:00,AA,21,87,-17.0,-5.0,-0.99,13.87,58.56,700.0
2025-03-18 00:00:00,DL,21,78,-13.0,-5.99,-2.97,2.97,21.98,89.0
2025-03-18 00:00:00,WN,21,160,-12.0,-5.0,0.0,21.12,44.26,93.0
2025-03-18 00:00:00,DL,23,32,-18.0,-10.07,-7.03,-2.97,10.91,48.0
2025-03-18 00:00:00,AA,6,190,-17.0,-7.92,-5.99,-2.97,5.0,2315.0
2025-03-18 00:00:00,DL,6,188,-17.0,-8.94,-5.0,-2.97,2.97,237.0
2025-03-18 00:00:00,AA,5,111,-14.0,-7.92,-5.99,-2.97,0.99,1123.0
2025-03-18 00:00:00,AA,9,133,-14.0,-5.99,-2.97,4.01,19.89,604.0
2025-03-19 00:00:00,DL,11,205,-15.0,-7.03,-5.0,-0.99,13.07,612.0
2025-03-19 00:00:00,UA,13,134,-12.0,-5.99,-2.97,0.99,34.13,229.0
2025-03-19 00:00:00,AA,20,128,-18.0,-5.0,0.0,39.25,117.93,811.0
2025-03-19 00:00:00,AA,21,85,-11.0,-4.01,0.99,29.08,58.56,218.0
2025-03-19 00:00:00,WN,21,157,-11.0,-2.97,0.0,10.91,27.94,126.0
2025-03-19 00:00:00,DL,13,151,-15.0,-5.99,-2.97,0.0,25.79,345.0
2025-03-19 00:00:00,UA,16,135,-13.0,-5.0,1.99,29.08,120.31,288.0
2025-03-19 00:00:00,AA,19,155,-19.0,-2.97,15.03,50.91,102.52,837.0
2025-03-19 00:00:00,DL,15,177,-18.0,-5.99,-1.99,5.0,22.88,229.0
2025-03-19 00:00:00,DL,6,186,-20.0,-8.94,-5.0,-2.97,1.99,232.0
2025-03-19 00:00:00,AA,5,110,-15.0,-7.92,-5.0,-1.99,13.87,864.0
2025-03-19 00:00:00,AA,6,188,-16.0,-7.03,-5.0,-1.99,10.07,261.0
2025-03-19 00:00:00,AA,9,131,-11.0,-5.99,-4.01,0.99,34.82,1385.0
2025-03-19 00:00:00,WN,9,202,-10.0,-4.01,-1.99,2.97,12.06,72.0
2025-03-19 00:00:00,WN,17,224,-13.0,-4.01,0.0,7.03,22.88,232.0
2025-03-19 00:00:00,DL,16,127,-12.0,-5.99,-1.99,7.03,21.12,183.0
2025-03-19 00:00:00,DL,21,79,-18.0,-5.99,-1.99,19.11,40.05,199.0
2025-03-19 00:00:00,DL,23,33,-14.0,-7.92,-5.0,-0.99,5.0,44.0
2025-03-20 00:00:00,WN,17,242,-15.0,-1.99,5.0,15.03,47.95,304.0
2025-03-20 00:00:00,DL,11,207,-17.0,-5.0,-1.99,5.0,22.88,337.0
2025-03-20 00:00:00,AA,6,186,-13.0,-7.03,-5.0,-2.97,5.0,627.0
2025-03-20 00:00:00,DL,23,39,-16.0,-7.03,-1.99,0.0,13.87,193.0
2025-03-20 00:00:00,DL,6,189,-15.0,-7.92,-5.0,-0.99,5.99,441.0
2025-03-20 00:00:00,DL,15,181,-14.0,-2.97,0.0,8.94,39.25,404.0
2025-03-20 00:00:00,AA,9,132,-12.0,-5.0,-2.97,4.01,21.98,284.0
2025-03-20 00:00:00,WN,9,237,-13.0,-4.01,-1.99,4.01,16.95,232.0
2025-03-20 00:00:00,AA,19,160,-12.0,-4.01,2.97,27.94,59.75,846.0
2025-03-20 00:00:00,AA,5,110,-14.0,-7.92,-5.99,-1.99,36.97,1633.0
2025-03-20 00:00:00,UA,16,140,-14.0,-5.0,-1.99,7.92,39.25,218.0
2025-03-20 00:00:00,WN,21,167,-13.0,-4.01,0.99,21.12,48.91,208.0
2025-03-20 00:00:00,AA,20,129,-10.0,-2.97,4.01,23.81,63.44,184.0
2025-03-20 00:00:00,DL,16,139,-12.0,-4.01,0.0,13.07,47.95,347.0
2025-03-20 00:00:00,AA,21,87,-10.0,-2.97,1.99,15.03,36.97,118.0
2025-03-20 00:00:00,DL,21,102,-11.0,-2.97,-0.99,13.87,30.88,835.0
2025-03-20 00:00:00,DL,13,158,-15.0,-5.99,-2.97,1.99,25.79,235.0
2025-03-20 00:00:00,UA,13,139,-15.0,-5.99,-1.99,7.03,34.82,284.0
2025-03-21 00:00:00,WN,21,167,-13.0,-5.0,0.99,15.03,41.68,173.0
2025-03-21 00:00:00,DL,15,176,-13.0,-5.0,-0.99,23.81,71.53,141.0
2025-03-21 00:00:00,UA,16,145,-15.0,-7.03,-2.97,4.01,32.14,333.0
2025-03-21 00:00:00,DL,16,137,-15.0,-5.99,-0.99,19.11,36.24,237.0
2025-03-21 00:00:00,AA,5,110,-14.0,-7.92,-5.0,-1.99,4.01,1598.0
2025-03-21 00:00:00,DL,11,205,-15.0,-5.99,-0.99,13.87,55.15,539.0
2025-03-21 00:00:00,DL,13,159,-19.0,-5.99,-0.99,13.07,57.4,396.0
2025-03-21 00:00:00,UA,13,139,-15.0,-5.99,-2.97,1.99,22.88,710.0
2025-03-21 00:00:00,WN,9,237,-12.0,-4.01,-1.99,0.99,13.87,209.0
2025-03-21 00:00:00,AA,6,190,-14.0,-7.03,-4.01,-1.99,5.0,809.0
2025-03-21 00:00:00,DL,6,189,-18.0,-7.92,-5.0,-0.99,4.01,265.0
2025-03-21 00:00:00,AA,9,133,-13.0,-5.99,-2.97,0.0,21.12,420.0
2025-03-21 00:00:00,DL,23,40,-12.0,-4.01,0.0,15.03,24.78,198.0
2025-03-21 00:00:00,AA,21,89,-17.0,-4.01,0.0,15.96,74.45,1420.0
2025-03-21 00:00:00,DL,21,101,-14.0,-5.0,-1.99,4.01,26.84,82.0
2025-03-21 00:00:00,AA,20,130,-19.0,-5.0,-0.99,16.95,60.95,478.0
2025-03-21 00:00:00,WN,17,244,-11.0,-2.97,0.99,12.06,34.82,242.0
2025-03-21 00:00:00,AA,19,161,-14.0,-5.0,-0.99,23.81,68.72,428.0
2025-03-22 00:00:00,DL,11,198,-19.0,-5.99,-4.01,0.0,12.06,114.0
2025-03-22 00:00:00,DL,21,86,-15.0,-5.0,-1.99,4.01,15.96,67.0
2025-03-22 00:00:00,DL,13,132,-16.0,-7.03,-2.97,2.97,26.84,191.0
2025-03-22 00:00:00,DL,23,25,-12.0,-7.92,-2.97,-0.99,2.97,28.0
2025-03-22 00:00:00,AA,9,117,-12.0,-5.99,-2.97,0.99,17.99,358.0
2025-03-22 00:00:00,WN,9,197,-10.0,-5.0,-2.97,0.0,7.03,49.0
2025-03-22 00:00:00,DL,6,180,-18.0,-8.94,-5.0,0.0,7.03,561.0
2025-03-22 00:00:00,AA,5,109,-12.0,-7.03,-5.0,-1.99,5.0,1089.0
2025-03-22 00:00:00,AA,6,183,-14.0,-7.03,-5.0,-1.99,15.03,873.0
2025-03-22 00:00:00,AA,19,154,-15.0,-5.0,-0.99,19.89,71.53,767.0
2025-03-22 00:00:00,DL,16,108,-18.0,-7.03,-2.97,4.01,34.13,305.0
2025-03-22 00:00:00,AA,21,90,-13.0,-2.97,2.97,22.88,66.03,623.0
2025-03-22 00:00:00,WN,21,170,-12.0,-4.01,0.0,10.91,36.24,89.0
2025-03-22 00:00:00,WN,17,219,-12.0,-4.01,0.0,8.94,30.27,129.0
2025-03-22 00:00:00,UA,13,128,-16.0,-5.99,-2.97,2.97,19.11,195.0
2025-03-22 00:00:00,AA,20,127,-20.0,-5.0,0.0,23.81,50.91,154.0
2025-03-22 00:00:00,UA,16,128,-19.0,-5.99,-1.99,4.01,52.99,200.0
2025-03-22 00:00:00,DL,15,165,-17.0,-5.99,-2.97,5.0,39.25,374.0
2025-03-23 00:00:00,DL,16,139,-14.0,-5.99,-1.99,13.07,36.97,310.0
2025-03-23 00:00:00,DL,15,180,-13.0,-5.0,-0.99,8.94,29.08,241.0
2025-03-23 00:00:00,DL,11,209,-18.0,-5.99,-1.99,8.94,32.79,324.0
2025-03-23 00:00:00,AA,6,187,-14.0,-7.03,-4.01,-0.99,10.07,781.0
2025-03-23 00:00:00,DL,6,181,-19.0,-7.03,-4.01,-0.99,7.03,249.0
2025-03-23 00:00:00,AA,9,135,-12.0,-7.03,-2.97,0.0,15.03,342.0
2025-03-23 00:00:00,WN,9,202,-9.0,-4.01,-1.99,2.97,12.06,126.0
2025-03-23 00:00:00,AA,5,111,-14.0,-7.03,-5.0,-1.99,5.0,145.0
2025-03-23 00:00:00,UA,13,139,-16.0,-5.99,-1.99,5.99,36.24,365.0
2025-03-23 00:00:00,DL,13,161,-18.0,-5.99,-1.99,5.0,23.81,132.0
2025-03-23 00:00:00,WN,21,193,-13.0,-2.97,2.97,22.88,51.94,193.0
2025-03-23 00:00:00,AA,21,89,-13.0,-2.97,0.0,13.87,39.25,112.0
2025-03-23 00:00:00,DL,21,100,-14.0,-5.0,-0.99,8.94,40.86,211.0
2025-03-23 00:00:00,DL,23,39,-11.0,-4.01,-0.99,16.95,40.86,942.0
2025-03-23 00:00:00,UA,16,139,-14.0,-4.01,-0.99,7.92,29.08,332.0
2025-03-23 00:00:00,AA,19,160,-12.0,-5.0,-0.99,12.06,50.91,215.0
2025-03-23 00:00:00,AA,20,126,-10.0,-2.97,0.0,15.96,47.0,165.0
2025-03-23 00:00:00,WN,17,242,-11.0,-1.99,2.97,15.03,34.82,184.0
2025-03-24 00:00:00,WN,17,244,-12.0,-2.97,1.99,19.11,43.38,190.0
2025-03-24 00:00:00,DL,6,188,-14.0,-7.92,-5.0,-0.99,4.01,367.0
2025-03-24 00:00:00,AA,5,110,-14.0,-7.03,-4.01,-0.99,7.92,248.0
2025-03-24 00:00:00,DL,13,158,-15.0,-5.0,-0.99,13.87,46.07,420.0
2025-03-24 00:00:00,UA,13,137,-15.0,-7.03,-4.01,0.99,12.06,506.0
2025-03-24 00:00:00,WN,9,236,-9.0,-4.01,-0.99,5.0,16.95,178.0
2025-03-24 00:00:00,UA,16,139,-14.0,-5.0,-1.99,17.99,36.97,233.0
2025-03-24 00:00:00,AA,9,133,-12.0,-5.0,-2.97,1.99,13.87,406.0
2025-03-24 00:00:00,DL,11,206,-16.0,-5.0,-1.99,12.06,40.05,600.0
2025-03-24 00:00:00,DL,16,139,-18.0,-5.0,0.0,25.79,58.56,453.0
2025-03-24 00:00:00,DL,15,182,-21.0,-5.0,-0.99,19.11,49.9,225.0
2025-03-24 00:00:00,AA,6,189,-13.0,-7.03,-5.0,-1.99,4.01,118.0
2025-03-24 00:00:00,AA,19,161,-15.0,-5.0,-0.99,19.89,63.44,284.0
2025-03-24 00:00:00,AA,20,129,-12.0,-4.01,0.0,13.87,30.27,164.0
2025-03-24 00:00:00,AA,21,87,-13.0,-5.0,-1.99,7.92,25.79,100.0
2025-03-24 00:00:00,DL,21,103,-15.0,-5.0,-0.99,15.96,30.88,206.0
2025-03-24 00:00:00,DL,23,37,-14.0,-7.92,-1.99,4.01,15.03,30.0
2025-03-24 00:00:00,WN,21,168,-13.0,-5.99,-2.97,8.94,34.13,115.0
2025-03-25 00:00:00,DL,16,129,-25.0,-7.92,-4.01,0.99,30.27,404.0
2025-03-25 00:00:00,DL,21,77,-16.0,-7.03,-5.0,-0.99,5.99,189.0
2025-03-25 00:00:00,AA,20,127,-14.0,-5.99,-0.99,22.88,64.72,691.0
2025-03-25 00:00:00,WN,21,160,-14.0,-5.99,-1.99,8.94,41.68,139.0
2025-03-25 00:00:00,AA,21,87,-14.0,-4.01,8.94,27.94,72.97,275.0
2025-03-25 00:00:00,UA,13,134,-20.0,-7.92,-4.01,0.0,15.96,276.0
2025-03-25 00:00:00,WN,17,228,-11.0,-5.99,-2.97,5.0,30.27,137.0
2025-03-25 00:00:00,AA,19,160,-18.0,-7.92,0.99,36.97,80.65,667.0
2025-03-25 00:00:00,DL,15,178,-14.0,-7.03,-4.01,0.99,27.94,483.0
2025-03-25 00:00:00,DL,23,32,-17.0,-10.07,-7.03,-2.97,8.94,109.0
2025-03-25 00:00:00,UA,16,138,-13.0,-7.92,-5.0,-0.99,21.98,258.0
2025-03-25 00:00:00,DL,13,148,-20.0,-7.03,-4.01,-0.99,8.94,293.0
2025-03-25 00:00:00,AA,6,190,-16.0,-8.94,-5.99,-2.97,-0.99,293.0
2025-03-25 00:00:00,AA,5,111,-21.0,-10.07,-7.92,-5.0,-1.99,134.0
2025-03-25 00:00:00,DL,11,206,-20.0,-7.03,-4.01,0.0,15.03,219.0
2025-03-25 00:00:00,DL,6,187,-24.0,-10.07,-5.99,-2.97,2.97,525.0
2025-03-25 00:00:00,AA,9,132,-16.0,-7.03,-5.0,0.99,19.89,97.0
2025-03-25 00:00:00,WN,9,202,-10.0,-5.0,-2.97,0.0,7.92,90.0
2025-03-26 00:00:00,DL,13,152,-15.0,-7.92,-5.0,0.0,25.79,348.0
2025-03-26 00:00:00,DL,16,129,-16.0,-7.03,-4.01,0.0,19.89,260.0
2025-03-26 00:00:00,AA,9,133,-13.0,-7.03,-4.01,0.0,25.79,672.0
2025-03-26 00:00:00,DL,11,206,-17.0,-7.03,-5.0,-0.99,7.03,523.0
2025-03-26 00:00:00,UA,16,137,-22.0,-7.03,-4.01,0.0,15.03,306.0
2025-03-26 00:00:00,DL,23,34,-14.0,-7.03,-5.0,-1.99,0.0,10.0
2025-03-26 00:00:00,AA,21,87,-13.0,-5.99,-0.99,10.91,34.82,215.0
2025-03-26 00:00:00,WN,17,230,-11.0,-5.0,-0.99,5.99,27.94,249.0
2025-03-26 00:00:00,DL,21,79,-15.0,-5.99,-4.01,0.0,21.12,106.0
2025-03-26 00:00:00,WN,21,159,-14.0,-5.99,-2.97,2.97,21.98,136.0
2025-03-26 00:00:00,AA,19,160,-17.0,-7.03,-1.99,13.87,39.25,217.0
2025-03-26 00:00:00,AA,20,129,-11.0,-5.0,-1.99,7.03,23.81,136.0
2025-03-26 00:00:00,AA,6,190,-17.0,-8.94,-5.99,-2.97,0.0,84.0
2025-03-26 00:00:00,DL,6,185,-22.0,-8.94,-7.03,-4.01,0.0,19.0
2025-03-26 00:00:00,UA,13,138,-25.0,-7.03,-4.01,2.97,21.12,235.0
2025-03-26 00:00:00,DL,15,178,-24.0,-5.99,-1.99,4.01,27.94,247.0
2025-03-26 00:00:00,WN,9,203,-11.0,-5.0,-2.97,-0.99,2.97,195.0
2025-03-26 00:00:00,AA,5,110,-16.0,-8.94,-5.99,-4.01,4.01,1061.0
2025-03-27 00:00:00,AA,5,110,-14.0,-7.92,-5.99,-2.97,0.0,228.0
2025-03-27 00:00:00,AA,19,160,-14.0,-5.0,0.0,17.99,47.0,186.0
2025-03-27 00:00:00,DL,16,139,-19.0,-5.99,-2.97,5.99,23.81,263.0
2025-03-27 00:00:00,AA,21,88,-13.0,-4.01,-0.99,15.03,36.24,109.0
2025-03-27 00:00:00,DL,13,158,-15.0,-7.03,-4.01,0.99,15.96,539.0
2025-03-27 00:00:00,DL,21,102,-16.0,-5.99,-4.01,-0.99,8.94,178.0
2025-03-27 00:00:00,DL,11,208,-22.0,-5.99,-2.97,1.99,16.95,193.0
2025-03-27 00:00:00,AA,6,189,-13.0,-7.92,-5.99,-2.97,0.0,108.0
2025-03-27 00:00:00,WN,21,164,-17.0,-5.0,0.99,12.06,21.12,106.0
2025-03-27 00:00:00,WN,9,237,-13.0,-5.0,-1.99,0.99,5.99,167.0
2025-03-27 00:00:00,DL,6,189,-19.0,-7.92,-5.0,-1.99,1.99,228.0
2025-03-27 00:00:00,DL,23,39,-16.0,-7.92,-5.0,-1.99,7.03,46.0
2025-03-27 00:00:00,AA,9,131,-14.0,-5.99,-2.97,0.0,12.06,1316.0
2025-03-27 00:00:00,AA,20,129,-20.0,-5.0,-0.99,12.06,24.78,190.0
2025-03-27 00:00:00,UA,13,139,-19.0,-5.99,-4.01,0.0,21.12,162.0
2025-03-27 00:00:00,DL,15,181,-18.0,-5.99,-2.97,4.01,32.79,207.0
2025-03-27 00:00:00,WN,17,243,-11.0,-2.97,1.99,12.06,29.08,238.0
2025-03-27 00:00:00,UA,16,140,-15.0,-5.99,-2.97,0.99,13.87,151.0
2025-03-28 00:00:00,WN,17,243,-9.0,-1.99,4.01,16.95,72.97,211.0
2025-03-28 00:00:00,AA,9,132,-21.0,-5.99,-2.97,0.0,10.07,163.0
2025-03-28 00:00:00,DL,11,208,-17.0,-7.03,-4.01,0.99,22.88,483.0
2025-03-28 00:00:00,DL,6,189,-20.0,-7.92,-5.0,-0.99,1.99,520.0
2025-03-28 00:00:00,WN,9,234,-10.0,-4.01,-1.99,2.97,16.95,276.0
2025-03-28 00:00:00,AA,6,189,-12.0,-5.99,-4.01,-0.99,10.91,371.0
2025-03-28 00:00:00,AA,5,111,-14.0,-7.92,-5.0,-2.97,2.97,504.0
2025-03-28 00:00:00,DL,16,138,-15.0,-7.03,-2.97,5.99,23.81,370.0
2025-03-28 00:00:00,UA,16,144,-16.0,-5.0,-0.99,7.92,25.79,203.0
2025-03-28 00:00:00,DL,13,159,-18.0,-7.92,-4.01,1.99,19.11,64.0
2025-03-28 00:00:00,DL,15,178,-20.0,-5.99,-1.99,7.92,32.14,389.0
2025-03-28 00:00:00,UA,13,139,-15.0,-5.99,-2.97,0.99,15.03,307.0
2025-03-28 00:00:00,AA,19,163,-17.0,-5.99,-1.99,8.94,41.68,810.0
2025-03-28 00:00:00,AA,20,130,-15.0,-5.0,-0.99,7.03,29.08,81.0
2025-03-28 00:00:00,DL,21,101,-12.0,-5.0,-2.97,0.99,21.12,867.0
2025-03-28 00:00:00,WN,21,166,-15.0,-5.99,-1.99,7.92,36.97,191.0
2025-03-28 00:00:00,AA,21,89,-13.0,-4.01,-1.99,13.87,37.72,145.0
2025-03-28 00:00:00,DL,23,40,-10.0,-5.99,-4.01,-0.99,15.96,84.0
2025-03-29 00:00:00,AA,19,154,-20.0,-5.0,2.97,32.14,74.45,256.0
2025-03-29 00:00:00,AA,9,118,-16.0,-5.99,-4.01,-0.99,12.06,131.0
2025-03-29 00:00:00,DL,23,25,-11.0,-5.99,-4.01,8.94,13.87,38.0
2025-03-29 00:00:00,AA,20,125,-15.0,-4.01,0.0,23.81,48.91,835.0
2025-03-29 00:00:00,AA,21,92,-20.0,-5.0,-1.99,10.91,46.07,1112.0
2025-03-29 00:00:00,WN,21,168,-22.0,-5.0,1.99,24.78,45.15,198.0
2025-03-29 00:00:00,DL,21,85,-19.0,-5.99,-2.97,5.0,21.98,107.0
2025-03-29 00:00:00,WN,9,197,-13.0,-5.0,-1.99,0.0,10.07,171.0
2025-03-29 00:00:00,DL,16,108,-20.0,-7.92,-4.01,-0.99,7.92,284.0
2025-03-29 00:00:00,WN,17,219,-12.0,-5.0,0.0,13.87,49.9,226.0
2025-03-29 00:00:00,UA,16,126,-15.0,-5.99,-1.99,10.91,62.18,374.0
2025-03-29 00:00:00,AA,5,109,-19.0,-7.92,-5.0,-2.97,1.99,116.0
2025-03-29 00:00:00,AA,6,182,-17.0,-7.92,-5.0,-2.97,0.0,177.0
2025-03-29 00:00:00,DL,6,180,-16.0,-8.94,-5.99,-1.99,4.01,450.0
2025-03-29 00:00:00,UA,13,126,-13.0,-7.03,-4.01,0.0,10.07,230.0
2025-03-29 00:00:00,DL,15,165,-17.0,-7.03,-4.01,2.97,25.79,167.0
2025-03-29 00:00:00,DL,11,195,-15.0,-7.03,-5.0,0.0,21.98,174.0
2025-03-29 00:00:00,DL,13,132,-20.0,-7.92,-4.01,0.0,41.68,388.0
2025-03-30 00:00:00,AA,5,108,-15.0,-8.94,-5.99,-2.97,1.99,210.0
2025-03-30 00:00:00,AA,6,184,-13.0,-7.92,-5.0,-1.99,1.99,756.0
2025-03-30 00:00:00,DL,6,180,-19.0,-7.92,-5.0,-0.99,5.0,127.0
2025-03-30 00:00:00,AA,9,131,-17.0,-5.99,-1.99,5.99,45.15,189.0
2025-03-30 00:00:00,WN,9,202,-13.0,-4.01,0.0,7.92,26.84,134.0
2025-03-30 00:00:00,DL,11,208,-15.0,-5.99,-2.97,7.92,40.05,344.0
2025-03-30 00:00:00,DL,13,151,-14.0,-7.03,-1.99,10.07,36.24,590.0
2025-03-30 00:00:00,UA,13,124,-14.0,-4.01,4.01,30.88,80.65,225.0
2025-03-30 00:00:00,DL,15,180,-13.0,-2.97,7.92,40.05,82.28,425.0
2025-03-30 00:00:00,DL,16,136,-20.0,-4.01,0.0,32.14,130.34,316.0
2025-03-30 00:00:00,UA,16,135,-8.0,-1.99,25.79,96.55,156.04,456.0
2025-03-30 00:00:00,WN,17,241,-9.0,5.0,24.78,77.49,138.4,414.0
2025-03-30 00:00:00,AA,19,139,-14.0,1.99,44.26,98.5,183.12,974.0
2025-03-30 00:00:00,AA,20,110,-6.0,2.97,17.99,49.9,152.95,748.0
2025-03-30 00:00:00,WN,21,182,-8.0,7.03,34.82,92.77,169.04,410.0
2025-03-30 00:00:00,DL,21,99,-10.0,-0.99,15.96,48.91,96.55,661.0
2025-03-30 00:00:00,AA,21,73,-11.0,4.01,32.14,82.28,169.04,920.0
2025-03-30 00:00:00,DL,23,41,-7.0,-2.97,5.0,30.27,102.52,727.0
2025-03-31 00:00:00,AA,6,172,-14.0,-5.99,-4.01,0.0,40.86,465.0
2025-03-31 00:00:00,DL,6,188,-19.0,-7.03,-4.01,0.0,8.94,607.0
2025-03-31 00:00:00,AA,9,129,-10.0,-5.0,-0.99,10.91,60.95,548.0
2025-03-31 00:00:00,DL,11,198,-20.0,-2.97,7.92,51.94,106.71,1171.0
2025-03-31 00:00:00,DL,13,146,-13.0,-1.99,23.81,62.18,120.31,429.0
2025-03-31 00:00:00,UA,13,118,-12.0,-4.01,-0.99,15.96,47.95,162.0
2025-03-31 00:00:00,UA,16,131,-15.0,-1.99,7.03,54.06,132.97,1030.0
2025-03-31 00:00:00,DL,16,131,-14.0,13.07,57.4,144.04,257.27,1106.0
2025-03-31 00:00:00,WN,17,219,-14.0,4.01,27.94,89.13,152.95,351.0
2025-03-31 00:00:00,DL,15,173,-10.0,4.01,48.91,115.6,232.79,446.0
2025-03-31 00:00:00,AA,20,118,-11.0,1.99,21.12,66.03,115.6,573.0
2025-03-31 00:00:00,DL,21,96,-13.0,8.94,56.27,94.64,149.92,899.0
2025-03-31 00:00:00,AA,19,136,-15.0,1.99,26.84,100.49,210.64,972.0
2025-03-31 00:00:00,WN,21,160,-12.0,1.99,32.79,89.13,152.95,344.0
2025-03-31 00:00:00,AA,21,79,-14.0,-0.99,30.27,85.64,156.04,653.0
2025-03-31 00:00:00,DL,23,35,-8.0,1.99,34.82,113.31,130.34,708.0
2025-03-31 00:00:00,WN,9,233,-8.0,-1.99,2.97,15.03,45.15,415.0
2025-03-31 00:00:00,AA,5,99,-16.0,-7.03,-2.97,0.0,10.07,414.0
2025-04-01 00:00:00,UA,16,138,-13.0,-7.03,-2.97,1.99,22.88,72.0
2025-04-01 00:00:00,WN,17,231,-15.0,-5.0,0.0,13.87,32.79,209.0
2025-04-01 00:00:00,DL,13,146,-14.0,-5.0,0.0,12.06,39.25,205.0
2025-04-01 00:00:00,DL,16,129,-16.0,-5.99,0.0,22.88,48.91,311.0
2025-04-01 00:00:00,WN,9,203,-10.0,-5.0,-0.99,4.01,17.99,155.0
2025-04-01 00:00:00,DL,15,182,-16.0,-4.01,0.0,17.99,45.15,218.0
2025-04-01 00:00:00,DL,11,202,-14.0,-5.0,0.0,19.11,54.06,270.0
2025-04-01 00:00:00,UA,13,124,-13.0,-5.99,-4.01,0.99,13.07,76.0
2025-04-01 00:00:00,AA,20,126,-14.0,-4.01,-0.99,13.87,40.05,774.0
2025-04-01 00:00:00,AA,6,178,-14.0,-7.03,-4.01,0.0,72.97,1703.0
2025-04-01 00:00:00,DL,6,174,-17.0,-7.03,-2.97,0.99,16.95,423.0
2025-04-01 00:00:00,AA,5,100,-15.0,-7.92,-5.0,-1.99,10.91,400.0
2025-04-01 00:00:00,WN,21,160,-15.0,-5.0,1.99,15.96,40.86,158.0
2025-04-01 00:00:00,AA,9,129,-15.0,-5.0,-2.97,1.99,63.44,598.0
2025-04-01 00:00:00,AA,19,154,-23.0,-5.99,0.0,15.96,40.86,652.0
2025-04-01 00:00:00,AA,21,88,-13.0,-5.0,-0.99,15.96,45.15,159.0
2025-04-01 00:00:00,DL,21,80,-14.0,-4.01,0.0,13.87,40.86,205.0
2025-04-01 00:00:00,DL,23,33,-15.0,-5.0,-4.01,2.97,13.87,124.0
2025-04-02 00:00:00,DL,15,179,-19.0,-5.0,-1.99,13.07,46.07,330.0
2025-04-02 00:00:00,AA,21,77,-9.0,-2.97,10.91,47.0,102.52,520.0
2025-04-02 00:00:00,AA,19,140,-18.0,-4.01,21.98,71.53,149.92,908.0
2025-04-02 00:00:00,AA,20,114,-13.0,-1.99,19.89,52.99,85.64,229.0
2025-04-02 00:00:00,DL,16,126,-16.0,-5.0,0.0,15.03,43.38,288.0
2025-04-02 00:00:00,WN,17,231,-15.0,-0.99,8.94,39.25,85.64,246.0
2025-04-02 00:00:00,UA,16,131,-13.0,-4.01,7.03,63.44,183.12,1072.0
2025-04-02 00:00:00,DL,23,35,-12.0,-7.03,-4.01,5.99,21.98,213.0
2025-04-02 00:00:00,AA,9,128,-12.0,-5.0,-0.99,16.95,82.28,364.0
2025-04-02 00:00:00,UA,13,123,-12.0,-5.99,-1.99,8.94,67.36,315.0
2025-04-02 00:00:00,DL,21,78,-15.0,-4.01,0.0,19.11,54.06,168.0
2025-04-02 00:00:00,WN,9,196,-14.0,-4.01,0.0,10.91,40.05,212.0
2025-04-02 00:00:00,DL,11,201,-15.0,-5.99,-1.99,10.91,40.86,271.0
2025-04-02 00:00:00,DL,13,148,-22.0,-5.99,-1.99,7.92,41.68,539.0
2025-04-02 00:00:00,WN,21,154,-12.0,0.0,12.06,37.72,87.37,242.0
2025-04-02 00:00:00,DL,6,184,-18.0,-7.92,-5.99,-1.99,7.03,502.0
2025-04-02 00:00:00,AA,5,109,-15.0,-8.94,-5.99,1.99,40.05,695.0
2025-04-02 00:00:00,AA,6,183,-16.0,-7.92,-5.0,0.0,32.14,316.0
2025-04-03 00:00:00,AA,9,119,-13.0,-5.0,-0.99,16.95,40.05,283.0
2025-04-03 00:00:00,DL,23,42,-11.0,-5.0,0.0,13.07,37.72,114.0
2025-04-03 00:00:00,DL,21,104,-13.0,-2.97,2.97,26.84,46.07,194.0
2025-04-03 00:00:00,WN,21,164,-15.0,0.0,13.87,41.68,100.49,220.0
2025-04-03 00:00:00,AA,21,86,-11.0,0.0,27.94,68.72,89.13,2364.0
2025-04-03 00:00:00,WN,9,227,-11.0,-4.01,-0.99,10.91,32.14,462.0
2025-04-03 00:00:00,WN,17,245,-12.0,5.0,17.99,49.9,108.86,326.0
2025-04-03 00:00:00,AA,19,156,-15.0,-1.99,23.81,67.36,117.93,294.0
2025-04-03 00:00:00,DL,11,202,-14.0,-5.0,-0.99,10.91,36.97,361.0
2025-04-03 00:00:00,DL,15,187,-15.0,-4.01,0.0,15.03,55.15,1128.0
2025-04-03 00:00:00,DL,16,136,-13.0,-2.97,7.03,23.81,59.75,1095.0
2025-04-03 00:00:00,UA,16,141,-15.0,-4.01,1.99,37.72,100.49,278.0
2025-04-03 00:00:00,DL,13,161,-16.0,-5.99,-0.99,21.98,63.44,366.0
2025-04-03 00:00:00,UA,13,127,-13.0,-4.01,0.0,19.89,63.44,250.0
2025-04-03 00:00:00,AA,20,124,-11.0,-1.99,10.07,32.79,77.49,714.0
2025-04-03 00:00:00,AA,5,99,-15.0,-7.03,-2.97,2.97,52.99,2144.0
2025-04-03 00:00:00,AA,6,167,-10.0,-5.99,-2.97,0.99,21.98,1590.0
2025-04-03 00:00:00,DL,6,183,-16.0,-8.94,-5.0,-0.99,5.0,897.0
2025-04-04 00:00:00,WN,17,245,-11.0,1.99,19.11,52.99,100.49,197.0
2025-04-04 00:00:00,AA,9,135,-10.0,-2.97,-0.99,16.95,51.94,245.0
2025-04-04 00:00:00,DL,16,135,-13.0,-5.0,-0.99,15.03,32.14,116.0
2025-04-04 00:00:00,DL,23,42,-10.0,-7.03,-2.97,7.03,21.12,41.0
2025-04-04 00:00:00,AA,5,110,-14.0,-7.03,-4.01,-0.99,48.91,488.0
2025-04-04 00:00:00,AA,6,190,-16.0,-7.03,-4.01,0.0,34.82,483.0
2025-04-04 00:00:00,AA,20,129,-25.0,0.0,13.07,48.91,85.64,936.0
2025-04-04 00:00:00,AA,19,156,-13.0,-2.97,23.81,68.72,132.97,859.0
2025-04-04 00:00:00,DL,21,101,-13.0,-5.0,-1.99,12.06,34.13,108.0
2025-04-04 00:00:00,UA,16,142,-12.0,-5.0,0.0,22.88,55.15,489.0
2025-04-04 00:00:00,WN,21,165,-14.0,0.99,30.88,72.97,108.86,171.0
2025-04-04 00:00:00,AA,21,86,-12.0,-4.01,7.03,47.0,74.45,644.0
2025-04-04 00:00:00,DL,15,186,-16.0,-4.01,0.0,19.11,59.75,386.0
2025-04-04 00:00:00,DL,6,188,-14.0,-7.92,-4.01,-0.99,8.94,190.0
2025-04-04 00:00:00,WN,9,236,-10.0,-4.01,0.0,7.92,23.81,106.0
2025-04-04 00:00:00,DL,11,201,-13.0,-5.99,-1.99,15.03,40.86,137.0
2025-04-04 00:00:00,DL,13,161,-14.0,-5.99,-1.99,8.94,30.88,158.0
2025-04-04 00:00:00,UA,13,128,-10.0,-4.01,0.0,27.94,58.56,365.0
2025-04-05 00:00:00,UA,16,120,-12.0,-5.0,0.0,37.72,111.06,302.0
2025-04-05 00:00:00,DL,15,166,-13.0,-5.0,-0.99,13.07,63.44,320.0
2025-04-05 00:00:00,DL,16,111,-17.0,-5.0,-0.99,24.78,54.06,121.0
2025-04-05 00:00:00,AA,5,91,-11.0,-5.99,-2.97,87.37,144.04,250.0
2025-04-05 00:00:00,AA,6,180,-16.0,-7.03,-2.97,24.78,135.65,610.0
2025-04-05 00:00:00,AA,1,1,-6.0,-6.0,-6.0,-6.0,-6.0,-6.0
2025-04-05 00:00:00,DL,11,181,-13.0,-5.99,-1.99,10.91,52.99,261.0
2025-04-05 00:00:00,WN,21,161,-15.0,-2.97,10.07,40.05,92.77,184.0
2025-04-05 00:00:00,AA,21,81,-14.0,-2.97,17.99,60.95,89.13,534.0
2025-04-05 00:00:00,DL,6,178,-15.0,-8.94,-5.99,-1.99,7.03,285.0
2025-04-05 00:00:00,DL,23,26,-13.0,-7.92,-5.99,-4.01,2.97,81.0
2025-04-05 00:00:00,WN,9,188,-10.0,-4.01,-0.99,7.03,24.78,210.0
2025-04-05 00:00:00,AA,9,114,-13.0,-5.0,0.0,25.79,96.55,529.0
2025-04-05 00:00:00,AA,20,121,-12.0,-2.97,8.94,40.05,94.64,222.0
2025-04-05 00:00:00,UA,13,115,-14.0,-5.99,-1.99,8.94,56.27,337.0
2025-04-05 00:00:00,DL,21,86,-13.0,-5.0,-0.99,8.94,39.25,658.0
2025-04-05 00:00:00,DL,13,132,-16.0,-7.03,-1.99,5.99,32.14,285.0
2025-04-05 00:00:00,WN,17,214,-12.0,-1.99,10.91,40.86,92.77,346.0
2025-04-05 00:00:00,AA,19,119,-19.0,-5.99,0.99,40.05,83.94,196.0
2025-04-06 00:00:00,WN,9,203,-15.0,-4.01,0.0,7.03,19.89,325.0
2025-04-06 00:00:00,AA,9,134,-10.0,-4.01,-1.99,15.96,47.0,2036.0
2025-04-06 00:00:00,DL,11,198,-17.0,-7.03,-1.99,8.94,49.9,717.0
2025-04-06 00:00:00,DL,13,148,-15.0,-5.0,8.94,47.0,113.31,373.0
2025-04-06 00:00:00,UA,13,129,-12.0,-5.0,-2.97,5.0,21.12,222.0
2025-04-06 00:00:00,DL,15,168,-12.0,-0.99,17.99,75.95,172.45,464.0
2025-04-06 00:00:00,UA,16,139,-12.0,-5.0,0.0,8.94,32.14,239.0
2025-04-06 00:00:00,DL,16,127,-18.0,-0.99,47.95,115.6,210.64,477.0
2025-04-06 00:00:00,WN,17,246,-16.0,0.99,15.96,34.82,74.45,287.0
2025-04-06 00:00:00,AA,20,135,-8.0,-1.99,12.06,39.25,70.11,247.0
2025-04-06 00:00:00,AA,21,88,-14.0,-4.01,7.92,32.79,56.27,523.0
2025-04-06 00:00:00,WN,21,193,-13.0,0.0,15.96,41.68,85.64,237.0
2025-04-06 00:00:00,DL,23,39,-16.0,-4.01,0.0,30.88,77.49,148.0
2025-04-06 00:00:00,AA,1,1,16.0,16.0,16.0,16.0,16.0,16.0
2025-04-06 00:00:00,DL,6,175,-16.0,-7.03,-5.0,-0.99,7.03,509.0
2025-04-06 00:00:00,AA,5,104,-16.0,-7.92,-4.01,-1.99,7.03,650.0
2025-04-06 00:00:00,AA,6,176,-13.0,-7.03,-4.01,-1.99,8.94,552.0
2025-04-06 00:00:00,DL,21,93,-11.0,2.97,67.36,138.4,214.89,802.0
2025-04-06 00:00:00,AA,19,161,-12.0,-1.99,8.94,32.14,72.97,318.0
2025-04-07 00:00:00,DL,13,158,-14.0,-4.01,5.0,44.26,85.64,382.0
2025-04-07 00:00:00,AA,21,88,-13.0,-2.97,10.07,39.25,77.49,141.0
2025-04-07 00:00:00,AA,6,197,-14.0,-5.99,-4.01,-0.99,10.07,554.0
2025-04-07 00:00:00,AA,9,132,-13.0,-4.01,-1.99,5.99,34.13,540.0
2025-04-07 00:00:00,DL,15,187,-12.0,-1.99,10.07,51.94,94.64,342.0
2025-04-07 00:00:00,WN,17,242,-13.0,-2.97,2.97,13.87,34.82,182.0
2025-04-07 00:00:00,UA,13,124,-12.0,-7.03,-4.01,0.0,13.07,270.0
2025-04-07 00:00:00,WN,9,237,-11.0,-2.97,-0.99,7.03,21.12,138.0
2025-04-07 00:00:00,DL,11,198,-15.0,-5.0,5.0,24.78,82.28,189.0
2025-04-07 00:00:00,AA,1,1,-4.0,-4.0,-4.0,-4.0,-4.0,-4.0
2025-04-07 00:00:00,DL,16,136,-13.0,-0.99,21.12,52.99,82.28,543.0
2025-04-07 00:00:00,WN,21,166,-16.0,-5.99,-0.99,12.06,30.88,132.0
2025-04-07 00:00:00,DL,6,171,-13.0,-5.99,-2.97,1.99,26.84,538.0
2025-04-07 00:00:00,AA,5,111,-14.0,-7.03,-5.0,-1.99,10.07,53.0
2025-04-07 00:00:00,UA,16,138,-16.0,-5.99,-0.99,8.94,49.9,277.0
2025-04-07 00:00:00,DL,21,103,-14.0,-1.99,17.99,68.72,96.55,147.0
2025-04-07 00:00:00,AA,19,160,-22.0,-5.0,10.91,32.14,92.77,233.0
2025-04-07 00:00:00,DL,23,40,-16.0,-8.94,-4.01,13.87,41.68,128.0
2025-04-07 00:00:00,AA,20,135,-9.0,-2.97,7.92,29.08,63.44,219.0
2025-04-08 00:00:00,AA,21,77,-12.0,-5.0,-0.99,23.81,51.94,987.0
2025-04-08 00:00:00,AA,19,149,-21.0,-5.99,0.99,29.08,66.03,626.0
2025-04-08 00:00:00,AA,20,128,-15.0,-5.0,-0.99,10.91,36.97,646.0
2025-04-08 00:00:00,AA,1,1,-13.0,-13.0,-13.0,-13.0,-13.0,-13.0
2025-04-08 00:00:00,DL,23,35,-21.0,-10.07,-5.0,7.92,21.12,115.0
2025-04-08 00:00:00,WN,21,95,-15.0,-5.0,-2.97,1.99,22.88,189.0
2025-04-08 00:00:00,DL,13,149,-18.0,-7.03,-4.01,0.99,23.81,561.0
2025-04-08 00:00:00,WN,17,247,-14.0,-5.0,-0.99,7.92,25.79,272.0
2025-04-08 00:00:00,DL,21,77,-16.0,-5.99,-0.99,10.07,36.97,297.0
2025-04-08 00:00:00,DL,16,124,-14.0,-5.99,-0.99,16.95,60.95,269.0
2025-04-08 00:00:00,UA,13,124,-14.0,-7.03,-5.0,0.0,27.94,448.0
2025-04-08 00:00:00,DL,15,186,-16.0,-5.99,-1.99,15.03,79.05,367.0
2025-04-08 00:00:00,UA,16,139,-14.0,-7.92,-4.01,5.0,25.79,154.0
2025-04-08 00:00:00,AA,9,137,-14.0,-7.03,-4.01,-0.99,10.07,143.0
2025-04-08 00:00:00,WN,9,188,-12.0,-5.0,-2.97,1.99,10.91,125.0
2025-04-08 00:00:00,DL,11,201,-15.0,-5.99,-2.97,5.99,36.97,737.0
2025-04-08 00:00:00,DL,6,189,-18.0,-8.94,-5.99,-2.97,5.99,221.0
2025-04-08 00:00:00,AA,5,102,-14.0,-8.94,-7.03,-4.01,-0.99,130.0
2025-04-08 00:00:00,AA,6,189,-17.0,-7.92,-5.99,-1.99,16.95,806.0
2025-04-09 00:00:00,AA,9,132,-12.0,-5.0,-2.97,1.99,25.79,310.0
2025-04-09 00:00:00,DL,11,201,-15.0,-5.99,-4.01,0.99,15.96,1062.0
2025-04-09 00:00:00,AA,19,157,-16.0,-7.03,-1.99,13.07,49.9,358.0
2025-04-09 00:00:00,AA,20,129,-18.0,-5.0,-0.99,12.06,34.13,300.0
2025-04-09 00:00:00,WN,9,195,-11.0,-4.01,-1.99,0.99,10.91,161.0
2025-04-09 00:00:00,WN,21,95,-12.0,-5.99,-4.01,-0.99,8.94,41.0
2025-04-09 00:00:00,UA,16,142,-22.0,-7.03,-4.01,0.99,19.89,306.0
2025-04-09 00:00:00,AA,1,1,-11.0,-11.0,-11.0,-11.0,-11.0,-11.0
2025-04-09 00:00:00,DL,15,183,-16.0,-5.99,-2.97,4.01,19.89,310.0
2025-04-09 00:00:00,DL,21,79,-13.0,-5.99,-4.01,0.0,26.84,68.0
2025-04-09 00:00:00,DL,13,152,-19.0,-7.92,-4.01,-0.99,7.92,134.0
2025-04-09 00:00:00,DL,23,37,-18.0,-8.94,-2.97,0.0,4.01,34.0
2025-04-09 00:00:00,AA,6,193,-14.0,-7.92,-5.99,-2.97,7.03,1557.0
2025-04-09 00:00:00,AA,5,106,-17.0,-8.94,-7.03,-2.97,-0.99,203.0
2025-04-09 00:00:00,DL,6,184,-18.0,-8.94,-5.99,-1.99,0.0,656.0
2025-04-09 00:00:00,UA,13,128,-13.0,-7.03,-4.01,0.0,15.96,449.0
2025-04-09 00:00:00,AA,21,87,-16.0,-4.01,-0.99,17.99,58.56,207.0
2025-04-09 00:00:00,WN,17,249,-11.0,-4.01,0.0,7.03,17.99,218.0
2025-04-09 00:00:00,DL,16,125,-19.0,-7.03,-2.97,0.0,13.07,501.0
2025-04-10 00:00:00,DL,21,96,-11.0,-0.99,21.12,59.75,100.49,618.0
2025-04-10 00:00:00,UA,16,141,-14.0,-5.99,-2.97,0.99,27.94,265.0
2025-04-10 00:00:00,DL,16,132,-13.0,-5.0,0.0,16.95,51.94,1013.0
2025-04-10 00:00:00,WN,17,240,-12.0,-1.99,5.0,17.99,40.86,178.0
2025-04-10 00:00:00,UA,13,127,-12.0,-7.03,-4.01,1.99,8.94,470.0
2025-04-10 00:00:00,DL,6,188,-17.0,-7.92,-5.0,-0.99,1.99,309.0
2025-04-10 00:00:00,AA,1,1,10.0,10.0,10.0,10.0,10.0,10.0
2025-04-10 00:00:00,DL,13,159,-14.0,-5.99,-1.99,7.92,30.88,665.0
2025-04-10 00:00:00,AA,9,135,-10.0,-5.99,-1.99,2.97,17.99,193.0
2025-04-10 00:00:00,WN,9,237,-12.0,-5.0,-1.99,2.97,16.95,170.0
2025-04-10 00:00:00,DL,23,40,-12.0,-5.99,-2.97,7.03,141.19,718.0
2025-04-10 00:00:00,DL,15,183,-14.0,-5.0,-0.99,12.06,37.72,419.0
2025-04-10 00:00:00,AA,19,159,-15.0,-2.97,7.92,32.14,77.49,271.0
2025-04-10 00:00:00,AA,5,111,-14.0,-7.92,-5.0,-1.99,0.99,168.0
2025-04-10 00:00:00,DL,11,202,-16.0,-5.99,-1.99,2.97,15.03,346.0
2025-04-10 00:00:00,AA,21,87,-15.0,-4.01,0.0,24.78,58.56,102.0
2025-04-10 00:00:00,AA,20,137,-9.0,-4.01,2.97,16.95,43.38,184.0
2025-04-10 00:00:00,AA,6,195,-17.0,-7.03,-4.01,-0.99,0.99,1741.0
2025-04-10 00:00:00,WN,21,193,-15.0,-1.99,4.01,21.12,40.05,294.0
2025-04-11 00:00:00,AA,19,161,-16.0,-2.97,12.06,39.25,70.11,255.0
2025-04-11 00:00:00,DL,6,179,-14.0,-7.03,-4.01,0.99,10.91,639.0
2025-04-11 00:00:00,UA,13,128,-15.0,-7.03,-4.01,-0.99,15.03,137.0
2025-04-11 00:00:00,WN,21,193,-11.0,-0.99,5.99,24.78,54.06,182.0
2025-04-11 00:00:00,AA,20,135,-11.0,-4.01,4.01,32.79,70.11,342.0
2025-04-11 00:00:00,UA,16,143,-15.0,-5.99,-2.97,4.01,34.82,188.0
2025-04-11 00:00:00,AA,9,134,-11.0,-5.0,-1.99,5.99,37.72,733.0
2025-04-11 00:00:00,WN,17,243,-10.0,-0.99,7.03,26.84,54.06,234.0
2025-04-11 00:00:00,WN,9,238,-12.0,-4.01,-0.99,4.01,19.89,178.0
2025-04-11 00:00:00,DL,15,184,-15.0,-5.0,1.99,23.81,49.9,201.0
2025-04-11 00:00:00,DL,16,134,-13.0,-4.01,0.0,23.81,62.18,315.0
2025-04-11 00:00:00,DL,11,194,-13.0,-5.0,-0.99,13.87,45.15,193.0
2025-04-11 00:00:00,DL,13,159,-12.0,-5.0,0.0,25.79,63.44,264.0
2025-04-11 00:00:00,AA,6,195,-15.0,-7.03,-4.01,-0.99,2.97,397.0
2025-04-11 00:00:00,AA,1,1,-16.0,-16.0,-16.0,-16.0,-16.0,-16.0
2025-04-11 00:00:00,AA,5,110,-14.0,-7.03,-5.0,-1.99,0.99,233.0
2025-04-11 00:00:00,DL,23,42,-14.0,-7.03,-2.97,0.0,17.99,120.0
2025-04-11 00:00:00,DL,21,101,-18.0,-4.01,-0.99,19.11,34.82,780.0
2025-04-11 00:00:00,AA,21,87,-8.0,-4.01,1.99,26.84,85.64,476.0
2025-04-12 00:00:00,DL,15,163,-25.0,-7.03,-2.97,5.99,29.08,194.0
2025-04-12 00:00:00,DL,16,113,-16.0,-5.99,-0.99,10.07,36.97,93.0
2025-04-12 00:00:00,UA,16,120,-15.0,-7.92,-5.0,0.0,5.99,122.0
2025-04-12 00:00:00,WN,17,221,-13.0,-5.0,-1.99,4.01,19.89,96.0
2025-04-12 00:00:00,AA,19,127,-20.0,-7.03,-1.99,8.94,40.05,343.0
2025-04-12 00:00:00,AA,20,124,-23.0,-5.0,-0.99,15.03,34.13,157.0
2025-04-12 00:00:00,AA,21,84,-11.0,-5.0,0.99,17.99,60.95,478.0
2025-04-12 00:00:00,DL,21,88,-17.0,-7.92,-5.99,-1.99,10.07,116.0
2025-04-12 00:00:00,WN,21,36,-9.0,-4.01,0.0,30.88,45.15,98.0
2025-04-12 00:00:00,DL,23,27,-16.0,-8.94,-5.0,0.99,10.07,56.0
2025-04-12 00:00:00,UA,13,115,-13.0,-7.03,-4.01,0.0,15.96,208.0
2025-04-12 00:00:00,AA,9,121,-15.0,-5.99,-4.01,1.99,34.13,745.0
2025-04-12 00:00:00,WN,9,222,-9.0,-5.0,-1.99,0.99,7.92,128.0
2025-04-12 00:00:00,AA,1,1,-5.0,-5.0,-5.0,-5.0,-5.0,-5.0
2025-04-12 00:00:00,DL,11,182,-20.0,-7.03,-2.97,2.97,30.27,203.0
2025-04-12 00:00:00,DL,6,178,-20.0,-7.03,-4.01,0.0,5.99,523.0
2025-04-12 00:00:00,AA,5,105,-13.0,-8.94,-5.0,-1.99,0.99,58.0
2025-04-12 00:00:00,AA,6,185,-20.0,-7.92,-5.0,-2.97,1.99,307.0
2025-04-12 00:00:00,DL,13,131,-19.0,-7.03,-4.01,5.0,26.84,136.0
2025-04-13 00:00:00,DL,13,159,-19.0,-7.03,-4.01,1.99,21.12,330.0
2025-04-13 00:00:00,AA,21,89,-12.0,-5.0,-1.99,13.07,58.56,732.0
2025-04-13 00:00:00,AA,1,1,-9.0,-9.0,-9.0,-9.0,-9.0,-9.0
2025-04-13 00:00:00,AA,5,111,-13.0,-7.92,-5.0,-1.99,22.88,418.0
2025-04-13 00:00:00,AA,6,187,-18.0,-7.92,-5.0,-1.99,5.0,1623.0
2025-04-13 00:00:00,DL,6,180,-15.0,-7.92,-4.01,0.0,12.06,175.0
2025-04-13 00:00:00,AA,9,134,-12.0,-5.99,-2.97,5.0,26.84,872.0
2025-04-13 00:00:00,WN,9,209,-14.0,-5.0,-1.99,1.99,8.94,118.0
2025-04-13 00:00:00,DL,11,200,-16.0,-7.03,-5.0,0.99,26.84,101.0
2025-04-13 00:00:00,DL,16,137,-12.0,-5.0,-1.99,10.91,32.79,221.0
2025-04-13 00:00:00,WN,17,231,-11.0,-1.99,4.01,15.96,36.24,192.0
2025-04-13 00:00:00,DL,21,111,-11.0,-5.99,-2.97,0.99,19.89,102.0
2025-04-13 00:00:00,DL,23,42,-15.0,-8.94,-4.01,-1.99,16.95,62.0
2025-04-13 00:00:00,UA,13,128,-12.0,-7.03,-4.01,-0.99,8.94,220.0
2025-04-13 00:00:00,AA,19,161,-14.0,-5.0,-0.99,15.03,40.05,614.0
2025-04-13 00:00:00,AA,20,133,-12.0,-2.97,0.99,21.98,62.18,590.0
2025-04-13 00:00:00,DL,15,186,-14.0,-5.99,-2.97,5.99,19.89,491.0
2025-04-13 00:00:00,WN,21,181,-15.0,-5.0,1.99,13.87,37.72,237.0
2025-04-13 00:00:00,UA,16,140,-12.0,-5.99,-2.97,1.99,22.88,237.0
2025-04-14 00:00:00,WN,21,193,-17.0,-5.99,-1.99,10.91,39.25,115.0
2025-04-14 00:00:00,DL,6,191,-16.0,-7.92,-4.01,-0.99,1.99,791.0
2025-04-14 00:00:00,UA,16,139,-14.0,-7.03,-4.01,0.99,16.95,182.0
2025-04-14 00:00:00,AA,1,1,-9.0,-9.0,-9.0,-9.0,-9.0,-9.0
2025-04-14 00:00:00,AA,21,88,-13.0,-5.99,-4.01,2.97,30.27,229.0
2025-04-14 00:00:00,DL,23,32,-24.0,-12.06,-7.92,-2.97,4.01,14.0
2025-04-14 00:00:00,AA,5,111,-13.0,-7.92,-5.0,-1.99,5.99,467.0
2025-04-14 00:00:00,DL,21,102,-19.0,-7.03,-2.97,5.99,19.89,127.0
2025-04-14 00:00:00,AA,19,160,-19.0,-5.99,0.0,12.06,51.94,1001.0
2025-04-14 00:00:00,AA,6,195,-17.0,-7.92,-5.0,-2.97,1.99,533.0
2025-04-14 00:00:00,AA,20,134,-18.0,-4.01,0.0,10.91,32.79,660.0
2025-04-14 00:00:00,WN,17,243,-14.0,-4.01,0.0,13.07,26.84,133.0
2025-04-14 00:00:00,DL,15,192,-14.0,-5.0,-0.99,8.94,27.94,151.0
2025-04-14 00:00:00,WN,9,235,-10.0,-4.01,-1.99,1.99,13.07,73.0
2025-04-14 00:00:00,DL,16,140,-17.0,-5.99,-1.99,7.03,29.08,302.0
2025-04-14 00:00:00,DL,11,210,-15.0,-5.99,-2.97,1.99,17.99,789.0
2025-04-14 00:00:00,AA,9,138,-15.0,-5.0,-2.97,0.0,13.87,299.0
2025-04-14 00:00:00,DL,13,157,-14.0,-7.03,-2.97,4.01,32.79,436.0
2025-04-14 00:00:00,UA,13,124,-12.0,-7.03,-4.01,-1.99,13.87,390.0
2025-04-15 00:00:00,WN,17,248,-13.0,-5.0,-1.99,7.03,22.88,256.0
2025-04-15 00:00:00,AA,5,103,-14.0,-8.94,-7.03,-2.97,13.07,556.0
2025-04-15 00:00:00,AA,6,188,-19.0,-7.92,-5.99,-2.97,0.99,269.0
2025-04-15 00:00:00,DL,6,190,-21.0,-8.94,-5.99,-2.97,1.99,291.0
2025-04-15 00:00:00,DL,11,208,-17.0,-7.92,-5.0,0.0,8.94,148.0
2025-04-15 00:00:00,AA,19,151,-16.0,-7.03,-4.01,2.97,21.12,244.0
2025-04-15 00:00:00,DL,13,147,-21.0,-8.94,-5.0,-1.99,7.03,52.0
2025-04-15 00:00:00,DL,16,129,-15.0,-7.03,-5.0,-0.99,12.06,329.0
2025-04-15 00:00:00,UA,16,138,-17.0,-7.92,-5.0,-0.99,13.07,158.0
2025-04-15 00:00:00,DL,15,180,-17.0,-7.03,-4.01,0.99,16.95,538.0
2025-04-15 00:00:00,UA,13,123,-14.0,-7.92,-4.01,0.99,13.87,114.0
2025-04-15 00:00:00,WN,9,195,-11.0,-5.0,-2.97,0.99,8.94,62.0
2025-04-15 00:00:00,AA,9,139,-13.0,-5.99,-4.01,0.0,15.96,240.0
2025-04-15 00:00:00,AA,21,82,-15.0,-5.99,-2.97,2.97,13.87,83.0
2025-04-15 00:00:00,AA,1,1,-16.0,-16.0,-16.0,-16.0,-16.0,-16.0
2025-04-15 00:00:00,DL,23,29,-18.0,-10.07,-5.99,-1.99,1.99,17.0
2025-04-15 00:00:00,AA,20,132,-16.0,-5.99,-4.01,1.99,17.99,210.0
2025-04-15 00:00:00,DL,21,81,-16.0,-7.03,-4.01,0.0,13.07,55.0
2025-04-15 00:00:00,WN,21,95,-14.0,-7.03,-4.01,2.97,19.89,100.0
2025-04-16 00:00:00,DL,15,178,-14.0,-5.99,-2.97,1.99,30.88,196.0
2025-04-16 00:00:00,DL,6,188,-18.0,-10.07,-7.03,-2.97,2.97,559.0
2025-04-16 00:00:00,UA,13,125,-14.0,-7.03,-5.0,-0.99,5.0,220.0
2025-04-16 00:00:00,AA,1,1,-13.0,-13.0,-13.0,-13.0,-13.0,-13.0
2025-04-16 00:00:00,AA,20,130,-18.0,-5.0,-1.99,13.07,47.95,1550.0
2025-04-16 00:00:00,DL,11,206,-17.0,-7.03,-4.01,0.0,13.07,153.0
2025-04-16 00:00:00,WN,9,194,-13.0,-5.0,-2.97,0.0,5.0,121.0
2025-04-16 00:00:00,AA,6,193,-16.0,-7.92,-5.99,-2.97,0.0,234.0
2025-04-16 00:00:00,AA,5,109,-16.0,-7.92,-5.99,-2.97,1.99,79.0
2025-04-16 00:00:00,WN,21,95,-10.0,-5.99,-0.99,15.03,54.06,158.0
2025-04-16 00:00:00,DL,16,130,-15.0,-5.99,-4.01,1.99,27.94,132.0
2025-04-16 00:00:00,AA,9,135,-15.0,-5.99,-4.01,0.0,13.07,214.0
2025-04-16 00:00:00,DL,21,82,-15.0,-5.99,-4.01,-0.99,8.94,182.0
2025-04-16 00:00:00,DL,23,28,-15.0,-8.94,-5.99,-0.99,19.11,31.0
2025-04-16 00:00:00,UA,16,139,-15.0,-7.03,-2.97,0.0,21.98,160.0
2025-04-16 00:00:00,AA,21,87,-14.0,-5.99,-2.97,5.0,27.94,175.0
2025-04-16 00:00:00,DL,13,148,-19.0,-7.03,-2.97,1.99,21.12,1138.0
2025-04-16 00:00:00,WN,17,249,-10.0,-4.01,0.0,10.91,48.91,121.0
2025-04-16 00:00:00,AA,19,155,-19.0,-5.99,-1.99,10.91,56.27,297.0
2025-04-17 00:00:00,DL,6,189,-16.0,-7.92,-5.0,-1.99,0.99,75.0
2025-04-17 00:00:00,WN,21,193,-13.0,-0.99,10.07,32.79,58.56,119.0
2025-04-17 00:00:00,AA,21,88,-9.0,-4.01,0.0,17.99,46.07,621.0
2025-04-17 00:00:00,DL,23,34,-14.0,-5.0,0.99,13.07,32.79,161.0
2025-04-17 00:00:00,DL,21,102,-17.0,-5.0,-0.99,5.99,19.11,874.0
2025-04-17 00:00:00,AA,1,1,-5.0,-5.0,-5.0,-5.0,-5.0,-5.0
2025-04-17 00:00:00,AA,6,195,-12.0,-7.03,-5.0,-1.99,0.0,1049.0
2025-04-17 00:00:00,DL,15,189,-11.0,-5.0,-1.99,5.0,34.82,482.0
2025-04-17 00:00:00,AA,20,134,-11.0,-4.01,0.0,13.87,32.14,122.0
2025-04-17 00:00:00,AA,19,158,-14.0,-2.97,2.97,30.88,58.56,826.0
2025-04-17 00:00:00,WN,17,243,-10.0,1.99,13.87,36.97,63.44,445.0
2025-04-17 00:00:00,DL,16,140,-11.0,-5.0,-1.99,10.07,23.81,251.0
2025-04-17 00:00:00,UA,16,142,-16.0,-5.0,-0.99,21.12,67.36,580.0
2025-04-17 00:00:00,DL,13,153,-18.0,-5.99,-1.99,7.92,36.97,214.0
2025-04-17 00:00:00,WN,9,235,-10.0,-4.01,-1.99,1.99,15.03,107.0
2025-04-17 00:00:00,AA,5,111,-13.0,-7.92,-5.99,-2.97,0.99,376.0
2025-04-17 00:00:00,AA,9,134,-12.0,-5.0,-2.97,4.01,29.08,330.0
2025-04-17 00:00:00,DL,11,210,-16.0,-7.03,-2.97,4.01,19.89,382.0
2025-04-17 00:00:00,UA,13,125,-13.0,-7.03,-4.01,5.0,30.88,217.0
2025-04-18 00:00:00,DL,6,190,-16.0,-7.92,-5.0,-1.99,5.0,384.0
2025-04-18 00:00:00,WN,9,236,-12.0,-4.01,0.0,10.07,32.14,150.0
2025-04-18 00:00:00,AA,20,134,-19.0,-5.0,-1.99,13.07,36.97,508.0
2025-04-18 00:00:00,AA,9,134,-11.0,-5.99,-2.97,2.97,16.95,123.0
2025-04-18 00:00:00,DL,23,35,-17.0,-8.94,-5.0,1.99,19.89,105.0
2025-04-18 00:00:00,AA,21,87,-16.0,-5.99,-2.97,7.92,36.97,726.0
2025-04-18 00:00:00,AA,1,1,-9.0,-9.0,-9.0,-9.0,-9.0,-9.0
2025-04-18 00:00:00,DL,21,101,-13.0,-7.03,-4.01,2.97,15.03,814.0
2025-04-18 00:00:00,WN,21,188,-11.0,-5.0,0.99,34.82,132.97,272.0
2025-04-18 00:00:00,DL,11,216,-16.0,-7.92,-5.0,-0.99,12.06,199.0
2025-04-18 00:00:00,AA,19,159,-18.0,-7.03,-0.99,13.87,41.68,181.0
2025-04-18 00:00:00,AA,5,111,-14.0,-7.92,-5.99,-4.01,0.0,77.0
2025-04-18 00:00:00,UA,16,140,-14.0,-5.0,1.99,89.13,219.23,410.0
2025-04-18 00:00:00,WN,17,237,-10.0,-2.97,5.0,44.26,141.19,290.0
2025-04-18 00:00:00,AA,6,195,-12.0,-7.03,-5.0,-1.99,0.99,271.0
2025-04-18 00:00:00,DL,13,152,-13.0,-7.03,-4.01,0.99,10.91,155.0
2025-04-18 00:00:00,DL,15,192,-17.0,-5.99,-2.97,4.01,22.88,299.0
2025-04-18 00:00:00,DL,16,139,-14.0,-5.99,-1.99,5.99,26.84,272.0
2025-04-18 00:00:00,UA,13,127,-13.0,-5.0,0.99,80.65,223.66,474.0
2025-04-19 00:00:00,AA,6,183,-14.0,-7.03,-4.01,7.03,85.64,478.0
2025-04-19 00:00:00,DL,6,179,-16.0,-8.94,-5.99,-2.97,1.99,932.0
2025-04-19 00:00:00,AA,9,116,-13.0,-5.0,-0.99,13.07,71.53,543.0
2025-04-19 00:00:00,WN,9,222,-12.0,-5.0,-1.99,5.0,15.96,275.0
2025-04-19 00:00:00,DL,11,194,-22.0,-7.03,-4.01,1.99,21.12,139.0
2025-04-19 00:00:00,DL,13,142,-16.0,-8.94,-5.0,1.99,26.84,592.0
2025-04-19 00:00:00,UA,13,116,-19.0,-7.92,-4.01,1.99,21.12,272.0
2025-04-19 00:00:00,DL,15,185,-18.0,-7.92,-4.01,1.99,15.96,233.0
2025-04-19 00:00:00,DL,16,118,-23.0,-5.99,-2.97,7.92,30.27,248.0
2025-04-19 00:00:00,UA,16,117,-15.0,-8.94,-5.99,-1.99,7.03,122.0
2025-04-19 00:00:00,AA,21,83,-17.0,-7.03,-1.99,5.0,60.95,185.0
2025-04-19 00:00:00,DL,21,84,-14.0,-8.94,-5.0,0.0,16.95,169.0
2025-04-19 00:00:00,WN,21,36,-12.0,-4.01,-0.99,7.92,23.81,45.0
2025-04-19 00:00:00,AA,1,1,-7.0,-7.0,-7.0,-7.0,-7.0,-7.0
2025-04-19 00:00:00,AA,5,101,-14.0,-8.94,-5.0,0.0,44.26,446.0
2025-04-19 00:00:00,WN,17,223,-16.0,-5.99,-1.99,5.99,25.79,174.0
2025-04-19 00:00:00,DL,23,29,-18.0,-7.03,-2.97,2.97,30.27,545.0
2025-04-19 00:00:00,AA,19,126,-16.0,-7.03,-1.99,21.12,59.75,242.0
2025-04-19 00:00:00,AA,20,126,-18.0,-4.01,0.0,19.11,48.91,766.0
2025-04-20 00:00:00,DL,21,101,-17.0,-5.0,-1.99,7.03,29.08,242.0
2025-04-20 00:00:00,AA,9,129,-14.0,-5.99,-2.97,7.92,37.72,141.0
2025-04-20 00:00:00,WN,17,231,-14.0,-4.01,-0.99,7.92,36.24,217.0
2025-04-20 00:00:00,AA,5,95,-19.0,-8.94,-5.99,-0.99,36.24,157.0
2025-04-20 00:00:00,AA,6,178,-14.0,-7.92,-4.01,7.92,62.18,1139.0
2025-04-20 00:00:00,AA,20,136,-11.0,-4.01,2.97,21.12,47.95,611.0
2025-04-20 00:00:00,DL,23,35,-12.0,-5.99,-2.97,1.99,10.07,34.0
2025-04-20 00:00:00,DL,6,181,-21.0,-7.92,-5.0,0.0,8.94,481.0
2025-04-20 00:00:00,WN,9,207,-13.0,-5.99,-4.01,0.0,10.07,173.0
2025-04-20 00:00:00,AA,21,87,-16.0,-4.01,4.01,23.81,59.75,437.0
2025-04-20 00:00:00,WN,21,181,-15.0,-2.97,1.99,19.11,52.99,173.0
2025-04-20 00:00:00,UA,16,138,-11.0,-5.99,-0.99,13.07,117.93,401.0
2025-04-20 00:00:00,DL,15,193,-14.0,-5.99,-2.97,2.97,30.27,332.0
2025-04-20 00:00:00,DL,16,141,-13.0,-5.0,-1.99,5.0,36.97,217.0
2025-04-20 00:00:00,AA,19,161,-18.0,-5.0,-0.99,34.82,108.86,820.0
2025-04-20 00:00:00,DL,11,215,-20.0,-7.03,-4.01,0.0,25.79,362.0
2025-04-20 00:00:00,UA,13,125,-13.0,-7.03,-4.01,2.97,22.88,353.0
2025-04-20 00:00:00,DL,13,152,-19.0,-7.03,-4.01,7.03,24.78,503.0
2025-04-21 00:00:00,AA,6,196,-11.0,-5.99,-4.01,0.0,15.03,429.0
2025-04-21 00:00:00,WN,21,193,-15.0,-1.99,7.92,27.94,66.03,278.0
2025-04-21 00:00:00,DL,6,189,-15.0,-7.03,-5.0,-0.99,7.03,146.0
2025-04-21 00:00:00,WN,9,237,-8.0,-2.97,0.0,5.99,40.86,310.0
2025-04-21 00:00:00,AA,9,135,-11.0,-5.0,-2.97,4.01,40.86,515.0
2025-04-21 00:00:00,DL,21,105,-11.0,-5.0,-1.99,7.03,36.97,130.0
2025-04-21 00:00:00,DL,15,193,-17.0,-5.0,-0.99,7.92,30.27,409.0
2025-04-21 00:00:00,AA,21,87,-14.0,-4.01,0.0,19.11,74.45,192.0
2025-04-21 00:00:00,DL,23,33,-14.0,-5.99,-0.99,8.94,19.89,82.0
2025-04-21 00:00:00,DL,11,216,-15.0,-7.03,-4.01,4.01,22.88,243.0
2025-04-21 00:00:00,UA,13,123,-12.0,-5.99,-2.97,5.0,44.26,272.0
2025-04-21 00:00:00,AA,1,1,-4.0,-4.0,-4.0,-4.0,-4.0,-4.0
2025-04-21 00:00:00,WN,17,242,-9.0,-0.99,10.07,29.08,77.49,295.0
2025-04-21 00:00:00,DL,13,153,-20.0,-7.03,-2.97,4.01,13.87,162.0
2025-04-21 00:00:00,DL,16,144,-13.0,-5.99,-1.99,10.91,23.81,206.0
2025-04-21 00:00:00,AA,19,161,-15.0,-5.0,0.0,19.11,41.68,428.0
2025-04-21 00:00:00,AA,20,136,-14.0,-4.01,0.0,19.11,58.56,271.0
2025-04-21 00:00:00,AA,5,111,-16.0,-7.03,-4.01,-0.99,24.78,854.0
2025-04-21 00:00:00,UA,16,138,-14.0,-5.0,-0.99,15.96,70.11,261.0
2025-04-22 00:00:00,WN,21,95,-11.0,-5.0,-2.97,0.0,10.07,104.0
2025-04-22 00:00:00,AA,20,131,-14.0,-5.0,-0.99,10.91,36.97,156.0
2025-04-22 00:00:00,DL,13,146,-20.0,-7.03,-4.01,-0.99,8.94,88.0
2025-04-22 00:00:00,DL,23,29,-16.0,-7.92,-5.0,-0.99,7.03,28.0
2025-04-22 00:00:00,UA,13,123,-13.0,-7.03,-4.01,0.0,25.79,351.0
2025-04-22 00:00:00,DL,15,185,-15.0,-7.03,-2.97,0.0,12.06,94.0
2025-04-22 00:00:00,WN,9,194,-12.0,-4.01,-1.99,2.97,10.91,176.0
2025-04-22 00:00:00,DL,11,214,-19.0,-7.03,-5.0,-0.99,8.94,130.0
2025-04-22 00:00:00,DL,6,189,-16.0,-8.94,-5.99,-1.99,4.01,262.0
2025-04-22 00:00:00,AA,9,141,-12.0,-5.0,-1.99,5.0,21.98,239.0
2025-04-22 00:00:00,AA,6,189,-22.0,-7.03,-5.0,-1.99,0.99,1579.0
2025-04-22 00:00:00,AA,5,104,-14.0,-7.92,-5.99,-2.97,4.01,1895.0
2025-04-22 00:00:00,AA,1,1,2.0,2.0,2.0,2.0,2.0,2.0
2025-04-22 00:00:00,AA,19,151,-17.0,-7.03,-1.99,5.99,41.68,303.0
2025-04-22 00:00:00,DL,21,82,-16.0,-7.03,-5.0,-0.99,8.94,178.0
2025-04-22 00:00:00,UA,16,139,-15.0,-7.03,-5.0,0.0,13.07,429.0
2025-04-22 00:00:00,WN,17,248,-13.0,-5.0,-0.99,8.94,23.81,133.0
2025-04-22 00:00:00,DL,16,126,-16.0,-5.99,-4.01,0.0,10.91,92.0
2025-04-22 00:00:00,AA,21,82,-13.0,-5.0,-1.99,1.99,19.89,103.0
2025-04-23 00:00:00,AA,21,87,-12.0,-5.99,0.0,21.12,54.06,143.0
2025-04-23 00:00:00,AA,1,1,-13.0,-13.0,-13.0,-13.0,-13.0,-13.0
2025-04-23 00:00:00,AA,19,154,-13.0,-5.0,2.97,47.0,85.64,231.0
2025-04-23 00:00:00,DL,16,129,-15.0,-5.0,-1.99,2.97,40.86,221.0
2025-04-23 00:00:00,DL,15,184,-16.0,-5.0,-1.99,5.0,19.89,293.0
2025-04-23 00:00:00,DL,13,154,-17.0,-5.99,-2.97,2.97,17.99,99.0
2025-04-23 00:00:00,DL,11,217,-23.0,-7.92,-4.01,1.99,24.78,209.0
2025-04-23 00:00:00,AA,5,104,-12.0,-7.03,-5.0,10.07,60.95,214.0
2025-04-23 00:00:00,AA,6,194,-12.0,-7.03,-4.01,21.12,87.37,901.0
2025-04-23 00:00:00,WN,9,194,-11.0,-4.01,0.0,13.07,40.05,165.0
2025-04-23 00:00:00,AA,9,135,-13.0,-5.0,-1.99,17.99,70.11,282.0
2025-04-23 00:00:00,DL,6,187,-20.0,-8.94,-5.99,-2.97,0.99,640.0
2025-04-23 00:00:00,WN,17,248,-10.0,-1.99,5.99,22.88,59.75,192.0
2025-04-23 00:00:00,AA,20,131,-13.0,-5.0,-0.99,17.99,55.15,118.0
2025-04-23 00:00:00,UA,13,127,-14.0,-7.03,-4.01,0.99,13.87,206.0
2025-04-23 00:00:00,UA,16,143,-12.0,-5.99,-2.97,7.92,48.91,236.0
2025-04-23 00:00:00,WN,21,95,-10.0,-2.97,0.99,30.27,63.44,103.0
2025-04-23 00:00:00,DL,21,83,-14.0,-5.99,-2.97,0.0,19.11,95.0
2025-04-23 00:00:00,DL,23,28,-16.0,-7.92,-4.01,0.0,7.03,94.0
2025-04-24 00:00:00,UA,13,123,-13.0,-4.01,0.99,13.07,40.86,1349.0
2025-04-24 00:00:00,AA,19,149,-14.0,-2.97,8.94,62.18,127.75,852.0
2025-04-24 00:00:00,WN,9,232,-11.0,-2.97,0.0,7.92,21.12,132.0
2025-04-24 00:00:00,AA,6,189,-13.0,-7.03,-4.01,1.99,57.4,902.0
2025-04-24 00:00:00,AA,20,128,-9.0,-2.97,7.03,36.24,92.77,178.0
2025-04-24 00:00:00,WN,17,242,-8.0,2.97,16.95,47.95,117.93,370.0
2025-04-24 00:00:00,DL,15,196,-18.0,-5.99,-0.99,7.03,34.82,434.0
2025-04-24 00:00:00,DL,16,140,-14.0,-4.01,0.0,13.07,36.97,881.0
2025-04-24 00:00:00,UA,16,138,-12.0,-4.01,0.0,25.79,117.93,356.0
2025-04-24 00:00:00,DL,11,214,-19.0,-5.99,-2.97,5.0,15.96,265.0
2025-04-24 00:00:00,DL,13,154,-19.0,-7.03,-2.97,5.0,19.89,262.0
2025-04-24 00:00:00,AA,1,1,-7.0,-7.0,-7.0,-7.0,-7.0,-7.0
2025-04-24 00:00:00,DL,6,188,-15.0,-8.94,-5.99,-2.97,0.99,194.0
2025-04-24 00:00:00,AA,9,123,-12.0,-4.01,-0.99,21.12,70.11,245.0
2025-04-24 00:00:00,AA,21,85,-13.0,-2.97,0.99,25.79,48.91,212.0
2025-04-24 00:00:00,WN,21,192,-13.0,7.03,22.88,63.44,152.95,241.0
2025-04-24 00:00:00,AA,5,109,-12.0,-7.92,-5.99,-1.99,46.07,730.0
2025-04-24 00:00:00,DL,21,104,-16.0,-2.97,0.0,25.79,50.91,182.0
2025-04-24 00:00:00,DL,23,35,-14.0,-2.97,0.0,7.92,16.95,93.0
2025-04-25 00:00:00,WN,9,235,-10.0,-2.97,0.0,10.91,29.08,90.0
2025-04-25 00:00:00,WN,17,242,-10.0,0.99,13.87,34.82,64.72,157.0
2025-04-25 00:00:00,UA,13,128,-10.0,-4.01,7.92,34.13,87.37,183.0
2025-04-25 00:00:00,AA,5,108,-13.0,-5.99,-4.01,-0.99,19.11,202.0
2025-04-25 00:00:00,AA,19,160,-19.0,-5.0,0.0,13.07,54.06,207.0
2025-04-25 00:00:00,DL,15,194,-12.0,-5.99,-0.99,10.91,32.14,287.0
2025-04-25 00:00:00,AA,20,135,-10.0,-5.0,0.0,13.07,30.27,174.0
2025-04-25 00:00:00,AA,21,87,-12.0,-5.0,-0.99,7.92,26.84,206.0
2025-04-25 00:00:00,DL,21,103,-15.0,-5.99,-1.99,13.87,71.53,623.0
2025-04-25 00:00:00,DL,23,36,-13.0,-7.03,-2.97,29.08,64.72,134.0
2025-04-25 00:00:00,AA,1,1,11.0,11.0,11.0,11.0,11.0,11.0
2025-04-25 00:00:00,DL,16,139,-17.0,-5.99,0.0,8.94,30.27,322.0
2025-04-25 00:00:00,UA,16,141,-12.0,-4.01,5.0,34.82,87.37,211.0
2025-04-25 00:00:00,DL,13,155,-17.0,-5.0,-1.99,10.07,30.88,443.0
2025-04-25 00:00:00,WN,21,193,-13.0,-2.97,12.06,39.25,72.97,169.0
2025-04-25 00:00:00,DL,6,189,-15.0,-7.03,-5.0,-0.99,2.97,881.0
2025-04-25 00:00:00,AA,9,134,-10.0,-5.0,-2.97,2.97,32.14,290.0
2025-04-25 00:00:00,DL,11,218,-13.0,-5.99,-2.97,5.0,21.98,140.0
2025-04-25 00:00:00,AA,6,192,-14.0,-5.99,-4.01,-0.99,8.94,130.0
2025-04-26 00:00:00,AA,5,105,-14.0,-7.92,-5.0,-1.99,7.92,595.0
2025-04-26 00:00:00,AA,19,128,-20.0,-7.03,-2.97,13.07,56.27,294.0
2025-04-26 00:00:00,DL,23,28,-19.0,-7.92,-4.01,1.99,7.03,56.0
2025-04-26 00:00:00,DL,11,197,-18.0,-5.99,-2.97,2.97,25.79,354.0
2025-04-26 00:00:00,DL,6,179,-20.0,-7.92,-5.0,-1.99,0.99,1052.0
2025-04-26 00:00:00,AA,9,123,-14.0,-5.0,-2.97,0.0,10.91,358.0
2025-04-26 00:00:00,WN,9,221,-11.0,-5.0,-0.99,5.0,16.95,528.0
2025-04-26 00:00:00,DL,13,144,-15.0,-7.03,-2.97,5.99,40.05,246.0
2025-04-26 00:00:00,UA,13,115,-16.0,-5.99,-2.97,7.92,34.82,384.0
2025-04-26 00:00:00,DL,15,183,-16.0,-7.03,-4.01,1.99,19.89,195.0
2025-04-26 00:00:00,UA,16,117,-19.0,-7.03,-2.97,7.92,77.49,382.0
2025-04-26 00:00:00,AA,21,84,-17.0,-5.0,-0.99,15.03,40.05,161.0
2025-04-26 00:00:00,WN,21,36,-11.0,-1.99,5.99,22.88,36.24,66.0
2025-04-26 00:00:00,DL,16,123,-16.0,-5.99,-2.97,5.0,19.11,524.0
2025-04-26 00:00:00,AA,20,126,-18.0,-5.0,0.0,12.06,55.15,558.0
2025-04-26 00:00:00,DL,21,85,-14.0,-5.99,-2.97,7.03,25.79,246.0
2025-04-26 00:00:00,AA,6,186,-10.0,-7.03,-5.0,-1.99,5.0,1634.0
2025-04-26 00:00:00,WN,17,221,-13.0,-5.0,0.0,15.96,45.15,211.0
2025-04-26 00:00:00,AA,1,1,-9.0,-9.0,-9.0,-9.0,-9.0,-9.0
2025-04-27 00:00:00,WN,17,231,-8.0,0.0,7.92,23.81,40.86,149.0
2025-04-27 00:00:00,AA,9,135,-12.0,-5.99,-2.97,0.0,8.94,143.0
2025-04-27 00:00:00,DL,6,179,-16.0,-7.92,-5.0,-0.99,4.01,591.0
2025-04-27 00:00:00,DL,23,35,-10.0,-5.99,-1.99,10.91,34.82,61.0
2025-04-27 00:00:00,AA,20,136,-10.0,-4.01,0.0,16.95,45.15,190.0
2025-04-27 00:00:00,AA,19,160,-11.0,-4.01,0.0,21.12,70.11,161.0
2025-04-27 00:00:00,UA,16,139,-19.0,-5.0,-1.99,2.97,16.95,254.0
2025-04-27 00:00:00,DL,16,144,-15.0,-5.0,-1.99,5.0,19.11,315.0
2025-04-27 00:00:00,WN,21,181,-10.0,-2.97,7.03,21.98,47.95,134.0
2025-04-27 00:00:00,AA,21,88,-15.0,-5.0,0.0,21.12,49.9,158.0
2025-04-27 00:00:00,DL,13,156,-13.0,-5.99,-2.97,1.99,13.87,172.0
2025-04-27 00:00:00,AA,1,1,-3.0,-3.0,-3.0,-3.0,-3.0,-3.0
2025-04-27 00:00:00,DL,21,102,-11.0,-5.0,-0.99,13.87,40.86,147.0
2025-04-27 00:00:00,DL,11,214,-16.0,-7.03,-5.0,0.0,7.92,114.0
2025-04-27 00:00:00,UA,13,127,-14.0,-5.99,-4.01,0.99,13.87,304.0
2025-04-27 00:00:00,DL,15,195,-18.0,-5.0,-1.99,5.0,26.84,135.0
2025-04-27 00:00:00,WN,9,207,-11.0,-4.01,-1.99,1.99,12.06,85.0
2025-04-27 00:00:00,AA,6,188,-13.0,-7.03,-5.0,-1.99,2.97,849.0
2025-04-27 00:00:00,AA,5,111,-15.0,-7.92,-5.99,-4.01,0.99,176.0
2025-04-28 00:00:00,WN,9,235,-8.0,-4.01,-0.99,4.01,12.06,84.0
2025-04-28 00:00:00,AA,5,111,-13.0,-7.92,-5.0,-1.99,16.95,453.0
2025-04-28 00:00:00,DL,23,33,-15.0,-7.03,-4.01,1.99,10.07,91.0
2025-04-28 00:00:00,UA,16,136,-13.0,-5.99,-1.99,23.81,117.93,511.0
2025-04-28 00:00:00,UA,13,123,-14.0,-5.99,-2.97,0.0,13.87,402.0
2025-04-28 00:00:00,AA,1,1,-5.0,-5.0,-5.0,-5.0,-5.0,-5.0
2025-04-28 00:00:00,DL,21,103,-13.0,-5.0,-1.99,15.96,37.72,537.0
2025-04-28 00:00:00,DL,6,190,-14.0,-7.03,-5.0,-0.99,5.0,287.0
2025-04-28 00:00:00,AA,9,134,-11.0,-4.01,-1.99,5.0,21.12,353.0
2025-04-28 00:00:00,AA,20,134,-15.0,-4.01,0.0,8.94,41.68,288.0
2025-04-28 00:00:00,AA,21,87,-14.0,-5.0,0.99,19.89,66.03,154.0
2025-04-28 00:00:00,DL,13,154,-15.0,-5.99,-2.97,5.0,23.81,1069.0
2025-04-28 00:00:00,WN,21,189,-13.0,-5.0,0.0,17.99,34.13,124.0
2025-04-28 00:00:00,AA,6,196,-18.0,-7.03,-5.0,-1.99,4.01,89.0
2025-04-28 00:00:00,AA,19,160,-17.0,-5.99,-0.99,12.06,50.91,402.0
2025-04-28 00:00:00,DL,16,141,-15.0,-5.0,-1.99,5.99,24.78,539.0
2025-04-28 00:00:00,DL,11,213,-18.0,-7.03,-4.01,-0.99,15.03,370.0
2025-04-28 00:00:00,WN,17,241,-12.0,-2.97,4.01,17.99,37.72,135.0
2025-04-28 00:00:00,DL,15,191,-19.0,-5.99,-2.97,4.01,23.81,531.0
2025-04-29 00:00:00,AA,1,1,-6.0,-6.0,-6.0,-6.0,-6.0,-6.0
2025-04-29 00:00:00,UA,16,139,-20.0,-7.03,-2.97,7.03,37.72,158.0
2025-04-29 00:00:00,WN,21,95,-13.0,-5.99,-1.99,2.97,22.88,67.0
2025-04-29 00:00:00,DL,11,211,-18.0,-8.94,-5.0,-0.99,8.94,655.0
2025-04-29 00:00:00,DL,13,147,-24.0,-7.92,-5.0,0.0,10.07,307.0
2025-04-29 00:00:00,DL,23,29,-15.0,-7.03,-5.0,-2.97,0.0,28.0
2025-04-29 00:00:00,UA,13,123,-13.0,-7.03,-4.01,0.0,7.92,282.0
2025-04-29 00:00:00,DL,15,182,-15.0,-7.03,-4.01,0.99,19.89,244.0
2025-04-29 00:00:00,AA,21,81,-12.0,-5.0,-1.99,4.01,30.27,104.0
2025-04-29 00:00:00,AA,5,104,-20.0,-10.07,-7.03,-5.0,-0.99,31.0
2025-04-29 00:00:00,AA,20,130,-28.0,-5.99,-2.97,5.0,17.99,112.0
2025-04-29 00:00:00,AA,19,152,-18.0,-7.03,-2.97,2.97,30.27,694.0
2025-04-29 00:00:00,DL,21,81,-16.0,-7.92,-5.0,-1.99,5.0,167.0
2025-04-29 00:00:00,WN,9,194,-10.0,-5.0,-1.99,0.0,5.99,67.0
2025-04-29 00:00:00,AA,9,140,-15.0,-7.03,-5.0,-0.99,13.87,88.0
2025-04-29 00:00:00,DL,16,127,-15.0,-7.03,-4.01,0.99,22.88,64.0
2025-04-29 00:00:00,DL,6,191,-18.0,-8.94,-7.03,-4.01,0.99,630.0
2025-04-29 00:00:00,AA,6,189,-14.0,-8.94,-7.03,-4.01,-0.99,150.0
2025-04-29 00:00:00,WN,17,247,-14.0,-5.0,-0.99,13.07,41.68,164.0
2025-04-30 00:00:00,WN,21,86,-10.0,0.0,16.95,40.86,92.77,270.0
2025-04-30 00:00:00,DL,23,27,-9.0,-5.99,-1.99,5.99,22.88,124.0
2025-04-30 00:00:00,AA,1,1,0.0,0.0,0.0,0.0,0.0,0.0
2025-04-30 00:00:00,DL,21,82,-11.0,-5.99,-2.97,5.99,39.25,200.0
2025-04-30 00:00:00,AA,19,133,-14.0,-4.01,5.99,63.44,135.65,686.0
2025-04-30 00:00:00,DL,6,189,-16.0,-8.94,-5.99,-2.97,0.0,295.0
2025-04-30 00:00:00,WN,9,188,-10.0,-4.01,-1.99,1.99,10.07,216.0
2025-04-30 00:00:00,AA,5,102,-16.0,-8.94,-7.03,-4.01,4.01,95.0
2025-04-30 00:00:00,UA,13,124,-11.0,-5.99,-2.97,7.03,32.14,488.0
2025-04-30 00:00:00,UA,16,139,-14.0,-5.99,-0.99,10.91,71.53,1055.0
2025-04-30 00:00:00,DL,16,129,-15.0,-5.99,-2.97,5.0,27.94,288.0
2025-04-30 00:00:00,AA,21,77,-14.0,-4.01,0.0,24.78,100.49,515.0
2025-04-30 00:00:00,AA,6,180,-17.0,-7.92,-5.99,-4.01,0.99,168.0
2025-04-30 00:00:00,DL,13,152,-17.0,-7.03,-4.01,0.99,21.98,375.0
2025-04-30 00:00:00,AA,20,115,-11.0,-2.97,5.0,21.98,80.65,264.0
2025-04-30 00:00:00,DL,11,210,-17.0,-7.03,-5.0,0.0,12.06,584.0
2025-04-30 00:00:00,WN,17,239,-13.0,-0.99,7.03,30.27,111.06,305.0
2025-04-30 00:00:00,DL,15,183,-19.0,-5.99,-1.99,5.99,21.12,257.0
2025-04-30 00:00:00,AA,9,111,-11.0,-5.0,-1.99,7.03,47.95,583.0
