2025-01-01 00:00:00,UA,5,41,-11.0,-7.03,-5.0,-0.99,1.99,480.0
2025-01-01 00:00:00,DL,5,55,-16.0,-7.03,-2.97,-0.99,4.01,30.0
2025-01-01 00:00:00,AA,8,179,-14.0,-7.03,-4.01,-0.99,5.99,127.0
2025-01-01 00:00:00,UA,1,1,-3.0,-3.0,-3.0,-3.0,-3.0,-3.0
2025-01-01 00:00:00,UA,15,76,-11.0,-5.0,-0.99,5.99,15.96,414.0
2025-01-01 00:00:00,AA,17,139,-10.0,-5.0,-1.99,5.99,36.97,187.0
2025-01-01 00:00:00,AA,11,148,-15.0,-5.0,-2.97,1.99,17.99,432.0
2025-01-01 00:00:00,AA,18,145,-22.0,-5.0,-0.99,8.94,36.97,228.0
2025-01-01 00:00:00,UA,19,100,-12.0,-4.01,0.0,8.94,23.81,669.0
2025-01-01 00:00:00,WN,8,225,-13.0,-5.0,-1.99,0.0,12.06,107.0
2025-01-01 00:00:00,UA,11,116,-12.0,-5.0,0.0,8.94,24.78,178.0
2025-01-01 00:00:00,WN,20,172,-11.0,-2.97,0.99,10.07,21.12,130.0
2025-01-01 00:00:00,UA,22,48,-15.0,-7.03,-4.01,0.0,7.92,109.0
2025-01-01 00:00:00,WN,13,237,-10.0,-2.97,0.0,10.91,22.88,170.0
2025-01-01 00:00:00,AA,23,34,-13.0,-5.0,-4.01,0.0,7.03,55.0
2025-01-01 00:00:00,AA,7,128,-13.0,-7.03,-4.01,-0.99,5.99,301.0
2025-01-01 00:00:00,UA,9,120,-13.0,-5.0,0.0,10.07,32.79,153.0
2025-01-01 00:00:00,AA,13,137,-13.0,-5.99,-2.97,1.99,16.95,156.0
2025-01-01 00:00:00,DL,14,123,-17.0,-5.0,-1.99,5.0,26.84,214.0
2025-01-01 00:00:00,DL,1,2,-9.0,-8.94,-8.94,-8.94,-8.94,-1.0
2025-01-01 00:00:00,UA,14,122,-14.0,-5.0,-0.99,7.03,45.15,230.0
2025-01-01 00:00:00,WN,15,215,-10.0,-2.97,0.99,10.07,25.79,93.0
2025-01-02 00:00:00,DL,14,140,-17.0,-7.03,-1.99,7.03,32.79,443.0
2025-01-02 00:00:00,UA,5,45,-12.0,-7.92,-5.0,0.0,5.99,405.0
2025-01-02 00:00:00,UA,11,117,-10.0,-5.0,-2.97,0.99,19.11,182.0
2025-01-02 00:00:00,UA,14,120,-14.0,-5.99,-2.97,2.97,23.81,291.0
2025-01-02 00:00:00,WN,15,247,-10.0,-1.99,4.01,16.95,40.86,289.0
2025-01-02 00:00:00,AA,17,151,-14.0,-5.99,-1.99,7.03,34.13,309.0
2025-01-02 00:00:00,WN,13,217,-12.0,-1.99,0.99,10.07,34.13,209.0
2025-01-02 00:00:00,AA,18,164,-16.0,-5.0,-0.99,8.94,46.07,373.0
2025-01-02 00:00:00,UA,19,101,-11.0,-4.01,-0.99,7.92,27.94,136.0
2025-01-02 00:00:00,DL,5,59,-15.0,-7.03,-5.0,-1.99,7.03,54.0
2025-01-02 00:00:00,WN,8,253,-10.0,-5.0,-1.99,0.0,12.06,200.0
2025-01-02 00:00:00,WN,20,266,-14.0,-4.01,2.97,16.95,36.24,210.0
2025-01-02 00:00:00,UA,22,50,-11.0,-4.01,-0.99,7.92,24.78,1048.0
2025-01-02 00:00:00,AA,7,190,-13.0,-7.03,-4.01,-0.99,13.87,486.0
2025-01-02 00:00:00,AA,23,40,-10.0,-5.0,-0.99,5.0,36.24,467.0
2025-01-02 00:00:00,UA,1,1,-16.0,-16.0,-16.0,-16.0,-16.0,-16.0
2025-01-02 00:00:00,AA,11,159,-12.0,-5.99,-2.97,1.99,16.95,251.0
2025-01-02 00:00:00,AA,8,182,-12.0,-5.99,-4.01,0.0,22.88,390.0
2025-01-02 00:00:00,UA,9,126,-14.0,-5.99,-0.99,5.99,21.12,275.0
2025-01-02 00:00:00,DL,1,2,-5.0,-5.0,-5.0,-5.0,-5.0,19.0
2025-01-02 00:00:00,AA,13,151,-14.0,-5.0,-1.99,5.99,49.9,1293.0
2025-01-02 00:00:00,UA,15,76,-8.0,-4.01,-0.99,7.92,30.88,255.0
2025-01-03 00:00:00,UA,5,47,-10.0,-5.99,-4.01,-0.99,1.99,13.0
2025-01-03 00:00:00,AA,11,156,-11.0,-5.0,-1.99,5.99,34.13,582.0
2025-01-03 00:00:00,WN,15,225,-12.0,0.99,12.06,30.88,63.44,272.0
2025-01-03 00:00:00,WN,20,284,-11.0,2.97,15.96,40.86,82.28,191.0
2025-01-03 00:00:00,AA,23,32,-8.0,-5.0,0.0,13.07,40.86,102.0
2025-01-03 00:00:00,UA,22,49,-8.0,-1.99,7.92,25.79,55.15,68.0
2025-01-03 00:00:00,AA,17,141,-19.0,-5.0,-1.99,15.96,40.86,233.0
2025-01-03 00:00:00,UA,19,108,-10.0,-1.99,5.99,23.81,63.44,118.0
2025-01-03 00:00:00,AA,18,153,-19.0,-4.01,0.99,21.12,49.9,622.0
2025-01-03 00:00:00,UA,11,119,-11.0,-4.01,4.01,29.08,74.45,389.0
2025-01-03 00:00:00,DL,14,140,-15.0,-5.99,-1.99,12.06,57.4,1109.0
2025-01-03 00:00:00,UA,15,74,-16.0,-5.0,0.0,24.78,67.36,294.0
2025-01-03 00:00:00,UA,14,121,-10.0,-4.01,5.99,23.81,79.05,393.0
2025-01-03 00:00:00,AA,13,142,-11.0,-5.0,-0.99,10.07,45.15,194.0
2025-01-03 00:00:00,WN,13,233,-10.0,-1.99,7.92,32.14,74.45,403.0
2025-01-03 00:00:00,DL,5,62,-17.0,-7.92,-5.0,0.0,8.94,306.0
2025-01-03 00:00:00,UA,1,1,-15.0,-15.0,-15.0,-15.0,-15.0,-15.0
2025-01-03 00:00:00,UA,9,122,-11.0,-2.97,0.99,19.89,83.94,199.0
2025-01-03 00:00:00,DL,1,2,-6.0,-5.99,-5.99,-5.99,-5.99,36.0
2025-01-03 00:00:00,AA,7,196,-13.0,-5.99,-2.97,0.0,13.07,741.0
2025-01-03 00:00:00,WN,8,258,-13.0,-2.97,0.0,10.91,43.38,345.0
2025-01-03 00:00:00,AA,8,180,-13.0,-5.99,-4.01,0.0,15.96,498.0
2025-01-04 00:00:00,DL,14,133,-16.0,-4.01,4.01,30.27,75.95,295.0
2025-01-04 00:00:00,WN,8,182,-10.0,-4.01,-0.99,7.03,19.11,83.0
2025-01-04 00:00:00,UA,14,116,-13.0,-2.97,8.94,36.24,89.13,348.0
2025-01-04 00:00:00,AA,18,145,-15.0,-1.99,5.99,23.81,55.15,698.0
2025-01-04 00:00:00,UA,1,1,57.0,57.0,57.0,57.0,57.0,57.0
2025-01-04 00:00:00,UA,19,99,-19.0,4.01,19.89,52.99,83.94,146.0
2025-01-04 00:00:00,UA,15,73,-9.0,-1.99,7.92,32.79,74.45,181.0
2025-01-04 00:00:00,AA,17,131,-17.0,-4.01,2.97,26.84,64.72,320.0
2025-01-04 00:00:00,WN,15,221,-10.0,2.97,15.96,37.72,68.72,424.0
2025-01-04 00:00:00,UA,9,113,-11.0,-4.01,0.99,13.07,34.82,248.0
2025-01-04 00:00:00,AA,13,130,-13.0,-2.97,0.99,13.07,41.68,322.0
2025-01-04 00:00:00,WN,20,235,-12.0,4.01,21.12,51.94,87.37,341.0
2025-01-04 00:00:00,UA,22,51,-7.0,-0.99,5.99,27.94,71.53,981.0
2025-01-04 00:00:00,AA,11,133,-11.0,-4.01,0.0,10.91,36.97,347.0
2025-01-04 00:00:00,AA,23,38,-10.0,-4.01,0.0,10.07,21.12,74.0
2025-01-04 00:00:00,WN,13,205,-10.0,0.0,5.99,19.89,51.94,242.0
2025-01-04 00:00:00,DL,5,62,-18.0,-7.03,-5.0,1.99,13.87,184.0
2025-01-04 00:00:00,AA,8,162,-13.0,-5.0,-2.97,0.99,17.99,126.0
2025-01-04 00:00:00,AA,7,167,-12.0,-5.0,-1.99,0.99,15.96,128.0
2025-01-04 00:00:00,UA,11,112,-14.0,-2.97,4.01,22.88,49.9,205.0
2025-01-04 00:00:00,UA,5,50,-18.0,-5.0,-1.99,4.01,23.81,416.0
2025-01-04 00:00:00,DL,1,2,-9.0,-8.94,-8.94,-8.94,-8.94,20.0
2025-01-05 00:00:00,UA,15,77,-15.0,-0.99,4.01,25.79,45.15,244.0
2025-01-05 00:00:00,DL,5,60,-13.0,-8.94,-1.99,4.01,30.88,353.0
2025-01-05 00:00:00,WN,13,197,-9.0,0.0,7.03,21.12,40.05,255.0
2025-01-05 00:00:00,DL,1,2,-5.0,-5.0,-5.0,-5.0,-5.0,1.0
2025-01-05 00:00:00,WN,15,224,-9.0,2.97,16.95,34.82,62.18,234.0
2025-01-05 00:00:00,AA,17,132,-10.0,-2.97,7.03,74.45,165.69,316.0
2025-01-05 00:00:00,AA,13,144,-16.0,-1.99,7.92,58.56,122.75,1078.0
2025-01-05 00:00:00,AA,18,139,-17.0,-0.99,17.99,66.03,135.65,910.0
2025-01-05 00:00:00,UA,19,105,-13.0,-1.99,7.92,47.95,104.6,914.0
2025-01-05 00:00:00,AA,7,192,-11.0,-5.0,-2.97,1.99,34.82,474.0
2025-01-05 00:00:00,UA,9,116,-11.0,-4.01,1.99,13.87,39.25,207.0
2025-01-05 00:00:00,WN,20,251,-15.0,5.99,22.88,46.07,85.64,260.0
2025-01-05 00:00:00,UA,22,47,-8.0,-4.01,1.99,15.96,106.71,313.0
2025-01-05 00:00:00,AA,8,179,-12.0,-4.01,-0.99,13.07,80.65,1386.0
2025-01-05 00:00:00,AA,23,41,-8.0,-2.97,7.03,37.72,113.31,673.0
2025-01-05 00:00:00,DL,14,134,-12.0,-1.99,5.0,30.27,58.56,354.0
2025-01-05 00:00:00,WN,8,237,-10.0,-4.01,-0.99,10.07,22.88,243.0
2025-01-05 00:00:00,UA,5,46,-9.0,-7.03,-4.01,-0.99,2.97,26.0
2025-01-05 00:00:00,UA,1,1,4.0,4.0,4.0,4.0,4.0,4.0
2025-01-05 00:00:00,UA,14,117,-15.0,-0.99,5.99,43.38,100.49,604.0
2025-01-05 00:00:00,AA,11,153,-10.0,-2.97,5.0,48.91,90.93,262.0
2025-01-05 00:00:00,UA,11,117,-15.0,-1.99,7.92,29.08,51.94,450.0
2025-01-06 00:00:00,UA,14,118,-14.0,-0.99,10.07,67.36,115.6,507.0
2025-01-06 00:00:00,UA,22,44,-11.0,-0.99,12.06,56.27,135.65,206.0
2025-01-06 00:00:00,WN,13,212,-11.0,-0.99,8.94,47.0,117.93,302.0
2025-01-06 00:00:00,AA,13,133,-18.0,-0.99,17.99,58.56,117.93,1113.0
2025-01-06 00:00:00,DL,14,124,-14.0,-4.01,0.0,24.78,52.99,373.0
2025-01-06 00:00:00,UA,15,79,-10.0,-0.99,13.07,44.26,138.4,292.0
2025-01-06 00:00:00,WN,15,188,-12.0,-0.99,15.03,48.91,100.49,303.0
2025-01-06 00:00:00,AA,17,128,-20.0,-0.99,22.88,63.44,113.31,762.0
2025-01-06 00:00:00,AA,18,146,-13.0,2.97,23.81,66.03,111.06,301.0
2025-01-06 00:00:00,UA,19,108,-13.0,-1.99,15.96,60.95,111.06,303.0
2025-01-06 00:00:00,WN,20,143,-10.0,7.03,24.78,55.15,96.55,252.0
2025-01-06 00:00:00,AA,23,38,-10.0,-5.0,0.0,7.92,30.27,808.0
2025-01-06 00:00:00,DL,1,2,-2.0,-1.99,-1.99,-1.99,-1.99,33.0
2025-01-06 00:00:00,UA,5,46,-11.0,-7.03,-4.01,0.99,16.95,340.0
2025-01-06 00:00:00,DL,5,63,-14.0,-7.03,-0.99,5.0,16.95,358.0
2025-01-06 00:00:00,AA,7,175,-12.0,-2.97,0.0,13.87,70.11,384.0
2025-01-06 00:00:00,AA,8,162,-13.0,-4.01,1.99,21.98,52.99,657.0
2025-01-06 00:00:00,UA,1,1,29.0,29.0,29.0,29.0,29.0,29.0
2025-01-06 00:00:00,WN,8,202,-9.0,-4.01,-0.99,5.0,22.88,235.0
2025-01-06 00:00:00,UA,9,123,-14.0,-1.99,5.99,24.78,106.71,438.0
2025-01-06 00:00:00,AA,11,143,-14.0,-1.99,12.06,43.38,102.52,318.0
2025-01-06 00:00:00,UA,11,116,-14.0,-1.99,2.97,41.68,122.75,330.0
2025-01-07 00:00:00,UA,9,141,-13.0,-2.97,1.99,16.95,47.95,198.0
2025-01-07 00:00:00,UA,14,114,-15.0,-5.0,-0.99,16.95,64.72,327.0
2025-01-07 00:00:00,WN,13,226,-9.0,-1.99,7.92,29.08,51.94,168.0
2025-01-07 00:00:00,UA,1,1,6.0,6.0,6.0,6.0,6.0,6.0
2025-01-07 00:00:00,UA,15,79,-14.0,-2.97,4.01,13.87,58.56,153.0
2025-01-07 00:00:00,WN,15,215,-9.0,-0.99,12.06,32.14,58.56,169.0
2025-01-07 00:00:00,AA,17,146,-16.0,-5.99,-2.97,8.94,29.08,140.0
2025-01-07 00:00:00,AA,23,18,-10.0,-7.92,-1.99,4.01,15.96,62.0
2025-01-07 00:00:00,UA,5,29,-11.0,-5.99,-1.99,0.99,19.11,777.0
2025-01-07 00:00:00,UA,19,92,-15.0,-4.01,0.99,10.91,32.14,123.0
2025-01-07 00:00:00,UA,22,21,-13.0,-2.97,-0.99,8.94,37.72,107.0
2025-01-07 00:00:00,DL,5,65,-14.0,-8.94,-4.01,-0.99,15.03,265.0
2025-01-07 00:00:00,AA,18,137,-14.0,-5.0,-0.99,10.07,25.79,328.0
2025-01-07 00:00:00,AA,13,123,-11.0,-4.01,-0.99,7.03,27.94,406.0
2025-01-07 00:00:00,AA,8,172,-12.0,-5.0,-1.99,7.03,34.13,728.0
2025-01-07 00:00:00,WN,8,219,-10.0,-2.97,0.0,8.94,34.82,159.0
2025-01-07 00:00:00,AA,7,156,-14.0,-5.99,-2.97,0.0,13.87,1771.0
2025-01-07 00:00:00,WN,20,150,-12.0,1.99,13.87,34.82,54.06,91.0
2025-01-07 00:00:00,DL,14,109,-14.0,-5.99,-2.97,1.99,19.89,353.0
2025-01-07 00:00:00,AA,11,143,-12.0,-5.0,-1.99,4.01,45.15,95.0
2025-01-07 00:00:00,DL,1,2,-9.0,-8.94,-8.94,-8.94,-8.94,-3.0
2025-01-07 00:00:00,UA,11,113,-15.0,-4.01,5.0,34.82,79.05,298.0
2025-01-08 00:00:00,AA,18,133,-14.0,-4.01,0.0,15.03,32.14,198.0
2025-01-08 00:00:00,UA,1,1,12.0,12.0,12.0,12.0,12.0,12.0
2025-01-08 00:00:00,AA,7,164,-15.0,-7.92,-4.01,0.0,15.03,556.0
2025-01-08 00:00:00,AA,13,125,-13.0,-5.99,-2.97,4.01,24.78,1072.0
2025-01-08 00:00:00,UA,11,116,-13.0,-5.0,-1.99,4.01,25.79,372.0
2025-01-08 00:00:00,WN,15,230,-12.0,-5.0,-1.99,5.99,22.88,176.0
2025-01-08 00:00:00,UA,15,83,-14.0,-5.99,-1.99,1.99,22.88,95.0
2025-01-08 00:00:00,AA,17,137,-16.0,-5.0,0.0,12.06,34.82,784.0
2025-01-08 00:00:00,UA,22,26,-9.0,-5.0,-4.01,0.0,10.91,95.0
2025-01-08 00:00:00,UA,19,100,-18.0,-7.03,-1.99,7.03,27.94,94.0
2025-01-08 00:00:00,AA,23,20,-13.0,-8.94,-5.99,0.0,1.99,96.0
2025-01-08 00:00:00,WN,20,167,-13.0,-4.01,-0.99,8.94,19.11,94.0
2025-01-08 00:00:00,DL,1,2,1.0,1.0,1.0,1.0,1.0,4.0
2025-01-08 00:00:00,UA,5,24,-11.0,-7.92,-5.99,0.99,0.99,146.0
2025-01-08 00:00:00,UA,9,140,-16.0,-5.0,-1.99,2.97,16.95,302.0
2025-01-08 00:00:00,DL,14,113,-14.0,-7.03,-4.01,1.99,15.03,86.0
2025-01-08 00:00:00,AA,8,187,-19.0,-5.99,-2.97,0.99,22.88,393.0
2025-01-08 00:00:00,UA,14,115,-21.0,-7.03,-4.01,0.0,13.87,158.0
2025-01-08 00:00:00,DL,5,65,-14.0,-8.94,-5.0,-1.99,10.07,209.0
2025-01-08 00:00:00,WN,13,238,-13.0,-5.0,-1.99,5.0,21.12,272.0
2025-01-08 00:00:00,WN,8,240,-13.0,-5.0,-2.97,0.99,10.07,105.0
2025-01-08 00:00:00,AA,11,145,-13.0,-5.0,-1.99,1.99,39.25,182.0
2025-01-09 00:00:00,UA,5,25,-15.0,-7.92,-5.99,-1.99,-0.99,55.0
2025-01-09 00:00:00,WN,13,210,-15.0,-4.01,0.0,17.99,41.68,484.0
2025-01-09 00:00:00,DL,14,122,-15.0,-5.0,-1.99,5.0,21.98,257.0
2025-01-09 00:00:00,UA,14,115,-14.0,-5.0,-0.99,16.95,51.94,163.0
2025-01-09 00:00:00,UA,15,90,-25.0,-5.99,0.0,15.03,58.56,138.0
2025-01-09 00:00:00,WN,15,213,-16.0,-2.97,4.01,30.27,87.37,323.0
2025-01-09 00:00:00,AA,17,107,-12.0,-2.97,0.99,17.99,87.37,962.0
2025-01-09 00:00:00,AA,18,114,-15.0,-5.99,-0.99,12.06,63.44,248.0
2025-01-09 00:00:00,UA,19,98,-17.0,-2.97,2.97,30.27,82.28,175.0
2025-01-09 00:00:00,DL,5,65,-12.0,-7.92,-5.0,-1.99,5.0,631.0
2025-01-09 00:00:00,WN,20,142,-13.0,0.0,10.91,23.81,50.91,156.0
2025-01-09 00:00:00,UA,22,25,-10.0,-2.97,0.0,13.87,34.13,178.0
2025-01-09 00:00:00,AA,23,21,-8.0,-2.97,0.0,13.87,30.27,83.0
2025-01-09 00:00:00,AA,7,168,-17.0,-7.92,-5.0,-0.99,7.03,504.0
2025-01-09 00:00:00,DL,1,2,-11.0,-10.91,-10.91,-10.91,-10.91,-8.0
2025-01-09 00:00:00,AA,8,143,-18.0,-7.03,-4.01,0.0,15.96,823.0
2025-01-09 00:00:00,UA,1,1,12.0,12.0,12.0,12.0,12.0,12.0
2025-01-09 00:00:00,WN,8,224,-10.0,-5.0,-2.97,0.0,15.03,187.0
2025-01-09 00:00:00,UA,9,149,-13.0,-5.99,0.0,13.07,40.86,181.0
2025-01-09 00:00:00,UA,11,114,-14.0,-4.01,2.97,23.81,55.15,211.0
2025-01-09 00:00:00,AA,11,120,-13.0,-5.0,-0.99,15.03,47.0,1490.0
2025-01-09 00:00:00,AA,13,105,-12.0,-5.0,-0.99,7.92,56.27,436.0
2025-01-10 00:00:00,UA,1,1,101.0,101.0,101.0,101.0,101.0,101.0
2025-01-10 00:00:00,UA,11,112,-15.0,-5.0,-1.99,4.01,30.27,138.0
2025-01-10 00:00:00,UA,22,26,-11.0,-7.03,-2.97,0.99,27.94,130.0
2025-01-10 00:00:00,AA,17,124,-8.0,0.0,22.88,63.44,111.06,992.0
2025-01-10 00:00:00,DL,1,2,-12.0,-12.0,-12.0,-12.0,-12.0,-4.0
2025-01-10 00:00:00,AA,23,16,-8.0,-5.0,-0.99,7.92,46.07,93.0
2025-01-10 00:00:00,UA,5,23,-11.0,-7.03,-5.99,-1.99,10.91,181.0
2025-01-10 00:00:00,WN,20,147,-10.0,-4.01,0.0,12.06,27.94,124.0
2025-01-10 00:00:00,AA,18,87,-9.0,0.99,23.81,47.95,96.55,208.0
2025-01-10 00:00:00,UA,19,101,-14.0,-5.99,0.0,17.99,70.11,154.0
2025-01-10 00:00:00,WN,15,209,-12.0,-4.01,0.0,10.91,30.27,132.0
2025-01-10 00:00:00,AA,13,91,-12.0,-1.99,13.07,58.56,117.93,1224.0
2025-01-10 00:00:00,UA,15,89,-26.0,-5.99,-0.99,16.95,47.0,149.0
2025-01-10 00:00:00,WN,13,227,-13.0,-5.0,-0.99,8.94,29.08,121.0
2025-01-10 00:00:00,UA,14,112,-16.0,-5.0,-0.99,13.87,68.72,176.0
2025-01-10 00:00:00,DL,14,70,-15.0,-2.97,7.03,67.36,308.01,477.0
2025-01-10 00:00:00,AA,11,130,-15.0,-2.97,13.07,39.25,106.71,275.0
2025-01-10 00:00:00,DL,5,49,-13.0,-7.03,-2.97,1.99,50.91,489.0
2025-01-10 00:00:00,UA,9,153,-12.0,-5.0,-1.99,5.99,48.91,236.0
2025-01-10 00:00:00,WN,8,212,-10.0,-5.0,-1.99,0.99,10.91,201.0
2025-01-10 00:00:00,AA,7,152,-13.0,-5.0,-2.97,7.03,47.0,860.0
2025-01-10 00:00:00,AA,8,144,-12.0,-5.99,-1.99,10.91,40.05,1300.0
2025-01-11 00:00:00,UA,14,107,-11.0,-5.0,-1.99,10.07,34.82,222.0
2025-01-11 00:00:00,WN,15,181,-14.0,-5.0,-0.99,8.94,24.78,89.0
2025-01-11 00:00:00,AA,13,112,-8.0,-1.99,5.0,34.13,80.65,348.0
2025-01-11 00:00:00,WN,20,36,-9.0,0.99,8.94,16.95,30.27,44.0
2025-01-11 00:00:00,AA,17,140,-16.0,-5.0,0.0,15.96,55.15,185.0
2025-01-11 00:00:00,AA,18,138,-22.0,-2.97,4.01,21.98,60.95,269.0
2025-01-11 00:00:00,UA,19,79,-12.0,-7.03,1.99,13.07,25.79,199.0
2025-01-11 00:00:00,WN,13,201,-13.0,-4.01,0.0,8.94,25.79,151.0
2025-01-11 00:00:00,UA,15,76,-12.0,-5.0,-1.99,13.07,67.36,329.0
2025-01-11 00:00:00,DL,14,110,-14.0,10.91,48.91,125.22,198.37,973.0
2025-01-11 00:00:00,UA,22,23,-12.0,-4.01,-1.99,0.99,5.99,30.0
2025-01-11 00:00:00,AA,23,20,-10.0,-5.99,-2.97,-0.99,4.01,46.0
2025-01-11 00:00:00,DL,1,2,-9.0,-8.94,-8.94,-8.94,-8.94,-1.0
2025-01-11 00:00:00,UA,11,108,-12.0,-4.01,-0.99,7.92,21.98,291.0
2025-01-11 00:00:00,WN,8,231,-13.0,-5.0,-2.97,0.99,10.07,162.0
2025-01-11 00:00:00,UA,1,1,-4.0,-4.0,-4.0,-4.0,-4.0,-4.0
2025-01-11 00:00:00,UA,9,132,-16.0,-5.99,-0.99,7.03,32.79,409.0
2025-01-11 00:00:00,AA,11,124,-11.0,-1.99,7.92,40.86,74.45,402.0
2025-01-11 00:00:00,AA,8,155,-9.0,-4.01,-0.99,15.96,80.65,444.0
2025-01-11 00:00:00,UA,5,24,-19.0,-7.03,-2.97,0.0,10.07,99.0
2025-01-11 00:00:00,DL,5,36,-15.0,-7.03,-0.99,32.79,262.47,609.0
2025-01-11 00:00:00,AA,7,136,-10.0,-5.0,-1.99,2.97,80.65,945.0
2025-01-12 00:00:00,WN,13,245,-19.0,-4.01,0.99,10.91,26.84,156.0
2025-01-12 00:00:00,AA,18,166,-34.0,-4.01,-0.99,13.87,50.91,206.0
2025-01-12 00:00:00,UA,22,25,-14.0,-7.03,-5.0,2.97,7.92,18.0
2025-01-12 00:00:00,UA,19,106,-14.0,-5.0,0.0,7.92,26.84,151.0
2025-01-12 00:00:00,WN,20,180,-17.0,-5.99,-1.99,8.94,25.79,92.0
2025-01-12 00:00:00,AA,23,27,-12.0,-7.92,-5.99,-0.99,22.88,111.0
2025-01-12 00:00:00,DL,1,2,-7.0,-7.0,-7.0,-7.0,-7.0,92.0
2025-01-12 00:00:00,DL,5,65,-10.0,-5.99,-0.99,10.07,138.4,1134.0
2025-01-12 00:00:00,UA,5,25,-9.0,-7.03,-4.01,-1.99,-0.99,364.0
2025-01-12 00:00:00,AA,7,178,-13.0,-5.99,-2.97,0.99,15.96,637.0
2025-01-12 00:00:00,AA,17,159,-21.0,-5.0,-1.99,10.91,46.07,221.0
2025-01-12 00:00:00,AA,8,191,-14.0,-5.99,-2.97,1.99,29.08,174.0
2025-01-12 00:00:00,WN,8,271,-13.0,-5.0,-2.97,0.0,5.99,100.0
2025-01-12 00:00:00,DL,14,120,-11.0,0.0,19.11,55.15,80.65,349.0
2025-01-12 00:00:00,UA,9,145,-13.0,-5.0,-0.99,5.99,21.12,205.0
2025-01-12 00:00:00,AA,11,156,-10.0,-4.01,-0.99,16.95,58.56,179.0
2025-01-12 00:00:00,UA,11,116,-13.0,-5.0,-1.99,7.92,29.08,181.0
2025-01-12 00:00:00,AA,13,141,-14.0,-5.0,-0.99,8.94,46.07,281.0
2025-01-12 00:00:00,UA,1,1,-1.0,-1.0,-1.0,-1.0,-1.0,-1.0
2025-01-12 00:00:00,WN,15,229,-11.0,-2.97,1.99,13.07,32.79,88.0
2025-01-12 00:00:00,UA,14,114,-18.0,-5.99,-1.99,5.99,36.97,230.0
2025-01-12 00:00:00,UA,15,91,-20.0,-4.01,-0.99,7.92,32.79,87.0
2025-01-13 00:00:00,WN,20,167,-14.0,-7.03,-4.01,0.0,5.99,50.0
2025-01-13 00:00:00,AA,23,21,-15.0,-10.07,-5.99,-2.97,10.07,26.0
2025-01-13 00:00:00,AA,7,207,-15.0,-7.03,-4.01,-1.99,5.0,189.0
2025-01-13 00:00:00,UA,11,119,-15.0,-5.0,-2.97,1.99,10.91,80.0
2025-01-13 00:00:00,WN,13,242,-14.0,-5.99,-4.01,0.0,7.92,97.0
2025-01-13 00:00:00,AA,13,133,-12.0,-5.0,-2.97,7.03,46.07,256.0
2025-01-13 00:00:00,UA,1,1,-7.0,-7.0,-7.0,-7.0,-7.0,-7.0
2025-01-13 00:00:00,UA,9,155,-13.0,-5.99,-2.97,1.99,19.11,229.0
2025-01-13 00:00:00,DL,1,2,-12.0,-12.0,-12.0,-12.0,-12.0,0.0
2025-01-13 00:00:00,AA,8,190,-13.0,-7.03,-2.97,0.0,16.95,177.0
2025-01-13 00:00:00,WN,8,246,-12.0,-5.99,-2.97,0.0,5.0,296.0
2025-01-13 00:00:00,UA,5,24,-15.0,-10.07,-7.03,-4.01,-1.99,8.0
2025-01-13 00:00:00,DL,5,65,-15.0,-7.92,-5.0,-0.99,1.99,194.0
2025-01-13 00:00:00,AA,11,158,-13.0,-5.99,-2.97,1.99,15.96,1108.0
2025-01-13 00:00:00,DL,14,123,-14.0,-5.0,-2.97,4.01,23.81,73.0
2025-01-13 00:00:00,AA,18,146,-15.0,-5.99,-2.97,5.99,19.11,224.0
2025-01-13 00:00:00,UA,22,23,-19.0,-7.92,-5.0,-4.01,2.97,57.0
2025-01-13 00:00:00,UA,19,104,-15.0,-7.92,-5.0,0.0,10.07,148.0
2025-01-13 00:00:00,AA,17,153,-17.0,-7.03,-2.97,4.01,30.27,213.0
2025-01-13 00:00:00,UA,14,117,-15.0,-7.92,-4.01,2.97,15.03,163.0
2025-01-13 00:00:00,WN,15,231,-15.0,-5.99,-2.97,0.0,8.94,73.0
2025-01-13 00:00:00,UA,15,93,-25.0,-7.03,-2.97,1.99,19.11,110.0
2025-01-14 00:00:00,UA,22,20,-11.0,-8.94,-5.0,-0.99,-0.99,3.0
2025-01-14 00:00:00,UA,1,1,4.0,4.0,4.0,4.0,4.0,4.0
2025-01-14 00:00:00,UA,9,139,-17.0,-5.99,-2.97,1.99,29.08,238.0
2025-01-14 00:00:00,UA,19,94,-19.0,-10.07,-5.0,0.99,15.96,95.0
2025-01-14 00:00:00,AA,11,146,-13.0,-7.03,-4.01,-0.99,2.97,335.0
2025-01-14 00:00:00,UA,11,116,-17.0,-7.03,-4.01,-0.99,10.91,134.0
2025-01-14 00:00:00,DL,1,2,-6.0,-5.99,-5.99,-5.99,-5.99,-1.0
2025-01-14 00:00:00,UA,5,23,-13.0,-10.07,-7.03,-4.01,10.07,146.0
2025-01-14 00:00:00,AA,8,187,-14.0,-7.03,-5.0,-0.99,19.89,95.0
2025-01-14 00:00:00,AA,23,19,-18.0,-10.07,-5.0,-0.99,4.01,1041.0
2025-01-14 00:00:00,DL,5,65,-17.0,-10.07,-7.03,-4.01,0.0,263.0
2025-01-14 00:00:00,AA,7,161,-15.0,-7.92,-5.99,-2.97,1.99,1782.0
2025-01-14 00:00:00,UA,15,81,-20.0,-8.94,-5.99,-0.99,7.92,250.0
2025-01-14 00:00:00,DL,14,111,-17.0,-7.92,-5.0,-0.99,7.92,1109.0
2025-01-14 00:00:00,WN,8,246,-13.0,-7.03,-5.0,-1.99,4.01,220.0
2025-01-14 00:00:00,AA,17,147,-15.0,-7.92,-5.0,0.99,13.87,196.0
2025-01-14 00:00:00,AA,18,139,-24.0,-7.92,-5.0,-0.99,7.92,189.0
2025-01-14 00:00:00,WN,20,167,-14.0,-7.03,-4.01,-0.99,7.03,47.0
2025-01-14 00:00:00,WN,15,231,-14.0,-7.03,-4.01,-0.99,5.99,148.0
2025-01-14 00:00:00,AA,13,124,-14.0,-7.03,-4.01,0.0,13.07,243.0
2025-01-14 00:00:00,UA,14,112,-17.0,-8.94,-5.99,-0.99,2.97,178.0
2025-01-14 00:00:00,WN,13,242,-14.0,-7.03,-5.0,-0.99,12.06,110.0
2025-01-15 00:00:00,UA,22,26,-15.0,-7.03,-5.0,-4.01,1.99,25.0
2025-01-15 00:00:00,AA,23,20,-11.0,-7.03,-4.01,-0.99,12.06,124.0
2025-01-15 00:00:00,UA,15,83,-17.0,-8.94,-5.99,-1.99,7.03,50.0
2025-01-15 00:00:00,UA,1,1,3.0,3.0,3.0,3.0,3.0,3.0
2025-01-15 00:00:00,AA,7,161,-16.0,-7.03,-5.0,-1.99,12.06,236.0
2025-01-15 00:00:00,WN,8,246,-11.0,-5.99,-4.01,-0.99,4.01,97.0
2025-01-15 00:00:00,AA,8,187,-13.0,-7.03,-5.0,-1.99,7.03,2336.0
2025-01-15 00:00:00,DL,1,2,-11.0,-11.0,-11.0,-11.0,-11.0,-11.0
2025-01-15 00:00:00,UA,5,25,-10.0,-8.94,-7.92,-4.01,-0.99,39.0
2025-01-15 00:00:00,DL,5,65,-18.0,-10.07,-5.99,-2.97,0.0,310.0
2025-01-15 00:00:00,AA,17,153,-16.0,-7.03,-5.0,-0.99,10.07,125.0
2025-01-15 00:00:00,UA,9,140,-15.0,-5.99,-2.97,1.99,8.94,118.0
2025-01-15 00:00:00,AA,11,145,-15.0,-7.03,-5.0,-0.99,10.91,2127.0
2025-01-15 00:00:00,UA,11,116,-13.0,-7.03,-4.01,0.0,7.92,166.0
2025-01-15 00:00:00,WN,13,242,-13.0,-5.99,-2.97,0.0,12.06,128.0
2025-01-15 00:00:00,AA,13,123,-15.0,-7.03,-4.01,-0.99,7.92,178.0
2025-01-15 00:00:00,DL,14,116,-17.0,-7.03,-4.01,0.99,8.94,194.0
2025-01-15 00:00:00,UA,14,114,-17.0,-7.92,-5.0,-1.99,5.99,150.0
2025-01-15 00:00:00,AA,18,140,-16.0,-7.03,-4.01,0.0,13.87,157.0
2025-01-15 00:00:00,WN,15,231,-14.0,-5.99,-4.01,-0.99,7.92,104.0
2025-01-15 00:00:00,UA,19,100,-16.0,-7.92,-5.99,-0.99,7.03,35.0
2025-01-15 00:00:00,WN,20,167,-13.0,-7.03,-4.01,-0.99,5.0,96.0
2025-01-16 00:00:00,DL,1,2,-5.0,-5.0,-5.0,-5.0,-5.0,-4.0
2025-01-16 00:00:00,UA,19,104,-15.0,-5.99,-2.97,2.97,16.95,189.0
2025-01-16 00:00:00,AA,7,207,-14.0,-7.03,-4.01,0.0,7.92,393.0
2025-01-16 00:00:00,AA,23,27,-9.0,-5.99,-2.97,5.0,12.06,55.0
2025-01-16 00:00:00,UA,9,152,-15.0,-7.03,-4.01,-0.99,7.03,186.0
2025-01-16 00:00:00,WN,15,227,-15.0,-4.01,-0.99,5.0,13.87,262.0
2025-01-16 00:00:00,UA,15,93,-15.0,-5.99,-4.01,0.99,13.87,263.0
2025-01-16 00:00:00,AA,13,140,-11.0,-5.99,-2.97,1.99,21.98,1098.0
2025-01-16 00:00:00,DL,14,125,-16.0,-5.99,-1.99,2.97,21.12,237.0
2025-01-16 00:00:00,WN,13,243,-13.0,-5.0,-1.99,4.01,15.03,156.0
2025-01-16 00:00:00,UA,11,120,-11.0,-5.0,-2.97,0.99,15.96,455.0
2025-01-16 00:00:00,AA,11,159,-12.0,-5.99,-1.99,2.97,13.07,256.0
2025-01-16 00:00:00,WN,8,267,-11.0,-5.0,-2.97,0.0,5.0,175.0
2025-01-16 00:00:00,AA,8,188,-16.0,-5.99,-4.01,-0.99,1.99,290.0
2025-01-16 00:00:00,WN,20,180,-13.0,-5.99,-2.97,5.0,22.88,243.0
2025-01-16 00:00:00,DL,5,65,-15.0,-7.92,-5.99,-1.99,1.99,246.0
2025-01-16 00:00:00,UA,5,25,-13.0,-7.03,-5.0,-2.97,-1.99,19.0
2025-01-16 00:00:00,UA,1,1,8.0,8.0,8.0,8.0,8.0,8.0
2025-01-16 00:00:00,UA,22,25,-13.0,-7.03,-4.01,0.0,5.0,23.0
2025-01-16 00:00:00,UA,14,117,-16.0,-5.99,-2.97,0.99,22.88,170.0
2025-01-16 00:00:00,AA,17,157,-14.0,-4.01,-0.99,12.06,40.05,147.0
2025-01-16 00:00:00,AA,18,168,-13.0,-4.01,-0.99,10.07,34.82,1000.0
2025-01-17 00:00:00,UA,5,25,-9.0,-7.03,-5.99,-0.99,4.01,5.0
2025-01-17 00:00:00,UA,11,119,-14.0,-7.03,-4.01,0.0,7.03,175.0
2025-01-17 00:00:00,AA,18,147,-15.0,-4.01,-1.99,13.07,34.13,241.0
2025-01-17 00:00:00,UA,19,102,-15.0,-5.0,-1.99,5.0,21.98,164.0
2025-01-17 00:00:00,UA,1,1,5.0,5.0,5.0,5.0,5.0,5.0
2025-01-17 00:00:00,AA,13,135,-10.0,-5.0,-1.99,8.94,43.38,191.0
2025-01-17 00:00:00,WN,13,243,-11.0,-4.01,0.0,4.01,15.03,165.0
2025-01-17 00:00:00,UA,15,92,-12.0,-5.99,-2.97,1.99,13.87,130.0
2025-01-17 00:00:00,DL,14,128,-18.0,-5.99,-2.97,5.99,19.11,442.0
2025-01-17 00:00:00,WN,15,227,-11.0,-2.97,0.0,7.92,19.89,159.0
2025-01-17 00:00:00,UA,14,117,-16.0,-5.99,-4.01,-0.99,10.07,128.0
2025-01-17 00:00:00,AA,8,191,-11.0,-5.0,-2.97,-0.99,13.07,159.0
2025-01-17 00:00:00,AA,11,158,-10.0,-4.01,-0.99,5.99,34.13,182.0
2025-01-17 00:00:00,DL,5,66,-15.0,-5.99,-4.01,0.0,4.01,409.0
2025-01-17 00:00:00,UA,9,155,-11.0,-5.99,-4.01,-0.99,5.0,219.0
2025-01-17 00:00:00,WN,8,267,-13.0,-5.0,-1.99,0.0,5.0,111.0
2025-01-17 00:00:00,AA,7,208,-13.0,-5.99,-2.97,0.0,10.07,1493.0
2025-01-17 00:00:00,DL,1,2,-9.0,-8.94,-8.94,-8.94,-8.94,27.0
2025-01-17 00:00:00,AA,23,21,-9.0,-5.0,-2.97,4.01,15.96,588.0
2025-01-17 00:00:00,UA,22,25,-12.0,-5.99,-0.99,4.01,13.07,58.0
2025-01-17 00:00:00,AA,17,155,-11.0,-5.0,-1.99,1.99,19.89,118.0
2025-01-17 00:00:00,WN,20,180,-15.0,-5.99,-1.99,8.94,19.89,91.0
2025-01-18 00:00:00,AA,11,132,-15.0,-5.0,-1.99,1.99,23.81,199.0
2025-01-18 00:00:00,DL,1,2,-4.0,-4.0,-4.0,-4.0,-4.0,2.0
2025-01-18 00:00:00,UA,1,1,9.0,9.0,9.0,9.0,9.0,9.0
2025-01-18 00:00:00,UA,11,108,-13.0,-5.0,0.0,13.07,27.94,238.0
2025-01-18 00:00:00,WN,13,193,-12.0,-4.01,-0.99,7.03,19.11,172.0
2025-01-18 00:00:00,UA,15,76,-18.0,-5.0,-0.99,8.94,25.79,154.0
2025-01-18 00:00:00,WN,15,178,-16.0,-5.0,-0.99,5.99,15.96,309.0
2025-01-18 00:00:00,AA,13,113,-14.0,-5.99,-2.97,0.0,15.03,150.0
2025-01-18 00:00:00,UA,14,108,-16.0,-5.0,-1.99,8.94,34.13,387.0
2025-01-18 00:00:00,DL,14,112,-13.0,-7.03,-2.97,2.97,16.95,169.0
2025-01-18 00:00:00,DL,5,58,-15.0,-7.03,-5.0,-0.99,5.0,1101.0
2025-01-18 00:00:00,UA,5,24,-11.0,-5.99,-2.97,-1.99,0.0,276.0
2025-01-18 00:00:00,UA,9,131,-13.0,-5.99,-1.99,1.99,24.78,702.0
2025-01-18 00:00:00,AA,7,148,-12.0,-5.99,-2.97,-0.99,5.99,232.0
2025-01-18 00:00:00,AA,8,176,-12.0,-5.0,-2.97,-0.99,7.03,226.0
2025-01-18 00:00:00,WN,8,230,-12.0,-5.0,-2.97,0.0,7.03,97.0
2025-01-18 00:00:00,AA,17,137,-14.0,-7.03,-2.97,2.97,15.96,214.0
2025-01-18 00:00:00,AA,18,131,-15.0,-5.99,-2.97,0.99,15.03,88.0
2025-01-18 00:00:00,UA,19,81,-18.0,-5.0,1.99,15.96,36.24,131.0
2025-01-18 00:00:00,WN,20,33,-7.0,-2.97,-0.99,13.07,17.99,138.0
2025-01-18 00:00:00,UA,22,23,-15.0,-7.03,-5.0,-0.99,10.07,63.0
2025-01-18 00:00:00,AA,23,17,-11.0,-4.01,-2.97,1.99,7.03,10.0
2025-01-19 00:00:00,UA,19,89,-10.0,-1.99,5.0,17.99,47.95,780.0
2025-01-19 00:00:00,UA,5,24,-10.0,-5.99,-5.0,-0.99,15.03,38.0
2025-01-19 00:00:00,DL,5,59,-17.0,-7.92,-5.0,0.0,10.91,162.0
2025-01-19 00:00:00,AA,7,160,-13.0,-7.92,-5.0,-0.99,7.92,398.0
2025-01-19 00:00:00,AA,8,179,-13.0,-5.99,-2.97,0.0,17.99,500.0
2025-01-19 00:00:00,AA,23,26,-10.0,-5.99,-2.97,0.99,13.87,105.0
2025-01-19 00:00:00,WN,8,238,-10.0,-5.0,-2.97,0.0,10.07,124.0
2025-01-19 00:00:00,UA,9,139,-14.0,-5.99,-1.99,7.03,24.78,391.0
2025-01-19 00:00:00,AA,11,150,-12.0,-5.0,-2.97,1.99,19.89,355.0
2025-01-19 00:00:00,AA,13,139,-15.0,-5.0,-1.99,7.03,30.27,438.0
2025-01-19 00:00:00,WN,13,237,-10.0,-4.01,-0.99,10.91,32.14,240.0
2025-01-19 00:00:00,DL,14,109,-13.0,-5.0,-1.99,2.97,24.78,353.0
2025-01-19 00:00:00,WN,15,224,-13.0,-2.97,1.99,15.03,34.82,265.0
2025-01-19 00:00:00,WN,20,163,-9.0,1.99,13.07,29.08,59.75,128.0
2025-01-19 00:00:00,UA,22,21,-10.0,-2.97,2.97,15.96,29.08,179.0
2025-01-19 00:00:00,UA,1,1,8.0,8.0,8.0,8.0,8.0,8.0
2025-01-19 00:00:00,UA,11,110,-10.0,-5.99,0.0,12.06,39.25,699.0
2025-01-19 00:00:00,UA,15,80,-13.0,-5.99,-0.99,7.92,37.72,245.0
2025-01-19 00:00:00,AA,17,146,-12.0,-4.01,2.97,26.84,47.95,945.0
2025-01-19 00:00:00,AA,18,147,-12.0,-2.97,5.99,36.97,82.28,1011.0
2025-01-19 00:00:00,UA,14,108,-14.0,-5.99,-2.97,8.94,34.13,332.0
2025-01-19 00:00:00,DL,1,2,-8.0,-7.92,-7.92,-7.92,-7.92,-3.0
2025-01-20 00:00:00,WN,8,267,-13.0,-2.97,-0.99,7.03,26.84,262.0
2025-01-20 00:00:00,UA,11,120,-14.0,-4.01,4.01,19.89,46.07,185.0
2025-01-20 00:00:00,UA,9,152,-11.0,-4.01,1.99,13.07,34.82,106.0
2025-01-20 00:00:00,AA,11,159,-9.0,-4.01,0.0,15.96,54.06,232.0
2025-01-20 00:00:00,UA,1,1,67.0,67.0,67.0,67.0,67.0,67.0
2025-01-20 00:00:00,UA,14,115,-11.0,-2.97,0.99,13.07,43.38,192.0
2025-01-20 00:00:00,UA,19,102,-15.0,-1.99,7.92,24.78,66.03,179.0
2025-01-20 00:00:00,UA,15,90,-12.0,-2.97,5.0,16.95,68.72,307.0
2025-01-20 00:00:00,AA,18,140,-14.0,-2.97,0.99,21.12,63.44,315.0
2025-01-20 00:00:00,UA,22,22,-7.0,-0.99,5.0,24.78,40.86,102.0
2025-01-20 00:00:00,WN,20,168,-12.0,4.01,19.89,49.9,87.37,288.0
2025-01-20 00:00:00,AA,23,21,-10.0,-4.01,-2.97,4.01,23.81,608.0
2025-01-20 00:00:00,DL,14,135,-12.0,-2.97,4.01,32.79,71.53,603.0
2025-01-20 00:00:00,WN,15,224,-12.0,0.0,15.96,43.38,77.49,187.0
2025-01-20 00:00:00,AA,8,186,-10.0,-5.0,-2.97,4.01,17.99,614.0
2025-01-20 00:00:00,AA,17,150,-15.0,-4.01,1.99,25.79,57.4,891.0
2025-01-20 00:00:00,DL,1,2,-10.0,-10.0,-10.0,-10.0,-10.0,-7.0
2025-01-20 00:00:00,AA,13,133,-9.0,-2.97,0.0,21.12,64.72,257.0
2025-01-20 00:00:00,WN,13,244,-9.0,0.0,10.91,30.27,62.18,259.0
2025-01-20 00:00:00,DL,5,68,-15.0,-7.92,-4.01,-0.99,27.94,541.0
2025-01-20 00:00:00,AA,7,202,-13.0,-5.0,-1.99,1.99,19.11,1803.0
2025-01-20 00:00:00,UA,5,24,-12.0,-7.03,-5.0,1.99,5.0,36.0
2025-01-21 00:00:00,DL,14,112,-10.0,-5.0,0.0,13.87,37.72,207.0
2025-01-21 00:00:00,AA,7,152,-13.0,-5.99,-2.97,0.0,10.91,275.0
2025-01-21 00:00:00,UA,19,82,-21.0,-4.01,0.0,8.94,27.94,163.0
2025-01-21 00:00:00,UA,9,108,-11.0,-5.99,-1.99,2.97,15.96,218.0
2025-01-21 00:00:00,UA,11,100,-14.0,-5.0,-1.99,4.01,15.96,148.0
2025-01-21 00:00:00,AA,11,140,-13.0,-4.01,-1.99,5.0,22.88,1454.0
2025-01-21 00:00:00,AA,13,121,-13.0,-5.0,-1.99,4.01,27.94,1206.0
2025-01-21 00:00:00,WN,13,219,-14.0,-4.01,0.0,8.94,34.13,181.0
2025-01-21 00:00:00,UA,14,85,-12.0,-5.99,-1.99,7.03,17.99,103.0
2025-01-21 00:00:00,AA,18,126,-13.0,-5.99,-0.99,19.11,50.91,1353.0
2025-01-21 00:00:00,UA,1,1,6.0,6.0,6.0,6.0,6.0,6.0
2025-01-21 00:00:00,DL,1,2,11.0,11.0,11.0,11.0,11.0,105.0
2025-01-21 00:00:00,AA,17,142,-14.0,-5.99,-1.99,7.03,25.79,1185.0
2025-01-21 00:00:00,WN,20,140,-10.0,-4.01,0.99,19.89,46.07,211.0
2025-01-21 00:00:00,UA,5,16,-11.0,-10.07,-7.92,-5.0,0.0,5.0
2025-01-21 00:00:00,WN,8,216,-11.0,-4.01,-0.99,5.99,27.94,205.0
2025-01-21 00:00:00,UA,22,18,-10.0,-5.99,-2.97,5.0,19.89,31.0
2025-01-21 00:00:00,WN,15,214,-11.0,-5.0,-0.99,10.91,25.79,249.0
2025-01-21 00:00:00,UA,15,68,-12.0,-7.03,-1.99,10.91,30.88,135.0
2025-01-21 00:00:00,DL,5,61,-15.0,-10.07,-7.03,0.0,26.84,247.0
2025-01-21 00:00:00,AA,23,19,-10.0,-7.03,-2.97,13.07,39.25,66.0
2025-01-21 00:00:00,AA,8,180,-14.0,-5.0,-1.99,1.99,17.99,157.0
2025-01-22 00:00:00,AA,18,133,-22.0,-5.0,-1.99,5.99,32.79,197.0
2025-01-22 00:00:00,AA,11,133,-15.0,-5.0,-2.97,2.97,21.12,223.0
2025-01-22 00:00:00,DL,1,2,-7.0,-7.0,-7.0,-7.0,-7.0,73.0
2025-01-22 00:00:00,WN,20,161,-15.0,-5.99,-2.97,0.99,8.94,60.0
2025-01-22 00:00:00,UA,15,80,-15.0,-5.99,-0.99,5.0,15.96,169.0
2025-01-22 00:00:00,DL,14,100,-15.0,-4.01,13.87,89.13,165.69,286.0
2025-01-22 00:00:00,UA,22,25,-12.0,-7.92,-5.99,-2.97,-1.99,62.0
2025-01-22 00:00:00,AA,13,119,-13.0,-5.99,-1.99,4.01,34.13,330.0
2025-01-22 00:00:00,UA,1,1,1.0,1.0,1.0,1.0,1.0,1.0
2025-01-22 00:00:00,AA,17,150,-20.0,-7.03,-4.01,4.01,27.94,223.0
2025-01-22 00:00:00,AA,23,19,-12.0,-8.94,-5.0,-0.99,7.92,16.0
2025-01-22 00:00:00,UA,14,105,-20.0,-5.99,-0.99,13.07,57.4,201.0
2025-01-22 00:00:00,AA,7,146,-13.0,-5.99,-4.01,0.99,37.72,277.0
2025-01-22 00:00:00,WN,13,230,-13.0,-5.0,-1.99,2.97,15.96,122.0
2025-01-22 00:00:00,UA,11,103,-12.0,-4.01,-1.99,4.01,16.95,209.0
2025-01-22 00:00:00,AA,8,179,-13.0,-7.03,-4.01,0.0,32.14,364.0
2025-01-22 00:00:00,UA,19,96,-18.0,-5.99,-0.99,10.07,15.96,253.0
2025-01-22 00:00:00,WN,8,210,-11.0,-5.0,-2.97,0.0,10.07,143.0
2025-01-22 00:00:00,UA,9,127,-16.0,-5.0,-1.99,19.11,100.49,402.0
2025-01-22 00:00:00,WN,15,217,-13.0,-5.0,-1.99,5.99,15.96,71.0
2025-01-22 00:00:00,DL,5,58,-19.0,-7.03,-4.01,0.99,89.13,407.0
2025-01-22 00:00:00,UA,5,21,-11.0,-7.03,-5.0,-0.99,1.99,129.0
2025-01-23 00:00:00,AA,23,25,-11.0,-5.0,-2.97,-0.99,0.99,10.0
2025-01-23 00:00:00,UA,5,24,-11.0,-8.94,-5.0,-2.97,-2.97,-1.0
2025-01-23 00:00:00,DL,14,133,-13.0,-4.01,0.0,19.11,48.91,268.0
2025-01-23 00:00:00,DL,1,2,-14.0,-13.87,-13.87,-13.87,-13.87,-5.0
2025-01-23 00:00:00,UA,9,151,-19.0,-5.0,-2.97,2.97,19.11,468.0
2025-01-23 00:00:00,WN,13,234,-12.0,-5.0,-1.99,5.0,27.94,296.0
2025-01-23 00:00:00,AA,11,155,-18.0,-7.03,-2.97,0.0,15.96,374.0
2025-01-23 00:00:00,AA,13,137,-15.0,-5.99,-1.99,10.07,40.05,1019.0
2025-01-23 00:00:00,UA,11,115,-12.0,-5.99,-1.99,2.97,16.95,167.0
2025-01-23 00:00:00,AA,8,189,-18.0,-5.99,-4.01,-0.99,21.12,2214.0
2025-01-23 00:00:00,UA,19,103,-17.0,-5.99,-1.99,5.0,16.95,158.0
2025-01-23 00:00:00,WN,20,167,-12.0,-4.01,1.99,19.89,45.15,215.0
2025-01-23 00:00:00,UA,22,24,-12.0,-7.92,-5.99,-0.99,5.0,38.0
2025-01-23 00:00:00,UA,1,1,17.0,17.0,17.0,17.0,17.0,17.0
2025-01-23 00:00:00,DL,5,65,-12.0,-8.94,-5.0,-0.99,34.82,139.0
2025-01-23 00:00:00,AA,7,200,-16.0,-7.92,-5.0,-1.99,4.01,893.0
2025-01-23 00:00:00,WN,8,233,-12.0,-5.99,-2.97,0.0,7.92,150.0
2025-01-23 00:00:00,AA,18,164,-14.0,-4.01,0.0,23.81,50.91,918.0
2025-01-23 00:00:00,UA,15,92,-19.0,-7.03,-4.01,0.99,13.87,179.0
2025-01-23 00:00:00,WN,15,230,-14.0,-4.01,-0.99,15.96,71.53,332.0
2025-01-23 00:00:00,AA,17,154,-12.0,-4.01,0.0,24.78,82.28,274.0
2025-01-23 00:00:00,UA,14,115,-17.0,-7.03,-2.97,0.99,21.12,165.0
2025-01-24 00:00:00,DL,1,2,-2.0,-1.99,-1.99,-1.99,-1.99,82.0
2025-01-24 00:00:00,AA,11,159,-11.0,-5.0,-1.99,8.94,43.38,210.0
2025-01-24 00:00:00,AA,13,134,-11.0,-5.99,-1.99,13.87,52.99,462.0
2025-01-24 00:00:00,DL,14,138,-16.0,-5.99,0.0,13.87,52.99,167.0
2025-01-24 00:00:00,UA,1,1,-3.0,-3.0,-3.0,-3.0,-3.0,-3.0
2025-01-24 00:00:00,WN,15,231,-14.0,-5.0,-1.99,4.01,19.89,116.0
2025-01-24 00:00:00,AA,17,155,-16.0,-7.03,-2.97,12.06,36.24,186.0
2025-01-24 00:00:00,WN,20,167,-12.0,-5.0,-0.99,5.0,10.91,104.0
2025-01-24 00:00:00,WN,8,246,-14.0,-4.01,-1.99,0.99,8.94,117.0
2025-01-24 00:00:00,AA,7,208,-13.0,-7.03,-4.01,-0.99,5.99,739.0
2025-01-24 00:00:00,UA,22,25,-11.0,-7.92,-5.99,-1.99,1.99,70.0
2025-01-24 00:00:00,AA,23,21,-12.0,-5.0,-0.99,2.97,15.03,31.0
2025-01-24 00:00:00,AA,18,146,-13.0,-5.0,-2.97,10.07,40.86,204.0
2025-01-24 00:00:00,UA,9,156,-23.0,-7.03,-4.01,2.97,25.79,775.0
2025-01-24 00:00:00,UA,5,23,-10.0,-8.94,-5.99,-2.97,-1.99,15.0
2025-01-24 00:00:00,DL,5,67,-16.0,-10.07,-5.0,-1.99,2.97,221.0
2025-01-24 00:00:00,UA,15,92,-13.0,-7.03,-4.01,0.0,17.99,322.0
2025-01-24 00:00:00,AA,8,190,-15.0,-5.0,-2.97,0.99,27.94,847.0
2025-01-24 00:00:00,UA,19,102,-19.0,-5.99,-2.97,1.99,21.12,142.0
2025-01-24 00:00:00,UA,11,118,-16.0,-7.03,-2.97,0.0,8.94,154.0
2025-01-24 00:00:00,UA,14,118,-13.0,-7.03,-2.97,0.99,17.99,190.0
2025-01-24 00:00:00,WN,13,242,-14.0,-5.0,-1.99,4.01,13.07,157.0
2025-01-25 00:00:00,UA,1,1,14.0,14.0,14.0,14.0,14.0,14.0
2025-01-25 00:00:00,UA,5,25,-10.0,-7.03,-5.0,-1.99,10.07,35.0
2025-01-25 00:00:00,WN,20,36,-10.0,-7.03,-5.0,-1.99,7.03,56.0
2025-01-25 00:00:00,DL,1,2,35.0,35.0,35.0,35.0,35.0,50.0
2025-01-25 00:00:00,UA,9,132,-15.0,-5.0,-0.99,8.94,46.07,199.0
2025-01-25 00:00:00,AA,11,134,-12.0,-5.99,-4.01,0.99,22.88,203.0
2025-01-25 00:00:00,UA,11,107,-18.0,-5.99,0.0,24.78,98.5,483.0
2025-01-25 00:00:00,AA,17,141,-19.0,-7.92,-5.0,5.0,29.08,305.0
2025-01-25 00:00:00,AA,13,112,-12.0,-7.03,-4.01,1.99,19.11,186.0
2025-01-25 00:00:00,WN,13,201,-11.0,-5.0,-0.99,10.07,44.26,206.0
2025-01-25 00:00:00,DL,14,116,-18.0,-7.03,-5.0,5.0,22.88,139.0
2025-01-25 00:00:00,UA,14,107,-12.0,-7.03,-0.99,10.91,54.06,281.0
2025-01-25 00:00:00,WN,15,179,-14.0,-5.0,0.0,10.07,30.88,129.0
2025-01-25 00:00:00,UA,15,76,-14.0,-7.03,-1.99,16.95,63.44,150.0
2025-01-25 00:00:00,UA,19,81,-14.0,-7.03,0.99,12.06,21.12,64.0
2025-01-25 00:00:00,UA,22,22,-18.0,-7.92,-7.03,-4.01,4.01,57.0
2025-01-25 00:00:00,AA,18,138,-18.0,-5.99,-2.97,1.99,19.89,647.0
2025-01-25 00:00:00,DL,5,58,-14.0,-7.92,-5.99,-1.99,8.94,446.0
2025-01-25 00:00:00,AA,23,20,-9.0,-2.97,4.01,16.95,56.27,68.0
2025-01-25 00:00:00,AA,7,155,-17.0,-7.03,-5.0,-1.99,4.01,139.0
2025-01-25 00:00:00,WN,8,235,-13.0,-5.99,-2.97,0.0,5.99,136.0
2025-01-25 00:00:00,AA,8,177,-15.0,-7.03,-4.01,0.0,10.91,216.0
2025-01-26 00:00:00,DL,1,2,-14.0,-13.87,-13.87,-13.87,-13.87,-9.0
2025-01-26 00:00:00,AA,17,159,-13.0,-5.0,-0.99,5.99,34.82,874.0
2025-01-26 00:00:00,UA,11,116,-11.0,-5.99,-0.99,5.99,13.07,208.0
2025-01-26 00:00:00,AA,18,163,-20.0,-5.99,-1.99,7.92,34.82,469.0
2025-01-26 00:00:00,UA,1,1,-10.0,-10.0,-10.0,-10.0,-10.0,-10.0
2025-01-26 00:00:00,UA,19,105,-16.0,-5.99,-2.97,4.01,10.91,56.0
2025-01-26 00:00:00,AA,23,27,-17.0,-7.03,-1.99,7.92,23.81,56.0
2025-01-26 00:00:00,WN,13,245,-12.0,-4.01,-0.99,8.94,32.79,163.0
2025-01-26 00:00:00,UA,15,92,-16.0,-7.03,-2.97,4.01,12.06,157.0
2025-01-26 00:00:00,WN,15,228,-13.0,-4.01,0.0,10.07,23.81,118.0
2025-01-26 00:00:00,DL,14,135,-13.0,-7.03,-4.01,0.0,13.07,482.0
2025-01-26 00:00:00,UA,14,113,-16.0,-5.99,-2.97,0.0,10.91,143.0
2025-01-26 00:00:00,AA,13,140,-11.0,-5.0,-1.99,5.99,23.81,409.0
2025-01-26 00:00:00,AA,7,178,-14.0,-7.92,-5.0,-1.99,7.03,82.0
2025-01-26 00:00:00,AA,11,156,-13.0,-5.0,-2.97,1.99,15.03,524.0
2025-01-26 00:00:00,AA,8,191,-12.0,-5.99,-4.01,-0.99,19.11,860.0
2025-01-26 00:00:00,UA,9,146,-11.0,-5.99,-2.97,2.97,16.95,207.0
2025-01-26 00:00:00,WN,8,270,-14.0,-5.99,-4.01,-0.99,4.01,271.0
2025-01-26 00:00:00,WN,20,180,-15.0,-5.99,-1.99,2.97,23.81,124.0
2025-01-26 00:00:00,UA,22,25,-11.0,-7.92,-4.01,5.0,13.87,332.0
2025-01-26 00:00:00,UA,5,25,-13.0,-7.92,-5.0,-2.97,8.94,39.0
2025-01-26 00:00:00,DL,5,68,-22.0,-10.91,-7.03,-4.01,0.0,87.0
2025-01-27 00:00:00,AA,11,159,-14.0,-5.0,-1.99,5.99,32.79,1782.0
2025-01-27 00:00:00,DL,5,68,-15.0,-8.94,-4.01,-0.99,5.0,154.0
2025-01-27 00:00:00,AA,13,133,-12.0,-5.0,-1.99,7.92,30.27,272.0
2025-01-27 00:00:00,UA,14,115,-16.0,-7.92,-5.99,-0.99,10.91,167.0
2025-01-27 00:00:00,WN,13,242,-15.0,-5.0,-2.97,0.99,12.06,121.0
2025-01-27 00:00:00,DL,14,133,-16.0,-5.99,-4.01,0.99,10.07,108.0
2025-01-27 00:00:00,UA,11,120,-15.0,-7.03,-4.01,-0.99,5.99,113.0
2025-01-27 00:00:00,WN,15,230,-15.0,-7.03,-2.97,0.0,8.94,104.0
2025-01-27 00:00:00,UA,15,93,-20.0,-7.92,-5.99,-2.97,5.99,318.0
2025-01-27 00:00:00,AA,17,156,-19.0,-7.92,-4.01,0.99,19.11,226.0
2025-01-27 00:00:00,AA,18,144,-19.0,-5.99,-2.97,4.01,30.88,769.0
2025-01-27 00:00:00,UA,19,104,-17.0,-8.94,-5.99,-0.99,7.92,105.0
2025-01-27 00:00:00,UA,1,1,-15.0,-15.0,-15.0,-15.0,-15.0,-15.0
2025-01-27 00:00:00,UA,22,23,-14.0,-10.07,-7.92,-5.0,-1.99,12.0
2025-01-27 00:00:00,AA,7,207,-13.0,-5.99,-4.01,-0.99,5.0,990.0
2025-01-27 00:00:00,UA,5,25,-11.0,-7.92,-5.99,-5.0,-2.97,2.0
2025-01-27 00:00:00,DL,1,2,-15.0,-15.0,-15.0,-15.0,-15.0,2.0
2025-01-27 00:00:00,UA,9,156,-16.0,-7.03,-4.01,0.0,10.07,279.0
2025-01-27 00:00:00,WN,20,166,-15.0,-5.99,-4.01,1.99,15.03,89.0
2025-01-27 00:00:00,WN,8,246,-13.0,-5.0,-2.97,0.0,7.03,123.0
2025-01-27 00:00:00,AA,8,191,-12.0,-7.03,-4.01,-0.99,16.95,464.0
2025-01-27 00:00:00,AA,23,21,-15.0,-10.07,-7.03,-0.99,17.99,60.0
2025-01-28 00:00:00,AA,7,161,-16.0,-8.94,-7.03,-4.01,-0.99,87.0
2025-01-28 00:00:00,AA,17,148,-16.0,-8.94,-5.99,0.0,12.06,180.0
2025-01-28 00:00:00,DL,5,68,-18.0,-10.91,-7.92,-5.0,0.0,49.0
2025-01-28 00:00:00,AA,8,186,-18.0,-7.92,-5.0,-1.99,2.97,94.0
2025-01-28 00:00:00,AA,18,137,-24.0,-8.94,-5.0,-1.99,10.91,940.0
2025-01-28 00:00:00,UA,19,94,-24.0,-8.94,-5.99,-1.99,10.07,125.0
2025-01-28 00:00:00,UA,1,1,-14.0,-14.0,-14.0,-14.0,-14.0,-14.0
2025-01-28 00:00:00,WN,20,167,-15.0,-7.92,-5.99,-4.01,0.0,56.0
2025-01-28 00:00:00,UA,22,21,-21.0,-13.07,-7.03,-1.99,46.07,102.0
2025-01-28 00:00:00,UA,14,112,-20.0,-10.07,-7.03,-4.01,4.01,123.0
2025-01-28 00:00:00,AA,13,124,-15.0,-7.92,-5.0,-2.97,8.94,110.0
2025-01-28 00:00:00,UA,5,23,-13.0,-10.07,-7.03,-5.0,8.94,120.0
2025-01-28 00:00:00,UA,15,81,-16.0,-10.07,-5.99,-1.99,8.94,53.0
2025-01-28 00:00:00,WN,15,231,-14.0,-7.03,-5.0,-2.97,1.99,91.0
2025-01-28 00:00:00,WN,8,246,-12.0,-5.99,-5.0,-2.97,5.0,101.0
2025-01-28 00:00:00,DL,14,118,-17.0,-7.92,-5.0,-0.99,10.91,62.0
2025-01-28 00:00:00,WN,13,240,-14.0,-7.03,-5.0,-1.99,4.01,117.0
2025-01-28 00:00:00,DL,1,2,-9.0,-8.94,-8.94,-8.94,-8.94,-6.0
2025-01-28 00:00:00,UA,9,139,-15.0,-7.92,-5.99,-1.99,7.03,102.0
2025-01-28 00:00:00,AA,11,146,-16.0,-7.92,-4.01,-1.99,2.97,109.0
2025-01-28 00:00:00,AA,23,19,-10.0,-8.94,-4.01,0.0,23.81,46.0
2025-01-28 00:00:00,UA,11,116,-15.0,-7.92,-5.0,-1.99,2.97,107.0
2025-01-29 00:00:00,UA,5,25,-13.0,-10.07,-7.92,-1.99,1.99,169.0
2025-01-29 00:00:00,WN,15,230,-14.0,-7.03,-4.01,-0.99,5.99,258.0
2025-01-29 00:00:00,UA,1,1,4.0,4.0,4.0,4.0,4.0,4.0
2025-01-29 00:00:00,DL,5,68,-21.0,-10.07,-7.03,-4.01,2.97,133.0
2025-01-29 00:00:00,UA,15,83,-19.0,-7.03,-4.01,0.99,16.95,84.0
2025-01-29 00:00:00,AA,17,150,-14.0,-7.92,-5.0,-0.99,21.12,277.0
2025-01-29 00:00:00,AA,18,128,-26.0,-7.03,-2.97,1.99,19.89,1126.0
2025-01-29 00:00:00,WN,13,242,-15.0,-5.99,-4.01,-0.99,7.03,267.0
2025-01-29 00:00:00,UA,14,116,-18.0,-8.94,-5.99,-0.99,19.89,158.0
2025-01-29 00:00:00,UA,9,141,-17.0,-7.03,-4.01,0.0,7.92,285.0
2025-01-29 00:00:00,UA,11,118,-19.0,-7.92,-5.0,0.0,5.0,101.0
2025-01-29 00:00:00,UA,22,26,-12.0,-7.03,-5.99,-4.01,-0.99,3.0
2025-01-29 00:00:00,AA,11,144,-14.0,-7.03,-4.01,0.0,12.06,140.0
2025-01-29 00:00:00,AA,13,123,-14.0,-7.03,-4.01,0.0,8.94,135.0
2025-01-29 00:00:00,DL,1,2,-11.0,-10.91,-10.91,-10.91,-10.91,13.0
2025-01-29 00:00:00,UA,19,99,-16.0,-7.92,-2.97,1.99,13.07,110.0
2025-01-29 00:00:00,AA,23,18,-11.0,-5.99,-5.0,-0.99,1.99,64.0
2025-01-29 00:00:00,WN,20,162,-15.0,-7.03,-5.0,-0.99,19.89,86.0
2025-01-29 00:00:00,DL,14,121,-21.0,-8.94,-5.0,-1.99,5.99,95.0
2025-01-29 00:00:00,AA,8,185,-14.0,-7.03,-5.0,-1.99,2.97,361.0
2025-01-29 00:00:00,WN,8,246,-12.0,-5.99,-4.01,-1.99,0.0,100.0
2025-01-29 00:00:00,AA,7,161,-14.0,-8.94,-5.99,-2.97,2.97,640.0
2025-01-30 00:00:00,UA,9,155,-19.0,-7.03,-2.97,5.0,19.89,184.0
2025-01-30 00:00:00,AA,11,149,-12.0,-5.0,-0.99,10.07,51.94,599.0
2025-01-30 00:00:00,AA,17,158,-14.0,-4.01,1.99,24.78,74.45,239.0
2025-01-30 00:00:00,UA,22,24,-13.0,-7.92,-5.0,-1.99,0.99,59.0
2025-01-30 00:00:00,WN,8,243,-11.0,-5.0,-2.97,0.0,8.94,84.0
2025-01-30 00:00:00,UA,11,119,-14.0,-7.03,-4.01,5.0,15.03,144.0
2025-01-30 00:00:00,AA,13,134,-16.0,-5.0,-0.99,12.06,57.4,367.0
2025-01-30 00:00:00,WN,13,238,-13.0,-4.01,-0.99,5.99,19.11,140.0
2025-01-30 00:00:00,DL,14,131,-18.0,-7.03,-2.97,1.99,15.96,143.0
2025-01-30 00:00:00,UA,14,117,-19.0,-7.03,-4.01,0.99,19.11,402.0
2025-01-30 00:00:00,UA,15,93,-16.0,-7.03,-2.97,0.0,15.96,149.0
2025-01-30 00:00:00,WN,15,228,-13.0,-4.01,-0.99,5.99,19.89,242.0
2025-01-30 00:00:00,AA,18,166,-17.0,-5.0,-0.99,13.87,51.94,212.0
2025-01-30 00:00:00,UA,19,103,-14.0,-7.92,-2.97,0.0,8.94,171.0
2025-01-30 00:00:00,WN,20,165,-15.0,-5.0,-0.99,7.03,30.27,70.0
2025-01-30 00:00:00,AA,23,27,-9.0,-5.0,-1.99,0.99,2.97,36.0
2025-01-30 00:00:00,AA,7,177,-14.0,-7.03,-4.01,-0.99,8.94,388.0
2025-01-30 00:00:00,DL,1,2,-10.0,-10.0,-10.0,-10.0,-10.0,72.0
2025-01-30 00:00:00,UA,5,25,-12.0,-10.07,-7.03,-5.0,-2.97,42.0
2025-01-30 00:00:00,DL,5,68,-19.0,-7.92,-5.99,-1.99,1.99,586.0
2025-01-30 00:00:00,UA,1,1,-9.0,-9.0,-9.0,-9.0,-9.0,-9.0
2025-01-30 00:00:00,AA,8,160,-13.0,-5.99,-4.01,-0.99,10.07,868.0
2025-01-31 00:00:00,WN,15,230,-12.0,-4.01,0.0,7.92,30.88,157.0
2025-01-31 00:00:00,UA,19,101,-15.0,-7.03,-2.97,5.99,19.89,92.0
2025-01-31 00:00:00,UA,9,157,-16.0,-7.03,-2.97,0.99,15.96,197.0
2025-01-31 00:00:00,UA,15,92,-17.0,-7.03,-2.97,5.99,21.98,187.0
2025-01-31 00:00:00,AA,17,158,-17.0,-5.99,-2.97,0.99,22.88,142.0
2025-01-31 00:00:00,AA,18,144,-18.0,-5.0,-1.99,1.99,13.87,149.0
2025-01-31 00:00:00,DL,14,133,-16.0,-5.99,-1.99,5.0,19.11,152.0
2025-01-31 00:00:00,AA,11,159,-12.0,-5.0,-1.99,2.97,24.78,1155.0
2025-01-31 00:00:00,AA,13,133,-15.0,-5.99,-2.97,5.99,34.13,247.0
2025-01-31 00:00:00,DL,1,2,-7.0,-7.0,-7.0,-7.0,-7.0,-2.0
2025-01-31 00:00:00,UA,1,1,-14.0,-14.0,-14.0,-14.0,-14.0,-14.0
2025-01-31 00:00:00,WN,13,240,-14.0,-5.0,-0.99,4.01,21.98,164.0
2025-01-31 00:00:00,UA,11,119,-12.0,-5.99,-2.97,0.0,19.89,141.0
2025-01-31 00:00:00,AA,8,190,-12.0,-5.99,-4.01,-0.99,15.03,245.0
2025-01-31 00:00:00,AA,23,21,-19.0,-7.03,-4.01,0.0,24.78,101.0
2025-01-31 00:00:00,WN,8,242,-12.0,-5.0,-1.99,0.0,16.95,144.0
2025-01-31 00:00:00,UA,5,25,-13.0,-7.92,-5.0,-2.97,8.94,377.0
2025-01-31 00:00:00,UA,14,118,-15.0,-7.03,-4.01,0.99,16.95,171.0
2025-01-31 00:00:00,UA,22,25,-12.0,-5.99,-2.97,2.97,7.92,13.0
2025-01-31 00:00:00,DL,5,68,-12.0,-7.92,-5.0,-0.99,1.99,183.0
2025-01-31 00:00:00,AA,7,208,-13.0,-7.03,-4.01,0.0,7.92,1368.0
2025-01-31 00:00:00,WN,20,167,-13.0,-5.0,-1.99,4.01,15.96,79.0
2025-02-01 00:00:00,UA,15,76,-15.0,-7.92,-5.0,1.99,16.95,393.0
2025-02-01 00:00:00,WN,15,181,-13.0,-5.99,-2.97,1.99,19.11,192.0
2025-02-01 00:00:00,UA,1,1,-8.0,-8.0,-8.0,-8.0,-8.0,-8.0
2025-02-01 00:00:00,UA,11,108,-13.0,-5.99,-1.99,4.01,16.95,112.0
2025-02-01 00:00:00,AA,17,142,-15.0,-8.94,-5.0,-0.99,7.03,145.0
2025-02-01 00:00:00,AA,18,138,-22.0,-7.03,-4.01,4.01,19.89,251.0
2025-02-01 00:00:00,UA,19,81,-16.0,-5.99,-2.97,5.0,15.03,99.0
2025-02-01 00:00:00,WN,20,36,-13.0,-7.03,-5.0,-0.99,0.99,12.0
2025-02-01 00:00:00,UA,22,23,-15.0,-7.03,-1.99,8.94,30.27,56.0
2025-02-01 00:00:00,AA,23,21,-10.0,-5.99,-4.01,-0.99,0.0,126.0
2025-02-01 00:00:00,UA,14,109,-15.0,-7.03,-4.01,2.97,13.07,281.0
2025-02-01 00:00:00,WN,13,202,-12.0,-5.0,-1.99,1.99,10.91,86.0
2025-02-01 00:00:00,DL,14,118,-15.0,-7.03,-2.97,7.92,21.12,228.0
2025-02-01 00:00:00,DL,1,2,-10.0,-10.0,-10.0,-10.0,-10.0,-7.0
2025-02-01 00:00:00,AA,13,116,-14.0,-7.03,-4.01,0.0,13.87,1346.0
2025-02-01 00:00:00,WN,8,235,-13.0,-5.99,-4.01,-0.99,4.01,165.0
2025-02-01 00:00:00,AA,11,133,-13.0,-5.99,-4.01,0.0,12.06,334.0
2025-02-01 00:00:00,UA,9,131,-13.0,-5.99,-2.97,2.97,21.12,401.0
2025-02-01 00:00:00,DL,5,57,-18.0,-8.94,-5.99,-1.99,7.92,246.0
2025-02-01 00:00:00,UA,5,24,-10.0,-8.94,-5.99,0.99,10.91,131.0
2025-02-01 00:00:00,AA,7,155,-13.0,-7.92,-5.0,-1.99,4.01,221.0
2025-02-01 00:00:00,AA,8,176,-16.0,-7.03,-5.0,-1.99,19.89,1731.0
2025-02-02 00:00:00,AA,23,27,-16.0,-8.94,-1.99,0.0,13.87,54.0
2025-02-02 00:00:00,AA,11,155,-14.0,-5.0,-2.97,1.99,39.25,1311.0
2025-02-02 00:00:00,WN,20,176,-12.0,-4.01,0.0,16.95,43.38,148.0
2025-02-02 00:00:00,UA,11,116,-12.0,-5.99,-0.99,5.0,16.95,227.0
2025-02-02 00:00:00,UA,22,25,-13.0,-7.03,-1.99,13.07,16.95,43.0
2025-02-02 00:00:00,UA,1,1,-12.0,-12.0,-12.0,-12.0,-12.0,-12.0
2025-02-02 00:00:00,DL,1,2,-6.0,-5.99,-5.99,-5.99,-5.99,70.0
2025-02-02 00:00:00,UA,5,24,-15.0,-10.07,-5.0,-5.0,-4.01,116.0
2025-02-02 00:00:00,DL,5,68,-17.0,-8.94,-5.99,-2.97,19.11,318.0
2025-02-02 00:00:00,AA,7,178,-13.0,-7.92,-5.0,-1.99,8.94,1023.0
2025-02-02 00:00:00,AA,8,192,-13.0,-7.92,-4.01,-0.99,10.91,160.0
2025-02-02 00:00:00,WN,8,269,-14.0,-5.99,-4.01,-0.99,8.94,329.0
2025-02-02 00:00:00,UA,9,146,-14.0,-5.99,-4.01,-0.99,13.07,232.0
2025-02-02 00:00:00,UA,15,92,-17.0,-7.92,-5.0,2.97,27.94,168.0
2025-02-02 00:00:00,AA,13,140,-10.0,-5.0,-1.99,4.01,26.84,601.0
2025-02-02 00:00:00,WN,15,224,-13.0,-4.01,0.0,10.91,34.82,152.0
2025-02-02 00:00:00,AA,17,159,-14.0,-5.99,-1.99,8.94,32.79,136.0
2025-02-02 00:00:00,UA,19,105,-14.0,-5.0,-0.99,10.91,43.38,135.0
2025-02-02 00:00:00,AA,18,165,-13.0,-5.0,-1.99,4.01,30.88,170.0
2025-02-02 00:00:00,WN,13,242,-13.0,-4.01,0.0,5.99,24.78,159.0
2025-02-02 00:00:00,DL,14,132,-15.0,-7.03,-2.97,2.97,21.98,229.0
2025-02-02 00:00:00,UA,14,113,-15.0,-7.03,-4.01,1.99,24.78,305.0
2025-02-03 00:00:00,AA,13,131,-15.0,-7.03,-4.01,2.97,24.78,231.0
2025-02-03 00:00:00,WN,20,164,-15.0,-7.03,-4.01,0.0,15.03,161.0
2025-02-03 00:00:00,WN,8,243,-10.0,-5.0,-1.99,0.99,15.96,239.0
2025-02-03 00:00:00,UA,9,155,-11.0,-5.99,-2.97,-0.99,10.07,129.0
2025-02-03 00:00:00,AA,11,156,-15.0,-5.0,-2.97,0.99,13.07,634.0
2025-02-03 00:00:00,UA,11,120,-15.0,-5.0,-2.97,1.99,19.89,284.0
2025-02-03 00:00:00,UA,22,23,-19.0,-8.94,-7.03,-4.01,4.01,82.0
2025-02-03 00:00:00,UA,5,24,-14.0,-7.92,-5.99,-1.99,0.0,10.0
2025-02-03 00:00:00,AA,7,209,-14.0,-7.03,-5.0,-0.99,5.99,502.0
2025-02-03 00:00:00,AA,8,194,-12.0,-5.99,-4.01,-0.99,10.07,828.0
2025-02-03 00:00:00,AA,23,21,-15.0,-10.07,-5.0,-0.99,7.92,58.0
2025-02-03 00:00:00,DL,5,68,-15.0,-8.94,-5.99,-0.99,15.03,1052.0
2025-02-03 00:00:00,UA,19,102,-16.0,-7.03,-2.97,5.99,39.25,201.0
2025-02-03 00:00:00,AA,17,156,-15.0,-7.03,-4.01,0.99,34.82,838.0
2025-02-03 00:00:00,AA,18,144,-17.0,-7.03,-5.0,0.0,12.06,352.0
2025-02-03 00:00:00,UA,15,93,-19.0,-7.92,-4.01,5.0,57.4,161.0
2025-02-03 00:00:00,UA,1,1,7.0,7.0,7.0,7.0,7.0,7.0
2025-02-03 00:00:00,DL,1,2,-8.0,-7.92,-7.92,-7.92,-7.92,76.0
2025-02-03 00:00:00,DL,14,131,-18.0,-5.99,-1.99,8.94,40.86,87.0
2025-02-03 00:00:00,WN,15,229,-15.0,-5.99,-2.97,7.03,19.89,122.0
2025-02-03 00:00:00,WN,13,238,-15.0,-5.0,-1.99,1.99,19.11,325.0
2025-02-03 00:00:00,UA,14,117,-13.0,-7.03,-2.97,5.99,19.89,225.0
2025-02-04 00:00:00,WN,13,242,-12.0,-5.99,-2.97,0.0,13.07,126.0
2025-02-04 00:00:00,WN,8,244,-11.0,-5.99,-4.01,-1.99,2.97,138.0
2025-02-04 00:00:00,UA,14,112,-21.0,-8.94,-5.99,-1.99,15.03,532.0
2025-02-04 00:00:00,DL,5,68,-19.0,-10.07,-7.03,-2.97,5.0,730.0
2025-02-04 00:00:00,DL,14,116,-19.0,-8.94,-5.0,-1.99,5.0,73.0
2025-02-04 00:00:00,AA,7,161,-20.0,-8.94,-7.03,-2.97,0.99,205.0
2025-02-04 00:00:00,AA,8,191,-14.0,-7.92,-5.99,-1.99,4.01,1379.0
2025-02-04 00:00:00,UA,5,21,-17.0,-10.07,-7.03,-1.99,10.07,13.0
2025-02-04 00:00:00,DL,1,2,-14.0,-13.87,-13.87,-13.87,-13.87,0.0
2025-02-04 00:00:00,UA,11,116,-15.0,-7.03,-2.97,1.99,13.87,447.0
2025-02-04 00:00:00,UA,9,140,-13.0,-7.92,-5.0,-0.99,12.06,97.0
2025-02-04 00:00:00,UA,1,1,-6.0,-6.0,-6.0,-6.0,-6.0,-6.0
2025-02-04 00:00:00,WN,15,231,-14.0,-5.99,-4.01,0.0,7.92,349.0
2025-02-04 00:00:00,AA,13,124,-14.0,-7.92,-5.99,-2.97,1.99,101.0
2025-02-04 00:00:00,AA,11,146,-18.0,-7.03,-4.01,0.0,15.96,294.0
2025-02-04 00:00:00,UA,15,81,-17.0,-8.94,-5.99,0.0,15.03,80.0
2025-02-04 00:00:00,AA,23,19,-16.0,-10.07,-7.92,-4.01,-0.99,0.0
2025-02-04 00:00:00,AA,17,146,-19.0,-8.94,-5.99,-1.99,12.06,733.0
2025-02-04 00:00:00,WN,20,166,-15.0,-7.03,-5.0,-0.99,5.99,109.0
2025-02-04 00:00:00,UA,22,20,-17.0,-8.94,-5.99,0.0,26.84,63.0
2025-02-04 00:00:00,AA,18,138,-22.0,-7.92,-5.0,-0.99,8.94,292.0
2025-02-04 00:00:00,UA,19,92,-20.0,-7.92,-4.01,0.99,15.03,633.0
2025-02-05 00:00:00,AA,13,123,-14.0,-5.99,-2.97,0.99,10.07,1101.0
2025-02-05 00:00:00,WN,15,231,-12.0,-5.99,-1.99,5.99,26.84,301.0
2025-02-05 00:00:00,UA,14,116,-16.0,-7.92,-5.0,0.0,32.79,483.0
2025-02-05 00:00:00,AA,8,190,-15.0,-7.92,-5.99,-2.97,2.97,190.0
2025-02-05 00:00:00,DL,1,2,-7.0,-7.0,-7.0,-7.0,-7.0,130.0
2025-02-05 00:00:00,UA,9,139,-23.0,-8.94,-5.0,-0.99,15.96,418.0
2025-02-05 00:00:00,WN,20,165,-14.0,-5.99,-1.99,5.99,19.89,71.0
2025-02-05 00:00:00,DL,14,118,-18.0,-7.92,-5.0,0.0,7.03,77.0
2025-02-05 00:00:00,AA,17,152,-18.0,-7.03,-5.0,-1.99,5.99,147.0
2025-02-05 00:00:00,AA,18,136,-18.0,-7.92,-5.0,-0.99,13.07,840.0
2025-02-05 00:00:00,UA,19,100,-17.0,-7.03,-0.99,8.94,22.88,97.0
2025-02-05 00:00:00,UA,22,26,-18.0,-10.07,-7.03,-1.99,0.99,7.0
2025-02-05 00:00:00,UA,1,1,-14.0,-14.0,-14.0,-14.0,-14.0,-14.0
2025-02-05 00:00:00,WN,13,242,-12.0,-5.0,-2.97,1.99,13.87,109.0
2025-02-05 00:00:00,UA,15,83,-13.0,-7.03,-4.01,2.97,25.79,194.0
2025-02-05 00:00:00,AA,11,144,-16.0,-7.03,-4.01,0.0,24.78,2088.0
2025-02-05 00:00:00,WN,8,246,-11.0,-5.99,-4.01,-1.99,0.99,62.0
2025-02-05 00:00:00,AA,23,15,-12.0,-10.07,-5.99,-0.99,2.97,78.0
2025-02-05 00:00:00,AA,7,162,-18.0,-8.94,-5.99,-2.97,0.99,1536.0
2025-02-05 00:00:00,UA,11,116,-14.0,-7.92,-4.01,1.99,23.81,208.0
2025-02-05 00:00:00,UA,5,24,-12.0,-7.92,-5.0,-0.99,21.98,605.0
2025-02-05 00:00:00,DL,5,68,-17.0,-10.07,-7.03,-2.97,1.99,162.0
2025-02-06 00:00:00,WN,8,260,-11.0,-5.0,-1.99,4.01,21.12,142.0
2025-02-06 00:00:00,AA,17,157,-14.0,-5.99,-0.99,16.95,67.36,320.0
2025-02-06 00:00:00,AA,18,171,-14.0,-5.0,-1.99,7.03,47.95,813.0
2025-02-06 00:00:00,UA,11,120,-15.0,-4.01,1.99,25.79,66.03,142.0
2025-02-06 00:00:00,UA,14,118,-19.0,-5.0,-0.99,27.94,106.71,300.0
2025-02-06 00:00:00,UA,19,103,-16.0,-0.99,13.07,47.0,87.37,269.0
2025-02-06 00:00:00,WN,20,179,-15.0,-5.0,-1.99,7.92,37.72,260.0
2025-02-06 00:00:00,UA,22,25,-13.0,-5.0,10.07,24.78,85.64,201.0
2025-02-06 00:00:00,WN,15,227,-10.0,-5.0,0.0,10.91,36.97,214.0
2025-02-06 00:00:00,AA,23,28,-8.0,-5.0,-1.99,23.81,29.08,849.0
2025-02-06 00:00:00,UA,15,94,-20.0,-4.01,0.99,47.0,104.6,325.0
2025-02-06 00:00:00,DL,14,132,-21.0,-4.01,0.0,19.89,40.86,337.0
2025-02-06 00:00:00,AA,13,139,-13.0,-5.0,0.0,15.03,70.11,332.0
2025-02-06 00:00:00,UA,9,153,-13.0,-5.0,-0.99,13.07,64.72,293.0
2025-02-06 00:00:00,DL,5,68,-14.0,-7.92,-5.0,-0.99,5.0,568.0
2025-02-06 00:00:00,AA,7,196,-14.0,-7.03,-5.0,-0.99,13.87,259.0
2025-02-06 00:00:00,WN,13,244,-10.0,-4.01,-0.99,8.94,24.78,170.0
2025-02-06 00:00:00,AA,8,181,-14.0,-5.99,-2.97,2.97,32.79,253.0
2025-02-06 00:00:00,AA,11,154,-11.0,-5.0,-1.99,12.06,36.97,654.0
2025-02-06 00:00:00,UA,1,1,-16.0,-16.0,-16.0,-16.0,-16.0,-16.0
2025-02-06 00:00:00,DL,1,2,1.0,1.0,1.0,1.0,1.0,42.0
2025-02-06 00:00:00,UA,5,24,-14.0,-8.94,-5.99,-0.99,10.91,191.0
2025-02-07 00:00:00,UA,1,1,0.0,0.0,0.0,0.0,0.0,0.0
2025-02-07 00:00:00,AA,13,137,-14.0,-5.0,-1.99,5.0,23.81,326.0
2025-02-07 00:00:00,AA,8,194,-14.0,-5.99,-4.01,0.0,19.11,299.0
2025-02-07 00:00:00,WN,15,230,-11.0,-4.01,0.0,13.87,34.13,89.0
2025-02-07 00:00:00,UA,14,118,-15.0,-7.92,-4.01,-0.99,12.06,132.0
2025-02-07 00:00:00,DL,5,68,-14.0,-7.92,-5.0,0.0,7.03,543.0
2025-02-07 00:00:00,UA,22,25,-13.0,-7.92,-5.0,-1.99,12.06,50.0
2025-02-07 00:00:00,UA,15,94,-15.0,-7.03,-4.01,0.0,10.91,101.0
2025-02-07 00:00:00,AA,7,211,-13.0,-7.03,-4.01,-1.99,7.03,564.0
2025-02-07 00:00:00,AA,23,22,-11.0,-5.99,-4.01,-0.99,0.99,972.0
2025-02-07 00:00:00,UA,5,24,-13.0,-7.03,-5.99,-2.97,-0.99,52.0
2025-02-07 00:00:00,DL,1,2,-7.0,-7.0,-7.0,-7.0,-7.0,-6.0
2025-02-07 00:00:00,AA,17,156,-14.0,-5.99,-4.01,0.99,19.89,166.0
2025-02-07 00:00:00,WN,20,179,-13.0,-7.03,-2.97,8.94,22.88,133.0
2025-02-07 00:00:00,UA,19,102,-13.0,-7.03,-4.01,1.99,8.94,154.0
2025-02-07 00:00:00,AA,18,149,-19.0,-5.99,-4.01,0.99,15.03,118.0
2025-02-07 00:00:00,WN,13,247,-11.0,-4.01,-0.99,5.99,29.08,125.0
2025-02-07 00:00:00,WN,8,266,-12.0,-5.0,-2.97,0.0,13.07,262.0
2025-02-07 00:00:00,DL,14,134,-19.0,-5.99,-4.01,2.97,24.78,213.0
2025-02-07 00:00:00,UA,9,153,-14.0,-7.03,-4.01,-0.99,1.99,236.0
2025-02-07 00:00:00,AA,11,157,-11.0,-5.0,-2.97,1.99,17.99,277.0
2025-02-07 00:00:00,UA,11,119,-12.0,-7.03,-4.01,0.0,13.07,152.0
2025-02-08 00:00:00,UA,1,1,-2.0,-2.0,-2.0,-2.0,-2.0,-2.0
2025-02-08 00:00:00,AA,11,136,-13.0,-5.99,-2.97,0.99,17.99,171.0
2025-02-08 00:00:00,AA,8,181,-15.0,-7.03,-5.0,-1.99,7.03,251.0
2025-02-08 00:00:00,UA,11,108,-13.0,-5.0,-0.99,4.01,19.11,244.0
2025-02-08 00:00:00,UA,5,24,-11.0,-8.94,-5.99,-1.99,0.0,26.0
2025-02-08 00:00:00,UA,9,133,-12.0,-5.99,-4.01,-0.99,7.03,94.0
2025-02-08 00:00:00,WN,8,237,-15.0,-5.0,-2.97,-0.99,5.0,57.0
2025-02-08 00:00:00,AA,7,157,-13.0,-7.92,-5.0,-0.99,10.91,133.0
2025-02-08 00:00:00,DL,5,59,-16.0,-7.92,-7.03,-1.99,13.87,169.0
2025-02-08 00:00:00,UA,19,81,-17.0,-8.94,0.0,10.07,19.11,61.0
2025-02-08 00:00:00,AA,23,18,-12.0,-5.0,-2.97,0.0,4.01,32.0
2025-02-08 00:00:00,DL,1,2,3.0,3.0,3.0,3.0,3.0,9.0
2025-02-08 00:00:00,AA,13,117,-13.0,-5.99,-2.97,5.0,26.84,207.0
2025-02-08 00:00:00,UA,22,22,-12.0,-7.03,-5.99,0.0,15.03,104.0
2025-02-08 00:00:00,WN,20,35,-12.0,-2.97,0.0,5.99,15.03,80.0
2025-02-08 00:00:00,AA,18,122,-27.0,-5.99,-4.01,0.99,12.06,860.0
2025-02-08 00:00:00,WN,13,203,-13.0,-5.0,-1.99,4.01,15.03,163.0
2025-02-08 00:00:00,DL,14,116,-20.0,-7.92,-2.97,5.0,32.79,105.0
2025-02-08 00:00:00,WN,15,189,-15.0,-5.0,-0.99,7.92,21.98,182.0
2025-02-08 00:00:00,AA,17,130,-18.0,-7.92,-5.0,1.99,32.79,158.0
2025-02-08 00:00:00,UA,14,108,-15.0,-7.03,-2.97,4.01,13.07,157.0
2025-02-08 00:00:00,UA,15,76,-15.0,-7.03,-2.97,7.03,27.94,870.0
2025-02-09 00:00:00,AA,11,155,-13.0,-5.0,-1.99,7.92,27.94,571.0
2025-02-09 00:00:00,AA,7,163,-15.0,-7.03,-4.01,-0.99,7.03,189.0
2025-02-09 00:00:00,UA,15,91,-13.0,-5.99,-1.99,5.0,26.84,169.0
2025-02-09 00:00:00,UA,19,107,-15.0,-5.99,-0.99,7.92,30.27,165.0
2025-02-09 00:00:00,UA,5,23,-10.0,-7.92,-5.99,-2.97,0.99,69.0
2025-02-09 00:00:00,DL,1,2,-16.0,-15.96,-15.96,-15.96,-15.96,-7.0
2025-02-09 00:00:00,WN,20,159,-12.0,-5.0,-1.99,4.01,13.87,76.0
2025-02-09 00:00:00,AA,23,28,-11.0,-7.03,-2.97,2.97,15.96,76.0
2025-02-09 00:00:00,AA,18,164,-19.0,-5.99,-2.97,5.99,34.13,290.0
2025-02-09 00:00:00,WN,15,233,-14.0,-5.0,-1.99,2.97,13.87,85.0
2025-02-09 00:00:00,UA,14,113,-11.0,-5.99,-1.99,5.99,39.25,295.0
2025-02-09 00:00:00,UA,1,1,3.0,3.0,3.0,3.0,3.0,3.0
2025-02-09 00:00:00,UA,9,147,-12.0,-5.99,-1.99,4.01,19.89,263.0
2025-02-09 00:00:00,WN,13,243,-14.0,-4.01,-0.99,5.0,24.78,109.0
2025-02-09 00:00:00,DL,14,113,-19.0,-5.99,-1.99,5.0,21.98,182.0
2025-02-09 00:00:00,AA,8,185,-14.0,-7.03,-2.97,0.99,16.95,175.0
2025-02-09 00:00:00,DL,5,60,-21.0,-7.92,-5.0,4.01,22.88,466.0
2025-02-09 00:00:00,AA,13,139,-20.0,-5.0,-0.99,10.07,49.9,227.0
2025-02-09 00:00:00,UA,11,116,-10.0,-5.0,0.0,8.94,40.05,164.0
2025-02-09 00:00:00,AA,17,159,-14.0,-5.99,-1.99,13.87,60.95,257.0
2025-02-09 00:00:00,WN,8,249,-14.0,-5.0,-2.97,-0.99,7.03,144.0
2025-02-09 00:00:00,UA,22,25,-13.0,-7.92,-5.0,-0.99,1.99,24.0
2025-02-10 00:00:00,UA,11,120,-12.0,-5.99,-1.99,0.99,19.11,576.0
2025-02-10 00:00:00,DL,1,2,-4.0,-4.0,-4.0,-4.0,-4.0,-2.0
2025-02-10 00:00:00,UA,15,97,-18.0,-7.92,-4.01,1.99,17.99,87.0
2025-02-10 00:00:00,WN,8,270,-15.0,-5.0,-2.97,0.99,15.96,127.0
2025-02-10 00:00:00,UA,5,28,-10.0,-7.92,-7.03,-2.97,0.0,61.0
2025-02-10 00:00:00,DL,5,68,-17.0,-8.94,-5.0,-0.99,13.07,86.0
2025-02-10 00:00:00,AA,7,208,-12.0,-5.99,-4.01,0.0,19.11,2352.0
2025-02-10 00:00:00,WN,13,247,-10.0,-2.97,0.99,10.07,25.79,123.0
2025-02-10 00:00:00,AA,13,138,-11.0,-4.01,0.0,13.87,52.99,448.0
2025-02-10 00:00:00,DL,14,135,-14.0,-5.99,-2.97,1.99,21.12,204.0
2025-02-10 00:00:00,UA,14,118,-13.0,-5.99,-1.99,2.97,30.88,73.0
2025-02-10 00:00:00,WN,15,229,-12.0,-2.97,4.01,19.11,50.91,245.0
2025-02-10 00:00:00,AA,18,147,-20.0,-5.99,-1.99,15.96,43.38,625.0
2025-02-10 00:00:00,UA,19,105,-13.0,-7.03,-2.97,5.0,22.88,112.0
2025-02-10 00:00:00,WN,20,181,-13.0,-5.99,0.0,10.91,48.91,214.0
2025-02-10 00:00:00,AA,23,22,-12.0,-8.94,-5.99,-0.99,5.99,58.0
2025-02-10 00:00:00,AA,8,198,-12.0,-5.0,-2.97,0.0,19.11,428.0
2025-02-10 00:00:00,AA,17,155,-16.0,-5.0,-0.99,7.03,54.06,380.0
2025-02-10 00:00:00,UA,22,23,-17.0,-7.03,-4.01,2.97,8.94,63.0
2025-02-10 00:00:00,AA,11,158,-11.0,-5.0,-1.99,12.06,41.68,165.0
2025-02-10 00:00:00,UA,9,153,-12.0,-5.99,-1.99,4.01,13.07,117.0
2025-02-11 00:00:00,UA,14,113,-13.0,-5.0,0.99,21.12,79.05,345.0
2025-02-11 00:00:00,AA,13,125,-16.0,-5.99,-1.99,1.99,37.72,330.0
2025-02-11 00:00:00,UA,15,81,-13.0,-7.03,-2.97,7.03,25.79,94.0
2025-02-11 00:00:00,WN,15,230,-13.0,-4.01,-0.99,16.95,54.06,234.0
2025-02-11 00:00:00,AA,17,144,-15.0,-5.99,-4.01,2.97,30.88,743.0
2025-02-11 00:00:00,AA,18,136,-14.0,-7.03,-4.01,0.99,15.03,826.0
2025-02-11 00:00:00,UA,19,92,-22.0,-5.99,2.97,19.11,54.06,344.0
2025-02-11 00:00:00,WN,20,166,-14.0,-2.97,7.92,36.97,67.36,207.0
2025-02-11 00:00:00,UA,11,116,-12.0,-5.99,-1.99,10.91,26.84,368.0
2025-02-11 00:00:00,UA,22,21,-13.0,-8.94,-0.99,4.01,22.88,119.0
2025-02-11 00:00:00,AA,23,20,-14.0,-8.94,-5.99,-1.99,1.99,13.0
2025-02-11 00:00:00,WN,13,239,-12.0,-5.0,-0.99,10.07,34.13,207.0
2025-02-11 00:00:00,AA,8,189,-17.0,-7.03,-5.0,-1.99,7.92,72.0
2025-02-11 00:00:00,UA,9,139,-13.0,-7.03,-1.99,8.94,70.11,210.0
2025-02-11 00:00:00,WN,8,245,-11.0,-5.99,-4.01,0.0,7.03,208.0
2025-02-11 00:00:00,UA,5,22,-16.0,-8.94,-7.92,-2.97,2.97,82.0
2025-02-11 00:00:00,DL,5,66,-16.0,-10.07,-5.99,-2.97,0.0,248.0
2025-02-11 00:00:00,AA,7,163,-16.0,-7.92,-5.0,-2.97,-0.99,490.0
2025-02-11 00:00:00,DL,14,115,-17.0,-7.03,-5.0,-0.99,7.92,71.0
2025-02-11 00:00:00,UA,1,1,-18.0,-18.0,-18.0,-18.0,-18.0,-18.0
2025-02-11 00:00:00,AA,11,147,-15.0,-5.99,-4.01,-0.99,13.87,203.0
2025-02-11 00:00:00,DL,1,2,-8.0,-7.92,-7.92,-7.92,-7.92,-6.0
2025-02-12 00:00:00,AA,11,146,-12.0,-4.01,0.0,16.95,47.0,537.0
2025-02-12 00:00:00,AA,23,22,-7.0,-4.01,-1.99,7.92,40.05,110.0
2025-02-12 00:00:00,DL,1,2,-11.0,-10.91,-10.91,-10.91,-10.91,-9.0
2025-02-12 00:00:00,UA,14,117,-17.0,-5.0,4.01,37.72,79.05,299.0
2025-02-12 00:00:00,UA,5,24,-10.0,-7.03,-2.97,0.0,0.99,207.0
2025-02-12 00:00:00,DL,5,66,-14.0,-7.03,-5.0,0.0,13.07,212.0
2025-02-12 00:00:00,AA,7,161,-14.0,-7.03,-4.01,0.99,21.12,170.0
2025-02-12 00:00:00,AA,8,187,-14.0,-5.99,-2.97,2.97,24.78,366.0
2025-02-12 00:00:00,WN,8,242,-11.0,-5.0,-1.99,4.01,15.03,204.0
2025-02-12 00:00:00,UA,9,140,-12.0,-5.0,-0.99,10.91,43.38,244.0
2025-02-12 00:00:00,AA,17,152,-19.0,-5.0,0.0,17.99,83.94,183.0
2025-02-12 00:00:00,UA,22,29,-13.0,-1.99,5.0,16.95,34.82,168.0
2025-02-12 00:00:00,UA,11,117,-14.0,-5.0,2.97,25.79,52.99,365.0
2025-02-12 00:00:00,UA,19,106,-16.0,-2.97,5.0,27.94,92.77,272.0
2025-02-12 00:00:00,AA,18,140,-13.0,-4.01,0.99,30.27,70.11,246.0
2025-02-12 00:00:00,UA,15,83,-17.0,-4.01,0.0,25.79,102.52,276.0
2025-02-12 00:00:00,UA,1,1,-11.0,-11.0,-11.0,-11.0,-11.0,-11.0
2025-02-12 00:00:00,AA,13,124,-10.0,-5.0,-0.99,13.87,47.95,135.0
2025-02-12 00:00:00,WN,13,234,-10.0,-2.97,1.99,21.98,50.91,143.0
2025-02-12 00:00:00,WN,15,227,-10.0,-2.97,4.01,16.95,45.15,317.0
2025-02-12 00:00:00,WN,20,165,-12.0,-1.99,7.03,29.08,48.91,206.0
2025-02-12 00:00:00,DL,14,117,-11.0,-2.97,5.0,26.84,68.72,179.0
2025-02-13 00:00:00,UA,9,138,-14.0,-4.01,-1.99,7.03,58.56,370.0
2025-02-13 00:00:00,UA,1,1,8.0,8.0,8.0,8.0,8.0,8.0
2025-02-13 00:00:00,UA,15,89,-20.0,-0.99,10.91,49.9,127.75,244.0
2025-02-13 00:00:00,AA,18,163,-13.0,-0.99,13.87,51.94,96.55,853.0
2025-02-13 00:00:00,AA,8,194,-13.0,-5.0,-1.99,7.92,49.9,1690.0
2025-02-13 00:00:00,UA,5,29,-14.0,-7.03,-2.97,0.99,5.0,432.0
2025-02-13 00:00:00,WN,8,271,-10.0,-4.01,-0.99,12.06,34.82,178.0
2025-02-13 00:00:00,AA,7,202,-13.0,-5.99,-4.01,-0.99,7.92,355.0
2025-02-13 00:00:00,DL,5,69,-11.0,-7.03,-2.97,0.0,8.94,460.0
2025-02-13 00:00:00,AA,11,171,-12.0,-2.97,1.99,27.94,71.53,507.0
2025-02-13 00:00:00,UA,11,127,-10.0,-1.99,1.99,23.81,90.93,554.0
2025-02-13 00:00:00,AA,13,143,-8.0,-1.99,5.0,32.79,68.72,291.0
2025-02-13 00:00:00,DL,14,139,-18.0,-2.97,7.92,32.79,67.36,230.0
2025-02-13 00:00:00,UA,14,130,-17.0,-2.97,2.97,40.86,100.49,357.0
2025-02-13 00:00:00,WN,15,235,-13.0,0.0,17.99,56.27,172.45,408.0
2025-02-13 00:00:00,AA,17,163,-11.0,-0.99,10.07,41.68,125.22,2511.0
2025-02-13 00:00:00,UA,22,32,-8.0,-1.99,5.0,21.12,54.06,117.0
2025-02-13 00:00:00,DL,1,2,-9.0,-8.94,-8.94,-8.94,-8.94,25.0
2025-02-13 00:00:00,AA,23,31,-20.0,-1.99,5.0,15.96,40.05,151.0
2025-02-13 00:00:00,UA,19,133,-11.0,0.0,13.87,58.56,156.04,823.0
2025-02-13 00:00:00,WN,13,217,-9.0,0.0,13.07,54.06,159.19,441.0
2025-02-13 00:00:00,WN,20,252,-9.0,5.99,23.81,63.44,141.19,254.0
2025-02-14 00:00:00,UA,9,138,-17.0,-5.0,-1.99,5.0,19.11,74.0
2025-02-14 00:00:00,WN,13,224,-9.0,-2.97,1.99,16.95,48.91,218.0
2025-02-14 00:00:00,UA,15,88,-18.0,-5.99,0.99,15.03,47.0,167.0
2025-02-14 00:00:00,UA,11,128,-15.0,-5.0,-1.99,7.92,40.05,188.0
2025-02-14 00:00:00,WN,15,240,-11.0,-0.99,7.92,27.94,54.06,272.0
2025-02-14 00:00:00,DL,14,138,-13.0,-2.97,7.92,32.79,68.72,201.0
2025-02-14 00:00:00,UA,14,134,-16.0,-5.0,-0.99,10.07,45.15,185.0
2025-02-14 00:00:00,AA,13,142,-13.0,-4.01,0.0,21.98,55.15,1177.0
2025-02-14 00:00:00,AA,11,165,-10.0,-4.01,-1.99,10.91,36.97,302.0
2025-02-14 00:00:00,WN,8,272,-11.0,-4.01,-0.99,4.01,19.11,111.0
2025-02-14 00:00:00,AA,17,162,-14.0,-2.97,4.01,25.79,56.27,867.0
2025-02-14 00:00:00,UA,22,32,-11.0,-5.0,-0.99,5.99,15.03,212.0
2025-02-14 00:00:00,AA,23,30,-11.0,-5.0,0.0,13.87,30.88,65.0
2025-02-14 00:00:00,AA,18,164,-18.0,-4.01,0.99,21.12,58.56,851.0
2025-02-14 00:00:00,WN,20,264,-12.0,-2.97,8.94,37.72,85.64,296.0
2025-02-14 00:00:00,AA,7,208,-13.0,-5.0,-2.97,0.0,22.88,1630.0
2025-02-14 00:00:00,DL,5,69,-16.0,-7.03,-4.01,0.99,46.07,714.0
2025-02-14 00:00:00,UA,19,135,-19.0,-2.97,5.0,43.38,82.28,328.0
2025-02-14 00:00:00,UA,5,31,-10.0,-5.0,-2.97,0.0,13.87,748.0
2025-02-14 00:00:00,AA,8,198,-12.0,-5.0,-2.97,5.0,30.27,417.0
2025-02-14 00:00:00,DL,1,2,-5.0,-5.0,-5.0,-5.0,-5.0,288.0
2025-02-14 00:00:00,UA,1,1,2.0,2.0,2.0,2.0,2.0,2.0
2025-02-15 00:00:00,WN,13,194,-14.0,-2.97,0.99,16.95,40.05,547.0
2025-02-15 00:00:00,WN,15,220,-10.0,-1.99,10.91,34.13,72.97,199.0
2025-02-15 00:00:00,AA,11,143,-9.0,-4.01,0.0,17.99,48.91,609.0
2025-02-15 00:00:00,UA,22,32,-14.0,-7.03,-2.97,4.01,13.87,79.0
2025-02-15 00:00:00,AA,13,118,-12.0,-5.0,0.0,15.96,57.4,438.0
2025-02-15 00:00:00,UA,11,113,-12.0,-1.99,1.99,29.08,47.95,384.0
2025-02-15 00:00:00,AA,23,21,-9.0,-5.99,-2.97,0.0,21.98,41.0
2025-02-15 00:00:00,WN,8,239,-12.0,-4.01,-0.99,7.92,32.14,433.0
2025-02-15 00:00:00,AA,18,132,-14.0,-4.01,2.97,21.98,60.95,636.0
2025-02-15 00:00:00,WN,20,148,-14.0,-4.01,15.03,47.95,102.52,205.0
2025-02-15 00:00:00,UA,9,124,-14.0,-4.01,-0.99,10.91,30.27,284.0
2025-02-15 00:00:00,UA,15,76,-10.0,-4.01,2.97,22.88,102.52,363.0
2025-02-15 00:00:00,AA,7,169,-19.0,-5.99,-4.01,-0.99,13.87,265.0
2025-02-15 00:00:00,UA,19,103,-14.0,2.97,21.98,52.99,100.49,212.0
2025-02-15 00:00:00,AA,8,179,-11.0,-5.99,-2.97,7.03,30.88,903.0
2025-02-15 00:00:00,UA,1,1,7.0,7.0,7.0,7.0,7.0,7.0
2025-02-15 00:00:00,DL,5,60,-14.0,-7.92,-2.97,1.99,21.98,154.0
2025-02-15 00:00:00,UA,5,30,-13.0,-5.99,-2.97,0.0,10.91,169.0
2025-02-15 00:00:00,AA,17,132,-13.0,-5.0,0.99,25.79,83.94,1069.0
2025-02-15 00:00:00,DL,14,118,-15.0,-0.99,16.95,46.07,90.93,1094.0
2025-02-15 00:00:00,UA,14,121,-14.0,-5.0,0.0,27.94,85.64,287.0
2025-02-15 00:00:00,DL,1,2,-3.0,-2.97,-2.97,-2.97,-2.97,33.0
2025-02-16 00:00:00,AA,8,185,-15.0,-5.0,-1.99,21.12,96.55,383.0
2025-02-16 00:00:00,WN,13,223,-10.0,-1.99,8.94,37.72,127.75,540.0
2025-02-16 00:00:00,WN,8,267,-12.0,-4.01,-1.99,7.92,87.37,352.0
2025-02-16 00:00:00,UA,9,134,-13.0,-2.97,2.97,24.78,117.93,330.0
2025-02-16 00:00:00,AA,23,30,-11.0,-2.97,0.99,17.99,34.82,102.0
2025-02-16 00:00:00,DL,5,62,-15.0,-7.03,-2.97,1.99,130.34,391.0
2025-02-16 00:00:00,AA,7,197,-17.0,-5.99,-2.97,15.03,72.97,1899.0
2025-02-16 00:00:00,UA,5,28,-13.0,-7.92,-5.99,-2.97,0.0,25.0
2025-02-16 00:00:00,AA,17,150,-11.0,0.0,19.89,57.4,179.49,1175.0
2025-02-16 00:00:00,DL,1,2,-13.0,-13.0,-13.0,-13.0,-13.0,19.0
2025-02-16 00:00:00,UA,1,1,43.0,43.0,43.0,43.0,43.0,43.0
2025-02-16 00:00:00,AA,11,150,-10.0,-2.97,4.01,44.26,94.64,282.0
2025-02-16 00:00:00,UA,11,126,-10.0,-1.99,5.99,54.06,138.4,282.0
2025-02-16 00:00:00,AA,13,130,-11.0,-1.99,4.01,36.24,62.18,1049.0
2025-02-16 00:00:00,WN,15,232,-13.0,-0.99,13.07,43.38,144.04,670.0
2025-02-16 00:00:00,DL,14,113,-11.0,5.0,41.68,98.5,190.59,1196.0
2025-02-16 00:00:00,UA,15,82,-10.0,-2.97,10.91,64.72,159.19,387.0
2025-02-16 00:00:00,UA,22,32,-11.0,-1.99,5.99,27.94,44.26,97.0
2025-02-16 00:00:00,UA,14,123,-12.0,-4.01,7.92,68.72,179.49,388.0
2025-02-16 00:00:00,AA,18,151,-15.0,-1.99,15.96,56.27,135.65,1030.0
2025-02-16 00:00:00,UA,19,129,-11.0,-0.99,13.07,56.27,138.4,858.0
2025-02-16 00:00:00,WN,20,262,-13.0,-1.99,10.91,51.94,127.75,309.0
2025-02-17 00:00:00,UA,1,1,46.0,46.0,46.0,46.0,46.0,46.0
2025-02-17 00:00:00,UA,22,34,-9.0,-5.99,-2.97,2.97,17.99,599.0
2025-02-17 00:00:00,AA,7,199,-12.0,-5.0,-2.97,1.99,19.11,867.0
2025-02-17 00:00:00,WN,13,223,-9.0,-0.99,7.03,27.94,47.95,114.0
2025-02-17 00:00:00,AA,8,191,-12.0,-5.0,-1.99,7.92,34.82,440.0
2025-02-17 00:00:00,AA,23,31,-13.0,-2.97,0.99,21.12,32.14,786.0
2025-02-17 00:00:00,AA,13,145,-9.0,-2.97,0.0,24.78,54.06,327.0
2025-02-17 00:00:00,UA,9,137,-16.0,-4.01,0.0,7.03,45.15,204.0
2025-02-17 00:00:00,AA,11,165,-13.0,-4.01,0.0,15.96,45.15,620.0
2025-02-17 00:00:00,UA,11,127,-11.0,-2.97,1.99,15.96,64.72,680.0
2025-02-17 00:00:00,WN,8,271,-11.0,-4.01,-0.99,7.92,26.84,110.0
2025-02-17 00:00:00,DL,5,69,-15.0,-7.03,-2.97,1.99,16.95,475.0
2025-02-17 00:00:00,WN,15,237,-9.0,1.99,15.03,43.38,98.5,309.0
2025-02-17 00:00:00,WN,20,262,-10.0,4.01,24.78,58.56,117.93,290.0
2025-02-17 00:00:00,UA,19,133,-10.0,0.0,12.06,40.05,80.65,191.0
2025-02-17 00:00:00,AA,18,164,-14.0,-1.99,5.99,43.38,82.28,751.0
2025-02-17 00:00:00,AA,17,163,-9.0,-0.99,13.07,48.91,72.97,291.0
2025-02-17 00:00:00,DL,1,2,-14.0,-13.87,-13.87,-13.87,-13.87,-5.0
2025-02-17 00:00:00,DL,14,137,-13.0,-1.99,7.92,37.72,113.31,340.0
2025-02-17 00:00:00,UA,5,30,-10.0,-7.92,-4.01,-1.99,0.0,8.0
2025-02-17 00:00:00,UA,15,89,-10.0,0.0,15.96,40.86,113.31,242.0
2025-02-17 00:00:00,UA,14,130,-12.0,-5.0,1.99,21.98,85.64,264.0
2025-02-18 00:00:00,AA,18,135,-13.0,-4.01,0.0,17.99,63.44,2174.0
2025-02-18 00:00:00,UA,5,28,-13.0,-7.92,-5.99,-1.99,-0.99,237.0
2025-02-18 00:00:00,WN,8,266,-13.0,-4.01,-0.99,7.03,23.81,140.0
2025-02-18 00:00:00,DL,5,69,-14.0,-5.99,-2.97,0.99,8.94,198.0
2025-02-18 00:00:00,UA,9,132,-12.0,-4.01,0.0,10.91,23.81,145.0
2025-02-18 00:00:00,AA,7,173,-12.0,-5.0,-2.97,0.99,15.03,381.0
2025-02-18 00:00:00,AA,8,197,-12.0,-5.0,-2.97,0.0,10.07,264.0
2025-02-18 00:00:00,UA,19,116,-15.0,-2.97,8.94,24.78,55.15,117.0
2025-02-18 00:00:00,WN,20,176,-12.0,-4.01,2.97,23.81,52.99,156.0
2025-02-18 00:00:00,UA,1,1,-7.0,-7.0,-7.0,-7.0,-7.0,-7.0
2025-02-18 00:00:00,UA,22,27,-8.0,-5.99,-4.01,-0.99,15.96,57.0
2025-02-18 00:00:00,AA,23,20,-10.0,-5.99,-2.97,7.03,19.11,65.0
2025-02-18 00:00:00,DL,1,2,-12.0,-12.0,-12.0,-12.0,-12.0,-4.0
2025-02-18 00:00:00,WN,15,229,-13.0,-0.99,7.92,27.94,50.91,161.0
2025-02-18 00:00:00,AA,11,159,-10.0,-2.97,-0.99,8.94,30.88,282.0
2025-02-18 00:00:00,AA,17,127,-10.0,-4.01,0.99,10.91,32.14,197.0
2025-02-18 00:00:00,UA,15,84,-16.0,-7.03,-1.99,7.03,21.98,194.0
2025-02-18 00:00:00,UA,11,129,-11.0,-4.01,-0.99,13.07,27.94,470.0
2025-02-18 00:00:00,UA,14,120,-16.0,-5.99,-2.97,5.0,37.72,157.0
2025-02-18 00:00:00,AA,13,140,-11.0,-2.97,0.99,13.87,36.24,1192.0
2025-02-18 00:00:00,DL,14,121,-17.0,-5.0,4.01,21.98,45.15,627.0
2025-02-18 00:00:00,WN,13,241,-12.0,-2.97,5.0,21.98,47.95,184.0
2025-02-19 00:00:00,DL,5,69,-19.0,-7.92,-5.0,-1.99,16.95,374.0
2025-02-19 00:00:00,WN,8,240,-14.0,-5.0,-1.99,0.99,8.94,150.0
2025-02-19 00:00:00,AA,8,187,-15.0,-5.0,-1.99,5.0,36.97,398.0
2025-02-19 00:00:00,AA,7,160,-13.0,-5.99,-2.97,0.99,32.79,533.0
2025-02-19 00:00:00,DL,1,2,-13.0,-13.0,-13.0,-13.0,-13.0,-10.0
2025-02-19 00:00:00,UA,5,27,-14.0,-8.94,-5.99,-1.99,0.0,439.0
2025-02-19 00:00:00,UA,9,137,-13.0,-5.0,-0.99,5.0,24.78,134.0
2025-02-19 00:00:00,AA,11,142,-10.0,-2.97,0.0,25.79,66.03,621.0
2025-02-19 00:00:00,UA,11,127,-11.0,-5.0,0.0,10.91,30.88,183.0
2025-02-19 00:00:00,WN,13,240,-11.0,-4.01,0.0,10.91,27.94,306.0
2025-02-19 00:00:00,AA,13,113,-10.0,-1.99,7.03,32.79,100.49,383.0
2025-02-19 00:00:00,DL,14,120,-12.0,-4.01,0.0,15.96,43.38,530.0
2025-02-19 00:00:00,UA,14,123,-14.0,-5.99,-0.99,7.92,40.05,93.0
2025-02-19 00:00:00,UA,15,91,-11.0,-5.99,-1.99,8.94,24.78,123.0
2025-02-19 00:00:00,WN,15,231,-9.0,-2.97,2.97,16.95,40.86,259.0
2025-02-19 00:00:00,AA,17,144,-13.0,-1.99,21.98,45.15,79.05,251.0
2025-02-19 00:00:00,AA,18,143,-12.0,-1.99,13.87,36.24,67.36,738.0
2025-02-19 00:00:00,UA,19,124,-16.0,-4.01,1.99,15.03,48.91,849.0
2025-02-19 00:00:00,WN,20,166,-14.0,-1.99,5.0,16.95,37.72,115.0
2025-02-19 00:00:00,AA,23,23,-9.0,-5.0,-1.99,4.01,19.11,104.0
2025-02-19 00:00:00,UA,22,32,-10.0,-7.03,-0.99,7.92,13.87,134.0
2025-02-19 00:00:00,UA,1,1,-9.0,-9.0,-9.0,-9.0,-9.0,-9.0
2025-02-20 00:00:00,AA,23,31,-12.0,-5.99,0.99,7.03,62.18,153.0
2025-02-20 00:00:00,AA,7,198,-15.0,-5.99,-2.97,0.0,32.79,512.0
2025-02-20 00:00:00,UA,22,33,-12.0,-7.03,-2.97,5.99,15.03,27.0
2025-02-20 00:00:00,UA,1,1,-5.0,-5.0,-5.0,-5.0,-5.0,-5.0
2025-02-20 00:00:00,UA,11,129,-13.0,-5.99,-2.97,5.99,30.27,200.0
2025-02-20 00:00:00,WN,13,242,-9.0,-1.99,4.01,19.11,37.72,246.0
2025-02-20 00:00:00,AA,11,154,-8.0,-2.97,7.92,36.97,85.64,283.0
2025-02-20 00:00:00,UA,19,134,-16.0,-2.97,0.99,15.96,37.72,185.0
2025-02-20 00:00:00,WN,20,180,-12.0,-2.97,4.01,19.89,46.07,249.0
2025-02-20 00:00:00,DL,14,138,-23.0,-1.99,4.01,25.79,49.9,119.0
2025-02-20 00:00:00,AA,17,162,-15.0,-1.99,7.03,30.88,94.64,918.0
2025-02-20 00:00:00,AA,18,159,-11.0,-1.99,12.06,32.14,71.53,272.0
2025-02-20 00:00:00,UA,14,129,-15.0,-5.99,-1.99,5.99,29.08,149.0
2025-02-20 00:00:00,UA,15,91,-15.0,-4.01,-0.99,10.07,43.38,104.0
2025-02-20 00:00:00,WN,15,227,-11.0,-1.99,7.03,21.12,49.9,195.0
2025-02-20 00:00:00,AA,13,137,-14.0,-1.99,7.03,36.24,67.36,245.0
2025-02-20 00:00:00,AA,8,193,-12.0,-5.0,-1.99,5.99,25.79,154.0
2025-02-20 00:00:00,UA,9,138,-14.0,-5.0,-1.99,5.0,30.27,316.0
2025-02-20 00:00:00,WN,8,267,-11.0,-4.01,0.0,10.91,29.08,340.0
2025-02-20 00:00:00,DL,1,2,-15.0,-15.0,-15.0,-15.0,-15.0,-7.0
2025-02-20 00:00:00,UA,5,31,-13.0,-7.03,-5.0,-1.99,0.99,343.0
2025-02-20 00:00:00,DL,5,68,-15.0,-7.92,-5.0,-0.99,2.97,110.0
2025-02-21 00:00:00,UA,22,32,-12.0,-7.03,-5.99,-4.01,1.99,21.0
2025-02-21 00:00:00,DL,5,69,-12.0,-7.03,-4.01,-0.99,5.0,228.0
2025-02-21 00:00:00,AA,11,165,-13.0,-4.01,-1.99,7.92,43.38,670.0
2025-02-21 00:00:00,AA,18,163,-15.0,-5.0,-0.99,10.91,47.95,903.0
2025-02-21 00:00:00,UA,5,31,-12.0,-7.03,-5.0,0.0,22.88,169.0
2025-02-21 00:00:00,WN,8,273,-13.0,-5.0,-1.99,1.99,13.07,364.0
2025-02-21 00:00:00,DL,1,2,-6.0,-5.99,-5.99,-5.99,-5.99,75.0
2025-02-21 00:00:00,UA,19,135,-18.0,-7.03,-2.97,2.97,17.99,168.0
2025-02-21 00:00:00,WN,20,264,-15.0,-5.99,-2.97,4.01,21.98,195.0
2025-02-21 00:00:00,AA,23,30,-14.0,-7.03,-5.0,-1.99,13.07,40.0
2025-02-21 00:00:00,AA,17,162,-12.0,-5.0,-0.99,19.11,55.15,262.0
2025-02-21 00:00:00,UA,15,89,-13.0,-5.99,-4.01,0.0,10.91,183.0
2025-02-21 00:00:00,UA,11,130,-12.0,-5.0,-1.99,4.01,16.95,201.0
2025-02-21 00:00:00,WN,15,239,-12.0,-1.99,1.99,12.06,36.24,226.0
2025-02-21 00:00:00,AA,8,198,-14.0,-5.0,-2.97,1.99,21.12,130.0
2025-02-21 00:00:00,WN,13,225,-10.0,-1.99,0.99,10.91,34.82,153.0
2025-02-21 00:00:00,UA,9,136,-15.0,-5.0,-0.99,5.99,16.95,231.0
2025-02-21 00:00:00,AA,7,208,-13.0,-7.03,-4.01,1.99,19.89,1467.0
2025-02-21 00:00:00,UA,1,1,13.0,13.0,13.0,13.0,13.0,13.0
2025-02-21 00:00:00,AA,13,142,-15.0,-5.0,-0.99,12.06,34.82,185.0
2025-02-21 00:00:00,DL,14,138,-14.0,-5.0,-0.99,10.91,34.82,141.0
2025-02-21 00:00:00,UA,14,131,-14.0,-5.99,-4.01,0.0,10.07,97.0
2025-02-22 00:00:00,UA,1,1,-12.0,-12.0,-12.0,-12.0,-12.0,-12.0
2025-02-22 00:00:00,AA,13,117,-12.0,-5.99,-1.99,5.99,25.79,1115.0
2025-02-22 00:00:00,UA,19,105,-16.0,-5.99,-1.99,7.92,21.12,128.0
2025-02-22 00:00:00,AA,18,132,-15.0,-5.0,-1.99,12.06,32.14,140.0
2025-02-22 00:00:00,WN,20,149,-13.0,-5.99,-2.97,4.01,29.08,138.0
2025-02-22 00:00:00,AA,8,180,-12.0,-5.99,-4.01,2.97,32.14,382.0
2025-02-22 00:00:00,WN,8,238,-11.0,-5.0,-1.99,1.99,13.87,130.0
2025-02-22 00:00:00,DL,1,2,-10.0,-10.0,-10.0,-10.0,-10.0,3.0
2025-02-22 00:00:00,UA,5,30,-9.0,-7.03,-5.99,-2.97,1.99,27.0
2025-02-22 00:00:00,DL,5,59,-12.0,-7.92,-5.0,0.0,21.98,338.0
2025-02-22 00:00:00,AA,7,170,-12.0,-5.99,-4.01,-0.99,7.03,192.0
2025-02-22 00:00:00,AA,17,135,-12.0,-5.99,-1.99,13.07,43.38,231.0
2025-02-22 00:00:00,WN,13,196,-11.0,-4.01,-0.99,5.0,21.98,159.0
2025-02-22 00:00:00,WN,15,221,-15.0,-5.0,-0.99,10.07,25.79,121.0
2025-02-22 00:00:00,DL,14,121,-13.0,-5.99,-2.97,2.97,32.14,376.0
2025-02-22 00:00:00,UA,15,78,-17.0,-5.99,-2.97,0.99,16.95,61.0
2025-02-22 00:00:00,UA,14,120,-13.0,-5.99,-1.99,7.92,23.81,363.0
2025-02-22 00:00:00,UA,9,126,-12.0,-5.99,-2.97,0.0,10.07,182.0
2025-02-22 00:00:00,AA,11,142,-12.0,-5.0,-1.99,5.0,15.96,194.0
2025-02-22 00:00:00,UA,22,32,-12.0,-7.92,-5.0,0.99,8.94,20.0
2025-02-22 00:00:00,AA,23,21,-10.0,-7.03,-4.01,0.0,5.99,707.0
2025-02-22 00:00:00,UA,11,113,-10.0,-5.0,-1.99,5.0,13.87,614.0
2025-02-23 00:00:00,UA,22,32,-13.0,-5.99,-2.97,1.99,7.03,80.0
2025-02-23 00:00:00,WN,20,263,-14.0,-4.01,0.99,10.91,30.27,171.0
2025-02-23 00:00:00,WN,15,239,-13.0,-1.99,2.97,13.87,24.78,101.0
2025-02-23 00:00:00,AA,8,196,-15.0,-7.03,-4.01,-0.99,7.03,132.0
2025-02-23 00:00:00,AA,7,204,-14.0,-7.03,-4.01,-0.99,5.0,411.0
2025-02-23 00:00:00,AA,13,143,-15.0,-4.01,-1.99,5.0,32.14,568.0
2025-02-23 00:00:00,UA,11,126,-12.0,-5.0,-1.99,5.0,17.99,105.0
2025-02-23 00:00:00,WN,8,277,-11.0,-5.0,-2.97,-0.99,2.97,42.0
2025-02-23 00:00:00,UA,9,134,-13.0,-5.99,-2.97,0.99,10.91,268.0
2025-02-23 00:00:00,WN,13,229,-10.0,-1.99,0.99,8.94,19.11,309.0
2025-02-23 00:00:00,UA,5,29,-10.0,-7.92,-5.0,-2.97,0.99,17.0
2025-02-23 00:00:00,AA,18,162,-13.0,-4.01,0.0,16.95,58.56,723.0
2025-02-23 00:00:00,DL,1,2,-10.0,-10.0,-10.0,-10.0,-10.0,-8.0
2025-02-23 00:00:00,UA,19,134,-11.0,-2.97,-0.99,7.03,22.88,141.0
2025-02-23 00:00:00,DL,5,69,-20.0,-7.92,-5.0,-1.99,0.0,31.0
2025-02-23 00:00:00,UA,15,85,-10.0,-5.0,-0.99,5.99,23.81,148.0
2025-02-23 00:00:00,AA,17,164,-9.0,-4.01,0.99,13.07,46.07,1024.0
2025-02-23 00:00:00,UA,14,125,-16.0,-5.0,-0.99,7.03,19.11,192.0
2025-02-23 00:00:00,UA,1,1,-14.0,-14.0,-14.0,-14.0,-14.0,-14.0
2025-02-23 00:00:00,AA,11,167,-10.0,-5.0,-2.97,1.99,16.95,189.0
2025-02-23 00:00:00,DL,14,139,-15.0,-5.99,-2.97,5.0,30.88,192.0
2025-02-23 00:00:00,AA,23,31,-11.0,-5.99,-4.01,0.99,32.14,620.0
2025-02-24 00:00:00,WN,20,180,-14.0,-7.03,-4.01,2.97,17.99,91.0
2025-02-24 00:00:00,UA,5,31,-13.0,-7.92,-5.0,-4.01,-1.99,170.0
2025-02-24 00:00:00,AA,13,142,-13.0,-4.01,-0.99,8.94,36.24,192.0
2025-02-24 00:00:00,AA,18,151,-12.0,-5.0,-1.99,7.03,49.9,305.0
2025-02-24 00:00:00,UA,9,138,-14.0,-7.03,-2.97,0.0,15.96,167.0
2025-02-24 00:00:00,WN,13,243,-10.0,-5.0,-0.99,5.0,19.89,232.0
2025-02-24 00:00:00,AA,11,167,-11.0,-5.0,-1.99,7.03,21.12,186.0
2025-02-24 00:00:00,UA,11,126,-13.0,-7.03,-2.97,0.0,8.94,77.0
2025-02-24 00:00:00,UA,19,132,-18.0,-7.03,-4.01,0.99,10.07,80.0
2025-02-24 00:00:00,UA,22,33,-19.0,-7.92,-5.0,0.0,16.95,37.0
2025-02-24 00:00:00,AA,23,27,-13.0,-8.94,-5.0,-0.99,1.99,12.0
2025-02-24 00:00:00,WN,8,270,-14.0,-5.0,-1.99,0.0,7.92,74.0
2025-02-24 00:00:00,AA,8,198,-11.0,-5.99,-2.97,-0.99,17.99,212.0
2025-02-24 00:00:00,DL,5,69,-15.0,-7.92,-5.0,-0.99,5.99,256.0
2025-02-24 00:00:00,AA,17,157,-14.0,-5.0,-1.99,7.92,24.78,358.0
2025-02-24 00:00:00,AA,7,209,-14.0,-5.99,-4.01,0.0,15.96,503.0
2025-02-24 00:00:00,DL,14,137,-15.0,-5.0,-1.99,8.94,24.78,522.0
2025-02-24 00:00:00,UA,1,1,-10.0,-10.0,-10.0,-10.0,-10.0,-10.0
2025-02-24 00:00:00,DL,1,2,-9.0,-8.94,-8.94,-8.94,-8.94,-6.0
2025-02-24 00:00:00,UA,15,89,-15.0,-7.03,-4.01,1.99,24.78,380.0
2025-02-24 00:00:00,UA,14,129,-14.0,-5.99,-4.01,0.0,10.07,209.0
2025-02-24 00:00:00,WN,15,228,-11.0,-4.01,-0.99,8.94,26.84,233.0
2025-02-25 00:00:00,UA,11,128,-13.0,-7.03,-4.01,-0.99,5.0,309.0
2025-02-25 00:00:00,AA,18,147,-19.0,-5.99,-2.97,1.99,40.86,2331.0
2025-02-25 00:00:00,AA,23,20,-15.0,-10.07,-7.03,-0.99,7.03,85.0
2025-02-25 00:00:00,AA,11,161,-15.0,-5.99,-4.01,-0.99,7.03,204.0
2025-02-25 00:00:00,UA,14,121,-13.0,-7.92,-5.0,-1.99,7.92,239.0
2025-02-25 00:00:00,WN,8,246,-12.0,-5.99,-4.01,-0.99,1.99,112.0
2025-02-25 00:00:00,UA,9,133,-17.0,-7.92,-5.99,-1.99,5.0,232.0
2025-02-25 00:00:00,UA,19,117,-14.0,-7.03,-2.97,0.0,15.96,136.0
2025-02-25 00:00:00,AA,7,172,-19.0,-7.92,-5.99,-2.97,2.97,1380.0
2025-02-25 00:00:00,AA,8,198,-13.0,-7.92,-5.0,-1.99,5.0,605.0
2025-02-25 00:00:00,UA,1,1,3.0,3.0,3.0,3.0,3.0,3.0
2025-02-25 00:00:00,DL,5,69,-18.0,-10.91,-7.92,-4.01,-0.99,98.0
2025-02-25 00:00:00,UA,5,28,-12.0,-8.94,-5.99,-4.01,13.07,27.0
2025-02-25 00:00:00,WN,20,167,-12.0,-5.99,-4.01,-0.99,7.92,48.0
2025-02-25 00:00:00,DL,14,121,-25.0,-7.03,-5.0,-0.99,7.03,44.0
2025-02-25 00:00:00,AA,17,142,-16.0,-7.03,-4.01,4.01,25.79,207.0
2025-02-25 00:00:00,UA,15,86,-17.0,-8.94,-5.0,0.0,13.07,283.0
2025-02-25 00:00:00,WN,15,231,-13.0,-5.99,-2.97,0.0,21.12,101.0
2025-02-25 00:00:00,WN,13,238,-14.0,-5.99,-4.01,0.0,10.07,98.0
2025-02-25 00:00:00,AA,13,139,-12.0,-5.99,-2.97,1.99,15.03,197.0
2025-02-25 00:00:00,DL,1,2,-8.0,-7.92,-7.92,-7.92,-7.92,-7.0
2025-02-25 00:00:00,UA,22,25,-17.0,-10.07,-7.03,-4.01,-2.97,0.0
2025-02-26 00:00:00,AA,7,174,-23.0,-7.92,-5.99,-2.97,0.0,177.0
2025-02-26 00:00:00,UA,1,1,12.0,12.0,12.0,12.0,12.0,12.0
2025-02-26 00:00:00,WN,20,167,-13.0,-7.03,-4.01,0.0,8.94,107.0
2025-02-26 00:00:00,UA,15,91,-14.0,-7.03,-4.01,0.0,22.88,120.0
2025-02-26 00:00:00,DL,1,2,-10.0,-10.0,-10.0,-10.0,-10.0,2.0
2025-02-26 00:00:00,DL,5,69,-19.0,-8.94,-7.03,-4.01,-0.99,612.0
2025-02-26 00:00:00,UA,5,27,-12.0,-8.94,-7.03,-1.99,-1.99,0.0
2025-02-26 00:00:00,UA,22,29,-13.0,-8.94,-5.99,-0.99,7.92,72.0
2025-02-26 00:00:00,AA,8,194,-14.0,-7.03,-4.01,-0.99,10.07,225.0
2025-02-26 00:00:00,WN,8,246,-12.0,-5.0,-4.01,-0.99,2.97,218.0
2025-02-26 00:00:00,UA,9,138,-14.0,-7.03,-4.01,0.0,16.95,349.0
2025-02-26 00:00:00,AA,23,24,-14.0,-7.92,-4.01,1.99,5.0,34.0
2025-02-26 00:00:00,AA,11,160,-15.0,-5.99,-2.97,0.99,15.96,152.0
2025-02-26 00:00:00,UA,11,128,-18.0,-7.03,-4.01,-0.99,5.0,170.0
2025-02-26 00:00:00,AA,13,141,-15.0,-5.0,-2.97,0.99,12.06,541.0
2025-02-26 00:00:00,WN,13,241,-13.0,-5.99,-1.99,1.99,16.95,119.0
2025-02-26 00:00:00,UA,19,125,-16.0,-7.03,-4.01,0.0,10.07,165.0
2025-02-26 00:00:00,DL,14,121,-20.0,-5.99,-4.01,-0.99,7.03,152.0
2025-02-26 00:00:00,UA,14,123,-18.0,-7.92,-5.0,-0.99,10.07,156.0
2025-02-26 00:00:00,AA,17,151,-14.0,-5.0,-2.97,1.99,22.88,1082.0
2025-02-26 00:00:00,WN,15,231,-13.0,-5.0,-2.97,2.97,13.07,88.0
2025-02-26 00:00:00,AA,18,155,-12.0,-5.99,-2.97,0.0,5.99,86.0
2025-02-27 00:00:00,WN,20,262,-13.0,-5.0,-0.99,12.06,32.14,209.0
2025-02-27 00:00:00,WN,8,272,-14.0,-5.0,-2.97,0.0,7.03,121.0
2025-02-27 00:00:00,UA,14,129,-14.0,-5.99,-2.97,2.97,24.78,147.0
2025-02-27 00:00:00,WN,13,224,-10.0,-4.01,0.0,10.91,34.13,127.0
2025-02-27 00:00:00,DL,14,139,-17.0,-7.03,-4.01,2.97,30.27,117.0
2025-02-27 00:00:00,UA,9,140,-12.0,-5.99,-4.01,0.0,13.87,1084.0
2025-02-27 00:00:00,AA,11,167,-13.0,-4.01,-0.99,10.07,55.15,402.0
2025-02-27 00:00:00,UA,11,128,-17.0,-7.03,-4.01,0.0,13.07,122.0
2025-02-27 00:00:00,AA,13,143,-12.0,-4.01,-0.99,13.87,67.36,1083.0
2025-02-27 00:00:00,AA,8,195,-13.0,-5.99,-4.01,-1.99,5.99,308.0
2025-02-27 00:00:00,DL,5,69,-13.0,-7.92,-5.99,-1.99,5.99,55.0
2025-02-27 00:00:00,AA,7,208,-14.0,-7.03,-5.0,-1.99,0.99,557.0
2025-02-27 00:00:00,UA,5,31,-12.0,-8.94,-7.03,-4.01,7.03,39.0
2025-02-27 00:00:00,UA,1,1,4.0,4.0,4.0,4.0,4.0,4.0
2025-02-27 00:00:00,UA,15,90,-13.0,-5.99,-1.99,1.99,22.88,70.0
2025-02-27 00:00:00,WN,15,238,-11.0,-4.01,0.0,12.06,36.97,226.0
2025-02-27 00:00:00,AA,17,164,-9.0,-4.01,0.0,19.11,46.07,232.0
2025-02-27 00:00:00,AA,18,163,-15.0,-1.99,4.01,25.79,55.15,1172.0
2025-02-27 00:00:00,UA,19,134,-28.0,-7.03,-2.97,0.0,17.99,200.0
2025-02-27 00:00:00,UA,22,33,-14.0,-5.99,-4.01,0.0,8.94,63.0
2025-02-27 00:00:00,AA,23,31,-10.0,-4.01,-0.99,7.03,25.79,59.0
2025-02-27 00:00:00,DL,1,2,-4.0,-4.0,-4.0,-4.0,-4.0,-2.0
2025-02-28 00:00:00,AA,23,30,-13.0,-5.99,-1.99,2.97,15.03,65.0
2025-02-28 00:00:00,UA,22,33,-14.0,-7.03,-4.01,-0.99,5.99,94.0
2025-02-28 00:00:00,WN,8,272,-10.0,-4.01,-1.99,0.0,5.99,244.0
2025-02-28 00:00:00,DL,1,2,-7.0,-7.0,-7.0,-7.0,-7.0,-4.0
2025-02-28 00:00:00,UA,15,89,-17.0,-5.0,-2.97,2.97,15.96,124.0
2025-02-28 00:00:00,UA,5,31,-11.0,-7.03,-5.99,-0.99,1.99,8.0
2025-02-28 00:00:00,UA,19,135,-17.0,-7.03,-2.97,2.97,13.87,112.0
2025-02-28 00:00:00,AA,17,162,-12.0,-5.0,-2.97,10.91,45.15,273.0
2025-02-28 00:00:00,UA,1,1,-12.0,-12.0,-12.0,-12.0,-12.0,-12.0
2025-02-28 00:00:00,DL,5,69,-14.0,-7.92,-5.99,-2.97,0.0,75.0
2025-02-28 00:00:00,AA,7,208,-13.0,-5.99,-4.01,-0.99,10.07,1820.0
2025-02-28 00:00:00,AA,8,199,-14.0,-5.99,-4.01,-0.99,8.94,350.0
2025-02-28 00:00:00,UA,9,134,-11.0,-5.99,-4.01,-0.99,10.91,116.0
2025-02-28 00:00:00,AA,11,165,-10.0,-4.01,-2.97,1.99,30.27,1332.0
2025-02-28 00:00:00,UA,11,129,-13.0,-5.99,-4.01,-0.99,2.97,287.0
2025-02-28 00:00:00,AA,13,142,-13.0,-5.0,-2.97,4.01,19.89,298.0
2025-02-28 00:00:00,WN,13,224,-10.0,-4.01,-0.99,4.01,13.87,146.0
2025-02-28 00:00:00,WN,20,264,-15.0,-5.99,-4.01,1.99,19.11,141.0
2025-02-28 00:00:00,UA,14,132,-12.0,-7.03,-5.0,0.0,10.91,148.0
2025-02-28 00:00:00,WN,15,238,-15.0,-5.0,-1.99,5.99,21.12,245.0
2025-02-28 00:00:00,DL,14,139,-19.0,-5.99,-2.97,1.99,21.12,150.0
2025-02-28 00:00:00,AA,18,163,-16.0,-5.0,-0.99,8.94,56.27,367.0
2025-03-01 00:00:00,AA,11,144,-14.0,-5.99,-4.01,0.0,7.03,60.0
2025-03-01 00:00:00,WN,15,218,-13.0,-4.01,0.0,10.07,22.88,116.0
2025-03-01 00:00:00,AA,18,133,-17.0,-5.99,-0.99,10.91,39.25,344.0
2025-03-01 00:00:00,AA,17,135,-14.0,-5.99,-2.97,5.99,32.14,315.0
2025-03-01 00:00:00,AA,13,117,-13.0,-5.0,-2.97,0.99,30.27,185.0
2025-03-01 00:00:00,UA,15,76,-11.0,-5.0,0.0,7.92,36.24,351.0
2025-03-01 00:00:00,UA,19,107,-12.0,-4.01,-0.99,4.01,21.12,167.0
2025-03-01 00:00:00,UA,14,120,-14.0,-5.99,-0.99,5.99,36.97,329.0
2025-03-01 00:00:00,WN,13,198,-12.0,-5.0,-1.99,4.01,16.95,141.0
2025-03-01 00:00:00,UA,22,31,-11.0,-5.0,-1.99,2.97,10.91,25.0
2025-03-01 00:00:00,AA,23,21,-10.0,-5.99,-2.97,5.0,22.88,38.0
2025-03-01 00:00:00,DL,14,119,-21.0,-5.99,-2.97,2.97,17.99,432.0
2025-03-01 00:00:00,AA,7,169,-15.0,-7.03,-4.01,-1.99,4.01,190.0
2025-03-01 00:00:00,WN,8,239,-14.0,-5.0,-2.97,0.0,5.99,135.0
2025-03-01 00:00:00,AA,8,179,-12.0,-5.99,-4.01,-0.99,7.03,138.0
2025-03-01 00:00:00,UA,11,112,-17.0,-5.0,-2.97,1.99,21.12,212.0
2025-03-01 00:00:00,UA,9,124,-13.0,-5.99,-2.97,0.0,7.92,279.0
2025-03-01 00:00:00,UA,5,35,-12.0,-8.94,-5.99,-0.99,7.03,46.0
2025-03-01 00:00:00,DL,1,2,-6.0,-5.99,-5.99,-5.99,-5.99,-5.0
2025-03-01 00:00:00,DL,5,59,-17.0,-8.94,-5.99,-2.97,1.99,369.0
2025-03-01 00:00:00,UA,1,1,-2.0,-2.0,-2.0,-2.0,-2.0,-2.0
2025-03-01 00:00:00,WN,20,149,-17.0,-7.03,-2.97,2.97,16.95,88.0
2025-03-02 00:00:00,DL,5,69,-15.0,-8.94,-5.99,-2.97,5.0,115.0
2025-03-02 00:00:00,WN,15,238,-10.0,-1.99,1.99,13.87,27.94,220.0
2025-03-02 00:00:00,UA,22,32,-11.0,-7.92,-4.01,-1.99,4.01,40.0
2025-03-02 00:00:00,UA,9,134,-14.0,-5.99,-2.97,0.99,16.95,170.0
2025-03-02 00:00:00,AA,7,203,-14.0,-7.92,-5.0,-1.99,10.07,1038.0
2025-03-02 00:00:00,WN,8,274,-13.0,-5.0,-2.97,0.0,7.03,124.0
2025-03-02 00:00:00,AA,11,167,-11.0,-5.99,-4.01,0.99,19.89,238.0
2025-03-02 00:00:00,DL,1,2,-11.0,-10.91,-10.91,-10.91,-10.91,-5.0
2025-03-02 00:00:00,AA,23,31,-14.0,-7.92,-4.01,7.92,15.96,45.0
2025-03-02 00:00:00,UA,15,85,-14.0,-7.03,-4.01,0.0,8.94,213.0
2025-03-02 00:00:00,AA,18,161,-16.0,-4.01,1.99,23.81,70.11,254.0
2025-03-02 00:00:00,WN,20,263,-12.0,-4.01,0.0,15.03,34.13,106.0
2025-03-02 00:00:00,UA,19,134,-14.0,-5.0,-0.99,5.99,27.94,175.0
2025-03-02 00:00:00,UA,5,29,-10.0,-7.03,-4.01,-0.99,10.07,444.0
2025-03-02 00:00:00,AA,17,164,-11.0,-4.01,0.0,24.78,63.44,413.0
2025-03-02 00:00:00,WN,13,225,-14.0,-4.01,0.0,5.99,16.95,123.0
2025-03-02 00:00:00,DL,14,135,-18.0,-5.99,-2.97,4.01,23.81,260.0
2025-03-02 00:00:00,AA,13,143,-13.0,-5.0,-2.97,2.97,19.11,129.0
2025-03-02 00:00:00,UA,11,125,-13.0,-5.99,-4.01,-0.99,15.03,120.0
2025-03-02 00:00:00,UA,14,126,-13.0,-5.99,-4.01,1.99,23.81,131.0
2025-03-02 00:00:00,AA,8,194,-13.0,-5.99,-4.01,0.0,13.07,172.0
2025-03-03 00:00:00,UA,19,131,-16.0,-5.99,-2.97,5.99,36.24,222.0
2025-03-03 00:00:00,UA,15,89,-16.0,-7.03,-4.01,0.0,19.89,132.0
2025-03-03 00:00:00,UA,1,1,1.0,1.0,1.0,1.0,1.0,1.0
2025-03-03 00:00:00,AA,11,166,-17.0,-5.99,-2.97,2.97,21.98,313.0
2025-03-03 00:00:00,AA,17,157,-18.0,-7.03,-4.01,1.99,15.96,106.0
2025-03-03 00:00:00,DL,5,69,-17.0,-8.94,-5.99,-2.97,0.0,46.0
2025-03-03 00:00:00,DL,1,2,-7.0,-7.0,-7.0,-7.0,-7.0,1.0
2025-03-03 00:00:00,AA,18,150,-20.0,-5.99,-2.97,8.94,43.38,369.0
2025-03-03 00:00:00,UA,5,31,-13.0,-7.92,-5.99,-4.01,-1.99,2.0
2025-03-03 00:00:00,WN,8,267,-13.0,-5.0,-2.97,0.99,87.37,366.0
2025-03-03 00:00:00,AA,8,197,-14.0,-5.99,-2.97,0.0,16.95,224.0
2025-03-03 00:00:00,UA,11,127,-14.0,-7.03,-4.01,-0.99,5.99,74.0
2025-03-03 00:00:00,UA,9,138,-13.0,-7.03,-5.0,-1.99,10.07,145.0
2025-03-03 00:00:00,UA,14,130,-15.0,-7.03,-4.01,0.99,21.98,183.0
2025-03-03 00:00:00,WN,15,224,-17.0,-2.97,0.99,15.96,66.03,299.0
2025-03-03 00:00:00,AA,7,208,-13.0,-7.03,-4.01,-0.99,19.11,384.0
2025-03-03 00:00:00,WN,13,232,-11.0,-2.97,0.0,10.07,58.56,320.0
2025-03-03 00:00:00,DL,14,137,-15.0,-7.03,-4.01,0.0,12.06,217.0
2025-03-03 00:00:00,AA,13,142,-15.0,-5.99,-2.97,2.97,21.98,255.0
2025-03-03 00:00:00,WN,20,181,-14.0,-5.0,1.99,17.99,67.36,191.0
2025-03-03 00:00:00,UA,22,33,-14.0,-8.94,-5.0,-0.99,0.99,53.0
2025-03-03 00:00:00,AA,23,27,-16.0,-10.07,-5.99,-0.99,0.99,25.0
2025-03-04 00:00:00,UA,14,121,-17.0,-7.92,-4.01,-0.99,12.06,303.0
2025-03-04 00:00:00,UA,1,1,-6.0,-6.0,-6.0,-6.0,-6.0,-6.0
2025-03-04 00:00:00,AA,23,20,-19.0,-10.91,-7.92,-1.99,7.92,79.0
2025-03-04 00:00:00,UA,19,115,-16.0,-5.99,-0.99,8.94,47.95,736.0
2025-03-04 00:00:00,UA,15,86,-17.0,-7.92,-4.01,2.97,22.88,397.0
2025-03-04 00:00:00,AA,13,125,-13.0,-5.99,-1.99,13.87,80.65,1184.0
2025-03-04 00:00:00,WN,20,161,-14.0,-4.01,-0.99,7.92,34.82,175.0
2025-03-04 00:00:00,UA,22,25,-16.0,-7.92,-5.99,-1.99,0.99,24.0
2025-03-04 00:00:00,AA,18,116,-18.0,-5.0,-0.99,41.68,146.95,864.0
2025-03-04 00:00:00,AA,17,105,-16.0,-5.0,0.99,47.0,190.59,949.0
2025-03-04 00:00:00,DL,1,2,-8.0,-7.92,-7.92,-7.92,-7.92,-5.0
2025-03-04 00:00:00,UA,5,28,-11.0,-8.94,-5.99,-1.99,10.91,94.0
2025-03-04 00:00:00,DL,5,69,-16.0,-8.94,-7.03,-4.01,-0.99,64.0
2025-03-04 00:00:00,AA,7,161,-18.0,-7.92,-5.0,-1.99,22.88,83.0
2025-03-04 00:00:00,AA,8,186,-14.0,-5.99,-2.97,4.01,37.72,314.0
2025-03-04 00:00:00,WN,8,237,-11.0,-5.99,-2.97,0.0,5.0,350.0
2025-03-04 00:00:00,WN,15,226,-15.0,-5.0,-0.99,7.92,36.97,275.0
2025-03-04 00:00:00,UA,9,133,-16.0,-7.92,-4.01,0.99,17.99,426.0
2025-03-04 00:00:00,AA,11,144,-13.0,-7.03,-2.97,7.92,40.05,377.0
2025-03-04 00:00:00,UA,11,129,-18.0,-7.03,-4.01,0.99,12.06,156.0
2025-03-04 00:00:00,WN,13,232,-14.0,-5.0,-1.99,7.03,37.72,325.0
2025-03-04 00:00:00,DL,14,122,-19.0,-7.03,-4.01,0.99,25.79,658.0
2025-03-05 00:00:00,UA,9,133,-15.0,-5.99,-4.01,0.0,7.92,88.0
2025-03-05 00:00:00,DL,1,2,-6.0,-5.99,-5.99,-5.99,-5.99,0.0
2025-03-05 00:00:00,UA,1,1,1.0,1.0,1.0,1.0,1.0,1.0
2025-03-05 00:00:00,UA,14,123,-14.0,-5.99,-1.99,10.07,36.24,252.0
2025-03-05 00:00:00,AA,11,155,-12.0,-5.0,-1.99,10.07,37.72,178.0
2025-03-05 00:00:00,DL,14,121,-14.0,-5.0,1.99,34.82,89.13,538.0
2025-03-05 00:00:00,UA,11,124,-16.0,-5.99,-1.99,0.0,19.11,218.0
2025-03-05 00:00:00,AA,13,139,-14.0,-4.01,0.0,16.95,44.26,446.0
2025-03-05 00:00:00,WN,13,235,-10.0,-2.97,0.99,15.03,43.38,161.0
2025-03-05 00:00:00,DL,5,69,-13.0,-7.92,-5.99,0.99,41.68,740.0
2025-03-05 00:00:00,WN,20,164,-10.0,-2.97,1.99,21.12,47.95,216.0
2025-03-05 00:00:00,WN,8,227,-11.0,-5.0,-2.97,0.0,10.07,216.0
2025-03-05 00:00:00,UA,5,27,-13.0,-7.92,-5.0,-2.97,15.96,75.0
2025-03-05 00:00:00,AA,7,162,-15.0,-5.99,-4.01,0.0,58.56,193.0
2025-03-05 00:00:00,UA,15,91,-18.0,-5.0,-0.99,13.07,49.9,279.0
2025-03-05 00:00:00,AA,8,177,-12.0,-5.0,-1.99,4.01,41.68,285.0
2025-03-05 00:00:00,WN,15,226,-11.0,-2.97,0.99,15.03,40.05,241.0
2025-03-05 00:00:00,AA,17,151,-12.0,-4.01,0.0,26.84,79.05,379.0
2025-03-05 00:00:00,AA,18,152,-14.0,-5.0,0.99,21.98,87.37,387.0
2025-03-05 00:00:00,UA,19,124,-19.0,-4.01,1.99,15.03,66.03,197.0
2025-03-05 00:00:00,UA,22,32,-17.0,-5.99,-4.01,-0.99,4.01,60.0
2025-03-05 00:00:00,AA,23,23,-12.0,-5.0,-0.99,5.99,19.11,63.0
2025-03-06 00:00:00,WN,20,280,-14.0,-4.01,2.97,19.11,49.9,208.0
2025-03-06 00:00:00,UA,14,132,-15.0,-7.03,-4.01,1.99,15.96,246.0
2025-03-06 00:00:00,AA,8,198,-12.0,-5.99,-4.01,-0.99,5.99,739.0
2025-03-06 00:00:00,UA,9,131,-16.0,-7.03,-5.0,-0.99,10.07,87.0
2025-03-06 00:00:00,AA,13,142,-15.0,-5.0,-1.99,4.01,17.99,284.0
2025-03-06 00:00:00,AA,11,168,-17.0,-5.99,-1.99,2.97,16.95,1749.0
2025-03-06 00:00:00,WN,8,252,-12.0,-4.01,-1.99,1.99,15.03,166.0
2025-03-06 00:00:00,WN,15,212,-10.0,-1.99,2.97,19.89,36.97,278.0
2025-03-06 00:00:00,AA,18,171,-19.0,-4.01,-0.99,12.06,36.24,379.0
2025-03-06 00:00:00,DL,14,137,-15.0,-5.99,-1.99,5.0,25.79,425.0
2025-03-06 00:00:00,UA,19,129,-18.0,-5.99,-0.99,7.92,24.78,240.0
2025-03-06 00:00:00,UA,15,93,-18.0,-5.0,-1.99,2.97,19.11,233.0
2025-03-06 00:00:00,AA,17,151,-14.0,-4.01,-0.99,12.06,41.68,888.0
2025-03-06 00:00:00,UA,5,39,-11.0,-7.92,-5.0,-4.01,1.99,259.0
2025-03-06 00:00:00,WN,13,233,-10.0,-1.99,1.99,15.03,34.82,567.0
2025-03-06 00:00:00,UA,22,36,-12.0,-5.99,-1.99,7.03,25.79,96.0
2025-03-06 00:00:00,UA,11,125,-13.0,-7.03,-4.01,0.0,10.07,111.0
2025-03-06 00:00:00,AA,7,206,-13.0,-5.99,-4.01,-0.99,5.0,725.0
2025-03-06 00:00:00,AA,23,32,-14.0,-5.99,-1.99,5.99,22.88,72.0
2025-03-06 00:00:00,UA,1,2,-8.0,-7.92,-7.92,-7.92,-7.92,105.0
2025-03-06 00:00:00,DL,1,2,-12.0,-12.0,-12.0,-12.0,-12.0,-11.0
2025-03-06 00:00:00,DL,5,69,-13.0,-7.03,-5.0,-1.99,5.0,68.0
2025-03-07 00:00:00,UA,19,135,-21.0,-5.99,0.0,8.94,32.14,116.0
2025-03-07 00:00:00,UA,22,33,-12.0,-7.03,-1.99,7.03,21.12,94.0
2025-03-07 00:00:00,AA,11,166,-11.0,-5.0,-1.99,4.01,19.89,111.0
2025-03-07 00:00:00,UA,11,126,-16.0,-5.99,-1.99,2.97,21.98,170.0
2025-03-07 00:00:00,WN,13,236,-12.0,-1.99,5.0,25.79,50.91,336.0
2025-03-07 00:00:00,UA,14,135,-12.0,-5.0,-0.99,15.96,39.25,207.0
2025-03-07 00:00:00,AA,17,152,-12.0,-5.0,-1.99,7.03,45.15,374.0
2025-03-07 00:00:00,UA,15,90,-15.0,-5.99,-0.99,7.92,48.91,164.0
2025-03-07 00:00:00,AA,23,32,-12.0,-5.0,-1.99,4.01,15.96,98.0
2025-03-07 00:00:00,WN,15,214,-9.0,-1.99,7.03,39.25,74.45,312.0
2025-03-07 00:00:00,DL,14,138,-16.0,-5.99,-4.01,5.0,30.88,133.0
2025-03-07 00:00:00,WN,20,280,-15.0,-1.99,7.03,32.14,70.11,162.0
2025-03-07 00:00:00,WN,8,252,-11.0,-4.01,-1.99,2.97,29.08,200.0
2025-03-07 00:00:00,AA,13,141,-18.0,-5.0,-0.99,10.91,26.84,526.0
2025-03-07 00:00:00,UA,9,131,-15.0,-5.99,-2.97,5.0,17.99,137.0
2025-03-07 00:00:00,AA,18,174,-15.0,-4.01,0.0,21.12,68.72,257.0
2025-03-07 00:00:00,AA,8,198,-15.0,-5.0,-2.97,0.99,19.89,160.0
2025-03-07 00:00:00,AA,7,213,-13.0,-5.99,-4.01,-0.99,16.95,427.0
2025-03-07 00:00:00,DL,5,69,-15.0,-8.94,-5.99,-1.99,1.99,47.0
2025-03-07 00:00:00,UA,5,39,-11.0,-7.92,-5.0,-1.99,15.03,197.0
2025-03-07 00:00:00,UA,1,2,-1.0,-0.99,-0.99,-0.99,-0.99,34.0
2025-03-07 00:00:00,DL,1,2,-10.0,-10.0,-10.0,-10.0,-10.0,-9.0
2025-03-08 00:00:00,UA,5,48,-11.0,-7.92,-5.99,-4.01,0.0,14.0
2025-03-08 00:00:00,AA,17,145,-18.0,-5.0,1.99,47.95,106.71,844.0
2025-03-08 00:00:00,DL,1,2,-6.0,-5.99,-5.99,-5.99,-5.99,0.0
2025-03-08 00:00:00,DL,5,59,-16.0,-8.94,-5.0,-0.99,2.97,103.0
2025-03-08 00:00:00,AA,7,197,-20.0,-7.03,-4.01,0.0,15.96,1596.0
2025-03-08 00:00:00,AA,8,184,-11.0,-5.99,-2.97,7.03,46.07,1650.0
2025-03-08 00:00:00,DL,14,119,-15.0,-7.03,-5.0,-0.99,19.11,172.0
2025-03-08 00:00:00,UA,1,2,-21.0,-21.0,-21.0,-21.0,-21.0,-8.0
2025-03-08 00:00:00,AA,18,157,-17.0,-2.97,10.91,51.94,94.64,356.0
2025-03-08 00:00:00,UA,19,125,-18.0,-7.92,-2.97,2.97,32.79,202.0
2025-03-08 00:00:00,AA,23,21,-10.0,-7.92,-2.97,0.99,55.15,106.0
2025-03-08 00:00:00,WN,20,233,-20.0,-5.99,-1.99,13.07,36.24,238.0
2025-03-08 00:00:00,UA,22,41,-13.0,-7.92,-4.01,0.99,12.06,71.0
2025-03-08 00:00:00,WN,15,222,-13.0,-4.01,0.99,19.11,32.79,173.0
2025-03-08 00:00:00,UA,14,118,-16.0,-7.03,-5.0,0.0,13.07,175.0
2025-03-08 00:00:00,UA,15,88,-16.0,-7.03,-4.01,0.99,7.92,185.0
2025-03-08 00:00:00,AA,13,129,-20.0,-5.0,-0.99,23.81,58.56,559.0
2025-03-08 00:00:00,WN,13,231,-14.0,-4.01,0.0,8.94,30.27,251.0
2025-03-08 00:00:00,UA,9,113,-15.0,-7.03,-4.01,-0.99,2.97,162.0
2025-03-08 00:00:00,UA,11,109,-12.0,-5.99,-2.97,0.99,8.94,108.0
2025-03-08 00:00:00,WN,8,216,-10.0,-5.0,-1.99,0.0,8.94,72.0
2025-03-08 00:00:00,AA,11,151,-12.0,-5.0,-1.99,12.06,32.79,549.0
2025-03-09 00:00:00,UA,15,89,-11.0,-5.0,-0.99,10.91,32.14,305.0
2025-03-09 00:00:00,UA,9,127,-16.0,-5.99,-2.97,0.0,16.95,147.0
2025-03-09 00:00:00,AA,11,164,-11.0,-5.0,-0.99,13.07,25.79,347.0
2025-03-09 00:00:00,AA,13,149,-10.0,-5.0,-0.99,19.11,56.27,1110.0
2025-03-09 00:00:00,UA,11,120,-11.0,-5.99,-2.97,7.03,27.94,236.0
2025-03-09 00:00:00,UA,1,1,-7.0,-7.0,-7.0,-7.0,-7.0,-7.0
2025-03-09 00:00:00,WN,13,238,-13.0,-1.99,1.99,15.03,37.72,226.0
2025-03-09 00:00:00,AA,7,217,-15.0,-7.03,-4.01,-0.99,8.94,265.0
2025-03-09 00:00:00,AA,8,197,-13.0,-5.0,-2.97,5.0,26.84,500.0
2025-03-09 00:00:00,WN,8,245,-12.0,-5.0,-1.99,1.99,13.87,293.0
2025-03-09 00:00:00,UA,5,38,-11.0,-7.03,-5.0,-0.99,5.0,55.0
2025-03-09 00:00:00,DL,5,68,-15.0,-7.03,-4.01,-0.99,4.01,50.0
2025-03-09 00:00:00,DL,14,154,-15.0,-5.0,-0.99,10.91,32.79,265.0
2025-03-09 00:00:00,AA,23,39,-15.0,-7.92,-4.01,-0.99,10.07,97.0
2025-03-09 00:00:00,UA,19,131,-13.0,-5.99,-1.99,10.07,36.24,135.0
2025-03-09 00:00:00,UA,14,125,-15.0,-5.0,-2.97,5.0,32.14,475.0
2025-03-09 00:00:00,WN,20,251,-11.0,-2.97,4.01,19.89,48.91,199.0
2025-03-09 00:00:00,UA,22,35,-14.0,-7.03,-4.01,2.97,15.96,53.0
2025-03-09 00:00:00,AA,18,169,-19.0,-2.97,1.99,15.03,40.05,204.0
2025-03-09 00:00:00,WN,15,224,-10.0,-1.99,5.0,15.03,40.86,133.0
2025-03-09 00:00:00,AA,17,152,-10.0,-4.01,0.0,21.12,56.27,317.0
2025-03-10 00:00:00,WN,8,268,-11.0,-5.0,-2.97,0.0,8.94,77.0
2025-03-10 00:00:00,UA,14,128,-15.0,-7.03,-4.01,0.0,12.06,1160.0
2025-03-10 00:00:00,AA,23,27,-22.0,-10.07,-5.99,-1.99,25.79,70.0
2025-03-10 00:00:00,UA,5,42,-14.0,-10.07,-7.03,-5.0,-0.99,103.0
2025-03-10 00:00:00,UA,1,1,18.0,18.0,18.0,18.0,18.0,18.0
2025-03-10 00:00:00,WN,15,212,-12.0,-4.01,0.0,10.91,26.84,145.0
2025-03-10 00:00:00,UA,22,34,-13.0,-7.92,-5.99,-2.97,0.99,31.0
2025-03-10 00:00:00,WN,20,274,-15.0,-5.99,-2.97,7.92,26.84,107.0
2025-03-10 00:00:00,UA,15,94,-15.0,-7.03,-5.0,5.99,15.96,81.0
2025-03-10 00:00:00,UA,19,128,-15.0,-8.94,-5.0,0.0,10.91,123.0
2025-03-10 00:00:00,AA,17,154,-12.0,-4.01,0.0,21.98,92.77,1715.0
2025-03-10 00:00:00,AA,18,168,-16.0,-5.0,0.0,27.94,71.53,660.0
2025-03-10 00:00:00,UA,9,133,-13.0,-7.03,-5.0,-0.99,4.01,149.0
2025-03-10 00:00:00,DL,1,2,0.0,0.0,0.0,0.0,0.0,58.0
2025-03-10 00:00:00,DL,5,67,-16.0,-7.92,-5.0,-1.99,0.99,283.0
2025-03-10 00:00:00,AA,7,223,-12.0,-7.03,-4.01,-0.99,10.07,605.0
2025-03-10 00:00:00,AA,8,198,-14.0,-5.99,-4.01,0.99,34.13,703.0
2025-03-10 00:00:00,AA,11,165,-12.0,-5.0,-0.99,8.94,47.95,577.0
2025-03-10 00:00:00,DL,14,154,-18.0,-5.99,-0.99,7.92,32.79,198.0
2025-03-10 00:00:00,UA,11,125,-12.0,-5.99,-2.97,0.99,12.06,168.0
2025-03-10 00:00:00,AA,13,148,-13.0,-4.01,0.0,10.07,54.06,288.0
2025-03-10 00:00:00,WN,13,245,-10.0,-2.97,0.0,12.06,34.82,195.0
2025-03-11 00:00:00,AA,23,27,-17.0,-10.07,-7.92,-5.0,4.01,143.0
2025-03-11 00:00:00,DL,1,2,-8.0,-7.92,-7.92,-7.92,-7.92,-3.0
2025-03-11 00:00:00,UA,1,1,-11.0,-11.0,-11.0,-11.0,-11.0,-11.0
2025-03-11 00:00:00,WN,8,269,-11.0,-5.99,-4.01,-0.99,4.01,178.0
2025-03-11 00:00:00,AA,8,198,-14.0,-7.03,-4.01,-0.99,10.91,243.0
2025-03-11 00:00:00,DL,5,67,-19.0,-10.07,-7.03,-2.97,0.0,405.0
2025-03-11 00:00:00,AA,7,221,-15.0,-7.92,-5.0,-2.97,7.03,188.0
2025-03-11 00:00:00,UA,5,36,-14.0,-8.94,-7.92,-5.0,5.0,455.0
2025-03-11 00:00:00,UA,9,129,-18.0,-8.94,-5.99,-2.97,-0.99,138.0
2025-03-11 00:00:00,AA,11,168,-12.0,-7.03,-4.01,0.0,13.87,156.0
2025-03-11 00:00:00,UA,11,121,-17.0,-7.92,-5.0,-0.99,10.91,135.0
2025-03-11 00:00:00,AA,13,147,-12.0,-7.03,-4.01,0.0,12.06,297.0
2025-03-11 00:00:00,WN,13,235,-13.0,-5.99,-2.97,0.0,5.99,135.0
2025-03-11 00:00:00,DL,14,145,-17.0,-7.03,-4.01,1.99,19.89,210.0
2025-03-11 00:00:00,UA,14,121,-17.0,-7.92,-5.99,-0.99,10.07,66.0
2025-03-11 00:00:00,UA,22,31,-13.0,-7.92,-4.01,0.0,5.99,136.0
2025-03-11 00:00:00,WN,15,215,-14.0,-5.0,-2.97,0.99,10.07,259.0
2025-03-11 00:00:00,UA,15,87,-15.0,-8.94,-5.99,-2.97,5.0,82.0
2025-03-11 00:00:00,AA,17,154,-20.0,-7.92,-4.01,0.99,15.96,67.0
2025-03-11 00:00:00,AA,18,168,-15.0,-7.92,-5.0,0.0,19.11,268.0
2025-03-11 00:00:00,UA,19,115,-18.0,-8.94,-7.03,-2.97,2.97,75.0
2025-03-11 00:00:00,WN,20,180,-14.0,-7.03,-5.0,0.0,17.99,145.0
2025-03-12 00:00:00,UA,5,36,-13.0,-10.07,-7.92,-5.0,-1.99,18.0
2025-03-12 00:00:00,DL,5,67,-16.0,-10.07,-5.99,-2.97,-0.99,531.0
2025-03-12 00:00:00,AA,7,221,-18.0,-7.92,-5.0,-1.99,4.01,829.0
2025-03-12 00:00:00,AA,13,148,-18.0,-5.99,-2.97,0.0,15.96,394.0
2025-03-12 00:00:00,UA,14,126,-13.0,-7.03,-2.97,4.01,63.44,230.0
2025-03-12 00:00:00,AA,18,169,-13.0,-5.0,-0.99,13.07,43.38,840.0
2025-03-12 00:00:00,DL,1,2,-11.0,-10.91,-10.91,-10.91,-10.91,-10.0
2025-03-12 00:00:00,UA,15,92,-24.0,-7.92,-4.01,0.0,19.11,268.0
2025-03-12 00:00:00,AA,23,27,-18.0,-5.99,-2.97,0.99,15.03,521.0
2025-03-12 00:00:00,AA,17,153,-13.0,-5.99,-2.97,0.0,16.95,296.0
2025-03-12 00:00:00,UA,22,34,-18.0,-7.03,-2.97,5.0,17.99,100.0
2025-03-12 00:00:00,UA,1,1,-6.0,-6.0,-6.0,-6.0,-6.0,-6.0
2025-03-12 00:00:00,WN,20,177,-14.0,-7.03,-2.97,5.0,26.84,107.0
2025-03-12 00:00:00,UA,19,127,-19.0,-7.03,-2.97,4.01,40.86,129.0
2025-03-12 00:00:00,UA,11,126,-14.0,-7.03,-4.01,0.99,37.72,117.0
2025-03-12 00:00:00,DL,14,146,-16.0,-5.99,-2.97,0.99,10.07,107.0
2025-03-12 00:00:00,AA,8,199,-15.0,-7.03,-4.01,-0.99,13.07,383.0
2025-03-12 00:00:00,WN,15,216,-14.0,-4.01,-0.99,7.92,26.84,135.0
2025-03-12 00:00:00,WN,13,235,-12.0,-5.0,-2.97,4.01,21.12,171.0
2025-03-12 00:00:00,WN,8,268,-10.0,-5.0,-2.97,-0.99,4.01,78.0
2025-03-12 00:00:00,UA,9,130,-17.0,-7.03,-4.01,-1.99,7.92,122.0
2025-03-12 00:00:00,AA,11,169,-15.0,-5.99,-2.97,1.99,15.03,484.0
2025-03-13 00:00:00,AA,11,166,-14.0,-5.0,-2.97,7.03,32.14,313.0
2025-03-13 00:00:00,UA,5,42,-14.0,-7.92,-5.99,-4.01,-1.99,109.0
2025-03-13 00:00:00,AA,8,199,-12.0,-5.99,-2.97,0.99,26.84,797.0
2025-03-13 00:00:00,WN,8,257,-12.0,-5.0,-2.97,0.99,10.91,77.0
2025-03-13 00:00:00,UA,9,134,-17.0,-7.03,-5.0,-1.99,17.99,110.0
2025-03-13 00:00:00,UA,11,125,-20.0,-5.99,-4.01,1.99,23.81,306.0
2025-03-13 00:00:00,AA,13,146,-11.0,-5.0,-1.99,8.94,36.24,223.0
2025-03-13 00:00:00,WN,13,242,-10.0,-2.97,0.0,16.95,71.53,173.0
2025-03-13 00:00:00,DL,14,153,-15.0,-5.99,-2.97,7.03,34.13,319.0
2025-03-13 00:00:00,UA,1,1,-10.0,-10.0,-10.0,-10.0,-10.0,-10.0
2025-03-13 00:00:00,DL,1,2,-6.0,-5.99,-5.99,-5.99,-5.99,0.0
2025-03-13 00:00:00,AA,23,29,-7.0,-5.0,-2.97,16.95,34.13,68.0
2025-03-13 00:00:00,UA,14,127,-13.0,-5.99,-1.99,1.99,13.87,339.0
2025-03-13 00:00:00,AA,17,155,-13.0,-5.99,-1.99,15.96,40.86,267.0
2025-03-13 00:00:00,AA,7,222,-16.0,-7.03,-5.0,-1.99,1.99,143.0
2025-03-13 00:00:00,DL,5,68,-17.0,-10.07,-5.99,-2.97,0.0,78.0
2025-03-13 00:00:00,AA,18,169,-13.0,-4.01,0.0,17.99,37.72,222.0
2025-03-13 00:00:00,UA,22,35,-12.0,-5.99,-2.97,1.99,12.06,22.0
2025-03-13 00:00:00,UA,19,135,-21.0,-5.99,-0.99,15.96,43.38,272.0
2025-03-13 00:00:00,WN,20,275,-10.0,-2.97,2.97,27.94,68.72,265.0
2025-03-13 00:00:00,WN,15,213,-10.0,-1.99,1.99,22.88,59.75,193.0
2025-03-13 00:00:00,UA,15,93,-10.0,-5.99,-2.97,0.0,25.79,308.0
2025-03-14 00:00:00,DL,14,153,-14.0,-5.0,-1.99,8.94,32.79,427.0
2025-03-14 00:00:00,AA,11,142,-9.0,-4.01,-0.99,4.01,36.97,566.0
2025-03-14 00:00:00,UA,22,33,-9.0,-5.0,-2.97,1.99,10.91,105.0
2025-03-14 00:00:00,UA,1,1,-2.0,-2.0,-2.0,-2.0,-2.0,-2.0
2025-03-14 00:00:00,UA,14,129,-13.0,-5.0,0.0,13.07,36.24,438.0
2025-03-14 00:00:00,AA,7,217,-13.0,-5.99,-4.01,0.0,10.07,127.0
2025-03-14 00:00:00,UA,11,126,-20.0,-5.0,-0.99,10.91,41.68,234.0
2025-03-14 00:00:00,WN,13,244,-13.0,-1.99,2.97,16.95,43.38,179.0
2025-03-14 00:00:00,AA,13,127,-9.0,-5.0,-1.99,2.97,25.79,213.0
2025-03-14 00:00:00,WN,8,266,-12.0,-4.01,-1.99,0.99,10.07,208.0
2025-03-14 00:00:00,UA,9,133,-13.0,-5.99,-2.97,1.99,34.13,399.0
2025-03-14 00:00:00,AA,8,182,-12.0,-5.0,-2.97,0.0,15.03,887.0
2025-03-14 00:00:00,AA,23,29,-14.0,-4.01,-0.99,5.99,30.88,69.0
2025-03-14 00:00:00,UA,5,42,-12.0,-7.03,-4.01,-0.99,0.99,61.0
2025-03-14 00:00:00,DL,1,2,-5.0,-5.0,-5.0,-5.0,-5.0,0.0
2025-03-14 00:00:00,WN,15,212,-10.0,-0.99,7.92,24.78,40.86,216.0
2025-03-14 00:00:00,AA,17,135,-11.0,-5.0,-0.99,21.12,75.95,871.0
2025-03-14 00:00:00,UA,19,137,-20.0,-5.0,0.0,12.06,34.13,192.0
2025-03-14 00:00:00,AA,18,153,-12.0,-5.0,0.0,19.89,45.15,780.0
2025-03-14 00:00:00,WN,20,274,-13.0,-0.99,8.94,27.94,57.4,220.0
2025-03-14 00:00:00,DL,5,68,-15.0,-8.94,-5.0,-0.99,1.99,75.0
2025-03-14 00:00:00,UA,15,89,-12.0,-4.01,1.99,19.89,49.9,118.0
2025-03-15 00:00:00,AA,23,28,-8.0,-2.97,0.99,32.14,47.0,152.0
2025-03-15 00:00:00,DL,1,2,-9.0,-8.94,-8.94,-8.94,-8.94,27.0
2025-03-15 00:00:00,DL,14,124,-15.0,-2.97,4.01,30.88,66.03,238.0
2025-03-15 00:00:00,DL,5,68,-14.0,-7.03,-5.0,0.0,21.12,466.0
2025-03-15 00:00:00,AA,7,205,-13.0,-5.99,-2.97,1.99,30.27,215.0
2025-03-15 00:00:00,UA,9,116,-11.0,-4.01,0.99,12.06,40.05,243.0
2025-03-15 00:00:00,AA,8,180,-13.0,-5.0,-1.99,5.0,34.82,833.0
2025-03-15 00:00:00,WN,8,215,-14.0,-4.01,-1.99,7.03,26.84,349.0
2025-03-15 00:00:00,UA,15,81,-10.0,-1.99,10.07,63.44,132.97,378.0
2025-03-15 00:00:00,UA,14,112,-13.0,0.0,34.13,108.86,156.04,327.0
2025-03-15 00:00:00,UA,1,1,40.0,40.0,40.0,40.0,40.0,40.0
2025-03-15 00:00:00,WN,20,230,-12.0,2.97,17.99,48.91,98.5,281.0
2025-03-15 00:00:00,UA,22,34,-11.0,-2.97,1.99,29.08,64.72,107.0
2025-03-15 00:00:00,UA,19,125,-15.0,-1.99,8.94,51.94,83.94,172.0
2025-03-15 00:00:00,AA,17,148,-16.0,-0.99,12.06,56.27,100.49,712.0
2025-03-15 00:00:00,AA,18,150,-19.0,-2.97,13.87,43.38,92.77,657.0
2025-03-15 00:00:00,WN,15,221,-9.0,2.97,13.87,32.79,83.94,261.0
2025-03-15 00:00:00,UA,5,51,-13.0,-7.03,-2.97,0.0,19.11,195.0
2025-03-15 00:00:00,AA,13,132,-16.0,-2.97,2.97,30.27,85.64,520.0
2025-03-15 00:00:00,WN,13,236,-10.0,-0.99,8.94,26.84,54.06,380.0
2025-03-15 00:00:00,AA,11,147,-11.0,-5.0,0.0,13.87,51.94,281.0
2025-03-15 00:00:00,UA,11,110,-10.0,-1.99,5.99,43.38,125.22,312.0
2025-03-16 00:00:00,AA,11,157,-13.0,-1.99,12.06,47.95,127.75,1305.0
2025-03-16 00:00:00,WN,15,212,-9.0,1.99,16.95,56.27,120.31,534.0
2025-03-16 00:00:00,AA,13,141,-15.0,-1.99,21.12,75.95,172.45,1151.0
2025-03-16 00:00:00,WN,20,231,-10.0,8.94,32.14,89.13,149.92,434.0
2025-03-16 00:00:00,WN,13,226,-8.0,0.0,8.94,34.82,106.71,637.0
2025-03-16 00:00:00,UA,11,117,-12.0,-1.99,2.97,32.79,94.64,310.0
2025-03-16 00:00:00,UA,9,127,-10.0,-4.01,-0.99,16.95,54.06,571.0
2025-03-16 00:00:00,DL,14,146,-13.0,1.99,32.79,63.44,117.93,447.0
2025-03-16 00:00:00,UA,14,122,-12.0,-0.99,13.07,71.53,169.04,524.0
2025-03-16 00:00:00,AA,7,208,-14.0,-5.0,-2.97,4.01,19.89,287.0
2025-03-16 00:00:00,DL,5,57,-15.0,-7.03,-1.99,1.99,17.99,377.0
2025-03-16 00:00:00,DL,1,2,-12.0,-12.0,-12.0,-12.0,-12.0,-2.0
2025-03-16 00:00:00,UA,5,38,-15.0,-7.92,-5.0,-0.99,5.0,50.0
2025-03-16 00:00:00,UA,1,2,23.0,23.0,23.0,23.0,23.0,56.0
2025-03-16 00:00:00,UA,22,35,-13.0,13.07,34.82,102.52,111.06,214.0
2025-03-16 00:00:00,AA,23,34,-9.0,-4.01,1.99,29.08,80.65,450.0
2025-03-16 00:00:00,WN,8,242,-12.0,-4.01,-1.99,4.01,21.98,434.0
2025-03-16 00:00:00,UA,15,87,-12.0,-1.99,13.87,62.18,135.65,357.0
2025-03-16 00:00:00,AA,8,191,-10.0,-5.0,-1.99,10.91,37.72,1478.0
2025-03-16 00:00:00,AA,17,145,-8.0,0.0,27.94,92.77,214.89,1504.0
2025-03-16 00:00:00,UA,19,130,-11.0,5.0,21.12,85.64,183.12,950.0
2025-03-16 00:00:00,AA,18,153,-8.0,2.97,32.14,82.28,125.22,2206.0
2025-03-17 00:00:00,DL,14,153,-13.0,-5.0,-0.99,19.11,51.94,232.0
2025-03-17 00:00:00,DL,1,1,-14.0,-14.0,-14.0,-14.0,-14.0,-14.0
2025-03-17 00:00:00,AA,8,190,-13.0,-4.01,-1.99,7.92,32.79,696.0
2025-03-17 00:00:00,UA,1,1,15.0,15.0,15.0,15.0,15.0,15.0
2025-03-17 00:00:00,WN,13,245,-10.0,0.99,10.07,26.84,66.03,233.0
2025-03-17 00:00:00,WN,8,265,-7.0,-1.99,0.99,13.87,44.26,298.0
2025-03-17 00:00:00,AA,13,149,-13.0,-2.97,2.97,19.89,71.53,1214.0
2025-03-17 00:00:00,UA,9,133,-13.0,-5.0,-1.99,1.99,23.81,163.0
2025-03-17 00:00:00,AA,11,168,-12.0,-2.97,1.99,27.94,74.45,617.0
2025-03-17 00:00:00,UA,11,123,-14.0,-5.0,-0.99,5.0,30.27,158.0
2025-03-17 00:00:00,DL,5,64,-12.0,-5.0,-2.97,0.0,12.06,138.0
2025-03-17 00:00:00,AA,7,207,-13.0,-5.0,-2.97,2.97,36.97,1417.0
2025-03-17 00:00:00,UA,5,42,-10.0,-7.92,-5.0,1.99,15.03,128.0
2025-03-17 00:00:00,UA,14,128,-12.0,-5.0,-1.99,10.07,54.06,176.0
2025-03-17 00:00:00,WN,15,214,-9.0,1.99,13.07,37.72,67.36,165.0
2025-03-17 00:00:00,UA,15,94,-11.0,-5.0,-0.99,19.89,48.91,202.0
2025-03-17 00:00:00,AA,17,154,-16.0,-5.0,0.0,17.99,56.27,296.0
2025-03-17 00:00:00,AA,18,167,-10.0,-2.97,5.0,21.98,47.95,347.0
2025-03-17 00:00:00,UA,19,128,-17.0,-2.97,5.0,25.79,58.56,106.0
2025-03-17 00:00:00,WN,20,271,-12.0,0.0,15.03,44.26,74.45,239.0
2025-03-17 00:00:00,UA,22,34,-16.0,-5.0,0.0,10.07,41.68,68.0
2025-03-17 00:00:00,AA,23,26,-10.0,-5.99,-2.97,1.99,12.06,29.0
2025-03-18 00:00:00,AA,8,198,-17.0,-5.99,-4.01,0.0,30.27,413.0
2025-03-18 00:00:00,UA,22,31,-13.0,-7.92,-5.0,-2.97,0.0,102.0
2025-03-18 00:00:00,UA,5,36,-15.0,-8.94,-5.99,-2.97,2.97,44.0
2025-03-18 00:00:00,DL,5,67,-14.0,-7.92,-5.0,-1.99,0.99,48.0
2025-03-18 00:00:00,AA,7,222,-13.0,-7.03,-5.0,-1.99,7.03,694.0
2025-03-18 00:00:00,DL,1,2,-7.0,-7.0,-7.0,-7.0,-7.0,-4.0
2025-03-18 00:00:00,WN,15,212,-11.0,-4.01,0.0,8.94,36.24,375.0
2025-03-18 00:00:00,UA,1,1,5.0,5.0,5.0,5.0,5.0,5.0
2025-03-18 00:00:00,WN,8,269,-9.0,-4.01,-1.99,1.99,10.91,78.0
2025-03-18 00:00:00,AA,13,148,-12.0,-5.99,-2.97,0.99,36.97,406.0
2025-03-18 00:00:00,UA,19,114,-16.0,-8.94,-0.99,10.07,43.38,616.0
2025-03-18 00:00:00,AA,23,27,-17.0,-7.03,-4.01,-0.99,39.25,548.0
2025-03-18 00:00:00,WN,20,179,-14.0,-5.99,-1.99,13.87,48.91,154.0
2025-03-18 00:00:00,AA,18,167,-17.0,-5.0,-1.99,12.06,52.99,275.0
2025-03-18 00:00:00,AA,17,154,-14.0,-5.0,-0.99,19.11,41.68,870.0
2025-03-18 00:00:00,WN,13,233,-13.0,-5.0,-1.99,1.99,10.91,101.0
2025-03-18 00:00:00,UA,14,120,-14.0,-7.92,-4.01,0.99,25.79,167.0
2025-03-18 00:00:00,UA,15,86,-12.0,-7.92,-4.01,4.01,27.94,131.0
2025-03-18 00:00:00,UA,9,129,-19.0,-7.03,-5.0,-1.99,2.97,235.0
2025-03-18 00:00:00,DL,14,143,-19.0,-5.99,-2.97,4.01,16.95,140.0
2025-03-18 00:00:00,AA,11,167,-12.0,-7.03,-4.01,2.97,22.88,269.0
2025-03-18 00:00:00,UA,11,120,-13.0,-7.03,-4.01,-1.99,8.94,473.0
2025-03-19 00:00:00,AA,8,195,-14.0,-5.99,-2.97,0.0,15.03,1314.0
2025-03-19 00:00:00,UA,9,129,-19.0,-7.03,-5.0,-0.99,5.99,86.0
2025-03-19 00:00:00,AA,13,148,-22.0,-5.0,-0.99,17.99,94.64,494.0
2025-03-19 00:00:00,DL,14,142,-15.0,-5.99,-1.99,5.99,27.94,150.0
2025-03-19 00:00:00,UA,14,121,-11.0,-5.99,-2.97,13.07,46.07,406.0
2025-03-19 00:00:00,UA,15,89,-13.0,-7.03,-1.99,5.99,45.15,224.0
2025-03-19 00:00:00,AA,18,163,-12.0,-2.97,2.97,37.72,98.5,857.0
2025-03-19 00:00:00,AA,11,167,-12.0,-5.0,-1.99,5.99,44.26,243.0
2025-03-19 00:00:00,AA,7,219,-13.0,-7.03,-4.01,0.0,19.89,1419.0
2025-03-19 00:00:00,DL,1,2,-10.0,-10.0,-10.0,-10.0,-10.0,0.0
2025-03-19 00:00:00,DL,5,67,-13.0,-8.94,-7.03,-2.97,-0.99,857.0
2025-03-19 00:00:00,UA,1,1,-5.0,-5.0,-5.0,-5.0,-5.0,-5.0
2025-03-19 00:00:00,UA,5,36,-15.0,-10.07,-5.0,-2.97,-0.99,21.0
2025-03-19 00:00:00,WN,15,203,-16.0,-2.97,0.0,8.94,21.98,173.0
2025-03-19 00:00:00,UA,11,124,-12.0,-5.99,-2.97,0.0,10.07,115.0
2025-03-19 00:00:00,AA,23,26,-9.0,-4.01,0.0,5.0,47.95,769.0
2025-03-19 00:00:00,UA,19,126,-16.0,-5.99,-0.99,15.96,100.49,319.0
2025-03-19 00:00:00,UA,22,34,-13.0,-4.01,0.99,2.97,8.94,42.0
2025-03-19 00:00:00,WN,20,175,-13.0,-5.0,-0.99,10.07,32.79,116.0
2025-03-19 00:00:00,AA,17,153,-14.0,-2.97,8.94,41.68,79.05,819.0
2025-03-19 00:00:00,WN,13,230,-15.0,-4.01,-0.99,5.0,19.11,164.0
2025-03-19 00:00:00,WN,8,266,-12.0,-5.0,-2.97,0.0,10.07,221.0
2025-03-20 00:00:00,AA,13,149,-17.0,-4.01,0.0,15.96,68.72,233.0
2025-03-20 00:00:00,DL,5,69,-15.0,-7.92,-4.01,-0.99,5.99,195.0
2025-03-20 00:00:00,DL,1,2,-10.0,-10.0,-10.0,-10.0,-10.0,-8.0
2025-03-20 00:00:00,UA,15,94,-11.0,-5.99,-0.99,13.07,44.26,173.0
2025-03-20 00:00:00,UA,19,136,-18.0,-4.01,0.99,10.91,29.08,271.0
2025-03-20 00:00:00,AA,11,167,-14.0,-5.0,-1.99,7.92,40.86,220.0
2025-03-20 00:00:00,AA,7,217,-14.0,-5.99,-4.01,0.0,21.12,512.0
2025-03-20 00:00:00,WN,15,215,-12.0,-2.97,2.97,13.87,30.27,189.0
2025-03-20 00:00:00,WN,13,246,-13.0,-2.97,0.0,10.07,26.84,192.0
2025-03-20 00:00:00,UA,9,134,-21.0,-5.99,-1.99,7.92,45.15,239.0
2025-03-20 00:00:00,UA,1,1,-4.0,-4.0,-4.0,-4.0,-4.0,-4.0
2025-03-20 00:00:00,UA,5,42,-11.0,-7.92,-5.99,-0.99,4.01,204.0
2025-03-20 00:00:00,AA,17,153,-18.0,-4.01,-0.99,21.98,60.95,322.0
2025-03-20 00:00:00,WN,8,267,-11.0,-4.01,-1.99,0.99,10.07,93.0
2025-03-20 00:00:00,AA,8,199,-12.0,-5.0,-2.97,2.97,30.27,363.0
2025-03-20 00:00:00,UA,11,126,-13.0,-5.0,-0.99,10.91,59.75,246.0
2025-03-20 00:00:00,WN,20,274,-14.0,-2.97,1.99,19.11,50.91,227.0
2025-03-20 00:00:00,AA,18,169,-10.0,-2.97,2.97,29.08,77.49,863.0
2025-03-20 00:00:00,DL,14,153,-13.0,-4.01,0.0,10.07,29.08,257.0
2025-03-20 00:00:00,UA,14,127,-13.0,-2.97,1.99,19.89,64.72,287.0
2025-03-20 00:00:00,AA,23,29,-11.0,-5.0,-2.97,0.99,34.82,77.0
2025-03-20 00:00:00,UA,22,34,-15.0,-5.0,-0.99,5.0,19.11,250.0
2025-03-21 00:00:00,UA,1,1,-5.0,-5.0,-5.0,-5.0,-5.0,-5.0
2025-03-21 00:00:00,DL,1,2,-13.0,-13.0,-13.0,-13.0,-13.0,-7.0
2025-03-21 00:00:00,AA,18,168,-13.0,-5.0,-0.99,29.08,71.53,891.0
2025-03-21 00:00:00,UA,19,137,-23.0,-7.03,-1.99,10.91,32.14,197.0
2025-03-21 00:00:00,WN,15,215,-10.0,-2.97,0.0,10.07,34.13,169.0
2025-03-21 00:00:00,WN,13,245,-11.0,-2.97,0.0,8.94,22.88,95.0
2025-03-21 00:00:00,UA,15,88,-15.0,-5.99,-2.97,7.92,40.05,416.0
2025-03-21 00:00:00,UA,11,126,-16.0,-5.99,-2.97,0.99,24.78,284.0
2025-03-21 00:00:00,DL,14,154,-15.0,-5.0,-1.99,10.07,40.05,144.0
2025-03-21 00:00:00,UA,14,129,-14.0,-5.99,-2.97,2.97,50.91,530.0
2025-03-21 00:00:00,AA,13,148,-11.0,-5.0,-1.99,12.06,41.68,240.0
2025-03-21 00:00:00,AA,11,166,-15.0,-5.0,-1.99,4.01,27.94,377.0
2025-03-21 00:00:00,AA,8,199,-11.0,-5.99,-4.01,0.0,22.88,1448.0
2025-03-21 00:00:00,WN,8,267,-9.0,-4.01,-1.99,0.0,7.03,304.0
2025-03-21 00:00:00,UA,9,134,-14.0,-7.03,-4.01,-1.99,7.92,138.0
2025-03-21 00:00:00,WN,20,274,-13.0,-5.0,0.0,10.91,32.14,206.0
2025-03-21 00:00:00,UA,22,34,-13.0,-5.99,-1.99,2.97,26.84,208.0
2025-03-21 00:00:00,AA,23,29,-12.0,-5.0,2.97,17.99,46.07,600.0
2025-03-21 00:00:00,UA,5,42,-15.0,-7.92,-5.99,-2.97,1.99,23.0
2025-03-21 00:00:00,AA,17,153,-15.0,-5.0,0.0,21.12,57.4,212.0
2025-03-21 00:00:00,DL,5,69,-18.0,-7.03,-4.01,-0.99,22.88,616.0
2025-03-21 00:00:00,AA,7,221,-15.0,-7.03,-4.01,-0.99,13.07,976.0
2025-03-22 00:00:00,UA,1,1,-6.0,-6.0,-6.0,-6.0,-6.0,-6.0
2025-03-22 00:00:00,DL,1,2,-6.0,-5.99,-5.99,-5.99,-5.99,-5.0
2025-03-22 00:00:00,AA,7,203,-17.0,-7.03,-5.0,-0.99,12.06,771.0
2025-03-22 00:00:00,AA,18,152,-12.0,-5.0,-0.99,13.87,51.94,159.0
2025-03-22 00:00:00,AA,23,28,-8.0,-4.01,-0.99,16.95,21.12,53.0
2025-03-22 00:00:00,UA,19,126,-13.0,-5.99,-0.99,7.03,44.26,159.0
2025-03-22 00:00:00,AA,8,180,-14.0,-5.99,-4.01,-0.99,13.07,639.0
2025-03-22 00:00:00,UA,22,36,-11.0,-5.0,-1.99,2.97,13.87,26.0
2025-03-22 00:00:00,WN,8,217,-11.0,-5.0,-2.97,0.0,2.97,166.0
2025-03-22 00:00:00,WN,20,233,-15.0,-5.0,0.0,10.07,30.27,202.0
2025-03-22 00:00:00,UA,11,110,-13.0,-5.99,-4.01,-0.99,13.87,224.0
2025-03-22 00:00:00,UA,9,116,-16.0,-7.03,-4.01,-0.99,5.0,542.0
2025-03-22 00:00:00,AA,11,149,-15.0,-5.99,-2.97,2.97,23.81,829.0
2025-03-22 00:00:00,UA,15,82,-12.0,-7.03,-2.97,1.99,17.99,70.0
2025-03-22 00:00:00,UA,5,52,-14.0,-8.94,-7.03,-0.99,0.0,13.0
2025-03-22 00:00:00,DL,5,70,-20.0,-8.94,-5.0,-1.99,10.07,121.0
2025-03-22 00:00:00,AA,17,150,-12.0,-5.0,-1.99,13.87,58.56,158.0
2025-03-22 00:00:00,WN,13,237,-12.0,-4.01,-0.99,4.01,15.96,165.0
2025-03-22 00:00:00,WN,15,220,-11.0,-4.01,0.0,8.94,25.79,213.0
2025-03-22 00:00:00,AA,13,130,-20.0,-5.99,-2.97,7.03,34.13,1081.0
2025-03-22 00:00:00,DL,14,124,-16.0,-7.03,-2.97,4.01,16.95,250.0
2025-03-22 00:00:00,UA,14,115,-12.0,-7.03,-4.01,2.97,24.78,1002.0
2025-03-23 00:00:00,AA,23,29,-7.0,-2.97,5.0,13.07,29.08,64.0
2025-03-23 00:00:00,DL,5,68,-15.0,-7.92,-4.01,-0.99,1.99,305.0
2025-03-23 00:00:00,AA,11,166,-14.0,-5.0,-2.97,1.99,21.98,173.0
2025-03-23 00:00:00,UA,1,2,-7.0,-7.0,-7.0,-7.0,-7.0,-5.0
2025-03-23 00:00:00,AA,18,165,-12.0,-4.01,-0.99,15.03,36.24,167.0
2025-03-23 00:00:00,UA,9,130,-14.0,-7.03,-4.01,-0.99,13.87,181.0
2025-03-23 00:00:00,UA,5,39,-10.0,-7.92,-5.0,-1.99,7.03,279.0
2025-03-23 00:00:00,AA,8,198,-12.0,-5.99,-2.97,0.99,21.12,338.0
2025-03-23 00:00:00,WN,8,246,-10.0,-5.0,-2.97,0.0,8.94,150.0
2025-03-23 00:00:00,DL,1,2,-14.0,-13.87,-13.87,-13.87,-13.87,-2.0
2025-03-23 00:00:00,AA,7,222,-13.0,-7.03,-4.01,-1.99,5.99,1518.0
2025-03-23 00:00:00,WN,20,251,-13.0,-2.97,2.97,19.89,44.26,271.0
2025-03-23 00:00:00,UA,19,135,-17.0,-5.0,-0.99,12.06,36.24,181.0
2025-03-23 00:00:00,UA,11,120,-13.0,-5.99,-2.97,2.97,13.07,149.0
2025-03-23 00:00:00,UA,22,36,-28.0,-7.03,-4.01,0.99,7.03,148.0
2025-03-23 00:00:00,AA,13,149,-16.0,-5.0,-1.99,5.99,26.84,470.0
2025-03-23 00:00:00,UA,15,87,-13.0,-7.03,-2.97,1.99,13.87,204.0
2025-03-23 00:00:00,DL,14,153,-14.0,-5.99,-1.99,5.99,32.79,1054.0
2025-03-23 00:00:00,UA,14,125,-14.0,-5.99,-2.97,5.0,32.14,135.0
2025-03-23 00:00:00,WN,13,237,-10.0,-2.97,0.0,7.03,23.81,118.0
2025-03-23 00:00:00,AA,17,155,-12.0,-4.01,0.0,12.06,32.14,1141.0
2025-03-23 00:00:00,WN,15,225,-16.0,-1.99,2.97,10.91,27.94,100.0
2025-03-24 00:00:00,AA,18,168,-18.0,-5.0,-0.99,10.91,39.25,459.0
2025-03-24 00:00:00,UA,9,133,-13.0,-7.03,-4.01,0.0,8.94,780.0
2025-03-24 00:00:00,UA,22,34,-12.0,-7.92,-5.0,-0.99,4.01,57.0
2025-03-24 00:00:00,AA,23,27,-15.0,-7.03,-4.01,0.0,10.91,24.0
2025-03-24 00:00:00,WN,20,274,-16.0,-5.0,-0.99,13.87,34.13,179.0
2025-03-24 00:00:00,UA,19,127,-15.0,-5.99,-0.99,8.94,24.78,238.0
2025-03-24 00:00:00,WN,15,215,-11.0,-2.97,0.0,12.06,30.27,174.0
2025-03-24 00:00:00,DL,1,2,-15.0,-15.0,-15.0,-15.0,-15.0,-13.0
2025-03-24 00:00:00,WN,8,267,-12.0,-4.01,-0.99,1.99,10.91,242.0
2025-03-24 00:00:00,AA,8,199,-10.0,-5.99,-2.97,0.0,12.06,3288.0
2025-03-24 00:00:00,AA,17,156,-14.0,-5.0,-0.99,16.95,59.75,1192.0
2025-03-24 00:00:00,UA,1,1,39.0,39.0,39.0,39.0,39.0,39.0
2025-03-24 00:00:00,UA,5,42,-13.0,-7.03,-5.0,-1.99,0.99,14.0
2025-03-24 00:00:00,UA,15,95,-18.0,-5.99,0.0,15.03,54.06,338.0
2025-03-24 00:00:00,DL,5,69,-17.0,-8.94,-5.0,-0.99,5.0,303.0
2025-03-24 00:00:00,AA,7,221,-17.0,-5.99,-4.01,-0.99,10.07,76.0
2025-03-24 00:00:00,AA,11,167,-11.0,-4.01,-0.99,7.03,37.72,627.0
2025-03-24 00:00:00,AA,13,149,-14.0,-5.0,-1.99,7.03,34.13,201.0
2025-03-24 00:00:00,DL,14,154,-22.0,-4.01,1.99,15.96,62.18,284.0
2025-03-24 00:00:00,UA,14,127,-13.0,-5.99,-2.97,5.99,32.79,135.0
2025-03-24 00:00:00,WN,13,246,-10.0,-2.97,1.99,10.91,24.78,113.0
2025-03-24 00:00:00,UA,11,124,-12.0,-7.03,-4.01,-0.99,12.06,81.0
2025-03-25 00:00:00,UA,5,36,-13.0,-10.07,-7.03,-4.01,-2.97,0.0
2025-03-25 00:00:00,WN,8,270,-10.0,-5.0,-2.97,-0.99,2.97,83.0
2025-03-25 00:00:00,UA,11,121,-13.0,-7.03,-5.0,-2.97,7.92,84.0
2025-03-25 00:00:00,UA,15,87,-16.0,-7.92,-5.0,-0.99,8.94,115.0
2025-03-25 00:00:00,WN,15,216,-13.0,-5.0,-1.99,5.99,21.98,185.0
2025-03-25 00:00:00,AA,17,152,-17.0,-5.99,-1.99,17.99,67.36,232.0
2025-03-25 00:00:00,UA,1,1,-6.0,-6.0,-6.0,-6.0,-6.0,-6.0
2025-03-25 00:00:00,UA,22,31,-13.0,-8.94,-5.0,-2.97,5.0,22.0
2025-03-25 00:00:00,DL,1,2,-4.0,-4.0,-4.0,-4.0,-4.0,-1.0
2025-03-25 00:00:00,AA,23,27,-18.0,-8.94,-5.0,7.03,34.82,104.0
2025-03-25 00:00:00,AA,13,148,-13.0,-5.99,-4.01,0.99,26.84,177.0
2025-03-25 00:00:00,UA,19,115,-20.0,-8.94,-5.0,-1.99,7.92,147.0
2025-03-25 00:00:00,DL,5,68,-18.0,-10.91,-8.94,-5.0,0.0,70.0
2025-03-25 00:00:00,AA,11,168,-17.0,-5.99,-1.99,5.0,41.68,495.0
2025-03-25 00:00:00,AA,18,167,-14.0,-5.99,-0.99,21.98,82.28,1264.0
2025-03-25 00:00:00,UA,9,129,-13.0,-7.92,-5.0,-1.99,2.97,104.0
2025-03-25 00:00:00,UA,14,121,-13.0,-7.92,-5.99,-1.99,8.94,216.0
2025-03-25 00:00:00,WN,20,180,-15.0,-7.03,-4.01,16.95,58.56,221.0
2025-03-25 00:00:00,WN,13,234,-15.0,-5.99,-2.97,0.99,12.06,77.0
2025-03-25 00:00:00,AA,8,198,-15.0,-7.03,-4.01,-0.99,5.99,193.0
2025-03-25 00:00:00,AA,7,222,-15.0,-7.92,-5.99,-2.97,1.99,856.0
2025-03-25 00:00:00,DL,14,144,-16.0,-7.03,-4.01,0.99,13.87,99.0
2025-03-26 00:00:00,WN,20,178,-14.0,-7.03,-4.01,0.99,32.14,166.0
2025-03-26 00:00:00,AA,17,153,-15.0,-5.0,-1.99,13.87,37.72,293.0
2025-03-26 00:00:00,WN,15,215,-13.0,-4.01,-0.99,5.99,21.98,129.0
2025-03-26 00:00:00,AA,7,222,-15.0,-7.92,-5.0,-1.99,7.03,658.0
2025-03-26 00:00:00,DL,14,145,-13.0,-7.03,-2.97,4.01,24.78,560.0
2025-03-26 00:00:00,AA,8,198,-15.0,-5.99,-4.01,0.0,16.95,690.0
2025-03-26 00:00:00,UA,14,126,-14.0,-7.92,-4.01,-1.99,10.91,164.0
2025-03-26 00:00:00,DL,5,68,-17.0,-10.91,-7.03,-5.0,-0.99,411.0
2025-03-26 00:00:00,DL,1,2,-10.0,-10.0,-10.0,-10.0,-10.0,-8.0
2025-03-26 00:00:00,UA,1,1,-4.0,-4.0,-4.0,-4.0,-4.0,-4.0
2025-03-26 00:00:00,WN,13,234,-12.0,-5.0,-1.99,2.97,15.96,306.0
2025-03-26 00:00:00,AA,11,168,-12.0,-5.99,-4.01,0.0,19.89,131.0
2025-03-26 00:00:00,AA,13,149,-20.0,-5.0,-1.99,5.0,22.88,253.0
2025-03-26 00:00:00,UA,5,36,-10.0,-8.94,-5.99,-2.97,4.01,87.0
2025-03-26 00:00:00,UA,9,131,-16.0,-7.92,-5.0,-2.97,4.01,168.0
2025-03-26 00:00:00,UA,11,125,-19.0,-7.03,-5.0,-0.99,1.99,60.0
2025-03-26 00:00:00,AA,23,26,-15.0,-5.0,-0.99,5.0,13.87,56.0
2025-03-26 00:00:00,WN,8,270,-11.0,-5.0,-2.97,-0.99,2.97,39.0
2025-03-26 00:00:00,UA,15,92,-15.0,-7.03,-2.97,0.0,21.98,157.0
2025-03-26 00:00:00,AA,18,168,-14.0,-4.01,-0.99,13.07,30.88,193.0
2025-03-26 00:00:00,UA,19,127,-15.0,-7.92,-4.01,2.97,64.72,238.0
2025-03-26 00:00:00,UA,22,34,-11.0,-7.03,-4.01,0.0,10.91,93.0
2025-03-27 00:00:00,UA,5,42,-12.0,-7.03,-5.99,-2.97,1.99,122.0
2025-03-27 00:00:00,AA,17,156,-23.0,-5.0,2.97,17.99,47.0,188.0
2025-03-27 00:00:00,WN,8,267,-10.0,-4.01,-1.99,0.0,7.03,60.0
2025-03-27 00:00:00,UA,22,35,-11.0,-5.99,-1.99,7.92,13.87,96.0
2025-03-27 00:00:00,WN,20,274,-11.0,-4.01,0.0,8.94,22.88,160.0
2025-03-27 00:00:00,AA,18,167,-14.0,-5.0,0.0,8.94,29.08,88.0
2025-03-27 00:00:00,AA,23,29,-14.0,-5.0,-2.97,5.0,10.07,44.0
2025-03-27 00:00:00,UA,19,136,-15.0,-5.99,-2.97,5.99,24.78,127.0
2025-03-27 00:00:00,AA,13,146,-12.0,-5.0,-2.97,0.99,21.12,259.0
2025-03-27 00:00:00,UA,15,94,-12.0,-5.99,-2.97,1.99,29.08,196.0
2025-03-27 00:00:00,DL,1,2,-10.0,-10.0,-10.0,-10.0,-10.0,7.0
2025-03-27 00:00:00,WN,15,214,-13.0,-2.97,0.0,8.94,24.78,238.0
2025-03-27 00:00:00,AA,7,221,-15.0,-7.03,-4.01,-0.99,4.01,166.0
2025-03-27 00:00:00,UA,9,134,-13.0,-7.92,-5.0,-2.97,1.99,480.0
2025-03-27 00:00:00,AA,8,200,-12.0,-5.99,-4.01,0.0,34.82,206.0
2025-03-27 00:00:00,WN,13,245,-11.0,-2.97,0.0,7.92,17.99,139.0
2025-03-27 00:00:00,DL,14,155,-15.0,-5.99,-2.97,2.97,15.96,181.0
2025-03-27 00:00:00,UA,14,127,-14.0,-5.99,-4.01,0.99,12.06,192.0
2025-03-27 00:00:00,UA,11,126,-13.0,-7.03,-4.01,-0.99,12.06,198.0
2025-03-27 00:00:00,DL,5,69,-22.0,-8.94,-5.99,-2.97,0.99,490.0
2025-03-27 00:00:00,AA,11,166,-16.0,-4.01,-1.99,5.0,22.88,178.0
2025-03-27 00:00:00,UA,1,1,29.0,29.0,29.0,29.0,29.0,29.0
2025-03-28 00:00:00,WN,13,243,-10.0,-2.97,1.99,10.91,21.98,336.0
2025-03-28 00:00:00,WN,8,266,-12.0,-4.01,-1.99,2.97,19.11,122.0
2025-03-28 00:00:00,AA,11,166,-12.0,-5.0,-1.99,2.97,36.24,152.0
2025-03-28 00:00:00,AA,17,155,-15.0,-5.0,-2.97,8.94,26.84,961.0
2025-03-28 00:00:00,DL,5,69,-14.0,-7.03,-5.0,-1.99,4.01,700.0
2025-03-28 00:00:00,DL,1,2,-7.0,-7.0,-7.0,-7.0,-7.0,-5.0
2025-03-28 00:00:00,UA,14,128,-13.0,-5.99,-2.97,5.0,30.27,187.0
2025-03-28 00:00:00,AA,7,222,-13.0,-7.03,-5.0,-0.99,7.92,80.0
2025-03-28 00:00:00,UA,15,89,-14.0,-5.99,-2.97,8.94,47.0,410.0
2025-03-28 00:00:00,UA,9,134,-12.0,-7.03,-4.01,2.97,23.81,305.0
2025-03-28 00:00:00,UA,1,1,-7.0,-7.0,-7.0,-7.0,-7.0,-7.0
2025-03-28 00:00:00,DL,14,154,-15.0,-7.03,-1.99,4.01,22.88,329.0
2025-03-28 00:00:00,AA,13,147,-13.0,-5.0,-0.99,10.91,56.27,442.0
2025-03-28 00:00:00,UA,11,126,-14.0,-5.99,-2.97,2.97,23.81,578.0
2025-03-28 00:00:00,AA,8,200,-16.0,-5.99,-2.97,0.0,23.81,551.0
2025-03-28 00:00:00,UA,5,42,-13.0,-8.94,-7.03,-4.01,-2.97,27.0
2025-03-28 00:00:00,WN,15,213,-11.0,-2.97,1.99,13.07,48.91,234.0
2025-03-28 00:00:00,AA,18,165,-12.0,-5.0,0.0,13.87,41.68,249.0
2025-03-28 00:00:00,UA,19,137,-15.0,-5.99,-1.99,5.99,37.72,163.0
2025-03-28 00:00:00,WN,20,273,-17.0,-4.01,0.0,15.96,40.86,218.0
2025-03-28 00:00:00,UA,22,34,-11.0,-7.03,-5.0,-2.97,0.99,24.0
2025-03-28 00:00:00,AA,23,29,-15.0,-7.03,-2.97,4.01,16.95,117.0
2025-03-29 00:00:00,UA,5,50,-14.0,-7.92,-5.0,-2.97,0.0,127.0
2025-03-29 00:00:00,DL,5,69,-16.0,-8.94,-7.03,-1.99,0.99,313.0
2025-03-29 00:00:00,AA,18,148,-13.0,-5.0,-0.99,15.96,62.18,1100.0
2025-03-29 00:00:00,AA,7,206,-14.0,-7.92,-5.0,-0.99,7.03,963.0
2025-03-29 00:00:00,UA,22,37,-10.0,-5.99,-1.99,4.01,30.88,172.0
2025-03-29 00:00:00,AA,11,151,-12.0,-7.03,-4.01,1.99,27.94,753.0
2025-03-29 00:00:00,AA,8,177,-10.0,-5.99,-4.01,1.99,22.88,718.0
2025-03-29 00:00:00,DL,1,2,-16.0,-15.96,-15.96,-15.96,-15.96,-5.0
2025-03-29 00:00:00,AA,23,28,-7.0,-4.01,0.99,7.03,34.13,96.0
2025-03-29 00:00:00,UA,19,123,-11.0,-5.99,0.0,13.07,44.26,132.0
2025-03-29 00:00:00,WN,20,232,-19.0,-4.01,0.0,15.03,58.56,188.0
2025-03-29 00:00:00,UA,1,1,-6.0,-6.0,-6.0,-6.0,-6.0,-6.0
2025-03-29 00:00:00,AA,17,147,-13.0,-5.99,-1.99,13.87,52.99,979.0
2025-03-29 00:00:00,WN,15,220,-11.0,-4.01,-0.99,10.07,36.24,235.0
2025-03-29 00:00:00,WN,8,217,-12.0,-5.0,-2.97,0.0,5.0,96.0
2025-03-29 00:00:00,UA,15,79,-14.0,-5.99,-4.01,0.0,36.97,202.0
2025-03-29 00:00:00,UA,9,112,-12.0,-5.99,-4.01,-0.99,7.92,68.0
2025-03-29 00:00:00,UA,14,114,-17.0,-7.92,-5.0,-1.99,7.03,89.0
2025-03-29 00:00:00,DL,14,125,-17.0,-7.03,-2.97,2.97,15.03,343.0
2025-03-29 00:00:00,WN,13,236,-12.0,-4.01,-0.99,4.01,21.12,247.0
2025-03-29 00:00:00,AA,13,134,-14.0,-5.0,-2.97,2.97,40.86,326.0
2025-03-29 00:00:00,UA,11,110,-14.0,-7.03,-4.01,-1.99,5.99,238.0
2025-03-30 00:00:00,UA,9,142,-15.0,-7.03,-1.99,13.87,36.24,212.0
2025-03-30 00:00:00,AA,11,160,-15.0,-4.01,0.0,12.06,45.15,1374.0
2025-03-30 00:00:00,UA,11,117,-14.0,-2.97,2.97,15.03,55.15,235.0
2025-03-30 00:00:00,AA,13,134,-14.0,-5.0,0.0,30.27,55.15,298.0
2025-03-30 00:00:00,WN,13,231,-14.0,-0.99,7.03,36.97,72.97,314.0
2025-03-30 00:00:00,DL,14,148,-15.0,-5.0,0.0,13.87,80.65,1115.0
2025-03-30 00:00:00,UA,14,122,-12.0,-1.99,13.07,58.56,102.52,384.0
2025-03-30 00:00:00,UA,15,93,-9.0,0.0,15.03,59.75,125.22,469.0
2025-03-30 00:00:00,WN,15,220,-10.0,0.99,13.07,41.68,100.49,395.0
2025-03-30 00:00:00,AA,17,128,-13.0,-0.99,24.78,94.64,232.79,1010.0
2025-03-30 00:00:00,AA,18,137,-14.0,-0.99,19.89,87.37,175.94,1783.0
2025-03-30 00:00:00,UA,19,141,-11.0,7.92,57.4,122.75,159.19,686.0
2025-03-30 00:00:00,WN,20,243,-11.0,5.99,25.79,77.49,149.92,385.0
2025-03-30 00:00:00,UA,22,36,-10.0,-2.97,1.99,26.84,106.71,165.0
2025-03-30 00:00:00,AA,8,194,-15.0,-5.99,-2.97,1.99,24.78,165.0
2025-03-30 00:00:00,UA,5,39,-10.0,-5.99,-2.97,1.99,15.96,119.0
2025-03-30 00:00:00,DL,1,2,-9.0,-8.94,-8.94,-8.94,-8.94,-8.0
2025-03-30 00:00:00,DL,5,69,-23.0,-8.94,-5.0,-1.99,7.92,383.0
2025-03-30 00:00:00,AA,7,222,-18.0,-7.03,-4.01,0.0,15.03,777.0
2025-03-30 00:00:00,UA,1,1,58.0,58.0,58.0,58.0,58.0,58.0
2025-03-30 00:00:00,AA,23,26,-9.0,0.0,16.95,46.07,106.71,219.0
2025-03-30 00:00:00,WN,8,244,-13.0,-5.0,-1.99,5.0,22.88,143.0
2025-03-31 00:00:00,UA,1,2,-10.0,-10.0,-10.0,-10.0,-10.0,13.0
2025-03-31 00:00:00,WN,13,242,-7.0,1.99,13.87,47.95,90.93,262.0
2025-03-31 00:00:00,DL,1,2,-14.0,-13.87,-13.87,-13.87,-13.87,-8.0
2025-03-31 00:00:00,UA,5,44,-12.0,-7.03,-5.0,-1.99,2.97,373.0
2025-03-31 00:00:00,AA,7,211,-11.0,-5.99,-2.97,0.0,21.12,1713.0
2025-03-31 00:00:00,UA,22,29,-10.0,-5.0,7.03,22.88,70.11,282.0
2025-03-31 00:00:00,AA,13,136,-15.0,-1.99,5.0,41.68,162.41,373.0
2025-03-31 00:00:00,UA,19,138,-17.0,-0.99,13.87,58.56,152.95,929.0
2025-03-31 00:00:00,UA,15,92,-10.0,-1.99,7.92,48.91,104.6,503.0
2025-03-31 00:00:00,WN,20,253,-12.0,4.01,34.82,80.65,141.19,357.0
2025-03-31 00:00:00,AA,23,24,-6.0,-1.99,16.95,55.15,85.64,208.0
2025-03-31 00:00:00,AA,17,135,-14.0,-1.99,22.88,74.45,165.69,1051.0
2025-03-31 00:00:00,AA,18,138,-13.0,0.0,32.14,85.64,172.45,987.0
2025-03-31 00:00:00,AA,8,188,-13.0,-5.0,-1.99,17.99,66.03,759.0
2025-03-31 00:00:00,DL,14,141,-21.0,-1.99,36.97,100.49,183.12,448.0
2025-03-31 00:00:00,UA,11,122,-10.0,-4.01,-1.99,13.07,34.13,194.0
2025-03-31 00:00:00,WN,15,205,-11.0,0.0,16.95,48.91,120.31,490.0
2025-03-31 00:00:00,WN,8,261,-13.0,-4.01,-0.99,7.03,46.07,217.0
2025-03-31 00:00:00,UA,9,143,-17.0,-5.0,-1.99,7.03,43.38,163.0
2025-03-31 00:00:00,AA,11,158,-11.0,-2.97,5.0,25.79,79.05,339.0
2025-03-31 00:00:00,UA,14,124,-13.0,-5.0,0.99,47.0,87.37,541.0
2025-03-31 00:00:00,DL,5,67,-15.0,-7.03,-4.01,-0.99,12.06,698.0
2025-04-01 00:00:00,AA,11,164,-13.0,-5.0,-1.99,7.92,34.82,398.0
2025-04-01 00:00:00,WN,8,268,-10.0,-4.01,-1.99,1.99,13.07,294.0
2025-04-01 00:00:00,UA,11,124,-15.0,-5.99,-2.97,0.99,10.91,96.0
2025-04-01 00:00:00,UA,14,130,-15.0,-7.03,-4.01,0.99,15.96,128.0
2025-04-01 00:00:00,WN,15,217,-15.0,-4.01,0.99,15.96,32.14,139.0
2025-04-01 00:00:00,UA,15,97,-16.0,-7.03,-2.97,1.99,29.08,167.0
2025-04-01 00:00:00,AA,7,210,-16.0,-5.99,-2.97,0.0,16.95,234.0
2025-04-01 00:00:00,AA,8,188,-17.0,-5.0,-2.97,2.97,49.9,1863.0
2025-04-01 00:00:00,UA,1,1,13.0,13.0,13.0,13.0,13.0,13.0
2025-04-01 00:00:00,DL,1,2,-8.0,-7.92,-7.92,-7.92,-7.92,0.0
2025-04-01 00:00:00,UA,5,38,-14.0,-8.94,-7.03,-4.01,0.0,245.0
2025-04-01 00:00:00,DL,5,63,-20.0,-10.07,-5.0,-1.99,24.78,416.0
2025-04-01 00:00:00,AA,13,143,-13.0,-5.0,-0.99,19.89,64.72,581.0
2025-04-01 00:00:00,UA,9,143,-13.0,-5.99,-2.97,0.99,19.89,181.0
2025-04-01 00:00:00,WN,13,234,-10.0,-4.01,-0.99,7.92,26.84,125.0
2025-04-01 00:00:00,DL,14,137,-15.0,-5.0,0.0,16.95,40.86,1032.0
2025-04-01 00:00:00,AA,17,151,-11.0,-5.0,0.99,17.99,62.18,316.0
2025-04-01 00:00:00,WN,20,178,-15.0,-5.99,-1.99,10.91,34.13,209.0
2025-04-01 00:00:00,AA,23,27,-15.0,-7.03,-2.97,17.99,58.56,686.0
2025-04-01 00:00:00,UA,22,31,-13.0,-8.94,-5.0,0.0,19.11,67.0
2025-04-01 00:00:00,AA,18,163,-15.0,-5.0,-0.99,22.88,71.53,2186.0
2025-04-01 00:00:00,UA,19,126,-23.0,-7.03,-0.99,7.92,21.12,286.0
2025-04-02 00:00:00,AA,18,145,-11.0,-0.99,12.06,56.27,115.6,843.0
2025-04-02 00:00:00,AA,13,139,-23.0,-2.97,7.03,60.95,146.95,438.0
2025-04-02 00:00:00,WN,15,215,-11.0,-1.99,8.94,30.88,74.45,350.0
2025-04-02 00:00:00,WN,20,179,-11.0,-1.99,12.06,43.38,92.77,284.0
2025-04-02 00:00:00,UA,14,121,-13.0,-5.0,0.99,52.99,156.04,329.0
2025-04-02 00:00:00,UA,15,94,-13.0,-5.99,1.99,40.86,159.19,307.0
2025-04-02 00:00:00,AA,17,137,-25.0,-1.99,16.95,66.03,159.19,1167.0
2025-04-02 00:00:00,UA,22,32,-9.0,-5.0,-1.99,7.92,27.94,142.0
2025-04-02 00:00:00,AA,11,157,-14.0,-4.01,7.03,40.86,94.64,586.0
2025-04-02 00:00:00,UA,19,130,-20.0,-4.01,4.01,41.68,156.04,897.0
2025-04-02 00:00:00,UA,1,1,-8.0,-8.0,-8.0,-8.0,-8.0,-8.0
2025-04-02 00:00:00,DL,1,2,24.0,24.0,24.0,24.0,24.0,135.0
2025-04-02 00:00:00,DL,14,139,-13.0,-4.01,1.99,16.95,57.4,386.0
2025-04-02 00:00:00,DL,5,68,-14.0,-10.07,-7.03,-4.01,1.99,86.0
2025-04-02 00:00:00,AA,23,21,-11.0,-1.99,1.99,17.99,82.28,480.0
2025-04-02 00:00:00,AA,7,216,-14.0,-7.03,-4.01,1.99,24.78,215.0
2025-04-02 00:00:00,UA,11,122,-12.0,-4.01,0.99,59.75,223.66,564.0
2025-04-02 00:00:00,AA,8,193,-13.0,-5.0,-1.99,13.87,47.95,509.0
2025-04-02 00:00:00,WN,8,258,-12.0,-5.0,-1.99,5.0,29.08,284.0
2025-04-02 00:00:00,UA,9,142,-16.0,-5.99,-1.99,12.06,104.6,390.0
2025-04-02 00:00:00,UA,5,38,-18.0,-8.94,-5.99,-4.01,-1.99,188.0
2025-04-02 00:00:00,WN,13,230,-14.0,-1.99,5.0,27.94,67.36,284.0
2025-04-03 00:00:00,UA,14,135,-12.0,-2.97,1.99,24.78,66.03,245.0
2025-04-03 00:00:00,UA,19,143,-19.0,-4.01,5.99,30.27,85.64,888.0
2025-04-03 00:00:00,UA,1,1,-8.0,-8.0,-8.0,-8.0,-8.0,-8.0
2025-04-03 00:00:00,UA,22,35,-13.0,-5.99,-1.99,2.97,13.07,641.0
2025-04-03 00:00:00,AA,23,30,-10.0,-4.01,-1.99,10.91,22.88,53.0
2025-04-03 00:00:00,DL,14,145,-14.0,-5.0,0.0,19.89,50.91,375.0
2025-04-03 00:00:00,AA,18,165,-10.0,-0.99,13.87,36.97,85.64,280.0
2025-04-03 00:00:00,AA,17,148,-12.0,-1.99,16.95,54.06,111.06,427.0
2025-04-03 00:00:00,WN,15,215,-9.0,-0.99,10.91,32.79,67.36,263.0
2025-04-03 00:00:00,UA,15,99,-12.0,-4.01,2.97,21.98,72.97,258.0
2025-04-03 00:00:00,WN,13,240,-10.0,-0.99,7.03,22.88,46.07,262.0
2025-04-03 00:00:00,UA,9,140,-13.0,-5.0,-1.99,4.01,23.81,221.0
2025-04-03 00:00:00,AA,13,140,-14.0,-4.01,4.01,27.94,82.28,443.0
2025-04-03 00:00:00,AA,11,160,-12.0,-4.01,2.97,23.81,79.05,336.0
2025-04-03 00:00:00,UA,11,125,-15.0,-4.01,-0.99,12.06,32.14,281.0
2025-04-03 00:00:00,DL,1,2,-3.0,-2.97,-2.97,-2.97,-2.97,23.0
2025-04-03 00:00:00,AA,7,207,-13.0,-5.99,-2.97,7.03,40.86,437.0
2025-04-03 00:00:00,AA,8,181,-14.0,-5.0,-0.99,8.94,47.95,351.0
2025-04-03 00:00:00,WN,8,259,-9.0,-4.01,-0.99,4.01,19.89,236.0
2025-04-03 00:00:00,WN,20,275,-13.0,-0.99,19.11,51.94,98.5,209.0
2025-04-03 00:00:00,UA,5,44,-14.0,-7.92,-5.0,-1.99,0.99,95.0
2025-04-03 00:00:00,DL,5,69,-14.0,-7.03,-4.01,0.0,17.99,1080.0
2025-04-04 00:00:00,DL,14,145,-18.0,-5.0,-0.99,12.06,37.72,190.0
2025-04-04 00:00:00,UA,1,2,-7.0,-7.0,-7.0,-7.0,-7.0,-2.0
2025-04-04 00:00:00,DL,1,2,-5.0,-5.0,-5.0,-5.0,-5.0,-2.0
2025-04-04 00:00:00,UA,5,44,-14.0,-7.92,-5.99,-4.01,-0.99,134.0
2025-04-04 00:00:00,DL,5,69,-14.0,-7.03,-5.0,-1.99,5.99,269.0
2025-04-04 00:00:00,AA,7,217,-14.0,-5.99,-2.97,2.97,21.12,1502.0
2025-04-04 00:00:00,AA,8,190,-12.0,-5.0,-1.99,12.06,58.56,346.0
2025-04-04 00:00:00,WN,8,264,-10.0,-2.97,0.0,10.07,23.81,89.0
2025-04-04 00:00:00,UA,9,142,-12.0,-5.99,-2.97,10.91,40.05,295.0
2025-04-04 00:00:00,AA,11,166,-14.0,-2.97,1.99,25.79,80.65,382.0
2025-04-04 00:00:00,UA,11,125,-13.0,-5.99,0.0,13.07,23.81,226.0
2025-04-04 00:00:00,AA,13,148,-14.0,-2.97,2.97,24.78,79.05,326.0
2025-04-04 00:00:00,WN,13,241,-13.0,0.0,10.07,36.24,98.5,329.0
2025-04-04 00:00:00,WN,15,214,-12.0,-0.99,10.91,44.26,117.93,322.0
2025-04-04 00:00:00,AA,17,160,-12.0,-2.97,10.91,52.99,100.49,315.0
2025-04-04 00:00:00,UA,19,143,-21.0,-5.0,0.99,15.96,60.95,236.0
2025-04-04 00:00:00,WN,20,273,-15.0,-0.99,19.89,51.94,92.77,222.0
2025-04-04 00:00:00,UA,22,34,-15.0,-5.99,-1.99,4.01,22.88,46.0
2025-04-04 00:00:00,UA,15,100,-14.0,-5.0,0.99,30.88,100.49,192.0
2025-04-04 00:00:00,AA,23,26,-13.0,-2.97,5.99,25.79,50.91,155.0
2025-04-04 00:00:00,UA,14,134,-12.0,-5.0,-1.99,8.94,71.53,334.0
2025-04-04 00:00:00,AA,18,171,-14.0,-2.97,13.07,40.05,85.64,1003.0
2025-04-05 00:00:00,AA,8,175,-11.0,-5.0,-1.99,24.78,89.13,249.0
2025-04-05 00:00:00,AA,23,30,-9.0,-2.97,0.99,12.06,30.27,130.0
2025-04-05 00:00:00,WN,13,232,-11.0,-1.99,5.0,23.81,48.91,165.0
2025-04-05 00:00:00,UA,19,117,-20.0,-5.0,0.0,16.95,63.44,152.0
2025-04-05 00:00:00,AA,13,128,-19.0,-5.0,-0.99,36.24,106.71,1120.0
2025-04-05 00:00:00,WN,15,216,-12.0,-0.99,10.91,36.97,63.44,280.0
2025-04-05 00:00:00,UA,15,91,-15.0,-5.0,0.99,10.91,48.91,1191.0
2025-04-05 00:00:00,DL,14,117,-16.0,-5.0,0.0,22.88,66.03,295.0
2025-04-05 00:00:00,UA,14,123,-11.0,-5.99,-0.99,13.87,58.56,703.0
2025-04-05 00:00:00,AA,11,138,-12.0,-5.0,0.0,40.05,85.64,429.0
2025-04-05 00:00:00,UA,9,130,-13.0,-5.99,-2.97,4.01,48.91,305.0
2025-04-05 00:00:00,UA,22,35,-11.0,-7.03,-2.97,7.92,21.98,102.0
2025-04-05 00:00:00,UA,11,118,-14.0,-5.99,-1.99,5.0,39.25,356.0
2025-04-05 00:00:00,WN,20,230,-13.0,-1.99,13.87,37.72,80.65,268.0
2025-04-05 00:00:00,WN,8,207,-14.0,-4.01,-0.99,5.99,27.94,262.0
2025-04-05 00:00:00,AA,18,154,-16.0,-1.99,7.92,58.56,125.22,970.0
2025-04-05 00:00:00,AA,7,207,-12.0,-5.0,-0.99,34.82,87.37,339.0
2025-04-05 00:00:00,AA,17,135,-14.0,-4.01,5.99,34.82,92.77,362.0
2025-04-05 00:00:00,DL,5,68,-17.0,-8.94,-5.99,-2.97,4.01,364.0
2025-04-05 00:00:00,DL,1,2,-17.0,-16.95,-16.95,-16.95,-16.95,-16.0
2025-04-05 00:00:00,UA,1,2,-7.0,-7.0,-7.0,-7.0,-7.0,-7.0
2025-04-05 00:00:00,UA,5,44,-11.0,-7.03,-5.99,-0.99,4.01,33.0
2025-04-06 00:00:00,UA,19,140,-15.0,-5.0,0.0,15.96,40.05,267.0
2025-04-06 00:00:00,AA,11,166,-14.0,-5.0,-0.99,10.91,29.08,476.0
2025-04-06 00:00:00,WN,8,243,-10.0,-4.01,-0.99,4.01,15.96,227.0
2025-04-06 00:00:00,UA,11,127,-15.0,-5.99,-2.97,5.99,56.27,783.0
2025-04-06 00:00:00,DL,5,69,-16.0,-7.03,-5.0,-1.99,7.92,87.0
2025-04-06 00:00:00,UA,9,142,-13.0,-5.99,-1.99,5.0,32.14,482.0
2025-04-06 00:00:00,AA,7,224,-12.0,-5.0,-1.99,5.0,34.13,896.0
2025-04-06 00:00:00,AA,8,202,-12.0,-4.01,-1.99,4.01,24.78,649.0
2025-04-06 00:00:00,WN,13,239,-11.0,-0.99,5.99,19.11,48.91,279.0
2025-04-06 00:00:00,AA,13,147,-12.0,-2.97,2.97,19.89,47.0,2112.0
2025-04-06 00:00:00,DL,14,135,-12.0,-2.97,7.92,70.11,125.22,359.0
2025-04-06 00:00:00,UA,14,129,-18.0,-5.0,-1.99,10.91,40.86,401.0
2025-04-06 00:00:00,UA,15,100,-14.0,-4.01,0.99,16.95,74.45,385.0
2025-04-06 00:00:00,WN,15,225,-12.0,0.0,10.91,32.14,72.97,287.0
2025-04-06 00:00:00,AA,17,159,-11.0,-1.99,7.03,30.27,80.65,255.0
2025-04-06 00:00:00,AA,18,173,-12.0,-1.99,7.92,43.38,74.45,357.0
2025-04-06 00:00:00,UA,22,36,-10.0,-5.0,0.99,12.06,21.98,122.0
2025-04-06 00:00:00,DL,1,2,-9.0,-8.94,-8.94,-8.94,-8.94,-8.0
2025-04-06 00:00:00,WN,20,251,-10.0,0.0,12.06,41.68,83.94,311.0
2025-04-06 00:00:00,UA,5,41,-11.0,-7.03,-5.0,-1.99,2.97,106.0
2025-04-06 00:00:00,UA,1,1,6.0,6.0,6.0,6.0,6.0,6.0
2025-04-06 00:00:00,AA,23,33,-10.0,-4.01,7.03,19.89,47.0,182.0
2025-04-07 00:00:00,UA,19,138,-18.0,-5.99,-0.99,19.89,41.68,221.0
2025-04-07 00:00:00,UA,9,142,-13.0,-7.03,-2.97,0.99,13.87,193.0
2025-04-07 00:00:00,UA,22,32,-11.0,-7.03,-2.97,5.99,16.95,46.0
2025-04-07 00:00:00,UA,15,102,-12.0,-5.0,-1.99,5.99,40.86,247.0
2025-04-07 00:00:00,AA,23,33,-16.0,-7.92,-4.01,4.01,22.88,191.0
2025-04-07 00:00:00,WN,20,273,-15.0,-5.0,0.0,13.87,36.97,172.0
2025-04-07 00:00:00,UA,5,44,-12.0,-8.94,-5.99,-5.0,-2.97,15.0
2025-04-07 00:00:00,WN,8,266,-10.0,-4.01,-1.99,1.99,15.03,157.0
2025-04-07 00:00:00,AA,11,165,-15.0,-5.0,-0.99,10.07,34.82,140.0
2025-04-07 00:00:00,DL,14,143,-13.0,-0.99,12.06,41.68,83.94,1135.0
2025-04-07 00:00:00,UA,14,137,-17.0,-5.99,-1.99,8.94,62.18,394.0
2025-04-07 00:00:00,WN,15,215,-12.0,-2.97,2.97,17.99,41.68,204.0
2025-04-07 00:00:00,UA,1,2,-10.0,-10.0,-10.0,-10.0,-10.0,-7.0
2025-04-07 00:00:00,AA,17,163,-15.0,-2.97,5.0,32.14,96.55,327.0
2025-04-07 00:00:00,UA,11,126,-16.0,-5.99,-4.01,2.97,15.96,70.0
2025-04-07 00:00:00,DL,1,2,-13.0,-13.0,-13.0,-13.0,-13.0,-2.0
2025-04-07 00:00:00,AA,8,201,-15.0,-5.0,-2.97,0.99,27.94,735.0
2025-04-07 00:00:00,DL,5,59,-17.0,-7.92,-4.01,2.97,36.24,222.0
2025-04-07 00:00:00,AA,7,229,-14.0,-5.99,-2.97,0.0,17.99,1686.0
2025-04-07 00:00:00,WN,13,244,-15.0,-2.97,0.99,13.07,34.13,288.0
2025-04-07 00:00:00,AA,13,146,-17.0,-4.01,0.0,16.95,74.45,487.0
2025-04-07 00:00:00,AA,18,172,-17.0,-0.99,13.87,45.15,102.52,321.0
2025-04-08 00:00:00,AA,17,144,-17.0,-5.0,0.0,19.89,77.49,375.0
2025-04-08 00:00:00,AA,11,160,-16.0,-5.99,-1.99,2.97,36.24,383.0
2025-04-08 00:00:00,UA,14,131,-15.0,-7.03,-4.01,0.99,34.13,148.0
2025-04-08 00:00:00,UA,15,97,-14.0,-7.03,-4.01,1.99,39.25,158.0
2025-04-08 00:00:00,WN,15,224,-13.0,-5.0,-1.99,5.0,16.95,300.0
2025-04-08 00:00:00,DL,14,137,-19.0,-7.03,-2.97,10.91,67.36,534.0
2025-04-08 00:00:00,UA,11,124,-18.0,-7.92,-5.0,0.0,23.81,223.0
2025-04-08 00:00:00,AA,13,140,-13.0,-5.99,-1.99,10.91,43.38,1156.0
2025-04-08 00:00:00,WN,13,240,-14.0,-5.0,-1.99,1.99,13.07,364.0
2025-04-08 00:00:00,UA,22,31,-14.0,-8.94,-5.99,-2.97,2.97,14.0
2025-04-08 00:00:00,UA,9,140,-15.0,-7.92,-5.99,-1.99,2.97,82.0
2025-04-08 00:00:00,WN,8,295,-11.0,-5.0,-2.97,0.0,4.01,182.0
2025-04-08 00:00:00,AA,8,191,-13.0,-5.99,-4.01,0.99,23.81,216.0
2025-04-08 00:00:00,UA,5,38,-14.0,-8.94,-7.03,-5.0,-4.01,5.0
2025-04-08 00:00:00,DL,5,67,-19.0,-8.94,-5.99,-1.99,4.01,127.0
2025-04-08 00:00:00,AA,7,213,-25.0,-7.92,-5.0,-1.99,5.99,172.0
2025-04-08 00:00:00,WN,20,191,-15.0,-5.99,-4.01,2.97,21.12,97.0
2025-04-08 00:00:00,AA,18,153,-18.0,-4.01,-0.99,16.95,66.03,314.0
2025-04-08 00:00:00,UA,19,126,-14.0,-7.03,-0.99,5.99,32.79,116.0
2025-04-08 00:00:00,AA,23,31,-15.0,-10.07,-5.0,5.0,50.91,59.0
2025-04-08 00:00:00,UA,1,1,-10.0,-10.0,-10.0,-10.0,-10.0,-10.0
2025-04-08 00:00:00,DL,1,2,-9.0,-8.94,-8.94,-8.94,-8.94,-3.0
2025-04-09 00:00:00,UA,9,142,-15.0,-7.92,-5.0,-1.99,4.01,86.0
2025-04-09 00:00:00,AA,17,157,-14.0,-5.0,-1.99,10.91,36.97,353.0
2025-04-09 00:00:00,AA,23,31,-14.0,-5.99,-1.99,15.96,41.68,93.0
2025-04-09 00:00:00,AA,18,163,-13.0,-5.0,-0.99,7.92,34.82,279.0
2025-04-09 00:00:00,UA,19,138,-16.0,-7.03,-4.01,0.99,15.03,146.0
2025-04-09 00:00:00,WN,20,191,-15.0,-5.99,-2.97,4.01,12.06,78.0
2025-04-09 00:00:00,DL,14,138,-20.0,-7.03,-2.97,0.0,13.87,171.0
2025-04-09 00:00:00,UA,14,134,-14.0,-5.99,-2.97,1.99,27.94,341.0
2025-04-09 00:00:00,DL,1,2,-17.0,-17.0,-17.0,-17.0,-17.0,-17.0
2025-04-09 00:00:00,AA,7,219,-19.0,-7.03,-5.0,-0.99,13.07,871.0
2025-04-09 00:00:00,UA,11,126,-13.0,-7.03,-5.0,-1.99,5.0,98.0
2025-04-09 00:00:00,UA,1,1,-8.0,-8.0,-8.0,-8.0,-8.0,-8.0
2025-04-09 00:00:00,AA,8,203,-12.0,-5.99,-2.97,0.0,15.96,694.0
2025-04-09 00:00:00,WN,13,242,-12.0,-4.01,-0.99,5.99,17.99,180.0
2025-04-09 00:00:00,AA,13,142,-13.0,-5.0,-2.97,4.01,23.81,225.0
2025-04-09 00:00:00,WN,8,295,-14.0,-5.0,-2.97,-0.99,8.94,99.0
2025-04-09 00:00:00,AA,11,166,-17.0,-5.0,-2.97,0.99,30.27,475.0
2025-04-09 00:00:00,DL,5,68,-16.0,-7.92,-5.99,-2.97,0.99,305.0
2025-04-09 00:00:00,UA,5,38,-12.0,-8.94,-5.99,-5.0,0.0,7.0
2025-04-09 00:00:00,UA,22,33,-11.0,-7.03,-2.97,1.99,12.06,51.0
2025-04-09 00:00:00,WN,15,222,-14.0,-5.0,-0.99,5.99,13.87,188.0
2025-04-09 00:00:00,UA,15,98,-17.0,-5.0,-2.97,0.99,16.95,400.0
2025-04-10 00:00:00,UA,9,142,-15.0,-5.99,-4.01,0.0,5.99,149.0
2025-04-10 00:00:00,UA,14,133,-15.0,-5.99,-1.99,2.97,29.08,210.0
2025-04-10 00:00:00,WN,13,247,-10.0,-2.97,1.99,13.87,41.68,219.0
2025-04-10 00:00:00,WN,15,231,-12.0,-1.99,4.01,16.95,39.25,262.0
2025-04-10 00:00:00,DL,5,69,-13.0,-7.92,-4.01,-0.99,1.99,219.0
2025-04-10 00:00:00,UA,15,98,-11.0,-5.99,-2.97,1.99,16.95,56.0
2025-04-10 00:00:00,AA,17,162,-12.0,-4.01,0.99,21.12,59.75,423.0
2025-04-10 00:00:00,WN,20,200,-15.0,-2.97,5.99,25.79,58.56,166.0
2025-04-10 00:00:00,DL,14,144,-19.0,-5.99,-2.97,1.99,32.14,195.0
2025-04-10 00:00:00,AA,11,167,-11.0,-5.0,-1.99,5.0,29.08,585.0
2025-04-10 00:00:00,WN,8,240,-13.0,-5.0,-1.99,2.97,19.89,249.0
2025-04-10 00:00:00,AA,18,170,-12.0,-2.97,2.97,30.88,70.11,310.0
2025-04-10 00:00:00,UA,19,144,-16.0,-5.99,-1.99,8.94,21.98,279.0
2025-04-10 00:00:00,AA,13,147,-12.0,-4.01,-0.99,13.07,40.05,97.0
2025-04-10 00:00:00,UA,1,1,77.0,77.0,77.0,77.0,77.0,77.0
2025-04-10 00:00:00,UA,11,125,-12.0,-5.99,-2.97,0.99,21.98,172.0
2025-04-10 00:00:00,UA,22,35,-11.0,-7.03,-2.97,0.0,7.92,21.0
2025-04-10 00:00:00,DL,1,2,-14.0,-13.87,-13.87,-13.87,-13.87,87.0
2025-04-10 00:00:00,AA,8,203,-12.0,-5.99,-2.97,0.0,10.91,478.0
2025-04-10 00:00:00,UA,5,44,-11.0,-7.92,-7.03,-4.01,-0.99,40.0
2025-04-10 00:00:00,AA,7,229,-15.0,-5.99,-5.0,0.0,10.91,1576.0
2025-04-10 00:00:00,AA,23,33,-15.0,-5.99,-0.99,10.91,21.98,507.0
2025-04-11 00:00:00,AA,11,168,-11.0,-5.0,-1.99,7.92,29.08,135.0
2025-04-11 00:00:00,AA,18,171,-12.0,-1.99,10.07,36.97,87.37,277.0
2025-04-11 00:00:00,WN,20,200,-14.0,-5.0,0.0,25.79,58.56,170.0
2025-04-11 00:00:00,WN,13,246,-13.0,-0.99,2.97,15.03,46.07,203.0
2025-04-11 00:00:00,UA,19,143,-20.0,-5.99,-1.99,5.99,24.78,130.0
2025-04-11 00:00:00,DL,14,144,-18.0,-4.01,5.0,24.78,47.95,254.0
2025-04-11 00:00:00,UA,22,34,-13.0,-7.03,-4.01,0.99,5.99,116.0
2025-04-11 00:00:00,AA,23,33,-13.0,-7.03,-2.97,2.97,17.99,56.0
2025-04-11 00:00:00,UA,15,100,-18.0,-5.99,-1.99,1.99,23.81,80.0
2025-04-11 00:00:00,WN,15,231,-10.0,-1.99,4.01,15.96,44.26,267.0
2025-04-11 00:00:00,AA,17,162,-13.0,-2.97,10.91,36.97,64.72,258.0
2025-04-11 00:00:00,UA,14,134,-14.0,-5.99,-2.97,4.01,29.08,242.0
2025-04-11 00:00:00,UA,1,2,-10.0,-10.0,-10.0,-10.0,-10.0,-3.0
2025-04-11 00:00:00,UA,9,142,-13.0,-5.99,-4.01,-0.99,5.0,285.0
2025-04-11 00:00:00,AA,13,144,-13.0,-2.97,1.99,25.79,90.93,580.0
2025-04-11 00:00:00,UA,11,125,-19.0,-5.99,-4.01,0.99,21.12,808.0
2025-04-11 00:00:00,DL,5,61,-11.0,-7.03,-2.97,1.99,15.03,391.0
2025-04-11 00:00:00,AA,7,231,-18.0,-5.99,-4.01,-0.99,10.91,1729.0
2025-04-11 00:00:00,AA,8,205,-13.0,-5.0,-1.99,2.97,21.98,279.0
2025-04-11 00:00:00,WN,8,240,-10.0,-4.01,-1.99,0.99,21.98,246.0
2025-04-11 00:00:00,DL,1,2,-13.0,-13.0,-13.0,-13.0,-13.0,-1.0
2025-04-11 00:00:00,UA,5,44,-15.0,-7.92,-7.03,-5.0,-0.99,4.0
2025-04-12 00:00:00,UA,1,2,-1.0,-0.99,-0.99,-0.99,-0.99,3.0
2025-04-12 00:00:00,WN,8,215,-11.0,-5.0,-2.97,0.0,7.92,45.0
2025-04-12 00:00:00,UA,14,123,-17.0,-7.92,-5.0,-1.99,8.94,295.0
2025-04-12 00:00:00,AA,18,162,-15.0,-5.0,0.99,19.11,50.91,204.0
2025-04-12 00:00:00,DL,1,2,-14.0,-13.87,-13.87,-13.87,-13.87,-13.0
2025-04-12 00:00:00,UA,19,116,-18.0,-7.03,-2.97,2.97,15.03,178.0
2025-04-12 00:00:00,UA,9,128,-17.0,-7.92,-5.0,-0.99,15.03,356.0
2025-04-12 00:00:00,AA,23,29,-11.0,-7.03,-2.97,5.0,7.92,34.0
2025-04-12 00:00:00,WN,20,122,-24.0,-5.99,-1.99,4.01,15.96,46.0
2025-04-12 00:00:00,UA,22,35,-11.0,-7.92,-4.01,0.0,15.03,65.0
2025-04-12 00:00:00,WN,15,204,-15.0,-4.01,0.0,12.06,24.78,86.0
2025-04-12 00:00:00,AA,17,148,-16.0,-5.99,-4.01,5.0,23.81,322.0
2025-04-12 00:00:00,UA,15,93,-15.0,-5.99,-4.01,-0.99,8.94,94.0
2025-04-12 00:00:00,DL,5,63,-20.0,-7.92,-5.0,-1.99,12.06,403.0
2025-04-12 00:00:00,AA,7,215,-15.0,-7.03,-5.0,-0.99,4.01,151.0
2025-04-12 00:00:00,AA,8,197,-12.0,-5.99,-4.01,-0.99,15.03,864.0
2025-04-12 00:00:00,UA,5,44,-13.0,-8.94,-5.99,-1.99,8.94,130.0
2025-04-12 00:00:00,AA,11,149,-14.0,-5.99,-2.97,0.0,12.06,306.0
2025-04-12 00:00:00,AA,13,137,-12.0,-5.99,-2.97,2.97,23.81,227.0
2025-04-12 00:00:00,UA,11,119,-18.0,-7.03,-5.0,-1.99,12.06,174.0
2025-04-12 00:00:00,DL,14,117,-12.0,-5.0,-0.99,10.91,39.25,294.0
2025-04-12 00:00:00,WN,13,232,-14.0,-4.01,-0.99,4.01,12.06,94.0
2025-04-13 00:00:00,UA,15,102,-13.0,-5.99,-4.01,-0.99,10.91,193.0
2025-04-13 00:00:00,AA,23,33,-11.0,-7.03,-1.99,15.03,46.07,561.0
2025-04-13 00:00:00,DL,5,68,-18.0,-10.07,-5.99,-0.99,2.97,45.0
2025-04-13 00:00:00,WN,20,277,-12.0,-4.01,0.0,12.06,36.24,190.0
2025-04-13 00:00:00,AA,7,230,-15.0,-7.03,-5.0,-1.99,10.91,602.0
2025-04-13 00:00:00,AA,8,203,-11.0,-5.99,-4.01,0.0,19.89,448.0
2025-04-13 00:00:00,WN,8,265,-12.0,-5.0,-2.97,0.0,5.99,138.0
2025-04-13 00:00:00,AA,18,169,-11.0,-4.01,0.0,19.11,59.75,2180.0
2025-04-13 00:00:00,DL,1,2,-14.0,-13.87,-13.87,-13.87,-13.87,-6.0
2025-04-13 00:00:00,UA,5,41,-12.0,-7.03,-4.01,-0.99,2.97,19.0
2025-04-13 00:00:00,WN,15,251,-15.0,-2.97,1.99,12.06,34.13,236.0
2025-04-13 00:00:00,AA,17,163,-13.0,-5.0,-0.99,12.06,52.99,254.0
2025-04-13 00:00:00,AA,11,164,-13.0,-5.99,-2.97,7.92,40.86,409.0
2025-04-13 00:00:00,AA,13,146,-15.0,-5.0,-0.99,5.99,36.97,399.0
2025-04-13 00:00:00,DL,14,142,-13.0,-5.99,-1.99,7.03,22.88,177.0
2025-04-13 00:00:00,UA,19,140,-15.0,-5.99,-0.99,4.01,12.06,95.0
2025-04-13 00:00:00,UA,22,35,-12.0,-5.99,-2.97,1.99,10.91,23.0
2025-04-13 00:00:00,UA,11,127,-19.0,-7.03,-4.01,0.0,8.94,85.0
2025-04-13 00:00:00,UA,14,126,-17.0,-5.99,-2.97,0.0,12.06,110.0
2025-04-13 00:00:00,WN,13,257,-9.0,-2.97,0.0,7.03,19.11,94.0
2025-04-13 00:00:00,UA,1,1,16.0,16.0,16.0,16.0,16.0,16.0
2025-04-13 00:00:00,UA,9,140,-15.0,-7.92,-5.0,-1.99,7.92,96.0
2025-04-14 00:00:00,UA,1,2,-8.0,-7.92,-7.92,-7.92,-7.92,-7.0
2025-04-14 00:00:00,UA,22,32,-12.0,-7.03,-4.01,2.97,10.91,43.0
2025-04-14 00:00:00,UA,11,126,-21.0,-7.92,-5.0,0.0,8.94,111.0
2025-04-14 00:00:00,AA,8,204,-14.0,-5.99,-4.01,0.0,21.98,798.0
2025-04-14 00:00:00,AA,23,33,-17.0,-10.07,-7.03,-1.99,2.97,40.0
2025-04-14 00:00:00,AA,11,169,-15.0,-5.99,-2.97,1.99,24.78,1335.0
2025-04-14 00:00:00,WN,8,241,-9.0,-4.01,-1.99,1.99,10.07,238.0
2025-04-14 00:00:00,AA,13,146,-14.0,-5.0,-1.99,5.99,23.81,198.0
2025-04-14 00:00:00,DL,1,2,-18.0,-17.99,-17.99,-17.99,-17.99,-7.0
2025-04-14 00:00:00,AA,7,231,-15.0,-7.03,-5.0,-1.99,7.92,1714.0
2025-04-14 00:00:00,UA,19,138,-25.0,-7.92,-4.01,0.0,23.81,114.0
2025-04-14 00:00:00,WN,20,200,-14.0,-5.0,-1.99,5.99,27.94,215.0
2025-04-14 00:00:00,AA,18,170,-15.0,-5.0,0.0,15.96,56.27,965.0
2025-04-14 00:00:00,UA,9,141,-14.0,-7.92,-4.01,-0.99,10.07,58.0
2025-04-14 00:00:00,UA,5,44,-13.0,-7.92,-5.99,-4.01,0.99,8.0
2025-04-14 00:00:00,DL,5,75,-18.0,-8.94,-5.99,-2.97,0.0,97.0
2025-04-14 00:00:00,AA,17,163,-15.0,-5.0,-0.99,7.92,48.91,341.0
2025-04-14 00:00:00,UA,14,135,-19.0,-7.03,-4.01,-0.99,12.06,121.0
2025-04-14 00:00:00,WN,13,247,-12.0,-2.97,0.99,10.07,21.12,362.0
2025-04-14 00:00:00,DL,14,151,-21.0,-5.99,-1.99,5.99,40.86,147.0
2025-04-14 00:00:00,UA,15,102,-12.0,-7.03,-5.0,-0.99,7.03,63.0
2025-04-14 00:00:00,WN,15,230,-11.0,-4.01,0.0,13.07,29.08,324.0
2025-04-15 00:00:00,UA,1,1,22.0,22.0,22.0,22.0,22.0,22.0
2025-04-15 00:00:00,DL,14,146,-17.0,-7.92,-5.0,-0.99,13.07,252.0
2025-04-15 00:00:00,AA,18,160,-14.0,-5.0,-1.99,7.03,25.79,874.0
2025-04-15 00:00:00,DL,1,2,-16.0,-15.96,-15.96,-15.96,-15.96,-14.0
2025-04-15 00:00:00,UA,19,128,-15.0,-7.92,-4.01,0.99,34.13,101.0
2025-04-15 00:00:00,UA,14,125,-15.0,-7.03,-2.97,4.01,19.11,233.0
2025-04-15 00:00:00,AA,17,155,-16.0,-7.03,-2.97,5.0,22.88,311.0
2025-04-15 00:00:00,WN,15,223,-13.0,-5.0,-2.97,0.99,15.03,200.0
2025-04-15 00:00:00,UA,15,98,-14.0,-7.03,-4.01,0.99,10.91,940.0
2025-04-15 00:00:00,AA,11,162,-15.0,-5.99,-2.97,0.0,10.07,166.0
2025-04-15 00:00:00,WN,13,241,-13.0,-5.0,-1.99,2.97,13.87,162.0
2025-04-15 00:00:00,DL,5,76,-19.0,-10.91,-7.92,-4.01,-0.99,62.0
2025-04-15 00:00:00,AA,13,143,-13.0,-5.99,-2.97,4.01,26.84,104.0
2025-04-15 00:00:00,UA,11,124,-13.0,-7.92,-5.0,0.0,12.06,144.0
2025-04-15 00:00:00,UA,22,32,-13.0,-7.92,-4.01,0.99,21.12,193.0
2025-04-15 00:00:00,WN,8,294,-14.0,-5.99,-4.01,-0.99,2.97,107.0
2025-04-15 00:00:00,AA,7,213,-19.0,-8.94,-5.99,-2.97,4.01,129.0
2025-04-15 00:00:00,AA,23,31,-17.0,-10.07,-7.92,-5.0,0.0,17.0
2025-04-15 00:00:00,WN,20,191,-13.0,-5.99,-4.01,0.99,17.99,169.0
2025-04-15 00:00:00,UA,5,38,-10.0,-7.92,-5.0,-1.99,1.99,52.0
2025-04-15 00:00:00,UA,9,143,-15.0,-7.03,-5.0,-1.99,7.92,249.0
2025-04-15 00:00:00,AA,8,199,-14.0,-7.03,-5.0,-1.99,10.07,289.0
2025-04-16 00:00:00,UA,15,92,-11.0,-5.99,-4.01,0.99,27.94,156.0
2025-04-16 00:00:00,UA,11,125,-15.0,-7.03,-5.0,-0.99,7.03,173.0
2025-04-16 00:00:00,AA,17,157,-12.0,-5.99,-1.99,7.03,40.86,269.0
2025-04-16 00:00:00,AA,23,31,-14.0,-7.03,-1.99,2.97,10.91,61.0
2025-04-16 00:00:00,WN,15,221,-11.0,-4.01,-0.99,5.99,25.79,208.0
2025-04-16 00:00:00,WN,20,191,-10.0,-5.99,-0.99,8.94,34.13,91.0
2025-04-16 00:00:00,WN,13,242,-12.0,-4.01,-1.99,2.97,10.91,243.0
2025-04-16 00:00:00,UA,22,35,-10.0,-5.99,-2.97,0.0,4.01,49.0
2025-04-16 00:00:00,AA,18,164,-16.0,-5.0,-0.99,8.94,32.79,356.0
2025-04-16 00:00:00,UA,19,139,-20.0,-5.0,0.0,17.99,83.94,185.0
2025-04-16 00:00:00,UA,14,124,-15.0,-7.92,-5.0,0.0,10.91,154.0
2025-04-16 00:00:00,DL,14,146,-17.0,-7.03,-4.01,1.99,29.08,136.0
2025-04-16 00:00:00,AA,13,146,-12.0,-5.99,-2.97,4.01,30.88,913.0
2025-04-16 00:00:00,DL,1,2,5.0,5.0,5.0,5.0,5.0,7.0
2025-04-16 00:00:00,WN,8,296,-12.0,-5.99,-4.01,-0.99,0.99,50.0
2025-04-16 00:00:00,UA,9,143,-20.0,-7.92,-5.0,-2.97,0.0,196.0
2025-04-16 00:00:00,AA,8,202,-15.0,-7.03,-5.0,-1.99,13.07,569.0
2025-04-16 00:00:00,UA,1,1,6.0,6.0,6.0,6.0,6.0,6.0
2025-04-16 00:00:00,UA,5,38,-17.0,-10.07,-8.94,-5.0,0.0,8.0
2025-04-16 00:00:00,AA,7,222,-14.0,-7.92,-5.99,-2.97,4.01,247.0
2025-04-16 00:00:00,DL,5,76,-16.0,-10.07,-5.99,-2.97,0.99,291.0
2025-04-16 00:00:00,AA,11,164,-12.0,-5.99,-2.97,0.99,17.99,184.0
2025-04-17 00:00:00,WN,15,231,-9.0,-0.99,7.03,25.79,57.4,342.0
2025-04-17 00:00:00,UA,5,44,-12.0,-7.03,-5.99,-2.97,1.99,45.0
2025-04-17 00:00:00,UA,19,146,-24.0,-2.97,5.0,27.94,58.56,133.0
2025-04-17 00:00:00,DL,5,76,-15.0,-7.92,-5.99,-1.99,0.99,412.0
2025-04-17 00:00:00,UA,9,143,-15.0,-7.03,-5.0,-0.99,21.98,433.0
2025-04-17 00:00:00,AA,7,230,-13.0,-7.03,-4.01,-1.99,5.99,214.0
2025-04-17 00:00:00,AA,8,204,-13.0,-5.99,-2.97,-0.99,27.94,649.0
2025-04-17 00:00:00,WN,8,241,-11.0,-5.0,-1.99,0.99,8.94,85.0
2025-04-17 00:00:00,WN,20,200,-12.0,-1.99,7.92,22.88,57.4,244.0
2025-04-17 00:00:00,UA,15,99,-11.0,-1.99,5.0,34.13,67.36,192.0
2025-04-17 00:00:00,UA,22,35,-12.0,-5.99,-1.99,4.01,8.94,79.0
2025-04-17 00:00:00,AA,18,171,-11.0,-2.97,0.99,21.12,46.07,158.0
2025-04-17 00:00:00,AA,17,163,-10.0,-2.97,0.0,21.98,68.72,1496.0
2025-04-17 00:00:00,UA,1,1,-1.0,-1.0,-1.0,-1.0,-1.0,-1.0
2025-04-17 00:00:00,DL,1,2,-10.0,-10.0,-10.0,-10.0,-10.0,6.0
2025-04-17 00:00:00,AA,13,146,-12.0,-5.0,-0.99,15.03,46.07,1936.0
2025-04-17 00:00:00,DL,14,149,-13.0,-5.0,-0.99,12.06,37.72,493.0
2025-04-17 00:00:00,UA,14,132,-15.0,-5.99,-1.99,8.94,55.15,169.0
2025-04-17 00:00:00,WN,13,247,-11.0,-2.97,2.97,13.07,24.78,265.0
2025-04-17 00:00:00,UA,11,124,-22.0,-5.99,-2.97,4.01,36.24,224.0
2025-04-17 00:00:00,AA,11,165,-12.0,-5.99,-2.97,4.01,40.05,548.0
2025-04-17 00:00:00,AA,23,33,-11.0,-5.99,0.0,13.87,29.08,589.0
2025-04-18 00:00:00,AA,8,204,-13.0,-5.99,-4.01,0.99,22.88,511.0
2025-04-18 00:00:00,UA,15,100,-19.0,-2.97,4.01,106.71,267.77,348.0
2025-04-18 00:00:00,WN,15,225,-14.0,-1.99,5.99,49.9,152.95,261.0
2025-04-18 00:00:00,AA,17,163,-13.0,-5.99,-1.99,10.07,25.79,164.0
2025-04-18 00:00:00,AA,18,172,-16.0,-5.0,-1.99,12.06,34.82,237.0
2025-04-18 00:00:00,DL,14,152,-14.0,-5.99,-2.97,4.01,25.79,243.0
2025-04-18 00:00:00,WN,13,246,-13.0,-1.99,5.99,41.68,127.75,218.0
2025-04-18 00:00:00,UA,14,127,-11.0,-4.01,-0.99,15.96,127.75,338.0
2025-04-18 00:00:00,UA,11,123,-15.0,-5.0,-0.99,13.07,80.65,414.0
2025-04-18 00:00:00,AA,13,148,-14.0,-5.0,-1.99,7.92,40.05,192.0
2025-04-18 00:00:00,UA,19,144,-21.0,-5.0,7.92,87.37,156.04,609.0
2025-04-18 00:00:00,WN,20,199,-16.0,-5.99,0.0,36.97,102.52,304.0
2025-04-18 00:00:00,UA,22,34,-12.0,-7.92,-5.0,-0.99,4.01,137.0
2025-04-18 00:00:00,AA,23,30,-14.0,-7.03,-2.97,4.01,56.27,113.0
2025-04-18 00:00:00,UA,9,142,-12.0,-5.0,-1.99,12.06,56.27,245.0
2025-04-18 00:00:00,AA,11,168,-15.0,-5.99,-4.01,0.99,19.89,207.0
2025-04-18 00:00:00,AA,7,230,-13.0,-5.99,-4.01,-0.99,10.07,820.0
2025-04-18 00:00:00,UA,5,44,-11.0,-7.92,-5.99,-2.97,1.99,29.0
2025-04-18 00:00:00,UA,1,2,-6.0,-5.99,-5.99,-5.99,-5.99,10.0
2025-04-18 00:00:00,DL,1,2,-13.0,-13.0,-13.0,-13.0,-13.0,-11.0
2025-04-18 00:00:00,WN,8,240,-10.0,-4.01,-0.99,4.01,19.89,117.0
2025-04-18 00:00:00,DL,5,75,-14.0,-7.92,-5.0,-1.99,4.01,155.0
2025-04-19 00:00:00,WN,20,123,-11.0,-5.0,0.0,13.87,26.84,150.0
2025-04-19 00:00:00,UA,22,35,-15.0,-7.92,-4.01,0.0,10.07,52.0
2025-04-19 00:00:00,UA,1,2,-7.0,-7.0,-7.0,-7.0,-7.0,69.0
2025-04-19 00:00:00,DL,5,73,-15.0,-10.07,-5.99,-1.99,0.0,256.0
2025-04-19 00:00:00,UA,5,44,-15.0,-8.94,-7.03,-4.01,2.97,204.0
2025-04-19 00:00:00,AA,7,211,-14.0,-5.99,-2.97,5.99,55.15,1554.0
2025-04-19 00:00:00,AA,8,192,-14.0,-5.99,-1.99,21.98,68.72,410.0
2025-04-19 00:00:00,WN,8,215,-14.0,-5.99,-2.97,0.0,8.94,373.0
2025-04-19 00:00:00,UA,9,129,-14.0,-7.03,-4.01,0.0,23.81,173.0
2025-04-19 00:00:00,AA,11,147,-13.0,-5.0,0.99,25.79,90.93,439.0
2025-04-19 00:00:00,UA,11,118,-16.0,-7.03,-1.99,4.01,13.07,87.0
2025-04-19 00:00:00,WN,13,232,-12.0,-4.01,0.0,5.99,25.79,242.0
2025-04-19 00:00:00,AA,13,135,-13.0,-5.0,-0.99,16.95,67.36,310.0
2025-04-19 00:00:00,DL,14,122,-19.0,-5.99,-1.99,8.94,58.56,361.0
2025-04-19 00:00:00,WN,15,203,-14.0,-5.0,-0.99,7.92,21.98,296.0
2025-04-19 00:00:00,AA,17,144,-12.0,-5.99,-1.99,17.99,58.56,812.0
2025-04-19 00:00:00,UA,19,116,-21.0,-7.92,-4.01,1.99,15.03,88.0
2025-04-19 00:00:00,UA,14,122,-13.0,-7.92,-4.01,0.0,15.03,352.0
2025-04-19 00:00:00,AA,23,27,-12.0,-4.01,-0.99,19.89,63.44,212.0
2025-04-19 00:00:00,DL,1,2,-13.0,-13.0,-13.0,-13.0,-13.0,-8.0
2025-04-19 00:00:00,UA,15,96,-16.0,-7.92,-4.01,-0.99,4.01,340.0
2025-04-19 00:00:00,AA,18,162,-19.0,-5.0,0.0,17.99,72.97,243.0
2025-04-20 00:00:00,AA,18,169,-13.0,-4.01,0.0,15.96,39.25,1368.0
2025-04-20 00:00:00,AA,11,163,-15.0,-5.99,-2.97,5.0,47.0,169.0
2025-04-20 00:00:00,UA,19,139,-24.0,-4.01,4.01,34.82,102.52,338.0
2025-04-20 00:00:00,WN,20,277,-12.0,-5.0,-0.99,13.07,48.91,167.0
2025-04-20 00:00:00,UA,9,139,-15.0,-7.03,-4.01,0.99,15.96,432.0
2025-04-20 00:00:00,UA,11,126,-17.0,-7.03,-2.97,5.0,94.64,429.0
2025-04-20 00:00:00,UA,15,100,-14.0,-5.0,-0.99,27.94,194.44,390.0
2025-04-20 00:00:00,AA,17,163,-15.0,-5.0,-0.99,21.12,74.45,225.0
2025-04-20 00:00:00,UA,14,120,-16.0,-7.03,-0.99,36.24,138.4,452.0
2025-04-20 00:00:00,AA,13,146,-15.0,-5.99,-1.99,13.07,48.91,265.0
2025-04-20 00:00:00,WN,15,251,-15.0,-5.0,-0.99,5.0,21.98,227.0
2025-04-20 00:00:00,DL,14,151,-19.0,-7.03,-4.01,0.0,15.96,222.0
2025-04-20 00:00:00,AA,23,33,-12.0,-4.01,-0.99,21.98,34.82,95.0
2025-04-20 00:00:00,WN,8,266,-14.0,-5.99,-4.01,0.0,8.94,126.0
2025-04-20 00:00:00,UA,1,1,-7.0,-7.0,-7.0,-7.0,-7.0,-7.0
2025-04-20 00:00:00,DL,5,74,-18.0,-8.94,-5.99,-2.97,5.99,395.0
2025-04-20 00:00:00,AA,7,213,-15.0,-7.03,-4.01,5.99,40.05,164.0
2025-04-20 00:00:00,AA,8,203,-12.0,-7.03,-4.01,0.0,32.79,258.0
2025-04-20 00:00:00,WN,13,257,-10.0,-5.0,-1.99,1.99,16.95,132.0
2025-04-20 00:00:00,DL,1,2,-12.0,-12.0,-12.0,-12.0,-12.0,-8.0
2025-04-20 00:00:00,UA,5,42,-14.0,-8.94,-7.03,-4.01,29.08,220.0
2025-04-20 00:00:00,UA,22,37,-12.0,-5.0,-1.99,15.96,77.49,639.0
2025-04-21 00:00:00,AA,13,146,-14.0,-4.01,0.0,10.07,39.25,1412.0
2025-04-21 00:00:00,DL,14,155,-14.0,-5.0,-1.99,5.99,36.24,274.0
2025-04-21 00:00:00,UA,22,33,-10.0,-5.0,-1.99,12.06,19.89,45.0
2025-04-21 00:00:00,AA,23,33,-15.0,-5.99,-4.01,0.0,8.94,107.0
2025-04-21 00:00:00,WN,8,239,-9.0,-4.01,-0.99,2.97,21.98,533.0
2025-04-21 00:00:00,UA,19,137,-12.0,-7.03,-1.99,17.99,63.44,242.0
2025-04-21 00:00:00,UA,14,128,-12.0,-5.0,0.0,19.89,85.64,265.0
2025-04-21 00:00:00,AA,8,204,-11.0,-5.99,-2.97,0.0,21.98,152.0
2025-04-21 00:00:00,WN,20,200,-12.0,-4.01,5.0,32.14,96.55,197.0
2025-04-21 00:00:00,AA,18,169,-10.0,-2.97,1.99,27.94,67.36,830.0
2025-04-21 00:00:00,UA,5,44,-15.0,-7.03,-5.0,-1.99,51.94,251.0
2025-04-21 00:00:00,UA,9,140,-21.0,-5.99,-2.97,16.95,74.45,213.0
2025-04-21 00:00:00,UA,11,123,-13.0,-5.99,-1.99,19.89,79.05,255.0
2025-04-21 00:00:00,UA,1,2,-4.0,-4.0,-4.0,-4.0,-4.0,48.0
2025-04-21 00:00:00,DL,1,2,-26.0,-25.79,-25.79,-25.79,-25.79,-14.0
2025-04-21 00:00:00,WN,13,249,-9.0,-1.99,4.01,19.89,58.56,297.0
2025-04-21 00:00:00,AA,7,231,-14.0,-5.99,-4.01,0.0,16.95,1084.0
2025-04-21 00:00:00,AA,11,168,-13.0,-5.0,-0.99,10.07,34.13,497.0
2025-04-21 00:00:00,DL,5,76,-15.0,-7.92,-5.0,-1.99,4.01,554.0
2025-04-21 00:00:00,AA,17,163,-10.0,-4.01,0.0,13.87,64.72,255.0
2025-04-21 00:00:00,UA,15,101,-17.0,-5.99,-0.99,10.91,80.65,301.0
2025-04-21 00:00:00,WN,15,230,-8.0,-1.99,7.03,24.78,79.05,307.0
2025-04-22 00:00:00,AA,13,146,-17.0,-5.0,-2.97,1.99,24.78,190.0
2025-04-22 00:00:00,AA,18,160,-16.0,-5.0,-1.99,12.06,36.97,304.0
2025-04-22 00:00:00,AA,8,199,-15.0,-5.99,-4.01,-0.99,19.11,2358.0
2025-04-22 00:00:00,UA,19,127,-15.0,-7.03,-4.01,4.01,16.95,83.0
2025-04-22 00:00:00,AA,7,214,-15.0,-7.03,-4.01,-0.99,7.92,322.0
2025-04-22 00:00:00,DL,5,76,-16.0,-8.94,-7.03,-2.97,0.0,30.0
2025-04-22 00:00:00,WN,20,191,-15.0,-5.99,-2.97,0.0,12.06,104.0
2025-04-22 00:00:00,UA,5,38,-16.0,-8.94,-5.99,-2.97,-1.99,92.0
2025-04-22 00:00:00,UA,22,33,-14.0,-8.94,-5.99,-2.97,2.97,36.0
2025-04-22 00:00:00,AA,23,29,-19.0,-5.0,-1.99,4.01,19.11,465.0
2025-04-22 00:00:00,DL,14,150,-15.0,-7.92,-4.01,-0.99,10.91,112.0
2025-04-22 00:00:00,WN,13,242,-10.0,-4.01,-0.99,4.01,17.99,157.0
2025-04-22 00:00:00,UA,14,125,-11.0,-7.03,-2.97,0.99,13.87,203.0
2025-04-22 00:00:00,AA,17,155,-13.0,-7.03,-2.97,4.01,21.12,121.0
2025-04-22 00:00:00,UA,15,97,-14.0,-5.99,-1.99,1.99,13.87,253.0
2025-04-22 00:00:00,WN,15,223,-12.0,-5.0,-0.99,5.99,22.88,170.0
2025-04-22 00:00:00,DL,1,2,-10.0,-10.0,-10.0,-10.0,-10.0,33.0
2025-04-22 00:00:00,UA,1,1,22.0,22.0,22.0,22.0,22.0,22.0
2025-04-22 00:00:00,WN,8,296,-12.0,-5.0,-1.99,0.0,5.0,136.0
2025-04-22 00:00:00,UA,9,141,-17.0,-7.03,-4.01,1.99,13.07,380.0
2025-04-22 00:00:00,AA,11,162,-15.0,-5.99,-2.97,1.99,15.03,144.0
2025-04-22 00:00:00,UA,11,123,-18.0,-5.99,-4.01,0.0,10.91,94.0
2025-04-23 00:00:00,UA,15,100,-15.0,-5.99,-2.97,1.99,17.99,155.0
2025-04-23 00:00:00,WN,15,222,-12.0,-1.99,5.0,24.78,59.75,338.0
2025-04-23 00:00:00,AA,13,146,-14.0,-5.0,0.0,21.98,63.44,194.0
2025-04-23 00:00:00,UA,5,38,-17.0,-10.07,-5.99,-2.97,7.03,109.0
2025-04-23 00:00:00,DL,5,75,-14.0,-8.94,-5.99,-2.97,5.0,538.0
2025-04-23 00:00:00,AA,23,31,-8.0,-5.0,-0.99,7.03,21.12,77.0
2025-04-23 00:00:00,AA,8,202,-15.0,-5.0,-2.97,16.95,80.65,2117.0
2025-04-23 00:00:00,WN,8,296,-11.0,-4.01,-1.99,0.99,13.87,173.0
2025-04-23 00:00:00,AA,7,223,-12.0,-5.99,-1.99,15.96,74.45,323.0
2025-04-23 00:00:00,UA,1,1,-4.0,-4.0,-4.0,-4.0,-4.0,-4.0
2025-04-23 00:00:00,DL,14,150,-17.0,-5.99,-2.97,5.0,17.99,106.0
2025-04-23 00:00:00,WN,13,240,-10.0,-1.99,4.01,19.89,45.15,158.0
2025-04-23 00:00:00,UA,14,126,-17.0,-7.03,-2.97,4.01,25.79,263.0
2025-04-23 00:00:00,AA,17,158,-13.0,-4.01,0.99,21.98,67.36,363.0
2025-04-23 00:00:00,AA,18,164,-12.0,-2.97,4.01,32.79,87.37,307.0
2025-04-23 00:00:00,UA,19,138,-20.0,-5.0,-1.99,7.03,30.27,164.0
2025-04-23 00:00:00,WN,20,191,-15.0,-4.01,1.99,19.89,59.75,115.0
2025-04-23 00:00:00,UA,22,36,-15.0,-8.94,-5.0,-1.99,7.92,99.0
2025-04-23 00:00:00,UA,11,124,-14.0,-5.99,-2.97,1.99,21.98,186.0
2025-04-23 00:00:00,UA,9,142,-14.0,-7.03,-4.01,0.0,25.79,159.0
2025-04-23 00:00:00,AA,11,165,-12.0,-4.01,0.99,37.72,106.71,434.0
2025-04-23 00:00:00,DL,1,2,-11.0,-10.91,-10.91,-10.91,-10.91,-3.0
2025-04-24 00:00:00,WN,13,242,-13.0,-0.99,5.0,19.89,45.15,268.0
2025-04-24 00:00:00,UA,15,92,-13.0,-4.01,0.0,27.94,115.6,430.0
2025-04-24 00:00:00,WN,20,196,-10.0,-1.99,13.07,41.68,72.97,224.0
2025-04-24 00:00:00,AA,17,156,-13.0,-2.97,7.03,58.56,104.6,473.0
2025-04-24 00:00:00,DL,5,75,-13.0,-7.92,-5.0,-0.99,2.97,124.0
2025-04-24 00:00:00,UA,9,140,-14.0,-5.99,-1.99,5.99,34.13,294.0
2025-04-24 00:00:00,AA,18,165,-10.0,-1.99,8.94,44.26,104.6,379.0
2025-04-24 00:00:00,UA,19,145,-16.0,-0.99,23.81,82.28,183.12,398.0
2025-04-24 00:00:00,DL,14,152,-18.0,-5.99,-1.99,5.0,22.88,1145.0
2025-04-24 00:00:00,WN,15,228,-10.0,0.0,10.91,40.05,111.06,221.0
2025-04-24 00:00:00,UA,14,126,-13.0,-5.0,-1.99,13.87,77.49,268.0
2025-04-24 00:00:00,DL,1,2,-12.0,-12.0,-12.0,-12.0,-12.0,-11.0
2025-04-24 00:00:00,UA,1,1,-2.0,-2.0,-2.0,-2.0,-2.0,-2.0
2025-04-24 00:00:00,AA,13,140,-14.0,-2.97,2.97,36.97,92.77,276.0
2025-04-24 00:00:00,AA,23,31,-9.0,-1.99,5.99,21.98,57.4,110.0
2025-04-24 00:00:00,UA,5,44,-12.0,-7.92,-7.03,-2.97,-0.99,36.0
2025-04-24 00:00:00,AA,7,217,-13.0,-5.99,-4.01,0.0,37.72,199.0
2025-04-24 00:00:00,UA,22,36,-28.0,-4.01,5.99,17.99,32.14,174.0
2025-04-24 00:00:00,AA,11,156,-10.0,-4.01,0.99,29.08,96.55,1622.0
2025-04-24 00:00:00,UA,11,124,-14.0,-5.0,-1.99,8.94,26.84,298.0
2025-04-24 00:00:00,WN,8,236,-11.0,-4.01,-0.99,5.99,17.99,134.0
2025-04-24 00:00:00,AA,8,189,-11.0,-5.99,-2.97,1.99,77.49,419.0
2025-04-25 00:00:00,AA,17,163,-14.0,-4.01,1.99,19.11,39.25,219.0
2025-04-25 00:00:00,UA,11,121,-15.0,-5.0,0.99,21.98,87.37,206.0
2025-04-25 00:00:00,AA,13,148,-10.0,-2.97,1.99,13.07,30.88,147.0
2025-04-25 00:00:00,UA,5,44,-17.0,-7.92,-5.99,-4.01,-1.99,3.0
2025-04-25 00:00:00,DL,14,154,-17.0,-5.99,-1.99,5.0,25.79,307.0
2025-04-25 00:00:00,UA,19,144,-18.0,0.0,10.07,40.05,77.49,809.0
2025-04-25 00:00:00,AA,18,171,-12.0,-4.01,0.0,23.81,58.56,264.0
2025-04-25 00:00:00,WN,20,200,-14.0,-2.97,5.99,25.79,72.97,195.0
2025-04-25 00:00:00,WN,15,229,-11.0,0.99,13.07,30.88,67.36,268.0
2025-04-25 00:00:00,UA,15,101,-11.0,-2.97,15.03,41.68,111.06,300.0
2025-04-25 00:00:00,WN,13,248,-8.0,0.99,13.07,32.79,74.45,179.0
2025-04-25 00:00:00,UA,14,126,-12.0,-4.01,2.97,26.84,68.72,190.0
2025-04-25 00:00:00,UA,22,35,-35.0,-7.03,-2.97,4.01,24.78,150.0
2025-04-25 00:00:00,AA,23,33,-11.0,-5.99,-0.99,1.99,16.95,75.0
2025-04-25 00:00:00,WN,8,240,-12.0,-2.97,0.0,7.92,27.94,276.0
2025-04-25 00:00:00,UA,1,2,-4.0,-4.0,-4.0,-4.0,-4.0,45.0
2025-04-25 00:00:00,UA,9,139,-13.0,-5.0,-1.99,4.01,36.97,182.0
2025-04-25 00:00:00,AA,11,167,-11.0,-4.01,-0.99,2.97,16.95,129.0
2025-04-25 00:00:00,AA,8,202,-11.0,-4.01,-1.99,0.99,19.89,1861.0
2025-04-25 00:00:00,DL,1,2,-11.0,-10.91,-10.91,-10.91,-10.91,-2.0
2025-04-25 00:00:00,DL,5,76,-17.0,-7.03,-5.0,-0.99,5.0,53.0
2025-04-25 00:00:00,AA,7,229,-12.0,-5.99,-2.97,0.0,12.06,165.0
2025-04-26 00:00:00,UA,22,36,-28.0,-5.99,-1.99,45.15,108.86,500.0
2025-04-26 00:00:00,DL,1,2,-13.0,-13.0,-13.0,-13.0,-13.0,1.0
2025-04-26 00:00:00,DL,14,130,-16.0,-7.03,-4.01,0.99,22.88,980.0
2025-04-26 00:00:00,DL,5,72,-15.0,-8.94,-5.0,-2.97,1.99,389.0
2025-04-26 00:00:00,UA,5,44,-14.0,-8.94,-5.99,-4.01,0.0,74.0
2025-04-26 00:00:00,WN,15,201,-11.0,-5.0,-0.99,7.03,40.05,156.0
2025-04-26 00:00:00,UA,19,117,-19.0,-2.97,4.01,34.82,90.93,244.0
2025-04-26 00:00:00,WN,20,122,-12.0,-5.99,-0.99,13.07,30.88,156.0
2025-04-26 00:00:00,UA,1,2,-7.0,-7.0,-7.0,-7.0,-7.0,-1.0
2025-04-26 00:00:00,UA,14,119,-15.0,-7.03,-2.97,7.03,59.75,421.0
2025-04-26 00:00:00,UA,9,127,-14.0,-5.0,-1.99,4.01,32.14,376.0
2025-04-26 00:00:00,AA,11,149,-16.0,-5.0,-1.99,5.99,32.79,154.0
2025-04-26 00:00:00,AA,13,138,-12.0,-5.0,-2.97,4.01,23.81,224.0
2025-04-26 00:00:00,UA,15,94,-13.0,-5.99,-1.99,17.99,87.37,504.0
2025-04-26 00:00:00,AA,7,216,-16.0,-7.03,-5.0,-0.99,10.07,278.0
2025-04-26 00:00:00,AA,17,147,-12.0,-5.99,-1.99,4.01,43.38,304.0
2025-04-26 00:00:00,AA,23,30,-14.0,-7.03,-2.97,-0.99,10.91,48.0
2025-04-26 00:00:00,AA,18,161,-16.0,-5.0,-0.99,15.03,62.18,257.0
2025-04-26 00:00:00,WN,13,232,-12.0,-4.01,-0.99,5.0,21.12,188.0
2025-04-26 00:00:00,AA,8,197,-12.0,-5.99,-5.0,-1.99,13.07,290.0
2025-04-26 00:00:00,WN,8,213,-14.0,-5.0,-2.97,0.0,7.92,91.0
2025-04-26 00:00:00,UA,11,115,-16.0,-5.99,-0.99,13.07,43.38,213.0
2025-04-27 00:00:00,WN,8,266,-11.0,-4.01,-1.99,1.99,10.07,82.0
2025-04-27 00:00:00,AA,11,166,-11.0,-5.99,-1.99,4.01,30.27,385.0
2025-04-27 00:00:00,UA,15,99,-12.0,-5.0,-1.99,10.07,58.56,392.0
2025-04-27 00:00:00,UA,11,125,-13.0,-5.0,-2.97,0.99,22.88,276.0
2025-04-27 00:00:00,DL,1,2,-12.0,-12.0,-12.0,-12.0,-12.0,-9.0
2025-04-27 00:00:00,UA,5,42,-13.0,-7.92,-5.0,-0.99,5.0,100.0
2025-04-27 00:00:00,UA,9,139,-13.0,-5.99,-4.01,-0.99,10.91,277.0
2025-04-27 00:00:00,WN,15,251,-12.0,0.0,5.99,19.89,44.26,129.0
2025-04-27 00:00:00,UA,1,1,80.0,80.0,80.0,80.0,80.0,80.0
2025-04-27 00:00:00,AA,13,148,-11.0,-4.01,-1.99,12.06,47.95,161.0
2025-04-27 00:00:00,WN,13,257,-11.0,-1.99,1.99,12.06,30.88,123.0
2025-04-27 00:00:00,AA,7,231,-16.0,-5.99,-4.01,-1.99,13.07,2466.0
2025-04-27 00:00:00,AA,23,33,-10.0,-5.0,-1.99,7.92,15.03,78.0
2025-04-27 00:00:00,AA,8,202,-14.0,-5.99,-4.01,0.0,25.79,1530.0
2025-04-27 00:00:00,AA,17,162,-12.0,-4.01,-0.99,19.89,56.27,859.0
2025-04-27 00:00:00,UA,14,125,-15.0,-5.0,-2.97,4.01,63.44,375.0
2025-04-27 00:00:00,DL,14,153,-14.0,-5.99,-2.97,1.99,10.91,165.0
2025-04-27 00:00:00,UA,22,38,-32.0,-4.01,0.0,10.07,50.91,139.0
2025-04-27 00:00:00,AA,18,172,-16.0,-4.01,0.99,16.95,50.91,177.0
2025-04-27 00:00:00,UA,19,136,-12.0,-2.97,5.0,26.84,82.28,248.0
2025-04-27 00:00:00,DL,5,74,-13.0,-7.92,-5.0,-1.99,0.0,34.0
2025-04-27 00:00:00,WN,20,277,-11.0,-1.99,8.94,25.79,46.07,121.0
2025-04-28 00:00:00,UA,9,136,-17.0,-5.99,-4.01,-0.99,2.97,196.0
2025-04-28 00:00:00,WN,13,246,-10.0,-2.97,0.99,7.92,21.12,165.0
2025-04-28 00:00:00,UA,1,2,243.0,243.0,243.0,243.0,243.0,694.0
2025-04-28 00:00:00,DL,5,75,-16.0,-8.94,-5.99,-1.99,4.01,335.0
2025-04-28 00:00:00,UA,22,30,-10.0,-7.03,-5.0,1.99,60.95,220.0
2025-04-28 00:00:00,WN,20,198,-15.0,-5.0,0.0,13.07,34.13,114.0
2025-04-28 00:00:00,DL,14,155,-16.0,-7.03,-2.97,5.99,24.78,471.0
2025-04-28 00:00:00,UA,15,96,-12.0,-5.0,-0.99,13.87,98.5,397.0
2025-04-28 00:00:00,AA,11,166,-13.0,-5.99,-2.97,1.99,26.84,469.0
2025-04-28 00:00:00,AA,17,163,-13.0,-5.0,-1.99,10.91,56.27,283.0
2025-04-28 00:00:00,AA,23,33,-17.0,-7.03,-4.01,4.01,7.03,529.0
2025-04-28 00:00:00,UA,19,131,-18.0,-5.99,-0.99,15.96,77.49,319.0
2025-04-28 00:00:00,WN,15,228,-11.0,-2.97,1.99,15.96,34.13,234.0
2025-04-28 00:00:00,AA,7,230,-14.0,-5.99,-4.01,-0.99,7.92,393.0
2025-04-28 00:00:00,AA,8,203,-10.0,-5.99,-2.97,0.99,16.95,387.0
2025-04-28 00:00:00,AA,13,147,-10.0,-5.99,-1.99,2.97,24.78,228.0
2025-04-28 00:00:00,UA,14,128,-11.0,-7.03,-2.97,5.0,87.37,406.0
2025-04-28 00:00:00,UA,5,44,-16.0,-7.92,-5.99,-1.99,0.99,384.0
2025-04-28 00:00:00,UA,11,116,-12.0,-5.99,-4.01,0.99,12.06,60.0
2025-04-28 00:00:00,AA,18,170,-12.0,-5.0,-0.99,10.07,55.15,337.0
2025-04-28 00:00:00,DL,1,2,-16.0,-15.96,-15.96,-15.96,-15.96,-6.0
2025-04-28 00:00:00,WN,8,239,-9.0,-4.01,-1.99,1.99,8.94,186.0
2025-04-29 00:00:00,DL,5,76,-15.0,-10.07,-7.92,-5.0,-1.99,52.0
2025-04-29 00:00:00,UA,1,1,649.0,649.0,649.0,649.0,649.0,649.0
2025-04-29 00:00:00,WN,8,296,-10.0,-5.99,-2.97,0.0,5.99,113.0
2025-04-29 00:00:00,AA,18,160,-14.0,-5.99,-1.99,2.97,19.11,124.0
2025-04-29 00:00:00,AA,8,198,-14.0,-7.03,-4.01,-0.99,15.03,565.0
2025-04-29 00:00:00,WN,20,191,-12.0,-5.99,-4.01,5.99,19.89,263.0
2025-04-29 00:00:00,DL,1,2,-10.0,-10.0,-10.0,-10.0,-10.0,2.0
2025-04-29 00:00:00,WN,15,223,-12.0,-5.0,-2.97,4.01,32.79,113.0
2025-04-29 00:00:00,WN,13,241,-11.0,-4.01,0.0,5.99,25.79,214.0
2025-04-29 00:00:00,AA,23,31,-13.0,-7.92,-5.0,-1.99,-0.99,1.0
2025-04-29 00:00:00,AA,7,214,-17.0,-7.92,-5.0,-2.97,4.01,1542.0
2025-04-29 00:00:00,AA,11,162,-13.0,-5.99,-2.97,1.99,19.11,117.0
2025-04-29 00:00:00,UA,11,123,-15.0,-7.03,-4.01,-0.99,7.92,155.0
2025-04-29 00:00:00,UA,14,126,-15.0,-7.92,-4.01,0.0,17.99,223.0
2025-04-29 00:00:00,UA,19,127,-18.0,-5.99,0.0,13.87,40.05,292.0
2025-04-29 00:00:00,UA,5,37,-13.0,-10.07,-7.03,-4.01,0.0,201.0
2025-04-29 00:00:00,AA,13,146,-12.0,-5.99,-2.97,0.99,24.78,245.0
2025-04-29 00:00:00,UA,22,33,-10.0,-7.03,-4.01,4.01,22.88,68.0
2025-04-29 00:00:00,UA,9,140,-14.0,-7.92,-5.0,-0.99,12.06,609.0
2025-04-29 00:00:00,DL,14,151,-16.0,-7.92,-4.01,0.99,15.03,92.0
2025-04-29 00:00:00,UA,15,96,-14.0,-7.03,-4.01,0.0,27.94,198.0
2025-04-29 00:00:00,AA,17,155,-14.0,-7.03,-2.97,5.0,22.88,385.0
2025-04-30 00:00:00,AA,7,203,-13.0,-7.03,-5.0,-1.99,5.0,175.0
2025-04-30 00:00:00,UA,14,125,-15.0,-4.01,-1.99,5.99,80.65,351.0
2025-04-30 00:00:00,WN,8,289,-11.0,-5.0,-1.99,0.0,7.92,171.0
2025-04-30 00:00:00,UA,11,122,-14.0,-7.03,-5.0,-1.99,4.01,417.0
2025-04-30 00:00:00,DL,5,76,-17.0,-10.07,-7.03,-4.01,-1.99,1142.0
2025-04-30 00:00:00,UA,22,36,-10.0,-4.01,-1.99,7.03,24.78,86.0
2025-04-30 00:00:00,UA,9,140,-22.0,-7.92,-4.01,-0.99,17.99,476.0
2025-04-30 00:00:00,WN,20,184,-15.0,-2.97,10.07,37.72,106.71,192.0
2025-04-30 00:00:00,UA,15,97,-14.0,-7.03,-1.99,15.96,47.95,383.0
2025-04-30 00:00:00,AA,13,122,-13.0,-4.01,0.0,12.06,62.18,1468.0
2025-04-30 00:00:00,AA,18,139,-18.0,-1.99,7.92,30.27,111.06,657.0
2025-04-30 00:00:00,UA,1,1,0.0,0.0,0.0,0.0,0.0,0.0
2025-04-30 00:00:00,AA,8,183,-14.0,-7.03,-4.01,-1.99,10.91,292.0
2025-04-30 00:00:00,AA,17,129,-13.0,-4.01,0.0,32.79,130.34,401.0
2025-04-30 00:00:00,WN,13,229,-10.0,-1.99,1.99,15.96,67.36,623.0
2025-04-30 00:00:00,AA,23,29,-10.0,-1.99,0.0,10.07,34.13,475.0
2025-04-30 00:00:00,UA,5,38,-13.0,-8.94,-5.99,-4.01,-0.99,124.0
2025-04-30 00:00:00,DL,14,151,-15.0,-5.99,-2.97,0.99,22.88,513.0
2025-04-30 00:00:00,DL,1,2,18.0,18.0,18.0,18.0,18.0,31.0
2025-04-30 00:00:00,AA,11,134,-10.0,-5.0,-1.99,10.07,115.6,430.0
2025-04-30 00:00:00,UA,19,134,-17.0,-4.01,4.01,44.26,90.93,332.0
2025-04-30 00:00:00,WN,15,217,-12.0,0.0,5.99,25.79,70.11,480.0
