2025-01-01 00:00:00,AA,6,161,-15.0,-7.0,-5.0,-3.0,1.0,1418.0
2025-01-01 00:00:00,AA,7,128,-13.0,-7.0,-4.0,-1.0,7.0,301.0
2025-01-01 00:00:00,AA,14,132,-17.0,-6.0,-3.0,3.0,24.0,244.0
2025-01-01 00:00:00,AA,17,139,-10.0,-5.0,-2.0,6.0,37.0,187.0
2025-01-01 00:00:00,AA,18,145,-22.0,-5.0,-1.0,9.0,40.0,228.0
2025-01-01 00:00:00,DL,1,2,-9.0,-9.0,-9.0,-1.0,-1.0,-1.0
2025-01-01 00:00:00,DL,3,1,-2.0,-2.0,-2.0,-2.0,-2.0,-2.0
2025-01-01 00:00:00,DL,8,160,-19.0,-6.0,-4.0,1.0,30.0,191.0
2025-01-01 00:00:00,DL,9,109,-16.0,-5.0,-3.0,1.0,12.0,243.0
2025-01-01 00:00:00,DL,18,83,-16.0,-6.0,-3.0,4.0,17.0,319.0
2025-01-01 00:00:00,DL,21,77,-18.0,-6.0,-2.0,2.0,15.0,45.0
2025-01-01 00:00:00,UA,6,114,-15.0,-6.0,-3.0,2.0,17.0,336.0
2025-01-01 00:00:00,UA,12,112,-11.0,-5.0,-3.0,3.0,25.0,153.0
2025-01-01 00:00:00,UA,13,123,-14.0,-5.0,0.0,10.0,36.0,274.0
2025-01-01 00:00:00,UA,15,76,-11.0,-5.0,-1.0,6.0,21.0,414.0
2025-01-01 00:00:00,UA,19,100,-12.0,-4.0,0.0,9.0,24.0,669.0
2025-01-01 00:00:00,UA,23,48,-10.0,-7.0,-4.0,2.0,18.0,61.0
2025-01-01 00:00:00,WN,8,225,-13.0,-5.0,-2.0,0.0,12.0,107.0
2025-01-02 00:00:00,AA,11,159,-12.0,-6.0,-3.0,3.0,21.0,251.0
2025-01-02 00:00:00,AA,15,125,-12.0,-5.0,-2.0,11.0,54.0,977.0
2025-01-02 00:00:00,AA,17,151,-14.0,-6.0,-2.0,7.0,34.0,309.0
2025-01-02 00:00:00,AA,20,134,-26.0,-4.0,1.0,20.0,38.0,554.0
2025-01-02 00:00:00,AA,21,94,-13.0,-4.0,0.0,18.0,44.0,658.0
2025-01-02 00:00:00,AA,22,91,-12.0,-5.0,2.0,19.0,41.0,811.0
2025-01-02 00:00:00,AA,23,40,-10.0,-5.0,-1.0,5.0,36.0,467.0
2025-01-02 00:00:00,DL,1,2,-5.0,-5.0,-5.0,19.0,19.0,19.0
2025-01-02 00:00:00,DL,3,1,-3.0,-3.0,-3.0,-3.0,-3.0,-3.0
2025-01-02 00:00:00,DL,6,177,-15.0,-7.0,-4.0,0.0,13.0,90.0
2025-01-02 00:00:00,DL,8,167,-14.0,-6.0,-4.0,0.0,13.0,158.0
2025-01-02 00:00:00,DL,18,162,-20.0,-7.0,-3.0,10.0,35.0,947.0
2025-01-02 00:00:00,DL,20,76,-11.0,-5.0,-1.0,14.0,25.0,66.0
2025-01-02 00:00:00,DL,22,107,-14.0,-6.0,-2.0,9.0,40.0,903.0
2025-01-02 00:00:00,UA,1,1,-16.0,-16.0,-16.0,-16.0,-16.0,-16.0
2025-01-02 00:00:00,UA,7,180,-10.0,-6.0,-4.0,0.0,11.0,120.0
2025-01-02 00:00:00,UA,8,173,-12.0,-5.0,-2.0,2.0,17.0,399.0
2025-01-02 00:00:00,UA,15,76,-8.0,-4.0,-1.0,8.0,33.0,255.0
2025-01-02 00:00:00,UA,16,139,-14.0,-5.0,-2.0,4.0,29.0,145.0
2025-01-02 00:00:00,UA,17,135,-11.0,-5.0,-2.0,3.0,32.0,276.0
2025-01-02 00:00:00,WN,5,221,-13.0,-5.0,-3.0,-1.0,2.0,19.0
2025-01-02 00:00:00,WN,7,214,-11.0,-5.0,-3.0,-1.0,3.0,66.0
2025-01-02 00:00:00,WN,11,223,-8.0,-4.0,-1.0,6.0,24.0,239.0
2025-01-02 00:00:00,WN,19,201,-15.0,-4.0,1.0,15.0,34.0,251.0
2025-01-03 00:00:00,AA,10,139,-26.0,-5.0,-3.0,9.0,34.0,418.0
2025-01-03 00:00:00,AA,15,126,-11.0,-4.0,-1.0,31.0,68.0,266.0
2025-01-03 00:00:00,AA,16,147,-10.0,-4.0,0.0,22.0,53.0,466.0
2025-01-03 00:00:00,AA,19,138,-18.0,-4.0,3.0,27.0,70.0,286.0
2025-01-03 00:00:00,AA,20,132,-21.0,-3.0,0.0,17.0,53.0,234.0
2025-01-03 00:00:00,AA,21,86,-15.0,-5.0,0.0,30.0,71.0,127.0
2025-01-03 00:00:00,DL,11,191,-15.0,-6.0,-2.0,6.0,32.0,264.0
2025-01-03 00:00:00,DL,14,140,-15.0,-6.0,-2.0,12.0,57.0,1109.0
2025-01-03 00:00:00,DL,21,91,-14.0,-4.0,0.0,26.0,52.0,186.0
2025-01-03 00:00:00,DL,22,107,-10.0,-5.0,-1.0,13.0,26.0,63.0
2025-01-03 00:00:00,UA,0,9,-4.0,0.0,5.0,11.0,125.0,125.0
2025-01-03 00:00:00,UA,2,1,-8.0,-8.0,-8.0,-8.0,-8.0,-8.0
2025-01-03 00:00:00,UA,13,125,-10.0,-2.0,7.0,30.0,77.0,229.0
2025-01-03 00:00:00,UA,14,121,-10.0,-4.0,6.0,24.0,79.0,393.0
2025-01-03 00:00:00,UA,15,74,-16.0,-5.0,0.0,26.0,70.0,294.0
2025-01-03 00:00:00,UA,17,130,-11.0,-4.0,5.0,26.0,72.0,239.0
2025-01-03 00:00:00,UA,18,146,-11.0,-3.0,5.0,25.0,57.0,255.0
2025-01-03 00:00:00,UA,20,116,-13.0,-1.0,8.0,27.0,73.0,216.0
2025-01-03 00:00:00,UA,21,58,-11.0,-1.0,5.0,25.0,54.0,168.0
2025-01-03 00:00:00,UA,23,49,-10.0,-2.0,0.0,12.0,43.0,796.0
2025-01-03 00:00:00,WN,9,225,-10.0,-3.0,2.0,17.0,48.0,400.0
2025-01-03 00:00:00,WN,11,235,-11.0,-2.0,3.0,20.0,63.0,210.0
2025-01-03 00:00:00,WN,12,236,-11.0,-1.0,8.0,24.0,64.0,264.0
2025-01-03 00:00:00,WN,20,284,-11.0,3.0,16.0,41.0,85.0,191.0
2025-01-03 00:00:00,WN,21,132,-12.0,1.0,19.0,47.0,80.0,245.0
2025-01-04 00:00:00,AA,9,116,-12.0,-5.0,-2.0,4.0,18.0,205.0
2025-01-04 00:00:00,AA,16,134,-20.0,-3.0,3.0,29.0,86.0,275.0
2025-01-04 00:00:00,DL,7,211,-26.0,-5.0,-3.0,3.0,22.0,911.0
2025-01-04 00:00:00,DL,16,116,-15.0,-4.0,5.0,33.0,63.0,309.0
2025-01-04 00:00:00,DL,17,142,-20.0,-3.0,12.0,39.0,92.0,264.0
2025-01-04 00:00:00,DL,21,92,-15.0,-3.0,1.0,17.0,55.0,170.0
2025-01-04 00:00:00,UA,8,161,-12.0,-4.0,-1.0,11.0,38.0,640.0
2025-01-04 00:00:00,UA,12,96,-13.0,-4.0,0.0,23.0,62.0,288.0
2025-01-04 00:00:00,UA,14,116,-13.0,-3.0,9.0,36.0,90.0,348.0
2025-01-04 00:00:00,UA,17,119,-11.0,-1.0,16.0,37.0,76.0,205.0
2025-01-04 00:00:00,UA,18,131,-11.0,-1.0,7.0,28.0,76.0,240.0
2025-01-04 00:00:00,UA,19,99,-19.0,4.0,20.0,54.0,88.0,146.0
2025-01-04 00:00:00,UA,21,56,-9.0,0.0,7.0,19.0,47.0,132.0
2025-01-04 00:00:00,WN,7,240,-11.0,-3.0,-1.0,7.0,20.0,72.0
2025-01-04 00:00:00,WN,19,228,-15.0,4.0,24.0,50.0,84.0,236.0
2025-01-05 00:00:00,AA,14,125,-18.0,-1.0,18.0,67.0,198.0,1139.0
2025-01-05 00:00:00,DL,5,60,-13.0,-9.0,-2.0,4.0,31.0,353.0
2025-01-05 00:00:00,DL,8,162,-17.0,-5.0,-1.0,8.0,27.0,306.0
2025-01-05 00:00:00,DL,11,189,-14.0,-4.0,0.0,24.0,52.0,340.0
2025-01-05 00:00:00,DL,18,153,-11.0,-3.0,5.0,30.0,95.0,831.0
2025-01-05 00:00:00,DL,21,93,-13.0,-2.0,2.0,21.0,45.0,299.0
2025-01-05 00:00:00,UA,10,103,-10.0,-3.0,0.0,17.0,35.0,224.0
2025-01-05 00:00:00,UA,11,117,-15.0,-2.0,8.0,29.0,56.0,450.0
2025-01-05 00:00:00,UA,20,103,-14.0,-3.0,10.0,53.0,136.0,312.0
2025-01-05 00:00:00,UA,22,47,-8.0,-4.0,2.0,29.0,128.0,313.0
2025-01-05 00:00:00,WN,7,194,-12.0,-3.0,-1.0,3.0,15.0,160.0
2025-01-05 00:00:00,WN,8,237,-10.0,-4.0,-1.0,10.0,24.0,243.0
2025-01-05 00:00:00,WN,9,225,-10.0,-2.0,2.0,17.0,28.0,721.0
2025-01-05 00:00:00,WN,15,224,-9.0,3.0,17.0,35.0,63.0,234.0
2025-01-06 00:00:00,AA,5,85,-12.0,-6.0,-3.0,4.0,28.0,636.0
2025-01-06 00:00:00,AA,14,131,-11.0,0.0,25.0,60.0,111.0,410.0
2025-01-06 00:00:00,AA,16,142,-12.0,0.0,16.0,69.0,125.0,1051.0
2025-01-06 00:00:00,AA,17,128,-20.0,-1.0,23.0,64.0,116.0,762.0
2025-01-06 00:00:00,AA,19,124,-13.0,-2.0,26.0,76.0,145.0,671.0
2025-01-06 00:00:00,DL,1,2,-2.0,-2.0,-2.0,33.0,33.0,33.0
2025-01-06 00:00:00,DL,5,63,-14.0,-7.0,-1.0,5.0,18.0,358.0
2025-01-06 00:00:00,DL,13,136,-11.0,-4.0,0.0,16.0,50.0,251.0
2025-01-06 00:00:00,DL,14,124,-14.0,-4.0,0.0,25.0,53.0,373.0
2025-01-06 00:00:00,DL,15,167,-12.0,-3.0,4.0,34.0,73.0,211.0
2025-01-06 00:00:00,DL,17,157,-18.0,-5.0,0.0,20.0,63.0,221.0
2025-01-06 00:00:00,UA,9,123,-14.0,-2.0,6.0,25.0,107.0,438.0
2025-01-06 00:00:00,UA,10,109,-10.0,-3.0,5.0,53.0,95.0,301.0
2025-01-06 00:00:00,UA,14,118,-14.0,-1.0,10.0,74.0,125.0,507.0
2025-01-06 00:00:00,UA,15,79,-10.0,-1.0,13.0,46.0,151.0,292.0
2025-01-06 00:00:00,UA,19,108,-13.0,-2.0,16.0,61.0,112.0,303.0
2025-01-06 00:00:00,UA,21,59,-10.0,1.0,15.0,57.0,113.0,172.0
2025-01-06 00:00:00,WN,8,202,-9.0,-4.0,-1.0,6.0,24.0,235.0
2025-01-06 00:00:00,WN,9,208,-10.0,-3.0,2.0,18.0,66.0,607.0
2025-01-06 00:00:00,WN,11,217,-9.0,-2.0,3.0,23.0,89.0,311.0
2025-01-06 00:00:00,WN,15,188,-12.0,-1.0,15.0,49.0,102.0,303.0
2025-01-06 00:00:00,WN,16,208,-11.0,0.0,14.0,48.0,99.0,489.0
2025-01-06 00:00:00,WN,20,143,-10.0,7.0,25.0,56.0,99.0,252.0
2025-01-06 00:00:00,WN,21,12,-6.0,4.0,15.0,43.0,55.0,107.0
2025-01-07 00:00:00,AA,0,5,-9.0,-5.0,-2.0,-2.0,122.0,122.0
2025-01-07 00:00:00,AA,9,126,-12.0,-5.0,-1.0,5.0,23.0,250.0
2025-01-07 00:00:00,AA,15,115,-16.0,-5.0,-3.0,3.0,13.0,174.0
2025-01-07 00:00:00,AA,18,137,-14.0,-5.0,-1.0,10.0,27.0,328.0
2025-01-07 00:00:00,DL,1,2,-9.0,-9.0,-9.0,-3.0,-3.0,-3.0
2025-01-07 00:00:00,DL,8,159,-11.0,-5.0,-2.0,5.0,21.0,165.0
2025-01-07 00:00:00,DL,9,116,-16.0,-5.0,-2.0,4.0,17.0,120.0
2025-01-07 00:00:00,DL,16,97,-16.0,-4.0,-2.0,4.0,29.0,120.0
2025-01-07 00:00:00,DL,17,160,-17.0,-7.0,-3.0,3.0,23.0,263.0
2025-01-07 00:00:00,DL,19,90,-19.0,-5.0,-1.0,10.0,51.0,168.0
2025-01-07 00:00:00,UA,0,4,-8.0,-8.0,-1.0,2.0,2.0,2.0
2025-01-07 00:00:00,UA,2,1,18.0,18.0,18.0,18.0,18.0,18.0
2025-01-07 00:00:00,UA,9,141,-13.0,-3.0,2.0,17.0,48.0,198.0
2025-01-07 00:00:00,UA,11,113,-15.0,-4.0,5.0,35.0,86.0,298.0
2025-01-07 00:00:00,UA,13,121,-12.0,-4.0,3.0,33.0,52.0,211.0
2025-01-07 00:00:00,UA,16,116,-14.0,-4.0,2.0,23.0,76.0,432.0
2025-01-07 00:00:00,WN,6,185,-11.0,-5.0,-2.0,4.0,17.0,190.0
2025-01-07 00:00:00,WN,7,171,-10.0,-5.0,-2.0,2.0,23.0,190.0
2025-01-07 00:00:00,WN,11,246,-11.0,-1.0,6.0,24.0,65.0,239.0
2025-01-07 00:00:00,WN,13,226,-9.0,-2.0,8.0,29.0,53.0,168.0
2025-01-08 00:00:00,AA,5,81,-12.0,-8.0,-5.0,-2.0,2.0,39.0
2025-01-08 00:00:00,AA,7,164,-15.0,-8.0,-4.0,0.0,18.0,556.0
2025-01-08 00:00:00,AA,12,132,-17.0,-5.0,-2.0,5.0,33.0,448.0
2025-01-08 00:00:00,AA,13,125,-13.0,-6.0,-3.0,4.0,26.0,1072.0
2025-01-08 00:00:00,DL,10,133,-18.0,-8.0,-4.0,2.0,21.0,108.0
2025-01-08 00:00:00,DL,13,130,-17.0,-7.0,-4.0,3.0,31.0,248.0
2025-01-08 00:00:00,DL,18,126,-19.0,-8.0,-4.0,0.0,18.0,246.0
2025-01-08 00:00:00,DL,20,70,-17.0,-6.0,-2.0,0.0,21.0,90.0
2025-01-08 00:00:00,DL,21,67,-14.0,-7.0,-4.0,1.0,8.0,90.0
2025-01-08 00:00:00,UA,10,112,-16.0,-7.0,-3.0,0.0,16.0,321.0
2025-01-08 00:00:00,UA,18,127,-14.0,-5.0,-2.0,3.0,20.0,188.0
2025-01-08 00:00:00,WN,5,29,-6.0,-5.0,-3.0,-1.0,9.0,40.0
2025-01-08 00:00:00,WN,10,194,-12.0,-5.0,-2.0,3.0,15.0,159.0
2025-01-08 00:00:00,WN,13,238,-13.0,-5.0,-2.0,5.0,21.0,272.0
2025-01-08 00:00:00,WN,19,119,-14.0,-6.0,-2.0,7.0,19.0,197.0
2025-01-09 00:00:00,AA,7,168,-17.0,-8.0,-5.0,-1.0,7.0,504.0
2025-01-09 00:00:00,AA,12,78,-13.0,-4.0,3.0,39.0,258.0,2646.0
2025-01-09 00:00:00,AA,13,105,-12.0,-5.0,-1.0,8.0,58.0,436.0
2025-01-09 00:00:00,AA,19,84,-13.0,-5.0,2.0,37.0,88.0,111.0
2025-01-09 00:00:00,AA,20,80,-11.0,-4.0,0.0,20.0,51.0,519.0
2025-01-09 00:00:00,AA,22,63,-8.0,-3.0,3.0,17.0,49.0,477.0
2025-01-09 00:00:00,AA,23,21,-8.0,-3.0,0.0,14.0,30.0,83.0
2025-01-09 00:00:00,DL,0,1,-8.0,-8.0,-8.0,-8.0,-8.0,-8.0
2025-01-09 00:00:00,DL,5,65,-12.0,-8.0,-5.0,-2.0,7.0,631.0
2025-01-09 00:00:00,DL,6,179,-17.0,-8.0,-5.0,-1.0,7.0,522.0
2025-01-09 00:00:00,DL,7,222,-17.0,-7.0,-4.0,0.0,13.0,915.0
2025-01-09 00:00:00,DL,15,158,-17.0,-4.0,0.0,14.0,48.0,130.0
2025-01-09 00:00:00,DL,20,64,-13.0,-5.0,0.0,9.0,67.0,282.0
2025-01-09 00:00:00,DL,22,85,-18.0,-5.0,-2.0,6.0,18.0,524.0
2025-01-09 00:00:00,DL,23,23,-22.0,-5.0,-1.0,4.0,21.0,133.0
2025-01-09 00:00:00,UA,11,114,-14.0,-4.0,3.0,25.0,56.0,211.0
2025-01-09 00:00:00,UA,15,90,-25.0,-6.0,0.0,16.0,59.0,138.0
2025-01-09 00:00:00,UA,16,119,-13.0,-4.0,5.0,20.0,62.0,163.0
2025-01-09 00:00:00,WN,10,178,-11.0,-4.0,0.0,11.0,28.0,195.0
2025-01-09 00:00:00,WN,18,238,-14.0,-1.0,9.0,30.0,90.0,408.0
2025-01-10 00:00:00,AA,0,8,-6.0,-4.0,-1.0,6.0,38.0,38.0
2025-01-10 00:00:00,AA,6,143,-11.0,-6.0,-2.0,4.0,134.0,1397.0
2025-01-10 00:00:00,AA,17,124,-8.0,0.0,23.0,64.0,116.0,992.0
2025-01-10 00:00:00,AA,19,90,-14.0,-1.0,15.0,59.0,117.0,712.0
2025-01-10 00:00:00,AA,22,27,-11.0,-5.0,-1.0,25.0,65.0,96.0
2025-01-10 00:00:00,AA,23,16,-8.0,-5.0,-1.0,8.0,71.0,93.0
2025-01-10 00:00:00,DL,11,109,-12.0,-4.0,1.0,27.0,144.0,608.0
2025-01-10 00:00:00,DL,12,93,-13.0,-4.0,6.0,75.0,304.0,799.0
2025-01-10 00:00:00,DL,17,113,-14.0,-5.0,13.0,68.0,313.0,1209.0
2025-01-10 00:00:00,UA,9,153,-12.0,-5.0,-2.0,6.0,51.0,236.0
2025-01-10 00:00:00,UA,10,108,-17.0,-6.0,-3.0,3.0,35.0,133.0
2025-01-10 00:00:00,UA,11,112,-15.0,-5.0,-2.0,4.0,30.0,138.0
2025-01-10 00:00:00,UA,15,89,-26.0,-6.0,-1.0,17.0,55.0,149.0
2025-01-10 00:00:00,UA,17,146,-16.0,-5.0,-1.0,12.0,66.0,296.0
2025-01-10 00:00:00,UA,20,83,-21.0,-4.0,6.0,28.0,57.0,143.0
2025-01-10 00:00:00,UA,21,30,-14.0,-6.0,-2.0,14.0,37.0,250.0
2025-01-10 00:00:00,WN,5,27,-7.0,-5.0,-2.0,0.0,9.0,17.0
2025-01-10 00:00:00,WN,14,203,-14.0,-5.0,-1.0,12.0,28.0,272.0
2025-01-10 00:00:00,WN,16,195,-13.0,-5.0,-2.0,10.0,32.0,175.0
2025-01-10 00:00:00,WN,19,111,-14.0,-6.0,-4.0,5.0,40.0,99.0
2025-01-11 00:00:00,AA,22,58,-17.0,-5.0,-1.0,10.0,27.0,165.0
2025-01-11 00:00:00,AA,23,20,-10.0,-6.0,-3.0,-1.0,4.0,46.0
2025-01-11 00:00:00,DL,1,2,-9.0,-9.0,-9.0,-1.0,-1.0,-1.0
2025-01-11 00:00:00,DL,5,36,-15.0,-7.0,-1.0,33.0,331.0,609.0
2025-01-11 00:00:00,DL,8,109,-13.0,-1.0,18.0,95.0,146.0,803.0
2025-01-11 00:00:00,DL,9,92,-10.0,-2.0,9.0,73.0,173.0,693.0
2025-01-11 00:00:00,DL,11,139,-11.0,3.0,33.0,110.0,207.0,356.0
2025-01-11 00:00:00,DL,15,133,-21.0,2.0,29.0,98.0,144.0,283.0
2025-01-11 00:00:00,DL,17,143,-15.0,-3.0,19.0,74.0,153.0,827.0
2025-01-11 00:00:00,UA,11,108,-12.0,-4.0,-1.0,8.0,26.0,291.0
2025-01-11 00:00:00,UA,12,112,-16.0,-5.0,-1.0,11.0,31.0,241.0
2025-01-11 00:00:00,UA,18,107,-24.0,-5.0,0.0,8.0,45.0,210.0
2025-01-11 00:00:00,UA,20,74,-15.0,-4.0,-1.0,13.0,24.0,97.0
2025-01-11 00:00:00,WN,6,183,-13.0,-5.0,-3.0,0.0,5.0,20.0
2025-01-11 00:00:00,WN,7,196,-14.0,-6.0,-3.0,0.0,5.0,87.0
2025-01-11 00:00:00,WN,14,240,-14.0,-5.0,-1.0,9.0,21.0,244.0
2025-01-11 00:00:00,WN,19,79,-14.0,-4.0,3.0,13.0,31.0,86.0
2025-01-11 00:00:00,WN,20,36,-9.0,1.0,9.0,17.0,35.0,44.0
2025-01-12 00:00:00,AA,0,6,-11.0,-10.0,-8.0,-6.0,0.0,0.0
2025-01-12 00:00:00,AA,7,178,-13.0,-6.0,-3.0,1.0,16.0,637.0
2025-01-12 00:00:00,AA,12,132,-10.0,-4.0,0.0,16.0,55.0,608.0
2025-01-12 00:00:00,AA,14,159,-15.0,-4.0,-1.0,14.0,58.0,243.0
2025-01-12 00:00:00,AA,15,112,-13.0,-4.0,-1.0,17.0,58.0,243.0
2025-01-12 00:00:00,AA,19,148,-18.0,-7.0,-2.0,13.0,72.0,165.0
2025-01-12 00:00:00,AA,21,83,-12.0,-5.0,-2.0,4.0,30.0,100.0
2025-01-12 00:00:00,AA,23,27,-12.0,-8.0,-6.0,-1.0,62.0,111.0
2025-01-12 00:00:00,DL,1,2,-7.0,-7.0,-7.0,92.0,92.0,92.0
2025-01-12 00:00:00,DL,6,166,-14.0,-6.0,-1.0,11.0,54.0,443.0
2025-01-12 00:00:00,DL,9,118,-16.0,-3.0,7.0,42.0,82.0,334.0
2025-01-12 00:00:00,DL,11,181,-12.0,0.0,18.0,59.0,97.0,1137.0
2025-01-12 00:00:00,DL,19,120,-15.0,-3.0,8.0,40.0,72.0,630.0
2025-01-12 00:00:00,UA,8,177,-12.0,-6.0,-3.0,0.0,11.0,378.0
2025-01-12 00:00:00,UA,13,129,-18.0,-6.0,-3.0,4.0,39.0,194.0
2025-01-12 00:00:00,UA,14,114,-18.0,-6.0,-2.0,6.0,46.0,230.0
2025-01-12 00:00:00,UA,18,141,-17.0,-5.0,-1.0,12.0,28.0,156.0
2025-01-12 00:00:00,UA,21,34,-11.0,-7.0,-5.0,4.0,35.0,218.0
2025-01-12 00:00:00,UA,23,34,-15.0,-7.0,-2.0,0.0,32.0,75.0
2025-01-12 00:00:00,WN,9,219,-11.0,-5.0,-2.0,2.0,14.0,88.0
2025-01-12 00:00:00,WN,11,222,-12.0,-4.0,-1.0,3.0,17.0,118.0
2025-01-12 00:00:00,WN,12,227,-11.0,-4.0,-1.0,6.0,24.0,232.0
2025-01-12 00:00:00,WN,17,223,-14.0,-4.0,1.0,14.0,29.0,269.0
2025-01-12 00:00:00,WN,22,3,-6.0,-6.0,9.0,13.0,13.0,13.0
2025-01-13 00:00:00,AA,9,134,-13.0,-6.0,-3.0,0.0,11.0,330.0
2025-01-13 00:00:00,AA,16,141,-18.0,-6.0,-3.0,4.0,40.0,1424.0
2025-01-13 00:00:00,AA,18,146,-15.0,-6.0,-3.0,7.0,19.0,224.0
2025-01-13 00:00:00,DL,5,65,-15.0,-8.0,-5.0,-1.0,6.0,194.0
2025-01-13 00:00:00,DL,6,180,-17.0,-8.0,-5.0,0.0,16.0,751.0
2025-01-13 00:00:00,DL,12,154,-17.0,-6.0,-3.0,6.0,28.0,110.0
2025-01-13 00:00:00,DL,14,123,-14.0,-5.0,-3.0,5.0,27.0,73.0
2025-01-13 00:00:00,DL,16,112,-15.0,-7.0,-3.0,8.0,26.0,168.0
2025-01-13 00:00:00,DL,21,80,-19.0,-8.0,-4.0,0.0,12.0,63.0
2025-01-13 00:00:00,UA,0,3,-11.0,-11.0,-7.0,-1.0,-1.0,-1.0
2025-01-13 00:00:00,UA,8,180,-13.0,-7.0,-5.0,-2.0,3.0,110.0
2025-01-13 00:00:00,UA,12,134,-14.0,-6.0,-3.0,0.0,13.0,191.0
2025-01-13 00:00:00,UA,14,117,-15.0,-8.0,-4.0,3.0,15.0,163.0
2025-01-13 00:00:00,WN,6,224,-13.0,-6.0,-5.0,-2.0,2.0,131.0
2025-01-13 00:00:00,WN,7,190,-13.0,-6.0,-4.0,-2.0,0.0,97.0
2025-01-13 00:00:00,WN,11,265,-12.0,-6.0,-3.0,1.0,9.0,292.0
2025-01-13 00:00:00,WN,12,182,-11.0,-6.0,-4.0,1.0,8.0,118.0
2025-01-13 00:00:00,WN,13,242,-14.0,-6.0,-4.0,0.0,9.0,97.0
2025-01-13 00:00:00,WN,17,198,-15.0,-7.0,-4.0,0.0,7.0,36.0
2025-01-13 00:00:00,WN,19,120,-15.0,-8.0,-6.0,-3.0,2.0,37.0
2025-01-14 00:00:00,AA,0,5,-11.0,-10.0,-5.0,-4.0,-3.0,-3.0
2025-01-14 00:00:00,AA,6,171,-14.0,-9.0,-6.0,-3.0,10.0,473.0
2025-01-14 00:00:00,AA,12,129,-15.0,-7.0,-3.0,3.0,14.0,257.0
2025-01-14 00:00:00,AA,22,56,-16.0,-11.0,-7.0,-4.0,0.0,31.0
2025-01-14 00:00:00,DL,0,1,-19.0,-19.0,-19.0,-19.0,-19.0,-19.0
2025-01-14 00:00:00,DL,1,2,-6.0,-6.0,-6.0,-1.0,-1.0,-1.0
2025-01-14 00:00:00,DL,6,178,-19.0,-10.0,-6.0,-2.0,2.0,435.0
2025-01-14 00:00:00,DL,14,111,-17.0,-8.0,-5.0,0.0,8.0,1109.0
2025-01-14 00:00:00,DL,16,97,-15.0,-6.0,-3.0,4.0,16.0,88.0
2025-01-14 00:00:00,DL,18,125,-16.0,-8.0,-5.0,-1.0,17.0,161.0
2025-01-14 00:00:00,DL,20,68,-14.0,-6.0,-4.0,0.0,22.0,97.0
2025-01-14 00:00:00,DL,21,63,-17.0,-7.0,-4.0,0.0,13.0,124.0
2025-01-14 00:00:00,UA,7,150,-19.0,-9.0,-6.0,-3.0,4.0,148.0
2025-01-14 00:00:00,UA,12,131,-17.0,-8.0,-6.0,-2.0,5.0,98.0
2025-01-14 00:00:00,UA,21,23,-18.0,-12.0,-9.0,3.0,26.0,51.0
2025-01-14 00:00:00,UA,23,24,-16.0,-9.0,-6.0,-4.0,-2.0,1.0
2025-01-14 00:00:00,WN,5,29,-9.0,-6.0,-4.0,-2.0,9.0,27.0
2025-01-14 00:00:00,WN,7,190,-10.0,-7.0,-5.0,-2.0,0.0,94.0
2025-01-14 00:00:00,WN,12,182,-14.0,-6.0,-4.0,0.0,17.0,144.0
2025-01-14 00:00:00,WN,14,220,-13.0,-7.0,-4.0,0.0,10.0,144.0
2025-01-14 00:00:00,WN,17,198,-15.0,-7.0,-4.0,0.0,14.0,132.0
2025-01-15 00:00:00,AA,0,5,-9.0,-8.0,-3.0,0.0,9.0,9.0
2025-01-15 00:00:00,AA,8,187,-13.0,-7.0,-5.0,-2.0,8.0,2336.0
2025-01-15 00:00:00,AA,9,133,-13.0,-7.0,-4.0,-1.0,9.0,2063.0
2025-01-15 00:00:00,AA,10,130,-12.0,-7.0,-5.0,-1.0,3.0,94.0
2025-01-15 00:00:00,AA,20,79,-28.0,-8.0,-4.0,-1.0,14.0,106.0
2025-01-15 00:00:00,AA,23,20,-11.0,-7.0,-4.0,-1.0,12.0,124.0
2025-01-15 00:00:00,DL,1,2,-11.0,-11.0,-11.0,-11.0,-11.0,-11.0
2025-01-15 00:00:00,DL,9,118,-15.0,-7.0,-5.0,-1.0,5.0,53.0
2025-01-15 00:00:00,DL,12,148,-20.0,-9.0,-5.0,0.0,11.0,86.0
2025-01-15 00:00:00,DL,20,71,-16.0,-8.0,-5.0,0.0,12.0,30.0
2025-01-15 00:00:00,UA,9,140,-15.0,-6.0,-3.0,2.0,9.0,118.0
2025-01-15 00:00:00,UA,14,114,-17.0,-8.0,-5.0,-1.0,7.0,150.0
2025-01-15 00:00:00,UA,17,145,-15.0,-7.0,-4.0,-1.0,8.0,210.0
2025-01-15 00:00:00,UA,21,27,-13.0,-10.0,-7.0,-2.0,25.0,69.0
2025-01-15 00:00:00,UA,23,27,-13.0,-9.0,-4.0,-2.0,14.0,48.0
2025-01-15 00:00:00,WN,14,220,-11.0,-6.0,-3.0,-1.0,6.0,222.0
2025-01-15 00:00:00,WN,19,120,-16.0,-7.0,-5.0,-1.0,5.0,153.0
2025-01-16 00:00:00,AA,11,159,-12.0,-6.0,-2.0,3.0,15.0,256.0
2025-01-16 00:00:00,AA,13,140,-11.0,-6.0,-3.0,2.0,22.0,1098.0
2025-01-16 00:00:00,AA,16,154,-15.0,-5.0,-2.0,5.0,34.0,252.0
2025-01-16 00:00:00,AA,18,168,-13.0,-4.0,-1.0,10.0,37.0,1000.0
2025-01-16 00:00:00,DL,0,1,-8.0,-8.0,-8.0,-8.0,-8.0,-8.0
2025-01-16 00:00:00,DL,5,65,-15.0,-8.0,-6.0,-2.0,3.0,246.0
2025-01-16 00:00:00,DL,12,161,-20.0,-7.0,-3.0,2.0,13.0,103.0
2025-01-16 00:00:00,DL,19,133,-22.0,-5.0,-2.0,12.0,46.0,143.0
2025-01-16 00:00:00,DL,20,68,-13.0,-6.0,-2.0,10.0,41.0,233.0
2025-01-16 00:00:00,DL,22,84,-19.0,-6.0,-4.0,0.0,8.0,134.0
2025-01-16 00:00:00,DL,23,24,-16.0,-7.0,-4.0,0.0,12.0,69.0
2025-01-16 00:00:00,UA,10,119,-20.0,-7.0,-3.0,0.0,13.0,131.0
2025-01-16 00:00:00,UA,16,124,-13.0,-6.0,-3.0,1.0,15.0,343.0
2025-01-16 00:00:00,UA,19,104,-15.0,-6.0,-3.0,3.0,18.0,189.0
2025-01-16 00:00:00,UA,22,25,-13.0,-7.0,-4.0,0.0,6.0,23.0
2025-01-16 00:00:00,WN,5,97,-10.0,-6.0,-4.0,-1.0,6.0,100.0
2025-01-16 00:00:00,WN,11,220,-15.0,-5.0,-2.0,1.0,12.0,277.0
2025-01-16 00:00:00,WN,13,243,-13.0,-5.0,-2.0,4.0,15.0,156.0
2025-01-16 00:00:00,WN,15,227,-15.0,-4.0,-1.0,5.0,14.0,262.0
2025-01-16 00:00:00,WN,19,267,-14.0,-4.0,-1.0,6.0,22.0,173.0
2025-01-16 00:00:00,WN,20,180,-13.0,-6.0,-3.0,5.0,23.0,243.0
2025-01-16 00:00:00,WN,22,3,-7.0,-7.0,-4.0,1.0,1.0,1.0
2025-01-17 00:00:00,AA,1,1,-6.0,-6.0,-6.0,-6.0,-6.0,-6.0
2025-01-17 00:00:00,AA,5,103,-14.0,-6.0,-3.0,-1.0,6.0,899.0
2025-01-17 00:00:00,AA,10,137,-10.0,-5.0,-2.0,2.0,18.0,126.0
2025-01-17 00:00:00,AA,11,158,-10.0,-4.0,-1.0,6.0,34.0,182.0
2025-01-17 00:00:00,DL,0,2,-11.0,-11.0,-11.0,-10.0,-10.0,-10.0
2025-01-17 00:00:00,DL,7,227,-14.0,-5.0,-3.0,2.0,12.0,389.0
2025-01-17 00:00:00,DL,8,164,-13.0,-6.0,-3.0,0.0,11.0,211.0
2025-01-17 00:00:00,DL,10,149,-16.0,-6.0,-3.0,3.0,25.0,186.0
2025-01-17 00:00:00,DL,11,182,-15.0,-6.0,-3.0,2.0,12.0,131.0
2025-01-17 00:00:00,DL,12,160,-16.0,-6.0,-3.0,4.0,22.0,86.0
2025-01-17 00:00:00,DL,14,128,-18.0,-6.0,-3.0,6.0,23.0,442.0
2025-01-17 00:00:00,UA,14,117,-16.0,-6.0,-4.0,-1.0,12.0,128.0
2025-01-17 00:00:00,UA,17,147,-14.0,-5.0,-3.0,3.0,19.0,162.0
2025-01-17 00:00:00,UA,20,83,-15.0,-5.0,-1.0,10.0,28.0,169.0
2025-01-17 00:00:00,WN,8,267,-13.0,-5.0,-2.0,0.0,5.0,111.0
2025-01-17 00:00:00,WN,9,217,-12.0,-4.0,-2.0,1.0,10.0,86.0
2025-01-17 00:00:00,WN,10,231,-12.0,-4.0,-2.0,2.0,9.0,118.0
2025-01-17 00:00:00,WN,15,227,-11.0,-3.0,0.0,9.0,21.0,159.0
2025-01-17 00:00:00,WN,18,223,-15.0,-4.0,0.0,9.0,23.0,88.0
2025-01-17 00:00:00,WN,19,266,-13.0,-5.0,-2.0,2.0,13.0,132.0
2025-01-18 00:00:00,AA,5,81,-11.0,-5.0,-3.0,-1.0,2.0,230.0
2025-01-18 00:00:00,AA,10,119,-10.0,-5.0,-2.0,1.0,12.0,129.0
2025-01-18 00:00:00,AA,12,114,-16.0,-5.0,-2.0,3.0,25.0,204.0
2025-01-18 00:00:00,AA,20,65,-20.0,-5.0,-3.0,5.0,15.0,684.0
2025-01-18 00:00:00,AA,22,57,-13.0,-7.0,-5.0,-2.0,1.0,432.0
2025-01-18 00:00:00,DL,9,117,-12.0,-6.0,-3.0,1.0,15.0,269.0
2025-01-18 00:00:00,DL,10,120,-17.0,-7.0,-4.0,0.0,24.0,170.0
2025-01-18 00:00:00,DL,13,125,-23.0,-7.0,-3.0,4.0,27.0,152.0
2025-01-18 00:00:00,DL,17,149,-30.0,-9.0,-5.0,1.0,24.0,180.0
2025-01-18 00:00:00,DL,20,58,-17.0,-6.0,-4.0,8.0,22.0,65.0
2025-01-18 00:00:00,UA,0,3,-10.0,-10.0,-6.0,-6.0,-6.0,-6.0
2025-01-18 00:00:00,UA,7,163,-15.0,-6.0,-3.0,0.0,15.0,88.0
2025-01-18 00:00:00,UA,10,113,-16.0,-6.0,-3.0,3.0,19.0,452.0
2025-01-18 00:00:00,UA,15,76,-18.0,-5.0,-1.0,9.0,32.0,154.0
2025-01-18 00:00:00,UA,16,110,-15.0,-7.0,-2.0,6.0,41.0,362.0
2025-01-18 00:00:00,UA,17,129,-16.0,-6.0,-1.0,8.0,30.0,103.0
2025-01-18 00:00:00,UA,19,81,-18.0,-5.0,2.0,16.0,36.0,131.0
2025-01-18 00:00:00,WN,8,230,-12.0,-5.0,-3.0,0.0,7.0,97.0
2025-01-18 00:00:00,WN,10,210,-11.0,-4.0,-1.0,5.0,14.0,157.0
2025-01-18 00:00:00,WN,15,178,-16.0,-5.0,-1.0,6.0,19.0,309.0
2025-01-19 00:00:00,AA,6,158,-13.0,-7.0,-5.0,-2.0,4.0,830.0
2025-01-19 00:00:00,AA,8,179,-13.0,-6.0,-3.0,1.0,18.0,500.0
2025-01-19 00:00:00,AA,10,129,-12.0,-4.0,-1.0,9.0,42.0,507.0
2025-01-19 00:00:00,AA,16,148,-13.0,-5.0,-1.0,15.0,52.0,430.0
2025-01-19 00:00:00,AA,17,146,-12.0,-4.0,3.0,28.0,48.0,945.0
2025-01-19 00:00:00,AA,18,147,-12.0,-3.0,6.0,38.0,87.0,1011.0
2025-01-19 00:00:00,DL,18,103,-14.0,-5.0,0.0,21.0,52.0,963.0
2025-01-19 00:00:00,DL,21,71,-13.0,-6.0,-3.0,11.0,40.0,138.0
2025-01-19 00:00:00,DL,23,20,-8.0,-5.0,0.0,18.0,47.0,106.0
2025-01-19 00:00:00,UA,6,108,-15.0,-8.0,-5.0,-1.0,8.0,320.0
2025-01-19 00:00:00,UA,12,128,-28.0,-6.0,-3.0,4.0,29.0,346.0
2025-01-19 00:00:00,UA,17,130,-10.0,-5.0,0.0,14.0,48.0,336.0
2025-01-19 00:00:00,UA,23,30,-14.0,-6.0,-3.0,5.0,46.0,62.0
2025-01-19 00:00:00,WN,8,238,-10.0,-5.0,-3.0,0.0,11.0,124.0
2025-01-19 00:00:00,WN,9,234,-15.0,-5.0,-2.0,2.0,15.0,96.0
2025-01-19 00:00:00,WN,13,237,-10.0,-4.0,-1.0,11.0,32.0,240.0
2025-01-19 00:00:00,WN,20,163,-9.0,2.0,13.0,30.0,61.0,128.0
2025-01-19 00:00:00,WN,21,14,-7.0,12.0,34.0,47.0,164.0,190.0
2025-01-20 00:00:00,AA,7,202,-13.0,-5.0,-2.0,2.0,21.0,1803.0
2025-01-20 00:00:00,AA,12,136,-11.0,-4.0,3.0,25.0,43.0,348.0
2025-01-20 00:00:00,AA,15,118,-9.0,-3.0,2.0,20.0,50.0,244.0
2025-01-20 00:00:00,AA,18,140,-14.0,-3.0,1.0,21.0,63.0,315.0
2025-01-20 00:00:00,AA,20,82,-11.0,-4.0,0.0,17.0,50.0,972.0
2025-01-20 00:00:00,DL,0,2,-1.0,-1.0,-1.0,30.0,30.0,30.0
2025-01-20 00:00:00,DL,12,175,-15.0,-5.0,3.0,22.0,69.0,1104.0
2025-01-20 00:00:00,DL,13,149,-15.0,-4.0,6.0,24.0,98.0,412.0
2025-01-20 00:00:00,DL,16,140,-13.0,-2.0,5.0,29.0,55.0,197.0
2025-01-20 00:00:00,DL,20,96,-14.0,-1.0,12.0,51.0,114.0,242.0
2025-01-20 00:00:00,DL,22,88,-11.0,-4.0,0.0,12.0,40.0,634.0
2025-01-20 00:00:00,UA,2,1,-3.0,-3.0,-3.0,-3.0,-3.0,-3.0
2025-01-20 00:00:00,UA,6,104,-18.0,-5.0,-2.0,6.0,37.0,121.0
2025-01-20 00:00:00,UA,9,152,-11.0,-4.0,2.0,13.0,36.0,106.0
2025-01-20 00:00:00,UA,19,102,-15.0,-2.0,8.0,27.0,67.0,179.0
2025-01-20 00:00:00,WN,8,267,-13.0,-3.0,-1.0,7.0,28.0,262.0
2025-01-20 00:00:00,WN,12,225,-9.0,-1.0,9.0,32.0,59.0,168.0
2025-01-20 00:00:00,WN,15,224,-12.0,0.0,16.0,43.0,80.0,187.0
2025-01-20 00:00:00,WN,20,168,-12.0,4.0,20.0,50.0,89.0,288.0
2025-01-20 00:00:00,WN,22,3,-5.0,-5.0,-4.0,57.0,57.0,57.0
2025-01-21 00:00:00,AA,8,180,-14.0,-5.0,-2.0,2.0,18.0,157.0
2025-01-21 00:00:00,AA,10,127,-12.0,-5.0,-2.0,11.0,35.0,216.0
2025-01-21 00:00:00,AA,18,126,-13.0,-6.0,-1.0,20.0,52.0,1353.0
2025-01-21 00:00:00,AA,19,96,-12.0,-6.0,-2.0,11.0,55.0,818.0
2025-01-21 00:00:00,AA,22,43,-10.0,-4.0,2.0,33.0,40.0,73.0
2025-01-21 00:00:00,DL,0,4,-9.0,-9.0,-8.0,-4.0,0.0,0.0
2025-01-21 00:00:00,DL,7,219,-13.0,-5.0,-1.0,7.0,37.0,363.0
2025-01-21 00:00:00,DL,8,161,-15.0,-5.0,-2.0,8.0,25.0,344.0
2025-01-21 00:00:00,DL,10,140,-19.0,-6.0,0.0,17.0,54.0,337.0
2025-01-21 00:00:00,DL,12,160,-13.0,-5.0,1.0,18.0,52.0,337.0
2025-01-21 00:00:00,DL,13,133,-15.0,-5.0,-1.0,15.0,48.0,370.0
2025-01-21 00:00:00,DL,15,168,-14.0,-3.0,3.0,29.0,88.0,1188.0
2025-01-21 00:00:00,DL,19,90,-16.0,-1.0,28.0,111.0,185.0,980.0
2025-01-21 00:00:00,DL,20,66,-14.0,-2.0,21.0,102.0,224.0,677.0
2025-01-21 00:00:00,DL,21,51,-14.0,-5.0,16.0,92.0,167.0,836.0
2025-01-21 00:00:00,UA,0,1,80.0,80.0,80.0,80.0,80.0,80.0
2025-01-21 00:00:00,UA,14,85,-12.0,-6.0,-2.0,7.0,20.0,103.0
2025-01-21 00:00:00,UA,15,68,-12.0,-7.0,-2.0,11.0,32.0,135.0
2025-01-21 00:00:00,UA,17,117,-22.0,-5.0,-1.0,3.0,27.0,131.0
2025-01-21 00:00:00,UA,20,45,-14.0,-4.0,1.0,24.0,33.0,703.0
2025-01-21 00:00:00,UA,23,23,-10.0,-9.0,-7.0,0.0,4.0,27.0
2025-01-21 00:00:00,WN,5,29,-11.0,-5.0,-3.0,0.0,2.0,6.0
2025-01-21 00:00:00,WN,10,185,-10.0,-3.0,3.0,13.0,33.0,188.0
2025-01-21 00:00:00,WN,14,194,-11.0,-4.0,1.0,10.0,26.0,317.0
2025-01-21 00:00:00,WN,17,174,-12.0,-4.0,1.0,14.0,50.0,231.0
2025-01-21 00:00:00,WN,18,218,-12.0,-5.0,-1.0,8.0,26.0,317.0
2025-01-22 00:00:00,AA,12,129,-12.0,-5.0,-1.0,9.0,51.0,426.0
2025-01-22 00:00:00,AA,20,77,-15.0,-6.0,-2.0,4.0,33.0,42.0
2025-01-22 00:00:00,AA,21,74,-13.0,-4.0,-1.0,8.0,29.0,159.0
2025-01-22 00:00:00,AA,23,19,-12.0,-9.0,-5.0,-1.0,16.0,16.0
2025-01-22 00:00:00,DL,8,147,-13.0,-4.0,11.0,95.0,170.0,304.0
2025-01-22 00:00:00,DL,9,99,-12.0,-5.0,0.0,73.0,138.0,281.0
2025-01-22 00:00:00,DL,10,119,-11.0,-1.0,33.0,149.0,233.0,504.0
2025-01-22 00:00:00,DL,12,138,-14.0,-4.0,22.0,115.0,186.0,373.0
2025-01-22 00:00:00,DL,14,100,-15.0,-4.0,14.0,89.0,167.0,286.0
2025-01-22 00:00:00,DL,16,106,-15.0,-1.0,18.0,79.0,147.0,304.0
2025-01-22 00:00:00,DL,17,150,-17.0,-5.0,2.0,46.0,91.0,925.0
2025-01-22 00:00:00,DL,18,142,-15.0,-4.0,16.0,55.0,131.0,255.0
2025-01-22 00:00:00,DL,20,71,-17.0,-2.0,11.0,42.0,114.0,152.0
2025-01-22 00:00:00,DL,22,80,-10.0,-1.0,7.0,43.0,77.0,649.0
2025-01-22 00:00:00,UA,1,1,1.0,1.0,1.0,1.0,1.0,1.0
2025-01-22 00:00:00,UA,2,1,-6.0,-6.0,-6.0,-6.0,-6.0,-6.0
2025-01-22 00:00:00,UA,21,26,-14.0,-9.0,-5.0,-1.0,4.0,23.0
2025-01-22 00:00:00,UA,22,25,-12.0,-8.0,-6.0,-3.0,1.0,62.0
2025-01-22 00:00:00,WN,20,161,-15.0,-6.0,-3.0,1.0,9.0,60.0
2025-01-23 00:00:00,AA,6,165,-17.0,-8.0,-5.0,-3.0,0.0,910.0
2025-01-23 00:00:00,AA,14,157,-13.0,-5.0,-1.0,25.0,117.0,375.0
2025-01-23 00:00:00,AA,19,142,-19.0,-6.0,0.0,13.0,50.0,221.0
2025-01-23 00:00:00,AA,20,118,-18.0,-4.0,1.0,22.0,90.0,498.0
2025-01-23 00:00:00,AA,21,79,-12.0,-5.0,1.0,32.0,90.0,234.0
2025-01-23 00:00:00,AA,23,25,-11.0,-5.0,-3.0,-1.0,1.0,10.0
2025-01-23 00:00:00,DL,0,2,-10.0,-10.0,-10.0,-4.0,-4.0,-4.0
2025-01-23 00:00:00,DL,1,2,-14.0,-14.0,-14.0,-5.0,-5.0,-5.0
2025-01-23 00:00:00,DL,7,227,-16.0,-6.0,-4.0,0.0,13.0,597.0
2025-01-23 00:00:00,DL,12,170,-17.0,-5.0,0.0,13.0,50.0,326.0
2025-01-23 00:00:00,DL,16,139,-16.0,-5.0,0.0,18.0,54.0,309.0
2025-01-23 00:00:00,DL,18,158,-22.0,-5.0,1.0,22.0,56.0,395.0
2025-01-23 00:00:00,DL,20,99,-17.0,-5.0,0.0,15.0,48.0,129.0
2025-01-23 00:00:00,UA,6,111,-17.0,-8.0,-6.0,-3.0,8.0,104.0
2025-01-23 00:00:00,UA,10,115,-13.0,-6.0,-3.0,1.0,19.0,89.0
2025-01-23 00:00:00,UA,11,115,-12.0,-6.0,-2.0,3.0,18.0,167.0
2025-01-23 00:00:00,UA,14,115,-17.0,-7.0,-3.0,3.0,21.0,165.0
2025-01-23 00:00:00,UA,19,103,-17.0,-6.0,-2.0,6.0,18.0,158.0
2025-01-23 00:00:00,UA,23,30,-16.0,-9.0,-4.0,2.0,11.0,113.0
2025-01-23 00:00:00,WN,5,29,-7.0,-4.0,-2.0,0.0,11.0,99.0
2025-01-23 00:00:00,WN,10,192,-12.0,-5.0,-2.0,4.0,13.0,101.0
2025-01-23 00:00:00,WN,11,252,-14.0,-5.0,-2.0,2.0,15.0,224.0
2025-01-23 00:00:00,WN,16,208,-14.0,-4.0,0.0,14.0,73.0,341.0
2025-01-24 00:00:00,AA,5,101,-12.0,-8.0,-5.0,-1.0,6.0,910.0
2025-01-24 00:00:00,AA,6,171,-13.0,-8.0,-5.0,-2.0,5.0,259.0
2025-01-24 00:00:00,AA,8,190,-15.0,-5.0,-3.0,1.0,28.0,847.0
2025-01-24 00:00:00,AA,9,134,-14.0,-5.0,-2.0,4.0,23.0,106.0
2025-01-24 00:00:00,AA,14,150,-13.0,-5.0,-2.0,12.0,39.0,150.0
2025-01-24 00:00:00,AA,19,113,-25.0,-6.0,-3.0,6.0,31.0,196.0
2025-01-24 00:00:00,AA,21,83,-10.0,-4.0,-2.0,7.0,26.0,207.0
2025-01-24 00:00:00,AA,23,21,-12.0,-5.0,-1.0,3.0,15.0,31.0
2025-01-24 00:00:00,DL,12,176,-15.0,-6.0,-2.0,10.0,49.0,289.0
2025-01-24 00:00:00,DL,13,147,-17.0,-7.0,-3.0,6.0,45.0,201.0
2025-01-24 00:00:00,DL,18,160,-19.0,-8.0,-2.0,14.0,40.0,158.0
2025-01-24 00:00:00,DL,20,100,-18.0,-6.0,-4.0,5.0,37.0,167.0
2025-01-24 00:00:00,DL,23,26,-14.0,-2.0,0.0,7.0,27.0,35.0
2025-01-24 00:00:00,UA,2,1,-4.0,-4.0,-4.0,-4.0,-4.0,-4.0
2025-01-24 00:00:00,UA,14,118,-13.0,-7.0,-3.0,1.0,18.0,190.0
2025-01-24 00:00:00,UA,17,147,-16.0,-7.0,-4.0,1.0,13.0,227.0
2025-01-24 00:00:00,UA,18,141,-15.0,-7.0,-4.0,1.0,15.0,88.0
2025-01-24 00:00:00,UA,20,81,-14.0,-7.0,-3.0,5.0,30.0,220.0
2025-01-24 00:00:00,UA,23,30,-15.0,-8.0,-5.0,-1.0,7.0,26.0
2025-01-24 00:00:00,WN,8,246,-14.0,-4.0,-2.0,1.0,9.0,117.0
2025-01-24 00:00:00,WN,12,182,-15.0,-4.0,-1.0,3.0,20.0,101.0
2025-01-24 00:00:00,WN,14,220,-12.0,-5.0,-1.0,8.0,27.0,414.0
2025-01-24 00:00:00,WN,16,208,-14.0,-5.0,-2.0,6.0,23.0,84.0
2025-01-24 00:00:00,WN,21,15,-11.0,-8.0,-4.0,-1.0,3.0,4.0
2025-01-25 00:00:00,AA,5,82,-19.0,-8.0,-6.0,-4.0,1.0,59.0
2025-01-25 00:00:00,AA,7,155,-17.0,-7.0,-5.0,-2.0,6.0,139.0
2025-01-25 00:00:00,AA,9,121,-14.0,-6.0,-4.0,0.0,8.0,92.0
2025-01-25 00:00:00,AA,11,134,-12.0,-6.0,-4.0,1.0,24.0,203.0
2025-01-25 00:00:00,AA,12,115,-15.0,-6.0,-2.0,10.0,28.0,386.0
2025-01-25 00:00:00,AA,17,141,-19.0,-8.0,-5.0,5.0,29.0,305.0
2025-01-25 00:00:00,AA,18,138,-18.0,-6.0,-3.0,3.0,20.0,647.0
2025-01-25 00:00:00,AA,19,99,-19.0,-8.0,-3.0,4.0,24.0,291.0
2025-01-25 00:00:00,AA,20,81,-18.0,-6.0,-2.0,10.0,44.0,130.0
2025-01-25 00:00:00,DL,5,58,-14.0,-8.0,-6.0,-1.0,12.0,446.0
2025-01-25 00:00:00,DL,11,168,-19.0,-5.0,-2.0,9.0,26.0,101.0
2025-01-25 00:00:00,DL,16,102,-20.0,-9.0,-6.0,-1.0,11.0,164.0
2025-01-25 00:00:00,DL,17,152,-21.0,-10.0,-6.0,-1.0,45.0,191.0
2025-01-25 00:00:00,DL,21,64,-17.0,-7.0,-3.0,0.0,13.0,59.0
2025-01-25 00:00:00,DL,23,19,-14.0,-5.0,-3.0,6.0,18.0,52.0
2025-01-25 00:00:00,UA,5,25,-10.0,-7.0,-5.0,-2.0,11.0,35.0
2025-01-25 00:00:00,UA,7,159,-16.0,-7.0,-5.0,-1.0,10.0,292.0
2025-01-25 00:00:00,UA,8,162,-14.0,-6.0,-4.0,0.0,20.0,192.0
2025-01-25 00:00:00,UA,11,107,-18.0,-6.0,0.0,25.0,102.0,483.0
2025-01-25 00:00:00,UA,12,112,-16.0,-6.0,-3.0,3.0,24.0,285.0
2025-01-25 00:00:00,UA,13,118,-15.0,-5.0,4.0,27.0,80.0,327.0
2025-01-25 00:00:00,UA,16,108,-23.0,-6.0,0.0,17.0,47.0,176.0
2025-01-25 00:00:00,UA,18,108,-18.0,-7.0,-3.0,4.0,31.0,123.0
2025-01-25 00:00:00,UA,22,22,-18.0,-8.0,-7.0,2.0,5.0,57.0
2025-01-25 00:00:00,WN,7,201,-11.0,-6.0,-4.0,-2.0,1.0,168.0
2025-01-25 00:00:00,WN,8,235,-13.0,-6.0,-3.0,0.0,7.0,136.0
2025-01-25 00:00:00,WN,9,220,-15.0,-5.0,-3.0,2.0,16.0,122.0
2025-01-25 00:00:00,WN,11,226,-15.0,-5.0,-2.0,6.0,31.0,188.0
2025-01-25 00:00:00,WN,16,205,-14.0,-5.0,-1.0,9.0,42.0,173.0
2025-01-25 00:00:00,WN,19,78,-12.0,-5.0,-1.0,22.0,39.0,113.0
2025-01-26 00:00:00,AA,0,6,-8.0,-8.0,-5.0,4.0,21.0,21.0
2025-01-26 00:00:00,AA,5,88,-15.0,-9.0,-7.0,-4.0,3.0,667.0
2025-01-26 00:00:00,AA,11,156,-13.0,-5.0,-3.0,2.0,15.0,524.0
2025-01-26 00:00:00,AA,19,148,-17.0,-6.0,-3.0,8.0,30.0,231.0
2025-01-26 00:00:00,AA,20,123,-15.0,-4.0,-1.0,12.0,49.0,484.0
2025-01-26 00:00:00,DL,0,1,-10.0,-10.0,-10.0,-10.0,-10.0,-10.0
2025-01-26 00:00:00,DL,1,2,-14.0,-14.0,-14.0,-9.0,-9.0,-9.0
2025-01-26 00:00:00,DL,6,175,-21.0,-9.0,-5.0,-2.0,3.0,414.0
2025-01-26 00:00:00,DL,9,127,-16.0,-7.0,-4.0,-1.0,3.0,231.0
2025-01-26 00:00:00,DL,10,157,-17.0,-7.0,-4.0,-1.0,16.0,269.0
2025-01-26 00:00:00,DL,11,185,-14.0,-7.0,-4.0,0.0,12.0,80.0
2025-01-26 00:00:00,DL,13,149,-20.0,-7.0,-3.0,3.0,24.0,302.0
2025-01-26 00:00:00,DL,16,142,-12.0,-7.0,-3.0,3.0,21.0,290.0
2025-01-26 00:00:00,DL,18,158,-25.0,-7.0,-4.0,3.0,17.0,836.0
2025-01-26 00:00:00,DL,22,90,-16.0,-6.0,-3.0,3.0,17.0,156.0
2025-01-26 00:00:00,UA,1,1,-10.0,-10.0,-10.0,-10.0,-10.0,-10.0
2025-01-26 00:00:00,UA,2,1,-8.0,-8.0,-8.0,-8.0,-8.0,-8.0
2025-01-26 00:00:00,UA,7,165,-16.0,-8.0,-6.0,-2.0,3.0,169.0
2025-01-26 00:00:00,UA,17,145,-14.0,-6.0,-3.0,0.0,7.0,67.0
2025-01-26 00:00:00,WN,8,270,-14.0,-6.0,-4.0,-1.0,4.0,271.0
2025-01-26 00:00:00,WN,22,3,-13.0,-13.0,-8.0,7.0,7.0,7.0
2025-01-27 00:00:00,AA,0,8,-10.0,-10.0,-8.0,-3.0,19.0,19.0
2025-01-27 00:00:00,AA,11,159,-14.0,-5.0,-2.0,8.0,33.0,1782.0
2025-01-27 00:00:00,AA,17,156,-19.0,-8.0,-4.0,1.0,23.0,226.0
2025-01-27 00:00:00,AA,21,81,-19.0,-5.0,-3.0,5.0,32.0,165.0
2025-01-27 00:00:00,AA,23,21,-15.0,-10.0,-7.0,-1.0,18.0,60.0
2025-01-27 00:00:00,DL,12,171,-21.0,-7.0,-4.0,2.0,14.0,91.0
2025-01-27 00:00:00,DL,22,91,-16.0,-9.0,-6.0,-1.0,6.0,444.0
2025-01-27 00:00:00,UA,0,3,-2.0,-2.0,5.0,43.0,43.0,43.0
2025-01-27 00:00:00,UA,2,1,-8.0,-8.0,-8.0,-8.0,-8.0,-8.0
2025-01-27 00:00:00,UA,14,115,-16.0,-8.0,-6.0,-1.0,14.0,167.0
2025-01-27 00:00:00,WN,6,224,-14.0,-6.0,-4.0,-2.0,1.0,564.0
2025-01-27 00:00:00,WN,8,246,-13.0,-5.0,-3.0,0.0,7.0,123.0
2025-01-27 00:00:00,WN,14,220,-12.0,-5.0,-2.0,2.0,18.0,100.0
2025-01-27 00:00:00,WN,20,166,-15.0,-6.0,-4.0,2.0,15.0,89.0
2025-01-28 00:00:00,AA,6,170,-16.0,-10.0,-8.0,-5.0,1.0,473.0
2025-01-28 00:00:00,AA,11,146,-16.0,-8.0,-4.0,-2.0,3.0,109.0
2025-01-28 00:00:00,AA,12,129,-17.0,-7.0,-5.0,-1.0,17.0,270.0
2025-01-28 00:00:00,AA,16,125,-18.0,-8.0,-5.0,-2.0,4.0,94.0
2025-01-28 00:00:00,DL,5,68,-18.0,-11.0,-8.0,-5.0,0.0,49.0
2025-01-28 00:00:00,DL,10,146,-25.0,-8.0,-4.0,1.0,36.0,224.0
2025-01-28 00:00:00,DL,16,115,-20.0,-9.0,-5.0,0.0,12.0,68.0
2025-01-28 00:00:00,DL,19,103,-28.0,-11.0,-6.0,-1.0,9.0,49.0
2025-01-28 00:00:00,DL,21,66,-16.0,-8.0,-5.0,-2.0,19.0,80.0
2025-01-28 00:00:00,DL,22,84,-22.0,-10.0,-6.0,-3.0,1.0,30.0
2025-01-28 00:00:00,UA,5,23,-13.0,-10.0,-7.0,-5.0,11.0,120.0
2025-01-28 00:00:00,UA,6,108,-17.0,-9.0,-7.0,-3.0,12.0,157.0
2025-01-28 00:00:00,UA,10,111,-15.0,-9.0,-6.0,-3.0,11.0,132.0
2025-01-28 00:00:00,UA,12,130,-16.0,-8.0,-5.0,-1.0,4.0,31.0
2025-01-28 00:00:00,UA,15,81,-16.0,-10.0,-6.0,-2.0,9.0,53.0
2025-01-28 00:00:00,UA,23,24,-16.0,-8.0,-7.0,-4.0,27.0,121.0
2025-01-28 00:00:00,WN,8,246,-12.0,-6.0,-5.0,-2.0,5.0,101.0
2025-01-28 00:00:00,WN,9,235,-14.0,-6.0,-4.0,-2.0,2.0,34.0
2025-01-28 00:00:00,WN,10,201,-14.0,-6.0,-4.0,-1.0,5.0,86.0
2025-01-28 00:00:00,WN,14,220,-14.0,-7.0,-5.0,-2.0,1.0,56.0
2025-01-28 00:00:00,WN,18,264,-18.0,-7.0,-5.0,-2.0,5.0,63.0
2025-01-29 00:00:00,AA,5,80,-17.0,-10.0,-7.0,-2.0,7.0,62.0
2025-01-29 00:00:00,AA,8,185,-14.0,-7.0,-5.0,-2.0,4.0,361.0
2025-01-29 00:00:00,AA,9,134,-15.0,-7.0,-4.0,-1.0,8.0,77.0
2025-01-29 00:00:00,AA,10,131,-14.0,-6.0,-4.0,0.0,13.0,160.0
2025-01-29 00:00:00,AA,14,136,-26.0,-7.0,-4.0,0.0,14.0,137.0
2025-01-29 00:00:00,AA,20,74,-13.0,-7.0,-4.0,9.0,47.0,176.0
2025-01-29 00:00:00,DL,5,68,-21.0,-10.0,-7.0,-4.0,5.0,133.0
2025-01-29 00:00:00,DL,10,146,-17.0,-7.0,-5.0,-2.0,9.0,330.0
2025-01-29 00:00:00,DL,16,115,-26.0,-7.0,-4.0,3.0,15.0,141.0
2025-01-29 00:00:00,DL,17,166,-21.0,-9.0,-6.0,-1.0,7.0,129.0
2025-01-29 00:00:00,DL,21,66,-17.0,-8.0,-5.0,1.0,38.0,555.0
2025-01-29 00:00:00,UA,0,3,-10.0,-10.0,-5.0,4.0,4.0,4.0
2025-01-29 00:00:00,UA,1,1,4.0,4.0,4.0,4.0,4.0,4.0
2025-01-29 00:00:00,UA,2,1,-9.0,-9.0,-9.0,-9.0,-9.0,-9.0
2025-01-29 00:00:00,UA,10,113,-16.0,-9.0,-6.0,-2.0,19.0,178.0
2025-01-29 00:00:00,UA,14,116,-18.0,-9.0,-6.0,-1.0,21.0,158.0
2025-01-29 00:00:00,UA,16,119,-16.0,-8.0,-5.0,-1.0,5.0,58.0
2025-01-29 00:00:00,UA,17,145,-18.0,-8.0,-4.0,1.0,26.0,136.0
2025-01-29 00:00:00,WN,8,246,-12.0,-6.0,-4.0,-2.0,1.0,100.0
2025-01-29 00:00:00,WN,13,242,-15.0,-6.0,-4.0,-1.0,8.0,267.0
2025-01-29 00:00:00,WN,16,209,-13.0,-7.0,-4.0,0.0,9.0,85.0
2025-01-29 00:00:00,WN,17,198,-15.0,-6.0,-4.0,0.0,9.0,215.0
2025-01-29 00:00:00,WN,20,162,-15.0,-7.0,-5.0,-1.0,23.0,86.0
2025-01-30 00:00:00,AA,8,160,-13.0,-6.0,-4.0,-1.0,10.0,868.0
2025-01-30 00:00:00,AA,15,112,-12.0,-4.0,0.0,16.0,59.0,191.0
2025-01-30 00:00:00,DL,8,172,-21.0,-7.0,-5.0,-1.0,4.0,675.0
2025-01-30 00:00:00,DL,9,125,-15.0,-7.0,-5.0,-1.0,13.0,236.0
2025-01-30 00:00:00,DL,15,178,-19.0,-6.0,-3.0,4.0,26.0,271.0
2025-01-30 00:00:00,DL,21,81,-16.0,-7.0,-4.0,1.0,10.0,198.0
2025-01-30 00:00:00,DL,22,90,-19.0,-7.0,-4.0,1.0,15.0,60.0
2025-01-30 00:00:00,UA,0,3,-6.0,-6.0,-5.0,2.0,2.0,2.0
2025-01-30 00:00:00,UA,1,1,-9.0,-9.0,-9.0,-9.0,-9.0,-9.0
2025-01-30 00:00:00,UA,6,110,-13.0,-9.0,-6.0,-4.0,-1.0,53.0
2025-01-30 00:00:00,UA,7,171,-15.0,-8.0,-5.0,-2.0,1.0,219.0
2025-01-30 00:00:00,UA,10,119,-13.0,-7.0,-5.0,0.0,12.0,227.0
2025-01-30 00:00:00,UA,15,93,-16.0,-7.0,-3.0,0.0,22.0,149.0
2025-01-30 00:00:00,UA,16,122,-16.0,-6.0,-2.0,6.0,28.0,362.0
2025-01-30 00:00:00,UA,17,146,-13.0,-5.0,-3.0,1.0,25.0,351.0
2025-01-30 00:00:00,UA,19,103,-14.0,-8.0,-3.0,0.0,10.0,171.0
2025-01-30 00:00:00,WN,5,29,-9.0,-5.0,-3.0,-1.0,4.0,95.0
2025-01-30 00:00:00,WN,6,216,-11.0,-5.0,-4.0,-1.0,2.0,243.0
2025-01-30 00:00:00,WN,10,199,-12.0,-5.0,-1.0,5.0,19.0,196.0
2025-01-30 00:00:00,WN,16,205,-14.0,-5.0,-1.0,6.0,24.0,350.0
2025-01-31 00:00:00,AA,5,103,-12.0,-7.0,-6.0,-3.0,7.0,574.0
2025-01-31 00:00:00,AA,8,190,-12.0,-6.0,-4.0,-1.0,15.0,245.0
2025-01-31 00:00:00,AA,9,135,-10.0,-5.0,-3.0,1.0,25.0,236.0
2025-01-31 00:00:00,AA,19,113,-15.0,-5.0,-2.0,7.0,25.0,192.0
2025-01-31 00:00:00,DL,0,1,-15.0,-15.0,-15.0,-15.0,-15.0,-15.0
2025-01-31 00:00:00,DL,1,2,-7.0,-7.0,-7.0,-2.0,-2.0,-2.0
2025-01-31 00:00:00,DL,12,173,-20.0,-6.0,-3.0,6.0,27.0,478.0
2025-01-31 00:00:00,DL,13,145,-15.0,-6.0,-2.0,5.0,26.0,145.0
2025-01-31 00:00:00,DL,18,155,-20.0,-6.0,-3.0,14.0,36.0,234.0
2025-01-31 00:00:00,DL,20,92,-20.0,-8.0,-4.0,2.0,29.0,96.0
2025-01-31 00:00:00,UA,15,92,-17.0,-7.0,-3.0,6.0,27.0,187.0
2025-01-31 00:00:00,UA,19,101,-15.0,-7.0,-3.0,6.0,20.0,92.0
2025-01-31 00:00:00,UA,22,25,-12.0,-6.0,-3.0,3.0,9.0,13.0
2025-01-31 00:00:00,WN,12,181,-12.0,-5.0,-1.0,3.0,25.0,165.0
2025-01-31 00:00:00,WN,13,240,-14.0,-5.0,-1.0,4.0,22.0,164.0
2025-01-31 00:00:00,WN,20,167,-13.0,-5.0,-2.0,4.0,16.0,79.0
2025-02-01 00:00:00,AA,12,115,-16.0,-6.0,-3.0,2.0,23.0,216.0
2025-02-01 00:00:00,DL,0,1,-11.0,-11.0,-11.0,-11.0,-11.0,-11.0
2025-02-01 00:00:00,DL,1,2,-10.0,-10.0,-10.0,-7.0,-7.0,-7.0
2025-02-01 00:00:00,DL,8,151,-15.0,-7.0,-4.0,-1.0,11.0,164.0
2025-02-01 00:00:00,UA,0,3,-3.0,-3.0,-2.0,58.0,58.0,58.0
2025-02-01 00:00:00,UA,1,1,-8.0,-8.0,-8.0,-8.0,-8.0,-8.0
2025-02-01 00:00:00,UA,7,163,-13.0,-8.0,-6.0,-3.0,8.0,184.0
2025-02-01 00:00:00,UA,11,108,-13.0,-6.0,-2.0,4.0,17.0,112.0
2025-02-01 00:00:00,UA,13,119,-16.0,-7.0,-3.0,6.0,31.0,235.0
2025-02-01 00:00:00,UA,15,76,-15.0,-8.0,-5.0,2.0,20.0,393.0
2025-02-01 00:00:00,UA,16,107,-13.0,-8.0,-5.0,5.0,32.0,402.0
2025-02-01 00:00:00,UA,17,130,-16.0,-7.0,-4.0,0.0,10.0,110.0
2025-02-01 00:00:00,WN,9,222,-12.0,-5.0,-3.0,-1.0,5.0,73.0
2025-02-01 00:00:00,WN,18,151,-13.0,-6.0,-5.0,0.0,10.0,58.0
2025-02-02 00:00:00,AA,12,130,-10.0,-5.0,-2.0,3.0,28.0,206.0
2025-02-02 00:00:00,AA,15,113,-12.0,-6.0,-3.0,4.0,28.0,192.0
2025-02-02 00:00:00,AA,23,27,-16.0,-9.0,-2.0,2.0,24.0,54.0
2025-02-02 00:00:00,DL,12,172,-15.0,-8.0,-4.0,0.0,8.0,472.0
2025-02-02 00:00:00,DL,14,132,-15.0,-7.0,-3.0,3.0,25.0,229.0
2025-02-02 00:00:00,DL,17,165,-19.0,-7.0,-2.0,6.0,31.0,159.0
2025-02-02 00:00:00,DL,23,25,-15.0,-4.0,1.0,13.0,35.0,145.0
2025-02-02 00:00:00,UA,6,110,-16.0,-8.0,-6.0,-3.0,11.0,381.0
2025-02-02 00:00:00,UA,14,113,-15.0,-7.0,-4.0,2.0,25.0,305.0
2025-02-02 00:00:00,UA,18,142,-14.0,-6.0,-2.0,20.0,82.0,234.0
2025-02-02 00:00:00,UA,21,32,-11.0,-6.0,-3.0,7.0,57.0,64.0
2025-02-02 00:00:00,WN,13,242,-13.0,-4.0,0.0,6.0,25.0,159.0
2025-02-02 00:00:00,WN,14,221,-13.0,-4.0,0.0,9.0,39.0,133.0
2025-02-02 00:00:00,WN,17,219,-14.0,-4.0,1.0,11.0,36.0,128.0
2025-02-02 00:00:00,WN,18,218,-12.0,-3.0,0.0,18.0,53.0,130.0
2025-02-02 00:00:00,WN,21,147,-16.0,-5.0,0.0,10.0,39.0,129.0
2025-02-03 00:00:00,AA,16,142,-20.0,-6.0,-2.0,5.0,26.0,463.0
2025-02-03 00:00:00,DL,11,186,-15.0,-6.0,-2.0,12.0,49.0,437.0
2025-02-03 00:00:00,DL,15,180,-18.0,-5.0,-2.0,8.0,36.0,172.0
2025-02-03 00:00:00,DL,18,154,-25.0,-9.0,-3.0,10.0,39.0,293.0
2025-02-03 00:00:00,DL,19,145,-17.0,-9.0,-4.0,3.0,26.0,362.0
2025-02-03 00:00:00,DL,20,92,-20.0,-6.0,-2.0,13.0,34.0,140.0
2025-02-03 00:00:00,DL,21,85,-14.0,-8.0,-4.0,0.0,16.0,755.0
2025-02-03 00:00:00,UA,0,3,-11.0,-11.0,-5.0,37.0,37.0,37.0
2025-02-03 00:00:00,UA,1,1,7.0,7.0,7.0,7.0,7.0,7.0
2025-02-03 00:00:00,UA,2,1,8.0,8.0,8.0,8.0,8.0,8.0
2025-02-03 00:00:00,UA,9,155,-11.0,-6.0,-3.0,0.0,15.0,129.0
2025-02-03 00:00:00,UA,13,132,-19.0,-6.0,-2.0,9.0,41.0,170.0
2025-02-03 00:00:00,UA,18,141,-18.0,-7.0,-3.0,3.0,43.0,197.0
2025-02-03 00:00:00,UA,22,23,-19.0,-9.0,-7.0,-3.0,4.0,82.0
2025-02-03 00:00:00,WN,5,27,-9.0,-5.0,-4.0,-2.0,1.0,96.0
2025-02-03 00:00:00,WN,8,243,-10.0,-5.0,-2.0,1.0,16.0,239.0
2025-02-03 00:00:00,WN,14,216,-14.0,-6.0,-3.0,0.0,12.0,169.0
2025-02-03 00:00:00,WN,21,15,-10.0,-6.0,-4.0,-1.0,100.0,125.0
2025-02-04 00:00:00,AA,5,82,-15.0,-10.0,-7.0,-4.0,0.0,131.0
2025-02-04 00:00:00,AA,6,169,-15.0,-9.0,-7.0,-4.0,0.0,939.0
2025-02-04 00:00:00,AA,7,161,-20.0,-9.0,-7.0,-3.0,1.0,205.0
2025-02-04 00:00:00,AA,11,146,-18.0,-7.0,-4.0,0.0,18.0,294.0
2025-02-04 00:00:00,AA,16,126,-15.0,-8.0,-5.0,-2.0,4.0,131.0
2025-02-04 00:00:00,AA,17,146,-19.0,-9.0,-6.0,-1.0,14.0,733.0
2025-02-04 00:00:00,AA,20,77,-14.0,-8.0,-6.0,-4.0,4.0,56.0
2025-02-04 00:00:00,DL,1,2,-14.0,-14.0,-14.0,0.0,0.0,0.0
2025-02-04 00:00:00,DL,6,182,-19.0,-10.0,-7.0,-4.0,2.0,971.0
2025-02-04 00:00:00,DL,10,145,-26.0,-9.0,-6.0,-3.0,1.0,82.0
2025-02-04 00:00:00,DL,13,137,-21.0,-8.0,-6.0,-1.0,16.0,283.0
2025-02-04 00:00:00,DL,14,116,-19.0,-9.0,-5.0,-2.0,11.0,73.0
2025-02-04 00:00:00,DL,17,167,-19.0,-9.0,-6.0,-1.0,18.0,264.0
2025-02-04 00:00:00,DL,19,104,-20.0,-10.0,-7.0,-3.0,5.0,49.0
2025-02-04 00:00:00,DL,20,64,-14.0,-9.0,-6.0,-2.0,4.0,44.0
2025-02-04 00:00:00,UA,13,125,-18.0,-8.0,-5.0,1.0,9.0,127.0
2025-02-04 00:00:00,UA,22,20,-17.0,-9.0,-6.0,0.0,27.0,63.0
2025-02-04 00:00:00,WN,8,244,-11.0,-6.0,-4.0,-2.0,5.0,138.0
2025-02-04 00:00:00,WN,16,208,-14.0,-7.0,-5.0,-1.0,14.0,110.0
2025-02-04 00:00:00,WN,20,166,-15.0,-7.0,-5.0,-1.0,6.0,109.0
2025-02-05 00:00:00,AA,8,190,-15.0,-8.0,-6.0,-3.0,3.0,190.0
2025-02-05 00:00:00,AA,10,130,-15.0,-7.0,-5.0,-1.0,13.0,173.0
2025-02-05 00:00:00,AA,15,116,-15.0,-8.0,-4.0,2.0,17.0,316.0
2025-02-05 00:00:00,AA,22,56,-18.0,-9.0,-5.0,-1.0,10.0,56.0
2025-02-05 00:00:00,DL,8,175,-17.0,-8.0,-5.0,-2.0,5.0,136.0
2025-02-05 00:00:00,DL,14,118,-18.0,-8.0,-5.0,0.0,15.0,77.0
2025-02-05 00:00:00,DL,17,166,-18.0,-9.0,-6.0,-1.0,15.0,234.0
2025-02-05 00:00:00,DL,18,139,-24.0,-9.0,-4.0,0.0,18.0,182.0
2025-02-05 00:00:00,DL,19,104,-26.0,-7.0,-4.0,1.0,13.0,124.0
2025-02-05 00:00:00,DL,22,83,-12.0,-7.0,-4.0,2.0,9.0,41.0
2025-02-05 00:00:00,DL,23,18,-13.0,-8.0,-5.0,-2.0,10.0,20.0
2025-02-05 00:00:00,UA,0,3,-7.0,-7.0,-4.0,-2.0,-2.0,-2.0
2025-02-05 00:00:00,UA,6,111,-17.0,-9.0,-7.0,-5.0,-1.0,462.0
2025-02-05 00:00:00,UA,7,152,-16.0,-9.0,-6.0,-4.0,-1.0,65.0
2025-02-05 00:00:00,UA,10,113,-18.0,-8.0,-5.0,-1.0,13.0,298.0
2025-02-05 00:00:00,UA,13,127,-14.0,-6.0,-2.0,7.0,31.0,634.0
2025-02-05 00:00:00,UA,15,83,-13.0,-7.0,-4.0,4.0,28.0,194.0
2025-02-05 00:00:00,WN,6,224,-13.0,-7.0,-5.0,-3.0,-1.0,135.0
2025-02-05 00:00:00,WN,8,246,-11.0,-6.0,-4.0,-2.0,1.0,62.0
2025-02-05 00:00:00,WN,9,233,-10.0,-5.0,-4.0,-1.0,6.0,132.0
2025-02-05 00:00:00,WN,10,200,-12.0,-5.0,-3.0,0.0,7.0,52.0
2025-02-05 00:00:00,WN,11,263,-15.0,-5.0,-3.0,0.0,8.0,114.0
2025-02-05 00:00:00,WN,14,220,-12.0,-6.0,-3.0,2.0,14.0,65.0
2025-02-05 00:00:00,WN,15,231,-12.0,-6.0,-2.0,8.0,27.0,301.0
2025-02-06 00:00:00,AA,0,6,-9.0,-5.0,-4.0,5.0,8.0,8.0
2025-02-06 00:00:00,AA,6,158,-15.0,-7.0,-4.0,-1.0,10.0,646.0
2025-02-06 00:00:00,AA,9,118,-10.0,-6.0,-3.0,4.0,42.0,729.0
2025-02-06 00:00:00,AA,12,130,-18.0,-4.0,0.0,8.0,41.0,1265.0
2025-02-06 00:00:00,AA,13,139,-13.0,-5.0,0.0,16.0,71.0,332.0
2025-02-06 00:00:00,AA,22,90,-13.0,-5.0,-2.0,7.0,34.0,685.0
2025-02-06 00:00:00,DL,12,170,-15.0,-5.0,2.0,25.0,56.0,278.0
2025-02-06 00:00:00,DL,14,132,-21.0,-4.0,0.0,20.0,41.0,337.0
2025-02-06 00:00:00,UA,9,153,-13.0,-5.0,-1.0,13.0,65.0,293.0
2025-02-06 00:00:00,UA,11,120,-15.0,-4.0,2.0,26.0,66.0,142.0
2025-02-06 00:00:00,UA,12,137,-17.0,-5.0,0.0,27.0,76.0,197.0
2025-02-06 00:00:00,UA,13,131,-17.0,-5.0,0.0,28.0,83.0,252.0
2025-02-06 00:00:00,UA,17,147,-12.0,-6.0,-2.0,14.0,78.0,300.0
2025-02-06 00:00:00,WN,7,212,-11.0,-5.0,-3.0,1.0,10.0,359.0
2025-02-06 00:00:00,WN,18,223,-13.0,-5.0,-1.0,13.0,35.0,278.0
2025-02-06 00:00:00,WN,19,269,-19.0,-5.0,0.0,13.0,39.0,207.0
2025-02-06 00:00:00,WN,22,3,-8.0,-8.0,-5.0,21.0,21.0,21.0
2025-02-07 00:00:00,AA,0,8,-10.0,-7.0,-3.0,-3.0,36.0,36.0
2025-02-07 00:00:00,AA,5,103,-12.0,-7.0,-5.0,-3.0,0.0,55.0
2025-02-07 00:00:00,AA,9,128,-13.0,-6.0,-4.0,0.0,15.0,274.0
2025-02-07 00:00:00,AA,11,157,-11.0,-5.0,-3.0,2.0,19.0,277.0
2025-02-07 00:00:00,AA,15,119,-13.0,-5.0,-3.0,2.0,28.0,393.0
2025-02-07 00:00:00,AA,23,22,-11.0,-6.0,-4.0,0.0,3.0,972.0
2025-02-07 00:00:00,DL,1,2,-7.0,-7.0,-7.0,-6.0,-6.0,-6.0
2025-02-07 00:00:00,DL,7,227,-17.0,-7.0,-4.0,-1.0,9.0,429.0
2025-02-07 00:00:00,DL,13,147,-15.0,-6.0,-2.0,9.0,39.0,271.0
2025-02-07 00:00:00,DL,16,134,-14.0,-6.0,-3.0,4.0,26.0,124.0
2025-02-07 00:00:00,DL,19,145,-19.0,-9.0,-5.0,1.0,22.0,166.0
2025-02-07 00:00:00,DL,20,94,-23.0,-8.0,-5.0,-2.0,12.0,195.0
2025-02-07 00:00:00,UA,1,1,0.0,0.0,0.0,0.0,0.0,0.0
2025-02-07 00:00:00,UA,7,170,-16.0,-8.0,-6.0,-3.0,6.0,484.0
2025-02-07 00:00:00,UA,10,119,-13.0,-7.0,-4.0,0.0,10.0,114.0
2025-02-07 00:00:00,UA,11,119,-12.0,-7.0,-4.0,1.0,13.0,152.0
2025-02-07 00:00:00,UA,14,118,-15.0,-8.0,-4.0,0.0,12.0,132.0
2025-02-07 00:00:00,UA,15,94,-15.0,-7.0,-4.0,0.0,14.0,101.0
2025-02-07 00:00:00,UA,16,128,-18.0,-7.0,-3.0,0.0,24.0,144.0
2025-02-07 00:00:00,UA,18,139,-17.0,-7.0,-4.0,0.0,15.0,77.0
2025-02-07 00:00:00,UA,21,30,-12.0,-7.0,-6.0,-3.0,5.0,295.0
2025-02-07 00:00:00,WN,6,302,-12.0,-5.0,-3.0,-1.0,2.0,116.0
2025-02-07 00:00:00,WN,7,215,-10.0,-6.0,-3.0,-1.0,3.0,167.0
2025-02-07 00:00:00,WN,19,267,-13.0,-6.0,-2.0,7.0,30.0,150.0
2025-02-07 00:00:00,WN,20,179,-13.0,-7.0,-3.0,10.0,25.0,133.0
2025-02-08 00:00:00,AA,11,136,-13.0,-6.0,-3.0,1.0,20.0,171.0
2025-02-08 00:00:00,AA,16,118,-21.0,-7.0,-4.0,-1.0,28.0,140.0
2025-02-08 00:00:00,AA,17,130,-18.0,-8.0,-5.0,2.0,33.0,158.0
2025-02-08 00:00:00,AA,20,70,-16.0,-6.0,-4.0,4.0,32.0,130.0
2025-02-08 00:00:00,AA,23,18,-12.0,-5.0,-3.0,0.0,22.0,32.0
2025-02-08 00:00:00,DL,12,146,-15.0,-7.0,-4.0,3.0,38.0,1118.0
2025-02-08 00:00:00,DL,17,157,-19.0,-9.0,-5.0,7.0,54.0,926.0
2025-02-08 00:00:00,DL,22,65,-15.0,-6.0,-3.0,1.0,20.0,557.0
2025-02-08 00:00:00,DL,23,19,-10.0,-6.0,-1.0,11.0,24.0,32.0
2025-02-08 00:00:00,UA,0,3,-8.0,-8.0,-7.0,0.0,0.0,0.0
2025-02-08 00:00:00,UA,1,1,-2.0,-2.0,-2.0,-2.0,-2.0,-2.0
2025-02-08 00:00:00,UA,5,24,-11.0,-9.0,-6.0,-2.0,0.0,26.0
2025-02-08 00:00:00,UA,8,163,-16.0,-7.0,-5.0,-2.0,5.0,141.0
2025-02-08 00:00:00,UA,9,133,-12.0,-6.0,-4.0,-1.0,8.0,94.0
2025-02-08 00:00:00,UA,11,108,-13.0,-5.0,-1.0,4.0,22.0,244.0
2025-02-08 00:00:00,UA,12,113,-13.0,-7.0,-4.0,1.0,14.0,126.0
2025-02-08 00:00:00,UA,16,109,-18.0,-9.0,-4.0,1.0,19.0,266.0
2025-02-08 00:00:00,UA,20,69,-19.0,-5.0,-1.0,17.0,43.0,230.0
2025-02-08 00:00:00,UA,21,20,-19.0,-7.0,80.0,210.0,243.0,736.0
2025-02-08 00:00:00,WN,6,194,-14.0,-5.0,-4.0,-1.0,2.0,259.0
2025-02-08 00:00:00,WN,7,203,-12.0,-6.0,-4.0,-2.0,2.0,340.0
2025-02-08 00:00:00,WN,9,219,-12.0,-6.0,-3.0,0.0,5.0,64.0
2025-02-08 00:00:00,WN,10,216,-13.0,-5.0,-2.0,1.0,10.0,46.0
2025-02-08 00:00:00,WN,13,203,-13.0,-5.0,-2.0,5.0,15.0,163.0
2025-02-08 00:00:00,WN,17,188,-15.0,-6.0,-2.0,6.0,25.0,107.0
2025-02-08 00:00:00,WN,21,3,-9.0,-9.0,-5.0,-3.0,-3.0,-3.0
2025-02-09 00:00:00,AA,11,155,-13.0,-5.0,-2.0,9.0,29.0,571.0
2025-02-09 00:00:00,DL,5,60,-21.0,-8.0,-5.0,4.0,23.0,466.0
2025-02-09 00:00:00,DL,7,200,-15.0,-6.0,-3.0,1.0,19.0,653.0
2025-02-09 00:00:00,DL,9,120,-14.0,-6.0,-2.0,4.0,28.0,198.0
2025-02-09 00:00:00,DL,15,150,-15.0,-6.0,-1.0,14.0,40.0,312.0
2025-02-09 00:00:00,UA,1,1,3.0,3.0,3.0,3.0,3.0,3.0
2025-02-09 00:00:00,UA,2,1,-7.0,-7.0,-7.0,-7.0,-7.0,-7.0
2025-02-09 00:00:00,UA,6,105,-14.0,-7.0,-4.0,7.0,31.0,207.0
2025-02-09 00:00:00,UA,20,87,-18.0,-6.0,-2.0,8.0,31.0,126.0
2025-02-09 00:00:00,UA,22,25,-13.0,-8.0,-5.0,-1.0,4.0,24.0
2025-02-09 00:00:00,WN,5,27,-11.0,-5.0,-4.0,1.0,7.0,13.0
2025-02-09 00:00:00,WN,9,233,-13.0,-5.0,-3.0,0.0,5.0,86.0
2025-02-09 00:00:00,WN,10,203,-13.0,-5.0,-2.0,4.0,14.0,147.0
2025-02-09 00:00:00,WN,14,217,-12.0,-5.0,-1.0,5.0,16.0,79.0
2025-02-09 00:00:00,WN,16,213,-15.0,-6.0,-2.0,1.0,12.0,112.0
2025-02-09 00:00:00,WN,20,159,-12.0,-5.0,-2.0,4.0,16.0,76.0
2025-02-10 00:00:00,AA,0,8,-8.0,-7.0,-4.0,-2.0,1.0,1.0
2025-02-10 00:00:00,AA,6,178,-15.0,-7.0,-5.0,-2.0,9.0,261.0
2025-02-10 00:00:00,AA,11,158,-11.0,-5.0,-2.0,12.0,43.0,165.0
2025-02-10 00:00:00,AA,18,147,-20.0,-6.0,-2.0,17.0,45.0,625.0
2025-02-10 00:00:00,AA,22,57,-13.0,-7.0,-5.0,0.0,6.0,137.0
2025-02-10 00:00:00,DL,6,189,-18.0,-7.0,-3.0,1.0,7.0,434.0
2025-02-10 00:00:00,DL,8,177,-16.0,-6.0,-4.0,0.0,9.0,151.0
2025-02-10 00:00:00,DL,9,127,-15.0,-6.0,-4.0,0.0,16.0,309.0
2025-02-10 00:00:00,DL,13,148,-16.0,-6.0,-3.0,1.0,18.0,300.0
2025-02-10 00:00:00,DL,16,136,-21.0,-7.0,-4.0,0.0,14.0,180.0
2025-02-10 00:00:00,DL,18,156,-18.0,-7.0,-3.0,7.0,29.0,271.0
2025-02-10 00:00:00,DL,22,92,-14.0,-6.0,-3.0,2.0,15.0,790.0
2025-02-10 00:00:00,UA,2,3,-8.0,-8.0,-8.0,38.0,38.0,38.0
2025-02-10 00:00:00,UA,11,120,-12.0,-6.0,-2.0,1.0,19.0,576.0
2025-02-10 00:00:00,UA,17,141,-14.0,-7.0,-4.0,2.0,16.0,115.0
2025-02-10 00:00:00,UA,21,29,-12.0,-8.0,-4.0,1.0,50.0,53.0
2025-02-10 00:00:00,WN,6,302,-12.0,-5.0,-4.0,-1.0,5.0,231.0
2025-02-10 00:00:00,WN,13,247,-10.0,-3.0,1.0,10.0,26.0,123.0
2025-02-10 00:00:00,WN,14,226,-12.0,-4.0,0.0,10.0,38.0,268.0
2025-02-10 00:00:00,WN,17,226,-14.0,-4.0,1.0,15.0,42.0,246.0
2025-02-10 00:00:00,WN,22,3,-8.0,-8.0,-5.0,-5.0,-5.0,-5.0
2025-02-11 00:00:00,AA,8,189,-17.0,-7.0,-5.0,-2.0,9.0,72.0
2025-02-11 00:00:00,AA,13,125,-16.0,-6.0,-2.0,2.0,38.0,330.0
2025-02-11 00:00:00,AA,14,131,-15.0,-7.0,-3.0,1.0,11.0,209.0
2025-02-11 00:00:00,AA,17,144,-15.0,-6.0,-4.0,3.0,33.0,743.0
2025-02-11 00:00:00,AA,21,73,-15.0,-6.0,-3.0,6.0,21.0,482.0
2025-02-11 00:00:00,AA,23,20,-14.0,-9.0,-6.0,-2.0,2.0,13.0
2025-02-11 00:00:00,DL,10,150,-18.0,-7.0,-5.0,-1.0,16.0,156.0
2025-02-11 00:00:00,DL,20,65,-14.0,-5.0,-2.0,4.0,26.0,841.0
2025-02-11 00:00:00,UA,11,116,-12.0,-6.0,-2.0,11.0,27.0,368.0
2025-02-11 00:00:00,UA,13,125,-21.0,-8.0,-3.0,8.0,44.0,136.0
2025-02-11 00:00:00,UA,14,113,-13.0,-5.0,1.0,21.0,80.0,345.0
2025-02-11 00:00:00,WN,11,263,-13.0,-5.0,-1.0,9.0,31.0,258.0
2025-02-11 00:00:00,WN,12,181,-12.0,-5.0,-2.0,6.0,20.0,137.0
2025-02-11 00:00:00,WN,14,218,-15.0,-5.0,-1.0,13.0,41.0,218.0
2025-02-11 00:00:00,WN,18,263,-14.0,-3.0,5.0,37.0,75.0,283.0
2025-02-11 00:00:00,WN,20,166,-14.0,-3.0,8.0,37.0,72.0,207.0
2025-02-11 00:00:00,WN,21,14,-8.0,65.0,94.0,163.0,191.0,309.0
2025-02-12 00:00:00,AA,0,4,-7.0,-7.0,0.0,1.0,2.0,2.0
2025-02-12 00:00:00,AA,5,77,-12.0,-6.0,-4.0,0.0,20.0,530.0
2025-02-12 00:00:00,AA,16,131,-15.0,-5.0,0.0,16.0,48.0,221.0
2025-02-12 00:00:00,AA,20,78,-12.0,-3.0,10.0,38.0,91.0,560.0
2025-02-12 00:00:00,AA,22,58,-11.0,-5.0,-1.0,11.0,40.0,381.0
2025-02-12 00:00:00,DL,6,178,-14.0,-7.0,-4.0,-1.0,9.0,290.0
2025-02-12 00:00:00,DL,7,214,-15.0,-6.0,-3.0,2.0,38.0,569.0
2025-02-12 00:00:00,DL,10,150,-13.0,-5.0,-1.0,16.0,37.0,204.0
2025-02-12 00:00:00,DL,16,114,-14.0,-3.0,2.0,25.0,74.0,362.0
2025-02-12 00:00:00,DL,21,67,-15.0,-3.0,11.0,47.0,141.0,921.0
2025-02-12 00:00:00,UA,1,1,-11.0,-11.0,-11.0,-11.0,-11.0,-11.0
2025-02-12 00:00:00,UA,5,24,-10.0,-7.0,-3.0,0.0,2.0,207.0
2025-02-12 00:00:00,UA,13,128,-14.0,-3.0,2.0,21.0,49.0,567.0
2025-02-12 00:00:00,UA,14,117,-17.0,-5.0,4.0,38.0,80.0,299.0
2025-02-12 00:00:00,UA,15,83,-17.0,-4.0,0.0,28.0,102.0,276.0
2025-02-12 00:00:00,UA,16,118,-15.0,-3.0,6.0,28.0,103.0,259.0
2025-02-12 00:00:00,UA,18,130,-15.0,-4.0,4.0,41.0,116.0,294.0
2025-02-12 00:00:00,UA,21,27,-11.0,-6.0,-2.0,17.0,98.0,116.0
2025-02-12 00:00:00,UA,22,29,-13.0,-2.0,5.0,17.0,46.0,168.0
2025-02-12 00:00:00,WN,5,30,-8.0,-4.0,-2.0,-1.0,3.0,137.0
2025-02-12 00:00:00,WN,6,217,-11.0,-5.0,-3.0,0.0,6.0,127.0
2025-02-12 00:00:00,WN,8,242,-11.0,-5.0,-2.0,4.0,16.0,204.0
2025-02-12 00:00:00,WN,10,197,-11.0,-5.0,-1.0,15.0,28.0,123.0
2025-02-12 00:00:00,WN,15,227,-10.0,-3.0,4.0,17.0,45.0,317.0
2025-02-12 00:00:00,WN,16,205,-12.0,-3.0,2.0,19.0,47.0,212.0
2025-02-12 00:00:00,WN,20,165,-12.0,-2.0,7.0,29.0,49.0,206.0
2025-02-13 00:00:00,AA,5,104,-12.0,-7.0,-4.0,-1.0,6.0,1144.0
2025-02-13 00:00:00,AA,7,202,-13.0,-6.0,-4.0,-1.0,8.0,355.0
2025-02-13 00:00:00,AA,12,135,-10.0,-3.0,4.0,27.0,63.0,464.0
2025-02-13 00:00:00,AA,13,143,-8.0,-2.0,5.0,33.0,72.0,291.0
2025-02-13 00:00:00,AA,16,149,-10.0,0.0,12.0,41.0,84.0,1102.0
2025-02-13 00:00:00,AA,21,93,-9.0,-2.0,11.0,40.0,83.0,573.0
2025-02-13 00:00:00,DL,8,175,-14.0,-5.0,-1.0,16.0,34.0,913.0
2025-02-13 00:00:00,DL,9,125,-13.0,-5.0,0.0,23.0,67.0,671.0
2025-02-13 00:00:00,DL,10,157,-16.0,-4.0,0.0,22.0,57.0,442.0
2025-02-13 00:00:00,DL,14,139,-18.0,-3.0,8.0,33.0,68.0,230.0
2025-02-13 00:00:00,DL,23,26,-8.0,3.0,12.0,43.0,155.0,185.0
2025-02-13 00:00:00,UA,0,2,-2.0,-2.0,-2.0,11.0,11.0,11.0
2025-02-13 00:00:00,UA,1,1,8.0,8.0,8.0,8.0,8.0,8.0
2025-02-13 00:00:00,UA,2,1,-10.0,-10.0,-10.0,-10.0,-10.0,-10.0
2025-02-13 00:00:00,UA,10,124,-16.0,-5.0,-1.0,13.0,56.0,380.0
2025-02-13 00:00:00,UA,13,142,-10.0,-2.0,8.0,51.0,138.0,477.0
2025-02-13 00:00:00,UA,19,133,-11.0,0.0,14.0,58.0,163.0,823.0
2025-02-13 00:00:00,UA,21,42,-7.0,1.0,26.0,47.0,116.0,681.0
2025-02-13 00:00:00,UA,23,34,-14.0,-4.0,9.0,24.0,37.0,206.0
2025-02-13 00:00:00,WN,6,300,-15.0,-5.0,-2.0,1.0,9.0,528.0
2025-02-13 00:00:00,WN,8,271,-10.0,-4.0,-1.0,12.0,35.0,178.0
2025-02-13 00:00:00,WN,11,221,-12.0,-3.0,1.0,24.0,99.0,458.0
2025-02-13 00:00:00,WN,14,225,-10.0,1.0,13.0,40.0,161.0,460.0
2025-02-13 00:00:00,WN,16,213,-9.0,5.0,22.0,55.0,164.0,329.0
2025-02-13 00:00:00,WN,20,252,-9.0,6.0,24.0,64.0,152.0,254.0
2025-02-13 00:00:00,WN,21,129,-9.0,11.0,29.0,79.0,178.0,289.0
2025-02-13 00:00:00,WN,22,137,-14.0,4.0,23.0,56.0,138.0,205.0
2025-02-14 00:00:00,AA,8,198,-12.0,-5.0,-3.0,5.0,31.0,417.0
2025-02-14 00:00:00,AA,15,129,-13.0,-4.0,1.0,31.0,71.0,350.0
2025-02-14 00:00:00,AA,17,162,-14.0,-3.0,4.0,27.0,58.0,867.0
2025-02-14 00:00:00,AA,19,162,-12.0,-5.0,0.0,27.0,63.0,657.0
2025-02-14 00:00:00,AA,22,96,-17.0,-4.0,-1.0,16.0,83.0,560.0
2025-02-14 00:00:00,DL,1,2,-5.0,-5.0,-5.0,288.0,288.0,288.0
2025-02-14 00:00:00,DL,9,128,-17.0,-4.0,0.0,21.0,46.0,172.0
2025-02-14 00:00:00,DL,15,185,-13.0,-3.0,6.0,36.0,70.0,387.0
2025-02-14 00:00:00,DL,20,102,-9.0,-1.0,12.0,40.0,88.0,180.0
2025-02-14 00:00:00,DL,21,96,-10.0,-3.0,8.0,27.0,72.0,532.0
2025-02-14 00:00:00,UA,0,3,28.0,28.0,37.0,109.0,109.0,109.0
2025-02-14 00:00:00,UA,2,1,7.0,7.0,7.0,7.0,7.0,7.0
2025-02-14 00:00:00,UA,7,199,-13.0,-6.0,-3.0,-1.0,11.0,296.0
2025-02-14 00:00:00,UA,12,124,-15.0,-5.0,-2.0,9.0,36.0,289.0
2025-02-14 00:00:00,UA,13,142,-14.0,-4.0,-1.0,9.0,40.0,400.0
2025-02-14 00:00:00,UA,16,144,-15.0,-4.0,-1.0,7.0,65.0,360.0
2025-02-14 00:00:00,UA,18,153,-18.0,-4.0,0.0,20.0,78.0,394.0
2025-02-14 00:00:00,UA,22,32,-11.0,-5.0,-1.0,6.0,18.0,212.0
2025-02-14 00:00:00,WN,8,272,-11.0,-4.0,-1.0,4.0,19.0,111.0
2025-02-14 00:00:00,WN,9,217,-13.0,-3.0,0.0,8.0,28.0,184.0
2025-02-14 00:00:00,WN,20,264,-12.0,-3.0,9.0,38.0,90.0,296.0
2025-02-14 00:00:00,WN,21,142,-13.0,-3.0,14.0,38.0,73.0,166.0
2025-02-14 00:00:00,WN,22,140,-13.0,-2.0,10.0,39.0,74.0,201.0
2025-02-14 00:00:00,WN,23,3,-6.0,-6.0,3.0,22.0,22.0,22.0
2025-02-15 00:00:00,AA,5,82,-11.0,-6.0,-3.0,2.0,14.0,939.0
2025-02-15 00:00:00,AA,8,179,-11.0,-6.0,-3.0,7.0,35.0,903.0
2025-02-15 00:00:00,AA,10,122,-11.0,-5.0,-2.0,13.0,31.0,176.0
2025-02-15 00:00:00,AA,13,118,-12.0,-5.0,0.0,22.0,63.0,438.0
2025-02-15 00:00:00,AA,15,109,-16.0,-4.0,0.0,16.0,60.0,1023.0
2025-02-15 00:00:00,AA,16,142,-11.0,-3.0,3.0,23.0,59.0,754.0
2025-02-15 00:00:00,AA,21,74,-11.0,-2.0,6.0,28.0,71.0,622.0
2025-02-15 00:00:00,DL,1,2,-3.0,-3.0,-3.0,33.0,33.0,33.0
2025-02-15 00:00:00,DL,7,204,-19.0,-6.0,-2.0,3.0,21.0,306.0
2025-02-15 00:00:00,DL,12,151,-14.0,-4.0,9.0,43.0,76.0,333.0
2025-02-15 00:00:00,DL,17,147,-18.0,-5.0,4.0,50.0,97.0,1222.0
2025-02-15 00:00:00,DL,21,62,-14.0,-4.0,0.0,13.0,64.0,669.0
2025-02-15 00:00:00,DL,23,19,-11.0,-4.0,2.0,25.0,51.0,83.0
2025-02-15 00:00:00,UA,0,3,-10.0,-10.0,-8.0,-7.0,-7.0,-7.0
2025-02-15 00:00:00,UA,2,1,-6.0,-6.0,-6.0,-6.0,-6.0,-6.0
2025-02-15 00:00:00,UA,10,116,-13.0,-5.0,-1.0,9.0,30.0,146.0
2025-02-15 00:00:00,UA,14,121,-14.0,-5.0,0.0,28.0,85.0,287.0
2025-02-15 00:00:00,UA,20,62,-10.0,0.0,13.0,62.0,101.0,195.0
2025-02-15 00:00:00,UA,23,25,-10.0,-7.0,-2.0,12.0,44.0,84.0
2025-02-15 00:00:00,WN,6,283,-10.0,-5.0,-2.0,3.0,12.0,115.0
2025-02-15 00:00:00,WN,7,207,-11.0,-5.0,-2.0,2.0,12.0,150.0
2025-02-15 00:00:00,WN,12,198,-15.0,-2.0,6.0,23.0,41.0,428.0
2025-02-15 00:00:00,WN,13,194,-14.0,-3.0,1.0,17.0,40.0,547.0
2025-02-15 00:00:00,WN,14,221,-12.0,-2.0,5.0,24.0,61.0,448.0
2025-02-15 00:00:00,WN,15,220,-10.0,-2.0,11.0,34.0,73.0,199.0
2025-02-15 00:00:00,WN,22,5,-5.0,-3.0,-2.0,5.0,48.0,48.0
2025-02-16 00:00:00,AA,6,176,-15.0,-8.0,-4.0,1.0,48.0,482.0
2025-02-16 00:00:00,AA,11,150,-10.0,-3.0,4.0,46.0,95.0,282.0
2025-02-16 00:00:00,AA,12,124,-10.0,-3.0,8.0,40.0,129.0,460.0
2025-02-16 00:00:00,AA,13,130,-11.0,-2.0,4.0,37.0,62.0,1049.0
2025-02-16 00:00:00,AA,16,143,-12.0,-2.0,15.0,65.0,159.0,1148.0
2025-02-16 00:00:00,AA,20,121,-12.0,-1.0,15.0,42.0,96.0,610.0
2025-02-16 00:00:00,AA,22,95,-13.0,-2.0,5.0,34.0,91.0,1233.0
2025-02-16 00:00:00,DL,5,62,-15.0,-7.0,-3.0,2.0,200.0,391.0
2025-02-16 00:00:00,DL,7,204,-18.0,-6.0,0.0,16.0,119.0,388.0
2025-02-16 00:00:00,DL,9,125,-13.0,-4.0,5.0,59.0,129.0,353.0
2025-02-16 00:00:00,DL,16,107,-11.0,2.0,28.0,97.0,185.0,1120.0
2025-02-16 00:00:00,UA,5,28,-13.0,-8.0,-6.0,-3.0,3.0,25.0
2025-02-16 00:00:00,UA,7,194,-16.0,-6.0,-3.0,3.0,74.0,992.0
2025-02-16 00:00:00,UA,9,134,-13.0,-3.0,3.0,27.0,138.0,330.0
2025-02-16 00:00:00,UA,15,82,-10.0,-3.0,11.0,73.0,177.0,387.0
2025-02-16 00:00:00,UA,18,146,-13.0,-1.0,13.0,76.0,177.0,1000.0
2025-02-16 00:00:00,UA,23,36,-11.0,-6.0,-2.0,16.0,50.0,121.0
2025-02-16 00:00:00,WN,5,182,-11.0,-5.0,-4.0,0.0,18.0,297.0
2025-02-16 00:00:00,WN,11,220,-11.0,-3.0,2.0,30.0,111.0,545.0
2025-02-16 00:00:00,WN,12,221,-12.0,-3.0,2.0,29.0,126.0,463.0
2025-02-16 00:00:00,WN,13,223,-10.0,-2.0,9.0,39.0,129.0,540.0
2025-02-16 00:00:00,WN,17,237,-12.0,-1.0,9.0,53.0,128.0,317.0
2025-02-16 00:00:00,WN,20,262,-13.0,-2.0,11.0,56.0,130.0,309.0
2025-02-16 00:00:00,WN,22,140,-13.0,3.0,25.0,73.0,110.0,242.0
2025-02-16 00:00:00,WN,23,3,-8.0,-8.0,-8.0,13.0,13.0,13.0
2025-02-17 00:00:00,AA,0,12,-9.0,-5.0,0.0,22.0,31.0,70.0
2025-02-17 00:00:00,AA,8,191,-12.0,-5.0,-2.0,8.0,35.0,440.0
2025-02-17 00:00:00,AA,12,136,-11.0,-4.0,1.0,22.0,51.0,1260.0
2025-02-17 00:00:00,AA,18,164,-14.0,-2.0,6.0,43.0,84.0,751.0
2025-02-17 00:00:00,AA,20,124,-14.0,-1.0,14.0,40.0,93.0,2273.0
2025-02-17 00:00:00,AA,22,97,-12.0,-2.0,12.0,36.0,79.0,429.0
2025-02-17 00:00:00,DL,5,69,-15.0,-7.0,-3.0,2.0,18.0,475.0
2025-02-17 00:00:00,DL,10,156,-14.0,-4.0,1.0,19.0,41.0,329.0
2025-02-17 00:00:00,DL,11,189,-16.0,-3.0,6.0,31.0,70.0,395.0
2025-02-17 00:00:00,DL,12,177,-13.0,-2.0,9.0,40.0,84.0,215.0
2025-02-17 00:00:00,UA,11,127,-11.0,-3.0,2.0,17.0,67.0,680.0
2025-02-17 00:00:00,UA,17,145,-20.0,0.0,10.0,40.0,95.0,184.0
2025-02-17 00:00:00,WN,7,199,-12.0,-4.0,-2.0,4.0,30.0,216.0
2025-02-17 00:00:00,WN,10,234,-10.0,-3.0,0.0,14.0,39.0,313.0
2025-02-17 00:00:00,WN,13,223,-9.0,-1.0,7.0,28.0,53.0,114.0
2025-02-17 00:00:00,WN,19,240,-9.0,2.0,20.0,54.0,105.0,320.0
2025-02-17 00:00:00,WN,22,138,-10.0,11.0,28.0,57.0,100.0,211.0
2025-02-18 00:00:00,AA,7,173,-12.0,-5.0,-3.0,1.0,21.0,381.0
2025-02-18 00:00:00,AA,17,127,-10.0,-4.0,1.0,12.0,37.0,197.0
2025-02-18 00:00:00,AA,20,93,-14.0,-4.0,0.0,18.0,61.0,610.0
2025-02-18 00:00:00,DL,1,2,-12.0,-12.0,-12.0,-4.0,-4.0,-4.0
2025-02-18 00:00:00,DL,6,183,-16.0,-5.0,-2.0,4.0,36.0,347.0
2025-02-18 00:00:00,DL,11,185,-15.0,-3.0,4.0,26.0,52.0,483.0
2025-02-18 00:00:00,DL,19,117,-13.0,-3.0,1.0,24.0,55.0,964.0
2025-02-18 00:00:00,DL,21,66,-13.0,-5.0,-1.0,12.0,25.0,94.0
2025-02-18 00:00:00,UA,9,132,-12.0,-4.0,0.0,11.0,28.0,145.0
2025-02-18 00:00:00,UA,10,125,-14.0,-6.0,-3.0,4.0,33.0,496.0
2025-02-18 00:00:00,UA,12,120,-13.0,-6.0,-3.0,1.0,21.0,215.0
2025-02-18 00:00:00,UA,13,139,-17.0,-5.0,-1.0,9.0,30.0,165.0
2025-02-18 00:00:00,WN,7,212,-9.0,-4.0,-2.0,1.0,11.0,255.0
2025-02-18 00:00:00,WN,10,232,-11.0,-3.0,0.0,13.0,31.0,215.0
2025-02-18 00:00:00,WN,13,241,-12.0,-3.0,5.0,22.0,48.0,184.0
2025-02-18 00:00:00,WN,14,226,-14.0,-1.0,6.0,22.0,52.0,175.0
2025-02-18 00:00:00,WN,19,269,-15.0,-3.0,3.0,24.0,59.0,188.0
2025-02-19 00:00:00,DL,9,122,-16.0,-7.0,-2.0,9.0,27.0,111.0
2025-02-19 00:00:00,DL,15,181,-13.0,-3.0,2.0,20.0,50.0,219.0
2025-02-19 00:00:00,DL,23,20,-18.0,-4.0,-2.0,11.0,38.0,73.0
2025-02-19 00:00:00,UA,6,123,-13.0,-7.0,-4.0,0.0,15.0,286.0
2025-02-19 00:00:00,UA,11,127,-11.0,-5.0,0.0,11.0,35.0,183.0
2025-02-19 00:00:00,UA,12,122,-14.0,-6.0,-3.0,4.0,23.0,391.0
2025-02-19 00:00:00,UA,18,140,-14.0,-5.0,-2.0,10.0,29.0,786.0
2025-02-19 00:00:00,UA,23,32,-17.0,-11.0,-8.0,-1.0,-1.0,10.0
2025-02-19 00:00:00,WN,7,185,-10.0,-5.0,-4.0,-1.0,6.0,76.0
2025-02-19 00:00:00,WN,11,264,-13.0,-3.0,1.0,13.0,45.0,244.0
2025-02-19 00:00:00,WN,13,240,-11.0,-4.0,0.0,11.0,28.0,306.0
2025-02-19 00:00:00,WN,14,219,-12.0,-3.0,2.0,21.0,55.0,197.0
2025-02-19 00:00:00,WN,20,166,-14.0,-2.0,5.0,18.0,39.0,115.0
2025-02-19 00:00:00,WN,21,16,-5.0,-3.0,7.0,14.0,90.0,141.0
2025-02-20 00:00:00,AA,6,172,-12.0,-7.0,-5.0,-1.0,24.0,321.0
2025-02-20 00:00:00,AA,10,141,-10.0,-4.0,0.0,15.0,58.0,289.0
2025-02-20 00:00:00,AA,19,161,-15.0,-3.0,5.0,41.0,96.0,735.0
2025-02-20 00:00:00,DL,6,184,-17.0,-7.0,-4.0,0.0,12.0,396.0
2025-02-20 00:00:00,DL,7,234,-14.0,-6.0,-3.0,2.0,15.0,419.0
2025-02-20 00:00:00,DL,10,160,-23.0,-6.0,-1.0,19.0,43.0,564.0
2025-02-20 00:00:00,DL,15,186,-15.0,-4.0,6.0,26.0,54.0,219.0
2025-02-20 00:00:00,DL,20,100,-20.0,-2.0,15.0,35.0,69.0,127.0
2025-02-20 00:00:00,UA,2,1,-10.0,-10.0,-10.0,-10.0,-10.0,-10.0
2025-02-20 00:00:00,UA,7,197,-17.0,-7.0,-5.0,-2.0,5.0,146.0
2025-02-20 00:00:00,UA,16,141,-13.0,-6.0,-2.0,8.0,52.0,169.0
2025-02-20 00:00:00,UA,20,81,-15.0,-5.0,1.0,15.0,50.0,282.0
2025-02-20 00:00:00,UA,22,33,-12.0,-7.0,-3.0,6.0,17.0,27.0
2025-02-20 00:00:00,UA,23,35,-12.0,-8.0,-3.0,2.0,19.0,107.0
2025-02-20 00:00:00,WN,6,302,-11.0,-5.0,-3.0,-1.0,5.0,243.0
2025-02-20 00:00:00,WN,9,217,-12.0,-4.0,0.0,12.0,32.0,209.0
2025-02-20 00:00:00,WN,12,229,-11.0,-3.0,1.0,14.0,38.0,223.0
2025-02-20 00:00:00,WN,17,222,-9.0,-2.0,6.0,24.0,54.0,246.0
2025-02-20 00:00:00,WN,18,225,-11.0,-3.0,4.0,24.0,53.0,244.0
2025-02-21 00:00:00,AA,10,148,-10.0,-4.0,-1.0,7.0,39.0,616.0
2025-02-21 00:00:00,AA,16,153,-16.0,-5.0,-2.0,6.0,31.0,233.0
2025-02-21 00:00:00,DL,10,160,-14.0,-6.0,-2.0,4.0,25.0,318.0
2025-02-21 00:00:00,DL,14,138,-14.0,-5.0,-1.0,12.0,42.0,141.0
2025-02-21 00:00:00,DL,21,95,-19.0,-6.0,-3.0,9.0,31.0,110.0
2025-02-21 00:00:00,UA,1,1,13.0,13.0,13.0,13.0,13.0,13.0
2025-02-21 00:00:00,UA,2,1,15.0,15.0,15.0,15.0,15.0,15.0
2025-02-21 00:00:00,UA,9,136,-15.0,-5.0,-1.0,6.0,18.0,231.0
2025-02-21 00:00:00,UA,17,144,-17.0,-6.0,-2.0,7.0,24.0,91.0
2025-02-21 00:00:00,UA,18,152,-16.0,-7.0,-4.0,1.0,18.0,159.0
2025-02-21 00:00:00,UA,21,42,-12.0,-9.0,-6.0,2.0,11.0,48.0
2025-02-21 00:00:00,WN,5,184,-10.0,-5.0,-3.0,-1.0,7.0,49.0
2025-02-21 00:00:00,WN,6,304,-12.0,-5.0,-2.0,0.0,10.0,281.0
2025-02-21 00:00:00,WN,8,273,-13.0,-5.0,-2.0,2.0,13.0,364.0
2025-02-21 00:00:00,WN,10,231,-11.0,-4.0,-1.0,9.0,29.0,119.0
2025-02-21 00:00:00,WN,18,206,-12.0,-5.0,-2.0,10.0,25.0,144.0
2025-02-21 00:00:00,WN,19,238,-15.0,-4.0,0.0,12.0,33.0,146.0
2025-02-21 00:00:00,WN,21,140,-15.0,-7.0,-3.0,4.0,29.0,84.0
2025-02-22 00:00:00,AA,5,82,-17.0,-7.0,-4.0,-2.0,10.0,132.0
2025-02-22 00:00:00,AA,19,111,-19.0,-6.0,-2.0,12.0,51.0,114.0
2025-02-22 00:00:00,AA,21,76,-14.0,-4.0,1.0,15.0,34.0,98.0
2025-02-22 00:00:00,AA,22,64,-18.0,-7.0,-5.0,3.0,28.0,141.0
2025-02-22 00:00:00,AA,23,21,-10.0,-7.0,-4.0,0.0,6.0,707.0
2025-02-22 00:00:00,DL,0,4,-13.0,-13.0,-12.0,-12.0,-8.0,-8.0
2025-02-22 00:00:00,DL,9,123,-15.0,-7.0,-3.0,1.0,14.0,140.0
2025-02-22 00:00:00,DL,10,123,-16.0,-6.0,-3.0,1.0,15.0,123.0
2025-02-22 00:00:00,DL,12,154,-18.0,-7.0,-4.0,2.0,21.0,384.0
2025-02-22 00:00:00,DL,13,126,-13.0,-7.0,-4.0,3.0,32.0,136.0
2025-02-22 00:00:00,DL,17,151,-24.0,-8.0,-4.0,2.0,14.0,226.0
2025-02-22 00:00:00,DL,18,114,-30.0,-8.0,-3.0,5.0,27.0,149.0
2025-02-22 00:00:00,DL,23,19,-15.0,-8.0,-5.0,2.0,35.0,70.0
2025-02-22 00:00:00,UA,6,125,-12.0,-7.0,-4.0,-2.0,3.0,272.0
2025-02-22 00:00:00,UA,9,126,-12.0,-6.0,-3.0,0.0,10.0,182.0
2025-02-22 00:00:00,UA,10,116,-13.0,-6.0,-3.0,1.0,17.0,248.0
2025-02-22 00:00:00,UA,11,113,-10.0,-5.0,-2.0,5.0,15.0,614.0
2025-02-22 00:00:00,UA,15,78,-17.0,-6.0,-3.0,1.0,22.0,61.0
2025-02-22 00:00:00,UA,16,120,-15.0,-7.0,-3.0,2.0,15.0,132.0
2025-02-22 00:00:00,UA,20,63,-14.0,-5.0,-1.0,13.0,37.0,101.0
2025-02-22 00:00:00,WN,7,204,-12.0,-5.0,-4.0,0.0,4.0,122.0
2025-02-22 00:00:00,WN,9,190,-12.0,-5.0,-2.0,2.0,11.0,103.0
2025-02-22 00:00:00,WN,12,200,-14.0,-4.0,-1.0,4.0,18.0,104.0
2025-02-22 00:00:00,WN,17,216,-15.0,-5.0,-1.0,11.0,38.0,161.0
2025-02-22 00:00:00,WN,20,149,-13.0,-6.0,-3.0,4.0,36.0,138.0
2025-02-22 00:00:00,WN,21,105,-12.0,-4.0,3.0,12.0,26.0,82.0
2025-02-23 00:00:00,AA,0,9,-10.0,-7.0,-3.0,1.0,231.0,231.0
2025-02-23 00:00:00,AA,5,102,-17.0,-9.0,-7.0,-4.0,1.0,69.0
2025-02-23 00:00:00,AA,6,183,-13.0,-8.0,-5.0,-3.0,2.0,452.0
2025-02-23 00:00:00,AA,9,134,-11.0,-6.0,-4.0,0.0,15.0,238.0
2025-02-23 00:00:00,AA,10,144,-16.0,-5.0,-3.0,1.0,13.0,174.0
2025-02-23 00:00:00,AA,12,139,-12.0,-4.0,-1.0,7.0,24.0,523.0
2025-02-23 00:00:00,AA,15,129,-14.0,-4.0,0.0,16.0,57.0,358.0
2025-02-23 00:00:00,AA,16,153,-12.0,-4.0,-1.0,6.0,25.0,231.0
2025-02-23 00:00:00,AA,18,162,-13.0,-4.0,0.0,18.0,63.0,723.0
2025-02-23 00:00:00,DL,10,159,-15.0,-7.0,-4.0,0.0,14.0,213.0
2025-02-23 00:00:00,UA,6,125,-14.0,-7.0,-5.0,-1.0,6.0,95.0
2025-02-23 00:00:00,UA,7,194,-13.0,-7.0,-5.0,-2.0,5.0,316.0
2025-02-23 00:00:00,UA,12,115,-14.0,-6.0,-2.0,7.0,26.0,149.0
2025-02-23 00:00:00,UA,18,153,-15.0,-5.0,-1.0,10.0,38.0,123.0
2025-02-23 00:00:00,UA,19,134,-11.0,-3.0,-1.0,7.0,26.0,141.0
2025-02-23 00:00:00,UA,22,32,-13.0,-6.0,-3.0,2.0,11.0,80.0
2025-02-23 00:00:00,WN,8,277,-11.0,-5.0,-3.0,-1.0,3.0,42.0
2025-02-23 00:00:00,WN,12,234,-11.0,-3.0,-1.0,7.0,21.0,173.0
2025-02-23 00:00:00,WN,13,229,-10.0,-2.0,1.0,9.0,20.0,309.0
2025-02-23 00:00:00,WN,15,239,-13.0,-2.0,3.0,14.0,26.0,101.0
2025-02-23 00:00:00,WN,18,205,-10.0,-4.0,1.0,10.0,22.0,127.0
2025-02-24 00:00:00,AA,0,11,-10.0,-6.0,-5.0,-1.0,4.0,14.0
2025-02-24 00:00:00,AA,8,198,-11.0,-6.0,-3.0,-1.0,18.0,212.0
2025-02-24 00:00:00,AA,9,135,-11.0,-5.0,-2.0,3.0,27.0,211.0
2025-02-24 00:00:00,AA,11,167,-11.0,-5.0,-2.0,8.0,21.0,186.0
2025-02-24 00:00:00,AA,12,137,-13.0,-5.0,-1.0,7.0,23.0,502.0
2025-02-24 00:00:00,AA,13,142,-13.0,-4.0,-1.0,9.0,38.0,192.0
2025-02-24 00:00:00,AA,18,151,-12.0,-5.0,-2.0,8.0,50.0,305.0
2025-02-24 00:00:00,AA,19,124,-18.0,-6.0,-2.0,12.0,33.0,823.0
2025-02-24 00:00:00,AA,21,81,-13.0,-4.0,-2.0,10.0,45.0,203.0
2025-02-24 00:00:00,AA,22,70,-15.0,-7.0,-3.0,3.0,16.0,385.0
2025-02-24 00:00:00,AA,23,27,-13.0,-9.0,-5.0,-1.0,3.0,12.0
2025-02-24 00:00:00,DL,13,147,-26.0,-6.0,-3.0,7.0,36.0,328.0
2025-02-24 00:00:00,DL,17,173,-20.0,-7.0,-5.0,5.0,25.0,302.0
2025-02-24 00:00:00,DL,19,165,-23.0,-9.0,-3.0,6.0,31.0,193.0
2025-02-24 00:00:00,DL,20,102,-15.0,-6.0,-2.0,6.0,26.0,66.0
2025-02-24 00:00:00,UA,2,1,1.0,1.0,1.0,1.0,1.0,1.0
2025-02-24 00:00:00,UA,8,192,-13.0,-6.0,-4.0,-1.0,10.0,241.0
2025-02-24 00:00:00,UA,12,124,-13.0,-7.0,-4.0,0.0,9.0,178.0
2025-02-24 00:00:00,UA,18,154,-19.0,-7.0,-4.0,1.0,15.0,153.0
2025-02-24 00:00:00,WN,5,98,-9.0,-6.0,-4.0,-1.0,3.0,31.0
2025-02-24 00:00:00,WN,8,270,-14.0,-5.0,-2.0,0.0,8.0,74.0
2025-02-24 00:00:00,WN,13,243,-10.0,-5.0,-1.0,5.0,20.0,232.0
2025-02-24 00:00:00,WN,17,223,-11.0,-5.0,-2.0,6.0,16.0,124.0
2025-02-25 00:00:00,AA,9,134,-15.0,-7.0,-4.0,-1.0,11.0,394.0
2025-02-25 00:00:00,AA,11,161,-15.0,-6.0,-4.0,-1.0,7.0,204.0
2025-02-25 00:00:00,AA,13,139,-12.0,-6.0,-3.0,3.0,20.0,197.0
2025-02-25 00:00:00,AA,16,146,-14.0,-7.0,-3.0,2.0,18.0,292.0
2025-02-25 00:00:00,AA,18,147,-19.0,-6.0,-3.0,2.0,42.0,2331.0
2025-02-25 00:00:00,AA,22,62,-15.0,-8.0,-5.0,4.0,52.0,79.0
2025-02-25 00:00:00,AA,23,20,-15.0,-10.0,-7.0,-1.0,7.0,85.0
2025-02-25 00:00:00,DL,1,2,-8.0,-8.0,-8.0,-7.0,-7.0,-7.0
2025-02-25 00:00:00,DL,6,184,-21.0,-9.0,-6.0,-2.0,3.0,262.0
2025-02-25 00:00:00,DL,10,153,-15.0,-8.0,-5.0,-2.0,11.0,215.0
2025-02-25 00:00:00,DL,12,170,-19.0,-9.0,-4.0,-1.0,5.0,105.0
2025-02-25 00:00:00,DL,16,122,-18.0,-8.0,-5.0,0.0,9.0,83.0
2025-02-25 00:00:00,UA,1,1,3.0,3.0,3.0,3.0,3.0,3.0
2025-02-25 00:00:00,UA,5,28,-12.0,-9.0,-6.0,-4.0,18.0,27.0
2025-02-25 00:00:00,UA,6,118,-18.0,-10.0,-7.0,-3.0,2.0,46.0
2025-02-25 00:00:00,UA,8,186,-14.0,-8.0,-6.0,-3.0,2.0,93.0
2025-02-25 00:00:00,UA,10,125,-15.0,-8.0,-5.0,-2.0,8.0,168.0
2025-02-25 00:00:00,UA,12,120,-16.0,-8.0,-5.0,-1.0,4.0,83.0
2025-02-25 00:00:00,WN,8,246,-12.0,-6.0,-4.0,-1.0,2.0,112.0
2025-02-25 00:00:00,WN,9,234,-11.0,-5.0,-3.0,0.0,9.0,461.0
2025-02-25 00:00:00,WN,22,2,-3.0,-3.0,-3.0,-1.0,-1.0,-1.0
2025-02-26 00:00:00,AA,11,160,-15.0,-6.0,-3.0,1.0,16.0,152.0
2025-02-26 00:00:00,AA,15,118,-17.0,-6.0,-2.0,4.0,28.0,1963.0
2025-02-26 00:00:00,AA,16,145,-14.0,-7.0,-4.0,1.0,18.0,1766.0
2025-02-26 00:00:00,AA,18,155,-12.0,-6.0,-3.0,1.0,8.0,86.0
2025-02-26 00:00:00,DL,0,2,-10.0,-10.0,-10.0,-7.0,-7.0,-7.0
2025-02-26 00:00:00,DL,5,69,-19.0,-9.0,-7.0,-4.0,1.0,612.0
2025-02-26 00:00:00,DL,6,182,-17.0,-9.0,-6.0,-2.0,0.0,76.0
2025-02-26 00:00:00,DL,8,176,-16.0,-8.0,-5.0,-2.0,2.0,462.0
2025-02-26 00:00:00,DL,9,123,-16.0,-7.0,-5.0,-2.0,14.0,507.0
2025-02-26 00:00:00,DL,14,121,-20.0,-6.0,-4.0,-1.0,7.0,152.0
2025-02-26 00:00:00,DL,18,146,-30.0,-8.0,-4.0,1.0,34.0,903.0
2025-02-26 00:00:00,DL,20,75,-18.0,-8.0,-4.0,3.0,27.0,128.0
2025-02-26 00:00:00,DL,22,86,-15.0,-8.0,-5.0,0.0,22.0,567.0
2025-02-26 00:00:00,UA,16,136,-17.0,-8.0,-5.0,-1.0,11.0,211.0
2025-02-26 00:00:00,WN,12,182,-10.0,-5.0,-3.0,1.0,14.0,103.0
2025-02-26 00:00:00,WN,13,241,-13.0,-6.0,-2.0,2.0,17.0,119.0
2025-02-26 00:00:00,WN,23,2,-5.0,-5.0,-5.0,-5.0,-5.0,-5.0
2025-02-27 00:00:00,AA,7,208,-14.0,-7.0,-5.0,-2.0,2.0,557.0
2025-02-27 00:00:00,AA,8,195,-13.0,-6.0,-4.0,-2.0,7.0,308.0
2025-02-27 00:00:00,AA,9,130,-12.0,-6.0,-3.0,2.0,28.0,805.0
2025-02-27 00:00:00,AA,17,164,-9.0,-4.0,0.0,19.0,47.0,232.0
2025-02-27 00:00:00,AA,18,163,-15.0,-2.0,4.0,26.0,63.0,1172.0
2025-02-27 00:00:00,AA,22,99,-9.0,-4.0,0.0,11.0,38.0,372.0
2025-02-27 00:00:00,DL,0,2,6.0,6.0,6.0,17.0,17.0,17.0
2025-02-27 00:00:00,DL,7,233,-16.0,-6.0,-4.0,0.0,8.0,300.0
2025-02-27 00:00:00,DL,12,178,-17.0,-7.0,-4.0,0.0,15.0,335.0
2025-02-27 00:00:00,DL,13,145,-14.0,-6.0,-3.0,1.0,15.0,458.0
2025-02-27 00:00:00,UA,0,2,-2.0,-2.0,-2.0,-2.0,-2.0,-2.0
2025-02-27 00:00:00,UA,2,1,-8.0,-8.0,-8.0,-8.0,-8.0,-8.0
2025-02-27 00:00:00,UA,7,200,-15.0,-8.0,-5.0,-3.0,2.0,321.0
2025-02-27 00:00:00,UA,9,140,-12.0,-6.0,-4.0,0.0,14.0,1084.0
2025-02-27 00:00:00,UA,10,126,-13.0,-7.0,-4.0,0.0,13.0,263.0
2025-02-27 00:00:00,UA,15,90,-13.0,-6.0,-2.0,2.0,23.0,70.0
2025-02-27 00:00:00,WN,8,272,-14.0,-5.0,-3.0,0.0,7.0,121.0
2025-02-27 00:00:00,WN,17,241,-15.0,-2.0,3.0,17.0,36.0,110.0
2025-02-27 00:00:00,WN,18,206,-13.0,-3.0,2.0,15.0,32.0,169.0
2025-02-27 00:00:00,WN,20,262,-13.0,-5.0,-1.0,13.0,32.0,209.0
2025-02-27 00:00:00,WN,23,3,-1.0,-1.0,0.0,8.0,8.0,8.0
2025-02-28 00:00:00,AA,0,12,-9.0,-6.0,-4.0,-2.0,-1.0,85.0
2025-02-28 00:00:00,AA,5,103,-13.0,-7.0,-4.0,-1.0,4.0,116.0
2025-02-28 00:00:00,AA,6,188,-11.0,-6.0,-4.0,-2.0,6.0,2883.0
2025-02-28 00:00:00,AA,8,199,-14.0,-6.0,-4.0,-1.0,9.0,350.0
2025-02-28 00:00:00,AA,12,138,-13.0,-5.0,-3.0,4.0,16.0,237.0
2025-02-28 00:00:00,AA,23,30,-13.0,-6.0,-2.0,3.0,15.0,65.0
2025-02-28 00:00:00,DL,0,4,-8.0,-8.0,-8.0,-5.0,-1.0,-1.0
2025-02-28 00:00:00,DL,5,69,-14.0,-8.0,-6.0,-3.0,0.0,75.0
2025-02-28 00:00:00,DL,7,233,-18.0,-6.0,-4.0,-1.0,5.0,303.0
2025-02-28 00:00:00,DL,8,174,-26.0,-7.0,-4.0,-1.0,9.0,225.0
2025-02-28 00:00:00,DL,9,126,-15.0,-6.0,-4.0,-1.0,6.0,159.0
2025-02-28 00:00:00,DL,10,159,-21.0,-7.0,-5.0,-2.0,15.0,245.0
2025-02-28 00:00:00,DL,12,179,-21.0,-7.0,-4.0,-1.0,10.0,132.0
2025-02-28 00:00:00,DL,16,140,-13.0,-6.0,-2.0,11.0,41.0,195.0
2025-02-28 00:00:00,DL,20,101,-18.0,-7.0,-2.0,3.0,19.0,140.0
2025-02-28 00:00:00,UA,5,31,-11.0,-7.0,-6.0,-1.0,2.0,8.0
2025-02-28 00:00:00,UA,9,134,-11.0,-6.0,-4.0,-1.0,11.0,116.0
2025-02-28 00:00:00,UA,11,129,-13.0,-6.0,-4.0,-1.0,5.0,287.0
2025-02-28 00:00:00,UA,12,124,-15.0,-6.0,-4.0,0.0,16.0,170.0
2025-02-28 00:00:00,UA,19,135,-17.0,-7.0,-3.0,3.0,19.0,112.0
2025-02-28 00:00:00,UA,22,33,-14.0,-7.0,-4.0,-1.0,13.0,94.0
2025-02-28 00:00:00,UA,23,35,-13.0,-8.0,-5.0,-2.0,3.0,63.0
2025-02-28 00:00:00,WN,8,272,-10.0,-4.0,-2.0,0.0,6.0,244.0
2025-02-28 00:00:00,WN,13,224,-10.0,-4.0,-1.0,4.0,16.0,146.0
2025-02-28 00:00:00,WN,16,221,-12.0,-4.0,-1.0,6.0,22.0,211.0
2025-02-28 00:00:00,WN,18,206,-13.0,-5.0,-2.0,2.0,12.0,166.0
2025-03-01 00:00:00,AA,11,144,-14.0,-6.0,-4.0,0.0,8.0,60.0
2025-03-01 00:00:00,AA,14,141,-17.0,-5.0,-2.0,7.0,26.0,115.0
2025-03-01 00:00:00,AA,19,111,-15.0,-6.0,-4.0,10.0,44.0,157.0
2025-03-01 00:00:00,AA,20,106,-15.0,-5.0,-2.0,12.0,33.0,137.0
2025-03-01 00:00:00,DL,1,2,-6.0,-6.0,-6.0,-5.0,-5.0,-5.0
2025-03-01 00:00:00,DL,6,168,-16.0,-9.0,-5.0,-2.0,4.0,318.0
2025-03-01 00:00:00,DL,12,155,-17.0,-8.0,-4.0,2.0,20.0,360.0
2025-03-01 00:00:00,DL,20,67,-22.0,-7.0,-3.0,1.0,14.0,104.0
2025-03-01 00:00:00,DL,23,18,-17.0,-8.0,-4.0,4.0,9.0,10.0
2025-03-01 00:00:00,UA,0,3,-9.0,-9.0,-7.0,-7.0,-7.0,-7.0
2025-03-01 00:00:00,UA,2,1,-9.0,-9.0,-9.0,-9.0,-9.0,-9.0
2025-03-01 00:00:00,UA,5,35,-12.0,-9.0,-6.0,-1.0,7.0,46.0
2025-03-01 00:00:00,UA,20,63,-15.0,-6.0,0.0,11.0,37.0,126.0
2025-03-01 00:00:00,UA,21,28,-8.0,-5.0,-2.0,12.0,21.0,75.0
2025-03-01 00:00:00,WN,6,280,-12.0,-5.0,-3.0,-1.0,4.0,213.0
2025-03-01 00:00:00,WN,8,239,-14.0,-5.0,-3.0,0.0,6.0,135.0
2025-03-01 00:00:00,WN,10,234,-15.0,-5.0,-3.0,0.0,10.0,147.0
2025-03-01 00:00:00,WN,11,208,-13.0,-5.0,-2.0,2.0,10.0,109.0
2025-03-01 00:00:00,WN,15,218,-13.0,-4.0,0.0,11.0,25.0,116.0
2025-03-01 00:00:00,WN,19,232,-15.0,-6.0,-2.0,5.0,22.0,190.0
2025-03-01 00:00:00,WN,21,105,-10.0,-6.0,-4.0,0.0,11.0,222.0
2025-03-01 00:00:00,WN,22,5,-7.0,-7.0,-5.0,-3.0,12.0,12.0
2025-03-02 00:00:00,AA,0,9,-10.0,-5.0,-4.0,-2.0,22.0,22.0
2025-03-02 00:00:00,AA,10,143,-15.0,-6.0,-4.0,-1.0,15.0,104.0
2025-03-02 00:00:00,AA,17,164,-11.0,-4.0,0.0,25.0,65.0,413.0
2025-03-02 00:00:00,AA,18,161,-16.0,-4.0,2.0,24.0,70.0,254.0
2025-03-02 00:00:00,AA,20,126,-16.0,-3.0,8.0,25.0,77.0,349.0
2025-03-02 00:00:00,AA,21,93,-13.0,-3.0,3.0,23.0,68.0,378.0
2025-03-02 00:00:00,DL,7,234,-15.0,-8.0,-5.0,-2.0,8.0,166.0
2025-03-02 00:00:00,DL,15,185,-15.0,-6.0,-2.0,7.0,28.0,254.0
2025-03-02 00:00:00,UA,0,4,-6.0,-6.0,-6.0,-4.0,2.0,2.0
2025-03-02 00:00:00,UA,6,125,-13.0,-8.0,-5.0,-2.0,5.0,54.0
2025-03-02 00:00:00,UA,8,180,-14.0,-7.0,-4.0,0.0,12.0,119.0
2025-03-02 00:00:00,UA,9,134,-14.0,-6.0,-3.0,1.0,22.0,170.0
2025-03-02 00:00:00,UA,11,125,-13.0,-6.0,-4.0,-1.0,15.0,120.0
2025-03-02 00:00:00,UA,14,126,-13.0,-6.0,-4.0,2.0,25.0,131.0
2025-03-02 00:00:00,UA,19,134,-14.0,-5.0,-1.0,6.0,30.0,175.0
2025-03-02 00:00:00,WN,6,294,-14.0,-6.0,-4.0,-2.0,2.0,55.0
2025-03-02 00:00:00,WN,14,227,-9.0,-3.0,0.0,8.0,23.0,153.0
2025-03-02 00:00:00,WN,16,223,-12.0,-3.0,1.0,12.0,27.0,144.0
2025-03-02 00:00:00,WN,20,263,-12.0,-4.0,0.0,16.0,34.0,106.0
2025-03-02 00:00:00,WN,22,143,-15.0,-5.0,0.0,9.0,24.0,46.0
2025-03-02 00:00:00,WN,23,3,-2.0,-2.0,2.0,4.0,4.0,4.0
2025-03-03 00:00:00,AA,0,12,-12.0,-8.0,-7.0,0.0,20.0,21.0
2025-03-03 00:00:00,AA,5,103,-13.0,-9.0,-6.0,-3.0,1.0,209.0
2025-03-03 00:00:00,AA,7,208,-13.0,-7.0,-4.0,-1.0,19.0,384.0
2025-03-03 00:00:00,AA,11,166,-17.0,-6.0,-3.0,4.0,23.0,313.0
2025-03-03 00:00:00,AA,14,151,-15.0,-6.0,-3.0,3.0,19.0,288.0
2025-03-03 00:00:00,AA,16,147,-15.0,-6.0,-2.0,8.0,33.0,364.0
2025-03-03 00:00:00,AA,19,126,-13.0,-7.0,-2.0,7.0,40.0,160.0
2025-03-03 00:00:00,AA,22,71,-13.0,-6.0,-3.0,5.0,23.0,380.0
2025-03-03 00:00:00,DL,5,69,-17.0,-9.0,-6.0,-3.0,4.0,46.0
2025-03-03 00:00:00,DL,9,126,-15.0,-8.0,-4.0,0.0,13.0,79.0
2025-03-03 00:00:00,DL,10,157,-17.0,-6.0,-4.0,1.0,15.0,196.0
2025-03-03 00:00:00,DL,11,191,-16.0,-8.0,-4.0,-1.0,9.0,190.0
2025-03-03 00:00:00,DL,12,178,-18.0,-7.0,-4.0,-1.0,15.0,245.0
2025-03-03 00:00:00,DL,20,102,-18.0,-9.0,-5.0,-2.0,8.0,202.0
2025-03-03 00:00:00,UA,0,3,-9.0,-9.0,-3.0,-2.0,-2.0,-2.0
2025-03-03 00:00:00,UA,5,31,-13.0,-8.0,-6.0,-4.0,-2.0,2.0
2025-03-03 00:00:00,UA,6,125,-14.0,-8.0,-6.0,-4.0,1.0,249.0
2025-03-03 00:00:00,UA,9,138,-13.0,-7.0,-5.0,-2.0,14.0,145.0
2025-03-03 00:00:00,UA,11,127,-14.0,-7.0,-4.0,-1.0,6.0,74.0
2025-03-03 00:00:00,UA,12,124,-13.0,-7.0,-4.0,0.0,9.0,182.0
2025-03-03 00:00:00,UA,14,130,-15.0,-7.0,-4.0,2.0,22.0,183.0
2025-03-03 00:00:00,UA,17,147,-18.0,-7.0,-3.0,7.0,38.0,222.0
2025-03-03 00:00:00,WN,5,98,-10.0,-6.0,-5.0,-1.0,1.0,37.0
2025-03-03 00:00:00,WN,7,205,-11.0,-5.0,-3.0,-1.0,7.0,373.0
2025-03-03 00:00:00,WN,9,215,-12.0,-4.0,0.0,12.0,138.0,430.0
2025-03-03 00:00:00,WN,11,208,-11.0,-3.0,0.0,15.0,160.0,394.0
2025-03-03 00:00:00,WN,22,6,-6.0,-6.0,-5.0,0.0,115.0,115.0
2025-03-03 00:00:00,WN,23,2,-7.0,-7.0,-7.0,13.0,13.0,13.0
2025-03-04 00:00:00,AA,0,9,-11.0,-10.0,-8.0,-5.0,5.0,5.0
2025-03-04 00:00:00,AA,5,79,-16.0,-10.0,-8.0,-5.0,2.0,67.0
2025-03-04 00:00:00,AA,14,120,-19.0,-6.0,-2.0,23.0,181.0,1095.0
2025-03-04 00:00:00,AA,18,116,-18.0,-5.0,-1.0,42.0,161.0,864.0
2025-03-04 00:00:00,DL,5,69,-16.0,-9.0,-7.0,-4.0,-1.0,64.0
2025-03-04 00:00:00,DL,7,230,-18.0,-8.0,-6.0,-2.0,1.0,629.0
2025-03-04 00:00:00,DL,14,122,-19.0,-7.0,-4.0,1.0,30.0,658.0
2025-03-04 00:00:00,DL,21,66,-11.0,-6.0,-2.0,14.0,47.0,501.0
2025-03-04 00:00:00,DL,22,83,-18.0,-6.0,-3.0,3.0,43.0,600.0
2025-03-04 00:00:00,UA,10,123,-16.0,-9.0,-5.0,0.0,9.0,178.0
2025-03-04 00:00:00,UA,14,121,-17.0,-8.0,-4.0,-1.0,12.0,303.0
2025-03-04 00:00:00,WN,5,30,-14.0,-5.0,-4.0,-1.0,0.0,2.0
2025-03-04 00:00:00,WN,11,244,-13.0,-5.0,-1.0,7.0,19.0,363.0
2025-03-04 00:00:00,WN,16,206,-15.0,-4.0,0.0,18.0,44.0,356.0
2025-03-04 00:00:00,WN,20,161,-14.0,-4.0,-1.0,8.0,35.0,175.0
2025-03-04 00:00:00,WN,21,16,-8.0,-5.0,-2.0,2.0,117.0,159.0
2025-03-05 00:00:00,AA,1,1,-5.0,-5.0,-5.0,-5.0,-5.0,-5.0
2025-03-05 00:00:00,AA,9,115,-12.0,-5.0,-1.0,11.0,55.0,123.0
2025-03-05 00:00:00,AA,18,152,-14.0,-5.0,1.0,22.0,89.0,387.0
2025-03-05 00:00:00,AA,20,112,-15.0,-4.0,1.0,21.0,49.0,153.0
2025-03-05 00:00:00,DL,9,122,-14.0,-6.0,-2.0,6.0,78.0,324.0
2025-03-05 00:00:00,DL,11,184,-18.0,-6.0,-2.0,19.0,89.0,612.0
2025-03-05 00:00:00,DL,12,172,-14.0,-5.0,-1.0,30.0,114.0,288.0
2025-03-05 00:00:00,DL,14,121,-14.0,-5.0,2.0,35.0,89.0,538.0
2025-03-05 00:00:00,DL,15,180,-12.0,-3.0,5.0,37.0,98.0,962.0
2025-03-05 00:00:00,DL,17,171,-15.0,-6.0,0.0,35.0,112.0,1134.0
2025-03-05 00:00:00,UA,2,1,-13.0,-13.0,-13.0,-13.0,-13.0,-13.0
2025-03-05 00:00:00,UA,5,27,-13.0,-8.0,-5.0,-1.0,43.0,75.0
2025-03-05 00:00:00,UA,10,121,-23.0,-7.0,-3.0,2.0,30.0,161.0
2025-03-05 00:00:00,UA,11,124,-16.0,-6.0,-2.0,0.0,21.0,218.0
2025-03-05 00:00:00,UA,13,141,-13.0,-6.0,-2.0,4.0,23.0,160.0
2025-03-05 00:00:00,UA,15,91,-18.0,-5.0,-1.0,13.0,50.0,279.0
2025-03-05 00:00:00,UA,19,124,-19.0,-4.0,2.0,15.0,69.0,197.0
2025-03-05 00:00:00,UA,21,36,-14.0,-7.0,-2.0,12.0,98.0,285.0
2025-03-05 00:00:00,WN,5,30,-12.0,-6.0,-3.0,-1.0,1.0,259.0
2025-03-05 00:00:00,WN,9,228,-10.0,-5.0,-2.0,3.0,18.0,141.0
2025-03-06 00:00:00,AA,6,183,-14.0,-7.0,-4.0,-1.0,7.0,506.0
2025-03-06 00:00:00,AA,10,133,-12.0,-6.0,-2.0,2.0,23.0,640.0
2025-03-06 00:00:00,AA,15,121,-18.0,-5.0,-1.0,8.0,48.0,330.0
2025-03-06 00:00:00,AA,17,151,-14.0,-4.0,-1.0,12.0,42.0,888.0
2025-03-06 00:00:00,DL,0,2,-11.0,-11.0,-11.0,19.0,19.0,19.0
2025-03-06 00:00:00,DL,1,2,-12.0,-12.0,-12.0,-11.0,-11.0,-11.0
2025-03-06 00:00:00,DL,5,69,-13.0,-7.0,-5.0,-2.0,9.0,68.0
2025-03-06 00:00:00,DL,7,234,-16.0,-7.0,-4.0,0.0,15.0,656.0
2025-03-06 00:00:00,DL,8,176,-18.0,-7.0,-3.0,0.0,25.0,182.0
2025-03-06 00:00:00,DL,22,93,-13.0,-5.0,-1.0,10.0,29.0,1047.0
2025-03-06 00:00:00,DL,23,26,-15.0,-3.0,-1.0,12.0,40.0,66.0
2025-03-06 00:00:00,UA,1,2,-8.0,-8.0,-8.0,105.0,105.0,105.0
2025-03-06 00:00:00,UA,8,178,-16.0,-7.0,-4.0,-1.0,8.0,190.0
2025-03-06 00:00:00,UA,12,130,-16.0,-8.0,-5.0,0.0,10.0,175.0
2025-03-06 00:00:00,UA,14,132,-15.0,-7.0,-4.0,2.0,19.0,246.0
2025-03-06 00:00:00,UA,19,129,-18.0,-6.0,-1.0,8.0,27.0,240.0
2025-03-06 00:00:00,UA,23,40,-20.0,-9.0,-7.0,-1.0,15.0,100.0
2025-03-06 00:00:00,WN,14,251,-11.0,-3.0,3.0,19.0,39.0,127.0
2025-03-06 00:00:00,WN,17,246,-13.0,-2.0,5.0,23.0,43.0,182.0
2025-03-06 00:00:00,WN,21,165,-16.0,-2.0,4.0,27.0,70.0,256.0
2025-03-07 00:00:00,AA,5,110,-13.0,-7.0,-5.0,-2.0,7.0,437.0
2025-03-07 00:00:00,AA,7,213,-13.0,-6.0,-4.0,-1.0,17.0,427.0
2025-03-07 00:00:00,AA,8,198,-15.0,-5.0,-3.0,1.0,20.0,160.0
2025-03-07 00:00:00,AA,11,166,-11.0,-5.0,-2.0,5.0,21.0,111.0
2025-03-07 00:00:00,AA,16,161,-16.0,-4.0,2.0,21.0,52.0,409.0
2025-03-07 00:00:00,AA,21,98,-20.0,-6.0,-2.0,12.0,57.0,480.0
2025-03-07 00:00:00,DL,6,187,-17.0,-8.0,-5.0,-1.0,5.0,301.0
2025-03-07 00:00:00,DL,9,125,-17.0,-6.0,-3.0,-1.0,11.0,45.0
2025-03-07 00:00:00,DL,12,178,-18.0,-7.0,-4.0,4.0,26.0,146.0
2025-03-07 00:00:00,DL,15,187,-17.0,-6.0,-3.0,7.0,47.0,291.0
2025-03-07 00:00:00,DL,19,166,-21.0,-7.0,-3.0,8.0,54.0,161.0
2025-03-07 00:00:00,DL,20,101,-15.0,-5.0,-1.0,17.0,47.0,89.0
2025-03-07 00:00:00,UA,6,143,-15.0,-7.0,-5.0,-2.0,0.0,74.0
2025-03-07 00:00:00,UA,15,90,-15.0,-6.0,-1.0,8.0,49.0,164.0
2025-03-07 00:00:00,UA,16,145,-16.0,-5.0,-2.0,9.0,33.0,315.0
2025-03-07 00:00:00,UA,17,141,-13.0,-5.0,0.0,17.0,64.0,374.0
2025-03-07 00:00:00,WN,6,305,-12.0,-5.0,-3.0,0.0,7.0,160.0
2025-03-07 00:00:00,WN,12,231,-14.0,-4.0,0.0,22.0,61.0,373.0
2025-03-07 00:00:00,WN,19,224,-15.0,-3.0,9.0,36.0,71.0,285.0
2025-03-07 00:00:00,WN,20,280,-15.0,-2.0,7.0,32.0,70.0,162.0
2025-03-08 00:00:00,AA,9,118,-13.0,-5.0,-2.0,8.0,40.0,1237.0
2025-03-08 00:00:00,AA,10,124,-11.0,-4.0,-1.0,11.0,47.0,198.0
2025-03-08 00:00:00,AA,17,145,-18.0,-5.0,2.0,48.0,110.0,844.0
2025-03-08 00:00:00,AA,22,103,-15.0,-3.0,4.0,27.0,48.0,136.0
2025-03-08 00:00:00,DL,0,4,-15.0,-15.0,-10.0,-9.0,-6.0,-6.0
2025-03-08 00:00:00,DL,7,209,-16.0,-7.0,-5.0,-2.0,1.0,60.0
2025-03-08 00:00:00,DL,11,175,-15.0,-7.0,-4.0,1.0,16.0,139.0
2025-03-08 00:00:00,DL,13,127,-15.0,-8.0,-4.0,0.0,9.0,201.0
2025-03-08 00:00:00,DL,20,75,-19.0,-9.0,-5.0,0.0,15.0,62.0
2025-03-08 00:00:00,DL,21,69,-18.0,-10.0,-6.0,-1.0,11.0,107.0
2025-03-08 00:00:00,DL,23,12,-12.0,-8.0,-5.0,1.0,60.0,103.0
2025-03-08 00:00:00,UA,11,109,-12.0,-6.0,-3.0,1.0,9.0,108.0
2025-03-08 00:00:00,UA,18,125,-20.0,-6.0,-2.0,5.0,44.0,117.0
2025-03-08 00:00:00,UA,22,41,-13.0,-8.0,-4.0,1.0,12.0,71.0
2025-03-08 00:00:00,WN,6,277,-12.0,-5.0,-3.0,0.0,7.0,204.0
2025-03-08 00:00:00,WN,7,219,-13.0,-6.0,-3.0,0.0,10.0,79.0
2025-03-08 00:00:00,WN,13,231,-14.0,-4.0,0.0,9.0,30.0,251.0
2025-03-08 00:00:00,WN,16,201,-13.0,-4.0,0.0,10.0,34.0,253.0
2025-03-08 00:00:00,WN,23,20,-12.0,-5.0,-3.0,-1.0,8.0,25.0
2025-03-09 00:00:00,AA,5,111,-14.0,-8.0,-5.0,-2.0,6.0,1743.0
2025-03-09 00:00:00,AA,7,217,-15.0,-7.0,-4.0,-1.0,10.0,265.0
2025-03-09 00:00:00,AA,11,164,-11.0,-5.0,-1.0,13.0,28.0,347.0
2025-03-09 00:00:00,AA,16,148,-15.0,-4.0,-1.0,17.0,45.0,191.0
2025-03-09 00:00:00,AA,17,152,-10.0,-4.0,0.0,21.0,62.0,317.0
2025-03-09 00:00:00,AA,21,97,-14.0,-5.0,0.0,14.0,62.0,475.0
2025-03-09 00:00:00,AA,22,105,-14.0,-5.0,0.0,13.0,39.0,164.0
2025-03-09 00:00:00,AA,23,39,-15.0,-8.0,-4.0,-1.0,12.0,97.0
2025-03-09 00:00:00,DL,6,180,-16.0,-7.0,-5.0,-1.0,5.0,294.0
2025-03-09 00:00:00,DL,7,238,-16.0,-7.0,-5.0,0.0,9.0,120.0
2025-03-09 00:00:00,DL,8,184,-13.0,-6.0,-4.0,-1.0,15.0,696.0
2025-03-09 00:00:00,DL,15,181,-17.0,-5.0,0.0,13.0,55.0,271.0
2025-03-09 00:00:00,DL,18,166,-13.0,-5.0,0.0,14.0,51.0,360.0
2025-03-09 00:00:00,UA,0,9,-10.0,-8.0,-8.0,-3.0,2.0,2.0
2025-03-09 00:00:00,UA,2,1,16.0,16.0,16.0,16.0,16.0,16.0
2025-03-09 00:00:00,UA,6,141,-15.0,-8.0,-5.0,-3.0,2.0,62.0
2025-03-09 00:00:00,UA,19,131,-13.0,-6.0,-2.0,10.0,36.0,135.0
2025-03-09 00:00:00,UA,22,35,-14.0,-7.0,-4.0,4.0,18.0,53.0
2025-03-09 00:00:00,WN,10,236,-10.0,-4.0,-1.0,10.0,26.0,199.0
2025-03-09 00:00:00,WN,15,224,-10.0,-2.0,5.0,15.0,42.0,133.0
2025-03-09 00:00:00,WN,23,9,-10.0,-6.0,-3.0,0.0,15.0,15.0
2025-03-10 00:00:00,AA,5,110,-15.0,-9.0,-6.0,-3.0,0.0,77.0
2025-03-10 00:00:00,AA,10,140,-11.0,-6.0,-2.0,7.0,38.0,645.0
2025-03-10 00:00:00,AA,17,154,-12.0,-4.0,0.0,23.0,98.0,1715.0
2025-03-10 00:00:00,AA,23,27,-22.0,-10.0,-6.0,2.0,31.0,70.0
2025-03-10 00:00:00,DL,6,191,-18.0,-8.0,-5.0,-1.0,2.0,179.0
2025-03-10 00:00:00,DL,13,156,-15.0,-6.0,-3.0,9.0,46.0,655.0
2025-03-10 00:00:00,DL,14,154,-18.0,-6.0,-1.0,9.0,35.0,198.0
2025-03-10 00:00:00,DL,19,164,-24.0,-7.0,-1.0,22.0,72.0,173.0
2025-03-10 00:00:00,DL,20,120,-14.0,-7.0,-1.0,22.0,57.0,156.0
2025-03-10 00:00:00,UA,13,136,-18.0,-7.0,-5.0,-1.0,15.0,143.0
2025-03-10 00:00:00,UA,15,94,-15.0,-7.0,-5.0,6.0,18.0,81.0
2025-03-10 00:00:00,UA,18,152,-19.0,-7.0,-5.0,0.0,15.0,182.0
2025-03-10 00:00:00,UA,20,96,-18.0,-6.0,-4.0,2.0,39.0,139.0
2025-03-10 00:00:00,WN,5,196,-11.0,-6.0,-4.0,-2.0,0.0,27.0
2025-03-10 00:00:00,WN,8,268,-11.0,-5.0,-3.0,0.0,9.0,77.0
2025-03-10 00:00:00,WN,10,236,-13.0,-4.0,-1.0,6.0,18.0,94.0
2025-03-10 00:00:00,WN,11,235,-11.0,-4.0,-1.0,6.0,22.0,100.0
2025-03-10 00:00:00,WN,13,245,-10.0,-3.0,0.0,12.0,39.0,195.0
2025-03-10 00:00:00,WN,14,246,-11.0,-4.0,0.0,9.0,32.0,143.0
2025-03-11 00:00:00,AA,0,9,-18.0,-11.0,-10.0,-7.0,-4.0,-4.0
2025-03-11 00:00:00,AA,9,131,-13.0,-7.0,-4.0,1.0,17.0,789.0
2025-03-11 00:00:00,AA,16,144,-16.0,-8.0,-5.0,-1.0,17.0,129.0
2025-03-11 00:00:00,AA,21,87,-18.0,-6.0,-4.0,1.0,23.0,125.0
2025-03-11 00:00:00,DL,5,67,-19.0,-10.0,-7.0,-3.0,0.0,405.0
2025-03-11 00:00:00,DL,15,178,-20.0,-7.0,-4.0,1.0,17.0,252.0
2025-03-11 00:00:00,DL,18,153,-20.0,-8.0,-4.0,0.0,22.0,128.0
2025-03-11 00:00:00,DL,19,129,-18.0,-10.0,-6.0,0.0,27.0,767.0
2025-03-11 00:00:00,DL,20,94,-19.0,-7.0,-5.0,-1.0,26.0,89.0
2025-03-11 00:00:00,UA,0,6,-15.0,-9.0,-6.0,-2.0,12.0,12.0
2025-03-11 00:00:00,UA,5,36,-14.0,-9.0,-8.0,-5.0,6.0,455.0
2025-03-11 00:00:00,UA,12,126,-17.0,-8.0,-6.0,-1.0,6.0,55.0
2025-03-11 00:00:00,UA,15,87,-15.0,-9.0,-6.0,-3.0,9.0,82.0
2025-03-11 00:00:00,UA,16,139,-17.0,-9.0,-6.0,-2.0,5.0,117.0
2025-03-11 00:00:00,UA,19,115,-18.0,-9.0,-7.0,-3.0,4.0,75.0
2025-03-11 00:00:00,UA,21,42,-16.0,-9.0,-6.0,-1.0,7.0,127.0
2025-03-11 00:00:00,UA,23,34,-18.0,-10.0,-8.0,-6.0,-3.0,8.0
2025-03-11 00:00:00,WN,10,248,-13.0,-5.0,-3.0,0.0,7.0,286.0
2025-03-11 00:00:00,WN,12,234,-11.0,-5.0,-2.0,4.0,22.0,273.0
2025-03-11 00:00:00,WN,14,221,-13.0,-5.0,-2.0,4.0,21.0,273.0
2025-03-11 00:00:00,WN,16,238,-13.0,-6.0,-3.0,2.0,18.0,180.0
2025-03-12 00:00:00,AA,7,221,-18.0,-8.0,-5.0,-2.0,4.0,829.0
2025-03-12 00:00:00,AA,14,143,-16.0,-6.0,-4.0,2.0,23.0,450.0
2025-03-12 00:00:00,AA,19,159,-13.0,-6.0,-2.0,14.0,39.0,156.0
2025-03-12 00:00:00,DL,0,4,-15.0,-15.0,-12.0,-8.0,1.0,1.0
2025-03-12 00:00:00,DL,7,244,-17.0,-8.0,-6.0,-1.0,4.0,99.0
2025-03-12 00:00:00,DL,10,158,-20.0,-7.0,-5.0,-1.0,5.0,130.0
2025-03-12 00:00:00,DL,16,131,-15.0,-7.0,-3.0,8.0,29.0,145.0
2025-03-12 00:00:00,UA,6,131,-19.0,-10.0,-8.0,-5.0,-1.0,223.0
2025-03-12 00:00:00,UA,16,136,-15.0,-7.0,-3.0,6.0,31.0,271.0
2025-03-12 00:00:00,UA,22,34,-18.0,-7.0,-3.0,7.0,19.0,100.0
2025-03-12 00:00:00,UA,23,44,-14.0,-8.0,-5.0,6.0,15.0,51.0
2025-03-12 00:00:00,WN,6,304,-13.0,-6.0,-4.0,-2.0,0.0,74.0
2025-03-12 00:00:00,WN,10,249,-11.0,-5.0,-2.0,1.0,13.0,235.0
2025-03-12 00:00:00,WN,11,225,-12.0,-5.0,-3.0,1.0,10.0,111.0
2025-03-12 00:00:00,WN,19,279,-14.0,-6.0,-2.0,7.0,24.0,106.0
2025-03-12 00:00:00,WN,20,177,-14.0,-7.0,-3.0,5.0,28.0,107.0
2025-03-13 00:00:00,AA,0,9,-8.0,-6.0,-5.0,-4.0,6.0,6.0
2025-03-13 00:00:00,AA,7,222,-16.0,-7.0,-5.0,-2.0,2.0,143.0
2025-03-13 00:00:00,AA,8,199,-12.0,-6.0,-3.0,1.0,30.0,797.0
2025-03-13 00:00:00,AA,11,166,-14.0,-5.0,-3.0,8.0,34.0,313.0
2025-03-13 00:00:00,AA,19,157,-19.0,-6.0,0.0,19.0,54.0,876.0
2025-03-13 00:00:00,AA,21,88,-12.0,-4.0,1.0,26.0,44.0,455.0
2025-03-13 00:00:00,AA,22,103,-10.0,-5.0,-3.0,6.0,23.0,666.0
2025-03-13 00:00:00,DL,6,190,-17.0,-8.0,-5.0,-3.0,1.0,29.0
2025-03-13 00:00:00,DL,10,162,-15.0,-7.0,-4.0,-1.0,5.0,197.0
2025-03-13 00:00:00,DL,23,39,-12.0,-5.0,-2.0,5.0,38.0,104.0
2025-03-13 00:00:00,UA,10,127,-15.0,-7.0,-4.0,-1.0,26.0,350.0
2025-03-13 00:00:00,UA,11,125,-20.0,-6.0,-4.0,2.0,24.0,306.0
2025-03-13 00:00:00,UA,19,135,-21.0,-6.0,-1.0,16.0,46.0,272.0
2025-03-13 00:00:00,WN,6,305,-10.0,-5.0,-3.0,-1.0,2.0,65.0
2025-03-13 00:00:00,WN,7,236,-14.0,-5.0,-3.0,-1.0,8.0,57.0
2025-03-13 00:00:00,WN,12,221,-10.0,-4.0,0.0,14.0,52.0,203.0
2025-03-13 00:00:00,WN,16,231,-12.0,-3.0,5.0,29.0,65.0,195.0
2025-03-13 00:00:00,WN,18,248,-10.0,-2.0,8.0,43.0,86.0,252.0
2025-03-14 00:00:00,AA,19,140,-15.0,-4.0,0.0,20.0,54.0,251.0
2025-03-14 00:00:00,AA,20,127,-10.0,-4.0,1.0,27.0,63.0,736.0
2025-03-14 00:00:00,DL,0,7,-14.0,-12.0,30.0,33.0,162.0,162.0
2025-03-14 00:00:00,DL,5,68,-15.0,-9.0,-5.0,-1.0,2.0,75.0
2025-03-14 00:00:00,DL,8,182,-14.0,-6.0,-4.0,0.0,13.0,177.0
2025-03-14 00:00:00,DL,10,161,-17.0,-6.0,-4.0,2.0,21.0,183.0
2025-03-14 00:00:00,DL,17,187,-16.0,-6.0,0.0,13.0,35.0,473.0
2025-03-14 00:00:00,DL,18,168,-16.0,-6.0,-1.0,8.0,48.0,187.0
2025-03-14 00:00:00,DL,23,40,-15.0,-6.0,-3.0,5.0,16.0,175.0
2025-03-14 00:00:00,UA,1,1,-2.0,-2.0,-2.0,-2.0,-2.0,-2.0
2025-03-14 00:00:00,UA,12,128,-14.0,-6.0,-3.0,4.0,31.0,156.0
2025-03-14 00:00:00,UA,18,153,-14.0,-4.0,0.0,15.0,60.0,214.0
2025-03-14 00:00:00,UA,20,97,-13.0,-5.0,1.0,30.0,72.0,115.0
2025-03-14 00:00:00,UA,21,61,-9.0,-3.0,4.0,14.0,36.0,76.0
2025-03-14 00:00:00,WN,10,235,-10.0,-5.0,-1.0,4.0,17.0,212.0
2025-03-14 00:00:00,WN,19,221,-14.0,-3.0,8.0,29.0,61.0,261.0
2025-03-14 00:00:00,WN,21,166,-12.0,-2.0,11.0,35.0,69.0,200.0
2025-03-15 00:00:00,AA,0,10,-9.0,-7.0,-7.0,0.0,0.0,2.0
2025-03-15 00:00:00,AA,17,148,-16.0,-1.0,12.0,56.0,101.0,712.0
2025-03-15 00:00:00,AA,19,151,-13.0,-4.0,18.0,56.0,109.0,711.0
2025-03-15 00:00:00,AA,20,127,-13.0,-2.0,12.0,35.0,69.0,494.0
2025-03-15 00:00:00,AA,21,91,-14.0,-1.0,13.0,45.0,70.0,1138.0
2025-03-15 00:00:00,DL,9,137,-13.0,-5.0,-1.0,12.0,40.0,338.0
2025-03-15 00:00:00,DL,10,129,-14.0,-3.0,3.0,18.0,54.0,288.0
2025-03-15 00:00:00,DL,13,131,-26.0,-5.0,5.0,24.0,86.0,983.0
2025-03-15 00:00:00,DL,19,87,-11.0,-3.0,3.0,28.0,74.0,145.0
2025-03-15 00:00:00,DL,23,25,-11.0,-6.0,-1.0,24.0,52.0,534.0
2025-03-15 00:00:00,UA,6,148,-12.0,-7.0,-4.0,5.0,46.0,255.0
2025-03-15 00:00:00,UA,8,152,-17.0,-5.0,-1.0,20.0,55.0,471.0
2025-03-15 00:00:00,UA,15,81,-10.0,-2.0,10.0,64.0,132.0,378.0
2025-03-15 00:00:00,UA,17,118,-12.0,-3.0,6.0,53.0,133.0,292.0
2025-03-15 00:00:00,WN,7,228,-13.0,-4.0,-2.0,2.0,18.0,172.0
2025-03-15 00:00:00,WN,8,215,-14.0,-4.0,-2.0,8.0,31.0,349.0
2025-03-15 00:00:00,WN,12,176,-10.0,-2.0,6.0,28.0,51.0,480.0
2025-03-15 00:00:00,WN,14,191,-9.0,-1.0,9.0,45.0,112.0,381.0
2025-03-15 00:00:00,WN,15,221,-9.0,3.0,14.0,33.0,84.0,261.0
2025-03-15 00:00:00,WN,16,204,-10.0,-1.0,9.0,33.0,76.0,437.0
2025-03-16 00:00:00,AA,7,208,-14.0,-5.0,-3.0,4.0,22.0,287.0
2025-03-16 00:00:00,AA,14,137,-10.0,-1.0,20.0,87.0,184.0,1186.0
2025-03-16 00:00:00,AA,15,138,-9.0,-1.0,22.0,61.0,193.0,1078.0
2025-03-16 00:00:00,AA,17,145,-8.0,0.0,28.0,92.0,217.0,1504.0
2025-03-16 00:00:00,AA,19,144,-10.0,-1.0,32.0,92.0,167.0,966.0
2025-03-16 00:00:00,AA,20,125,-10.0,0.0,31.0,83.0,177.0,1125.0
2025-03-16 00:00:00,AA,21,91,-12.0,1.0,27.0,83.0,167.0,1014.0
2025-03-16 00:00:00,AA,22,96,-10.0,0.0,17.0,60.0,115.0,636.0
2025-03-16 00:00:00,AA,23,34,-9.0,-4.0,2.0,37.0,98.0,450.0
2025-03-16 00:00:00,DL,1,2,-12.0,-12.0,-12.0,-2.0,-2.0,-2.0
2025-03-16 00:00:00,DL,16,131,-11.0,10.0,44.0,83.0,139.0,841.0
2025-03-16 00:00:00,DL,19,153,-16.0,12.0,57.0,138.0,232.0,918.0
2025-03-16 00:00:00,DL,20,113,-9.0,2.0,39.0,95.0,187.0,1170.0
2025-03-16 00:00:00,DL,23,36,-11.0,-1.0,22.0,49.0,70.0,164.0
2025-03-16 00:00:00,UA,1,2,23.0,23.0,23.0,56.0,56.0,56.0
2025-03-16 00:00:00,UA,6,145,-18.0,-7.0,-4.0,0.0,29.0,138.0
2025-03-16 00:00:00,UA,8,165,-15.0,-7.0,-4.0,8.0,68.0,360.0
2025-03-16 00:00:00,UA,9,127,-10.0,-4.0,-1.0,17.0,58.0,571.0
2025-03-16 00:00:00,UA,13,137,-12.0,-1.0,8.0,51.0,107.0,314.0
2025-03-16 00:00:00,UA,14,122,-12.0,-1.0,13.0,76.0,170.0,524.0
2025-03-16 00:00:00,WN,5,193,-11.0,-5.0,-3.0,-1.0,7.0,122.0
2025-03-16 00:00:00,WN,6,296,-11.0,-5.0,-3.0,0.0,8.0,327.0
2025-03-16 00:00:00,WN,10,230,-9.0,-3.0,1.0,18.0,58.0,467.0
2025-03-16 00:00:00,WN,13,226,-8.0,0.0,9.0,36.0,107.0,637.0
2025-03-16 00:00:00,WN,15,212,-9.0,2.0,17.0,56.0,125.0,534.0
2025-03-16 00:00:00,WN,18,210,-10.0,9.0,28.0,76.0,160.0,376.0
2025-03-16 00:00:00,WN,21,179,-8.0,9.0,41.0,114.0,177.0,333.0
2025-03-16 00:00:00,WN,22,149,-7.0,22.0,49.0,107.0,157.0,250.0
2025-03-16 00:00:00,WN,23,9,-5.0,-1.0,4.0,17.0,43.0,43.0
2025-03-17 00:00:00,AA,0,12,-8.0,-1.0,7.0,57.0,526.0,793.0
2025-03-17 00:00:00,AA,13,149,-13.0,-3.0,3.0,20.0,76.0,1214.0
2025-03-17 00:00:00,AA,19,161,-17.0,-4.0,4.0,26.0,80.0,315.0
2025-03-17 00:00:00,AA,21,87,-14.0,-5.0,-1.0,14.0,50.0,297.0
2025-03-17 00:00:00,DL,1,1,-14.0,-14.0,-14.0,-14.0,-14.0,-14.0
2025-03-17 00:00:00,UA,0,7,-9.0,12.0,24.0,44.0,93.0,93.0
2025-03-17 00:00:00,UA,1,1,15.0,15.0,15.0,15.0,15.0,15.0
2025-03-17 00:00:00,UA,12,130,-12.0,-5.0,-2.0,7.0,30.0,240.0
2025-03-17 00:00:00,UA,14,128,-12.0,-5.0,-2.0,10.0,54.0,176.0
2025-03-17 00:00:00,UA,16,139,-14.0,-4.0,1.0,14.0,46.0,117.0
2025-03-17 00:00:00,UA,19,128,-17.0,-3.0,5.0,26.0,58.0,106.0
2025-03-17 00:00:00,UA,21,57,-10.0,-4.0,1.0,14.0,35.0,98.0
2025-03-17 00:00:00,UA,22,34,-16.0,-5.0,0.0,12.0,44.0,68.0
2025-03-17 00:00:00,UA,23,38,-18.0,-7.0,-5.0,4.0,23.0,121.0
2025-03-17 00:00:00,WN,6,300,-9.0,-4.0,-2.0,3.0,25.0,379.0
2025-03-17 00:00:00,WN,14,246,-11.0,1.0,14.0,40.0,82.0,314.0
2025-03-17 00:00:00,WN,22,137,-12.0,0.0,9.0,26.0,43.0,142.0
2025-03-18 00:00:00,AA,9,133,-14.0,-6.0,-3.0,4.0,28.0,604.0
2025-03-18 00:00:00,AA,13,148,-12.0,-6.0,-3.0,1.0,37.0,406.0
2025-03-18 00:00:00,AA,18,167,-17.0,-5.0,-2.0,12.0,55.0,275.0
2025-03-18 00:00:00,AA,20,127,-12.0,-5.0,-2.0,9.0,31.0,551.0
2025-03-18 00:00:00,AA,23,27,-17.0,-7.0,-4.0,5.0,45.0,548.0
2025-03-18 00:00:00,DL,5,67,-14.0,-8.0,-5.0,-2.0,5.0,48.0
2025-03-18 00:00:00,DL,6,188,-17.0,-9.0,-5.0,-3.0,3.0,237.0
2025-03-18 00:00:00,DL,14,143,-19.0,-6.0,-3.0,5.0,21.0,140.0
2025-03-18 00:00:00,DL,23,32,-18.0,-10.0,-7.0,-3.0,18.0,48.0
2025-03-18 00:00:00,UA,0,6,-11.0,-4.0,-4.0,-1.0,11.0,11.0
2025-03-18 00:00:00,UA,6,130,-17.0,-9.0,-7.0,-4.0,-1.0,1035.0
2025-03-18 00:00:00,UA,7,187,-17.0,-8.0,-5.0,-2.0,1.0,671.0
2025-03-18 00:00:00,UA,17,130,-15.0,-6.0,-3.0,6.0,45.0,206.0
2025-03-18 00:00:00,UA,18,134,-17.0,-7.0,-3.0,3.0,17.0,285.0
2025-03-18 00:00:00,UA,21,42,-14.0,-8.0,-4.0,2.0,15.0,140.0
2025-03-18 00:00:00,WN,6,301,-11.0,-5.0,-3.0,0.0,4.0,71.0
2025-03-18 00:00:00,WN,13,233,-13.0,-5.0,-2.0,2.0,11.0,101.0
2025-03-18 00:00:00,WN,17,224,-12.0,-5.0,-1.0,9.0,33.0,262.0
2025-03-18 00:00:00,WN,18,216,-14.0,-5.0,0.0,11.0,39.0,267.0
2025-03-19 00:00:00,AA,6,188,-16.0,-7.0,-5.0,-2.0,11.0,261.0
2025-03-19 00:00:00,AA,11,167,-12.0,-5.0,-2.0,6.0,56.0,243.0
2025-03-19 00:00:00,AA,15,142,-19.0,-4.0,8.0,42.0,70.0,298.0
2025-03-19 00:00:00,AA,19,155,-19.0,-3.0,15.0,51.0,105.0,837.0
2025-03-19 00:00:00,AA,20,128,-18.0,-5.0,0.0,39.0,121.0,811.0
2025-03-19 00:00:00,AA,23,26,-9.0,-4.0,0.0,16.0,80.0,769.0
2025-03-19 00:00:00,DL,14,142,-15.0,-6.0,-2.0,7.0,35.0,150.0
2025-03-19 00:00:00,DL,16,127,-12.0,-6.0,-2.0,8.0,23.0,183.0
2025-03-19 00:00:00,DL,18,153,-16.0,-6.0,-2.0,4.0,46.0,311.0
2025-03-19 00:00:00,UA,7,192,-12.0,-8.0,-5.0,-3.0,1.0,477.0
2025-03-19 00:00:00,UA,11,124,-12.0,-6.0,-3.0,0.0,11.0,115.0
2025-03-19 00:00:00,UA,12,121,-22.0,-8.0,-6.0,-2.0,7.0,224.0
2025-03-19 00:00:00,UA,15,89,-13.0,-7.0,-2.0,6.0,46.0,224.0
2025-03-19 00:00:00,UA,21,57,-12.0,-8.0,-4.0,22.0,87.0,184.0
2025-03-19 00:00:00,UA,23,43,-12.0,-9.0,-2.0,11.0,111.0,475.0
2025-03-19 00:00:00,WN,5,106,-15.0,-5.0,-4.0,-1.0,3.0,282.0
2025-03-19 00:00:00,WN,8,266,-12.0,-5.0,-3.0,0.0,10.0,221.0
2025-03-19 00:00:00,WN,12,226,-10.0,-4.0,-1.0,5.0,16.0,107.0
2025-03-19 00:00:00,WN,13,230,-15.0,-4.0,-1.0,5.0,19.0,164.0
2025-03-19 00:00:00,WN,18,213,-10.0,-4.0,0.0,11.0,36.0,215.0
2025-03-19 00:00:00,WN,21,157,-11.0,-3.0,0.0,11.0,28.0,126.0
2025-03-20 00:00:00,AA,0,9,-6.0,-5.0,-3.0,5.0,65.0,65.0
2025-03-20 00:00:00,AA,6,186,-13.0,-7.0,-5.0,-2.0,5.0,627.0
2025-03-20 00:00:00,AA,8,199,-12.0,-5.0,-3.0,4.0,31.0,363.0
2025-03-20 00:00:00,AA,10,140,-10.0,-5.0,-2.0,13.0,42.0,309.0
2025-03-20 00:00:00,AA,13,149,-17.0,-4.0,0.0,16.0,70.0,233.0
2025-03-20 00:00:00,AA,17,153,-18.0,-4.0,-1.0,22.0,79.0,322.0
2025-03-20 00:00:00,AA,20,129,-10.0,-3.0,4.0,24.0,63.0,184.0
2025-03-20 00:00:00,DL,7,248,-13.0,-6.0,-3.0,3.0,20.0,267.0
2025-03-20 00:00:00,DL,9,134,-12.0,-6.0,-2.0,5.0,25.0,293.0
2025-03-20 00:00:00,DL,16,139,-12.0,-4.0,0.0,13.0,49.0,347.0
2025-03-20 00:00:00,DL,19,167,-17.0,-3.0,3.0,22.0,76.0,299.0
2025-03-20 00:00:00,DL,20,121,-23.0,-4.0,-1.0,16.0,60.0,844.0
2025-03-20 00:00:00,UA,10,127,-14.0,-5.0,-1.0,10.0,36.0,334.0
2025-03-20 00:00:00,UA,12,127,-13.0,-5.0,0.0,20.0,79.0,250.0
2025-03-20 00:00:00,UA,19,136,-18.0,-4.0,1.0,11.0,32.0,271.0
2025-03-20 00:00:00,UA,22,34,-15.0,-5.0,-1.0,7.0,38.0,250.0
2025-03-20 00:00:00,WN,7,239,-10.0,-5.0,-3.0,0.0,7.0,236.0
2025-03-20 00:00:00,WN,8,267,-11.0,-4.0,-2.0,1.0,11.0,93.0
2025-03-20 00:00:00,WN,9,237,-13.0,-4.0,-2.0,4.0,17.0,232.0
2025-03-20 00:00:00,WN,13,246,-13.0,-3.0,0.0,11.0,27.0,192.0
2025-03-20 00:00:00,WN,18,247,-10.0,-3.0,1.0,13.0,36.0,252.0
2025-03-20 00:00:00,WN,23,9,-4.0,-3.0,-1.0,2.0,37.0,37.0
2025-03-21 00:00:00,AA,0,10,-9.0,-5.0,-3.0,1.0,11.0,17.0
2025-03-21 00:00:00,AA,8,199,-11.0,-6.0,-4.0,0.0,25.0,1448.0
2025-03-21 00:00:00,AA,10,138,-11.0,-5.0,-1.0,6.0,43.0,376.0
2025-03-21 00:00:00,AA,20,130,-19.0,-5.0,-1.0,20.0,61.0,478.0
2025-03-21 00:00:00,DL,6,189,-18.0,-8.0,-5.0,-1.0,4.0,265.0
2025-03-21 00:00:00,DL,7,245,-14.0,-6.0,-3.0,1.0,16.0,535.0
2025-03-21 00:00:00,DL,9,133,-15.0,-6.0,-3.0,5.0,36.0,229.0
2025-03-21 00:00:00,DL,11,205,-15.0,-6.0,-1.0,14.0,57.0,539.0
2025-03-21 00:00:00,DL,13,159,-19.0,-6.0,-1.0,14.0,63.0,396.0
2025-03-21 00:00:00,DL,14,154,-15.0,-5.0,-2.0,12.0,40.0,144.0
2025-03-21 00:00:00,DL,15,176,-13.0,-5.0,-1.0,24.0,71.0,141.0
2025-03-21 00:00:00,DL,21,101,-14.0,-5.0,-2.0,4.0,27.0,82.0
2025-03-21 00:00:00,DL,22,104,-12.0,-5.0,-2.0,8.0,37.0,601.0
2025-03-21 00:00:00,UA,6,144,-15.0,-8.0,-6.0,-3.0,2.0,89.0
2025-03-21 00:00:00,UA,15,88,-15.0,-6.0,-3.0,8.0,40.0,416.0
2025-03-21 00:00:00,UA,17,138,-14.0,-5.0,-3.0,6.0,46.0,114.0
2025-03-21 00:00:00,UA,20,96,-14.0,-6.0,-1.0,17.0,53.0,292.0
2025-03-21 00:00:00,UA,23,47,-15.0,-8.0,-4.0,1.0,23.0,54.0
2025-03-21 00:00:00,WN,8,267,-9.0,-4.0,-2.0,0.0,7.0,304.0
2025-03-21 00:00:00,WN,14,247,-10.0,-3.0,1.0,12.0,32.0,349.0
2025-03-21 00:00:00,WN,21,167,-13.0,-5.0,1.0,16.0,42.0,173.0
2025-03-22 00:00:00,AA,8,180,-14.0,-6.0,-4.0,-1.0,13.0,639.0
2025-03-22 00:00:00,AA,12,125,-15.0,-5.0,-2.0,7.0,35.0,566.0
2025-03-22 00:00:00,AA,16,130,-14.0,-5.0,-1.0,14.0,63.0,314.0
2025-03-22 00:00:00,AA,19,154,-15.0,-5.0,-1.0,22.0,74.0,767.0
2025-03-22 00:00:00,AA,21,90,-13.0,-3.0,3.0,25.0,66.0,623.0
2025-03-22 00:00:00,DL,10,128,-16.0,-6.0,-2.0,2.0,13.0,416.0
2025-03-22 00:00:00,DL,17,148,-20.0,-7.0,-2.0,10.0,40.0,330.0
2025-03-22 00:00:00,DL,22,76,-12.0,-5.0,-3.0,1.0,21.0,84.0
2025-03-22 00:00:00,DL,23,25,-12.0,-8.0,-3.0,-1.0,20.0,28.0
2025-03-22 00:00:00,UA,7,180,-15.0,-8.0,-6.0,-3.0,3.0,634.0
2025-03-22 00:00:00,UA,10,117,-13.0,-6.0,-3.0,1.0,23.0,91.0
2025-03-22 00:00:00,UA,11,110,-13.0,-6.0,-4.0,-1.0,14.0,224.0
2025-03-22 00:00:00,UA,16,128,-19.0,-6.0,-2.0,4.0,54.0,200.0
2025-03-22 00:00:00,WN,7,229,-12.0,-5.0,-3.0,0.0,3.0,172.0
2025-03-22 00:00:00,WN,10,185,-11.0,-5.0,-2.0,1.0,7.0,375.0
2025-03-22 00:00:00,WN,13,237,-12.0,-4.0,-1.0,4.0,16.0,165.0
2025-03-22 00:00:00,WN,14,192,-13.0,-4.0,-1.0,4.0,14.0,97.0
2025-03-22 00:00:00,WN,18,226,-16.0,-4.0,-1.0,9.0,25.0,100.0
2025-03-22 00:00:00,WN,20,233,-15.0,-5.0,0.0,10.0,34.0,202.0
2025-03-22 00:00:00,WN,21,170,-12.0,-4.0,0.0,11.0,36.0,89.0
2025-03-23 00:00:00,AA,6,187,-14.0,-7.0,-4.0,-1.0,14.0,781.0
2025-03-23 00:00:00,AA,7,222,-13.0,-7.0,-4.0,-1.0,7.0,1518.0
2025-03-23 00:00:00,AA,20,126,-10.0,-3.0,0.0,17.0,47.0,165.0
2025-03-23 00:00:00,DL,10,161,-16.0,-7.0,-3.0,3.0,23.0,153.0
2025-03-23 00:00:00,DL,13,161,-18.0,-6.0,-2.0,5.0,24.0,132.0
2025-03-23 00:00:00,DL,23,39,-11.0,-4.0,-1.0,19.0,43.0,942.0
2025-03-23 00:00:00,UA,1,2,-7.0,-7.0,-7.0,-5.0,-5.0,-5.0
2025-03-23 00:00:00,UA,5,39,-10.0,-8.0,-5.0,-1.0,9.0,279.0
2025-03-23 00:00:00,UA,9,130,-14.0,-7.0,-4.0,-1.0,14.0,181.0
2025-03-23 00:00:00,UA,11,120,-13.0,-6.0,-3.0,3.0,13.0,149.0
2025-03-23 00:00:00,UA,12,119,-13.0,-7.0,-3.0,2.0,25.0,274.0
2025-03-23 00:00:00,UA,13,139,-16.0,-6.0,-2.0,6.0,46.0,365.0
2025-03-23 00:00:00,WN,11,220,-12.0,-4.0,-1.0,5.0,13.0,272.0
2025-03-23 00:00:00,WN,15,225,-16.0,-2.0,3.0,11.0,28.0,100.0
2025-03-24 00:00:00,AA,0,10,-10.0,-6.0,-5.0,-1.0,1.0,23.0
2025-03-24 00:00:00,AA,5,110,-14.0,-7.0,-4.0,-1.0,8.0,248.0
2025-03-24 00:00:00,AA,9,133,-12.0,-5.0,-3.0,2.0,15.0,406.0
2025-03-24 00:00:00,AA,12,144,-12.0,-5.0,-2.0,7.0,23.0,444.0
2025-03-24 00:00:00,AA,13,149,-14.0,-5.0,-2.0,7.0,35.0,201.0
2025-03-24 00:00:00,AA,22,102,-20.0,-6.0,-3.0,9.0,37.0,179.0
2025-03-24 00:00:00,AA,23,27,-15.0,-7.0,-4.0,3.0,14.0,24.0
2025-03-24 00:00:00,DL,7,245,-15.0,-6.0,-3.0,0.0,12.0,449.0
2025-03-24 00:00:00,DL,15,182,-21.0,-5.0,-1.0,20.0,53.0,225.0
2025-03-24 00:00:00,DL,18,171,-18.0,-7.0,-1.0,11.0,35.0,174.0
2025-03-24 00:00:00,DL,19,164,-17.0,-5.0,4.0,29.0,59.0,719.0
2025-03-24 00:00:00,DL,21,103,-15.0,-5.0,-1.0,16.0,40.0,206.0
2025-03-24 00:00:00,DL,22,101,-13.0,-5.0,-3.0,5.0,21.0,184.0
2025-03-24 00:00:00,DL,23,37,-14.0,-8.0,-2.0,4.0,18.0,30.0
2025-03-24 00:00:00,UA,6,142,-14.0,-8.0,-5.0,-1.0,5.0,253.0
2025-03-24 00:00:00,UA,7,204,-18.0,-7.0,-5.0,-2.0,4.0,909.0
2025-03-24 00:00:00,UA,15,95,-18.0,-6.0,0.0,16.0,54.0,338.0
2025-03-24 00:00:00,UA,17,140,-13.0,-5.0,0.0,13.0,34.0,197.0
2025-03-24 00:00:00,UA,23,39,-15.0,-9.0,-6.0,-1.0,30.0,78.0
2025-03-24 00:00:00,WN,12,227,-10.0,-4.0,-1.0,7.0,27.0,259.0
2025-03-24 00:00:00,WN,14,247,-12.0,-2.0,3.0,16.0,34.0,225.0
2025-03-24 00:00:00,WN,23,9,-7.0,-2.0,0.0,2.0,9.0,9.0
2025-03-25 00:00:00,AA,15,142,-18.0,-6.0,-2.0,20.0,63.0,186.0
2025-03-25 00:00:00,AA,17,152,-17.0,-6.0,-2.0,18.0,72.0,232.0
2025-03-25 00:00:00,AA,21,87,-14.0,-4.0,9.0,29.0,85.0,275.0
2025-03-25 00:00:00,DL,0,7,-24.0,-13.0,-8.0,-6.0,-4.0,-4.0
2025-03-25 00:00:00,DL,11,206,-20.0,-7.0,-4.0,0.0,16.0,219.0
2025-03-25 00:00:00,DL,15,178,-14.0,-7.0,-4.0,2.0,30.0,483.0
2025-03-25 00:00:00,UA,9,129,-13.0,-8.0,-5.0,-2.0,8.0,104.0
2025-03-25 00:00:00,UA,10,127,-15.0,-8.0,-6.0,-1.0,9.0,149.0
2025-03-25 00:00:00,UA,13,134,-20.0,-8.0,-4.0,0.0,22.0,276.0
2025-03-25 00:00:00,UA,16,138,-13.0,-8.0,-5.0,-1.0,25.0,258.0
2025-03-25 00:00:00,UA,18,133,-12.0,-7.0,-4.0,3.0,31.0,176.0
2025-03-25 00:00:00,UA,19,115,-20.0,-9.0,-5.0,-2.0,8.0,147.0
2025-03-25 00:00:00,WN,5,107,-12.0,-6.0,-4.0,-2.0,-1.0,12.0
2025-03-25 00:00:00,WN,14,221,-15.0,-5.0,-3.0,1.0,12.0,121.0
2025-03-26 00:00:00,AA,11,168,-12.0,-6.0,-4.0,0.0,21.0,131.0
2025-03-26 00:00:00,AA,19,160,-17.0,-7.0,-2.0,14.0,39.0,217.0
2025-03-26 00:00:00,AA,20,129,-11.0,-5.0,-2.0,7.0,26.0,136.0
2025-03-26 00:00:00,DL,0,4,-9.0,-9.0,-5.0,-5.0,-4.0,-4.0
2025-03-26 00:00:00,DL,1,2,-10.0,-10.0,-10.0,-8.0,-8.0,-8.0
2025-03-26 00:00:00,DL,16,129,-16.0,-7.0,-4.0,0.0,26.0,260.0
2025-03-26 00:00:00,DL,18,157,-16.0,-8.0,-4.0,4.0,30.0,137.0
2025-03-26 00:00:00,UA,10,126,-15.0,-7.0,-5.0,-2.0,6.0,138.0
2025-03-26 00:00:00,UA,17,136,-13.0,-7.0,-3.0,5.0,43.0,119.0
2025-03-26 00:00:00,UA,19,127,-15.0,-8.0,-4.0,4.0,103.0,238.0
2025-03-26 00:00:00,WN,12,231,-12.0,-5.0,-2.0,2.0,9.0,170.0
2025-03-26 00:00:00,WN,13,234,-12.0,-5.0,-2.0,3.0,16.0,306.0
2025-03-26 00:00:00,WN,14,221,-15.0,-5.0,-2.0,5.0,17.0,160.0
2025-03-26 00:00:00,WN,16,240,-13.0,-4.0,-1.0,6.0,16.0,159.0
2025-03-26 00:00:00,WN,19,280,-15.0,-5.0,-3.0,4.0,23.0,193.0
2025-03-27 00:00:00,AA,6,189,-13.0,-8.0,-6.0,-3.0,0.0,108.0
2025-03-27 00:00:00,AA,7,221,-15.0,-7.0,-4.0,-1.0,4.0,166.0
2025-03-27 00:00:00,AA,9,131,-14.0,-6.0,-3.0,0.0,12.0,1316.0
2025-03-27 00:00:00,AA,10,141,-14.0,-6.0,-3.0,4.0,29.0,276.0
2025-03-27 00:00:00,AA,17,156,-23.0,-5.0,3.0,18.0,50.0,188.0
2025-03-27 00:00:00,AA,18,167,-14.0,-5.0,0.0,10.0,33.0,88.0
2025-03-27 00:00:00,DL,5,69,-22.0,-9.0,-6.0,-3.0,3.0,490.0
2025-03-27 00:00:00,DL,7,246,-17.0,-7.0,-5.0,-1.0,8.0,188.0
2025-03-27 00:00:00,DL,8,180,-19.0,-7.0,-5.0,-2.0,9.0,80.0
2025-03-27 00:00:00,DL,12,168,-15.0,-7.0,-4.0,1.0,19.0,197.0
2025-03-27 00:00:00,DL,15,181,-18.0,-6.0,-3.0,4.0,33.0,207.0
2025-03-27 00:00:00,DL,17,185,-18.0,-6.0,-3.0,3.0,19.0,173.0
2025-03-27 00:00:00,DL,23,39,-16.0,-8.0,-5.0,-1.0,8.0,46.0
2025-03-27 00:00:00,UA,0,6,-5.0,-4.0,-3.0,8.0,47.0,47.0
2025-03-27 00:00:00,UA,10,126,-16.0,-7.0,-4.0,0.0,11.0,180.0
2025-03-27 00:00:00,UA,16,140,-15.0,-6.0,-3.0,1.0,14.0,151.0
2025-03-27 00:00:00,UA,17,140,-11.0,-5.0,-1.0,8.0,38.0,266.0
2025-03-27 00:00:00,WN,10,238,-12.0,-5.0,-3.0,1.0,9.0,53.0
2025-03-27 00:00:00,WN,14,247,-16.0,-3.0,1.0,11.0,24.0,183.0
2025-03-27 00:00:00,WN,16,234,-10.0,-3.0,1.0,12.0,27.0,183.0
2025-03-27 00:00:00,WN,20,274,-11.0,-4.0,0.0,9.0,23.0,160.0
2025-03-28 00:00:00,AA,10,142,-9.0,-5.0,-1.0,8.0,30.0,532.0
2025-03-28 00:00:00,AA,12,145,-12.0,-5.0,-1.0,9.0,24.0,227.0
2025-03-28 00:00:00,AA,15,142,-15.0,-6.0,-2.0,12.0,37.0,384.0
2025-03-28 00:00:00,AA,17,155,-15.0,-5.0,-3.0,9.0,29.0,961.0
2025-03-28 00:00:00,DL,7,246,-18.0,-7.0,-4.0,0.0,7.0,248.0
2025-03-28 00:00:00,DL,8,182,-12.0,-7.0,-5.0,-1.0,14.0,758.0
2025-03-28 00:00:00,DL,12,167,-17.0,-7.0,-4.0,5.0,18.0,195.0
2025-03-28 00:00:00,DL,18,165,-22.0,-7.0,-2.0,9.0,35.0,236.0
2025-03-28 00:00:00,UA,5,42,-13.0,-9.0,-7.0,-4.0,0.0,27.0
2025-03-28 00:00:00,UA,9,134,-12.0,-7.0,-4.0,3.0,26.0,305.0
2025-03-28 00:00:00,UA,11,126,-14.0,-6.0,-3.0,4.0,26.0,578.0
2025-03-28 00:00:00,UA,20,97,-15.0,-4.0,2.0,13.0,29.0,89.0
2025-03-28 00:00:00,WN,13,243,-10.0,-3.0,2.0,11.0,23.0,336.0
2025-03-28 00:00:00,WN,17,243,-9.0,-2.0,4.0,19.0,75.0,211.0
2025-03-29 00:00:00,AA,15,132,-18.0,-6.0,-2.0,9.0,43.0,362.0
2025-03-29 00:00:00,AA,18,148,-13.0,-5.0,-1.0,16.0,62.0,1100.0
2025-03-29 00:00:00,AA,19,154,-20.0,-5.0,3.0,33.0,74.0,256.0
2025-03-29 00:00:00,AA,20,125,-15.0,-4.0,0.0,24.0,49.0,835.0
2025-03-29 00:00:00,DL,6,180,-16.0,-9.0,-6.0,-2.0,4.0,450.0
2025-03-29 00:00:00,DL,15,165,-17.0,-7.0,-4.0,3.0,26.0,167.0
2025-03-29 00:00:00,DL,18,137,-18.0,-7.0,-3.0,9.0,43.0,213.0
2025-03-29 00:00:00,UA,0,7,-7.0,-7.0,-6.0,-2.0,-1.0,-1.0
2025-03-29 00:00:00,UA,6,147,-14.0,-9.0,-6.0,-3.0,1.0,142.0
2025-03-29 00:00:00,UA,10,115,-13.0,-7.0,-4.0,0.0,12.0,71.0
2025-03-29 00:00:00,UA,11,110,-14.0,-7.0,-4.0,-1.0,6.0,238.0
2025-03-29 00:00:00,UA,14,114,-17.0,-8.0,-5.0,-2.0,9.0,89.0
2025-03-29 00:00:00,UA,15,79,-14.0,-6.0,-4.0,0.0,38.0,202.0
2025-03-29 00:00:00,UA,16,126,-15.0,-6.0,-2.0,11.0,69.0,374.0
2025-03-29 00:00:00,UA,23,41,-10.0,-6.0,-1.0,8.0,20.0,271.0
2025-03-29 00:00:00,WN,5,193,-11.0,-5.0,-3.0,-1.0,4.0,258.0
2025-03-29 00:00:00,WN,8,217,-12.0,-5.0,-3.0,0.0,5.0,96.0
2025-03-29 00:00:00,WN,13,236,-12.0,-4.0,-1.0,4.0,24.0,247.0
2025-03-29 00:00:00,WN,14,191,-11.0,-4.0,-1.0,10.0,29.0,161.0
2025-03-29 00:00:00,WN,15,220,-11.0,-4.0,-1.0,10.0,36.0,235.0
2025-03-29 00:00:00,WN,18,225,-15.0,-5.0,-1.0,15.0,48.0,275.0
2025-03-29 00:00:00,WN,20,232,-19.0,-4.0,0.0,15.0,59.0,188.0
2025-03-30 00:00:00,AA,15,135,-14.0,-2.0,9.0,43.0,129.0,1085.0
2025-03-30 00:00:00,AA,20,110,-6.0,3.0,18.0,52.0,154.0,748.0
2025-03-30 00:00:00,DL,0,4,-3.0,-3.0,-2.0,4.0,6.0,6.0
2025-03-30 00:00:00,DL,13,151,-14.0,-7.0,-2.0,10.0,36.0,590.0
2025-03-30 00:00:00,UA,8,157,-16.0,-6.0,-3.0,1.0,18.0,167.0
2025-03-30 00:00:00,UA,18,139,-9.0,-1.0,30.0,117.0,180.0,847.0
2025-03-30 00:00:00,WN,5,193,-14.0,-5.0,-3.0,0.0,7.0,84.0
2025-03-30 00:00:00,WN,6,295,-13.0,-6.0,-4.0,-1.0,8.0,188.0
2025-03-30 00:00:00,WN,11,218,-17.0,-3.0,3.0,16.0,45.0,202.0
2025-03-30 00:00:00,WN,13,231,-14.0,-1.0,7.0,38.0,73.0,314.0
2025-03-30 00:00:00,WN,15,220,-10.0,1.0,13.0,42.0,101.0,395.0
2025-03-30 00:00:00,WN,20,243,-11.0,6.0,26.0,79.0,169.0,385.0
2025-03-30 00:00:00,WN,21,182,-8.0,7.0,35.0,93.0,175.0,410.0
2025-03-31 00:00:00,AA,7,211,-11.0,-6.0,-3.0,0.0,21.0,1713.0
2025-03-31 00:00:00,AA,10,140,-11.0,-3.0,2.0,24.0,70.0,474.0
2025-03-31 00:00:00,AA,13,136,-15.0,-2.0,5.0,42.0,168.0,373.0
2025-03-31 00:00:00,AA,19,136,-15.0,2.0,27.0,101.0,213.0,972.0
2025-03-31 00:00:00,AA,21,79,-14.0,-1.0,30.0,89.0,158.0,653.0
2025-03-31 00:00:00,DL,7,239,-15.0,-6.0,-3.0,4.0,65.0,640.0
2025-03-31 00:00:00,DL,14,141,-21.0,-2.0,37.0,101.0,182.0,448.0
2025-03-31 00:00:00,DL,21,96,-13.0,9.0,56.0,95.0,152.0,899.0
2025-03-31 00:00:00,DL,23,35,-8.0,2.0,35.0,114.0,137.0,708.0
2025-03-31 00:00:00,UA,5,44,-12.0,-7.0,-5.0,-2.0,4.0,373.0
2025-03-31 00:00:00,UA,10,130,-11.0,-5.0,-1.0,14.0,58.0,154.0
2025-03-31 00:00:00,UA,14,124,-13.0,-5.0,1.0,47.0,89.0,541.0
2025-03-31 00:00:00,UA,16,131,-15.0,-2.0,7.0,61.0,134.0,1030.0
2025-03-31 00:00:00,UA,18,129,-11.0,-1.0,17.0,80.0,185.0,430.0
2025-03-31 00:00:00,UA,19,138,-17.0,-1.0,14.0,59.0,170.0,929.0
2025-03-31 00:00:00,UA,22,29,-10.0,-5.0,7.0,23.0,88.0,282.0
2025-03-31 00:00:00,WN,6,302,-11.0,-5.0,-3.0,0.0,11.0,237.0
2025-03-31 00:00:00,WN,8,261,-13.0,-4.0,-1.0,7.0,46.0,217.0
2025-03-31 00:00:00,WN,15,205,-11.0,0.0,17.0,49.0,121.0,490.0
2025-03-31 00:00:00,WN,16,221,-9.0,4.0,24.0,73.0,134.0,478.0
2025-03-31 00:00:00,WN,18,232,-14.0,1.0,21.0,66.0,118.0,453.0
2025-03-31 00:00:00,WN,23,9,-3.0,-1.0,2.0,18.0,37.0,37.0
2025-04-01 00:00:00,AA,0,9,-8.0,-2.0,15.0,47.0,103.0,103.0
2025-04-01 00:00:00,AA,7,210,-16.0,-6.0,-3.0,0.0,17.0,234.0
2025-04-01 00:00:00,AA,16,147,-13.0,-4.0,0.0,20.0,54.0,930.0
2025-04-01 00:00:00,AA,19,154,-23.0,-6.0,0.0,18.0,49.0,652.0
2025-04-01 00:00:00,AA,20,126,-14.0,-4.0,-1.0,16.0,46.0,774.0
2025-04-01 00:00:00,AA,22,100,-15.0,-5.0,-3.0,6.0,34.0,90.0
2025-04-01 00:00:00,DL,17,174,-22.0,-6.0,-2.0,8.0,34.0,754.0
2025-04-01 00:00:00,DL,18,157,-21.0,-6.0,-2.0,16.0,50.0,192.0
2025-04-01 00:00:00,DL,20,93,-17.0,-4.0,0.0,12.0,51.0,620.0
2025-04-01 00:00:00,DL,22,94,-15.0,-6.0,-4.0,3.0,32.0,94.0
2025-04-01 00:00:00,UA,5,38,-14.0,-9.0,-7.0,-3.0,1.0,245.0
2025-04-01 00:00:00,UA,7,184,-14.0,-7.0,-5.0,-2.0,9.0,189.0
2025-04-01 00:00:00,UA,10,129,-12.0,-6.0,-3.0,3.0,30.0,194.0
2025-04-01 00:00:00,UA,17,131,-13.0,-6.0,-1.0,9.0,20.0,116.0
2025-04-01 00:00:00,UA,21,39,-16.0,-10.0,-6.0,-2.0,0.0,7.0
2025-04-01 00:00:00,WN,8,268,-10.0,-4.0,-2.0,2.0,15.0,294.0
2025-04-01 00:00:00,WN,9,203,-10.0,-5.0,-1.0,4.0,21.0,155.0
2025-04-01 00:00:00,WN,11,225,-12.0,-4.0,0.0,12.0,29.0,200.0
2025-04-01 00:00:00,WN,19,270,-15.0,-5.0,-1.0,11.0,34.0,233.0
2025-04-01 00:00:00,WN,21,160,-15.0,-5.0,2.0,16.0,41.0,158.0
2025-04-02 00:00:00,AA,0,8,-9.0,-8.0,-6.0,-4.0,52.0,52.0
2025-04-02 00:00:00,AA,7,216,-14.0,-7.0,-4.0,2.0,26.0,215.0
2025-04-02 00:00:00,AA,8,193,-13.0,-5.0,-2.0,14.0,52.0,509.0
2025-04-02 00:00:00,AA,9,128,-12.0,-5.0,-1.0,17.0,99.0,364.0
2025-04-02 00:00:00,AA,13,139,-23.0,-3.0,7.0,62.0,148.0,438.0
2025-04-02 00:00:00,AA,15,135,-17.0,-3.0,11.0,57.0,145.0,861.0
2025-04-02 00:00:00,AA,17,137,-25.0,-2.0,17.0,66.0,159.0,1167.0
2025-04-02 00:00:00,AA,19,140,-18.0,-4.0,22.0,71.0,150.0,908.0
2025-04-02 00:00:00,AA,21,77,-9.0,-3.0,11.0,47.0,117.0,520.0
2025-04-02 00:00:00,DL,11,201,-15.0,-6.0,-2.0,11.0,41.0,271.0
2025-04-02 00:00:00,DL,13,148,-22.0,-6.0,-2.0,8.0,45.0,539.0
2025-04-02 00:00:00,DL,15,179,-19.0,-5.0,-2.0,13.0,47.0,330.0
2025-04-02 00:00:00,DL,23,35,-12.0,-7.0,-4.0,8.0,32.0,213.0
2025-04-02 00:00:00,UA,6,127,-15.0,-10.0,-7.0,-3.0,48.0,366.0
2025-04-02 00:00:00,UA,10,127,-16.0,-5.0,2.0,73.0,213.0,426.0
2025-04-02 00:00:00,UA,11,122,-12.0,-4.0,1.0,68.0,232.0,564.0
2025-04-02 00:00:00,UA,13,123,-12.0,-6.0,-2.0,10.0,80.0,315.0
2025-04-02 00:00:00,UA,16,131,-13.0,-4.0,7.0,76.0,182.0,1072.0
2025-04-02 00:00:00,UA,23,37,-15.0,-6.0,-2.0,16.0,33.0,103.0
2025-04-02 00:00:00,WN,5,106,-10.0,-6.0,-4.0,-1.0,14.0,148.0
2025-04-02 00:00:00,WN,8,258,-12.0,-5.0,-2.0,5.0,29.0,284.0
2025-04-02 00:00:00,WN,11,221,-11.0,-3.0,0.0,17.0,54.0,319.0
2025-04-02 00:00:00,WN,13,230,-14.0,-2.0,5.0,29.0,68.0,284.0
2025-04-02 00:00:00,WN,14,220,-12.0,-1.0,13.0,36.0,80.0,252.0
2025-04-03 00:00:00,AA,6,167,-10.0,-6.0,-3.0,1.0,31.0,1590.0
2025-04-03 00:00:00,AA,22,100,-9.0,-2.0,5.0,35.0,89.0,564.0
2025-04-03 00:00:00,AA,23,30,-10.0,-4.0,-2.0,13.0,23.0,53.0
2025-04-03 00:00:00,DL,1,2,-3.0,-3.0,-3.0,23.0,23.0,23.0
2025-04-03 00:00:00,DL,8,177,-14.0,-6.0,-4.0,3.0,16.0,408.0
2025-04-03 00:00:00,DL,14,145,-14.0,-5.0,0.0,20.0,52.0,375.0
2025-04-03 00:00:00,DL,17,183,-17.0,-5.0,1.0,21.0,68.0,349.0
2025-04-03 00:00:00,DL,19,171,-20.0,-4.0,7.0,30.0,83.0,907.0
2025-04-03 00:00:00,DL,21,104,-13.0,-3.0,3.0,27.0,47.0,194.0
2025-04-03 00:00:00,DL,23,42,-11.0,-5.0,0.0,14.0,67.0,114.0
2025-04-03 00:00:00,UA,0,7,-10.0,-10.0,-3.0,11.0,60.0,60.0
2025-04-03 00:00:00,UA,1,1,-8.0,-8.0,-8.0,-8.0,-8.0,-8.0
2025-04-03 00:00:00,UA,7,190,-12.0,-7.0,-4.0,1.0,24.0,202.0
2025-04-03 00:00:00,UA,8,157,-16.0,-6.0,-4.0,2.0,27.0,168.0
2025-04-03 00:00:00,UA,11,125,-15.0,-4.0,-1.0,12.0,32.0,281.0
2025-04-03 00:00:00,UA,12,122,-11.0,-6.0,-1.0,8.0,29.0,176.0
2025-04-03 00:00:00,UA,18,143,-20.0,-4.0,2.0,28.0,78.0,234.0
2025-04-03 00:00:00,UA,19,143,-19.0,-4.0,6.0,32.0,86.0,888.0
2025-04-03 00:00:00,UA,20,84,-22.0,-5.0,3.0,16.0,85.0,562.0
2025-04-03 00:00:00,WN,16,235,-10.0,0.0,11.0,40.0,94.0,325.0
2025-04-03 00:00:00,WN,19,219,-11.0,-1.0,13.0,66.0,126.0,324.0
2025-04-03 00:00:00,WN,20,275,-13.0,-1.0,19.0,52.0,99.0,209.0
2025-04-03 00:00:00,WN,23,9,-6.0,0.0,2.0,19.0,49.0,49.0
2025-04-04 00:00:00,AA,5,110,-14.0,-7.0,-4.0,0.0,49.0,488.0
2025-04-04 00:00:00,AA,6,190,-16.0,-7.0,-4.0,0.0,35.0,483.0
2025-04-04 00:00:00,AA,7,217,-14.0,-6.0,-3.0,3.0,22.0,1502.0
2025-04-04 00:00:00,AA,17,160,-12.0,-3.0,11.0,53.0,101.0,315.0
2025-04-04 00:00:00,AA,22,113,-10.0,-3.0,10.0,51.0,102.0,449.0
2025-04-04 00:00:00,DL,12,167,-13.0,-5.0,-1.0,11.0,33.0,132.0
2025-04-04 00:00:00,DL,15,186,-16.0,-4.0,0.0,20.0,78.0,386.0
2025-04-04 00:00:00,DL,16,135,-13.0,-5.0,-1.0,15.0,34.0,116.0
2025-04-04 00:00:00,DL,18,165,-21.0,-6.0,-1.0,17.0,51.0,245.0
2025-04-04 00:00:00,UA,22,34,-15.0,-6.0,-2.0,6.0,25.0,46.0
2025-04-04 00:00:00,WN,6,307,-12.0,-5.0,-3.0,1.0,8.0,162.0
2025-04-04 00:00:00,WN,7,241,-13.0,-4.0,-2.0,4.0,19.0,153.0
2025-04-04 00:00:00,WN,11,233,-10.0,-1.0,4.0,20.0,60.0,141.0
2025-04-04 00:00:00,WN,13,241,-13.0,0.0,10.0,36.0,99.0,329.0
2025-04-04 00:00:00,WN,15,214,-12.0,-1.0,11.0,45.0,118.0,322.0
2025-04-04 00:00:00,WN,22,133,-14.0,0.0,17.0,54.0,89.0,163.0
2025-04-05 00:00:00,AA,5,91,-11.0,-6.0,-3.0,103.0,145.0,250.0
2025-04-05 00:00:00,AA,10,117,-21.0,-4.0,1.0,38.0,119.0,264.0
2025-04-05 00:00:00,AA,12,117,-15.0,-3.0,3.0,56.0,111.0,566.0
2025-04-05 00:00:00,AA,13,128,-19.0,-5.0,-1.0,36.0,109.0,1120.0
2025-04-05 00:00:00,AA,14,123,-13.0,-2.0,7.0,37.0,86.0,368.0
2025-04-05 00:00:00,AA,15,119,-14.0,-4.0,2.0,49.0,106.0,976.0
2025-04-05 00:00:00,AA,17,135,-14.0,-4.0,6.0,36.0,96.0,362.0
2025-04-05 00:00:00,AA,19,119,-19.0,-6.0,1.0,43.0,85.0,196.0
2025-04-05 00:00:00,DL,7,220,-18.0,-7.0,-4.0,0.0,19.0,1040.0
2025-04-05 00:00:00,DL,13,132,-16.0,-7.0,-2.0,6.0,37.0,285.0
2025-04-05 00:00:00,DL,14,117,-16.0,-5.0,0.0,23.0,66.0,295.0
2025-04-05 00:00:00,DL,15,166,-13.0,-5.0,-1.0,14.0,65.0,320.0
2025-04-05 00:00:00,DL,17,144,-14.0,-7.0,-2.0,14.0,52.0,229.0
2025-04-05 00:00:00,UA,0,8,-13.0,-10.0,-4.0,0.0,3.0,3.0
2025-04-05 00:00:00,UA,9,130,-13.0,-6.0,-3.0,4.0,49.0,305.0
2025-04-05 00:00:00,UA,10,106,-13.0,-5.0,-2.0,6.0,32.0,222.0
2025-04-05 00:00:00,UA,12,112,-12.0,-5.0,-3.0,5.0,30.0,341.0
2025-04-05 00:00:00,UA,14,123,-11.0,-6.0,-1.0,14.0,60.0,703.0
2025-04-05 00:00:00,UA,17,129,-17.0,-4.0,1.0,32.0,79.0,257.0
2025-04-05 00:00:00,UA,19,117,-20.0,-5.0,0.0,17.0,69.0,152.0
2025-04-05 00:00:00,UA,21,41,-10.0,-6.0,-1.0,18.0,58.0,168.0
2025-04-05 00:00:00,WN,7,222,-12.0,-5.0,-2.0,1.0,15.0,226.0
2025-04-05 00:00:00,WN,8,207,-14.0,-4.0,-1.0,6.0,28.0,262.0
2025-04-05 00:00:00,WN,20,230,-13.0,-2.0,14.0,39.0,81.0,268.0
2025-04-05 00:00:00,WN,23,9,-3.0,-2.0,0.0,4.0,8.0,8.0
2025-04-06 00:00:00,AA,0,8,-11.0,-8.0,-5.0,6.0,30.0,30.0
2025-04-06 00:00:00,AA,1,1,16.0,16.0,16.0,16.0,16.0,16.0
2025-04-06 00:00:00,AA,10,158,-10.0,-4.0,-1.0,10.0,44.0,484.0
2025-04-06 00:00:00,AA,14,148,-13.0,-4.0,0.0,16.0,47.0,1022.0
2025-04-06 00:00:00,AA,16,152,-11.0,-2.0,6.0,29.0,67.0,310.0
2025-04-06 00:00:00,AA,18,173,-12.0,-2.0,8.0,43.0,76.0,357.0
2025-04-06 00:00:00,AA,20,135,-8.0,-2.0,12.0,40.0,71.0,247.0
2025-04-06 00:00:00,AA,23,33,-10.0,-4.0,7.0,20.0,51.0,182.0
2025-04-06 00:00:00,DL,15,168,-12.0,-1.0,18.0,76.0,178.0,464.0
2025-04-06 00:00:00,DL,17,170,-15.0,-3.0,22.0,113.0,215.0,1117.0
2025-04-06 00:00:00,DL,19,157,-11.0,2.0,64.0,117.0,203.0,859.0
2025-04-06 00:00:00,DL,20,103,-15.0,-3.0,32.0,100.0,228.0,1090.0
2025-04-06 00:00:00,DL,22,79,-14.0,-2.0,13.0,124.0,171.0,293.0
2025-04-06 00:00:00,DL,23,39,-16.0,-4.0,0.0,35.0,106.0,148.0
2025-04-06 00:00:00,UA,7,193,-15.0,-7.0,-4.0,0.0,25.0,548.0
2025-04-06 00:00:00,UA,10,126,-11.0,-5.0,-2.0,2.0,24.0,255.0
2025-04-06 00:00:00,UA,12,116,-12.0,-5.0,-2.0,2.0,38.0,722.0
2025-04-06 00:00:00,UA,13,129,-12.0,-5.0,-3.0,5.0,22.0,222.0
2025-04-06 00:00:00,UA,22,36,-10.0,-5.0,1.0,12.0,25.0,122.0
2025-04-06 00:00:00,WN,8,243,-10.0,-4.0,-1.0,4.0,17.0,227.0
2025-04-06 00:00:00,WN,10,236,-10.0,-4.0,0.0,7.0,30.0,260.0
2025-04-06 00:00:00,WN,11,220,-15.0,-3.0,1.0,15.0,56.0,278.0
2025-04-06 00:00:00,WN,13,239,-11.0,-1.0,6.0,20.0,53.0,279.0
2025-04-06 00:00:00,WN,16,236,-13.0,1.0,10.0,35.0,85.0,291.0
2025-04-06 00:00:00,WN,19,242,-10.0,-1.0,10.0,36.0,69.0,246.0
2025-04-06 00:00:00,WN,20,251,-10.0,0.0,12.0,43.0,84.0,311.0
2025-04-06 00:00:00,WN,21,193,-13.0,0.0,16.0,42.0,86.0,237.0
2025-04-06 00:00:00,WN,23,9,-6.0,-2.0,-1.0,3.0,16.0,16.0
2025-04-07 00:00:00,AA,7,229,-14.0,-6.0,-3.0,0.0,19.0,1686.0
2025-04-07 00:00:00,AA,10,157,-10.0,-5.0,-1.0,9.0,37.0,115.0
2025-04-07 00:00:00,AA,11,165,-15.0,-5.0,-1.0,10.0,35.0,140.0
2025-04-07 00:00:00,AA,13,146,-17.0,-4.0,0.0,17.0,75.0,487.0
2025-04-07 00:00:00,AA,21,88,-13.0,-3.0,10.0,39.0,85.0,141.0
2025-04-07 00:00:00,DL,0,6,-12.0,-7.0,-4.0,1.0,211.0,211.0
2025-04-07 00:00:00,DL,7,238,-17.0,-6.0,-2.0,10.0,45.0,640.0
2025-04-07 00:00:00,DL,14,143,-13.0,-1.0,12.0,43.0,97.0,1135.0
2025-04-07 00:00:00,DL,21,103,-14.0,-2.0,18.0,70.0,99.0,147.0
2025-04-07 00:00:00,UA,1,2,-10.0,-10.0,-10.0,-7.0,-7.0,-7.0
2025-04-07 00:00:00,UA,6,134,-14.0,-8.0,-5.0,-2.0,5.0,841.0
2025-04-07 00:00:00,UA,7,200,-17.0,-7.0,-5.0,-1.0,9.0,237.0
2025-04-07 00:00:00,UA,11,126,-16.0,-6.0,-4.0,3.0,18.0,70.0
2025-04-07 00:00:00,UA,13,124,-12.0,-7.0,-4.0,0.0,14.0,270.0
2025-04-07 00:00:00,UA,17,136,-18.0,-6.0,-2.0,6.0,57.0,201.0
2025-04-07 00:00:00,WN,7,240,-12.0,-5.0,-2.0,1.0,13.0,381.0
2025-04-07 00:00:00,WN,8,266,-10.0,-4.0,-2.0,2.0,15.0,157.0
2025-04-07 00:00:00,WN,15,215,-12.0,-3.0,3.0,20.0,43.0,204.0
2025-04-07 00:00:00,WN,16,238,-14.0,-3.0,0.0,15.0,42.0,237.0
2025-04-07 00:00:00,WN,22,137,-13.0,-6.0,-1.0,10.0,43.0,131.0
2025-04-08 00:00:00,AA,1,1,-13.0,-13.0,-13.0,-13.0,-13.0,-13.0
2025-04-08 00:00:00,AA,10,151,-14.0,-6.0,-3.0,5.0,38.0,819.0
2025-04-08 00:00:00,AA,16,142,-13.0,-5.0,-1.0,18.0,57.0,322.0
2025-04-08 00:00:00,AA,17,144,-17.0,-5.0,0.0,20.0,78.0,375.0
2025-04-08 00:00:00,AA,19,149,-21.0,-6.0,1.0,29.0,72.0,626.0
2025-04-08 00:00:00,DL,7,245,-19.0,-8.0,-5.0,0.0,15.0,123.0
2025-04-08 00:00:00,DL,8,172,-16.0,-7.0,-5.0,-1.0,15.0,590.0
2025-04-08 00:00:00,DL,12,162,-19.0,-6.0,-3.0,5.0,31.0,315.0
2025-04-08 00:00:00,DL,16,124,-14.0,-6.0,-1.0,17.0,65.0,269.0
2025-04-08 00:00:00,DL,18,154,-18.0,-7.0,-1.0,19.0,84.0,330.0
2025-04-08 00:00:00,DL,19,132,-23.0,-6.0,2.0,55.0,141.0,352.0
2025-04-08 00:00:00,DL,21,77,-16.0,-6.0,-1.0,10.0,39.0,297.0
2025-04-08 00:00:00,UA,8,161,-16.0,-8.0,-6.0,-2.0,2.0,243.0
2025-04-08 00:00:00,UA,10,130,-12.0,-7.0,-6.0,-3.0,0.0,199.0
2025-04-08 00:00:00,UA,14,131,-15.0,-7.0,-4.0,1.0,34.0,148.0
2025-04-08 00:00:00,UA,21,39,-15.0,-10.0,-6.0,-1.0,29.0,97.0
2025-04-08 00:00:00,UA,23,32,-19.0,-10.0,-8.0,-6.0,0.0,41.0
2025-04-08 00:00:00,WN,5,88,-11.0,-6.0,-4.0,-1.0,3.0,63.0
2025-04-08 00:00:00,WN,6,288,-12.0,-6.0,-4.0,-2.0,0.0,85.0
2025-04-08 00:00:00,WN,8,295,-11.0,-5.0,-3.0,0.0,4.0,182.0
2025-04-08 00:00:00,WN,9,188,-12.0,-5.0,-3.0,2.0,11.0,125.0
2025-04-08 00:00:00,WN,10,257,-12.0,-5.0,-2.0,2.0,9.0,149.0
2025-04-08 00:00:00,WN,12,217,-12.0,-6.0,-3.0,2.0,15.0,454.0
2025-04-08 00:00:00,WN,13,240,-14.0,-5.0,-2.0,2.0,13.0,364.0
2025-04-08 00:00:00,WN,23,6,-10.0,-9.0,-9.0,-1.0,0.0,0.0
2025-04-09 00:00:00,AA,1,1,-11.0,-11.0,-11.0,-11.0,-11.0,-11.0
2025-04-09 00:00:00,AA,7,219,-19.0,-7.0,-5.0,-1.0,13.0,871.0
2025-04-09 00:00:00,AA,9,132,-12.0,-5.0,-3.0,2.0,32.0,310.0
2025-04-09 00:00:00,AA,15,138,-12.0,-6.0,-3.0,8.0,37.0,301.0
2025-04-09 00:00:00,AA,18,163,-13.0,-5.0,-1.0,9.0,35.0,279.0
2025-04-09 00:00:00,AA,19,157,-16.0,-7.0,-2.0,13.0,57.0,358.0
2025-04-09 00:00:00,DL,1,2,-17.0,-17.0,-17.0,-17.0,-17.0,-17.0
2025-04-09 00:00:00,DL,7,245,-16.0,-7.0,-4.0,0.0,13.0,605.0
2025-04-09 00:00:00,DL,8,177,-16.0,-7.0,-4.0,-1.0,12.0,478.0
2025-04-09 00:00:00,DL,9,135,-13.0,-7.0,-5.0,0.0,6.0,93.0
2025-04-09 00:00:00,DL,23,37,-18.0,-9.0,-3.0,0.0,4.0,34.0
2025-04-09 00:00:00,UA,5,38,-12.0,-9.0,-6.0,-4.0,0.0,7.0
2025-04-09 00:00:00,UA,11,126,-13.0,-7.0,-5.0,-1.0,6.0,98.0
2025-04-09 00:00:00,WN,10,256,-11.0,-4.0,-2.0,3.0,13.0,64.0
2025-04-09 00:00:00,WN,12,217,-10.0,-5.0,-2.0,4.0,17.0,77.0
2025-04-09 00:00:00,WN,13,242,-12.0,-4.0,-1.0,6.0,19.0,180.0
2025-04-09 00:00:00,WN,17,249,-11.0,-4.0,0.0,7.0,19.0,218.0
2025-04-09 00:00:00,WN,21,95,-12.0,-6.0,-4.0,0.0,9.0,41.0
2025-04-09 00:00:00,WN,23,6,-9.0,-7.0,-4.0,-3.0,0.0,0.0
2025-04-10 00:00:00,AA,9,135,-10.0,-6.0,-2.0,4.0,19.0,193.0
2025-04-10 00:00:00,AA,10,159,-13.0,-5.0,-2.0,6.0,21.0,183.0
2025-04-10 00:00:00,AA,15,140,-14.0,-5.0,0.0,20.0,53.0,327.0
2025-04-10 00:00:00,AA,20,137,-9.0,-4.0,3.0,17.0,45.0,184.0
2025-04-10 00:00:00,DL,0,4,-11.0,-11.0,-5.0,2.0,13.0,13.0
2025-04-10 00:00:00,DL,5,69,-13.0,-8.0,-4.0,-1.0,5.0,219.0
2025-04-10 00:00:00,DL,13,159,-14.0,-6.0,-2.0,8.0,43.0,665.0
2025-04-10 00:00:00,DL,15,183,-14.0,-5.0,-1.0,12.0,40.0,419.0
2025-04-10 00:00:00,DL,17,180,-26.0,-6.0,-1.0,11.0,47.0,292.0
2025-04-10 00:00:00,DL,21,96,-11.0,-1.0,21.0,60.0,106.0,618.0
2025-04-10 00:00:00,UA,5,44,-11.0,-8.0,-7.0,-4.0,-1.0,40.0
2025-04-10 00:00:00,UA,10,133,-17.0,-7.0,-5.0,-1.0,12.0,92.0
2025-04-10 00:00:00,UA,13,127,-12.0,-7.0,-4.0,2.0,9.0,470.0
2025-04-10 00:00:00,UA,17,138,-15.0,-5.0,-3.0,1.0,10.0,318.0
2025-04-10 00:00:00,WN,9,237,-12.0,-5.0,-2.0,3.0,17.0,170.0
2025-04-10 00:00:00,WN,12,238,-12.0,-4.0,0.0,9.0,25.0,145.0
2025-04-10 00:00:00,WN,14,229,-10.0,-2.0,4.0,17.0,37.0,145.0
2025-04-10 00:00:00,WN,18,273,-12.0,-1.0,8.0,24.0,56.0,283.0
2025-04-10 00:00:00,WN,20,200,-15.0,-3.0,6.0,26.0,59.0,166.0
2025-04-11 00:00:00,AA,6,195,-15.0,-7.0,-4.0,-1.0,3.0,397.0
2025-04-11 00:00:00,AA,9,134,-11.0,-5.0,-2.0,6.0,42.0,733.0
2025-04-11 00:00:00,AA,10,159,-10.0,-4.0,-1.0,13.0,48.0,219.0
2025-04-11 00:00:00,AA,17,162,-13.0,-3.0,11.0,37.0,65.0,258.0
2025-04-11 00:00:00,DL,7,236,-15.0,-6.0,-3.0,1.0,20.0,560.0
2025-04-11 00:00:00,DL,21,101,-18.0,-4.0,-1.0,19.0,35.0,780.0
2025-04-11 00:00:00,UA,1,2,-10.0,-10.0,-10.0,-3.0,-3.0,-3.0
2025-04-11 00:00:00,UA,7,201,-15.0,-7.0,-5.0,-3.0,0.0,633.0
2025-04-11 00:00:00,UA,9,142,-13.0,-6.0,-4.0,-1.0,5.0,285.0
2025-04-11 00:00:00,UA,12,121,-12.0,-7.0,-4.0,1.0,11.0,94.0
2025-04-11 00:00:00,UA,16,143,-15.0,-6.0,-3.0,5.0,35.0,188.0
2025-04-11 00:00:00,UA,19,143,-20.0,-6.0,-2.0,6.0,26.0,130.0
2025-04-11 00:00:00,UA,20,84,-14.0,-6.0,-3.0,7.0,45.0,143.0
2025-04-11 00:00:00,UA,21,61,-13.0,-6.0,-3.0,2.0,19.0,93.0
2025-04-11 00:00:00,UA,23,35,-17.0,-7.0,-5.0,0.0,30.0,127.0
2025-04-11 00:00:00,WN,5,212,-11.0,-5.0,-3.0,-1.0,0.0,46.0
2025-04-11 00:00:00,WN,6,282,-11.0,-5.0,-3.0,-1.0,4.0,241.0
2025-04-11 00:00:00,WN,11,246,-9.0,-3.0,1.0,13.0,34.0,186.0
2025-04-11 00:00:00,WN,19,253,-15.0,-2.0,6.0,30.0,60.0,218.0
2025-04-12 00:00:00,AA,1,1,-5.0,-5.0,-5.0,-5.0,-5.0,-5.0
2025-04-12 00:00:00,AA,5,105,-13.0,-9.0,-5.0,-2.0,3.0,58.0
2025-04-12 00:00:00,AA,15,129,-13.0,-6.0,-3.0,9.0,33.0,210.0
2025-04-12 00:00:00,AA,17,148,-16.0,-6.0,-4.0,5.0,28.0,322.0
2025-04-12 00:00:00,DL,12,146,-18.0,-6.0,-3.0,6.0,26.0,554.0
2025-04-12 00:00:00,DL,14,117,-12.0,-5.0,-1.0,11.0,44.0,294.0
2025-04-12 00:00:00,DL,15,163,-25.0,-7.0,-3.0,6.0,31.0,194.0
2025-04-12 00:00:00,DL,16,113,-16.0,-6.0,-1.0,10.0,38.0,93.0
2025-04-12 00:00:00,DL,22,75,-16.0,-8.0,-6.0,-2.0,23.0,564.0
2025-04-12 00:00:00,UA,13,115,-13.0,-7.0,-4.0,0.0,19.0,208.0
2025-04-12 00:00:00,UA,14,123,-17.0,-8.0,-5.0,-1.0,10.0,295.0
2025-04-12 00:00:00,UA,20,69,-17.0,-5.0,-2.0,7.0,33.0,92.0
2025-04-12 00:00:00,WN,6,258,-11.0,-6.0,-3.0,-1.0,2.0,302.0
2025-04-12 00:00:00,WN,7,241,-12.0,-5.0,-2.0,0.0,5.0,356.0
2025-04-12 00:00:00,WN,19,160,-15.0,-5.0,0.0,9.0,25.0,86.0
2025-04-12 00:00:00,WN,21,36,-9.0,-4.0,0.0,31.0,46.0,98.0
2025-04-12 00:00:00,WN,23,6,-6.0,-6.0,-5.0,-5.0,0.0,0.0
2025-04-13 00:00:00,AA,5,111,-13.0,-8.0,-5.0,-2.0,23.0,418.0
2025-04-13 00:00:00,AA,10,160,-17.0,-5.0,-3.0,2.0,24.0,219.0
2025-04-13 00:00:00,AA,16,153,-19.0,-5.0,-1.0,11.0,51.0,989.0
2025-04-13 00:00:00,AA,17,163,-13.0,-5.0,-1.0,12.0,56.0,254.0
2025-04-13 00:00:00,AA,18,169,-11.0,-4.0,0.0,19.0,62.0,2180.0
2025-04-13 00:00:00,AA,23,33,-11.0,-7.0,-2.0,15.0,47.0,561.0
2025-04-13 00:00:00,DL,5,68,-18.0,-10.0,-6.0,-1.0,4.0,45.0
2025-04-13 00:00:00,DL,9,133,-16.0,-6.0,-4.0,0.0,18.0,105.0
2025-04-13 00:00:00,DL,10,155,-16.0,-7.0,-4.0,0.0,12.0,216.0
2025-04-13 00:00:00,DL,12,164,-20.0,-6.0,-3.0,5.0,27.0,194.0
2025-04-13 00:00:00,DL,15,186,-14.0,-6.0,-3.0,6.0,21.0,491.0
2025-04-13 00:00:00,DL,17,181,-17.0,-7.0,-2.0,6.0,22.0,149.0
2025-04-13 00:00:00,DL,20,118,-14.0,-6.0,-3.0,5.0,39.0,261.0
2025-04-13 00:00:00,DL,21,111,-11.0,-6.0,-3.0,3.0,20.0,102.0
2025-04-13 00:00:00,UA,8,162,-15.0,-7.0,-5.0,-1.0,8.0,127.0
2025-04-13 00:00:00,UA,14,126,-17.0,-6.0,-3.0,1.0,18.0,110.0
2025-04-13 00:00:00,UA,16,140,-12.0,-6.0,-3.0,2.0,23.0,237.0
2025-04-13 00:00:00,UA,18,143,-19.0,-7.0,-4.0,0.0,6.0,90.0
2025-04-13 00:00:00,UA,23,35,-15.0,-10.0,-5.0,-1.0,7.0,58.0
2025-04-13 00:00:00,WN,14,218,-10.0,-3.0,2.0,9.0,21.0,196.0
2025-04-13 00:00:00,WN,16,233,-10.0,-2.0,2.0,12.0,25.0,119.0
2025-04-13 00:00:00,WN,18,245,-12.0,-2.0,4.0,17.0,45.0,289.0
2025-04-13 00:00:00,WN,20,277,-12.0,-4.0,0.0,12.0,36.0,190.0
2025-04-14 00:00:00,AA,0,9,-14.0,-9.0,-7.0,-5.0,32.0,32.0
2025-04-14 00:00:00,AA,6,195,-17.0,-8.0,-5.0,-3.0,3.0,533.0
2025-04-14 00:00:00,AA,11,169,-15.0,-6.0,-3.0,2.0,26.0,1335.0
2025-04-14 00:00:00,AA,12,147,-14.0,-5.0,-3.0,3.0,31.0,1586.0
2025-04-14 00:00:00,AA,16,151,-20.0,-5.0,-2.0,16.0,71.0,271.0
2025-04-14 00:00:00,AA,20,134,-18.0,-4.0,0.0,13.0,34.0,660.0
2025-04-14 00:00:00,DL,5,75,-18.0,-9.0,-6.0,-2.0,0.0,97.0
2025-04-14 00:00:00,DL,6,191,-16.0,-8.0,-4.0,-1.0,2.0,791.0
2025-04-14 00:00:00,DL,8,193,-16.0,-7.0,-5.0,0.0,7.0,389.0
2025-04-14 00:00:00,DL,9,140,-13.0,-7.0,-5.0,-1.0,6.0,286.0
2025-04-14 00:00:00,DL,16,140,-17.0,-6.0,-2.0,7.0,29.0,302.0
2025-04-14 00:00:00,DL,17,184,-15.0,-7.0,-4.0,4.0,18.0,426.0
2025-04-14 00:00:00,DL,22,114,-15.0,-7.0,-5.0,1.0,19.0,542.0
2025-04-14 00:00:00,UA,5,44,-13.0,-8.0,-6.0,-4.0,1.0,8.0
2025-04-14 00:00:00,UA,7,201,-16.0,-8.0,-5.0,-2.0,3.0,430.0
2025-04-14 00:00:00,UA,8,164,-15.0,-8.0,-5.0,-2.0,3.0,434.0
2025-04-14 00:00:00,UA,10,134,-14.0,-7.0,-5.0,-1.0,7.0,112.0
2025-04-14 00:00:00,UA,11,126,-21.0,-8.0,-5.0,0.0,10.0,111.0
2025-04-14 00:00:00,UA,15,102,-12.0,-7.0,-5.0,0.0,10.0,63.0
2025-04-14 00:00:00,UA,19,138,-25.0,-8.0,-4.0,0.0,24.0,114.0
2025-04-14 00:00:00,WN,5,213,-10.0,-6.0,-4.0,-2.0,1.0,277.0
2025-04-14 00:00:00,WN,6,282,-11.0,-5.0,-4.0,-1.0,3.0,210.0
2025-04-14 00:00:00,WN,7,277,-11.0,-5.0,-3.0,0.0,7.0,99.0
2025-04-14 00:00:00,WN,9,235,-10.0,-4.0,-2.0,2.0,13.0,73.0
2025-04-14 00:00:00,WN,10,238,-10.0,-4.0,-1.0,5.0,15.0,295.0
2025-04-14 00:00:00,WN,22,16,-12.0,-6.0,-1.0,4.0,18.0,23.0
2025-04-15 00:00:00,AA,10,151,-12.0,-6.0,-3.0,3.0,25.0,119.0
2025-04-15 00:00:00,AA,12,144,-14.0,-7.0,-4.0,1.0,26.0,1321.0
2025-04-15 00:00:00,AA,15,138,-15.0,-7.0,-3.0,8.0,37.0,169.0
2025-04-15 00:00:00,DL,0,8,-23.0,-16.0,-11.0,11.0,64.0,64.0
2025-04-15 00:00:00,DL,8,192,-16.0,-8.0,-5.0,-3.0,3.0,198.0
2025-04-15 00:00:00,DL,9,138,-18.0,-8.0,-5.0,-2.0,5.0,58.0
2025-04-15 00:00:00,DL,12,178,-17.0,-7.0,-5.0,-1.0,10.0,549.0
2025-04-15 00:00:00,DL,15,180,-17.0,-7.0,-4.0,1.0,17.0,538.0
2025-04-15 00:00:00,DL,18,164,-21.0,-9.0,-6.0,-1.0,18.0,175.0
2025-04-15 00:00:00,DL,19,133,-24.0,-8.0,-4.0,8.0,36.0,121.0
2025-04-15 00:00:00,DL,21,81,-16.0,-7.0,-4.0,0.0,13.0,55.0
2025-04-15 00:00:00,UA,7,190,-15.0,-9.0,-6.0,-3.0,1.0,129.0
2025-04-15 00:00:00,UA,12,118,-18.0,-8.0,-4.0,0.0,15.0,105.0
2025-04-15 00:00:00,UA,14,125,-15.0,-7.0,-3.0,4.0,21.0,233.0
2025-04-15 00:00:00,UA,18,118,-15.0,-7.0,-4.0,3.0,31.0,280.0
2025-04-15 00:00:00,UA,19,128,-15.0,-8.0,-4.0,1.0,34.0,101.0
2025-04-15 00:00:00,WN,8,294,-14.0,-6.0,-4.0,-1.0,3.0,107.0
2025-04-15 00:00:00,WN,10,255,-13.0,-6.0,-3.0,0.0,7.0,180.0
2025-04-15 00:00:00,WN,11,226,-11.0,-5.0,-2.0,2.0,12.0,118.0
2025-04-15 00:00:00,WN,14,220,-10.0,-6.0,-3.0,2.0,19.0,222.0
2025-04-15 00:00:00,WN,15,223,-13.0,-5.0,-3.0,1.0,16.0,200.0
2025-04-15 00:00:00,WN,22,7,-14.0,-11.0,-8.0,-1.0,0.0,0.0
2025-04-16 00:00:00,AA,9,135,-15.0,-6.0,-4.0,0.0,15.0,214.0
2025-04-16 00:00:00,AA,10,158,-18.0,-6.0,-3.0,3.0,28.0,573.0
2025-04-16 00:00:00,AA,12,145,-13.0,-6.0,-3.0,5.0,29.0,414.0
2025-04-16 00:00:00,AA,22,110,-12.0,-6.0,-2.0,7.0,27.0,431.0
2025-04-16 00:00:00,AA,23,31,-14.0,-7.0,-2.0,7.0,11.0,61.0
2025-04-16 00:00:00,DL,0,4,-11.0,-11.0,-10.0,-10.0,95.0,95.0
2025-04-16 00:00:00,DL,1,2,5.0,5.0,5.0,7.0,7.0,7.0
2025-04-16 00:00:00,DL,6,188,-18.0,-10.0,-7.0,-3.0,3.0,559.0
2025-04-16 00:00:00,DL,12,180,-15.0,-7.0,-5.0,-1.0,11.0,713.0
2025-04-16 00:00:00,DL,15,178,-14.0,-6.0,-3.0,3.0,33.0,196.0
2025-04-16 00:00:00,DL,23,28,-15.0,-9.0,-6.0,-1.0,22.0,31.0
2025-04-16 00:00:00,UA,11,125,-15.0,-7.0,-5.0,-1.0,8.0,173.0
2025-04-16 00:00:00,UA,16,139,-15.0,-7.0,-3.0,1.0,43.0,160.0
2025-04-16 00:00:00,UA,17,134,-14.0,-5.0,-2.0,9.0,39.0,345.0
2025-04-16 00:00:00,UA,23,37,-18.0,-7.0,-2.0,15.0,29.0,121.0
2025-04-16 00:00:00,WN,16,225,-11.0,-4.0,0.0,9.0,24.0,163.0
2025-04-16 00:00:00,WN,19,245,-12.0,-4.0,-1.0,12.0,56.0,182.0
2025-04-16 00:00:00,WN,20,191,-10.0,-6.0,-1.0,10.0,34.0,91.0
2025-04-17 00:00:00,AA,13,146,-12.0,-5.0,-1.0,16.0,49.0,1936.0
2025-04-17 00:00:00,AA,16,149,-21.0,-4.0,-1.0,8.0,35.0,389.0
2025-04-17 00:00:00,AA,20,134,-11.0,-4.0,0.0,15.0,37.0,122.0
2025-04-17 00:00:00,AA,21,88,-9.0,-4.0,0.0,18.0,54.0,621.0
2025-04-17 00:00:00,AA,23,33,-11.0,-6.0,0.0,14.0,42.0,589.0
2025-04-17 00:00:00,DL,0,5,-17.0,-8.0,-4.0,-3.0,9.0,9.0
2025-04-17 00:00:00,DL,6,189,-16.0,-8.0,-5.0,-2.0,1.0,75.0
2025-04-17 00:00:00,DL,9,137,-14.0,-7.0,-5.0,-1.0,9.0,263.0
2025-04-17 00:00:00,DL,13,153,-18.0,-6.0,-2.0,8.0,38.0,214.0
2025-04-17 00:00:00,DL,19,180,-23.0,-5.0,0.0,17.0,41.0,763.0
2025-04-17 00:00:00,UA,12,120,-12.0,-6.0,-2.0,4.0,43.0,229.0
2025-04-17 00:00:00,UA,18,141,-11.0,-2.0,3.0,26.0,68.0,237.0
2025-04-17 00:00:00,UA,21,60,-14.0,-5.0,-1.0,5.0,46.0,221.0
2025-04-17 00:00:00,UA,22,35,-12.0,-6.0,-2.0,4.0,12.0,79.0
2025-04-17 00:00:00,WN,8,241,-11.0,-5.0,-2.0,1.0,9.0,85.0
2025-04-17 00:00:00,WN,10,236,-13.0,-4.0,-2.0,4.0,17.0,95.0
2025-04-17 00:00:00,WN,11,241,-15.0,-3.0,0.0,6.0,26.0,191.0
2025-04-17 00:00:00,WN,12,234,-12.0,-3.0,0.0,11.0,27.0,235.0
2025-04-17 00:00:00,WN,14,228,-11.0,-2.0,4.0,19.0,45.0,240.0
2025-04-17 00:00:00,WN,21,193,-13.0,-1.0,10.0,33.0,60.0,119.0
2025-04-18 00:00:00,AA,1,1,-9.0,-9.0,-9.0,-9.0,-9.0,-9.0
2025-04-18 00:00:00,AA,10,160,-13.0,-5.0,-2.0,6.0,24.0,153.0
2025-04-18 00:00:00,AA,15,143,-17.0,-6.0,-2.0,17.0,61.0,2310.0
2025-04-18 00:00:00,DL,0,8,-10.0,-9.0,-6.0,-4.0,40.0,40.0
2025-04-18 00:00:00,DL,5,75,-14.0,-8.0,-5.0,-1.0,4.0,155.0
2025-04-18 00:00:00,DL,8,197,-16.0,-7.0,-4.0,-1.0,10.0,182.0
2025-04-18 00:00:00,DL,15,192,-17.0,-6.0,-3.0,4.0,28.0,299.0
2025-04-18 00:00:00,DL,17,185,-19.0,-8.0,-4.0,2.0,19.0,247.0
2025-04-18 00:00:00,DL,18,175,-21.0,-8.0,-5.0,3.0,30.0,172.0
2025-04-18 00:00:00,DL,20,124,-18.0,-6.0,-3.0,12.0,27.0,137.0
2025-04-18 00:00:00,UA,0,8,-10.0,-9.0,-5.0,12.0,118.0,118.0
2025-04-18 00:00:00,UA,8,163,-12.0,-7.0,-4.0,-1.0,32.0,880.0
2025-04-18 00:00:00,UA,10,133,-11.0,-7.0,-4.0,5.0,37.0,238.0
2025-04-18 00:00:00,WN,7,277,-10.0,-4.0,-2.0,1.0,13.0,164.0
2025-04-18 00:00:00,WN,10,238,-10.0,-3.0,1.0,23.0,98.0,190.0
2025-04-18 00:00:00,WN,18,271,-15.0,-3.0,6.0,40.0,128.0,342.0
2025-04-18 00:00:00,WN,21,188,-11.0,-5.0,1.0,35.0,132.0,272.0
2025-04-18 00:00:00,WN,22,16,-10.0,-3.0,0.0,12.0,55.0,57.0
2025-04-19 00:00:00,AA,7,211,-14.0,-6.0,-3.0,7.0,55.0,1554.0
2025-04-19 00:00:00,AA,8,192,-14.0,-6.0,-2.0,22.0,70.0,410.0
2025-04-19 00:00:00,AA,10,136,-15.0,-5.0,1.0,38.0,88.0,555.0
2025-04-19 00:00:00,AA,15,130,-15.0,-4.0,3.0,21.0,65.0,305.0
2025-04-19 00:00:00,AA,19,126,-16.0,-7.0,-2.0,22.0,60.0,242.0
2025-04-19 00:00:00,DL,5,73,-15.0,-10.0,-6.0,-2.0,1.0,256.0
2025-04-19 00:00:00,DL,7,214,-16.0,-7.0,-4.0,0.0,15.0,819.0
2025-04-19 00:00:00,DL,9,144,-21.0,-7.0,-4.0,0.0,18.0,132.0
2025-04-19 00:00:00,DL,12,168,-22.0,-8.0,-4.0,1.0,19.0,1122.0
2025-04-19 00:00:00,DL,15,185,-18.0,-8.0,-4.0,2.0,17.0,233.0
2025-04-19 00:00:00,DL,17,149,-30.0,-9.0,-4.0,3.0,34.0,302.0
2025-04-19 00:00:00,DL,18,148,-21.0,-9.0,-5.0,2.0,29.0,204.0
2025-04-19 00:00:00,DL,20,93,-15.0,-7.0,-2.0,7.0,19.0,115.0
2025-04-19 00:00:00,UA,1,2,-7.0,-7.0,-7.0,69.0,69.0,69.0
2025-04-19 00:00:00,UA,6,134,-14.0,-8.0,-6.0,-2.0,8.0,155.0
2025-04-19 00:00:00,UA,7,183,-15.0,-8.0,-5.0,-3.0,2.0,85.0
2025-04-19 00:00:00,UA,8,153,-13.0,-8.0,-5.0,-1.0,5.0,378.0
2025-04-19 00:00:00,UA,10,111,-12.0,-7.0,-4.0,0.0,15.0,107.0
2025-04-19 00:00:00,UA,15,96,-16.0,-8.0,-4.0,-1.0,4.0,340.0
2025-04-19 00:00:00,UA,22,35,-15.0,-8.0,-4.0,1.0,15.0,52.0
2025-04-19 00:00:00,WN,5,125,-12.0,-6.0,-4.0,-1.0,4.0,249.0
2025-04-19 00:00:00,WN,6,257,-14.0,-5.0,-4.0,-1.0,4.0,470.0
2025-04-19 00:00:00,WN,9,222,-12.0,-5.0,-2.0,5.0,16.0,275.0
2025-04-19 00:00:00,WN,10,210,-12.0,-5.0,-2.0,5.0,25.0,270.0
2025-04-19 00:00:00,WN,13,232,-12.0,-4.0,0.0,6.0,26.0,242.0
2025-04-19 00:00:00,WN,19,159,-13.0,-5.0,-2.0,5.0,36.0,197.0
2025-04-19 00:00:00,WN,23,6,-16.0,-9.0,-4.0,-3.0,0.0,0.0
2025-04-20 00:00:00,AA,5,95,-19.0,-9.0,-6.0,-1.0,36.0,157.0
2025-04-20 00:00:00,AA,21,87,-16.0,-4.0,4.0,24.0,66.0,437.0
2025-04-20 00:00:00,DL,0,4,-7.0,-7.0,-4.0,0.0,16.0,16.0
2025-04-20 00:00:00,DL,15,193,-14.0,-6.0,-3.0,3.0,30.0,332.0
2025-04-20 00:00:00,DL,17,183,-15.0,-7.0,-4.0,7.0,37.0,373.0
2025-04-20 00:00:00,DL,22,117,-11.0,-6.0,-2.0,6.0,25.0,133.0
2025-04-20 00:00:00,UA,0,7,-22.0,-9.0,-7.0,-4.0,5.0,5.0
2025-04-20 00:00:00,UA,6,130,-16.0,-9.0,-5.0,-2.0,1.0,85.0
2025-04-20 00:00:00,UA,7,192,-15.0,-8.0,-5.0,-2.0,7.0,389.0
2025-04-20 00:00:00,UA,18,143,-15.0,-5.0,2.0,21.0,108.0,943.0
2025-04-20 00:00:00,UA,19,139,-24.0,-4.0,4.0,36.0,121.0,338.0
2025-04-20 00:00:00,WN,12,241,-14.0,-5.0,-2.0,4.0,18.0,303.0
2025-04-20 00:00:00,WN,15,251,-15.0,-5.0,-1.0,5.0,22.0,227.0
2025-04-20 00:00:00,WN,18,244,-11.0,-3.0,1.0,11.0,50.0,195.0
2025-04-20 00:00:00,WN,19,244,-15.0,-4.0,0.0,17.0,56.0,240.0
2025-04-21 00:00:00,AA,6,196,-11.0,-6.0,-4.0,0.0,19.0,429.0
2025-04-21 00:00:00,AA,8,204,-11.0,-6.0,-3.0,0.0,24.0,152.0
2025-04-21 00:00:00,AA,12,148,-12.0,-5.0,0.0,13.0,38.0,212.0
2025-04-21 00:00:00,AA,16,148,-12.0,-4.0,2.0,17.0,50.0,457.0
2025-04-21 00:00:00,AA,18,169,-10.0,-3.0,2.0,28.0,68.0,830.0
2025-04-21 00:00:00,AA,20,136,-14.0,-4.0,0.0,19.0,61.0,271.0
2025-04-21 00:00:00,AA,21,87,-14.0,-4.0,0.0,20.0,76.0,192.0
2025-04-21 00:00:00,DL,6,189,-15.0,-7.0,-5.0,-1.0,7.0,146.0
2025-04-21 00:00:00,DL,8,195,-15.0,-7.0,-4.0,-1.0,12.0,207.0
2025-04-21 00:00:00,DL,11,216,-15.0,-7.0,-4.0,4.0,24.0,243.0
2025-04-21 00:00:00,DL,19,178,-20.0,-6.0,0.0,15.0,45.0,279.0
2025-04-21 00:00:00,DL,21,105,-11.0,-5.0,-2.0,7.0,39.0,130.0
2025-04-21 00:00:00,UA,11,123,-13.0,-6.0,-2.0,22.0,95.0,255.0
2025-04-21 00:00:00,UA,13,123,-12.0,-6.0,-3.0,6.0,48.0,272.0
2025-04-21 00:00:00,UA,14,128,-12.0,-5.0,0.0,20.0,92.0,265.0
2025-04-21 00:00:00,UA,19,137,-12.0,-7.0,-2.0,18.0,65.0,242.0
2025-04-21 00:00:00,WN,6,274,-11.0,-5.0,-3.0,0.0,8.0,213.0
2025-04-21 00:00:00,WN,10,238,-10.0,-3.0,0.0,11.0,78.0,317.0
2025-04-21 00:00:00,WN,14,229,-13.0,-1.0,5.0,23.0,82.0,505.0
2025-04-21 00:00:00,WN,15,230,-8.0,-2.0,7.0,25.0,79.0,307.0
2025-04-21 00:00:00,WN,17,242,-9.0,-1.0,10.0,30.0,79.0,295.0
2025-04-21 00:00:00,WN,18,273,-11.0,-2.0,5.0,31.0,83.0,283.0
2025-04-21 00:00:00,WN,22,16,-5.0,-4.0,1.0,16.0,37.0,40.0
2025-04-21 00:00:00,WN,23,6,-3.0,-3.0,-1.0,-1.0,0.0,0.0
2025-04-22 00:00:00,AA,0,9,-10.0,-9.0,-5.0,2.0,44.0,44.0
2025-04-22 00:00:00,AA,5,104,-14.0,-8.0,-6.0,-3.0,10.0,1895.0
2025-04-22 00:00:00,AA,18,160,-16.0,-5.0,-2.0,12.0,37.0,304.0
2025-04-22 00:00:00,AA,19,151,-17.0,-7.0,-2.0,6.0,42.0,303.0
2025-04-22 00:00:00,DL,10,157,-19.0,-7.0,-4.0,0.0,10.0,121.0
2025-04-22 00:00:00,DL,17,177,-26.0,-9.0,-5.0,-1.0,12.0,187.0
2025-04-22 00:00:00,DL,21,82,-16.0,-7.0,-5.0,0.0,14.0,178.0
2025-04-22 00:00:00,UA,16,139,-15.0,-7.0,-5.0,0.0,16.0,429.0
2025-04-22 00:00:00,UA,17,126,-20.0,-8.0,-4.0,-1.0,15.0,143.0
2025-04-22 00:00:00,UA,19,127,-15.0,-7.0,-4.0,4.0,17.0,83.0
2025-04-22 00:00:00,UA,22,33,-14.0,-9.0,-6.0,-3.0,4.0,36.0
2025-04-22 00:00:00,WN,15,223,-12.0,-5.0,-1.0,6.0,24.0,170.0
2025-04-22 00:00:00,WN,16,226,-14.0,-5.0,-2.0,4.0,17.0,147.0
2025-04-22 00:00:00,WN,18,253,-14.0,-5.0,-2.0,4.0,16.0,137.0
2025-04-23 00:00:00,AA,1,1,-13.0,-13.0,-13.0,-13.0,-13.0,-13.0
2025-04-23 00:00:00,AA,8,202,-15.0,-5.0,-3.0,17.0,83.0,2117.0
2025-04-23 00:00:00,AA,14,147,-13.0,-4.0,1.0,44.0,105.0,273.0
2025-04-23 00:00:00,AA,18,164,-12.0,-3.0,4.0,33.0,90.0,307.0
2025-04-23 00:00:00,AA,22,110,-16.0,-4.0,1.0,13.0,33.0,145.0
2025-04-23 00:00:00,DL,1,2,-11.0,-11.0,-11.0,-3.0,-3.0,-3.0
2025-04-23 00:00:00,DL,5,75,-14.0,-9.0,-6.0,-2.0,15.0,538.0
2025-04-23 00:00:00,DL,6,187,-20.0,-9.0,-6.0,-3.0,1.0,640.0
2025-04-23 00:00:00,DL,14,150,-17.0,-6.0,-3.0,5.0,18.0,106.0
2025-04-23 00:00:00,DL,19,132,-25.0,-8.0,-3.0,6.0,24.0,107.0
2025-04-23 00:00:00,DL,20,100,-16.0,-6.0,-2.0,13.0,45.0,131.0
2025-04-23 00:00:00,UA,5,38,-17.0,-10.0,-6.0,-2.0,11.0,109.0
2025-04-23 00:00:00,UA,6,127,-14.0,-8.0,-7.0,-3.0,2.0,280.0
2025-04-23 00:00:00,UA,13,127,-14.0,-7.0,-4.0,2.0,16.0,206.0
2025-04-23 00:00:00,UA,21,55,-12.0,-7.0,-3.0,7.0,36.0,64.0
2025-04-23 00:00:00,WN,9,194,-11.0,-4.0,0.0,13.0,41.0,165.0
2025-04-23 00:00:00,WN,11,226,-13.0,-3.0,1.0,23.0,53.0,175.0
2025-04-23 00:00:00,WN,14,219,-12.0,-2.0,5.0,26.0,63.0,175.0
2025-04-23 00:00:00,WN,17,248,-10.0,-2.0,6.0,23.0,61.0,192.0
2025-04-23 00:00:00,WN,21,95,-10.0,-3.0,1.0,31.0,64.0,103.0
2025-04-24 00:00:00,AA,5,109,-12.0,-8.0,-6.0,-2.0,46.0,730.0
2025-04-24 00:00:00,AA,10,145,-17.0,-4.0,1.0,21.0,87.0,328.0
2025-04-24 00:00:00,AA,16,142,-10.0,-3.0,11.0,53.0,112.0,382.0
2025-04-24 00:00:00,AA,19,149,-14.0,-3.0,9.0,62.0,130.0,852.0
2025-04-24 00:00:00,AA,23,31,-9.0,-2.0,6.0,23.0,57.0,110.0
2025-04-24 00:00:00,DL,9,138,-13.0,-6.0,-3.0,4.0,24.0,303.0
2025-04-24 00:00:00,DL,13,154,-19.0,-7.0,-3.0,5.0,21.0,262.0
2025-04-24 00:00:00,DL,16,140,-14.0,-4.0,0.0,13.0,37.0,881.0
2025-04-24 00:00:00,DL,17,187,-24.0,-6.0,0.0,16.0,55.0,397.0
2025-04-24 00:00:00,DL,18,174,-19.0,-5.0,0.0,21.0,53.0,1014.0
2025-04-24 00:00:00,DL,20,126,-15.0,-5.0,0.0,20.0,41.0,377.0
2025-04-24 00:00:00,DL,21,104,-16.0,-3.0,0.0,26.0,53.0,182.0
2025-04-24 00:00:00,UA,1,1,-2.0,-2.0,-2.0,-2.0,-2.0,-2.0
2025-04-24 00:00:00,UA,5,44,-12.0,-8.0,-7.0,-3.0,0.0,36.0
2025-04-24 00:00:00,UA,14,126,-13.0,-5.0,-2.0,16.0,95.0,268.0
2025-04-24 00:00:00,UA,23,36,-11.0,-4.0,0.0,20.0,42.0,53.0
2025-04-24 00:00:00,WN,9,232,-11.0,-3.0,0.0,8.0,21.0,132.0
2025-04-24 00:00:00,WN,11,240,-12.0,-3.0,1.0,14.0,47.0,210.0
2025-04-25 00:00:00,AA,1,1,11.0,11.0,11.0,11.0,11.0,11.0
2025-04-25 00:00:00,AA,7,229,-12.0,-6.0,-3.0,0.0,13.0,165.0
2025-04-25 00:00:00,AA,8,202,-11.0,-4.0,-2.0,1.0,22.0,1861.0
2025-04-25 00:00:00,AA,10,160,-12.0,-3.0,-1.0,8.0,27.0,108.0
2025-04-25 00:00:00,AA,17,163,-14.0,-4.0,2.0,20.0,40.0,219.0
2025-04-25 00:00:00,AA,21,87,-12.0,-5.0,-1.0,8.0,30.0,206.0
2025-04-25 00:00:00,AA,23,33,-11.0,-6.0,-1.0,2.0,20.0,75.0
2025-04-25 00:00:00,DL,12,187,-14.0,-6.0,-4.0,3.0,20.0,425.0
2025-04-25 00:00:00,DL,15,194,-12.0,-6.0,-1.0,12.0,33.0,287.0
2025-04-25 00:00:00,DL,21,103,-15.0,-6.0,-2.0,14.0,73.0,623.0
2025-04-25 00:00:00,UA,5,44,-17.0,-8.0,-6.0,-4.0,-1.0,3.0
2025-04-25 00:00:00,UA,8,161,-13.0,-6.0,-4.0,0.0,39.0,176.0
2025-04-25 00:00:00,UA,9,139,-13.0,-5.0,-2.0,4.0,42.0,182.0
2025-04-25 00:00:00,UA,13,128,-10.0,-4.0,8.0,34.0,96.0,183.0
2025-04-25 00:00:00,UA,17,132,-12.0,-3.0,7.0,24.0,92.0,325.0
2025-04-25 00:00:00,WN,6,281,-12.0,-5.0,-3.0,0.0,6.0,206.0
2025-04-25 00:00:00,WN,8,240,-12.0,-3.0,0.0,8.0,28.0,276.0
2025-04-25 00:00:00,WN,14,227,-9.0,-1.0,7.0,29.0,52.0,105.0
2025-04-25 00:00:00,WN,19,253,-12.0,0.0,17.0,44.0,80.0,280.0
2025-04-25 00:00:00,WN,21,193,-13.0,-3.0,12.0,39.0,73.0,169.0
2025-04-26 00:00:00,AA,6,186,-10.0,-7.0,-5.0,-2.0,7.0,1634.0
2025-04-26 00:00:00,AA,9,123,-14.0,-5.0,-3.0,0.0,12.0,358.0
2025-04-26 00:00:00,AA,12,132,-15.0,-6.0,-2.0,2.0,27.0,461.0
2025-04-26 00:00:00,AA,14,126,-15.0,-6.0,-2.0,6.0,27.0,380.0
2025-04-26 00:00:00,AA,18,161,-16.0,-5.0,-1.0,15.0,62.0,257.0
2025-04-26 00:00:00,AA,19,128,-20.0,-7.0,-3.0,13.0,57.0,294.0
2025-04-26 00:00:00,DL,5,72,-15.0,-9.0,-5.0,-3.0,4.0,389.0
2025-04-26 00:00:00,DL,8,179,-15.0,-7.0,-5.0,-2.0,9.0,371.0
2025-04-26 00:00:00,DL,9,143,-15.0,-7.0,-5.0,-1.0,19.0,180.0
2025-04-26 00:00:00,DL,11,197,-18.0,-6.0,-3.0,3.0,37.0,354.0
2025-04-26 00:00:00,DL,22,80,-16.0,-6.0,-4.0,2.0,18.0,57.0
2025-04-26 00:00:00,UA,0,8,-9.0,-8.0,-6.0,0.0,33.0,33.0
2025-04-26 00:00:00,UA,9,127,-14.0,-5.0,-2.0,4.0,35.0,376.0
2025-04-26 00:00:00,UA,11,115,-16.0,-6.0,-1.0,13.0,55.0,213.0
2025-04-26 00:00:00,UA,16,117,-19.0,-7.0,-3.0,8.0,84.0,382.0
2025-04-26 00:00:00,UA,18,117,-20.0,-6.0,0.0,14.0,114.0,996.0
2025-04-26 00:00:00,UA,23,33,-11.0,-7.0,-2.0,9.0,129.0,932.0
2025-04-26 00:00:00,WN,5,123,-14.0,-5.0,-3.0,-1.0,4.0,44.0
2025-04-26 00:00:00,WN,6,258,-15.0,-5.0,-4.0,-1.0,2.0,174.0
2025-04-26 00:00:00,WN,7,240,-11.0,-5.0,-3.0,-1.0,6.0,254.0
2025-04-26 00:00:00,WN,19,159,-15.0,-6.0,0.0,14.0,52.0,158.0
2025-04-26 00:00:00,WN,22,8,-12.0,-4.0,0.0,5.0,15.0,15.0
2025-04-26 00:00:00,WN,23,6,-10.0,-8.0,-4.0,1.0,3.0,3.0
2025-04-27 00:00:00,AA,0,9,-8.0,-5.0,1.0,4.0,8.0,8.0
2025-04-27 00:00:00,AA,10,159,-14.0,-5.0,-2.0,5.0,33.0,155.0
2025-04-27 00:00:00,AA,15,144,-16.0,-4.0,-1.0,23.0,66.0,372.0
2025-04-27 00:00:00,AA,22,114,-9.0,-4.0,0.0,8.0,37.0,178.0
2025-04-27 00:00:00,DL,9,142,-12.0,-7.0,-5.0,-1.0,11.0,139.0
2025-04-27 00:00:00,DL,13,156,-13.0,-6.0,-3.0,2.0,15.0,172.0
2025-04-27 00:00:00,DL,14,153,-14.0,-6.0,-3.0,2.0,11.0,165.0
2025-04-27 00:00:00,DL,19,180,-18.0,-6.0,-1.0,11.0,34.0,327.0
2025-04-27 00:00:00,DL,20,124,-16.0,-5.0,-2.0,10.0,30.0,101.0
2025-04-27 00:00:00,DL,21,102,-11.0,-5.0,-1.0,14.0,44.0,147.0
2025-04-27 00:00:00,UA,8,161,-15.0,-7.0,-4.0,-2.0,10.0,181.0
2025-04-27 00:00:00,UA,10,127,-13.0,-6.0,-3.0,3.0,22.0,94.0
2025-04-27 00:00:00,UA,11,125,-13.0,-5.0,-3.0,1.0,30.0,276.0
2025-04-27 00:00:00,UA,16,139,-19.0,-5.0,-2.0,3.0,19.0,254.0
2025-04-27 00:00:00,UA,17,133,-13.0,-5.0,-1.0,7.0,40.0,297.0
2025-04-27 00:00:00,UA,18,141,-14.0,-5.0,-2.0,11.0,65.0,248.0
2025-04-27 00:00:00,UA,20,86,-11.0,-2.0,4.0,24.0,144.0,215.0
2025-04-27 00:00:00,UA,21,62,-11.0,-5.0,-2.0,15.0,58.0,166.0
2025-04-27 00:00:00,WN,5,116,-15.0,-5.0,-3.0,-1.0,3.0,48.0
2025-04-27 00:00:00,WN,6,328,-14.0,-5.0,-3.0,-1.0,4.0,176.0
2025-04-27 00:00:00,WN,7,232,-12.0,-6.0,-4.0,-1.0,1.0,85.0
2025-04-27 00:00:00,WN,10,260,-10.0,-4.0,-1.0,4.0,14.0,75.0
2025-04-27 00:00:00,WN,13,257,-11.0,-2.0,2.0,12.0,34.0,123.0
2025-04-27 00:00:00,WN,18,245,-9.0,-1.0,9.0,27.0,51.0,139.0
2025-04-27 00:00:00,WN,22,142,-12.0,-2.0,6.0,18.0,38.0,107.0
2025-04-27 00:00:00,WN,23,7,-3.0,-3.0,-1.0,13.0,17.0,17.0
2025-04-28 00:00:00,AA,0,9,-11.0,-7.0,-4.0,-3.0,1.0,1.0
2025-04-28 00:00:00,AA,1,1,-5.0,-5.0,-5.0,-5.0,-5.0,-5.0
2025-04-28 00:00:00,AA,5,111,-13.0,-8.0,-5.0,-2.0,17.0,453.0
2025-04-28 00:00:00,AA,8,203,-10.0,-6.0,-3.0,1.0,18.0,387.0
2025-04-28 00:00:00,AA,17,163,-13.0,-5.0,-2.0,14.0,64.0,283.0
2025-04-28 00:00:00,AA,20,134,-15.0,-4.0,0.0,9.0,43.0,288.0
2025-04-28 00:00:00,AA,21,87,-14.0,-5.0,1.0,23.0,76.0,154.0
2025-04-28 00:00:00,DL,0,8,-14.0,-10.0,-3.0,-2.0,19.0,19.0
2025-04-28 00:00:00,DL,5,75,-16.0,-9.0,-6.0,-1.0,4.0,335.0
2025-04-28 00:00:00,DL,8,198,-14.0,-6.0,-5.0,-1.0,5.0,341.0
2025-04-28 00:00:00,DL,9,136,-15.0,-6.0,-4.0,-1.0,8.0,108.0
2025-04-28 00:00:00,DL,16,141,-15.0,-5.0,-2.0,6.0,25.0,539.0
2025-04-28 00:00:00,DL,19,176,-24.0,-8.0,-3.0,4.0,31.0,694.0
2025-04-28 00:00:00,DL,20,122,-17.0,-6.0,-1.0,14.0,49.0,261.0
2025-04-28 00:00:00,DL,21,103,-13.0,-5.0,-2.0,16.0,40.0,537.0
2025-04-28 00:00:00,UA,0,8,-10.0,-5.0,4.0,29.0,46.0,46.0
2025-04-28 00:00:00,UA,10,126,-13.0,-7.0,-4.0,0.0,10.0,161.0
2025-04-28 00:00:00,UA,11,116,-12.0,-6.0,-4.0,1.0,13.0,60.0
2025-04-28 00:00:00,UA,12,118,-11.0,-6.0,-3.0,1.0,21.0,402.0
2025-04-28 00:00:00,UA,20,70,-11.0,-5.0,-1.0,14.0,99.0,258.0
2025-04-28 00:00:00,UA,22,30,-10.0,-7.0,-5.0,7.0,61.0,220.0
2025-04-28 00:00:00,WN,5,212,-12.0,-6.0,-3.0,-1.0,1.0,48.0
2025-04-28 00:00:00,WN,9,235,-8.0,-4.0,-1.0,4.0,12.0,84.0
2025-04-28 00:00:00,WN,12,235,-11.0,-2.0,1.0,9.0,23.0,280.0
2025-04-28 00:00:00,WN,13,246,-10.0,-3.0,1.0,9.0,21.0,165.0
2025-04-28 00:00:00,WN,17,241,-12.0,-3.0,4.0,18.0,38.0,135.0
2025-04-28 00:00:00,WN,21,189,-13.0,-5.0,0.0,18.0,35.0,124.0
2025-04-28 00:00:00,WN,22,16,-14.0,-7.0,1.0,6.0,25.0,39.0
2025-04-28 00:00:00,WN,23,6,-7.0,-5.0,-4.0,14.0,22.0,22.0
2025-04-29 00:00:00,AA,0,9,-12.0,-6.0,0.0,18.0,77.0,77.0
2025-04-29 00:00:00,AA,6,189,-14.0,-9.0,-7.0,-4.0,-1.0,150.0
2025-04-29 00:00:00,AA,15,138,-15.0,-7.0,-4.0,4.0,20.0,1183.0
2025-04-29 00:00:00,AA,18,160,-14.0,-6.0,-2.0,3.0,19.0,124.0
2025-04-29 00:00:00,DL,0,8,-13.0,-11.0,-4.0,1.0,11.0,11.0
2025-04-29 00:00:00,DL,7,240,-20.0,-9.0,-6.0,-2.0,1.0,191.0
2025-04-29 00:00:00,DL,8,194,-15.0,-8.0,-6.0,-2.0,20.0,253.0
2025-04-29 00:00:00,DL,12,182,-15.0,-7.0,-5.0,-1.0,10.0,237.0
2025-04-29 00:00:00,DL,14,151,-16.0,-8.0,-4.0,1.0,15.0,92.0
2025-04-29 00:00:00,DL,16,127,-15.0,-7.0,-4.0,2.0,23.0,64.0
2025-04-29 00:00:00,DL,17,176,-30.0,-9.0,-6.0,1.0,19.0,244.0
2025-04-29 00:00:00,DL,21,81,-16.0,-8.0,-5.0,-2.0,5.0,167.0
2025-04-29 00:00:00,UA,6,122,-19.0,-9.0,-7.0,-5.0,0.0,439.0
2025-04-29 00:00:00,UA,8,159,-15.0,-9.0,-6.0,-2.0,2.0,173.0
2025-04-29 00:00:00,UA,10,127,-19.0,-7.0,-4.0,-1.0,6.0,148.0
2025-04-29 00:00:00,UA,11,123,-15.0,-7.0,-4.0,-1.0,11.0,155.0
2025-04-29 00:00:00,UA,15,96,-14.0,-7.0,-4.0,0.0,28.0,198.0
2025-04-29 00:00:00,UA,18,118,-13.0,-6.0,-3.0,7.0,30.0,261.0
2025-04-29 00:00:00,WN,9,194,-10.0,-5.0,-2.0,0.0,6.0,67.0
2025-04-29 00:00:00,WN,10,257,-13.0,-5.0,-2.0,1.0,10.0,132.0
2025-04-29 00:00:00,WN,11,226,-12.0,-5.0,-2.0,4.0,14.0,303.0
2025-04-29 00:00:00,WN,12,218,-15.0,-5.0,-3.0,0.0,7.0,85.0
2025-04-29 00:00:00,WN,14,221,-17.0,-5.0,-2.0,3.0,15.0,182.0
2025-04-29 00:00:00,WN,15,223,-12.0,-5.0,-3.0,5.0,35.0,113.0
2025-04-29 00:00:00,WN,16,226,-11.0,-5.0,-1.0,8.0,25.0,94.0
