ts,rank,origin_airport_id,num_flights,severe_delays,dep_delay_mean,dep_delay_max,delayed_flights
"2025-01-01 06:00:00",1,13204,31,0,-0.5806451612903226,28.0,[]
"2025-01-01 07:00:00",1,14747,30,4,8.3,215.0,"[(DL,10721,215.00),(AS,13342,54.00),(DL,12173,43.00),(DL,13303,34.00)]"
"2025-01-01 07:00:00",2,13930,41,2,-1.2682926829268293,84.0,"[(UA,10994,84.00),(OO,11288,37.00)]"
"2025-01-01 07:00:00",3,13204,31,1,3.5806451612903225,106.0,"[(UA,13930,106.00)]"
"2025-01-01 08:00:00",1,13930,60,7,11.183333333333334,269.0,"[(MQ,13244,269.00),(MQ,12339,134.00),(AA,11278,127.00),(OO,13367,126.00),(MQ,10529,51.00),(UA,12953,42.00),(UA,11292,36.00)]"
"2025-01-01 08:00:00",2,12892,54,7,6.796296296296297,115.0,"[(NK,12266,115.00),(DL,10423,90.00),(DL,11298,50.00),(UA,12266,36.00),(UA,11292,35.00),(UA,12173,32.00),(OO,14679,32.00)]"
"2025-01-01 08:00:00",2,12892,54,7,6.796296296296297,115.0,"[(NK,12266,115.00),(DL,10423,90.00),(DL,11298,50.00),(UA,12266,36.00),(UA,11292,35.00),(OO,14679,32.00),(UA,12173,32.00)]"
"2025-01-01 08:00:00",2,12892,42,7,9.095238095238095,115.0,"[(NK,12266,115.00),(DL,10423,90.00),(DL,11298,50.00),(UA,12266,36.00),(UA,11292,35.00),(UA,12173,32.00),(OO,14679,32.00)]"
"2025-01-01 08:00:00",3,13930,33,4,11.787878787878787,269.0,"[(MQ,13244,269.00),(AA,11278,127.00),(UA,12953,42.00),(UA,11292,36.00)]"
"2025-01-01 08:00:00",3,13930,34,5,11.647058823529411,134.0,"[(MQ,12339,134.00),(AA,11278,127.00),(OO,13367,126.00),(MQ,10529,51.00),(UA,12953,42.00)]"
"2025-01-01 08:00:00",3,12892,54,7,6.796296296296297,115.0,"[(NK,12266,115.00),(DL,10423,90.00),(DL,11298,50.00),(UA,12266,36.00),(UA,11292,35.00),(UA,12173,32.00),(OO,14679,32.00)]"
"2025-01-01 08:00:00",3,11292,48,4,5.458333333333333,120.0,"[(OO,14812,120.00),(OO,12280,81.00),(F9,14679,44.00),(WN,15016,34.00)]"
"2025-01-01 08:00:00",4,11292,48,4,5.458333333333333,120.0,"[(OO,14812,120.00),(OO,12280,81.00),(F9,14679,44.00),(WN,15016,34.00)]"
"2025-01-01 08:00:00",4,11292,45,4,6.177777777777778,120.0,"[(OO,14812,120.00),(OO,12280,81.00),(F9,14679,44.00),(WN,15016,34.00)]"
"2025-01-01 08:00:00",4,13930,48,6,11.270833333333334,269.0,"[(MQ,13244,269.00),(AA,11278,127.00),(OO,13367,126.00),(MQ,10529,51.00),(UA,12953,42.00),(UA,11292,36.00)]"
"2025-01-01 08:00:00",4,11298,73,4,-1.3835616438356164,86.0,"[(AA,11292,86.00),(AA,10423,56.00),(MQ,10747,39.00),(AA,11057,31.00)]"
"2025-01-01 08:00:00",5,11298,73,4,-1.3835616438356164,86.0,"[(AA,11292,86.00),(AA,10423,56.00),(MQ,10747,39.00),(AA,11057,31.00)]"
"2025-01-01 08:00:00",5,11292,48,4,5.458333333333333,120.0,"[(OO,14812,120.00),(OO,12280,81.00),(F9,14679,44.00),(WN,15016,34.00)]"
"2025-01-01 08:00:00",5,11433,38,3,4.184210526315789,79.0,"[(DL,13204,79.00),(DL,12892,65.00),(DL,14986,60.00)]"
"2025-01-01 08:00:00",6,12892,30,3,6.7,115.0,"[(NK,12266,115.00),(UA,11292,35.00),(UA,12173,32.00)]"
"2025-01-01 08:00:00",6,12892,35,4,5.142857142857143,90.0,"[(DL,10423,90.00),(DL,11298,50.00),(UA,12266,36.00),(OO,14679,32.00)]"
"2025-01-01 08:00:00",6,11298,73,4,-1.3835616438356164,86.0,"[(AA,11292,86.00),(AA,10423,56.00),(MQ,10747,39.00),(AA,11057,31.00)]"
"2025-01-01 08:00:00",6,14771,33,1,4.515151515151516,204.0,"[(OO,10372,204.00)]"
"2025-01-01 08:00:00",7,11433,38,3,4.184210526315789,79.0,"[(DL,13204,79.00),(DL,12892,65.00),(DL,14986,60.00)]"
"2025-01-01 08:00:00",7,11298,50,4,0.26,86.0,"[(AA,11292,86.00),(AA,10423,56.00),(MQ,10747,39.00),(AA,11057,31.00)]"
"2025-01-01 08:00:00",7,10397,51,1,-2.215686274509804,32.0,"[(DL,14771,32.00)]"
"2025-01-01 08:00:00",8,11298,53,3,-0.7735849056603774,86.0,"[(AA,11292,86.00),(AA,10423,56.00),(MQ,10747,39.00)]"
"2025-01-01 08:00:00",8,11298,73,4,-1.3835616438356164,86.0,"[(AA,11292,86.00),(AA,10423,56.00),(MQ,10747,39.00),(AA,11057,31.00)]"
"2025-01-01 08:00:00",8,11298,61,3,-1.4754098360655739,86.0,"[(AA,11292,86.00),(AA,10423,56.00),(MQ,10747,39.00)]"
"2025-01-01 08:00:00",8,10721,30,1,-3.1666666666666665,41.0,"[(UA,14771,41.00)]"
"2025-01-01 08:00:00",9,14771,33,1,4.515151515151516,204.0,"[(OO,10372,204.00)]"
"2025-01-01 08:00:00",9,11433,38,3,4.184210526315789,79.0,"[(DL,13204,79.00),(DL,12892,65.00),(DL,14986,60.00)]"
"2025-01-01 08:00:00",9,13303,32,0,-0.40625,22.0,[]
"2025-01-01 08:00:00",10,10397,51,1,-2.215686274509804,32.0,"[(DL,14771,32.00)]"
"2025-01-01 08:00:00",10,14771,33,1,4.515151515151516,204.0,"[(OO,10372,204.00)]"
"2025-01-01 08:00:00",10,10397,30,1,-1.4333333333333333,32.0,"[(DL,14771,32.00)]"
"2025-01-01 09:00:00",1,13930,49,9,14.775510204081632,134.0,"[(YX,12266,134.00),(OO,11003,103.00),(MQ,11066,68.00),(UA,14893,62.00),(UA,14683,57.00),(UA,10849,49.00),(YX,14122,46.00),(MQ,12278,41.00),(UA,14679,37.00)]"
"2025-01-01 09:00:00",2,12892,42,6,22.80952380952381,390.0,"[(OO,13476,390.00),(OO,10372,170.00),(DL,12266,146.00),(OO,14747,143.00),(OO,10849,79.00),(NK,14831,47.00)]"
"2025-01-01 09:00:00",3,11292,64,5,7.8125,96.0,"[(OO,11637,96.00),(OO,11122,83.00),(WN,14908,43.00),(UA,11066,33.00),(UA,14492,32.00)]"
"2025-01-01 09:00:00",4,11292,31,3,7.580645161290323,96.0,"[(OO,11637,96.00),(WN,14908,43.00),(UA,14492,32.00)]"
"2025-01-01 09:00:00",4,12889,34,3,5.0588235294117645,61.0,"[(WN,12954,61.00),(WN,14679,39.00),(WN,13930,34.00)]"
"2025-01-01 09:00:00",4,11292,46,4,7.891304347826087,83.0,"[(OO,11122,83.00),(WN,14908,43.00),(UA,11066,33.00),(UA,14492,32.00)]"
"2025-01-01 09:00:00",5,12889,34,3,5.0588235294117645,61.0,"[(WN,12954,61.00),(WN,14679,39.00),(WN,13930,34.00)]"
"2025-01-01 09:00:00",5,11298,33,1,0.36363636363636365,35.0,"[(OO,11973,35.00)]"
"2025-01-01 09:00:00",6,11298,33,1,0.36363636363636365,35.0,"[(OO,11973,35.00)]"
"2025-01-01 09:00:00",6,14107,53,1,-0.660377358490566,38.0,"[(MQ,13871,38.00)]"
"2025-01-01 09:00:00",7,14107,53,1,-0.660377358490566,38.0,"[(MQ,13871,38.00)]"
"2025-01-01 09:00:00",7,11057,47,1,-3.106382978723404,31.0,"[(AA,11278,31.00)]"
"2025-01-01 09:00:00",8,14107,34,1,-0.6764705882352942,38.0,"[(MQ,13871,38.00)]"
"2025-01-01 09:00:00",8,10397,56,0,-1.1964285714285714,27.0,[]
"2025-01-01 09:00:00",8,11057,47,1,-3.106382978723404,31.0,"[(AA,11278,31.00)]"
"2025-01-01 09:00:00",9,11057,47,1,-3.106382978723404,31.0,"[(AA,11278,31.00)]"
"2025-01-01 09:00:00",9,10397,41,0,-1.170731707317073,27.0,[]
"2025-01-01 09:00:00",10,10397,33,0,-0.15151515151515152,27.0,[]
"2025-01-01 09:00:00",10,10397,56,0,-1.1964285714285714,27.0,[]
"2025-01-01 10:00:00",1,11433,30,6,14.0,145.0,"[(OO,14524,145.00),(DL,10529,64.00),(DL,12173,59.00),(OO,11042,48.00),(DL,10397,43.00),(OO,12264,36.00)]"
"2025-01-01 10:00:00",2,13930,56,6,9.964285714285714,180.0,"[(MQ,15919,180.00),(OO,14730,100.00),(OO,13342,67.00),(UA,14771,47.00),(AA,13303,40.00),(UA,12892,35.00)]"
"2025-01-01 10:00:00",3,12892,39,4,12.102564102564102,214.0,"[(DL,14869,214.00),(OO,10372,120.00),(DL,13495,99.00),(OO,11638,55.00)]"
"2025-01-01 10:00:00",4,11298,62,4,4.887096774193548,200.0,"[(AA,14683,200.00),(OH,15249,75.00),(AA,13891,63.00),(AA,14524,39.00)]"
"2025-01-01 10:00:00",5,11298,32,2,7.5,200.0,"[(AA,14683,200.00),(AA,14524,39.00)]"
"2025-01-01 10:00:00",5,11292,53,2,5.773584905660377,88.0,"[(AA,11298,88.00),(UA,12264,78.00)]"
"2025-01-01 10:00:00",6,11292,53,2,5.773584905660377,88.0,"[(AA,11298,88.00),(UA,12264,78.00)]"
"2025-01-01 10:00:00",6,12889,31,2,5.290322580645161,36.0,"[(DL,12478,36.00),(WN,10423,35.00)]"
"2025-01-01 10:00:00",7,12889,31,2,5.290322580645161,36.0,"[(DL,12478,36.00),(WN,10423,35.00)]"
"2025-01-01 10:00:00",7,10397,38,2,1.894736842105263,150.0,"[(DL,10713,150.00),(DL,11292,35.00)]"
"2025-01-01 10:00:00",7,10397,42,2,1.0,150.0,"[(DL,10713,150.00),(DL,11292,35.00)]"
"2025-01-01 10:00:00",7,10397,43,2,0.9069767441860465,150.0,"[(DL,10713,150.00),(DL,11292,35.00)]"
"2025-01-01 10:00:00",8,10397,38,2,1.894736842105263,150.0,"[(DL,10713,150.00),(DL,11292,35.00)]"
"2025-01-01 10:00:00",8,10397,43,2,0.9069767441860465,150.0,"[(DL,10713,150.00),(DL,11292,35.00)]"
"2025-01-01 10:00:00",8,14771,30,1,2.2,82.0,"[(B6,12478,82.00)]"
"2025-01-01 10:00:00",9,10397,43,2,0.9069767441860465,150.0,"[(DL,10713,150.00),(DL,11292,35.00)]"
"2025-01-01 10:00:00",9,14771,30,1,2.2,82.0,"[(B6,12478,82.00)]"
"2025-01-01 10:00:00",10,14771,30,1,2.2,82.0,"[(B6,12478,82.00)]"
"2025-01-01 11:00:00",1,11292,82,7,8.414634146341463,178.0,"[(UA,13502,178.00),(OO,10372,165.00),(F9,15919,56.00),(OO,10599,40.00),(UA,14262,39.00),(OO,14457,33.00),(DL,12953,31.00)]"
"2025-01-01 11:00:00",1,11292,81,7,8.54320987654321,178.0,"[(UA,13502,178.00),(OO,10372,165.00),(F9,15919,56.00),(OO,10599,40.00),(UA,14262,39.00),(OO,14457,33.00),(DL,12953,31.00)]"
"2025-01-01 11:00:00",2,11292,40,4,9.3,165.0,"[(OO,10372,165.00),(F9,15919,56.00),(UA,14262,39.00),(OO,14457,33.00)]"
"2025-01-01 11:00:00",2,11292,82,7,8.414634146341463,178.0,"[(UA,13502,178.00),(OO,10372,165.00),(F9,15919,56.00),(OO,10599,40.00),(UA,14262,39.00),(OO,14457,33.00),(DL,12953,31.00)]"
"2025-01-01 11:00:00",2,10397,57,4,1.1228070175438596,72.0,"[(F9,11298,72.00),(DL,13930,49.00),(DL,14307,36.00),(DL,11109,31.00)]"
"2025-01-01 11:00:00",2,10397,61,4,0.7213114754098361,72.0,"[(F9,11298,72.00),(DL,13930,49.00),(DL,14307,36.00),(DL,11109,31.00)]"
"2025-01-01 11:00:00",3,10397,59,4,0.9661016949152542,72.0,"[(F9,11298,72.00),(DL,13930,49.00),(DL,14307,36.00),(DL,11109,31.00)]"
"2025-01-01 11:00:00",3,10397,61,4,0.7213114754098361,72.0,"[(F9,11298,72.00),(DL,13930,49.00),(DL,14307,36.00),(DL,11109,31.00)]"
"2025-01-01 11:00:00",3,11057,58,3,0.8275862068965517,121.0,"[(AA,13303,121.00),(AA,14635,72.00),(AA,11624,44.00)]"
"2025-01-01 11:00:00",4,10397,61,4,0.7213114754098361,72.0,"[(F9,11298,72.00),(DL,13930,49.00),(DL,14307,36.00),(DL,11109,31.00)]"
"2025-01-01 11:00:00",4,11057,58,3,0.8275862068965517,121.0,"[(AA,13303,121.00),(AA,14635,72.00),(AA,11624,44.00)]"
"2025-01-01 11:00:00",4,14747,30,2,8.033333333333333,169.0,"[(AS,12173,169.00),(AS,14771,130.00)]"
"2025-01-01 11:00:00",5,11057,58,3,0.8275862068965517,121.0,"[(AA,13303,121.00),(AA,14635,72.00),(AA,11624,44.00)]"
"2025-01-01 11:00:00",5,11057,53,3,1.0188679245283019,121.0,"[(AA,13303,121.00),(AA,14635,72.00),(AA,11624,44.00)]"
"2025-01-01 11:00:00",5,14747,30,2,8.033333333333333,169.0,"[(AS,12173,169.00),(AS,14771,130.00)]"
"2025-01-01 11:00:00",5,14107,44,2,2.5681818181818183,119.0,"[(WN,11066,119.00),(WN,14679,31.00)]"
"2025-01-01 11:00:00",6,14747,30,2,8.033333333333333,169.0,"[(AS,12173,169.00),(AS,14771,130.00)]"
"2025-01-01 11:00:00",6,11057,58,3,0.8275862068965517,121.0,"[(AA,13303,121.00),(AA,14635,72.00),(AA,11624,44.00)]"
"2025-01-01 11:00:00",6,14107,44,2,2.5681818181818183,119.0,"[(WN,11066,119.00),(WN,14679,31.00)]"
"2025-01-01 11:00:00",6,11298,44,2,2.2045454545454546,44.0,"[(B6,10721,44.00),(OO,14674,39.00)]"
"2025-01-01 11:00:00",7,14107,44,2,2.5681818181818183,119.0,"[(WN,11066,119.00),(WN,14679,31.00)]"
"2025-01-01 11:00:00",7,14747,30,2,8.033333333333333,169.0,"[(AS,12173,169.00),(AS,14771,130.00)]"
"2025-01-01 11:00:00",7,11298,44,2,2.2045454545454546,44.0,"[(B6,10721,44.00),(OO,14674,39.00)]"
"2025-01-01 11:00:00",7,12889,31,0,1.2903225806451613,23.0,[]
"2025-01-01 11:00:00",8,11298,44,2,2.2045454545454546,44.0,"[(B6,10721,44.00),(OO,14674,39.00)]"
"2025-01-01 11:00:00",8,14107,44,2,2.5681818181818183,119.0,"[(WN,11066,119.00),(WN,14679,31.00)]"
"2025-01-01 11:00:00",8,11057,46,2,0.6956521739130435,121.0,"[(AA,13303,121.00),(AA,14635,72.00)]"
"2025-01-01 11:00:00",8,14869,45,0,0.26666666666666666,24.0,[]
"2025-01-01 11:00:00",9,11057,47,2,0.7872340425531915,121.0,"[(AA,13303,121.00),(AA,14635,72.00)]"
"2025-01-01 11:00:00",9,11298,44,2,2.2045454545454546,44.0,"[(B6,10721,44.00),(OO,14674,39.00)]"
"2025-01-01 11:00:00",9,12889,31,0,1.2903225806451613,23.0,[]
"2025-01-01 11:00:00",10,12889,31,0,1.2903225806451613,23.0,[]
"2025-01-01 11:00:00",10,14869,45,0,0.26666666666666666,24.0,[]
"2025-01-01 12:00:00",1,11298,69,6,6.246376811594203,143.0,"[(AA,12094,143.00),(AS,14747,118.00),(OO,10372,88.00),(OO,11905,49.00),(AA,12264,44.00),(DL,14869,44.00)]"
"2025-01-01 12:00:00",2,11292,35,4,7.914285714285715,66.0,"[(WN,14869,66.00),(WN,14683,51.00),(UA,12758,40.00),(DL,10397,35.00)]"
"2025-01-01 12:00:00",3,12889,33,3,13.06060606060606,339.0,"[(AA,13303,339.00),(WN,13796,53.00),(F9,14771,38.00)]"
"2025-01-01 12:00:00",4,13930,38,2,1.4736842105263157,113.0,"[(OO,11986,113.00),(MQ,12197,70.00)]"
"2025-01-01 12:00:00",5,10397,41,1,-0.7560975609756098,41.0,"[(DL,13502,41.00)]"
"2025-01-01 13:00:00",1,11292,67,8,11.134328358208956,244.0,"[(UA,15016,244.00),(OO,13158,222.00),(OO,10372,104.00),(OO,12278,63.00),(WN,15016,38.00),(WN,11193,36.00),(WN,12339,36.00),(UA,10423,36.00)]"
"2025-01-01 13:00:00",1,11292,67,8,11.134328358208956,244.0,"[(UA,15016,244.00),(OO,13158,222.00),(OO,10372,104.00),(OO,12278,63.00),(WN,15016,38.00),(UA,10423,36.00),(WN,11193,36.00),(WN,12339,36.00)]"
"2025-01-01 13:00:00",2,13930,39,5,10.461538461538462,140.0,"[(OO,10372,140.00),(UA,12264,102.00),(OO,10408,44.00),(UA,14107,39.00),(YX,12478,36.00)]"
"2025-01-01 13:00:00",2,13930,38,5,10.68421052631579,140.0,"[(OO,10372,140.00),(UA,12264,102.00),(OO,10408,44.00),(UA,14107,39.00),(YX,12478,36.00)]"
"2025-01-01 13:00:00",3,12892,33,3,3.212121212121212,51.0,"[(WN,12889,51.00),(DL,12478,49.00),(UA,11618,32.00)]"
"2025-01-01 13:00:00",3,13930,39,5,10.461538461538462,140.0,"[(OO,10372,140.00),(UA,12264,102.00),(OO,10408,44.00),(UA,14107,39.00),(YX,12478,36.00)]"
"2025-01-01 13:00:00",4,14107,36,1,-0.6111111111111112,73.0,"[(F9,14908,73.00)]"
"2025-01-01 13:00:00",4,12892,33,3,3.212121212121212,51.0,"[(WN,12889,51.00),(DL,12478,49.00),(UA,11618,32.00)]"
"2025-01-01 13:00:00",5,11057,40,1,-1.775,34.0,"[(OH,12992,34.00)]"
"2025-01-01 13:00:00",5,14107,36,1,-0.6111111111111112,73.0,"[(F9,14908,73.00)]"
"2025-01-01 13:00:00",6,14107,32,0,-3.09375,15.0,[]
"2025-01-01 13:00:00",6,11057,40,1,-1.775,34.0,"[(OH,12992,34.00)]"
"2025-01-01 13:00:00",7,14107,33,0,-3.1818181818181817,15.0,[]
"2025-01-01 14:00:00",1,13930,48,7,10.270833333333334,137.0,"[(OO,13485,137.00),(OO,10980,69.00),(OO,13184,65.00),(OO,14730,59.00),(UA,11292,52.00),(UA,11278,42.00),(OO,14574,32.00)]"
"2025-01-01 14:00:00",1,13930,54,7,8.648148148148149,137.0,"[(OO,13485,137.00),(OO,10980,69.00),(OO,13184,65.00),(OO,14730,59.00),(UA,11292,52.00),(UA,11278,42.00),(OO,14574,32.00)]"
"2025-01-01 14:00:00",2,13930,54,7,8.648148148148149,137.0,"[(OO,13485,137.00),(OO,10980,69.00),(OO,13184,65.00),(OO,14730,59.00),(UA,11292,52.00),(UA,11278,42.00),(OO,14574,32.00)]"
"2025-01-01 14:00:00",2,13930,41,6,9.853658536585366,137.0,"[(OO,13485,137.00),(OO,10980,69.00),(OO,13184,65.00),(UA,11292,52.00),(UA,11278,42.00),(OO,14574,32.00)]"
"2025-01-01 14:00:00",2,11298,54,5,10.092592592592593,230.0,"[(UA,13930,230.00),(AA,14679,174.00),(F9,14747,61.00),(AA,10423,58.00),(AA,11697,55.00)]"
"2025-01-01 14:00:00",3,11298,54,5,10.092592592592593,230.0,"[(UA,13930,230.00),(AA,14679,174.00),(F9,14747,61.00),(AA,10423,58.00),(AA,11697,55.00)]"
"2025-01-01 14:00:00",3,10397,35,4,5.0285714285714285,91.0,"[(UA,12264,91.00),(DL,14771,42.00),(DL,12264,40.00),(WN,15016,36.00)]"
"2025-01-01 14:00:00",4,10397,35,4,5.0285714285714285,91.0,"[(UA,12264,91.00),(DL,14771,42.00),(DL,12264,40.00),(WN,15016,36.00)]"
"2025-01-01 14:00:00",4,11057,36,4,4.138888888888889,46.0,"[(AA,11697,46.00),(DL,10397,45.00),(OH,15412,42.00),(MQ,14783,39.00)]"
"2025-01-01 14:00:00",5,11057,36,4,4.138888888888889,46.0,"[(AA,11697,46.00),(DL,10397,45.00),(OH,15412,42.00),(MQ,14783,39.00)]"
"2025-01-01 14:00:00",5,12892,33,3,7.818181818181818,70.0,"[(F9,14869,70.00),(OO,14057,50.00),(UA,11618,35.00)]"
"2025-01-01 14:00:00",6,12892,33,3,7.818181818181818,70.0,"[(F9,14869,70.00),(OO,14057,50.00),(UA,11618,35.00)]"
"2025-01-01 14:00:00",6,14107,31,1,1.4516129032258065,95.0,"[(WN,14771,95.00)]"
"2025-01-01 14:00:00",7,14107,31,1,1.4516129032258065,95.0,"[(WN,14771,95.00)]"
"2025-01-01 15:00:00",1,11298,46,6,10.673913043478262,195.0,"[(AA,11423,195.00),(AA,11278,85.00),(AA,14107,65.00),(OO,10747,57.00),(F9,10397,46.00),(AA,14771,46.00)]"
"2025-01-01 15:00:00",1,11298,46,6,10.673913043478262,195.0,"[(AA,11423,195.00),(AA,11278,85.00),(AA,14107,65.00),(OO,10747,57.00),(AA,14771,46.00),(F9,10397,46.00)]"
"2025-01-01 15:00:00",2,13930,37,5,10.864864864864865,99.0,"[(OO,14877,99.00),(AA,14492,81.00),(OO,14696,71.00),(OO,13485,60.00),(AA,10529,36.00)]"
"2025-01-01 15:00:00",2,11298,33,5,13.636363636363637,195.0,"[(AA,11423,195.00),(AA,11278,85.00),(AA,14107,65.00),(OO,10747,57.00),(AA,14771,46.00)]"
"2025-01-01 15:00:00",3,11298,32,4,12.5,195.0,"[(AA,11423,195.00),(AA,11278,85.00),(AA,14107,65.00),(F9,10397,46.00)]"
"2025-01-01 15:00:00",3,13930,33,5,11.787878787878787,99.0,"[(OO,14877,99.00),(AA,14492,81.00),(OO,14696,71.00),(OO,13485,60.00),(AA,10529,36.00)]"
"2025-01-01 15:00:00",3,11298,40,4,8.65,195.0,"[(AA,11423,195.00),(OO,10747,57.00),(F9,10397,46.00),(AA,14771,46.00)]"
"2025-01-01 15:00:00",3,11292,45,2,4.688888888888889,92.0,"[(WN,14570,92.00),(UA,12953,39.00)]"
"2025-01-01 15:00:00",4,11292,34,2,5.411764705882353,92.0,"[(WN,14570,92.00),(UA,12953,39.00)]"
"2025-01-01 15:00:00",4,13930,37,5,10.864864864864865,99.0,"[(OO,14877,99.00),(AA,14492,81.00),(OO,14696,71.00),(OO,13485,60.00),(AA,10529,36.00)]"
"2025-01-01 15:00:00",4,11292,34,2,5.0,92.0,"[(WN,14570,92.00),(UA,12953,39.00)]"
"2025-01-01 15:00:00",4,14107,32,2,3.53125,76.0,"[(F9,14057,76.00),(WN,12892,57.00)]"
"2025-01-01 15:00:00",5,11292,45,2,4.688888888888889,92.0,"[(WN,14570,92.00),(UA,12953,39.00)]"
"2025-01-01 15:00:00",5,11292,34,2,5.411764705882353,92.0,"[(WN,14570,92.00),(UA,12953,39.00)]"
"2025-01-01 15:00:00",5,10397,31,1,0.12903225806451613,38.0,"[(F9,14100,38.00)]"
"2025-01-01 15:00:00",6,14107,32,2,3.53125,76.0,"[(F9,14057,76.00),(WN,12892,57.00)]"
"2025-01-01 15:00:00",6,11292,45,2,4.688888888888889,92.0,"[(WN,14570,92.00),(UA,12953,39.00)]"
"2025-01-01 15:00:00",7,10397,31,1,0.12903225806451613,38.0,"[(F9,14100,38.00)]"
"2025-01-01 15:00:00",7,14107,31,2,3.6129032258064515,76.0,"[(F9,14057,76.00),(WN,12892,57.00)]"
"2025-01-01 15:00:00",8,14107,32,2,3.53125,76.0,"[(F9,14057,76.00),(WN,12892,57.00)]"
"2025-01-01 15:00:00",9,10397,31,1,0.12903225806451613,38.0,"[(F9,14100,38.00)]"
"2025-01-01 16:00:00",1,11433,32,9,24.5625,169.0,"[(OO,13871,169.00),(OO,11042,118.00),(DL,14771,114.00),(DL,11697,87.00),(DL,14107,65.00),(OO,14696,61.00),(F9,13204,53.00),(OO,11986,43.00),(DL,12889,38.00)]"
"2025-01-01 16:00:00",2,11292,48,6,12.979166666666666,178.0,"[(UA,14570,178.00),(OO,14674,136.00),(UA,12173,86.00),(OO,11638,82.00),(UA,13930,79.00),(F9,12266,43.00)]"
"2025-01-01 16:00:00",2,11292,36,6,16.583333333333332,178.0,"[(UA,14570,178.00),(OO,14674,136.00),(UA,12173,86.00),(OO,11638,82.00),(UA,13930,79.00),(F9,12266,43.00)]"
"2025-01-01 16:00:00",3,11298,57,6,8.140350877192983,133.0,"[(AA,13851,133.00),(AA,15370,110.00),(AA,11292,66.00),(AA,13256,66.00),(OO,12891,44.00),(OO,14842,34.00)]"
"2025-01-01 16:00:00",3,11292,48,6,12.979166666666666,178.0,"[(UA,14570,178.00),(OO,14674,136.00),(UA,12173,86.00),(OO,11638,82.00),(UA,13930,79.00),(F9,12266,43.00)]"
"2025-01-01 16:00:00",4,14771,32,4,5.71875,59.0,"[(OO,14262,59.00),(UA,11618,53.00),(OO,11638,39.00),(AA,14107,33.00)]"
"2025-01-01 16:00:00",4,11292,37,5,11.81081081081081,136.0,"[(OO,14674,136.00),(UA,12173,86.00),(OO,11638,82.00),(UA,13930,79.00),(F9,12266,43.00)]"
"2025-01-01 16:00:00",4,11298,51,5,7.9411764705882355,133.0,"[(AA,13851,133.00),(AA,15370,110.00),(AA,11292,66.00),(OO,12891,44.00),(OO,14842,34.00)]"
"2025-01-01 16:00:00",5,12889,30,3,8.0,79.0,"[(WN,11259,79.00),(WN,10397,53.00),(WN,14570,47.00)]"
"2025-01-01 16:00:00",5,14771,32,4,5.71875,59.0,"[(OO,14262,59.00),(UA,11618,53.00),(OO,11638,39.00),(AA,14107,33.00)]"
"2025-01-01 16:00:00",5,11298,42,4,6.095238095238095,110.0,"[(AA,15370,110.00),(AA,11292,66.00),(OO,12891,44.00),(OO,14842,34.00)]"
"2025-01-01 16:00:00",6,10397,33,3,7.9393939393939394,132.0,"[(DL,10821,132.00),(F9,14492,117.00),(B6,12478,47.00)]"
"2025-01-01 16:00:00",6,12889,30,3,8.0,79.0,"[(WN,11259,79.00),(WN,10397,53.00),(WN,14570,47.00)]"
"2025-01-01 16:00:00",6,14771,32,4,5.71875,59.0,"[(OO,14262,59.00),(UA,11618,53.00),(OO,11638,39.00),(AA,14107,33.00)]"
"2025-01-01 16:00:00",7,11298,38,3,5.868421052631579,110.0,"[(AA,15370,110.00),(AA,11292,66.00),(OO,12891,44.00)]"
"2025-01-01 16:00:00",7,10397,33,3,7.9393939393939394,132.0,"[(DL,10821,132.00),(F9,14492,117.00),(B6,12478,47.00)]"
"2025-01-01 16:00:00",7,11057,48,3,2.1041666666666665,66.0,"[(OH,10397,66.00),(AA,12451,38.00),(AA,13198,38.00)]"
"2025-01-01 16:00:00",7,11057,48,3,2.1041666666666665,66.0,"[(OH,10397,66.00),(AA,13198,38.00),(AA,12451,38.00)]"
"2025-01-01 16:00:00",8,11057,36,3,4.027777777777778,66.0,"[(OH,10397,66.00),(AA,12451,38.00),(AA,13198,38.00)]"
"2025-01-01 16:00:00",8,11298,38,3,5.868421052631579,110.0,"[(AA,15370,110.00),(AA,11292,66.00),(OO,12891,44.00)]"
"2025-01-01 16:00:00",8,11057,33,3,3.1818181818181817,66.0,"[(OH,10397,66.00),(AA,13198,38.00),(AA,12451,38.00)]"
"2025-01-01 16:00:00",8,13930,30,1,3.2666666666666666,77.0,"[(F9,14986,77.00)]"
"2025-01-01 16:00:00",9,11057,47,3,2.148936170212766,66.0,"[(OH,10397,66.00),(AA,12451,38.00),(AA,13198,38.00)]"
"2025-01-01 16:00:00",9,11057,36,3,4.027777777777778,66.0,"[(OH,10397,66.00),(AA,12451,38.00),(AA,13198,38.00)]"
"2025-01-01 16:00:00",9,11057,45,3,2.4,66.0,"[(OH,10397,66.00),(AA,13198,38.00),(AA,12451,38.00)]"
"2025-01-01 16:00:00",9,14107,42,1,1.6904761904761905,76.0,"[(AA,11292,76.00)]"
"2025-01-01 16:00:00",10,11057,48,3,2.1041666666666665,66.0,"[(OH,10397,66.00),(AA,12451,38.00),(AA,13198,38.00)]"
"2025-01-01 16:00:00",10,14107,33,1,2.090909090909091,76.0,"[(AA,11292,76.00)]"
"2025-01-01 17:00:00",1,11292,78,12,13.064102564102564,109.0,"[(OO,10372,109.00),(UA,10397,103.00),(OO,11267,78.00),(UA,11057,75.00),(UA,11775,66.00),(WN,14679,50.00),(WN,11259,46.00),(WN,10800,43.00),(WN,12451,37.00),(WN,14492,34.00),(UA,11618,34.00),(UA,14771,32.00)]"
"2025-01-01 17:00:00",2,11292,69,11,13.44927536231884,109.0,"[(OO,10372,109.00),(UA,10397,103.00),(OO,11267,78.00),(UA,11057,75.00),(WN,14679,50.00),(WN,11259,46.00),(WN,10800,43.00),(WN,12451,37.00),(WN,14492,34.00),(UA,11618,34.00),(UA,14771,32.00)]"
"2025-01-01 17:00:00",2,11292,42,8,15.5,109.0,"[(OO,10372,109.00),(UA,10397,103.00),(OO,11267,78.00),(UA,11057,75.00),(WN,14679,50.00),(WN,11259,46.00),(WN,10800,43.00),(WN,12451,37.00)]"
"2025-01-01 17:00:00",2,11298,42,8,14.19047619047619,170.0,"[(OO,10155,170.00),(AA,11193,89.00),(AA,13198,57.00),(F9,12953,48.00),(F9,13204,43.00),(AA,14193,42.00),(AA,15016,38.00),(AA,11433,36.00)]"
"2025-01-01 17:00:00",3,11298,42,8,14.19047619047619,170.0,"[(OO,10155,170.00),(AA,11193,89.00),(AA,13198,57.00),(F9,12953,48.00),(F9,13204,43.00),(AA,14193,42.00),(AA,15016,38.00),(AA,11433,36.00)]"
"2025-01-01 17:00:00",3,11298,38,8,15.973684210526315,170.0,"[(OO,10155,170.00),(AA,11193,89.00),(AA,13198,57.00),(F9,12953,48.00),(F9,13204,43.00),(AA,14193,42.00),(AA,15016,38.00),(AA,11433,36.00)]"
"2025-01-01 17:00:00",3,13930,34,5,9.970588235294118,91.0,"[(UA,13204,91.00),(OO,11977,70.00),(MQ,15096,47.00),(AA,11057,45.00),(AA,12892,40.00)]"
"2025-01-01 17:00:00",4,13930,34,5,9.970588235294118,91.0,"[(UA,13204,91.00),(OO,11977,70.00),(MQ,15096,47.00),(AA,11057,45.00),(AA,12892,40.00)]"
"2025-01-01 17:00:00",4,11298,42,8,14.19047619047619,170.0,"[(OO,10155,170.00),(AA,11193,89.00),(AA,13198,57.00),(F9,12953,48.00),(F9,13204,43.00),(AA,14193,42.00),(AA,15016,38.00),(AA,11433,36.00)]"
"2025-01-01 17:00:00",4,13204,31,4,8.32258064516129,59.0,"[(B6,10721,59.00),(UA,12266,58.00),(B6,10732,55.00),(AA,13303,34.00)]"
"2025-01-01 17:00:00",5,13204,31,4,8.32258064516129,59.0,"[(B6,10721,59.00),(UA,12266,58.00),(B6,10732,55.00),(AA,13303,34.00)]"
"2025-01-01 17:00:00",5,13930,32,4,9.3125,91.0,"[(UA,13204,91.00),(OO,11977,70.00),(AA,11057,45.00),(AA,12892,40.00)]"
"2025-01-01 17:00:00",5,11292,35,7,15.257142857142858,109.0,"[(OO,10372,109.00),(UA,10397,103.00),(OO,11267,78.00),(UA,11057,75.00),(WN,11259,46.00),(WN,10800,43.00),(WN,12451,37.00)]"
"2025-01-01 17:00:00",5,14107,40,2,4.9,62.0,"[(WN,14679,62.00),(WN,12889,52.00)]"
"2025-01-01 17:00:00",6,14107,40,2,4.9,62.0,"[(WN,14679,62.00),(WN,12889,52.00)]"
"2025-01-01 17:00:00",6,13204,31,4,8.32258064516129,59.0,"[(B6,10721,59.00),(UA,12266,58.00),(B6,10732,55.00),(AA,13303,34.00)]"
"2025-01-01 17:00:00",6,11278,31,1,-2.032258064516129,61.0,"[(WN,10423,61.00)]"
"2025-01-01 17:00:00",7,11278,31,1,-2.032258064516129,61.0,"[(WN,10423,61.00)]"
"2025-01-01 17:00:00",7,14107,38,2,5.2105263157894735,62.0,"[(WN,14679,62.00),(WN,12889,52.00)]"
"2025-01-01 17:00:00",8,14107,40,2,4.9,62.0,"[(WN,14679,62.00),(WN,12889,52.00)]"
"2025-01-01 17:00:00",9,11278,31,1,-2.032258064516129,61.0,"[(WN,10423,61.00)]"
"2025-01-01 18:00:00",1,11292,40,8,14.5,103.0,"[(WN,10599,103.00),(OO,11109,83.00),(AA,11298,67.00),(UA,14122,45.00),(WN,15016,44.00),(UA,13303,36.00),(UA,10529,35.00),(UA,11697,32.00)]"
"2025-01-01 18:00:00",1,13930,65,6,8.23076923076923,140.0,"[(OO,14696,140.00),(OO,11146,138.00),(OO,11433,64.00),(AS,14771,60.00),(OO,14574,46.00),(MQ,11111,34.00)]"
"2025-01-01 18:00:00",2,11298,52,8,14.23076923076923,228.0,"[(AA,10868,228.00),(AA,10397,110.00),(AA,13342,68.00),(AA,11292,65.00),(AA,13930,50.00),(AA,10721,47.00),(AA,11697,32.00),(MQ,14730,31.00)]"
"2025-01-01 18:00:00",2,12266,39,4,6.410256410256411,96.0,"[(OO,10372,96.00),(UA,14524,64.00),(F9,13232,48.00),(UA,10397,31.00)]"
"2025-01-01 18:00:00",3,13930,65,6,8.23076923076923,140.0,"[(OO,14696,140.00),(OO,11146,138.00),(OO,11433,64.00),(AS,14771,60.00),(OO,14574,46.00),(MQ,11111,34.00)]"
"2025-01-01 18:00:00",3,12889,30,3,9.6,69.0,"[(WN,13198,69.00),(WN,14107,48.00),(AA,11298,33.00)]"
"2025-01-01 18:00:00",4,12266,31,4,8.387096774193548,96.0,"[(OO,10372,96.00),(UA,14524,64.00),(F9,13232,48.00),(UA,10397,31.00)]"
"2025-01-01 18:00:00",4,11292,30,5,14.7,103.0,"[(WN,10599,103.00),(OO,11109,83.00),(AA,11298,67.00),(UA,10529,35.00),(UA,11697,32.00)]"
"2025-01-01 18:00:00",4,13930,36,3,9.25,140.0,"[(OO,14696,140.00),(OO,11146,138.00),(OO,14574,46.00)]"
"2025-01-01 18:00:00",4,12266,39,4,6.410256410256411,96.0,"[(OO,10372,96.00),(UA,14524,64.00),(F9,13232,48.00),(UA,10397,31.00)]"
"2025-01-01 18:00:00",5,12266,39,4,6.410256410256411,96.0,"[(OO,10372,96.00),(UA,14524,64.00),(F9,13232,48.00),(UA,10397,31.00)]"
"2025-01-01 18:00:00",5,10397,32,1,0.09375,56.0,"[(OH,14100,56.00)]"
"2025-01-01 18:00:00",5,12889,30,3,9.6,69.0,"[(WN,13198,69.00),(WN,14107,48.00),(AA,11298,33.00)]"
"2025-01-01 18:00:00",6,12889,30,3,9.6,69.0,"[(WN,13198,69.00),(WN,14107,48.00),(AA,11298,33.00)]"
"2025-01-01 18:00:00",6,10397,40,1,-0.725,56.0,"[(OH,14100,56.00)]"
"2025-01-01 18:00:00",6,11057,56,2,3.1964285714285716,132.0,"[(AA,14843,132.00),(AA,14908,33.00)]"
"2025-01-01 18:00:00",7,13930,36,3,9.25,140.0,"[(OO,14696,140.00),(OO,11146,138.00),(OO,14574,46.00)]"
"2025-01-01 18:00:00",7,11057,56,2,3.1964285714285716,132.0,"[(AA,14843,132.00),(AA,14908,33.00)]"
"2025-01-01 18:00:00",7,10397,40,1,-0.725,56.0,"[(OH,14100,56.00)]"
"2025-01-01 18:00:00",8,11057,56,2,3.1964285714285716,132.0,"[(AA,14843,132.00),(AA,14908,33.00)]"
"2025-01-01 18:00:00",8,11057,36,1,1.0555555555555556,33.0,"[(AA,14908,33.00)]"
"2025-01-01 18:00:00",9,11057,30,1,1.6,33.0,"[(AA,14908,33.00)]"
"2025-01-01 18:00:00",9,10397,31,1,-0.45161290322580644,56.0,"[(OH,14100,56.00)]"
"2025-01-01 18:00:00",10,10397,40,1,-0.725,56.0,"[(OH,14100,56.00)]"
"2025-01-01 19:00:00",1,11298,66,12,12.242424242424242,119.0,"[(OO,11973,119.00),(OO,10372,100.00),(AA,11775,84.00),(AA,14100,81.00),(AA,10693,75.00),(OO,11695,52.00),(UA,11292,50.00),(AA,14679,46.00),(AA,12339,34.00),(AA,14524,33.00),(OO,14696,32.00),(AA,12992,31.00)]"
"2025-01-01 19:00:00",2,11292,66,11,13.151515151515152,199.0,"[(UA,10800,199.00),(WN,14831,86.00),(UA,11603,68.00),(WN,12892,66.00),(UA,10849,64.00),(OO,11109,51.00),(WN,13930,42.00),(WN,10849,38.00),(WN,10140,36.00),(UA,14570,35.00),(UA,14771,31.00)]"
"2025-01-01 19:00:00",3,11298,37,6,10.837837837837839,119.0,"[(OO,11973,119.00),(AA,14100,81.00),(OO,11695,52.00),(AA,14524,33.00),(OO,14696,32.00),(AA,12992,31.00)]"
"2025-01-01 19:00:00",3,11298,48,6,6.9375,100.0,"[(OO,10372,100.00),(OO,11695,52.00),(UA,11292,50.00),(AA,12339,34.00),(AA,14524,33.00),(OO,14696,32.00)]"
"2025-01-01 19:00:00",3,11292,33,9,16.333333333333332,86.0,"[(WN,14831,86.00),(UA,11603,68.00),(WN,12892,66.00),(UA,10849,64.00),(OO,11109,51.00),(WN,13930,42.00),(WN,10849,38.00),(WN,10140,36.00),(UA,14771,31.00)]"
"2025-01-01 19:00:00",3,13204,32,5,19.8125,267.0,"[(F9,14107,267.00),(B6,14843,160.00),(B6,15096,61.00),(WN,10693,44.00),(B6,12478,31.00)]"
"2025-01-01 19:00:00",4,13204,32,5,19.8125,267.0,"[(F9,14107,267.00),(B6,14843,160.00),(B6,15096,61.00),(WN,10693,44.00),(B6,12478,31.00)]"
"2025-01-01 19:00:00",4,11298,59,9,9.864406779661017,119.0,"[(OO,11973,119.00),(OO,10372,100.00),(AA,14100,81.00),(OO,11695,52.00),(UA,11292,50.00),(AA,12339,34.00),(AA,14524,33.00),(OO,14696,32.00),(AA,12992,31.00)]"
"2025-01-01 19:00:00",4,14107,30,2,6.933333333333334,73.0,"[(WN,11292,73.00),(WN,10800,64.00)]"
"2025-01-01 19:00:00",5,11292,33,2,9.969696969696969,199.0,"[(UA,10800,199.00),(UA,14570,35.00)]"
"2025-01-01 19:00:00",5,11298,50,7,10.32,119.0,"[(OO,11973,119.00),(OO,10372,100.00),(AA,14100,81.00),(OO,11695,52.00),(UA,11292,50.00),(AA,12339,34.00),(OO,14696,32.00)]"
"2025-01-01 19:00:00",5,10397,64,2,2.09375,82.0,"[(NK,12266,82.00),(DL,12266,48.00)]"
"2025-01-01 19:00:00",6,14107,30,2,6.933333333333334,73.0,"[(WN,11292,73.00),(WN,10800,64.00)]"
"2025-01-01 19:00:00",6,13204,32,5,19.8125,267.0,"[(F9,14107,267.00),(B6,14843,160.00),(B6,15096,61.00),(WN,10693,44.00),(B6,12478,31.00)]"
"2025-01-01 19:00:00",6,13303,31,1,1.4516129032258065,47.0,"[(NK,12889,47.00)]"
"2025-01-01 19:00:00",7,10397,64,2,2.09375,82.0,"[(NK,12266,82.00),(DL,12266,48.00)]"
"2025-01-01 19:00:00",7,14107,30,2,6.933333333333334,73.0,"[(WN,11292,73.00),(WN,10800,64.00)]"
"2025-01-01 19:00:00",8,10397,32,1,1.59375,82.0,"[(NK,12266,82.00)]"
"2025-01-01 19:00:00",8,10397,64,2,2.09375,82.0,"[(NK,12266,82.00),(DL,12266,48.00)]"
"2025-01-01 19:00:00",9,13303,31,1,1.4516129032258065,47.0,"[(NK,12889,47.00)]"
"2025-01-01 19:00:00",9,10397,32,1,2.59375,48.0,"[(DL,12266,48.00)]"
"2025-01-01 19:00:00",10,13303,31,1,1.4516129032258065,47.0,"[(NK,12889,47.00)]"
"2025-01-01 20:00:00",1,11057,59,8,10.186440677966102,184.0,"[(AA,10994,184.00),(AA,10397,68.00),(AA,11278,63.00),(OH,12197,60.00),(OH,15412,53.00),(AA,13204,40.00),(AA,14492,35.00),(NK,12953,34.00)]"
"2025-01-01 20:00:00",2,13930,53,8,10.075471698113208,102.0,"[(OO,15370,102.00),(UA,14570,80.00),(UA,10849,54.00),(OO,12559,50.00),(UA,15380,36.00),(MQ,11067,35.00),(OO,14108,32.00),(UA,13230,31.00)]"
"2025-01-01 20:00:00",2,13930,70,8,7.942857142857143,102.0,"[(OO,15370,102.00),(UA,14570,80.00),(UA,10849,54.00),(OO,12559,50.00),(UA,15380,36.00),(MQ,11067,35.00),(OO,14108,32.00),(UA,13230,31.00)]"
"2025-01-01 20:00:00",3,13930,70,8,7.942857142857143,102.0,"[(OO,15370,102.00),(UA,14570,80.00),(UA,10849,54.00),(OO,12559,50.00),(UA,15380,36.00),(MQ,11067,35.00),(OO,14108,32.00),(UA,13230,31.00)]"
"2025-01-01 20:00:00",3,11292,53,6,20.07547169811321,735.0,"[(OO,10372,735.00),(UA,10140,90.00),(OO,13433,88.00),(OO,14674,53.00),(WN,14747,40.00),(UA,14683,40.00)]"
"2025-01-01 20:00:00",3,11292,53,6,20.07547169811321,735.0,"[(OO,10372,735.00),(UA,10140,90.00),(OO,13433,88.00),(OO,14674,53.00),(UA,14683,40.00),(WN,14747,40.00)]"
"2025-01-01 20:00:00",4,11292,53,6,20.07547169811321,735.0,"[(OO,10372,735.00),(UA,10140,90.00),(OO,13433,88.00),(OO,14674,53.00),(UA,14683,40.00),(WN,14747,40.00)]"
"2025-01-01 20:00:00",4,11298,56,5,9.857142857142858,129.0,"[(AA,15016,129.00),(AA,13342,112.00),(AA,10561,92.00),(MQ,13290,64.00),(AA,13485,57.00)]"
"2025-01-01 20:00:00",5,11057,32,6,12.875,184.0,"[(AA,10994,184.00),(AA,11278,63.00),(OH,12197,60.00),(OH,15412,53.00),(AA,13204,40.00),(AA,14492,35.00)]"
"2025-01-01 20:00:00",5,12266,34,4,8.558823529411764,102.0,"[(UA,12264,102.00),(UA,10140,69.00),(NK,13303,38.00),(UA,11618,35.00)]"
"2025-01-01 20:00:00",6,11298,56,5,9.857142857142858,129.0,"[(AA,15016,129.00),(AA,13342,112.00),(AA,10561,92.00),(MQ,13290,64.00),(AA,13485,57.00)]"
"2025-01-01 20:00:00",6,11292,38,3,4.684210526315789,88.0,"[(OO,13433,88.00),(OO,14674,53.00),(WN,14747,40.00)]"
"2025-01-01 20:00:00",6,13930,37,4,8.486486486486486,102.0,"[(OO,15370,102.00),(UA,15380,36.00),(OO,14108,32.00),(UA,13230,31.00)]"
"2025-01-01 20:00:00",6,10397,33,0,0.8484848484848485,27.0,[]
"2025-01-01 20:00:00",7,11298,32,4,14.71875,129.0,"[(AA,15016,129.00),(AA,13342,112.00),(AA,10561,92.00),(MQ,13290,64.00)]"
"2025-01-01 20:00:00",7,10397,33,0,0.8484848484848485,27.0,[]
"2025-01-01 20:00:00",7,11057,31,3,7.483870967741935,68.0,"[(AA,10397,68.00),(OH,15412,53.00),(NK,12953,34.00)]"
"2025-01-01 20:00:00",8,12266,34,4,8.558823529411764,102.0,"[(UA,12264,102.00),(UA,10140,69.00),(NK,13303,38.00),(UA,11618,35.00)]"
"2025-01-01 20:00:00",8,10397,33,0,0.8484848484848485,27.0,[]
"2025-01-01 20:00:00",9,10397,33,0,0.8484848484848485,27.0,[]
"2025-01-01 21:00:00",1,11298,52,8,23.442307692307693,505.0,"[(AA,13256,505.00),(OH,12217,293.00),(AA,10423,108.00),(OO,14314,83.00),(F9,12889,64.00),(AA,11423,64.00),(OH,13422,60.00),(AA,13891,31.00)]"
"2025-01-01 21:00:00",1,11298,52,8,23.442307692307693,505.0,"[(AA,13256,505.00),(OH,12217,293.00),(AA,10423,108.00),(OO,14314,83.00),(AA,11423,64.00),(F9,12889,64.00),(OH,13422,60.00),(AA,13891,31.00)]"
"2025-01-01 21:00:00",2,13930,35,5,31.285714285714285,661.0,"[(OO,11076,661.00),(OO,13282,172.00),(OO,11433,162.00),(UA,12892,99.00),(AA,14771,75.00)]"
"2025-01-01 21:00:00",3,10397,31,2,6.967741935483871,118.0,"[(OO,13277,118.00),(NK,12889,67.00)]"
"2025-01-01 21:00:00",4,13303,35,2,4.942857142857143,152.0,"[(NK,14100,152.00),(AA,14730,65.00)]"
"2025-01-01 21:00:00",5,11433,31,2,0.8709677419354839,74.0,"[(F9,15304,74.00),(DL,13204,34.00)]"
"2025-01-01 22:00:00",1,10397,54,6,4.074074074074074,67.0,"[(DL,10599,67.00),(F9,14100,66.00),(DL,15412,55.00),(DL,12266,52.00),(F9,13204,43.00),(DL,12217,40.00)]"
"2025-01-01 22:00:00",1,10397,46,6,6.021739130434782,67.0,"[(DL,10599,67.00),(F9,14100,66.00),(DL,15412,55.00),(DL,12266,52.00),(F9,13204,43.00),(DL,12217,40.00)]"
"2025-01-01 22:00:00",2,11298,46,3,15.695652173913043,775.0,"[(OO,15401,775.00),(AA,11109,44.00),(AA,12896,34.00)]"
"2025-01-01 22:00:00",2,10397,54,6,4.074074074074074,67.0,"[(DL,10599,67.00),(F9,14100,66.00),(DL,15412,55.00),(DL,12266,52.00),(F9,13204,43.00),(DL,12217,40.00)]"
"2025-01-01 22:00:00",2,10397,35,4,3.2285714285714286,66.0,"[(F9,14100,66.00),(DL,15412,55.00),(DL,12266,52.00),(F9,13204,43.00)]"
"2025-01-01 22:00:00",3,11057,50,2,8.62,422.0,"[(AA,11042,422.00),(AA,11278,38.00)]"
"2025-01-01 22:00:00",3,10397,35,5,7.171428571428572,67.0,"[(DL,10599,67.00),(F9,14100,66.00),(DL,12266,52.00),(F9,13204,43.00),(DL,12217,40.00)]"
"2025-01-01 22:00:00",3,11298,46,3,15.695652173913043,775.0,"[(OO,15401,775.00),(AA,11109,44.00),(AA,12896,34.00)]"
"2025-01-01 22:00:00",4,11298,42,3,17.976190476190474,775.0,"[(OO,15401,775.00),(AA,11109,44.00),(AA,12896,34.00)]"
"2025-01-01 22:00:00",4,11057,50,2,8.62,422.0,"[(AA,11042,422.00),(AA,11278,38.00)]"
"2025-01-01 22:00:00",5,11298,46,3,15.695652173913043,775.0,"[(OO,15401,775.00),(AA,11109,44.00),(AA,12896,34.00)]"
"2025-01-01 22:00:00",6,11057,38,2,11.5,422.0,"[(AA,11042,422.00),(AA,11278,38.00)]"
"2025-01-01 22:00:00",7,11057,44,2,9.545454545454545,422.0,"[(AA,11042,422.00),(AA,11278,38.00)]"
"2025-01-01 22:00:00",8,11057,50,2,8.62,422.0,"[(AA,11042,422.00),(AA,11278,38.00)]"
"2025-01-01 22:00:00",9,11298,37,1,-1.5945945945945945,34.0,"[(AA,12896,34.00)]"
"2025-01-02 06:00:00",1,13204,42,4,8.285714285714286,52.0,"[(F9,11292,52.00),(AA,13303,42.00),(WN,10397,33.00),(UA,14771,31.00)]"
"2025-01-02 06:00:00",1,13204,36,3,8.555555555555555,52.0,"[(F9,11292,52.00),(AA,13303,42.00),(WN,10397,33.00)]"
"2025-01-02 06:00:00",2,13204,37,3,8.513513513513514,52.0,"[(F9,11292,52.00),(AA,13303,42.00),(WN,10397,33.00)]"
"2025-01-02 06:00:00",2,12889,36,3,9.75,91.0,"[(G4,11884,91.00),(AA,14100,68.00),(AA,14107,32.00)]"
"2025-01-02 06:00:00",2,12889,30,2,8.833333333333334,91.0,"[(G4,11884,91.00),(AA,14100,68.00)]"
"2025-01-02 06:00:00",2,12889,43,3,7.72093023255814,91.0,"[(G4,11884,91.00),(AA,14100,68.00),(AA,14107,32.00)]"
"2025-01-02 06:00:00",3,12889,43,3,7.72093023255814,91.0,"[(G4,11884,91.00),(AA,14100,68.00),(AA,14107,32.00)]"
"2025-01-02 06:00:00",3,11292,31,1,-1.1290322580645162,59.0,"[(F9,14193,59.00)]"
"2025-01-02 06:00:00",3,10721,31,3,2.6129032258064515,154.0,"[(F9,13204,154.00),(B6,14843,69.00),(DL,14869,46.00)]"
"2025-01-02 06:00:00",4,12889,37,3,7.162162162162162,91.0,"[(G4,11884,91.00),(AA,14100,68.00),(AA,14107,32.00)]"
"2025-01-02 06:00:00",4,10721,31,3,2.6129032258064515,154.0,"[(F9,13204,154.00),(B6,14843,69.00),(DL,14869,46.00)]"
"2025-01-02 06:00:00",4,11292,36,1,-1.8611111111111112,59.0,"[(F9,14193,59.00)]"
"2025-01-02 06:00:00",5,10721,31,3,2.6129032258064515,154.0,"[(F9,13204,154.00),(B6,14843,69.00),(DL,14869,46.00)]"
"2025-01-02 06:00:00",5,13204,33,2,6.696969696969697,42.0,"[(AA,13303,42.00),(WN,10397,33.00)]"
"2025-01-02 06:00:00",6,11292,31,1,-1.1290322580645162,59.0,"[(F9,14193,59.00)]"
"2025-01-02 06:00:00",6,11292,36,1,-1.8611111111111112,59.0,"[(F9,14193,59.00)]"
"2025-01-02 06:00:00",7,11292,36,1,-1.8611111111111112,59.0,"[(F9,14193,59.00)]"
"2025-01-02 07:00:00",1,13204,34,4,12.294117647058824,55.0,"[(AS,14679,55.00),(AS,14747,45.00),(AA,11278,40.00),(AA,14100,32.00)]"
"2025-01-02 07:00:00",2,11057,35,3,-0.5428571428571428,48.0,"[(AA,14122,48.00),(AA,14492,32.00),(AA,14107,31.00)]"
"2025-01-02 07:00:00",2,11057,47,3,-1.702127659574468,48.0,"[(AA,14122,48.00),(AA,14492,32.00),(AA,14107,31.00)]"
"2025-01-02 07:00:00",3,11057,47,3,-1.702127659574468,48.0,"[(AA,14122,48.00),(AA,14492,32.00),(AA,14107,31.00)]"
"2025-01-02 07:00:00",3,12892,34,2,8.117647058823529,325.0,"[(AA,12478,325.00),(DL,12478,101.00)]"
"2025-01-02 07:00:00",4,12892,34,2,8.117647058823529,325.0,"[(AA,12478,325.00),(DL,12478,101.00)]"
"2025-01-02 07:00:00",4,12266,30,2,3.966666666666667,120.0,"[(UA,11278,120.00),(UA,14100,31.00)]"
"2025-01-02 07:00:00",5,12266,30,2,3.966666666666667,120.0,"[(UA,11278,120.00),(UA,14100,31.00)]"
"2025-01-02 07:00:00",5,10397,38,2,2.473684210526316,124.0,"[(F9,13204,124.00),(DL,11298,39.00)]"
"2025-01-02 07:00:00",6,10397,38,2,2.473684210526316,124.0,"[(F9,13204,124.00),(DL,11298,39.00)]"
"2025-01-02 07:00:00",6,11292,34,2,2.2941176470588234,75.0,"[(OO,14794,75.00),(UA,11618,43.00)]"
"2025-01-02 07:00:00",7,11292,34,2,2.2941176470588234,75.0,"[(OO,14794,75.00),(UA,11618,43.00)]"
"2025-01-02 07:00:00",7,13930,63,2,-0.9047619047619048,41.0,"[(OO,10693,41.00),(OO,10257,38.00)]"
"2025-01-02 07:00:00",8,13930,58,2,-1.1551724137931034,41.0,"[(OO,10693,41.00),(OO,10257,38.00)]"
"2025-01-02 07:00:00",8,13930,43,1,-0.9767441860465116,38.0,"[(OO,10257,38.00)]"
"2025-01-02 07:00:00",8,13930,63,2,-0.9047619047619048,41.0,"[(OO,10693,41.00),(OO,10257,38.00)]"
"2025-01-02 07:00:00",8,11298,63,1,-2.0476190476190474,32.0,"[(AA,12892,32.00)]"
"2025-01-02 07:00:00",9,13930,61,2,-1.2295081967213115,41.0,"[(OO,10693,41.00),(OO,10257,38.00)]"
"2025-01-02 07:00:00",9,11298,63,1,-2.0476190476190474,32.0,"[(AA,12892,32.00)]"
"2025-01-02 07:00:00",9,13930,57,2,-0.9824561403508771,41.0,"[(OO,10693,41.00),(OO,10257,38.00)]"
"2025-01-02 07:00:00",9,14747,37,0,-2.891891891891892,12.0,[]
"2025-01-02 07:00:00",10,11298,63,1,-2.0476190476190474,32.0,"[(AA,12892,32.00)]"
"2025-01-02 07:00:00",10,11298,48,1,-2.5416666666666665,32.0,"[(AA,12892,32.00)]"
"2025-01-02 08:00:00",1,13930,56,8,11.589285714285714,147.0,"[(OO,15919,147.00),(AA,11697,136.00),(AA,10721,124.00),(AS,14747,58.00),(MQ,12339,51.00),(OO,10980,50.00),(OO,11637,43.00),(OO,12478,34.00)]"
"2025-01-02 08:00:00",1,11292,54,9,17.055555555555557,148.0,"[(OO,12899,148.00),(UA,12953,129.00),(OO,10372,120.00),(OO,10140,117.00),(F9,11298,88.00),(F9,13244,84.00),(OO,10372,58.00),(WN,10397,46.00),(UA,13204,34.00)]"
"2025-01-02 08:00:00",2,11292,40,7,19.525,148.0,"[(OO,12899,148.00),(UA,12953,129.00),(OO,10372,120.00),(OO,10140,117.00),(F9,13244,84.00),(OO,10372,58.00),(UA,13204,34.00)]"
"2025-01-02 08:00:00",2,13930,75,8,8.333333333333334,147.0,"[(OO,15919,147.00),(AA,11697,136.00),(AA,10721,124.00),(AS,14747,58.00),(MQ,12339,51.00),(OO,10980,50.00),(OO,11637,43.00),(OO,12478,34.00)]"
"2025-01-02 08:00:00",3,12889,33,5,23.818181818181817,390.0,"[(AA,11057,390.00),(WN,14908,200.00),(AA,11298,60.00),(NK,14831,50.00),(NK,11618,46.00)]"
"2025-01-02 08:00:00",3,11292,39,7,16.46153846153846,129.0,"[(UA,12953,129.00),(OO,10372,120.00),(F9,11298,88.00),(F9,13244,84.00),(OO,10372,58.00),(WN,10397,46.00),(UA,13204,34.00)]"
"2025-01-02 08:00:00",4,14771,35,4,11.742857142857142,165.0,"[(UA,11697,165.00),(AA,13303,154.00),(UA,14262,126.00),(F9,12892,41.00)]"
"2025-01-02 08:00:00",4,12889,33,5,23.818181818181817,390.0,"[(AA,11057,390.00),(WN,14908,200.00),(AA,11298,60.00),(NK,14831,50.00),(NK,11618,46.00)]"
"2025-01-02 08:00:00",5,11298,75,4,1.8266666666666667,96.0,"[(AA,14262,96.00),(AA,14843,87.00),(OO,15411,47.00),(NK,14843,36.00)]"
"2025-01-02 08:00:00",6,10397,58,4,1.206896551724138,81.0,"[(DL,11292,81.00),(WN,13851,57.00),(DL,15304,56.00),(DL,13487,34.00)]"
"2025-01-02 08:00:00",6,10397,53,4,1.7735849056603774,81.0,"[(DL,11292,81.00),(WN,13851,57.00),(DL,15304,56.00),(DL,13487,34.00)]"
"2025-01-02 08:00:00",7,14107,42,2,8.666666666666666,399.0,"[(UA,14771,399.00),(OO,14747,44.00)]"
"2025-01-02 08:00:00",7,13930,34,3,5.176470588235294,124.0,"[(AA,10721,124.00),(OO,11637,43.00),(OO,12478,34.00)]"
"2025-01-02 08:00:00",7,13930,53,3,2.8679245283018866,124.0,"[(AA,10721,124.00),(OO,11637,43.00),(OO,12478,34.00)]"
"2025-01-02 08:00:00",8,11433,37,2,6.027027027027027,158.0,"[(DL,14107,158.00),(NK,11697,73.00)]"
"2025-01-02 08:00:00",8,14107,42,2,8.666666666666666,399.0,"[(UA,14771,399.00),(OO,14747,44.00)]"
"2025-01-02 08:00:00",9,11298,58,2,0.9310344827586207,87.0,"[(AA,14843,87.00),(OO,15411,47.00)]"
"2025-01-02 08:00:00",9,11433,37,2,6.027027027027027,158.0,"[(DL,14107,158.00),(NK,11697,73.00)]"
"2025-01-02 08:00:00",9,10821,31,2,-0.0967741935483871,42.0,"[(WN,11057,42.00),(WN,14492,38.00)]"
"2025-01-02 08:00:00",10,10821,31,2,-0.0967741935483871,42.0,"[(WN,11057,42.00),(WN,14492,38.00)]"
"2025-01-02 08:00:00",10,11298,35,2,3.2857142857142856,87.0,"[(AA,14843,87.00),(OO,15411,47.00)]"
"2025-01-02 08:00:00",10,11298,58,2,0.9310344827586207,87.0,"[(AA,14843,87.00),(OO,15411,47.00)]"
"2025-01-02 08:00:00",10,11278,36,2,-1.75,83.0,"[(OH,12217,83.00),(OH,10868,47.00)]"
"2025-01-02 09:00:00",1,13930,54,7,16.88888888888889,275.0,"[(UA,14843,275.00),(UA,11618,174.00),(MQ,14492,124.00),(MQ,12278,124.00),(UA,14262,105.00),(OO,11003,86.00),(AA,11057,63.00)]"
"2025-01-02 09:00:00",1,13930,38,5,19.31578947368421,275.0,"[(UA,14843,275.00),(UA,11618,174.00),(MQ,12278,124.00),(UA,14262,105.00),(AA,11057,63.00)]"
"2025-01-02 09:00:00",2,13930,52,6,16.423076923076923,275.0,"[(UA,14843,275.00),(UA,11618,174.00),(MQ,14492,124.00),(MQ,12278,124.00),(UA,14262,105.00),(OO,11003,86.00)]"
"2025-01-02 09:00:00",2,11292,67,4,4.447761194029851,70.0,"[(OO,14783,70.00),(UA,14100,34.00),(UA,11193,33.00),(OO,13158,32.00)]"
"2025-01-02 09:00:00",2,10397,44,4,4.659090909090909,93.0,"[(DL,13204,93.00),(WN,14635,68.00),(NK,11298,51.00),(DL,14307,48.00)]"
"2025-01-02 09:00:00",2,11292,69,4,4.188405797101449,70.0,"[(OO,14783,70.00),(UA,14100,34.00),(UA,11193,33.00),(OO,13158,32.00)]"
"2025-01-02 09:00:00",3,13930,37,4,15.72972972972973,275.0,"[(UA,14843,275.00),(UA,11618,174.00),(MQ,14492,124.00),(OO,11003,86.00)]"
"2025-01-02 09:00:00",3,11292,69,4,4.188405797101449,70.0,"[(OO,14783,70.00),(UA,14100,34.00),(UA,11193,33.00),(OO,13158,32.00)]"
"2025-01-02 09:00:00",3,12892,43,3,4.767441860465116,134.0,"[(OO,10372,134.00),(OO,10372,110.00),(DL,12266,67.00)]"
"2025-01-02 09:00:00",3,10397,63,4,4.0,93.0,"[(DL,13204,93.00),(WN,14635,68.00),(NK,11298,51.00),(DL,14307,48.00)]"
"2025-01-02 09:00:00",4,11292,69,4,4.188405797101449,70.0,"[(OO,14783,70.00),(UA,14100,34.00),(UA,11193,33.00),(OO,13158,32.00)]"
"2025-01-02 09:00:00",4,10397,63,4,4.0,93.0,"[(DL,13204,93.00),(WN,14635,68.00),(NK,11298,51.00),(DL,14307,48.00)]"
"2025-01-02 09:00:00",4,10397,56,3,3.642857142857143,93.0,"[(DL,13204,93.00),(NK,11298,51.00),(DL,14307,48.00)]"
"2025-01-02 09:00:00",4,12892,43,3,4.767441860465116,134.0,"[(OO,10372,134.00),(OO,10372,110.00),(DL,12266,67.00)]"
"2025-01-02 09:00:00",5,10397,63,4,4.0,93.0,"[(DL,13204,93.00),(WN,14635,68.00),(NK,11298,51.00),(DL,14307,48.00)]"
"2025-01-02 09:00:00",5,13930,34,3,9.117647058823529,124.0,"[(MQ,14492,124.00),(MQ,12278,124.00),(OO,11003,86.00)]"
"2025-01-02 09:00:00",5,12892,43,3,4.767441860465116,134.0,"[(OO,10372,134.00),(OO,10372,110.00),(DL,12266,67.00)]"
"2025-01-02 09:00:00",5,11298,32,2,4.3125,52.0,"[(OO,10372,52.00),(OO,11973,36.00)]"
"2025-01-02 09:00:00",6,12892,33,3,7.878787878787879,134.0,"[(OO,10372,134.00),(OO,10372,110.00),(DL,12266,67.00)]"
"2025-01-02 09:00:00",6,12892,43,3,4.767441860465116,134.0,"[(OO,10372,134.00),(OO,10372,110.00),(DL,12266,67.00)]"
"2025-01-02 09:00:00",6,11292,55,3,4.345454545454546,70.0,"[(OO,14783,70.00),(UA,11193,33.00),(OO,13158,32.00)]"
"2025-01-02 09:00:00",6,12889,35,2,2.257142857142857,57.0,"[(OO,14679,57.00),(WN,13930,35.00)]"
"2025-01-02 09:00:00",7,12892,43,3,4.767441860465116,134.0,"[(OO,10372,134.00),(OO,10372,110.00),(DL,12266,67.00)]"
"2025-01-02 09:00:00",7,11298,32,2,4.3125,52.0,"[(OO,10372,52.00),(OO,11973,36.00)]"
"2025-01-02 09:00:00",7,11057,48,2,1.3125,84.0,"[(OH,12945,84.00),(NK,12953,38.00)]"
"2025-01-02 09:00:00",8,11292,55,3,4.345454545454546,70.0,"[(OO,14783,70.00),(UA,11193,33.00),(OO,13158,32.00)]"
"2025-01-02 09:00:00",8,12889,35,2,2.257142857142857,57.0,"[(OO,14679,57.00),(WN,13930,35.00)]"
"2025-01-02 09:00:00",8,12889,30,2,2.466666666666667,57.0,"[(OO,14679,57.00),(WN,13930,35.00)]"
"2025-01-02 09:00:00",8,14747,33,1,0.42424242424242425,39.0,"[(AS,11292,39.00)]"
"2025-01-02 09:00:00",9,11298,32,2,4.3125,52.0,"[(OO,10372,52.00),(OO,11973,36.00)]"
"2025-01-02 09:00:00",9,11057,48,2,1.3125,84.0,"[(OH,12945,84.00),(NK,12953,38.00)]"
"2025-01-02 09:00:00",9,12889,35,2,2.257142857142857,57.0,"[(OO,14679,57.00),(WN,13930,35.00)]"
"2025-01-02 09:00:00",9,14107,51,0,-0.9411764705882353,30.0,[]
"2025-01-02 09:00:00",10,12889,30,2,2.466666666666667,57.0,"[(OO,14679,57.00),(WN,13930,35.00)]"
"2025-01-02 09:00:00",10,14747,33,1,0.42424242424242425,39.0,"[(AS,11292,39.00)]"
"2025-01-02 09:00:00",10,11057,39,2,1.7435897435897436,84.0,"[(OH,12945,84.00),(NK,12953,38.00)]"
"2025-01-02 10:00:00",1,13930,60,10,13.633333333333333,132.0,"[(MQ,14783,132.00),(MQ,15380,126.00),(AA,14107,120.00),(UA,12266,117.00),(OO,11146,63.00),(OO,10874,56.00),(OO,13342,55.00),(OO,14696,47.00),(OO,11433,46.00),(AA,14262,44.00)]"
"2025-01-02 10:00:00",1,13930,54,10,15.444444444444445,132.0,"[(MQ,14783,132.00),(MQ,15380,126.00),(AA,14107,120.00),(UA,12266,117.00),(OO,11146,63.00),(OO,10874,56.00),(OO,13342,55.00),(OO,14696,47.00),(OO,11433,46.00),(AA,14262,44.00)]"
"2025-01-02 10:00:00",2,13930,41,8,16.585365853658537,132.0,"[(MQ,14783,132.00),(MQ,15380,126.00),(UA,12266,117.00),(OO,11146,63.00),(OO,13342,55.00),(OO,14696,47.00),(OO,11433,46.00),(AA,14262,44.00)]"
"2025-01-02 10:00:00",2,10397,57,4,4.491228070175438,113.0,"[(DL,14193,113.00),(DL,12094,95.00),(DL,13487,34.00),(NK,13487,33.00)]"
"2025-01-02 10:00:00",2,13930,60,10,13.633333333333333,132.0,"[(MQ,14783,132.00),(MQ,15380,126.00),(AA,14107,120.00),(UA,12266,117.00),(OO,11146,63.00),(OO,10874,56.00),(OO,13342,55.00),(OO,14696,47.00),(OO,11433,46.00),(AA,14262,44.00)]"
"2025-01-02 10:00:00",2,10397,40,4,6.725,113.0,"[(DL,14193,113.00),(DL,12094,95.00),(DL,13487,34.00),(NK,13487,33.00)]"
"2025-01-02 10:00:00",3,10397,40,4,6.725,113.0,"[(DL,14193,113.00),(DL,12094,95.00),(DL,13487,34.00),(NK,13487,33.00)]"
"2025-01-02 10:00:00",3,11433,34,3,10.352941176470589,214.0,"[(DL,15304,214.00),(OO,14100,119.00),(OO,15380,98.00)]"
"2025-01-02 10:00:00",3,13930,33,5,11.303030303030303,126.0,"[(MQ,15380,126.00),(AA,14107,120.00),(OO,10874,56.00),(OO,13342,55.00),(AA,14262,44.00)]"
"2025-01-02 10:00:00",3,11433,35,3,9.942857142857143,214.0,"[(DL,15304,214.00),(OO,14100,119.00),(OO,15380,98.00)]"
"2025-01-02 10:00:00",4,10397,57,4,4.491228070175438,113.0,"[(DL,14193,113.00),(DL,12094,95.00),(DL,13487,34.00),(NK,13487,33.00)]"
"2025-01-02 10:00:00",4,11433,35,3,9.942857142857143,214.0,"[(DL,15304,214.00),(OO,14100,119.00),(OO,15380,98.00)]"
"2025-01-02 10:00:00",4,12892,40,3,4.9,94.0,"[(DL,11066,94.00),(OO,10372,84.00),(F9,14107,41.00)]"
"2025-01-02 10:00:00",5,11433,35,3,9.942857142857143,214.0,"[(DL,15304,214.00),(OO,14100,119.00),(OO,15380,98.00)]"
"2025-01-02 10:00:00",5,13930,34,3,8.705882352941176,132.0,"[(MQ,14783,132.00),(MQ,15380,126.00),(AA,14262,44.00)]"
"2025-01-02 10:00:00",5,11298,64,3,2.8125,72.0,"[(AA,11503,72.00),(AA,12012,58.00),(AA,12892,39.00)]"
"2025-01-02 10:00:00",6,12892,40,3,4.9,94.0,"[(DL,11066,94.00),(OO,10372,84.00),(F9,14107,41.00)]"
"2025-01-02 10:00:00",6,14771,32,2,11.625,297.0,"[(OO,12892,297.00),(UA,14908,100.00)]"
"2025-01-02 10:00:00",7,11298,49,3,3.6122448979591835,72.0,"[(AA,11503,72.00),(AA,12012,58.00),(AA,12892,39.00)]"
"2025-01-02 10:00:00",7,11298,64,3,2.8125,72.0,"[(AA,11503,72.00),(AA,12012,58.00),(AA,12892,39.00)]"
"2025-01-02 10:00:00",7,11298,63,3,2.9047619047619047,72.0,"[(AA,11503,72.00),(AA,12012,58.00),(AA,12892,39.00)]"
"2025-01-02 10:00:00",7,11292,48,2,3.1666666666666665,107.0,"[(DL,11433,107.00),(OO,15370,38.00)]"
"2025-01-02 10:00:00",8,11298,64,3,2.8125,72.0,"[(AA,11503,72.00),(AA,12012,58.00),(AA,12892,39.00)]"
"2025-01-02 10:00:00",8,14771,32,2,11.625,297.0,"[(OO,12892,297.00),(UA,14908,100.00)]"
"2025-01-02 10:00:00",8,10721,30,2,2.066666666666667,142.0,"[(G4,11986,142.00),(DL,13204,32.00)]"
"2025-01-02 10:00:00",9,14771,32,2,11.625,297.0,"[(OO,12892,297.00),(UA,14908,100.00)]"
"2025-01-02 10:00:00",9,11298,42,2,3.6904761904761907,72.0,"[(AA,11503,72.00),(AA,12012,58.00)]"
"2025-01-02 10:00:00",9,11278,30,1,-2.433333333333333,50.0,"[(AA,11057,50.00)]"
"2025-01-02 10:00:00",10,11292,48,2,3.1666666666666665,107.0,"[(DL,11433,107.00),(OO,15370,38.00)]"
"2025-01-02 10:00:00",10,11298,39,2,4.435897435897436,72.0,"[(AA,11503,72.00),(AA,12012,58.00)]"
"2025-01-02 11:00:00",1,11292,82,8,5.463414634146342,138.0,"[(OO,10372,138.00),(UA,13486,82.00),(WN,14771,59.00),(OO,11097,49.00),(UA,14747,48.00),(UA,13502,43.00),(WN,11638,35.00),(OO,12156,31.00)]"
"2025-01-02 11:00:00",2,11292,81,7,4.938271604938271,138.0,"[(OO,10372,138.00),(UA,13486,82.00),(WN,14771,59.00),(OO,11097,49.00),(UA,13502,43.00),(WN,11638,35.00),(OO,12156,31.00)]"
"2025-01-02 11:00:00",2,11057,58,6,3.5344827586206895,82.0,"[(OH,12264,82.00),(AA,11618,72.00),(OH,10693,67.00),(AA,14107,50.00),(OH,15249,42.00),(OH,11003,39.00)]"
"2025-01-02 11:00:00",2,11292,43,7,9.162790697674419,82.0,"[(UA,13486,82.00),(WN,14771,59.00),(OO,11097,49.00),(UA,14747,48.00),(UA,13502,43.00),(WN,11638,35.00),(OO,12156,31.00)]"
"2025-01-02 11:00:00",3,11057,58,6,3.5344827586206895,82.0,"[(OH,12264,82.00),(AA,11618,72.00),(OH,10693,67.00),(AA,14107,50.00),(OH,15249,42.00),(OH,11003,39.00)]"
"2025-01-02 11:00:00",3,14747,31,5,12.32258064516129,102.0,"[(DL,14679,102.00),(AS,10397,57.00),(AS,14107,54.00),(AS,13495,51.00),(AS,13930,37.00)]"
"2025-01-02 11:00:00",3,11292,41,6,8.414634146341463,82.0,"[(UA,13486,82.00),(WN,14771,59.00),(OO,11097,49.00),(UA,13502,43.00),(WN,11638,35.00),(OO,12156,31.00)]"
"2025-01-02 11:00:00",4,14747,31,5,12.32258064516129,102.0,"[(DL,14679,102.00),(AS,10397,57.00),(AS,14107,54.00),(AS,13495,51.00),(AS,13930,37.00)]"
"2025-01-02 11:00:00",4,14747,30,5,12.0,102.0,"[(DL,14679,102.00),(AS,10397,57.00),(AS,14107,54.00),(AS,13495,51.00),(AS,13930,37.00)]"
"2025-01-02 11:00:00",4,11057,58,6,3.5344827586206895,82.0,"[(OH,12264,82.00),(AA,11618,72.00),(OH,10693,67.00),(AA,14107,50.00),(OH,15249,42.00),(OH,11003,39.00)]"
"2025-01-02 11:00:00",4,11298,44,5,6.386363636363637,96.0,"[(MQ,12448,96.00),(AA,13198,66.00),(AA,14679,64.00),(NK,12892,44.00),(F9,11292,31.00)]"
"2025-01-02 11:00:00",5,11298,43,5,6.72093023255814,96.0,"[(MQ,12448,96.00),(AA,13198,66.00),(AA,14679,64.00),(NK,12892,44.00),(F9,11292,31.00)]"
"2025-01-02 11:00:00",5,11298,44,5,6.386363636363637,96.0,"[(MQ,12448,96.00),(AA,13198,66.00),(AA,14679,64.00),(NK,12892,44.00),(F9,11292,31.00)]"
"2025-01-02 11:00:00",5,14747,31,5,12.32258064516129,102.0,"[(DL,14679,102.00),(AS,10397,57.00),(AS,14107,54.00),(AS,13495,51.00),(AS,13930,37.00)]"
"2025-01-02 11:00:00",5,10397,47,4,9.170212765957446,158.0,"[(DL,15304,158.00),(DL,11618,87.00),(OO,10372,77.00),(AA,11298,44.00)]"
"2025-01-02 11:00:00",6,11298,44,5,6.386363636363637,96.0,"[(MQ,12448,96.00),(AA,13198,66.00),(AA,14679,64.00),(NK,12892,44.00),(F9,11292,31.00)]"
"2025-01-02 11:00:00",6,10397,47,4,9.170212765957446,158.0,"[(DL,15304,158.00),(DL,11618,87.00),(OO,10372,77.00),(AA,11298,44.00)]"
"2025-01-02 11:00:00",6,12889,30,3,13.8,239.0,"[(WN,13244,239.00),(WN,14908,103.00),(WN,12758,41.00)]"
"2025-01-02 11:00:00",7,10397,47,4,9.170212765957446,158.0,"[(DL,15304,158.00),(DL,11618,87.00),(OO,10372,77.00),(AA,11298,44.00)]"
"2025-01-02 11:00:00",7,12889,30,3,13.8,239.0,"[(WN,13244,239.00),(WN,14908,103.00),(WN,12758,41.00)]"
"2025-01-02 11:00:00",7,13204,31,3,13.451612903225806,211.0,"[(B6,12478,211.00),(DL,10397,54.00),(B6,11618,45.00)]"
"2025-01-02 11:00:00",8,11057,54,4,1.7962962962962963,72.0,"[(AA,11618,72.00),(OH,10693,67.00),(AA,14107,50.00),(OH,15249,42.00)]"
"2025-01-02 11:00:00",8,13204,31,3,13.451612903225806,211.0,"[(B6,12478,211.00),(DL,10397,54.00),(B6,11618,45.00)]"
"2025-01-02 11:00:00",8,11298,41,4,6.536585365853658,96.0,"[(MQ,12448,96.00),(AA,13198,66.00),(AA,14679,64.00),(NK,12892,44.00)]"
"2025-01-02 11:00:00",8,14107,45,3,8.933333333333334,251.0,"[(AA,14679,251.00),(WN,14908,114.00),(AA,12982,90.00)]"
"2025-01-02 11:00:00",9,12889,30,3,13.8,239.0,"[(WN,13244,239.00),(WN,14908,103.00),(WN,12758,41.00)]"
"2025-01-02 11:00:00",9,14107,45,3,8.933333333333334,251.0,"[(AA,14679,251.00),(WN,14908,114.00),(AA,12982,90.00)]"
"2025-01-02 11:00:00",9,11057,50,4,2.28,72.0,"[(AA,11618,72.00),(OH,10693,67.00),(AA,14107,50.00),(OH,15249,42.00)]"
"2025-01-02 11:00:00",9,14869,49,3,6.6938775510204085,95.0,"[(F9,11292,95.00),(DL,14057,89.00),(DL,12954,37.00)]"
"2025-01-02 11:00:00",10,13204,31,3,13.451612903225806,211.0,"[(B6,12478,211.00),(DL,10397,54.00),(B6,11618,45.00)]"
"2025-01-02 11:00:00",10,14869,49,3,6.6938775510204085,95.0,"[(F9,11292,95.00),(DL,14057,89.00),(DL,12954,37.00)]"
"2025-01-02 11:00:00",10,12889,30,3,13.8,239.0,"[(WN,13244,239.00),(WN,14908,103.00),(WN,12758,41.00)]"
"2025-01-02 12:00:00",1,11298,73,8,8.273972602739725,222.0,"[(AA,14685,222.00),(MQ,10140,88.00),(OO,11980,82.00),(AA,11540,79.00),(F9,14679,62.00),(AA,13891,48.00),(MQ,11067,47.00),(AA,14683,42.00)]"
"2025-01-02 12:00:00",2,11298,35,5,8.714285714285714,88.0,"[(MQ,10140,88.00),(OO,11980,82.00),(F9,14679,62.00),(AA,13891,48.00),(AA,14683,42.00)]"
"2025-01-02 12:00:00",2,11298,53,6,9.849056603773585,222.0,"[(AA,14685,222.00),(MQ,10140,88.00),(OO,11980,82.00),(F9,14679,62.00),(AA,13891,48.00),(AA,14683,42.00)]"
"2025-01-02 12:00:00",2,12889,35,4,7.914285714285715,61.0,"[(WN,14831,61.00),(WN,10140,61.00),(UA,12266,57.00),(NK,14908,34.00)]"
"2025-01-02 12:00:00",2,12889,35,4,7.914285714285715,61.0,"[(WN,10140,61.00),(WN,14831,61.00),(UA,12266,57.00),(NK,14908,34.00)]"
"2025-01-02 12:00:00",3,12889,35,4,7.914285714285715,61.0,"[(WN,10140,61.00),(WN,14831,61.00),(UA,12266,57.00),(NK,14908,34.00)]"
"2025-01-02 12:00:00",3,10397,41,3,12.585365853658537,343.0,"[(F9,13931,343.00),(DL,13502,174.00),(NK,10721,73.00)]"
"2025-01-02 12:00:00",4,10397,41,3,12.585365853658537,343.0,"[(F9,13931,343.00),(DL,13502,174.00),(NK,10721,73.00)]"
"2025-01-02 12:00:00",4,10397,38,3,14.026315789473685,343.0,"[(F9,13931,343.00),(DL,13502,174.00),(NK,10721,73.00)]"
"2025-01-02 12:00:00",4,11298,38,3,7.868421052631579,222.0,"[(AA,14685,222.00),(AA,11540,79.00),(MQ,11067,47.00)]"
"2025-01-02 12:00:00",4,13930,35,2,8.685714285714285,179.0,"[(MQ,12197,179.00),(OO,10849,71.00)]"
"2025-01-02 12:00:00",5,13930,35,2,8.685714285714285,179.0,"[(MQ,12197,179.00),(OO,10849,71.00)]"
"2025-01-02 12:00:00",5,10397,41,3,12.585365853658537,343.0,"[(F9,13931,343.00),(DL,13502,174.00),(NK,10721,73.00)]"
"2025-01-02 12:00:00",5,11292,32,2,5.65625,86.0,"[(OO,11865,86.00),(WN,13851,31.00)]"
"2025-01-02 12:00:00",6,11292,32,2,5.65625,86.0,"[(OO,11865,86.00),(WN,13851,31.00)]"
"2025-01-02 12:00:00",6,12889,30,3,7.666666666666667,61.0,"[(WN,10140,61.00),(WN,14831,61.00),(UA,12266,57.00)]"
"2025-01-02 12:00:00",7,13930,35,2,8.685714285714285,179.0,"[(MQ,12197,179.00),(OO,10849,71.00)]"
"2025-01-02 12:00:00",8,11292,32,2,5.65625,86.0,"[(OO,11865,86.00),(WN,13851,31.00)]"
"2025-01-02 13:00:00",1,11292,72,12,15.13888888888889,301.0,"[(UA,11648,301.00),(UA,13487,109.00),(OO,12896,97.00),(OO,15919,86.00),(OO,12278,83.00),(OO,11775,70.00),(WN,10721,60.00),(OO,10372,50.00),(OO,14457,44.00),(WN,13891,42.00),(WN,13930,34.00),(WN,11259,31.00)]"
"2025-01-02 13:00:00",2,14771,30,6,10.4,114.0,"[(OO,10800,114.00),(UA,12173,76.00),(UA,14107,49.00),(UA,11618,41.00),(UA,13930,37.00),(OO,14679,32.00)]"
"2025-01-02 13:00:00",2,11292,60,9,11.483333333333333,109.0,"[(UA,13487,109.00),(OO,12896,97.00),(OO,15919,86.00),(OO,12278,83.00),(OO,11775,70.00),(OO,10372,50.00),(OO,14457,44.00),(WN,13930,34.00),(WN,11259,31.00)]"
"2025-01-02 13:00:00",3,13930,35,5,35.542857142857144,562.0,"[(NK,11618,562.00),(OO,10408,379.00),(OO,10372,134.00),(AA,15304,81.00),(AA,13303,64.00)]"
"2025-01-02 13:00:00",3,14771,30,6,10.4,114.0,"[(OO,10800,114.00),(UA,12173,76.00),(UA,14107,49.00),(UA,11618,41.00),(UA,13930,37.00),(OO,14679,32.00)]"
"2025-01-02 13:00:00",3,13930,53,5,23.37735849056604,562.0,"[(NK,11618,562.00),(OO,10408,379.00),(OO,10372,134.00),(AA,15304,81.00),(AA,13303,64.00)]"
"2025-01-02 13:00:00",4,13930,53,5,23.37735849056604,562.0,"[(NK,11618,562.00),(OO,10408,379.00),(OO,10372,134.00),(AA,15304,81.00),(AA,13303,64.00)]"
"2025-01-02 13:00:00",4,13930,45,5,27.31111111111111,562.0,"[(NK,11618,562.00),(OO,10408,379.00),(OO,10372,134.00),(AA,15304,81.00),(AA,13303,64.00)]"
"2025-01-02 13:00:00",4,10397,36,5,4.722222222222222,58.0,"[(DL,14100,58.00),(DL,14683,57.00),(DL,13303,41.00),(DL,12191,37.00),(DL,15304,37.00)]"
"2025-01-02 13:00:00",4,10397,36,5,4.722222222222222,58.0,"[(DL,14100,58.00),(DL,14683,57.00),(DL,13303,41.00),(DL,15304,37.00),(DL,12191,37.00)]"
"2025-01-02 13:00:00",5,10397,36,5,4.722222222222222,58.0,"[(DL,14100,58.00),(DL,14683,57.00),(DL,13303,41.00),(DL,15304,37.00),(DL,12191,37.00)]"
"2025-01-02 13:00:00",5,13930,53,5,23.37735849056604,562.0,"[(NK,11618,562.00),(OO,10408,379.00),(OO,10372,134.00),(AA,15304,81.00),(AA,13303,64.00)]"
"2025-01-02 13:00:00",5,12889,30,2,10.166666666666666,191.0,"[(WN,14492,191.00),(OO,14893,65.00)]"
"2025-01-02 13:00:00",6,10397,30,4,3.7666666666666666,57.0,"[(DL,14683,57.00),(DL,13303,41.00),(DL,15304,37.00),(DL,12191,37.00)]"
"2025-01-02 13:00:00",6,10397,36,5,4.722222222222222,58.0,"[(DL,14100,58.00),(DL,14683,57.00),(DL,13303,41.00),(DL,15304,37.00),(DL,12191,37.00)]"
"2025-01-02 13:00:00",6,14107,37,2,4.135135135135135,209.0,"[(WN,10140,209.00),(WN,14679,75.00)]"
"2025-01-02 13:00:00",7,11292,36,3,8.194444444444445,109.0,"[(UA,13487,109.00),(OO,10372,50.00),(OO,14457,44.00)]"
"2025-01-02 13:00:00",7,10397,30,4,3.7666666666666666,57.0,"[(DL,14683,57.00),(DL,13303,41.00),(DL,15304,37.00),(DL,12191,37.00)]"
"2025-01-02 13:00:00",7,11057,31,2,3.806451612903226,111.0,"[(AA,11624,111.00),(OH,12323,76.00)]"
"2025-01-02 13:00:00",7,11057,41,2,1.9268292682926829,111.0,"[(AA,11624,111.00),(OH,12323,76.00)]"
"2025-01-02 13:00:00",8,12889,30,2,10.166666666666666,191.0,"[(WN,14492,191.00),(OO,14893,65.00)]"
"2025-01-02 13:00:00",8,11057,41,2,1.9268292682926829,111.0,"[(AA,11624,111.00),(OH,12323,76.00)]"
"2025-01-02 13:00:00",8,14747,30,1,2.533333333333333,85.0,"[(B6,10721,85.00)]"
"2025-01-02 13:00:00",9,14107,37,2,4.135135135135135,209.0,"[(WN,10140,209.00),(WN,14679,75.00)]"
"2025-01-02 13:00:00",9,14747,30,1,2.533333333333333,85.0,"[(B6,10721,85.00)]"
"2025-01-02 13:00:00",9,12892,30,1,1.7,58.0,"[(UA,11618,58.00)]"
"2025-01-02 13:00:00",10,11057,41,2,1.9268292682926829,111.0,"[(AA,11624,111.00),(OH,12323,76.00)]"
"2025-01-02 13:00:00",10,12892,30,1,1.7,58.0,"[(UA,11618,58.00)]"
"2025-01-02 14:00:00",1,13930,62,7,8.564516129032258,283.0,"[(WN,10693,283.00),(AA,14679,74.00),(OO,11267,63.00),(MQ,13851,57.00),(OO,13184,55.00),(OO,14730,48.00),(UA,14100,41.00)]"
"2025-01-02 14:00:00",1,11298,58,6,10.913793103448276,403.0,"[(AA,13303,403.00),(OO,12896,51.00),(MQ,14814,46.00),(DL,14869,44.00),(AA,10821,35.00),(AA,14679,32.00)]"
"2025-01-02 14:00:00",2,11298,58,6,10.913793103448276,403.0,"[(AA,13303,403.00),(OO,12896,51.00),(MQ,14814,46.00),(DL,14869,44.00),(AA,10821,35.00),(AA,14679,32.00)]"
"2025-01-02 14:00:00",2,11292,40,5,17.5,152.0,"[(OO,10372,152.00),(F9,12889,139.00),(WN,14908,118.00),(UA,13204,67.00),(F9,14057,42.00)]"
"2025-01-02 14:00:00",3,13930,53,6,5.3584905660377355,74.0,"[(AA,14679,74.00),(OO,11267,63.00),(MQ,13851,57.00),(OO,13184,55.00),(OO,14730,48.00),(UA,14100,41.00)]"
"2025-01-02 14:00:00",3,13930,59,6,7.5423728813559325,283.0,"[(WN,10693,283.00),(OO,11267,63.00),(MQ,13851,57.00),(OO,13184,55.00),(OO,14730,48.00),(UA,14100,41.00)]"
"2025-01-02 14:00:00",3,13930,58,6,4.517241379310345,74.0,"[(AA,14679,74.00),(OO,11267,63.00),(MQ,13851,57.00),(OO,13184,55.00),(OO,14730,48.00),(UA,14100,41.00)]"
"2025-01-02 14:00:00",3,13930,35,4,9.571428571428571,283.0,"[(WN,10693,283.00),(OO,11267,63.00),(MQ,13851,57.00),(OO,13184,55.00)]"
"2025-01-02 14:00:00",3,11292,40,5,17.5,152.0,"[(OO,10372,152.00),(F9,12889,139.00),(WN,14908,118.00),(UA,13204,67.00),(F9,14057,42.00)]"
"2025-01-02 14:00:00",4,11292,35,5,18.714285714285715,152.0,"[(OO,10372,152.00),(F9,12889,139.00),(WN,14908,118.00),(UA,13204,67.00),(F9,14057,42.00)]"
"2025-01-02 14:00:00",4,11292,37,5,18.64864864864865,152.0,"[(OO,10372,152.00),(F9,12889,139.00),(WN,14908,118.00),(UA,13204,67.00),(F9,14057,42.00)]"
"2025-01-02 14:00:00",4,11292,40,5,17.5,152.0,"[(OO,10372,152.00),(F9,12889,139.00),(WN,14908,118.00),(UA,13204,67.00),(F9,14057,42.00)]"
"2025-01-02 14:00:00",4,14107,34,4,14.117647058823529,217.0,"[(AA,13303,217.00),(AA,11298,93.00),(WN,14908,92.00),(WN,15016,41.00)]"
"2025-01-02 14:00:00",5,11292,40,5,17.5,152.0,"[(OO,10372,152.00),(F9,12889,139.00),(WN,14908,118.00),(UA,13204,67.00),(F9,14057,42.00)]"
"2025-01-02 14:00:00",5,11292,35,4,16.34285714285714,152.0,"[(OO,10372,152.00),(F9,12889,139.00),(UA,13204,67.00),(F9,14057,42.00)]"
"2025-01-02 14:00:00",5,10397,35,2,1.1714285714285715,108.0,"[(DL,12264,108.00),(WN,11292,31.00)]"
"2025-01-02 14:00:00",6,11298,42,5,15.071428571428571,403.0,"[(AA,13303,403.00),(OO,12896,51.00),(DL,14869,44.00),(AA,10821,35.00),(AA,14679,32.00)]"
"2025-01-02 14:00:00",6,11298,43,5,13.116279069767442,403.0,"[(AA,13303,403.00),(MQ,14814,46.00),(DL,14869,44.00),(AA,10821,35.00),(AA,14679,32.00)]"
"2025-01-02 14:00:00",6,14107,34,4,14.117647058823529,217.0,"[(AA,13303,217.00),(AA,11298,93.00),(WN,14908,92.00),(WN,15016,41.00)]"
"2025-01-02 14:00:00",6,11057,38,1,0.39473684210526316,45.0,"[(AA,13303,45.00)]"
"2025-01-02 14:00:00",7,14107,34,4,14.117647058823529,217.0,"[(AA,13303,217.00),(AA,11298,93.00),(WN,14908,92.00),(WN,15016,41.00)]"
"2025-01-02 14:00:00",7,13930,41,5,4.2682926829268295,63.0,"[(OO,11267,63.00),(MQ,13851,57.00),(OO,13184,55.00),(OO,14730,48.00),(UA,14100,41.00)]"
"2025-01-02 14:00:00",7,14107,32,3,11.46875,217.0,"[(AA,13303,217.00),(AA,11298,93.00),(WN,15016,41.00)]"
"2025-01-02 14:00:00",8,14107,30,3,12.733333333333333,217.0,"[(AA,13303,217.00),(AA,11298,93.00),(WN,15016,41.00)]"
"2025-01-02 14:00:00",8,14107,34,4,14.117647058823529,217.0,"[(AA,13303,217.00),(AA,11298,93.00),(WN,14908,92.00),(WN,15016,41.00)]"
"2025-01-02 14:00:00",8,10397,30,2,1.9333333333333333,108.0,"[(DL,12264,108.00),(WN,11292,31.00)]"
"2025-01-02 14:00:00",9,10397,35,2,1.1714285714285715,108.0,"[(DL,12264,108.00),(WN,11292,31.00)]"
"2025-01-02 14:00:00",9,14107,30,3,13.133333333333333,217.0,"[(AA,13303,217.00),(WN,14908,92.00),(WN,15016,41.00)]"
"2025-01-02 14:00:00",10,11057,30,1,0.7333333333333333,45.0,"[(AA,13303,45.00)]"
"2025-01-02 14:00:00",10,10397,35,2,1.1714285714285715,108.0,"[(DL,12264,108.00),(WN,11292,31.00)]"
"2025-01-02 14:00:00",10,11057,32,1,0.75,45.0,"[(AA,13303,45.00)]"
"2025-01-02 15:00:00",1,11298,48,13,21.333333333333332,171.0,"[(AA,10140,171.00),(AA,11109,129.00),(AA,14057,93.00),(AA,15304,84.00),(OO,10747,73.00),(AA,11540,71.00),(AA,11278,71.00),(AA,12451,54.00),(OO,13277,52.00),(AA,11278,43.00),(MQ,13256,39.00),(MQ,15624,31.00),(MQ,13422,31.00)]"
"2025-01-02 15:00:00",1,11298,48,13,21.333333333333332,171.0,"[(AA,10140,171.00),(AA,11109,129.00),(AA,14057,93.00),(AA,15304,84.00),(OO,10747,73.00),(AA,11278,71.00),(AA,11540,71.00),(AA,12451,54.00),(OO,13277,52.00),(AA,11278,43.00),(MQ,13256,39.00),(MQ,13422,31.00),(MQ,15624,31.00)]"
"2025-01-02 15:00:00",1,11298,48,13,21.333333333333332,171.0,"[(AA,10140,171.00),(AA,11109,129.00),(AA,14057,93.00),(AA,15304,84.00),(OO,10747,73.00),(AA,11278,71.00),(AA,11540,71.00),(AA,12451,54.00),(OO,13277,52.00),(AA,11278,43.00),(MQ,13256,39.00),(MQ,15624,31.00),(MQ,13422,31.00)]"
"2025-01-02 15:00:00",2,11298,46,12,21.5,171.0,"[(AA,10140,171.00),(AA,11109,129.00),(AA,14057,93.00),(AA,15304,84.00),(OO,10747,73.00),(AA,11540,71.00),(AA,11278,71.00),(AA,12451,54.00),(OO,13277,52.00),(AA,11278,43.00),(MQ,15624,31.00),(MQ,13422,31.00)]"
"2025-01-02 15:00:00",2,11298,39,11,23.153846153846153,171.0,"[(AA,10140,171.00),(AA,11109,129.00),(AA,14057,93.00),(AA,15304,84.00),(OO,10747,73.00),(AA,11278,71.00),(AA,11540,71.00),(AA,12451,54.00),(AA,11278,43.00),(MQ,13422,31.00),(MQ,15624,31.00)]"
"2025-01-02 15:00:00",2,11292,47,10,22.19148936170213,255.0,"[(UA,11042,255.00),(OO,11122,94.00),(OO,10140,73.00),(OO,11503,69.00),(WN,10800,59.00),(WN,13204,57.00),(OO,11109,41.00),(B6,12478,40.00),(WN,15304,33.00),(UA,12441,31.00)]"
"2025-01-02 15:00:00",2,14869,34,4,8.5,106.0,"[(DL,13487,106.00),(DL,12889,39.00),(WN,12892,35.00),(OO,14570,34.00)]"
"2025-01-02 15:00:00",3,11292,45,10,22.844444444444445,255.0,"[(UA,11042,255.00),(OO,11122,94.00),(OO,10140,73.00),(OO,11503,69.00),(WN,10800,59.00),(WN,13204,57.00),(OO,11109,41.00),(B6,12478,40.00),(WN,15304,33.00),(UA,12441,31.00)]"
"2025-01-02 15:00:00",3,11292,47,10,22.19148936170213,255.0,"[(UA,11042,255.00),(OO,11122,94.00),(OO,10140,73.00),(OO,11503,69.00),(WN,10800,59.00),(WN,13204,57.00),(OO,11109,41.00),(B6,12478,40.00),(WN,15304,33.00),(UA,12441,31.00)]"
"2025-01-02 15:00:00",3,12892,30,8,13.966666666666667,90.0,"[(B6,12478,90.00),(B6,11697,80.00),(AA,12889,80.00),(OO,14747,57.00),(NK,13495,51.00),(OO,14831,50.00),(OO,15376,38.00),(WN,14831,34.00)]"
"2025-01-02 15:00:00",3,14747,30,1,1.1333333333333333,38.0,"[(DL,10397,38.00)]"
"2025-01-02 15:00:00",3,12892,30,8,13.966666666666667,90.0,"[(B6,12478,90.00),(AA,12889,80.00),(B6,11697,80.00),(OO,14747,57.00),(NK,13495,51.00),(OO,14831,50.00),(OO,15376,38.00),(WN,14831,34.00)]"
"2025-01-02 15:00:00",4,11292,47,10,22.19148936170213,255.0,"[(UA,11042,255.00),(OO,11122,94.00),(OO,10140,73.00),(OO,11503,69.00),(WN,10800,59.00),(WN,13204,57.00),(OO,11109,41.00),(B6,12478,40.00),(WN,15304,33.00),(UA,12441,31.00)]"
"2025-01-02 15:00:00",4,11292,30,9,28.533333333333335,255.0,"[(UA,11042,255.00),(OO,11122,94.00),(OO,11503,69.00),(WN,10800,59.00),(WN,13204,57.00),(OO,11109,41.00),(B6,12478,40.00),(WN,15304,33.00),(UA,12441,31.00)]"
"2025-01-02 15:00:00",4,11292,32,5,21.125,255.0,"[(UA,11042,255.00),(OO,10140,73.00),(WN,10800,59.00),(B6,12478,40.00),(WN,15304,33.00)]"
"2025-01-02 15:00:00",4,13930,33,5,9.909090909090908,173.0,"[(AA,12889,173.00),(OO,13198,85.00),(OO,10693,62.00),(MQ,11775,41.00),(MQ,13198,37.00)]"
"2025-01-02 15:00:00",5,12892,30,8,13.966666666666667,90.0,"[(B6,12478,90.00),(B6,11697,80.00),(AA,12889,80.00),(OO,14747,57.00),(NK,13495,51.00),(OO,14831,50.00),(OO,15376,38.00),(WN,14831,34.00)]"
"2025-01-02 15:00:00",5,12892,30,8,13.966666666666667,90.0,"[(B6,12478,90.00),(AA,12889,80.00),(B6,11697,80.00),(OO,14747,57.00),(NK,13495,51.00),(OO,14831,50.00),(OO,15376,38.00),(WN,14831,34.00)]"
"2025-01-02 15:00:00",5,13930,33,5,9.909090909090908,173.0,"[(AA,12889,173.00),(OO,13198,85.00),(OO,10693,62.00),(MQ,11775,41.00),(MQ,13198,37.00)]"
"2025-01-02 15:00:00",5,13204,31,4,13.870967741935484,101.0,"[(B6,11618,101.00),(F9,11423,93.00),(B6,10529,70.00),(DL,12953,46.00)]"
"2025-01-02 15:00:00",6,13930,33,5,9.909090909090908,173.0,"[(AA,12889,173.00),(OO,13198,85.00),(OO,10693,62.00),(MQ,11775,41.00),(MQ,13198,37.00)]"
"2025-01-02 15:00:00",6,13204,31,4,13.870967741935484,101.0,"[(B6,11618,101.00),(F9,11423,93.00),(B6,10529,70.00),(DL,12953,46.00)]"
"2025-01-02 15:00:00",6,14107,32,4,13.09375,170.0,"[(WN,11042,170.00),(OO,11638,114.00),(AS,14057,40.00),(WN,14570,37.00)]"
"2025-01-02 15:00:00",7,13204,30,4,14.333333333333334,101.0,"[(B6,11618,101.00),(F9,11423,93.00),(B6,10529,70.00),(DL,12953,46.00)]"
"2025-01-02 15:00:00",7,13204,31,4,13.870967741935484,101.0,"[(B6,11618,101.00),(F9,11423,93.00),(B6,10529,70.00),(DL,12953,46.00)]"
"2025-01-02 15:00:00",7,14107,32,4,13.09375,170.0,"[(WN,11042,170.00),(OO,11638,114.00),(AS,14057,40.00),(WN,14570,37.00)]"
"2025-01-02 15:00:00",7,14869,34,4,8.5,106.0,"[(DL,13487,106.00),(DL,12889,39.00),(WN,12892,35.00),(OO,14570,34.00)]"
"2025-01-02 15:00:00",8,13204,31,4,13.870967741935484,101.0,"[(B6,11618,101.00),(F9,11423,93.00),(B6,10529,70.00),(DL,12953,46.00)]"
"2025-01-02 15:00:00",8,14107,32,4,13.09375,170.0,"[(WN,11042,170.00),(OO,11638,114.00),(AS,14057,40.00),(WN,14570,37.00)]"
"2025-01-02 15:00:00",8,14869,34,4,8.5,106.0,"[(DL,13487,106.00),(DL,12889,39.00),(WN,12892,35.00),(OO,14570,34.00)]"
"2025-01-02 15:00:00",8,10397,44,4,1.6590909090909092,39.0,"[(DL,12953,39.00),(DL,14635,36.00),(DL,11697,35.00),(DL,10994,31.00)]"
"2025-01-02 15:00:00",9,14107,32,4,13.09375,170.0,"[(WN,11042,170.00),(OO,11638,114.00),(AS,14057,40.00),(WN,14570,37.00)]"
"2025-01-02 15:00:00",9,14869,34,4,8.5,106.0,"[(DL,13487,106.00),(DL,12889,39.00),(WN,12892,35.00),(OO,14570,34.00)]"
"2025-01-02 15:00:00",9,10397,44,4,1.6590909090909092,39.0,"[(DL,12953,39.00),(DL,14635,36.00),(DL,11697,35.00),(DL,10994,31.00)]"
"2025-01-02 15:00:00",9,14747,30,1,1.1333333333333333,38.0,"[(DL,10397,38.00)]"
"2025-01-02 15:00:00",10,14869,33,4,8.848484848484848,106.0,"[(DL,13487,106.00),(DL,12889,39.00),(WN,12892,35.00),(OO,14570,34.00)]"
"2025-01-02 15:00:00",10,10397,44,4,1.6590909090909092,39.0,"[(DL,12953,39.00),(DL,14635,36.00),(DL,11697,35.00),(DL,10994,31.00)]"
"2025-01-02 15:00:00",10,14747,30,1,1.1333333333333333,38.0,"[(DL,10397,38.00)]"
"2025-01-02 16:00:00",1,11292,55,11,17.98181818181818,200.0,"[(WN,13871,200.00),(OO,14674,192.00),(F9,11540,70.00),(UA,10721,63.00),(OO,15376,61.00),(OO,14877,58.00),(F9,13198,53.00),(WN,11259,47.00),(OO,12899,43.00),(WN,15016,41.00),(F9,11278,37.00)]"
"2025-01-02 16:00:00",2,11298,58,9,11.517241379310345,306.0,"[(AA,15370,306.00),(OO,13158,114.00),(NK,11057,60.00),(AA,13303,52.00),(AA,12278,45.00),(MQ,12945,42.00),(AA,13851,37.00),(AA,13204,33.00),(DL,10397,31.00)]"
"2025-01-02 16:00:00",2,11292,49,9,15.244897959183673,192.0,"[(OO,14674,192.00),(F9,11540,70.00),(UA,10721,63.00),(OO,15376,61.00),(OO,14877,58.00),(F9,13198,53.00),(WN,11259,47.00),(OO,12899,43.00),(WN,15016,41.00)]"
"2025-01-02 16:00:00",3,11298,44,8,15.136363636363637,306.0,"[(AA,15370,306.00),(OO,13158,114.00),(NK,11057,60.00),(AA,13303,52.00),(AA,12278,45.00),(MQ,12945,42.00),(AA,13851,37.00),(DL,10397,31.00)]"
"2025-01-02 16:00:00",3,11298,58,9,11.517241379310345,306.0,"[(AA,15370,306.00),(OO,13158,114.00),(NK,11057,60.00),(AA,13303,52.00),(AA,12278,45.00),(MQ,12945,42.00),(AA,13851,37.00),(AA,13204,33.00),(DL,10397,31.00)]"
"2025-01-02 16:00:00",3,13930,37,8,14.864864864864865,145.0,"[(UA,11292,145.00),(OO,14108,91.00),(AA,13204,64.00),(NK,12953,57.00),(MQ,11433,53.00),(OO,10372,52.00),(UA,14908,36.00),(AA,14679,35.00)]"
"2025-01-02 16:00:00",4,13930,37,8,14.864864864864865,145.0,"[(UA,11292,145.00),(OO,14108,91.00),(AA,13204,64.00),(NK,12953,57.00),(MQ,11433,53.00),(OO,10372,52.00),(UA,14908,36.00),(AA,14679,35.00)]"
"2025-01-02 16:00:00",4,11298,35,8,19.2,306.0,"[(AA,15370,306.00),(OO,13158,114.00),(NK,11057,60.00),(AA,13303,52.00),(AA,12278,45.00),(MQ,12945,42.00),(AA,13851,37.00),(DL,10397,31.00)]"
"2025-01-02 16:00:00",4,14107,45,8,9.622222222222222,102.0,"[(DL,11433,102.00),(WN,10693,86.00),(AA,13204,67.00),(AA,14122,64.00),(AS,14747,48.00),(AA,13303,44.00),(AS,14004,32.00),(WN,15370,32.00)]"
"2025-01-02 16:00:00",4,11057,51,8,7.2745098039215685,98.0,"[(AA,13930,98.00),(AA,13198,77.00),(AA,10529,59.00),(AA,13495,55.00),(AA,12953,41.00),(OH,14524,39.00),(AA,10693,33.00),(OH,10431,32.00)]"
"2025-01-02 16:00:00",5,14107,45,8,9.622222222222222,102.0,"[(DL,11433,102.00),(WN,10693,86.00),(AA,13204,67.00),(AA,14122,64.00),(AS,14747,48.00),(AA,13303,44.00),(AS,14004,32.00),(WN,15370,32.00)]"
"2025-01-02 16:00:00",5,13930,37,8,14.864864864864865,145.0,"[(UA,11292,145.00),(OO,14108,91.00),(AA,13204,64.00),(NK,12953,57.00),(MQ,11433,53.00),(OO,10372,52.00),(UA,14908,36.00),(AA,14679,35.00)]"
"2025-01-02 16:00:00",5,11057,51,8,7.2745098039215685,98.0,"[(AA,13930,98.00),(AA,13198,77.00),(AA,10529,59.00),(AA,13495,55.00),(AA,12953,41.00),(OH,14524,39.00),(AA,10693,33.00),(OH,10431,32.00)]"
"2025-01-02 16:00:00",5,14771,31,4,8.161290322580646,210.0,"[(OO,14487,210.00),(F9,14908,58.00),(OO,11638,45.00),(UA,12892,43.00)]"
"2025-01-02 16:00:00",6,11057,51,8,7.2745098039215685,98.0,"[(AA,13930,98.00),(AA,13198,77.00),(AA,10529,59.00),(AA,13495,55.00),(AA,12953,41.00),(OH,14524,39.00),(AA,10693,33.00),(OH,10431,32.00)]"
"2025-01-02 16:00:00",6,14107,45,8,9.622222222222222,102.0,"[(DL,11433,102.00),(WN,10693,86.00),(AA,13204,67.00),(AA,14122,64.00),(AS,14747,48.00),(AA,13303,44.00),(AS,14004,32.00),(WN,15370,32.00)]"
"2025-01-02 16:00:00",6,11433,30,7,16.5,102.0,"[(DL,14679,102.00),(F9,13204,91.00),(DL,12889,60.00),(NK,13303,58.00),(NK,14635,56.00),(DL,15016,44.00),(OO,13184,35.00)]"
"2025-01-02 16:00:00",6,10397,33,3,9.93939393939394,132.0,"[(F9,14843,132.00),(DL,14831,62.00),(DL,11042,46.00)]"
"2025-01-02 16:00:00",7,11292,39,7,16.58974358974359,200.0,"[(WN,13871,200.00),(F9,11540,70.00),(UA,10721,63.00),(F9,13198,53.00),(WN,11259,47.00),(OO,12899,43.00),(WN,15016,41.00)]"
"2025-01-02 16:00:00",7,11057,51,8,7.2745098039215685,98.0,"[(AA,13930,98.00),(AA,13198,77.00),(AA,10529,59.00),(AA,13495,55.00),(AA,12953,41.00),(OH,14524,39.00),(AA,10693,33.00),(OH,10431,32.00)]"
"2025-01-02 16:00:00",7,14107,34,6,10.558823529411764,102.0,"[(DL,11433,102.00),(WN,10693,86.00),(AA,14122,64.00),(AS,14747,48.00),(AA,13303,44.00),(AS,14004,32.00)]"
"2025-01-02 16:00:00",7,14771,31,4,8.161290322580646,210.0,"[(OO,14487,210.00),(F9,14908,58.00),(OO,11638,45.00),(UA,12892,43.00)]"
"2025-01-02 16:00:00",8,11433,30,7,16.5,102.0,"[(DL,14679,102.00),(F9,13204,91.00),(DL,12889,60.00),(NK,13303,58.00),(NK,14635,56.00),(DL,15016,44.00),(OO,13184,35.00)]"
"2025-01-02 16:00:00",8,14771,31,4,8.161290322580646,210.0,"[(OO,14487,210.00),(F9,14908,58.00),(OO,11638,45.00),(UA,12892,43.00)]"
"2025-01-02 16:00:00",8,10397,59,4,7.0508474576271185,132.0,"[(F9,14843,132.00),(DL,14831,62.00),(DL,11042,46.00),(DL,11259,44.00)]"
"2025-01-02 16:00:00",9,11057,35,7,10.17142857142857,98.0,"[(AA,13930,98.00),(AA,13198,77.00),(AA,10529,59.00),(AA,13495,55.00),(OH,14524,39.00),(AA,10693,33.00),(OH,10431,32.00)]"
"2025-01-02 16:00:00",9,11057,32,6,8.34375,98.0,"[(AA,13930,98.00),(AA,13198,77.00),(AA,13495,55.00),(OH,14524,39.00),(AA,10693,33.00),(OH,10431,32.00)]"
"2025-01-02 16:00:00",9,10397,59,4,7.0508474576271185,132.0,"[(F9,14843,132.00),(DL,14831,62.00),(DL,11042,46.00),(DL,11259,44.00)]"
"2025-01-02 16:00:00",10,14107,33,6,11.333333333333334,102.0,"[(DL,11433,102.00),(WN,10693,86.00),(AA,14122,64.00),(AS,14747,48.00),(AA,13303,44.00),(AS,14004,32.00)]"
"2025-01-02 16:00:00",10,14771,31,4,8.161290322580646,210.0,"[(OO,14487,210.00),(F9,14908,58.00),(OO,11638,45.00),(UA,12892,43.00)]"
"2025-01-02 16:00:00",10,10397,49,3,7.6938775510204085,132.0,"[(F9,14843,132.00),(DL,14831,62.00),(DL,11042,46.00)]"
"2025-01-02 17:00:00",1,11298,41,6,13.24390243902439,193.0,"[(AA,14893,193.00),(MQ,14783,95.00),(AA,10599,85.00),(MQ,15919,55.00),(AA,11057,49.00),(MQ,13244,39.00)]"
"2025-01-02 17:00:00",1,11298,36,6,13.63888888888889,193.0,"[(AA,14893,193.00),(MQ,14783,95.00),(AA,10599,85.00),(MQ,15919,55.00),(AA,11057,49.00),(MQ,13244,39.00)]"
"2025-01-02 17:00:00",1,11292,31,2,3.7096774193548385,33.0,"[(WN,15376,33.00),(UA,11042,31.00)]"
"2025-01-02 17:00:00",2,11292,54,6,9.092592592592593,103.0,"[(UA,12339,103.00),(OO,10372,90.00),(WN,12892,52.00),(WN,15376,33.00),(UA,12266,32.00),(UA,11042,31.00)]"
"2025-01-02 17:00:00",2,11292,68,6,7.676470588235294,103.0,"[(UA,12339,103.00),(OO,10372,90.00),(WN,12892,52.00),(WN,15376,33.00),(UA,12266,32.00),(UA,11042,31.00)]"
"2025-01-02 17:00:00",2,11292,60,5,7.466666666666667,103.0,"[(UA,12339,103.00),(OO,10372,90.00),(WN,12892,52.00),(WN,15376,33.00),(UA,12266,32.00)]"
"2025-01-02 17:00:00",3,11292,68,6,7.676470588235294,103.0,"[(UA,12339,103.00),(OO,10372,90.00),(WN,12892,52.00),(WN,15376,33.00),(UA,12266,32.00),(UA,11042,31.00)]"
"2025-01-02 17:00:00",3,13204,31,5,14.193548387096774,97.0,"[(B6,10732,97.00),(F9,13230,39.00),(AA,11298,37.00),(AA,12953,35.00),(B6,11278,33.00)]"
"2025-01-02 17:00:00",3,14107,31,4,12.870967741935484,213.0,"[(AA,13485,213.00),(AA,11066,176.00),(WN,14683,54.00),(WN,10693,38.00)]"
"2025-01-02 17:00:00",3,14107,37,5,12.91891891891892,213.0,"[(AA,13485,213.00),(AA,11066,176.00),(WN,14679,62.00),(WN,14683,54.00),(WN,10693,38.00)]"
"2025-01-02 17:00:00",4,13204,31,5,14.193548387096774,97.0,"[(B6,10732,97.00),(F9,13230,39.00),(AA,11298,37.00),(AA,12953,35.00),(B6,11278,33.00)]"
"2025-01-02 17:00:00",4,14107,37,5,12.91891891891892,213.0,"[(AA,13485,213.00),(AA,11066,176.00),(WN,14679,62.00),(WN,14683,54.00),(WN,10693,38.00)]"
"2025-01-02 17:00:00",4,11278,30,4,5.7,104.0,"[(AA,13204,104.00),(UA,13930,82.00),(B6,14027,46.00),(B6,11697,38.00)]"
"2025-01-02 17:00:00",4,10397,34,4,9.558823529411764,142.0,"[(DL,10693,142.00),(AS,14679,62.00),(NK,12892,61.00),(OH,11278,34.00)]"
"2025-01-02 17:00:00",5,14107,37,5,12.91891891891892,213.0,"[(AA,13485,213.00),(AA,11066,176.00),(WN,14679,62.00),(WN,14683,54.00),(WN,10693,38.00)]"
"2025-01-02 17:00:00",5,10397,34,4,9.558823529411764,142.0,"[(DL,10693,142.00),(AS,14679,62.00),(NK,12892,61.00),(OH,11278,34.00)]"
"2025-01-02 17:00:00",5,11278,33,4,5.2727272727272725,104.0,"[(AA,13204,104.00),(UA,13930,82.00),(B6,14027,46.00),(B6,11697,38.00)]"
"2025-01-02 17:00:00",6,10397,34,4,9.558823529411764,142.0,"[(DL,10693,142.00),(AS,14679,62.00),(NK,12892,61.00),(OH,11278,34.00)]"
"2025-01-02 17:00:00",6,11278,33,4,5.2727272727272725,104.0,"[(AA,13204,104.00),(UA,13930,82.00),(B6,14027,46.00),(B6,11697,38.00)]"
"2025-01-02 17:00:00",6,14869,31,3,7.354838709677419,120.0,"[(DL,12892,120.00),(OO,12280,42.00),(DL,10397,39.00)]"
"2025-01-02 17:00:00",7,11298,31,4,8.483870967741936,85.0,"[(AA,10599,85.00),(MQ,15919,55.00),(AA,11057,49.00),(MQ,13244,39.00)]"
"2025-01-02 17:00:00",7,14869,32,3,7.15625,120.0,"[(DL,12892,120.00),(OO,12280,42.00),(DL,10397,39.00)]"
"2025-01-02 17:00:00",8,11278,33,4,5.2727272727272725,104.0,"[(AA,13204,104.00),(UA,13930,82.00),(B6,14027,46.00),(B6,11697,38.00)]"
"2025-01-02 17:00:00",8,11292,31,2,3.7096774193548385,33.0,"[(WN,15376,33.00),(UA,11042,31.00)]"
"2025-01-02 17:00:00",9,14869,32,3,7.15625,120.0,"[(DL,12892,120.00),(OO,12280,42.00),(DL,10397,39.00)]"
"2025-01-02 17:00:00",10,10397,30,3,5.8,62.0,"[(AS,14679,62.00),(NK,12892,61.00),(OH,11278,34.00)]"
"2025-01-02 18:00:00",1,13930,77,14,17.74025974025974,330.0,"[(OO,13342,330.00),(AA,11057,135.00),(UA,10792,84.00),(AA,11298,80.00),(UA,12892,79.00),(UA,11292,75.00),(MQ,14783,72.00),(OO,11146,58.00),(UA,10397,51.00),(UA,10529,48.00),(OO,14574,47.00),(AA,10423,46.00),(UA,14524,41.00),(UA,11278,39.00)]"
"2025-01-02 18:00:00",1,13930,63,10,18.92063492063492,330.0,"[(OO,13342,330.00),(AA,11057,135.00),(UA,10792,84.00),(AA,11298,80.00),(UA,12892,79.00),(UA,11292,75.00),(MQ,14783,72.00),(OO,11146,58.00),(OO,14574,47.00),(AA,10423,46.00)]"
"2025-01-02 18:00:00",1,13930,37,9,24.72972972972973,330.0,"[(OO,13342,330.00),(AA,11057,135.00),(MQ,14783,72.00),(OO,11146,58.00),(UA,10397,51.00),(UA,10529,48.00),(AA,10423,46.00),(UA,14524,41.00),(UA,11278,39.00)]"
"2025-01-02 18:00:00",2,13930,55,12,20.836363636363636,330.0,"[(OO,13342,330.00),(AA,11057,135.00),(UA,10792,84.00),(AA,11298,80.00),(UA,11292,75.00),(MQ,14783,72.00),(OO,11146,58.00),(UA,10397,51.00),(UA,10529,48.00),(AA,10423,46.00),(UA,14524,41.00),(UA,11278,39.00)]"
"2025-01-02 18:00:00",2,13930,37,9,24.72972972972973,330.0,"[(OO,13342,330.00),(AA,11057,135.00),(MQ,14783,72.00),(OO,11146,58.00),(UA,10397,51.00),(UA,10529,48.00),(AA,10423,46.00),(UA,14524,41.00),(UA,11278,39.00)]"
"2025-01-02 18:00:00",2,11298,42,7,20.357142857142858,373.0,"[(AA,10693,373.00),(AA,11057,99.00),(AA,13303,85.00),(AA,10257,68.00),(AA,15376,63.00),(NK,10821,46.00),(OO,10781,38.00)]"
"2025-01-02 18:00:00",2,12266,31,3,22.451612903225808,282.0,"[(UA,10397,282.00),(DL,12953,166.00),(UA,13495,142.00)]"
"2025-01-02 18:00:00",2,11298,56,9,19.357142857142858,373.0,"[(AA,10693,373.00),(AA,11057,99.00),(AA,13303,85.00),(AA,12892,75.00),(AA,10257,68.00),(AA,15376,63.00),(AA,14122,52.00),(NK,10821,46.00),(OO,10781,38.00)]"
"2025-01-02 18:00:00",3,11298,56,9,19.357142857142858,373.0,"[(AA,10693,373.00),(AA,11057,99.00),(AA,13303,85.00),(AA,12892,75.00),(AA,10257,68.00),(AA,15376,63.00),(AA,14122,52.00),(NK,10821,46.00),(OO,10781,38.00)]"
"2025-01-02 18:00:00",3,11292,37,6,12.54054054054054,65.0,"[(WN,14893,65.00),(WN,13342,50.00),(WN,10693,45.00),(UA,11298,44.00),(UA,10821,44.00),(DL,14869,41.00)]"
"2025-01-02 18:00:00",3,11057,30,3,7.366666666666666,106.0,"[(AA,10994,106.00),(OH,14730,84.00),(AA,14107,38.00)]"
"2025-01-02 18:00:00",3,11057,53,6,6.943396226415095,106.0,"[(AA,10994,106.00),(OH,14730,84.00),(AA,12266,76.00),(DL,14869,57.00),(AA,14107,38.00),(AA,10693,37.00)]"
"2025-01-02 18:00:00",4,11298,38,6,22.36842105263158,373.0,"[(AA,10693,373.00),(AA,11057,99.00),(AA,13303,85.00),(AA,12892,75.00),(AA,14122,52.00),(NK,10821,46.00)]"
"2025-01-02 18:00:00",4,11292,46,6,10.73913043478261,65.0,"[(WN,14893,65.00),(WN,13342,50.00),(WN,10693,45.00),(UA,11298,44.00),(UA,10821,44.00),(DL,14869,41.00)]"
"2025-01-02 18:00:00",4,11057,37,4,4.5675675675675675,76.0,"[(AA,12266,76.00),(DL,14869,57.00),(AA,14107,38.00),(AA,10693,37.00)]"
"2025-01-02 18:00:00",4,12266,39,4,20.128205128205128,282.0,"[(UA,10397,282.00),(DL,12953,166.00),(UA,13495,142.00),(NK,11433,90.00)]"
"2025-01-02 18:00:00",5,11292,46,6,10.73913043478261,65.0,"[(WN,14893,65.00),(WN,13342,50.00),(WN,10693,45.00),(UA,11298,44.00),(UA,10821,44.00),(DL,14869,41.00)]"
"2025-01-02 18:00:00",5,11057,53,6,6.943396226415095,106.0,"[(AA,10994,106.00),(OH,14730,84.00),(AA,12266,76.00),(DL,14869,57.00),(AA,14107,38.00),(AA,10693,37.00)]"
"2025-01-02 18:00:00",5,12266,33,3,18.515151515151516,282.0,"[(UA,10397,282.00),(DL,12953,166.00),(NK,11433,90.00)]"
"2025-01-02 18:00:00",5,11292,35,4,9.2,50.0,"[(WN,13342,50.00),(WN,10693,45.00),(UA,11298,44.00),(UA,10821,44.00)]"
"2025-01-02 18:00:00",6,11057,53,6,6.943396226415095,106.0,"[(AA,10994,106.00),(OH,14730,84.00),(AA,12266,76.00),(DL,14869,57.00),(AA,14107,38.00),(AA,10693,37.00)]"
"2025-01-02 18:00:00",6,12266,39,4,20.128205128205128,282.0,"[(UA,10397,282.00),(DL,12953,166.00),(UA,13495,142.00),(NK,11433,90.00)]"
"2025-01-02 18:00:00",7,12266,39,4,20.128205128205128,282.0,"[(UA,10397,282.00),(DL,12953,166.00),(UA,13495,142.00),(NK,11433,90.00)]"
"2025-01-02 18:00:00",7,14107,32,4,13.9375,185.0,"[(G4,15412,185.00),(WN,11066,98.00),(AA,14679,87.00),(OO,11638,40.00)]"
"2025-01-02 18:00:00",8,14107,32,4,13.9375,185.0,"[(G4,15412,185.00),(WN,11066,98.00),(AA,14679,87.00),(OO,11638,40.00)]"
"2025-01-02 18:00:00",8,10397,43,4,10.093023255813954,156.0,"[(NK,11697,156.00),(DL,13204,74.00),(AS,14747,47.00),(F9,10792,40.00)]"
"2025-01-02 18:00:00",9,10397,43,4,10.093023255813954,156.0,"[(NK,11697,156.00),(DL,13204,74.00),(AS,14747,47.00),(F9,10792,40.00)]"
"2025-01-02 18:00:00",9,11057,30,3,7.366666666666666,106.0,"[(AA,10994,106.00),(OH,14730,84.00),(AA,14107,38.00)]"
"2025-01-02 18:00:00",10,11292,33,3,8.484848484848484,50.0,"[(WN,13342,50.00),(UA,11298,44.00),(UA,10821,44.00)]"
"2025-01-02 19:00:00",1,11298,65,11,11.8,190.0,"[(AA,10140,190.00),(AA,13244,177.00),(AA,13303,96.00),(MQ,10627,65.00),(AA,13931,47.00),(MQ,14108,46.00),(MQ,11637,44.00),(AA,14524,41.00),(AA,13230,40.00),(AA,10994,36.00),(AA,13851,34.00)]"
"2025-01-02 19:00:00",1,11298,63,11,12.047619047619047,190.0,"[(AA,10140,190.00),(AA,13244,177.00),(AA,13303,96.00),(MQ,10627,65.00),(AA,13931,47.00),(MQ,14108,46.00),(MQ,11637,44.00),(AA,14524,41.00),(AA,13230,40.00),(AA,10994,36.00),(AA,13851,34.00)]"
"2025-01-02 19:00:00",2,13303,35,7,17.914285714285715,195.0,"[(B6,10721,195.00),(AA,10821,132.00),(AA,13871,74.00),(AA,14683,43.00),(DL,12953,37.00),(NK,12889,33.00),(AA,14107,32.00)]"
"2025-01-02 19:00:00",3,13930,47,6,12.085106382978724,140.0,"[(MQ,11111,140.00),(AA,11278,75.00),(OO,11109,56.00),(NK,15304,49.00),(OO,11637,48.00),(AA,12892,45.00)]"
"2025-01-02 19:00:00",3,11298,43,7,7.72093023255814,96.0,"[(AA,13303,96.00),(AA,13931,47.00),(MQ,14108,46.00),(MQ,11637,44.00),(AA,14524,41.00),(AA,13230,40.00),(AA,10994,36.00)]"
"2025-01-02 19:00:00",3,13930,39,6,14.076923076923077,140.0,"[(MQ,11111,140.00),(AA,11278,75.00),(OO,11109,56.00),(NK,15304,49.00),(OO,11637,48.00),(AA,12892,45.00)]"
"2025-01-02 19:00:00",4,12892,35,5,42.2,1065.0,"[(OO,10372,1065.00),(NK,11298,253.00),(OO,10713,126.00),(HA,12173,41.00),(AS,11884,35.00)]"
"2025-01-02 19:00:00",4,13930,47,6,12.085106382978724,140.0,"[(MQ,11111,140.00),(AA,11278,75.00),(OO,11109,56.00),(NK,15304,49.00),(OO,11637,48.00),(AA,12892,45.00)]"
"2025-01-02 19:00:00",5,11298,32,5,14.90625,190.0,"[(AA,10140,190.00),(AA,13244,177.00),(MQ,10627,65.00),(AA,14524,41.00),(AA,13851,34.00)]"
"2025-01-02 19:00:00",5,11298,33,5,13.969696969696969,190.0,"[(AA,10140,190.00),(AA,13244,177.00),(MQ,10627,65.00),(AA,14524,41.00),(AA,13851,34.00)]"
"2025-01-02 19:00:00",5,12892,35,5,42.2,1065.0,"[(OO,10372,1065.00),(NK,11298,253.00),(OO,10713,126.00),(HA,12173,41.00),(AS,11884,35.00)]"
"2025-01-02 19:00:00",5,10397,45,5,9.688888888888888,81.0,"[(NK,12266,81.00),(NK,11697,78.00),(DL,14771,59.00),(AS,14057,57.00),(DL,10529,35.00)]"
"2025-01-02 19:00:00",5,10397,47,5,9.914893617021276,81.0,"[(NK,12266,81.00),(NK,11697,78.00),(DL,14771,59.00),(AS,14057,57.00),(DL,10529,35.00)]"
"2025-01-02 19:00:00",6,10397,47,5,9.914893617021276,81.0,"[(NK,12266,81.00),(NK,11697,78.00),(DL,14771,59.00),(AS,14057,57.00),(DL,10529,35.00)]"
"2025-01-02 19:00:00",6,13930,36,5,12.722222222222221,140.0,"[(MQ,11111,140.00),(AA,11278,75.00),(OO,11109,56.00),(NK,15304,49.00),(OO,11637,48.00)]"
"2025-01-02 19:00:00",6,11292,70,5,8.385714285714286,83.0,"[(UA,12441,83.00),(UA,13930,83.00),(UA,12892,78.00),(OO,11109,59.00),(OO,12280,56.00)]"
"2025-01-02 19:00:00",7,10397,45,5,9.577777777777778,81.0,"[(NK,12266,81.00),(NK,11697,78.00),(DL,14771,59.00),(AS,14057,57.00),(DL,10529,35.00)]"
"2025-01-02 19:00:00",7,11292,70,5,8.385714285714286,83.0,"[(UA,12441,83.00),(UA,13930,83.00),(UA,12892,78.00),(OO,11109,59.00),(OO,12280,56.00)]"
"2025-01-02 19:00:00",7,10397,47,5,9.914893617021276,81.0,"[(NK,12266,81.00),(NK,11697,78.00),(DL,14771,59.00),(AS,14057,57.00),(DL,10529,35.00)]"
"2025-01-02 19:00:00",7,13204,33,3,7.424242424242424,53.0,"[(B6,15096,53.00),(B6,14254,50.00),(DL,12892,47.00)]"
"2025-01-02 19:00:00",7,13204,35,3,7.542857142857143,53.0,"[(B6,15096,53.00),(B6,14254,50.00),(DL,12892,47.00)]"
"2025-01-02 19:00:00",8,11292,67,5,8.716417910447761,83.0,"[(UA,12441,83.00),(UA,13930,83.00),(UA,12892,78.00),(OO,11109,59.00),(OO,12280,56.00)]"
"2025-01-02 19:00:00",8,13204,35,3,7.542857142857143,53.0,"[(B6,15096,53.00),(B6,14254,50.00),(DL,12892,47.00)]"
"2025-01-02 19:00:00",8,11292,70,5,8.385714285714286,83.0,"[(UA,13930,83.00),(UA,12441,83.00),(UA,12892,78.00),(OO,11109,59.00),(OO,12280,56.00)]"
"2025-01-02 19:00:00",9,11292,70,5,8.385714285714286,83.0,"[(UA,12441,83.00),(UA,13930,83.00),(UA,12892,78.00),(OO,11109,59.00),(OO,12280,56.00)]"
"2025-01-02 19:00:00",9,11292,53,4,9.39622641509434,83.0,"[(UA,13930,83.00),(UA,12892,78.00),(OO,11109,59.00),(OO,12280,56.00)]"
"2025-01-02 19:00:00",10,13204,35,3,7.542857142857143,53.0,"[(B6,15096,53.00),(B6,14254,50.00),(DL,12892,47.00)]"
"2025-01-02 19:00:00",10,10397,38,3,9.210526315789474,81.0,"[(NK,12266,81.00),(NK,11697,78.00),(DL,10529,35.00)]"
"2025-01-02 20:00:00",1,13930,72,13,14.625,118.0,"[(AA,12266,118.00),(UA,14869,99.00),(AA,10423,61.00),(UA,13495,49.00),(UA,13487,48.00),(UA,11292,47.00),(NK,12266,42.00),(MQ,13367,42.00),(AA,15016,38.00),(OO,15370,37.00),(UA,14771,36.00),(UA,10849,36.00),(F9,12889,34.00)]"
"2025-01-02 20:00:00",1,13930,72,13,14.625,118.0,"[(AA,12266,118.00),(UA,14869,99.00),(AA,10423,61.00),(UA,13495,49.00),(UA,13487,48.00),(UA,11292,47.00),(NK,12266,42.00),(MQ,13367,42.00),(AA,15016,38.00),(OO,15370,37.00),(UA,10849,36.00),(UA,14771,36.00),(F9,12889,34.00)]"
"2025-01-02 20:00:00",1,13930,72,13,14.625,118.0,"[(AA,12266,118.00),(UA,14869,99.00),(AA,10423,61.00),(UA,13495,49.00),(UA,13487,48.00),(UA,11292,47.00),(MQ,13367,42.00),(NK,12266,42.00),(AA,15016,38.00),(OO,15370,37.00),(UA,14771,36.00),(UA,10849,36.00),(F9,12889,34.00)]"
"2025-01-02 20:00:00",2,11298,56,9,22.410714285714285,554.0,"[(AA,13485,554.00),(AA,15016,160.00),(AA,10721,70.00),(AA,15370,48.00),(AA,14747,38.00),(AA,12451,36.00),(NK,12892,34.00),(AA,11057,34.00),(AA,11996,31.00)]"
"2025-01-02 20:00:00",3,12266,34,8,55.1764705882353,749.0,"[(OO,11109,749.00),(OO,11140,670.00),(UA,13198,67.00),(UA,14193,63.00),(OO,12278,59.00),(UA,10140,44.00),(UA,11292,41.00),(NK,13303,31.00)]"
"2025-01-02 20:00:00",3,13930,43,9,13.44186046511628,118.0,"[(AA,12266,118.00),(AA,10423,61.00),(UA,13487,48.00),(UA,11292,47.00),(MQ,13367,42.00),(NK,12266,42.00),(OO,15370,37.00),(UA,14771,36.00),(F9,12889,34.00)]"
"2025-01-02 20:00:00",3,11057,46,5,13.26086956521739,286.0,"[(NK,12953,286.00),(AA,13342,86.00),(AA,15370,80.00),(MQ,14783,80.00),(AA,14730,76.00)]"
"2025-01-02 20:00:00",4,11298,46,7,13.869565217391305,160.0,"[(AA,15016,160.00),(AA,10721,70.00),(AA,15370,48.00),(AA,14747,38.00),(AA,12451,36.00),(NK,12892,34.00),(AA,11996,31.00)]"
"2025-01-02 20:00:00",4,13930,45,8,15.733333333333333,99.0,"[(UA,14869,99.00),(UA,13495,49.00),(NK,12266,42.00),(AA,15016,38.00),(OO,15370,37.00),(UA,10849,36.00),(UA,14771,36.00),(F9,12889,34.00)]"
"2025-01-02 20:00:00",4,12266,34,8,55.1764705882353,749.0,"[(OO,11109,749.00),(OO,11140,670.00),(UA,13198,67.00),(UA,14193,63.00),(OO,12278,59.00),(UA,10140,44.00),(UA,11292,41.00),(NK,13303,31.00)]"
"2025-01-02 20:00:00",4,11292,35,2,7.885714285714286,96.0,"[(WN,14100,96.00),(WN,10693,68.00)]"
"2025-01-02 20:00:00",4,10397,33,4,6.0606060606060606,116.0,"[(WN,11259,116.00),(DL,11193,48.00),(DL,13303,41.00),(WN,10821,39.00)]"
"2025-01-02 20:00:00",5,11057,62,6,10.887096774193548,286.0,"[(NK,12953,286.00),(AA,13342,86.00),(AA,15370,80.00),(MQ,14783,80.00),(AA,14730,76.00),(NK,11298,43.00)]"
"2025-01-02 20:00:00",5,11292,52,3,7.403846153846154,96.0,"[(WN,14100,96.00),(UA,13198,93.00),(WN,10693,68.00)]"
"2025-01-02 20:00:00",6,10397,33,4,6.0606060606060606,116.0,"[(WN,11259,116.00),(DL,11193,48.00),(DL,13303,41.00),(WN,10821,39.00)]"
"2025-01-02 20:00:00",6,11057,46,5,13.543478260869565,286.0,"[(NK,12953,286.00),(AA,15370,80.00),(MQ,14783,80.00),(AA,14730,76.00),(NK,11298,43.00)]"
"2025-01-02 20:00:00",6,14107,31,2,26.032258064516128,717.0,"[(OO,12280,717.00),(MQ,13244,97.00)]"
"2025-01-02 20:00:00",7,14107,37,3,23.405405405405407,717.0,"[(OO,12280,717.00),(MQ,13244,97.00),(WN,14683,48.00)]"
"2025-01-02 20:00:00",7,11298,30,4,11.033333333333333,70.0,"[(AA,10721,70.00),(AA,14747,38.00),(AA,12451,36.00),(AA,11996,31.00)]"
"2025-01-02 20:00:00",7,11057,43,1,2.0930232558139537,80.0,"[(AA,15370,80.00)]"
"2025-01-02 20:00:00",8,11292,52,3,7.403846153846154,96.0,"[(WN,14100,96.00),(UA,13198,93.00),(WN,10693,68.00)]"
"2025-01-02 20:00:00",8,10397,33,4,6.0606060606060606,116.0,"[(WN,11259,116.00),(DL,11193,48.00),(DL,13303,41.00),(WN,10821,39.00)]"
"2025-01-02 20:00:00",9,11292,31,2,7.838709677419355,96.0,"[(WN,14100,96.00),(WN,10693,68.00)]"
"2025-01-02 20:00:00",9,14107,37,3,23.405405405405407,717.0,"[(OO,12280,717.00),(MQ,13244,97.00),(WN,14683,48.00)]"
"2025-01-02 20:00:00",10,11292,52,3,7.403846153846154,96.0,"[(WN,14100,96.00),(UA,13198,93.00),(WN,10693,68.00)]"
"2025-01-02 21:00:00",1,14107,37,8,40.86486486486486,658.0,"[(AA,14908,658.00),(AA,14679,578.00),(WN,13891,102.00),(WN,14831,67.00),(WN,14057,49.00),(WN,10140,36.00),(WN,10423,36.00),(MQ,14489,33.00)]"
"2025-01-02 21:00:00",1,14107,34,8,45.205882352941174,658.0,"[(AA,14908,658.00),(AA,14679,578.00),(WN,13891,102.00),(WN,14831,67.00),(WN,14057,49.00),(WN,10140,36.00),(WN,10423,36.00),(MQ,14489,33.00)]"
"2025-01-02 21:00:00",1,14107,31,8,49.16129032258065,658.0,"[(AA,14908,658.00),(AA,14679,578.00),(WN,13891,102.00),(WN,14831,67.00),(WN,14057,49.00),(WN,10423,36.00),(WN,10140,36.00),(MQ,14489,33.00)]"
"2025-01-02 21:00:00",1,14107,37,8,40.86486486486486,658.0,"[(AA,14908,658.00),(AA,14679,578.00),(WN,13891,102.00),(WN,14831,67.00),(WN,14057,49.00),(WN,10423,36.00),(WN,10140,36.00),(MQ,14489,33.00)]"
"2025-01-02 21:00:00",2,11433,35,8,38.51428571428571,943.0,"[(OO,12264,943.00),(DL,11618,168.00),(DL,10821,61.00),(DL,10792,60.00),(DL,11193,50.00),(DL,13204,48.00),(NK,12266,45.00),(DL,14635,35.00)]"
"2025-01-02 21:00:00",2,14107,37,8,40.86486486486486,658.0,"[(AA,14908,658.00),(AA,14679,578.00),(WN,13891,102.00),(WN,14831,67.00),(WN,14057,49.00),(WN,10140,36.00),(WN,10423,36.00),(MQ,14489,33.00)]"
"2025-01-02 21:00:00",2,14107,37,8,40.86486486486486,658.0,"[(AA,14908,658.00),(AA,14679,578.00),(WN,13891,102.00),(WN,14831,67.00),(WN,14057,49.00),(WN,10423,36.00),(WN,10140,36.00),(MQ,14489,33.00)]"
"2025-01-02 21:00:00",3,13930,36,7,35.05555555555556,826.0,"[(OO,11433,826.00),(UA,11193,68.00),(UA,12264,54.00),(MQ,11637,47.00),(OO,11471,47.00),(AA,13487,37.00),(OO,12278,33.00)]"
"2025-01-02 21:00:00",3,11433,35,8,38.51428571428571,943.0,"[(OO,12264,943.00),(DL,11618,168.00),(DL,10821,61.00),(DL,10792,60.00),(DL,11193,50.00),(DL,13204,48.00),(NK,12266,45.00),(DL,14635,35.00)]"
"2025-01-02 21:00:00",4,13303,35,6,14.028571428571428,175.0,"[(AA,13204,175.00),(UA,11292,97.00),(AA,13931,51.00),(AA,14492,44.00),(NK,14100,37.00),(AA,14100,35.00)]"
"2025-01-02 21:00:00",4,13930,32,7,39.09375,826.0,"[(OO,11433,826.00),(UA,11193,68.00),(UA,12264,54.00),(MQ,11637,47.00),(OO,11471,47.00),(AA,13487,37.00),(OO,12278,33.00)]"
"2025-01-02 21:00:00",4,13930,36,7,35.05555555555556,826.0,"[(OO,11433,826.00),(UA,11193,68.00),(UA,12264,54.00),(MQ,11637,47.00),(OO,11471,47.00),(AA,13487,37.00),(OO,12278,33.00)]"
"2025-01-02 21:00:00",5,11298,52,6,8.057692307692308,141.0,"[(AA,13244,141.00),(AA,10599,58.00),(AA,11638,52.00),(AA,11540,46.00),(OO,12915,42.00),(MQ,11612,42.00)]"
"2025-01-02 21:00:00",5,13930,36,7,35.05555555555556,826.0,"[(OO,11433,826.00),(UA,11193,68.00),(UA,12264,54.00),(MQ,11637,47.00),(OO,11471,47.00),(AA,13487,37.00),(OO,12278,33.00)]"
"2025-01-02 21:00:00",5,13303,35,6,14.028571428571428,175.0,"[(AA,13204,175.00),(UA,11292,97.00),(AA,13931,51.00),(AA,14492,44.00),(NK,14100,37.00),(AA,14100,35.00)]"
"2025-01-02 21:00:00",5,11298,52,6,8.057692307692308,141.0,"[(AA,13244,141.00),(AA,10599,58.00),(AA,11638,52.00),(AA,11540,46.00),(MQ,11612,42.00),(OO,12915,42.00)]"
"2025-01-02 21:00:00",6,13303,34,5,13.411764705882353,175.0,"[(AA,13204,175.00),(UA,11292,97.00),(AA,13931,51.00),(AA,14492,44.00),(NK,14100,37.00)]"
"2025-01-02 21:00:00",6,13303,35,6,14.028571428571428,175.0,"[(AA,13204,175.00),(UA,11292,97.00),(AA,13931,51.00),(AA,14492,44.00),(NK,14100,37.00),(AA,14100,35.00)]"
"2025-01-02 21:00:00",6,11298,52,6,8.057692307692308,141.0,"[(AA,13244,141.00),(AA,10599,58.00),(AA,11638,52.00),(AA,11540,46.00),(MQ,11612,42.00),(OO,12915,42.00)]"
"2025-01-02 21:00:00",6,10397,54,5,7.722222222222222,62.0,"[(NK,14843,62.00),(NK,12889,57.00),(WN,12953,41.00),(DL,11697,37.00),(NK,11433,36.00)]"
"2025-01-02 21:00:00",7,10397,53,5,7.943396226415095,62.0,"[(NK,14843,62.00),(NK,12889,57.00),(WN,12953,41.00),(DL,11697,37.00),(NK,11433,36.00)]"
"2025-01-02 21:00:00",7,11298,52,6,8.057692307692308,141.0,"[(AA,13244,141.00),(AA,10599,58.00),(AA,11638,52.00),(AA,11540,46.00),(OO,12915,42.00),(MQ,11612,42.00)]"
"2025-01-02 21:00:00",7,10397,54,5,7.722222222222222,62.0,"[(NK,14843,62.00),(NK,12889,57.00),(WN,12953,41.00),(DL,11697,37.00),(NK,11433,36.00)]"
"2025-01-02 21:00:00",7,11292,33,4,9.666666666666666,98.0,"[(OO,14869,98.00),(OO,13127,61.00),(WN,14893,42.00),(WN,12889,31.00)]"
"2025-01-02 21:00:00",8,10397,54,5,7.722222222222222,62.0,"[(NK,14843,62.00),(NK,12889,57.00),(WN,12953,41.00),(DL,11697,37.00),(NK,11433,36.00)]"
"2025-01-02 21:00:00",8,11298,46,5,7.673913043478261,141.0,"[(AA,13244,141.00),(AA,10599,58.00),(AA,11638,52.00),(AA,11540,46.00),(MQ,11612,42.00)]"
"2025-01-02 21:00:00",9,11292,33,4,9.666666666666666,98.0,"[(OO,14869,98.00),(OO,13127,61.00),(WN,14893,42.00),(WN,12889,31.00)]"
"2025-01-02 21:00:00",9,11292,30,4,11.166666666666666,98.0,"[(OO,14869,98.00),(OO,13127,61.00),(WN,14893,42.00),(WN,12889,31.00)]"
"2025-01-02 21:00:00",10,10397,31,3,6.741935483870968,62.0,"[(NK,14843,62.00),(WN,12953,41.00),(DL,11697,37.00)]"
"2025-01-02 21:00:00",10,11292,33,4,9.666666666666666,98.0,"[(OO,14869,98.00),(OO,13127,61.00),(WN,14893,42.00),(WN,12889,31.00)]"
"2025-01-02 22:00:00",1,11298,47,7,27.5531914893617,555.0,"[(AA,14679,555.00),(MQ,12206,533.00),(AA,15376,54.00),(AA,11109,41.00),(AA,14683,40.00),(AA,11292,35.00),(OO,12891,35.00)]"
"2025-01-02 22:00:00",2,11057,57,6,5.56140350877193,49.0,"[(OH,12945,49.00),(AA,10257,48.00),(AA,11066,42.00),(OH,10980,36.00),(AA,13930,35.00),(AA,14307,32.00)]"
"2025-01-02 22:00:00",2,11057,44,6,6.659090909090909,49.0,"[(OH,12945,49.00),(AA,10257,48.00),(AA,11066,42.00),(OH,10980,36.00),(AA,13930,35.00),(AA,14307,32.00)]"
"2025-01-02 22:00:00",3,10397,79,3,1.8860759493670887,117.0,"[(NK,11298,117.00),(DL,13303,97.00),(DL,10721,78.00)]"
"2025-01-02 22:00:00",3,11057,57,6,5.56140350877193,49.0,"[(OH,12945,49.00),(AA,10257,48.00),(AA,11066,42.00),(OH,10980,36.00),(AA,13930,35.00),(AA,14307,32.00)]"
"2025-01-02 22:00:00",3,11298,35,4,19.34285714285714,533.0,"[(MQ,12206,533.00),(AA,15376,54.00),(AA,11109,41.00),(AA,14683,40.00)]"
"2025-01-02 22:00:00",4,10397,79,3,1.8860759493670887,117.0,"[(NK,11298,117.00),(DL,13303,97.00),(DL,10721,78.00)]"
"2025-01-02 22:00:00",4,11057,39,4,5.743589743589744,49.0,"[(OH,12945,49.00),(AA,10257,48.00),(AA,13930,35.00),(AA,14307,32.00)]"
"2025-01-02 22:00:00",5,10397,60,3,2.75,117.0,"[(NK,11298,117.00),(DL,13303,97.00),(DL,10721,78.00)]"
"2025-01-02 22:00:00",6,10397,79,3,1.8860759493670887,117.0,"[(NK,11298,117.00),(DL,13303,97.00),(DL,10721,78.00)]"
"2025-01-03 06:00:00",1,12889,47,5,20.319148936170212,300.0,"[(B6,12478,300.00),(WN,12954,235.00),(DL,10397,182.00),(F9,11292,131.00),(F9,13891,33.00)]"
"2025-01-03 06:00:00",1,12889,45,5,21.22222222222222,300.0,"[(B6,12478,300.00),(WN,12954,235.00),(DL,10397,182.00),(F9,11292,131.00),(F9,13891,33.00)]"
"2025-01-03 06:00:00",2,12889,44,4,15.977272727272727,300.0,"[(B6,12478,300.00),(DL,10397,182.00),(F9,11292,131.00),(F9,13891,33.00)]"
"2025-01-03 06:00:00",2,11292,30,2,12.633333333333333,378.0,"[(AS,14747,378.00),(WN,12191,36.00)]"
"2025-01-03 06:00:00",2,12889,30,4,22.933333333333334,300.0,"[(B6,12478,300.00),(DL,10397,182.00),(F9,11292,131.00),(F9,13891,33.00)]"
"2025-01-03 06:00:00",2,11292,35,2,10.685714285714285,378.0,"[(AS,14747,378.00),(WN,12191,36.00)]"
"2025-01-03 06:00:00",3,11292,35,2,10.685714285714285,378.0,"[(AS,14747,378.00),(WN,12191,36.00)]"
"2025-01-03 06:00:00",3,11292,34,2,11.0,378.0,"[(AS,14747,378.00),(WN,12191,36.00)]"
"2025-01-03 06:00:00",3,10721,32,0,-6.0,8.0,[]
"2025-01-03 06:00:00",3,13204,42,1,5.166666666666667,214.0,"[(AA,13303,214.00)]"
"2025-01-03 06:00:00",4,13204,42,1,5.166666666666667,214.0,"[(AA,13303,214.00)]"
"2025-01-03 06:00:00",4,13204,39,1,5.923076923076923,214.0,"[(AA,13303,214.00)]"
"2025-01-03 06:00:00",4,10721,32,0,-6.0,8.0,[]
"2025-01-03 06:00:00",5,10721,32,0,-6.0,8.0,[]
"2025-01-03 07:00:00",1,11292,33,7,17.424242424242426,140.0,"[(MQ,11298,140.00),(UA,13930,117.00),(WN,13232,88.00),(WN,12889,58.00),(WN,14771,44.00),(UA,12889,36.00),(UA,14679,34.00)]"
"2025-01-03 07:00:00",1,11298,30,2,3.066666666666667,139.0,"[(AA,14492,139.00),(AA,14908,43.00)]"
"2025-01-03 07:00:00",2,13930,63,6,3.6666666666666665,98.0,"[(OO,11433,98.00),(YX,14122,57.00),(YX,11057,46.00),(OO,10693,45.00),(UA,12266,42.00),(F9,14027,37.00)]"
"2025-01-03 07:00:00",3,14747,38,5,27.55263157894737,741.0,"[(AA,11298,741.00),(DL,14679,127.00),(AS,14679,107.00),(AA,11057,45.00),(AS,12892,37.00)]"
"2025-01-03 07:00:00",4,12889,32,5,13.3125,153.0,"[(AS,14747,153.00),(NK,14908,63.00),(F9,14908,60.00),(WN,11292,45.00),(WN,11259,33.00)]"
"2025-01-03 07:00:00",5,13930,46,5,4.217391304347826,98.0,"[(OO,11433,98.00),(YX,14122,57.00),(YX,11057,46.00),(OO,10693,45.00),(UA,12266,42.00)]"
"2025-01-03 07:00:00",5,12892,32,4,9.5625,173.0,"[(DL,13204,173.00),(WN,12889,91.00),(DL,14057,55.00),(DL,12478,55.00)]"
"2025-01-03 07:00:00",5,12892,32,4,9.5625,173.0,"[(DL,13204,173.00),(WN,12889,91.00),(DL,12478,55.00),(DL,14057,55.00)]"
"2025-01-03 07:00:00",6,12892,32,4,9.5625,173.0,"[(DL,13204,173.00),(WN,12889,91.00),(DL,12478,55.00),(DL,14057,55.00)]"
"2025-01-03 07:00:00",6,13204,36,4,6.138888888888889,54.0,"[(AA,11278,54.00),(WN,14492,51.00),(NK,10397,40.00),(AS,14747,31.00)]"
"2025-01-03 07:00:00",7,13204,32,4,6.90625,54.0,"[(AA,11278,54.00),(WN,14492,51.00),(NK,10397,40.00),(AS,14747,31.00)]"
"2025-01-03 07:00:00",7,11697,30,4,5.733333333333333,57.0,"[(DL,14869,57.00),(UA,11292,37.00),(NK,11618,33.00),(NK,11298,31.00)]"
"2025-01-03 07:00:00",7,11057,49,4,2.9591836734693877,97.0,"[(AA,13930,97.00),(OH,14685,87.00),(AA,12892,51.00),(AA,14107,42.00)]"
"2025-01-03 07:00:00",8,13204,36,4,6.138888888888889,54.0,"[(AA,11278,54.00),(WN,14492,51.00),(NK,10397,40.00),(AS,14747,31.00)]"
"2025-01-03 07:00:00",8,11057,49,4,2.9591836734693877,97.0,"[(AA,13930,97.00),(OH,14685,87.00),(AA,12892,51.00),(AA,14107,42.00)]"
"2025-01-03 07:00:00",8,11298,63,3,1.0634920634920635,139.0,"[(AA,14492,139.00),(AA,14679,45.00),(AA,14908,43.00)]"
"2025-01-03 07:00:00",9,11697,30,4,5.733333333333333,57.0,"[(DL,14869,57.00),(UA,11292,37.00),(NK,11618,33.00),(NK,11298,31.00)]"
"2025-01-03 07:00:00",9,11298,63,3,1.0634920634920635,139.0,"[(AA,14492,139.00),(AA,14679,45.00),(AA,14908,43.00)]"
"2025-01-03 07:00:00",9,10721,30,1,0.9333333333333333,90.0,"[(UA,11618,90.00)]"
"2025-01-03 07:00:00",10,11057,49,4,2.9591836734693877,97.0,"[(AA,13930,97.00),(OH,14685,87.00),(AA,12892,51.00),(AA,14107,42.00)]"
"2025-01-03 07:00:00",10,12266,30,1,0.9666666666666667,109.0,"[(UA,11697,109.00)]"
"2025-01-03 07:00:00",10,10397,32,0,-3.78125,11.0,[]
"2025-01-03 08:00:00",1,11292,58,14,30.275862068965516,498.0,"[(AA,11298,498.00),(OO,11109,260.00),(F9,14679,195.00),(WN,12954,150.00),(OO,12888,67.00),(WN,13204,62.00),(WN,14683,55.00),(WN,15304,54.00),(F9,12889,49.00),(WN,12339,46.00),(WN,13871,45.00),(F9,10821,44.00),(WN,10713,43.00),(WN,14869,37.00)]"
"2025-01-03 08:00:00",1,11298,31,3,4.419354838709677,141.0,"[(AA,14107,141.00),(AA,14683,62.00),(AA,12889,38.00)]"
"2025-01-03 08:00:00",1,11292,49,12,30.877551020408163,498.0,"[(AA,11298,498.00),(OO,11109,260.00),(WN,12954,150.00),(OO,12888,67.00),(WN,13204,62.00),(WN,14683,55.00),(WN,15304,54.00),(F9,12889,49.00),(WN,12339,46.00),(WN,13871,45.00),(WN,10713,43.00),(WN,14869,37.00)]"
"2025-01-03 08:00:00",2,11292,56,13,27.553571428571427,498.0,"[(AA,11298,498.00),(OO,11109,260.00),(WN,12954,150.00),(OO,12888,67.00),(WN,13204,62.00),(WN,14683,55.00),(WN,15304,54.00),(F9,12889,49.00),(WN,12339,46.00),(WN,13871,45.00),(F9,10821,44.00),(WN,10713,43.00),(WN,14869,37.00)]"
"2025-01-03 08:00:00",2,11298,39,3,3.128205128205128,141.0,"[(AA,14107,141.00),(AA,14683,62.00),(AA,12889,38.00)]"
"2025-01-03 08:00:00",2,11292,54,13,28.35185185185185,498.0,"[(AA,11298,498.00),(OO,11109,260.00),(WN,12954,150.00),(OO,12888,67.00),(WN,13204,62.00),(WN,14683,55.00),(WN,15304,54.00),(F9,12889,49.00),(WN,12339,46.00),(WN,13871,45.00),(F9,10821,44.00),(WN,10713,43.00),(WN,14869,37.00)]"
"2025-01-03 08:00:00",2,12892,58,9,17.82758620689655,290.0,"[(AA,10423,290.00),(OO,14570,267.00),(OO,14679,97.00),(DL,12889,83.00),(DL,10397,78.00),(DL,11292,63.00),(OO,11503,55.00),(WN,11292,52.00),(OO,10372,38.00)]"
"2025-01-03 08:00:00",3,12892,51,9,20.15686274509804,290.0,"[(AA,10423,290.00),(OO,14570,267.00),(OO,14679,97.00),(DL,12889,83.00),(DL,10397,78.00),(DL,11292,63.00),(OO,11503,55.00),(WN,11292,52.00),(OO,10372,38.00)]"
"2025-01-03 08:00:00",3,13930,44,0,0.7954545454545454,25.0,[]
"2025-01-03 08:00:00",3,12892,58,9,17.82758620689655,290.0,"[(AA,10423,290.00),(OO,14570,267.00),(OO,14679,97.00),(DL,12889,83.00),(DL,10397,78.00),(DL,11292,63.00),(OO,11503,55.00),(WN,11292,52.00),(OO,10372,38.00)]"
"2025-01-03 08:00:00",3,12889,37,8,17.43243243243243,150.0,"[(WN,12954,150.00),(WN,14683,125.00),(F9,14679,100.00),(WN,14679,91.00),(WN,10821,41.00),(WN,12892,40.00),(AA,13303,39.00),(WN,13796,38.00)]"
"2025-01-03 08:00:00",4,12892,58,9,17.82758620689655,290.0,"[(AA,10423,290.00),(OO,14570,267.00),(OO,14679,97.00),(DL,12889,83.00),(DL,10397,78.00),(DL,11292,63.00),(OO,11503,55.00),(WN,11292,52.00),(OO,10372,38.00)]"
"2025-01-03 08:00:00",4,10397,36,0,0.75,25.0,[]
"2025-01-03 08:00:00",4,12892,45,8,20.266666666666666,290.0,"[(AA,10423,290.00),(OO,14570,267.00),(OO,14679,97.00),(DL,10397,78.00),(DL,11292,63.00),(OO,11503,55.00),(WN,11292,52.00),(OO,10372,38.00)]"
"2025-01-03 08:00:00",4,14107,43,7,11.488372093023257,187.0,"[(F9,14679,187.00),(WN,12954,147.00),(F9,11292,55.00),(WN,11292,47.00),(UA,11292,42.00),(AA,14057,35.00),(WN,14771,31.00)]"
"2025-01-03 08:00:00",5,12889,37,8,17.43243243243243,150.0,"[(WN,12954,150.00),(WN,14683,125.00),(F9,14679,100.00),(WN,14679,91.00),(WN,10821,41.00),(WN,12892,40.00),(AA,13303,39.00),(WN,13796,38.00)]"
"2025-01-03 08:00:00",5,14771,35,5,9.0,161.0,"[(OO,10372,161.00),(WN,14679,113.00),(UA,14679,57.00),(OO,11638,41.00),(AS,11278,39.00)]"
"2025-01-03 08:00:00",5,11298,76,7,9.381578947368421,481.0,"[(AA,14843,481.00),(AA,14107,141.00),(MQ,12448,92.00),(AA,14683,62.00),(NK,14843,47.00),(MQ,12206,44.00),(AA,12889,38.00)]"
"2025-01-03 08:00:00",6,14107,43,7,11.488372093023257,187.0,"[(F9,14679,187.00),(WN,12954,147.00),(F9,11292,55.00),(WN,11292,47.00),(UA,11292,42.00),(AA,14057,35.00),(WN,14771,31.00)]"
"2025-01-03 08:00:00",6,11298,51,4,11.509803921568627,481.0,"[(AA,14843,481.00),(AA,14107,141.00),(AA,14683,62.00),(AA,12889,38.00)]"
"2025-01-03 08:00:00",6,14771,35,5,9.0,161.0,"[(OO,10372,161.00),(WN,14679,113.00),(UA,14679,57.00),(OO,11638,41.00),(AS,11278,39.00)]"
"2025-01-03 08:00:00",7,11298,76,7,9.381578947368421,481.0,"[(AA,14843,481.00),(AA,14107,141.00),(MQ,12448,92.00),(AA,14683,62.00),(NK,14843,47.00),(MQ,12206,44.00),(AA,12889,38.00)]"
"2025-01-03 08:00:00",7,10397,68,4,2.3088235294117645,53.0,"[(DL,14685,53.00),(DL,11953,47.00),(DL,15304,43.00),(DL,13495,38.00)]"
"2025-01-03 08:00:00",7,11433,37,4,21.405405405405407,772.0,"[(DL,12892,772.00),(DL,14908,50.00),(DL,14679,35.00),(NK,14635,33.00)]"
"2025-01-03 08:00:00",8,14107,42,6,10.452380952380953,187.0,"[(F9,14679,187.00),(WN,12954,147.00),(WN,11292,47.00),(UA,11292,42.00),(AA,14057,35.00),(WN,14771,31.00)]"
"2025-01-03 08:00:00",8,11298,60,5,10.466666666666667,481.0,"[(AA,14843,481.00),(AA,14107,141.00),(AA,14683,62.00),(MQ,12206,44.00),(AA,12889,38.00)]"
"2025-01-03 08:00:00",8,13930,69,1,2.130434782608696,111.0,"[(OO,15041,111.00)]"
"2025-01-03 08:00:00",8,10397,68,4,2.3088235294117645,53.0,"[(DL,14685,53.00),(DL,11953,47.00),(DL,15304,43.00),(DL,13495,38.00)]"
"2025-01-03 08:00:00",9,11298,69,6,10.18840579710145,481.0,"[(AA,14843,481.00),(AA,14107,141.00),(MQ,12448,92.00),(AA,14683,62.00),(MQ,12206,44.00),(AA,12889,38.00)]"
"2025-01-03 08:00:00",9,14771,35,5,9.0,161.0,"[(OO,10372,161.00),(WN,14679,113.00),(UA,14679,57.00),(OO,11638,41.00),(AS,11278,39.00)]"
"2025-01-03 08:00:00",9,11278,36,2,4.833333333333333,79.0,"[(OH,10868,79.00),(OH,12217,67.00)]"
"2025-01-03 08:00:00",10,14771,32,5,9.78125,161.0,"[(OO,10372,161.00),(WN,14679,113.00),(UA,14679,57.00),(OO,11638,41.00),(AS,11278,39.00)]"
"2025-01-03 08:00:00",10,11433,37,4,21.405405405405407,772.0,"[(DL,12892,772.00),(DL,14908,50.00),(DL,14679,35.00),(NK,14635,33.00)]"
"2025-01-03 08:00:00",10,13930,69,1,2.130434782608696,111.0,"[(OO,15041,111.00)]"
"2025-01-03 09:00:00",1,11292,69,30,58.89855072463768,369.0,"[(OO,11637,369.00),(OO,11921,198.00),(UA,12451,196.00),(OO,11122,189.00),(UA,10693,185.00),(WN,14679,185.00),(OO,13029,181.00),(OO,11775,181.00),(OO,11413,171.00),(UA,14730,154.00),(UA,14122,135.00),(WN,10849,122.00),(UA,14771,122.00),(UA,11298,121.00),(OO,11423,115.00),(UA,15016,113.00),(OO,14783,112.00),(OO,13871,102.00),(UA,14100,100.00),(UA,14107,76.00)]"
"2025-01-03 09:00:00",1,11292,55,25,56.8,369.0,"[(OO,11637,369.00),(OO,11921,198.00),(UA,10693,185.00),(WN,14679,185.00),(OO,13029,181.00),(UA,14730,154.00),(UA,14122,135.00),(WN,10849,122.00),(UA,14771,122.00),(UA,11298,121.00),(OO,11423,115.00),(OO,14783,112.00),(OO,13871,102.00),(UA,14100,100.00),(UA,14107,76.00),(OO,11996,69.00),(F9,13495,64.00),(F9,10693,60.00),(OO,13158,59.00),(WN,13796,55.00)]"
"2025-01-03 09:00:00",2,12889,34,9,32.1764705882353,387.0,"[(WN,12173,387.00),(WN,14679,138.00),(AA,14107,99.00),(WN,14122,78.00),(HA,12173,54.00),(WN,14576,47.00),(WN,11433,44.00),(UA,11292,41.00),(OO,14679,38.00)]"
"2025-01-03 09:00:00",2,14747,30,7,22.1,197.0,"[(AS,14831,197.00),(AS,14679,140.00),(DL,11298,105.00),(DL,14679,84.00),(AS,14869,52.00),(AS,14492,51.00),(DL,10299,32.00)]"
"2025-01-03 09:00:00",3,12892,42,9,19.023809523809526,190.0,"[(OO,12441,190.00),(OO,10372,175.00),(G4,11193,66.00),(DL,10397,63.00),(OO,10372,60.00),(DL,12266,56.00),(OO,10713,51.00),(AS,14747,48.00),(NK,12266,37.00)]"
"2025-01-03 09:00:00",3,12892,33,6,15.151515151515152,175.0,"[(OO,10372,175.00),(G4,11193,66.00),(OO,10372,60.00),(DL,12266,56.00),(OO,10713,51.00),(AS,14747,48.00)]"
"2025-01-03 09:00:00",4,14747,34,8,21.0,197.0,"[(AS,14831,197.00),(AS,14679,140.00),(DL,11298,105.00),(DL,14679,84.00),(AS,14869,52.00),(AS,14492,51.00),(AS,14771,48.00),(DL,10299,32.00)]"
"2025-01-03 09:00:00",4,13930,47,6,13.106382978723405,181.0,"[(UA,14057,181.00),(UA,14679,133.00),(AA,14100,95.00),(OO,10140,63.00),(NK,14843,57.00),(UA,11618,44.00)]"
"2025-01-03 09:00:00",5,13930,48,6,12.6875,181.0,"[(UA,14057,181.00),(UA,14679,133.00),(AA,14100,95.00),(OO,10140,63.00),(NK,14843,57.00),(UA,11618,44.00)]"
"2025-01-03 09:00:00",5,14107,39,3,5.102564102564102,95.0,"[(AA,11278,95.00),(OO,10372,78.00),(WN,11292,48.00)]"
"2025-01-03 09:00:00",6,14107,49,3,4.163265306122449,95.0,"[(AA,11278,95.00),(OO,10372,78.00),(WN,11292,48.00)]"
"2025-01-03 09:00:00",7,11298,31,2,5.161290322580645,147.0,"[(AA,13204,147.00),(MQ,10136,37.00)]"
"2025-01-03 09:00:00",8,10397,57,2,3.017543859649123,48.0,"[(DL,11433,48.00),(DL,10792,32.00)]"
"2025-01-03 09:00:00",9,11057,48,1,1.3958333333333333,115.0,"[(AA,14576,115.00)]"
"2025-01-03 09:00:00",10,10397,37,0,1.0,26.0,[]
"2025-01-03 10:00:00",1,11292,46,22,46.43478260869565,175.0,"[(UA,11697,175.00),(OO,10627,162.00),(F9,11423,151.00),(UA,10529,143.00),(F9,14683,124.00),(UA,13303,116.00),(WN,10693,113.00),(OO,12278,100.00),(WN,13931,93.00),(OO,13851,90.00),(UA,10397,89.00),(OO,12217,75.00),(UA,11003,75.00),(UA,15412,68.00),(WN,14771,66.00),(UA,13198,65.00),(F9,14107,63.00),(OO,10599,53.00),(UA,14771,53.00),(B6,12478,50.00)]"
"2025-01-03 10:00:00",1,13930,33,4,8.454545454545455,180.0,"[(OO,10372,180.00),(OO,14730,56.00),(AA,14679,55.00),(YX,11042,32.00)]"
"2025-01-03 10:00:00",1,10397,43,6,10.046511627906977,126.0,"[(DL,12173,126.00),(DL,14107,74.00),(DL,14524,62.00),(DL,11042,54.00),(WN,12451,40.00),(DL,14679,39.00)]"
"2025-01-03 10:00:00",2,12892,31,10,16.967741935483872,65.0,"[(OO,10372,65.00),(AA,12982,54.00),(OO,14689,53.00),(F9,14107,44.00),(DL,13204,42.00),(WN,13796,34.00),(WN,14771,34.00),(AA,13303,34.00),(NK,13198,33.00),(OO,12441,32.00)]"
"2025-01-03 10:00:00",2,11298,32,4,6.21875,63.0,"[(AA,10800,63.00),(MQ,11003,55.00),(AA,11638,47.00),(AA,14524,41.00)]"
"2025-01-03 10:00:00",2,12892,36,11,16.97222222222222,80.0,"[(NK,12889,80.00),(OO,10372,65.00),(AA,12982,54.00),(OO,14689,53.00),(F9,14107,44.00),(DL,13204,42.00),(WN,14771,34.00),(AA,13303,34.00),(WN,13796,34.00),(NK,13198,33.00),(OO,12441,32.00)]"
"2025-01-03 10:00:00",2,11298,49,5,5.448979591836735,63.0,"[(AA,10800,63.00),(MQ,11003,55.00),(AA,12012,55.00),(AA,11638,47.00),(AA,14524,41.00)]"
"2025-01-03 10:00:00",3,14771,32,6,21.15625,125.0,"[(OO,14679,125.00),(UA,14689,101.00),(UA,11603,69.00),(WN,12889,56.00),(WN,12892,44.00),(OO,10617,37.00)]"
"2025-01-03 10:00:00",3,11433,34,6,25.294117647058822,310.0,"[(DL,13204,310.00),(OO,11042,181.00),(AA,11057,153.00),(DL,15304,108.00),(OO,13184,104.00),(DL,14635,75.00)]"
"2025-01-03 10:00:00",3,13930,33,4,8.454545454545455,180.0,"[(OO,10372,180.00),(OO,14730,56.00),(AA,14679,55.00),(YX,11042,32.00)]"
"2025-01-03 10:00:00",4,13930,62,6,10.82258064516129,250.0,"[(OO,11471,250.00),(OO,10372,180.00),(OO,10408,102.00),(OO,14730,56.00),(AA,14679,55.00),(YX,11042,32.00)]"
"2025-01-03 10:00:00",4,14771,32,6,21.15625,125.0,"[(OO,14679,125.00),(UA,14689,101.00),(UA,11603,69.00),(WN,12889,56.00),(WN,12892,44.00),(OO,10617,37.00)]"
"2025-01-03 10:00:00",5,11298,59,6,8.169491525423728,221.0,"[(OH,12278,221.00),(AA,10800,63.00),(AA,12012,55.00),(MQ,11003,55.00),(AA,11638,47.00),(AA,14524,41.00)]"
"2025-01-03 10:00:00",5,13930,62,6,10.82258064516129,250.0,"[(OO,11471,250.00),(OO,10372,180.00),(OO,10408,102.00),(OO,14730,56.00),(AA,14679,55.00),(YX,11042,32.00)]"
"2025-01-03 10:00:00",6,10397,60,6,8.116666666666667,126.0,"[(DL,12173,126.00),(DL,14107,74.00),(DL,14524,62.00),(DL,11042,54.00),(WN,12451,40.00),(DL,14679,39.00)]"
"2025-01-03 10:00:00",7,11433,32,5,23.375,310.0,"[(DL,13204,310.00),(OO,11042,181.00),(AA,11057,153.00),(DL,15304,108.00),(DL,14635,75.00)]"
"2025-01-03 10:00:00",7,11298,66,6,7.96969696969697,221.0,"[(OH,12278,221.00),(AA,10800,63.00),(MQ,11003,55.00),(AA,12012,55.00),(AA,11638,47.00),(AA,14524,41.00)]"
"2025-01-03 10:00:00",8,13930,33,4,8.454545454545455,180.0,"[(OO,10372,180.00),(OO,14730,56.00),(AA,14679,55.00),(YX,11042,32.00)]"
"2025-01-03 10:00:00",8,11278,30,1,2.1,95.0,"[(OH,10792,95.00)]"
"2025-01-03 11:00:00",1,11292,82,39,42.23170731707317,389.0,"[(UA,12892,389.00),(OO,11122,328.00),(OO,10372,108.00),(OO,11109,100.00),(UA,14057,99.00),(UA,14679,98.00),(UA,12266,91.00),(UA,13930,89.00),(OO,12012,87.00),(OO,11638,84.00),(UA,13486,81.00),(UA,11921,75.00),(UA,10620,75.00),(OO,13476,73.00),(WN,14679,71.00),(UA,10800,69.00),(F9,11278,66.00),(UA,12094,64.00),(UA,10713,64.00),(UA,11618,63.00)]"
"2025-01-03 11:00:00",2,11292,39,20,55.794871794871796,389.0,"[(UA,12892,389.00),(OO,11122,328.00),(OO,10372,108.00),(OO,11109,100.00),(UA,14679,98.00),(UA,13930,89.00),(OO,12012,87.00),(UA,13486,81.00),(UA,11921,75.00),(UA,10620,75.00),(OO,13476,73.00),(UA,10800,69.00),(UA,12094,64.00),(UA,11618,63.00),(WN,13232,63.00),(UA,14262,59.00),(WN,13487,57.00),(UA,12441,51.00),(OO,16869,42.00),(UA,13891,38.00)]"
"2025-01-03 11:00:00",2,11292,76,35,41.828947368421055,389.0,"[(UA,12892,389.00),(OO,11122,328.00),(OO,10372,108.00),(OO,11109,100.00),(UA,14679,98.00),(UA,12266,91.00),(UA,13930,89.00),(OO,12012,87.00),(OO,11638,84.00),(UA,13486,81.00),(UA,11921,75.00),(UA,10620,75.00),(OO,13476,73.00),(WN,14679,71.00),(UA,10800,69.00),(UA,12094,64.00),(UA,10713,64.00),(UA,11618,63.00),(WN,13232,63.00),(OO,10157,60.00)]"
"2025-01-03 11:00:00",2,12889,30,8,38.53333333333333,582.0,"[(AA,13930,582.00),(WN,13232,176.00),(WN,14679,89.00),(WN,11259,55.00),(WN,14831,54.00),(UA,14771,42.00),(DL,12892,35.00),(WN,12758,33.00)]"
"2025-01-03 11:00:00",3,12889,30,8,38.53333333333333,582.0,"[(AA,13930,582.00),(WN,13232,176.00),(WN,14679,89.00),(WN,11259,55.00),(WN,14831,54.00),(UA,14771,42.00),(DL,12892,35.00),(WN,12758,33.00)]"
"2025-01-03 11:00:00",3,14869,45,8,22.333333333333332,345.0,"[(OO,12156,345.00),(DL,14679,194.00),(DL,14122,155.00),(OO,11884,122.00),(DL,12954,81.00),(DL,14107,50.00),(DL,14771,37.00),(DL,11057,32.00)]"
"2025-01-03 11:00:00",4,14869,45,8,22.333333333333332,345.0,"[(OO,12156,345.00),(DL,14679,194.00),(DL,14122,155.00),(OO,11884,122.00),(DL,12954,81.00),(DL,14107,50.00),(DL,14771,37.00),(DL,11057,32.00)]"
"2025-01-03 11:00:00",4,11298,44,7,20.272727272727273,276.0,"[(AA,12173,276.00),(NK,12953,263.00),(OO,11695,121.00),(MQ,11982,81.00),(AA,14679,68.00),(MQ,14814,50.00),(AA,14057,35.00)]"
"2025-01-03 11:00:00",5,11298,43,7,20.27906976744186,276.0,"[(AA,12173,276.00),(NK,12953,263.00),(OO,11695,121.00),(MQ,11982,81.00),(AA,14679,68.00),(MQ,14814,50.00),(AA,14057,35.00)]"
"2025-01-03 11:00:00",5,11298,44,7,20.272727272727273,276.0,"[(AA,12173,276.00),(NK,12953,263.00),(OO,11695,121.00),(MQ,11982,81.00),(AA,14679,68.00),(MQ,14814,50.00),(AA,14057,35.00)]"
"2025-01-03 11:00:00",5,14107,46,6,6.260869565217392,108.0,"[(MQ,11603,108.00),(AA,14771,67.00),(AA,11638,44.00),(AA,10561,37.00),(AA,13830,36.00),(AA,14893,33.00)]"
"2025-01-03 11:00:00",6,11298,44,7,20.272727272727273,276.0,"[(AA,12173,276.00),(NK,12953,263.00),(OO,11695,121.00),(MQ,11982,81.00),(AA,14679,68.00),(MQ,14814,50.00),(AA,14057,35.00)]"
"2025-01-03 11:00:00",6,14869,38,6,22.36842105263158,345.0,"[(OO,12156,345.00),(DL,14679,194.00),(DL,14122,155.00),(DL,12954,81.00),(DL,14771,37.00),(DL,11057,32.00)]"
"2025-01-03 11:00:00",6,14107,43,6,6.767441860465116,108.0,"[(MQ,11603,108.00),(AA,14771,67.00),(AA,11638,44.00),(AA,10561,37.00),(AA,13830,36.00),(AA,14893,33.00)]"
"2025-01-03 11:00:00",6,11057,58,5,7.224137931034483,170.0,"[(MQ,10397,170.00),(OH,13360,107.00),(AA,10721,81.00),(OH,12264,52.00),(AA,14679,51.00)]"
"2025-01-03 11:00:00",7,14107,46,6,6.260869565217392,108.0,"[(MQ,11603,108.00),(AA,14771,67.00),(AA,11638,44.00),(AA,10561,37.00),(AA,13830,36.00),(AA,14893,33.00)]"
"2025-01-03 11:00:00",7,10397,48,3,3.1041666666666665,52.0,"[(OO,10372,52.00),(DL,10849,38.00),(DL,10821,33.00)]"
"2025-01-03 11:00:00",8,11057,58,5,7.224137931034483,170.0,"[(MQ,10397,170.00),(OH,13360,107.00),(AA,10721,81.00),(OH,12264,52.00),(AA,14679,51.00)]"
"2025-01-03 11:00:00",8,11298,30,5,25.933333333333334,276.0,"[(AA,12173,276.00),(NK,12953,263.00),(OO,11695,121.00),(MQ,11982,81.00),(AA,14679,68.00)]"
"2025-01-03 11:00:00",9,11057,36,3,6.333333333333333,107.0,"[(OH,13360,107.00),(AA,10721,81.00),(AA,14679,51.00)]"
"2025-01-03 11:00:00",9,11057,53,5,8.471698113207546,170.0,"[(MQ,10397,170.00),(OH,13360,107.00),(AA,10721,81.00),(OH,12264,52.00),(AA,14679,51.00)]"
"2025-01-03 11:00:00",9,11057,45,4,7.355555555555555,170.0,"[(MQ,10397,170.00),(OH,13360,107.00),(OH,12264,52.00),(AA,14679,51.00)]"
"2025-01-03 11:00:00",10,10397,46,3,3.239130434782609,52.0,"[(OO,10372,52.00),(DL,10849,38.00),(DL,10821,33.00)]"
"2025-01-03 11:00:00",10,11057,58,5,7.224137931034483,170.0,"[(MQ,10397,170.00),(OH,13360,107.00),(AA,10721,81.00),(OH,12264,52.00),(AA,14679,51.00)]"
"2025-01-03 11:00:00",10,10397,48,3,3.1041666666666665,52.0,"[(OO,10372,52.00),(DL,10849,38.00),(DL,10821,33.00)]"
"2025-01-03 12:00:00",1,11292,36,11,21.13888888888889,65.0,"[(OO,11468,65.00),(WN,14683,57.00),(WN,12892,55.00),(WN,14986,51.00),(DL,12892,48.00),(OO,11865,44.00),(WN,12339,42.00),(WN,12953,37.00),(WN,12889,37.00),(AA,11298,36.00),(OO,11233,34.00)]"
"2025-01-03 12:00:00",2,11298,71,7,4.084507042253521,81.0,"[(AA,10721,81.00),(AA,11278,65.00),(AA,12478,58.00),(AA,11996,56.00),(AA,12264,36.00),(AA,12012,33.00),(MQ,12323,33.00)]"
"2025-01-03 12:00:00",2,11298,71,7,4.084507042253521,81.0,"[(AA,10721,81.00),(AA,11278,65.00),(AA,12478,58.00),(AA,11996,56.00),(AA,12264,36.00),(MQ,12323,33.00),(AA,12012,33.00)]"
"2025-01-03 12:00:00",2,11292,31,10,22.032258064516128,65.0,"[(OO,11468,65.00),(WN,14683,57.00),(WN,12892,55.00),(WN,14986,51.00),(DL,12892,48.00),(OO,11865,44.00),(WN,12339,42.00),(WN,12953,37.00),(WN,12889,37.00),(OO,11233,34.00)]"
"2025-01-03 12:00:00",3,13930,39,4,8.461538461538462,91.0,"[(UA,14869,91.00),(OO,10849,53.00),(AA,12953,40.00),(OO,11986,35.00)]"
"2025-01-03 12:00:00",3,11298,71,7,4.084507042253521,81.0,"[(AA,10721,81.00),(AA,11278,65.00),(AA,12478,58.00),(AA,11996,56.00),(AA,12264,36.00),(MQ,12323,33.00),(AA,12012,33.00)]"
"2025-01-03 12:00:00",4,13204,32,3,6.65625,37.0,"[(B6,12391,37.00),(DL,11433,35.00),(B6,14524,34.00)]"
"2025-01-03 12:00:00",4,13930,39,4,8.461538461538462,91.0,"[(UA,14869,91.00),(OO,10849,53.00),(AA,12953,40.00),(OO,11986,35.00)]"
"2025-01-03 12:00:00",5,11298,42,2,0.09523809523809523,33.0,"[(AA,12012,33.00),(MQ,12323,33.00)]"
"2025-01-03 12:00:00",5,13204,30,2,5.966666666666667,35.0,"[(DL,11433,35.00),(B6,14524,34.00)]"
"2025-01-03 12:00:00",5,13204,32,3,6.65625,37.0,"[(B6,12391,37.00),(DL,11433,35.00),(B6,14524,34.00)]"
"2025-01-03 12:00:00",5,10397,43,1,2.511627906976744,173.0,"[(B6,10721,173.00)]"
"2025-01-03 12:00:00",6,10397,43,1,2.511627906976744,173.0,"[(B6,10721,173.00)]"
"2025-01-03 12:00:00",6,11298,42,2,0.09523809523809523,33.0,"[(MQ,12323,33.00),(AA,12012,33.00)]"
"2025-01-03 12:00:00",6,11298,35,3,5.085714285714285,81.0,"[(AA,10721,81.00),(AA,12478,58.00),(MQ,12323,33.00)]"
"2025-01-03 12:00:00",7,10397,43,1,2.511627906976744,173.0,"[(B6,10721,173.00)]"
"2025-01-03 12:00:00",7,10397,31,1,3.2580645161290325,173.0,"[(B6,10721,173.00)]"
"2025-01-03 12:00:00",8,11298,36,1,0.16666666666666666,33.0,"[(MQ,12323,33.00)]"
"2025-01-03 12:00:00",8,10397,43,1,2.511627906976744,173.0,"[(B6,10721,173.00)]"
"2025-01-03 13:00:00",1,11292,66,16,32.93939393939394,345.0,"[(OO,13029,345.00),(UA,11697,229.00),(UA,11648,177.00),(UA,13487,167.00),(OO,10627,159.00),(OO,11921,154.00),(UA,12094,135.00),(WN,13232,73.00),(UA,14679,67.00),(UA,12266,64.00),(OO,15919,56.00),(UA,10721,39.00),(WN,14635,33.00),(F9,12889,32.00),(UA,13930,32.00),(WN,12264,32.00)]"
"2025-01-03 13:00:00",2,11298,31,10,26.0,194.0,"[(AA,14771,194.00),(AA,11057,103.00),(UA,11292,87.00),(AA,12889,85.00),(AA,14193,74.00),(AA,14679,73.00),(AA,14869,45.00),(AA,11433,39.00),(MQ,10136,35.00),(AA,11193,35.00)]"
"2025-01-03 13:00:00",2,11298,32,10,24.9375,194.0,"[(AA,14771,194.00),(AA,11057,103.00),(UA,11292,87.00),(AA,12889,85.00),(AA,14193,74.00),(AA,14679,73.00),(AA,14869,45.00),(AA,11433,39.00),(MQ,10136,35.00),(AA,11193,35.00)]"
"2025-01-03 13:00:00",3,11298,32,10,24.9375,194.0,"[(AA,14771,194.00),(AA,11057,103.00),(UA,11292,87.00),(AA,12889,85.00),(AA,14193,74.00),(AA,14679,73.00),(AA,14869,45.00),(AA,11433,39.00),(MQ,10136,35.00),(AA,11193,35.00)]"
"2025-01-03 13:00:00",3,14771,30,8,26.233333333333334,209.0,"[(OO,14747,209.00),(WN,15016,151.00),(OO,14679,144.00),(AA,13930,82.00),(DL,14869,53.00),(UA,10423,50.00),(UA,12173,35.00),(AS,12264,31.00)]"
"2025-01-03 13:00:00",3,11292,40,8,33.15,345.0,"[(OO,13029,345.00),(UA,11697,229.00),(UA,11648,177.00),(OO,11921,154.00),(OO,15919,56.00),(UA,10721,39.00),(WN,14635,33.00),(F9,12889,32.00)]"
"2025-01-03 13:00:00",4,14771,30,8,26.233333333333334,209.0,"[(OO,14747,209.00),(WN,15016,151.00),(OO,14679,144.00),(AA,13930,82.00),(DL,14869,53.00),(UA,10423,50.00),(UA,12173,35.00),(AS,12264,31.00)]"
"2025-01-03 13:00:00",4,14107,34,7,14.176470588235293,129.0,"[(WN,11042,129.00),(AA,11298,81.00),(F9,14908,71.00),(UA,11292,64.00),(F9,11292,57.00),(F9,14869,45.00),(DL,10397,41.00)]"
"2025-01-03 13:00:00",5,14107,34,7,14.176470588235293,129.0,"[(WN,11042,129.00),(AA,11298,81.00),(F9,14908,71.00),(UA,11292,64.00),(F9,11292,57.00),(F9,14869,45.00),(DL,10397,41.00)]"
"2025-01-03 13:00:00",5,13930,37,6,18.72972972972973,171.0,"[(OO,10372,171.00),(AA,11057,164.00),(UA,12892,88.00),(UA,14679,87.00),(YX,15096,70.00),(OO,11433,40.00)]"
"2025-01-03 13:00:00",5,13930,42,6,16.30952380952381,171.0,"[(OO,10372,171.00),(AA,11057,164.00),(UA,12892,88.00),(UA,14679,87.00),(YX,15096,70.00),(OO,11433,40.00)]"
"2025-01-03 13:00:00",6,13930,42,6,16.30952380952381,171.0,"[(OO,10372,171.00),(AA,11057,164.00),(UA,12892,88.00),(UA,14679,87.00),(YX,15096,70.00),(OO,11433,40.00)]"
"2025-01-03 13:00:00",6,13930,39,6,17.512820512820515,171.0,"[(OO,10372,171.00),(AA,11057,164.00),(UA,12892,88.00),(UA,14679,87.00),(YX,15096,70.00),(OO,11433,40.00)]"
"2025-01-03 13:00:00",6,14747,30,6,12.466666666666667,146.0,"[(AS,14771,146.00),(AS,10800,86.00),(AS,14635,53.00),(WN,14893,37.00),(DL,11292,35.00),(AA,11057,34.00)]"
"2025-01-03 13:00:00",7,14747,30,6,12.466666666666667,146.0,"[(AS,14771,146.00),(AS,10800,86.00),(AS,14635,53.00),(WN,14893,37.00),(DL,11292,35.00),(AA,11057,34.00)]"
"2025-01-03 13:00:00",7,13930,42,6,16.30952380952381,171.0,"[(OO,10372,171.00),(AA,11057,164.00),(UA,12892,88.00),(UA,14679,87.00),(YX,15096,70.00),(OO,11433,40.00)]"
"2025-01-03 13:00:00",7,10397,38,3,4.526315789473684,139.0,"[(DL,14679,139.00),(DL,11066,34.00),(DL,14685,34.00)]"
"2025-01-03 13:00:00",8,13930,39,5,13.461538461538462,171.0,"[(OO,10372,171.00),(UA,12892,88.00),(UA,14679,87.00),(YX,15096,70.00),(OO,11433,40.00)]"
"2025-01-03 13:00:00",8,10397,38,3,4.526315789473684,139.0,"[(DL,14679,139.00),(DL,11066,34.00),(DL,14685,34.00)]"
"2025-01-03 13:00:00",8,14747,30,6,12.466666666666667,146.0,"[(AS,14771,146.00),(AS,10800,86.00),(AS,14635,53.00),(WN,14893,37.00),(DL,11292,35.00),(AA,11057,34.00)]"
"2025-01-03 13:00:00",8,11057,43,3,3.0930232558139537,72.0,"[(AA,11433,72.00),(MQ,12124,38.00),(OH,11193,34.00)]"
"2025-01-03 13:00:00",9,10397,38,3,4.526315789473684,139.0,"[(DL,14679,139.00),(DL,11066,34.00),(DL,14685,34.00)]"
"2025-01-03 13:00:00",9,11057,43,3,3.0930232558139537,72.0,"[(AA,11433,72.00),(MQ,12124,38.00),(OH,11193,34.00)]"
"2025-01-03 13:00:00",10,11057,40,3,3.375,72.0,"[(AA,11433,72.00),(MQ,12124,38.00),(OH,11193,34.00)]"
"2025-01-03 13:00:00",10,11057,43,3,3.0930232558139537,72.0,"[(AA,11433,72.00),(MQ,12124,38.00),(OH,11193,34.00)]"
"2025-01-03 14:00:00",1,12889,36,12,33.166666666666664,245.0,"[(AA,13930,245.00),(OO,14679,217.00),(AS,14747,88.00),(AA,11298,85.00),(WN,14893,76.00),(WN,13891,56.00),(WN,10140,55.00),(WN,14107,53.00),(WN,14570,45.00),(WN,11259,37.00),(WN,13851,33.00),(WN,12992,31.00)]"
"2025-01-03 14:00:00",2,11298,56,12,15.160714285714286,203.0,"[(AA,10821,203.00),(AA,11066,135.00),(AA,14027,105.00),(AA,13244,94.00),(AA,14100,75.00),(MQ,12191,55.00),(AA,15412,46.00),(NK,11433,40.00),(MQ,15370,40.00),(AA,14679,36.00),(MQ,13158,35.00),(OH,12448,32.00)]"
"2025-01-03 14:00:00",3,14107,35,11,38.48571428571429,358.0,"[(OO,12892,358.00),(WN,13342,178.00),(UA,11618,133.00),(WN,14570,123.00),(F9,14679,114.00),(WN,12339,86.00),(WN,14679,65.00),(WN,12892,53.00),(AA,14771,51.00),(MQ,14893,48.00),(DL,14869,35.00)]"
"2025-01-03 14:00:00",4,12889,31,8,25.29032258064516,245.0,"[(AA,13930,245.00),(AA,11298,85.00),(WN,14893,76.00),(WN,13891,56.00),(WN,14107,53.00),(WN,14570,45.00),(WN,13851,33.00),(WN,12992,31.00)]"
"2025-01-03 14:00:00",4,11298,43,10,15.651162790697674,203.0,"[(AA,10821,203.00),(AA,11066,135.00),(AA,13244,94.00),(AA,14100,75.00),(MQ,12191,55.00),(AA,15412,46.00),(NK,11433,40.00),(MQ,15370,40.00),(MQ,13158,35.00),(OH,12448,32.00)]"
"2025-01-03 14:00:00",4,12889,33,11,32.63636363636363,245.0,"[(AA,13930,245.00),(OO,14679,217.00),(AA,11298,85.00),(WN,14893,76.00),(WN,13891,56.00),(WN,10140,55.00),(WN,14107,53.00),(WN,14570,45.00),(WN,11259,37.00),(WN,13851,33.00),(WN,12992,31.00)]"
"2025-01-03 14:00:00",4,11292,30,8,23.133333333333333,157.0,"[(OO,10279,157.00),(OO,11637,98.00),(UA,12889,87.00),(UA,10849,65.00),(WN,15304,60.00),(WN,11259,50.00),(WN,13495,32.00),(WN,12889,31.00)]"
"2025-01-03 14:00:00",5,11292,30,8,23.133333333333333,157.0,"[(OO,10279,157.00),(OO,11637,98.00),(UA,12889,87.00),(UA,10849,65.00),(WN,15304,60.00),(WN,11259,50.00),(WN,13495,32.00),(WN,12889,31.00)]"
"2025-01-03 14:00:00",5,13930,54,8,13.962962962962964,176.0,"[(OO,14574,176.00),(OO,13342,93.00),(UA,11057,85.00),(UA,14679,79.00),(UA,11278,64.00),(UA,11618,59.00),(UA,14771,45.00),(OO,12945,31.00)]"
"2025-01-03 14:00:00",6,13930,54,8,13.962962962962964,176.0,"[(OO,14574,176.00),(OO,13342,93.00),(UA,11057,85.00),(UA,14679,79.00),(UA,11278,64.00),(UA,11618,59.00),(UA,14771,45.00),(OO,12945,31.00)]"
"2025-01-03 14:00:00",6,13930,51,8,14.745098039215685,176.0,"[(OO,14574,176.00),(OO,13342,93.00),(UA,11057,85.00),(UA,14679,79.00),(UA,11278,64.00),(UA,11618,59.00),(UA,14771,45.00),(OO,12945,31.00)]"
"2025-01-03 14:00:00",6,12892,33,6,17.575757575757574,158.0,"[(WN,12889,158.00),(DL,14771,125.00),(DL,10397,87.00),(OO,14698,67.00),(WN,13796,44.00),(DL,12982,32.00)]"
"2025-01-03 14:00:00",7,12892,33,6,17.575757575757574,158.0,"[(WN,12889,158.00),(DL,14771,125.00),(DL,10397,87.00),(OO,14698,67.00),(WN,13796,44.00),(DL,12982,32.00)]"
"2025-01-03 14:00:00",7,13930,54,8,13.962962962962964,176.0,"[(OO,14574,176.00),(OO,13342,93.00),(UA,11057,85.00),(UA,14679,79.00),(UA,11278,64.00),(UA,11618,59.00),(UA,14771,45.00),(OO,12945,31.00)]"
"2025-01-03 14:00:00",7,10397,36,2,4.361111111111111,151.0,"[(MQ,11057,151.00),(DL,14122,58.00)]"
"2025-01-03 14:00:00",8,10397,30,2,4.7,151.0,"[(MQ,11057,151.00),(DL,14122,58.00)]"
"2025-01-03 14:00:00",8,10397,36,2,4.361111111111111,151.0,"[(MQ,11057,151.00),(DL,14122,58.00)]"
"2025-01-03 14:00:00",8,12892,33,6,17.575757575757574,158.0,"[(WN,12889,158.00),(DL,14771,125.00),(DL,10397,87.00),(OO,14698,67.00),(WN,13796,44.00),(DL,12982,32.00)]"
"2025-01-03 14:00:00",8,11057,38,1,3.9473684210526314,99.0,"[(OH,15412,99.00)]"
"2025-01-03 14:00:00",9,10397,36,2,4.361111111111111,151.0,"[(MQ,11057,151.00),(DL,14122,58.00)]"
"2025-01-03 14:00:00",9,11057,38,1,3.9473684210526314,99.0,"[(OH,15412,99.00)]"
"2025-01-03 14:00:00",10,11057,38,1,3.9473684210526314,99.0,"[(OH,15412,99.00)]"
"2025-01-03 14:00:00",10,10397,34,2,4.323529411764706,151.0,"[(MQ,11057,151.00),(DL,14122,58.00)]"
"2025-01-03 15:00:00",1,11292,48,14,47.020833333333336,990.0,"[(OO,12280,990.00),(WN,15370,207.00),(OO,11413,158.00),(F9,12191,107.00),(OO,11109,106.00),(OO,14237,87.00),(OO,14262,74.00),(UA,14771,67.00),(OO,11122,41.00),(UA,14869,41.00),(OO,10140,38.00),(OO,10620,35.00),(OO,11921,34.00),(UA,11884,31.00)]"
"2025-01-03 15:00:00",2,11298,47,14,23.06382978723404,266.0,"[(AA,11540,266.00),(NK,14831,118.00),(AA,14635,90.00),(AA,11109,84.00),(OO,13277,82.00),(AA,13930,58.00),(AA,10140,50.00),(AA,14683,47.00),(AA,14057,40.00),(AA,13487,39.00),(AA,15304,37.00),(AA,10994,35.00),(AA,12892,34.00),(AA,14107,34.00)]"
"2025-01-03 15:00:00",2,11298,39,14,26.487179487179485,266.0,"[(AA,11540,266.00),(NK,14831,118.00),(AA,14635,90.00),(AA,11109,84.00),(OO,13277,82.00),(AA,13930,58.00),(AA,10140,50.00),(AA,14683,47.00),(AA,14057,40.00),(AA,13487,39.00),(AA,15304,37.00),(AA,10994,35.00),(AA,12892,34.00),(AA,14107,34.00)]"
"2025-01-03 15:00:00",3,11298,38,12,26.210526315789473,266.0,"[(AA,11540,266.00),(NK,14831,118.00),(AA,14635,90.00),(AA,11109,84.00),(OO,13277,82.00),(AA,13930,58.00),(AA,10140,50.00),(AA,14057,40.00),(AA,13487,39.00),(AA,15304,37.00),(AA,12892,34.00),(AA,14107,34.00)]"
"2025-01-03 15:00:00",3,11298,47,14,23.06382978723404,266.0,"[(AA,11540,266.00),(NK,14831,118.00),(AA,14635,90.00),(AA,11109,84.00),(OO,13277,82.00),(AA,13930,58.00),(AA,10140,50.00),(AA,14683,47.00),(AA,14057,40.00),(AA,13487,39.00),(AA,15304,37.00),(AA,10994,35.00),(AA,12892,34.00),(AA,14107,34.00)]"
"2025-01-03 15:00:00",3,12889,31,8,32.61290322580645,253.0,"[(WN,14107,253.00),(WN,14893,179.00),(WN,11109,125.00),(NK,14679,100.00),(WN,14683,85.00),(WN,12892,40.00),(WN,14689,33.00),(WN,12954,33.00)]"
"2025-01-03 15:00:00",4,12889,31,8,32.61290322580645,253.0,"[(WN,14107,253.00),(WN,14893,179.00),(WN,11109,125.00),(NK,14679,100.00),(WN,14683,85.00),(WN,12892,40.00),(WN,12954,33.00),(WN,14689,33.00)]"
"2025-01-03 15:00:00",4,12889,31,8,32.61290322580645,253.0,"[(WN,14107,253.00),(WN,14893,179.00),(WN,11109,125.00),(NK,14679,100.00),(WN,14683,85.00),(WN,12892,40.00),(WN,14689,33.00),(WN,12954,33.00)]"
"2025-01-03 15:00:00",4,14107,30,6,18.966666666666665,100.0,"[(F9,14831,100.00),(WN,14869,74.00),(WN,14831,50.00),(WN,10693,39.00),(WN,14908,37.00),(OO,11638,36.00)]"
"2025-01-03 15:00:00",5,14107,30,6,18.966666666666665,100.0,"[(F9,14831,100.00),(WN,14869,74.00),(WN,14831,50.00),(WN,10693,39.00),(WN,14908,37.00),(OO,11638,36.00)]"
"2025-01-03 15:00:00",5,11292,33,7,21.545454545454547,158.0,"[(OO,11413,158.00),(OO,14237,87.00),(OO,14262,74.00),(UA,14771,67.00),(OO,11122,41.00),(UA,14869,41.00),(OO,11921,34.00)]"
"2025-01-03 15:00:00",5,14869,33,5,51.45454545454545,1161.0,"[(DL,12173,1161.00),(DL,14747,263.00),(OO,11638,77.00),(DL,14107,74.00),(OO,11648,53.00)]"
"2025-01-03 15:00:00",6,14869,33,5,51.45454545454545,1161.0,"[(DL,12173,1161.00),(DL,14747,263.00),(OO,11638,77.00),(DL,14107,74.00),(OO,11648,53.00)]"
"2025-01-03 15:00:00",6,14107,30,6,18.966666666666665,100.0,"[(F9,14831,100.00),(WN,14869,74.00),(WN,14831,50.00),(WN,10693,39.00),(WN,14908,37.00),(OO,11638,36.00)]"
"2025-01-03 15:00:00",6,13930,38,3,8.894736842105264,98.0,"[(UA,14747,98.00),(OO,13198,88.00),(OO,13367,85.00)]"
"2025-01-03 15:00:00",7,13930,38,3,8.894736842105264,98.0,"[(UA,14747,98.00),(OO,13198,88.00),(OO,13367,85.00)]"
"2025-01-03 15:00:00",7,14869,33,5,51.45454545454545,1161.0,"[(DL,12173,1161.00),(DL,14747,263.00),(OO,11638,77.00),(DL,14107,74.00),(OO,11648,53.00)]"
"2025-01-03 15:00:00",7,14747,32,2,5.375,100.0,"[(DL,14492,100.00),(AS,12892,38.00)]"
"2025-01-03 15:00:00",8,14747,32,2,5.375,100.0,"[(DL,14492,100.00),(AS,12892,38.00)]"
"2025-01-03 15:00:00",8,13930,30,3,11.466666666666667,98.0,"[(UA,14747,98.00),(OO,13198,88.00),(OO,13367,85.00)]"
"2025-01-03 15:00:00",8,10397,43,2,1.0465116279069768,34.0,"[(DL,13204,34.00),(DL,11697,32.00)]"
"2025-01-03 15:00:00",9,10397,43,2,1.0465116279069768,34.0,"[(DL,13204,34.00),(DL,11697,32.00)]"
"2025-01-03 15:00:00",9,13930,38,3,8.894736842105264,98.0,"[(UA,14747,98.00),(OO,13198,88.00),(OO,13367,85.00)]"
"2025-01-03 15:00:00",10,14747,32,2,5.375,100.0,"[(DL,14492,100.00),(AS,12892,38.00)]"
"2025-01-03 16:00:00",1,11292,58,19,30.448275862068964,209.0,"[(OO,14674,209.00),(WN,13871,180.00),(WN,10693,170.00),(UA,12889,158.00),(F9,13487,89.00),(WN,13303,85.00),(UA,11618,82.00),(F9,13232,63.00),(F9,13851,62.00),(WN,14107,61.00),(UA,14570,60.00),(WN,13204,57.00),(UA,10800,55.00),(WN,14893,49.00),(UA,14107,43.00),(UA,10721,41.00),(UA,14679,40.00),(OO,14877,37.00),(WN,10140,36.00)]"
"2025-01-03 16:00:00",1,11292,57,19,30.964912280701753,209.0,"[(OO,14674,209.00),(WN,13871,180.00),(WN,10693,170.00),(UA,12889,158.00),(F9,13487,89.00),(WN,13303,85.00),(UA,11618,82.00),(F9,13232,63.00),(F9,13851,62.00),(WN,14107,61.00),(UA,14570,60.00),(WN,13204,57.00),(UA,10800,55.00),(WN,14893,49.00),(UA,14107,43.00),(UA,10721,41.00),(UA,14679,40.00),(OO,14877,37.00),(WN,10140,36.00)]"
"2025-01-03 16:00:00",2,11298,59,13,16.338983050847457,88.0,"[(DL,14747,88.00),(F9,14679,87.00),(OO,12891,84.00),(AA,13204,83.00),(AA,14492,72.00),(AA,14107,63.00),(NK,11057,59.00),(AA,12896,52.00),(AA,10397,47.00),(AA,13871,46.00),(AA,13303,45.00),(MQ,10781,41.00),(AA,13256,31.00)]"
"2025-01-03 16:00:00",2,11292,58,19,30.448275862068964,209.0,"[(OO,14674,209.00),(WN,13871,180.00),(WN,10693,170.00),(UA,12889,158.00),(F9,13487,89.00),(WN,13303,85.00),(UA,11618,82.00),(F9,13232,63.00),(F9,13851,62.00),(WN,14107,61.00),(UA,14570,60.00),(WN,13204,57.00),(UA,10800,55.00),(WN,14893,49.00),(UA,14107,43.00),(UA,10721,41.00),(UA,14679,40.00),(OO,14877,37.00),(WN,10140,36.00)]"
"2025-01-03 16:00:00",3,11057,49,11,22.877551020408163,285.0,"[(OH,14307,285.00),(MQ,14685,133.00),(OH,14108,105.00),(AA,10693,99.00),(AA,11697,88.00),(OH,14524,70.00),(AA,11433,70.00),(AA,12953,51.00),(AA,15016,49.00),(AA,14679,34.00),(AA,13930,33.00)]"
"2025-01-03 16:00:00",3,11292,46,15,30.282608695652176,209.0,"[(OO,14674,209.00),(WN,13871,180.00),(WN,10693,170.00),(F9,13487,89.00),(WN,13303,85.00),(UA,11618,82.00),(F9,13232,63.00),(F9,13851,62.00),(UA,14570,60.00),(WN,13204,57.00),(WN,14893,49.00),(UA,10721,41.00),(UA,14679,40.00),(OO,14877,37.00),(WN,10140,36.00)]"
"2025-01-03 16:00:00",4,14107,41,10,20.317073170731707,206.0,"[(WN,14893,206.00),(AS,14747,107.00),(AA,12451,66.00),(DL,11433,66.00),(WN,10140,56.00),(WN,12954,54.00),(AA,14492,53.00),(WN,14492,42.00),(WN,15370,38.00),(WN,11292,37.00)]"
"2025-01-03 16:00:00",4,11298,59,13,16.338983050847457,88.0,"[(DL,14747,88.00),(F9,14679,87.00),(OO,12891,84.00),(AA,13204,83.00),(AA,14492,72.00),(AA,14107,63.00),(NK,11057,59.00),(AA,12896,52.00),(AA,10397,47.00),(AA,13871,46.00),(AA,13303,45.00),(MQ,10781,41.00),(AA,13256,31.00)]"
"2025-01-03 16:00:00",4,14107,41,10,20.317073170731707,206.0,"[(WN,14893,206.00),(AS,14747,107.00),(DL,11433,66.00),(AA,12451,66.00),(WN,10140,56.00),(WN,12954,54.00),(AA,14492,53.00),(WN,14492,42.00),(WN,15370,38.00),(WN,11292,37.00)]"
"2025-01-03 16:00:00",5,14771,31,8,27.806451612903224,172.0,"[(OO,10372,172.00),(DL,12892,151.00),(AS,14747,147.00),(UA,12892,53.00),(UA,12758,50.00),(OO,11603,49.00),(OO,14489,38.00),(OO,14570,35.00)]"
"2025-01-03 16:00:00",5,11057,49,11,22.877551020408163,285.0,"[(OH,14307,285.00),(MQ,14685,133.00),(OH,14108,105.00),(AA,10693,99.00),(AA,11697,88.00),(OH,14524,70.00),(AA,11433,70.00),(AA,12953,51.00),(AA,15016,49.00),(AA,14679,34.00),(AA,13930,33.00)]"
"2025-01-03 16:00:00",5,14107,30,9,25.066666666666666,206.0,"[(WN,14893,206.00),(AS,14747,107.00),(DL,11433,66.00),(AA,12451,66.00),(WN,10140,56.00),(WN,12954,54.00),(AA,14492,53.00),(WN,14492,42.00),(WN,15370,38.00)]"
"2025-01-03 16:00:00",6,10397,57,8,10.859649122807017,159.0,"[(F9,14492,159.00),(DL,14679,111.00),(DL,14492,76.00),(DL,12448,72.00),(DL,12892,63.00),(DL,14843,52.00),(DL,11697,46.00),(UA,11292,37.00)]"
"2025-01-03 16:00:00",6,14107,41,10,20.317073170731707,206.0,"[(WN,14893,206.00),(AS,14747,107.00),(DL,11433,66.00),(AA,12451,66.00),(WN,10140,56.00),(WN,12954,54.00),(AA,14492,53.00),(WN,14492,42.00),(WN,15370,38.00),(WN,11292,37.00)]"
"2025-01-03 16:00:00",6,14771,31,8,27.806451612903224,172.0,"[(OO,10372,172.00),(DL,12892,151.00),(AS,14747,147.00),(UA,12892,53.00),(UA,12758,50.00),(OO,11603,49.00),(OO,14489,38.00),(OO,14570,35.00)]"
"2025-01-03 16:00:00",7,11433,30,7,27.433333333333334,194.0,"[(DL,14747,194.00),(DL,14107,134.00),(NK,14635,129.00),(DL,11697,118.00),(DL,14679,118.00),(DL,13487,66.00),(UA,11292,33.00)]"
"2025-01-03 16:00:00",7,11298,47,10,15.404255319148936,88.0,"[(DL,14747,88.00),(F9,14679,87.00),(AA,13204,83.00),(AA,14107,63.00),(NK,11057,59.00),(AA,10397,47.00),(AA,13871,46.00),(AA,13303,45.00),(MQ,10781,41.00),(AA,13256,31.00)]"
"2025-01-03 16:00:00",7,10397,57,8,10.859649122807017,159.0,"[(F9,14492,159.00),(DL,14679,111.00),(DL,14492,76.00),(DL,12448,72.00),(DL,12892,63.00),(DL,14843,52.00),(DL,11697,46.00),(UA,11292,37.00)]"
"2025-01-03 16:00:00",8,13930,30,7,18.566666666666666,274.0,"[(UA,14771,274.00),(UA,14908,54.00),(UA,14893,51.00),(NK,12953,37.00),(F9,14986,33.00),(MQ,11066,33.00),(UA,14679,32.00)]"
"2025-01-03 16:00:00",8,14107,36,9,22.805555555555557,206.0,"[(WN,14893,206.00),(AS,14747,107.00),(DL,11433,66.00),(AA,12451,66.00),(WN,10140,56.00),(WN,12954,54.00),(AA,14492,53.00),(WN,14492,42.00),(WN,15370,38.00)]"
"2025-01-03 16:00:00",8,11433,30,7,27.433333333333334,194.0,"[(DL,14747,194.00),(DL,14107,134.00),(NK,14635,129.00),(DL,11697,118.00),(DL,14679,118.00),(DL,13487,66.00),(UA,11292,33.00)]"
"2025-01-03 16:00:00",9,11057,35,9,20.4,133.0,"[(MQ,14685,133.00),(AA,10693,99.00),(AA,11697,88.00),(OH,14524,70.00),(AA,11433,70.00),(AA,12953,51.00),(AA,15016,49.00),(AA,14679,34.00),(AA,13930,33.00)]"
"2025-01-03 16:00:00",9,13930,30,7,18.566666666666666,274.0,"[(UA,14771,274.00),(UA,14908,54.00),(UA,14893,51.00),(NK,12953,37.00),(F9,14986,33.00),(MQ,11066,33.00),(UA,14679,32.00)]"
"2025-01-03 16:00:00",10,14771,31,8,27.806451612903224,172.0,"[(OO,10372,172.00),(DL,12892,151.00),(AS,14747,147.00),(UA,12892,53.00),(UA,12758,50.00),(OO,11603,49.00),(OO,14489,38.00),(OO,14570,35.00)]"
"2025-01-03 16:00:00",10,11292,31,7,18.161290322580644,170.0,"[(WN,10693,170.00),(UA,11618,82.00),(F9,13851,62.00),(WN,13204,57.00),(UA,10721,41.00),(UA,14679,40.00),(WN,10140,36.00)]"
"2025-01-03 17:00:00",1,11292,61,20,30.934426229508198,141.0,"[(UA,10721,141.00),(UA,10423,134.00),(OO,13029,125.00),(UA,11066,120.00),(OO,11109,110.00),(F9,14193,104.00),(OO,10627,97.00),(F9,11775,93.00),(UA,14524,85.00),(UA,11057,76.00),(UA,14869,72.00),(UA,13871,60.00),(UA,14730,59.00),(WN,13232,58.00),(UA,11433,51.00),(WN,14908,49.00),(WN,13851,46.00),(UA,14492,38.00),(AS,14747,37.00),(F9,14107,34.00)]"
"2025-01-03 17:00:00",2,11292,52,19,34.69230769230769,141.0,"[(UA,10721,141.00),(UA,10423,134.00),(OO,13029,125.00),(UA,11066,120.00),(OO,11109,110.00),(F9,14193,104.00),(OO,10627,97.00),(F9,11775,93.00),(UA,14524,85.00),(UA,11057,76.00),(UA,14869,72.00),(UA,13871,60.00),(UA,14730,59.00),(WN,13232,58.00),(UA,11433,51.00),(WN,14908,49.00),(UA,14492,38.00),(AS,14747,37.00),(F9,14107,34.00)]"
"2025-01-03 17:00:00",2,11292,39,15,35.56410256410256,141.0,"[(UA,10721,141.00),(OO,13029,125.00),(UA,11066,120.00),(OO,11109,110.00),(OO,10627,97.00),(F9,11775,93.00),(UA,14524,85.00),(UA,11057,76.00),(UA,14869,72.00),(UA,13871,60.00),(UA,14730,59.00),(WN,13232,58.00),(WN,14908,49.00),(AS,14747,37.00),(F9,14107,34.00)]"
"2025-01-03 17:00:00",2,11298,43,9,15.720930232558139,165.0,"[(AA,14679,165.00),(AA,11057,88.00),(AA,14893,79.00),(AA,13891,73.00),(AA,13204,59.00),(OO,10155,58.00),(OO,15411,40.00),(MQ,13256,33.00),(AA,11503,33.00)]"
"2025-01-03 17:00:00",3,11292,40,15,35.425,141.0,"[(UA,10721,141.00),(OO,13029,125.00),(UA,11066,120.00),(OO,11109,110.00),(OO,10627,97.00),(F9,11775,93.00),(UA,14524,85.00),(UA,11057,76.00),(UA,14869,72.00),(UA,13871,60.00),(UA,14730,59.00),(WN,13232,58.00),(WN,14908,49.00),(AS,14747,37.00),(F9,14107,34.00)]"
"2025-01-03 17:00:00",3,11292,34,13,34.029411764705884,141.0,"[(UA,10721,141.00),(OO,13029,125.00),(UA,11066,120.00),(OO,10627,97.00),(UA,14524,85.00),(UA,11057,76.00),(UA,14869,72.00),(UA,13871,60.00),(UA,14730,59.00),(WN,13232,58.00),(WN,14908,49.00),(AS,14747,37.00),(F9,14107,34.00)]"
"2025-01-03 17:00:00",3,11278,31,7,24.225806451612904,250.0,"[(WN,11259,250.00),(YX,10721,155.00),(WN,10423,69.00),(DL,11433,59.00),(UA,14771,53.00),(AA,11298,39.00),(B6,11697,37.00)]"
"2025-01-03 17:00:00",3,11278,30,6,23.266666666666666,250.0,"[(WN,11259,250.00),(YX,10721,155.00),(WN,10423,69.00),(DL,11433,59.00),(AA,11298,39.00),(B6,11697,37.00)]"
"2025-01-03 17:00:00",4,11292,39,14,33.94871794871795,141.0,"[(UA,10721,141.00),(OO,13029,125.00),(UA,11066,120.00),(OO,11109,110.00),(OO,10627,97.00),(UA,14524,85.00),(UA,11057,76.00),(UA,14869,72.00),(UA,13871,60.00),(UA,14730,59.00),(WN,13232,58.00),(WN,14908,49.00),(AS,14747,37.00),(F9,14107,34.00)]"
"2025-01-03 17:00:00",4,11292,36,13,32.94444444444444,141.0,"[(UA,10721,141.00),(OO,13029,125.00),(UA,11066,120.00),(OO,10627,97.00),(UA,14524,85.00),(UA,11057,76.00),(UA,14869,72.00),(UA,13871,60.00),(UA,14730,59.00),(WN,13232,58.00),(WN,14908,49.00),(AS,14747,37.00),(F9,14107,34.00)]"
"2025-01-03 17:00:00",4,10397,35,6,13.342857142857143,144.0,"[(DL,10781,144.00),(NK,13204,123.00),(UA,14771,89.00),(NK,12892,50.00),(AS,14679,48.00),(DL,13204,45.00)]"
"2025-01-03 17:00:00",5,11298,43,9,15.720930232558139,165.0,"[(AA,14679,165.00),(AA,11057,88.00),(AA,14893,79.00),(AA,13891,73.00),(AA,13204,59.00),(OO,10155,58.00),(OO,15411,40.00),(MQ,13256,33.00),(AA,11503,33.00)]"
"2025-01-03 17:00:00",5,14107,42,6,10.404761904761905,137.0,"[(WN,14057,137.00),(WN,14679,130.00),(WN,12889,73.00),(WN,10792,37.00),(OO,14794,37.00),(WN,12892,35.00)]"
"2025-01-03 17:00:00",6,11278,31,7,24.225806451612904,250.0,"[(WN,11259,250.00),(YX,10721,155.00),(WN,10423,69.00),(DL,11433,59.00),(UA,14771,53.00),(AA,11298,39.00),(B6,11697,37.00)]"
"2025-01-03 17:00:00",6,14869,34,5,18.352941176470587,244.0,"[(DL,15016,244.00),(WN,11259,114.00),(OO,13342,88.00),(WN,10423,61.00),(WN,11292,43.00)]"
"2025-01-03 17:00:00",7,10397,35,6,13.342857142857143,144.0,"[(DL,10781,144.00),(NK,13204,123.00),(UA,14771,89.00),(NK,12892,50.00),(AS,14679,48.00),(DL,13204,45.00)]"
"2025-01-03 17:00:00",7,13930,37,2,2.7567567567567566,43.0,"[(OO,11995,43.00),(YX,12339,35.00)]"
"2025-01-03 17:00:00",8,14107,38,6,12.026315789473685,137.0,"[(WN,14057,137.00),(WN,14679,130.00),(WN,12889,73.00),(WN,10792,37.00),(OO,14794,37.00),(WN,12892,35.00)]"
"2025-01-03 17:00:00",8,11298,31,6,11.64516129032258,88.0,"[(AA,11057,88.00),(AA,13891,73.00),(OO,10155,58.00),(OO,15411,40.00),(MQ,13256,33.00),(AA,11503,33.00)]"
"2025-01-03 17:00:00",9,11298,34,6,10.529411764705882,88.0,"[(AA,11057,88.00),(AA,13891,73.00),(OO,10155,58.00),(OO,15411,40.00),(MQ,13256,33.00),(AA,11503,33.00)]"
"2025-01-03 17:00:00",9,14107,42,6,10.404761904761905,137.0,"[(WN,14057,137.00),(WN,14679,130.00),(WN,12889,73.00),(WN,10792,37.00),(OO,14794,37.00),(WN,12892,35.00)]"
"2025-01-03 17:00:00",10,14107,42,6,10.404761904761905,137.0,"[(WN,14057,137.00),(WN,14679,130.00),(WN,12889,73.00),(WN,10792,37.00),(OO,14794,37.00),(WN,12892,35.00)]"
"2025-01-03 17:00:00",10,14869,34,5,18.352941176470587,244.0,"[(DL,15016,244.00),(WN,11259,114.00),(OO,13342,88.00),(WN,10423,61.00),(WN,11292,43.00)]"
"2025-01-03 18:00:00",1,11057,55,14,22.727272727272727,207.0,"[(OH,11996,207.00),(OH,10868,144.00),(F9,13204,103.00),(NK,15304,88.00),(OH,11267,82.00),(OH,12448,76.00),(AA,14027,63.00),(AA,11618,53.00),(AA,11433,51.00),(AA,12892,50.00),(UA,11618,47.00),(AA,14679,47.00),(AA,14771,44.00),(AA,10721,39.00)]"
"2025-01-03 18:00:00",1,11292,46,12,21.91304347826087,93.0,"[(UA,10821,93.00),(G4,14108,87.00),(WN,15304,79.00),(WN,15376,69.00),(WN,12191,67.00),(UA,11697,55.00),(DL,14747,52.00),(UA,13303,49.00),(UA,11986,45.00),(F9,13891,45.00),(WN,14307,45.00),(WN,13891,31.00)]"
"2025-01-03 18:00:00",2,11292,46,12,21.91304347826087,93.0,"[(UA,10821,93.00),(G4,14108,87.00),(WN,15304,79.00),(WN,15376,69.00),(WN,12191,67.00),(UA,11697,55.00),(DL,14747,52.00),(UA,13303,49.00),(UA,11986,45.00),(F9,13891,45.00),(WN,14307,45.00),(WN,13891,31.00)]"
"2025-01-03 18:00:00",2,11292,45,12,21.977777777777778,93.0,"[(UA,10821,93.00),(G4,14108,87.00),(WN,15304,79.00),(WN,15376,69.00),(WN,12191,67.00),(UA,11697,55.00),(DL,14747,52.00),(UA,13303,49.00),(UA,11986,45.00),(F9,13891,45.00),(WN,14307,45.00),(WN,13891,31.00)]"
"2025-01-03 18:00:00",2,14771,30,10,34.733333333333334,311.0,"[(OO,10713,311.00),(UA,12982,139.00),(OO,13198,136.00),(F9,14679,119.00),(UA,11298,80.00),(OO,14679,69.00),(UA,13930,64.00),(F9,14869,56.00),(UA,14683,49.00),(UA,10423,35.00)]"
"2025-01-03 18:00:00",3,14771,30,10,34.733333333333334,311.0,"[(OO,10713,311.00),(UA,12982,139.00),(OO,13198,136.00),(F9,14679,119.00),(UA,11298,80.00),(OO,14679,69.00),(UA,13930,64.00),(F9,14869,56.00),(UA,14683,49.00),(UA,10423,35.00)]"
"2025-01-03 18:00:00",3,11292,46,12,21.91304347826087,93.0,"[(UA,10821,93.00),(G4,14108,87.00),(WN,15304,79.00),(WN,15376,69.00),(WN,12191,67.00),(UA,11697,55.00),(DL,14747,52.00),(UA,13303,49.00),(UA,11986,45.00),(F9,13891,45.00),(WN,14307,45.00),(WN,13891,31.00)]"
"2025-01-03 18:00:00",3,13930,64,9,14.0,237.0,"[(OO,10874,237.00),(OO,11433,195.00),(B6,10721,144.00),(OO,11996,123.00),(UA,11618,57.00),(OO,10868,52.00),(UA,13303,50.00),(UA,14100,47.00),(AA,11057,33.00)]"
"2025-01-03 18:00:00",4,12266,39,10,31.333333333333332,204.0,"[(UA,11697,204.00),(UA,11292,203.00),(OO,13851,147.00),(OO,12206,136.00),(OO,10372,89.00),(AS,14747,89.00),(UA,13495,53.00),(UA,12451,50.00),(UA,14683,46.00),(UA,14122,41.00)]"
"2025-01-03 18:00:00",4,12266,35,9,31.685714285714287,204.0,"[(UA,11697,204.00),(UA,11292,203.00),(OO,13851,147.00),(OO,12206,136.00),(OO,10372,89.00),(UA,13495,53.00),(UA,12451,50.00),(UA,14683,46.00),(UA,14122,41.00)]"
"2025-01-03 18:00:00",4,14771,30,10,34.733333333333334,311.0,"[(OO,10713,311.00),(UA,12982,139.00),(OO,13198,136.00),(F9,14679,119.00),(UA,11298,80.00),(OO,14679,69.00),(UA,13930,64.00),(F9,14869,56.00),(UA,14683,49.00),(UA,10423,35.00)]"
"2025-01-03 18:00:00",4,11298,57,8,13.070175438596491,136.0,"[(AA,11986,136.00),(AA,14635,134.00),(OO,10781,112.00),(AA,15096,62.00),(AA,15376,59.00),(AA,14122,50.00),(NK,13495,33.00),(AA,14747,32.00)]"
"2025-01-03 18:00:00",4,13930,64,9,14.0,237.0,"[(OO,10874,237.00),(OO,11433,195.00),(B6,10721,144.00),(OO,11996,123.00),(UA,11618,57.00),(OO,10868,52.00),(UA,13303,50.00),(UA,14100,47.00),(AA,11057,33.00)]"
"2025-01-03 18:00:00",5,11057,42,10,20.142857142857142,207.0,"[(OH,11996,207.00),(NK,15304,88.00),(OH,12448,76.00),(AA,14027,63.00),(AA,11433,51.00),(AA,12892,50.00),(UA,11618,47.00),(AA,14679,47.00),(AA,14771,44.00),(AA,10721,39.00)]"
"2025-01-03 18:00:00",5,13930,64,9,14.0,237.0,"[(OO,10874,237.00),(OO,11433,195.00),(B6,10721,144.00),(OO,11996,123.00),(UA,11618,57.00),(OO,10868,52.00),(UA,13303,50.00),(UA,14100,47.00),(AA,11057,33.00)]"
"2025-01-03 18:00:00",5,12266,39,10,31.333333333333332,204.0,"[(UA,11697,204.00),(UA,11292,203.00),(OO,13851,147.00),(OO,12206,136.00),(OO,10372,89.00),(AS,14747,89.00),(UA,13495,53.00),(UA,12451,50.00),(UA,14683,46.00),(UA,14122,41.00)]"
"2025-01-03 18:00:00",5,10397,42,8,12.69047619047619,163.0,"[(DL,11278,163.00),(DL,10721,88.00),(NK,14100,63.00),(NK,10721,57.00),(F9,10821,56.00),(NK,11697,44.00),(AS,14747,35.00),(DL,10693,32.00)]"
"2025-01-03 18:00:00",5,11298,57,8,13.070175438596491,136.0,"[(AA,11986,136.00),(AA,14635,134.00),(OO,10781,112.00),(AA,15096,62.00),(AA,15376,59.00),(AA,14122,50.00),(NK,13495,33.00),(AA,14747,32.00)]"
"2025-01-03 18:00:00",6,11292,39,9,20.666666666666668,93.0,"[(UA,10821,93.00),(G4,14108,87.00),(WN,15304,79.00),(WN,12191,67.00),(UA,13303,49.00),(UA,11986,45.00),(F9,13891,45.00),(WN,14307,45.00),(WN,13891,31.00)]"
"2025-01-03 18:00:00",6,11298,57,8,13.070175438596491,136.0,"[(AA,11986,136.00),(AA,14635,134.00),(OO,10781,112.00),(AA,15096,62.00),(AA,15376,59.00),(AA,14122,50.00),(NK,13495,33.00),(AA,14747,32.00)]"
"2025-01-03 18:00:00",6,13930,64,9,14.0,237.0,"[(OO,10874,237.00),(OO,11433,195.00),(B6,10721,144.00),(OO,11996,123.00),(UA,11618,57.00),(OO,10868,52.00),(UA,13303,50.00),(UA,14100,47.00),(AA,11057,33.00)]"
"2025-01-03 18:00:00",6,10397,42,8,12.69047619047619,163.0,"[(DL,11278,163.00),(DL,10721,88.00),(NK,14100,63.00),(NK,10721,57.00),(F9,10821,56.00),(NK,11697,44.00),(AS,14747,35.00),(DL,10693,32.00)]"
"2025-01-03 18:00:00",7,13930,64,9,14.0,237.0,"[(OO,10874,237.00),(OO,11433,195.00),(B6,10721,144.00),(OO,11996,123.00),(UA,11618,57.00),(OO,10868,52.00),(UA,13303,50.00),(UA,14100,47.00),(AA,11057,33.00)]"
"2025-01-03 18:00:00",7,10397,42,8,12.69047619047619,163.0,"[(DL,11278,163.00),(DL,10721,88.00),(NK,14100,63.00),(NK,10721,57.00),(F9,10821,56.00),(NK,11697,44.00),(AS,14747,35.00),(DL,10693,32.00)]"
"2025-01-03 18:00:00",7,10397,39,8,13.948717948717949,163.0,"[(DL,11278,163.00),(DL,10721,88.00),(NK,14100,63.00),(NK,10721,57.00),(F9,10821,56.00),(NK,11697,44.00),(AS,14747,35.00),(DL,10693,32.00)]"
"2025-01-03 18:00:00",8,12266,31,8,30.096774193548388,204.0,"[(UA,11697,204.00),(UA,11292,203.00),(OO,10372,89.00),(AS,14747,89.00),(UA,13495,53.00),(UA,12451,50.00),(UA,14683,46.00),(UA,14122,41.00)]"
"2025-01-03 18:00:00",8,11298,54,8,13.555555555555555,136.0,"[(AA,11986,136.00),(AA,14635,134.00),(OO,10781,112.00),(AA,15096,62.00),(AA,15376,59.00),(AA,14122,50.00),(NK,13495,33.00),(AA,14747,32.00)]"
"2025-01-03 18:00:00",9,13930,52,8,16.96153846153846,237.0,"[(OO,10874,237.00),(OO,11433,195.00),(B6,10721,144.00),(OO,11996,123.00),(UA,11618,57.00),(OO,10868,52.00),(UA,13303,50.00),(UA,14100,47.00)]"
"2025-01-03 18:00:00",9,11298,57,8,13.070175438596491,136.0,"[(AA,11986,136.00),(AA,14635,134.00),(OO,10781,112.00),(AA,15096,62.00),(AA,15376,59.00),(AA,14122,50.00),(NK,13495,33.00),(AA,14747,32.00)]"
"2025-01-03 18:00:00",10,10397,39,8,13.564102564102564,163.0,"[(DL,11278,163.00),(DL,10721,88.00),(NK,14100,63.00),(NK,10721,57.00),(F9,10821,56.00),(NK,11697,44.00),(AS,14747,35.00),(DL,10693,32.00)]"
"2025-01-03 18:00:00",10,10397,42,8,12.69047619047619,163.0,"[(DL,11278,163.00),(DL,10721,88.00),(NK,14100,63.00),(NK,10721,57.00),(F9,10821,56.00),(NK,11697,44.00),(AS,14747,35.00),(DL,10693,32.00)]"
"2025-01-03 19:00:00",1,11292,79,28,25.60759493670886,215.0,"[(OO,11109,215.00),(UA,13930,94.00),(WN,13204,85.00),(OO,13158,83.00),(UA,11413,80.00),(UA,13486,68.00),(UA,12266,66.00),(UA,14771,64.00),(WN,10599,63.00),(UA,14698,63.00),(WN,14057,61.00),(WN,12889,61.00),(WN,15016,61.00),(WN,10821,59.00),(UA,14457,52.00),(WN,10397,52.00),(UA,14747,47.00),(WN,14100,46.00),(WN,11042,45.00),(WN,13495,44.00)]"
"2025-01-03 19:00:00",2,13204,34,14,35.26470588235294,191.0,"[(AS,14057,191.00),(NK,12889,118.00),(B6,15096,107.00),(DL,11433,80.00),(F9,10397,76.00),(WN,11697,69.00),(DL,12953,65.00),(B6,10721,64.00),(AS,14771,61.00),(DL,12892,60.00),(WN,11292,58.00),(WN,14730,58.00),(B6,12478,47.00),(B6,14254,38.00)]"
"2025-01-03 19:00:00",2,11292,75,25,24.68,215.0,"[(OO,11109,215.00),(UA,13930,94.00),(WN,13204,85.00),(OO,13158,83.00),(UA,11413,80.00),(UA,13486,68.00),(UA,12266,66.00),(UA,14771,64.00),(WN,10599,63.00),(UA,14698,63.00),(WN,14057,61.00),(WN,12889,61.00),(WN,15016,61.00),(UA,14457,52.00),(UA,14747,47.00),(WN,14100,46.00),(WN,11042,45.00),(WN,13495,44.00),(WN,13930,42.00),(WN,10529,39.00)]"
"2025-01-03 19:00:00",2,13204,34,14,35.26470588235294,191.0,"[(AS,14057,191.00),(NK,12889,118.00),(B6,15096,107.00),(DL,11433,80.00),(F9,10397,76.00),(WN,11697,69.00),(DL,12953,65.00),(B6,10721,64.00),(AS,14771,61.00),(DL,12892,60.00),(WN,14730,58.00),(WN,11292,58.00),(B6,12478,47.00),(B6,14254,38.00)]"
"2025-01-03 19:00:00",2,10397,49,14,15.83673469387755,117.0,"[(NK,11697,117.00),(DL,12197,90.00),(NK,12266,70.00),(DL,14689,65.00),(DL,12892,58.00),(F9,12264,55.00),(DL,14893,54.00),(F9,13204,49.00),(DL,13487,38.00),(DL,14679,37.00),(AS,14057,33.00),(F9,12892,32.00),(DL,14635,32.00),(DL,10423,31.00)]"
"2025-01-03 19:00:00",3,11292,56,14,21.267857142857142,215.0,"[(OO,11109,215.00),(UA,11413,80.00),(UA,13486,68.00),(UA,14771,64.00),(WN,14057,61.00),(WN,12889,61.00),(UA,14457,52.00),(UA,14747,47.00),(WN,11042,45.00),(WN,13495,44.00),(WN,10529,39.00),(UA,14570,36.00),(OO,11122,32.00),(WN,10721,31.00)]"
"2025-01-03 19:00:00",3,10397,49,14,15.83673469387755,117.0,"[(NK,11697,117.00),(DL,12197,90.00),(NK,12266,70.00),(DL,14689,65.00),(DL,12892,58.00),(F9,12264,55.00),(DL,14893,54.00),(F9,13204,49.00),(DL,13487,38.00),(DL,14679,37.00),(AS,14057,33.00),(F9,12892,32.00),(DL,14635,32.00),(DL,10423,31.00)]"
"2025-01-03 19:00:00",3,13303,35,9,18.65714285714286,131.0,"[(AA,14771,131.00),(AA,14747,106.00),(DL,12953,89.00),(B6,10721,59.00),(AA,14057,48.00),(NK,12889,48.00),(AA,12889,47.00),(AA,13871,47.00),(AA,12953,37.00)]"
"2025-01-03 19:00:00",4,10397,49,14,15.83673469387755,117.0,"[(NK,11697,117.00),(DL,12197,90.00),(NK,12266,70.00),(DL,14689,65.00),(DL,12892,58.00),(F9,12264,55.00),(DL,14893,54.00),(F9,13204,49.00),(DL,13487,38.00),(DL,14679,37.00),(AS,14057,33.00),(F9,12892,32.00),(DL,14635,32.00),(DL,10423,31.00)]"
"2025-01-03 19:00:00",4,13303,35,9,18.65714285714286,131.0,"[(AA,14771,131.00),(AA,14747,106.00),(DL,12953,89.00),(B6,10721,59.00),(NK,12889,48.00),(AA,14057,48.00),(AA,12889,47.00),(AA,13871,47.00),(AA,12953,37.00)]"
"2025-01-03 19:00:00",4,11298,64,6,9.25,114.0,"[(OO,11695,114.00),(AA,13495,73.00),(AA,10713,59.00),(OO,11413,45.00),(DL,10397,42.00),(AA,10693,37.00)]"
"2025-01-03 19:00:00",4,13303,35,9,18.65714285714286,131.0,"[(AA,14771,131.00),(AA,14747,106.00),(DL,12953,89.00),(B6,10721,59.00),(AA,14057,48.00),(NK,12889,48.00),(AA,12889,47.00),(AA,13871,47.00),(AA,12953,37.00)]"
"2025-01-03 19:00:00",5,11292,37,10,24.43243243243243,215.0,"[(OO,11109,215.00),(UA,11413,80.00),(UA,13486,68.00),(UA,14771,64.00),(WN,14057,61.00),(WN,13495,44.00),(WN,10529,39.00),(UA,14570,36.00),(OO,11122,32.00),(WN,10721,31.00)]"
"2025-01-03 19:00:00",5,11292,36,10,24.86111111111111,215.0,"[(OO,11109,215.00),(UA,11413,80.00),(UA,13486,68.00),(UA,14771,64.00),(WN,14057,61.00),(WN,13495,44.00),(WN,10529,39.00),(UA,14570,36.00),(OO,11122,32.00),(WN,10721,31.00)]"
"2025-01-03 19:00:00",5,11298,64,6,9.25,114.0,"[(OO,11695,114.00),(AA,13495,73.00),(AA,10713,59.00),(OO,11413,45.00),(DL,10397,42.00),(AA,10693,37.00)]"
"2025-01-03 19:00:00",5,12892,35,4,14.4,259.0,"[(OO,14747,259.00),(WN,14107,55.00),(WN,15016,36.00),(AS,10299,35.00)]"
"2025-01-03 19:00:00",6,13303,35,9,18.65714285714286,131.0,"[(AA,14771,131.00),(AA,14747,106.00),(DL,12953,89.00),(B6,10721,59.00),(AA,14057,48.00),(NK,12889,48.00),(AA,12889,47.00),(AA,13871,47.00),(AA,12953,37.00)]"
"2025-01-03 19:00:00",6,11292,37,10,24.43243243243243,215.0,"[(OO,11109,215.00),(UA,11413,80.00),(UA,13486,68.00),(UA,14771,64.00),(WN,14057,61.00),(WN,13495,44.00),(WN,10529,39.00),(UA,14570,36.00),(OO,11122,32.00),(WN,10721,31.00)]"
"2025-01-03 19:00:00",6,13930,33,5,19.78787878787879,177.0,"[(OO,10408,177.00),(AS,14747,161.00),(YX,11066,50.00),(UA,14747,36.00),(OO,13342,32.00)]"
"2025-01-03 19:00:00",7,10397,31,8,13.064516129032258,70.0,"[(NK,12266,70.00),(DL,14689,65.00),(DL,12892,58.00),(F9,12264,55.00),(F9,13204,49.00),(DL,13487,38.00),(AS,14057,33.00),(F9,12892,32.00)]"
"2025-01-03 19:00:00",7,13303,35,9,18.65714285714286,131.0,"[(AA,14771,131.00),(AA,14747,106.00),(DL,12953,89.00),(B6,10721,59.00),(AA,14057,48.00),(NK,12889,48.00),(AA,12889,47.00),(AA,13871,47.00),(AA,12953,37.00)]"
"2025-01-03 19:00:00",7,12892,35,4,14.4,259.0,"[(OO,14747,259.00),(WN,14107,55.00),(WN,15016,36.00),(AS,10299,35.00)]"
"2025-01-03 19:00:00",8,10397,33,8,12.969696969696969,70.0,"[(NK,12266,70.00),(DL,14689,65.00),(DL,12892,58.00),(F9,12264,55.00),(F9,13204,49.00),(DL,13487,38.00),(AS,14057,33.00),(F9,12892,32.00)]"
"2025-01-03 19:00:00",8,10397,31,8,13.064516129032258,70.0,"[(NK,12266,70.00),(DL,14689,65.00),(DL,12892,58.00),(F9,12264,55.00),(F9,13204,49.00),(DL,13487,38.00),(AS,14057,33.00),(F9,12892,32.00)]"
"2025-01-03 19:00:00",9,11298,64,6,9.25,114.0,"[(OO,11695,114.00),(AA,13495,73.00),(AA,10713,59.00),(OO,11413,45.00),(DL,10397,42.00),(AA,10693,37.00)]"
"2025-01-03 19:00:00",10,13930,30,5,19.966666666666665,177.0,"[(OO,10408,177.00),(AS,14747,161.00),(YX,11066,50.00),(UA,14747,36.00),(OO,13342,32.00)]"
"2025-01-03 19:00:00",10,13930,33,5,19.78787878787879,177.0,"[(OO,10408,177.00),(AS,14747,161.00),(YX,11066,50.00),(UA,14747,36.00),(OO,13342,32.00)]"
"2025-01-03 20:00:00",1,11292,51,17,28.88235294117647,179.0,"[(OO,14674,179.00),(UA,13198,144.00),(WN,11423,139.00),(WN,14492,96.00),(WN,11433,88.00),(WN,14771,85.00),(WN,12191,61.00),(WN,13232,57.00),(OO,11097,53.00),(WN,14908,49.00),(WN,13198,45.00),(WN,12278,45.00),(WN,11066,44.00),(UA,10693,44.00),(WN,12339,41.00),(WN,10693,40.00),(WN,13796,32.00)]"
"2025-01-03 20:00:00",2,12266,35,11,26.571428571428573,124.0,"[(UA,10423,124.00),(UA,10693,110.00),(UA,11193,108.00),(UA,14869,77.00),(UA,14683,71.00),(OO,11109,60.00),(UA,11996,47.00),(OO,11140,40.00),(UA,14893,39.00),(F9,11292,37.00),(UA,11298,32.00)]"
"2025-01-03 20:00:00",2,11057,63,10,10.333333333333334,95.0,"[(MQ,15380,95.00),(NK,11298,86.00),(AA,11042,83.00),(MQ,14783,74.00),(OH,11996,59.00),(OH,11267,50.00),(OH,13931,47.00),(AA,13198,34.00),(AA,10821,33.00),(AA,14683,32.00)]"
"2025-01-03 20:00:00",3,11057,63,10,10.333333333333334,95.0,"[(MQ,15380,95.00),(NK,11298,86.00),(AA,11042,83.00),(MQ,14783,74.00),(OH,11996,59.00),(OH,11267,50.00),(OH,13931,47.00),(AA,13198,34.00),(AA,10821,33.00),(AA,14683,32.00)]"
"2025-01-03 20:00:00",3,13930,71,10,10.140845070422536,129.0,"[(UA,14570,129.00),(UA,13487,124.00),(UA,10849,63.00),(UA,14057,55.00),(NK,12266,53.00),(UA,11003,52.00),(AA,10397,45.00),(OO,12559,45.00),(UA,14831,37.00),(AA,14893,34.00)]"
"2025-01-03 20:00:00",3,11292,37,10,27.054054054054053,179.0,"[(OO,14674,179.00),(UA,13198,144.00),(WN,14492,96.00),(WN,11433,88.00),(WN,14771,85.00),(WN,13198,45.00),(WN,12278,45.00),(WN,11066,44.00),(WN,12339,41.00),(WN,13796,32.00)]"
"2025-01-03 20:00:00",4,13930,71,10,10.140845070422536,129.0,"[(UA,14570,129.00),(UA,13487,124.00),(UA,10849,63.00),(UA,14057,55.00),(NK,12266,53.00),(UA,11003,52.00),(AA,10397,45.00),(OO,12559,45.00),(UA,14831,37.00),(AA,14893,34.00)]"
"2025-01-03 20:00:00",4,11298,58,9,12.758620689655173,100.0,"[(AA,11433,100.00),(AA,13303,93.00),(MQ,15624,92.00),(AA,10721,82.00),(AA,12889,79.00),(AA,13851,53.00),(MQ,10136,42.00),(AA,11057,39.00),(AA,11996,35.00)]"
"2025-01-03 20:00:00",4,11057,63,10,10.333333333333334,95.0,"[(MQ,15380,95.00),(NK,11298,86.00),(AA,11042,83.00),(MQ,14783,74.00),(OH,11996,59.00),(OH,11267,50.00),(OH,13931,47.00),(AA,13198,34.00),(AA,10821,33.00),(AA,14683,32.00)]"
"2025-01-03 20:00:00",5,11298,58,9,12.758620689655173,100.0,"[(AA,11433,100.00),(AA,13303,93.00),(MQ,15624,92.00),(AA,10721,82.00),(AA,12889,79.00),(AA,13851,53.00),(MQ,10136,42.00),(AA,11057,39.00),(AA,11996,35.00)]"
"2025-01-03 20:00:00",5,11298,34,6,9.882352941176471,93.0,"[(AA,13303,93.00),(AA,12889,79.00),(AA,13851,53.00),(MQ,10136,42.00),(AA,11057,39.00),(AA,11996,35.00)]"
"2025-01-03 20:00:00",5,13930,71,10,10.140845070422536,129.0,"[(UA,14570,129.00),(UA,13487,124.00),(UA,10849,63.00),(UA,14057,55.00),(NK,12266,53.00),(UA,11003,52.00),(AA,10397,45.00),(OO,12559,45.00),(UA,14831,37.00),(AA,14893,34.00)]"
"2025-01-03 20:00:00",5,10397,41,5,13.487804878048781,201.0,"[(DL,11775,201.00),(WN,15016,65.00),(AA,11298,64.00),(WN,13232,62.00),(DL,11995,53.00)]"
"2025-01-03 20:00:00",6,11057,50,9,12.02,95.0,"[(MQ,15380,95.00),(NK,11298,86.00),(AA,11042,83.00),(MQ,14783,74.00),(OH,11996,59.00),(OH,11267,50.00),(OH,13931,47.00),(AA,13198,34.00),(AA,14683,32.00)]"
"2025-01-03 20:00:00",6,10397,41,5,13.487804878048781,201.0,"[(DL,11775,201.00),(WN,15016,65.00),(AA,11298,64.00),(WN,13232,62.00),(DL,11995,53.00)]"
"2025-01-03 20:00:00",6,11298,46,9,14.304347826086957,100.0,"[(AA,11433,100.00),(AA,13303,93.00),(MQ,15624,92.00),(AA,10721,82.00),(AA,12889,79.00),(AA,13851,53.00),(MQ,10136,42.00),(AA,11057,39.00),(AA,11996,35.00)]"
"2025-01-03 20:00:00",6,14107,33,8,12.606060606060606,64.0,"[(WN,11109,64.00),(WN,12191,62.00),(AA,13871,43.00),(WN,11259,42.00),(WN,11292,42.00),(WN,14683,41.00),(WN,10693,41.00),(WN,15016,37.00)]"
"2025-01-03 20:00:00",7,14107,33,8,12.606060606060606,64.0,"[(WN,11109,64.00),(WN,12191,62.00),(AA,13871,43.00),(WN,11259,42.00),(WN,11292,42.00),(WN,14683,41.00),(WN,10693,41.00),(WN,15016,37.00)]"
"2025-01-03 20:00:00",7,13930,33,3,9.757575757575758,129.0,"[(UA,14570,129.00),(UA,14057,55.00),(AA,10397,45.00)]"
"2025-01-03 20:00:00",7,11298,58,9,12.758620689655173,100.0,"[(AA,11433,100.00),(AA,13303,93.00),(MQ,15624,92.00),(AA,10721,82.00),(AA,12889,79.00),(AA,13851,53.00),(MQ,10136,42.00),(AA,11057,39.00),(AA,11996,35.00)]"
"2025-01-03 20:00:00",7,10397,41,5,13.487804878048781,201.0,"[(DL,11775,201.00),(WN,15016,65.00),(AA,11298,64.00),(WN,13232,62.00),(DL,11995,53.00)]"
"2025-01-03 20:00:00",8,11298,34,6,9.882352941176471,93.0,"[(AA,13303,93.00),(AA,12889,79.00),(AA,13851,53.00),(MQ,10136,42.00),(AA,11057,39.00),(AA,11996,35.00)]"
"2025-01-03 20:00:00",8,11057,36,3,6.0,83.0,"[(AA,11042,83.00),(OH,13931,47.00),(AA,13198,34.00)]"
"2025-01-03 20:00:00",8,14107,33,8,12.606060606060606,64.0,"[(WN,11109,64.00),(WN,12191,62.00),(AA,13871,43.00),(WN,11259,42.00),(WN,11292,42.00),(WN,10693,41.00),(WN,14683,41.00),(WN,15016,37.00)]"
"2025-01-03 20:00:00",9,10397,41,5,13.487804878048781,201.0,"[(DL,11775,201.00),(WN,15016,65.00),(AA,11298,64.00),(WN,13232,62.00),(DL,11995,53.00)]"
"2025-01-03 20:00:00",9,14107,30,7,10.7,64.0,"[(WN,11109,64.00),(WN,12191,62.00),(AA,13871,43.00),(WN,11259,42.00),(WN,11292,42.00),(WN,10693,41.00),(WN,15016,37.00)]"
"2025-01-03 20:00:00",10,10397,31,4,15.35483870967742,201.0,"[(DL,11775,201.00),(WN,15016,65.00),(AA,11298,64.00),(DL,11995,53.00)]"
"2025-01-03 20:00:00",10,10397,41,5,13.487804878048781,201.0,"[(DL,11775,201.00),(WN,15016,65.00),(AA,11298,64.00),(WN,13232,62.00),(DL,11995,53.00)]"
"2025-01-03 21:00:00",1,11292,32,12,27.59375,168.0,"[(UA,12892,168.00),(OO,14869,101.00),(UA,11109,91.00),(WN,14683,79.00),(WN,15016,71.00),(WN,12892,65.00),(WN,12889,59.00),(WN,10423,57.00),(WN,11540,56.00),(WN,13487,46.00),(WN,10849,44.00),(WN,14831,31.00)]"
"2025-01-03 21:00:00",1,10397,48,11,12.270833333333334,100.0,"[(DL,11977,100.00),(B6,10721,75.00),(DL,11423,70.00),(NK,11433,52.00),(DL,12191,47.00),(NK,12889,40.00),(DL,12451,37.00),(OO,14814,36.00),(F9,14100,36.00),(OO,11612,32.00),(DL,10821,31.00)]"
"2025-01-03 21:00:00",2,10397,48,11,12.270833333333334,100.0,"[(DL,11977,100.00),(B6,10721,75.00),(DL,11423,70.00),(NK,11433,52.00),(DL,12191,47.00),(NK,12889,40.00),(DL,12451,37.00),(OO,14814,36.00),(F9,14100,36.00),(OO,11612,32.00),(DL,10821,31.00)]"
"2025-01-03 21:00:00",2,11298,52,10,13.346153846153847,127.0,"[(AA,14107,127.00),(MQ,10693,106.00),(AA,12889,89.00),(OH,11973,86.00),(AA,15370,71.00),(AA,12266,59.00),(AA,13487,56.00),(MQ,10781,36.00),(NK,12892,34.00),(AA,14869,32.00)]"
"2025-01-03 21:00:00",3,11298,52,10,13.346153846153847,127.0,"[(AA,14107,127.00),(MQ,10693,106.00),(AA,12889,89.00),(OH,11973,86.00),(AA,15370,71.00),(AA,12266,59.00),(AA,13487,56.00),(MQ,10781,36.00),(NK,12892,34.00),(AA,14869,32.00)]"
"2025-01-03 21:00:00",3,13303,35,8,16.942857142857143,97.0,"[(AA,10994,97.00),(AA,13930,77.00),(AA,10721,73.00),(AA,10397,60.00),(AA,14100,55.00),(AA,12892,55.00),(NK,14100,44.00),(AA,14492,43.00)]"
"2025-01-03 21:00:00",3,13930,36,7,18.694444444444443,167.0,"[(OO,15048,167.00),(OO,11433,133.00),(AA,14771,101.00),(UA,11986,87.00),(NK,11298,67.00),(AA,14679,36.00),(UA,13487,36.00)]"
"2025-01-03 21:00:00",4,13303,35,8,16.942857142857143,97.0,"[(AA,10994,97.00),(AA,13930,77.00),(AA,10721,73.00),(AA,10397,60.00),(AA,14100,55.00),(AA,12892,55.00),(NK,14100,44.00),(AA,14492,43.00)]"
"2025-01-03 21:00:00",4,13930,36,7,18.694444444444443,167.0,"[(OO,15048,167.00),(OO,11433,133.00),(AA,14771,101.00),(UA,11986,87.00),(NK,11298,67.00),(AA,14679,36.00),(UA,13487,36.00)]"
"2025-01-03 21:00:00",4,13303,35,8,16.942857142857143,97.0,"[(AA,10994,97.00),(AA,13930,77.00),(AA,10721,73.00),(AA,10397,60.00),(AA,12892,55.00),(AA,14100,55.00),(NK,14100,44.00),(AA,14492,43.00)]"
"2025-01-03 21:00:00",4,11433,33,6,11.606060606060606,120.0,"[(DL,13204,120.00),(OO,10785,99.00),(DL,14635,84.00),(DL,11278,56.00),(DL,11193,42.00),(DL,10821,40.00)]"
"2025-01-03 21:00:00",5,13930,36,7,18.694444444444443,167.0,"[(OO,15048,167.00),(OO,11433,133.00),(AA,14771,101.00),(UA,11986,87.00),(NK,11298,67.00),(AA,14679,36.00),(UA,13487,36.00)]"
"2025-01-03 21:00:00",5,11433,33,6,11.606060606060606,120.0,"[(DL,13204,120.00),(OO,10785,99.00),(DL,14635,84.00),(DL,11278,56.00),(DL,11193,42.00),(DL,10821,40.00)]"
"2025-01-03 21:00:00",5,10397,34,8,12.617647058823529,100.0,"[(DL,11977,100.00),(B6,10721,75.00),(DL,11423,70.00),(NK,11433,52.00),(NK,12889,40.00),(DL,12451,37.00),(OO,11612,32.00),(DL,10821,31.00)]"
"2025-01-03 21:00:00",6,11433,33,6,11.606060606060606,120.0,"[(DL,13204,120.00),(OO,10785,99.00),(DL,14635,84.00),(DL,11278,56.00),(DL,11193,42.00),(DL,10821,40.00)]"
"2025-01-03 21:00:00",6,13930,36,7,18.694444444444443,167.0,"[(OO,15048,167.00),(OO,11433,133.00),(AA,14771,101.00),(UA,11986,87.00),(NK,11298,67.00),(AA,14679,36.00),(UA,13487,36.00)]"
"2025-01-03 21:00:00",7,11298,38,6,11.736842105263158,127.0,"[(AA,14107,127.00),(AA,12889,89.00),(AA,15370,71.00),(AA,12266,59.00),(AA,13487,56.00),(MQ,10781,36.00)]"
"2025-01-03 21:00:00",8,11433,33,6,11.606060606060606,120.0,"[(DL,13204,120.00),(OO,10785,99.00),(DL,14635,84.00),(DL,11278,56.00),(DL,11193,42.00),(DL,10821,40.00)]"
"2025-01-03 22:00:00",1,11298,47,12,15.872340425531915,128.0,"[(AA,14771,128.00),(AA,14869,92.00),(AA,14107,66.00),(AA,14747,63.00),(AA,10279,61.00),(MQ,11049,57.00),(OO,14842,57.00),(AA,14679,48.00),(AA,14683,39.00),(OO,14588,38.00),(MQ,14814,32.00),(AA,11540,31.00)]"
"2025-01-03 22:00:00",1,11298,46,12,16.456521739130434,128.0,"[(AA,14771,128.00),(AA,14869,92.00),(AA,14107,66.00),(AA,14747,63.00),(AA,10279,61.00),(MQ,11049,57.00),(OO,14842,57.00),(AA,14679,48.00),(AA,14683,39.00),(OO,14588,38.00),(MQ,14814,32.00),(AA,11540,31.00)]"
"2025-01-03 22:00:00",1,11298,47,12,15.872340425531915,128.0,"[(AA,14771,128.00),(AA,14869,92.00),(AA,14107,66.00),(AA,14747,63.00),(AA,10279,61.00),(OO,14842,57.00),(MQ,11049,57.00),(AA,14679,48.00),(AA,14683,39.00),(OO,14588,38.00),(MQ,14814,32.00),(AA,11540,31.00)]"
"2025-01-03 22:00:00",2,11298,42,11,17.214285714285715,128.0,"[(AA,14771,128.00),(AA,14869,92.00),(AA,14107,66.00),(AA,14747,63.00),(AA,10279,61.00),(MQ,11049,57.00),(AA,14679,48.00),(AA,14683,39.00),(OO,14588,38.00),(MQ,14814,32.00),(AA,11540,31.00)]"
"2025-01-03 22:00:00",2,11298,47,12,15.872340425531915,128.0,"[(AA,14771,128.00),(AA,14869,92.00),(AA,14107,66.00),(AA,14747,63.00),(AA,10279,61.00),(MQ,11049,57.00),(OO,14842,57.00),(AA,14679,48.00),(AA,14683,39.00),(OO,14588,38.00),(MQ,14814,32.00),(AA,11540,31.00)]"
"2025-01-03 22:00:00",2,11057,55,8,8.527272727272727,48.0,"[(OH,13296,48.00),(AA,10721,48.00),(AA,14524,48.00),(AA,12339,44.00),(OH,15323,38.00),(AA,13198,36.00),(AA,10434,36.00),(OH,11996,35.00)]"
"2025-01-03 22:00:00",2,11057,55,8,8.527272727272727,48.0,"[(AA,10721,48.00),(AA,14524,48.00),(OH,13296,48.00),(AA,12339,44.00),(OH,15323,38.00),(AA,13198,36.00),(AA,10434,36.00),(OH,11996,35.00)]"
"2025-01-03 22:00:00",3,11057,48,8,9.208333333333334,48.0,"[(AA,10721,48.00),(AA,14524,48.00),(OH,13296,48.00),(AA,12339,44.00),(OH,15323,38.00),(AA,13198,36.00),(AA,10434,36.00),(OH,11996,35.00)]"
"2025-01-03 22:00:00",3,11298,42,11,17.214285714285715,128.0,"[(AA,14771,128.00),(AA,14869,92.00),(AA,14107,66.00),(AA,14747,63.00),(AA,10279,61.00),(MQ,11049,57.00),(AA,14679,48.00),(AA,14683,39.00),(OO,14588,38.00),(MQ,14814,32.00),(AA,11540,31.00)]"
"2025-01-03 22:00:00",3,11057,33,7,11.484848484848484,48.0,"[(OH,13296,48.00),(AA,10721,48.00),(AA,14524,48.00),(AA,12339,44.00),(OH,15323,38.00),(AA,13198,36.00),(AA,10434,36.00)]"
"2025-01-03 22:00:00",3,10397,81,5,4.703703703703703,67.0,"[(F9,11193,67.00),(NK,11298,37.00),(DL,13303,34.00),(DL,14986,32.00),(DL,12892,31.00)]"
"2025-01-03 22:00:00",4,11057,55,8,8.527272727272727,48.0,"[(AA,10721,48.00),(AA,14524,48.00),(OH,13296,48.00),(AA,12339,44.00),(OH,15323,38.00),(AA,13198,36.00),(AA,10434,36.00),(OH,11996,35.00)]"
"2025-01-03 22:00:00",4,11057,44,8,9.318181818181818,48.0,"[(OH,13296,48.00),(AA,10721,48.00),(AA,14524,48.00),(AA,12339,44.00),(OH,15323,38.00),(AA,13198,36.00),(AA,10434,36.00),(OH,11996,35.00)]"
"2025-01-03 22:00:00",4,10397,81,5,4.703703703703703,67.0,"[(F9,11193,67.00),(NK,11298,37.00),(DL,13303,34.00),(DL,14986,32.00),(DL,12892,31.00)]"
"2025-01-03 22:00:00",5,10397,81,5,4.703703703703703,67.0,"[(F9,11193,67.00),(NK,11298,37.00),(DL,13303,34.00),(DL,14986,32.00),(DL,12892,31.00)]"
"2025-01-03 22:00:00",5,11057,50,8,8.78,48.0,"[(OH,13296,48.00),(AA,10721,48.00),(AA,14524,48.00),(AA,12339,44.00),(OH,15323,38.00),(AA,13198,36.00),(AA,10434,36.00),(OH,11996,35.00)]"
"2025-01-03 22:00:00",5,10397,55,2,4.836363636363636,67.0,"[(F9,11193,67.00),(DL,12892,31.00)]"
"2025-01-03 22:00:00",6,10397,51,4,5.450980392156863,67.0,"[(F9,11193,67.00),(NK,11298,37.00),(DL,13303,34.00),(DL,14986,32.00)]"
"2025-01-03 22:00:00",6,11057,55,8,8.527272727272727,48.0,"[(OH,13296,48.00),(AA,10721,48.00),(AA,14524,48.00),(AA,12339,44.00),(OH,15323,38.00),(AA,13198,36.00),(AA,10434,36.00),(OH,11996,35.00)]"
"2025-01-03 22:00:00",7,10397,81,5,4.703703703703703,67.0,"[(F9,11193,67.00),(NK,11298,37.00),(DL,13303,34.00),(DL,14986,32.00),(DL,12892,31.00)]"
"2025-01-03 22:00:00",8,10397,51,4,5.450980392156863,67.0,"[(F9,11193,67.00),(NK,11298,37.00),(DL,13303,34.00),(DL,14986,32.00)]"
"2025-01-04 06:00:00",1,11292,33,3,4.393939393939394,69.0,"[(DL,10397,69.00),(F9,11278,49.00),(AS,14747,36.00)]"
"2025-01-04 06:00:00",2,13204,38,1,2.3421052631578947,155.0,"[(B6,14307,155.00)]"
"2025-01-04 06:00:00",2,12889,36,1,1.6111111111111112,141.0,"[(DL,12892,141.00)]"
"2025-01-04 06:00:00",2,13204,32,1,2.59375,155.0,"[(B6,14307,155.00)]"
"2025-01-04 06:00:00",3,12889,34,1,2.0588235294117645,141.0,"[(DL,12892,141.00)]"
"2025-01-04 06:00:00",3,13204,44,1,1.4090909090909092,155.0,"[(B6,14307,155.00)]"
"2025-01-04 06:00:00",3,12889,36,1,1.6111111111111112,141.0,"[(DL,12892,141.00)]"
"2025-01-04 06:00:00",4,12889,36,1,1.6111111111111112,141.0,"[(DL,12892,141.00)]"
"2025-01-04 06:00:00",4,13204,44,1,1.4090909090909092,155.0,"[(B6,14307,155.00)]"
"2025-01-04 06:00:00",5,13204,44,1,1.4090909090909092,155.0,"[(B6,14307,155.00)]"
"2025-01-04 07:00:00",1,11292,48,12,19.208333333333332,242.0,"[(UA,14771,242.00),(WN,10721,64.00),(WN,12191,42.00),(WN,13204,41.00),(WN,11986,40.00),(WN,14492,39.00),(WN,10423,37.00),(MQ,11298,36.00),(WN,13342,35.00),(WN,14893,34.00),(WN,10821,33.00),(UA,15304,32.00)]"
"2025-01-04 07:00:00",2,11292,37,7,18.27027027027027,242.0,"[(UA,14771,242.00),(WN,10721,64.00),(WN,12191,42.00),(WN,13204,41.00),(WN,10423,37.00),(WN,14893,34.00),(WN,10821,33.00)]"
"2025-01-04 07:00:00",2,11292,36,7,19.02777777777778,242.0,"[(UA,14771,242.00),(WN,10721,64.00),(WN,12191,42.00),(WN,13204,41.00),(WN,10423,37.00),(WN,14893,34.00),(WN,10821,33.00)]"
"2025-01-04 07:00:00",2,10397,40,6,14.2,153.0,"[(DL,12892,153.00),(AS,14747,123.00),(AA,13303,94.00),(UA,14771,66.00),(UA,12266,40.00),(F9,12478,31.00)]"
"2025-01-04 07:00:00",3,10397,40,6,14.2,153.0,"[(DL,12892,153.00),(AS,14747,123.00),(AA,13303,94.00),(UA,14771,66.00),(UA,12266,40.00),(F9,12478,31.00)]"
"2025-01-04 07:00:00",3,14747,33,5,13.333333333333334,166.0,"[(DL,14679,166.00),(DL,10721,120.00),(OO,14893,97.00),(AS,12819,68.00),(AS,11630,35.00)]"
"2025-01-04 07:00:00",4,14747,31,5,14.580645161290322,166.0,"[(DL,14679,166.00),(DL,10721,120.00),(OO,14893,97.00),(AS,12819,68.00),(AS,11630,35.00)]"
"2025-01-04 07:00:00",4,14747,33,5,13.333333333333334,166.0,"[(DL,14679,166.00),(DL,10721,120.00),(OO,14893,97.00),(AS,12819,68.00),(AS,11630,35.00)]"
"2025-01-04 07:00:00",4,13204,30,3,6.833333333333333,60.0,"[(AS,14679,60.00),(F9,12953,49.00),(F9,14683,32.00)]"
"2025-01-04 07:00:00",5,14747,33,5,13.333333333333334,166.0,"[(DL,14679,166.00),(DL,10721,120.00),(OO,14893,97.00),(AS,12819,68.00),(AS,11630,35.00)]"
"2025-01-04 07:00:00",5,13204,30,3,6.833333333333333,60.0,"[(AS,14679,60.00),(F9,12953,49.00),(F9,14683,32.00)]"
"2025-01-04 07:00:00",5,12892,32,3,6.53125,105.0,"[(AS,13830,105.00),(HA,12173,65.00),(DL,14771,53.00)]"
"2025-01-04 07:00:00",6,13204,30,3,6.833333333333333,60.0,"[(AS,14679,60.00),(F9,12953,49.00),(F9,14683,32.00)]"
"2025-01-04 07:00:00",6,12892,32,3,6.53125,105.0,"[(AS,13830,105.00),(HA,12173,65.00),(DL,14771,53.00)]"
"2025-01-04 07:00:00",6,13930,53,1,14.90566037735849,911.0,"[(DL,14869,911.00)]"
"2025-01-04 07:00:00",7,12892,32,3,6.53125,105.0,"[(AS,13830,105.00),(HA,12173,65.00),(DL,14771,53.00)]"
"2025-01-04 07:00:00",7,13930,53,1,14.90566037735849,911.0,"[(DL,14869,911.00)]"
"2025-01-04 07:00:00",7,10721,31,0,-2.064516129032258,23.0,[]
"2025-01-04 07:00:00",8,13930,53,1,14.90566037735849,911.0,"[(DL,14869,911.00)]"
"2025-01-04 07:00:00",8,10721,31,0,-2.064516129032258,23.0,[]
"2025-01-04 07:00:00",8,12889,35,0,-2.2285714285714286,26.0,[]
"2025-01-04 07:00:00",9,10721,31,0,-2.064516129032258,23.0,[]
"2025-01-04 07:00:00",9,12889,35,0,-2.2285714285714286,26.0,[]
"2025-01-04 07:00:00",9,11298,65,0,-2.9692307692307693,27.0,[]
"2025-01-04 07:00:00",10,12889,35,0,-2.2285714285714286,26.0,[]
"2025-01-04 07:00:00",10,11298,31,0,-2.4516129032258065,27.0,[]
"2025-01-04 07:00:00",10,11298,35,0,-2.5428571428571427,27.0,[]
"2025-01-04 08:00:00",1,13930,55,11,15.163636363636364,141.0,"[(OO,10372,141.00),(AA,13303,119.00),(UA,11648,69.00),(AS,14747,66.00),(OO,10372,59.00),(OO,15041,59.00),(OO,10980,35.00),(YX,14122,35.00),(UA,11503,35.00),(AA,14771,34.00),(OO,15370,32.00)]"
"2025-01-04 08:00:00",1,13930,61,11,13.180327868852459,141.0,"[(OO,10372,141.00),(AA,13303,119.00),(UA,11648,69.00),(AS,14747,66.00),(OO,10372,59.00),(OO,15041,59.00),(UA,11503,35.00),(OO,10980,35.00),(YX,14122,35.00),(AA,14771,34.00),(OO,15370,32.00)]"
"2025-01-04 08:00:00",1,13930,61,11,13.180327868852459,141.0,"[(OO,10372,141.00),(AA,13303,119.00),(UA,11648,69.00),(AS,14747,66.00),(OO,10372,59.00),(OO,15041,59.00),(OO,10980,35.00),(YX,14122,35.00),(UA,11503,35.00),(AA,14771,34.00),(OO,15370,32.00)]"
"2025-01-04 08:00:00",2,13930,61,11,13.180327868852459,141.0,"[(OO,10372,141.00),(AA,13303,119.00),(UA,11648,69.00),(AS,14747,66.00),(OO,10372,59.00),(OO,15041,59.00),(OO,10980,35.00),(YX,14122,35.00),(UA,11503,35.00),(AA,14771,34.00),(OO,15370,32.00)]"
"2025-01-04 08:00:00",2,13930,41,8,13.439024390243903,119.0,"[(AA,13303,119.00),(AS,14747,66.00),(OO,10372,59.00),(OO,15041,59.00),(UA,11503,35.00),(OO,10980,35.00),(YX,14122,35.00),(OO,15370,32.00)]"
"2025-01-04 08:00:00",2,13930,35,8,15.771428571428572,119.0,"[(AA,13303,119.00),(AS,14747,66.00),(OO,10372,59.00),(OO,15041,59.00),(UA,11503,35.00),(OO,10980,35.00),(YX,14122,35.00),(OO,15370,32.00)]"
"2025-01-04 08:00:00",2,11298,71,8,5.873239436619718,199.0,"[(NK,14843,199.00),(AA,11292,126.00),(AA,14747,81.00),(AA,14683,70.00),(AA,14893,61.00),(AA,14635,61.00),(UA,11292,43.00),(MQ,12951,36.00)]"
"2025-01-04 08:00:00",3,11298,71,8,5.873239436619718,199.0,"[(NK,14843,199.00),(AA,11292,126.00),(AA,14747,81.00),(AA,14683,70.00),(AA,14893,61.00),(AA,14635,61.00),(UA,11292,43.00),(MQ,12951,36.00)]"
"2025-01-04 08:00:00",3,11292,33,6,11.848484848484848,117.0,"[(F9,11193,117.00),(F9,11298,54.00),(OO,10372,47.00),(OO,10372,47.00),(WN,14107,40.00),(AA,11298,32.00)]"
"2025-01-04 08:00:00",4,13930,32,7,15.34375,119.0,"[(AA,13303,119.00),(OO,10372,59.00),(OO,15041,59.00),(OO,10980,35.00),(YX,14122,35.00),(UA,11503,35.00),(OO,15370,32.00)]"
"2025-01-04 08:00:00",4,13930,32,7,15.34375,119.0,"[(AA,13303,119.00),(OO,10372,59.00),(OO,15041,59.00),(UA,11503,35.00),(OO,10980,35.00),(YX,14122,35.00),(OO,15370,32.00)]"
"2025-01-04 08:00:00",4,11292,33,6,11.848484848484848,117.0,"[(F9,11193,117.00),(F9,11298,54.00),(OO,10372,47.00),(OO,10372,47.00),(WN,14107,40.00),(AA,11298,32.00)]"
"2025-01-04 08:00:00",4,12892,51,6,7.921568627450981,133.0,"[(OO,14570,133.00),(OO,11503,113.00),(DL,10423,56.00),(UA,12758,54.00),(OO,10372,36.00),(UA,12266,32.00)]"
"2025-01-04 08:00:00",5,11298,64,7,6.03125,199.0,"[(NK,14843,199.00),(AA,11292,126.00),(AA,14747,81.00),(AA,14683,70.00),(AA,14893,61.00),(UA,11292,43.00),(MQ,12951,36.00)]"
"2025-01-04 08:00:00",5,11292,33,6,11.848484848484848,117.0,"[(F9,11193,117.00),(F9,11298,54.00),(OO,10372,47.00),(OO,10372,47.00),(WN,14107,40.00),(AA,11298,32.00)]"
"2025-01-04 08:00:00",5,12892,51,6,7.921568627450981,133.0,"[(OO,14570,133.00),(OO,11503,113.00),(DL,10423,56.00),(UA,12758,54.00),(OO,10372,36.00),(UA,12266,32.00)]"
"2025-01-04 08:00:00",5,13303,30,4,8.233333333333333,77.0,"[(UA,14771,77.00),(AA,14869,59.00),(AA,10397,54.00),(AA,11292,51.00)]"
"2025-01-04 08:00:00",6,11292,33,6,11.848484848484848,117.0,"[(F9,11193,117.00),(F9,11298,54.00),(OO,10372,47.00),(OO,10372,47.00),(WN,14107,40.00),(AA,11298,32.00)]"
"2025-01-04 08:00:00",6,12892,51,6,7.921568627450981,133.0,"[(OO,14570,133.00),(OO,11503,113.00),(DL,10423,56.00),(UA,12758,54.00),(OO,10372,36.00),(UA,12266,32.00)]"
"2025-01-04 08:00:00",6,13303,30,4,8.233333333333333,77.0,"[(UA,14771,77.00),(AA,14869,59.00),(AA,10397,54.00),(AA,11292,51.00)]"
"2025-01-04 08:00:00",6,11433,37,4,7.135135135135135,61.0,"[(DL,12451,61.00),(DL,14869,47.00),(DL,14986,37.00),(DL,12266,36.00)]"
"2025-01-04 08:00:00",7,12892,51,6,7.921568627450981,133.0,"[(OO,14570,133.00),(OO,11503,113.00),(DL,10423,56.00),(UA,12758,54.00),(OO,10372,36.00),(UA,12266,32.00)]"
"2025-01-04 08:00:00",7,11292,30,5,11.566666666666666,117.0,"[(F9,11193,117.00),(F9,11298,54.00),(OO,10372,47.00),(WN,14107,40.00),(AA,11298,32.00)]"
"2025-01-04 08:00:00",7,11433,37,4,7.135135135135135,61.0,"[(DL,12451,61.00),(DL,14869,47.00),(DL,14986,37.00),(DL,12266,36.00)]"
"2025-01-04 08:00:00",7,10397,52,4,4.1923076923076925,52.0,"[(UA,11292,52.00),(UA,11618,50.00),(DL,11618,43.00),(DL,15016,36.00)]"
"2025-01-04 08:00:00",8,13303,30,4,8.233333333333333,77.0,"[(UA,14771,77.00),(AA,14869,59.00),(AA,10397,54.00),(AA,11292,51.00)]"
"2025-01-04 08:00:00",8,11298,48,5,5.916666666666667,199.0,"[(NK,14843,199.00),(AA,14747,81.00),(AA,14683,70.00),(AA,14893,61.00),(MQ,12951,36.00)]"
"2025-01-04 08:00:00",8,10397,52,4,4.1923076923076925,52.0,"[(UA,11292,52.00),(UA,11618,50.00),(DL,11618,43.00),(DL,15016,36.00)]"
"2025-01-04 08:00:00",8,14107,40,3,1.875,57.0,"[(WN,10423,57.00),(WN,14771,35.00),(WN,13796,33.00)]"
"2025-01-04 08:00:00",9,11433,33,4,7.484848484848484,61.0,"[(DL,12451,61.00),(DL,14869,47.00),(DL,14986,37.00),(DL,12266,36.00)]"
"2025-01-04 08:00:00",9,13303,30,4,8.233333333333333,77.0,"[(UA,14771,77.00),(AA,14869,59.00),(AA,10397,54.00),(AA,11292,51.00)]"
"2025-01-04 08:00:00",9,10397,35,3,4.6571428571428575,52.0,"[(UA,11292,52.00),(UA,11618,50.00),(DL,15016,36.00)]"
"2025-01-04 08:00:00",9,14771,32,3,1.46875,49.0,"[(OO,14893,49.00),(UA,12264,33.00),(AS,11278,32.00)]"
"2025-01-04 08:00:00",10,11433,37,4,7.135135135135135,61.0,"[(DL,12451,61.00),(DL,14869,47.00),(DL,14986,37.00),(DL,12266,36.00)]"
"2025-01-04 08:00:00",10,14107,40,3,1.875,57.0,"[(WN,10423,57.00),(WN,14771,35.00),(WN,13796,33.00)]"
"2025-01-04 08:00:00",10,12889,37,2,3.810810810810811,50.0,"[(WN,14107,50.00),(WN,15370,45.00)]"
"2025-01-04 09:00:00",1,10397,61,13,13.442622950819672,121.0,"[(F9,12889,121.00),(F9,12953,94.00),(DL,14570,66.00),(DL,15304,64.00),(F9,13303,56.00),(DL,13871,55.00),(WN,13204,53.00),(WN,12953,45.00),(WN,11292,39.00),(F9,15304,38.00),(DL,14576,35.00),(F9,11298,33.00),(WN,13232,33.00)]"
"2025-01-04 09:00:00",1,11292,69,11,22.18840579710145,393.0,"[(OO,13029,393.00),(OO,11109,183.00),(WN,15304,100.00),(OO,11775,77.00),(UA,14683,68.00),(WN,14869,43.00),(UA,10821,42.00),(WN,10397,36.00),(F9,14831,35.00),(UA,13487,35.00),(OO,10372,32.00)]"
"2025-01-04 09:00:00",2,11292,72,12,25.208333333333332,393.0,"[(OO,13029,393.00),(OO,15919,274.00),(OO,11109,183.00),(WN,15304,100.00),(OO,11775,77.00),(UA,14683,68.00),(WN,14869,43.00),(UA,10821,42.00),(WN,10397,36.00),(F9,14831,35.00),(UA,13487,35.00),(OO,10372,32.00)]"
"2025-01-04 09:00:00",2,10397,59,11,11.830508474576272,121.0,"[(F9,12889,121.00),(F9,12953,94.00),(DL,15304,64.00),(DL,13871,55.00),(WN,13204,53.00),(WN,12953,45.00),(WN,11292,39.00),(F9,15304,38.00),(DL,14576,35.00),(F9,11298,33.00),(WN,13232,33.00)]"
"2025-01-04 09:00:00",3,10397,45,11,13.88888888888889,121.0,"[(F9,12889,121.00),(F9,12953,94.00),(DL,15304,64.00),(DL,13871,55.00),(WN,13204,53.00),(WN,12953,45.00),(WN,11292,39.00),(F9,15304,38.00),(DL,14576,35.00),(F9,11298,33.00),(WN,13232,33.00)]"
"2025-01-04 09:00:00",3,10397,34,8,14.235294117647058,121.0,"[(F9,12889,121.00),(F9,12953,94.00),(DL,13871,55.00),(WN,12953,45.00),(WN,11292,39.00),(F9,15304,38.00),(F9,11298,33.00),(WN,13232,33.00)]"
"2025-01-04 09:00:00",3,13930,43,7,14.55813953488372,284.0,"[(OO,13184,284.00),(UA,12441,75.00),(YX,13851,71.00),(UA,14869,66.00),(YX,13851,50.00),(OO,11109,38.00),(MQ,12278,32.00)]"
"2025-01-04 09:00:00",4,10397,59,11,11.830508474576272,121.0,"[(F9,12889,121.00),(F9,12953,94.00),(DL,15304,64.00),(DL,13871,55.00),(WN,13204,53.00),(WN,12953,45.00),(WN,11292,39.00),(F9,15304,38.00),(DL,14576,35.00),(F9,11298,33.00),(WN,13232,33.00)]"
"2025-01-04 09:00:00",4,11292,48,7,21.979166666666668,393.0,"[(OO,13029,393.00),(OO,11775,77.00),(UA,14683,68.00),(UA,10821,42.00),(F9,14831,35.00),(UA,13487,35.00),(OO,10372,32.00)]"
"2025-01-04 09:00:00",4,13204,31,6,13.870967741935484,167.0,"[(UA,12264,167.00),(DL,14747,81.00),(WN,13232,54.00),(NK,15024,53.00),(WN,10257,32.00),(F9,14843,31.00)]"
"2025-01-04 09:00:00",5,11292,51,8,26.254901960784313,393.0,"[(OO,13029,393.00),(OO,15919,274.00),(OO,11775,77.00),(UA,14683,68.00),(UA,10821,42.00),(F9,14831,35.00),(UA,13487,35.00),(OO,10372,32.00)]"
"2025-01-04 09:00:00",5,13930,43,7,14.55813953488372,284.0,"[(OO,13184,284.00),(UA,12441,75.00),(YX,13851,71.00),(UA,14869,66.00),(YX,13851,50.00),(OO,11109,38.00),(MQ,12278,32.00)]"
"2025-01-04 09:00:00",5,11292,36,5,13.416666666666666,68.0,"[(UA,14683,68.00),(UA,10821,42.00),(F9,14831,35.00),(UA,13487,35.00),(OO,10372,32.00)]"
"2025-01-04 09:00:00",5,12892,38,4,11.18421052631579,99.0,"[(DL,10397,99.00),(DL,12266,92.00),(DL,12889,77.00),(OO,15376,40.00)]"
"2025-01-04 09:00:00",6,13930,43,7,14.55813953488372,284.0,"[(OO,13184,284.00),(UA,12441,75.00),(YX,13851,71.00),(UA,14869,66.00),(YX,13851,50.00),(OO,11109,38.00),(MQ,12278,32.00)]"
"2025-01-04 09:00:00",6,13204,30,6,14.533333333333333,167.0,"[(UA,12264,167.00),(DL,14747,81.00),(WN,13232,54.00),(NK,15024,53.00),(WN,10257,32.00),(F9,14843,31.00)]"
"2025-01-04 09:00:00",6,10397,30,5,9.3,94.0,"[(F9,12953,94.00),(WN,12953,45.00),(WN,11292,39.00),(F9,15304,38.00),(F9,11298,33.00)]"
"2025-01-04 09:00:00",6,11057,43,4,5.604651162790698,171.0,"[(AA,13487,171.00),(OH,14696,57.00),(OH,13795,54.00),(AA,14027,33.00)]"
"2025-01-04 09:00:00",7,13930,32,6,17.0,284.0,"[(OO,13184,284.00),(UA,12441,75.00),(UA,14869,66.00),(YX,13851,50.00),(OO,11109,38.00),(MQ,12278,32.00)]"
"2025-01-04 09:00:00",7,11292,36,5,13.416666666666666,68.0,"[(UA,14683,68.00),(UA,10821,42.00),(F9,14831,35.00),(UA,13487,35.00),(OO,10372,32.00)]"
"2025-01-04 09:00:00",7,12892,38,4,11.18421052631579,99.0,"[(DL,10397,99.00),(DL,12266,92.00),(DL,12889,77.00),(OO,15376,40.00)]"
"2025-01-04 09:00:00",7,11298,33,3,6.545454545454546,137.0,"[(AA,11986,137.00),(AA,13204,86.00),(OO,10372,35.00)]"
"2025-01-04 09:00:00",8,13204,31,6,13.870967741935484,167.0,"[(UA,12264,167.00),(DL,14747,81.00),(WN,13232,54.00),(NK,15024,53.00),(WN,10257,32.00),(F9,14843,31.00)]"
"2025-01-04 09:00:00",8,10397,30,5,9.3,94.0,"[(F9,12953,94.00),(WN,12953,45.00),(WN,11292,39.00),(F9,15304,38.00),(F9,11298,33.00)]"
"2025-01-04 09:00:00",8,11057,43,4,5.604651162790698,171.0,"[(AA,13487,171.00),(OH,14696,57.00),(OH,13795,54.00),(AA,14027,33.00)]"
"2025-01-04 09:00:00",8,14747,32,3,6.21875,46.0,"[(AS,12264,46.00),(AS,13891,36.00),(AS,14869,31.00)]"
"2025-01-04 09:00:00",9,11292,36,5,13.416666666666666,68.0,"[(UA,14683,68.00),(UA,10821,42.00),(F9,14831,35.00),(UA,13487,35.00),(OO,10372,32.00)]"
"2025-01-04 09:00:00",9,12892,38,4,11.18421052631579,99.0,"[(DL,10397,99.00),(DL,12266,92.00),(DL,12889,77.00),(OO,15376,40.00)]"
"2025-01-04 09:00:00",9,11298,33,3,6.545454545454546,137.0,"[(AA,11986,137.00),(AA,13204,86.00),(OO,10372,35.00)]"
"2025-01-04 09:00:00",9,14107,53,2,1.7169811320754718,35.0,"[(AA,14100,35.00),(WN,11292,33.00)]"
"2025-01-04 09:00:00",10,10397,30,5,9.3,94.0,"[(F9,12953,94.00),(WN,12953,45.00),(WN,11292,39.00),(F9,15304,38.00),(F9,11298,33.00)]"
"2025-01-04 09:00:00",10,11057,43,4,5.604651162790698,171.0,"[(AA,13487,171.00),(OH,14696,57.00),(OH,13795,54.00),(AA,14027,33.00)]"
"2025-01-04 09:00:00",10,14747,32,3,6.21875,46.0,"[(AS,12264,46.00),(AS,13891,36.00),(AS,14869,31.00)]"
"2025-01-04 10:00:00",1,11292,39,14,28.846153846153847,135.0,"[(AA,11298,135.00),(OO,15370,105.00),(B6,12478,79.00),(OO,10627,75.00),(OO,13851,75.00),(UA,13485,67.00),(DL,10397,58.00),(WN,12264,53.00),(UA,13244,45.00),(UA,13204,42.00),(UA,11618,38.00),(F9,11042,35.00),(UA,13303,33.00),(WN,10821,31.00)]"
"2025-01-04 10:00:00",1,11298,32,4,15.4375,301.0,"[(AA,10849,301.00),(OH,10980,57.00),(OO,11109,37.00),(AA,14100,36.00)]"
"2025-01-04 10:00:00",2,11292,30,10,25.833333333333332,135.0,"[(AA,11298,135.00),(B6,12478,79.00),(OO,10627,75.00),(WN,12264,53.00),(UA,13244,45.00),(UA,13204,42.00),(UA,11618,38.00),(F9,11042,35.00),(UA,13303,33.00),(WN,10821,31.00)]"
"2025-01-04 10:00:00",2,13930,30,4,12.133333333333333,104.0,"[(OO,11042,104.00),(OO,14696,98.00),(UA,12892,70.00),(UA,14747,41.00)]"
"2025-01-04 10:00:00",2,11292,33,11,26.939393939393938,135.0,"[(AA,11298,135.00),(OO,15370,105.00),(B6,12478,79.00),(OO,10627,75.00),(WN,12264,53.00),(UA,13244,45.00),(UA,13204,42.00),(UA,11618,38.00),(F9,11042,35.00),(UA,13303,33.00),(WN,10821,31.00)]"
"2025-01-04 10:00:00",2,13930,56,8,10.142857142857142,104.0,"[(OO,11042,104.00),(OO,14696,98.00),(UA,12892,70.00),(AA,14679,46.00),(UA,14747,41.00),(OO,14108,37.00),(OO,12339,37.00),(UA,10821,37.00)]"
"2025-01-04 10:00:00",3,13930,56,8,10.142857142857142,104.0,"[(OO,11042,104.00),(OO,14696,98.00),(UA,12892,70.00),(AA,14679,46.00),(UA,14747,41.00),(OO,14108,37.00),(OO,12339,37.00),(UA,10821,37.00)]"
"2025-01-04 10:00:00",3,12892,35,7,20.857142857142858,148.0,"[(AA,12478,148.00),(DL,10397,144.00),(OO,10372,139.00),(UA,13930,75.00),(DL,13204,71.00),(OO,13502,61.00),(OO,12441,60.00)]"
"2025-01-04 10:00:00",4,12892,35,7,20.857142857142858,148.0,"[(AA,12478,148.00),(DL,10397,144.00),(OO,10372,139.00),(UA,13930,75.00),(DL,13204,71.00),(OO,13502,61.00),(OO,12441,60.00)]"
"2025-01-04 10:00:00",4,11298,61,6,10.0,301.0,"[(AA,10849,301.00),(OH,10980,57.00),(OH,13422,50.00),(OO,11109,37.00),(AA,14100,36.00),(AA,14698,32.00)]"
"2025-01-04 10:00:00",5,11298,61,6,10.0,301.0,"[(AA,10849,301.00),(OH,10980,57.00),(OH,13422,50.00),(OO,11109,37.00),(AA,14100,36.00),(AA,14698,32.00)]"
"2025-01-04 10:00:00",5,13930,37,6,12.297297297297296,104.0,"[(OO,11042,104.00),(OO,14696,98.00),(UA,12892,70.00),(AA,14679,46.00),(UA,14747,41.00),(OO,14108,37.00)]"
"2025-01-04 10:00:00",5,14771,31,5,18.838709677419356,283.0,"[(UA,11292,283.00),(WN,14107,58.00),(WN,12889,48.00),(WN,11292,43.00),(DL,14869,37.00)]"
"2025-01-04 10:00:00",6,14771,31,5,18.838709677419356,283.0,"[(UA,11292,283.00),(WN,14107,58.00),(WN,12889,48.00),(WN,11292,43.00),(DL,14869,37.00)]"
"2025-01-04 10:00:00",6,11298,61,6,10.0,301.0,"[(AA,10849,301.00),(OH,10980,57.00),(OH,13422,50.00),(OO,11109,37.00),(AA,14100,36.00),(AA,14698,32.00)]"
"2025-01-04 10:00:00",6,10397,48,5,10.833333333333334,143.0,"[(DL,10800,143.00),(DL,12094,71.00),(DL,13930,41.00),(DL,13232,34.00),(DL,11996,33.00)]"
"2025-01-04 10:00:00",7,10397,48,5,10.833333333333334,143.0,"[(DL,10800,143.00),(DL,12094,71.00),(DL,13930,41.00),(DL,13232,34.00),(DL,11996,33.00)]"
"2025-01-04 10:00:00",7,14771,31,5,18.838709677419356,283.0,"[(UA,11292,283.00),(WN,14107,58.00),(WN,12889,48.00),(WN,11292,43.00),(DL,14869,37.00)]"
"2025-01-04 10:00:00",7,11433,32,3,6.34375,96.0,"[(OO,13230,96.00),(OO,15380,86.00),(DL,11697,32.00)]"
"2025-01-04 10:00:00",8,13930,30,4,12.133333333333333,104.0,"[(OO,11042,104.00),(OO,14696,98.00),(UA,12892,70.00),(UA,14747,41.00)]"
"2025-01-04 10:00:00",8,10397,48,5,10.833333333333334,143.0,"[(DL,10800,143.00),(DL,12094,71.00),(DL,13930,41.00),(DL,13232,34.00),(DL,11996,33.00)]"
"2025-01-04 10:00:00",8,11278,30,0,-4.266666666666667,13.0,[]
"2025-01-04 10:00:00",9,13930,31,4,11.741935483870968,104.0,"[(OO,11042,104.00),(OO,14696,98.00),(UA,12892,70.00),(UA,14747,41.00)]"
"2025-01-04 10:00:00",9,13930,30,4,12.133333333333333,104.0,"[(OO,11042,104.00),(OO,14696,98.00),(UA,12892,70.00),(UA,14747,41.00)]"
"2025-01-04 10:00:00",10,11433,32,3,6.34375,96.0,"[(OO,13230,96.00),(OO,15380,86.00),(DL,11697,32.00)]"
"2025-01-04 10:00:00",10,10397,41,4,10.707317073170731,143.0,"[(DL,10800,143.00),(DL,12094,71.00),(DL,13232,34.00),(DL,11996,33.00)]"
"2025-01-04 11:00:00",1,11292,75,24,31.813333333333333,209.0,"[(OO,11122,209.00),(OO,13433,175.00),(OO,11638,166.00),(OO,12003,155.00),(OO,14457,152.00),(OO,12156,115.00),(UA,14747,107.00),(OO,12012,83.00),(UA,11618,61.00),(OO,11109,59.00),(UA,14057,58.00),(UA,10849,58.00),(WN,14057,56.00),(UA,14262,51.00),(UA,13486,50.00),(UA,10713,50.00),(OO,10372,48.00),(UA,14893,47.00),(WN,13851,47.00),(UA,13891,46.00)]"
"2025-01-04 11:00:00",1,11292,43,17,35.44186046511628,175.0,"[(OO,13433,175.00),(OO,11638,166.00),(OO,14457,152.00),(OO,12156,115.00),(UA,14747,107.00),(OO,12012,83.00),(UA,11618,61.00),(UA,14057,58.00),(UA,10849,58.00),(WN,14057,56.00),(UA,13486,50.00),(UA,14893,47.00),(WN,13851,47.00),(UA,13891,46.00),(WN,15016,31.00),(DL,10721,31.00),(UA,13930,31.00)]"
"2025-01-04 11:00:00",2,11292,51,19,35.431372549019606,175.0,"[(OO,13433,175.00),(OO,11638,166.00),(OO,12003,155.00),(OO,14457,152.00),(OO,12156,115.00),(UA,14747,107.00),(OO,12012,83.00),(UA,11618,61.00),(UA,14057,58.00),(UA,10849,58.00),(WN,14057,56.00),(UA,13486,50.00),(UA,10713,50.00),(UA,14893,47.00),(WN,13851,47.00),(UA,13891,46.00),(WN,15016,31.00),(DL,10721,31.00),(UA,13930,31.00)]"
"2025-01-04 11:00:00",2,11292,32,7,26.9375,209.0,"[(OO,11122,209.00),(OO,12003,155.00),(OO,11109,59.00),(UA,14262,51.00),(UA,10713,50.00),(OO,10372,48.00),(UA,14570,37.00)]"
"2025-01-04 11:00:00",2,11292,52,19,32.61538461538461,175.0,"[(OO,13433,175.00),(OO,11638,166.00),(OO,14457,152.00),(OO,12156,115.00),(UA,14747,107.00),(OO,12012,83.00),(UA,11618,61.00),(UA,14057,58.00),(UA,10849,58.00),(WN,14057,56.00),(UA,14262,51.00),(UA,13486,50.00),(UA,10713,50.00),(UA,14893,47.00),(WN,13851,47.00),(UA,13891,46.00),(WN,15016,31.00),(DL,10721,31.00),(UA,13930,31.00)]"
"2025-01-04 11:00:00",2,14869,48,19,31.020833333333332,367.0,"[(DL,14747,367.00),(DL,12173,81.00),(DL,11057,74.00),(DL,13204,69.00),(DL,14679,63.00),(DL,14492,57.00),(WN,12889,54.00),(OO,15389,47.00),(OO,12003,45.00),(DL,14107,43.00),(DL,14100,41.00),(DL,12892,38.00),(DL,14057,37.00),(DL,12889,37.00),(DL,10397,35.00),(OO,14489,35.00),(OO,14252,34.00),(DL,12953,32.00),(DL,14831,31.00)]"
"2025-01-04 11:00:00",3,14869,40,16,32.2,367.0,"[(DL,14747,367.00),(DL,11057,74.00),(DL,13204,69.00),(DL,14679,63.00),(DL,14492,57.00),(WN,12889,54.00),(OO,15389,47.00),(OO,12003,45.00),(DL,14107,43.00),(DL,14100,41.00),(DL,12892,38.00),(DL,10397,35.00),(OO,14489,35.00),(OO,14252,34.00),(DL,12953,32.00),(DL,14831,31.00)]"
"2025-01-04 11:00:00",3,14869,48,19,31.020833333333332,367.0,"[(DL,14747,367.00),(DL,12173,81.00),(DL,11057,74.00),(DL,13204,69.00),(DL,14679,63.00),(DL,14492,57.00),(WN,12889,54.00),(OO,15389,47.00),(OO,12003,45.00),(DL,14107,43.00),(DL,14100,41.00),(DL,12892,38.00),(DL,14057,37.00),(DL,12889,37.00),(DL,10397,35.00),(OO,14489,35.00),(OO,14252,34.00),(DL,12953,32.00),(DL,14831,31.00)]"
"2025-01-04 11:00:00",3,11298,44,8,17.65909090909091,191.0,"[(AA,14771,191.00),(AA,12889,117.00),(AA,13830,103.00),(AA,14893,68.00),(MQ,13244,49.00),(AA,14122,47.00),(MQ,10620,39.00),(AA,13487,33.00)]"
"2025-01-04 11:00:00",4,11292,40,15,34.35,175.0,"[(OO,13433,175.00),(OO,11638,166.00),(OO,14457,152.00),(OO,12156,115.00),(OO,12012,83.00),(UA,11618,61.00),(UA,14057,58.00),(UA,10849,58.00),(WN,14057,56.00),(UA,13486,50.00),(UA,14893,47.00),(UA,13891,46.00),(WN,15016,31.00),(DL,10721,31.00),(UA,13930,31.00)]"
"2025-01-04 11:00:00",4,11292,43,17,35.44186046511628,175.0,"[(OO,13433,175.00),(OO,11638,166.00),(OO,14457,152.00),(OO,12156,115.00),(UA,14747,107.00),(OO,12012,83.00),(UA,11618,61.00),(UA,14057,58.00),(UA,10849,58.00),(WN,14057,56.00),(UA,13486,50.00),(UA,14893,47.00),(WN,13851,47.00),(UA,13891,46.00),(WN,15016,31.00),(DL,10721,31.00),(UA,13930,31.00)]"
"2025-01-04 11:00:00",4,14747,31,8,16.903225806451612,79.0,"[(AA,11298,79.00),(AS,10299,78.00),(AS,13930,45.00),(AS,14057,43.00),(AS,10299,41.00),(AS,11884,37.00),(AS,12173,34.00),(WN,14107,31.00)]"
"2025-01-04 11:00:00",5,11298,44,8,17.65909090909091,191.0,"[(AA,14771,191.00),(AA,12889,117.00),(AA,13830,103.00),(AA,14893,68.00),(MQ,13244,49.00),(AA,14122,47.00),(MQ,10620,39.00),(AA,13487,33.00)]"
"2025-01-04 11:00:00",5,13204,34,7,26.264705882352942,249.0,"[(WN,13487,249.00),(UA,11618,190.00),(UA,11042,83.00),(WN,11697,71.00),(DL,10397,50.00),(DL,11278,33.00),(DL,11193,31.00)]"
"2025-01-04 11:00:00",6,14747,31,8,16.903225806451612,79.0,"[(AA,11298,79.00),(AS,10299,78.00),(AS,13930,45.00),(AS,14057,43.00),(AS,10299,41.00),(AS,11884,37.00),(AS,12173,34.00),(WN,14107,31.00)]"
"2025-01-04 11:00:00",6,10397,44,7,13.795454545454545,176.0,"[(OO,10372,176.00),(DL,13204,73.00),(AA,13303,68.00),(WN,13871,46.00),(NK,12892,45.00),(UA,11618,36.00),(DL,11618,34.00)]"
"2025-01-04 11:00:00",7,13204,34,7,26.264705882352942,249.0,"[(WN,13487,249.00),(UA,11618,190.00),(UA,11042,83.00),(WN,11697,71.00),(DL,10397,50.00),(DL,11278,33.00),(DL,11193,31.00)]"
"2025-01-04 11:00:00",7,11057,52,3,4.5576923076923075,138.0,"[(OH,11003,138.00),(MQ,11995,92.00),(OH,13342,43.00)]"
"2025-01-04 11:00:00",8,10397,31,6,17.677419354838708,176.0,"[(OO,10372,176.00),(DL,13204,73.00),(AA,13303,68.00),(WN,13871,46.00),(NK,12892,45.00),(UA,11618,36.00)]"
"2025-01-04 11:00:00",8,10397,44,7,13.795454545454545,176.0,"[(OO,10372,176.00),(DL,13204,73.00),(AA,13303,68.00),(WN,13871,46.00),(NK,12892,45.00),(UA,11618,36.00),(DL,11618,34.00)]"
"2025-01-04 11:00:00",8,14107,42,2,4.023809523809524,84.0,"[(AA,11638,84.00),(OO,14252,47.00)]"
"2025-01-04 11:00:00",9,11298,39,4,10.692307692307692,117.0,"[(AA,12889,117.00),(AA,14893,68.00),(MQ,13244,49.00),(AA,14122,47.00)]"
"2025-01-04 11:00:00",9,11298,33,5,17.151515151515152,191.0,"[(AA,14771,191.00),(AA,12889,117.00),(AA,13830,103.00),(MQ,13244,49.00),(AA,13487,33.00)]"
"2025-01-04 11:00:00",10,11057,52,3,4.5576923076923075,138.0,"[(OH,11003,138.00),(MQ,11995,92.00),(OH,13342,43.00)]"
"2025-01-04 12:00:00",1,11298,66,10,28.545454545454547,1144.0,"[(AA,12094,1144.00),(AA,12012,233.00),(AA,14986,115.00),(AA,14635,75.00),(AA,11540,52.00),(AA,14570,43.00),(AA,15304,39.00),(AA,13930,31.00),(AA,11697,31.00),(AA,12441,31.00)]"
"2025-01-04 12:00:00",1,11298,40,6,33.775,1144.0,"[(AA,12094,1144.00),(AA,14635,75.00),(AA,15304,39.00),(AA,13930,31.00),(AA,11697,31.00),(AA,12441,31.00)]"
"2025-01-04 12:00:00",2,11298,48,7,37.4375,1144.0,"[(AA,12094,1144.00),(AA,12012,233.00),(AA,14986,115.00),(AA,14635,75.00),(AA,11540,52.00),(AA,14570,43.00),(AA,15304,39.00)]"
"2025-01-04 12:00:00",2,11292,32,7,22.375,118.0,"[(OO,14543,118.00),(WN,13931,73.00),(WN,13495,52.00),(DL,14869,48.00),(AA,11298,41.00),(WN,13342,40.00),(WN,11193,35.00)]"
"2025-01-04 12:00:00",3,11292,32,7,22.375,118.0,"[(OO,14543,118.00),(WN,13931,73.00),(WN,13495,52.00),(DL,14869,48.00),(AA,11298,41.00),(WN,13342,40.00),(WN,11193,35.00)]"
"2025-01-04 12:00:00",3,13204,31,5,18.225806451612904,149.0,"[(B6,13933,149.00),(F9,14254,137.00),(F9,11066,52.00),(NK,15024,46.00),(B6,10529,36.00)]"
"2025-01-04 12:00:00",4,11298,43,6,40.41860465116279,1144.0,"[(AA,12094,1144.00),(AA,12012,233.00),(AA,14986,115.00),(AA,14635,75.00),(AA,11540,52.00),(AA,14570,43.00)]"
"2025-01-04 12:00:00",4,10397,33,3,17.636363636363637,318.0,"[(AA,11298,318.00),(DL,11252,134.00),(DL,14685,33.00)]"
"2025-01-04 12:00:00",4,10397,35,3,17.114285714285714,318.0,"[(AA,11298,318.00),(DL,11252,134.00),(DL,14685,33.00)]"
"2025-01-04 12:00:00",5,13204,31,5,18.225806451612904,149.0,"[(B6,13933,149.00),(F9,14254,137.00),(F9,11066,52.00),(NK,15024,46.00),(B6,10529,36.00)]"
"2025-01-04 12:00:00",5,10397,35,3,17.114285714285714,318.0,"[(AA,11298,318.00),(DL,11252,134.00),(DL,14685,33.00)]"
"2025-01-04 12:00:00",5,13930,35,2,5.514285714285714,83.0,"[(YX,11003,83.00),(UA,14869,39.00)]"
"2025-01-04 12:00:00",6,10397,35,3,17.114285714285714,318.0,"[(AA,11298,318.00),(DL,11252,134.00),(DL,14685,33.00)]"
"2025-01-04 12:00:00",6,13930,35,2,5.514285714285714,83.0,"[(YX,11003,83.00),(UA,14869,39.00)]"
"2025-01-04 12:00:00",7,13930,35,2,5.514285714285714,83.0,"[(YX,11003,83.00),(UA,14869,39.00)]"
"2025-01-04 13:00:00",1,11292,59,14,22.305084745762713,114.0,"[(OO,11503,114.00),(OO,11921,108.00),(UA,12266,103.00),(OO,10627,90.00),(OO,13851,83.00),(WN,14986,78.00),(WN,13232,73.00),(WN,15304,68.00),(OO,10372,62.00),(OO,12519,61.00),(UA,14683,54.00),(WN,14635,52.00),(B6,10721,46.00),(WN,14771,46.00)]"
"2025-01-04 13:00:00",1,11292,37,6,18.27027027027027,114.0,"[(OO,11503,114.00),(OO,11921,108.00),(OO,10627,90.00),(WN,15304,68.00),(OO,12519,61.00),(WN,14771,46.00)]"
"2025-01-04 13:00:00",2,11292,47,13,24.76595744680851,114.0,"[(OO,11503,114.00),(OO,11921,108.00),(UA,12266,103.00),(OO,13851,83.00),(WN,14986,78.00),(WN,13232,73.00),(WN,15304,68.00),(OO,10372,62.00),(OO,12519,61.00),(UA,14683,54.00),(WN,14635,52.00),(B6,10721,46.00),(WN,14771,46.00)]"
"2025-01-04 13:00:00",2,13930,35,10,19.914285714285715,176.0,"[(NK,11618,176.00),(OO,11637,132.00),(UA,14057,84.00),(UA,14107,72.00),(DL,14869,58.00),(AA,11298,40.00),(AA,13303,40.00),(OO,11995,39.00),(AS,14747,35.00),(UA,12264,33.00)]"
"2025-01-04 13:00:00",2,13930,37,10,18.783783783783782,176.0,"[(NK,11618,176.00),(OO,11637,132.00),(UA,14057,84.00),(UA,14107,72.00),(DL,14869,58.00),(AA,11298,40.00),(AA,13303,40.00),(OO,11995,39.00),(AS,14747,35.00),(UA,12264,33.00)]"
"2025-01-04 13:00:00",3,13930,37,10,18.783783783783782,176.0,"[(NK,11618,176.00),(OO,11637,132.00),(UA,14057,84.00),(UA,14107,72.00),(DL,14869,58.00),(AA,11298,40.00),(AA,13303,40.00),(OO,11995,39.00),(AS,14747,35.00),(UA,12264,33.00)]"
"2025-01-04 13:00:00",3,14107,33,4,13.090909090909092,103.0,"[(OO,13851,103.00),(WN,14893,70.00),(WN,11109,67.00),(UA,13930,42.00)]"
"2025-01-04 13:00:00",4,11292,38,9,20.473684210526315,114.0,"[(OO,11503,114.00),(UA,12266,103.00),(OO,13851,83.00),(WN,14986,78.00),(WN,13232,73.00),(OO,10372,62.00),(UA,14683,54.00),(WN,14635,52.00),(B6,10721,46.00)]"
"2025-01-04 13:00:00",4,14107,33,4,13.090909090909092,103.0,"[(OO,13851,103.00),(WN,14893,70.00),(WN,11109,67.00),(UA,13930,42.00)]"
"2025-01-04 13:00:00",4,10397,34,3,9.205882352941176,124.0,"[(DL,12448,124.00),(DL,13303,68.00),(DL,15304,54.00)]"
"2025-01-04 13:00:00",5,14107,33,4,13.090909090909092,103.0,"[(OO,13851,103.00),(WN,14893,70.00),(WN,11109,67.00),(UA,13930,42.00)]"
"2025-01-04 13:00:00",5,10397,34,3,9.205882352941176,124.0,"[(DL,12448,124.00),(DL,13303,68.00),(DL,15304,54.00)]"
"2025-01-04 13:00:00",5,11057,38,2,3.6315789473684212,90.0,"[(OH,10599,90.00),(AA,13204,35.00)]"
"2025-01-04 13:00:00",6,10397,34,3,9.205882352941176,124.0,"[(DL,12448,124.00),(DL,13303,68.00),(DL,15304,54.00)]"
"2025-01-04 13:00:00",6,11057,37,2,3.72972972972973,90.0,"[(OH,10599,90.00),(AA,13204,35.00)]"
"2025-01-04 13:00:00",7,11057,38,2,3.6315789473684212,90.0,"[(OH,10599,90.00),(AA,13204,35.00)]"
"2025-01-04 14:00:00",1,12892,31,10,34.38709677419355,315.0,"[(G4,14783,315.00),(AA,13303,198.00),(OO,14698,96.00),(UA,11292,70.00),(OO,14771,68.00),(DL,14771,62.00),(NK,10397,45.00),(DL,12982,41.00),(UA,11618,34.00),(F9,14869,32.00)]"
"2025-01-04 14:00:00",1,13930,34,3,6.823529411764706,96.0,"[(OO,10990,96.00),(OO,14730,85.00),(OO,14574,54.00)]"
"2025-01-04 14:00:00",2,11298,49,9,12.061224489795919,129.0,"[(OO,12191,129.00),(AA,12889,111.00),(F9,13303,61.00),(MQ,14683,56.00),(AA,13303,41.00),(AA,14027,41.00),(AA,13931,39.00),(AA,15376,37.00),(AA,12892,36.00)]"
"2025-01-04 14:00:00",3,13930,48,8,11.166666666666666,105.0,"[(OO,15380,105.00),(OO,10990,96.00),(OO,14730,85.00),(UA,13303,79.00),(AA,12889,66.00),(OO,14574,54.00),(AA,13303,43.00),(UA,11066,38.00)]"
"2025-01-04 14:00:00",4,11057,31,7,21.677419354838708,281.0,"[(OH,15370,281.00),(WN,12191,116.00),(AA,13303,53.00),(MQ,14783,52.00),(OH,15412,39.00),(DL,10397,34.00),(OH,14524,31.00)]"
"2025-01-04 14:00:00",5,10397,32,4,11.625,119.0,"[(AA,13303,119.00),(WN,10821,72.00),(DL,12339,68.00),(DL,14747,36.00)]"
"2025-01-04 14:00:00",5,13930,31,7,16.06451612903226,105.0,"[(OO,15380,105.00),(OO,10990,96.00),(OO,14730,85.00),(UA,13303,79.00),(AA,12889,66.00),(AA,13303,43.00),(UA,11066,38.00)]"
"2025-01-04 14:00:00",6,10397,32,4,11.625,119.0,"[(AA,13303,119.00),(WN,10821,72.00),(DL,12339,68.00),(DL,14747,36.00)]"
"2025-01-04 15:00:00",1,11292,49,27,72.89795918367346,1120.0,"[(OO,11921,1120.00),(OO,14237,396.00),(OO,11413,272.00),(OO,11122,219.00),(WN,14570,161.00),(WN,11057,98.00),(WN,10693,92.00),(F9,11298,86.00),(UA,14869,74.00),(OO,14262,70.00),(OO,16869,65.00),(DL,11433,64.00),(WN,15370,59.00),(WN,11042,57.00),(WN,13871,50.00),(WN,14683,46.00),(UA,14771,45.00),(WN,14730,44.00),(WN,14893,44.00),(WN,12954,43.00)]"
"2025-01-04 15:00:00",2,14869,34,10,32.61764705882353,244.0,"[(DL,14771,244.00),(DL,14107,165.00),(DL,12889,113.00),(OO,14252,77.00),(DL,14908,77.00),(OO,14570,54.00),(OO,10713,53.00),(DL,14057,48.00),(DL,13487,34.00),(OO,10800,31.00)]"
"2025-01-04 15:00:00",2,11292,37,20,79.91891891891892,1120.0,"[(OO,11921,1120.00),(OO,14237,396.00),(OO,11413,272.00),(WN,14570,161.00),(WN,11057,98.00),(WN,10693,92.00),(UA,14869,74.00),(OO,14262,70.00),(DL,11433,64.00),(WN,15370,59.00),(UA,14771,45.00),(WN,14730,44.00),(WN,14893,44.00),(WN,12954,43.00),(WN,14747,38.00),(WN,10140,36.00),(WN,14107,34.00),(UA,12953,32.00),(AA,14107,31.00),(WN,14057,31.00)]"
"2025-01-04 15:00:00",3,10397,47,8,11.404255319148936,93.0,"[(DL,13303,93.00),(DL,14027,62.00),(DL,13232,62.00),(DL,11618,52.00),(DL,15624,40.00),(DL,15016,37.00),(DL,13244,35.00),(OO,13277,32.00)]"
"2025-01-04 15:00:00",3,14869,34,10,32.61764705882353,244.0,"[(DL,14771,244.00),(DL,14107,165.00),(DL,12889,113.00),(OO,14252,77.00),(DL,14908,77.00),(OO,14570,54.00),(OO,10713,53.00),(DL,14057,48.00),(DL,13487,34.00),(OO,10800,31.00)]"
"2025-01-04 15:00:00",4,14107,30,6,14.766666666666667,117.0,"[(WN,13198,117.00),(F9,12889,102.00),(WN,15304,73.00),(WN,13891,63.00),(WN,14570,31.00),(UA,13930,31.00)]"
"2025-01-04 15:00:00",4,10397,47,8,11.404255319148936,93.0,"[(DL,13303,93.00),(DL,13232,62.00),(DL,14027,62.00),(DL,11618,52.00),(DL,15624,40.00),(DL,15016,37.00),(DL,13244,35.00),(OO,13277,32.00)]"
"2025-01-04 15:00:00",5,13930,34,6,11.029411764705882,88.0,"[(OO,14696,88.00),(UA,12892,55.00),(AA,14027,54.00),(OO,11986,43.00),(NK,13204,33.00),(UA,11618,31.00)]"
"2025-01-04 15:00:00",5,10397,44,7,10.886363636363637,93.0,"[(DL,13303,93.00),(DL,13232,62.00),(DL,14027,62.00),(DL,11618,52.00),(DL,15624,40.00),(DL,13244,35.00),(OO,13277,32.00)]"
"2025-01-04 15:00:00",6,11298,43,6,10.046511627906977,110.0,"[(AA,14057,110.00),(AA,15304,62.00),(MQ,11982,53.00),(AA,11618,49.00),(AA,11423,42.00),(AA,11066,40.00)]"
"2025-01-04 15:00:00",6,14107,30,6,14.766666666666667,117.0,"[(WN,13198,117.00),(F9,12889,102.00),(WN,15304,73.00),(WN,13891,63.00),(UA,13930,31.00),(WN,14570,31.00)]"
"2025-01-04 15:00:00",6,11298,46,6,9.652173913043478,110.0,"[(AA,14057,110.00),(AA,15304,62.00),(MQ,11982,53.00),(AA,11618,49.00),(AA,11423,42.00),(AA,11066,40.00)]"
"2025-01-04 15:00:00",7,11298,46,6,9.652173913043478,110.0,"[(AA,14057,110.00),(AA,15304,62.00),(MQ,11982,53.00),(AA,11618,49.00),(AA,11423,42.00),(AA,11066,40.00)]"
"2025-01-04 15:00:00",7,13930,34,6,11.029411764705882,88.0,"[(OO,14696,88.00),(UA,12892,55.00),(AA,14027,54.00),(OO,11986,43.00),(NK,13204,33.00),(UA,11618,31.00)]"
"2025-01-04 15:00:00",7,13204,30,4,15.0,80.0,"[(UA,11618,80.00),(WN,14843,48.00),(WN,15016,46.00),(WN,10257,35.00)]"
"2025-01-04 15:00:00",8,13204,30,4,15.0,80.0,"[(UA,11618,80.00),(WN,14843,48.00),(WN,15016,46.00),(WN,10257,35.00)]"
"2025-01-04 15:00:00",8,11298,46,6,9.652173913043478,110.0,"[(AA,14057,110.00),(AA,15304,62.00),(MQ,11982,53.00),(AA,11618,49.00),(AA,11423,42.00),(AA,11066,40.00)]"
"2025-01-04 15:00:00",9,11298,36,4,6.805555555555555,62.0,"[(AA,15304,62.00),(AA,11618,49.00),(AA,11423,42.00),(AA,11066,40.00)]"
"2025-01-04 15:00:00",9,11298,37,5,10.972972972972974,110.0,"[(AA,14057,110.00),(AA,15304,62.00),(MQ,11982,53.00),(AA,11618,49.00),(AA,11066,40.00)]"
"2025-01-04 15:00:00",10,13204,30,4,15.0,80.0,"[(UA,11618,80.00),(WN,14843,48.00),(WN,15016,46.00),(WN,10257,35.00)]"
"2025-01-04 16:00:00",1,11292,42,22,65.64285714285714,931.0,"[(OO,14457,931.00),(OO,14674,279.00),(F9,12339,229.00),(UA,13204,173.00),(F9,14193,126.00),(WN,12953,83.00),(WN,11540,75.00),(WN,14869,66.00),(UA,14107,65.00),(WN,12339,64.00),(DL,13487,57.00),(UA,14679,56.00),(UA,12173,55.00),(F9,11278,54.00),(UA,11618,50.00),(WN,10713,41.00),(F9,11540,40.00),(UA,12889,38.00),(WN,13342,37.00),(F9,12889,35.00)]"
"2025-01-04 16:00:00",1,11298,31,9,31.161290322580644,275.0,"[(AA,11638,275.00),(AA,12339,117.00),(OO,12891,106.00),(AA,14492,89.00),(AA,14107,86.00),(AA,11057,77.00),(OH,15624,47.00),(MQ,11540,46.00),(NK,11057,36.00)]"
"2025-01-04 16:00:00",2,10397,52,16,19.26923076923077,94.0,"[(DL,13851,94.00),(DL,14193,77.00),(DL,14893,75.00),(F9,14100,72.00),(WN,11292,64.00),(DL,14730,63.00),(DL,14576,58.00),(DL,11252,52.00),(DL,10721,52.00),(F9,12266,41.00),(OO,14814,39.00),(DL,11259,36.00),(DL,12451,34.00),(DL,14683,33.00),(NK,10821,32.00),(WN,11278,32.00)]"
"2025-01-04 16:00:00",2,11298,30,5,14.7,164.0,"[(AA,13204,164.00),(AA,14683,50.00),(AA,13303,43.00),(AA,10397,42.00),(AA,13871,39.00)]"
"2025-01-04 16:00:00",2,11292,41,21,64.17073170731707,931.0,"[(OO,14457,931.00),(OO,14674,279.00),(F9,12339,229.00),(UA,13204,173.00),(WN,12953,83.00),(WN,11540,75.00),(WN,14869,66.00),(UA,14107,65.00),(WN,12339,64.00),(DL,13487,57.00),(UA,14679,56.00),(UA,12173,55.00),(F9,11278,54.00),(UA,11618,50.00),(WN,10713,41.00),(F9,11540,40.00),(UA,12889,38.00),(WN,13342,37.00),(F9,12889,35.00),(F9,14893,35.00)]"
"2025-01-04 16:00:00",3,11298,61,14,23.065573770491802,275.0,"[(AA,11638,275.00),(AA,13204,164.00),(AA,12339,117.00),(OO,12891,106.00),(AA,14492,89.00),(AA,14107,86.00),(AA,11057,77.00),(AA,14683,50.00),(OH,15624,47.00),(MQ,11540,46.00),(AA,13303,43.00),(AA,10397,42.00),(AA,13871,39.00),(NK,11057,36.00)]"
"2025-01-04 16:00:00",3,11292,30,18,73.26666666666667,931.0,"[(OO,14457,931.00),(OO,14674,279.00),(UA,13204,173.00),(WN,11540,75.00),(WN,14869,66.00),(UA,14107,65.00),(WN,12339,64.00),(DL,13487,57.00),(UA,14679,56.00),(UA,12173,55.00),(F9,11278,54.00),(WN,10713,41.00),(F9,11540,40.00),(UA,12889,38.00),(WN,13342,37.00),(F9,12889,35.00),(F9,14893,35.00),(WN,13502,32.00)]"
"2025-01-04 16:00:00",4,13204,35,12,38.42857142857143,273.0,"[(WN,10529,273.00),(WN,14893,167.00),(UA,11618,156.00),(WN,10821,99.00),(UA,12264,93.00),(F9,13232,60.00),(DL,13487,51.00),(WN,12448,42.00),(B6,10257,41.00),(WN,13232,35.00),(WN,14869,33.00),(WN,15016,32.00)]"
"2025-01-04 16:00:00",4,10397,52,16,19.26923076923077,94.0,"[(DL,13851,94.00),(DL,14193,77.00),(DL,14893,75.00),(F9,14100,72.00),(WN,11292,64.00),(DL,14730,63.00),(DL,14576,58.00),(DL,11252,52.00),(DL,10721,52.00),(F9,12266,41.00),(OO,14814,39.00),(DL,11259,36.00),(DL,12451,34.00),(DL,14683,33.00),(NK,10821,32.00),(WN,11278,32.00)]"
"2025-01-04 16:00:00",5,10397,40,10,16.0,77.0,"[(DL,14193,77.00),(F9,14100,72.00),(WN,11292,64.00),(DL,14576,58.00),(DL,11252,52.00),(F9,12266,41.00),(DL,11259,36.00),(DL,12451,34.00),(DL,14683,33.00),(NK,10821,32.00)]"
"2025-01-04 16:00:00",5,11298,61,14,23.065573770491802,275.0,"[(AA,11638,275.00),(AA,13204,164.00),(AA,12339,117.00),(OO,12891,106.00),(AA,14492,89.00),(AA,14107,86.00),(AA,11057,77.00),(AA,14683,50.00),(OH,15624,47.00),(MQ,11540,46.00),(AA,13303,43.00),(AA,10397,42.00),(AA,13871,39.00),(NK,11057,36.00)]"
"2025-01-04 16:00:00",5,11433,31,9,22.0,165.0,"[(DL,15016,165.00),(NK,13303,96.00),(YX,13485,74.00),(NK,11697,64.00),(NK,14635,56.00),(F9,13204,56.00),(DL,11697,45.00),(OO,13232,39.00),(DL,10397,32.00)]"
"2025-01-04 16:00:00",6,11433,31,9,22.0,165.0,"[(DL,15016,165.00),(NK,13303,96.00),(YX,13485,74.00),(NK,11697,64.00),(NK,14635,56.00),(F9,13204,56.00),(DL,11697,45.00),(OO,13232,39.00),(DL,10397,32.00)]"
"2025-01-04 16:00:00",6,13204,35,12,38.42857142857143,273.0,"[(WN,10529,273.00),(WN,14893,167.00),(UA,11618,156.00),(WN,10821,99.00),(UA,12264,93.00),(F9,13232,60.00),(DL,13487,51.00),(WN,12448,42.00),(B6,10257,41.00),(WN,13232,35.00),(WN,14869,33.00),(WN,15016,32.00)]"
"2025-01-04 16:00:00",6,14107,38,8,16.342105263157894,85.0,"[(OO,14869,85.00),(OO,11003,69.00),(WN,14683,66.00),(F9,14057,56.00),(AA,13930,56.00),(WN,12191,55.00),(AA,10397,51.00),(AA,12451,45.00)]"
"2025-01-04 16:00:00",7,14107,38,8,16.342105263157894,85.0,"[(OO,14869,85.00),(OO,11003,69.00),(WN,14683,66.00),(F9,14057,56.00),(AA,13930,56.00),(WN,12191,55.00),(AA,10397,51.00),(AA,12451,45.00)]"
"2025-01-04 16:00:00",7,11433,31,9,22.0,165.0,"[(DL,15016,165.00),(NK,13303,96.00),(YX,13485,74.00),(NK,11697,64.00),(NK,14635,56.00),(F9,13204,56.00),(DL,11697,45.00),(OO,13232,39.00),(DL,10397,32.00)]"
"2025-01-04 16:00:00",7,14771,33,8,14.06060606060606,114.0,"[(OO,11603,114.00),(UA,13495,87.00),(DL,12892,62.00),(OO,12892,52.00),(UA,11618,51.00),(OO,11884,46.00),(OO,14489,42.00),(UA,14679,41.00)]"
"2025-01-04 16:00:00",8,14771,33,8,14.06060606060606,114.0,"[(OO,11603,114.00),(UA,13495,87.00),(DL,12892,62.00),(OO,12892,52.00),(UA,11618,51.00),(OO,11884,46.00),(OO,14489,42.00),(UA,14679,41.00)]"
"2025-01-04 16:00:00",8,14107,38,8,16.342105263157894,85.0,"[(OO,14869,85.00),(OO,11003,69.00),(WN,14683,66.00),(F9,14057,56.00),(AA,13930,56.00),(WN,12191,55.00),(AA,10397,51.00),(AA,12451,45.00)]"
"2025-01-04 16:00:00",8,11057,45,4,15.088888888888889,185.0,"[(OH,14524,185.00),(AA,10792,154.00),(AA,11278,132.00),(AA,12478,61.00)]"
"2025-01-04 16:00:00",9,11298,30,5,14.7,164.0,"[(AA,13204,164.00),(AA,14683,50.00),(AA,13303,43.00),(AA,10397,42.00),(AA,13871,39.00)]"
"2025-01-04 16:00:00",9,11298,43,8,15.209302325581396,164.0,"[(AA,13204,164.00),(AA,12339,117.00),(AA,14683,50.00),(MQ,11540,46.00),(AA,13303,43.00),(AA,10397,42.00),(AA,13871,39.00),(NK,11057,36.00)]"
"2025-01-04 16:00:00",10,11057,45,4,15.088888888888889,185.0,"[(OH,14524,185.00),(AA,10792,154.00),(AA,11278,132.00),(AA,12478,61.00)]"
"2025-01-04 16:00:00",10,14771,33,8,14.06060606060606,114.0,"[(OO,11603,114.00),(UA,13495,87.00),(DL,12892,62.00),(OO,12892,52.00),(UA,11618,51.00),(OO,11884,46.00),(OO,14489,42.00),(UA,14679,41.00)]"
"2025-01-04 17:00:00",1,11292,60,25,54.06666666666667,885.0,"[(OO,13851,885.00),(OO,14457,192.00),(OO,12992,156.00),(WN,15016,137.00),(UA,10423,134.00),(WN,13851,134.00),(UA,11618,132.00),(WN,10693,127.00),(UA,14730,116.00),(F9,11775,101.00),(UA,15304,90.00),(WN,15376,78.00),(WN,12191,72.00),(WN,13303,62.00),(UA,11775,56.00),(WN,14107,51.00),(UA,12339,45.00),(WN,14683,39.00),(DL,12953,38.00),(UA,14524,38.00)]"
"2025-01-04 17:00:00",1,11292,30,16,75.93333333333334,885.0,"[(OO,13851,885.00),(OO,12992,156.00),(WN,15016,137.00),(UA,10423,134.00),(WN,13851,134.00),(UA,11618,132.00),(F9,11775,101.00),(UA,15304,90.00),(WN,12191,72.00),(UA,11775,56.00),(WN,14107,51.00),(WN,14683,39.00),(DL,12953,38.00),(UA,14524,38.00),(WN,13796,33.00),(UA,12892,31.00)]"
"2025-01-04 17:00:00",2,11292,41,18,62.853658536585364,885.0,"[(OO,13851,885.00),(OO,12992,156.00),(WN,15016,137.00),(UA,10423,134.00),(WN,13851,134.00),(UA,11618,132.00),(WN,10693,127.00),(F9,11775,101.00),(UA,15304,90.00),(WN,15376,78.00),(WN,12191,72.00),(UA,11775,56.00),(WN,14107,51.00),(WN,14683,39.00),(DL,12953,38.00),(UA,14524,38.00),(WN,13796,33.00),(UA,12892,31.00)]"
"2025-01-04 17:00:00",2,11292,30,9,32.2,192.0,"[(OO,14457,192.00),(WN,10693,127.00),(UA,14730,116.00),(WN,15376,78.00),(WN,13303,62.00),(UA,12339,45.00),(OO,10627,37.00),(UA,13871,37.00),(UA,13244,32.00)]"
"2025-01-04 17:00:00",2,11292,30,16,75.93333333333334,885.0,"[(OO,13851,885.00),(OO,12992,156.00),(WN,15016,137.00),(UA,10423,134.00),(WN,13851,134.00),(UA,11618,132.00),(F9,11775,101.00),(UA,15304,90.00),(WN,12191,72.00),(UA,11775,56.00),(WN,14107,51.00),(WN,14683,39.00),(DL,12953,38.00),(UA,14524,38.00),(WN,13796,33.00),(UA,12892,31.00)]"
"2025-01-04 17:00:00",2,10397,36,15,29.52777777777778,136.0,"[(DL,10693,136.00),(DL,14027,116.00),(DL,10423,114.00),(DL,11042,93.00),(DL,13891,76.00),(NK,12892,68.00),(UA,14771,66.00),(DL,14492,52.00),(WN,11066,46.00),(DL,10994,46.00),(WN,11259,44.00),(DL,13487,42.00),(DL,13930,39.00),(DL,12451,36.00),(DL,11481,32.00)]"
"2025-01-04 17:00:00",3,11292,30,16,75.93333333333334,885.0,"[(OO,13851,885.00),(OO,12992,156.00),(WN,15016,137.00),(UA,10423,134.00),(WN,13851,134.00),(UA,11618,132.00),(F9,11775,101.00),(UA,15304,90.00),(WN,12191,72.00),(UA,11775,56.00),(WN,14107,51.00),(WN,14683,39.00),(DL,12953,38.00),(UA,14524,38.00),(WN,13796,33.00),(UA,12892,31.00)]"
"2025-01-04 17:00:00",3,10397,36,15,29.52777777777778,136.0,"[(DL,10693,136.00),(DL,14027,116.00),(DL,10423,114.00),(DL,11042,93.00),(DL,13891,76.00),(NK,12892,68.00),(UA,14771,66.00),(DL,14492,52.00),(WN,11066,46.00),(DL,10994,46.00),(WN,11259,44.00),(DL,13487,42.00),(DL,13930,39.00),(DL,12451,36.00),(DL,11481,32.00)]"
"2025-01-04 17:00:00",3,14869,32,13,45.375,264.0,"[(DL,13930,264.00),(DL,12339,245.00),(DL,10713,155.00),(DL,12889,94.00),(DL,14057,92.00),(DL,12478,87.00),(DL,14771,73.00),(DL,13204,65.00),(AS,14747,63.00),(DL,14747,59.00),(DL,11042,55.00),(OO,11884,40.00),(DL,10423,36.00)]"
"2025-01-04 17:00:00",4,10397,36,15,29.52777777777778,136.0,"[(DL,10693,136.00),(DL,14027,116.00),(DL,10423,114.00),(DL,11042,93.00),(DL,13891,76.00),(NK,12892,68.00),(UA,14771,66.00),(DL,14492,52.00),(WN,11066,46.00),(DL,10994,46.00),(WN,11259,44.00),(DL,13487,42.00),(DL,13930,39.00),(DL,12451,36.00),(DL,11481,32.00)]"
"2025-01-04 17:00:00",4,14869,32,13,45.375,264.0,"[(DL,13930,264.00),(DL,12339,245.00),(DL,10713,155.00),(DL,12889,94.00),(DL,14057,92.00),(DL,12478,87.00),(DL,14771,73.00),(DL,13204,65.00),(AS,14747,63.00),(DL,14747,59.00),(DL,11042,55.00),(OO,11884,40.00),(DL,10423,36.00)]"
"2025-01-04 17:00:00",4,13204,34,13,28.235294117647058,134.0,"[(UA,14771,134.00),(AA,13303,123.00),(WN,10397,104.00),(WN,10423,62.00),(DL,14747,58.00),(UA,11292,52.00),(DL,12953,52.00),(B6,10732,51.00),(WN,13244,46.00),(F9,11433,42.00),(WN,13931,32.00),(DL,10397,31.00),(B6,11278,31.00)]"
"2025-01-04 17:00:00",5,14869,32,13,45.375,264.0,"[(DL,13930,264.00),(DL,12339,245.00),(DL,10713,155.00),(DL,12889,94.00),(DL,14057,92.00),(DL,12478,87.00),(DL,14771,73.00),(DL,13204,65.00),(AS,14747,63.00),(DL,14747,59.00),(DL,11042,55.00),(OO,11884,40.00),(DL,10423,36.00)]"
"2025-01-04 17:00:00",5,13204,34,13,28.235294117647058,134.0,"[(UA,14771,134.00),(AA,13303,123.00),(WN,10397,104.00),(WN,10423,62.00),(DL,14747,58.00),(UA,11292,52.00),(DL,12953,52.00),(B6,10732,51.00),(WN,13244,46.00),(F9,11433,42.00),(WN,13931,32.00),(DL,10397,31.00),(B6,11278,31.00)]"
"2025-01-04 17:00:00",5,11298,42,11,13.928571428571429,97.0,"[(AA,11433,97.00),(AA,11057,77.00),(AA,13891,49.00),(AA,12478,48.00),(AA,13495,45.00),(AA,14679,42.00),(AA,12451,37.00),(AA,12892,36.00),(AA,14107,35.00),(AA,13487,34.00),(AA,11278,33.00)]"
"2025-01-04 17:00:00",6,13204,34,13,28.235294117647058,134.0,"[(UA,14771,134.00),(AA,13303,123.00),(WN,10397,104.00),(WN,10423,62.00),(DL,14747,58.00),(UA,11292,52.00),(DL,12953,52.00),(B6,10732,51.00),(WN,13244,46.00),(F9,11433,42.00),(WN,13931,32.00),(DL,10397,31.00),(B6,11278,31.00)]"
"2025-01-04 17:00:00",6,11298,42,11,13.928571428571429,97.0,"[(AA,11433,97.00),(AA,11057,77.00),(AA,13891,49.00),(AA,12478,48.00),(AA,13495,45.00),(AA,14679,42.00),(AA,12451,37.00),(AA,12892,36.00),(AA,14107,35.00),(AA,13487,34.00),(AA,11278,33.00)]"
"2025-01-04 17:00:00",6,14107,35,4,13.17142857142857,65.0,"[(AA,11066,65.00),(UA,11292,48.00),(WN,13796,47.00),(OO,16218,40.00)]"
"2025-01-04 17:00:00",7,11298,42,11,13.928571428571429,97.0,"[(AA,11433,97.00),(AA,11057,77.00),(AA,13891,49.00),(AA,12478,48.00),(AA,13495,45.00),(AA,14679,42.00),(AA,12451,37.00),(AA,12892,36.00),(AA,14107,35.00),(AA,13487,34.00),(AA,11278,33.00)]"
"2025-01-04 17:00:00",7,14107,30,4,14.133333333333333,65.0,"[(AA,11066,65.00),(UA,11292,48.00),(WN,13796,47.00),(OO,16218,40.00)]"
"2025-01-04 17:00:00",7,13930,35,4,8.371428571428572,96.0,"[(OO,14869,96.00),(MQ,11995,48.00),(YX,14730,43.00),(OO,10693,43.00)]"
"2025-01-04 17:00:00",8,14107,35,4,13.17142857142857,65.0,"[(AA,11066,65.00),(UA,11292,48.00),(WN,13796,47.00),(OO,16218,40.00)]"
"2025-01-04 17:00:00",9,13930,35,4,8.371428571428572,96.0,"[(OO,14869,96.00),(MQ,11995,48.00),(YX,14730,43.00),(OO,10693,43.00)]"
"2025-01-04 18:00:00",1,11292,45,29,59.84444444444444,240.0,"[(UA,14100,240.00),(WN,14831,210.00),(OO,11109,196.00),(WN,10800,169.00),(WN,13204,156.00),(F9,13204,140.00),(WN,10821,118.00),(F9,14107,108.00),(WN,12954,95.00),(UA,10693,93.00),(UA,13930,92.00),(WN,12889,89.00),(OO,12945,77.00),(WN,10423,71.00),(UA,11986,67.00),(UA,11298,67.00),(WN,10529,61.00),(WN,14307,44.00),(AA,11298,44.00),(F9,11298,43.00)]"
"2025-01-04 18:00:00",1,13930,34,5,12.029411764705882,76.0,"[(UA,10721,76.00),(UA,15304,70.00),(UA,15096,63.00),(OO,13184,60.00),(YX,14321,50.00)]"
"2025-01-04 18:00:00",2,11292,41,26,61.02439024390244,240.0,"[(UA,14100,240.00),(WN,14831,210.00),(OO,11109,196.00),(WN,10800,169.00),(WN,13204,156.00),(F9,13204,140.00),(WN,10821,118.00),(F9,14107,108.00),(UA,10693,93.00),(UA,13930,92.00),(WN,12889,89.00),(OO,12945,77.00),(WN,10423,71.00),(UA,11986,67.00),(UA,11298,67.00),(WN,10529,61.00),(WN,14307,44.00),(AA,11298,44.00),(F9,11298,43.00),(UA,11193,41.00)]"
"2025-01-04 18:00:00",2,13204,33,16,42.515151515151516,187.0,"[(B6,12197,187.00),(DL,14869,152.00),(WN,11066,101.00),(WN,10821,100.00),(WN,14843,87.00),(NK,14122,77.00),(WN,12191,64.00),(NK,13577,60.00),(WN,10693,60.00),(F9,14100,58.00),(AA,11057,57.00),(WN,11259,51.00),(WN,14492,51.00),(UA,11042,49.00),(DL,11433,41.00),(WN,13232,31.00)]"
"2025-01-04 18:00:00",3,13204,33,16,42.515151515151516,187.0,"[(B6,12197,187.00),(DL,14869,152.00),(WN,11066,101.00),(WN,10821,100.00),(WN,14843,87.00),(NK,14122,77.00),(WN,12191,64.00),(NK,13577,60.00),(WN,10693,60.00),(F9,14100,58.00),(AA,11057,57.00),(WN,11259,51.00),(WN,14492,51.00),(UA,11042,49.00),(DL,11433,41.00),(WN,13232,31.00)]"
"2025-01-04 18:00:00",3,11298,54,15,40.0,698.0,"[(AA,12992,698.00),(AA,13204,288.00),(AA,11540,164.00),(MQ,14730,106.00),(NK,11697,82.00),(AA,14683,71.00),(AA,10257,69.00),(DL,14869,69.00),(AA,12892,65.00),(AA,14635,61.00),(MQ,11067,56.00),(AA,11697,55.00),(NK,10821,55.00),(MQ,14783,54.00),(AA,12264,32.00)]"
"2025-01-04 18:00:00",4,11298,54,15,40.0,698.0,"[(AA,12992,698.00),(AA,13204,288.00),(AA,11540,164.00),(MQ,14730,106.00),(NK,11697,82.00),(AA,14683,71.00),(AA,10257,69.00),(DL,14869,69.00),(AA,12892,65.00),(AA,14635,61.00),(MQ,11067,56.00),(AA,11697,55.00),(NK,10821,55.00),(MQ,14783,54.00),(AA,12264,32.00)]"
"2025-01-04 18:00:00",4,10397,41,14,20.463414634146343,82.0,"[(DL,15624,82.00),(NK,10721,64.00),(NK,11697,63.00),(DL,11618,62.00),(DL,10821,56.00),(DL,13577,45.00),(DL,12953,44.00),(DL,10693,40.00),(NK,14100,38.00),(DL,15304,34.00),(DL,14122,33.00),(AS,14747,33.00),(DL,10599,32.00),(WN,12191,31.00)]"
"2025-01-04 18:00:00",5,10397,41,14,20.463414634146343,82.0,"[(DL,15624,82.00),(NK,10721,64.00),(NK,11697,63.00),(DL,11618,62.00),(DL,10821,56.00),(DL,13577,45.00),(DL,12953,44.00),(DL,10693,40.00),(NK,14100,38.00),(DL,15304,34.00),(DL,14122,33.00),(AS,14747,33.00),(DL,10599,32.00),(WN,12191,31.00)]"
"2025-01-04 18:00:00",5,12892,31,12,24.096774193548388,110.0,"[(DL,12266,110.00),(OO,15376,80.00),(OO,14771,68.00),(OO,11884,66.00),(DL,10423,54.00),(WN,10693,52.00),(UA,14771,49.00),(WN,14107,46.00),(WN,12889,36.00),(WN,13232,36.00),(DL,11298,34.00),(OO,14683,31.00)]"
"2025-01-04 18:00:00",6,11298,44,13,45.20454545454545,698.0,"[(AA,12992,698.00),(AA,13204,288.00),(AA,11540,164.00),(MQ,14730,106.00),(NK,11697,82.00),(AA,14683,71.00),(AA,12892,65.00),(AA,14635,61.00),(MQ,11067,56.00),(AA,11697,55.00),(NK,10821,55.00),(MQ,14783,54.00),(AA,12264,32.00)]"
"2025-01-04 18:00:00",6,12266,36,11,33.138888888888886,224.0,"[(UA,14771,224.00),(UA,14100,157.00),(UA,11292,119.00),(MQ,11298,113.00),(UA,12892,93.00),(UA,14831,88.00),(UA,13931,70.00),(UA,10721,67.00),(UA,11042,57.00),(UA,11697,47.00),(NK,11433,36.00)]"
"2025-01-04 18:00:00",7,12892,31,12,24.096774193548388,110.0,"[(DL,12266,110.00),(OO,15376,80.00),(OO,14771,68.00),(OO,11884,66.00),(DL,10423,54.00),(WN,10693,52.00),(UA,14771,49.00),(WN,14107,46.00),(WN,12889,36.00),(WN,13232,36.00),(DL,11298,34.00),(OO,14683,31.00)]"
"2025-01-04 18:00:00",7,13930,61,9,12.245901639344263,78.0,"[(AA,13204,78.00),(UA,10721,76.00),(UA,15304,70.00),(UA,15096,63.00),(OO,13184,60.00),(YX,14321,50.00),(UA,14122,47.00),(UA,11066,46.00),(OO,11433,42.00)]"
"2025-01-04 18:00:00",8,12266,36,11,33.138888888888886,224.0,"[(UA,14771,224.00),(UA,14100,157.00),(UA,11292,119.00),(MQ,11298,113.00),(UA,12892,93.00),(UA,14831,88.00),(UA,13931,70.00),(UA,10721,67.00),(UA,11042,57.00),(UA,11697,47.00),(NK,11433,36.00)]"
"2025-01-04 18:00:00",8,11057,53,8,10.30188679245283,86.0,"[(OH,10874,86.00),(AA,14747,73.00),(DL,14869,55.00),(OH,14193,49.00),(AA,11042,48.00),(AA,12478,47.00),(OH,11641,47.00),(OH,12945,45.00)]"
"2025-01-04 18:00:00",9,13930,61,9,12.245901639344263,78.0,"[(AA,13204,78.00),(UA,10721,76.00),(UA,15304,70.00),(UA,15096,63.00),(OO,13184,60.00),(YX,14321,50.00),(UA,14122,47.00),(UA,11066,46.00),(OO,11433,42.00)]"
"2025-01-04 18:00:00",9,13487,30,7,22.733333333333334,205.0,"[(OO,12003,205.00),(DL,14747,151.00),(DL,10627,134.00),(DL,14771,65.00),(WN,13232,36.00),(DL,14831,35.00),(DL,14107,34.00)]"
"2025-01-04 18:00:00",10,13930,51,8,13.470588235294118,78.0,"[(AA,13204,78.00),(UA,10721,76.00),(UA,15304,70.00),(UA,15096,63.00),(YX,14321,50.00),(UA,14122,47.00),(UA,11066,46.00),(OO,11433,42.00)]"
"2025-01-04 19:00:00",1,11292,73,49,55.43835616438356,248.0,"[(OO,11109,248.00),(WN,14524,186.00),(UA,14689,146.00),(OO,11503,139.00),(WN,14771,124.00),(UA,11648,115.00),(WN,14492,112.00),(UA,10849,109.00),(UA,10713,109.00),(WN,12892,105.00),(OO,12896,102.00),(UA,14679,97.00),(WN,14893,93.00),(WN,13232,92.00),(WN,11423,90.00),(UA,12889,88.00),(UA,11603,78.00),(WN,13930,77.00),(UA,10299,77.00),(OO,12156,75.00)]"
"2025-01-04 19:00:00",1,11292,42,30,62.904761904761905,248.0,"[(OO,11109,248.00),(WN,14524,186.00),(OO,11503,139.00),(WN,14771,124.00),(WN,14492,112.00),(UA,10849,109.00),(UA,10713,109.00),(WN,12892,105.00),(OO,12896,102.00),(WN,14893,93.00),(WN,13232,92.00),(WN,11423,90.00),(UA,12889,88.00),(UA,11603,78.00),(UA,14262,72.00),(WN,12264,71.00),(UA,10800,70.00),(UA,12266,66.00),(UA,14771,64.00),(UA,14489,58.00)]"
"2025-01-04 19:00:00",1,11292,73,49,55.43835616438356,248.0,"[(OO,11109,248.00),(WN,14524,186.00),(UA,14689,146.00),(OO,11503,139.00),(WN,14771,124.00),(UA,11648,115.00),(WN,14492,112.00),(UA,10849,109.00),(UA,10713,109.00),(WN,12892,105.00),(OO,12896,102.00),(UA,14679,97.00),(WN,14893,93.00),(WN,13232,92.00),(WN,11423,90.00),(UA,12889,88.00),(UA,11603,78.00),(UA,10299,77.00),(WN,13930,77.00),(OO,12156,75.00)]"
"2025-01-04 19:00:00",1,11292,73,49,55.43835616438356,248.0,"[(OO,11109,248.00),(WN,14524,186.00),(UA,14689,146.00),(OO,11503,139.00),(WN,14771,124.00),(UA,11648,115.00),(WN,14492,112.00),(UA,10713,109.00),(UA,10849,109.00),(WN,12892,105.00),(OO,12896,102.00),(UA,14679,97.00),(WN,14893,93.00),(WN,13232,92.00),(WN,11423,90.00),(UA,12889,88.00),(UA,11603,78.00),(UA,10299,77.00),(WN,13930,77.00),(OO,12156,75.00)]"
"2025-01-04 19:00:00",2,11292,48,31,54.729166666666664,248.0,"[(OO,11109,248.00),(WN,14524,186.00),(UA,14689,146.00),(WN,14771,124.00),(UA,11648,115.00),(WN,14492,112.00),(UA,10849,109.00),(UA,14679,97.00),(WN,14893,93.00),(UA,12889,88.00),(WN,13930,77.00),(UA,10299,77.00),(OO,12156,75.00),(OO,15041,74.00),(UA,14747,71.00),(WN,10994,71.00),(WN,14122,69.00),(UA,14107,61.00),(UA,14908,57.00),(UA,13891,46.00)]"
"2025-01-04 19:00:00",2,11292,31,19,45.32258064516129,146.0,"[(UA,14689,146.00),(UA,11648,115.00),(UA,14679,97.00),(WN,13930,77.00),(UA,10299,77.00),(OO,12156,75.00),(OO,15041,74.00),(UA,14747,71.00),(WN,10994,71.00),(WN,14122,69.00),(UA,14107,61.00),(UA,14908,57.00),(UA,13891,46.00),(UA,14457,43.00),(WN,10721,43.00),(F9,13930,41.00),(UA,11884,40.00),(WN,11066,40.00),(UA,14831,36.00)]"
"2025-01-04 19:00:00",2,11292,31,19,45.32258064516129,146.0,"[(UA,14689,146.00),(UA,11648,115.00),(UA,14679,97.00),(UA,10299,77.00),(WN,13930,77.00),(OO,12156,75.00),(OO,15041,74.00),(UA,14747,71.00),(WN,10994,71.00),(WN,14122,69.00),(UA,14107,61.00),(UA,14908,57.00),(UA,13891,46.00),(WN,10721,43.00),(UA,14457,43.00),(F9,13930,41.00),(WN,11066,40.00),(UA,11884,40.00),(UA,14831,36.00)]"
"2025-01-04 19:00:00",2,13303,38,16,40.05263157894737,228.0,"[(NK,12889,228.00),(AA,12953,184.00),(DL,10397,166.00),(DL,10721,101.00),(AA,12889,72.00),(AA,12339,69.00),(AA,13204,66.00),(UA,12266,64.00),(DL,12953,64.00),(AA,10821,60.00),(AA,14683,57.00),(UA,13930,54.00),(AA,14747,48.00),(AA,14869,43.00),(F9,11298,41.00),(AA,14107,38.00)]"
"2025-01-04 19:00:00",3,11292,31,19,45.32258064516129,146.0,"[(UA,14689,146.00),(UA,11648,115.00),(UA,14679,97.00),(WN,13930,77.00),(UA,10299,77.00),(OO,12156,75.00),(OO,15041,74.00),(UA,14747,71.00),(WN,10994,71.00),(WN,14122,69.00),(UA,14107,61.00),(UA,14908,57.00),(UA,13891,46.00),(UA,14457,43.00),(WN,10721,43.00),(F9,13930,41.00),(UA,11884,40.00),(WN,11066,40.00),(UA,14831,36.00)]"
"2025-01-04 19:00:00",3,11298,37,7,13.783783783783784,114.0,"[(AA,11618,114.00),(F9,11292,83.00),(MQ,11637,74.00),(AA,13495,71.00),(AA,14683,62.00),(AA,13303,49.00),(AA,14262,38.00)]"
"2025-01-04 19:00:00",3,13303,38,16,40.05263157894737,228.0,"[(NK,12889,228.00),(AA,12953,184.00),(DL,10397,166.00),(DL,10721,101.00),(AA,12889,72.00),(AA,12339,69.00),(AA,13204,66.00),(DL,12953,64.00),(UA,12266,64.00),(AA,10821,60.00),(AA,14683,57.00),(UA,13930,54.00),(AA,14747,48.00),(AA,14869,43.00),(F9,11298,41.00),(AA,14107,38.00)]"
"2025-01-04 19:00:00",3,13204,37,16,33.729729729729726,158.0,"[(B6,11618,158.00),(UA,11618,135.00),(WN,10792,130.00),(DL,12892,115.00),(DL,12953,75.00),(B6,14254,71.00),(NK,10693,67.00),(DL,11433,65.00),(WN,12339,42.00),(B6,12478,41.00),(WN,14122,39.00),(UA,12892,39.00),(B6,15096,36.00),(WN,10821,33.00),(WN,13232,33.00),(F9,14107,31.00)]"
"2025-01-04 19:00:00",4,13303,38,16,40.05263157894737,228.0,"[(NK,12889,228.00),(AA,12953,184.00),(DL,10397,166.00),(DL,10721,101.00),(AA,12889,72.00),(AA,12339,69.00),(AA,13204,66.00),(DL,12953,64.00),(UA,12266,64.00),(AA,10821,60.00),(AA,14683,57.00),(UA,13930,54.00),(AA,14747,48.00),(AA,14869,43.00),(F9,11298,41.00),(AA,14107,38.00)]"
"2025-01-04 19:00:00",4,13204,37,16,33.729729729729726,158.0,"[(B6,11618,158.00),(UA,11618,135.00),(WN,10792,130.00),(DL,12892,115.00),(DL,12953,75.00),(B6,14254,71.00),(NK,10693,67.00),(DL,11433,65.00),(WN,12339,42.00),(B6,12478,41.00),(WN,14122,39.00),(UA,12892,39.00),(B6,15096,36.00),(WN,10821,33.00),(WN,13232,33.00),(F9,14107,31.00)]"
"2025-01-04 19:00:00",4,10397,46,14,22.891304347826086,129.0,"[(DL,14057,129.00),(AA,13303,127.00),(DL,13495,121.00),(DL,10529,86.00),(NK,12266,77.00),(NK,11697,69.00),(DL,14869,62.00),(DL,11481,52.00),(DL,10423,50.00),(DL,13851,48.00),(DL,11884,44.00),(DL,13871,36.00),(DL,14685,36.00),(DL,12953,31.00)]"
"2025-01-04 19:00:00",5,13204,37,16,33.729729729729726,158.0,"[(B6,11618,158.00),(UA,11618,135.00),(WN,10792,130.00),(DL,12892,115.00),(DL,12953,75.00),(B6,14254,71.00),(NK,10693,67.00),(DL,11433,65.00),(WN,12339,42.00),(B6,12478,41.00),(WN,14122,39.00),(UA,12892,39.00),(B6,15096,36.00),(WN,10821,33.00),(WN,13232,33.00),(F9,14107,31.00)]"
"2025-01-04 19:00:00",5,10397,46,14,22.891304347826086,129.0,"[(DL,14057,129.00),(AA,13303,127.00),(DL,13495,121.00),(DL,10529,86.00),(NK,12266,77.00),(NK,11697,69.00),(DL,14869,62.00),(DL,11481,52.00),(DL,10423,50.00),(DL,13851,48.00),(DL,11884,44.00),(DL,13871,36.00),(DL,14685,36.00),(DL,12953,31.00)]"
"2025-01-04 19:00:00",5,11298,65,11,14.507692307692308,189.0,"[(AA,14685,189.00),(AA,11618,114.00),(AA,14771,103.00),(F9,11292,83.00),(AA,10800,75.00),(MQ,11637,74.00),(AA,14193,71.00),(AA,13495,71.00),(AA,14683,62.00),(AA,13303,49.00),(AA,14262,38.00)]"
"2025-01-04 19:00:00",6,10397,46,14,22.891304347826086,129.0,"[(DL,14057,129.00),(AA,13303,127.00),(DL,13495,121.00),(DL,10529,86.00),(NK,12266,77.00),(NK,11697,69.00),(DL,14869,62.00),(DL,11481,52.00),(DL,10423,50.00),(DL,13851,48.00),(DL,11884,44.00),(DL,13871,36.00),(DL,14685,36.00),(DL,12953,31.00)]"
"2025-01-04 19:00:00",6,11298,65,11,14.507692307692308,189.0,"[(AA,14685,189.00),(AA,11618,114.00),(AA,14771,103.00),(F9,11292,83.00),(AA,10800,75.00),(MQ,11637,74.00),(AA,14193,71.00),(AA,13495,71.00),(AA,14683,62.00),(AA,13303,49.00),(AA,14262,38.00)]"
"2025-01-04 19:00:00",6,13930,35,9,28.914285714285715,190.0,"[(WN,11292,190.00),(B6,10721,173.00),(OO,11721,122.00),(DL,14869,96.00),(AA,12953,93.00),(UA,12889,53.00),(WN,14107,48.00),(AS,14771,48.00),(UA,14107,32.00)]"
"2025-01-04 19:00:00",7,11298,65,11,14.507692307692308,189.0,"[(AA,14685,189.00),(AA,11618,114.00),(AA,14771,103.00),(F9,11292,83.00),(AA,10800,75.00),(MQ,11637,74.00),(AA,14193,71.00),(AA,13495,71.00),(AA,14683,62.00),(AA,13303,49.00),(AA,14262,38.00)]"
"2025-01-04 19:00:00",7,13930,35,9,28.914285714285715,190.0,"[(WN,11292,190.00),(B6,10721,173.00),(OO,11721,122.00),(DL,14869,96.00),(AA,12953,93.00),(UA,12889,53.00),(WN,14107,48.00),(AS,14771,48.00),(UA,14107,32.00)]"
"2025-01-04 19:00:00",7,12892,32,6,10.375,124.0,"[(OO,11540,124.00),(UA,12266,69.00),(DL,14057,45.00),(UA,14107,38.00),(WN,10423,35.00),(OO,13476,31.00)]"
"2025-01-04 19:00:00",8,10397,36,10,20.694444444444443,129.0,"[(DL,14057,129.00),(AA,13303,127.00),(DL,10529,86.00),(NK,12266,77.00),(DL,11481,52.00),(DL,10423,50.00),(DL,11884,44.00),(DL,13871,36.00),(DL,14685,36.00),(DL,12953,31.00)]"
"2025-01-04 19:00:00",8,12892,32,6,10.375,124.0,"[(OO,11540,124.00),(UA,12266,69.00),(DL,14057,45.00),(UA,14107,38.00),(WN,10423,35.00),(OO,13476,31.00)]"
"2025-01-04 19:00:00",9,13930,35,9,28.914285714285715,190.0,"[(WN,11292,190.00),(B6,10721,173.00),(OO,11721,122.00),(DL,14869,96.00),(AA,12953,93.00),(UA,12889,53.00),(WN,14107,48.00),(AS,14771,48.00),(UA,14107,32.00)]"
"2025-01-04 19:00:00",10,11298,47,8,15.446808510638299,189.0,"[(AA,14685,189.00),(AA,14771,103.00),(F9,11292,83.00),(AA,10800,75.00),(MQ,11637,74.00),(AA,14193,71.00),(AA,13495,71.00),(AA,14262,38.00)]"
"2025-01-04 20:00:00",1,11292,36,24,59.94444444444444,313.0,"[(OO,11109,313.00),(WN,12339,168.00),(UA,11298,137.00),(WN,14869,135.00),(WN,10599,119.00),(OO,16869,105.00),(OO,14543,89.00),(WN,13342,84.00),(WN,14679,81.00),(OO,14869,76.00),(UA,14057,74.00),(UA,12266,73.00),(OO,15370,65.00),(WN,14908,57.00),(WN,11259,55.00),(WN,11433,53.00),(UA,14683,46.00),(WN,13796,41.00),(WN,14107,40.00),(UA,14679,37.00)]"
"2025-01-04 20:00:00",1,13930,30,7,16.333333333333332,115.0,"[(OO,15370,115.00),(UA,14683,76.00),(UA,14570,54.00),(UA,15380,49.00),(UA,14747,36.00),(AA,10397,31.00),(UA,14771,31.00)]"
"2025-01-04 20:00:00",1,11298,53,13,19.528301886792452,130.0,"[(MQ,10136,130.00),(AA,11292,127.00),(AA,10868,94.00),(AA,13851,86.00),(AA,12892,59.00),(AA,14683,55.00),(AA,11996,50.00),(AA,14107,40.00),(OO,14674,37.00),(AA,11278,37.00),(AA,13204,35.00),(MQ,14492,35.00),(AA,11540,34.00)]"
"2025-01-04 20:00:00",2,11298,53,13,19.528301886792452,130.0,"[(MQ,10136,130.00),(AA,11292,127.00),(AA,10868,94.00),(AA,13851,86.00),(AA,12892,59.00),(AA,14683,55.00),(AA,11996,50.00),(AA,14107,40.00),(OO,14674,37.00),(AA,11278,37.00),(AA,13204,35.00),(MQ,14492,35.00),(AA,11540,34.00)]"
"2025-01-04 20:00:00",2,13930,36,6,13.416666666666666,148.0,"[(NK,13204,148.00),(AA,12953,61.00),(UA,13871,59.00),(AA,15376,53.00),(UA,12266,44.00),(AA,14683,44.00)]"
"2025-01-04 20:00:00",2,13930,66,13,14.742424242424242,148.0,"[(NK,13204,148.00),(OO,15370,115.00),(UA,14683,76.00),(AA,12953,61.00),(UA,13871,59.00),(UA,14570,54.00),(AA,15376,53.00),(UA,15380,49.00),(UA,12266,44.00),(AA,14683,44.00),(UA,14747,36.00),(AA,10397,31.00),(UA,14771,31.00)]"
"2025-01-04 20:00:00",3,13930,66,13,14.742424242424242,148.0,"[(NK,13204,148.00),(OO,15370,115.00),(UA,14683,76.00),(AA,12953,61.00),(UA,13871,59.00),(UA,14570,54.00),(AA,15376,53.00),(UA,15380,49.00),(UA,12266,44.00),(AA,14683,44.00),(UA,14747,36.00),(AA,10397,31.00),(UA,14771,31.00)]"
"2025-01-04 20:00:00",3,11298,31,6,12.870967741935484,94.0,"[(AA,10868,94.00),(AA,11996,50.00),(AA,14107,40.00),(OO,14674,37.00),(AA,11278,37.00),(MQ,14492,35.00)]"
"2025-01-04 20:00:00",3,10397,43,12,20.488372093023255,144.0,"[(WN,11697,144.00),(WN,14635,123.00),(DL,14027,77.00),(WN,14986,69.00),(DL,12323,58.00),(WN,11292,57.00),(DL,13204,45.00),(WN,12451,40.00),(DL,12478,39.00),(DL,11953,37.00),(DL,14100,35.00),(WN,13204,33.00)]"
"2025-01-04 20:00:00",4,10397,43,12,20.488372093023255,144.0,"[(WN,11697,144.00),(WN,14635,123.00),(DL,14027,77.00),(WN,14986,69.00),(DL,12323,58.00),(WN,11292,57.00),(DL,13204,45.00),(WN,12451,40.00),(DL,12478,39.00),(DL,11953,37.00),(DL,14100,35.00),(WN,13204,33.00)]"
"2025-01-04 20:00:00",4,11057,33,4,9.818181818181818,132.0,"[(WN,13232,132.00),(AA,15370,49.00),(AA,13230,38.00),(AA,14771,31.00)]"
"2025-01-04 20:00:00",4,11057,58,11,15.96551724137931,154.0,"[(OH,10431,154.00),(WN,13232,132.00),(AA,11278,109.00),(NK,12953,105.00),(OH,15412,103.00),(AA,10821,68.00),(AA,15370,49.00),(MQ,14783,41.00),(AA,13230,38.00),(AA,14730,31.00),(AA,14771,31.00)]"
"2025-01-04 20:00:00",5,11057,58,11,15.96551724137931,154.0,"[(OH,10431,154.00),(WN,13232,132.00),(AA,11278,109.00),(NK,12953,105.00),(OH,15412,103.00),(AA,10821,68.00),(AA,15370,49.00),(MQ,14783,41.00),(AA,13230,38.00),(AA,14730,31.00),(AA,14771,31.00)]"
"2025-01-04 20:00:00",6,11298,37,10,23.594594594594593,130.0,"[(MQ,10136,130.00),(AA,11292,127.00),(AA,10868,94.00),(AA,13851,86.00),(AA,12892,59.00),(AA,14683,55.00),(AA,11996,50.00),(AA,13204,35.00),(MQ,14492,35.00),(AA,11540,34.00)]"
"2025-01-04 20:00:00",6,13930,30,7,16.333333333333332,115.0,"[(OO,15370,115.00),(UA,14683,76.00),(UA,14570,54.00),(UA,15380,49.00),(UA,14747,36.00),(AA,10397,31.00),(UA,14771,31.00)]"
"2025-01-04 20:00:00",7,13930,52,10,14.288461538461538,148.0,"[(NK,13204,148.00),(OO,15370,115.00),(UA,14683,76.00),(UA,13871,59.00),(UA,14570,54.00),(AA,15376,53.00),(UA,15380,49.00),(UA,14747,36.00),(AA,10397,31.00),(UA,14771,31.00)]"
"2025-01-04 20:00:00",8,10397,34,9,21.470588235294116,144.0,"[(WN,11697,144.00),(WN,14635,123.00),(WN,14986,69.00),(DL,12323,58.00),(WN,11292,57.00),(DL,13204,45.00),(WN,12451,40.00),(DL,11953,37.00),(DL,14100,35.00)]"
"2025-01-04 20:00:00",9,11057,34,8,18.470588235294116,154.0,"[(OH,10431,154.00),(AA,11278,109.00),(NK,12953,105.00),(OH,15412,103.00),(AA,10821,68.00),(MQ,14783,41.00),(AA,14730,31.00),(AA,14771,31.00)]"
"2025-01-04 20:00:00",10,13930,30,7,16.333333333333332,115.0,"[(OO,15370,115.00),(UA,14683,76.00),(UA,14570,54.00),(UA,15380,49.00),(UA,14747,36.00),(AA,10397,31.00),(UA,14771,31.00)]"
"2025-01-04 21:00:00",1,11292,33,22,76.33333333333333,846.0,"[(OO,11423,846.00),(WN,13158,200.00),(OO,11921,187.00),(OO,14534,185.00),(WN,14679,86.00),(WN,10423,81.00),(WN,12191,74.00),(WN,14107,71.00),(WN,10140,68.00),(WN,10693,63.00),(WN,12896,63.00),(WN,13871,53.00),(UA,14107,53.00),(WN,13232,51.00),(WN,13851,50.00),(WN,13487,44.00),(WN,14683,44.00),(WN,14831,43.00),(F9,13487,35.00),(WN,14262,34.00)]"
"2025-01-04 21:00:00",1,11292,33,22,76.33333333333333,846.0,"[(OO,11423,846.00),(WN,13158,200.00),(OO,11921,187.00),(OO,14534,185.00),(WN,14679,86.00),(WN,10423,81.00),(WN,12191,74.00),(WN,14107,71.00),(WN,10140,68.00),(WN,10693,63.00),(WN,12896,63.00),(WN,13871,53.00),(UA,14107,53.00),(WN,13232,51.00),(WN,13851,50.00),(WN,14683,44.00),(WN,13487,44.00),(WN,14831,43.00),(F9,13487,35.00),(WN,14262,34.00)]"
"2025-01-04 21:00:00",2,10397,47,12,36.361702127659576,580.0,"[(OO,13277,580.00),(F9,14100,503.00),(NK,12889,66.00),(NK,11433,60.00),(DL,13495,60.00),(B6,12478,56.00),(NK,14843,55.00),(DL,11697,54.00),(DL,14524,45.00),(DL,10785,45.00),(DL,12278,36.00),(DL,11423,34.00)]"
"2025-01-04 21:00:00",2,10397,48,12,35.479166666666664,580.0,"[(OO,13277,580.00),(F9,14100,503.00),(NK,12889,66.00),(NK,11433,60.00),(DL,13495,60.00),(B6,12478,56.00),(NK,14843,55.00),(DL,11697,54.00),(DL,14524,45.00),(DL,10785,45.00),(DL,12278,36.00),(DL,11423,34.00)]"
"2025-01-04 21:00:00",2,10397,37,10,43.108108108108105,580.0,"[(OO,13277,580.00),(F9,14100,503.00),(NK,12889,66.00),(NK,11433,60.00),(B6,12478,56.00),(NK,14843,55.00),(DL,11697,54.00),(DL,14524,45.00),(DL,10785,45.00),(DL,12278,36.00)]"
"2025-01-04 21:00:00",3,10397,48,12,35.479166666666664,580.0,"[(OO,13277,580.00),(F9,14100,503.00),(NK,12889,66.00),(NK,11433,60.00),(DL,13495,60.00),(B6,12478,56.00),(NK,14843,55.00),(DL,11697,54.00),(DL,14524,45.00),(DL,10785,45.00),(DL,12278,36.00),(DL,11423,34.00)]"
"2025-01-04 21:00:00",3,11298,50,9,28.38,521.0,"[(AA,12896,521.00),(AA,10693,205.00),(AA,15376,133.00),(AA,10599,83.00),(AA,11423,70.00),(AA,15412,67.00),(AA,13891,63.00),(AA,14683,55.00),(AA,11540,36.00)]"
"2025-01-04 21:00:00",3,11433,37,7,19.62162162162162,170.0,"[(DL,11193,170.00),(YX,14730,168.00),(DL,14100,125.00),(DL,11618,108.00),(DL,10721,68.00),(WN,10693,56.00),(DL,10529,31.00)]"
"2025-01-04 21:00:00",4,11298,50,9,28.38,521.0,"[(AA,12896,521.00),(AA,10693,205.00),(AA,15376,133.00),(AA,10599,83.00),(AA,11423,70.00),(AA,15412,67.00),(AA,13891,63.00),(AA,14683,55.00),(AA,11540,36.00)]"
"2025-01-04 21:00:00",4,13303,35,9,24.285714285714285,147.0,"[(AA,12892,147.00),(AA,11042,89.00),(AA,11618,66.00),(MQ,11193,66.00),(AA,14107,59.00),(AA,11298,52.00),(MQ,13342,43.00),(NK,14100,36.00),(AA,10423,33.00)]"
"2025-01-04 21:00:00",4,13930,34,5,50.55882352941177,698.0,"[(OO,15048,698.00),(OO,11433,684.00),(OO,14696,192.00),(UA,13487,51.00),(AA,14679,42.00)]"
"2025-01-04 21:00:00",5,13303,33,9,25.21212121212121,147.0,"[(AA,12892,147.00),(AA,11042,89.00),(AA,11618,66.00),(MQ,11193,66.00),(AA,14107,59.00),(AA,11298,52.00),(MQ,13342,43.00),(NK,14100,36.00),(AA,10423,33.00)]"
"2025-01-04 21:00:00",5,11433,37,7,19.62162162162162,170.0,"[(DL,11193,170.00),(YX,14730,168.00),(DL,14100,125.00),(DL,11618,108.00),(DL,10721,68.00),(WN,10693,56.00),(DL,10529,31.00)]"
"2025-01-04 21:00:00",5,11298,36,5,25.166666666666668,521.0,"[(AA,12896,521.00),(AA,10599,83.00),(AA,11423,70.00),(AA,13891,63.00),(AA,11540,36.00)]"
"2025-01-04 21:00:00",6,13303,35,9,24.285714285714285,147.0,"[(AA,12892,147.00),(AA,11042,89.00),(AA,11618,66.00),(MQ,11193,66.00),(AA,14107,59.00),(AA,11298,52.00),(MQ,13342,43.00),(NK,14100,36.00),(AA,10423,33.00)]"
"2025-01-04 21:00:00",6,13930,34,5,50.55882352941177,698.0,"[(OO,15048,698.00),(OO,11433,684.00),(OO,14696,192.00),(UA,13487,51.00),(AA,14679,42.00)]"
"2025-01-04 21:00:00",7,11298,49,8,27.836734693877553,521.0,"[(AA,12896,521.00),(AA,10693,205.00),(AA,15376,133.00),(AA,10599,83.00),(AA,11423,70.00),(AA,15412,67.00),(AA,13891,63.00),(AA,11540,36.00)]"
"2025-01-04 21:00:00",8,11433,37,7,19.62162162162162,170.0,"[(DL,11193,170.00),(YX,14730,168.00),(DL,14100,125.00),(DL,11618,108.00),(DL,10721,68.00),(WN,10693,56.00),(DL,10529,31.00)]"
"2025-01-04 21:00:00",9,13930,34,5,50.55882352941177,698.0,"[(OO,15048,698.00),(OO,11433,684.00),(OO,14696,192.00),(UA,13487,51.00),(AA,14679,42.00)]"
"2025-01-04 21:00:00",10,11433,31,5,20.838709677419356,170.0,"[(DL,11193,170.00),(YX,14730,168.00),(DL,14100,125.00),(DL,11618,108.00),(DL,10721,68.00)]"
"2025-01-04 22:00:00",1,10397,75,9,11.706666666666667,149.0,"[(F9,13303,149.00),(DL,13871,69.00),(DL,15412,52.00),(WN,11292,46.00),(DL,14524,43.00),(WN,12191,39.00),(DL,13360,39.00),(WN,12339,35.00),(WN,10423,34.00)]"
"2025-01-04 22:00:00",1,10397,57,8,10.701754385964913,69.0,"[(DL,13871,69.00),(DL,15412,52.00),(WN,11292,46.00),(DL,14524,43.00),(WN,12191,39.00),(DL,13360,39.00),(WN,12339,35.00),(WN,10423,34.00)]"
"2025-01-04 22:00:00",2,11298,45,8,38.51111111111111,406.0,"[(AA,12896,406.00),(AA,14679,382.00),(AA,14057,373.00),(AA,14107,137.00),(AA,14893,91.00),(F9,14107,58.00),(AA,14747,45.00),(OH,12448,43.00)]"
"2025-01-04 22:00:00",2,11298,32,7,38.71875,406.0,"[(AA,12896,406.00),(AA,14057,373.00),(AA,14107,137.00),(AA,14893,91.00),(F9,14107,58.00),(AA,14747,45.00),(OH,12448,43.00)]"
"2025-01-04 22:00:00",2,11057,55,7,10.818181818181818,96.0,"[(AA,14843,96.00),(AA,11433,82.00),(AA,11066,54.00),(AA,10693,50.00),(OH,10135,46.00),(OH,13577,42.00),(AA,14685,32.00)]"
"2025-01-04 22:00:00",3,10397,60,8,13.633333333333333,149.0,"[(F9,13303,149.00),(DL,13871,69.00),(DL,15412,52.00),(WN,11292,46.00),(WN,12191,39.00),(DL,13360,39.00),(WN,12339,35.00),(WN,10423,34.00)]"
"2025-01-04 22:00:00",3,10397,42,7,13.095238095238095,69.0,"[(DL,13871,69.00),(DL,15412,52.00),(WN,11292,46.00),(WN,12191,39.00),(DL,13360,39.00),(WN,12339,35.00),(WN,10423,34.00)]"
"2025-01-04 22:00:00",3,11057,55,7,10.818181818181818,96.0,"[(AA,14843,96.00),(AA,11433,82.00),(AA,11066,54.00),(AA,10693,50.00),(OH,10135,46.00),(OH,13577,42.00),(AA,14685,32.00)]"
"2025-01-04 22:00:00",3,11298,34,6,36.794117647058826,382.0,"[(AA,14679,382.00),(AA,14057,373.00),(AA,14107,137.00),(AA,14893,91.00),(AA,14747,45.00),(OH,12448,43.00)]"
"2025-01-04 22:00:00",4,11057,47,7,11.382978723404255,96.0,"[(AA,14843,96.00),(AA,11433,82.00),(AA,11066,54.00),(AA,10693,50.00),(OH,10135,46.00),(OH,13577,42.00),(AA,14685,32.00)]"
"2025-01-04 22:00:00",4,10397,30,3,11.933333333333334,69.0,"[(DL,13871,69.00),(DL,15412,52.00),(WN,12191,39.00)]"
"2025-01-04 22:00:00",4,10397,47,4,13.191489361702128,149.0,"[(F9,13303,149.00),(DL,13871,69.00),(DL,15412,52.00),(WN,12191,39.00)]"
"2025-01-04 22:00:00",5,11057,55,7,10.818181818181818,96.0,"[(AA,14843,96.00),(AA,11433,82.00),(AA,11066,54.00),(AA,10693,50.00),(OH,10135,46.00),(OH,13577,42.00),(AA,14685,32.00)]"
"2025-01-04 22:00:00",5,11057,44,2,7.045454545454546,82.0,"[(AA,11433,82.00),(AA,10693,50.00)]"
"2025-01-04 22:00:00",5,10397,48,4,13.041666666666666,149.0,"[(F9,13303,149.00),(DL,13871,69.00),(DL,15412,52.00),(WN,12191,39.00)]"
"2025-01-04 22:00:00",6,11298,34,6,36.794117647058826,382.0,"[(AA,14679,382.00),(AA,14057,373.00),(AA,14107,137.00),(AA,14893,91.00),(AA,14747,45.00),(OH,12448,43.00)]"
"2025-01-04 22:00:00",6,11057,36,2,6.944444444444445,82.0,"[(AA,11433,82.00),(AA,10693,50.00)]"
"2025-01-04 22:00:00",7,10397,48,4,13.041666666666666,149.0,"[(F9,13303,149.00),(DL,13871,69.00),(DL,15412,52.00),(WN,12191,39.00)]"
"2025-01-05 06:00:00",1,11292,33,4,20.454545454545453,399.0,"[(DL,14747,399.00),(AA,13303,82.00),(DL,12478,36.00),(WN,12191,33.00)]"
"2025-01-05 06:00:00",1,11292,30,4,22.033333333333335,399.0,"[(DL,14747,399.00),(AA,13303,82.00),(DL,12478,36.00),(WN,12191,33.00)]"
"2025-01-05 06:00:00",2,13204,39,3,6.0256410256410255,83.0,"[(B6,10721,83.00),(WN,10397,52.00),(NK,14843,38.00)]"
"2025-01-05 06:00:00",2,11292,33,4,20.454545454545453,399.0,"[(DL,14747,399.00),(AA,13303,82.00),(DL,12478,36.00),(WN,12191,33.00)]"
"2025-01-05 06:00:00",3,12889,37,1,-2.5675675675675675,47.0,"[(WN,10821,47.00)]"
"2025-01-05 06:00:00",3,13204,39,3,6.0256410256410255,83.0,"[(B6,10721,83.00),(WN,10397,52.00),(NK,14843,38.00)]"
"2025-01-05 06:00:00",4,10721,30,0,-4.833333333333333,5.0,[]
"2025-01-05 06:00:00",4,12889,35,1,-2.3714285714285714,47.0,"[(WN,10821,47.00)]"
"2025-01-05 06:00:00",5,12889,37,1,-2.5675675675675675,47.0,"[(WN,10821,47.00)]"
"2025-01-05 06:00:00",6,10721,30,0,-4.833333333333333,5.0,[]
"2025-01-05 07:00:00",1,13930,30,3,2.466666666666667,66.0,"[(OO,13931,66.00),(OO,10693,55.00),(AS,14057,37.00)]"
"2025-01-05 07:00:00",1,12892,34,6,21.41176470588235,265.0,"[(UA,11618,265.00),(DL,14057,144.00),(AS,12173,97.00),(OO,11503,71.00),(AS,14747,70.00),(AA,12478,41.00)]"
"2025-01-05 07:00:00",1,12892,31,6,23.70967741935484,265.0,"[(UA,11618,265.00),(DL,14057,144.00),(AS,12173,97.00),(OO,11503,71.00),(AS,14747,70.00),(AA,12478,41.00)]"
"2025-01-05 07:00:00",2,11298,35,1,-1.3714285714285714,74.0,"[(AA,12892,74.00)]"
"2025-01-05 07:00:00",2,11057,47,6,9.191489361702128,132.0,"[(OH,13244,132.00),(OH,11996,104.00),(AA,15024,101.00),(WN,13232,44.00),(AA,14107,36.00),(AA,14027,31.00)]"
"2025-01-05 07:00:00",2,12892,34,6,21.41176470588235,265.0,"[(UA,11618,265.00),(DL,14057,144.00),(AS,12173,97.00),(OO,11503,71.00),(AS,14747,70.00),(AA,12478,41.00)]"
"2025-01-05 07:00:00",3,11298,36,1,-1.5277777777777777,74.0,"[(AA,12892,74.00)]"
"2025-01-05 07:00:00",3,14747,34,5,7.970588235294118,119.0,"[(UA,14771,119.00),(DL,13303,59.00),(AS,13871,41.00),(AA,11298,35.00),(AS,13303,32.00)]"
"2025-01-05 07:00:00",3,11057,47,6,9.191489361702128,132.0,"[(OH,13244,132.00),(OH,11996,104.00),(AA,15024,101.00),(WN,13232,44.00),(AA,14107,36.00),(AA,14027,31.00)]"
"2025-01-05 07:00:00",3,12266,30,3,13.466666666666667,253.0,"[(UA,12892,253.00),(UA,14100,95.00),(DL,14869,45.00)]"
"2025-01-05 07:00:00",4,11298,37,1,-1.7567567567567568,74.0,"[(AA,12892,74.00)]"
"2025-01-05 07:00:00",4,11298,59,4,4.322033898305085,208.0,"[(NK,10397,208.00),(AA,12889,103.00),(AA,12892,74.00),(AA,13303,59.00)]"
"2025-01-05 07:00:00",4,11057,45,6,9.066666666666666,132.0,"[(OH,13244,132.00),(OH,11996,104.00),(AA,15024,101.00),(WN,13232,44.00),(AA,14107,36.00),(AA,14027,31.00)]"
"2025-01-05 07:00:00",4,13204,35,3,9.485714285714286,64.0,"[(AA,13303,64.00),(UA,11618,56.00),(AA,11278,35.00)]"
"2025-01-05 07:00:00",5,12266,30,3,13.466666666666667,253.0,"[(UA,12892,253.00),(UA,14100,95.00),(DL,14869,45.00)]"
"2025-01-05 07:00:00",5,14747,34,5,7.970588235294118,119.0,"[(UA,14771,119.00),(DL,13303,59.00),(AS,13871,41.00),(AA,11298,35.00),(AS,13303,32.00)]"
"2025-01-05 07:00:00",5,13930,56,3,-0.8214285714285714,66.0,"[(OO,13931,66.00),(OO,10693,55.00),(AS,14057,37.00)]"
"2025-01-05 07:00:00",6,13204,35,3,9.485714285714286,64.0,"[(AA,13303,64.00),(UA,11618,56.00),(AA,11278,35.00)]"
"2025-01-05 07:00:00",6,11298,59,4,4.322033898305085,208.0,"[(NK,10397,208.00),(AA,12889,103.00),(AA,12892,74.00),(AA,13303,59.00)]"
"2025-01-05 07:00:00",6,12889,30,2,10.633333333333333,287.0,"[(AS,14747,287.00),(NK,13244,77.00)]"
"2025-01-05 07:00:00",7,13930,56,3,-0.8214285714285714,66.0,"[(OO,13931,66.00),(OO,10693,55.00),(AS,14057,37.00)]"
"2025-01-05 07:00:00",7,12266,30,3,13.466666666666667,253.0,"[(UA,12892,253.00),(UA,14100,95.00),(DL,14869,45.00)]"
"2025-01-05 07:00:00",7,11298,35,1,-1.3714285714285714,74.0,"[(AA,12892,74.00)]"
"2025-01-05 07:00:00",8,12889,30,2,10.633333333333333,287.0,"[(AS,14747,287.00),(NK,13244,77.00)]"
"2025-01-05 07:00:00",8,13204,35,3,9.485714285714286,64.0,"[(AA,13303,64.00),(UA,11618,56.00),(AA,11278,35.00)]"
"2025-01-05 07:00:00",8,11292,33,0,3.242424242424242,26.0,[]
"2025-01-05 07:00:00",9,10397,39,2,1.8717948717948718,33.0,"[(F9,12478,33.00),(UA,14771,31.00)]"
"2025-01-05 07:00:00",9,13930,55,3,-0.6545454545454545,66.0,"[(OO,13931,66.00),(OO,10693,55.00),(AS,14057,37.00)]"
"2025-01-05 07:00:00",10,11298,35,1,-1.3714285714285714,74.0,"[(AA,12892,74.00)]"
"2025-01-05 07:00:00",10,13930,56,3,-0.8214285714285714,66.0,"[(OO,13931,66.00),(OO,10693,55.00),(AS,14057,37.00)]"
"2025-01-05 08:00:00",1,11292,33,9,28.484848484848484,132.0,"[(AA,11298,132.00),(F9,11298,111.00),(OO,11109,96.00),(WN,14683,92.00),(OO,10140,67.00),(UA,14908,52.00),(WN,12264,47.00),(WN,12339,46.00),(OO,12888,44.00)]"
"2025-01-05 08:00:00",1,11292,52,12,20.73076923076923,132.0,"[(AA,11298,132.00),(F9,11298,111.00),(OO,11109,96.00),(WN,14683,92.00),(OO,10140,67.00),(UA,14908,52.00),(OO,10620,48.00),(WN,12264,47.00),(WN,12339,46.00),(OO,12888,44.00),(WN,13342,40.00),(WN,11884,36.00)]"
"2025-01-05 08:00:00",1,11292,49,11,21.285714285714285,132.0,"[(AA,11298,132.00),(F9,11298,111.00),(OO,11109,96.00),(WN,14683,92.00),(OO,10140,67.00),(UA,14908,52.00),(OO,10620,48.00),(WN,12264,47.00),(WN,12339,46.00),(OO,12888,44.00),(WN,13342,40.00)]"
"2025-01-05 08:00:00",2,11298,36,6,6.361111111111111,69.0,"[(NK,14843,69.00),(AA,12892,66.00),(F9,13204,56.00),(AA,12953,34.00),(MQ,12191,32.00),(AA,15304,31.00)]"
"2025-01-05 08:00:00",2,11298,73,10,6.191780821917808,69.0,"[(NK,14843,69.00),(AA,13485,68.00),(AA,12892,66.00),(F9,13204,56.00),(MQ,15919,40.00),(AA,12953,34.00),(AA,14100,34.00),(MQ,12191,32.00),(AA,15304,31.00),(AA,11292,31.00)]"
"2025-01-05 08:00:00",2,11292,39,10,25.435897435897434,132.0,"[(AA,11298,132.00),(F9,11298,111.00),(OO,11109,96.00),(WN,14683,92.00),(OO,10140,67.00),(UA,14908,52.00),(WN,12264,47.00),(WN,12339,46.00),(OO,12888,44.00),(WN,13342,40.00)]"
"2025-01-05 08:00:00",3,13930,36,4,8.944444444444445,63.0,"[(OO,10980,63.00),(UA,13204,52.00),(UA,14635,49.00),(UA,11648,35.00)]"
"2025-01-05 08:00:00",3,11292,33,9,28.484848484848484,132.0,"[(AA,11298,132.00),(F9,11298,111.00),(OO,11109,96.00),(WN,14683,92.00),(OO,10140,67.00),(UA,14908,52.00),(WN,12264,47.00),(WN,12339,46.00),(OO,12888,44.00)]"
"2025-01-05 08:00:00",3,12889,32,7,15.25,212.0,"[(AA,11298,212.00),(AA,11298,104.00),(WN,14570,61.00),(NK,10800,51.00),(WN,15016,36.00),(WN,12339,32.00),(WN,14908,32.00)]"
"2025-01-05 08:00:00",4,11298,37,4,6.027027027027027,68.0,"[(AA,13485,68.00),(MQ,15919,40.00),(AA,14100,34.00),(AA,11292,31.00)]"
"2025-01-05 08:00:00",4,12892,53,7,16.867924528301888,218.0,"[(DL,11278,218.00),(AA,11298,205.00),(DL,11298,177.00),(UA,13930,103.00),(UA,12264,94.00),(UA,11292,94.00),(NK,11298,51.00)]"
"2025-01-05 08:00:00",4,11298,57,8,6.43859649122807,69.0,"[(NK,14843,69.00),(AA,12892,66.00),(F9,13204,56.00),(MQ,15919,40.00),(AA,12953,34.00),(AA,14100,34.00),(MQ,12191,32.00),(AA,15304,31.00)]"
"2025-01-05 08:00:00",4,10397,54,6,6.481481481481482,71.0,"[(DL,15016,71.00),(DL,11298,49.00),(DL,12953,48.00),(DL,15624,47.00),(DL,14057,43.00),(DL,12992,33.00)]"
"2025-01-05 08:00:00",5,13930,32,2,2.9375,47.0,"[(OO,15919,47.00),(UA,12094,40.00)]"
"2025-01-05 08:00:00",5,12889,32,7,15.25,212.0,"[(AA,11298,212.00),(AA,11298,104.00),(WN,14570,61.00),(NK,10800,51.00),(WN,15016,36.00),(WN,12339,32.00),(WN,14908,32.00)]"
"2025-01-05 08:00:00",5,13930,68,6,6.117647058823529,63.0,"[(OO,10980,63.00),(UA,13204,52.00),(UA,14635,49.00),(OO,15919,47.00),(UA,12094,40.00),(UA,11648,35.00)]"
"2025-01-05 08:00:00",6,10397,54,6,6.481481481481482,71.0,"[(DL,15016,71.00),(DL,11298,49.00),(DL,12953,48.00),(DL,15624,47.00),(DL,14057,43.00),(DL,12992,33.00)]"
"2025-01-05 08:00:00",6,11298,41,7,6.512195121951219,69.0,"[(NK,14843,69.00),(AA,12892,66.00),(F9,13204,56.00),(MQ,15919,40.00),(AA,12953,34.00),(MQ,12191,32.00),(AA,15304,31.00)]"
"2025-01-05 08:00:00",6,13204,32,5,21.25,331.0,"[(UA,12266,331.00),(AA,12892,80.00),(AA,11298,49.00),(UA,11292,40.00),(UA,12892,33.00)]"
"2025-01-05 08:00:00",7,11298,36,6,6.361111111111111,69.0,"[(NK,14843,69.00),(AA,12892,66.00),(F9,13204,56.00),(AA,12953,34.00),(MQ,12191,32.00),(AA,15304,31.00)]"
"2025-01-05 08:00:00",7,10397,45,6,7.4,71.0,"[(DL,15016,71.00),(DL,11298,49.00),(DL,12953,48.00),(DL,15624,47.00),(DL,14057,43.00),(DL,12992,33.00)]"
"2025-01-05 08:00:00",7,11433,34,2,6.176470588235294,39.0,"[(AA,11057,39.00),(OO,13232,37.00)]"
"2025-01-05 08:00:00",8,13930,68,6,6.117647058823529,63.0,"[(OO,10980,63.00),(UA,13204,52.00),(UA,14635,49.00),(OO,15919,47.00),(UA,12094,40.00),(UA,11648,35.00)]"
"2025-01-05 08:00:00",8,10397,54,6,6.481481481481482,71.0,"[(DL,15016,71.00),(DL,11298,49.00),(DL,12953,48.00),(DL,15624,47.00),(DL,14057,43.00),(DL,12992,33.00)]"
"2025-01-05 08:00:00",8,11278,32,1,-1.53125,68.0,"[(OH,14122,68.00)]"
"2025-01-05 08:00:00",9,13204,32,5,21.25,331.0,"[(UA,12266,331.00),(AA,12892,80.00),(AA,11298,49.00),(UA,11292,40.00),(UA,12892,33.00)]"
"2025-01-05 08:00:00",9,11298,36,6,6.361111111111111,69.0,"[(NK,14843,69.00),(AA,12892,66.00),(F9,13204,56.00),(AA,12953,34.00),(MQ,12191,32.00),(AA,15304,31.00)]"
"2025-01-05 08:00:00",10,14771,37,4,12.945945945945946,221.0,"[(AA,11298,221.00),(OO,10372,206.00),(OO,14893,63.00),(UA,11618,53.00)]"
"2025-01-05 08:00:00",10,13930,68,6,6.117647058823529,63.0,"[(OO,10980,63.00),(UA,13204,52.00),(UA,14635,49.00),(OO,15919,47.00),(UA,12094,40.00),(UA,11648,35.00)]"
"2025-01-05 09:00:00",1,11292,38,11,30.57894736842105,207.0,"[(UA,15304,207.00),(UA,11298,176.00),(OO,11122,111.00),(OO,11423,111.00),(OO,14783,84.00),(OO,13871,76.00),(OO,10372,63.00),(UA,14492,39.00),(OO,13029,39.00),(WN,12953,33.00),(UA,14986,32.00)]"
"2025-01-05 09:00:00",1,11292,66,18,28.742424242424242,207.0,"[(UA,15304,207.00),(UA,11298,176.00),(UA,12953,142.00),(WN,14908,116.00),(OO,11122,111.00),(OO,11423,111.00),(UA,10849,106.00),(AA,11298,94.00),(OO,14783,84.00),(OO,13871,76.00),(OO,10372,63.00),(UA,13487,46.00),(UA,14683,42.00),(OO,11921,40.00),(UA,14492,39.00),(OO,13029,39.00),(WN,12953,33.00),(UA,14986,32.00)]"
"2025-01-05 09:00:00",2,10397,37,5,21.486486486486488,464.0,"[(F9,13303,464.00),(DL,11259,124.00),(DL,14893,49.00),(DL,15096,46.00),(DL,14747,31.00)]"
"2025-01-05 09:00:00",2,11292,46,12,25.891304347826086,142.0,"[(UA,12953,142.00),(WN,14908,116.00),(OO,11122,111.00),(OO,11423,111.00),(UA,10849,106.00),(AA,11298,94.00),(OO,14783,84.00),(UA,13487,46.00),(UA,14683,42.00),(OO,11921,40.00),(WN,12953,33.00),(UA,14986,32.00)]"
"2025-01-05 09:00:00",2,11292,45,12,26.555555555555557,142.0,"[(UA,12953,142.00),(WN,14908,116.00),(OO,11122,111.00),(OO,11423,111.00),(UA,10849,106.00),(AA,11298,94.00),(OO,14783,84.00),(UA,13487,46.00),(UA,14683,42.00),(OO,11921,40.00),(WN,12953,33.00),(UA,14986,32.00)]"
"2025-01-05 09:00:00",2,12892,38,6,28.05263157894737,340.0,"[(AA,11298,340.00),(OO,10372,229.00),(AA,11057,169.00),(DL,12478,113.00),(WN,11540,98.00),(OO,14570,58.00)]"
"2025-01-05 09:00:00",3,12892,38,6,28.05263157894737,340.0,"[(AA,11298,340.00),(OO,10372,229.00),(AA,11057,169.00),(DL,12478,113.00),(WN,11540,98.00),(OO,14570,58.00)]"
"2025-01-05 09:00:00",3,10397,37,5,21.486486486486488,464.0,"[(F9,13303,464.00),(DL,11259,124.00),(DL,14893,49.00),(DL,15096,46.00),(DL,14747,31.00)]"
"2025-01-05 09:00:00",4,10397,64,6,13.984375,464.0,"[(F9,13303,464.00),(DL,11259,124.00),(DL,14893,49.00),(DL,11423,49.00),(DL,15096,46.00),(DL,14747,31.00)]"
"2025-01-05 09:00:00",4,12892,30,4,30.0,340.0,"[(AA,11298,340.00),(OO,10372,229.00),(AA,11057,169.00),(WN,11540,98.00)]"
"2025-01-05 09:00:00",4,14747,33,4,12.030303030303031,159.0,"[(DL,11298,159.00),(DL,14679,55.00),(HA,13830,50.00),(AS,14100,34.00)]"
"2025-01-05 09:00:00",5,10397,37,5,21.486486486486488,464.0,"[(F9,13303,464.00),(DL,11259,124.00),(DL,14893,49.00),(DL,15096,46.00),(DL,14747,31.00)]"
"2025-01-05 09:00:00",5,14747,33,4,12.030303030303031,159.0,"[(DL,11298,159.00),(DL,14679,55.00),(HA,13830,50.00),(AS,14100,34.00)]"
"2025-01-05 09:00:00",5,14107,46,4,11.217391304347826,210.0,"[(AA,11298,210.00),(WN,11066,97.00),(WN,12173,86.00),(MQ,13871,63.00)]"
"2025-01-05 09:00:00",6,11057,47,5,8.042553191489361,109.0,"[(AA,13204,109.00),(OH,11066,108.00),(OH,13577,44.00),(AA,11624,33.00),(OH,11823,31.00)]"
"2025-01-05 09:00:00",6,14107,46,4,11.217391304347826,210.0,"[(AA,11298,210.00),(WN,11066,97.00),(WN,12173,86.00),(MQ,13871,63.00)]"
"2025-01-05 09:00:00",6,13930,51,4,6.588235294117647,138.0,"[(MQ,11986,138.00),(OO,10140,36.00),(UA,10849,31.00),(MQ,11066,31.00)]"
"2025-01-05 09:00:00",7,14747,33,4,12.030303030303031,159.0,"[(DL,11298,159.00),(DL,14679,55.00),(HA,13830,50.00),(AS,14100,34.00)]"
"2025-01-05 09:00:00",7,13930,51,4,6.588235294117647,138.0,"[(MQ,11986,138.00),(OO,10140,36.00),(MQ,11066,31.00),(UA,10849,31.00)]"
"2025-01-05 09:00:00",8,14107,46,4,11.217391304347826,210.0,"[(AA,11298,210.00),(WN,11066,97.00),(WN,12173,86.00),(MQ,13871,63.00)]"
"2025-01-05 09:00:00",8,14107,32,3,12.3125,210.0,"[(AA,11298,210.00),(WN,11066,97.00),(MQ,13871,63.00)]"
"2025-01-05 09:00:00",9,13930,51,4,6.588235294117647,138.0,"[(MQ,11986,138.00),(OO,10140,36.00),(UA,10849,31.00),(MQ,11066,31.00)]"
"2025-01-05 09:00:00",9,13930,40,3,3.975,36.0,"[(OO,10140,36.00),(MQ,11066,31.00),(UA,10849,31.00)]"
"2025-01-05 09:00:00",10,13930,45,3,3.511111111111111,36.0,"[(OO,10140,36.00),(UA,10849,31.00),(MQ,11066,31.00)]"
"2025-01-05 10:00:00",1,11298,34,13,34.5,191.0,"[(AA,10800,191.00),(AA,11503,144.00),(AA,12094,144.00),(MQ,14457,100.00),(AA,11775,93.00),(AA,11540,72.00),(AA,13930,69.00),(MQ,12896,65.00),(AA,14747,55.00),(AA,10397,51.00),(AA,12953,48.00),(NK,11433,44.00),(MQ,13158,39.00)]"
"2025-01-05 10:00:00",1,11298,59,15,25.89830508474576,196.0,"[(AA,13303,196.00),(AA,10800,191.00),(AA,11503,144.00),(AA,12094,144.00),(MQ,14457,100.00),(AA,11775,93.00),(AA,11540,72.00),(AA,13930,69.00),(MQ,12896,65.00),(AA,14747,55.00),(AA,10397,51.00),(AA,12953,48.00),(NK,11433,44.00),(MQ,13158,39.00),(MQ,12992,39.00)]"
"2025-01-05 10:00:00",1,11298,40,15,35.45,196.0,"[(AA,13303,196.00),(AA,10800,191.00),(AA,11503,144.00),(AA,12094,144.00),(MQ,14457,100.00),(AA,11775,93.00),(AA,11540,72.00),(AA,13930,69.00),(MQ,12896,65.00),(AA,14747,55.00),(AA,10397,51.00),(AA,12953,48.00),(NK,11433,44.00),(MQ,13158,39.00),(MQ,12992,39.00)]"
"2025-01-05 10:00:00",2,13930,32,7,23.5625,294.0,"[(OO,10408,294.00),(UA,11697,136.00),(B6,12478,109.00),(AA,13303,92.00),(MQ,14783,74.00),(YX,12478,66.00),(AA,12889,37.00)]"
"2025-01-05 10:00:00",2,11298,34,13,34.5,191.0,"[(AA,10800,191.00),(AA,11503,144.00),(AA,12094,144.00),(MQ,14457,100.00),(AA,11775,93.00),(AA,11540,72.00),(AA,13930,69.00),(MQ,12896,65.00),(AA,14747,55.00),(AA,10397,51.00),(AA,12953,48.00),(NK,11433,44.00),(MQ,13158,39.00)]"
"2025-01-05 10:00:00",2,11298,33,13,34.93939393939394,191.0,"[(AA,10800,191.00),(AA,11503,144.00),(AA,12094,144.00),(MQ,14457,100.00),(AA,11775,93.00),(AA,11540,72.00),(AA,13930,69.00),(MQ,12896,65.00),(AA,14747,55.00),(AA,10397,51.00),(AA,12953,48.00),(NK,11433,44.00),(MQ,13158,39.00)]"
"2025-01-05 10:00:00",2,11292,47,11,23.851063829787233,190.0,"[(AS,14747,190.00),(AA,11298,147.00),(WN,13796,66.00),(UA,13244,63.00),(OO,12217,56.00),(F9,14831,54.00),(F9,12992,50.00),(UA,10423,42.00),(UA,13342,35.00),(UA,13303,34.00),(WN,13487,34.00)]"
"2025-01-05 10:00:00",3,13930,31,6,23.129032258064516,294.0,"[(OO,10408,294.00),(UA,11697,136.00),(B6,12478,109.00),(AA,13303,92.00),(MQ,14783,74.00),(YX,12478,66.00)]"
"2025-01-05 10:00:00",3,11292,47,11,23.851063829787233,190.0,"[(AS,14747,190.00),(AA,11298,147.00),(WN,13796,66.00),(UA,13244,63.00),(OO,12217,56.00),(F9,14831,54.00),(F9,12992,50.00),(UA,10423,42.00),(UA,13342,35.00),(UA,13303,34.00),(WN,13487,34.00)]"
"2025-01-05 10:00:00",3,11298,34,13,34.5,191.0,"[(AA,10800,191.00),(AA,11503,144.00),(AA,12094,144.00),(MQ,14457,100.00),(AA,11775,93.00),(AA,11540,72.00),(AA,13930,69.00),(MQ,12896,65.00),(AA,14747,55.00),(AA,10397,51.00),(AA,12953,48.00),(NK,11433,44.00),(MQ,13158,39.00)]"
"2025-01-05 10:00:00",3,13930,60,11,19.883333333333333,294.0,"[(OO,10408,294.00),(OO,10372,169.00),(OO,11042,143.00),(UA,11298,141.00),(UA,11697,136.00),(B6,12478,109.00),(AA,13303,92.00),(MQ,14783,74.00),(YX,12478,66.00),(MQ,15380,52.00),(AA,12889,37.00)]"
"2025-01-05 10:00:00",4,10397,34,3,12.529411764705882,213.0,"[(OO,10372,213.00),(DL,12264,124.00),(WN,14027,55.00)]"
"2025-01-05 10:00:00",4,13930,58,11,20.655172413793103,294.0,"[(OO,10408,294.00),(OO,10372,169.00),(OO,11042,143.00),(UA,11298,141.00),(UA,11697,136.00),(B6,12478,109.00),(AA,13303,92.00),(MQ,14783,74.00),(YX,12478,66.00),(MQ,15380,52.00),(AA,12889,37.00)]"
"2025-01-05 10:00:00",4,13930,60,11,19.883333333333333,294.0,"[(OO,10408,294.00),(OO,10372,169.00),(OO,11042,143.00),(UA,11298,141.00),(UA,11697,136.00),(B6,12478,109.00),(AA,13303,92.00),(MQ,14783,74.00),(YX,12478,66.00),(MQ,15380,52.00),(AA,12889,37.00)]"
"2025-01-05 10:00:00",4,11433,33,10,28.636363636363637,149.0,"[(OO,14100,149.00),(OO,11996,148.00),(DL,12173,137.00),(DL,11618,132.00),(OO,14321,116.00),(OO,13184,99.00),(OO,12197,90.00),(DL,15304,47.00),(DL,13204,38.00),(DL,14635,35.00)]"
"2025-01-05 10:00:00",5,13930,60,11,19.883333333333333,294.0,"[(OO,10408,294.00),(OO,10372,169.00),(OO,11042,143.00),(UA,11298,141.00),(UA,11697,136.00),(B6,12478,109.00),(AA,13303,92.00),(MQ,14783,74.00),(YX,12478,66.00),(MQ,15380,52.00),(AA,12889,37.00)]"
"2025-01-05 10:00:00",5,10397,56,10,20.285714285714285,245.0,"[(OO,14696,245.00),(OO,10372,213.00),(DL,12264,124.00),(DL,11996,105.00),(OO,11146,64.00),(WN,14027,55.00),(WN,13303,54.00),(WN,11278,41.00),(WN,11259,41.00),(DL,14193,37.00)]"
"2025-01-05 10:00:00",5,10397,56,10,20.285714285714285,245.0,"[(OO,14696,245.00),(OO,10372,213.00),(DL,12264,124.00),(DL,11996,105.00),(OO,11146,64.00),(WN,14027,55.00),(WN,13303,54.00),(WN,11259,41.00),(WN,11278,41.00),(DL,14193,37.00)]"
"2025-01-05 10:00:00",6,11433,33,10,28.636363636363637,149.0,"[(OO,14100,149.00),(OO,11996,148.00),(DL,12173,137.00),(DL,11618,132.00),(OO,14321,116.00),(OO,13184,99.00),(OO,12197,90.00),(DL,15304,47.00),(DL,13204,38.00),(DL,14635,35.00)]"
"2025-01-05 10:00:00",6,13930,41,8,21.878048780487806,294.0,"[(OO,10408,294.00),(OO,10372,169.00),(UA,11697,136.00),(B6,12478,109.00),(AA,13303,92.00),(MQ,14783,74.00),(YX,12478,66.00),(AA,12889,37.00)]"
"2025-01-05 10:00:00",6,12892,35,6,15.628571428571428,224.0,"[(UA,12266,224.00),(AA,12982,106.00),(OO,10372,82.00),(OO,15919,60.00),(NK,12889,44.00),(OO,12441,36.00)]"
"2025-01-05 10:00:00",7,10397,56,10,20.285714285714285,245.0,"[(OO,14696,245.00),(OO,10372,213.00),(DL,12264,124.00),(DL,11996,105.00),(OO,11146,64.00),(WN,14027,55.00),(WN,13303,54.00),(WN,11259,41.00),(WN,11278,41.00),(DL,14193,37.00)]"
"2025-01-05 10:00:00",7,13930,32,7,23.5625,294.0,"[(OO,10408,294.00),(UA,11697,136.00),(B6,12478,109.00),(AA,13303,92.00),(MQ,14783,74.00),(YX,12478,66.00),(AA,12889,37.00)]"
"2025-01-05 10:00:00",7,10721,30,5,15.533333333333333,145.0,"[(B6,13303,145.00),(B6,11278,102.00),(B6,11433,83.00),(YX,12478,72.00),(B6,10397,31.00)]"
"2025-01-05 10:00:00",8,13930,32,7,23.5625,294.0,"[(OO,10408,294.00),(UA,11697,136.00),(B6,12478,109.00),(AA,13303,92.00),(MQ,14783,74.00),(YX,12478,66.00),(AA,12889,37.00)]"
"2025-01-05 10:00:00",8,10397,34,7,22.029411764705884,245.0,"[(OO,14696,245.00),(DL,11996,105.00),(OO,11146,64.00),(WN,13303,54.00),(WN,11278,41.00),(WN,11259,41.00),(DL,14193,37.00)]"
"2025-01-05 10:00:00",8,14771,30,4,10.133333333333333,116.0,"[(AA,11298,116.00),(AA,12478,87.00),(OO,10617,65.00),(UA,13930,39.00)]"
"2025-01-05 10:00:00",9,10397,32,7,23.09375,245.0,"[(OO,14696,245.00),(DL,11996,105.00),(OO,11146,64.00),(WN,13303,54.00),(WN,11259,41.00),(WN,11278,41.00),(DL,14193,37.00)]"
"2025-01-05 10:00:00",9,10721,30,5,15.533333333333333,145.0,"[(B6,13303,145.00),(B6,11278,102.00),(B6,11433,83.00),(YX,12478,72.00),(B6,10397,31.00)]"
"2025-01-05 10:00:00",10,12892,35,6,15.628571428571428,224.0,"[(UA,12266,224.00),(AA,12982,106.00),(OO,10372,82.00),(OO,15919,60.00),(NK,12889,44.00),(OO,12441,36.00)]"
"2025-01-05 11:00:00",1,11292,42,18,36.04761904761905,247.0,"[(OO,12156,247.00),(OO,10561,147.00),(UA,11603,96.00),(F9,14747,95.00),(OO,14457,84.00),(OO,11097,83.00),(UA,14057,69.00),(UA,14893,67.00),(OO,11122,57.00),(UA,12892,52.00),(UA,13486,45.00),(OO,13476,44.00),(UA,11884,40.00),(UA,12441,40.00),(UA,12094,40.00),(UA,12889,39.00),(OO,14674,36.00),(UA,14771,32.00)]"
"2025-01-05 11:00:00",1,11292,59,25,38.25423728813559,317.0,"[(DL,12953,317.00),(OO,12156,247.00),(OO,10561,147.00),(UA,11603,96.00),(F9,14747,95.00),(OO,14457,84.00),(OO,10372,84.00),(OO,11097,83.00),(UA,14057,69.00),(UA,14893,67.00),(OO,11122,57.00),(UA,13930,56.00),(UA,12892,52.00),(UA,13486,45.00),(OO,13476,44.00),(UA,14262,44.00),(UA,11884,40.00),(UA,12441,40.00),(UA,12094,40.00),(UA,12889,39.00)]"
"2025-01-05 11:00:00",1,11292,81,31,34.50617283950617,317.0,"[(DL,12953,317.00),(OO,12156,247.00),(OO,10561,147.00),(OO,14698,130.00),(UA,11603,96.00),(F9,14747,95.00),(OO,14457,84.00),(OO,10372,84.00),(OO,11097,83.00),(UA,10849,76.00),(UA,14057,69.00),(UA,14893,67.00),(UA,14107,60.00),(OO,11122,57.00),(UA,13930,56.00),(WN,14771,56.00),(UA,12892,52.00),(UA,13486,45.00),(OO,13476,44.00),(UA,14262,44.00)]"
"2025-01-05 11:00:00",2,11292,39,13,32.84615384615385,317.0,"[(DL,12953,317.00),(OO,14698,130.00),(OO,10372,84.00),(UA,10849,76.00),(UA,14107,60.00),(UA,13930,56.00),(WN,14771,56.00),(UA,14262,44.00),(WN,11433,44.00),(UA,12266,42.00),(OO,13433,39.00),(WN,10800,39.00),(UA,14689,38.00)]"
"2025-01-05 11:00:00",2,11292,57,24,38.35087719298246,317.0,"[(DL,12953,317.00),(OO,12156,247.00),(OO,10561,147.00),(UA,11603,96.00),(F9,14747,95.00),(OO,14457,84.00),(OO,10372,84.00),(OO,11097,83.00),(UA,14057,69.00),(UA,14893,67.00),(OO,11122,57.00),(UA,13930,56.00),(UA,12892,52.00),(UA,13486,45.00),(OO,13476,44.00),(UA,11884,40.00),(UA,12441,40.00),(UA,12094,40.00),(UA,12889,39.00),(OO,13433,39.00)]"
"2025-01-05 11:00:00",2,11298,42,20,89.61904761904762,1412.0,"[(B6,10721,1412.00),(OO,14588,345.00),(NK,12953,227.00),(OH,12217,209.00),(F9,11292,188.00),(AA,12173,157.00),(OO,14314,152.00),(AA,11618,152.00),(AA,14027,135.00),(AA,11433,91.00),(AA,12953,90.00),(DL,13487,66.00),(MQ,11982,63.00),(NK,12892,55.00),(AA,14679,50.00),(F9,10397,50.00),(AA,10994,49.00),(AA,14107,43.00),(AA,13204,37.00),(AA,11066,32.00)]"
"2025-01-05 11:00:00",3,11057,30,1,4.066666666666666,59.0,"[(AA,11697,59.00)]"
"2025-01-05 11:00:00",3,11292,42,18,36.04761904761905,247.0,"[(OO,12156,247.00),(OO,10561,147.00),(UA,11603,96.00),(F9,14747,95.00),(OO,14457,84.00),(OO,11097,83.00),(UA,14057,69.00),(UA,14893,67.00),(OO,11122,57.00),(UA,12892,52.00),(UA,13486,45.00),(OO,13476,44.00),(UA,11884,40.00),(UA,12441,40.00),(UA,12094,40.00),(UA,12889,39.00),(OO,14674,36.00),(UA,14771,32.00)]"
"2025-01-05 11:00:00",3,11292,42,18,36.04761904761905,247.0,"[(OO,12156,247.00),(OO,10561,147.00),(UA,11603,96.00),(F9,14747,95.00),(OO,14457,84.00),(OO,11097,83.00),(UA,14057,69.00),(UA,14893,67.00),(OO,11122,57.00),(UA,12892,52.00),(UA,13486,45.00),(OO,13476,44.00),(UA,12094,40.00),(UA,11884,40.00),(UA,12441,40.00),(UA,12889,39.00),(OO,14674,36.00),(UA,14771,32.00)]"
"2025-01-05 11:00:00",3,14107,43,6,10.767441860465116,248.0,"[(AA,11298,248.00),(WN,12954,48.00),(AA,12889,43.00),(WN,14908,42.00),(OO,14698,33.00),(AA,14100,32.00)]"
"2025-01-05 11:00:00",4,11298,37,16,88.29729729729729,1412.0,"[(B6,10721,1412.00),(OO,14588,345.00),(NK,12953,227.00),(OH,12217,209.00),(AA,12173,157.00),(OO,14314,152.00),(AA,14027,135.00),(AA,11433,91.00),(DL,13487,66.00),(MQ,11982,63.00),(NK,12892,55.00),(AA,14679,50.00),(AA,10994,49.00),(AA,14107,43.00),(AA,13204,37.00),(AA,11066,32.00)]"
"2025-01-05 11:00:00",4,14107,43,6,10.767441860465116,248.0,"[(AA,11298,248.00),(WN,12954,48.00),(AA,12889,43.00),(WN,14908,42.00),(OO,14698,33.00),(AA,14100,32.00)]"
"2025-01-05 11:00:00",4,12889,30,4,8.0,66.0,"[(AA,12892,66.00),(WN,14831,64.00),(WN,11292,49.00),(WN,12758,35.00)]"
"2025-01-05 11:00:00",5,14869,44,10,28.818181818181817,260.0,"[(OO,14831,260.00),(DL,13204,208.00),(OO,11603,179.00),(DL,12441,128.00),(DL,10397,115.00),(OO,14113,73.00),(DL,12954,71.00),(F9,11292,48.00),(DL,14908,36.00),(DL,11618,31.00)]"
"2025-01-05 11:00:00",5,12889,30,4,8.0,66.0,"[(AA,12892,66.00),(WN,14831,64.00),(WN,11292,49.00),(WN,12758,35.00)]"
"2025-01-05 11:00:00",6,10397,34,8,22.529411764705884,359.0,"[(NK,12892,359.00),(OO,10372,93.00),(DL,14747,74.00),(AA,11298,49.00),(DL,10849,43.00),(DL,12992,40.00),(AA,13303,39.00),(DL,14027,36.00)]"
"2025-01-05 11:00:00",7,14107,35,6,13.485714285714286,248.0,"[(AA,11298,248.00),(WN,12954,48.00),(AA,12889,43.00),(WN,14908,42.00),(OO,14698,33.00),(AA,14100,32.00)]"
"2025-01-05 11:00:00",8,11057,50,4,7.6,98.0,"[(OH,12197,98.00),(AA,13204,82.00),(AA,11298,74.00),(AA,12451,58.00)]"
"2025-01-05 12:00:00",1,11298,43,32,126.23255813953489,427.0,"[(F9,11042,427.00),(AA,11624,426.00),(OO,11980,355.00),(AA,14986,327.00),(AA,11057,264.00),(F9,14679,247.00),(MQ,14960,243.00),(AA,12441,211.00),(MQ,14783,193.00),(MQ,10747,191.00),(AA,14570,186.00),(MQ,12323,182.00),(AA,12953,179.00),(MQ,13367,174.00),(AA,15376,173.00),(OH,10208,155.00),(AA,11697,154.00),(OO,11905,149.00),(OO,14696,149.00),(MQ,10685,134.00)]"
"2025-01-05 12:00:00",1,11298,36,24,110.25,427.0,"[(F9,11042,427.00),(AA,11503,336.00),(AA,12012,327.00),(AA,11057,264.00),(MQ,14960,243.00),(AA,10849,238.00),(AA,11540,233.00),(OO,10372,187.00),(AA,12953,179.00),(OH,10208,155.00),(AA,11697,154.00),(OO,11905,149.00),(MQ,10431,148.00),(MQ,10685,134.00),(AA,10693,118.00),(UA,12264,114.00),(MQ,13256,102.00),(AA,10721,101.00),(AA,10868,71.00),(OO,15401,69.00)]"
"2025-01-05 12:00:00",1,11298,62,44,119.0,427.0,"[(F9,11042,427.00),(AA,11624,426.00),(OO,11980,355.00),(AA,11503,336.00),(AA,12012,327.00),(AA,14986,327.00),(AA,11057,264.00),(F9,14679,247.00),(MQ,14960,243.00),(AA,10849,238.00),(AA,11540,233.00),(AA,12441,211.00),(MQ,14783,193.00),(MQ,10747,191.00),(OO,10372,187.00),(AA,14570,186.00),(MQ,12323,182.00),(AA,12953,179.00),(MQ,13367,174.00),(AA,15376,173.00)]"
"2025-01-05 12:00:00",2,11298,34,28,137.73529411764707,427.0,"[(F9,11042,427.00),(AA,11624,426.00),(OO,11980,355.00),(AA,14986,327.00),(AA,11057,264.00),(MQ,14960,243.00),(AA,12441,211.00),(MQ,14783,193.00),(MQ,10747,191.00),(AA,14570,186.00),(AA,12953,179.00),(AA,15376,173.00),(OH,10208,155.00),(AA,11697,154.00),(OO,11905,149.00),(MQ,10685,134.00),(OO,10728,126.00),(UA,12264,114.00),(AA,12478,110.00),(OO,10781,77.00)]"
"2025-01-05 12:00:00",2,10397,38,13,26.710526315789473,272.0,"[(AA,11298,272.00),(DL,10599,102.00),(WN,13204,87.00),(DL,10994,67.00),(DL,12889,66.00),(DL,12892,65.00),(DL,13871,60.00),(DL,13204,58.00),(DL,10423,53.00),(DL,11042,47.00),(DL,13931,46.00),(DL,15304,38.00),(DL,14107,32.00)]"
"2025-01-05 12:00:00",3,12889,34,4,6.088235294117647,54.0,"[(G4,14716,54.00),(G4,12278,38.00),(NK,14908,35.00),(WN,14683,33.00)]"
"2025-01-05 12:00:00",3,11292,31,8,25.322580645161292,156.0,"[(AA,11298,156.00),(WN,11259,94.00),(OO,14543,63.00),(OO,11865,54.00),(WN,13851,48.00),(WN,12896,45.00),(DL,14869,42.00),(OO,15048,31.00)]"
"2025-01-05 12:00:00",4,13930,35,2,7.0285714285714285,118.0,"[(OO,11725,118.00),(AA,14635,44.00)]"
"2025-01-05 12:00:00",4,12889,34,4,6.088235294117647,54.0,"[(G4,14716,54.00),(G4,12278,38.00),(NK,14908,35.00),(WN,14683,33.00)]"
"2025-01-05 12:00:00",5,13930,35,2,7.0285714285714285,118.0,"[(OO,11725,118.00),(AA,14635,44.00)]"
"2025-01-05 13:00:00",1,11292,51,12,29.647058823529413,207.0,"[(UA,11298,207.00),(F9,14107,200.00),(UA,14679,108.00),(UA,14683,99.00),(OO,13029,90.00),(OO,12896,84.00),(OO,10372,82.00),(B6,10721,81.00),(OO,11921,70.00),(OO,10627,64.00),(AS,14747,63.00),(F9,11503,56.00)]"
"2025-01-05 13:00:00",1,11292,40,8,25.65,207.0,"[(UA,11298,207.00),(UA,14679,108.00),(UA,11648,93.00),(OO,12896,84.00),(B6,10721,81.00),(OO,11921,70.00),(AS,14747,63.00),(WN,14893,49.00)]"
"2025-01-05 13:00:00",1,11292,68,14,26.426470588235293,207.0,"[(UA,11298,207.00),(F9,14107,200.00),(UA,14679,108.00),(UA,14683,99.00),(UA,11648,93.00),(OO,13029,90.00),(OO,12896,84.00),(OO,10372,82.00),(B6,10721,81.00),(OO,11921,70.00),(OO,10627,64.00),(AS,14747,63.00),(F9,11503,56.00),(WN,14893,49.00)]"
"2025-01-05 13:00:00",2,13930,33,8,31.848484848484848,208.0,"[(UA,11298,208.00),(OO,11433,194.00),(UA,12892,189.00),(OO,10372,119.00),(MQ,15096,104.00),(MQ,13495,80.00),(AA,14107,78.00),(AA,13303,52.00)]"
"2025-01-05 13:00:00",2,13930,47,12,34.319148936170215,208.0,"[(UA,11298,208.00),(AA,11298,199.00),(OO,11433,194.00),(UA,12892,189.00),(AA,11057,137.00),(OO,10693,135.00),(OO,10372,119.00),(UA,14747,108.00),(MQ,15096,104.00),(MQ,13495,80.00),(AA,14107,78.00),(AA,13303,52.00)]"
"2025-01-05 13:00:00",3,10397,30,8,16.5,125.0,"[(DL,14027,125.00),(B6,10721,81.00),(DL,11298,65.00),(DL,15016,57.00),(DL,11481,47.00),(DL,11953,40.00),(WN,10821,37.00),(DL,14869,35.00)]"
"2025-01-05 13:00:00",3,11292,40,8,25.65,207.0,"[(UA,11298,207.00),(UA,14679,108.00),(UA,11648,93.00),(OO,12896,84.00),(B6,10721,81.00),(OO,11921,70.00),(AS,14747,63.00),(WN,14893,49.00)]"
"2025-01-05 13:00:00",3,10397,35,9,17.62857142857143,129.0,"[(DL,15370,129.00),(DL,14027,125.00),(B6,10721,81.00),(DL,11298,65.00),(DL,15016,57.00),(DL,11481,47.00),(DL,11953,40.00),(WN,10821,37.00),(DL,14869,35.00)]"
"2025-01-05 13:00:00",4,14747,30,3,11.033333333333333,162.0,"[(DL,12478,162.00),(AS,14869,38.00),(AS,14262,32.00)]"
"2025-01-05 13:00:00",4,12889,32,5,15.34375,118.0,"[(WN,12278,118.00),(UA,12264,100.00),(DL,13487,93.00),(DL,12478,42.00),(AA,13930,32.00)]"
"2025-01-05 13:00:00",5,12892,34,2,4.676470588235294,87.0,"[(F9,12266,87.00),(AA,11298,50.00)]"
"2025-01-05 13:00:00",5,14771,31,4,8.516129032258064,60.0,"[(AA,11298,60.00),(OO,10713,48.00),(WN,12889,39.00),(DL,14869,33.00)]"
"2025-01-05 13:00:00",6,11057,32,2,2.8125,48.0,"[(AA,11697,48.00),(MQ,12124,38.00)]"
"2025-01-05 13:00:00",6,14747,30,3,11.033333333333333,162.0,"[(DL,12478,162.00),(AS,14869,38.00),(AS,14262,32.00)]"
"2025-01-05 13:00:00",7,14107,34,3,6.235294117647059,87.0,"[(AA,11298,87.00),(AA,14683,86.00),(OO,11921,35.00)]"
"2025-01-05 13:00:00",8,11057,36,3,4.638888888888889,84.0,"[(AA,11298,84.00),(AA,11697,48.00),(MQ,12124,38.00)]"
"2025-01-05 13:00:00",9,12892,34,2,4.676470588235294,87.0,"[(F9,12266,87.00),(AA,11298,50.00)]"
"2025-01-05 14:00:00",1,11298,35,30,145.65714285714284,1058.0,"[(OH,12448,1058.00),(AA,13342,334.00),(AA,12953,232.00),(OH,10599,206.00),(MQ,10980,193.00),(MQ,13158,192.00),(AA,13485,189.00),(MQ,11775,175.00),(AA,11697,175.00),(UA,13930,172.00),(MQ,10279,164.00),(OH,14814,157.00),(MQ,15919,154.00),(MQ,15249,151.00),(MQ,11140,139.00),(DL,14869,138.00),(AA,14100,138.00),(AS,14747,137.00),(MQ,11823,130.00),(AA,11292,128.00)]"
"2025-01-05 14:00:00",1,13930,30,4,12.166666666666666,119.0,"[(YX,12953,119.00),(OO,14711,69.00),(MQ,10397,66.00),(YX,14576,31.00)]"
"2025-01-05 14:00:00",1,11292,37,14,34.4054054054054,105.0,"[(DL,13487,105.00),(UA,13204,105.00),(F9,15412,92.00),(OO,10279,87.00),(UA,12889,84.00),(WN,13931,79.00),(WN,14893,63.00),(WN,13495,60.00),(WN,12889,60.00),(WN,14908,54.00),(WN,14107,50.00),(DL,11433,49.00),(WN,12094,32.00),(WN,14100,31.00)]"
"2025-01-05 14:00:00",1,11298,44,38,141.9090909090909,1058.0,"[(OH,12448,1058.00),(AA,14107,343.00),(AA,13342,334.00),(AA,12953,232.00),(AA,10423,206.00),(OH,10599,206.00),(MQ,10980,193.00),(MQ,13158,192.00),(AA,13485,189.00),(MQ,11775,175.00),(AA,11697,175.00),(UA,13930,172.00),(MQ,10279,164.00),(OH,14814,157.00),(MQ,15919,154.00),(MQ,15249,151.00),(MQ,11140,139.00),(DL,14869,138.00),(AA,14100,138.00),(AS,14747,137.00)]"
"2025-01-05 14:00:00",2,11292,30,10,31.733333333333334,105.0,"[(DL,13487,105.00),(UA,13204,105.00),(UA,12889,84.00),(WN,13931,79.00),(WN,13495,60.00),(WN,12889,60.00),(WN,14908,54.00),(WN,14107,50.00),(WN,12094,32.00),(WN,14100,31.00)]"
"2025-01-05 14:00:00",2,13930,53,7,11.037735849056604,119.0,"[(YX,12953,119.00),(YX,12478,104.00),(OO,14711,69.00),(MQ,10397,66.00),(UA,11618,57.00),(AS,14057,45.00),(YX,14576,31.00)]"
"2025-01-05 14:00:00",2,11292,37,14,34.4054054054054,105.0,"[(DL,13487,105.00),(UA,13204,105.00),(F9,15412,92.00),(OO,10279,87.00),(UA,12889,84.00),(WN,13931,79.00),(WN,14893,63.00),(WN,13495,60.00),(WN,12889,60.00),(WN,14908,54.00),(WN,14107,50.00),(DL,11433,49.00),(WN,12094,32.00),(WN,14100,31.00)]"
"2025-01-05 14:00:00",3,13930,48,7,12.270833333333334,119.0,"[(YX,12953,119.00),(YX,12478,104.00),(OO,14711,69.00),(MQ,10397,66.00),(UA,11618,57.00),(AS,14057,45.00),(YX,14576,31.00)]"
"2025-01-05 14:00:00",3,13930,39,6,12.666666666666666,119.0,"[(YX,12953,119.00),(YX,12478,104.00),(OO,14711,69.00),(UA,11618,57.00),(AS,14057,45.00),(YX,14576,31.00)]"
"2025-01-05 14:00:00",3,14107,31,8,20.06451612903226,103.0,"[(WN,12191,103.00),(AA,11298,83.00),(AA,13303,60.00),(WN,12889,55.00),(WN,14908,52.00),(WN,14893,48.00),(UA,11292,47.00),(WN,14683,37.00)]"
"2025-01-05 14:00:00",4,12889,30,2,15.466666666666667,263.0,"[(AA,11298,263.00),(AA,11298,39.00)]"
"2025-01-05 14:00:00",4,10397,30,7,36.766666666666666,528.0,"[(F9,15304,528.00),(DL,14635,158.00),(WN,15304,154.00),(AA,11298,96.00),(DL,10599,59.00),(DL,12889,49.00),(DL,14492,40.00)]"
"2025-01-05 14:00:00",5,11057,35,7,14.114285714285714,225.0,"[(AA,14576,225.00),(OH,14986,53.00),(AA,14635,46.00),(OH,12323,45.00),(OH,11973,44.00),(OH,13296,41.00),(AA,10721,36.00)]"
"2025-01-05 14:00:00",6,13930,53,7,11.037735849056604,119.0,"[(YX,12953,119.00),(YX,12478,104.00),(OO,14711,69.00),(MQ,10397,66.00),(UA,11618,57.00),(AS,14057,45.00),(YX,14576,31.00)]"
"2025-01-05 14:00:00",7,12889,30,2,15.466666666666667,263.0,"[(AA,11298,263.00),(AA,11298,39.00)]"
"2025-01-05 15:00:00",1,11298,31,28,159.58064516129033,360.0,"[(AA,12953,360.00),(DL,12953,330.00),(OO,10747,319.00),(AA,14057,314.00),(DL,13487,306.00),(AA,11540,303.00),(AA,14635,216.00),(OH,11267,207.00),(AA,13930,205.00),(AA,12451,197.00),(AA,15304,195.00),(NK,14831,188.00),(AA,10140,182.00),(AA,10299,172.00),(DL,11433,172.00),(AA,10721,151.00),(AS,14057,139.00),(AA,11433,135.00),(AA,11618,123.00),(AA,13487,109.00)]"
"2025-01-05 15:00:00",2,11292,46,16,34.15217391304348,244.0,"[(UA,12266,244.00),(OO,11109,193.00),(UA,11298,147.00),(OO,12280,93.00),(WN,14057,92.00),(WN,12191,80.00),(WN,10423,64.00),(WN,14122,64.00),(AA,14107,61.00),(OO,11413,48.00),(UA,13930,45.00),(B6,12478,45.00),(UA,14771,39.00),(WN,15304,35.00),(WN,10821,35.00),(F9,11066,31.00)]"
"2025-01-05 15:00:00",2,14869,34,10,20.441176470588236,124.0,"[(DL,14679,124.00),(DL,14107,67.00),(OO,13891,63.00),(OO,13796,61.00),(OO,10800,48.00),(DL,12441,47.00),(OO,14262,39.00),(WN,14107,39.00),(DL,14057,39.00),(WN,12892,32.00)]"
"2025-01-05 15:00:00",3,11292,37,13,34.91891891891892,244.0,"[(UA,12266,244.00),(OO,11109,193.00),(UA,11298,147.00),(WN,14057,92.00),(WN,10423,64.00),(WN,14122,64.00),(AA,14107,61.00),(OO,11413,48.00),(UA,13930,45.00),(B6,12478,45.00),(UA,14771,39.00),(WN,15304,35.00),(F9,11066,31.00)]"
"2025-01-05 15:00:00",3,10397,44,12,21.522727272727273,134.0,"[(F9,13232,134.00),(DL,10980,109.00),(F9,13204,68.00),(DL,15016,55.00),(DL,14122,55.00),(DL,12478,50.00),(DL,11624,48.00),(DL,15624,44.00),(WN,12953,43.00),(OO,14696,42.00),(DL,11618,42.00),(DL,10792,31.00)]"
"2025-01-05 15:00:00",4,10397,44,12,21.522727272727273,134.0,"[(F9,13232,134.00),(DL,10980,109.00),(F9,13204,68.00),(DL,15016,55.00),(DL,14122,55.00),(DL,12478,50.00),(DL,11624,48.00),(DL,15624,44.00),(WN,12953,43.00),(OO,14696,42.00),(DL,11618,42.00),(DL,10792,31.00)]"
"2025-01-05 15:00:00",4,14869,34,10,20.441176470588236,124.0,"[(DL,14679,124.00),(DL,14107,67.00),(OO,13891,63.00),(OO,13796,61.00),(OO,10800,48.00),(DL,12441,47.00),(OO,14262,39.00),(WN,14107,39.00),(DL,14057,39.00),(WN,12892,32.00)]"
"2025-01-05 15:00:00",5,14869,34,10,20.441176470588236,124.0,"[(DL,14679,124.00),(DL,14107,67.00),(OO,13891,63.00),(OO,13796,61.00),(OO,10800,48.00),(DL,12441,47.00),(OO,14262,39.00),(WN,14107,39.00),(DL,14057,39.00),(WN,12892,32.00)]"
"2025-01-05 15:00:00",5,14107,31,7,13.451612903225806,64.0,"[(WN,10821,64.00),(DL,10397,57.00),(WN,10423,50.00),(WN,11259,46.00),(OO,14689,45.00),(OO,10800,38.00),(WN,13342,32.00)]"
"2025-01-05 15:00:00",6,14107,31,7,13.451612903225806,64.0,"[(WN,10821,64.00),(DL,10397,57.00),(WN,10423,50.00),(WN,11259,46.00),(OO,14689,45.00),(OO,10800,38.00),(WN,13342,32.00)]"
"2025-01-05 16:00:00",1,11298,35,32,107.85714285714286,249.0,"[(AA,10423,249.00),(AA,12478,210.00),(DL,14747,205.00),(AA,10693,197.00),(UA,12266,181.00),(AA,14492,172.00),(AA,12953,171.00),(AA,13930,164.00),(AA,14747,151.00),(AA,10397,145.00),(OO,12891,141.00),(AA,11638,132.00),(AA,13204,129.00),(AA,14683,128.00),(NK,13204,123.00),(DL,10397,120.00),(MQ,10279,118.00),(DL,12892,100.00),(AA,13871,93.00),(AA,12889,88.00)]"
"2025-01-05 16:00:00",1,10397,33,6,20.96969696969697,189.0,"[(F9,15356,189.00),(OO,14814,177.00),(WN,12191,106.00),(DL,11259,43.00),(DL,15412,35.00),(DL,11042,32.00)]"
"2025-01-05 16:00:00",1,11292,45,17,38.17777777777778,204.0,"[(OO,14674,204.00),(F9,14122,176.00),(UA,10721,174.00),(AA,11298,130.00),(WN,15370,107.00),(UA,10423,73.00),(UA,14908,72.00),(OO,12899,63.00),(UA,13930,57.00),(WN,11540,55.00),(F9,11540,54.00),(WN,11066,53.00),(OO,10558,52.00),(F9,11433,48.00),(F9,12339,47.00),(UA,14679,46.00),(F9,13487,40.00)]"
"2025-01-05 16:00:00",2,11298,30,27,103.23333333333333,249.0,"[(AA,10423,249.00),(AA,12478,210.00),(DL,14747,205.00),(UA,12266,181.00),(AA,12953,171.00),(AA,13930,164.00),(AA,10397,145.00),(OO,12891,141.00),(AA,11638,132.00),(AA,13204,129.00),(AA,14683,128.00),(NK,13204,123.00),(DL,10397,120.00),(DL,12892,100.00),(AA,13871,93.00),(AA,12889,88.00),(OO,14842,85.00),(AA,14107,85.00),(MQ,11540,71.00),(MQ,10136,70.00)]"
"2025-01-05 16:00:00",2,10397,57,14,25.49122807017544,287.0,"[(DL,11298,287.00),(F9,15356,189.00),(OO,14814,177.00),(WN,12191,106.00),(F9,14100,73.00),(B6,12478,61.00),(DL,12191,58.00),(DL,12448,46.00),(DL,11259,43.00),(DL,11973,38.00),(DL,15412,35.00),(WN,12448,34.00),(F9,11042,33.00),(DL,11042,32.00)]"
"2025-01-05 16:00:00",3,11292,45,17,38.17777777777778,204.0,"[(OO,14674,204.00),(F9,14122,176.00),(UA,10721,174.00),(AA,11298,130.00),(WN,15370,107.00),(UA,10423,73.00),(UA,14908,72.00),(OO,12899,63.00),(UA,13930,57.00),(WN,11540,55.00),(F9,11540,54.00),(WN,11066,53.00),(OO,10558,52.00),(F9,11433,48.00),(F9,12339,47.00),(UA,14679,46.00),(F9,13487,40.00)]"
"2025-01-05 16:00:00",3,11057,46,5,7.956521739130435,110.0,"[(OH,13931,110.00),(AA,11624,60.00),(OH,10397,42.00),(MQ,15919,38.00),(WN,11292,31.00)]"
"2025-01-05 16:00:00",3,13204,31,7,19.548387096774192,120.0,"[(F9,13930,120.00),(AA,11298,68.00),(B6,12478,57.00),(WN,10397,50.00),(F9,14100,45.00),(F9,11986,37.00),(DL,12892,32.00)]"
"2025-01-05 16:00:00",4,11292,38,16,42.21052631578947,204.0,"[(OO,14674,204.00),(F9,14122,176.00),(UA,10721,174.00),(AA,11298,130.00),(WN,15370,107.00),(UA,10423,73.00),(UA,14908,72.00),(OO,12899,63.00),(UA,13930,57.00),(F9,11540,54.00),(WN,11066,53.00),(OO,10558,52.00),(F9,11433,48.00),(F9,12339,47.00),(UA,14679,46.00),(F9,13487,40.00)]"
"2025-01-05 16:00:00",4,14107,42,3,3.238095238095238,37.0,"[(MQ,11540,37.00),(WN,13796,34.00),(AA,11042,31.00)]"
"2025-01-05 16:00:00",4,11433,33,6,22.606060606060606,136.0,"[(DL,11298,136.00),(OO,13184,123.00),(DL,15016,121.00),(OO,11986,110.00),(NK,14635,39.00),(DL,12266,36.00)]"
"2025-01-05 16:00:00",5,10397,57,14,25.49122807017544,287.0,"[(DL,11298,287.00),(F9,15356,189.00),(OO,14814,177.00),(WN,12191,106.00),(F9,14100,73.00),(B6,12478,61.00),(DL,12191,58.00),(DL,12448,46.00),(DL,11259,43.00),(DL,11973,38.00),(DL,15412,35.00),(WN,12448,34.00),(F9,11042,33.00),(DL,11042,32.00)]"
"2025-01-05 16:00:00",5,11057,46,5,7.956521739130435,110.0,"[(OH,13931,110.00),(AA,11624,60.00),(OH,10397,42.00),(MQ,15919,38.00),(WN,11292,31.00)]"
"2025-01-05 16:00:00",6,10397,41,12,28.170731707317074,287.0,"[(DL,11298,287.00),(OO,14814,177.00),(WN,12191,106.00),(F9,14100,73.00),(B6,12478,61.00),(DL,12191,58.00),(DL,12448,46.00),(DL,11259,43.00),(DL,11973,38.00),(WN,12448,34.00),(F9,11042,33.00),(DL,11042,32.00)]"
"2025-01-05 16:00:00",6,14107,43,3,3.2093023255813953,37.0,"[(MQ,11540,37.00),(WN,13796,34.00),(AA,11042,31.00)]"
"2025-01-05 16:00:00",7,14771,32,7,21.125,245.0,"[(DL,12478,245.00),(OO,14908,124.00),(UA,13930,75.00),(OO,10372,62.00),(OO,10713,61.00),(OO,14487,52.00),(OO,14489,44.00)]"
"2025-01-05 16:00:00",8,13204,31,7,19.548387096774192,120.0,"[(F9,13930,120.00),(AA,11298,68.00),(B6,12478,57.00),(WN,10397,50.00),(F9,14100,45.00),(F9,11986,37.00),(DL,12892,32.00)]"
"2025-01-05 16:00:00",9,11433,33,6,22.606060606060606,136.0,"[(DL,11298,136.00),(OO,13184,123.00),(DL,15016,121.00),(OO,11986,110.00),(NK,14635,39.00),(DL,12266,36.00)]"
"2025-01-05 16:00:00",10,11057,46,5,7.956521739130435,110.0,"[(OH,13931,110.00),(AA,11624,60.00),(OH,10397,42.00),(MQ,15919,38.00),(WN,11292,31.00)]"
"2025-01-05 17:00:00",1,11292,64,21,26.59375,199.0,"[(OO,12177,199.00),(OO,10372,162.00),(F9,12889,133.00),(F9,14107,120.00),(UA,11423,86.00),(OO,14457,83.00),(UA,12892,60.00),(WN,13232,55.00),(WN,12889,50.00),(WN,14524,50.00),(UA,14683,48.00),(AS,14747,47.00),(UA,13204,41.00),(UA,11618,41.00),(F9,13851,37.00),(UA,13931,37.00),(UA,10721,36.00),(WN,15376,35.00),(UA,11003,35.00),(UA,11433,35.00)]"
"2025-01-05 17:00:00",1,11292,33,13,32.666666666666664,199.0,"[(OO,12177,199.00),(OO,10372,162.00),(F9,12889,133.00),(UA,12892,60.00),(WN,13232,55.00),(WN,12889,50.00),(AS,14747,47.00),(UA,13204,41.00),(UA,13931,37.00),(F9,13851,37.00),(UA,10721,36.00),(WN,15376,35.00),(UA,11003,35.00)]"
"2025-01-05 17:00:00",1,11292,46,16,26.956521739130434,199.0,"[(OO,12177,199.00),(OO,10372,162.00),(F9,12889,133.00),(UA,12892,60.00),(WN,13232,55.00),(WN,12889,50.00),(WN,14524,50.00),(AS,14747,47.00),(UA,13204,41.00),(UA,11618,41.00),(F9,13851,37.00),(UA,13931,37.00),(UA,10721,36.00),(WN,15376,35.00),(UA,11003,35.00),(UA,11433,35.00)]"
"2025-01-05 17:00:00",1,11292,64,21,26.59375,199.0,"[(OO,12177,199.00),(OO,10372,162.00),(F9,12889,133.00),(F9,14107,120.00),(UA,11423,86.00),(OO,14457,83.00),(UA,12892,60.00),(WN,13232,55.00),(WN,12889,50.00),(WN,14524,50.00),(UA,14683,48.00),(AS,14747,47.00),(UA,13204,41.00),(UA,11618,41.00),(UA,13931,37.00),(F9,13851,37.00),(UA,10721,36.00),(WN,15376,35.00),(UA,11003,35.00),(UA,11433,35.00)]"
"2025-01-05 17:00:00",2,11292,46,16,26.956521739130434,199.0,"[(OO,12177,199.00),(OO,10372,162.00),(F9,12889,133.00),(UA,12892,60.00),(WN,13232,55.00),(WN,12889,50.00),(WN,14524,50.00),(AS,14747,47.00),(UA,13204,41.00),(UA,11618,41.00),(F9,13851,37.00),(UA,13931,37.00),(UA,10721,36.00),(WN,15376,35.00),(UA,11003,35.00),(UA,11433,35.00)]"
"2025-01-05 17:00:00",2,11292,33,13,32.666666666666664,199.0,"[(OO,12177,199.00),(OO,10372,162.00),(F9,12889,133.00),(UA,12892,60.00),(WN,13232,55.00),(WN,12889,50.00),(AS,14747,47.00),(UA,13204,41.00),(F9,13851,37.00),(UA,13931,37.00),(UA,10721,36.00),(WN,15376,35.00),(UA,11003,35.00)]"
"2025-01-05 17:00:00",2,13204,31,11,34.483870967741936,248.0,"[(F9,11298,248.00),(AA,11298,160.00),(F9,13931,145.00),(WN,11066,50.00),(B6,10732,49.00),(B6,11278,47.00),(B6,10721,38.00),(DL,14747,37.00),(AA,13303,36.00),(WN,14683,35.00),(AA,12953,34.00)]"
"2025-01-05 17:00:00",3,11292,33,13,32.666666666666664,199.0,"[(OO,12177,199.00),(OO,10372,162.00),(F9,12889,133.00),(UA,12892,60.00),(WN,13232,55.00),(WN,12889,50.00),(AS,14747,47.00),(UA,13204,41.00),(F9,13851,37.00),(UA,13931,37.00),(UA,10721,36.00),(WN,15376,35.00),(UA,11003,35.00)]"
"2025-01-05 17:00:00",3,14107,34,8,32.588235294117645,519.0,"[(UA,11618,519.00),(AA,11603,221.00),(AA,14771,153.00),(WN,14679,64.00),(AA,14100,41.00),(MQ,10800,39.00),(WN,11292,38.00),(AA,11066,34.00)]"
"2025-01-05 17:00:00",4,13204,31,11,34.483870967741936,248.0,"[(F9,11298,248.00),(AA,11298,160.00),(F9,13931,145.00),(WN,11066,50.00),(B6,10732,49.00),(B6,11278,47.00),(B6,10721,38.00),(DL,14747,37.00),(AA,13303,36.00),(WN,14683,35.00),(AA,12953,34.00)]"
"2025-01-05 17:00:00",4,12889,32,4,15.0625,203.0,"[(OO,14679,203.00),(UA,14771,100.00),(AS,14747,49.00),(WN,13796,46.00)]"
"2025-01-05 17:00:00",5,14107,34,8,32.588235294117645,519.0,"[(UA,11618,519.00),(AA,11603,221.00),(AA,14771,153.00),(WN,14679,64.00),(AA,14100,41.00),(MQ,10800,39.00),(WN,11292,38.00),(AA,11066,34.00)]"
"2025-01-05 17:00:00",6,10397,31,7,22.387096774193548,190.0,"[(DL,11298,190.00),(DL,14027,98.00),(WN,10423,74.00),(DL,13891,66.00),(NK,12892,58.00),(DL,13204,43.00),(DL,12992,34.00)]"
"2025-01-05 17:00:00",7,12889,30,4,15.5,203.0,"[(OO,14679,203.00),(UA,14771,100.00),(AS,14747,49.00),(WN,13796,46.00)]"
"2025-01-05 17:00:00",8,14869,30,4,15.466666666666667,135.0,"[(DL,15016,135.00),(DL,11298,134.00),(OO,13342,79.00),(DL,12892,48.00)]"
"2025-01-05 18:00:00",1,11298,36,33,168.13888888888889,877.0,"[(AA,15096,877.00),(DL,10721,831.00),(DL,11433,301.00),(MQ,14783,252.00),(AA,13342,247.00),(OH,11267,243.00),(OH,15370,193.00),(AA,11986,181.00),(DL,14869,174.00),(AA,11057,166.00),(AA,12892,164.00),(NK,10821,163.00),(NK,11618,158.00),(AA,15304,148.00),(MQ,15919,143.00),(AA,14100,142.00),(AA,14635,138.00),(MQ,13158,132.00),(MQ,12992,132.00),(MQ,10980,130.00)]"
"2025-01-05 18:00:00",1,11057,36,13,31.27777777777778,261.0,"[(NK,15304,261.00),(AA,12266,225.00),(AA,15304,81.00),(OH,11996,80.00),(AA,14027,80.00),(AA,14107,64.00),(AA,14843,63.00),(AA,11298,52.00),(AA,10693,46.00),(AA,12451,43.00),(AA,14679,40.00),(AA,14908,38.00),(AA,10994,37.00)]"
"2025-01-05 18:00:00",2,11298,35,32,167.97142857142856,877.0,"[(AA,15096,877.00),(DL,10721,831.00),(DL,11433,301.00),(MQ,14783,252.00),(AA,13342,247.00),(OH,11267,243.00),(OH,15370,193.00),(AA,11986,181.00),(AA,11057,166.00),(AA,12892,164.00),(NK,10821,163.00),(NK,11618,158.00),(AA,15304,148.00),(MQ,15919,143.00),(AA,14100,142.00),(AA,14635,138.00),(MQ,13158,132.00),(MQ,12992,132.00),(MQ,10980,130.00),(AA,14122,127.00)]"
"2025-01-05 18:00:00",2,13930,44,8,9.0,130.0,"[(YX,15380,130.00),(MQ,13244,49.00),(UA,10257,42.00),(YX,13485,39.00),(UA,11292,36.00),(AA,11298,35.00),(UA,14492,32.00),(MQ,14492,31.00)]"
"2025-01-05 18:00:00",2,12266,32,25,114.5625,482.0,"[(UA,13930,482.00),(UA,11042,423.00),(UA,11066,393.00),(UA,10397,212.00),(UA,14683,186.00),(DL,10397,180.00),(UA,13495,174.00),(UA,14679,169.00),(NK,11433,159.00),(UA,12892,147.00),(UA,11292,142.00),(UA,11697,134.00),(OO,12206,132.00),(UA,14122,117.00),(MQ,11298,108.00),(AA,11057,58.00),(NK,11697,58.00),(UA,13204,56.00),(UA,14771,46.00),(UA,14831,46.00)]"
"2025-01-05 18:00:00",3,12266,32,25,114.5625,482.0,"[(UA,13930,482.00),(UA,11042,423.00),(UA,11066,393.00),(UA,10397,212.00),(UA,14683,186.00),(DL,10397,180.00),(UA,13495,174.00),(UA,14679,169.00),(NK,11433,159.00),(UA,12892,147.00),(UA,11292,142.00),(UA,11697,134.00),(OO,12206,132.00),(UA,14122,117.00),(MQ,11298,108.00),(AA,11057,58.00),(NK,11697,58.00),(UA,13204,56.00),(UA,14771,46.00),(UA,14831,46.00)]"
"2025-01-05 18:00:00",3,11292,40,17,26.775,85.0,"[(UA,13930,85.00),(F9,10423,72.00),(UA,12264,68.00),(WN,10693,64.00),(UA,12266,62.00),(WN,13487,56.00),(WN,14831,54.00),(WN,13796,51.00),(UA,14100,51.00),(WN,13342,46.00),(F9,13204,44.00),(F9,11298,44.00),(UA,13303,44.00),(WN,14869,43.00),(WN,13232,33.00),(UA,11298,32.00),(WN,10821,32.00)]"
"2025-01-05 18:00:00",4,11292,40,17,26.775,85.0,"[(UA,13930,85.00),(F9,10423,72.00),(UA,12264,68.00),(WN,10693,64.00),(UA,12266,62.00),(WN,13487,56.00),(WN,14831,54.00),(UA,14100,51.00),(WN,13796,51.00),(WN,13342,46.00),(F9,13204,44.00),(F9,11298,44.00),(UA,13303,44.00),(WN,14869,43.00),(WN,13232,33.00),(UA,11298,32.00),(WN,10821,32.00)]"
"2025-01-05 18:00:00",4,11057,51,16,26.19607843137255,261.0,"[(NK,15304,261.00),(AA,12266,225.00),(AA,12892,141.00),(AA,15304,81.00),(OH,11996,80.00),(AA,14027,80.00),(AA,14107,64.00),(AA,14843,63.00),(AA,11298,52.00),(AA,10693,46.00),(AA,12451,43.00),(AA,14679,40.00),(AA,14908,38.00),(AA,10994,37.00),(OH,12448,36.00),(AA,10721,35.00)]"
"2025-01-05 18:00:00",5,11057,51,16,26.19607843137255,261.0,"[(NK,15304,261.00),(AA,12266,225.00),(AA,12892,141.00),(AA,15304,81.00),(OH,11996,80.00),(AA,14027,80.00),(AA,14107,64.00),(AA,14843,63.00),(AA,11298,52.00),(AA,10693,46.00),(AA,12451,43.00),(AA,14679,40.00),(AA,14908,38.00),(AA,10994,37.00),(OH,12448,36.00),(AA,10721,35.00)]"
"2025-01-05 18:00:00",5,13204,30,13,44.0,232.0,"[(DL,14869,232.00),(F9,12391,168.00),(NK,11298,138.00),(B6,14843,113.00),(WN,12339,106.00),(WN,14843,78.00),(F9,11057,76.00),(AA,12892,63.00),(NK,13577,58.00),(NK,14100,50.00),(UA,13930,48.00),(WN,10397,35.00),(B6,12197,34.00)]"
"2025-01-05 18:00:00",6,11057,33,12,27.393939393939394,261.0,"[(NK,15304,261.00),(AA,15304,81.00),(OH,11996,80.00),(AA,14027,80.00),(AA,14107,64.00),(AA,14843,63.00),(AA,11298,52.00),(AA,10693,46.00),(AA,12451,43.00),(AA,14679,40.00),(AA,14908,38.00),(AA,10994,37.00)]"
"2025-01-05 18:00:00",6,10397,41,11,26.21951219512195,180.0,"[(OH,14100,180.00),(AA,11298,121.00),(NK,10721,114.00),(MQ,13930,81.00),(F9,11298,71.00),(WN,10821,69.00),(AA,14107,66.00),(F9,10792,60.00),(DL,10599,42.00),(DL,12892,41.00),(DL,11292,39.00)]"
"2025-01-05 18:00:00",7,11057,39,12,23.46153846153846,261.0,"[(NK,15304,261.00),(AA,15304,81.00),(OH,11996,80.00),(AA,14027,80.00),(AA,14107,64.00),(AA,14843,63.00),(AA,11298,52.00),(AA,10693,46.00),(AA,12451,43.00),(AA,14679,40.00),(AA,14908,38.00),(AA,10994,37.00)]"
"2025-01-05 18:00:00",7,13930,60,10,33.75,853.0,"[(OO,10693,853.00),(OO,11433,736.00),(YX,15380,130.00),(MQ,13244,49.00),(UA,10257,42.00),(YX,13485,39.00),(UA,11292,36.00),(AA,11298,35.00),(UA,14492,32.00),(MQ,14492,31.00)]"
"2025-01-05 18:00:00",8,13930,60,10,33.75,853.0,"[(OO,10693,853.00),(OO,11433,736.00),(YX,15380,130.00),(MQ,13244,49.00),(UA,10257,42.00),(YX,13485,39.00),(UA,11292,36.00),(AA,11298,35.00),(UA,14492,32.00),(MQ,14492,31.00)]"
"2025-01-05 18:00:00",9,13930,45,9,27.42222222222222,853.0,"[(OO,10693,853.00),(YX,15380,130.00),(MQ,13244,49.00),(UA,10257,42.00),(YX,13485,39.00),(UA,11292,36.00),(AA,11298,35.00),(UA,14492,32.00),(MQ,14492,31.00)]"
"2025-01-05 18:00:00",10,13930,40,8,9.65,130.0,"[(YX,15380,130.00),(MQ,13244,49.00),(UA,10257,42.00),(YX,13485,39.00),(UA,11292,36.00),(AA,11298,35.00),(UA,14492,32.00),(MQ,14492,31.00)]"
"2025-01-05 19:00:00",1,11298,41,39,213.3170731707317,890.0,"[(AA,10693,890.00),(OO,10372,742.00),(AA,10423,660.00),(UA,14771,378.00),(AA,13230,354.00),(AA,13256,318.00),(AA,14683,305.00),(OO,14696,296.00),(OO,11109,278.00),(AA,10792,260.00),(MQ,11921,256.00),(DL,10397,235.00),(OO,11695,229.00),(MQ,10136,222.00),(AA,12892,221.00),(MQ,14457,196.00),(AA,13303,186.00),(MQ,11982,177.00),(AA,13495,171.00),(AA,10800,169.00)]"
"2025-01-05 19:00:00",1,11292,39,12,46.05128205128205,914.0,"[(UA,12441,914.00),(OO,11122,127.00),(UA,12266,94.00),(WN,14492,77.00),(WN,14771,76.00),(WN,12892,63.00),(UA,15376,55.00),(UA,11884,47.00),(WN,13891,45.00),(UA,12892,44.00),(WN,14057,34.00),(WN,15016,33.00)]"
"2025-01-05 19:00:00",2,11292,71,24,36.04225352112676,914.0,"[(UA,12441,914.00),(OO,11122,127.00),(UA,11648,115.00),(OO,11109,97.00),(UA,12266,94.00),(WN,14492,77.00),(WN,14771,76.00),(UA,14570,73.00),(WN,12892,63.00),(UA,12889,63.00),(OO,12896,62.00),(UA,13502,59.00),(WN,12264,57.00),(UA,15376,55.00),(UA,11884,47.00),(WN,13891,45.00),(UA,12892,44.00),(UA,13486,41.00),(UA,10620,38.00),(UA,14457,37.00)]"
"2025-01-05 19:00:00",2,11298,30,29,228.96666666666667,890.0,"[(AA,10693,890.00),(OO,10372,742.00),(AA,10423,660.00),(AA,13230,354.00),(AA,14683,305.00),(OO,14696,296.00),(OO,11109,278.00),(AA,10792,260.00),(MQ,11921,256.00),(DL,10397,235.00),(MQ,10136,222.00),(MQ,14457,196.00),(AA,13303,186.00),(MQ,11982,177.00),(AA,13495,171.00),(AA,14262,168.00),(MQ,10431,161.00),(AA,14193,149.00),(UA,11292,148.00),(AA,14570,144.00)]"
"2025-01-05 19:00:00",3,11292,59,18,36.54237288135593,914.0,"[(UA,12441,914.00),(OO,11122,127.00),(UA,12266,94.00),(WN,14492,77.00),(WN,14771,76.00),(UA,14570,73.00),(WN,12892,63.00),(OO,12896,62.00),(UA,13502,59.00),(WN,12264,57.00),(UA,15376,55.00),(UA,11884,47.00),(WN,13891,45.00),(UA,12892,44.00),(UA,13486,41.00),(WN,14057,34.00),(WN,15016,33.00),(WN,14679,32.00)]"
"2025-01-05 19:00:00",3,13204,34,12,53.470588235294116,902.0,"[(UA,12266,902.00),(AA,14100,183.00),(WN,13930,98.00),(DL,11433,71.00),(DL,12892,67.00),(WN,12191,66.00),(B6,11618,60.00),(B6,10721,59.00),(B6,14254,39.00),(DL,11278,37.00),(WN,12391,32.00),(WN,10693,31.00)]"
"2025-01-05 19:00:00",4,13204,34,12,53.470588235294116,902.0,"[(UA,12266,902.00),(AA,14100,183.00),(WN,13930,98.00),(DL,11433,71.00),(DL,12892,67.00),(WN,12191,66.00),(B6,11618,60.00),(B6,10721,59.00),(B6,14254,39.00),(DL,11278,37.00),(WN,12391,32.00),(WN,10693,31.00)]"
"2025-01-05 19:00:00",4,11292,39,12,46.05128205128205,914.0,"[(UA,12441,914.00),(OO,11122,127.00),(UA,12266,94.00),(WN,14492,77.00),(WN,14771,76.00),(WN,12892,63.00),(UA,15376,55.00),(UA,11884,47.00),(WN,13891,45.00),(UA,12892,44.00),(WN,14057,34.00),(WN,15016,33.00)]"
"2025-01-05 19:00:00",4,10397,43,11,29.162790697674417,161.0,"[(NK,12266,161.00),(DL,12266,151.00),(DL,12448,141.00),(DL,14869,137.00),(DL,14107,94.00),(AS,14057,85.00),(WN,12191,72.00),(NK,11697,60.00),(DL,14771,60.00),(DL,13244,58.00),(DL,13495,47.00)]"
"2025-01-05 19:00:00",5,11292,39,12,46.05128205128205,914.0,"[(UA,12441,914.00),(OO,11122,127.00),(UA,12266,94.00),(WN,14492,77.00),(WN,14771,76.00),(WN,12892,63.00),(UA,15376,55.00),(UA,11884,47.00),(WN,13891,45.00),(UA,12892,44.00),(WN,14057,34.00),(WN,15016,33.00)]"
"2025-01-05 19:00:00",5,10397,43,11,29.162790697674417,161.0,"[(NK,12266,161.00),(DL,12266,151.00),(DL,12448,141.00),(DL,14869,137.00),(DL,14107,94.00),(AS,14057,85.00),(WN,12191,72.00),(DL,14771,60.00),(NK,11697,60.00),(DL,13244,58.00),(DL,13495,47.00)]"
"2025-01-05 19:00:00",5,13930,44,7,21.636363636363637,325.0,"[(UA,14262,325.00),(AA,14122,218.00),(F9,13204,131.00),(UA,14107,63.00),(AA,13487,57.00),(AA,12889,43.00),(AA,12953,32.00)]"
"2025-01-05 19:00:00",6,10397,43,11,29.162790697674417,161.0,"[(NK,12266,161.00),(DL,12266,151.00),(DL,12448,141.00),(DL,14869,137.00),(DL,14107,94.00),(AS,14057,85.00),(WN,12191,72.00),(DL,14771,60.00),(NK,11697,60.00),(DL,13244,58.00),(DL,13495,47.00)]"
"2025-01-05 19:00:00",6,13930,44,7,21.636363636363637,325.0,"[(UA,14262,325.00),(AA,14122,218.00),(F9,13204,131.00),(UA,14107,63.00),(AA,13487,57.00),(AA,12889,43.00),(AA,12953,32.00)]"
"2025-01-05 19:00:00",6,12892,35,6,13.457142857142857,170.0,"[(WN,13796,170.00),(OO,15376,107.00),(OO,14570,92.00),(NK,14831,67.00),(DL,14869,41.00),(UA,14771,33.00)]"
"2025-01-05 19:00:00",7,13930,44,7,21.636363636363637,325.0,"[(UA,14262,325.00),(AA,14122,218.00),(F9,13204,131.00),(UA,14107,63.00),(AA,13487,57.00),(AA,12889,43.00),(AA,12953,32.00)]"
"2025-01-05 20:00:00",1,11057,56,18,29.267857142857142,283.0,"[(OH,11973,283.00),(OH,15624,134.00),(OH,11953,100.00),(NK,11298,87.00),(F9,13204,86.00),(AA,13342,83.00),(AA,13487,71.00),(WN,10821,70.00),(AA,13230,67.00),(OH,11996,65.00),(OH,10208,51.00),(AA,14683,46.00),(OH,10431,45.00),(AA,11278,44.00),(AA,11618,44.00),(AA,10721,43.00),(OH,13931,40.00),(AA,14492,34.00)]"
"2025-01-05 20:00:00",1,11057,32,10,28.25,134.0,"[(OH,15624,134.00),(OH,11953,100.00),(NK,11298,87.00),(AA,13342,83.00),(AA,13230,67.00),(OH,11996,65.00),(OH,10208,51.00),(AA,14683,46.00),(AA,11278,44.00),(OH,13931,40.00)]"
"2025-01-05 20:00:00",1,11298,34,29,127.44117647058823,323.0,"[(OO,16218,323.00),(AA,11057,253.00),(MQ,10994,241.00),(AA,14683,234.00),(AA,14492,229.00),(OH,10980,225.00),(MQ,10408,208.00),(AA,15370,189.00),(AA,12889,183.00),(MQ,13367,148.00),(AA,11996,146.00),(AA,13485,144.00),(MQ,14783,141.00),(MQ,13158,140.00),(MQ,14960,140.00),(MQ,11140,126.00),(AA,14100,126.00),(AA,11066,114.00),(AA,12451,111.00),(OO,14674,109.00)]"
"2025-01-05 20:00:00",2,11292,54,18,26.814814814814813,141.0,"[(WN,11433,141.00),(UA,10693,129.00),(UA,14683,120.00),(UA,10140,90.00),(OO,11315,70.00),(UA,14893,68.00),(UA,14057,55.00),(WN,14908,46.00),(UA,10423,46.00),(WN,13232,45.00),(WN,15370,43.00),(UA,13495,41.00),(WN,13495,40.00),(UA,14679,40.00),(UA,12266,40.00),(WN,12339,39.00),(UA,13871,32.00),(OO,10372,31.00)]"
"2025-01-05 20:00:00",2,13930,30,9,60.666666666666664,664.0,"[(AA,11986,664.00),(MQ,13367,642.00),(OO,15370,93.00),(F9,12889,58.00),(UA,10693,42.00),(UA,13495,41.00),(NK,12892,40.00),(UA,13871,36.00),(UA,10423,31.00)]"
"2025-01-05 20:00:00",2,13930,60,14,49.88333333333333,664.0,"[(AA,11986,664.00),(MQ,11067,664.00),(MQ,13367,642.00),(OO,12559,153.00),(OO,15370,93.00),(F9,12889,58.00),(UA,11618,53.00),(MQ,12992,49.00),(UA,10693,42.00),(UA,13495,41.00),(NK,12892,40.00),(UA,14683,38.00),(UA,13871,36.00),(UA,10423,31.00)]"
"2025-01-05 20:00:00",2,11057,56,18,29.267857142857142,283.0,"[(OH,11973,283.00),(OH,15624,134.00),(OH,11953,100.00),(NK,11298,87.00),(F9,13204,86.00),(AA,13342,83.00),(AA,13487,71.00),(WN,10821,70.00),(AA,13230,67.00),(OH,11996,65.00),(OH,10208,51.00),(AA,14683,46.00),(OH,10431,45.00),(AA,11278,44.00),(AA,11618,44.00),(AA,10721,43.00),(OH,13931,40.00),(AA,14492,34.00)]"
"2025-01-05 20:00:00",3,13930,60,14,49.88333333333333,664.0,"[(AA,11986,664.00),(MQ,11067,664.00),(MQ,13367,642.00),(OO,12559,153.00),(OO,15370,93.00),(F9,12889,58.00),(UA,11618,53.00),(MQ,12992,49.00),(UA,10693,42.00),(UA,13495,41.00),(NK,12892,40.00),(UA,14683,38.00),(UA,13871,36.00),(UA,10423,31.00)]"
"2025-01-05 20:00:00",3,11292,39,14,29.666666666666668,141.0,"[(WN,11433,141.00),(UA,10693,129.00),(UA,14683,120.00),(OO,11315,70.00),(UA,14893,68.00),(UA,14057,55.00),(WN,13232,45.00),(WN,15370,43.00),(UA,13495,41.00),(WN,13495,40.00),(UA,14679,40.00),(UA,12266,40.00),(UA,13871,32.00),(OO,10372,31.00)]"
"2025-01-05 20:00:00",3,11292,54,18,26.814814814814813,141.0,"[(WN,11433,141.00),(UA,10693,129.00),(UA,14683,120.00),(UA,10140,90.00),(OO,11315,70.00),(UA,14893,68.00),(UA,14057,55.00),(WN,14908,46.00),(UA,10423,46.00),(WN,13232,45.00),(WN,15370,43.00),(UA,13495,41.00),(WN,13495,40.00),(UA,14679,40.00),(UA,12266,40.00),(WN,12339,39.00),(UA,13871,32.00),(OO,10372,31.00)]"
"2025-01-05 20:00:00",4,10397,32,13,33.375,193.0,"[(AA,11298,193.00),(DL,10431,117.00),(DL,14027,98.00),(WN,10821,97.00),(DL,11042,97.00),(DL,12953,59.00),(DL,12217,53.00),(OO,10408,52.00),(DL,14908,50.00),(DL,12451,49.00),(DL,13485,46.00),(DL,11298,37.00),(WN,11259,36.00)]"
"2025-01-05 20:00:00",4,11292,34,13,29.08823529411765,141.0,"[(WN,11433,141.00),(UA,14683,120.00),(OO,11315,70.00),(UA,14893,68.00),(UA,14057,55.00),(WN,13232,45.00),(WN,15370,43.00),(UA,13495,41.00),(WN,13495,40.00),(UA,14679,40.00),(UA,12266,40.00),(UA,13871,32.00),(OO,10372,31.00)]"
"2025-01-05 20:00:00",4,13930,60,14,49.88333333333333,664.0,"[(AA,11986,664.00),(MQ,11067,664.00),(MQ,13367,642.00),(OO,12559,153.00),(OO,15370,93.00),(F9,12889,58.00),(UA,11618,53.00),(MQ,12992,49.00),(UA,10693,42.00),(UA,13495,41.00),(NK,12892,40.00),(UA,14683,38.00),(UA,13871,36.00),(UA,10423,31.00)]"
"2025-01-05 20:00:00",5,11057,32,10,28.25,134.0,"[(OH,15624,134.00),(OH,11953,100.00),(NK,11298,87.00),(AA,13342,83.00),(AA,13230,67.00),(OH,11996,65.00),(OH,10208,51.00),(AA,14683,46.00),(AA,11278,44.00),(OH,13931,40.00)]"
"2025-01-05 20:00:00",5,10397,32,13,33.375,193.0,"[(AA,11298,193.00),(DL,10431,117.00),(DL,14027,98.00),(WN,10821,97.00),(DL,11042,97.00),(DL,12953,59.00),(DL,12217,53.00),(OO,10408,52.00),(DL,14908,50.00),(DL,12451,49.00),(DL,13485,46.00),(DL,11298,37.00),(WN,11259,36.00)]"
"2025-01-05 20:00:00",6,13930,30,9,60.666666666666664,664.0,"[(AA,11986,664.00),(MQ,13367,642.00),(OO,15370,93.00),(F9,12889,58.00),(UA,10693,42.00),(UA,13495,41.00),(NK,12892,40.00),(UA,13871,36.00),(UA,10423,31.00)]"
"2025-01-05 20:00:00",6,14107,33,5,22.303030303030305,260.0,"[(WN,10800,260.00),(WN,12339,163.00),(WN,12191,93.00),(AA,14683,45.00),(AA,11298,43.00)]"
"2025-01-05 20:00:00",7,14107,33,5,22.303030303030305,260.0,"[(WN,10800,260.00),(WN,12339,163.00),(WN,12191,93.00),(AA,14683,45.00),(AA,11298,43.00)]"
"2025-01-05 21:00:00",1,11298,37,35,152.05405405405406,686.0,"[(AA,11638,686.00),(AA,12892,441.00),(AA,13256,315.00),(AA,13487,279.00),(F9,13232,224.00),(MQ,10781,217.00),(OO,12915,216.00),(OO,15074,211.00),(OH,13422,205.00),(OO,11980,203.00),(MQ,13158,178.00),(OO,10728,171.00),(AA,10599,157.00),(AA,14869,153.00),(AA,12889,148.00),(MQ,12896,134.00),(OH,12217,131.00),(MQ,15919,131.00),(AA,13891,122.00),(MQ,10279,114.00)]"
"2025-01-05 21:00:00",2,10397,55,17,20.763636363636362,119.0,"[(B6,12478,119.00),(B6,10721,103.00),(DL,13232,91.00),(WN,12889,68.00),(WN,11697,68.00),(WN,12451,63.00),(WN,13204,59.00),(WN,12953,56.00),(DL,11292,47.00),(NK,12889,44.00),(DL,12451,43.00),(DL,10693,41.00),(NK,11433,39.00),(OO,11823,38.00),(WN,10693,33.00),(DL,10821,31.00),(WN,13495,31.00)]"
"2025-01-05 21:00:00",3,14107,37,13,32.2972972972973,316.0,"[(AA,11884,316.00),(F9,11292,177.00),(AA,11638,92.00),(AA,14831,82.00),(WN,14057,69.00),(WN,14831,66.00),(WN,13232,63.00),(WN,10713,57.00),(UA,12892,53.00),(WN,14570,52.00),(WN,10423,46.00),(WN,14908,44.00),(WN,11884,31.00)]"
"2025-01-05 21:00:00",4,11292,31,11,48.806451612903224,714.0,"[(UA,14107,714.00),(UA,12892,124.00),(UA,14570,114.00),(OO,14869,95.00),(WN,14831,89.00),(WN,13851,59.00),(UA,11109,51.00),(F9,13487,48.00),(WN,12191,46.00),(WN,14869,41.00),(UA,14771,34.00)]"
"2025-01-05 22:00:00",1,10397,70,20,25.142857142857142,519.0,"[(DL,14574,519.00),(DL,14027,103.00),(F9,10721,91.00),(DL,11057,85.00),(DL,11433,76.00),(DL,14869,62.00),(DL,11066,55.00),(F9,14100,54.00),(DL,14576,49.00),(DL,12889,47.00),(DL,12478,46.00),(DL,14986,45.00),(DL,11973,44.00),(DL,13487,40.00),(WN,13232,38.00),(DL,14492,37.00),(NK,11298,34.00),(DL,13871,33.00),(DL,12264,33.00),(WN,12191,32.00)]"
"2025-01-05 22:00:00",1,10397,35,9,18.542857142857144,103.0,"[(DL,14027,103.00),(DL,11057,85.00),(DL,14869,62.00),(F9,14100,54.00),(DL,12889,47.00),(DL,13487,40.00),(WN,13232,38.00),(DL,14492,37.00),(WN,12191,32.00)]"
"2025-01-05 22:00:00",1,10397,40,9,16.275,103.0,"[(DL,14027,103.00),(DL,11057,85.00),(DL,14869,62.00),(F9,14100,54.00),(DL,12889,47.00),(DL,13487,40.00),(WN,13232,38.00),(DL,14492,37.00),(WN,12191,32.00)]"
"2025-01-05 22:00:00",1,11298,37,29,123.5945945945946,953.0,"[(AA,11109,953.00),(AA,10423,582.00),(AA,11884,417.00),(AA,14869,184.00),(AA,11292,184.00),(OH,12448,180.00),(MQ,12206,174.00),(AA,12892,150.00),(AA,15370,140.00),(AA,12266,139.00),(AA,13891,136.00),(AA,13256,126.00),(AA,10140,118.00),(MQ,11140,109.00),(MQ,12191,101.00),(MQ,13158,100.00),(AA,14057,80.00),(AA,14771,76.00),(AA,15376,74.00),(AA,14843,73.00)]"
"2025-01-05 22:00:00",2,10397,40,9,16.275,103.0,"[(DL,14027,103.00),(DL,11057,85.00),(DL,14869,62.00),(F9,14100,54.00),(DL,12889,47.00),(DL,13487,40.00),(WN,13232,38.00),(DL,14492,37.00),(WN,12191,32.00)]"
"2025-01-05 22:00:00",2,10397,31,8,18.516129032258064,103.0,"[(DL,14027,103.00),(DL,11057,85.00),(DL,14869,62.00),(F9,14100,54.00),(DL,12889,47.00),(WN,13232,38.00),(DL,14492,37.00),(WN,12191,32.00)]"
"2025-01-05 22:00:00",2,10397,70,20,25.142857142857142,519.0,"[(DL,14574,519.00),(DL,14027,103.00),(F9,10721,91.00),(DL,11057,85.00),(DL,11433,76.00),(DL,14869,62.00),(DL,11066,55.00),(F9,14100,54.00),(DL,14576,49.00),(DL,12889,47.00),(DL,12478,46.00),(DL,14986,45.00),(DL,11973,44.00),(DL,13487,40.00),(WN,13232,38.00),(DL,14492,37.00),(NK,11298,34.00),(DL,13871,33.00),(DL,12264,33.00),(WN,12191,32.00)]"
"2025-01-05 22:00:00",3,11057,47,8,16.23404255319149,176.0,"[(OH,13296,176.00),(OH,10135,105.00),(AA,11433,99.00),(OH,11252,75.00),(AA,11298,75.00),(OH,15249,65.00),(AA,13204,35.00),(AA,10792,31.00)]"
"2025-01-06 06:00:00",1,13204,32,2,4.15625,49.0,"[(NK,14843,49.00),(AA,11298,44.00)]"
"2025-01-06 06:00:00",2,12889,40,1,1.025,211.0,"[(G4,15412,211.00)]"
"2025-01-06 06:00:00",3,10721,30,1,-0.9666666666666667,81.0,"[(DL,12953,81.00)]"
"2025-01-06 07:00:00",1,11298,41,19,41.609756097560975,384.0,"[(AA,14100,384.00),(UA,12266,173.00),(AA,13256,96.00),(AA,11057,94.00),(OO,13158,91.00),(AA,11292,81.00),(AA,15304,77.00),(AA,13204,77.00),(AA,14683,70.00),(AA,13303,57.00),(AA,13487,57.00),(UA,13930,53.00),(OO,10423,48.00),(AA,12339,47.00),(AA,14635,46.00),(AA,11697,45.00),(AA,13871,44.00),(MQ,12992,34.00),(DL,14747,32.00)]"
"2025-01-06 07:00:00",1,11298,31,15,36.41935483870968,173.0,"[(UA,12266,173.00),(AA,13256,96.00),(AA,11057,94.00),(OO,13158,91.00),(AA,11292,81.00),(AA,14683,70.00),(AA,13487,57.00),(AA,13303,57.00),(UA,13930,53.00),(OO,10423,48.00),(AA,14635,46.00),(AA,11697,45.00),(AA,13871,44.00),(MQ,12992,34.00),(DL,14747,32.00)]"
"2025-01-06 07:00:00",1,11298,56,23,34.839285714285715,384.0,"[(AA,14100,384.00),(UA,12266,173.00),(AA,13256,96.00),(AA,11057,94.00),(OO,13158,91.00),(AA,11292,81.00),(AA,15304,77.00),(AA,13204,77.00),(AA,14683,70.00),(UA,11618,68.00),(AA,10397,66.00),(AA,13303,57.00),(AA,13487,57.00),(DL,10721,56.00),(UA,13930,53.00),(OO,10423,48.00),(OO,12278,48.00),(AA,12339,47.00),(AA,14635,46.00),(AA,11697,45.00)]"
"2025-01-06 07:00:00",2,11298,31,15,36.41935483870968,173.0,"[(UA,12266,173.00),(AA,13256,96.00),(AA,11057,94.00),(OO,13158,91.00),(AA,11292,81.00),(AA,14683,70.00),(AA,13303,57.00),(AA,13487,57.00),(UA,13930,53.00),(OO,10423,48.00),(AA,14635,46.00),(AA,11697,45.00),(AA,13871,44.00),(MQ,12992,34.00),(DL,14747,32.00)]"
"2025-01-06 07:00:00",2,13930,31,7,21.870967741935484,160.0,"[(OO,11725,160.00),(YX,14492,156.00),(OO,10529,86.00),(OO,12478,54.00),(DL,14747,37.00),(UA,12266,34.00),(YX,11057,33.00)]"
"2025-01-06 07:00:00",2,13930,60,13,19.15,160.0,"[(OO,11725,160.00),(YX,14492,156.00),(UA,10397,90.00),(OO,13198,89.00),(OO,10529,86.00),(OO,14869,75.00),(OO,12478,54.00),(UA,14107,53.00),(DL,14747,37.00),(OO,13931,37.00),(UA,12266,34.00),(UA,12892,34.00),(YX,11057,33.00)]"
"2025-01-06 07:00:00",3,13930,60,13,19.15,160.0,"[(OO,11725,160.00),(YX,14492,156.00),(UA,10397,90.00),(OO,13198,89.00),(OO,10529,86.00),(OO,14869,75.00),(OO,12478,54.00),(UA,14107,53.00),(DL,14747,37.00),(OO,13931,37.00),(UA,12266,34.00),(UA,12892,34.00),(YX,11057,33.00)]"
"2025-01-06 07:00:00",3,11697,30,4,12.466666666666667,211.0,"[(WN,10821,211.00),(B6,14307,56.00),(DL,10397,40.00),(DL,12892,34.00)]"
"2025-01-06 07:00:00",4,13930,31,7,21.870967741935484,160.0,"[(OO,11725,160.00),(YX,14492,156.00),(OO,10529,86.00),(OO,12478,54.00),(DL,14747,37.00),(UA,12266,34.00),(YX,11057,33.00)]"
"2025-01-06 07:00:00",4,14747,34,4,10.5,169.0,"[(DL,13930,169.00),(AS,13342,68.00),(AS,11298,44.00),(UA,14771,43.00)]"
"2025-01-06 07:00:00",5,11697,30,4,12.466666666666667,211.0,"[(WN,10821,211.00),(B6,14307,56.00),(DL,10397,40.00),(DL,12892,34.00)]"
"2025-01-06 07:00:00",5,11292,31,4,7.67741935483871,163.0,"[(UA,11618,163.00),(OO,10713,39.00),(OO,10558,37.00),(UA,13930,32.00)]"
"2025-01-06 07:00:00",6,14747,34,4,10.5,169.0,"[(DL,13930,169.00),(AS,13342,68.00),(AS,11298,44.00),(UA,14771,43.00)]"
"2025-01-06 07:00:00",6,12892,30,4,5.766666666666667,90.0,"[(AA,13930,90.00),(DL,14771,49.00),(OO,11503,47.00),(DL,10397,31.00)]"
"2025-01-06 07:00:00",7,12892,30,4,5.766666666666667,90.0,"[(AA,13930,90.00),(DL,14771,49.00),(OO,11503,47.00),(DL,10397,31.00)]"
"2025-01-06 07:00:00",7,11057,44,1,4.795454545454546,257.0,"[(AA,11278,257.00)]"
"2025-01-06 08:00:00",1,13930,30,17,59.333333333333336,232.0,"[(UA,12892,232.00),(UA,12264,197.00),(OO,13367,145.00),(OO,10372,142.00),(YX,14122,120.00),(NK,14635,113.00),(UA,15024,103.00),(OO,13029,94.00),(AA,15304,87.00),(MQ,15096,69.00),(YX,14492,67.00),(NK,12892,67.00),(MQ,13244,58.00),(UA,14771,50.00),(AA,14771,47.00),(AA,11298,40.00),(UA,12266,39.00)]"
"2025-01-06 08:00:00",1,13930,62,34,60.95161290322581,377.0,"[(OO,12278,377.00),(OO,11637,367.00),(UA,12892,232.00),(UA,12264,197.00),(OO,13367,145.00),(OO,10372,142.00),(MQ,10529,133.00),(YX,12953,126.00),(MQ,14576,125.00),(YX,14122,120.00),(NK,14635,113.00),(OO,15376,107.00),(UA,15024,103.00),(OO,13029,94.00),(AA,15304,87.00),(OO,15041,86.00),(OO,15370,74.00),(MQ,15096,69.00),(YX,14492,67.00),(NK,12892,67.00)]"
"2025-01-06 08:00:00",2,11298,30,7,28.933333333333334,281.0,"[(F9,13204,281.00),(AA,12889,166.00),(AA,13244,82.00),(AA,11503,64.00),(AA,15304,45.00),(MQ,14783,42.00),(AA,14683,39.00)]"
"2025-01-06 08:00:00",2,11298,57,14,32.12280701754386,438.0,"[(AA,10423,438.00),(F9,13204,281.00),(AA,12266,177.00),(AA,12889,166.00),(AA,15370,112.00),(AA,13244,82.00),(AA,11503,64.00),(DL,14869,61.00),(AA,13891,53.00),(AA,15304,45.00),(MQ,14783,42.00),(AA,14843,42.00),(AA,14683,39.00),(AA,13485,38.00)]"
"2025-01-06 08:00:00",2,11298,70,16,31.34285714285714,438.0,"[(AA,10423,438.00),(F9,13204,281.00),(AA,14107,237.00),(AA,12266,177.00),(AA,12889,166.00),(AA,15370,112.00),(AA,10693,96.00),(AA,13244,82.00),(AA,11503,64.00),(DL,14869,61.00),(AA,13891,53.00),(AA,15304,45.00),(MQ,14783,42.00),(AA,14843,42.00),(AA,14683,39.00),(AA,13485,38.00)]"
"2025-01-06 08:00:00",3,10397,32,5,5.46875,60.0,"[(OO,10208,60.00),(DL,10693,53.00),(DL,13930,50.00),(DL,11066,46.00),(F9,14771,36.00)]"
"2025-01-06 08:00:00",3,11433,39,8,36.205128205128204,355.0,"[(DL,15304,355.00),(OO,14150,278.00),(DL,13930,230.00),(YX,13930,225.00),(YX,11066,78.00),(DL,10423,74.00),(F9,14635,67.00),(DL,12451,42.00)]"
"2025-01-06 08:00:00",4,11292,30,4,23.066666666666666,425.0,"[(AA,11298,425.00),(UA,14908,178.00),(F9,10821,51.00),(OO,12899,45.00)]"
"2025-01-06 08:00:00",4,11298,30,7,28.933333333333334,281.0,"[(F9,13204,281.00),(AA,12889,166.00),(AA,13244,82.00),(AA,11503,64.00),(AA,15304,45.00),(MQ,14783,42.00),(AA,14683,39.00)]"
"2025-01-06 08:00:00",4,10397,59,8,5.8474576271186445,120.0,"[(DL,13198,120.00),(DL,11697,81.00),(OO,10208,60.00),(DL,10693,53.00),(DL,13930,50.00),(DL,11066,46.00),(DL,11193,38.00),(F9,14771,36.00)]"
"2025-01-06 08:00:00",5,14747,34,6,11.823529411764707,70.0,"[(AS,12478,70.00),(AS,14771,66.00),(AS,13851,61.00),(AS,13487,49.00),(UA,11292,49.00),(OO,12441,36.00)]"
"2025-01-06 08:00:00",5,11292,51,7,16.215686274509803,425.0,"[(AA,11298,425.00),(UA,14908,178.00),(WN,13198,68.00),(F9,10821,51.00),(OO,11447,49.00),(OO,12899,45.00),(F9,15304,32.00)]"
"2025-01-06 08:00:00",6,12892,47,6,8.404255319148936,194.0,"[(OO,14771,194.00),(DL,13198,155.00),(AS,14747,75.00),(F9,14771,64.00),(UA,12266,55.00),(UA,14771,38.00)]"
"2025-01-06 08:00:00",6,14747,34,6,11.823529411764707,70.0,"[(AS,12478,70.00),(AS,14771,66.00),(AS,13851,61.00),(UA,11292,49.00),(AS,13487,49.00),(OO,12441,36.00)]"
"2025-01-06 08:00:00",7,10397,32,5,5.46875,60.0,"[(OO,10208,60.00),(DL,10693,53.00),(DL,13930,50.00),(DL,11066,46.00),(F9,14771,36.00)]"
"2025-01-06 08:00:00",7,12892,47,6,8.404255319148936,194.0,"[(OO,14771,194.00),(DL,13198,155.00),(AS,14747,75.00),(F9,14771,64.00),(UA,12266,55.00),(UA,14771,38.00)]"
"2025-01-06 08:00:00",8,11292,30,4,23.066666666666666,425.0,"[(AA,11298,425.00),(UA,14908,178.00),(F9,10821,51.00),(OO,12899,45.00)]"
"2025-01-06 08:00:00",8,14107,37,3,7.351351351351352,191.0,"[(UA,13930,191.00),(AA,12892,113.00),(F9,14679,78.00)]"
"2025-01-06 08:00:00",9,12889,35,3,6.2,105.0,"[(F9,14679,105.00),(WN,13198,67.00),(AA,13303,50.00)]"
"2025-01-06 08:00:00",10,10721,30,2,5.866666666666666,210.0,"[(F9,11057,210.00),(UA,14771,34.00)]"
"2025-01-06 09:00:00",1,12892,51,12,26.92156862745098,242.0,"[(DL,12478,242.00),(AA,14492,210.00),(OO,10372,173.00),(AA,12339,169.00),(OO,15023,148.00),(AA,14100,122.00),(AA,12889,75.00),(NK,12266,74.00),(NK,14831,63.00),(AA,10397,52.00),(AA,11298,43.00),(B6,12478,31.00)]"
"2025-01-06 09:00:00",1,11292,30,5,13.633333333333333,111.0,"[(UA,13930,111.00),(AA,11298,89.00),(OO,11921,86.00),(OO,11637,51.00),(UA,12892,35.00)]"
"2025-01-06 09:00:00",1,13930,42,28,80.07142857142857,493.0,"[(DL,10397,493.00),(MQ,11986,206.00),(OO,13851,199.00),(MQ,11637,145.00),(MQ,12278,144.00),(UA,14893,138.00),(AA,14100,133.00),(UA,14843,126.00),(UA,10849,122.00),(UA,14869,118.00),(AA,13204,115.00),(UA,14107,114.00),(UA,14679,106.00),(UA,13487,93.00),(YX,11042,90.00),(UA,14057,90.00),(MQ,11066,82.00),(UA,12953,79.00),(AA,12892,77.00),(AA,14869,77.00)]"
"2025-01-06 09:00:00",2,11292,45,7,14.311111111111112,144.0,"[(WN,14683,144.00),(UA,13930,111.00),(AA,11298,89.00),(OO,11921,86.00),(OO,13871,70.00),(OO,11637,51.00),(UA,12892,35.00)]"
"2025-01-06 09:00:00",2,11057,41,11,25.829268292682926,220.0,"[(AA,12892,220.00),(OH,13795,148.00),(OH,11996,143.00),(AA,11624,126.00),(AA,12953,63.00),(AA,14492,51.00),(AA,14576,46.00),(OH,11823,43.00),(AA,15304,39.00),(OH,14783,38.00),(AA,14524,32.00)]"
"2025-01-06 09:00:00",3,10397,39,6,11.564102564102564,98.0,"[(DL,11423,98.00),(WN,13204,82.00),(DL,10821,71.00),(DL,11278,45.00),(WN,11259,43.00),(F9,11298,38.00)]"
"2025-01-06 09:00:00",3,12892,37,8,28.513513513513512,242.0,"[(DL,12478,242.00),(AA,14492,210.00),(AA,12339,169.00),(OO,15023,148.00),(AA,14100,122.00),(AA,12889,75.00),(NK,12266,74.00),(AA,10397,52.00)]"
"2025-01-06 09:00:00",4,11292,30,5,13.633333333333333,111.0,"[(UA,13930,111.00),(AA,11298,89.00),(OO,11921,86.00),(OO,11637,51.00),(UA,12892,35.00)]"
"2025-01-06 09:00:00",4,11292,46,7,14.043478260869565,144.0,"[(WN,14683,144.00),(UA,13930,111.00),(AA,11298,89.00),(OO,11921,86.00),(OO,13871,70.00),(OO,11637,51.00),(UA,12892,35.00)]"
"2025-01-06 09:00:00",5,14107,54,4,8.703703703703704,201.0,"[(AA,15016,201.00),(AA,13930,96.00),(OO,11695,49.00),(WN,13830,47.00)]"
"2025-01-06 09:00:00",5,10397,43,6,10.55813953488372,98.0,"[(DL,11423,98.00),(WN,13204,82.00),(DL,10821,71.00),(DL,11278,45.00),(WN,11259,43.00),(F9,11298,38.00)]"
"2025-01-06 09:00:00",6,14107,42,3,9.880952380952381,201.0,"[(AA,15016,201.00),(AA,13930,96.00),(OO,11695,49.00)]"
"2025-01-06 10:00:00",1,13930,32,24,86.8125,292.0,"[(OO,14108,292.00),(UA,10821,288.00),(UA,11298,241.00),(OO,11823,213.00),(MQ,10140,198.00),(UA,10397,152.00),(MQ,15380,146.00),(YX,12478,104.00),(UA,12266,93.00),(YX,10721,85.00),(AA,14107,78.00),(OO,10874,75.00),(YX,11066,75.00),(UA,10721,73.00),(AA,12953,69.00),(DL,12953,68.00),(YX,12953,63.00),(UA,12892,63.00),(UA,14986,62.00),(UA,12889,61.00)]"
"2025-01-06 10:00:00",1,11298,30,15,37.7,183.0,"[(AA,13891,183.00),(AA,12094,161.00),(AA,13930,106.00),(AA,12012,77.00),(AA,12892,71.00),(AA,12953,64.00),(AA,10397,56.00),(AA,11638,56.00),(AA,10821,53.00),(AA,14908,47.00),(AA,13486,43.00),(AA,14100,40.00),(AA,11057,37.00),(OO,14794,32.00),(AA,11503,32.00)]"
"2025-01-06 10:00:00",1,13930,47,38,91.42553191489361,301.0,"[(UA,14193,301.00),(OO,14108,292.00),(UA,10821,288.00),(UA,11298,241.00),(DL,11433,219.00),(OO,11823,213.00),(UA,10785,206.00),(MQ,10140,198.00),(UA,10397,152.00),(MQ,15380,146.00),(AA,15376,108.00),(YX,12478,104.00),(UA,13303,95.00),(UA,12266,93.00),(YX,10721,85.00),(UA,12451,84.00),(OO,13485,82.00),(AA,14107,78.00),(OO,15380,76.00),(YX,11066,75.00)]"
"2025-01-06 10:00:00",2,11298,30,15,37.7,183.0,"[(AA,13891,183.00),(AA,12094,161.00),(AA,13930,106.00),(AA,12012,77.00),(AA,12892,71.00),(AA,12953,64.00),(AA,10397,56.00),(AA,11638,56.00),(AA,10821,53.00),(AA,14908,47.00),(AA,13486,43.00),(AA,14100,40.00),(AA,11057,37.00),(OO,14794,32.00),(AA,11503,32.00)]"
"2025-01-06 10:00:00",2,10397,30,3,11.233333333333333,158.0,"[(OO,11823,158.00),(DL,10693,112.00),(DL,15376,58.00)]"
"2025-01-06 10:00:00",2,13930,32,24,86.8125,292.0,"[(OO,14108,292.00),(UA,10821,288.00),(UA,11298,241.00),(OO,11823,213.00),(MQ,10140,198.00),(UA,10397,152.00),(MQ,15380,146.00),(YX,12478,104.00),(UA,12266,93.00),(YX,10721,85.00),(AA,14107,78.00),(YX,11066,75.00),(OO,10874,75.00),(UA,10721,73.00),(AA,12953,69.00),(DL,12953,68.00),(YX,12953,63.00),(UA,12892,63.00),(UA,14986,62.00),(UA,12889,61.00)]"
"2025-01-06 10:00:00",2,11298,47,21,32.234042553191486,183.0,"[(AA,13891,183.00),(AA,12094,161.00),(AA,15376,112.00),(AA,13930,106.00),(AA,12012,77.00),(AA,12892,71.00),(UA,13930,69.00),(AA,12953,64.00),(AA,14524,64.00),(AA,10397,56.00),(AA,11638,56.00),(AA,10821,53.00),(AA,14683,52.00),(AA,13931,49.00),(AA,14908,47.00),(AA,13486,43.00),(AA,11292,43.00),(AA,14100,40.00),(AA,11057,37.00),(OO,14794,32.00)]"
"2025-01-06 10:00:00",3,10397,46,5,9.673913043478262,158.0,"[(OO,11823,158.00),(DL,10693,112.00),(DL,14100,90.00),(DL,15376,58.00),(DL,11884,44.00)]"
"2025-01-06 10:00:00",3,11298,47,21,32.234042553191486,183.0,"[(AA,13891,183.00),(AA,12094,161.00),(AA,15376,112.00),(AA,13930,106.00),(AA,12012,77.00),(AA,12892,71.00),(UA,13930,69.00),(AA,12953,64.00),(AA,14524,64.00),(AA,11638,56.00),(AA,10397,56.00),(AA,10821,53.00),(AA,14683,52.00),(AA,13931,49.00),(AA,14908,47.00),(AA,13486,43.00),(AA,11292,43.00),(AA,14100,40.00),(AA,11057,37.00),(AA,11503,32.00)]"
"2025-01-06 10:00:00",3,10397,44,5,11.931818181818182,158.0,"[(OO,11823,158.00),(DL,10800,126.00),(DL,10693,112.00),(DL,14100,90.00),(DL,15376,58.00)]"
"2025-01-06 10:00:00",4,10397,30,3,11.233333333333333,158.0,"[(OO,11823,158.00),(DL,10693,112.00),(DL,15376,58.00)]"
"2025-01-06 10:00:00",4,11298,30,15,37.7,183.0,"[(AA,13891,183.00),(AA,12094,161.00),(AA,13930,106.00),(AA,12012,77.00),(AA,12892,71.00),(AA,12953,64.00),(AA,11638,56.00),(AA,10397,56.00),(AA,10821,53.00),(AA,14908,47.00),(AA,13486,43.00),(AA,14100,40.00),(AA,11057,37.00),(AA,11503,32.00),(OO,14794,32.00)]"
"2025-01-06 10:00:00",4,11292,40,4,11.6,127.0,"[(OO,15370,127.00),(UA,11986,47.00),(WN,14771,44.00),(AA,11298,38.00)]"
"2025-01-06 10:00:00",5,12889,36,3,6.111111111111111,84.0,"[(WN,13198,84.00),(NK,14747,81.00),(OO,10713,35.00)]"
"2025-01-06 10:00:00",5,11292,40,4,11.6,127.0,"[(OO,15370,127.00),(UA,11986,47.00),(WN,14771,44.00),(AA,11298,38.00)]"
"2025-01-06 10:00:00",6,10397,30,3,11.233333333333333,158.0,"[(OO,11823,158.00),(DL,10693,112.00),(DL,15376,58.00)]"
"2025-01-06 11:00:00",1,11298,43,18,44.06976744186046,205.0,"[(AA,13830,205.00),(AA,12173,191.00),(AA,14679,155.00),(AA,12953,148.00),(AA,14771,129.00),(OO,14674,127.00),(AA,14122,110.00),(AA,13198,101.00),(F9,13204,98.00),(OO,11695,66.00),(AA,13487,65.00),(MQ,13244,58.00),(UA,11618,52.00),(B6,10721,52.00),(F9,13303,41.00),(OO,14314,40.00),(NK,12953,39.00),(MQ,10620,37.00)]"
"2025-01-06 11:00:00",1,10397,42,8,18.38095238095238,166.0,"[(UA,11618,166.00),(UA,13930,156.00),(DL,11278,124.00),(DL,11540,100.00),(OO,13422,71.00),(DL,15016,65.00),(DL,10721,33.00),(DL,14679,32.00)]"
"2025-01-06 11:00:00",1,11298,34,14,39.970588235294116,155.0,"[(AA,14679,155.00),(AA,12953,148.00),(AA,14771,129.00),(OO,14674,127.00),(AA,14122,110.00),(F9,13204,98.00),(OO,11695,66.00),(AA,13487,65.00),(MQ,13244,58.00),(UA,11618,52.00),(B6,10721,52.00),(F9,13303,41.00),(OO,14314,40.00),(NK,12953,39.00)]"
"2025-01-06 11:00:00",2,11298,34,14,39.970588235294116,155.0,"[(AA,14679,155.00),(AA,12953,148.00),(AA,14771,129.00),(OO,14674,127.00),(AA,14122,110.00),(F9,13204,98.00),(OO,11695,66.00),(AA,13487,65.00),(MQ,13244,58.00),(UA,11618,52.00),(B6,10721,52.00),(F9,13303,41.00),(OO,14314,40.00),(NK,12953,39.00)]"
"2025-01-06 11:00:00",2,11292,40,7,11.0,65.0,"[(WN,14679,65.00),(UA,12266,62.00),(F9,13198,46.00),(OO,12156,45.00),(OO,11503,36.00),(OO,14698,34.00),(UA,14057,31.00)]"
"2025-01-06 11:00:00",2,11057,56,10,23.267857142857142,284.0,"[(F9,14100,284.00),(WN,10693,170.00),(UA,13930,148.00),(OH,11973,92.00),(YX,11618,85.00),(AA,12892,70.00),(AA,13487,62.00),(AA,12889,41.00),(AA,13303,36.00),(AA,13930,33.00)]"
"2025-01-06 11:00:00",2,10397,64,12,17.703125,166.0,"[(UA,11618,166.00),(UA,13930,156.00),(DL,11278,124.00),(OO,12945,124.00),(DL,11540,100.00),(NK,13495,76.00),(OO,13422,71.00),(DL,15016,65.00),(DL,10821,58.00),(AA,11298,46.00),(DL,10721,33.00),(DL,14679,32.00)]"
"2025-01-06 11:00:00",3,10397,64,12,17.703125,166.0,"[(UA,11618,166.00),(UA,13930,156.00),(DL,11278,124.00),(OO,12945,124.00),(DL,11540,100.00),(NK,13495,76.00),(OO,13422,71.00),(DL,15016,65.00),(DL,10821,58.00),(AA,11298,46.00),(DL,10721,33.00),(DL,14679,32.00)]"
"2025-01-06 11:00:00",3,10397,49,10,19.6734693877551,166.0,"[(UA,11618,166.00),(UA,13930,156.00),(DL,11278,124.00),(OO,12945,124.00),(DL,11540,100.00),(NK,13495,76.00),(OO,13422,71.00),(DL,15016,65.00),(DL,10721,33.00),(DL,14679,32.00)]"
"2025-01-06 11:00:00",3,11057,56,10,23.267857142857142,284.0,"[(F9,14100,284.00),(WN,10693,170.00),(UA,13930,148.00),(OH,11973,92.00),(YX,11618,85.00),(AA,12892,70.00),(AA,13487,62.00),(AA,12889,41.00),(AA,13303,36.00),(AA,13930,33.00)]"
"2025-01-06 11:00:00",4,11057,56,10,23.267857142857142,284.0,"[(F9,14100,284.00),(WN,10693,170.00),(UA,13930,148.00),(OH,11973,92.00),(YX,11618,85.00),(AA,12892,70.00),(AA,13487,62.00),(AA,12889,41.00),(AA,13303,36.00),(AA,13930,33.00)]"
"2025-01-06 11:00:00",4,11057,40,8,23.95,284.0,"[(F9,14100,284.00),(UA,13930,148.00),(OH,11973,92.00),(YX,11618,85.00),(AA,13487,62.00),(AA,12889,41.00),(AA,13303,36.00),(AA,13930,33.00)]"
"2025-01-06 11:00:00",4,11292,58,8,10.655172413793103,184.0,"[(OO,10372,184.00),(WN,14679,65.00),(UA,12266,62.00),(F9,13198,46.00),(OO,12156,45.00),(OO,11503,36.00),(OO,14698,34.00),(UA,14057,31.00)]"
"2025-01-06 11:00:00",5,10397,49,10,19.6734693877551,166.0,"[(UA,11618,166.00),(UA,13930,156.00),(DL,11278,124.00),(OO,12945,124.00),(DL,11540,100.00),(NK,13495,76.00),(OO,13422,71.00),(DL,15016,65.00),(DL,10721,33.00),(DL,14679,32.00)]"
"2025-01-06 11:00:00",5,10397,42,8,18.38095238095238,166.0,"[(UA,11618,166.00),(UA,13930,156.00),(DL,11278,124.00),(DL,11540,100.00),(OO,13422,71.00),(DL,15016,65.00),(DL,10721,33.00),(DL,14679,32.00)]"
"2025-01-06 11:00:00",5,14869,46,8,8.23913043478261,43.0,"[(WN,12191,43.00),(DL,11193,43.00),(DL,14570,42.00),(OO,12280,40.00),(DL,13487,38.00),(OO,14252,36.00),(DL,14908,36.00),(DL,14689,33.00)]"
"2025-01-06 11:00:00",6,11292,81,9,9.641975308641975,184.0,"[(OO,10372,184.00),(OO,11097,131.00),(WN,14679,65.00),(UA,12266,62.00),(F9,13198,46.00),(OO,12156,45.00),(OO,11503,36.00),(OO,14698,34.00),(UA,14057,31.00)]"
"2025-01-06 11:00:00",6,11292,58,8,10.655172413793103,184.0,"[(OO,10372,184.00),(WN,14679,65.00),(UA,12266,62.00),(F9,13198,46.00),(OO,12156,45.00),(OO,11503,36.00),(OO,14698,34.00),(UA,14057,31.00)]"
"2025-01-06 11:00:00",6,14107,35,4,9.8,142.0,"[(OO,14747,142.00),(OO,13264,100.00),(AA,13930,59.00),(OO,14698,51.00)]"
"2025-01-06 11:00:00",7,11057,40,8,23.95,284.0,"[(F9,14100,284.00),(UA,13930,148.00),(OH,11973,92.00),(YX,11618,85.00),(AA,13487,62.00),(AA,12889,41.00),(AA,13303,36.00),(AA,13930,33.00)]"
"2025-01-06 11:00:00",7,11292,40,7,11.0,65.0,"[(WN,14679,65.00),(UA,12266,62.00),(F9,13198,46.00),(OO,12156,45.00),(OO,11503,36.00),(OO,14698,34.00),(UA,14057,31.00)]"
"2025-01-06 11:00:00",7,14747,31,2,12.32258064516129,78.0,"[(AS,10713,78.00),(DL,15376,59.00)]"
"2025-01-06 11:00:00",8,10397,42,8,18.38095238095238,166.0,"[(UA,11618,166.00),(UA,13930,156.00),(DL,11278,124.00),(DL,11540,100.00),(OO,13422,71.00),(DL,15016,65.00),(DL,10721,33.00),(DL,14679,32.00)]"
"2025-01-06 11:00:00",8,14869,35,6,7.685714285714286,43.0,"[(WN,12191,43.00),(DL,11193,43.00),(DL,14570,42.00),(OO,14252,36.00),(DL,14908,36.00),(DL,14689,33.00)]"
"2025-01-06 11:00:00",9,11292,58,8,10.655172413793103,184.0,"[(OO,10372,184.00),(WN,14679,65.00),(UA,12266,62.00),(F9,13198,46.00),(OO,12156,45.00),(OO,11503,36.00),(OO,14698,34.00),(UA,14057,31.00)]"
"2025-01-06 11:00:00",9,14107,35,4,9.8,142.0,"[(OO,14747,142.00),(OO,13264,100.00),(AA,13930,59.00),(OO,14698,51.00)]"
"2025-01-06 11:00:00",10,14869,46,8,8.23913043478261,43.0,"[(WN,12191,43.00),(DL,11193,43.00),(DL,14570,42.00),(OO,12280,40.00),(DL,13487,38.00),(OO,14252,36.00),(DL,14908,36.00),(DL,14689,33.00)]"
"2025-01-06 12:00:00",1,13930,31,17,51.32258064516129,211.0,"[(YX,12339,211.00),(AA,14771,208.00),(AA,13204,131.00),(UA,13487,122.00),(MQ,12197,113.00),(UA,11278,91.00),(AA,14027,91.00),(MQ,14869,86.00),(AA,15304,70.00),(AA,14107,69.00),(YX,13487,56.00),(AA,11057,54.00),(AA,10721,49.00),(UA,12266,47.00),(AA,11292,46.00),(OO,10849,42.00),(UA,14869,38.00)]"
"2025-01-06 12:00:00",1,13930,31,17,51.32258064516129,211.0,"[(YX,12339,211.00),(AA,14771,208.00),(AA,13204,131.00),(UA,13487,122.00),(MQ,12197,113.00),(AA,14027,91.00),(UA,11278,91.00),(MQ,14869,86.00),(AA,15304,70.00),(AA,14107,69.00),(YX,13487,56.00),(AA,11057,54.00),(AA,10721,49.00),(UA,12266,47.00),(AA,11292,46.00),(OO,10849,42.00),(UA,14869,38.00)]"
"2025-01-06 12:00:00",2,11298,53,17,47.528301886792455,399.0,"[(AA,14683,399.00),(AA,14685,396.00),(AA,11624,272.00),(AA,15412,227.00),(AA,13303,140.00),(AA,10693,137.00),(AA,14100,121.00),(AA,12451,113.00),(AA,13851,109.00),(AA,13502,91.00),(AA,13930,83.00),(AA,11278,69.00),(AA,10868,63.00),(AA,12094,62.00),(AA,14747,41.00),(AA,14986,35.00),(F9,12889,32.00)]"
"2025-01-06 12:00:00",2,11298,52,16,40.36538461538461,396.0,"[(AA,14685,396.00),(AA,11624,272.00),(AA,15412,227.00),(AA,13303,140.00),(AA,10693,137.00),(AA,14100,121.00),(AA,12451,113.00),(AA,13502,91.00),(AA,13930,83.00),(AA,11278,69.00),(AA,14107,68.00),(AA,10868,63.00),(AA,12478,45.00),(AA,14747,41.00),(AA,11540,40.00),(OO,11905,39.00)]"
"2025-01-06 12:00:00",3,11298,37,12,50.945945945945944,396.0,"[(AA,14685,396.00),(AA,11624,272.00),(AA,15412,227.00),(AA,13303,140.00),(AA,10693,137.00),(AA,14100,121.00),(AA,12451,113.00),(AA,13502,91.00),(AA,13930,83.00),(AA,11278,69.00),(AA,10868,63.00),(AA,14747,41.00)]"
"2025-01-06 12:00:00",3,10397,34,11,24.235294117647058,93.0,"[(DL,13930,93.00),(DL,12478,92.00),(DL,11618,90.00),(DL,15304,78.00),(DL,14635,65.00),(F9,13232,65.00),(OO,10980,63.00),(DL,12953,62.00),(DL,13204,61.00),(DL,14492,47.00),(DL,13487,47.00)]"
"2025-01-06 12:00:00",4,10397,34,11,24.235294117647058,93.0,"[(DL,13930,93.00),(DL,12478,92.00),(DL,11618,90.00),(DL,15304,78.00),(DL,14635,65.00),(F9,13232,65.00),(OO,10980,63.00),(DL,12953,62.00),(DL,13204,61.00),(DL,14492,47.00),(DL,13487,47.00)]"
"2025-01-06 12:00:00",4,11292,36,7,21.75,126.0,"[(OO,15048,126.00),(UA,12982,108.00),(WN,14107,87.00),(AA,11298,69.00),(AA,14100,54.00),(WN,13487,48.00),(WN,14908,40.00)]"
"2025-01-06 12:00:00",5,11292,36,7,21.75,126.0,"[(OO,15048,126.00),(UA,12982,108.00),(WN,14107,87.00),(AA,11298,69.00),(AA,14100,54.00),(WN,13487,48.00),(WN,14908,40.00)]"
"2025-01-06 12:00:00",5,12889,38,6,15.894736842105264,211.0,"[(NK,14679,211.00),(AA,11057,78.00),(WN,13796,59.00),(WN,14689,54.00),(UA,12266,40.00),(AA,14100,32.00)]"
"2025-01-06 12:00:00",6,12889,38,6,15.894736842105264,211.0,"[(NK,14679,211.00),(AA,11057,78.00),(WN,13796,59.00),(WN,14689,54.00),(UA,12266,40.00),(AA,14100,32.00)]"
"2025-01-06 13:00:00",1,11292,63,18,26.238095238095237,189.0,"[(OO,13486,189.00),(UA,10693,146.00),(WN,15304,137.00),(OO,12519,122.00),(OO,14457,122.00),(WN,13198,94.00),(UA,15304,89.00),(WN,10397,87.00),(UA,14831,65.00),(OO,10627,65.00),(OO,11122,60.00),(OO,13029,56.00),(OO,15376,55.00),(WN,14107,52.00),(WN,12339,52.00),(WN,12889,51.00),(UA,12094,48.00),(OO,11921,46.00)]"
"2025-01-06 13:00:00",1,13930,33,24,89.51515151515152,283.0,"[(NK,11618,283.00),(DL,11433,251.00),(UA,11298,204.00),(AA,13303,197.00),(UA,12892,182.00),(UA,10423,179.00),(UA,14492,167.00),(UA,10721,163.00),(YX,10423,127.00),(UA,14747,119.00),(UA,13204,117.00),(OO,10372,115.00),(WN,11259,113.00),(OO,11721,99.00),(UA,12953,96.00),(UA,14679,84.00),(OO,10868,76.00),(AA,11298,73.00),(UA,11292,54.00),(MQ,10721,50.00)]"
"2025-01-06 13:00:00",2,11292,41,10,27.048780487804876,189.0,"[(OO,13486,189.00),(UA,10693,146.00),(WN,15304,137.00),(OO,12519,122.00),(OO,14457,122.00),(WN,13198,94.00),(OO,11122,60.00),(WN,14107,52.00),(WN,12889,51.00),(UA,12094,48.00)]"
"2025-01-06 13:00:00",2,11292,63,18,26.238095238095237,189.0,"[(OO,13486,189.00),(UA,10693,146.00),(WN,15304,137.00),(OO,12519,122.00),(OO,14457,122.00),(WN,13198,94.00),(UA,15304,89.00),(WN,10397,87.00),(UA,14831,65.00),(OO,10627,65.00),(OO,11122,60.00),(OO,13029,56.00),(OO,15376,55.00),(WN,14107,52.00),(WN,12339,52.00),(WN,12889,51.00),(UA,12094,48.00),(OO,11921,46.00)]"
"2025-01-06 13:00:00",2,11057,38,8,16.894736842105264,107.0,"[(AA,13303,107.00),(OH,11995,100.00),(AA,11433,92.00),(AA,12478,70.00),(AA,13204,66.00),(AA,12339,41.00),(AA,13930,39.00),(OH,11193,35.00)]"
"2025-01-06 13:00:00",3,11057,38,8,16.894736842105264,107.0,"[(AA,13303,107.00),(OH,11995,100.00),(AA,11433,92.00),(AA,12478,70.00),(AA,13204,66.00),(AA,12339,41.00),(AA,13930,39.00),(OH,11193,35.00)]"
"2025-01-06 13:00:00",3,11292,39,9,27.615384615384617,189.0,"[(OO,13486,189.00),(UA,10693,146.00),(WN,15304,137.00),(OO,12519,122.00),(OO,14457,122.00),(WN,13198,94.00),(OO,11122,60.00),(WN,12889,51.00),(UA,12094,48.00)]"
"2025-01-06 13:00:00",3,10397,34,7,17.529411764705884,147.0,"[(F9,11433,147.00),(DL,13198,94.00),(DL,12266,77.00),(MQ,13930,75.00),(DL,11433,55.00),(DL,12953,50.00),(DL,12889,42.00)]"
"2025-01-06 13:00:00",4,10397,34,7,17.529411764705884,147.0,"[(F9,11433,147.00),(DL,13198,94.00),(DL,12266,77.00),(MQ,13930,75.00),(DL,11433,55.00),(DL,12953,50.00),(DL,12889,42.00)]"
"2025-01-06 13:00:00",4,11057,38,8,16.894736842105264,107.0,"[(AA,13303,107.00),(OH,11995,100.00),(AA,11433,92.00),(AA,12478,70.00),(AA,13204,66.00),(AA,12339,41.00),(AA,13930,39.00),(OH,11193,35.00)]"
"2025-01-06 13:00:00",4,14107,31,5,19.580645161290324,350.0,"[(AA,12889,350.00),(F9,14908,83.00),(UA,13930,75.00),(F9,11292,44.00),(AA,11292,37.00)]"
"2025-01-06 13:00:00",5,11057,33,7,15.151515151515152,100.0,"[(OH,11995,100.00),(AA,11433,92.00),(AA,12478,70.00),(AA,13204,66.00),(AA,12339,41.00),(AA,13930,39.00),(OH,11193,35.00)]"
"2025-01-06 13:00:00",5,10397,34,7,17.529411764705884,147.0,"[(F9,11433,147.00),(DL,13198,94.00),(DL,12266,77.00),(MQ,13930,75.00),(DL,11433,55.00),(DL,12953,50.00),(DL,12889,42.00)]"
"2025-01-06 13:00:00",6,14107,31,5,19.580645161290324,350.0,"[(AA,12889,350.00),(F9,14908,83.00),(UA,13930,75.00),(F9,11292,44.00),(AA,11292,37.00)]"
"2025-01-06 14:00:00",1,13930,37,28,92.13513513513513,402.0,"[(WN,14107,402.00),(DL,14747,245.00),(DL,10397,201.00),(OO,10874,165.00),(UA,11292,155.00),(OO,15412,134.00),(UA,15304,130.00),(UA,12953,129.00),(AA,12889,126.00),(UA,13303,125.00),(YX,11986,124.00),(MQ,11618,118.00),(UA,11042,115.00),(OO,12953,113.00),(UA,14771,111.00),(UA,10693,97.00),(UA,14100,90.00),(UA,11057,86.00),(YX,10721,85.00),(UA,15016,85.00)]"
"2025-01-06 14:00:00",1,11298,57,19,35.35087719298246,249.0,"[(AA,14679,249.00),(UA,13930,225.00),(OH,12992,191.00),(MQ,15249,174.00),(MQ,14783,99.00),(AA,15016,88.00),(AA,11697,88.00),(OO,12896,87.00),(AA,13244,84.00),(AA,15376,80.00),(AA,12892,69.00),(AA,13198,60.00),(AA,14100,57.00),(AA,13204,57.00),(AA,15412,50.00),(AA,14908,37.00),(OH,12448,36.00),(AS,14747,34.00),(AA,10821,33.00)]"
"2025-01-06 14:00:00",2,11298,57,19,35.35087719298246,249.0,"[(AA,14679,249.00),(UA,13930,225.00),(OH,12992,191.00),(MQ,15249,174.00),(MQ,14783,99.00),(AA,15016,88.00),(AA,11697,88.00),(OO,12896,87.00),(AA,13244,84.00),(AA,15376,80.00),(AA,12892,69.00),(AA,13198,60.00),(AA,14100,57.00),(AA,13204,57.00),(AA,15412,50.00),(AA,14908,37.00),(OH,12448,36.00),(AS,14747,34.00),(AA,10821,33.00)]"
"2025-01-06 14:00:00",2,11298,40,13,35.85,225.0,"[(UA,13930,225.00),(OH,12992,191.00),(MQ,15249,174.00),(MQ,14783,99.00),(AA,15016,88.00),(OO,12896,87.00),(AA,15376,80.00),(AA,12892,69.00),(AA,13198,60.00),(AA,15412,50.00),(OH,12448,36.00),(AS,14747,34.00),(AA,10821,33.00)]"
"2025-01-06 14:00:00",2,10397,37,12,22.18918918918919,138.0,"[(UA,12264,138.00),(F9,10529,98.00),(WN,12191,81.00),(F9,12264,67.00),(DL,14730,61.00),(DL,12264,57.00),(WN,13204,48.00),(DL,11057,43.00),(AA,11298,41.00),(AA,13303,37.00),(DL,10821,33.00),(DL,10423,32.00)]"
"2025-01-06 14:00:00",3,11298,30,12,43.3,225.0,"[(UA,13930,225.00),(OH,12992,191.00),(MQ,15249,174.00),(AA,15016,88.00),(OO,12896,87.00),(AA,15376,80.00),(AA,12892,69.00),(AA,13198,60.00),(AA,15412,50.00),(OH,12448,36.00),(AS,14747,34.00),(AA,10821,33.00)]"
"2025-01-06 14:00:00",3,11298,35,12,37.74285714285714,225.0,"[(UA,13930,225.00),(OH,12992,191.00),(MQ,15249,174.00),(AA,15016,88.00),(OO,12896,87.00),(AA,15376,80.00),(AA,12892,69.00),(AA,13198,60.00),(AA,15412,50.00),(OH,12448,36.00),(AS,14747,34.00),(AA,10821,33.00)]"
"2025-01-06 14:00:00",3,12892,35,8,27.514285714285716,373.0,"[(DL,10397,373.00),(G4,15370,148.00),(AA,11298,86.00),(WN,12889,78.00),(OO,14698,60.00),(AA,13303,55.00),(NK,10397,46.00),(WN,10821,33.00)]"
"2025-01-06 14:00:00",4,11298,35,12,37.74285714285714,225.0,"[(UA,13930,225.00),(OH,12992,191.00),(MQ,15249,174.00),(AA,15016,88.00),(OO,12896,87.00),(AA,15376,80.00),(AA,12892,69.00),(AA,13198,60.00),(AA,15412,50.00),(OH,12448,36.00),(AS,14747,34.00),(AA,10821,33.00)]"
"2025-01-06 14:00:00",4,10397,37,12,22.18918918918919,138.0,"[(UA,12264,138.00),(F9,10529,98.00),(WN,12191,81.00),(F9,12264,67.00),(DL,14730,61.00),(DL,12264,57.00),(WN,13204,48.00),(DL,11057,43.00),(AA,11298,41.00),(AA,13303,37.00),(DL,10821,33.00),(DL,10423,32.00)]"
"2025-01-06 14:00:00",4,14107,31,5,11.67741935483871,81.0,"[(AA,12892,81.00),(AA,14771,59.00),(OO,13476,51.00),(F9,14679,51.00),(AS,14747,42.00)]"
"2025-01-06 14:00:00",5,10397,37,12,22.18918918918919,138.0,"[(UA,12264,138.00),(F9,10529,98.00),(WN,12191,81.00),(F9,12264,67.00),(DL,14730,61.00),(DL,12264,57.00),(WN,13204,48.00),(DL,11057,43.00),(AA,11298,41.00),(AA,13303,37.00),(DL,10821,33.00),(DL,10423,32.00)]"
"2025-01-06 14:00:00",5,12892,35,8,27.514285714285716,373.0,"[(DL,10397,373.00),(G4,15370,148.00),(AA,11298,86.00),(WN,12889,78.00),(OO,14698,60.00),(AA,13303,55.00),(NK,10397,46.00),(WN,10821,33.00)]"
"2025-01-06 14:00:00",6,11057,31,11,25.548387096774192,140.0,"[(WN,10821,140.00),(AA,15096,118.00),(AA,13930,83.00),(OH,12323,78.00),(OH,15412,55.00),(OH,13931,52.00),(OH,15370,51.00),(MQ,10781,38.00),(AA,14492,34.00),(AA,14576,33.00),(WN,15016,32.00)]"
"2025-01-06 14:00:00",6,11292,31,7,19.70967741935484,230.0,"[(OO,12511,230.00),(WN,13198,56.00),(WN,14107,55.00),(WN,10693,46.00),(F9,14057,40.00),(UA,12953,32.00),(AA,11298,32.00)]"
"2025-01-06 14:00:00",7,12892,35,8,27.514285714285716,373.0,"[(DL,10397,373.00),(G4,15370,148.00),(AA,11298,86.00),(WN,12889,78.00),(OO,14698,60.00),(AA,13303,55.00),(NK,10397,46.00),(WN,10821,33.00)]"
"2025-01-06 14:00:00",7,14107,31,5,11.67741935483871,81.0,"[(AA,12892,81.00),(AA,14771,59.00),(OO,13476,51.00),(F9,14679,51.00),(AS,14747,42.00)]"
"2025-01-06 15:00:00",1,11298,41,16,36.853658536585364,141.0,"[(AA,11109,141.00),(AA,11540,135.00),(MQ,11973,134.00),(OH,11267,128.00),(AA,11423,114.00),(AA,14057,106.00),(MQ,11982,88.00),(AA,11618,86.00),(AA,14683,84.00),(AA,13930,82.00),(AA,14492,62.00),(AA,12892,55.00),(AA,15304,51.00),(AA,10140,51.00),(AA,14107,42.00),(AA,12451,40.00)]"
"2025-01-06 15:00:00",1,13930,30,23,68.6,265.0,"[(UA,11066,265.00),(UA,10299,169.00),(AA,13487,155.00),(AA,14492,140.00),(AA,12478,115.00),(AA,13303,110.00),(OO,10408,93.00),(OO,10693,87.00),(YX,14122,81.00),(AA,11298,74.00),(MQ,15919,73.00),(MQ,11003,71.00),(AA,12892,68.00),(YX,13871,66.00),(MQ,15412,65.00),(YX,13871,62.00),(UA,11618,48.00),(AA,15304,45.00),(AA,14908,45.00),(MQ,15380,44.00)]"
"2025-01-06 15:00:00",2,11292,34,8,21.58823529411765,112.0,"[(OO,16869,112.00),(WN,12953,108.00),(WN,14570,100.00),(AA,14107,83.00),(WN,13851,50.00),(UA,12953,39.00),(OO,11109,39.00),(F9,14908,33.00)]"
"2025-01-06 15:00:00",2,11298,41,16,36.853658536585364,141.0,"[(AA,11109,141.00),(AA,11540,135.00),(MQ,11973,134.00),(OH,11267,128.00),(AA,11423,114.00),(AA,14057,106.00),(MQ,11982,88.00),(AA,11618,86.00),(AA,14683,84.00),(AA,13930,82.00),(AA,14492,62.00),(AA,12892,55.00),(AA,15304,51.00),(AA,10140,51.00),(AA,14107,42.00),(AA,12451,40.00)]"
"2025-01-06 15:00:00",2,10397,50,13,26.04,164.0,"[(OO,12197,164.00),(OO,14696,153.00),(OH,14100,145.00),(OO,11823,143.00),(DL,11193,112.00),(DL,10792,86.00),(F9,12266,85.00),(DL,12278,73.00),(DL,11066,70.00),(DL,14027,62.00),(F9,11697,61.00),(DL,11996,56.00),(DL,15249,39.00)]"
"2025-01-06 15:00:00",3,12889,35,8,17.228571428571428,148.0,"[(OO,14771,148.00),(WN,15016,126.00),(DL,11433,71.00),(WN,13796,63.00),(DL,10397,61.00),(AS,14004,40.00),(WN,11292,39.00),(WN,14893,35.00)]"
"2025-01-06 15:00:00",3,10397,52,15,29.03846153846154,164.0,"[(OO,12197,164.00),(OO,14696,153.00),(UA,13930,151.00),(OH,14100,145.00),(OO,11823,143.00),(DL,11193,112.00),(DL,10792,86.00),(F9,12266,85.00),(DL,12278,73.00),(DL,11066,70.00),(DL,14027,62.00),(F9,11697,61.00),(DL,12478,57.00),(DL,11996,56.00),(DL,15249,39.00)]"
"2025-01-06 15:00:00",4,14747,34,6,14.911764705882353,109.0,"[(OO,14107,109.00),(AS,10299,91.00),(OO,11603,86.00),(OO,13264,73.00),(AS,12819,46.00),(AS,11884,37.00)]"
"2025-01-06 15:00:00",4,10397,45,12,24.488888888888887,153.0,"[(OO,14696,153.00),(UA,13930,151.00),(OH,14100,145.00),(DL,11193,112.00),(F9,12266,85.00),(DL,12278,73.00),(DL,11066,70.00),(DL,14027,62.00),(F9,11697,61.00),(DL,12478,57.00),(DL,11996,56.00),(DL,15249,39.00)]"
"2025-01-06 15:00:00",5,12889,35,8,17.228571428571428,148.0,"[(OO,14771,148.00),(WN,15016,126.00),(DL,11433,71.00),(WN,13796,63.00),(DL,10397,61.00),(AS,14004,40.00),(WN,11292,39.00),(WN,14893,35.00)]"
"2025-01-06 15:00:00",6,14747,34,6,14.911764705882353,109.0,"[(OO,14107,109.00),(AS,10299,91.00),(OO,11603,86.00),(OO,13264,73.00),(AS,12819,46.00),(AS,11884,37.00)]"
"2025-01-06 16:00:00",1,13930,30,19,87.53333333333333,1051.0,"[(AA,11278,1051.00),(F9,11298,254.00),(OO,10372,122.00),(F9,15304,113.00),(AA,11057,110.00),(UA,14679,81.00),(OO,14108,78.00),(OO,13342,74.00),(WN,11259,74.00),(AA,11298,70.00),(MQ,11066,63.00),(UA,14893,62.00),(UA,14908,61.00),(UA,11292,58.00),(UA,12266,48.00),(UA,12889,47.00),(YX,13487,46.00),(DL,11433,42.00),(UA,14771,33.00)]"
"2025-01-06 16:00:00",1,11298,34,13,34.294117647058826,213.0,"[(AA,13851,213.00),(AA,11638,153.00),(AA,11292,104.00),(AA,15919,91.00),(AA,14492,81.00),(F9,14679,75.00),(OO,10185,62.00),(AA,14683,58.00),(AA,10423,53.00),(AA,13256,53.00),(AA,12478,50.00),(NK,13204,43.00),(AA,14107,31.00)]"
"2025-01-06 16:00:00",2,11298,57,19,29.789473684210527,213.0,"[(AA,13851,213.00),(AA,11638,153.00),(AA,10397,108.00),(AA,11292,104.00),(AA,11003,104.00),(DL,14747,93.00),(AA,15919,91.00),(AA,14492,81.00),(AA,14908,80.00),(F9,14679,75.00),(OO,10185,62.00),(AA,12896,60.00),(AA,14683,58.00),(AA,10423,53.00),(AA,13256,53.00),(AA,12478,50.00),(NK,13204,43.00),(AA,12992,36.00),(AA,14107,31.00)]"
"2025-01-06 16:00:00",2,11298,57,19,29.789473684210527,213.0,"[(AA,13851,213.00),(AA,11638,153.00),(AA,10397,108.00),(AA,11292,104.00),(AA,11003,104.00),(DL,14747,93.00),(AA,15919,91.00),(AA,14492,81.00),(AA,14908,80.00),(F9,14679,75.00),(OO,10185,62.00),(AA,12896,60.00),(AA,14683,58.00),(AA,13256,53.00),(AA,10423,53.00),(AA,12478,50.00),(NK,13204,43.00),(AA,12992,36.00),(AA,14107,31.00)]"
"2025-01-06 16:00:00",3,11057,49,18,40.69387755102041,256.0,"[(OH,11066,256.00),(YX,12953,246.00),(AA,12478,166.00),(OH,14814,138.00),(AA,10529,125.00),(AA,13495,116.00),(AA,15016,104.00),(OH,10874,100.00),(AA,13198,88.00),(AA,10821,69.00),(AA,13342,69.00),(OH,12323,69.00),(OH,14783,68.00),(AA,10693,56.00),(DL,10397,51.00),(AA,13930,40.00),(OH,13577,32.00),(AA,14771,31.00)]"
"2025-01-06 16:00:00",4,11298,34,13,34.294117647058826,213.0,"[(AA,13851,213.00),(AA,11638,153.00),(AA,11292,104.00),(AA,15919,91.00),(AA,14492,81.00),(F9,14679,75.00),(OO,10185,62.00),(AA,14683,58.00),(AA,10423,53.00),(AA,13256,53.00),(AA,12478,50.00),(NK,13204,43.00),(AA,14107,31.00)]"
"2025-01-06 16:00:00",4,11057,39,15,44.97435897435897,256.0,"[(OH,11066,256.00),(YX,12953,246.00),(AA,12478,166.00),(OH,14814,138.00),(AA,10529,125.00),(AA,13495,116.00),(AA,15016,104.00),(AA,13198,88.00),(AA,10821,69.00),(AA,13342,69.00),(OH,14783,68.00),(AA,10693,56.00),(DL,10397,51.00),(OH,13577,32.00),(AA,14771,31.00)]"
"2025-01-06 16:00:00",4,10397,44,13,26.5,158.0,"[(DL,14869,158.00),(DL,13871,137.00),(F9,14100,110.00),(B6,12478,109.00),(DL,10994,99.00),(NK,10821,96.00),(DL,14027,91.00),(F9,11042,64.00),(DL,15304,61.00),(DL,14492,50.00),(F9,15304,44.00),(WN,11259,35.00),(WN,11292,33.00)]"
"2025-01-06 16:00:00",5,10397,44,13,26.5,158.0,"[(DL,14869,158.00),(DL,13871,137.00),(F9,14100,110.00),(B6,12478,109.00),(DL,10994,99.00),(NK,10821,96.00),(DL,14027,91.00),(F9,11042,64.00),(DL,15304,61.00),(DL,14492,50.00),(F9,15304,44.00),(WN,11259,35.00),(WN,11292,33.00)]"
"2025-01-06 16:00:00",5,11298,43,15,30.651162790697676,213.0,"[(AA,13851,213.00),(AA,11638,153.00),(AA,11292,104.00),(DL,14747,93.00),(AA,15919,91.00),(AA,14492,81.00),(F9,14679,75.00),(OO,10185,62.00),(AA,14683,58.00),(AA,13256,53.00),(AA,10423,53.00),(AA,12478,50.00),(NK,13204,43.00),(AA,12992,36.00),(AA,14107,31.00)]"
"2025-01-06 16:00:00",5,11292,49,11,18.244897959183675,99.0,"[(WN,13871,99.00),(WN,14057,99.00),(UA,10423,84.00),(OO,15376,80.00),(AA,11057,71.00),(UA,10721,68.00),(WN,12892,60.00),(WN,14747,48.00),(F9,14893,38.00),(UA,12889,34.00),(UA,14107,32.00)]"
"2025-01-06 16:00:00",6,11292,49,11,18.244897959183675,99.0,"[(WN,13871,99.00),(WN,14057,99.00),(UA,10423,84.00),(OO,15376,80.00),(AA,11057,71.00),(UA,10721,68.00),(WN,12892,60.00),(WN,14747,48.00),(F9,14893,38.00),(UA,12889,34.00),(UA,14107,32.00)]"
"2025-01-06 16:00:00",6,11298,34,13,34.294117647058826,213.0,"[(AA,13851,213.00),(AA,11638,153.00),(AA,11292,104.00),(AA,15919,91.00),(AA,14492,81.00),(F9,14679,75.00),(OO,10185,62.00),(AA,14683,58.00),(AA,13256,53.00),(AA,10423,53.00),(AA,12478,50.00),(NK,13204,43.00),(AA,14107,31.00)]"
"2025-01-06 16:00:00",6,14107,37,9,22.0,121.0,"[(AA,14492,121.00),(F9,11292,95.00),(WN,14679,81.00),(WN,12892,81.00),(WN,13204,77.00),(AA,11292,54.00),(WN,15304,51.00),(WN,10792,45.00),(AA,13930,36.00)]"
"2025-01-06 16:00:00",7,14107,43,10,19.976744186046513,121.0,"[(AA,14492,121.00),(F9,11292,95.00),(WN,14679,81.00),(WN,12892,81.00),(WN,13204,77.00),(AA,11292,54.00),(WN,15304,51.00),(MQ,15919,49.00),(WN,10792,45.00),(AA,13930,36.00)]"
"2025-01-06 16:00:00",7,10397,44,13,26.5,158.0,"[(DL,14869,158.00),(DL,13871,137.00),(F9,14100,110.00),(B6,12478,109.00),(DL,10994,99.00),(NK,10821,96.00),(DL,14027,91.00),(F9,11042,64.00),(DL,15304,61.00),(DL,14492,50.00),(F9,15304,44.00),(WN,11259,35.00),(WN,11292,33.00)]"
"2025-01-06 16:00:00",7,12889,36,6,12.0,114.0,"[(WN,14831,114.00),(UA,12264,86.00),(WN,11066,57.00),(WN,10397,53.00),(WN,13796,47.00),(WN,14679,39.00)]"
"2025-01-06 16:00:00",8,12889,36,6,12.0,114.0,"[(WN,14831,114.00),(UA,12264,86.00),(WN,11066,57.00),(WN,10397,53.00),(WN,13796,47.00),(WN,14679,39.00)]"
"2025-01-06 16:00:00",8,10397,37,12,29.91891891891892,158.0,"[(DL,14869,158.00),(DL,13871,137.00),(F9,14100,110.00),(B6,12478,109.00),(DL,10994,99.00),(NK,10821,96.00),(DL,14027,91.00),(F9,11042,64.00),(DL,15304,61.00),(DL,14492,50.00),(F9,15304,44.00),(WN,11259,35.00)]"
"2025-01-06 16:00:00",8,14771,30,2,10.566666666666666,225.0,"[(AA,14107,225.00),(OO,10713,45.00)]"
"2025-01-06 16:00:00",9,14771,30,2,10.566666666666666,225.0,"[(AA,14107,225.00),(OO,10713,45.00)]"
"2025-01-06 16:00:00",9,11292,49,11,18.244897959183675,99.0,"[(WN,14057,99.00),(WN,13871,99.00),(UA,10423,84.00),(OO,15376,80.00),(AA,11057,71.00),(UA,10721,68.00),(WN,12892,60.00),(WN,14747,48.00),(F9,14893,38.00),(UA,12889,34.00),(UA,14107,32.00)]"
"2025-01-06 16:00:00",10,14107,43,10,19.976744186046513,121.0,"[(AA,14492,121.00),(F9,11292,95.00),(WN,14679,81.00),(WN,12892,81.00),(WN,13204,77.00),(AA,11292,54.00),(WN,15304,51.00),(MQ,15919,49.00),(WN,10792,45.00),(AA,13930,36.00)]"
"2025-01-06 17:00:00",1,11292,79,18,22.354430379746834,140.0,"[(UA,11618,140.00),(UA,13204,129.00),(UA,13871,113.00),(OO,12888,103.00),(UA,10397,91.00),(WN,10721,88.00),(WN,14492,84.00),(WN,13204,83.00),(F9,14193,79.00),(WN,12889,77.00),(UA,13931,75.00),(OO,10627,65.00),(OO,13029,64.00),(WN,13244,51.00),(WN,11433,44.00),(OO,11109,39.00),(WN,14100,37.00),(WN,12264,36.00)]"
"2025-01-06 17:00:00",1,11292,38,10,27.44736842105263,140.0,"[(UA,11618,140.00),(UA,13204,129.00),(UA,13871,113.00),(OO,12888,103.00),(WN,14492,84.00),(WN,13204,83.00),(WN,12889,77.00),(OO,10627,65.00),(WN,13244,51.00),(WN,11433,44.00)]"
"2025-01-06 17:00:00",1,11298,43,14,43.74418604651163,305.0,"[(AA,14193,305.00),(F9,10397,242.00),(AA,10599,165.00),(UA,13930,148.00),(UA,12266,135.00),(AA,11697,113.00),(AA,12892,110.00),(AA,11503,108.00),(AA,10721,101.00),(AA,14893,98.00),(AA,14869,92.00),(AA,13198,81.00),(AA,13891,70.00),(OO,10155,44.00)]"
"2025-01-06 17:00:00",2,13930,34,16,54.588235294117645,320.0,"[(OO,13342,320.00),(AA,12892,279.00),(UA,14635,156.00),(AA,14679,142.00),(YX,12953,138.00),(NK,11697,131.00),(AA,11697,99.00),(UA,12953,63.00),(AA,11057,63.00),(MQ,11995,62.00),(AS,14747,47.00),(YX,14307,44.00),(OO,11977,43.00),(AA,13204,38.00),(DL,14869,36.00),(AA,13303,32.00)]"
"2025-01-06 17:00:00",2,11292,53,12,23.67924528301887,140.0,"[(UA,11618,140.00),(UA,13204,129.00),(UA,13871,113.00),(OO,12888,103.00),(WN,14492,84.00),(WN,13204,83.00),(F9,14193,79.00),(WN,12889,77.00),(OO,10627,65.00),(OO,13029,64.00),(WN,13244,51.00),(WN,11433,44.00)]"
"2025-01-06 17:00:00",3,11298,43,14,43.74418604651163,305.0,"[(AA,14193,305.00),(F9,10397,242.00),(AA,10599,165.00),(UA,13930,148.00),(UA,12266,135.00),(AA,11697,113.00),(AA,12892,110.00),(AA,11503,108.00),(AA,10721,101.00),(AA,14893,98.00),(AA,14869,92.00),(AA,13198,81.00),(AA,13891,70.00),(OO,10155,44.00)]"
"2025-01-06 17:00:00",3,11292,38,10,27.44736842105263,140.0,"[(UA,11618,140.00),(UA,13204,129.00),(UA,13871,113.00),(OO,12888,103.00),(WN,14492,84.00),(WN,13204,83.00),(WN,12889,77.00),(OO,10627,65.00),(WN,13244,51.00),(WN,11433,44.00)]"
"2025-01-06 17:00:00",4,11292,38,10,27.44736842105263,140.0,"[(UA,11618,140.00),(UA,13204,129.00),(UA,13871,113.00),(OO,12888,103.00),(WN,14492,84.00),(WN,13204,83.00),(WN,12889,77.00),(OO,10627,65.00),(WN,13244,51.00),(WN,11433,44.00)]"
"2025-01-06 17:00:00",4,11292,39,10,26.871794871794872,140.0,"[(UA,11618,140.00),(UA,13204,129.00),(UA,13871,113.00),(OO,12888,103.00),(WN,14492,84.00),(WN,13204,83.00),(WN,12889,77.00),(OO,10627,65.00),(WN,13244,51.00),(WN,11433,44.00)]"
"2025-01-06 17:00:00",5,14107,39,6,10.076923076923077,116.0,"[(AA,11066,116.00),(WN,14679,52.00),(WN,12889,47.00),(AA,10693,42.00),(AA,14100,41.00),(AA,10721,37.00)]"
"2025-01-06 17:00:00",5,14107,31,5,10.064516129032258,116.0,"[(AA,11066,116.00),(WN,14679,52.00),(AA,10693,42.00),(AA,14100,41.00),(AA,10721,37.00)]"
"2025-01-06 17:00:00",6,14869,35,5,8.82857142857143,110.0,"[(DL,12266,110.00),(DL,13930,48.00),(DL,13342,43.00),(DL,10693,33.00),(AS,14747,32.00)]"
"2025-01-06 18:00:00",1,13930,45,19,44.6,243.0,"[(UA,12451,243.00),(AA,14122,187.00),(UA,14492,154.00),(UA,11193,150.00),(UA,13931,132.00),(OO,10874,107.00),(OO,12217,94.00),(AA,11298,92.00),(OO,11433,84.00),(OO,11823,70.00),(YX,11986,67.00),(YX,10721,67.00),(UA,14524,58.00),(UA,11618,45.00),(UA,15096,37.00),(UA,11066,37.00),(UA,15304,33.00),(UA,12266,32.00),(UA,10721,32.00)]"
"2025-01-06 18:00:00",1,11057,30,13,35.46666666666667,160.0,"[(AA,10994,160.00),(AA,13931,147.00),(OH,10874,126.00),(F9,13204,85.00),(AA,14492,74.00),(UA,11618,63.00),(AA,10721,56.00),(OH,12264,51.00),(OH,11267,45.00),(AA,10821,43.00),(OH,11193,42.00),(AA,11066,39.00),(AA,14524,32.00)]"
"2025-01-06 18:00:00",1,13930,56,24,42.05357142857143,243.0,"[(UA,12451,243.00),(AA,14122,187.00),(UA,14492,154.00),(UA,11193,150.00),(UA,13931,132.00),(UA,14122,118.00),(OO,10874,107.00),(OO,12217,94.00),(AA,11298,92.00),(OO,11433,84.00),(OO,11823,70.00),(YX,11986,67.00),(YX,10721,67.00),(UA,14524,58.00),(UA,14100,52.00),(UA,10792,47.00),(UA,11618,45.00),(UA,10994,43.00),(UA,15096,37.00),(UA,11066,37.00)]"
"2025-01-06 18:00:00",2,13930,47,19,42.787234042553195,243.0,"[(UA,12451,243.00),(AA,14122,187.00),(UA,14492,154.00),(UA,11193,150.00),(UA,13931,132.00),(OO,10874,107.00),(OO,12217,94.00),(AA,11298,92.00),(OO,11433,84.00),(OO,11823,70.00),(YX,11986,67.00),(YX,10721,67.00),(UA,14524,58.00),(UA,11618,45.00),(UA,15096,37.00),(UA,11066,37.00),(UA,15304,33.00),(UA,12266,32.00),(UA,10721,32.00)]"
"2025-01-06 18:00:00",2,11298,53,22,41.320754716981135,236.0,"[(F9,13204,236.00),(AA,11292,168.00),(AA,10868,160.00),(AA,11884,153.00),(MQ,15919,137.00),(AA,15304,134.00),(AA,13851,112.00),(AA,10397,111.00),(AA,12953,100.00),(AA,14908,80.00),(AA,13930,63.00),(AA,10257,62.00),(AA,14635,61.00),(AA,11057,57.00),(AA,14100,51.00),(AA,12264,50.00),(NK,11618,47.00),(AA,14122,37.00),(AA,11540,36.00),(MQ,10279,34.00)]"
"2025-01-06 18:00:00",3,11057,49,17,27.3265306122449,160.0,"[(AA,10994,160.00),(AA,13931,147.00),(OH,10874,126.00),(F9,13204,85.00),(AA,14492,74.00),(UA,11618,63.00),(AA,10721,56.00),(OH,12264,51.00),(OH,10397,51.00),(OH,11267,45.00),(AA,10821,43.00),(OH,11193,42.00),(OH,10868,42.00),(AA,13891,41.00),(AA,11066,39.00),(OH,13577,33.00),(AA,14524,32.00)]"
"2025-01-06 18:00:00",3,13930,45,19,44.6,243.0,"[(UA,12451,243.00),(AA,14122,187.00),(UA,14492,154.00),(UA,11193,150.00),(UA,13931,132.00),(OO,10874,107.00),(OO,12217,94.00),(AA,11298,92.00),(OO,11433,84.00),(OO,11823,70.00),(YX,11986,67.00),(YX,10721,67.00),(UA,14524,58.00),(UA,11618,45.00),(UA,15096,37.00),(UA,11066,37.00),(UA,15304,33.00),(UA,12266,32.00),(UA,10721,32.00)]"
"2025-01-06 18:00:00",3,14100,30,15,61.4,347.0,"[(OH,13931,347.00),(AA,14771,301.00),(OH,11193,209.00),(OH,14321,144.00),(OH,10785,142.00),(AA,12266,110.00),(F9,15304,93.00),(AA,12451,86.00),(AA,11057,68.00),(AA,13303,59.00),(AA,11298,54.00),(F9,14635,49.00),(UA,13930,44.00),(AA,14747,35.00),(AA,12889,33.00)]"
"2025-01-06 18:00:00",4,11057,30,13,35.46666666666667,160.0,"[(AA,10994,160.00),(AA,13931,147.00),(OH,10874,126.00),(F9,13204,85.00),(AA,14492,74.00),(UA,11618,63.00),(AA,10721,56.00),(OH,12264,51.00),(OH,11267,45.00),(AA,10821,43.00),(OH,11193,42.00),(AA,11066,39.00),(AA,14524,32.00)]"
"2025-01-06 18:00:00",4,14100,30,15,61.4,347.0,"[(OH,13931,347.00),(AA,14771,301.00),(OH,11193,209.00),(OH,14321,144.00),(OH,10785,142.00),(AA,12266,110.00),(F9,15304,93.00),(AA,12451,86.00),(AA,11057,68.00),(AA,13303,59.00),(AA,11298,54.00),(F9,14635,49.00),(UA,13930,44.00),(AA,14747,35.00),(AA,12889,33.00)]"
"2025-01-06 18:00:00",5,11298,37,11,28.783783783783782,236.0,"[(F9,13204,236.00),(MQ,15919,137.00),(AA,12953,100.00),(AA,14908,80.00),(AA,13930,63.00),(AA,11057,57.00),(AA,14100,51.00),(NK,11618,47.00),(AA,14122,37.00),(MQ,10279,34.00),(AA,10529,31.00)]"
"2025-01-06 18:00:00",5,11057,30,13,35.46666666666667,160.0,"[(AA,10994,160.00),(AA,13931,147.00),(OH,10874,126.00),(F9,13204,85.00),(AA,14492,74.00),(UA,11618,63.00),(AA,10721,56.00),(OH,12264,51.00),(OH,11267,45.00),(AA,10821,43.00),(OH,11193,42.00),(AA,11066,39.00),(AA,14524,32.00)]"
"2025-01-06 18:00:00",5,10397,33,10,55.666666666666664,972.0,"[(F9,11618,972.00),(F9,11298,235.00),(MQ,13930,106.00),(DL,12451,93.00),(DL,15624,84.00),(NK,10721,79.00),(DL,14100,52.00),(OH,11057,46.00),(DL,11433,33.00),(DL,12889,33.00)]"
"2025-01-06 18:00:00",6,11292,33,9,18.636363636363637,110.0,"[(AA,11298,110.00),(UA,13930,107.00),(UA,10693,62.00),(WN,13495,54.00),(WN,12889,42.00),(OO,12945,42.00),(OO,11109,40.00),(UA,11697,34.00),(UA,14100,31.00)]"
"2025-01-06 18:00:00",6,11298,38,12,28.894736842105264,236.0,"[(F9,13204,236.00),(MQ,15919,137.00),(AA,12953,100.00),(AA,14908,80.00),(AA,13930,63.00),(AA,11057,57.00),(AA,14100,51.00),(NK,11618,47.00),(AA,14122,37.00),(MQ,10279,34.00),(AA,11986,33.00),(AA,10529,31.00)]"
"2025-01-06 18:00:00",6,11292,35,10,20.142857142857142,110.0,"[(AA,11298,110.00),(UA,13930,107.00),(F9,11298,90.00),(UA,10693,62.00),(WN,13495,54.00),(WN,12889,42.00),(OO,12945,42.00),(OO,11109,40.00),(UA,11697,34.00),(UA,14100,31.00)]"
"2025-01-06 18:00:00",7,11292,37,11,23.2972972972973,132.0,"[(WN,13342,132.00),(AA,11298,110.00),(UA,13930,107.00),(F9,11298,90.00),(UA,10693,62.00),(WN,13495,54.00),(WN,12889,42.00),(OO,12945,42.00),(OO,11109,40.00),(UA,11697,34.00),(UA,14100,31.00)]"
"2025-01-06 18:00:00",7,12889,32,9,51.0,942.0,"[(G4,10666,942.00),(WN,11638,166.00),(WN,14107,165.00),(WN,12339,92.00),(WN,13796,87.00),(WN,10800,54.00),(WN,14679,38.00),(NK,13796,33.00),(NK,11298,32.00)]"
"2025-01-06 18:00:00",8,10397,35,10,52.457142857142856,972.0,"[(F9,11618,972.00),(F9,11298,235.00),(MQ,13930,106.00),(DL,12451,93.00),(DL,15624,84.00),(NK,10721,79.00),(DL,14100,52.00),(OH,11057,46.00),(DL,11433,33.00),(DL,12889,33.00)]"
"2025-01-06 18:00:00",8,14771,30,4,16.7,207.0,"[(UA,12266,207.00),(UA,15016,200.00),(UA,13930,73.00),(F9,14679,32.00)]"
"2025-01-06 18:00:00",9,12889,32,9,51.0,942.0,"[(G4,10666,942.00),(WN,11638,166.00),(WN,14107,165.00),(WN,12339,92.00),(WN,13796,87.00),(WN,10800,54.00),(WN,14679,38.00),(NK,13796,33.00),(NK,11298,32.00)]"
"2025-01-06 18:00:00",10,14771,30,4,16.7,207.0,"[(UA,12266,207.00),(UA,15016,200.00),(UA,13930,73.00),(F9,14679,32.00)]"
"2025-01-06 19:00:00",1,11298,40,17,51.225,379.0,"[(AA,13256,379.00),(AA,13851,264.00),(AA,13495,166.00),(AA,13230,120.00),(AA,11193,117.00),(OO,14696,102.00),(AA,11618,99.00),(MQ,10685,96.00),(AA,11995,93.00),(AA,13244,89.00),(AA,14683,85.00),(DL,12953,67.00),(AA,10821,66.00),(AA,10800,65.00),(AA,14570,43.00),(AA,13931,43.00),(AA,14107,35.00)]"
"2025-01-06 19:00:00",1,11298,60,23,43.983333333333334,379.0,"[(AA,13256,379.00),(AA,13851,264.00),(AA,14685,195.00),(AA,13495,166.00),(AA,12266,145.00),(AA,13230,120.00),(AA,11193,117.00),(OO,14696,102.00),(AA,11618,99.00),(MQ,10685,96.00),(AA,11995,93.00),(AA,13244,89.00),(OO,14314,88.00),(AA,14683,85.00),(AA,14771,71.00),(DL,12953,67.00),(AA,10821,66.00),(AA,10800,65.00),(AA,10140,45.00),(AA,14570,43.00)]"
"2025-01-06 19:00:00",1,10397,55,22,45.981818181818184,906.0,"[(DL,14689,906.00),(WN,10693,159.00),(DL,12197,143.00),(F9,12892,109.00),(WN,14492,90.00),(WN,12451,88.00),(WN,13495,87.00),(DL,11540,80.00),(WN,11697,74.00),(DL,14057,69.00),(DL,14193,65.00),(AA,13303,50.00),(DL,10599,50.00),(DL,14107,49.00),(DL,11109,47.00),(DL,11638,44.00),(DL,14492,44.00),(DL,13342,38.00),(DL,10821,36.00),(OO,14696,35.00)]"
"2025-01-06 19:00:00",2,11292,35,12,23.885714285714286,110.0,"[(UA,14698,110.00),(UA,12441,82.00),(OO,11097,81.00),(UA,11921,63.00),(WN,11259,63.00),(F9,12889,57.00),(UA,15376,46.00),(WN,10849,44.00),(UA,12892,43.00),(OO,10279,42.00),(WN,14831,40.00),(UA,10849,32.00)]"
"2025-01-06 19:00:00",2,10397,55,22,45.981818181818184,906.0,"[(DL,14689,906.00),(WN,10693,159.00),(DL,12197,143.00),(F9,12892,109.00),(WN,14492,90.00),(WN,12451,88.00),(WN,13495,87.00),(DL,11540,80.00),(WN,11697,74.00),(DL,14057,69.00),(DL,14193,65.00),(AA,13303,50.00),(DL,10599,50.00),(DL,14107,49.00),(DL,11109,47.00),(DL,11638,44.00),(DL,14492,44.00),(DL,13342,38.00),(DL,10821,36.00),(OO,14696,35.00)]"
"2025-01-06 19:00:00",2,11292,70,22,30.485714285714284,253.0,"[(UA,13264,253.00),(UA,12889,200.00),(UA,11603,115.00),(UA,14698,110.00),(UA,14057,104.00),(UA,14747,103.00),(UA,12441,82.00),(OO,11097,81.00),(UA,12266,74.00),(UA,14831,66.00),(WN,13871,65.00),(UA,11921,63.00),(WN,11259,63.00),(F9,12889,57.00),(UA,15376,46.00),(WN,10849,44.00),(UA,12892,43.00),(OO,10279,42.00),(WN,14831,40.00),(UA,14679,39.00)]"
"2025-01-06 19:00:00",3,11292,35,10,37.08571428571429,253.0,"[(UA,13264,253.00),(UA,12889,200.00),(UA,11603,115.00),(UA,14057,104.00),(UA,14747,103.00),(UA,12266,74.00),(UA,14831,66.00),(WN,13871,65.00),(UA,14679,39.00),(UA,11648,36.00)]"
"2025-01-06 19:00:00",3,11292,70,22,30.485714285714284,253.0,"[(UA,13264,253.00),(UA,12889,200.00),(UA,11603,115.00),(UA,14698,110.00),(UA,14057,104.00),(UA,14747,103.00),(UA,12441,82.00),(OO,11097,81.00),(UA,12266,74.00),(UA,14831,66.00),(WN,13871,65.00),(UA,11921,63.00),(WN,11259,63.00),(F9,12889,57.00),(UA,15376,46.00),(WN,10849,44.00),(UA,12892,43.00),(OO,10279,42.00),(WN,14831,40.00),(UA,14679,39.00)]"
"2025-01-06 19:00:00",3,11298,47,18,46.59574468085106,379.0,"[(AA,13256,379.00),(AA,13851,264.00),(AA,13495,166.00),(AA,12266,145.00),(AA,13230,120.00),(AA,11193,117.00),(OO,14696,102.00),(AA,11618,99.00),(MQ,10685,96.00),(AA,11995,93.00),(AA,13244,89.00),(AA,14683,85.00),(DL,12953,67.00),(AA,10821,66.00),(AA,10800,65.00),(AA,14570,43.00),(AA,13931,43.00),(AA,14107,35.00)]"
"2025-01-06 19:00:00",4,11298,47,18,46.59574468085106,379.0,"[(AA,13256,379.00),(AA,13851,264.00),(AA,13495,166.00),(AA,12266,145.00),(AA,13230,120.00),(AA,11193,117.00),(OO,14696,102.00),(AA,11618,99.00),(MQ,10685,96.00),(AA,11995,93.00),(AA,13244,89.00),(AA,14683,85.00),(DL,12953,67.00),(AA,10821,66.00),(AA,10800,65.00),(AA,14570,43.00),(AA,13931,43.00),(AA,14107,35.00)]"
"2025-01-06 19:00:00",4,12892,31,7,22.741935483870968,303.0,"[(UA,11292,303.00),(OO,11603,110.00),(OO,14107,93.00),(UA,14747,83.00),(NK,14831,80.00),(OO,14570,54.00),(DL,14747,31.00)]"
"2025-01-06 19:00:00",5,11298,39,17,52.333333333333336,379.0,"[(AA,13256,379.00),(AA,13851,264.00),(AA,13495,166.00),(AA,13230,120.00),(AA,11193,117.00),(OO,14696,102.00),(AA,11618,99.00),(MQ,10685,96.00),(AA,11995,93.00),(AA,13244,89.00),(AA,14683,85.00),(DL,12953,67.00),(AA,10821,66.00),(AA,10800,65.00),(AA,14570,43.00),(AA,13931,43.00),(AA,14107,35.00)]"
"2025-01-06 19:00:00",6,11298,40,17,51.225,379.0,"[(AA,13256,379.00),(AA,13851,264.00),(AA,13495,166.00),(AA,13230,120.00),(AA,11193,117.00),(OO,14696,102.00),(AA,11618,99.00),(MQ,10685,96.00),(AA,11995,93.00),(AA,13244,89.00),(AA,14683,85.00),(DL,12953,67.00),(AA,10821,66.00),(AA,10800,65.00),(AA,14570,43.00),(AA,13931,43.00),(AA,14107,35.00)]"
"2025-01-06 19:00:00",7,10397,44,15,46.79545454545455,906.0,"[(DL,14689,906.00),(WN,10693,159.00),(DL,12197,143.00),(WN,14492,90.00),(WN,12451,88.00),(WN,13495,87.00),(WN,11697,74.00),(AA,13303,50.00),(DL,11109,47.00),(DL,11638,44.00),(DL,14492,44.00),(DL,13342,38.00),(DL,10821,36.00),(OO,14696,35.00),(DL,11057,31.00)]"
"2025-01-06 19:00:00",8,11292,48,15,25.791666666666668,200.0,"[(UA,12889,200.00),(UA,14698,110.00),(UA,14747,103.00),(UA,12441,82.00),(OO,11097,81.00),(UA,11921,63.00),(WN,11259,63.00),(F9,12889,57.00),(UA,15376,46.00),(WN,10849,44.00),(UA,12892,43.00),(OO,10279,42.00),(WN,14831,40.00),(UA,14679,39.00),(UA,10849,32.00)]"
"2025-01-06 19:00:00",9,11292,35,12,23.885714285714286,110.0,"[(UA,14698,110.00),(UA,12441,82.00),(OO,11097,81.00),(UA,11921,63.00),(WN,11259,63.00),(F9,12889,57.00),(UA,15376,46.00),(WN,10849,44.00),(UA,12892,43.00),(OO,10279,42.00),(WN,14831,40.00),(UA,10849,32.00)]"
"2025-01-06 19:00:00",10,12892,37,8,21.27027027027027,303.0,"[(UA,11292,303.00),(OO,11603,110.00),(WN,14771,94.00),(OO,14107,93.00),(UA,14747,83.00),(NK,14831,80.00),(OO,14570,54.00),(DL,14747,31.00)]"
"2025-01-06 20:00:00",1,13930,33,18,86.6969696969697,740.0,"[(UA,14057,740.00),(OO,12559,720.00),(UA,13198,263.00),(UA,11003,142.00),(UA,12953,109.00),(YX,11433,105.00),(UA,10423,93.00),(AA,10423,90.00),(UA,13244,74.00),(UA,11292,62.00),(UA,11423,52.00),(UA,13230,49.00),(UA,10849,48.00),(OO,15919,43.00),(AA,12889,37.00),(NK,12892,37.00),(AA,11042,35.00),(UA,14869,34.00)]"
"2025-01-06 20:00:00",1,13930,63,33,78.38095238095238,864.0,"[(OO,10693,864.00),(UA,14057,740.00),(OO,12559,720.00),(NK,13204,294.00),(UA,13198,263.00),(UA,11003,142.00),(UA,13495,133.00),(UA,12953,109.00),(YX,11433,105.00),(UA,10423,93.00),(AA,10423,90.00),(UA,12266,81.00),(UA,13244,74.00),(AA,11986,73.00),(OO,13244,67.00),(UA,11292,62.00),(OO,11775,60.00),(UA,14771,57.00),(MQ,11066,54.00),(UA,11423,52.00)]"
"2025-01-06 20:00:00",1,13930,44,25,79.97727272727273,740.0,"[(UA,14057,740.00),(OO,12559,720.00),(NK,13204,294.00),(UA,13198,263.00),(UA,11003,142.00),(UA,12953,109.00),(YX,11433,105.00),(UA,10423,93.00),(AA,10423,90.00),(UA,13244,74.00),(UA,11292,62.00),(OO,11775,60.00),(UA,14771,57.00),(MQ,11066,54.00),(UA,11423,52.00),(UA,13230,49.00),(UA,10849,48.00),(OO,10980,47.00),(OO,15919,43.00),(UA,13871,43.00)]"
"2025-01-06 20:00:00",2,11292,33,17,32.484848484848484,91.0,"[(F9,13930,91.00),(WN,14057,85.00),(UA,13871,84.00),(OO,11775,68.00),(WN,13198,67.00),(OO,12992,65.00),(WN,10713,65.00),(WN,11884,56.00),(UA,15370,53.00),(WN,14771,48.00),(WN,14107,43.00),(WN,14747,43.00),(UA,13930,41.00),(WN,12889,40.00),(WN,14893,40.00),(WN,13796,34.00),(OO,11315,33.00)]"
"2025-01-06 20:00:00",2,11292,53,26,31.339622641509433,149.0,"[(OO,11865,149.00),(F9,13930,91.00),(WN,14057,85.00),(UA,13871,84.00),(OO,11775,68.00),(WN,13198,67.00),(OO,12992,65.00),(WN,10713,65.00),(UA,14457,64.00),(OO,16869,63.00),(WN,11884,56.00),(UA,15370,53.00),(OO,14869,51.00),(WN,14771,48.00),(WN,13891,47.00),(WN,15370,46.00),(WN,14869,46.00),(WN,14107,43.00),(WN,14747,43.00),(UA,13930,41.00)]"
"2025-01-06 20:00:00",2,11292,52,25,30.692307692307693,149.0,"[(OO,11865,149.00),(F9,13930,91.00),(WN,14057,85.00),(UA,13871,84.00),(OO,11775,68.00),(WN,13198,67.00),(OO,12992,65.00),(UA,14457,64.00),(OO,16869,63.00),(WN,11884,56.00),(UA,15370,53.00),(OO,14869,51.00),(WN,14771,48.00),(WN,13891,47.00),(WN,15370,46.00),(WN,14869,46.00),(WN,14107,43.00),(WN,14747,43.00),(UA,13930,41.00),(WN,12889,40.00)]"
"2025-01-06 20:00:00",3,13930,30,15,69.23333333333333,864.0,"[(OO,10693,864.00),(NK,13204,294.00),(UA,13495,133.00),(UA,12266,81.00),(AA,11986,73.00),(OO,13244,67.00),(OO,11775,60.00),(UA,14771,57.00),(MQ,11066,54.00),(AA,13871,52.00),(UA,12889,48.00),(OO,10980,47.00),(UA,13871,43.00),(UA,14893,38.00),(UA,14570,33.00)]"
"2025-01-06 20:00:00",3,13930,44,25,79.97727272727273,740.0,"[(UA,14057,740.00),(OO,12559,720.00),(NK,13204,294.00),(UA,13198,263.00),(UA,11003,142.00),(UA,12953,109.00),(YX,11433,105.00),(UA,10423,93.00),(AA,10423,90.00),(UA,13244,74.00),(UA,11292,62.00),(OO,11775,60.00),(UA,14771,57.00),(MQ,11066,54.00),(UA,11423,52.00),(UA,13230,49.00),(UA,10849,48.00),(OO,10980,47.00),(OO,15919,43.00),(UA,13871,43.00)]"
"2025-01-06 20:00:00",3,11298,53,19,51.16981132075472,678.0,"[(AA,10423,678.00),(F9,13930,267.00),(F9,11193,197.00),(AA,10561,156.00),(AA,13485,150.00),(AA,14683,127.00),(AA,15304,118.00),(AA,11057,112.00),(AA,14107,92.00),(AA,14100,86.00),(AA,11066,86.00),(AA,13303,64.00),(AA,13851,62.00),(AA,11540,52.00),(AA,12889,47.00),(AA,14771,45.00),(AA,10140,38.00),(MQ,15919,37.00),(AA,14831,32.00)]"
"2025-01-06 20:00:00",4,11057,30,11,41.5,274.0,"[(OH,10874,274.00),(OH,11823,240.00),(OH,11953,139.00),(OH,15412,131.00),(AA,15370,129.00),(OH,13931,71.00),(OH,11973,37.00),(AA,11298,37.00),(OH,11193,35.00),(OH,11267,34.00),(OH,12197,32.00)]"
"2025-01-06 20:00:00",4,11298,53,19,51.16981132075472,678.0,"[(AA,10423,678.00),(F9,13930,267.00),(F9,11193,197.00),(AA,10561,156.00),(AA,13485,150.00),(AA,14683,127.00),(AA,15304,118.00),(AA,11057,112.00),(AA,14107,92.00),(AA,14100,86.00),(AA,11066,86.00),(AA,13303,64.00),(AA,13851,62.00),(AA,11540,52.00),(AA,12889,47.00),(AA,14771,45.00),(AA,10140,38.00),(MQ,15919,37.00),(AA,14831,32.00)]"
"2025-01-06 20:00:00",4,12266,34,12,35.8235294117647,168.0,"[(UA,14893,168.00),(UA,13871,164.00),(UA,11996,117.00),(UA,14683,109.00),(UA,12264,59.00),(UA,11193,55.00),(UA,10693,49.00),(UA,10140,48.00),(UA,13891,44.00),(UA,11618,42.00),(F9,11292,31.00),(UA,14057,31.00)]"
"2025-01-06 20:00:00",5,13930,33,18,86.6969696969697,740.0,"[(UA,14057,740.00),(OO,12559,720.00),(UA,13198,263.00),(UA,11003,142.00),(UA,12953,109.00),(YX,11433,105.00),(UA,10423,93.00),(AA,10423,90.00),(UA,13244,74.00),(UA,11292,62.00),(UA,11423,52.00),(UA,13230,49.00),(UA,10849,48.00),(OO,15919,43.00),(AA,12889,37.00),(NK,12892,37.00),(AA,11042,35.00),(UA,14869,34.00)]"
"2025-01-06 20:00:00",5,11057,41,11,25.48780487804878,230.0,"[(OH,15624,230.00),(OH,10208,148.00),(AA,15370,129.00),(MQ,14783,126.00),(OH,13931,71.00),(AA,14122,47.00),(F9,12266,43.00),(OH,11973,37.00),(OH,10868,36.00),(AA,13930,35.00),(OH,11193,35.00)]"
"2025-01-06 20:00:00",6,11057,57,18,35.10526315789474,274.0,"[(OH,10874,274.00),(OH,11823,240.00),(OH,15624,230.00),(OH,10208,148.00),(OH,11953,139.00),(OH,15412,131.00),(AA,15370,129.00),(MQ,14783,126.00),(OH,13931,71.00),(AA,14122,47.00),(F9,12266,43.00),(OH,11973,37.00),(AA,11298,37.00),(OH,10868,36.00),(AA,13930,35.00),(OH,11193,35.00),(OH,11267,34.00),(OH,12197,32.00)]"
"2025-01-06 20:00:00",7,11298,38,14,57.73684210526316,678.0,"[(AA,10423,678.00),(F9,13930,267.00),(AA,10561,156.00),(AA,13485,150.00),(AA,14683,127.00),(AA,15304,118.00),(AA,11057,112.00),(AA,14107,92.00),(AA,14100,86.00),(AA,13303,64.00),(AA,11540,52.00),(AA,10140,38.00),(MQ,15919,37.00),(AA,14831,32.00)]"
"2025-01-06 20:00:00",8,12266,34,12,35.8235294117647,168.0,"[(UA,14893,168.00),(UA,13871,164.00),(UA,11996,117.00),(UA,14683,109.00),(UA,12264,59.00),(UA,11193,55.00),(UA,10693,49.00),(UA,10140,48.00),(UA,13891,44.00),(UA,11618,42.00),(F9,11292,31.00),(UA,14057,31.00)]"
"2025-01-06 20:00:00",9,11057,41,11,25.48780487804878,230.0,"[(OH,15624,230.00),(OH,10208,148.00),(AA,15370,129.00),(MQ,14783,126.00),(OH,13931,71.00),(AA,14122,47.00),(F9,12266,43.00),(OH,11973,37.00),(OH,10868,36.00),(AA,13930,35.00),(OH,11193,35.00)]"
"2025-01-06 21:00:00",1,11298,50,19,50.36,971.0,"[(F9,13232,971.00),(AA,10599,235.00),(AA,11540,130.00),(MQ,13377,105.00),(OH,11973,84.00),(MQ,10279,81.00),(AA,14893,76.00),(AA,12266,73.00),(AA,13256,73.00),(OH,12217,65.00),(AA,11003,63.00),(AA,12889,56.00),(F9,12889,48.00),(AA,15370,45.00),(AA,13871,45.00),(AA,13891,41.00),(OO,10185,34.00),(MQ,11867,32.00),(AA,13495,31.00)]"
"2025-01-06 21:00:00",1,13930,30,15,34.833333333333336,93.0,"[(UA,12264,93.00),(UA,11292,85.00),(AA,13198,78.00),(OO,15048,67.00),(UA,11292,65.00),(OO,13342,65.00),(AA,11292,65.00),(UA,11618,57.00),(UA,10721,56.00),(AA,14771,50.00),(MQ,11637,49.00),(UA,13485,44.00),(UA,12892,40.00),(AA,13487,40.00),(AA,14679,34.00)]"
"2025-01-06 21:00:00",2,13930,30,15,34.833333333333336,93.0,"[(UA,12264,93.00),(UA,11292,85.00),(AA,13198,78.00),(OO,15048,67.00),(UA,11292,65.00),(OO,13342,65.00),(AA,11292,65.00),(UA,11618,57.00),(UA,10721,56.00),(AA,14771,50.00),(MQ,11637,49.00),(UA,13485,44.00),(UA,12892,40.00),(AA,13487,40.00),(AA,14679,34.00)]"
"2025-01-06 21:00:00",2,11298,35,11,28.428571428571427,235.0,"[(AA,10599,235.00),(MQ,10279,81.00),(AA,14893,76.00),(AA,12266,73.00),(AA,13256,73.00),(OH,12217,65.00),(AA,12889,56.00),(F9,12889,48.00),(AA,15370,45.00),(AA,13891,41.00),(AA,13495,31.00)]"
"2025-01-06 21:00:00",3,13303,33,5,14.454545454545455,113.0,"[(UA,11292,113.00),(AA,11057,74.00),(AA,14100,59.00),(AA,10821,47.00),(AA,10693,31.00)]"
"2025-01-06 22:00:00",1,10397,32,4,34.6875,640.0,"[(F9,10721,640.00),(F9,13232,242.00),(DL,12448,69.00),(DL,14685,37.00)]"
"2025-01-06 22:00:00",1,11057,49,22,53.55102040816327,511.0,"[(AA,11066,511.00),(AA,13244,261.00),(OH,12992,165.00),(OH,10781,147.00),(OH,12217,141.00),(OH,10980,120.00),(OH,10868,120.00),(AA,10257,110.00),(OH,12945,92.00),(OH,13931,90.00),(AA,12339,80.00),(OH,10135,72.00),(AA,14685,59.00),(AA,11697,58.00),(AA,14635,56.00),(AA,14492,55.00),(OH,10599,54.00),(AA,10434,51.00),(AA,11986,50.00),(OH,15249,48.00)]"
"2025-01-06 22:00:00",1,11057,39,16,51.333333333333336,511.0,"[(AA,11066,511.00),(AA,13244,261.00),(OH,12217,141.00),(OH,10980,120.00),(OH,10868,120.00),(AA,10257,110.00),(OH,13931,90.00),(AA,12339,80.00),(OH,10135,72.00),(AA,14635,56.00),(AA,14492,55.00),(OH,10599,54.00),(AA,11986,50.00),(OH,15249,48.00),(AA,14576,43.00),(OH,10208,41.00)]"
"2025-01-06 22:00:00",2,11057,32,14,55.21875,511.0,"[(AA,11066,511.00),(AA,13244,261.00),(OH,12217,141.00),(OH,10980,120.00),(AA,10257,110.00),(OH,13931,90.00),(AA,12339,80.00),(OH,10135,72.00),(AA,14492,55.00),(OH,10599,54.00),(AA,11986,50.00),(OH,15249,48.00),(AA,14576,43.00),(OH,10208,41.00)]"
"2025-01-06 22:00:00",2,11298,42,13,38.785714285714285,387.0,"[(AA,13256,387.00),(AA,12889,221.00),(AA,15376,140.00),(F9,14107,127.00),(AA,14869,102.00),(AA,14747,81.00),(AA,13851,75.00),(AA,14107,73.00),(MQ,11778,66.00),(AA,11109,63.00),(AA,12266,53.00),(MQ,13061,43.00),(OO,12891,37.00)]"
"2025-01-06 22:00:00",3,11298,42,13,38.785714285714285,387.0,"[(AA,13256,387.00),(AA,12889,221.00),(AA,15376,140.00),(F9,14107,127.00),(AA,14869,102.00),(AA,14747,81.00),(AA,13851,75.00),(AA,14107,73.00),(MQ,11778,66.00),(AA,11109,63.00),(AA,12266,53.00),(MQ,13061,43.00),(OO,12891,37.00)]"
"2025-01-06 22:00:00",3,10397,37,9,37.78378378378378,640.0,"[(F9,10721,640.00),(F9,13232,242.00),(OO,10980,128.00),(DL,15412,67.00),(F9,11193,58.00),(DL,12264,57.00),(DL,10721,54.00),(DL,11066,47.00),(DL,11433,43.00)]"
"2025-01-06 22:00:00",4,10397,55,11,29.29090909090909,640.0,"[(F9,10721,640.00),(F9,13232,242.00),(OO,10980,128.00),(DL,12448,69.00),(DL,15412,67.00),(F9,11193,58.00),(DL,12264,57.00),(DL,10721,54.00),(DL,11066,47.00),(DL,11433,43.00),(DL,14685,37.00)]"
"2025-01-07 06:00:00",1,12953,32,1,-1.59375,35.0,"[(YX,13930,35.00)]"
"2025-01-07 07:00:00",1,12892,30,2,1.7,127.0,"[(UA,11292,127.00),(DL,10397,49.00)]"
"2025-01-07 07:00:00",2,13204,30,0,-1.6333333333333333,18.0,[]
"2025-01-07 08:00:00",1,10397,37,3,10.216216216216216,165.0,"[(DL,10693,165.00),(DL,11193,73.00),(DL,13303,53.00)]"
"2025-01-07 08:00:00",1,11298,44,3,6.613636363636363,184.0,"[(AA,14107,184.00),(AA,13303,120.00),(AA,12892,52.00)]"
"2025-01-07 08:00:00",1,11298,36,2,4.305555555555555,43.0,"[(AA,14908,43.00),(AA,14057,42.00)]"
"2025-01-07 08:00:00",1,11433,37,3,19.0,400.0,"[(OO,14150,400.00),(OO,13871,195.00),(UA,12266,119.00)]"
"2025-01-07 08:00:00",1,11298,62,4,5.129032258064516,184.0,"[(AA,14107,184.00),(AA,13303,120.00),(AA,12892,52.00),(AA,14057,42.00)]"
"2025-01-07 08:00:00",2,11298,31,3,9.483870967741936,184.0,"[(AA,14107,184.00),(AA,13303,120.00),(AA,12892,52.00)]"
"2025-01-07 08:00:00",2,11298,44,3,6.613636363636363,184.0,"[(AA,14107,184.00),(AA,13303,120.00),(AA,12892,52.00)]"
"2025-01-07 08:00:00",2,11433,37,3,19.0,400.0,"[(OO,14150,400.00),(OO,13871,195.00),(UA,12266,119.00)]"
"2025-01-07 08:00:00",3,10397,39,3,9.435897435897436,165.0,"[(DL,10693,165.00),(DL,11193,73.00),(DL,13303,53.00)]"
"2025-01-07 08:00:00",3,14771,34,3,1.1176470588235294,98.0,"[(UA,13303,98.00),(UA,11292,52.00),(AS,11278,34.00)]"
"2025-01-07 08:00:00",3,10397,46,3,4.478260869565218,73.0,"[(DL,11193,73.00),(DL,13303,53.00),(DL,13930,34.00)]"
"2025-01-07 08:00:00",4,11298,49,2,3.1020408163265305,43.0,"[(AA,14908,43.00),(AA,14057,42.00)]"
"2025-01-07 08:00:00",4,12892,38,3,-0.2894736842105263,58.0,"[(F9,11292,58.00),(UA,13830,44.00),(F9,14771,35.00)]"
"2025-01-07 08:00:00",4,14771,34,3,1.1176470588235294,98.0,"[(UA,13303,98.00),(UA,11292,52.00),(AS,11278,34.00)]"
"2025-01-07 08:00:00",5,11298,43,2,2.6511627906976742,43.0,"[(AA,14908,43.00),(AA,14057,42.00)]"
"2025-01-07 08:00:00",5,12889,35,2,3.8285714285714287,121.0,"[(G4,12339,121.00),(WN,11292,105.00)]"
"2025-01-07 08:00:00",5,12892,43,3,-0.6744186046511628,58.0,"[(F9,11292,58.00),(UA,13830,44.00),(F9,14771,35.00)]"
"2025-01-07 08:00:00",6,13930,38,0,-2.0789473684210527,12.0,[]
"2025-01-07 08:00:00",6,13930,52,2,0.5192307692307693,43.0,"[(AA,11057,43.00),(AA,11298,34.00)]"
"2025-01-07 08:00:00",6,12889,35,2,3.8285714285714287,121.0,"[(G4,12339,121.00),(WN,11292,105.00)]"
"2025-01-07 08:00:00",7,13930,56,2,0.6964285714285714,43.0,"[(AA,11057,43.00),(AA,11298,34.00)]"
"2025-01-07 08:00:00",8,14107,31,1,-1.2580645161290323,41.0,"[(UA,11292,41.00)]"
"2025-01-07 09:00:00",1,11292,45,16,28.8,199.0,"[(OO,11775,199.00),(UA,10821,198.00),(OO,11413,195.00),(UA,10693,67.00),(UA,12889,62.00),(UA,15304,57.00),(WN,11884,54.00),(UA,15412,47.00),(OO,14457,42.00),(UA,11298,37.00),(UA,10721,35.00),(WN,15016,34.00),(UA,11986,34.00),(WN,14107,33.00),(WN,14893,32.00),(WN,13204,31.00)]"
"2025-01-07 09:00:00",1,11292,34,12,33.23529411764706,199.0,"[(OO,11775,199.00),(OO,11413,195.00),(OO,11122,115.00),(UA,12953,80.00),(AA,11298,71.00),(UA,12889,62.00),(WN,11884,54.00),(WN,15304,50.00),(OO,14457,42.00),(UA,11298,37.00),(WN,12889,36.00),(WN,14893,32.00)]"
"2025-01-07 09:00:00",1,11292,51,18,31.862745098039216,199.0,"[(OO,11775,199.00),(UA,10821,198.00),(OO,11413,195.00),(OO,11122,115.00),(UA,12953,80.00),(AA,11298,71.00),(UA,10693,67.00),(UA,12889,62.00),(WN,11884,54.00),(WN,15304,50.00),(UA,15412,47.00),(OO,14457,42.00),(UA,11298,37.00),(WN,12889,36.00),(UA,10721,35.00),(WN,15016,34.00),(WN,14893,32.00),(WN,13204,31.00)]"
"2025-01-07 09:00:00",1,11292,61,21,28.852459016393443,199.0,"[(OO,11775,199.00),(UA,10821,198.00),(OO,11413,195.00),(OO,11122,115.00),(UA,12953,80.00),(AA,11298,71.00),(UA,10693,67.00),(UA,12889,62.00),(UA,15304,57.00),(WN,11884,54.00),(WN,15304,50.00),(UA,15412,47.00),(OO,14457,42.00),(UA,11298,37.00),(WN,12889,36.00),(UA,10721,35.00),(WN,15016,34.00),(UA,11986,34.00),(WN,14107,33.00),(WN,14893,32.00)]"
"2025-01-07 09:00:00",2,10397,35,7,10.857142857142858,80.0,"[(DL,14747,80.00),(F9,12953,67.00),(WN,11259,46.00),(DL,11624,44.00),(F9,14107,39.00),(DL,13577,37.00),(DL,13204,34.00)]"
"2025-01-07 09:00:00",2,13930,31,6,12.35483870967742,169.0,"[(OO,15041,169.00),(OO,11109,96.00),(OO,14108,59.00),(UA,14683,39.00),(UA,12441,35.00),(MQ,13487,31.00)]"
"2025-01-07 09:00:00",2,11292,34,12,33.23529411764706,199.0,"[(OO,11775,199.00),(OO,11413,195.00),(OO,11122,115.00),(UA,12953,80.00),(AA,11298,71.00),(UA,12889,62.00),(WN,11884,54.00),(WN,15304,50.00),(OO,14457,42.00),(UA,11298,37.00),(WN,12889,36.00),(WN,14893,32.00)]"
"2025-01-07 09:00:00",2,10397,51,9,15.627450980392156,270.0,"[(OO,11641,270.00),(DL,14747,80.00),(F9,12953,67.00),(UA,12264,59.00),(WN,11259,46.00),(DL,11624,44.00),(F9,14107,39.00),(DL,13577,37.00),(DL,13204,34.00)]"
"2025-01-07 09:00:00",3,13930,31,3,4.096774193548387,96.0,"[(OO,11109,96.00),(OO,15016,48.00),(UA,14683,39.00)]"
"2025-01-07 09:00:00",3,10397,48,9,16.979166666666668,270.0,"[(OO,11641,270.00),(DL,14747,80.00),(F9,12953,67.00),(UA,12264,59.00),(WN,11259,46.00),(DL,11624,44.00),(F9,14107,39.00),(DL,13577,37.00),(DL,13204,34.00)]"
"2025-01-07 09:00:00",3,13930,51,7,8.137254901960784,169.0,"[(OO,15041,169.00),(OO,11109,96.00),(OO,14108,59.00),(OO,15016,48.00),(UA,14683,39.00),(UA,12441,35.00),(MQ,13487,31.00)]"
"2025-01-07 09:00:00",4,11057,31,2,4.870967741935484,149.0,"[(OH,11146,149.00),(NK,12953,57.00)]"
"2025-01-07 09:00:00",4,13930,43,7,10.255813953488373,169.0,"[(OO,15041,169.00),(OO,11109,96.00),(OO,14108,59.00),(OO,15016,48.00),(UA,14683,39.00),(UA,12441,35.00),(MQ,13487,31.00)]"
"2025-01-07 09:00:00",4,11057,45,3,3.488888888888889,149.0,"[(OH,11146,149.00),(AA,14193,61.00),(NK,12953,57.00)]"
"2025-01-07 09:00:00",5,14107,40,2,4.425,115.0,"[(F9,11292,115.00),(WN,11292,75.00)]"
"2025-01-07 09:00:00",5,13930,31,6,12.35483870967742,169.0,"[(OO,15041,169.00),(OO,11109,96.00),(OO,14108,59.00),(UA,14683,39.00),(UA,12441,35.00),(MQ,13487,31.00)]"
"2025-01-07 09:00:00",5,14107,50,2,3.26,115.0,"[(F9,11292,115.00),(WN,11292,75.00)]"
"2025-01-07 09:00:00",6,12892,36,1,4.638888888888889,102.0,"[(OO,15370,102.00)]"
"2025-01-07 09:00:00",6,11057,44,3,3.4545454545454546,149.0,"[(OH,11146,149.00),(AA,14193,61.00),(NK,12953,57.00)]"
"2025-01-07 09:00:00",6,12892,30,1,1.9666666666666666,45.0,"[(WN,11292,45.00)]"
"2025-01-07 09:00:00",7,14107,47,2,3.6808510638297873,115.0,"[(F9,11292,115.00),(WN,11292,75.00)]"
"2025-01-07 10:00:00",1,11292,38,12,27.710526315789473,97.0,"[(UA,11003,97.00),(WN,14635,93.00),(WN,10821,88.00),(UA,14100,86.00),(WN,14831,74.00),(UA,13871,71.00),(WN,10800,66.00),(WN,12953,55.00),(WN,14771,55.00),(F9,14107,54.00),(WN,11259,45.00),(UA,13303,36.00)]"
"2025-01-07 10:00:00",1,13930,30,8,20.066666666666666,123.0,"[(MQ,12278,123.00),(UA,10397,107.00),(YX,12478,96.00),(OO,14122,77.00),(UA,11042,71.00),(MQ,11067,63.00),(UA,14986,37.00),(OO,10874,34.00)]"
"2025-01-07 10:00:00",1,11292,36,15,40.416666666666664,152.0,"[(OO,13851,152.00),(OO,11996,142.00),(OO,10627,109.00),(UA,10397,104.00),(UA,11003,97.00),(WN,14635,93.00),(WN,10821,88.00),(WN,14831,74.00),(UA,13871,71.00),(WN,10800,66.00),(WN,12953,55.00),(WN,14771,55.00),(F9,14107,54.00),(WN,14747,47.00),(UA,14771,31.00)]"
"2025-01-07 10:00:00",1,11292,48,18,35.479166666666664,152.0,"[(OO,13851,152.00),(OO,11996,142.00),(OO,10627,109.00),(UA,10397,104.00),(UA,11003,97.00),(WN,14635,93.00),(WN,10821,88.00),(UA,14100,86.00),(WN,14831,74.00),(UA,13871,71.00),(WN,10800,66.00),(WN,12953,55.00),(WN,14771,55.00),(F9,14107,54.00),(WN,14747,47.00),(WN,11259,45.00),(UA,13303,36.00),(UA,14771,31.00)]"
"2025-01-07 10:00:00",2,10397,38,5,16.394736842105264,317.0,"[(OO,11823,317.00),(DL,12892,56.00),(DL,11697,49.00),(F9,11292,36.00),(DL,14100,34.00)]"
"2025-01-07 10:00:00",2,11298,39,5,7.589743589743589,85.0,"[(AA,10721,85.00),(AA,14057,69.00),(OH,11423,60.00),(AA,15304,37.00),(MQ,11140,34.00)]"
"2025-01-07 10:00:00",2,13930,42,9,18.738095238095237,123.0,"[(MQ,12278,123.00),(DL,12953,108.00),(UA,10397,107.00),(YX,12478,96.00),(OO,14122,77.00),(UA,11042,71.00),(MQ,11067,63.00),(UA,14986,37.00),(OO,10874,34.00)]"
"2025-01-07 10:00:00",2,13930,54,9,14.981481481481481,123.0,"[(MQ,12278,123.00),(DL,12953,108.00),(UA,10397,107.00),(YX,12478,96.00),(OO,14122,77.00),(UA,11042,71.00),(MQ,11067,63.00),(UA,14986,37.00),(OO,10874,34.00)]"
"2025-01-07 10:00:00",3,13930,39,5,13.256410256410257,123.0,"[(MQ,12278,123.00),(DL,12953,108.00),(OO,14122,77.00),(UA,11042,71.00),(OO,10874,34.00)]"
"2025-01-07 10:00:00",3,13930,54,9,14.981481481481481,123.0,"[(MQ,12278,123.00),(DL,12953,108.00),(UA,10397,107.00),(YX,12478,96.00),(OO,14122,77.00),(UA,11042,71.00),(MQ,11067,63.00),(UA,14986,37.00),(OO,10874,34.00)]"
"2025-01-07 10:00:00",3,11298,68,7,5.926470588235294,85.0,"[(AA,10721,85.00),(AA,14057,69.00),(OH,11423,60.00),(AA,12953,43.00),(AA,15304,37.00),(MQ,11140,34.00),(AA,13931,34.00)]"
"2025-01-07 10:00:00",4,11298,48,4,4.770833333333333,69.0,"[(AA,14057,69.00),(OH,11423,60.00),(AA,12953,43.00),(AA,13931,34.00)]"
"2025-01-07 10:00:00",4,13930,30,8,20.066666666666666,123.0,"[(MQ,12278,123.00),(UA,10397,107.00),(YX,12478,96.00),(OO,14122,77.00),(UA,11042,71.00),(MQ,11067,63.00),(UA,14986,37.00),(OO,10874,34.00)]"
"2025-01-07 10:00:00",4,11278,30,5,20.5,199.0,"[(OH,15096,199.00),(AA,14107,146.00),(OH,10529,54.00),(YX,10693,38.00),(YX,12953,31.00)]"
"2025-01-07 10:00:00",5,11298,54,6,5.981481481481482,85.0,"[(AA,10721,85.00),(AA,14057,69.00),(OH,11423,60.00),(AA,15304,37.00),(MQ,11140,34.00),(AA,13931,34.00)]"
"2025-01-07 10:00:00",5,12889,31,5,8.935483870967742,63.0,"[(WN,15016,63.00),(WN,12892,61.00),(WN,15304,60.00),(UA,11618,58.00),(WN,11292,45.00)]"
"2025-01-07 10:00:00",6,11298,39,5,7.589743589743589,85.0,"[(AA,10721,85.00),(AA,14057,69.00),(OH,11423,60.00),(AA,15304,37.00),(MQ,11140,34.00)]"
"2025-01-07 10:00:00",6,10397,38,4,14.947368421052632,365.0,"[(OH,11278,365.00),(DL,12892,56.00),(F9,11292,36.00),(DL,14100,34.00)]"
"2025-01-07 10:00:00",7,11433,33,4,10.93939393939394,240.0,"[(DL,12953,240.00),(OO,12335,145.00),(DL,10529,69.00),(OO,14524,34.00)]"
"2025-01-07 10:00:00",8,12892,31,2,8.258064516129032,276.0,"[(OO,10372,276.00),(NK,11298,45.00)]"
"2025-01-07 11:00:00",1,11292,38,25,65.3157894736842,294.0,"[(OO,12012,294.00),(OO,15041,202.00),(UA,14908,202.00),(UA,13930,158.00),(OO,11122,127.00),(UA,11540,121.00),(OO,14457,101.00),(WN,10423,91.00),(F9,14679,88.00),(WN,11986,88.00),(OO,11097,72.00),(OO,13264,71.00),(OO,12280,70.00),(WN,14908,68.00),(WN,10693,64.00),(UA,13891,59.00),(WN,14869,57.00),(UA,14262,56.00),(OO,13158,55.00),(UA,12441,54.00)]"
"2025-01-07 11:00:00",1,11292,50,34,69.9,294.0,"[(OO,12012,294.00),(WN,13232,204.00),(OO,15041,202.00),(UA,14908,202.00),(UA,13930,158.00),(OO,10599,134.00),(OO,12003,131.00),(OO,16869,129.00),(OO,11122,127.00),(OO,10372,123.00),(OO,13433,109.00),(OO,11638,109.00),(WN,11638,108.00),(OO,13476,107.00),(WN,11986,88.00),(OO,14674,84.00),(OO,14252,84.00),(OO,13264,71.00),(OO,12280,70.00),(WN,14908,68.00)]"
"2025-01-07 11:00:00",1,11292,86,56,61.95348837209303,294.0,"[(OO,12012,294.00),(WN,13232,204.00),(OO,15041,202.00),(UA,14908,202.00),(UA,11413,197.00),(UA,13930,158.00),(OO,10599,134.00),(OO,12003,131.00),(OO,16869,129.00),(OO,11122,127.00),(OO,10372,123.00),(UA,11540,121.00),(OO,13433,109.00),(OO,11638,109.00),(WN,11638,108.00),(OO,13476,107.00),(OO,14457,101.00),(WN,10423,91.00),(WN,14683,90.00),(WN,14492,90.00)]"
"2025-01-07 11:00:00",2,10397,44,4,6.545454545454546,60.0,"[(DL,12448,60.00),(DL,14771,46.00),(UA,11618,45.00),(DL,12953,34.00)]"
"2025-01-07 11:00:00",2,11292,36,22,50.916666666666664,197.0,"[(UA,11413,197.00),(UA,11540,121.00),(OO,14457,101.00),(WN,10423,91.00),(WN,14683,90.00),(WN,14492,90.00),(F9,14679,88.00),(UA,13486,87.00),(UA,11648,77.00),(WN,13495,76.00),(OO,11097,72.00),(UA,11109,68.00),(WN,10693,64.00),(DL,12953,62.00),(UA,13502,57.00),(OO,13158,55.00),(UA,12441,54.00),(UA,12892,48.00),(AA,14107,45.00),(WN,15016,44.00)]"
"2025-01-07 11:00:00",2,11292,57,35,60.43859649122807,294.0,"[(OO,12012,294.00),(OO,15041,202.00),(UA,14908,202.00),(UA,11413,197.00),(UA,13930,158.00),(OO,11122,127.00),(UA,11540,121.00),(OO,14457,101.00),(WN,10423,91.00),(WN,14683,90.00),(WN,14492,90.00),(F9,14679,88.00),(WN,11986,88.00),(UA,13486,87.00),(UA,11648,77.00),(WN,13495,76.00),(OO,11097,72.00),(OO,13264,71.00),(OO,12280,70.00),(UA,11109,68.00)]"
"2025-01-07 11:00:00",2,11298,36,10,16.444444444444443,95.0,"[(AA,13871,95.00),(AA,14492,73.00),(MQ,12945,59.00),(AA,12173,56.00),(OO,14588,51.00),(UA,11292,51.00),(AA,12953,47.00),(AA,13830,46.00),(OH,10994,34.00),(NK,12953,33.00)]"
"2025-01-07 11:00:00",3,11057,39,2,4.333333333333333,153.0,"[(OH,15624,153.00),(OH,13577,38.00)]"
"2025-01-07 11:00:00",3,10397,31,3,6.064516129032258,48.0,"[(NK,13495,48.00),(DL,14771,46.00),(UA,11618,45.00)]"
"2025-01-07 11:00:00",3,11292,36,22,50.916666666666664,197.0,"[(UA,11413,197.00),(UA,11540,121.00),(OO,14457,101.00),(WN,10423,91.00),(WN,14683,90.00),(WN,14492,90.00),(F9,14679,88.00),(UA,13486,87.00),(UA,11648,77.00),(WN,13495,76.00),(OO,11097,72.00),(UA,11109,68.00),(WN,10693,64.00),(DL,12953,62.00),(UA,13502,57.00),(OO,13158,55.00),(UA,12441,54.00),(UA,12892,48.00),(AA,14107,45.00),(WN,15016,44.00)]"
"2025-01-07 11:00:00",3,14747,31,6,10.451612903225806,109.0,"[(OO,11884,109.00),(OO,14057,74.00),(AS,12523,57.00),(DL,14107,54.00),(UA,13930,35.00),(AS,14107,34.00)]"
"2025-01-07 11:00:00",4,11057,33,1,4.121212121212121,153.0,"[(OH,15624,153.00)]"
"2025-01-07 11:00:00",4,14107,49,5,11.775510204081632,223.0,"[(OO,10713,223.00),(WN,14057,153.00),(WN,10140,51.00),(MQ,14698,49.00),(AA,14893,39.00)]"
"2025-01-07 11:00:00",5,14107,36,3,11.36111111111111,223.0,"[(OO,10713,223.00),(WN,10140,51.00),(AA,14893,39.00)]"
"2025-01-07 11:00:00",5,13930,31,3,8.129032258064516,119.0,"[(OO,10431,119.00),(OO,13931,75.00),(DL,10397,31.00)]"
"2025-01-07 11:00:00",6,13930,31,3,8.129032258064516,119.0,"[(OO,10431,119.00),(OO,13931,75.00),(DL,10397,31.00)]"
"2025-01-07 11:00:00",6,10397,31,3,6.064516129032258,48.0,"[(NK,13495,48.00),(DL,14771,46.00),(UA,11618,45.00)]"
"2025-01-07 11:00:00",7,10397,31,3,6.064516129032258,48.0,"[(NK,13495,48.00),(DL,14771,46.00),(UA,11618,45.00)]"
"2025-01-07 12:00:00",1,11298,51,5,9.92156862745098,168.0,"[(AA,13204,168.00),(AA,13303,130.00),(MQ,10431,89.00),(OH,11953,79.00),(OO,10372,46.00)]"
"2025-01-07 12:00:00",1,11298,31,4,9.903225806451612,130.0,"[(AA,13303,130.00),(DL,12953,84.00),(OO,10372,46.00),(OO,11980,44.00)]"
"2025-01-07 12:00:00",1,11298,67,7,9.522388059701493,168.0,"[(AA,13204,168.00),(AA,13303,130.00),(MQ,10431,89.00),(DL,12953,84.00),(OH,11953,79.00),(OO,10372,46.00),(OO,11980,44.00)]"
"2025-01-07 12:00:00",1,12266,31,7,19.129032258064516,124.0,"[(UA,13303,124.00),(UA,10721,102.00),(UA,11697,101.00),(UA,14908,99.00),(UA,11292,69.00),(UA,15016,44.00),(UA,14869,37.00)]"
"2025-01-07 12:00:00",2,10397,33,5,6.454545454545454,60.0,"[(DL,13930,60.00),(WN,12953,46.00),(DL,12892,45.00),(DL,12953,43.00),(DL,14027,31.00)]"
"2025-01-07 12:00:00",2,11298,36,3,9.194444444444445,168.0,"[(AA,13204,168.00),(MQ,10431,89.00),(OH,11953,79.00)]"
"2025-01-07 12:00:00",2,11298,65,6,8.538461538461538,168.0,"[(AA,13204,168.00),(AA,13303,130.00),(MQ,10431,89.00),(OH,11953,79.00),(OO,10372,46.00),(OO,11980,44.00)]"
"2025-01-07 12:00:00",2,11298,67,7,9.522388059701493,168.0,"[(AA,13204,168.00),(AA,13303,130.00),(MQ,10431,89.00),(DL,12953,84.00),(OH,11953,79.00),(OO,10372,46.00),(OO,11980,44.00)]"
"2025-01-07 12:00:00",3,11298,33,3,9.93939393939394,168.0,"[(AA,13204,168.00),(MQ,10431,89.00),(OH,11953,79.00)]"
"2025-01-07 12:00:00",3,11298,54,5,9.425925925925926,168.0,"[(AA,13204,168.00),(AA,13303,130.00),(MQ,10431,89.00),(OH,11953,79.00),(OO,10372,46.00)]"
"2025-01-07 12:00:00",3,12889,30,6,10.8,110.0,"[(WN,12954,110.00),(WN,11603,68.00),(AS,14747,66.00),(WN,13796,47.00),(AA,14107,38.00),(AA,11298,31.00)]"
"2025-01-07 12:00:00",4,10397,35,5,6.171428571428572,60.0,"[(DL,13930,60.00),(WN,12953,46.00),(DL,12892,45.00),(DL,12953,43.00),(DL,14027,31.00)]"
"2025-01-07 12:00:00",4,10397,38,5,5.2105263157894735,60.0,"[(DL,13930,60.00),(WN,12953,46.00),(DL,12892,45.00),(DL,12953,43.00),(DL,14027,31.00)]"
"2025-01-07 12:00:00",5,10397,37,5,5.486486486486487,60.0,"[(DL,13930,60.00),(WN,12953,46.00),(DL,12892,45.00),(DL,12953,43.00),(DL,14027,31.00)]"
"2025-01-07 12:00:00",5,13930,32,3,4.90625,65.0,"[(MQ,15016,65.00),(YX,12953,39.00),(OO,14783,35.00)]"
"2025-01-07 12:00:00",6,10397,38,5,5.2105263157894735,60.0,"[(DL,13930,60.00),(WN,12953,46.00),(DL,12892,45.00),(DL,12953,43.00),(DL,14027,31.00)]"
"2025-01-07 12:00:00",7,11298,36,3,9.194444444444445,168.0,"[(AA,13204,168.00),(MQ,10431,89.00),(OH,11953,79.00)]"
"2025-01-07 12:00:00",8,13930,31,3,5.225806451612903,65.0,"[(MQ,15016,65.00),(YX,12953,39.00),(OO,14783,35.00)]"
"2025-01-07 13:00:00",1,11292,50,28,43.32,186.0,"[(OO,14783,186.00),(UA,13502,132.00),(UA,11618,119.00),(WN,14107,110.00),(OO,12280,99.00),(OO,11122,87.00),(UA,14107,84.00),(WN,14831,81.00),(WN,11193,74.00),(OO,12892,67.00),(OO,12992,64.00),(UA,11298,57.00),(OO,12012,57.00),(OO,11315,57.00),(UA,13871,52.00),(UA,14679,49.00),(OO,11648,48.00),(OO,15370,44.00),(UA,12889,44.00),(UA,14683,43.00)]"
"2025-01-07 13:00:00",1,11292,38,27,50.421052631578945,174.0,"[(OO,15048,174.00),(UA,11618,119.00),(WN,14679,108.00),(OO,12280,99.00),(OO,12278,86.00),(WN,13342,79.00),(OO,11413,78.00),(WN,11193,74.00),(OO,12896,69.00),(OO,12892,67.00),(OO,10627,67.00),(OO,12992,64.00),(UA,10849,58.00),(UA,11298,57.00),(OO,12012,57.00),(OO,11315,57.00),(WN,13204,48.00),(UA,11423,46.00),(OO,15919,43.00),(UA,14771,43.00)]"
"2025-01-07 13:00:00",1,11292,48,28,44.833333333333336,186.0,"[(OO,14783,186.00),(UA,13502,132.00),(UA,11618,119.00),(WN,14107,110.00),(OO,12280,99.00),(OO,11122,87.00),(UA,14107,84.00),(WN,14831,81.00),(WN,11193,74.00),(OO,12892,67.00),(OO,12992,64.00),(UA,11298,57.00),(OO,12012,57.00),(OO,11315,57.00),(UA,13871,52.00),(UA,14679,49.00),(OO,11648,48.00),(UA,12889,44.00),(OO,15370,44.00),(UA,14683,43.00)]"
"2025-01-07 13:00:00",1,11292,68,42,47.38235294117647,186.0,"[(OO,14783,186.00),(OO,15048,174.00),(UA,13502,132.00),(UA,11618,119.00),(WN,14107,110.00),(WN,14679,108.00),(OO,12280,99.00),(OO,11122,87.00),(OO,12278,86.00),(UA,14107,84.00),(WN,14831,81.00),(WN,13342,79.00),(OO,11413,78.00),(WN,11193,74.00),(OO,12896,69.00),(OO,12892,67.00),(OO,10627,67.00),(OO,12992,64.00),(UA,10849,58.00),(UA,11298,57.00)]"
"2025-01-07 13:00:00",2,11292,30,15,43.53333333333333,186.0,"[(OO,14783,186.00),(UA,13502,132.00),(WN,14107,110.00),(OO,11122,87.00),(UA,14107,84.00),(WN,14831,81.00),(UA,13871,52.00),(UA,14679,49.00),(OO,11648,48.00),(OO,15370,44.00),(UA,12889,44.00),(UA,14683,43.00),(OO,14869,41.00),(UA,13303,34.00),(UA,12264,33.00)]"
"2025-01-07 13:00:00",2,11292,30,15,43.53333333333333,186.0,"[(OO,14783,186.00),(UA,13502,132.00),(WN,14107,110.00),(OO,11122,87.00),(UA,14107,84.00),(WN,14831,81.00),(UA,13871,52.00),(UA,14679,49.00),(OO,11648,48.00),(UA,12889,44.00),(OO,15370,44.00),(UA,14683,43.00),(OO,14869,41.00),(UA,13303,34.00),(UA,12264,33.00)]"
"2025-01-07 13:00:00",2,13930,35,4,11.714285714285714,135.0,"[(NK,11618,135.00),(OO,13342,122.00),(UA,14679,120.00),(UA,11298,60.00)]"
"2025-01-07 13:00:00",3,14107,32,4,9.875,137.0,"[(AA,11292,137.00),(WN,13796,78.00),(WN,12889,66.00),(WN,14771,50.00)]"
"2025-01-07 14:00:00",1,11298,51,8,14.568627450980392,132.0,"[(OO,12278,132.00),(DL,12953,128.00),(OH,12448,121.00),(MQ,11140,83.00),(OO,11111,81.00),(AA,12889,61.00),(AA,10397,49.00),(AA,10721,36.00)]"
"2025-01-07 14:00:00",1,14107,32,7,12.1875,121.0,"[(WN,10792,121.00),(WN,13232,103.00),(WN,13851,76.00),(UA,11292,58.00),(WN,14869,42.00),(WN,14683,38.00),(WN,11292,35.00)]"
"2025-01-07 14:00:00",2,14107,32,7,12.1875,121.0,"[(WN,10792,121.00),(WN,13232,103.00),(WN,13851,76.00),(UA,11292,58.00),(WN,14869,42.00),(WN,14683,38.00),(WN,11292,35.00)]"
"2025-01-07 14:00:00",2,13930,35,3,6.228571428571429,96.0,"[(OO,12953,96.00),(UA,11618,86.00),(DL,14747,38.00)]"
"2025-01-07 14:00:00",3,11298,33,6,16.606060606060606,132.0,"[(OO,12278,132.00),(DL,12953,128.00),(OH,12448,121.00),(MQ,11140,83.00),(AA,10397,49.00),(AA,10721,36.00)]"
"2025-01-07 14:00:00",3,13930,51,3,4.235294117647059,96.0,"[(OO,12953,96.00),(UA,11618,86.00),(DL,14747,38.00)]"
"2025-01-07 14:00:00",4,11298,34,6,15.764705882352942,132.0,"[(OO,12278,132.00),(DL,12953,128.00),(OH,12448,121.00),(MQ,11140,83.00),(AA,10397,49.00),(AA,10721,36.00)]"
"2025-01-07 14:00:00",4,10397,36,2,2.1666666666666665,104.0,"[(UA,12264,104.00),(F9,13204,40.00)]"
"2025-01-07 14:00:00",5,11057,34,4,8.529411764705882,104.0,"[(AA,10423,104.00),(AA,13930,63.00),(AA,10529,54.00),(OH,11995,40.00)]"
"2025-01-07 14:00:00",6,13930,38,3,5.657894736842105,96.0,"[(OO,12953,96.00),(UA,11618,86.00),(DL,14747,38.00)]"
"2025-01-07 14:00:00",7,13930,51,3,4.235294117647059,96.0,"[(OO,12953,96.00),(UA,11618,86.00),(DL,14747,38.00)]"
"2025-01-07 14:00:00",8,10397,36,2,2.1666666666666665,104.0,"[(UA,12264,104.00),(F9,13204,40.00)]"
"2025-01-07 15:00:00",1,10397,55,13,24.254545454545454,265.0,"[(OO,12197,265.00),(DL,10599,134.00),(OO,11146,130.00),(DL,12448,108.00),(DL,13485,98.00),(DL,12264,75.00),(OO,11823,74.00),(DL,11618,57.00),(DL,12953,50.00),(OO,14696,49.00),(WN,12953,43.00),(DL,14027,42.00),(DL,14100,39.00)]"
"2025-01-07 15:00:00",1,11292,39,10,24.256410256410255,105.0,"[(OO,14237,105.00),(OO,10620,85.00),(OO,11122,75.00),(OO,11109,67.00),(WN,12889,60.00),(UA,12266,58.00),(WN,11109,56.00),(WN,14747,42.00),(OO,14262,36.00),(OO,11638,34.00)]"
"2025-01-07 15:00:00",2,10397,43,11,28.3953488372093,265.0,"[(OO,12197,265.00),(DL,10599,134.00),(OO,11146,130.00),(DL,12448,108.00),(DL,13485,98.00),(DL,12264,75.00),(OO,11823,74.00),(DL,11618,57.00),(DL,12953,50.00),(WN,12953,43.00),(DL,14100,39.00)]"
"2025-01-07 15:00:00",2,11298,37,4,9.72972972972973,125.0,"[(AS,14057,125.00),(OH,14814,70.00),(MQ,10980,68.00),(AA,11057,35.00)]"
"2025-01-07 15:00:00",3,11292,39,10,24.256410256410255,105.0,"[(OO,14237,105.00),(OO,10620,85.00),(OO,11122,75.00),(OO,11109,67.00),(WN,12889,60.00),(UA,12266,58.00),(WN,11109,56.00),(WN,14747,42.00),(OO,14262,36.00),(OO,11638,34.00)]"
"2025-01-07 15:00:00",4,11298,37,4,9.72972972972973,125.0,"[(AS,14057,125.00),(OH,14814,70.00),(MQ,10980,68.00),(AA,11057,35.00)]"
"2025-01-07 15:00:00",5,13930,35,4,7.285714285714286,153.0,"[(UA,11618,153.00),(YX,12339,36.00),(OO,14696,35.00),(OO,11288,31.00)]"
"2025-01-07 16:00:00",1,11298,55,8,9.872727272727273,81.0,"[(AA,13303,81.00),(NK,13204,79.00),(MQ,11778,72.00),(F9,12953,57.00),(NK,12892,47.00),(UA,11292,38.00),(AA,11042,32.00),(OH,12217,31.00)]"
"2025-01-07 16:00:00",1,11298,30,3,7.1,79.0,"[(NK,13204,79.00),(F9,12953,57.00),(UA,11292,38.00)]"
"2025-01-07 16:00:00",1,10397,35,6,12.371428571428572,157.0,"[(OO,11612,157.00),(UA,11292,111.00),(OH,11278,106.00),(WN,12889,59.00),(DL,12953,43.00),(DL,14869,31.00)]"
"2025-01-07 16:00:00",2,14107,30,5,15.2,122.0,"[(WN,12954,122.00),(WN,13204,122.00),(WN,12889,112.00),(UA,11292,55.00),(WN,12892,32.00)]"
"2025-01-07 16:00:00",2,11298,30,3,7.1,79.0,"[(NK,13204,79.00),(F9,12953,57.00),(UA,11292,38.00)]"
"2025-01-07 16:00:00",2,10397,35,6,12.371428571428572,157.0,"[(OO,11612,157.00),(UA,11292,111.00),(OH,11278,106.00),(WN,12889,59.00),(DL,12953,43.00),(DL,14869,31.00)]"
"2025-01-07 16:00:00",3,11298,30,3,7.1,79.0,"[(NK,13204,79.00),(F9,12953,57.00),(UA,11292,38.00)]"
"2025-01-07 16:00:00",3,11057,47,3,1.7446808510638299,56.0,"[(OH,11996,56.00),(OH,10135,52.00),(YX,12953,32.00)]"
"2025-01-07 16:00:00",3,14107,30,5,15.2,122.0,"[(WN,12954,122.00),(WN,13204,122.00),(WN,12889,112.00),(UA,11292,55.00),(WN,12892,32.00)]"
"2025-01-07 16:00:00",4,11057,47,3,1.7446808510638299,56.0,"[(OH,11996,56.00),(OH,10135,52.00),(YX,12953,32.00)]"
"2025-01-07 17:00:00",1,11292,91,34,25.67032967032967,146.0,"[(OO,14457,146.00),(OO,14814,121.00),(UA,15919,100.00),(OO,13342,94.00),(WN,12339,75.00),(WN,12191,71.00),(UA,14683,69.00),(OO,12177,67.00),(OO,10627,63.00),(OO,13158,61.00),(UA,12278,56.00),(WN,11042,54.00),(UA,10721,53.00),(OO,12992,50.00),(OO,11109,46.00),(UA,13931,44.00),(WN,10721,43.00),(WN,14122,42.00),(WN,12451,41.00),(OO,13851,41.00)]"
"2025-01-07 17:00:00",1,11292,42,17,29.80952380952381,146.0,"[(OO,14457,146.00),(UA,15919,100.00),(WN,12339,75.00),(UA,14683,69.00),(OO,10627,63.00),(UA,12278,56.00),(WN,11042,54.00),(OO,12992,50.00),(OO,11109,46.00),(WN,10721,43.00),(WN,14122,42.00),(WN,14492,41.00),(WN,14679,40.00),(WN,11057,38.00),(WN,15304,37.00),(UA,11433,36.00),(WN,12892,34.00)]"
"2025-01-07 17:00:00",1,12264,33,21,46.09090909090909,148.0,"[(UA,14893,148.00),(UA,14492,124.00),(UA,14107,118.00),(YX,14122,87.00),(YX,12339,84.00),(UA,11292,82.00),(YX,14576,82.00),(UA,12889,70.00),(YX,10785,68.00),(UA,12892,56.00),(UA,10397,51.00),(YX,14730,50.00),(UA,13204,50.00),(OO,11433,48.00),(UA,10721,46.00),(WN,11292,43.00),(UA,13930,38.00),(UA,14771,35.00),(UA,10693,34.00),(UA,13303,33.00)]"
"2025-01-07 17:00:00",1,11292,74,29,25.635135135135137,146.0,"[(OO,14457,146.00),(OO,14814,121.00),(OO,13342,94.00),(WN,12339,75.00),(WN,12191,71.00),(UA,14683,69.00),(OO,12177,67.00),(OO,10627,63.00),(OO,13158,61.00),(UA,12278,56.00),(UA,10721,53.00),(OO,11109,46.00),(UA,13931,44.00),(WN,10721,43.00),(WN,14122,42.00),(WN,12451,41.00),(OO,13851,41.00),(WN,14492,41.00),(UA,11298,40.00),(UA,13244,40.00)]"
"2025-01-07 17:00:00",2,12264,33,21,46.09090909090909,148.0,"[(UA,14893,148.00),(UA,14492,124.00),(UA,14107,118.00),(YX,14122,87.00),(YX,12339,84.00),(UA,11292,82.00),(YX,14576,82.00),(UA,12889,70.00),(YX,10785,68.00),(UA,12892,56.00),(UA,10397,51.00),(YX,14730,50.00),(UA,13204,50.00),(OO,11433,48.00),(UA,10721,46.00),(WN,11292,43.00),(UA,13930,38.00),(UA,14771,35.00),(UA,10693,34.00),(UA,13303,33.00)]"
"2025-01-07 17:00:00",2,11292,49,17,22.122448979591837,121.0,"[(OO,14814,121.00),(OO,13342,94.00),(WN,12191,71.00),(OO,12177,67.00),(OO,13158,61.00),(UA,10721,53.00),(UA,13931,44.00),(OO,13851,41.00),(WN,12451,41.00),(UA,11298,40.00),(UA,13244,40.00),(WN,11433,39.00),(WN,10599,35.00),(WN,14100,35.00),(WN,11259,34.00),(UA,11042,32.00),(OO,12945,31.00)]"
"2025-01-07 17:00:00",2,11292,49,17,22.122448979591837,121.0,"[(OO,14814,121.00),(OO,13342,94.00),(WN,12191,71.00),(OO,12177,67.00),(OO,13158,61.00),(UA,10721,53.00),(UA,13931,44.00),(WN,12451,41.00),(OO,13851,41.00),(UA,11298,40.00),(UA,13244,40.00),(WN,11433,39.00),(WN,10599,35.00),(WN,14100,35.00),(WN,11259,34.00),(UA,11042,32.00),(OO,12945,31.00)]"
"2025-01-07 17:00:00",2,12264,33,21,46.09090909090909,148.0,"[(UA,14893,148.00),(UA,14492,124.00),(UA,14107,118.00),(YX,14122,87.00),(YX,12339,84.00),(UA,11292,82.00),(YX,14576,82.00),(UA,12889,70.00),(YX,10785,68.00),(UA,12892,56.00),(UA,10397,51.00),(YX,14730,50.00),(UA,13204,50.00),(OO,11433,48.00),(UA,10721,46.00),(WN,11292,43.00),(UA,13930,38.00),(UA,14771,35.00),(UA,10693,34.00),(UA,12266,33.00)]"
"2025-01-07 17:00:00",3,11292,50,18,22.6,121.0,"[(OO,14814,121.00),(OO,13342,94.00),(WN,12191,71.00),(OO,12177,67.00),(OO,13158,61.00),(UA,10721,53.00),(OO,11109,46.00),(UA,13931,44.00),(WN,12451,41.00),(OO,13851,41.00),(UA,11298,40.00),(UA,13244,40.00),(WN,11433,39.00),(WN,10599,35.00),(WN,14100,35.00),(WN,11259,34.00),(UA,11042,32.00),(OO,12945,31.00)]"
"2025-01-07 17:00:00",3,11292,38,15,30.210526315789473,146.0,"[(OO,14457,146.00),(UA,15919,100.00),(WN,12339,75.00),(UA,14683,69.00),(OO,10627,63.00),(UA,12278,56.00),(OO,11109,46.00),(WN,10721,43.00),(WN,14122,42.00),(WN,14492,41.00),(WN,14679,40.00),(WN,11057,38.00),(WN,15304,37.00),(UA,11433,36.00),(WN,12892,34.00)]"
"2025-01-07 17:00:00",3,11278,34,8,18.852941176470587,225.0,"[(YX,12478,225.00),(OH,11193,142.00),(AS,14771,81.00),(OH,10980,51.00),(OH,14307,46.00),(OH,12323,39.00),(OH,14685,37.00),(YX,12953,36.00)]"
"2025-01-07 17:00:00",4,11292,49,17,22.122448979591837,121.0,"[(OO,14814,121.00),(OO,13342,94.00),(WN,12191,71.00),(OO,12177,67.00),(OO,13158,61.00),(UA,10721,53.00),(UA,13931,44.00),(WN,12451,41.00),(OO,13851,41.00),(UA,11298,40.00),(UA,13244,40.00),(WN,11433,39.00),(WN,10599,35.00),(WN,14100,35.00),(WN,11259,34.00),(UA,11042,32.00),(OO,12945,31.00)]"
"2025-01-07 17:00:00",4,11298,39,7,11.333333333333334,88.0,"[(AA,14771,88.00),(AS,14747,81.00),(AA,12896,72.00),(UA,12264,42.00),(DL,12953,38.00),(AA,14679,38.00),(AA,12953,34.00)]"
"2025-01-07 17:00:00",5,11278,34,8,18.852941176470587,225.0,"[(YX,12478,225.00),(OH,11193,142.00),(AS,14771,81.00),(OH,10980,51.00),(OH,14307,46.00),(OH,12323,39.00),(OH,14685,37.00),(YX,12953,36.00)]"
"2025-01-07 17:00:00",5,14107,33,3,3.0606060606060606,59.0,"[(WN,14893,59.00),(WN,10693,49.00),(AA,14771,41.00)]"
"2025-01-07 17:00:00",6,11298,39,7,11.333333333333334,88.0,"[(AA,14771,88.00),(AS,14747,81.00),(AA,12896,72.00),(UA,12264,42.00),(DL,12953,38.00),(AA,14679,38.00),(AA,12953,34.00)]"
"2025-01-07 17:00:00",6,13930,32,1,0.96875,86.0,"[(YX,12953,86.00)]"
"2025-01-07 17:00:00",7,13930,45,2,2.2444444444444445,86.0,"[(YX,12953,86.00),(AA,12953,55.00)]"
"2025-01-07 17:00:00",8,14869,33,0,-1.0909090909090908,15.0,[]
"2025-01-07 18:00:00",1,11298,52,8,19.76923076923077,328.0,"[(AA,13256,328.00),(AA,14771,108.00),(AA,13851,63.00),(AA,13244,58.00),(AA,10721,43.00),(NK,11697,38.00),(DL,10721,38.00),(MQ,11066,36.00)]"
"2025-01-07 18:00:00",1,11618,30,11,27.666666666666668,140.0,"[(UA,14492,140.00),(NK,14122,126.00),(UA,12892,95.00),(UA,12441,71.00),(UA,10423,66.00),(UA,14635,63.00),(UA,11057,56.00),(DL,10397,55.00),(YX,11986,42.00),(AS,12892,38.00),(UA,12264,35.00)]"
"2025-01-07 18:00:00",2,14107,30,6,20.566666666666666,185.0,"[(WN,12191,185.00),(WN,13930,89.00),(WN,12339,87.00),(WN,13871,83.00),(WN,11292,48.00),(WN,13232,34.00)]"
"2025-01-07 18:00:00",2,12266,37,5,6.297297297297297,80.0,"[(UA,13303,80.00),(UA,12892,51.00),(UA,10821,47.00),(UA,13204,43.00),(UA,11292,35.00)]"
"2025-01-07 18:00:00",2,11298,40,7,23.7,328.0,"[(AA,13256,328.00),(AA,14771,108.00),(AA,13851,63.00),(AA,13244,58.00),(AA,10721,43.00),(NK,11697,38.00),(MQ,11066,36.00)]"
"2025-01-07 18:00:00",3,10397,49,6,9.755102040816327,61.0,"[(WN,11259,61.00),(DL,13931,57.00),(WN,13232,47.00),(WN,11292,45.00),(F9,11618,45.00),(DL,12448,40.00)]"
"2025-01-07 18:00:00",3,10397,43,4,8.720930232558139,61.0,"[(WN,11259,61.00),(DL,13931,57.00),(WN,13232,47.00),(WN,11292,45.00)]"
"2025-01-07 18:00:00",3,14107,30,6,20.566666666666666,185.0,"[(WN,12191,185.00),(WN,13930,89.00),(WN,12339,87.00),(WN,13871,83.00),(WN,11292,48.00),(WN,13232,34.00)]"
"2025-01-07 18:00:00",4,13930,56,5,7.535714285714286,182.0,"[(OO,10874,182.00),(UA,13230,59.00),(UA,12953,56.00),(UA,14524,37.00),(OO,10990,35.00)]"
"2025-01-07 18:00:00",4,10397,49,6,9.755102040816327,61.0,"[(WN,11259,61.00),(DL,13931,57.00),(WN,13232,47.00),(WN,11292,45.00),(F9,11618,45.00),(DL,12448,40.00)]"
"2025-01-07 18:00:00",5,12266,41,5,5.951219512195122,80.0,"[(UA,13303,80.00),(UA,12892,51.00),(UA,10821,47.00),(UA,13204,43.00),(UA,11292,35.00)]"
"2025-01-07 18:00:00",6,11057,47,3,3.4680851063829787,93.0,"[(AA,12478,93.00),(AA,10994,63.00),(AA,13204,36.00)]"
"2025-01-07 18:00:00",6,13930,39,3,9.179487179487179,182.0,"[(OO,10874,182.00),(UA,12953,56.00),(OO,10990,35.00)]"
"2025-01-07 18:00:00",7,11057,34,1,1.2058823529411764,36.0,"[(AA,13204,36.00)]"
"2025-01-07 19:00:00",1,11292,54,13,16.574074074074073,99.0,"[(OO,13476,99.00),(UA,12892,70.00),(OO,11109,69.00),(UA,12889,54.00),(UA,11603,54.00),(OO,10372,42.00),(OO,10279,41.00),(UA,11648,40.00),(OO,10561,36.00),(OO,12012,34.00),(OO,12003,34.00),(UA,10299,32.00),(UA,15376,31.00)]"
"2025-01-07 19:00:00",1,11298,36,7,16.27777777777778,118.0,"[(AA,13230,118.00),(DL,12953,105.00),(AA,15304,85.00),(OH,14814,85.00),(AA,13303,54.00),(AA,10821,49.00),(AA,11995,36.00)]"
"2025-01-07 19:00:00",2,10397,51,8,13.352941176470589,168.0,"[(DL,13342,168.00),(F9,12892,140.00),(DL,12953,120.00),(DL,12889,74.00),(NK,11697,64.00),(OO,14696,60.00),(F9,12953,43.00),(DL,12478,32.00)]"
"2025-01-07 19:00:00",2,11298,64,13,16.015625,131.0,"[(AA,13931,131.00),(AA,13230,118.00),(DL,12953,105.00),(AA,15304,85.00),(OH,14814,85.00),(AA,10713,74.00),(AA,14524,69.00),(AA,13303,54.00),(AA,13851,53.00),(AA,10821,49.00),(OO,11413,39.00),(AA,12892,39.00),(AA,11995,36.00)]"
"2025-01-07 19:00:00",3,11298,36,7,16.27777777777778,118.0,"[(AA,13230,118.00),(DL,12953,105.00),(AA,15304,85.00),(OH,14814,85.00),(AA,13303,54.00),(AA,10821,49.00),(AA,11995,36.00)]"
"2025-01-07 19:00:00",3,10397,39,7,16.384615384615383,168.0,"[(DL,13342,168.00),(F9,12892,140.00),(DL,12953,120.00),(DL,12889,74.00),(NK,11697,64.00),(F9,12953,43.00),(DL,12478,32.00)]"
"2025-01-07 19:00:00",4,13930,33,5,28.757575757575758,671.0,"[(OO,10980,671.00),(DL,12953,103.00),(OO,14696,73.00),(YX,11278,40.00),(YX,11042,40.00)]"
"2025-01-07 19:00:00",4,13930,32,5,29.65625,671.0,"[(OO,10980,671.00),(DL,12953,103.00),(OO,14696,73.00),(YX,11278,40.00),(YX,11042,40.00)]"
"2025-01-07 19:00:00",5,12892,30,5,11.266666666666667,177.0,"[(OO,15376,177.00),(OO,14237,54.00),(WN,14771,52.00),(WN,14893,39.00),(WN,13796,33.00)]"
"2025-01-07 20:00:00",1,11292,49,12,23.612244897959183,293.0,"[(F9,12266,293.00),(WN,14869,86.00),(WN,12892,74.00),(WN,13796,68.00),(WN,11109,61.00),(WN,14057,58.00),(UA,11298,55.00),(WN,13198,52.00),(WN,14771,49.00),(WN,12889,42.00),(WN,14679,39.00),(WN,14893,38.00)]"
"2025-01-07 20:00:00",1,13930,36,1,-1.1388888888888888,34.0,"[(AA,13487,34.00)]"
"2025-01-07 20:00:00",1,11292,38,9,26.289473684210527,293.0,"[(F9,12266,293.00),(WN,14869,86.00),(WN,12892,74.00),(WN,13796,68.00),(WN,14057,58.00),(UA,11298,55.00),(WN,13198,52.00),(WN,14771,49.00),(WN,12889,42.00)]"
"2025-01-07 20:00:00",2,12266,32,7,12.5,121.0,"[(UA,13198,121.00),(UA,10423,60.00),(UA,12889,56.00),(UA,13891,48.00),(NK,13303,41.00),(UA,14893,38.00),(UA,14057,36.00)]"
"2025-01-07 20:00:00",2,13930,60,2,0.95,98.0,"[(NK,13204,98.00),(AA,13487,34.00)]"
"2025-01-07 20:00:00",2,11057,44,5,5.795454545454546,122.0,"[(AA,10434,122.00),(AA,14122,42.00),(OH,10874,40.00),(NK,12953,39.00),(AA,14100,33.00)]"
"2025-01-07 20:00:00",3,11057,56,6,6.339285714285714,122.0,"[(AA,10434,122.00),(OH,14193,105.00),(AA,14122,42.00),(OH,10874,40.00),(NK,12953,39.00),(AA,14100,33.00)]"
"2025-01-07 20:00:00",3,10397,32,4,9.625,161.0,"[(OO,11146,161.00),(WN,14492,47.00),(DL,15096,39.00),(WN,12953,39.00)]"
"2025-01-07 20:00:00",4,10397,39,5,10.794871794871796,161.0,"[(OO,11146,161.00),(DL,14100,68.00),(WN,14492,47.00),(DL,15096,39.00),(WN,12953,39.00)]"
"2025-01-07 20:00:00",4,13930,48,1,1.1458333333333333,98.0,"[(NK,13204,98.00)]"
"2025-01-07 20:00:00",5,14107,32,2,7.96875,91.0,"[(WN,14057,91.00),(WN,14893,50.00)]"
"2025-01-07 21:00:00",1,11298,55,4,7.0,241.0,"[(AA,13256,241.00),(AA,13204,84.00),(AA,14893,41.00),(AA,11278,35.00)]"
"2025-01-07 21:00:00",1,11298,42,7,12.285714285714286,150.0,"[(MQ,15919,150.00),(AA,11423,131.00),(AA,14107,85.00),(AA,13204,84.00),(OH,11973,59.00),(AA,14893,41.00),(AA,11278,35.00)]"
"2025-01-07 21:00:00",1,11298,47,3,6.957446808510638,241.0,"[(AA,13256,241.00),(AA,13204,84.00),(AA,14893,41.00)]"
"2025-01-07 21:00:00",2,11298,33,1,6.757575757575758,241.0,"[(AA,13256,241.00)]"
"2025-01-07 22:00:00",1,10397,33,3,26.363636363636363,634.0,"[(OO,10980,634.00),(DL,11057,41.00),(DL,10994,40.00)]"
"2025-01-07 22:00:00",1,10397,54,6,22.037037037037038,634.0,"[(OO,10980,634.00),(DL,13851,151.00),(DL,13930,80.00),(DL,11057,41.00),(DL,10994,40.00),(DL,12478,38.00)]"
"2025-01-07 22:00:00",1,10397,47,4,20.25531914893617,634.0,"[(OO,10980,634.00),(DL,11057,41.00),(DL,10994,40.00),(DL,12478,38.00)]"
"2025-01-07 22:00:00",2,10397,49,5,22.387755102040817,634.0,"[(OO,10980,634.00),(DL,13851,151.00),(DL,11057,41.00),(DL,10994,40.00),(DL,12478,38.00)]"
"2025-01-07 22:00:00",3,10397,33,3,26.363636363636363,634.0,"[(OO,10980,634.00),(DL,11057,41.00),(DL,10994,40.00)]"
"2025-01-08 07:00:00",1,10397,33,4,11.030303030303031,168.0,"[(DL,12892,168.00),(DL,11697,148.00),(DL,12889,66.00),(F9,12478,51.00)]"
"2025-01-08 07:00:00",1,13930,30,3,4.866666666666666,179.0,"[(OO,11433,179.00),(NK,15304,68.00),(OO,11288,35.00)]"
"2025-01-08 07:00:00",2,13930,30,3,4.866666666666666,179.0,"[(OO,11433,179.00),(NK,15304,68.00),(OO,11288,35.00)]"
"2025-01-08 07:00:00",3,13930,40,3,2.65,179.0,"[(OO,11433,179.00),(NK,15304,68.00),(OO,11288,35.00)]"
"2025-01-08 07:00:00",4,13204,31,0,-2.3870967741935485,19.0,[]
"2025-01-08 08:00:00",1,13930,31,3,9.580645161290322,186.0,"[(MQ,14576,186.00),(MQ,11624,91.00),(OO,12278,73.00)]"
"2025-01-08 08:00:00",1,13930,49,5,14.551020408163266,315.0,"[(OO,13485,315.00),(MQ,14576,186.00),(MQ,11624,91.00),(UA,12953,80.00),(OO,12278,73.00)]"
"2025-01-08 08:00:00",2,11298,36,2,4.25,89.0,"[(AA,13256,89.00),(OO,14696,56.00)]"
"2025-01-08 08:00:00",2,13930,30,2,12.233333333333333,315.0,"[(OO,13485,315.00),(UA,12953,80.00)]"
"2025-01-08 08:00:00",2,13930,61,5,10.885245901639344,315.0,"[(OO,13485,315.00),(MQ,14576,186.00),(MQ,11624,91.00),(UA,12953,80.00),(OO,12278,73.00)]"
"2025-01-08 08:00:00",2,10397,41,2,5.317073170731708,103.0,"[(DL,11292,103.00),(DL,11618,37.00)]"
"2025-01-08 08:00:00",3,10397,36,2,6.972222222222222,78.0,"[(OO,10208,78.00),(OO,13277,52.00)]"
"2025-01-08 08:00:00",3,10397,53,4,7.716981132075472,103.0,"[(DL,11292,103.00),(OO,10208,78.00),(OO,13277,52.00),(DL,11618,37.00)]"
"2025-01-08 08:00:00",3,11298,36,2,4.25,89.0,"[(AA,13256,89.00),(OO,14696,56.00)]"
"2025-01-08 08:00:00",4,11298,36,2,4.25,89.0,"[(AA,13256,89.00),(OO,14696,56.00)]"
"2025-01-08 08:00:00",4,10397,57,4,7.0,103.0,"[(DL,11292,103.00),(OO,10208,78.00),(OO,13277,52.00),(DL,11618,37.00)]"
"2025-01-08 08:00:00",5,11298,47,1,-0.1702127659574468,63.0,"[(AA,14908,63.00)]"
"2025-01-08 08:00:00",5,13930,31,3,9.580645161290322,186.0,"[(MQ,14576,186.00),(MQ,11624,91.00),(OO,12278,73.00)]"
"2025-01-08 08:00:00",6,11292,34,3,6.117647058823529,134.0,"[(OO,11109,134.00),(OO,12441,54.00),(WN,10140,51.00)]"
"2025-01-08 08:00:00",7,10397,41,2,5.317073170731708,103.0,"[(DL,11292,103.00),(DL,11618,37.00)]"
"2025-01-08 08:00:00",8,11298,36,2,4.25,89.0,"[(AA,13256,89.00),(OO,14696,56.00)]"
"2025-01-08 08:00:00",9,11278,36,1,1.3055555555555556,166.0,"[(AA,14027,166.00)]"
"2025-01-08 08:00:00",10,11433,34,1,0.11764705882352941,188.0,"[(DL,14107,188.00)]"
"2025-01-08 09:00:00",1,11292,33,3,5.424242424242424,89.0,"[(OO,13029,89.00),(OO,11503,70.00),(OO,13158,44.00)]"
"2025-01-08 09:00:00",1,13930,55,9,20.563636363636363,302.0,"[(UA,12173,302.00),(OO,15016,201.00),(AA,12892,191.00),(UA,10849,184.00),(UA,11503,102.00),(MQ,11986,86.00),(MQ,14683,36.00),(UA,11278,35.00),(AA,14100,34.00)]"
"2025-01-08 09:00:00",1,13930,39,6,23.53846153846154,302.0,"[(UA,12173,302.00),(OO,15016,201.00),(UA,10849,184.00),(UA,11503,102.00),(MQ,11986,86.00),(UA,11278,35.00)]"
"2025-01-08 09:00:00",2,13930,39,6,23.53846153846154,302.0,"[(UA,12173,302.00),(OO,15016,201.00),(UA,10849,184.00),(UA,11503,102.00),(MQ,11986,86.00),(UA,11278,35.00)]"
"2025-01-08 09:00:00",2,12892,31,2,3.7096774193548385,64.0,"[(WN,11292,64.00),(AA,13930,58.00)]"
"2025-01-08 09:00:00",3,10397,52,3,4.884615384615385,114.0,"[(DL,14893,114.00),(WN,13244,62.00),(DL,13204,46.00)]"
"2025-01-08 09:00:00",3,10397,42,1,1.6904761904761905,62.0,"[(WN,13244,62.00)]"
"2025-01-08 09:00:00",4,12892,45,3,2.977777777777778,64.0,"[(WN,11292,64.00),(AA,13930,58.00),(AA,14107,39.00)]"
"2025-01-08 09:00:00",4,11057,35,0,-3.1714285714285713,17.0,[]
"2025-01-08 09:00:00",5,12892,31,2,3.7096774193548385,64.0,"[(WN,11292,64.00),(AA,13930,58.00)]"
"2025-01-08 09:00:00",5,14107,37,0,-3.5675675675675675,19.0,[]
"2025-01-08 09:00:00",6,10397,42,1,1.6904761904761905,62.0,"[(WN,13244,62.00)]"
"2025-01-08 09:00:00",7,14107,48,1,-2.0833333333333335,60.0,"[(UA,12266,60.00)]"
"2025-01-08 09:00:00",8,11057,35,0,-3.1714285714285713,17.0,[]
"2025-01-08 09:00:00",9,14107,37,0,-3.5675675675675675,19.0,[]
"2025-01-08 09:00:00",10,11057,46,0,-3.9130434782608696,17.0,[]
"2025-01-08 10:00:00",1,10397,33,4,28.03030303030303,477.0,"[(OO,10146,477.00),(OO,11823,168.00),(DL,14869,42.00),(DL,13303,34.00)]"
"2025-01-08 10:00:00",1,11292,51,9,10.215686274509803,108.0,"[(DL,10397,108.00),(UA,14100,65.00),(UA,12264,59.00),(F9,14869,48.00),(OO,15412,46.00),(UA,11066,45.00),(OO,10627,41.00),(AA,11298,37.00),(UA,12339,36.00)]"
"2025-01-08 10:00:00",1,11292,39,6,10.794871794871796,108.0,"[(DL,10397,108.00),(UA,14100,65.00),(UA,12264,59.00),(F9,14869,48.00),(OO,15412,46.00),(UA,12339,36.00)]"
"2025-01-08 10:00:00",2,11298,41,4,8.707317073170731,88.0,"[(AA,13930,88.00),(OH,15249,85.00),(AA,14683,68.00),(AA,11986,47.00)]"
"2025-01-08 10:00:00",2,13930,55,8,7.909090909090909,95.0,"[(MQ,11067,95.00),(UA,11618,85.00),(OO,13485,64.00),(AA,13303,62.00),(MQ,12278,61.00),(UA,11042,60.00),(UA,10693,52.00),(OO,11471,50.00)]"
"2025-01-08 10:00:00",2,13930,42,5,5.976190476190476,95.0,"[(MQ,11067,95.00),(OO,13485,64.00),(UA,11042,60.00),(UA,10693,52.00),(OO,11471,50.00)]"
"2025-01-08 10:00:00",3,11292,34,6,10.558823529411764,108.0,"[(DL,10397,108.00),(UA,14100,65.00),(UA,12264,59.00),(F9,14869,48.00),(OO,15412,46.00),(UA,12339,36.00)]"
"2025-01-08 10:00:00",3,10397,33,4,28.03030303030303,477.0,"[(OO,10146,477.00),(OO,11823,168.00),(DL,14869,42.00),(DL,13303,34.00)]"
"2025-01-08 10:00:00",4,13930,42,5,5.976190476190476,95.0,"[(MQ,11067,95.00),(OO,13485,64.00),(UA,11042,60.00),(UA,10693,52.00),(OO,11471,50.00)]"
"2025-01-08 10:00:00",5,10397,33,4,28.03030303030303,477.0,"[(OO,10146,477.00),(OO,11823,168.00),(DL,14869,42.00),(DL,13303,34.00)]"
"2025-01-08 10:00:00",6,12892,30,4,13.4,321.0,"[(UA,14771,321.00),(OO,13476,48.00),(DL,15304,32.00),(NK,11066,31.00)]"
"2025-01-08 10:00:00",7,12889,36,4,9.416666666666666,189.0,"[(NK,11618,189.00),(WN,12892,89.00),(DL,14869,64.00),(WN,13796,37.00)]"
"2025-01-08 11:00:00",1,11292,49,5,8.775510204081632,92.0,"[(OO,13264,92.00),(DL,12953,71.00),(UA,14679,51.00),(UA,14057,46.00),(UA,10849,39.00)]"
"2025-01-08 11:00:00",1,11292,68,8,9.558823529411764,105.0,"[(F9,11278,105.00),(OO,13264,92.00),(DL,12953,71.00),(UA,11540,66.00),(UA,14679,51.00),(OO,12012,49.00),(UA,14057,46.00),(UA,10849,39.00)]"
"2025-01-08 11:00:00",1,11292,89,9,7.797752808988764,105.0,"[(F9,11278,105.00),(OO,13264,92.00),(DL,12953,71.00),(UA,11540,66.00),(UA,14679,51.00),(OO,12012,49.00),(UA,14057,46.00),(UA,10849,39.00),(F9,10423,32.00)]"
"2025-01-08 11:00:00",2,11292,37,2,8.216216216216216,92.0,"[(OO,13264,92.00),(DL,12953,71.00)]"
"2025-01-08 11:00:00",2,11298,31,5,9.096774193548388,70.0,"[(OO,12951,70.00),(MQ,10620,60.00),(AA,14771,46.00),(NK,12953,42.00),(AA,13871,41.00)]"
"2025-01-08 11:00:00",2,13930,32,8,13.5625,91.0,"[(OO,11823,91.00),(OO,13184,64.00),(UA,14492,54.00),(OO,10431,36.00),(UA,12953,35.00),(NK,12953,35.00),(OO,15380,31.00),(AA,12953,31.00)]"
"2025-01-08 11:00:00",3,10397,30,2,4.3,134.0,"[(OO,12945,134.00),(NK,11618,47.00)]"
"2025-01-08 11:00:00",3,11292,49,5,8.775510204081632,92.0,"[(OO,13264,92.00),(DL,12953,71.00),(UA,14679,51.00),(UA,14057,46.00),(UA,10849,39.00)]"
"2025-01-08 11:00:00",3,11298,37,6,12.837837837837839,163.0,"[(AA,12953,163.00),(OO,12951,70.00),(MQ,10620,60.00),(AA,14771,46.00),(NK,12953,42.00),(AA,13871,41.00)]"
"2025-01-08 11:00:00",4,11057,30,1,3.7666666666666666,165.0,"[(OH,12264,165.00)]"
"2025-01-08 11:00:00",4,10397,50,4,4.22,134.0,"[(OO,12945,134.00),(F9,14843,124.00),(NK,11618,47.00),(WN,14107,31.00)]"
"2025-01-08 11:00:00",4,14747,32,5,8.59375,104.0,"[(DL,11193,104.00),(AS,10713,57.00),(AS,10299,42.00),(AS,14771,34.00),(AS,14107,31.00)]"
"2025-01-08 11:00:00",5,14107,33,0,-2.606060606060606,12.0,[]
"2025-01-08 11:00:00",5,11292,32,3,6.21875,51.0,"[(UA,14679,51.00),(UA,14057,46.00),(UA,10849,39.00)]"
"2025-01-08 11:00:00",5,10397,61,4,2.6721311475409837,134.0,"[(OO,12945,134.00),(F9,14843,124.00),(NK,11618,47.00),(WN,14107,31.00)]"
"2025-01-08 11:00:00",6,11057,40,2,7.1,180.0,"[(AA,10721,180.00),(OH,12264,165.00)]"
"2025-01-08 11:00:00",6,14869,44,3,0.7045454545454546,50.0,"[(AS,14747,50.00),(DL,10397,47.00),(OO,10849,34.00)]"
"2025-01-08 11:00:00",7,11057,48,2,5.25,180.0,"[(AA,10721,180.00),(OH,12264,165.00)]"
"2025-01-08 11:00:00",7,11057,55,2,3.8545454545454545,180.0,"[(AA,10721,180.00),(OH,12264,165.00)]"
"2025-01-08 11:00:00",8,11057,49,2,5.061224489795919,180.0,"[(AA,10721,180.00),(OH,12264,165.00)]"
"2025-01-08 11:00:00",8,14107,47,1,0.5319148936170213,109.0,"[(AA,11884,109.00)]"
"2025-01-08 11:00:00",9,10397,30,2,4.3,134.0,"[(OO,12945,134.00),(NK,11618,47.00)]"
"2025-01-08 11:00:00",10,14869,34,2,-0.5588235294117647,47.0,"[(DL,10397,47.00),(OO,10849,34.00)]"
"2025-01-08 12:00:00",1,11298,33,6,23.666666666666668,263.0,"[(DL,12953,263.00),(AA,15412,171.00),(AA,12892,156.00),(OO,10747,69.00),(DL,12478,57.00),(AA,12264,42.00)]"
"2025-01-08 12:00:00",1,11298,67,11,14.656716417910447,263.0,"[(DL,12953,263.00),(AA,15412,171.00),(AA,12892,156.00),(OO,10747,69.00),(DL,12478,57.00),(MQ,13158,53.00),(AA,11624,42.00),(AA,12264,42.00),(AA,11278,36.00),(AA,12953,33.00),(MQ,13256,32.00)]"
"2025-01-08 12:00:00",2,11298,36,6,21.5,263.0,"[(DL,12953,263.00),(AA,15412,171.00),(AA,12892,156.00),(OO,10747,69.00),(DL,12478,57.00),(AA,12264,42.00)]"
"2025-01-08 12:00:00",2,11298,45,7,13.666666666666666,263.0,"[(DL,12953,263.00),(AA,12892,156.00),(MQ,13158,53.00),(AA,11624,42.00),(AA,11278,36.00),(AA,12953,33.00),(MQ,13256,32.00)]"
"2025-01-08 12:00:00",2,13930,39,5,8.333333333333334,101.0,"[(UA,13198,101.00),(UA,14771,83.00),(F9,10397,74.00),(OO,14783,40.00),(OO,11337,40.00)]"
"2025-01-08 12:00:00",3,11298,37,6,20.756756756756758,263.0,"[(DL,12953,263.00),(AA,15412,171.00),(AA,12892,156.00),(OO,10747,69.00),(DL,12478,57.00),(AA,12264,42.00)]"
"2025-01-08 12:00:00",3,11298,32,6,14.75,263.0,"[(DL,12953,263.00),(MQ,13158,53.00),(AA,11624,42.00),(AA,11278,36.00),(AA,12953,33.00),(MQ,13256,32.00)]"
"2025-01-08 12:00:00",3,10397,37,2,11.216216216216216,247.0,"[(F9,12953,247.00),(OO,10372,171.00)]"
"2025-01-08 12:00:00",4,11298,30,5,7.133333333333334,53.0,"[(MQ,13158,53.00),(AA,11624,42.00),(AA,11278,36.00),(AA,12953,33.00),(MQ,13256,32.00)]"
"2025-01-08 12:00:00",4,11298,36,6,12.63888888888889,263.0,"[(DL,12953,263.00),(MQ,13158,53.00),(AA,11624,42.00),(AA,11278,36.00),(AA,12953,33.00),(MQ,13256,32.00)]"
"2025-01-08 12:00:00",5,11298,30,5,14.833333333333334,263.0,"[(DL,12953,263.00),(MQ,13158,53.00),(AA,11624,42.00),(AA,11278,36.00),(MQ,13256,32.00)]"
"2025-01-08 12:00:00",6,13930,39,5,8.333333333333334,101.0,"[(UA,13198,101.00),(UA,14771,83.00),(F9,10397,74.00),(OO,14783,40.00),(OO,11337,40.00)]"
"2025-01-08 12:00:00",7,10397,37,2,11.216216216216216,247.0,"[(F9,12953,247.00),(OO,10372,171.00)]"
"2025-01-08 13:00:00",1,11292,68,6,4.632352941176471,94.0,"[(UA,13487,94.00),(UA,14107,91.00),(OO,13486,63.00),(UA,15376,42.00),(WN,13796,34.00),(WN,14771,34.00)]"
"2025-01-08 13:00:00",1,11292,71,7,4.830985915492958,94.0,"[(UA,13487,94.00),(UA,14107,91.00),(OO,13486,63.00),(UA,15376,42.00),(WN,13796,34.00),(OO,12892,34.00),(WN,14771,34.00)]"
"2025-01-08 13:00:00",1,11292,71,7,4.830985915492958,94.0,"[(UA,13487,94.00),(UA,14107,91.00),(OO,13486,63.00),(UA,15376,42.00),(OO,12892,34.00),(WN,13796,34.00),(WN,14771,34.00)]"
"2025-01-08 13:00:00",2,11292,48,5,5.958333333333333,94.0,"[(UA,13487,94.00),(UA,14107,91.00),(UA,15376,42.00),(WN,13796,34.00),(WN,14771,34.00)]"
"2025-01-08 13:00:00",2,11292,51,6,6.1568627450980395,94.0,"[(UA,13487,94.00),(UA,14107,91.00),(UA,15376,42.00),(WN,13796,34.00),(OO,12892,34.00),(WN,14771,34.00)]"
"2025-01-08 13:00:00",2,13930,37,3,4.054054054054054,98.0,"[(OO,11721,98.00),(OO,10408,82.00),(UA,14869,38.00)]"
"2025-01-08 13:00:00",3,13930,36,3,4.138888888888889,98.0,"[(OO,11721,98.00),(OO,10408,82.00),(UA,14869,38.00)]"
"2025-01-08 13:00:00",3,11292,31,4,6.903225806451613,91.0,"[(UA,14107,91.00),(WN,13796,34.00),(OO,12892,34.00),(WN,14771,34.00)]"
"2025-01-08 13:00:00",3,14107,30,3,1.0333333333333334,38.0,"[(OO,11413,38.00),(WN,10821,37.00),(AA,11298,37.00)]"
"2025-01-08 13:00:00",4,11057,36,2,0.6666666666666666,82.0,"[(AA,12451,82.00),(AA,11278,45.00)]"
"2025-01-08 13:00:00",4,13930,37,3,4.054054054054054,98.0,"[(OO,11721,98.00),(OO,10408,82.00),(UA,14869,38.00)]"
"2025-01-08 13:00:00",5,14107,30,3,1.0333333333333334,38.0,"[(OO,11413,38.00),(WN,10821,37.00),(AA,11298,37.00)]"
"2025-01-08 14:00:00",1,11298,53,11,15.018867924528301,137.0,"[(AA,15376,137.00),(AA,13342,78.00),(AA,10423,69.00),(MQ,11775,67.00),(NK,11433,66.00),(MQ,15016,64.00),(MQ,11140,54.00),(OH,10599,48.00),(MQ,12206,45.00),(AA,13303,32.00),(AA,12953,31.00)]"
"2025-01-08 14:00:00",2,11298,38,7,14.763157894736842,137.0,"[(AA,15376,137.00),(AA,10423,69.00),(MQ,11775,67.00),(NK,11433,66.00),(MQ,15016,64.00),(MQ,11140,54.00),(OH,10599,48.00)]"
"2025-01-08 14:00:00",2,11292,31,3,10.838709677419354,87.0,"[(UA,15304,87.00),(WN,10800,80.00),(OO,10279,49.00)]"
"2025-01-08 14:00:00",3,14107,33,5,12.515151515151516,132.0,"[(OO,11638,132.00),(AA,12892,95.00),(OO,10713,81.00),(WN,10792,77.00),(AS,14747,74.00)]"
"2025-01-08 14:00:00",3,11292,31,3,10.838709677419354,87.0,"[(UA,15304,87.00),(WN,10800,80.00),(OO,10279,49.00)]"
"2025-01-08 14:00:00",3,10397,36,3,2.9166666666666665,116.0,"[(AA,13303,116.00),(F9,13204,48.00),(DL,11057,47.00)]"
"2025-01-08 14:00:00",4,11292,31,3,10.838709677419354,87.0,"[(UA,15304,87.00),(WN,10800,80.00),(OO,10279,49.00)]"
"2025-01-08 14:00:00",4,10397,36,3,2.9166666666666665,116.0,"[(AA,13303,116.00),(F9,13204,48.00),(DL,11057,47.00)]"
"2025-01-08 14:00:00",4,13930,54,2,1.5740740740740742,43.0,"[(AA,12892,43.00),(AA,12953,34.00)]"
"2025-01-08 14:00:00",5,10397,36,3,2.9166666666666665,116.0,"[(AA,13303,116.00),(F9,13204,48.00),(DL,11057,47.00)]"
"2025-01-08 14:00:00",5,13930,42,2,3.0238095238095237,43.0,"[(AA,12892,43.00),(AA,12953,34.00)]"
"2025-01-08 14:00:00",5,11057,38,1,3.210526315789474,177.0,"[(AA,15304,177.00)]"
"2025-01-08 14:00:00",6,13930,42,2,3.0238095238095237,43.0,"[(AA,12892,43.00),(AA,12953,34.00)]"
"2025-01-08 14:00:00",6,13930,54,2,1.5740740740740742,43.0,"[(AA,12892,43.00),(AA,12953,34.00)]"
"2025-01-08 14:00:00",7,13930,54,2,1.5740740740740742,43.0,"[(AA,12892,43.00),(AA,12953,34.00)]"
"2025-01-08 14:00:00",7,11057,38,1,3.210526315789474,177.0,"[(AA,15304,177.00)]"
"2025-01-08 14:00:00",8,11057,38,1,3.210526315789474,177.0,"[(AA,15304,177.00)]"
"2025-01-08 15:00:00",1,11298,37,6,10.837837837837839,103.0,"[(MQ,12217,103.00),(AA,11278,83.00),(AA,12892,46.00),(OO,14588,38.00),(OO,14674,36.00),(NK,14831,35.00)]"
"2025-01-08 15:00:00",2,10397,55,5,12.836363636363636,438.0,"[(OO,11146,438.00),(OO,11823,126.00),(OO,14696,95.00),(DL,13487,32.00),(DL,13204,31.00)]"
"2025-01-08 15:00:00",3,10397,39,3,15.76923076923077,438.0,"[(OO,11146,438.00),(OO,11823,126.00),(DL,13487,32.00)]"
"2025-01-08 15:00:00",3,11298,30,5,10.533333333333333,103.0,"[(MQ,12217,103.00),(AA,12892,46.00),(OO,14588,38.00),(OO,14674,36.00),(NK,14831,35.00)]"
"2025-01-08 15:00:00",3,13930,32,3,3.8125,75.0,"[(OO,10408,75.00),(YX,12953,55.00),(OO,13342,49.00)]"
"2025-01-08 15:00:00",4,13930,32,3,3.8125,75.0,"[(OO,10408,75.00),(YX,12953,55.00),(OO,13342,49.00)]"
"2025-01-08 15:00:00",4,10397,39,3,15.76923076923077,438.0,"[(OO,11146,438.00),(OO,11823,126.00),(DL,13487,32.00)]"
"2025-01-08 15:00:00",5,11292,40,2,5.375,124.0,"[(WN,13198,124.00),(OO,11413,47.00)]"
"2025-01-08 15:00:00",5,13930,32,3,3.8125,75.0,"[(OO,10408,75.00),(YX,12953,55.00),(OO,13342,49.00)]"
"2025-01-08 16:00:00",1,11057,49,8,10.346938775510203,130.0,"[(UA,12266,130.00),(AA,11624,112.00),(MQ,10431,89.00),(AA,11433,88.00),(DL,10397,44.00),(AA,11292,41.00),(AA,14747,32.00),(AA,12889,32.00)]"
"2025-01-08 16:00:00",2,14107,30,6,15.666666666666666,200.0,"[(WN,12892,200.00),(WN,13891,96.00),(AA,11193,92.00),(UA,11292,50.00),(OO,12892,42.00),(WN,12954,36.00)]"
"2025-01-08 16:00:00",3,11298,38,3,7.815789473684211,109.0,"[(AA,13930,109.00),(F9,12953,45.00),(OH,12217,37.00)]"
"2025-01-08 16:00:00",3,11298,52,3,5.615384615384615,109.0,"[(AA,13930,109.00),(F9,12953,45.00),(OH,12217,37.00)]"
"2025-01-08 16:00:00",4,11298,52,3,5.615384615384615,109.0,"[(AA,13930,109.00),(F9,12953,45.00),(OH,12217,37.00)]"
"2025-01-08 16:00:00",4,11298,48,3,6.354166666666667,109.0,"[(AA,13930,109.00),(F9,12953,45.00),(OH,12217,37.00)]"
"2025-01-08 16:00:00",4,10397,36,2,3.388888888888889,52.0,"[(F9,13232,52.00),(DL,13871,41.00)]"
"2025-01-08 16:00:00",5,11057,31,3,3.838709677419355,89.0,"[(MQ,10431,89.00),(AA,11292,41.00),(AA,14747,32.00)]"
"2025-01-08 16:00:00",5,11298,52,3,5.615384615384615,109.0,"[(AA,13930,109.00),(F9,12953,45.00),(OH,12217,37.00)]"
"2025-01-08 16:00:00",6,10397,30,2,3.6333333333333333,52.0,"[(F9,13232,52.00),(DL,13871,41.00)]"
"2025-01-08 16:00:00",6,11057,31,3,3.838709677419355,89.0,"[(MQ,10431,89.00),(AA,11292,41.00),(AA,14747,32.00)]"
"2025-01-08 16:00:00",7,10397,36,2,3.388888888888889,52.0,"[(F9,13232,52.00),(DL,13871,41.00)]"
"2025-01-08 16:00:00",7,10397,30,2,3.6333333333333333,52.0,"[(F9,13232,52.00),(DL,13871,41.00)]"
"2025-01-08 16:00:00",8,10397,36,2,3.388888888888889,52.0,"[(F9,13232,52.00),(DL,13871,41.00)]"
"2025-01-08 17:00:00",1,11292,89,11,9.415730337078651,136.0,"[(UA,15304,136.00),(WN,14679,128.00),(WN,14122,102.00),(WN,14492,100.00),(UA,10721,71.00),(UA,10423,61.00),(WN,10599,60.00),(UA,13198,50.00),(OO,12177,46.00),(OO,13851,33.00),(UA,11618,31.00)]"
"2025-01-08 17:00:00",1,11292,90,11,9.255555555555556,136.0,"[(UA,15304,136.00),(WN,14679,128.00),(WN,14122,102.00),(WN,14492,100.00),(UA,10721,71.00),(UA,10423,61.00),(WN,10599,60.00),(UA,13198,50.00),(OO,12177,46.00),(OO,13851,33.00),(UA,11618,31.00)]"
"2025-01-08 17:00:00",2,11292,90,11,9.255555555555556,136.0,"[(UA,15304,136.00),(WN,14679,128.00),(WN,14122,102.00),(WN,14492,100.00),(UA,10721,71.00),(UA,10423,61.00),(WN,10599,60.00),(UA,13198,50.00),(OO,12177,46.00),(OO,13851,33.00),(UA,11618,31.00)]"
"2025-01-08 17:00:00",2,11278,35,6,10.857142857142858,97.0,"[(OH,10868,97.00),(OH,13577,84.00),(OH,10994,53.00),(OH,14685,48.00),(OH,14307,37.00),(YX,12953,34.00)]"
"2025-01-08 17:00:00",3,11278,35,6,10.857142857142858,97.0,"[(OH,10868,97.00),(OH,13577,84.00),(OH,10994,53.00),(OH,14685,48.00),(OH,14307,37.00),(YX,12953,34.00)]"
"2025-01-08 17:00:00",3,11292,52,6,8.538461538461538,136.0,"[(UA,15304,136.00),(WN,14679,128.00),(WN,14492,100.00),(UA,10423,61.00),(WN,10599,60.00),(OO,13851,33.00)]"
"2025-01-08 17:00:00",3,13930,47,6,5.23404255319149,57.0,"[(AA,14679,57.00),(AA,10423,53.00),(OO,14696,50.00),(AA,12953,44.00),(YX,12953,42.00),(AA,11057,31.00)]"
"2025-01-08 17:00:00",4,13930,47,6,5.23404255319149,57.0,"[(AA,14679,57.00),(AA,10423,53.00),(OO,14696,50.00),(AA,12953,44.00),(YX,12953,42.00),(AA,11057,31.00)]"
"2025-01-08 17:00:00",4,11292,66,6,7.287878787878788,136.0,"[(UA,15304,136.00),(WN,14679,128.00),(WN,14492,100.00),(UA,10423,61.00),(WN,10599,60.00),(OO,13851,33.00)]"
"2025-01-08 17:00:00",4,14107,34,4,12.676470588235293,192.0,"[(AS,14747,192.00),(WN,10693,155.00),(AS,14057,71.00),(OO,14698,31.00)]"
"2025-01-08 17:00:00",5,11292,46,5,9.26086956521739,136.0,"[(UA,15304,136.00),(WN,14679,128.00),(WN,14492,100.00),(UA,10423,61.00),(WN,10599,60.00)]"
"2025-01-08 17:00:00",5,13930,47,6,5.23404255319149,57.0,"[(AA,14679,57.00),(AA,10423,53.00),(OO,14696,50.00),(AA,12953,44.00),(YX,12953,42.00),(AA,11057,31.00)]"
"2025-01-08 17:00:00",5,11298,42,3,6.738095238095238,80.0,"[(AA,13303,80.00),(AA,12896,53.00),(AA,11503,35.00)]"
"2025-01-08 17:00:00",6,11292,47,5,9.085106382978724,136.0,"[(UA,15304,136.00),(WN,14679,128.00),(WN,14492,100.00),(UA,10423,61.00),(WN,10599,60.00)]"
"2025-01-08 17:00:00",6,11292,46,5,9.26086956521739,136.0,"[(UA,15304,136.00),(WN,14679,128.00),(WN,14492,100.00),(UA,10423,61.00),(WN,10599,60.00)]"
"2025-01-08 17:00:00",6,13204,31,2,6.838709677419355,57.0,"[(B6,12953,57.00),(F9,14100,56.00)]"
"2025-01-08 17:00:00",7,12264,32,4,15.03125,283.0,"[(UA,12266,283.00),(UA,12892,61.00),(UA,11292,53.00),(UA,14747,34.00)]"
"2025-01-08 17:00:00",7,13930,37,5,5.837837837837838,53.0,"[(AA,10423,53.00),(OO,14696,50.00),(AA,12953,44.00),(YX,12953,42.00),(AA,11057,31.00)]"
"2025-01-08 17:00:00",8,14107,34,4,12.676470588235293,192.0,"[(AS,14747,192.00),(WN,10693,155.00),(AS,14057,71.00),(OO,14698,31.00)]"
"2025-01-08 17:00:00",9,11298,42,3,6.738095238095238,80.0,"[(AA,13303,80.00),(AA,12896,53.00),(AA,11503,35.00)]"
"2025-01-08 17:00:00",9,14107,30,3,13.666666666666666,192.0,"[(AS,14747,192.00),(WN,10693,155.00),(AS,14057,71.00)]"
"2025-01-08 17:00:00",10,13204,31,2,6.838709677419355,57.0,"[(B6,12953,57.00),(F9,14100,56.00)]"
"2025-01-08 17:00:00",10,11298,35,3,7.142857142857143,80.0,"[(AA,13303,80.00),(AA,12896,53.00),(AA,11503,35.00)]"
"2025-01-08 18:00:00",1,11298,45,7,16.244444444444444,198.0,"[(AA,10423,198.00),(AA,14100,91.00),(NK,11618,60.00),(AA,13303,54.00),(AA,10529,46.00),(MQ,12191,43.00),(AA,13851,31.00)]"
"2025-01-08 18:00:00",1,11057,51,5,5.568627450980392,102.0,"[(AA,11995,102.00),(AA,14771,60.00),(AA,12892,41.00),(AA,12323,39.00),(AA,14635,32.00)]"
"2025-01-08 18:00:00",1,11298,38,5,12.157894736842104,91.0,"[(AA,14100,91.00),(NK,11618,60.00),(AA,13303,54.00),(AA,10529,46.00),(MQ,12191,43.00)]"
"2025-01-08 18:00:00",2,11057,50,5,5.46,102.0,"[(AA,11995,102.00),(AA,14771,60.00),(AA,12892,41.00),(AA,12323,39.00),(AA,14635,32.00)]"
"2025-01-08 18:00:00",2,14107,31,3,8.741935483870968,42.0,"[(WN,15016,42.00),(WN,11259,39.00),(WN,10423,31.00)]"
"2025-01-08 18:00:00",2,11057,51,5,5.568627450980392,102.0,"[(AA,11995,102.00),(AA,14771,60.00),(AA,12892,41.00),(AA,12323,39.00),(AA,14635,32.00)]"
"2025-01-08 18:00:00",3,14107,31,3,8.741935483870968,42.0,"[(WN,15016,42.00),(WN,11259,39.00),(WN,10423,31.00)]"
"2025-01-08 18:00:00",3,12266,39,3,6.948717948717949,188.0,"[(UA,12953,188.00),(UA,11042,95.00),(AA,11057,32.00)]"
"2025-01-08 18:00:00",4,12266,39,3,6.948717948717949,188.0,"[(UA,12953,188.00),(UA,11042,95.00),(AA,11057,32.00)]"
"2025-01-08 18:00:00",4,11057,45,3,3.977777777777778,102.0,"[(AA,11995,102.00),(AA,14771,60.00),(AA,14635,32.00)]"
"2025-01-08 18:00:00",5,10397,46,2,0.9347826086956522,107.0,"[(DL,12892,107.00),(WN,11259,52.00)]"
"2025-01-08 18:00:00",5,10397,30,2,3.0,107.0,"[(DL,12892,107.00),(WN,11259,52.00)]"
"2025-01-08 18:00:00",5,10397,47,2,0.8085106382978723,107.0,"[(DL,12892,107.00),(WN,11259,52.00)]"
"2025-01-08 18:00:00",6,13930,34,1,3.176470588235294,101.0,"[(UA,15304,101.00)]"
"2025-01-08 18:00:00",6,12266,31,2,2.2903225806451615,95.0,"[(UA,11042,95.00),(AA,11057,32.00)]"
"2025-01-08 18:00:00",6,13930,55,1,2.327272727272727,101.0,"[(UA,15304,101.00)]"
"2025-01-08 18:00:00",7,13930,30,1,3.033333333333333,101.0,"[(UA,15304,101.00)]"
"2025-01-08 18:00:00",7,10397,42,2,1.380952380952381,107.0,"[(DL,12892,107.00),(WN,11259,52.00)]"
"2025-01-08 18:00:00",8,13930,55,1,2.327272727272727,101.0,"[(UA,15304,101.00)]"
"2025-01-08 18:00:00",8,10397,47,2,0.8085106382978723,107.0,"[(DL,12892,107.00),(WN,11259,52.00)]"
"2025-01-08 18:00:00",9,13930,30,1,3.033333333333333,101.0,"[(UA,15304,101.00)]"
"2025-01-08 18:00:00",10,13930,38,1,2.9473684210526314,101.0,"[(UA,15304,101.00)]"
"2025-01-08 19:00:00",1,11298,40,9,17.85,203.0,"[(AA,14524,203.00),(AA,10693,72.00),(AA,13851,68.00),(AA,15370,68.00),(MQ,11140,61.00),(AA,11278,60.00),(AA,13303,50.00),(AA,10800,48.00),(AA,14057,46.00)]"
"2025-01-08 19:00:00",1,11298,63,14,17.07936507936508,203.0,"[(AA,14524,203.00),(AA,14685,139.00),(AA,11042,98.00),(AA,10693,72.00),(AA,13851,68.00),(AA,15370,68.00),(AA,12953,65.00),(AA,10140,65.00),(MQ,11140,61.00),(AA,11278,60.00),(AA,13303,50.00),(AA,10800,48.00),(AA,14057,46.00),(OO,10372,32.00)]"
"2025-01-08 19:00:00",2,11292,44,4,7.9772727272727275,101.0,"[(WN,13930,101.00),(UA,12889,94.00),(UA,11603,73.00),(OO,11097,38.00)]"
"2025-01-08 19:00:00",2,11298,51,10,16.41176470588235,203.0,"[(AA,14524,203.00),(AA,14685,139.00),(AA,11042,98.00),(AA,13851,68.00),(AA,12953,65.00),(AA,10140,65.00),(AA,11278,60.00),(AA,10800,48.00),(AA,14057,46.00),(OO,10372,32.00)]"
"2025-01-08 19:00:00",2,13303,30,8,27.633333333333333,225.0,"[(AA,14492,225.00),(AA,12339,156.00),(AA,12889,121.00),(AA,11278,93.00),(AA,12266,85.00),(DL,12953,71.00),(AA,12478,31.00),(AA,14747,31.00)]"
"2025-01-08 19:00:00",3,10397,36,2,5.805555555555555,127.0,"[(OO,14696,127.00),(DL,14524,39.00)]"
"2025-01-08 19:00:00",3,13303,30,8,27.633333333333333,225.0,"[(AA,14492,225.00),(AA,12339,156.00),(AA,12889,121.00),(AA,11278,93.00),(AA,12266,85.00),(DL,12953,71.00),(AA,12478,31.00),(AA,14747,31.00)]"
"2025-01-08 19:00:00",3,10397,51,3,5.862745098039215,127.0,"[(OO,14696,127.00),(DL,11618,79.00),(DL,14524,39.00)]"
"2025-01-08 19:00:00",4,11292,39,2,4.9743589743589745,101.0,"[(WN,13930,101.00),(OO,11097,38.00)]"
"2025-01-08 19:00:00",4,10397,39,3,8.256410256410257,127.0,"[(OO,14696,127.00),(DL,11618,79.00),(DL,14524,39.00)]"
"2025-01-08 19:00:00",4,12892,32,1,-3.4375,55.0,"[(OO,14869,55.00)]"
"2025-01-08 19:00:00",5,10397,51,3,5.862745098039215,127.0,"[(OO,14696,127.00),(DL,11618,79.00),(DL,14524,39.00)]"
"2025-01-08 19:00:00",5,11292,36,0,1.7777777777777777,28.0,[]
"2025-01-08 19:00:00",6,12892,32,1,-3.4375,55.0,"[(OO,14869,55.00)]"
"2025-01-08 20:00:00",1,11057,33,4,5.181818181818182,60.0,"[(OH,11973,60.00),(OH,13367,59.00),(AA,11423,40.00),(AA,13930,39.00)]"
"2025-01-08 20:00:00",1,11057,56,6,4.321428571428571,60.0,"[(OH,11973,60.00),(OH,13367,59.00),(AA,12892,49.00),(OH,11193,42.00),(AA,11423,40.00),(AA,13930,39.00)]"
"2025-01-08 20:00:00",2,13930,37,2,6.8108108108108105,148.0,"[(AA,10423,148.00),(AA,14107,119.00)]"
"2025-01-08 20:00:00",2,13930,61,5,6.426229508196721,148.0,"[(AA,10423,148.00),(AA,14107,119.00),(UA,11292,69.00),(AA,15016,57.00),(YX,12266,32.00)]"
"2025-01-08 20:00:00",3,13930,43,4,5.813953488372093,119.0,"[(AA,14107,119.00),(UA,11292,69.00),(AA,15016,57.00),(YX,12266,32.00)]"
"2025-01-08 20:00:00",3,11292,39,2,3.8461538461538463,41.0,"[(OO,13433,41.00),(OO,10779,37.00)]"
"2025-01-08 20:00:00",4,11057,37,3,2.972972972972973,60.0,"[(OH,11973,60.00),(AA,12892,49.00),(OH,11193,42.00)]"
"2025-01-08 20:00:00",4,14107,36,2,-0.9166666666666666,87.0,"[(WN,12889,87.00),(WN,10800,33.00)]"
"2025-01-08 20:00:00",5,14107,36,2,-0.9166666666666666,87.0,"[(WN,12889,87.00),(WN,10800,33.00)]"
"2025-01-08 21:00:00",1,11298,37,5,21.864864864864863,543.0,"[(AA,13256,543.00),(MQ,13422,121.00),(AA,13303,54.00),(AA,11109,52.00),(AA,14747,51.00)]"
"2025-01-08 21:00:00",1,11298,71,8,14.28169014084507,543.0,"[(AA,13256,543.00),(AA,14262,122.00),(MQ,13422,121.00),(AA,13303,54.00),(AA,11109,52.00),(AA,14747,51.00),(MQ,11982,47.00),(MQ,10136,33.00)]"
"2025-01-08 21:00:00",2,11298,34,3,6.029411764705882,122.0,"[(AA,14262,122.00),(MQ,11982,47.00),(MQ,10136,33.00)]"
"2025-01-08 21:00:00",2,11298,49,5,7.1020408163265305,122.0,"[(AA,14262,122.00),(MQ,13422,121.00),(AA,11109,52.00),(MQ,11982,47.00),(MQ,10136,33.00)]"
"2025-01-08 21:00:00",2,10397,36,3,8.472222222222221,121.0,"[(OO,11823,121.00),(OO,13277,111.00),(DL,14986,90.00)]"
"2025-01-08 21:00:00",3,11298,42,4,7.261904761904762,122.0,"[(AA,14262,122.00),(MQ,13422,121.00),(MQ,11982,47.00),(MQ,10136,33.00)]"
"2025-01-08 21:00:00",4,10397,31,3,10.225806451612904,121.0,"[(OO,11823,121.00),(OO,13277,111.00),(DL,14986,90.00)]"
"2025-01-08 21:00:00",5,10397,36,3,8.472222222222221,121.0,"[(OO,11823,121.00),(OO,13277,111.00),(DL,14986,90.00)]"
"2025-01-08 21:00:00",6,11298,34,3,6.029411764705882,122.0,"[(AA,14262,122.00),(MQ,11982,47.00),(MQ,10136,33.00)]"
"2025-01-08 22:00:00",1,10397,37,1,-1.864864864864865,35.0,"[(F9,10721,35.00)]"
"2025-01-08 22:00:00",1,11057,37,1,-2.810810810810811,73.0,"[(AA,13931,73.00)]"
"2025-01-08 22:00:00",2,10397,33,0,-1.5151515151515151,14.0,[]
"2025-01-09 06:00:00",1,11278,32,1,-2.53125,33.0,"[(DL,13204,33.00)]"
"2025-01-09 06:00:00",1,12953,32,3,-1.59375,61.0,"[(F9,11057,61.00),(B6,13204,36.00),(YX,11057,33.00)]"
"2025-01-09 06:00:00",2,11278,32,1,-2.53125,33.0,"[(DL,13204,33.00)]"
"2025-01-09 07:00:00",1,10397,34,2,5.0,167.0,"[(UA,11292,167.00),(DL,14747,40.00)]"
"2025-01-09 07:00:00",1,13930,37,7,6.891891891891892,93.0,"[(OO,12953,93.00),(YX,11278,78.00),(F9,14635,73.00),(OO,11288,61.00),(UA,12892,55.00),(DL,10397,54.00),(OO,11433,53.00)]"
"2025-01-09 07:00:00",2,14747,31,1,-0.7096774193548387,34.0,"[(AS,11292,34.00)]"
"2025-01-09 07:00:00",2,10397,34,2,5.0,167.0,"[(UA,11292,167.00),(DL,14747,40.00)]"
"2025-01-09 07:00:00",3,12889,35,1,-0.7142857142857143,145.0,"[(DL,12892,145.00)]"
"2025-01-09 07:00:00",3,14747,31,1,-0.7096774193548387,34.0,"[(AS,11292,34.00)]"
"2025-01-09 07:00:00",4,12953,31,0,-4.193548387096774,25.0,[]
"2025-01-09 07:00:00",4,12889,35,1,-0.7142857142857143,145.0,"[(DL,12892,145.00)]"
"2025-01-09 07:00:00",5,11057,32,0,-5.0,25.0,[]
"2025-01-09 07:00:00",5,12953,31,0,-4.193548387096774,25.0,[]
"2025-01-09 07:00:00",6,11057,43,0,-4.604651162790698,25.0,[]
"2025-01-09 08:00:00",1,10397,32,2,2.78125,41.0,"[(AS,14747,41.00),(OO,13277,41.00)]"
"2025-01-09 08:00:00",1,11292,30,4,19.1,215.0,"[(OO,10620,215.00),(OO,11447,145.00),(UA,11697,64.00),(OO,11109,32.00)]"
"2025-01-09 08:00:00",1,11292,42,6,15.095238095238095,215.0,"[(OO,10620,215.00),(OO,11447,145.00),(UA,11697,64.00),(UA,14869,60.00),(F9,11193,34.00),(OO,11109,32.00)]"
"2025-01-09 08:00:00",2,10397,35,2,2.1714285714285713,41.0,"[(AS,14747,41.00),(OO,13277,41.00)]"
"2025-01-09 08:00:00",2,10397,57,4,3.245614035087719,77.0,"[(DL,14869,77.00),(DL,15304,74.00),(AS,14747,41.00),(OO,13277,41.00)]"
"2025-01-09 08:00:00",3,13930,31,1,2.774193548387097,115.0,"[(UA,12953,115.00)]"
"2025-01-09 08:00:00",3,13930,32,3,8.6875,115.0,"[(UA,12953,115.00),(OO,15370,110.00),(AA,11057,104.00)]"
"2025-01-09 08:00:00",3,13930,59,3,4.237288135593221,115.0,"[(UA,12953,115.00),(OO,15370,110.00),(AA,11057,104.00)]"
"2025-01-09 08:00:00",4,13930,44,3,5.590909090909091,115.0,"[(UA,12953,115.00),(OO,15370,110.00),(AA,11057,104.00)]"
"2025-01-09 08:00:00",4,11433,38,2,3.8947368421052633,248.0,"[(OO,13232,248.00),(OO,13485,110.00)]"
"2025-01-09 08:00:00",5,10397,43,3,2.604651162790698,77.0,"[(DL,14869,77.00),(DL,15304,74.00),(AS,14747,41.00)]"
"2025-01-09 08:00:00",5,11278,35,2,2.8,105.0,"[(OH,14730,105.00),(OH,14122,70.00)]"
"2025-01-09 08:00:00",6,11278,35,2,2.8,105.0,"[(OH,14730,105.00),(OH,14122,70.00)]"
"2025-01-09 08:00:00",6,14107,31,1,3.2903225806451615,258.0,"[(AA,14908,258.00)]"
"2025-01-09 08:00:00",7,14771,34,1,1.7352941176470589,123.0,"[(UA,13891,123.00)]"
"2025-01-09 08:00:00",8,12892,33,0,-3.121212121212121,23.0,[]
"2025-01-09 08:00:00",8,13303,31,1,-0.1935483870967742,39.0,"[(AA,14492,39.00)]"
"2025-01-09 08:00:00",9,12892,45,1,-3.0,33.0,"[(WN,12889,33.00)]"
"2025-01-09 08:00:00",10,12889,32,0,0.96875,26.0,[]
"2025-01-09 09:00:00",1,11292,34,12,23.823529411764707,178.0,"[(OO,11109,178.00),(OO,11637,78.00),(UA,14986,74.00),(F9,12889,47.00),(OO,15412,46.00),(WN,10423,40.00),(WN,12264,39.00),(WN,12889,36.00),(UA,10693,36.00),(OO,16869,35.00),(WN,10713,34.00),(UA,14107,33.00)]"
"2025-01-09 09:00:00",1,11292,53,11,15.39622641509434,88.0,"[(UA,11193,88.00),(OO,11637,78.00),(UA,15304,66.00),(OO,11503,49.00),(F9,12889,47.00),(WN,10423,40.00),(WN,12264,39.00),(WN,12889,36.00),(OO,16869,35.00),(WN,10713,34.00),(F9,14679,33.00)]"
"2025-01-09 09:00:00",1,11292,68,16,18.514705882352942,178.0,"[(OO,11109,178.00),(UA,11193,88.00),(OO,11637,78.00),(UA,14986,74.00),(UA,15304,66.00),(OO,11503,49.00),(F9,12889,47.00),(OO,15412,46.00),(WN,10423,40.00),(WN,12264,39.00),(WN,12889,36.00),(UA,10693,36.00),(OO,16869,35.00),(WN,10713,34.00),(F9,14679,33.00),(UA,14107,33.00)]"
"2025-01-09 09:00:00",2,11292,34,4,13.205882352941176,88.0,"[(UA,11193,88.00),(UA,15304,66.00),(OO,11503,49.00),(F9,14679,33.00)]"
"2025-01-09 09:00:00",2,10397,37,5,6.918918918918919,65.0,"[(DL,11423,65.00),(WN,11292,57.00),(DL,14893,47.00),(DL,11292,36.00),(DL,12339,32.00)]"
"2025-01-09 09:00:00",2,13930,55,6,33.236363636363635,1546.0,"[(AA,12441,1546.00),(UA,14831,181.00),(UA,13830,64.00),(UA,12441,57.00),(UA,12173,47.00),(UA,12094,35.00)]"
"2025-01-09 09:00:00",3,11292,34,4,13.205882352941176,88.0,"[(UA,11193,88.00),(UA,15304,66.00),(OO,11503,49.00),(F9,14679,33.00)]"
"2025-01-09 09:00:00",3,10397,52,5,4.5,65.0,"[(DL,11423,65.00),(WN,11292,57.00),(DL,14893,47.00),(DL,11292,36.00),(DL,12339,32.00)]"
"2025-01-09 09:00:00",4,12892,37,4,1.1081081081081081,56.0,"[(DL,14683,56.00),(AA,12889,54.00),(DL,12478,36.00),(NK,12889,35.00)]"
"2025-01-09 09:00:00",4,12892,47,4,0.0425531914893617,56.0,"[(DL,14683,56.00),(AA,12889,54.00),(DL,12478,36.00),(NK,12889,35.00)]"
"2025-01-09 09:00:00",5,12892,47,4,0.0425531914893617,56.0,"[(DL,14683,56.00),(AA,12889,54.00),(DL,12478,36.00),(NK,12889,35.00)]"
"2025-01-09 09:00:00",5,11057,39,3,6.205128205128205,190.0,"[(AA,10434,190.00),(AA,15304,128.00),(F9,14100,57.00)]"
"2025-01-09 09:00:00",6,13930,39,3,5.076923076923077,181.0,"[(UA,14831,181.00),(UA,13830,64.00),(UA,12441,57.00)]"
"2025-01-09 09:00:00",6,14747,34,3,3.9705882352941178,98.0,"[(DL,10299,98.00),(DL,12889,47.00),(OO,14489,45.00)]"
"2025-01-09 09:00:00",7,14107,35,3,4.714285714285714,134.0,"[(F9,14869,134.00),(WN,10423,58.00),(WN,11292,35.00)]"
"2025-01-09 09:00:00",7,14107,50,3,2.6,134.0,"[(F9,14869,134.00),(WN,10423,58.00),(WN,11292,35.00)]"
"2025-01-09 09:00:00",8,14747,34,3,3.9705882352941178,98.0,"[(DL,10299,98.00),(DL,12889,47.00),(OO,14489,45.00)]"
"2025-01-09 09:00:00",8,12889,32,2,5.5625,82.0,"[(DL,12478,82.00),(WN,11066,40.00)]"
"2025-01-09 10:00:00",1,11292,33,11,37.27272727272727,336.0,"[(F9,13930,336.00),(UA,11618,155.00),(WN,10849,85.00),(WN,12191,58.00),(F9,14122,50.00),(F9,15412,48.00),(F9,14771,47.00),(UA,12339,44.00),(WN,10821,42.00),(WN,14747,41.00),(WN,11540,40.00)]"
"2025-01-09 10:00:00",1,11292,54,16,32.074074074074076,336.0,"[(F9,13930,336.00),(OO,12217,168.00),(UA,11618,155.00),(WN,12992,95.00),(WN,10849,85.00),(WN,12191,58.00),(WN,11066,56.00),(F9,14122,50.00),(UA,14100,48.00),(F9,15412,48.00),(F9,14771,47.00),(UA,12339,44.00),(WN,10821,42.00),(WN,14747,41.00),(WN,11540,40.00),(WN,14570,37.00)]"
"2025-01-09 10:00:00",2,10397,31,7,23.741935483870968,241.0,"[(DL,11433,241.00),(DL,15412,129.00),(OO,11823,88.00),(UA,13930,64.00),(DL,14307,60.00),(DL,14869,51.00),(DL,12889,46.00)]"
"2025-01-09 10:00:00",2,11292,43,14,35.627906976744185,336.0,"[(F9,13930,336.00),(OO,12217,168.00),(UA,11618,155.00),(WN,12992,95.00),(WN,10849,85.00),(WN,11066,56.00),(F9,14122,50.00),(UA,14100,48.00),(F9,15412,48.00),(F9,14771,47.00),(UA,12339,44.00),(WN,14747,41.00),(WN,11540,40.00),(WN,14570,37.00)]"
"2025-01-09 10:00:00",2,10397,57,12,19.57894736842105,241.0,"[(DL,11433,241.00),(OO,10146,133.00),(DL,15412,129.00),(OO,11612,111.00),(OO,14696,99.00),(OO,11823,88.00),(UA,13930,64.00),(DL,14307,60.00),(DL,14122,56.00),(DL,14869,51.00),(DL,12889,46.00),(DL,15024,33.00)]"
"2025-01-09 10:00:00",3,13930,32,4,7.8125,77.0,"[(OO,10408,77.00),(OO,11471,77.00),(AA,14869,70.00),(AA,13204,34.00)]"
"2025-01-09 10:00:00",3,10397,39,8,14.717948717948717,133.0,"[(OO,10146,133.00),(OO,11612,111.00),(OO,14696,99.00),(OO,11823,88.00),(UA,13930,64.00),(DL,14122,56.00),(DL,14869,51.00),(DL,15024,33.00)]"
"2025-01-09 10:00:00",3,11433,39,5,12.64102564102564,217.0,"[(OO,10469,217.00),(OO,10994,204.00),(OO,15096,86.00),(DL,14492,41.00),(DL,13204,36.00)]"
"2025-01-09 10:00:00",4,11433,39,5,12.64102564102564,217.0,"[(OO,10469,217.00),(OO,10994,204.00),(OO,15096,86.00),(DL,14492,41.00),(DL,13204,36.00)]"
"2025-01-09 10:00:00",4,13930,60,5,5.116666666666666,86.0,"[(UA,10529,86.00),(OO,10408,77.00),(OO,11471,77.00),(AA,14869,70.00),(AA,13204,34.00)]"
"2025-01-09 10:00:00",5,13930,32,4,7.8125,77.0,"[(OO,10408,77.00),(OO,11471,77.00),(AA,14869,70.00),(AA,13204,34.00)]"
"2025-01-09 10:00:00",5,12889,35,3,8.2,52.0,"[(WN,12892,52.00),(WN,15016,51.00),(B6,10721,37.00)]"
"2025-01-09 10:00:00",6,13930,46,4,4.8478260869565215,77.0,"[(OO,10408,77.00),(OO,11471,77.00),(AA,14869,70.00),(AA,13204,34.00)]"
"2025-01-09 10:00:00",6,13204,32,2,1.8125,43.0,"[(F9,14843,43.00),(AA,13303,39.00)]"
"2025-01-09 10:00:00",7,14107,31,2,0.5483870967741935,36.0,"[(WN,12339,36.00),(WN,12889,35.00)]"
"2025-01-09 11:00:00",1,11292,44,19,52.88636363636363,644.0,"[(DL,13487,644.00),(UA,14771,211.00),(UA,14057,179.00),(UA,14831,114.00),(UA,14679,87.00),(UA,13502,80.00),(UA,14262,66.00),(OO,15041,57.00),(UA,12953,56.00),(UA,11921,55.00),(WN,15016,53.00),(OO,11097,51.00),(WN,14492,49.00),(UA,11413,45.00),(OO,12280,42.00),(UA,10620,41.00),(UA,11648,38.00),(OO,11503,35.00),(UA,12892,34.00)]"
"2025-01-09 11:00:00",1,11292,89,35,41.13483146067416,644.0,"[(DL,13487,644.00),(UA,14771,211.00),(UA,14057,179.00),(UA,14831,114.00),(WN,11638,113.00),(OO,11638,103.00),(OO,14457,91.00),(UA,14679,87.00),(UA,13502,80.00),(WN,14679,78.00),(OO,10617,73.00),(UA,14262,66.00),(UA,12094,64.00),(OO,15041,57.00),(UA,12953,56.00),(UA,11921,55.00),(WN,15016,53.00),(WN,13204,51.00),(OO,11097,51.00),(OO,14252,50.00)]"
"2025-01-09 11:00:00",2,11292,42,18,50.642857142857146,644.0,"[(DL,13487,644.00),(UA,14771,211.00),(UA,14831,114.00),(UA,14679,87.00),(UA,13502,80.00),(UA,14262,66.00),(OO,15041,57.00),(UA,12953,56.00),(UA,11921,55.00),(WN,15016,53.00),(OO,11097,51.00),(WN,14492,49.00),(UA,11413,45.00),(OO,12280,42.00),(UA,10620,41.00),(UA,11648,38.00),(OO,11503,35.00),(UA,12892,34.00)]"
"2025-01-09 11:00:00",2,11292,70,28,43.34285714285714,644.0,"[(DL,13487,644.00),(UA,14771,211.00),(UA,14831,114.00),(WN,11638,113.00),(OO,11638,103.00),(OO,14457,91.00),(UA,14679,87.00),(UA,13502,80.00),(WN,14679,78.00),(OO,10617,73.00),(UA,12094,64.00),(UA,12953,56.00),(UA,11921,55.00),(WN,15016,53.00),(WN,13204,51.00),(OO,11097,51.00),(OO,14252,50.00),(WN,14492,49.00),(WN,14908,45.00),(F9,11278,45.00)]"
"2025-01-09 11:00:00",2,13930,31,5,10.0,74.0,"[(OO,13184,74.00),(OO,11823,70.00),(UA,10785,68.00),(OO,13931,65.00),(OO,15380,40.00)]"
"2025-01-09 11:00:00",3,11292,45,16,29.644444444444446,113.0,"[(WN,11638,113.00),(OO,11638,103.00),(OO,14457,91.00),(WN,14679,78.00),(OO,10617,73.00),(UA,12094,64.00),(WN,13204,51.00),(OO,14252,50.00),(F9,11278,45.00),(WN,14908,45.00),(UA,11884,42.00),(UA,14570,36.00),(WN,10721,35.00),(UA,11540,35.00),(WN,10423,31.00),(UA,11603,31.00)]"
"2025-01-09 11:00:00",3,11292,45,16,29.644444444444446,113.0,"[(WN,11638,113.00),(OO,11638,103.00),(OO,14457,91.00),(WN,14679,78.00),(OO,10617,73.00),(UA,12094,64.00),(WN,13204,51.00),(OO,14252,50.00),(WN,14908,45.00),(F9,11278,45.00),(UA,11884,42.00),(UA,14570,36.00),(UA,11540,35.00),(WN,10721,35.00),(WN,10423,31.00),(UA,11603,31.00)]"
"2025-01-09 11:00:00",3,10397,57,5,7.5964912280701755,112.0,"[(OO,12945,112.00),(DL,15016,105.00),(DL,15024,82.00),(DL,13495,37.00),(WN,13303,36.00)]"
"2025-01-09 11:00:00",4,11057,31,2,3.6129032258064515,44.0,"[(AA,12889,44.00),(AA,12892,34.00)]"
"2025-01-09 11:00:00",4,14869,31,5,9.709677419354838,144.0,"[(DL,12173,144.00),(F9,12892,127.00),(OO,11921,72.00),(DL,13830,49.00),(DL,13204,38.00)]"
"2025-01-09 11:00:00",4,14869,48,5,5.458333333333333,144.0,"[(DL,12173,144.00),(F9,12892,127.00),(OO,11921,72.00),(DL,13830,49.00),(DL,13204,38.00)]"
"2025-01-09 11:00:00",5,14869,31,1,0.7096774193548387,127.0,"[(F9,12892,127.00)]"
"2025-01-09 11:00:00",5,11057,53,5,4.886792452830188,44.0,"[(AA,12889,44.00),(AA,12953,41.00),(AA,15024,39.00),(OH,11252,38.00),(AA,12892,34.00)]"
"2025-01-09 11:00:00",6,14107,38,1,0.23684210526315788,59.0,"[(MQ,11603,59.00)]"
"2025-01-09 11:00:00",6,10397,42,4,7.285714285714286,112.0,"[(OO,12945,112.00),(DL,15016,105.00),(DL,13495,37.00),(WN,13303,36.00)]"
"2025-01-09 11:00:00",6,14747,31,3,9.612903225806452,95.0,"[(AS,13486,95.00),(DL,14679,44.00),(AS,13930,34.00)]"
"2025-01-09 11:00:00",7,14107,34,1,0.20588235294117646,59.0,"[(MQ,11603,59.00)]"
"2025-01-09 11:00:00",7,11057,35,3,5.914285714285715,41.0,"[(AA,12953,41.00),(AA,15024,39.00),(OH,11252,38.00)]"
"2025-01-09 11:00:00",7,14107,53,2,-0.4339622641509434,59.0,"[(MQ,11603,59.00),(NK,12889,52.00)]"
"2025-01-09 11:00:00",8,14107,53,2,-0.4339622641509434,59.0,"[(MQ,11603,59.00),(NK,12889,52.00)]"
"2025-01-09 11:00:00",9,14107,34,1,-1.5588235294117647,52.0,"[(NK,12889,52.00)]"
"2025-01-09 12:00:00",1,12889,30,8,19.733333333333334,92.0,"[(AA,13303,92.00),(G4,12278,74.00),(WN,12954,49.00),(F9,11292,44.00),(AA,11057,39.00),(WN,14908,38.00),(WN,13796,35.00),(G4,11638,33.00)]"
"2025-01-09 12:00:00",1,12889,36,10,18.916666666666668,92.0,"[(AA,13303,92.00),(G4,12278,74.00),(WN,12954,49.00),(F9,11292,44.00),(AA,11057,39.00),(WN,14908,38.00),(UA,11618,37.00),(WN,13796,35.00),(NK,11697,34.00),(G4,11638,33.00)]"
"2025-01-09 12:00:00",2,13930,34,5,7.617647058823529,100.0,"[(OO,13211,100.00),(YX,12953,92.00),(UA,12889,50.00),(UA,13871,34.00),(OO,11775,31.00)]"
"2025-01-09 12:00:00",2,12266,34,8,50.205882352941174,1245.0,"[(AA,11298,1245.00),(OO,14783,119.00),(UA,11618,87.00),(OO,10781,67.00),(OO,10372,47.00),(UA,12892,42.00),(UA,14027,41.00),(UA,13303,33.00)]"
"2025-01-09 12:00:00",3,13930,42,5,5.309523809523809,100.0,"[(OO,13211,100.00),(YX,12953,92.00),(UA,12889,50.00),(UA,13871,34.00),(OO,11775,31.00)]"
"2025-01-09 12:00:00",4,10397,33,3,11.909090909090908,235.0,"[(OO,10372,235.00),(OO,10980,69.00),(DL,12889,61.00)]"
"2025-01-09 13:00:00",1,11292,37,8,17.35135135135135,129.0,"[(OO,14783,129.00),(UA,11697,87.00),(UA,11618,70.00),(F9,12889,67.00),(UA,10397,41.00),(F9,10397,39.00),(OO,12896,34.00),(UA,13930,32.00)]"
"2025-01-09 13:00:00",1,11292,54,13,20.48148148148148,129.0,"[(OO,14783,129.00),(UA,13487,107.00),(UA,11697,87.00),(OO,13029,69.00),(F9,12889,67.00),(F9,14107,49.00),(OO,11413,47.00),(UA,12266,47.00),(UA,10397,41.00),(F9,10397,39.00),(UA,13502,38.00),(OO,12519,35.00),(UA,13930,32.00)]"
"2025-01-09 13:00:00",1,11292,70,15,17.957142857142856,129.0,"[(OO,14783,129.00),(UA,13487,107.00),(UA,11697,87.00),(UA,11618,70.00),(OO,13029,69.00),(F9,12889,67.00),(F9,14107,49.00),(UA,12266,47.00),(OO,11413,47.00),(UA,10397,41.00),(F9,10397,39.00),(UA,13502,38.00),(OO,12519,35.00),(OO,12896,34.00),(UA,13930,32.00)]"
"2025-01-09 13:00:00",2,11292,33,7,18.636363636363637,107.0,"[(UA,13487,107.00),(OO,13029,69.00),(F9,14107,49.00),(UA,12266,47.00),(OO,11413,47.00),(UA,13502,38.00),(OO,12519,35.00)]"
"2025-01-09 13:00:00",2,12889,35,11,39.142857142857146,585.0,"[(G4,14905,585.00),(WN,12339,175.00),(WN,13204,57.00),(WN,10800,48.00),(WN,14689,45.00),(DL,14747,43.00),(NK,14831,42.00),(UA,12266,42.00),(WN,11638,41.00),(NK,10423,38.00),(NK,11298,38.00)]"
"2025-01-09 13:00:00",2,12889,35,11,39.142857142857146,585.0,"[(G4,14905,585.00),(WN,12339,175.00),(WN,13204,57.00),(WN,10800,48.00),(WN,14689,45.00),(DL,14747,43.00),(NK,14831,42.00),(UA,12266,42.00),(WN,11638,41.00),(NK,11298,38.00),(NK,10423,38.00)]"
"2025-01-09 13:00:00",3,11292,33,7,18.636363636363637,107.0,"[(UA,13487,107.00),(OO,13029,69.00),(F9,14107,49.00),(OO,11413,47.00),(UA,12266,47.00),(UA,13502,38.00),(OO,12519,35.00)]"
"2025-01-09 13:00:00",3,10397,32,5,7.6875,90.0,"[(DL,12953,90.00),(NK,12953,69.00),(DL,12451,53.00),(UA,13930,33.00),(NK,12892,31.00)]"
"2025-01-09 13:00:00",4,11292,36,7,17.36111111111111,107.0,"[(UA,13487,107.00),(OO,13029,69.00),(F9,14107,49.00),(OO,11413,47.00),(UA,12266,47.00),(UA,13502,38.00),(OO,12519,35.00)]"
"2025-01-09 13:00:00",4,14107,35,5,6.6571428571428575,78.0,"[(AA,13495,78.00),(AA,14683,58.00),(OO,10140,44.00),(OO,11921,40.00),(F9,12889,40.00)]"
"2025-01-09 13:00:00",5,10397,32,5,7.6875,90.0,"[(DL,12953,90.00),(NK,12953,69.00),(DL,12451,53.00),(UA,13930,33.00),(NK,12892,31.00)]"
"2025-01-09 13:00:00",5,13930,37,3,4.054054054054054,91.0,"[(OO,10408,91.00),(OO,14696,43.00),(AA,14107,31.00)]"
"2025-01-09 14:00:00",1,12889,32,13,34.9375,333.0,"[(WN,14831,333.00),(WN,11292,89.00),(WN,13244,74.00),(WN,12954,69.00),(AS,14747,61.00),(DL,10397,54.00),(NK,13198,53.00),(WN,10140,53.00),(UA,11618,52.00),(WN,14771,47.00),(NK,12892,45.00),(F9,14831,44.00),(WN,14679,38.00)]"
"2025-01-09 14:00:00",2,14107,35,6,10.457142857142857,95.0,"[(WN,14869,95.00),(OO,14747,65.00),(MQ,14689,63.00),(WN,14679,49.00),(WN,11292,36.00),(WN,10800,34.00)]"
"2025-01-09 14:00:00",2,13930,56,8,10.892857142857142,134.0,"[(OO,11823,134.00),(UA,11618,130.00),(OO,12953,105.00),(UA,14100,60.00),(UA,14122,53.00),(OO,15412,44.00),(UA,12953,40.00),(AS,14747,36.00)]"
"2025-01-09 14:00:00",3,13930,38,5,12.789473684210526,134.0,"[(OO,11823,134.00),(UA,11618,130.00),(OO,12953,105.00),(UA,12953,40.00),(AS,14747,36.00)]"
"2025-01-09 14:00:00",3,14107,35,6,10.457142857142857,95.0,"[(WN,14869,95.00),(OO,14747,65.00),(MQ,14689,63.00),(WN,14679,49.00),(WN,11292,36.00),(WN,10800,34.00)]"
"2025-01-09 14:00:00",4,11057,40,3,5.15,121.0,"[(AA,14986,121.00),(AA,14683,76.00),(AA,13495,65.00)]"
"2025-01-09 14:00:00",5,10397,36,1,2.9444444444444446,41.0,"[(DL,10431,41.00)]"
"2025-01-09 15:00:00",1,13930,37,5,10.405405405405405,103.0,"[(F9,10693,103.00),(UA,11618,99.00),(OO,14696,96.00),(MQ,11433,44.00),(YX,12953,34.00)]"
"2025-01-09 16:00:00",1,11292,36,11,26.916666666666668,132.0,"[(UA,12889,132.00),(F9,12892,112.00),(UA,14908,108.00),(WN,14831,91.00),(WN,12953,84.00),(OO,10558,67.00),(OO,11283,60.00),(UA,14570,56.00),(F9,11278,45.00),(UA,12892,38.00),(F9,10423,34.00)]"
"2025-01-09 16:00:00",2,11292,31,9,26.387096774193548,132.0,"[(UA,12889,132.00),(F9,12892,112.00),(UA,14908,108.00),(WN,12953,84.00),(OO,10558,67.00),(OO,11283,60.00),(UA,14570,56.00),(UA,12892,38.00),(F9,10423,34.00)]"
"2025-01-09 16:00:00",2,10397,40,7,10.3,83.0,"[(F9,12266,83.00),(OO,10146,72.00),(DL,12953,67.00),(DL,10599,61.00),(DL,11618,58.00),(OO,12323,49.00),(WN,12889,34.00)]"
"2025-01-09 16:00:00",3,11057,36,4,13.722222222222221,241.0,"[(AA,12478,241.00),(AA,11292,71.00),(OH,10868,39.00),(OH,11146,35.00)]"
"2025-01-09 16:00:00",3,14107,43,5,17.046511627906977,218.0,"[(AA,11618,218.00),(AA,11433,147.00),(AA,11986,99.00),(MQ,11292,90.00),(WN,13891,61.00)]"
"2025-01-09 16:00:00",4,14107,30,3,15.966666666666667,218.0,"[(AA,11618,218.00),(AA,11986,99.00),(WN,13891,61.00)]"
"2025-01-09 16:00:00",4,11057,35,4,13.571428571428571,241.0,"[(AA,12478,241.00),(AA,11292,71.00),(OH,10868,39.00),(OH,11146,35.00)]"
"2025-01-09 17:00:00",1,11292,44,9,34.86363636363637,825.0,"[(OO,14814,825.00),(UA,12953,131.00),(DL,12953,92.00),(WN,12339,90.00),(UA,12892,51.00),(UA,11637,42.00),(WN,10721,40.00),(UA,10423,40.00),(UA,14524,38.00)]"
"2025-01-09 17:00:00",1,13930,46,11,25.543478260869566,169.0,"[(UA,12266,169.00),(YX,12953,165.00),(NK,12953,137.00),(OO,14696,134.00),(AA,14100,98.00),(OO,12953,93.00),(B6,12478,77.00),(UA,11292,49.00),(OO,14869,46.00),(AA,12953,44.00),(F9,10397,37.00)]"
"2025-01-09 17:00:00",1,11292,66,18,37.666666666666664,825.0,"[(OO,14814,825.00),(UA,13930,162.00),(UA,12889,156.00),(UA,11775,148.00),(OO,14877,134.00),(UA,12953,131.00),(DL,12953,92.00),(WN,12339,90.00),(OO,13158,66.00),(UA,12892,51.00),(WN,14107,46.00),(UA,11637,42.00),(WN,11057,42.00),(WN,10721,40.00),(UA,10423,40.00),(UA,14524,38.00),(UA,13871,36.00),(WN,14492,33.00)]"
"2025-01-09 17:00:00",2,11292,32,7,39.9375,825.0,"[(OO,14814,825.00),(DL,12953,92.00),(WN,12339,90.00),(UA,12892,51.00),(UA,11637,42.00),(WN,10721,40.00),(UA,14524,38.00)]"
"2025-01-09 17:00:00",2,11292,44,9,34.86363636363637,825.0,"[(OO,14814,825.00),(UA,12953,131.00),(DL,12953,92.00),(WN,12339,90.00),(UA,12892,51.00),(UA,11637,42.00),(UA,10423,40.00),(WN,10721,40.00),(UA,14524,38.00)]"
"2025-01-09 17:00:00",2,13930,46,11,25.543478260869566,169.0,"[(UA,12266,169.00),(YX,12953,165.00),(NK,12953,137.00),(OO,14696,134.00),(AA,14100,98.00),(OO,12953,93.00),(B6,12478,77.00),(UA,11292,49.00),(OO,14869,46.00),(AA,12953,44.00),(F9,10397,37.00)]"
"2025-01-09 17:00:00",3,13930,32,7,22.46875,169.0,"[(UA,12266,169.00),(NK,12953,137.00),(AA,14100,98.00),(OO,12953,93.00),(B6,12478,77.00),(AA,12953,44.00),(F9,10397,37.00)]"
"2025-01-09 17:00:00",3,13204,33,4,6.454545454545454,67.0,"[(AA,12953,67.00),(DL,12953,61.00),(B6,12953,47.00),(NK,11618,39.00)]"
"2025-01-09 17:00:00",4,13204,33,4,6.454545454545454,67.0,"[(AA,12953,67.00),(DL,12953,61.00),(B6,12953,47.00),(NK,11618,39.00)]"
"2025-01-09 18:00:00",1,12266,41,12,55.36585365853659,1118.0,"[(OO,10372,1118.00),(UA,12889,160.00),(UA,12953,110.00),(UA,14771,99.00),(NK,12889,90.00),(UA,11066,89.00),(AA,11057,78.00),(UA,11618,78.00),(NK,11697,60.00),(UA,11292,45.00),(DL,10397,41.00),(UA,11996,39.00)]"
"2025-01-09 18:00:00",2,12266,33,10,63.60606060606061,1118.0,"[(OO,10372,1118.00),(UA,12889,160.00),(UA,12953,110.00),(UA,14771,99.00),(NK,12889,90.00),(UA,11066,89.00),(AA,11057,78.00),(NK,11697,60.00),(UA,11292,45.00),(UA,11996,39.00)]"
"2025-01-09 18:00:00",2,10397,36,9,24.694444444444443,219.0,"[(DL,13931,219.00),(OH,11057,154.00),(B6,12478,92.00),(DL,15249,91.00),(DL,11618,52.00),(DL,11433,47.00),(WN,14986,46.00),(DL,14100,38.00),(WN,13495,32.00)]"
"2025-01-09 18:00:00",3,12266,30,9,68.26666666666667,1118.0,"[(OO,10372,1118.00),(UA,12889,160.00),(UA,12953,110.00),(UA,14771,99.00),(NK,12889,90.00),(UA,11066,89.00),(AA,11057,78.00),(UA,11292,45.00),(UA,11996,39.00)]"
"2025-01-09 18:00:00",3,13930,40,8,21.6,248.0,"[(AA,10529,248.00),(UA,12953,128.00),(F9,12889,122.00),(UA,12451,118.00),(UA,10257,106.00),(OO,11146,47.00),(AA,10721,35.00),(AS,14771,35.00)]"
"2025-01-09 18:00:00",4,11057,56,7,15.857142857142858,408.0,"[(WN,15016,408.00),(NK,12953,137.00),(OH,14685,127.00),(AA,12266,70.00),(NK,11697,47.00),(AA,12953,37.00),(AA,14747,32.00)]"
"2025-01-09 18:00:00",5,11057,47,5,16.72340425531915,408.0,"[(WN,15016,408.00),(NK,12953,137.00),(OH,14685,127.00),(AA,12266,70.00),(AA,12953,37.00)]"
"2025-01-09 19:00:00",1,11292,30,6,46.03333333333333,864.0,"[(OO,15041,864.00),(OO,11638,116.00),(UA,10849,107.00),(UA,12889,104.00),(F9,12889,65.00),(WN,10800,39.00)]"
"2025-01-09 19:00:00",1,10397,54,10,19.833333333333332,224.0,"[(F9,12953,224.00),(OO,14696,223.00),(F9,11292,135.00),(DL,12953,110.00),(DL,14843,79.00),(DL,12889,74.00),(DL,11540,44.00),(UA,11618,42.00),(DL,13495,42.00),(DL,14689,39.00)]"
"2025-01-09 19:00:00",2,11292,59,9,27.25423728813559,864.0,"[(OO,15041,864.00),(OO,11638,116.00),(UA,10849,107.00),(UA,12889,104.00),(OO,12896,90.00),(F9,12889,65.00),(UA,12266,49.00),(UA,14689,41.00),(WN,10800,39.00)]"
"2025-01-09 19:00:00",3,11292,30,6,46.03333333333333,864.0,"[(OO,15041,864.00),(OO,11638,116.00),(UA,10849,107.00),(UA,12889,104.00),(F9,12889,65.00),(WN,10800,39.00)]"
"2025-01-09 19:00:00",3,13303,30,8,18.966666666666665,110.0,"[(AA,12953,110.00),(AA,12889,94.00),(B6,12478,89.00),(AA,13871,83.00),(DL,12953,70.00),(AA,12478,40.00),(AA,14771,32.00),(DL,12478,32.00)]"
"2025-01-09 19:00:00",4,11292,41,6,35.146341463414636,864.0,"[(OO,15041,864.00),(OO,11638,116.00),(UA,10849,107.00),(UA,12889,104.00),(F9,12889,65.00),(WN,10800,39.00)]"
"2025-01-09 19:00:00",4,13930,33,6,31.87878787878788,666.0,"[(OO,10980,666.00),(DL,12953,90.00),(OO,13342,56.00),(AA,12953,56.00),(OO,13367,56.00),(OO,13851,34.00)]"
"2025-01-09 19:00:00",5,13930,33,6,31.87878787878788,666.0,"[(OO,10980,666.00),(DL,12953,90.00),(OO,13342,56.00),(AA,12953,56.00),(OO,13367,56.00),(OO,13851,34.00)]"
"2025-01-09 19:00:00",5,12892,35,4,6.514285714285714,133.0,"[(OO,14107,133.00),(UA,12889,83.00),(G4,10666,67.00),(WN,14771,31.00)]"
"2025-01-09 19:00:00",6,10397,38,6,13.526315789473685,224.0,"[(F9,12953,224.00),(DL,14843,79.00),(DL,12889,74.00),(UA,11618,42.00),(DL,13495,42.00),(DL,14689,39.00)]"
"2025-01-09 19:00:00",7,12892,35,4,6.514285714285714,133.0,"[(OO,14107,133.00),(UA,12889,83.00),(G4,10666,67.00),(WN,14771,31.00)]"
"2025-01-09 20:00:00",1,11292,54,11,18.75925925925926,196.0,"[(OO,13433,196.00),(UA,12889,74.00),(OO,13158,65.00),(UA,13930,64.00),(UA,14057,58.00),(OO,11865,55.00),(F9,13487,50.00),(WN,13871,36.00),(OO,14457,35.00),(WN,12889,34.00),(OO,11109,33.00)]"
"2025-01-09 20:00:00",2,11292,32,7,20.375,196.0,"[(OO,13433,196.00),(UA,12889,74.00),(OO,11865,55.00),(F9,13487,50.00),(WN,13871,36.00),(OO,14457,35.00),(OO,11109,33.00)]"
"2025-01-09 20:00:00",2,11057,43,8,16.348837209302324,202.0,"[(F9,12953,202.00),(AA,15370,99.00),(OH,11995,93.00),(OH,13931,63.00),(AA,12266,58.00),(OH,10781,55.00),(AA,12892,53.00),(AA,11003,51.00)]"
"2025-01-09 20:00:00",3,14107,31,6,11.35483870967742,85.0,"[(AA,14683,85.00),(WN,12889,82.00),(AA,13198,75.00),(WN,13796,51.00),(WN,12892,48.00),(MQ,10620,41.00)]"
"2025-01-09 20:00:00",3,10397,32,7,19.65625,102.0,"[(DL,12953,102.00),(F9,14100,96.00),(DL,11298,67.00),(DL,14100,62.00),(NK,12266,57.00),(WN,12953,53.00),(DL,12889,46.00)]"
"2025-01-09 20:00:00",4,14107,38,6,9.763157894736842,85.0,"[(AA,14683,85.00),(WN,12889,82.00),(AA,13198,75.00),(WN,13796,51.00),(WN,12892,48.00),(MQ,10620,41.00)]"
"2025-01-09 20:00:00",5,13930,53,5,22.433962264150942,853.0,"[(UA,11003,853.00),(UA,12953,103.00),(UA,15380,49.00),(AA,11042,40.00),(MQ,11066,32.00)]"
"2025-01-09 20:00:00",6,13930,38,3,6.394736842105263,103.0,"[(UA,12953,103.00),(UA,15380,49.00),(AA,11042,40.00)]"
"2025-01-09 21:00:00",1,10397,30,3,5.233333333333333,49.0,"[(F9,13930,49.00),(NK,13487,36.00),(OO,11641,31.00)]"
"2025-01-09 22:00:00",1,11057,32,8,31.21875,477.0,"[(AA,11066,477.00),(OH,10431,77.00),(OH,13296,57.00),(AA,13230,52.00),(AA,10257,50.00),(AA,14307,48.00),(AA,11042,43.00),(AA,10792,40.00)]"
"2025-01-09 22:00:00",2,10397,40,6,13.775,156.0,"[(F9,11042,156.00),(DL,12264,123.00),(F9,13204,98.00),(F9,10721,81.00),(DL,14027,48.00),(DL,15412,36.00)]"
"2025-01-10 06:00:00",1,12889,33,2,6.818181818181818,211.0,"[(AA,14107,211.00),(AS,14747,63.00)]"
"2025-01-10 07:00:00",1,12889,32,4,19.84375,448.0,"[(G4,13871,448.00),(G4,11003,136.00),(AS,14771,83.00),(DL,14747,64.00)]"
"2025-01-10 07:00:00",2,14747,33,3,3.303030303030303,110.0,"[(DL,12892,110.00),(DL,13303,66.00),(AS,11298,49.00)]"
"2025-01-10 07:00:00",2,11057,33,2,19.181818181818183,436.0,"[(DL,10397,436.00),(AA,15024,224.00)]"
"2025-01-10 07:00:00",3,14747,35,3,3.085714285714286,110.0,"[(DL,12892,110.00),(DL,13303,66.00),(AS,11298,49.00)]"
"2025-01-10 07:00:00",3,13930,34,2,2.9705882352941178,85.0,"[(OO,11725,85.00),(OO,11288,44.00)]"
"2025-01-10 07:00:00",4,10721,34,2,13.0,461.0,"[(DL,11697,461.00),(DL,15304,151.00)]"
"2025-01-10 07:00:00",5,10721,37,2,11.378378378378379,461.0,"[(DL,11697,461.00),(DL,15304,151.00)]"
"2025-01-10 07:00:00",6,13204,35,2,0.6857142857142857,47.0,"[(AA,12892,47.00),(AA,14107,35.00)]"
"2025-01-10 07:00:00",7,13204,33,2,0.12121212121212122,47.0,"[(AA,12892,47.00),(AA,14107,35.00)]"
"2025-01-10 08:00:00",1,13930,30,4,12.366666666666667,121.0,"[(OO,11977,121.00),(UA,13487,120.00),(OO,13029,34.00),(OO,15919,32.00)]"
"2025-01-10 08:00:00",1,11298,39,17,43.8974358974359,193.0,"[(OO,11049,193.00),(MQ,12191,153.00),(AA,14100,147.00),(AS,14747,136.00),(OO,10372,134.00),(AA,14683,134.00),(OO,15411,111.00),(OO,14696,97.00),(MQ,11996,92.00),(UA,11618,86.00),(MQ,10747,72.00),(OO,10155,52.00),(AA,13303,49.00),(AA,14908,44.00),(AA,10423,43.00),(MQ,12206,40.00),(AA,12892,33.00)]"
"2025-01-10 08:00:00",1,11298,32,14,46.15625,193.0,"[(OO,11049,193.00),(MQ,12191,153.00),(AA,14100,147.00),(AS,14747,136.00),(OO,10372,134.00),(AA,14683,134.00),(OO,15411,111.00),(OO,14696,97.00),(MQ,11996,92.00),(OO,10155,52.00),(AA,13303,49.00),(AA,14908,44.00),(AA,10423,43.00),(AA,12892,33.00)]"
"2025-01-10 08:00:00",2,11298,32,14,46.15625,193.0,"[(OO,11049,193.00),(MQ,12191,153.00),(AA,14100,147.00),(AS,14747,136.00),(OO,10372,134.00),(AA,14683,134.00),(OO,15411,111.00),(OO,14696,97.00),(MQ,11996,92.00),(OO,10155,52.00),(AA,13303,49.00),(AA,14908,44.00),(AA,10423,43.00),(AA,12892,33.00)]"
"2025-01-10 08:00:00",2,13930,44,7,18.613636363636363,168.0,"[(OO,13367,168.00),(AA,14908,147.00),(OO,11977,121.00),(UA,13487,120.00),(MQ,11624,70.00),(OO,13029,34.00),(OO,15919,32.00)]"
"2025-01-10 08:00:00",3,13930,55,10,17.2,168.0,"[(OO,13367,168.00),(AA,14908,147.00),(OO,11977,121.00),(UA,13487,120.00),(MQ,11624,70.00),(MQ,12197,38.00),(MQ,11042,37.00),(AA,14771,35.00),(OO,13029,34.00),(OO,15919,32.00)]"
"2025-01-10 08:00:00",3,12892,36,0,-4.972222222222222,19.0,[]
"2025-01-10 08:00:00",4,13930,44,7,18.613636363636363,168.0,"[(OO,13367,168.00),(AA,14908,147.00),(OO,11977,121.00),(UA,13487,120.00),(MQ,11624,70.00),(OO,13029,34.00),(OO,15919,32.00)]"
"2025-01-10 08:00:00",5,13930,30,4,12.366666666666667,121.0,"[(OO,11977,121.00),(UA,13487,120.00),(OO,13029,34.00),(OO,15919,32.00)]"
"2025-01-10 08:00:00",6,12892,47,2,1.6170212765957446,202.0,"[(DL,10397,202.00),(DL,13830,82.00)]"
"2025-01-10 08:00:00",7,11433,37,1,9.783783783783784,566.0,"[(OH,14100,566.00)]"
"2025-01-10 08:00:00",8,14771,34,1,-2.3529411764705883,86.0,"[(UA,13930,86.00)]"
"2025-01-10 08:00:00",9,12892,33,0,-4.636363636363637,19.0,[]
"2025-01-10 08:00:00",10,12892,36,0,-4.972222222222222,19.0,[]
"2025-01-10 09:00:00",1,13930,30,8,21.233333333333334,142.0,"[(UA,12094,142.00),(MQ,13487,66.00),(UA,14262,52.00),(UA,12892,51.00),(UA,14843,46.00),(UA,14107,38.00),(MQ,11003,38.00),(UA,14831,35.00)]"
"2025-01-10 09:00:00",1,13930,58,21,30.879310344827587,162.0,"[(YX,13871,162.00),(UA,12094,142.00),(UA,12953,135.00),(UA,14747,108.00),(UA,11503,102.00),(AA,14747,86.00),(OO,15016,83.00),(OO,11003,73.00),(AA,12892,70.00),(MQ,13487,66.00),(UA,13204,63.00),(MQ,11986,55.00),(OO,14108,55.00),(UA,14262,52.00),(UA,12892,51.00),(UA,14843,46.00),(AA,10849,42.00),(AA,14869,41.00),(UA,14107,38.00),(MQ,11003,38.00)]"
"2025-01-10 09:00:00",2,13930,48,16,26.479166666666668,142.0,"[(UA,12094,142.00),(UA,12953,135.00),(AA,14747,86.00),(OO,15016,83.00),(OO,11003,73.00),(AA,12892,70.00),(MQ,13487,66.00),(MQ,11986,55.00),(UA,14262,52.00),(UA,12892,51.00),(UA,14843,46.00),(AA,10849,42.00),(AA,14869,41.00),(UA,14107,38.00),(MQ,11003,38.00),(UA,14831,35.00)]"
"2025-01-10 09:00:00",2,11292,67,5,3.5671641791044775,90.0,"[(UA,11986,90.00),(UA,11066,61.00),(UA,10821,53.00),(OO,13158,43.00),(UA,11278,31.00)]"
"2025-01-10 09:00:00",3,13930,30,9,23.066666666666666,142.0,"[(UA,12094,142.00),(MQ,13487,66.00),(MQ,11986,55.00),(UA,14262,52.00),(UA,12892,51.00),(UA,14843,46.00),(UA,14107,38.00),(MQ,11003,38.00),(UA,14831,35.00)]"
"2025-01-10 09:00:00",3,12892,45,4,14.311111111111112,395.0,"[(OO,10372,395.00),(DL,14683,164.00),(AA,14683,123.00),(OO,11503,75.00)]"
"2025-01-10 09:00:00",4,13930,31,9,22.322580645161292,142.0,"[(UA,12094,142.00),(MQ,13487,66.00),(MQ,11986,55.00),(UA,14262,52.00),(UA,12892,51.00),(UA,14843,46.00),(UA,14107,38.00),(MQ,11003,38.00),(UA,14831,35.00)]"
"2025-01-10 09:00:00",4,14747,34,3,4.911764705882353,180.0,"[(OO,11603,180.00),(AS,11042,45.00),(DL,10299,44.00)]"
"2025-01-10 09:00:00",5,11292,67,5,3.5671641791044775,90.0,"[(UA,11986,90.00),(UA,11066,61.00),(UA,10821,53.00),(OO,13158,43.00),(UA,11278,31.00)]"
"2025-01-10 09:00:00",5,14107,50,3,2.06,108.0,"[(OO,15376,108.00),(AA,13495,41.00),(AA,15304,35.00)]"
"2025-01-10 09:00:00",6,12892,45,4,14.311111111111112,395.0,"[(OO,10372,395.00),(DL,14683,164.00),(AA,14683,123.00),(OO,11503,75.00)]"
"2025-01-10 09:00:00",6,12889,31,1,2.806451612903226,55.0,"[(DL,12478,55.00)]"
"2025-01-10 09:00:00",7,12892,34,3,15.411764705882353,395.0,"[(OO,10372,395.00),(DL,14683,164.00),(OO,11503,75.00)]"
"2025-01-10 09:00:00",8,14747,34,3,4.911764705882353,180.0,"[(OO,11603,180.00),(AS,11042,45.00),(DL,10299,44.00)]"
"2025-01-10 09:00:00",9,14107,32,3,3.625,108.0,"[(OO,15376,108.00),(AA,13495,41.00),(AA,15304,35.00)]"
"2025-01-10 09:00:00",10,14107,50,3,2.06,108.0,"[(OO,15376,108.00),(AA,13495,41.00),(AA,15304,35.00)]"
"2025-01-10 10:00:00",1,13930,42,17,58.57142857142857,703.0,"[(F9,13204,703.00),(OO,14730,253.00),(OO,12217,148.00),(OO,11267,143.00),(UA,13204,133.00),(UA,10821,129.00),(OO,13485,119.00),(OO,13342,111.00),(MQ,11618,90.00),(OO,14122,85.00),(UA,14986,78.00),(OO,14696,72.00),(YX,10994,58.00),(YX,12339,44.00),(UA,11697,41.00),(YX,12478,38.00),(OO,11471,31.00)]"
"2025-01-10 10:00:00",1,13930,56,23,58.767857142857146,703.0,"[(F9,13204,703.00),(AA,14679,354.00),(OO,14730,253.00),(OO,10874,179.00),(OO,12217,148.00),(OO,11267,143.00),(UA,13204,133.00),(UA,10821,129.00),(OO,13485,119.00),(YX,15412,112.00),(OO,13342,111.00),(MQ,11618,90.00),(OO,14122,85.00),(UA,14986,78.00),(OO,14696,72.00),(YX,10994,58.00),(UA,13495,48.00),(YX,12339,44.00),(UA,11618,43.00),(UA,11697,41.00)]"
"2025-01-10 10:00:00",2,13930,40,16,43.325,253.0,"[(OO,14730,253.00),(OO,12217,148.00),(OO,11267,143.00),(UA,13204,133.00),(UA,10821,129.00),(OO,13485,119.00),(OO,13342,111.00),(MQ,11618,90.00),(OO,14122,85.00),(UA,14986,78.00),(OO,14696,72.00),(YX,10994,58.00),(YX,12339,44.00),(UA,11697,41.00),(YX,12478,38.00),(OO,11471,31.00)]"
"2025-01-10 10:00:00",2,11298,31,15,46.935483870967744,162.0,"[(MQ,14457,162.00),(AA,14100,152.00),(OO,10372,137.00),(OH,11423,100.00),(AA,13502,96.00),(AA,12441,95.00),(OO,12280,91.00),(OO,12278,85.00),(OO,12896,70.00),(UA,13930,60.00),(OO,11413,56.00),(OH,12448,45.00),(MQ,15370,38.00),(MQ,14783,32.00),(AA,12094,32.00)]"
"2025-01-10 10:00:00",3,11292,48,2,2.8125,55.0,"[(UA,11618,55.00),(F9,14107,52.00)]"
"2025-01-10 10:00:00",3,11433,36,5,17.52777777777778,209.0,"[(OO,12264,209.00),(OO,14576,133.00),(DL,12953,131.00),(YX,14730,53.00),(DL,11057,42.00)]"
"2025-01-10 10:00:00",4,11292,33,1,1.393939393939394,55.0,"[(UA,11618,55.00)]"
"2025-01-10 10:00:00",4,12889,34,3,7.4411764705882355,97.0,"[(DL,10397,97.00),(OO,14679,74.00),(F9,13891,32.00)]"
"2025-01-10 10:00:00",5,11292,48,2,2.8125,55.0,"[(UA,11618,55.00),(F9,14107,52.00)]"
"2025-01-10 11:00:00",1,11292,39,5,10.743589743589743,138.0,"[(UA,14489,138.00),(OO,12280,103.00),(OO,12003,59.00),(OO,13264,47.00),(WN,13851,33.00)]"
"2025-01-10 11:00:00",1,11057,50,14,36.54,275.0,"[(AA,14869,275.00),(OH,14685,219.00),(AA,14843,210.00),(AA,14122,180.00),(OH,14193,161.00),(AA,11618,154.00),(AA,14679,65.00),(DL,13487,64.00),(AA,11697,63.00),(AA,12266,56.00),(AA,14986,55.00),(AA,13930,45.00),(AA,15304,43.00),(AA,13495,36.00)]"
"2025-01-10 11:00:00",2,11057,41,13,38.390243902439025,275.0,"[(AA,14869,275.00),(AA,14843,210.00),(AA,14122,180.00),(OH,14193,161.00),(AA,11618,154.00),(AA,14679,65.00),(DL,13487,64.00),(AA,11697,63.00),(AA,12266,56.00),(AA,14986,55.00),(AA,13930,45.00),(AA,15304,43.00),(AA,13495,36.00)]"
"2025-01-10 11:00:00",2,11292,64,8,10.109375,138.0,"[(UA,14489,138.00),(OO,12280,103.00),(UA,14747,76.00),(OO,10372,60.00),(OO,12003,59.00),(UA,12441,52.00),(OO,13264,47.00),(WN,13851,33.00)]"
"2025-01-10 11:00:00",3,11292,64,8,10.109375,138.0,"[(UA,14489,138.00),(OO,12280,103.00),(UA,14747,76.00),(OO,10372,60.00),(OO,12003,59.00),(UA,12441,52.00),(OO,13264,47.00),(WN,13851,33.00)]"
"2025-01-10 11:00:00",3,14869,47,7,13.957446808510639,326.0,"[(DL,12954,326.00),(DL,11618,106.00),(DL,13204,51.00),(OO,14113,47.00),(OO,14679,46.00),(DL,12892,38.00),(DL,13891,31.00)]"
"2025-01-10 11:00:00",4,14869,47,7,13.957446808510639,326.0,"[(DL,12954,326.00),(DL,11618,106.00),(DL,13204,51.00),(OO,14113,47.00),(OO,14679,46.00),(DL,12892,38.00),(DL,13891,31.00)]"
"2025-01-10 11:00:00",4,12889,34,5,12.088235294117647,211.0,"[(AA,14100,211.00),(WN,14771,57.00),(DL,14747,41.00),(WN,11259,35.00),(OO,14771,32.00)]"
"2025-01-10 11:00:00",5,12889,34,5,12.088235294117647,211.0,"[(AA,14100,211.00),(WN,14771,57.00),(DL,14747,41.00),(WN,11259,35.00),(OO,14771,32.00)]"
"2025-01-10 11:00:00",5,14747,31,3,9.774193548387096,84.0,"[(OO,11884,84.00),(AA,11298,48.00),(DL,12892,39.00)]"
"2025-01-10 11:00:00",6,11292,39,5,10.743589743589743,138.0,"[(UA,14489,138.00),(OO,12280,103.00),(OO,12003,59.00),(OO,13264,47.00),(WN,13851,33.00)]"
"2025-01-10 11:00:00",6,14107,49,3,3.4285714285714284,106.0,"[(AA,12892,106.00),(AA,14893,105.00),(AA,14100,70.00)]"
"2025-01-10 11:00:00",7,14869,36,5,7.416666666666667,106.0,"[(DL,11618,106.00),(DL,13204,51.00),(OO,14113,47.00),(DL,12892,38.00),(DL,13891,31.00)]"
"2025-01-10 11:00:00",8,14747,31,3,9.774193548387096,84.0,"[(OO,11884,84.00),(AA,11298,48.00),(DL,12892,39.00)]"
"2025-01-10 11:00:00",9,14107,38,3,4.394736842105263,106.0,"[(AA,12892,106.00),(AA,14893,105.00),(AA,14100,70.00)]"
"2025-01-10 11:00:00",10,14107,49,3,3.4285714285714284,106.0,"[(AA,12892,106.00),(AA,14893,105.00),(AA,14100,70.00)]"
"2025-01-10 12:00:00",1,11298,33,18,53.63636363636363,210.0,"[(OO,11905,210.00),(MQ,11067,189.00),(MQ,14783,179.00),(OO,10747,126.00),(AA,14685,120.00),(AA,13204,93.00),(OH,11953,88.00),(OO,15401,74.00),(OH,10781,73.00),(OO,15074,61.00),(MQ,10136,58.00),(AA,14570,51.00),(AA,12451,48.00),(OO,14960,43.00),(MQ,13367,43.00),(MQ,10431,38.00),(MQ,12278,37.00),(AA,13244,35.00)]"
"2025-01-10 12:00:00",1,11298,51,26,55.23529411764706,366.0,"[(F9,13930,366.00),(OO,11905,210.00),(MQ,11067,189.00),(MQ,14783,179.00),(AA,14747,164.00),(OO,10747,126.00),(AA,14685,120.00),(AA,13204,93.00),(OH,11953,88.00),(OO,14696,84.00),(OO,15401,74.00),(OH,10781,73.00),(AA,12478,65.00),(AA,10721,63.00),(OO,15074,61.00),(MQ,10136,58.00),(OO,10372,53.00),(AA,14570,51.00),(AA,12451,48.00),(MQ,13502,48.00)]"
"2025-01-10 12:00:00",1,11298,54,28,56.22222222222222,366.0,"[(F9,13930,366.00),(OO,11905,210.00),(MQ,11067,189.00),(MQ,14783,179.00),(AA,14747,164.00),(OO,10747,126.00),(AA,14685,120.00),(AA,11433,107.00),(MQ,10685,102.00),(AA,13204,93.00),(OH,11953,88.00),(OO,14696,84.00),(OO,15401,74.00),(OH,10781,73.00),(AA,12478,65.00),(AA,10721,63.00),(OO,15074,61.00),(MQ,10136,58.00),(OO,10372,53.00),(AA,14570,51.00)]"
"2025-01-10 12:00:00",2,11298,41,23,59.09756097560975,366.0,"[(F9,13930,366.00),(OO,11905,210.00),(MQ,11067,189.00),(MQ,14783,179.00),(OO,10747,126.00),(AA,14685,120.00),(AA,13204,93.00),(OH,11953,88.00),(OO,15401,74.00),(OH,10781,73.00),(AA,12478,65.00),(AA,10721,63.00),(OO,15074,61.00),(MQ,10136,58.00),(AA,14570,51.00),(AA,12451,48.00),(MQ,13502,48.00),(OO,14960,43.00),(MQ,13367,43.00),(MQ,10431,38.00)]"
"2025-01-10 12:00:00",2,13930,40,15,42.225,244.0,"[(OO,13211,244.00),(OO,11076,223.00),(UA,12892,216.00),(MQ,12339,151.00),(MQ,11042,120.00),(UA,12889,92.00),(MQ,13076,91.00),(UA,12266,91.00),(UA,13487,71.00),(UA,14027,69.00),(OO,11775,52.00),(OO,10372,47.00),(UA,13871,44.00),(AA,10721,43.00),(YX,12953,33.00)]"
"2025-01-10 12:00:00",3,11298,33,18,53.63636363636363,210.0,"[(OO,11905,210.00),(MQ,11067,189.00),(MQ,14783,179.00),(OO,10747,126.00),(AA,14685,120.00),(AA,13204,93.00),(OH,11953,88.00),(OO,15401,74.00),(OH,10781,73.00),(OO,15074,61.00),(MQ,10136,58.00),(AA,14570,51.00),(AA,12451,48.00),(OO,14960,43.00),(MQ,13367,43.00),(MQ,10431,38.00),(MQ,12278,37.00),(AA,13244,35.00)]"
"2025-01-10 12:00:00",3,12266,32,4,12.84375,215.0,"[(OO,14783,215.00),(OO,10781,93.00),(UA,11066,53.00),(UA,14492,46.00)]"
"2025-01-10 12:00:00",4,13930,30,13,44.63333333333333,244.0,"[(OO,13211,244.00),(OO,11076,223.00),(MQ,12339,151.00),(MQ,11042,120.00),(MQ,13076,91.00),(UA,12266,91.00),(UA,13487,71.00),(UA,14027,69.00),(OO,11775,52.00),(OO,10372,47.00),(UA,13871,44.00),(AA,10721,43.00),(YX,12953,33.00)]"
"2025-01-10 12:00:00",4,12889,31,2,11.451612903225806,202.0,"[(AA,13303,202.00),(F9,13851,99.00)]"
"2025-01-10 12:00:00",5,12266,31,4,13.548387096774194,215.0,"[(OO,14783,215.00),(OO,10781,93.00),(UA,11066,53.00),(UA,14492,46.00)]"
"2025-01-10 13:00:00",1,13930,33,12,35.81818181818182,172.0,"[(OO,14108,172.00),(OO,10408,128.00),(OO,13184,109.00),(AA,14107,90.00),(OO,13342,75.00),(OO,11637,73.00),(MQ,11066,70.00),(OO,14574,68.00),(AA,11278,60.00),(AA,13204,46.00),(YX,10529,35.00),(NK,11298,35.00)]"
"2025-01-10 13:00:00",1,13930,40,16,54.2,575.0,"[(DL,11433,575.00),(OO,14108,172.00),(OO,14696,153.00),(AA,11298,149.00),(OO,10408,128.00),(OO,11721,121.00),(OO,13184,109.00),(AA,14107,90.00),(OO,13342,75.00),(OO,11637,73.00),(MQ,11066,70.00),(OO,14574,68.00),(AA,11278,60.00),(AA,13204,46.00),(YX,10529,35.00),(NK,11298,35.00)]"
"2025-01-10 13:00:00",2,11292,53,4,12.924528301886792,420.0,"[(G4,14108,420.00),(UA,10397,85.00),(OO,15370,51.00),(F9,10800,50.00)]"
"2025-01-10 13:00:00",2,11292,72,6,10.527777777777779,420.0,"[(G4,14108,420.00),(UA,10397,85.00),(OO,15370,51.00),(F9,10800,50.00),(UA,15376,47.00),(UA,11298,34.00)]"
"2025-01-10 13:00:00",3,11292,30,2,18.333333333333332,420.0,"[(G4,14108,420.00),(UA,10397,85.00)]"
"2025-01-10 13:00:00",3,12889,41,1,1.048780487804878,118.0,"[(AA,11298,118.00)]"
"2025-01-10 13:00:00",4,12889,33,1,2.4545454545454546,118.0,"[(AA,11298,118.00)]"
"2025-01-10 14:00:00",1,11298,37,21,62.37837837837838,423.0,"[(AA,11697,423.00),(OO,13851,202.00),(OO,10372,198.00),(MQ,11775,131.00),(MQ,12896,113.00),(MQ,12206,112.00),(MQ,15016,111.00),(OO,11111,105.00),(OO,10781,101.00),(OO,12278,91.00),(MQ,15624,83.00),(OH,12448,82.00),(MQ,15249,73.00),(AA,15370,59.00),(MQ,13290,59.00),(AA,14679,56.00),(MQ,11823,48.00),(AA,13204,45.00),(AA,10423,38.00),(AA,12889,34.00)]"
"2025-01-10 14:00:00",2,13930,37,13,55.027027027027025,358.0,"[(OO,14730,358.00),(OO,11146,260.00),(MQ,13851,259.00),(OO,11267,255.00),(UA,11433,176.00),(OO,11823,156.00),(UA,14100,115.00),(UA,11278,87.00),(MQ,11775,68.00),(MQ,10721,51.00),(OO,10874,45.00),(UA,11618,45.00),(UA,11193,32.00)]"
"2025-01-10 14:00:00",3,14107,33,5,12.424242424242424,272.0,"[(WN,14730,272.00),(WN,10792,80.00),(AA,10721,41.00),(WN,14893,37.00),(OO,15376,31.00)]"
"2025-01-10 14:00:00",4,11292,33,4,10.090909090909092,127.0,"[(AA,14107,127.00),(OO,10279,50.00),(WN,13891,35.00),(WN,14679,34.00)]"
"2025-01-10 14:00:00",5,12889,31,3,11.548387096774194,156.0,"[(WN,14771,156.00),(AA,12892,72.00),(WN,12954,38.00)]"
"2025-01-10 15:00:00",1,11292,32,2,16.6875,436.0,"[(DL,10397,436.00),(OO,10140,50.00)]"
"2025-01-10 15:00:00",1,13930,35,19,70.02857142857142,899.0,"[(AA,14492,899.00),(OO,13342,155.00),(OO,13485,143.00),(OO,10408,129.00),(OO,11823,110.00),(MQ,11003,109.00),(MQ,13487,106.00),(UA,11298,77.00),(UA,13487,67.00),(MQ,15380,57.00),(AA,11298,56.00),(AA,12892,55.00),(OO,11003,54.00),(MQ,13871,53.00),(MQ,13244,47.00),(MQ,11433,44.00),(MQ,13198,37.00),(NK,11697,35.00),(UA,12892,33.00)]"
"2025-01-10 15:00:00",2,14747,34,9,26.5,235.0,"[(DL,12889,235.00),(AS,12819,167.00),(OO,11603,161.00),(DL,13830,111.00),(OO,10713,45.00),(UA,11292,39.00),(OO,14107,37.00),(AS,11884,35.00),(AS,11298,33.00)]"
"2025-01-10 15:00:00",3,12889,30,5,16.066666666666666,321.0,"[(AS,14747,321.00),(WN,13198,77.00),(DL,11433,37.00),(G4,13256,32.00),(AS,14004,31.00)]"
"2025-01-10 15:00:00",4,11292,44,2,11.295454545454545,436.0,"[(DL,10397,436.00),(OO,10140,50.00)]"
"2025-01-10 16:00:00",1,11298,30,20,62.06666666666667,245.0,"[(OO,12891,245.00),(AA,13930,181.00),(AA,11042,134.00),(AA,11193,130.00),(OO,10781,115.00),(OO,12915,105.00),(OH,12951,102.00),(OO,14842,86.00),(AA,15304,83.00),(OO,11982,76.00),(DL,14747,64.00),(AA,14730,64.00),(AA,12896,62.00),(MQ,10136,49.00),(MQ,12992,42.00),(AA,13204,40.00),(AA,10423,40.00),(AA,10599,40.00),(AA,14100,36.00),(AA,14908,34.00)]"
"2025-01-10 16:00:00",1,11298,37,23,50.91891891891892,181.0,"[(OO,11049,181.00),(AA,13930,181.00),(AA,11193,130.00),(OH,12278,123.00),(OO,12915,105.00),(OO,14842,86.00),(MQ,12266,85.00),(AA,15304,83.00),(OO,11982,76.00),(AA,12889,74.00),(MQ,11140,74.00),(DL,14747,64.00),(MQ,10279,58.00),(AA,11278,56.00),(UA,13930,50.00),(MQ,10136,49.00),(MQ,13061,48.00),(MQ,12992,42.00),(AA,11292,41.00),(AA,13204,40.00)]"
"2025-01-10 16:00:00",1,11298,51,33,54.84313725490196,245.0,"[(OO,12891,245.00),(OO,11049,181.00),(AA,13930,181.00),(AA,11042,134.00),(AA,11193,130.00),(OH,12278,123.00),(OO,10781,115.00),(OO,12915,105.00),(OH,12951,102.00),(OO,14842,86.00),(MQ,12266,85.00),(AA,15304,83.00),(OO,11982,76.00),(AA,12889,74.00),(MQ,11140,74.00),(DL,14747,64.00),(AA,14730,64.00),(AA,12896,62.00),(MQ,10279,58.00),(AA,11278,56.00)]"
"2025-01-10 16:00:00",2,14107,35,4,12.771428571428572,257.0,"[(DL,10397,257.00),(AA,11433,196.00),(AA,11193,61.00),(AA,11298,35.00)]"
"2025-01-10 16:00:00",3,11292,37,3,8.08108108108108,130.0,"[(UA,14570,130.00),(UA,12892,110.00),(AA,11298,93.00)]"
"2025-01-10 16:00:00",4,14771,30,1,4.833333333333333,147.0,"[(WN,14107,147.00)]"
"2025-01-10 17:00:00",1,11292,46,6,6.434782608695652,66.0,"[(UA,11618,66.00),(OO,13029,63.00),(UA,13931,57.00),(WN,15304,51.00),(UA,12892,43.00),(UA,11298,43.00)]"
"2025-01-10 17:00:00",1,11292,37,4,11.621621621621621,222.0,"[(UA,13930,222.00),(UA,13244,132.00),(UA,14492,56.00),(WN,12892,32.00)]"
"2025-01-10 17:00:00",1,11298,31,22,86.16129032258064,747.0,"[(AA,15016,747.00),(OO,10693,239.00),(OO,14314,218.00),(AA,14771,147.00),(AA,11433,141.00),(AA,14747,138.00),(DL,12953,106.00),(AA,13244,105.00),(AA,14869,100.00),(AA,12339,81.00),(MQ,15919,76.00),(UA,12266,76.00),(AA,10423,61.00),(OO,15411,59.00),(AA,12896,59.00),(MQ,14783,57.00),(UA,13930,55.00),(AA,12892,48.00),(AA,11540,46.00),(AA,12478,36.00)]"
"2025-01-10 17:00:00",1,11298,40,26,79.15,747.0,"[(AA,15016,747.00),(OO,10693,239.00),(OO,14314,218.00),(AA,14683,205.00),(AA,14771,147.00),(AA,11433,141.00),(AA,14747,138.00),(DL,12953,106.00),(AA,13244,105.00),(AA,14869,100.00),(AA,12339,81.00),(AA,13891,80.00),(MQ,15919,76.00),(UA,12266,76.00),(NK,14107,66.00),(AA,14193,65.00),(AA,10423,61.00),(AA,12896,59.00),(OO,15411,59.00),(MQ,14783,57.00)]"
"2025-01-10 17:00:00",2,11292,63,7,5.587301587301587,66.0,"[(UA,11618,66.00),(OO,13029,63.00),(UA,13931,57.00),(UA,14492,56.00),(WN,15304,51.00),(UA,12892,43.00),(UA,11298,43.00)]"
"2025-01-10 17:00:00",2,13930,40,14,49.1,335.0,"[(YX,12339,335.00),(UA,11066,296.00),(OO,14696,236.00),(OO,13342,201.00),(AA,10423,183.00),(MQ,11111,110.00),(AS,14747,105.00),(OO,10693,66.00),(MQ,11995,54.00),(MQ,10792,52.00),(MQ,10434,48.00),(YX,12339,44.00),(AA,14100,34.00),(OO,12953,33.00)]"
"2025-01-10 17:00:00",3,12264,30,6,22.433333333333334,199.0,"[(UA,14107,199.00),(UA,13495,164.00),(AA,11298,93.00),(YX,12339,66.00),(YX,14711,48.00),(UA,10397,40.00)]"
"2025-01-10 17:00:00",3,11292,83,10,8.74698795180723,222.0,"[(UA,13930,222.00),(UA,13244,132.00),(UA,11618,66.00),(OO,13029,63.00),(UA,13931,57.00),(UA,14492,56.00),(WN,15304,51.00),(UA,12892,43.00),(UA,11298,43.00),(WN,12892,32.00)]"
"2025-01-10 17:00:00",4,11292,46,6,6.434782608695652,66.0,"[(UA,11618,66.00),(OO,13029,63.00),(UA,13931,57.00),(WN,15304,51.00),(UA,12892,43.00),(UA,11298,43.00)]"
"2025-01-10 17:00:00",4,14747,30,9,29.366666666666667,316.0,"[(DL,12173,316.00),(AS,14107,95.00),(AS,10299,91.00),(AS,12266,60.00),(AS,12892,59.00),(AS,14771,56.00),(AS,10140,44.00),(OO,14057,42.00),(AS,14831,34.00)]"
"2025-01-10 17:00:00",5,13204,33,8,32.03030303030303,323.0,"[(DL,10397,323.00),(UA,12264,212.00),(AA,12953,123.00),(AA,13930,111.00),(AA,13303,109.00),(WN,13232,41.00),(NK,11697,33.00),(WN,10529,31.00)]"
"2025-01-10 17:00:00",6,12264,34,6,20.558823529411764,199.0,"[(UA,14107,199.00),(UA,13495,164.00),(AA,11298,93.00),(YX,12339,66.00),(YX,14711,48.00),(UA,10397,40.00)]"
"2025-01-10 17:00:00",7,14107,33,6,13.878787878787879,145.0,"[(AA,14683,145.00),(AA,11066,96.00),(AA,13476,75.00),(AA,11298,65.00),(AA,10423,48.00),(AA,14831,37.00)]"
"2025-01-10 17:00:00",8,12889,32,5,12.0625,85.0,"[(DL,14869,85.00),(WN,11986,77.00),(WN,14570,58.00),(WN,10821,42.00),(DL,12892,32.00)]"
"2025-01-10 17:00:00",9,14869,32,2,9.78125,183.0,"[(DL,10423,183.00),(OO,11109,180.00)]"
"2025-01-10 18:00:00",1,13930,35,22,54.885714285714286,201.0,"[(UA,14576,201.00),(YX,14685,171.00),(YX,11986,149.00),(UA,11193,146.00),(OO,13184,113.00),(UA,11042,101.00),(OO,12217,92.00),(UA,10257,90.00),(AA,10529,86.00),(YX,14711,79.00),(UA,10529,76.00),(UA,10721,64.00),(UA,12892,64.00),(NK,14635,59.00),(MQ,14783,58.00),(AA,14107,57.00),(UA,14524,54.00),(UA,11618,48.00),(AA,11298,44.00),(UA,13487,36.00)]"
"2025-01-10 18:00:00",1,13930,45,28,52.333333333333336,201.0,"[(UA,14576,201.00),(YX,14685,171.00),(YX,11986,149.00),(UA,11193,146.00),(NK,13204,135.00),(OO,13184,113.00),(UA,11042,101.00),(OO,12217,92.00),(UA,10257,90.00),(AA,10529,86.00),(YX,14711,79.00),(UA,10529,76.00),(UA,10721,64.00),(UA,12892,64.00),(UA,10792,63.00),(NK,14635,59.00),(MQ,14783,58.00),(AA,14107,57.00),(UA,14524,54.00),(OO,11267,52.00)]"
"2025-01-10 18:00:00",1,13930,55,34,54.127272727272725,201.0,"[(UA,14576,201.00),(OO,10868,177.00),(YX,14685,171.00),(YX,11986,149.00),(UA,11193,146.00),(NK,13204,135.00),(MQ,12197,115.00),(OO,13184,113.00),(UA,12264,112.00),(UA,11042,101.00),(OO,12217,92.00),(UA,10257,90.00),(AS,14771,89.00),(AA,10529,86.00),(YX,14711,79.00),(UA,10529,76.00),(UA,13230,67.00),(UA,10721,64.00),(UA,12892,64.00),(UA,10792,63.00)]"
"2025-01-10 18:00:00",2,13930,43,27,53.25581395348837,201.0,"[(UA,14576,201.00),(YX,14685,171.00),(YX,11986,149.00),(UA,11193,146.00),(NK,13204,135.00),(OO,13184,113.00),(UA,11042,101.00),(OO,12217,92.00),(UA,10257,90.00),(AA,10529,86.00),(YX,14711,79.00),(UA,10529,76.00),(UA,10721,64.00),(UA,12892,64.00),(UA,10792,63.00),(NK,14635,59.00),(MQ,14783,58.00),(AA,14107,57.00),(UA,14524,54.00),(OO,11267,52.00)]"
"2025-01-10 18:00:00",2,11298,35,24,57.2,208.0,"[(AA,13851,208.00),(AA,13256,169.00),(OO,14696,139.00),(AA,11193,125.00),(MQ,11066,111.00),(MQ,10136,102.00),(AA,12892,96.00),(AA,10721,90.00),(AA,14100,90.00),(AA,13204,75.00),(MQ,11067,74.00),(MQ,14783,66.00),(DL,10721,63.00),(OH,12278,61.00),(AA,12264,44.00),(AA,13495,43.00),(AA,15376,42.00),(DL,14869,42.00),(AA,14747,41.00),(AA,10529,40.00)]"
"2025-01-10 18:00:00",3,11298,34,24,58.61764705882353,208.0,"[(AA,13851,208.00),(AA,13256,169.00),(OO,14696,139.00),(AA,11193,125.00),(MQ,11066,111.00),(MQ,10136,102.00),(AA,12892,96.00),(AA,10721,90.00),(AA,14100,90.00),(AA,13204,75.00),(MQ,11067,74.00),(MQ,14783,66.00),(DL,10721,63.00),(OH,12278,61.00),(AA,12264,44.00),(AA,13495,43.00),(AA,15376,42.00),(DL,14869,42.00),(AA,14747,41.00),(AA,10529,40.00)]"
"2025-01-10 18:00:00",3,11618,30,6,11.166666666666666,100.0,"[(DL,14869,100.00),(UA,14492,75.00),(DL,13487,55.00),(MQ,13930,47.00),(UA,13930,37.00),(NK,14122,32.00)]"
"2025-01-10 18:00:00",4,13930,35,22,54.885714285714286,201.0,"[(UA,14576,201.00),(YX,14685,171.00),(YX,11986,149.00),(UA,11193,146.00),(OO,13184,113.00),(UA,11042,101.00),(OO,12217,92.00),(UA,10257,90.00),(AA,10529,86.00),(YX,14711,79.00),(UA,10529,76.00),(UA,10721,64.00),(UA,12892,64.00),(NK,14635,59.00),(MQ,14783,58.00),(AA,14107,57.00),(UA,14524,54.00),(UA,11618,48.00),(AA,11298,44.00),(UA,13487,36.00)]"
"2025-01-10 19:00:00",1,11298,40,30,132.725,945.0,"[(OO,11109,945.00),(MQ,12945,711.00),(AA,11618,651.00),(AA,11996,574.00),(OO,16218,266.00),(OO,14314,145.00),(OO,11413,145.00),(F9,12266,144.00),(AA,10821,140.00),(AA,10994,137.00),(AA,14107,135.00),(OO,11905,127.00),(AA,13256,107.00),(MQ,14457,96.00),(UA,14771,86.00),(MQ,12896,82.00),(MQ,11982,70.00),(AA,11884,64.00),(MQ,10620,60.00),(AA,12892,60.00)]"
"2025-01-10 19:00:00",1,11292,45,6,10.555555555555555,154.0,"[(UA,11921,154.00),(UA,14747,90.00),(UA,10620,74.00),(UA,14869,54.00),(UA,12266,44.00),(WN,15016,42.00)]"
"2025-01-10 19:00:00",1,13204,31,10,24.161290322580644,107.0,"[(DL,12953,107.00),(DL,11193,100.00),(UA,12266,81.00),(AA,11278,60.00),(WN,13232,55.00),(WN,12339,51.00),(WN,10792,45.00),(B6,12953,42.00),(AA,14100,40.00),(DL,14869,34.00)]"
"2025-01-10 19:00:00",2,11292,35,4,8.914285714285715,154.0,"[(UA,11921,154.00),(UA,14747,90.00),(UA,12266,44.00),(WN,15016,42.00)]"
"2025-01-10 19:00:00",2,13303,32,6,40.15625,712.0,"[(AA,14492,712.00),(AA,14100,118.00),(AA,12953,114.00),(YX,13204,84.00),(AA,12266,60.00),(DL,12478,52.00)]"
"2025-01-10 19:00:00",3,11292,62,6,7.774193548387097,154.0,"[(UA,11921,154.00),(UA,14747,90.00),(UA,10620,74.00),(UA,14869,54.00),(UA,12266,44.00),(WN,15016,42.00)]"
"2025-01-10 19:00:00",4,12892,35,1,2.942857142857143,180.0,"[(OO,15376,180.00)]"
"2025-01-10 20:00:00",1,13930,33,22,143.96969696969697,964.0,"[(OO,12559,964.00),(OO,10693,716.00),(MQ,12945,652.00),(OO,13198,626.00),(AA,15376,163.00),(MQ,14576,159.00),(AA,13487,152.00),(UA,13198,143.00),(MQ,12278,133.00),(MQ,13244,125.00),(OO,14574,122.00),(AA,11986,117.00),(AA,12889,88.00),(UA,11423,83.00),(OO,14783,74.00),(UA,14107,57.00),(F9,12889,46.00),(YX,10721,44.00),(YX,15096,35.00),(AA,14100,32.00)]"
"2025-01-10 20:00:00",1,13930,42,32,157.0952380952381,964.0,"[(OO,12559,964.00),(OO,10693,716.00),(MQ,12945,652.00),(OO,13198,626.00),(AA,11433,493.00),(AA,15016,493.00),(MQ,11193,246.00),(OO,10693,193.00),(MQ,11067,191.00),(OO,15048,165.00),(MQ,11066,154.00),(AA,13487,152.00),(OO,15370,122.00),(OO,14574,122.00),(UA,13871,109.00),(YX,13495,101.00),(AA,14683,99.00),(AA,12339,78.00),(UA,14683,78.00),(OO,15919,77.00)]"
"2025-01-10 20:00:00",1,13930,59,42,131.4915254237288,964.0,"[(OO,12559,964.00),(OO,10693,716.00),(MQ,12945,652.00),(OO,13198,626.00),(AA,11433,493.00),(AA,15016,493.00),(MQ,11193,246.00),(OO,10693,193.00),(MQ,11067,191.00),(OO,15048,165.00),(AA,15376,163.00),(MQ,14576,159.00),(MQ,11066,154.00),(AA,13487,152.00),(UA,13198,143.00),(MQ,12278,133.00),(MQ,13244,125.00),(OO,15370,122.00),(OO,14574,122.00),(AA,11986,117.00)]"
"2025-01-10 20:00:00",2,11292,41,4,5.658536585365853,83.0,"[(F9,12266,83.00),(OO,13851,80.00),(WN,14679,48.00),(WN,14747,35.00)]"
"2025-01-10 20:00:00",2,12266,33,11,25.848484848484848,172.0,"[(OO,14783,172.00),(UA,14908,90.00),(NK,11697,58.00),(NK,13930,58.00),(UA,13495,57.00),(UA,14893,56.00),(UA,11292,56.00),(OO,13851,45.00),(UA,13158,43.00),(UA,14057,37.00),(UA,10140,35.00)]"
"2025-01-10 20:00:00",3,11292,41,4,5.658536585365853,83.0,"[(F9,12266,83.00),(OO,13851,80.00),(WN,14679,48.00),(WN,14747,35.00)]"
"2025-01-10 21:00:00",1,11298,33,20,48.84848484848485,154.0,"[(MQ,11982,154.00),(OO,12891,150.00),(AA,10423,127.00),(AA,13930,104.00),(AA,13342,100.00),(AA,13871,90.00),(F9,13204,89.00),(OO,10185,86.00),(AA,14262,70.00),(AA,13198,68.00),(MQ,10747,62.00),(MQ,13377,59.00),(AA,13303,55.00),(AA,13495,42.00),(AA,11278,39.00),(OH,12278,38.00),(AA,14107,33.00),(AA,12889,32.00),(MQ,11140,32.00),(OO,10155,32.00)]"
"2025-01-10 21:00:00",1,11298,35,23,93.6,1147.0,"[(AA,11638,1147.00),(OO,14588,203.00),(AA,15370,175.00),(MQ,14783,163.00),(AA,14679,143.00),(AA,14869,135.00),(AA,13485,122.00),(AA,11433,120.00),(OO,12915,107.00),(AA,15016,98.00),(AA,10693,88.00),(AA,14683,87.00),(AA,14771,79.00),(AA,15376,78.00),(AA,12266,73.00),(AA,13244,62.00),(AA,11540,54.00),(AA,13487,52.00),(AA,11109,47.00),(AA,13256,43.00)]"
"2025-01-10 21:00:00",1,11298,42,27,79.26190476190476,1147.0,"[(AA,11638,1147.00),(MQ,11982,154.00),(OO,12891,150.00),(AA,14679,143.00),(AA,10423,127.00),(AA,13485,122.00),(AA,13930,104.00),(AA,13342,100.00),(AA,15016,98.00),(AA,13871,90.00),(F9,13204,89.00),(OO,10185,86.00),(AA,15376,78.00),(AA,12266,73.00),(AA,14262,70.00),(AA,13198,68.00),(MQ,10747,62.00),(MQ,13377,59.00),(AA,13303,55.00),(AA,13256,43.00)]"
"2025-01-10 21:00:00",1,11298,49,30,76.24489795918367,1147.0,"[(AA,11638,1147.00),(OO,14588,203.00),(MQ,11982,154.00),(OO,12891,150.00),(AA,14679,143.00),(AA,10423,127.00),(AA,13485,122.00),(OO,12915,107.00),(AA,13930,104.00),(AA,13342,100.00),(AA,15016,98.00),(AA,13871,90.00),(F9,13204,89.00),(AA,14683,87.00),(OO,10185,86.00),(AA,15376,78.00),(AA,12266,73.00),(AA,14262,70.00),(AA,13198,68.00),(MQ,10747,62.00)]"
"2025-01-10 21:00:00",2,11298,43,27,77.44186046511628,1147.0,"[(AA,11638,1147.00),(MQ,11982,154.00),(OO,12891,150.00),(AA,14679,143.00),(AA,10423,127.00),(AA,13485,122.00),(AA,13930,104.00),(AA,13342,100.00),(AA,15016,98.00),(AA,13871,90.00),(F9,13204,89.00),(OO,10185,86.00),(AA,15376,78.00),(AA,12266,73.00),(AA,14262,70.00),(AA,13198,68.00),(MQ,10747,62.00),(MQ,13377,59.00),(AA,13303,55.00),(AA,13256,43.00)]"
"2025-01-10 21:00:00",3,11298,33,20,48.84848484848485,154.0,"[(MQ,11982,154.00),(OO,12891,150.00),(AA,10423,127.00),(AA,13930,104.00),(AA,13342,100.00),(AA,13871,90.00),(F9,13204,89.00),(OO,10185,86.00),(AA,14262,70.00),(AA,13198,68.00),(MQ,10747,62.00),(MQ,13377,59.00),(AA,13303,55.00),(AA,13495,42.00),(AA,11278,39.00),(OH,12278,38.00),(AA,14107,33.00),(AA,12889,32.00),(MQ,11140,32.00),(OO,10155,32.00)]"
"2025-01-11 07:00:00",1,13930,37,6,16.35135135135135,249.0,"[(AA,11057,249.00),(DL,14747,176.00),(DL,10397,115.00),(OO,12953,52.00),(OO,11433,49.00),(OO,12478,35.00)]"
"2025-01-11 07:00:00",2,10721,30,5,36.96666666666667,449.0,"[(DL,14107,449.00),(B6,14843,201.00),(DL,13204,174.00),(DL,11697,171.00),(AS,14747,74.00)]"
"2025-01-11 07:00:00",3,14747,34,1,0.029411764705882353,31.0,"[(DL,12173,31.00)]"
"2025-01-11 08:00:00",1,11298,42,14,27.142857142857142,133.0,"[(AA,14122,133.00),(OO,11982,121.00),(AA,13244,109.00),(OO,14674,98.00),(AA,14100,87.00),(AA,12266,84.00),(MQ,13495,75.00),(OH,15412,69.00),(OO,12891,53.00),(MQ,12206,51.00),(AA,11278,50.00),(AA,13851,45.00),(OO,15411,40.00),(OO,14842,33.00)]"
"2025-01-11 08:00:00",1,10397,35,25,67.17142857142858,301.0,"[(DL,11433,301.00),(DL,14679,194.00),(DL,11252,141.00),(DL,12889,125.00),(DL,11267,124.00),(DL,13495,114.00),(DL,14986,108.00),(DL,10599,104.00),(DL,14843,102.00),(DL,13204,95.00),(DL,13871,88.00),(DL,11292,87.00),(DL,14107,83.00),(DL,15624,81.00),(DL,11433,80.00),(DL,13930,68.00),(OO,13277,60.00),(DL,15304,54.00),(DL,11193,49.00),(DL,14730,49.00)]"
"2025-01-11 08:00:00",2,11298,42,14,27.142857142857142,133.0,"[(AA,14122,133.00),(OO,11982,121.00),(AA,13244,109.00),(OO,14674,98.00),(AA,14100,87.00),(AA,12266,84.00),(MQ,13495,75.00),(OH,15412,69.00),(OO,12891,53.00),(MQ,12206,51.00),(AA,11278,50.00),(AA,13851,45.00),(OO,15411,40.00),(OO,14842,33.00)]"
"2025-01-11 08:00:00",3,13930,52,8,15.788461538461538,187.0,"[(UA,14635,187.00),(OO,13485,121.00),(AA,13204,108.00),(UA,15024,107.00),(OO,13502,104.00),(AA,11292,66.00),(YX,15919,46.00),(MQ,11618,38.00)]"
"2025-01-11 08:00:00",4,12892,43,7,16.790697674418606,340.0,"[(OO,10372,340.00),(AA,12478,226.00),(DL,12266,92.00),(UA,12264,52.00),(NK,14570,48.00),(DL,12889,46.00),(AS,14057,39.00)]"
"2025-01-11 08:00:00",5,11433,30,6,28.033333333333335,332.0,"[(DL,14747,332.00),(OO,13871,125.00),(DL,10397,123.00),(DL,11298,88.00),(DL,12266,48.00),(DL,14683,35.00)]"
"2025-01-11 08:00:00",6,12889,36,1,3.111111111111111,162.0,"[(WN,14679,162.00)]"
"2025-01-11 08:00:00",7,14771,36,1,1.1944444444444444,94.0,"[(OO,10372,94.00)]"
"2025-01-11 08:00:00",8,14107,38,1,-0.42105263157894735,64.0,"[(OO,15376,64.00)]"
"2025-01-11 09:00:00",1,14747,30,4,6.7,63.0,"[(AS,11618,63.00),(DL,14869,47.00),(AS,12264,35.00),(AS,12758,33.00)]"
"2025-01-11 09:00:00",2,14869,30,3,12.833333333333334,217.0,"[(DL,14683,217.00),(DL,15016,155.00),(DL,13204,111.00)]"
"2025-01-11 09:00:00",3,14107,46,1,-0.1956521739130435,110.0,"[(OO,10372,110.00)]"
"2025-01-11 10:00:00",1,11298,35,12,23.114285714285714,123.0,"[(MQ,11267,123.00),(AA,12441,99.00),(AA,12266,95.00),(OO,11413,60.00),(AA,12892,54.00),(OH,11423,53.00),(OH,10693,52.00),(AA,14869,49.00),(AA,12012,46.00),(MQ,14457,44.00),(AA,14524,43.00),(MQ,15370,33.00)]"
"2025-01-11 10:00:00",1,11298,62,20,26.5,178.0,"[(AA,13931,178.00),(AA,10800,151.00),(MQ,11267,123.00),(OO,10372,120.00),(OO,11109,117.00),(AA,12441,99.00),(AA,12266,95.00),(OO,11413,60.00),(AA,12892,54.00),(OH,11423,53.00),(OH,10693,52.00),(OO,12280,52.00),(AA,14869,49.00),(AA,10821,49.00),(AA,10140,48.00),(MQ,11775,48.00),(AA,12012,46.00),(MQ,14457,44.00),(AA,14524,43.00),(MQ,15370,33.00)]"
"2025-01-11 10:00:00",2,13930,30,9,20.466666666666665,91.0,"[(MQ,10423,91.00),(UA,11624,89.00),(OO,10408,87.00),(UA,14027,76.00),(YX,12478,69.00),(UA,11292,62.00),(OO,13342,44.00),(OO,14730,43.00),(AA,11298,31.00)]"
"2025-01-11 10:00:00",2,11298,48,16,25.520833333333332,151.0,"[(AA,10800,151.00),(MQ,11267,123.00),(OO,10372,120.00),(AA,12441,99.00),(AA,12266,95.00),(OO,11413,60.00),(AA,12892,54.00),(OH,11423,53.00),(OH,10693,52.00),(AA,14869,49.00),(AA,10821,49.00),(AA,10140,48.00),(AA,12012,46.00),(MQ,14457,44.00),(AA,14524,43.00),(MQ,15370,33.00)]"
"2025-01-11 10:00:00",2,13930,53,14,24.169811320754718,264.0,"[(AA,14908,264.00),(OO,10874,93.00),(MQ,10423,91.00),(OO,13485,90.00),(UA,11624,89.00),(OO,10408,87.00),(OO,12217,84.00),(UA,14027,76.00),(YX,12478,69.00),(UA,11292,62.00),(OO,13342,44.00),(OO,14730,43.00),(MQ,11423,42.00),(AA,11298,31.00)]"
"2025-01-11 10:00:00",3,13930,53,14,24.169811320754718,264.0,"[(AA,14908,264.00),(OO,10874,93.00),(MQ,10423,91.00),(OO,13485,90.00),(UA,11624,89.00),(OO,10408,87.00),(OO,12217,84.00),(UA,14027,76.00),(YX,12478,69.00),(UA,11292,62.00),(OO,13342,44.00),(OO,14730,43.00),(MQ,11423,42.00),(AA,11298,31.00)]"
"2025-01-11 10:00:00",3,11292,48,5,9.979166666666666,194.0,"[(WN,12094,194.00),(DL,10397,99.00),(F9,13495,66.00),(UA,14771,56.00),(WN,12889,40.00)]"
"2025-01-11 10:00:00",4,13930,45,13,25.488888888888887,264.0,"[(AA,14908,264.00),(MQ,10423,91.00),(OO,13485,90.00),(UA,11624,89.00),(OO,10408,87.00),(OO,12217,84.00),(UA,14027,76.00),(YX,12478,69.00),(UA,11292,62.00),(OO,13342,44.00),(OO,14730,43.00),(MQ,11423,42.00),(AA,11298,31.00)]"
"2025-01-11 10:00:00",4,12889,31,2,3.5483870967741935,130.0,"[(DL,11433,130.00),(DL,12892,31.00)]"
"2025-01-11 10:00:00",5,13930,42,12,26.285714285714285,264.0,"[(AA,14908,264.00),(MQ,10423,91.00),(OO,13485,90.00),(UA,11624,89.00),(OO,10408,87.00),(OO,12217,84.00),(UA,14027,76.00),(YX,12478,69.00),(UA,11292,62.00),(OO,13342,44.00),(OO,14730,43.00),(AA,11298,31.00)]"
"2025-01-11 10:00:00",6,11298,35,12,23.114285714285714,123.0,"[(MQ,11267,123.00),(AA,12441,99.00),(AA,12266,95.00),(OO,11413,60.00),(AA,12892,54.00),(OH,11423,53.00),(OH,10693,52.00),(AA,14869,49.00),(AA,12012,46.00),(MQ,14457,44.00),(AA,14524,43.00),(MQ,15370,33.00)]"
"2025-01-11 10:00:00",7,13930,30,9,20.466666666666665,91.0,"[(MQ,10423,91.00),(UA,11624,89.00),(OO,10408,87.00),(UA,14027,76.00),(YX,12478,69.00),(UA,11292,62.00),(OO,13342,44.00),(OO,14730,43.00),(AA,11298,31.00)]"
"2025-01-11 10:00:00",8,11292,48,5,9.979166666666666,194.0,"[(WN,12094,194.00),(DL,10397,99.00),(F9,13495,66.00),(UA,14771,56.00),(WN,12889,40.00)]"
"2025-01-11 10:00:00",9,11292,36,4,7.444444444444445,99.0,"[(DL,10397,99.00),(F9,13495,66.00),(UA,14771,56.00),(WN,12889,40.00)]"
"2025-01-11 10:00:00",10,12892,32,3,3.625,84.0,"[(WN,14869,84.00),(WN,13232,43.00),(DL,14771,35.00)]"
"2025-01-11 11:00:00",1,11292,38,8,21.05263157894737,191.0,"[(WN,11066,191.00),(OO,14674,126.00),(UA,12094,117.00),(DL,11433,73.00),(WN,13342,71.00),(OO,10599,66.00),(OO,12012,66.00),(OO,10372,57.00)]"
"2025-01-11 11:00:00",1,10397,37,27,103.10810810810811,309.0,"[(DL,14679,309.00),(DL,14193,236.00),(DL,11697,214.00),(DL,11278,213.00),(DL,14747,213.00),(DL,14986,209.00),(DL,14869,191.00),(DL,11292,173.00),(DL,14107,171.00),(DL,12264,164.00),(DL,14683,130.00),(DL,10140,125.00),(DL,15096,122.00),(DL,10721,119.00),(DL,14771,119.00),(DL,12278,112.00),(DL,13204,108.00),(DL,11481,107.00),(DL,12339,101.00),(DL,10849,91.00)]"
"2025-01-11 11:00:00",2,10397,36,26,102.66666666666667,309.0,"[(DL,14679,309.00),(DL,14193,236.00),(DL,11697,214.00),(DL,11278,213.00),(DL,14747,213.00),(DL,14986,209.00),(DL,14869,191.00),(DL,11292,173.00),(DL,14107,171.00),(DL,12264,164.00),(DL,14683,130.00),(DL,10140,125.00),(DL,15096,122.00),(DL,10721,119.00),(DL,12278,112.00),(DL,13204,108.00),(DL,11481,107.00),(DL,12339,101.00),(DL,10849,91.00),(DL,14576,83.00)]"
"2025-01-11 11:00:00",2,11298,38,10,26.05263157894737,200.0,"[(OO,12951,200.00),(MQ,10627,119.00),(OO,14314,108.00),(OO,14674,85.00),(OO,14588,78.00),(DL,11433,69.00),(AA,14831,59.00),(OO,13244,59.00),(OO,11695,38.00),(AA,11618,32.00)]"
"2025-01-11 11:00:00",3,11292,82,14,14.670731707317072,191.0,"[(WN,11066,191.00),(OO,14674,126.00),(UA,12094,117.00),(DL,11433,73.00),(WN,13342,71.00),(OO,10599,66.00),(OO,12012,66.00),(OO,10372,57.00),(OO,13158,55.00),(UA,13244,50.00),(WN,12892,50.00),(AA,14107,44.00),(UA,14747,42.00),(UA,11648,33.00)]"
"2025-01-11 11:00:00",3,11292,63,10,14.984126984126984,191.0,"[(WN,11066,191.00),(OO,14674,126.00),(UA,12094,117.00),(DL,11433,73.00),(WN,13342,71.00),(OO,10599,66.00),(OO,12012,66.00),(OO,10372,57.00),(AA,14107,44.00),(UA,11648,33.00)]"
"2025-01-11 11:00:00",4,13204,34,12,24.764705882352942,150.0,"[(DL,12953,150.00),(DL,10397,149.00),(WN,10792,69.00),(AA,14100,58.00),(WN,12339,49.00),(F9,14100,46.00),(AA,11278,42.00),(B6,11618,39.00),(UA,12266,38.00),(DL,10721,34.00),(WN,13198,34.00),(WN,13232,32.00)]"
"2025-01-11 11:00:00",4,14747,32,7,23.375,280.0,"[(DL,14262,280.00),(DL,15376,123.00),(AS,10849,120.00),(AS,14262,113.00),(AS,14893,54.00),(AS,13930,47.00),(AS,14908,33.00)]"
"2025-01-11 11:00:00",5,11298,37,10,26.756756756756758,200.0,"[(OO,12951,200.00),(MQ,10627,119.00),(OO,14314,108.00),(OO,14674,85.00),(OO,14588,78.00),(DL,11433,69.00),(AA,14831,59.00),(OO,13244,59.00),(OO,11695,38.00),(AA,11618,32.00)]"
"2025-01-11 11:00:00",5,14869,31,6,14.32258064516129,110.0,"[(DL,14893,110.00),(DL,13204,106.00),(DL,14262,77.00),(DL,12441,62.00),(DL,14057,41.00),(DL,14747,33.00)]"
"2025-01-11 11:00:00",6,11298,38,10,26.05263157894737,200.0,"[(OO,12951,200.00),(MQ,10627,119.00),(OO,14314,108.00),(OO,14674,85.00),(OO,14588,78.00),(DL,11433,69.00),(AA,14831,59.00),(OO,13244,59.00),(OO,11695,38.00),(AA,11618,32.00)]"
"2025-01-11 11:00:00",7,11292,61,10,15.147540983606557,191.0,"[(WN,11066,191.00),(OO,14674,126.00),(UA,12094,117.00),(DL,11433,73.00),(WN,13342,71.00),(OO,10599,66.00),(OO,12012,66.00),(OO,10372,57.00),(AA,14107,44.00),(UA,11648,33.00)]"
"2025-01-11 11:00:00",8,11292,63,10,14.984126984126984,191.0,"[(WN,11066,191.00),(OO,14674,126.00),(UA,12094,117.00),(DL,11433,73.00),(WN,13342,71.00),(OO,10599,66.00),(OO,12012,66.00),(OO,10372,57.00),(AA,14107,44.00),(UA,11648,33.00)]"
"2025-01-11 11:00:00",9,11292,38,8,21.05263157894737,191.0,"[(WN,11066,191.00),(OO,14674,126.00),(UA,12094,117.00),(DL,11433,73.00),(WN,13342,71.00),(OO,10599,66.00),(OO,12012,66.00),(OO,10372,57.00)]"
"2025-01-11 11:00:00",10,14747,32,7,23.375,280.0,"[(DL,14262,280.00),(DL,15376,123.00),(AS,10849,120.00),(AS,14262,113.00),(AS,14893,54.00),(AS,13930,47.00),(AS,14908,33.00)]"
"2025-01-11 12:00:00",1,11298,32,16,36.1875,220.0,"[(OO,14696,220.00),(AA,12441,107.00),(UA,12266,83.00),(AA,12451,79.00),(AA,14986,78.00),(OO,10728,61.00),(OO,11980,60.00),(AA,11503,57.00),(AA,12264,51.00),(OO,15074,47.00),(MQ,14783,46.00),(OO,10747,44.00),(OO,10372,39.00),(AA,12266,39.00),(AA,11697,34.00),(AA,11292,32.00)]"
"2025-01-11 12:00:00",1,10397,34,26,76.58823529411765,208.0,"[(DL,13930,208.00),(DL,12451,181.00),(DL,14107,155.00),(DL,13830,149.00),(DL,14843,140.00),(DL,14635,135.00),(DL,13244,131.00),(DL,13204,126.00),(DL,11057,113.00),(DL,13342,113.00),(DL,12448,96.00),(DL,11624,90.00),(DL,14027,90.00),(DL,14492,87.00),(DL,11540,87.00),(DL,10994,80.00),(OO,10372,78.00),(DL,11995,76.00),(DL,12953,65.00),(YX,11618,63.00)]"
"2025-01-11 12:00:00",2,11298,58,23,39.93103448275862,390.0,"[(OO,14960,390.00),(OO,11905,332.00),(OO,14696,220.00),(MQ,10136,144.00),(AA,12441,107.00),(UA,12266,83.00),(AA,12451,79.00),(OH,10781,79.00),(AA,14986,78.00),(OO,10728,61.00),(MQ,13256,61.00),(OO,11980,60.00),(AA,11503,57.00),(AA,12264,51.00),(OO,15074,47.00),(MQ,14783,46.00),(OO,10747,44.00),(OO,10372,39.00),(AA,12266,39.00),(MQ,10431,37.00)]"
"2025-01-11 12:00:00",2,11298,46,19,38.130434782608695,332.0,"[(OO,11905,332.00),(OO,14696,220.00),(MQ,10136,144.00),(AA,12441,107.00),(UA,12266,83.00),(AA,12451,79.00),(OH,10781,79.00),(AA,14986,78.00),(OO,10728,61.00),(OO,11980,60.00),(AA,11503,57.00),(AA,12264,51.00),(OO,15074,47.00),(MQ,14783,46.00),(OO,10747,44.00),(OO,10372,39.00),(AA,12266,39.00),(AA,11697,34.00),(AA,11292,32.00)]"
"2025-01-11 12:00:00",3,11298,46,19,38.130434782608695,332.0,"[(OO,11905,332.00),(OO,14696,220.00),(MQ,10136,144.00),(AA,12441,107.00),(UA,12266,83.00),(AA,12451,79.00),(OH,10781,79.00),(AA,14986,78.00),(OO,10728,61.00),(OO,11980,60.00),(AA,11503,57.00),(AA,12264,51.00),(OO,15074,47.00),(MQ,14783,46.00),(OO,10747,44.00),(OO,10372,39.00),(AA,12266,39.00),(AA,11697,34.00),(AA,11292,32.00)]"
"2025-01-11 12:00:00",3,12266,30,5,12.266666666666667,74.0,"[(AA,11298,74.00),(UA,15016,57.00),(UA,14908,51.00),(UA,14771,39.00),(UA,11057,35.00)]"
"2025-01-11 12:00:00",4,11298,32,16,36.1875,220.0,"[(OO,14696,220.00),(AA,12441,107.00),(UA,12266,83.00),(AA,12451,79.00),(AA,14986,78.00),(OO,10728,61.00),(OO,11980,60.00),(AA,11503,57.00),(AA,12264,51.00),(OO,15074,47.00),(MQ,14783,46.00),(OO,10747,44.00),(OO,10372,39.00),(AA,12266,39.00),(AA,11697,34.00),(AA,11292,32.00)]"
"2025-01-11 12:00:00",4,13930,32,4,7.53125,100.0,"[(OO,11337,100.00),(UA,13487,49.00),(AA,13303,31.00),(WN,10821,31.00)]"
"2025-01-11 12:00:00",5,12266,30,5,12.266666666666667,74.0,"[(AA,11298,74.00),(UA,15016,57.00),(UA,14908,51.00),(UA,14771,39.00),(UA,11057,35.00)]"
"2025-01-11 12:00:00",5,12889,33,3,10.0,193.0,"[(DL,10397,193.00),(WN,12954,54.00),(DL,13487,36.00)]"
"2025-01-11 12:00:00",6,13930,32,4,7.53125,100.0,"[(OO,11337,100.00),(UA,13487,49.00),(AA,13303,31.00),(WN,10821,31.00)]"
"2025-01-11 12:00:00",7,12889,33,3,10.0,193.0,"[(DL,10397,193.00),(WN,12954,54.00),(DL,13487,36.00)]"
"2025-01-11 13:00:00",1,11292,36,8,23.0,233.0,"[(DL,10397,233.00),(WN,12094,151.00),(WN,13198,127.00),(OO,11413,84.00),(OO,14783,67.00),(UA,15016,52.00),(UA,12266,44.00),(UA,12094,41.00)]"
"2025-01-11 13:00:00",1,10397,30,23,95.46666666666667,262.0,"[(OH,11057,262.00),(DL,12451,223.00),(DL,13931,180.00),(DL,15304,176.00),(DL,11996,151.00),(UA,13930,138.00),(DL,13204,135.00),(DL,11292,133.00),(DL,14193,129.00),(DL,13495,127.00),(DL,11433,126.00),(DL,14524,119.00),(DL,11278,111.00),(DL,11298,110.00),(DL,14730,105.00),(DL,11481,97.00),(DL,12217,95.00),(DL,11697,82.00),(DL,11042,65.00),(DL,13303,64.00)]"
"2025-01-11 13:00:00",2,11057,31,14,39.32258064516129,189.0,"[(AA,13244,189.00),(AA,11433,160.00),(OH,10994,153.00),(OH,12323,98.00),(OH,15412,81.00),(AA,12478,80.00),(WN,10821,63.00),(OH,10599,63.00),(OH,12992,60.00),(AA,10721,54.00),(AA,11066,51.00),(AA,13303,40.00),(OH,13577,40.00),(OH,11996,34.00)]"
"2025-01-11 13:00:00",2,11057,31,14,39.32258064516129,189.0,"[(AA,13244,189.00),(AA,11433,160.00),(OH,10994,153.00),(OH,12323,98.00),(OH,15412,81.00),(AA,12478,80.00),(WN,10821,63.00),(OH,10599,63.00),(OH,12992,60.00),(AA,10721,54.00),(AA,11066,51.00),(OH,13577,40.00),(AA,13303,40.00),(OH,11996,34.00)]"
"2025-01-11 13:00:00",3,11292,51,10,18.15686274509804,233.0,"[(DL,10397,233.00),(WN,12094,151.00),(WN,13198,127.00),(OO,12896,113.00),(OO,11413,84.00),(OO,14783,67.00),(UA,15016,52.00),(UA,12266,44.00),(UA,12094,41.00),(UA,10721,31.00)]"
"2025-01-11 13:00:00",3,11292,75,10,12.16,233.0,"[(DL,10397,233.00),(WN,12094,151.00),(WN,13198,127.00),(OO,12896,113.00),(OO,11413,84.00),(OO,14783,67.00),(UA,15016,52.00),(UA,12266,44.00),(UA,12094,41.00),(UA,10721,31.00)]"
"2025-01-11 13:00:00",4,11292,75,10,12.16,233.0,"[(DL,10397,233.00),(WN,12094,151.00),(WN,13198,127.00),(OO,12896,113.00),(OO,11413,84.00),(OO,14783,67.00),(UA,15016,52.00),(UA,12266,44.00),(UA,12094,41.00),(UA,10721,31.00)]"
"2025-01-11 13:00:00",4,14107,32,4,21.09375,332.0,"[(DL,13487,332.00),(OO,13851,235.00),(B6,10721,91.00),(WN,13204,32.00)]"
"2025-01-11 13:00:00",5,11292,36,8,23.0,233.0,"[(DL,10397,233.00),(WN,12094,151.00),(WN,13198,127.00),(OO,11413,84.00),(OO,14783,67.00),(UA,15016,52.00),(UA,12266,44.00),(UA,12094,41.00)]"
"2025-01-11 13:00:00",6,14107,32,4,21.09375,332.0,"[(DL,13487,332.00),(OO,13851,235.00),(B6,10721,91.00),(WN,13204,32.00)]"
"2025-01-11 14:00:00",1,10397,35,24,67.6,208.0,"[(F9,14100,208.00),(DL,14730,184.00),(DL,12339,174.00),(DL,15370,136.00),(DL,13577,134.00),(DL,14635,129.00),(DL,10431,128.00),(DL,11252,116.00),(DL,13204,116.00),(DL,12478,106.00),(DL,14986,99.00),(AA,13303,97.00),(AA,11298,80.00),(DL,10529,76.00),(DL,10994,60.00),(DL,13198,52.00),(DL,11423,52.00),(DL,13360,49.00),(UA,12264,41.00),(DL,10423,36.00)]"
"2025-01-11 14:00:00",2,11057,32,10,22.3125,103.0,"[(DL,10397,103.00),(OH,14108,83.00),(OH,12197,74.00),(AA,14307,60.00),(AA,11618,54.00),(AA,15096,53.00),(MQ,10781,44.00),(AA,10257,39.00),(AA,14027,33.00),(OH,10431,31.00)]"
"2025-01-11 14:00:00",3,13930,50,8,19.04,222.0,"[(UA,12953,222.00),(DL,10397,194.00),(OO,11267,156.00),(OO,10990,134.00),(OO,15412,80.00),(OO,14730,50.00),(UA,11042,45.00),(UA,10721,35.00)]"
"2025-01-11 14:00:00",4,13930,35,7,27.37142857142857,222.0,"[(UA,12953,222.00),(DL,10397,194.00),(OO,11267,156.00),(OO,10990,134.00),(OO,15412,80.00),(OO,14730,50.00),(UA,11042,45.00)]"
"2025-01-11 15:00:00",1,11298,34,8,28.61764705882353,249.0,"[(AA,14100,249.00),(AA,10423,163.00),(OO,10747,102.00),(AA,12339,85.00),(AA,13930,83.00),(AA,11697,55.00),(F9,12266,49.00),(MQ,12217,45.00)]"
"2025-01-11 15:00:00",1,13204,34,6,18.176470588235293,144.0,"[(DL,10397,144.00),(DL,13487,118.00),(DL,12953,86.00),(B6,12197,43.00),(WN,14492,38.00),(WN,12889,32.00)]"
"2025-01-11 15:00:00",2,13204,34,6,18.176470588235293,144.0,"[(DL,10397,144.00),(DL,13487,118.00),(DL,12953,86.00),(B6,12197,43.00),(WN,14492,38.00),(WN,12889,32.00)]"
"2025-01-11 15:00:00",2,13930,32,3,5.6875,93.0,"[(UA,13487,93.00),(OO,11288,71.00),(OO,10408,57.00)]"
"2025-01-11 15:00:00",3,11292,33,3,16.515151515151516,283.0,"[(DL,11433,283.00),(DL,10397,139.00),(WN,13204,60.00)]"
"2025-01-11 15:00:00",4,13930,32,3,5.6875,93.0,"[(UA,13487,93.00),(OO,11288,71.00),(OO,10408,57.00)]"
"2025-01-11 16:00:00",1,10397,31,22,101.70967741935483,596.0,"[(DL,11259,596.00),(DL,14027,340.00),(DL,13871,224.00),(DL,11618,204.00),(DL,12191,151.00),(DL,13198,150.00),(DL,11278,148.00),(DL,13303,148.00),(DL,14107,143.00),(DL,10781,98.00),(DL,11481,95.00),(DL,10693,92.00),(DL,14843,87.00),(DL,14193,78.00),(DL,12992,72.00),(DL,14730,69.00),(DL,10868,69.00),(DL,13342,67.00),(WN,11292,54.00),(DL,12266,53.00)]"
"2025-01-11 16:00:00",1,11298,54,15,25.814814814814813,234.0,"[(OO,10185,234.00),(OO,10155,190.00),(AA,11278,119.00),(OO,12191,103.00),(DL,10397,92.00),(OO,11982,64.00),(AA,15016,59.00),(MQ,11140,53.00),(OO,15919,51.00),(MQ,12992,50.00),(AA,14683,50.00),(AA,11292,45.00),(OO,11049,38.00),(MQ,13061,35.00),(OO,12915,33.00)]"
"2025-01-11 16:00:00",2,11298,54,15,25.814814814814813,234.0,"[(OO,10185,234.00),(OO,10155,190.00),(AA,11278,119.00),(OO,12191,103.00),(DL,10397,92.00),(OO,11982,64.00),(AA,15016,59.00),(MQ,11140,53.00),(OO,15919,51.00),(MQ,12992,50.00),(AA,14683,50.00),(AA,11292,45.00),(OO,11049,38.00),(MQ,13061,35.00),(OO,12915,33.00)]"
"2025-01-11 16:00:00",2,11057,47,13,23.97872340425532,216.0,"[(OH,10431,216.00),(OH,14524,212.00),(OH,11996,101.00),(OH,10868,95.00),(AA,12889,77.00),(AA,11433,68.00),(AA,11278,56.00),(OH,12323,54.00),(AA,13198,49.00),(AA,14122,47.00),(DL,10397,37.00),(OH,10135,31.00),(AA,11618,31.00)]"
"2025-01-11 16:00:00",3,11298,42,13,26.547619047619047,234.0,"[(OO,10185,234.00),(AA,11278,119.00),(OO,12191,103.00),(DL,10397,92.00),(OO,11982,64.00),(AA,15016,59.00),(MQ,11140,53.00),(OO,15919,51.00),(MQ,12992,50.00),(AA,14683,50.00),(AA,11292,45.00),(MQ,13061,35.00),(OO,12915,33.00)]"
"2025-01-11 16:00:00",3,11292,35,5,12.8,264.0,"[(DL,10397,264.00),(UA,12264,71.00),(OO,10372,51.00),(OO,12255,36.00),(WN,13891,35.00)]"
"2025-01-11 16:00:00",4,11057,47,13,23.97872340425532,216.0,"[(OH,10431,216.00),(OH,14524,212.00),(OH,11996,101.00),(OH,10868,95.00),(AA,12889,77.00),(AA,11433,68.00),(AA,11278,56.00),(OH,12323,54.00),(AA,13198,49.00),(AA,14122,47.00),(DL,10397,37.00),(OH,10135,31.00),(AA,11618,31.00)]"
"2025-01-11 16:00:00",5,11057,34,11,30.235294117647058,216.0,"[(OH,10431,216.00),(OH,14524,212.00),(OH,11996,101.00),(OH,10868,95.00),(AA,12889,77.00),(AA,11433,68.00),(AA,11278,56.00),(AA,13198,49.00),(AA,14122,47.00),(DL,10397,37.00),(OH,10135,31.00)]"
"2025-01-11 16:00:00",6,11292,35,5,12.8,264.0,"[(DL,10397,264.00),(UA,12264,71.00),(OO,10372,51.00),(OO,12255,36.00),(WN,13891,35.00)]"
"2025-01-11 17:00:00",1,11292,35,3,14.457142857142857,169.0,"[(OO,10713,169.00),(WN,14683,130.00),(OO,13029,31.00)]"
"2025-01-11 17:00:00",1,11298,36,10,21.97222222222222,205.0,"[(DL,10397,205.00),(OO,14314,121.00),(AA,14771,55.00),(MQ,15919,49.00),(AA,15376,43.00),(AA,14679,42.00),(UA,12264,41.00),(OO,15411,41.00),(AA,14193,39.00),(AA,12478,38.00)]"
"2025-01-11 17:00:00",1,10397,37,18,47.270270270270274,188.0,"[(DL,12451,188.00),(DL,14100,167.00),(DL,10721,132.00),(DL,12953,130.00),(F9,11697,126.00),(DL,14635,120.00),(DL,10599,117.00),(DL,13204,110.00),(DL,14869,84.00),(DL,10980,80.00),(DL,11697,67.00),(DL,11278,60.00),(DL,15249,55.00),(DL,12889,44.00),(DL,14685,40.00),(DL,13931,37.00),(WN,13204,35.00),(DL,11433,32.00)]"
"2025-01-11 17:00:00",2,14869,34,6,21.38235294117647,208.0,"[(DL,12339,208.00),(DL,13204,193.00),(DL,11298,157.00),(OO,15370,66.00),(DL,11066,58.00),(DL,14683,39.00)]"
"2025-01-11 17:00:00",2,11298,36,10,21.97222222222222,205.0,"[(DL,10397,205.00),(OO,14314,121.00),(AA,14771,55.00),(MQ,15919,49.00),(AA,15376,43.00),(AA,14679,42.00),(UA,12264,41.00),(OO,15411,41.00),(AA,14193,39.00),(AA,12478,38.00)]"
"2025-01-11 17:00:00",3,11292,35,3,14.457142857142857,169.0,"[(OO,10713,169.00),(WN,14683,130.00),(OO,13029,31.00)]"
"2025-01-11 17:00:00",3,14869,34,6,21.38235294117647,208.0,"[(DL,12339,208.00),(DL,13204,193.00),(DL,11298,157.00),(OO,15370,66.00),(DL,11066,58.00),(DL,14683,39.00)]"
"2025-01-11 17:00:00",4,11292,35,3,14.457142857142857,169.0,"[(OO,10713,169.00),(WN,14683,130.00),(OO,13029,31.00)]"
"2025-01-11 18:00:00",1,11298,48,13,25.4375,269.0,"[(AA,11540,269.00),(OO,14696,147.00),(AA,13244,142.00),(MQ,15249,77.00),(AA,13303,71.00),(AA,13204,63.00),(MQ,10279,59.00),(OO,10693,55.00),(AA,11193,44.00),(AA,14492,43.00),(AA,13851,41.00),(AA,11503,37.00),(AA,14771,32.00)]"
"2025-01-11 18:00:00",2,11298,37,11,29.54054054054054,269.0,"[(AA,11540,269.00),(OO,14696,147.00),(AA,13244,142.00),(MQ,15249,77.00),(AA,13204,63.00),(MQ,10279,59.00),(OO,10693,55.00),(AA,11193,44.00),(AA,14492,43.00),(AA,13851,41.00),(AA,14771,32.00)]"
"2025-01-11 18:00:00",2,13204,41,11,23.73170731707317,171.0,"[(B6,10529,171.00),(B6,14307,114.00),(WN,11292,106.00),(WN,13342,99.00),(DL,12953,84.00),(DL,11433,65.00),(WN,12339,64.00),(NK,11057,43.00),(NK,12266,38.00),(WN,10792,32.00),(AA,11298,31.00)]"
"2025-01-11 18:00:00",3,11298,38,11,28.55263157894737,269.0,"[(AA,11540,269.00),(OO,14696,147.00),(AA,13244,142.00),(MQ,15249,77.00),(AA,13204,63.00),(MQ,10279,59.00),(OO,10693,55.00),(AA,11193,44.00),(AA,14492,43.00),(AA,13851,41.00),(AA,14771,32.00)]"
"2025-01-11 18:00:00",3,11057,52,9,16.25,148.0,"[(OH,11267,148.00),(AA,13303,102.00),(AA,11278,82.00),(OH,12945,81.00),(AA,14747,64.00),(OH,12264,50.00),(AA,14122,41.00),(AA,11042,41.00),(OH,10874,32.00)]"
"2025-01-11 18:00:00",4,11057,46,9,18.347826086956523,148.0,"[(OH,11267,148.00),(AA,13303,102.00),(AA,11278,82.00),(OH,12945,81.00),(AA,14747,64.00),(OH,12264,50.00),(AA,14122,41.00),(AA,11042,41.00),(OH,10874,32.00)]"
"2025-01-11 18:00:00",4,12266,35,9,14.8,154.0,"[(OO,10372,154.00),(UA,11996,57.00),(UA,11057,51.00),(OO,10693,50.00),(UA,11697,45.00),(DL,10397,44.00),(OO,10781,40.00),(OO,14193,35.00),(UA,12264,31.00)]"
"2025-01-11 18:00:00",5,11057,52,9,16.25,148.0,"[(OH,11267,148.00),(AA,13303,102.00),(AA,11278,82.00),(OH,12945,81.00),(AA,14747,64.00),(OH,12264,50.00),(AA,14122,41.00),(AA,11042,41.00),(OH,10874,32.00)]"
"2025-01-11 18:00:00",5,13930,53,9,14.30188679245283,172.0,"[(AA,10397,172.00),(AA,14107,102.00),(UA,10529,85.00),(AA,11298,72.00),(OO,13184,71.00),(UA,14576,68.00),(UA,15096,56.00),(AA,11618,46.00),(AA,10721,31.00)]"
"2025-01-11 18:00:00",6,12266,35,9,14.8,154.0,"[(OO,10372,154.00),(UA,11996,57.00),(UA,11057,51.00),(OO,10693,50.00),(UA,11697,45.00),(DL,10397,44.00),(OO,10781,40.00),(OO,14193,35.00),(UA,12264,31.00)]"
"2025-01-11 18:00:00",7,13930,53,9,14.30188679245283,172.0,"[(AA,10397,172.00),(AA,14107,102.00),(UA,10529,85.00),(AA,11298,72.00),(OO,13184,71.00),(UA,14576,68.00),(UA,15096,56.00),(AA,11618,46.00),(AA,10721,31.00)]"
"2025-01-11 18:00:00",8,11057,41,8,16.73170731707317,102.0,"[(AA,13303,102.00),(AA,11278,82.00),(OH,12945,81.00),(AA,14747,64.00),(OH,12264,50.00),(AA,14122,41.00),(AA,11042,41.00),(OH,10874,32.00)]"
"2025-01-11 18:00:00",9,13930,35,7,15.685714285714285,172.0,"[(AA,10397,172.00),(UA,10529,85.00),(AA,11298,72.00),(OO,13184,71.00),(UA,14576,68.00),(AA,11618,46.00),(AA,10721,31.00)]"
"2025-01-11 18:00:00",10,13930,38,7,15.105263157894736,172.0,"[(AA,10397,172.00),(UA,10529,85.00),(AA,11298,72.00),(OO,13184,71.00),(UA,14576,68.00),(AA,11618,46.00),(AA,10721,31.00)]"
"2025-01-11 19:00:00",1,11298,38,12,24.94736842105263,163.0,"[(AA,14524,163.00),(OO,15401,112.00),(OO,14674,98.00),(OO,10372,97.00),(OO,11905,84.00),(OO,14314,63.00),(OO,14960,60.00),(AA,14831,52.00),(OO,11413,50.00),(AA,12992,35.00),(AA,11995,33.00),(OO,16218,31.00)]"
"2025-01-11 19:00:00",1,10397,35,24,95.54285714285714,847.0,"[(OO,10146,847.00),(DL,14027,226.00),(UA,11618,199.00),(DL,10821,182.00),(DL,14524,154.00),(DL,11995,154.00),(DL,14831,152.00),(DL,12197,136.00),(DL,13931,133.00),(DL,13303,126.00),(DL,12266,109.00),(DL,14107,107.00),(DL,14843,93.00),(DL,10721,92.00),(DL,12953,90.00),(DL,12889,75.00),(DL,11996,60.00),(DL,11057,60.00),(DL,10693,59.00),(DL,12945,57.00)]"
"2025-01-11 19:00:00",1,10397,48,33,96.22916666666667,847.0,"[(OO,10146,847.00),(DL,11618,316.00),(DL,12264,298.00),(DL,14027,226.00),(UA,11618,199.00),(DL,10821,182.00),(DL,14524,154.00),(DL,11995,154.00),(DL,14831,152.00),(F9,14100,143.00),(DL,12197,136.00),(DL,13931,133.00),(DL,11697,131.00),(DL,13303,126.00),(DL,14771,110.00),(DL,12266,109.00),(DL,14107,107.00),(DL,14843,93.00),(DL,10721,92.00),(DL,12953,90.00)]"
"2025-01-11 19:00:00",2,11292,31,6,21.29032258064516,118.0,"[(OO,10279,118.00),(OO,11109,98.00),(OO,12896,84.00),(OO,10561,44.00),(UA,11413,39.00),(WN,14057,36.00)]"
"2025-01-11 19:00:00",2,11298,63,18,23.476190476190474,163.0,"[(AA,14524,163.00),(MQ,13367,155.00),(AA,12892,113.00),(OO,15401,112.00),(OO,14674,98.00),(OO,10372,97.00),(OO,11905,84.00),(OO,14314,63.00),(OO,14960,60.00),(AA,11618,60.00),(AA,14831,52.00),(OO,11413,50.00),(MQ,11775,50.00),(AA,10423,44.00),(AA,13342,36.00),(AA,12992,35.00),(AA,11995,33.00),(OO,16218,31.00)]"
"2025-01-11 19:00:00",3,11298,44,13,23.227272727272727,163.0,"[(AA,14524,163.00),(OO,15401,112.00),(OO,14674,98.00),(OO,10372,97.00),(OO,11905,84.00),(OO,14314,63.00),(OO,14960,60.00),(AA,14831,52.00),(OO,11413,50.00),(MQ,11775,50.00),(AA,12992,35.00),(AA,11995,33.00),(OO,16218,31.00)]"
"2025-01-11 19:00:00",3,11292,31,6,21.29032258064516,118.0,"[(OO,10279,118.00),(OO,11109,98.00),(OO,12896,84.00),(OO,10561,44.00),(UA,11413,39.00),(WN,14057,36.00)]"
"2025-01-11 19:00:00",4,11298,38,12,24.94736842105263,163.0,"[(AA,14524,163.00),(OO,15401,112.00),(OO,14674,98.00),(OO,10372,97.00),(OO,11905,84.00),(OO,14314,63.00),(OO,14960,60.00),(AA,14831,52.00),(OO,11413,50.00),(AA,12992,35.00),(AA,11995,33.00),(OO,16218,31.00)]"
"2025-01-11 19:00:00",4,13303,34,6,19.38235294117647,185.0,"[(AA,14747,185.00),(B6,12478,182.00),(AA,14492,54.00),(YX,13204,44.00),(AA,12339,43.00),(MQ,11193,43.00)]"
"2025-01-11 19:00:00",5,11292,31,6,21.29032258064516,118.0,"[(OO,10279,118.00),(OO,11109,98.00),(OO,12896,84.00),(OO,10561,44.00),(UA,11413,39.00),(WN,14057,36.00)]"
"2025-01-11 19:00:00",6,13303,34,6,19.38235294117647,185.0,"[(AA,14747,185.00),(B6,12478,182.00),(AA,14492,54.00),(YX,13204,44.00),(AA,12339,43.00),(MQ,11193,43.00)]"
"2025-01-11 20:00:00",1,10397,30,18,58.666666666666664,165.0,"[(DL,14100,165.00),(NK,11697,150.00),(DL,13577,141.00),(DL,14683,140.00),(DL,11298,116.00),(DL,14893,110.00),(DL,15376,107.00),(DL,15304,104.00),(DL,13204,91.00),(DL,13485,89.00),(DL,11252,80.00),(DL,12191,71.00),(DL,11259,57.00),(NK,10821,51.00),(DL,10257,46.00),(DL,12278,44.00),(OO,11146,39.00),(DL,13871,34.00)]"
"2025-01-11 20:00:00",2,11057,39,10,29.743589743589745,157.0,"[(OH,14814,157.00),(OH,14108,141.00),(OH,14193,114.00),(OH,14696,100.00),(OH,14685,95.00),(OH,15249,92.00),(OH,11193,77.00),(OH,11996,75.00),(OH,11995,59.00),(AA,12892,36.00)]"
"2025-01-11 20:00:00",2,11057,54,13,24.537037037037038,157.0,"[(OH,14814,157.00),(OH,14108,141.00),(OH,14193,114.00),(OH,14696,100.00),(OH,14685,95.00),(OH,15249,92.00),(OH,11193,77.00),(OH,11996,75.00),(OH,11995,59.00),(AA,14730,59.00),(OH,11267,48.00),(AA,10994,42.00),(AA,12892,36.00)]"
"2025-01-11 20:00:00",3,13930,55,9,10.836363636363636,73.0,"[(OO,14783,73.00),(UA,10423,70.00),(OO,10693,69.00),(AA,13487,67.00),(AA,12953,58.00),(OO,10693,56.00),(AA,11278,56.00),(UA,14771,42.00),(UA,11003,40.00)]"
"2025-01-11 20:00:00",4,13930,42,8,13.714285714285714,73.0,"[(OO,14783,73.00),(UA,10423,70.00),(OO,10693,69.00),(AA,13487,67.00),(AA,12953,58.00),(OO,10693,56.00),(AA,11278,56.00),(UA,11003,40.00)]"
"2025-01-11 20:00:00",5,11057,31,7,27.419354838709676,157.0,"[(OH,14814,157.00),(OH,14193,114.00),(OH,14696,100.00),(OH,15249,92.00),(OH,11193,77.00),(OH,11996,75.00),(OH,11995,59.00)]"
"2025-01-11 20:00:00",6,13930,36,7,13.722222222222221,73.0,"[(OO,14783,73.00),(UA,10423,70.00),(OO,10693,69.00),(AA,12953,58.00),(OO,10693,56.00),(AA,11278,56.00),(UA,11003,40.00)]"
"2025-01-11 21:00:00",1,11298,42,10,26.452380952380953,474.0,"[(AA,11003,474.00),(OO,10185,96.00),(OH,10980,66.00),(OH,13277,61.00),(MQ,13061,53.00),(AA,10140,51.00),(AA,14771,49.00),(AA,10423,48.00),(MQ,10279,40.00),(AA,13256,38.00)]"
"2025-01-11 21:00:00",1,11298,76,15,21.157894736842106,474.0,"[(AA,11003,474.00),(OO,10185,96.00),(AA,14869,72.00),(OH,10980,66.00),(OO,12891,62.00),(OO,11049,62.00),(OH,13277,61.00),(MQ,13061,53.00),(AA,10140,51.00),(AA,14771,49.00),(AA,10423,48.00),(MQ,14783,46.00),(MQ,10279,40.00),(AA,13256,38.00),(AA,13303,32.00)]"
"2025-01-11 21:00:00",2,11298,53,14,26.07547169811321,474.0,"[(AA,11003,474.00),(OO,10185,96.00),(AA,14869,72.00),(OH,10980,66.00),(OO,12891,62.00),(OH,13277,61.00),(MQ,13061,53.00),(AA,10140,51.00),(AA,14771,49.00),(AA,10423,48.00),(MQ,14783,46.00),(MQ,10279,40.00),(AA,13256,38.00),(AA,13303,32.00)]"
"2025-01-11 21:00:00",2,13303,32,7,22.875,145.0,"[(AA,13931,145.00),(AA,10397,126.00),(AA,12266,85.00),(MQ,12945,85.00),(YX,13851,72.00),(AA,14492,72.00),(MQ,11953,53.00)]"
"2025-01-11 21:00:00",3,11298,42,10,26.452380952380953,474.0,"[(AA,11003,474.00),(OO,10185,96.00),(OH,10980,66.00),(OH,13277,61.00),(MQ,13061,53.00),(AA,10140,51.00),(AA,14771,49.00),(AA,10423,48.00),(MQ,10279,40.00),(AA,13256,38.00)]"
"2025-01-11 21:00:00",4,13303,32,7,22.875,145.0,"[(AA,13931,145.00),(AA,10397,126.00),(AA,12266,85.00),(MQ,12945,85.00),(YX,13851,72.00),(AA,14492,72.00),(MQ,11953,53.00)]"
"2025-01-11 22:00:00",1,11057,36,5,9.333333333333334,101.0,"[(OH,13296,101.00),(OH,10135,94.00),(AA,13931,44.00),(OH,12448,39.00),(OH,15412,31.00)]"
"2025-01-12 06:00:00",1,12889,34,2,-1.7941176470588236,41.0,"[(UA,12892,41.00),(UA,14771,31.00)]"
"2025-01-12 06:00:00",1,12889,48,2,-2.0208333333333335,41.0,"[(UA,12892,41.00),(UA,14771,31.00)]"
"2025-01-12 06:00:00",2,12889,48,2,-2.0208333333333335,41.0,"[(UA,12892,41.00),(UA,14771,31.00)]"
"2025-01-12 06:00:00",2,11292,33,1,0.9696969696969697,184.0,"[(DL,13487,184.00)]"
"2025-01-12 06:00:00",3,11292,30,1,1.3666666666666667,184.0,"[(DL,13487,184.00)]"
"2025-01-12 06:00:00",3,13204,34,0,-0.38235294117647056,28.0,[]
"2025-01-12 06:00:00",4,11292,33,1,0.9696969696969697,184.0,"[(DL,13487,184.00)]"
"2025-01-12 07:00:00",1,13930,37,7,11.45945945945946,113.0,"[(OO,14685,113.00),(OO,11288,100.00),(OO,12953,71.00),(OO,10693,71.00),(YX,12451,48.00),(OO,13211,47.00),(UA,10721,40.00)]"
"2025-01-12 07:00:00",1,13930,47,7,8.74468085106383,113.0,"[(OO,14685,113.00),(OO,11288,100.00),(OO,12953,71.00),(OO,10693,71.00),(YX,12451,48.00),(OO,13211,47.00),(UA,10721,40.00)]"
"2025-01-12 07:00:00",2,11057,41,5,15.439024390243903,190.0,"[(OH,10599,190.00),(OH,13931,185.00),(OH,11278,167.00),(AA,14492,96.00),(AA,14679,54.00)]"
"2025-01-12 07:00:00",3,12892,31,2,10.64516129032258,395.0,"[(DL,10721,395.00),(DL,10397,106.00)]"
"2025-01-12 07:00:00",3,10721,41,4,10.365853658536585,262.0,"[(DL,14747,262.00),(DL,12892,183.00),(DL,15304,77.00),(DL,11697,33.00)]"
"2025-01-12 07:00:00",4,14747,34,2,2.764705882352941,65.0,"[(DL,13930,65.00),(DL,12264,52.00)]"
"2025-01-12 07:00:00",4,14747,33,2,2.484848484848485,65.0,"[(DL,13930,65.00),(DL,12264,52.00)]"
"2025-01-12 07:00:00",5,12889,32,0,-2.46875,30.0,[]
"2025-01-12 08:00:00",1,10397,40,8,24.8,276.0,"[(DL,14771,276.00),(DL,11193,232.00),(DL,12892,98.00),(DL,12953,90.00),(DL,12945,68.00),(DL,14986,56.00),(DL,11618,47.00),(DL,12889,40.00)]"
"2025-01-12 08:00:00",1,10397,59,9,18.28813559322034,276.0,"[(DL,14771,276.00),(DL,11193,232.00),(DL,12892,98.00),(DL,12953,90.00),(DL,12945,68.00),(DL,14986,56.00),(DL,15016,51.00),(DL,11618,47.00),(DL,12889,40.00)]"
"2025-01-12 08:00:00",2,11298,47,4,5.851063829787234,138.0,"[(UA,11618,138.00),(AA,11503,85.00),(AA,15016,63.00),(AA,13256,38.00)]"
"2025-01-12 08:00:00",2,11298,82,8,6.2317073170731705,138.0,"[(UA,11618,138.00),(AA,10423,138.00),(AA,14683,108.00),(OH,10980,88.00),(AA,11503,85.00),(AA,15016,63.00),(AA,13256,38.00),(AA,13198,34.00)]"
"2025-01-12 08:00:00",3,11298,67,7,6.388059701492537,138.0,"[(UA,11618,138.00),(AA,14683,108.00),(OH,10980,88.00),(AA,11503,85.00),(AA,15016,63.00),(AA,13256,38.00),(AA,13198,34.00)]"
"2025-01-12 08:00:00",3,13303,31,6,10.67741935483871,52.0,"[(AA,12892,52.00),(AA,11292,52.00),(DL,10397,48.00),(F9,14100,37.00),(AA,12266,32.00),(WN,11259,31.00)]"
"2025-01-12 08:00:00",4,13303,31,6,10.67741935483871,52.0,"[(AA,12892,52.00),(AA,11292,52.00),(DL,10397,48.00),(F9,14100,37.00),(AA,12266,32.00),(WN,11259,31.00)]"
"2025-01-12 08:00:00",4,13930,44,5,20.09090909090909,362.0,"[(OO,13485,362.00),(UA,10423,214.00),(OO,11977,148.00),(AA,11057,33.00),(UA,12266,33.00)]"
"2025-01-12 08:00:00",5,11298,64,6,5.09375,138.0,"[(UA,11618,138.00),(OH,10980,88.00),(AA,11503,85.00),(AA,15016,63.00),(AA,13256,38.00),(AA,13198,34.00)]"
"2025-01-12 08:00:00",5,11292,56,5,6.321428571428571,133.0,"[(OO,12280,133.00),(F9,12266,108.00),(F9,14683,101.00),(F9,14869,61.00),(OO,14812,46.00)]"
"2025-01-12 08:00:00",6,11292,56,5,6.321428571428571,133.0,"[(OO,12280,133.00),(F9,12266,108.00),(F9,14683,101.00),(F9,14869,61.00),(OO,14812,46.00)]"
"2025-01-12 08:00:00",6,14107,36,4,4.916666666666667,165.0,"[(OO,10800,165.00),(WN,14679,85.00),(AA,11298,41.00),(UA,11292,35.00)]"
"2025-01-12 08:00:00",7,11298,47,4,5.851063829787234,138.0,"[(UA,11618,138.00),(AA,11503,85.00),(AA,15016,63.00),(AA,13256,38.00)]"
"2025-01-12 08:00:00",7,11433,37,2,2.6216216216216215,46.0,"[(DL,12451,46.00),(DL,13930,37.00)]"
"2025-01-12 08:00:00",8,11292,45,4,5.711111111111111,108.0,"[(F9,12266,108.00),(F9,14683,101.00),(F9,14869,61.00),(OO,14812,46.00)]"
"2025-01-12 08:00:00",8,12892,47,2,0.23404255319148937,177.0,"[(OO,11292,177.00),(DL,13830,35.00)]"
"2025-01-12 08:00:00",9,14107,36,4,4.916666666666667,165.0,"[(OO,10800,165.00),(WN,14679,85.00),(AA,11298,41.00),(UA,11292,35.00)]"
"2025-01-12 08:00:00",9,14771,32,0,-1.78125,29.0,[]
"2025-01-12 08:00:00",10,11433,37,2,2.6216216216216215,46.0,"[(DL,12451,46.00),(DL,13930,37.00)]"
"2025-01-12 08:00:00",10,12889,32,0,-2.6875,9.0,[]
"2025-01-12 09:00:00",1,14107,30,1,-1.0333333333333334,31.0,"[(UA,12264,31.00)]"
"2025-01-12 09:00:00",1,10397,40,22,39.6,273.0,"[(DL,13360,273.00),(DL,12451,110.00),(DL,15304,86.00),(OO,11641,83.00),(DL,13891,73.00),(DL,13851,68.00),(DL,11624,67.00),(DL,14576,64.00),(DL,12478,59.00),(DL,12197,59.00),(DL,15370,58.00),(DL,11057,55.00),(DL,13232,52.00),(DL,10821,49.00),(DL,14893,43.00),(DL,12339,42.00),(DL,11697,42.00),(OH,11057,38.00),(DL,11278,37.00),(DL,13577,33.00)]"
"2025-01-12 09:00:00",2,10397,32,18,34.96875,110.0,"[(DL,12451,110.00),(DL,15304,86.00),(OO,11641,83.00),(DL,13891,73.00),(DL,13851,68.00),(DL,11624,67.00),(DL,12478,59.00),(DL,12197,59.00),(DL,15370,58.00),(DL,11057,55.00),(DL,13232,52.00),(DL,10821,49.00),(DL,12339,42.00),(DL,11697,42.00),(OH,11057,38.00),(DL,13577,33.00),(DL,11292,32.00),(DL,14057,31.00)]"
"2025-01-12 09:00:00",2,13930,55,16,23.2,121.0,"[(UA,14683,121.00),(OO,15041,119.00),(AA,15376,113.00),(UA,14057,89.00),(UA,13204,76.00),(AA,12441,73.00),(OO,14108,72.00),(OO,15376,69.00),(AA,10849,69.00),(AA,14262,67.00),(MQ,11637,64.00),(OO,10372,42.00),(OO,11109,37.00),(AA,12892,36.00),(UA,14831,35.00),(MQ,13244,35.00)]"
"2025-01-12 09:00:00",3,13930,55,16,23.2,121.0,"[(UA,14683,121.00),(OO,15041,119.00),(AA,15376,113.00),(UA,14057,89.00),(UA,13204,76.00),(AA,12441,73.00),(OO,14108,72.00),(OO,15376,69.00),(AA,10849,69.00),(AA,14262,67.00),(MQ,11637,64.00),(OO,10372,42.00),(OO,11109,37.00),(AA,12892,36.00),(UA,14831,35.00),(MQ,13244,35.00)]"
"2025-01-12 09:00:00",3,11057,35,5,8.114285714285714,132.0,"[(AA,14986,132.00),(AA,11624,105.00),(OH,11066,41.00),(OH,11823,33.00),(AA,12339,32.00)]"
"2025-01-12 09:00:00",4,13930,43,10,19.186046511627907,119.0,"[(OO,15041,119.00),(AA,15376,113.00),(UA,14057,89.00),(AA,12441,73.00),(OO,15376,69.00),(AA,14262,67.00),(MQ,11637,64.00),(OO,10372,42.00),(OO,11109,37.00),(AA,12892,36.00)]"
"2025-01-12 09:00:00",4,11298,33,4,8.575757575757576,94.0,"[(AA,11986,94.00),(MQ,11637,69.00),(DL,10397,41.00),(MQ,15624,31.00)]"
"2025-01-12 09:00:00",5,11298,33,4,8.575757575757576,94.0,"[(AA,11986,94.00),(MQ,11637,69.00),(DL,10397,41.00),(MQ,15624,31.00)]"
"2025-01-12 09:00:00",5,14747,35,3,18.142857142857142,423.0,"[(AS,10299,423.00),(OO,14057,220.00),(AS,12173,45.00)]"
"2025-01-12 09:00:00",6,14747,35,3,18.142857142857142,423.0,"[(AS,10299,423.00),(OO,14057,220.00),(AS,12173,45.00)]"
"2025-01-12 09:00:00",6,13204,31,3,15.0,260.0,"[(F9,14100,260.00),(F9,11986,243.00),(WN,15016,48.00)]"
"2025-01-12 09:00:00",7,13204,31,3,15.0,260.0,"[(F9,14100,260.00),(F9,11986,243.00),(WN,15016,48.00)]"
"2025-01-12 09:00:00",7,11292,32,3,4.53125,65.0,"[(UA,12451,65.00),(WN,13232,36.00),(UA,14730,35.00)]"
"2025-01-12 09:00:00",8,12889,34,3,3.764705882352941,89.0,"[(HA,12173,89.00),(DL,13487,46.00),(WN,13342,31.00)]"
"2025-01-12 09:00:00",9,12892,38,2,8.578947368421053,254.0,"[(DL,12478,254.00),(AA,14107,41.00)]"
"2025-01-12 09:00:00",9,12892,51,2,4.901960784313726,254.0,"[(DL,12478,254.00),(AA,14107,41.00)]"
"2025-01-12 09:00:00",10,12892,51,2,4.901960784313726,254.0,"[(DL,12478,254.00),(AA,14107,41.00)]"
"2025-01-12 09:00:00",10,14107,52,2,0.3076923076923077,85.0,"[(MQ,13851,85.00),(UA,12264,31.00)]"
"2025-01-12 10:00:00",1,10397,38,16,40.89473684210526,456.0,"[(DL,10800,456.00),(DL,13495,174.00),(DL,13487,92.00),(NK,12892,89.00),(DL,10423,64.00),(OO,11612,64.00),(DL,14122,61.00),(DL,12892,58.00),(DL,14492,54.00),(DL,15376,51.00),(WN,11278,49.00),(DL,11996,47.00),(DL,11433,46.00),(DL,11995,45.00),(DL,15024,43.00),(F9,11292,38.00)]"
"2025-01-12 10:00:00",1,10397,72,33,50.40277777777778,691.0,"[(UA,11292,691.00),(DL,10800,456.00),(DL,13303,188.00),(DL,13495,174.00),(OO,10146,168.00),(DL,11697,99.00),(DL,13487,92.00),(NK,12892,89.00),(F9,14843,78.00),(DL,12889,78.00),(DL,14100,71.00),(DL,14524,69.00),(DL,10599,69.00),(DL,10423,64.00),(OO,11612,64.00),(DL,14122,61.00),(DL,10693,60.00),(DL,12892,58.00),(DL,14492,54.00),(DL,10994,53.00)]"
"2025-01-12 10:00:00",2,11298,43,8,11.0,107.0,"[(AA,14689,107.00),(MQ,11140,78.00),(OH,12191,78.00),(OH,14730,67.00),(MQ,14814,65.00),(AA,10721,41.00),(MQ,11775,41.00),(AA,10140,37.00)]"
"2025-01-12 10:00:00",2,10397,53,25,56.264150943396224,691.0,"[(UA,11292,691.00),(DL,10800,456.00),(DL,13303,188.00),(DL,13495,174.00),(DL,11697,99.00),(DL,13487,92.00),(NK,12892,89.00),(F9,14843,78.00),(DL,14100,71.00),(DL,14524,69.00),(DL,10423,64.00),(OO,11612,64.00),(DL,14122,61.00),(DL,10693,60.00),(DL,12892,58.00),(DL,14492,54.00),(DL,15376,51.00),(WN,11278,49.00),(DL,11996,47.00),(DL,11433,46.00)]"
"2025-01-12 10:00:00",2,13930,62,14,27.919354838709676,391.0,"[(OO,12217,391.00),(OO,13342,199.00),(OO,13485,159.00),(OO,14696,157.00),(UA,11624,97.00),(UA,10693,96.00),(UA,14986,94.00),(UA,10821,93.00),(OO,10868,76.00),(UA,11618,56.00),(UA,12892,48.00),(UA,13495,47.00),(AA,11298,41.00),(UA,12266,31.00)]"
"2025-01-12 10:00:00",3,13930,31,7,37.064516129032256,391.0,"[(OO,12217,391.00),(OO,13342,199.00),(OO,13485,159.00),(UA,10693,96.00),(UA,14986,94.00),(UA,10821,93.00),(UA,12266,31.00)]"
"2025-01-12 10:00:00",3,10397,54,25,55.51851851851852,691.0,"[(UA,11292,691.00),(DL,10800,456.00),(DL,13303,188.00),(DL,13495,174.00),(DL,11697,99.00),(DL,13487,92.00),(NK,12892,89.00),(F9,14843,78.00),(DL,14100,71.00),(DL,14524,69.00),(DL,10423,64.00),(OO,11612,64.00),(DL,14122,61.00),(DL,10693,60.00),(DL,12892,58.00),(DL,14492,54.00),(DL,15376,51.00),(WN,11278,49.00),(DL,11996,47.00),(DL,11433,46.00)]"
"2025-01-12 10:00:00",3,11298,72,10,12.333333333333334,309.0,"[(AA,11503,309.00),(AA,14689,107.00),(MQ,11140,78.00),(OH,12191,78.00),(AA,10713,74.00),(OH,14730,67.00),(MQ,14814,65.00),(AA,10721,41.00),(MQ,11775,41.00),(AA,10140,37.00)]"
"2025-01-12 10:00:00",4,10397,38,16,40.89473684210526,456.0,"[(DL,10800,456.00),(DL,13495,174.00),(DL,13487,92.00),(NK,12892,89.00),(DL,10423,64.00),(OO,11612,64.00),(DL,14122,61.00),(DL,12892,58.00),(DL,14492,54.00),(DL,15376,51.00),(WN,11278,49.00),(DL,11996,47.00),(DL,11433,46.00),(DL,11995,45.00),(DL,15024,43.00),(F9,11292,38.00)]"
"2025-01-12 10:00:00",4,11433,38,6,24.973684210526315,374.0,"[(OO,14576,374.00),(OO,10469,199.00),(OO,12264,148.00),(DL,14635,113.00),(DL,11278,80.00),(OO,10994,65.00)]"
"2025-01-12 10:00:00",5,13930,62,14,27.919354838709676,391.0,"[(OO,12217,391.00),(OO,13342,199.00),(OO,13485,159.00),(OO,14696,157.00),(UA,11624,97.00),(UA,10693,96.00),(UA,14986,94.00),(UA,10821,93.00),(OO,10868,76.00),(UA,11618,56.00),(UA,12892,48.00),(UA,13495,47.00),(AA,11298,41.00),(UA,12266,31.00)]"
"2025-01-12 10:00:00",5,11292,45,6,10.444444444444445,98.0,"[(UA,13342,98.00),(DL,10397,94.00),(F9,14893,91.00),(WN,10693,74.00),(WN,13502,35.00),(UA,11042,34.00)]"
"2025-01-12 10:00:00",6,13930,45,11,33.28888888888889,391.0,"[(OO,12217,391.00),(OO,13342,199.00),(OO,13485,159.00),(OO,14696,157.00),(UA,10693,96.00),(UA,14986,94.00),(UA,10821,93.00),(OO,10868,76.00),(UA,11618,56.00),(AA,11298,41.00),(UA,12266,31.00)]"
"2025-01-12 10:00:00",6,11278,31,3,2.7096774193548385,97.0,"[(OH,11042,97.00),(AA,13303,88.00),(DL,10397,35.00)]"
"2025-01-12 10:00:00",7,11298,72,10,12.333333333333334,309.0,"[(AA,11503,309.00),(AA,14689,107.00),(MQ,11140,78.00),(OH,12191,78.00),(AA,10713,74.00),(OH,14730,67.00),(MQ,14814,65.00),(AA,10721,41.00),(MQ,11775,41.00),(AA,10140,37.00)]"
"2025-01-12 10:00:00",7,12889,40,2,14.65,542.0,"[(AA,13303,542.00),(F9,14908,70.00)]"
"2025-01-12 10:00:00",8,11298,55,9,15.163636363636364,309.0,"[(AA,11503,309.00),(AA,14689,107.00),(MQ,11140,78.00),(OH,12191,78.00),(OH,14730,67.00),(MQ,14814,65.00),(AA,10721,41.00),(MQ,11775,41.00),(AA,10140,37.00)]"
"2025-01-12 10:00:00",8,14771,30,1,0.13333333333333333,34.0,"[(AA,12478,34.00)]"
"2025-01-12 10:00:00",9,11298,43,8,11.0,107.0,"[(AA,14689,107.00),(MQ,11140,78.00),(OH,12191,78.00),(OH,14730,67.00),(MQ,14814,65.00),(AA,10721,41.00),(MQ,11775,41.00),(AA,10140,37.00)]"
"2025-01-12 10:00:00",10,13930,31,7,37.064516129032256,391.0,"[(OO,12217,391.00),(OO,13342,199.00),(OO,13485,159.00),(UA,10693,96.00),(UA,14986,94.00),(UA,10821,93.00),(UA,12266,31.00)]"
"2025-01-12 11:00:00",1,10397,47,21,35.212765957446805,219.0,"[(DL,12451,219.00),(OO,12945,137.00),(DL,10721,109.00),(DL,14107,102.00),(DL,12094,81.00),(DL,10849,80.00),(DL,13303,67.00),(DL,14869,63.00),(DL,13502,61.00),(DL,13204,54.00),(DL,13851,52.00),(DL,12448,49.00),(DL,14683,46.00),(DL,15304,45.00),(DL,14193,45.00),(DL,11697,44.00),(DL,14679,44.00),(DL,14771,40.00),(DL,11066,39.00),(DL,13495,37.00)]"
"2025-01-12 11:00:00",2,10397,37,16,37.54054054054054,219.0,"[(DL,12451,219.00),(OO,12945,137.00),(DL,10721,109.00),(DL,14107,102.00),(DL,12094,81.00),(DL,10849,80.00),(DL,13303,67.00),(DL,14869,63.00),(DL,13502,61.00),(DL,13204,54.00),(DL,13851,52.00),(DL,12448,49.00),(DL,14683,46.00),(DL,11697,44.00),(DL,13495,37.00),(DL,11278,32.00)]"
"2025-01-12 11:00:00",2,11292,86,16,15.790697674418604,118.0,"[(WN,15016,118.00),(UA,10849,118.00),(OO,12156,112.00),(UA,14262,111.00),(OO,12012,101.00),(UA,14831,82.00),(WN,12889,80.00),(UA,13930,77.00),(DL,13487,73.00),(DL,11433,59.00),(F9,14492,47.00),(UA,12094,46.00),(DL,10721,42.00),(OO,11122,41.00),(F9,13303,31.00),(AA,14107,31.00)]"
"2025-01-12 11:00:00",3,11292,86,16,15.790697674418604,118.0,"[(WN,15016,118.00),(UA,10849,118.00),(OO,12156,112.00),(UA,14262,111.00),(OO,12012,101.00),(UA,14831,82.00),(WN,12889,80.00),(UA,13930,77.00),(DL,13487,73.00),(DL,11433,59.00),(F9,14492,47.00),(UA,12094,46.00),(DL,10721,42.00),(OO,11122,41.00),(F9,13303,31.00),(AA,14107,31.00)]"
"2025-01-12 11:00:00",3,11057,55,12,27.672727272727272,295.0,"[(OH,12197,295.00),(OH,13851,249.00),(AA,14635,168.00),(AA,15027,158.00),(OH,11193,150.00),(AA,12889,130.00),(DL,13487,95.00),(OH,14685,89.00),(AA,10529,86.00),(OH,11996,55.00),(AA,12953,36.00),(AA,14986,34.00)]"
"2025-01-12 11:00:00",4,11292,78,15,15.525641025641026,118.0,"[(WN,15016,118.00),(OO,12156,112.00),(UA,14262,111.00),(OO,12012,101.00),(UA,14831,82.00),(WN,12889,80.00),(UA,13930,77.00),(DL,13487,73.00),(DL,11433,59.00),(F9,14492,47.00),(UA,12094,46.00),(DL,10721,42.00),(OO,11122,41.00),(F9,13303,31.00),(AA,14107,31.00)]"
"2025-01-12 11:00:00",4,11298,36,8,14.027777777777779,131.0,"[(AA,15016,131.00),(OH,12217,114.00),(MQ,10599,66.00),(AA,13204,58.00),(AA,14893,43.00),(AA,11066,38.00),(DL,11433,37.00),(AA,13871,35.00)]"
"2025-01-12 11:00:00",5,11292,66,13,13.984848484848484,112.0,"[(OO,12156,112.00),(OO,12012,101.00),(UA,14831,82.00),(WN,12889,80.00),(UA,13930,77.00),(DL,13487,73.00),(DL,11433,59.00),(F9,14492,47.00),(UA,12094,46.00),(DL,10721,42.00),(OO,11122,41.00),(F9,13303,31.00),(AA,14107,31.00)]"
"2025-01-12 11:00:00",5,12889,32,6,6.5,89.0,"[(WN,12758,89.00),(DL,10397,73.00),(WN,13830,38.00),(AA,14100,35.00),(DL,12478,35.00),(WN,11423,31.00)]"
"2025-01-12 11:00:00",6,11057,55,12,27.672727272727272,295.0,"[(OH,12197,295.00),(OH,13851,249.00),(AA,14635,168.00),(AA,15027,158.00),(OH,11193,150.00),(AA,12889,130.00),(DL,13487,95.00),(OH,14685,89.00),(AA,10529,86.00),(OH,11996,55.00),(AA,12953,36.00),(AA,14986,34.00)]"
"2025-01-12 11:00:00",6,14869,49,5,5.591836734693878,89.0,"[(DL,13204,89.00),(OO,12280,81.00),(OO,11638,37.00),(DL,12173,33.00),(WN,12889,31.00)]"
"2025-01-12 11:00:00",7,11292,40,12,20.275,112.0,"[(OO,12156,112.00),(OO,12012,101.00),(WN,12889,80.00),(UA,13930,77.00),(DL,13487,73.00),(DL,11433,59.00),(F9,14492,47.00),(UA,12094,46.00),(DL,10721,42.00),(OO,11122,41.00),(F9,13303,31.00),(AA,14107,31.00)]"
"2025-01-12 11:00:00",8,11057,43,9,22.023255813953487,295.0,"[(OH,12197,295.00),(AA,14635,168.00),(AA,12889,130.00),(DL,13487,95.00),(OH,14685,89.00),(AA,10529,86.00),(OH,11996,55.00),(AA,12953,36.00),(AA,14986,34.00)]"
"2025-01-12 11:00:00",9,11298,33,8,15.363636363636363,131.0,"[(AA,15016,131.00),(OH,12217,114.00),(MQ,10599,66.00),(AA,13204,58.00),(AA,14893,43.00),(AA,11066,38.00),(DL,11433,37.00),(AA,13871,35.00)]"
"2025-01-12 11:00:00",10,11298,36,8,14.027777777777779,131.0,"[(AA,15016,131.00),(OH,12217,114.00),(MQ,10599,66.00),(AA,13204,58.00),(AA,14893,43.00),(AA,11066,38.00),(DL,11433,37.00),(AA,13871,35.00)]"
"2025-01-12 12:00:00",1,10397,35,12,29.428571428571427,239.0,"[(DL,12478,239.00),(OO,10372,123.00),(DL,11618,118.00),(OO,10980,59.00),(DL,14685,54.00),(DL,14100,53.00),(AA,11298,43.00),(DL,14492,34.00),(DL,13204,33.00),(DL,12889,32.00),(DL,12953,32.00),(DL,13487,31.00)]"
"2025-01-12 12:00:00",2,11298,65,10,17.2,281.0,"[(UA,12266,281.00),(OH,11953,201.00),(OO,15074,125.00),(MQ,14783,82.00),(OO,14960,69.00),(AA,11503,65.00),(AA,12266,62.00),(AA,15304,55.00),(AA,13930,53.00),(AA,15376,31.00)]"
"2025-01-12 12:00:00",2,13930,41,10,18.634146341463413,190.0,"[(AA,12953,190.00),(OO,13211,101.00),(MQ,11042,75.00),(MQ,12339,54.00),(OO,13485,46.00),(OO,11076,46.00),(OO,11337,46.00),(UA,14771,43.00),(YX,14122,34.00),(OO,11725,31.00)]"
"2025-01-12 12:00:00",3,11298,66,10,16.96969696969697,281.0,"[(UA,12266,281.00),(OH,11953,201.00),(OO,15074,125.00),(MQ,14783,82.00),(OO,14960,69.00),(AA,11503,65.00),(AA,12266,62.00),(AA,15304,55.00),(AA,13930,53.00),(AA,15376,31.00)]"
"2025-01-12 12:00:00",4,13930,37,9,19.37837837837838,190.0,"[(AA,12953,190.00),(OO,13211,101.00),(MQ,11042,75.00),(MQ,12339,54.00),(OO,13485,46.00),(OO,11076,46.00),(UA,14771,43.00),(YX,14122,34.00),(OO,11725,31.00)]"
"2025-01-12 12:00:00",4,12892,30,4,12.366666666666667,108.0,"[(OO,14893,108.00),(DL,10397,100.00),(AA,13303,59.00),(OO,14057,41.00)]"
"2025-01-12 12:00:00",5,11298,49,8,18.979591836734695,281.0,"[(UA,12266,281.00),(OH,11953,201.00),(OO,15074,125.00),(MQ,14783,82.00),(AA,12266,62.00),(AA,15304,55.00),(AA,13930,53.00),(AA,15376,31.00)]"
"2025-01-12 12:00:00",5,12889,37,4,9.108108108108109,159.0,"[(DL,10397,159.00),(G4,11193,49.00),(DL,11433,40.00),(WN,14107,32.00)]"
"2025-01-12 12:00:00",6,12892,30,4,12.366666666666667,108.0,"[(OO,14893,108.00),(DL,10397,100.00),(AA,13303,59.00),(OO,14057,41.00)]"
"2025-01-12 12:00:00",6,12266,35,3,12.371428571428572,188.0,"[(OO,10372,188.00),(UA,15016,91.00),(UA,11697,81.00)]"
"2025-01-12 12:00:00",7,12889,37,4,9.108108108108109,159.0,"[(DL,10397,159.00),(G4,11193,49.00),(DL,11433,40.00),(WN,14107,32.00)]"
"2025-01-12 12:00:00",8,12266,35,3,12.371428571428572,188.0,"[(OO,10372,188.00),(UA,15016,91.00),(UA,11697,81.00)]"
"2025-01-12 12:00:00",9,11298,31,3,9.548387096774194,125.0,"[(OO,15074,125.00),(MQ,14783,82.00),(AA,13930,53.00)]"
"2025-01-12 12:00:00",10,12889,34,2,4.4411764705882355,49.0,"[(G4,11193,49.00),(DL,11433,40.00)]"
"2025-01-12 13:00:00",1,13930,31,8,19.806451612903224,143.0,"[(OO,13342,143.00),(OO,10372,129.00),(OO,14574,97.00),(OO,11637,77.00),(UA,12953,58.00),(OO,13184,35.00),(UA,14869,33.00),(OO,14696,31.00)]"
"2025-01-12 13:00:00",1,10397,33,10,26.272727272727273,207.0,"[(DL,12451,207.00),(DL,11433,87.00),(DL,12953,79.00),(DL,11292,62.00),(DL,14524,58.00),(DL,11278,57.00),(DL,13204,54.00),(DL,13303,43.00),(DL,10599,33.00),(DL,10980,32.00)]"
"2025-01-12 13:00:00",2,13930,36,8,17.666666666666668,143.0,"[(OO,13342,143.00),(OO,10372,129.00),(OO,14574,97.00),(OO,11637,77.00),(UA,12953,58.00),(OO,13184,35.00),(UA,14869,33.00),(OO,14696,31.00)]"
"2025-01-12 13:00:00",2,13930,40,9,21.625,237.0,"[(OO,14108,237.00),(OO,13342,143.00),(OO,10372,129.00),(OO,14574,97.00),(OO,11637,77.00),(UA,12953,58.00),(OO,13184,35.00),(UA,14869,33.00),(OO,14696,31.00)]"
"2025-01-12 13:00:00",3,11292,83,7,6.216867469879518,75.0,"[(OO,11122,75.00),(OO,13029,70.00),(OO,14869,69.00),(UA,12889,61.00),(DL,10397,47.00),(UA,10693,39.00),(F9,13495,33.00)]"
"2025-01-12 13:00:00",3,11292,89,8,6.764044943820225,75.0,"[(OO,11122,75.00),(UA,13303,74.00),(OO,13029,70.00),(OO,14869,69.00),(UA,12889,61.00),(DL,10397,47.00),(UA,10693,39.00),(F9,13495,33.00)]"
"2025-01-12 13:00:00",4,11292,67,6,6.014925373134329,75.0,"[(OO,11122,75.00),(OO,14869,69.00),(UA,12889,61.00),(DL,10397,47.00),(UA,10693,39.00),(F9,13495,33.00)]"
"2025-01-12 13:00:00",4,14107,36,6,12.555555555555555,194.0,"[(UA,11618,194.00),(OO,14869,87.00),(DL,13487,79.00),(AA,12478,57.00),(WN,12892,41.00),(B6,10721,39.00)]"
"2025-01-12 13:00:00",5,11292,42,5,7.809523809523809,75.0,"[(OO,11122,75.00),(OO,14869,69.00),(UA,12889,61.00),(DL,10397,47.00),(UA,10693,39.00)]"
"2025-01-12 13:00:00",5,11057,38,4,2.1578947368421053,74.0,"[(OH,15412,74.00),(AA,12339,52.00),(AA,13931,41.00),(OH,11193,32.00)]"
"2025-01-12 13:00:00",6,11057,32,4,3.53125,74.0,"[(OH,15412,74.00),(AA,12339,52.00),(AA,13931,41.00),(OH,11193,32.00)]"
"2025-01-12 14:00:00",1,10397,35,14,32.42857142857143,172.0,"[(DL,13204,172.00),(DL,11618,138.00),(DL,14986,95.00),(DL,11697,91.00),(DL,14027,77.00),(DL,13244,70.00),(AA,13303,59.00),(DL,11042,58.00),(DL,11986,55.00),(DL,14730,50.00),(DL,10431,40.00),(UA,12264,37.00),(DL,12264,32.00),(DL,14635,32.00)]"
"2025-01-12 14:00:00",1,13930,43,8,25.697674418604652,250.0,"[(OO,14730,250.00),(UA,11066,230.00),(OO,11146,195.00),(OO,11823,128.00),(OO,13230,71.00),(OO,10874,54.00),(UA,13204,36.00),(YX,10397,35.00)]"
"2025-01-12 14:00:00",2,13930,54,11,25.51851851851852,250.0,"[(OO,14730,250.00),(UA,11066,230.00),(OO,11146,195.00),(UA,15016,148.00),(OO,11823,128.00),(OO,13230,71.00),(DL,14747,64.00),(OO,10874,54.00),(OO,11267,42.00),(UA,13204,36.00),(YX,10397,35.00)]"
"2025-01-12 14:00:00",2,11298,55,7,10.636363636363637,124.0,"[(OH,12992,124.00),(MQ,13290,119.00),(OH,12951,108.00),(MQ,13061,89.00),(MQ,15919,60.00),(AA,14027,44.00),(DL,10397,31.00)]"
"2025-01-12 14:00:00",3,11298,65,9,10.153846153846153,124.0,"[(OH,12992,124.00),(MQ,13290,119.00),(OH,12951,108.00),(MQ,13061,89.00),(AA,13244,64.00),(MQ,15919,60.00),(OO,11111,49.00),(AA,14027,44.00),(DL,10397,31.00)]"
"2025-01-12 14:00:00",4,13930,41,8,27.097560975609756,250.0,"[(OO,14730,250.00),(UA,11066,230.00),(OO,11146,195.00),(OO,11823,128.00),(OO,13230,71.00),(OO,10874,54.00),(UA,13204,36.00),(YX,10397,35.00)]"
"2025-01-12 14:00:00",5,13930,42,8,26.357142857142858,250.0,"[(OO,14730,250.00),(UA,11066,230.00),(OO,11146,195.00),(OO,11823,128.00),(OO,13230,71.00),(OO,10874,54.00),(UA,13204,36.00),(YX,10397,35.00)]"
"2025-01-12 14:00:00",6,13930,31,6,25.0,230.0,"[(UA,11066,230.00),(OO,11146,195.00),(OO,11823,128.00),(OO,13230,71.00),(UA,13204,36.00),(YX,10397,35.00)]"
"2025-01-12 14:00:00",7,11298,53,6,10.547169811320755,124.0,"[(OH,12992,124.00),(MQ,13290,119.00),(OH,12951,108.00),(MQ,13061,89.00),(MQ,15919,60.00),(AA,14027,44.00)]"
"2025-01-12 14:00:00",8,11298,54,6,10.25925925925926,124.0,"[(OH,12992,124.00),(MQ,13290,119.00),(OH,12951,108.00),(MQ,13061,89.00),(MQ,15919,60.00),(AA,14027,44.00)]"
"2025-01-12 14:00:00",9,11298,35,4,12.342857142857143,124.0,"[(OH,12992,124.00),(MQ,13290,119.00),(OH,12951,108.00),(MQ,13061,89.00)]"
"2025-01-12 15:00:00",1,10397,50,29,44.86,228.0,"[(DL,13204,228.00),(DL,15016,141.00),(OO,12197,106.00),(DL,11697,105.00),(DL,13342,101.00),(DL,11278,94.00),(DL,12892,93.00),(DL,11953,86.00),(OO,14696,79.00),(DL,11433,76.00),(DL,12448,67.00),(WN,15016,66.00),(DL,12945,64.00),(F9,12892,62.00),(DL,13495,60.00),(DL,13487,59.00),(WN,11278,56.00),(DL,11624,56.00),(DL,12953,55.00),(DL,11995,55.00)]"
"2025-01-12 15:00:00",2,10397,43,25,44.651162790697676,228.0,"[(DL,13204,228.00),(DL,15016,141.00),(DL,11697,105.00),(DL,13342,101.00),(DL,11278,94.00),(DL,12892,93.00),(DL,11953,86.00),(OO,14696,79.00),(DL,11433,76.00),(WN,15016,66.00),(F9,12892,62.00),(DL,13487,59.00),(WN,11278,56.00),(DL,11624,56.00),(DL,12953,55.00),(DL,11995,55.00),(DL,10792,55.00),(DL,15249,50.00),(DL,11996,48.00),(DL,12478,46.00)]"
"2025-01-12 15:00:00",2,14747,30,3,9.666666666666666,207.0,"[(OO,15023,207.00),(AS,10721,38.00),(AS,13891,35.00)]"
"2025-01-12 15:00:00",3,11298,37,7,14.35135135135135,185.0,"[(OO,14588,185.00),(AA,14683,53.00),(OO,14674,52.00),(AA,11423,47.00),(AA,10994,40.00),(AA,13256,37.00),(MQ,13495,37.00)]"
"2025-01-12 15:00:00",3,11292,37,1,1.7027027027027026,51.0,"[(WN,12889,51.00)]"
"2025-01-12 15:00:00",4,11298,30,6,16.9,185.0,"[(OO,14588,185.00),(AA,14683,53.00),(OO,14674,52.00),(AA,11423,47.00),(AA,10994,40.00),(AA,13256,37.00)]"
"2025-01-12 15:00:00",5,11292,45,5,7.888888888888889,134.0,"[(F9,11298,134.00),(DL,10397,81.00),(WN,12889,51.00),(DL,11433,44.00),(WN,12191,38.00)]"
"2025-01-12 15:00:00",6,14747,30,3,9.666666666666666,207.0,"[(OO,15023,207.00),(AS,10721,38.00),(AS,13891,35.00)]"
"2025-01-12 15:00:00",7,11292,37,1,1.7027027027027026,51.0,"[(WN,12889,51.00)]"
"2025-01-12 15:00:00",8,11292,31,0,-0.03225806451612903,22.0,[]
"2025-01-12 16:00:00",1,10397,42,18,32.69047619047619,160.0,"[(DL,13303,160.00),(DL,14869,108.00),(DL,11697,107.00),(DL,10821,94.00),(DL,11618,88.00),(DL,11278,77.00),(DL,12953,73.00),(DL,12191,67.00),(DL,10599,67.00),(DL,11252,62.00),(DL,14843,59.00),(DL,15304,51.00),(DL,13360,48.00),(DL,14730,46.00),(DL,14027,43.00),(DL,12451,42.00),(DL,10994,42.00),(DL,11423,35.00)]"
"2025-01-12 16:00:00",1,10397,33,15,34.06060606060606,160.0,"[(DL,13303,160.00),(DL,14869,108.00),(DL,11697,107.00),(DL,10821,94.00),(DL,11618,88.00),(DL,12953,73.00),(DL,12191,67.00),(DL,10599,67.00),(DL,14843,59.00),(DL,15304,51.00),(DL,13360,48.00),(DL,14730,46.00),(DL,14027,43.00),(DL,12451,42.00),(DL,10994,42.00)]"
"2025-01-12 16:00:00",2,10397,33,15,34.06060606060606,160.0,"[(DL,13303,160.00),(DL,14869,108.00),(DL,11697,107.00),(DL,10821,94.00),(DL,11618,88.00),(DL,12953,73.00),(DL,12191,67.00),(DL,10599,67.00),(DL,14843,59.00),(DL,15304,51.00),(DL,13360,48.00),(DL,14730,46.00),(DL,14027,43.00),(DL,12451,42.00),(DL,10994,42.00)]"
"2025-01-12 16:00:00",2,11298,35,12,25.885714285714286,114.0,"[(OH,12992,114.00),(OH,12278,102.00),(B6,10721,93.00),(OO,12191,91.00),(AA,15919,90.00),(OO,12891,76.00),(AA,13851,64.00),(AA,12896,53.00),(AA,13256,49.00),(MQ,13158,45.00),(OH,14814,35.00),(DL,10397,35.00)]"
"2025-01-12 16:00:00",3,10397,34,15,33.205882352941174,160.0,"[(DL,13303,160.00),(DL,14869,108.00),(DL,11697,107.00),(DL,10821,94.00),(DL,11618,88.00),(DL,12953,73.00),(DL,12191,67.00),(DL,10599,67.00),(DL,14843,59.00),(DL,15304,51.00),(DL,13360,48.00),(DL,14730,46.00),(DL,14027,43.00),(DL,12451,42.00),(DL,10994,42.00)]"
"2025-01-12 16:00:00",3,11057,32,8,28.09375,224.0,"[(OH,13577,224.00),(OH,10397,215.00),(AA,12892,143.00),(AA,12953,108.00),(OH,10431,81.00),(OH,10868,58.00),(OH,15370,42.00),(OH,10135,41.00)]"
"2025-01-12 16:00:00",4,11298,35,12,25.885714285714286,114.0,"[(OH,12992,114.00),(OH,12278,102.00),(B6,10721,93.00),(OO,12191,91.00),(AA,15919,90.00),(OO,12891,76.00),(AA,13851,64.00),(AA,12896,53.00),(AA,13256,49.00),(MQ,13158,45.00),(OH,14814,35.00),(DL,10397,35.00)]"
"2025-01-12 16:00:00",4,14107,34,6,13.823529411764707,199.0,"[(AA,11540,199.00),(AA,12478,63.00),(AA,14492,56.00),(WN,11292,38.00),(WN,12889,38.00),(WN,15304,33.00)]"
"2025-01-12 16:00:00",5,11057,32,8,28.09375,224.0,"[(OH,13577,224.00),(OH,10397,215.00),(AA,12892,143.00),(AA,12953,108.00),(OH,10431,81.00),(OH,10868,58.00),(OH,15370,42.00),(OH,10135,41.00)]"
"2025-01-12 16:00:00",6,14107,34,6,13.823529411764707,199.0,"[(AA,11540,199.00),(AA,12478,63.00),(AA,14492,56.00),(WN,11292,38.00),(WN,12889,38.00),(WN,15304,33.00)]"
"2025-01-12 16:00:00",7,14107,43,6,11.0,199.0,"[(AA,11540,199.00),(AA,12478,63.00),(AA,14492,56.00),(WN,11292,38.00),(WN,12889,38.00),(WN,15304,33.00)]"
"2025-01-12 16:00:00",8,13930,33,4,9.818181818181818,211.0,"[(AA,13303,211.00),(UA,14635,62.00),(DL,13487,36.00),(MQ,11066,32.00)]"
"2025-01-12 16:00:00",9,11292,38,4,5.2105263157894735,100.0,"[(UA,14908,100.00),(F9,11540,86.00),(DL,10397,44.00),(WN,14747,44.00)]"
"2025-01-12 16:00:00",10,14771,31,2,7.548387096774194,84.0,"[(UA,12173,84.00),(OO,10372,37.00)]"
"2025-01-12 17:00:00",1,12889,35,14,22.4,83.0,"[(WN,15376,83.00),(WN,10397,69.00),(DL,10397,67.00),(G4,14314,60.00),(WN,14771,55.00),(F9,11193,49.00),(WN,14869,48.00),(WN,13851,45.00),(AS,14057,35.00),(WN,11066,34.00),(WN,14057,34.00),(WN,14908,33.00),(WN,13796,32.00),(G4,11423,32.00)]"
"2025-01-12 17:00:00",1,13930,37,7,14.621621621621621,149.0,"[(AA,11292,149.00),(AA,10423,139.00),(OO,14696,105.00),(OO,13342,65.00),(YX,12339,38.00),(OO,14869,37.00),(MQ,11111,31.00)]"
"2025-01-12 17:00:00",2,11298,50,10,15.86,200.0,"[(AA,11433,200.00),(OO,15411,159.00),(AA,11638,114.00),(OO,13244,88.00),(AA,14193,88.00),(NK,14107,55.00),(MQ,14783,46.00),(OO,14314,37.00),(AA,14771,37.00),(AA,13495,31.00)]"
"2025-01-12 17:00:00",2,11298,39,7,12.948717948717949,200.0,"[(AA,11433,200.00),(OO,13244,88.00),(AA,14193,88.00),(NK,14107,55.00),(MQ,14783,46.00),(OO,14314,37.00),(AA,13495,31.00)]"
"2025-01-12 17:00:00",3,13930,46,9,13.347826086956522,149.0,"[(AA,11292,149.00),(AA,10423,139.00),(OO,14696,105.00),(OO,13342,65.00),(YX,12339,38.00),(OO,14869,37.00),(MQ,11111,31.00),(MQ,11995,31.00),(YX,13198,31.00)]"
"2025-01-12 17:00:00",3,11292,59,5,6.271186440677966,74.0,"[(OO,13029,74.00),(UA,10397,70.00),(UA,11423,47.00),(OO,11109,43.00),(DL,12953,36.00)]"
"2025-01-12 17:00:00",4,13930,37,7,14.621621621621621,149.0,"[(AA,11292,149.00),(AA,10423,139.00),(OO,14696,105.00),(OO,13342,65.00),(YX,12339,38.00),(OO,14869,37.00),(MQ,11111,31.00)]"
"2025-01-12 17:00:00",4,14107,35,3,4.742857142857143,46.0,"[(AA,10693,46.00),(WN,14908,40.00),(F9,12889,39.00)]"
"2025-01-12 17:00:00",5,11298,39,7,12.948717948717949,200.0,"[(AA,11433,200.00),(OO,13244,88.00),(AA,14193,88.00),(NK,14107,55.00),(MQ,14783,46.00),(OO,14314,37.00),(AA,13495,31.00)]"
"2025-01-12 17:00:00",6,13204,33,6,21.87878787878788,188.0,"[(DL,10397,188.00),(AA,14107,176.00),(F9,11298,97.00),(UA,12264,62.00),(B6,11278,51.00),(AA,11057,38.00)]"
"2025-01-12 17:00:00",7,14747,31,6,18.483870967741936,227.0,"[(AS,12266,227.00),(DL,14869,140.00),(AS,12982,63.00),(AS,14831,50.00),(OO,10713,45.00),(DL,12892,33.00)]"
"2025-01-12 17:00:00",8,11292,75,6,5.933333333333334,74.0,"[(OO,13029,74.00),(UA,10397,70.00),(UA,11423,47.00),(OO,11109,43.00),(UA,15096,41.00),(DL,12953,36.00)]"
"2025-01-12 17:00:00",9,11292,59,5,6.271186440677966,74.0,"[(OO,13029,74.00),(UA,10397,70.00),(UA,11423,47.00),(OO,11109,43.00),(DL,12953,36.00)]"
"2025-01-12 17:00:00",10,11292,36,4,8.555555555555555,74.0,"[(OO,13029,74.00),(UA,10397,70.00),(UA,11423,47.00),(OO,11109,43.00)]"
"2025-01-12 18:00:00",1,10397,36,10,27.47222222222222,190.0,"[(OH,11057,190.00),(DL,13204,149.00),(DL,15016,111.00),(DL,14100,79.00),(DL,15304,62.00),(DL,11292,56.00),(DL,11278,54.00),(DL,12451,49.00),(YX,13930,48.00),(DL,13931,35.00)]"
"2025-01-12 18:00:00",1,10397,30,8,29.633333333333333,190.0,"[(OH,11057,190.00),(DL,13204,149.00),(DL,15016,111.00),(DL,14100,79.00),(DL,11292,56.00),(DL,11278,54.00),(DL,12451,49.00),(YX,13930,48.00)]"
"2025-01-12 18:00:00",2,13930,61,10,16.40983606557377,139.0,"[(OO,11146,139.00),(OO,12217,132.00),(UA,14524,106.00),(UA,11278,81.00),(YX,11996,51.00),(YX,10821,48.00),(UA,12451,43.00),(AA,11298,42.00),(AA,10529,39.00),(UA,11618,31.00)]"
"2025-01-12 18:00:00",2,11298,41,8,16.073170731707318,174.0,"[(AA,10693,174.00),(OH,15370,84.00),(DL,10721,84.00),(AA,11540,81.00),(MQ,10279,61.00),(AA,14771,51.00),(AA,13851,35.00),(AA,13495,31.00)]"
"2025-01-12 18:00:00",3,11298,51,9,18.470588235294116,273.0,"[(OH,11267,273.00),(AA,10693,174.00),(OH,15370,84.00),(DL,10721,84.00),(AA,11540,81.00),(MQ,10279,61.00),(AA,14771,51.00),(AA,13851,35.00),(AA,13495,31.00)]"
"2025-01-12 18:00:00",3,11057,43,7,27.6046511627907,865.0,"[(OH,14685,865.00),(F9,13204,98.00),(AA,10821,71.00),(OH,10980,58.00),(AA,11618,51.00),(AA,14107,34.00),(AA,14122,32.00)]"
"2025-01-12 18:00:00",4,10397,30,8,29.633333333333333,190.0,"[(OH,11057,190.00),(DL,13204,149.00),(DL,15016,111.00),(DL,14100,79.00),(DL,11292,56.00),(DL,11278,54.00),(DL,12451,49.00),(YX,13930,48.00)]"
"2025-01-12 18:00:00",4,13930,43,6,14.813953488372093,132.0,"[(OO,12217,132.00),(UA,14524,106.00),(YX,10821,48.00),(UA,12451,43.00),(AA,11298,42.00),(UA,11618,31.00)]"
"2025-01-12 18:00:00",5,11057,55,8,21.836363636363636,865.0,"[(OH,14685,865.00),(F9,13204,98.00),(AA,10821,71.00),(OH,10980,58.00),(AA,11618,51.00),(AA,14107,34.00),(AA,14122,32.00),(OH,10397,31.00)]"
"2025-01-12 18:00:00",6,11057,57,8,21.07017543859649,865.0,"[(OH,14685,865.00),(F9,13204,98.00),(AA,10821,71.00),(OH,10980,58.00),(AA,11618,51.00),(AA,14107,34.00),(AA,14122,32.00),(OH,10397,31.00)]"
"2025-01-12 18:00:00",7,11298,41,8,16.073170731707318,174.0,"[(AA,10693,174.00),(OH,15370,84.00),(DL,10721,84.00),(AA,11540,81.00),(MQ,10279,61.00),(AA,14771,51.00),(AA,13851,35.00),(AA,13495,31.00)]"
"2025-01-12 18:00:00",8,13204,30,7,38.56666666666667,343.0,"[(DL,11433,343.00),(DL,10397,226.00),(F9,14100,205.00),(DL,14747,90.00),(DL,13487,78.00),(NK,11433,36.00),(WN,12339,31.00)]"
"2025-01-12 18:00:00",9,13204,32,7,36.15625,343.0,"[(DL,11433,343.00),(DL,10397,226.00),(F9,14100,205.00),(DL,14747,90.00),(DL,13487,78.00),(NK,11433,36.00),(WN,12339,31.00)]"
"2025-01-12 18:00:00",10,11057,43,7,27.6046511627907,865.0,"[(OH,14685,865.00),(F9,13204,98.00),(AA,10821,71.00),(OH,10980,58.00),(AA,11618,51.00),(AA,14107,34.00),(AA,14122,32.00)]"
"2025-01-12 19:00:00",1,11298,66,14,21.166666666666668,158.0,"[(AA,10713,158.00),(AA,14683,150.00),(OH,12448,130.00),(AA,14524,123.00),(AA,10561,113.00),(OH,14108,104.00),(AA,13931,79.00),(AA,13230,72.00),(OO,14674,57.00),(AA,11995,53.00),(AA,13851,50.00),(MQ,14457,48.00),(MQ,11982,41.00),(DL,10397,41.00)]"
"2025-01-12 19:00:00",1,11298,52,11,22.326923076923077,158.0,"[(AA,10713,158.00),(AA,14683,150.00),(OH,12448,130.00),(AA,14524,123.00),(AA,10561,113.00),(AA,13931,79.00),(OO,14674,57.00),(AA,11995,53.00),(AA,13851,50.00),(MQ,11982,41.00),(DL,10397,41.00)]"
"2025-01-12 19:00:00",2,10397,61,11,30.311475409836067,852.0,"[(OO,14696,852.00),(DL,10693,191.00),(DL,14747,141.00),(DL,12889,72.00),(DL,14689,67.00),(DL,11697,67.00),(DL,14027,63.00),(DL,12953,48.00),(DL,10208,47.00),(DL,14193,42.00),(DL,11540,34.00)]"
"2025-01-12 19:00:00",2,10397,47,10,33.91489361702128,852.0,"[(OO,14696,852.00),(DL,14747,141.00),(DL,12889,72.00),(DL,14689,67.00),(DL,11697,67.00),(DL,14027,63.00),(DL,12953,48.00),(DL,10208,47.00),(DL,14193,42.00),(DL,11540,34.00)]"
"2025-01-12 19:00:00",3,13930,37,11,24.594594594594593,183.0,"[(OO,14696,183.00),(OO,10713,115.00),(OO,11823,94.00),(MQ,13459,68.00),(AA,11278,63.00),(OO,10980,56.00),(OO,11637,47.00),(OO,12278,42.00),(AA,14908,40.00),(UA,11193,37.00),(OO,11977,36.00)]"
"2025-01-12 19:00:00",3,11292,53,5,11.20754716981132,148.0,"[(UA,12889,148.00),(OO,12892,119.00),(UA,14747,75.00),(OO,11638,40.00),(WN,11433,35.00)]"
"2025-01-12 19:00:00",4,11298,52,11,22.326923076923077,158.0,"[(AA,10713,158.00),(AA,14683,150.00),(OH,12448,130.00),(AA,14524,123.00),(AA,10561,113.00),(AA,13931,79.00),(OO,14674,57.00),(AA,11995,53.00),(AA,13851,50.00),(MQ,11982,41.00),(DL,10397,41.00)]"
"2025-01-12 19:00:00",5,10397,47,10,33.91489361702128,852.0,"[(OO,14696,852.00),(DL,14747,141.00),(DL,12889,72.00),(DL,14689,67.00),(DL,11697,67.00),(DL,14027,63.00),(DL,12953,48.00),(DL,10208,47.00),(DL,14193,42.00),(DL,11540,34.00)]"
"2025-01-12 19:00:00",6,11278,30,9,21.466666666666665,132.0,"[(OH,11193,132.00),(OH,13485,123.00),(OH,15249,106.00),(OH,13342,100.00),(OH,12197,85.00),(MQ,10397,70.00),(OH,12217,60.00),(DL,10397,51.00),(YX,14730,36.00)]"
"2025-01-12 19:00:00",7,13303,33,7,16.90909090909091,165.0,"[(AA,10821,165.00),(B6,12478,156.00),(AA,12266,75.00),(AA,13871,43.00),(AA,14747,40.00),(AA,14679,40.00),(AA,11278,31.00)]"
"2025-01-12 19:00:00",8,11292,73,7,10.780821917808218,148.0,"[(UA,12889,148.00),(UA,11603,142.00),(OO,12892,119.00),(UA,14747,75.00),(WN,14893,41.00),(OO,11638,40.00),(WN,11433,35.00)]"
"2025-01-12 19:00:00",9,11298,35,6,15.742857142857142,123.0,"[(AA,14524,123.00),(AA,10561,113.00),(OO,14674,57.00),(AA,11995,53.00),(MQ,11982,41.00),(DL,10397,41.00)]"
"2025-01-12 19:00:00",10,12892,38,6,5.052631578947368,89.0,"[(AS,14747,89.00),(OO,14107,44.00),(DL,14869,40.00),(OO,10140,39.00),(OO,15376,35.00),(OO,10713,32.00)]"
"2025-01-12 20:00:00",1,10397,32,15,32.0625,104.0,"[(NK,10821,104.00),(DL,12339,102.00),(DL,13204,97.00),(DL,11433,87.00),(OO,11146,61.00),(DL,12953,58.00),(DL,13577,58.00),(DL,15304,55.00),(DL,13891,52.00),(DL,11618,50.00),(DL,11278,49.00),(DL,11057,48.00),(F9,14100,42.00),(F9,13232,34.00),(WN,11278,34.00)]"
"2025-01-12 20:00:00",1,13930,49,9,11.387755102040817,73.0,"[(AA,10423,73.00),(OO,11337,72.00),(YX,12266,70.00),(UA,10423,58.00),(OO,15048,53.00),(UA,11292,50.00),(OO,12559,40.00),(UA,12892,32.00),(OO,14783,31.00)]"
"2025-01-12 20:00:00",2,13930,62,12,11.935483870967742,73.0,"[(AA,10423,73.00),(OO,11337,72.00),(YX,12266,70.00),(UA,14771,67.00),(OO,10693,59.00),(UA,10423,58.00),(OO,15048,53.00),(UA,11292,50.00),(OO,12559,40.00),(MQ,13076,33.00),(UA,12892,32.00),(OO,14783,31.00)]"
"2025-01-12 20:00:00",2,11057,51,8,18.49019607843137,236.0,"[(OH,15412,236.00),(OH,12951,155.00),(OH,11995,152.00),(OH,14193,145.00),(OH,13367,114.00),(AA,11066,43.00),(OH,11996,36.00),(F9,12953,36.00)]"
"2025-01-12 20:00:00",3,11298,61,11,26.16393442622951,661.0,"[(OO,14960,661.00),(F9,11292,123.00),(OO,10693,95.00),(F9,13204,90.00),(AA,12451,88.00),(MQ,15624,60.00),(AA,14262,57.00),(AA,13485,55.00),(AA,13244,54.00),(MQ,15919,46.00),(AA,15016,36.00)]"
"2025-01-12 20:00:00",3,11298,44,7,14.068181818181818,95.0,"[(OO,10693,95.00),(AA,12451,88.00),(MQ,15624,60.00),(AA,14262,57.00),(AA,13485,55.00),(MQ,15919,46.00),(AA,15016,36.00)]"
"2025-01-12 20:00:00",4,13930,49,9,11.387755102040817,73.0,"[(AA,10423,73.00),(OO,11337,72.00),(YX,12266,70.00),(UA,10423,58.00),(OO,15048,53.00),(UA,11292,50.00),(OO,12559,40.00),(UA,12892,32.00),(OO,14783,31.00)]"
"2025-01-12 20:00:00",4,11292,37,4,5.27027027027027,92.0,"[(WN,12191,92.00),(WN,11259,56.00),(WN,10849,56.00),(WN,12889,38.00)]"
"2025-01-12 20:00:00",5,13930,52,9,11.326923076923077,73.0,"[(AA,10423,73.00),(OO,11337,72.00),(YX,12266,70.00),(UA,10423,58.00),(OO,15048,53.00),(UA,11292,50.00),(OO,12559,40.00),(UA,12892,32.00),(OO,14783,31.00)]"
"2025-01-12 20:00:00",6,11057,51,8,18.49019607843137,236.0,"[(OH,15412,236.00),(OH,12951,155.00),(OH,11995,152.00),(OH,14193,145.00),(OH,13367,114.00),(AA,11066,43.00),(OH,11996,36.00),(F9,12953,36.00)]"
"2025-01-12 20:00:00",7,11057,60,8,15.866666666666667,236.0,"[(OH,15412,236.00),(OH,12951,155.00),(OH,11995,152.00),(OH,14193,145.00),(OH,13367,114.00),(AA,11066,43.00),(OH,11996,36.00),(F9,12953,36.00)]"
"2025-01-12 20:00:00",8,11298,49,8,15.489795918367347,123.0,"[(F9,11292,123.00),(OO,10693,95.00),(AA,12451,88.00),(MQ,15624,60.00),(AA,14262,57.00),(AA,13485,55.00),(MQ,15919,46.00),(AA,15016,36.00)]"
"2025-01-12 20:00:00",9,12266,30,7,19.9,136.0,"[(F9,13232,136.00),(UA,11292,91.00),(UA,14193,79.00),(UA,11193,69.00),(UA,13930,57.00),(UA,11618,52.00),(UA,13158,43.00)]"
"2025-01-12 20:00:00",10,12266,33,7,17.848484848484848,136.0,"[(F9,13232,136.00),(UA,11292,91.00),(UA,14193,79.00),(UA,11193,69.00),(UA,13930,57.00),(UA,11618,52.00),(UA,13158,43.00)]"
"2025-01-12 21:00:00",1,10397,32,5,9.4375,106.0,"[(DL,11775,106.00),(OO,11823,51.00),(OO,10408,50.00),(DL,12451,39.00),(DL,14107,38.00)]"
"2025-01-12 21:00:00",2,11292,39,2,1.5384615384615385,90.0,"[(WN,12892,90.00),(UA,14570,35.00)]"
"2025-01-12 21:00:00",3,14107,31,2,0.967741935483871,50.0,"[(AA,13891,50.00),(WN,14893,38.00)]"
"2025-01-12 22:00:00",1,11298,40,8,11.875,75.0,"[(OO,14842,75.00),(OH,12992,64.00),(AA,15376,59.00),(AA,13851,53.00),(OO,14588,51.00),(OO,11049,45.00),(AA,14107,42.00),(AA,14893,39.00)]"
"2025-01-12 22:00:00",1,10397,30,7,20.166666666666668,145.0,"[(DL,12339,145.00),(DL,11298,67.00),(DL,13871,55.00),(DL,13342,54.00),(DL,13930,44.00),(DL,14635,37.00),(DL,13495,36.00)]"
"2025-01-12 22:00:00",2,10397,30,7,20.166666666666668,145.0,"[(DL,12339,145.00),(DL,11298,67.00),(DL,13871,55.00),(DL,13342,54.00),(DL,13930,44.00),(DL,14635,37.00),(DL,13495,36.00)]"
"2025-01-12 22:00:00",2,11298,32,6,10.5625,64.0,"[(OH,12992,64.00),(AA,15376,59.00),(AA,13851,53.00),(OO,14588,51.00),(AA,14107,42.00),(AA,14893,39.00)]"
"2025-01-12 22:00:00",3,11298,32,6,10.5625,64.0,"[(OH,12992,64.00),(AA,15376,59.00),(AA,13851,53.00),(OO,14588,51.00),(AA,14107,42.00),(AA,14893,39.00)]"
"2025-01-12 22:00:00",3,11057,35,3,5.371428571428571,106.0,"[(AA,11995,106.00),(AA,13931,85.00),(AA,13230,47.00)]"
"2025-01-12 22:00:00",4,11057,35,3,5.371428571428571,106.0,"[(AA,11995,106.00),(AA,13931,85.00),(AA,13230,47.00)]"
"2025-01-12 22:00:00",5,11057,47,3,3.3404255319148937,106.0,"[(AA,11995,106.00),(AA,13931,85.00),(AA,13230,47.00)]"
"2025-01-13 06:00:00",1,11278,30,3,32.96666666666667,751.0,"[(DL,10397,751.00),(AA,13930,344.00),(DL,13204,42.00)]"
"2025-01-13 06:00:00",2,11278,33,3,29.818181818181817,751.0,"[(DL,10397,751.00),(AA,13930,344.00),(DL,13204,42.00)]"
"2025-01-13 06:00:00",3,12953,33,1,-1.4242424242424243,131.0,"[(WN,13232,131.00)]"
"2025-01-13 06:00:00",4,13204,30,1,-2.566666666666667,62.0,"[(F9,11298,62.00)]"
"2025-01-13 06:00:00",5,10721,30,0,-6.133333333333334,13.0,[]
"2025-01-13 07:00:00",1,13204,34,5,7.411764705882353,189.0,"[(AA,11057,189.00),(DL,10397,60.00),(AS,14747,50.00),(F9,10529,45.00),(DL,12478,38.00)]"
"2025-01-13 07:00:00",1,13930,30,3,9.6,291.0,"[(OO,12953,291.00),(YX,15096,50.00),(OO,11725,34.00)]"
"2025-01-13 07:00:00",2,13930,30,3,9.6,291.0,"[(OO,12953,291.00),(YX,15096,50.00),(OO,11725,34.00)]"
"2025-01-13 07:00:00",2,11298,38,2,-0.13157894736842105,117.0,"[(OH,15370,117.00),(OH,12448,45.00)]"
"2025-01-13 07:00:00",3,10721,38,3,4.0,168.0,"[(B6,14843,168.00),(DL,14771,57.00),(DL,12892,56.00)]"
"2025-01-13 07:00:00",3,10397,35,1,7.542857142857143,340.0,"[(OH,14100,340.00)]"
"2025-01-13 07:00:00",4,13930,49,3,3.938775510204082,291.0,"[(OO,12953,291.00),(YX,15096,50.00),(OO,11725,34.00)]"
"2025-01-13 07:00:00",5,10397,40,2,7.3,340.0,"[(OH,14100,340.00),(DL,12266,40.00)]"
"2025-01-13 07:00:00",6,11292,31,2,0.6774193548387096,50.0,"[(DL,10397,50.00),(OO,10372,45.00)]"
"2025-01-13 07:00:00",7,11298,38,2,-0.13157894736842105,117.0,"[(OH,15370,117.00),(OH,12448,45.00)]"
"2025-01-13 07:00:00",8,10397,35,1,7.542857142857143,340.0,"[(OH,14100,340.00)]"
"2025-01-13 07:00:00",9,14747,35,1,3.085714285714286,188.0,"[(AA,11057,188.00)]"
"2025-01-13 07:00:00",10,12953,30,0,-4.966666666666667,5.0,[]
"2025-01-13 08:00:00",1,10397,50,9,8.3,85.0,"[(DL,13871,85.00),(F9,12264,74.00),(DL,13487,57.00),(DL,14771,52.00),(DL,10423,46.00),(DL,14679,45.00),(DL,14683,36.00),(DL,11292,36.00),(DL,11697,33.00)]"
"2025-01-13 08:00:00",1,11298,41,3,8.21951219512195,131.0,"[(AA,11503,131.00),(MQ,12992,96.00),(OO,11049,86.00)]"
"2025-01-13 08:00:00",2,10397,58,9,6.9655172413793105,85.0,"[(DL,13871,85.00),(F9,12264,74.00),(DL,13487,57.00),(DL,14771,52.00),(DL,10423,46.00),(DL,14679,45.00),(DL,14683,36.00),(DL,11292,36.00),(DL,11697,33.00)]"
"2025-01-13 08:00:00",2,13930,37,3,3.3513513513513513,129.0,"[(OO,10980,129.00),(AA,14771,65.00),(UA,12953,52.00)]"
"2025-01-13 08:00:00",3,10397,43,7,8.0,85.0,"[(DL,13871,85.00),(F9,12264,74.00),(DL,13487,57.00),(DL,10423,46.00),(DL,14679,45.00),(DL,14683,36.00),(DL,11292,36.00)]"
"2025-01-13 08:00:00",4,11298,82,6,5.048780487804878,131.0,"[(AA,11503,131.00),(MQ,12992,96.00),(OO,11049,86.00),(OO,11982,48.00),(OO,10155,46.00),(AA,13303,31.00)]"
"2025-01-13 08:00:00",5,11278,33,5,13.121212121212121,327.0,"[(OH,10868,327.00),(OH,11066,68.00),(OH,15624,68.00),(OH,10599,35.00),(OH,12323,31.00)]"
"2025-01-13 08:00:00",6,11278,36,5,11.38888888888889,327.0,"[(OH,10868,327.00),(OH,11066,68.00),(OH,15624,68.00),(OH,10599,35.00),(OH,12323,31.00)]"
"2025-01-13 08:00:00",7,11298,60,5,6.516666666666667,131.0,"[(AA,11503,131.00),(MQ,12992,96.00),(OO,11049,86.00),(OO,10155,46.00),(AA,13303,31.00)]"
"2025-01-13 08:00:00",8,11298,55,4,6.454545454545454,131.0,"[(AA,11503,131.00),(MQ,12992,96.00),(OO,11049,86.00),(AA,13303,31.00)]"
"2025-01-13 08:00:00",9,13930,63,4,2.6984126984126986,129.0,"[(OO,10980,129.00),(OO,13485,102.00),(AA,14771,65.00),(UA,12953,52.00)]"
"2025-01-13 08:00:00",10,11298,37,3,9.64864864864865,131.0,"[(AA,11503,131.00),(MQ,12992,96.00),(OO,11049,86.00)]"
"2025-01-13 09:00:00",1,11292,53,5,6.037735849056604,150.0,"[(UA,11193,150.00),(UA,14730,133.00),(OO,11637,37.00),(OO,16869,36.00),(UA,11298,35.00)]"
"2025-01-13 09:00:00",1,11292,32,3,8.40625,150.0,"[(UA,11193,150.00),(UA,14730,133.00),(OO,11637,37.00)]"
"2025-01-13 09:00:00",2,12892,39,4,9.307692307692308,330.0,"[(AA,13930,330.00),(AA,13830,218.00),(AA,14492,33.00),(AA,14107,32.00)]"
"2025-01-13 09:00:00",3,11057,36,4,4.777777777777778,95.0,"[(OH,14783,95.00),(OH,10431,85.00),(AA,12339,76.00),(AA,14771,54.00)]"
"2025-01-13 09:00:00",4,11057,38,4,4.315789473684211,95.0,"[(OH,14783,95.00),(OH,10431,85.00),(AA,12339,76.00),(AA,14771,54.00)]"
"2025-01-13 09:00:00",5,11292,32,3,8.40625,150.0,"[(UA,11193,150.00),(UA,14730,133.00),(OO,11637,37.00)]"
"2025-01-13 09:00:00",6,10397,39,3,5.153846153846154,129.0,"[(DL,14831,129.00),(OO,10372,48.00),(DL,13204,36.00)]"
"2025-01-13 09:00:00",7,14107,44,3,5.0227272727272725,181.0,"[(AA,13204,181.00),(OO,11775,66.00),(AA,11298,49.00)]"
"2025-01-13 09:00:00",8,10397,38,3,4.578947368421052,129.0,"[(DL,14831,129.00),(OO,10372,48.00),(DL,13204,36.00)]"
"2025-01-13 09:00:00",9,13930,43,2,4.72093023255814,229.0,"[(UA,14057,229.00),(OO,15376,57.00)]"
"2025-01-13 09:00:00",10,13930,44,2,4.590909090909091,229.0,"[(UA,14057,229.00),(OO,15376,57.00)]"
"2025-01-13 10:00:00",1,11433,30,6,25.566666666666666,240.0,"[(OO,13184,240.00),(OO,15096,211.00),(DL,11618,145.00),(DL,13204,67.00),(DL,13577,50.00),(DL,11278,36.00)]"
"2025-01-13 10:00:00",1,13930,36,5,8.25,101.0,"[(OO,13342,101.00),(OO,10874,85.00),(AA,13204,79.00),(UA,10821,64.00),(MQ,10693,37.00)]"
"2025-01-13 10:00:00",2,10397,39,6,14.666666666666666,166.0,"[(DL,13204,166.00),(DL,14843,126.00),(DL,14492,72.00),(DL,14908,68.00),(DL,12892,60.00),(F9,13204,35.00)]"
"2025-01-13 10:00:00",2,11298,36,4,7.194444444444445,69.0,"[(AA,12441,69.00),(MQ,14457,67.00),(AA,11433,48.00),(OH,14730,46.00)]"
"2025-01-13 10:00:00",3,13930,50,6,6.6,101.0,"[(OO,13342,101.00),(OO,10874,85.00),(AA,13204,79.00),(UA,10821,64.00),(OO,11267,46.00),(MQ,10693,37.00)]"
"2025-01-13 10:00:00",4,13930,36,5,8.25,101.0,"[(OO,13342,101.00),(OO,10874,85.00),(AA,13204,79.00),(UA,10821,64.00),(MQ,10693,37.00)]"
"2025-01-13 10:00:00",5,11298,36,4,7.194444444444445,69.0,"[(AA,12441,69.00),(MQ,14457,67.00),(AA,11433,48.00),(OH,14730,46.00)]"
"2025-01-13 10:00:00",6,11292,41,0,-1.4146341463414633,26.0,[]
"2025-01-13 11:00:00",1,11292,63,5,3.9206349206349205,66.0,"[(UA,12889,66.00),(WN,14492,63.00),(UA,14771,42.00),(UA,13891,39.00),(UA,13930,37.00)]"
"2025-01-13 11:00:00",1,11057,58,9,9.913793103448276,166.0,"[(OH,13795,166.00),(AA,15027,138.00),(OH,14685,103.00),(OH,11193,82.00),(AA,12889,43.00),(OH,11252,40.00),(OH,10693,37.00),(AA,10721,36.00),(AA,15304,31.00)]"
"2025-01-13 11:00:00",2,11057,39,4,3.0256410256410255,82.0,"[(OH,11193,82.00),(AA,12889,43.00),(OH,10693,37.00),(AA,10721,36.00)]"
"2025-01-13 11:00:00",2,13930,31,7,11.35483870967742,83.0,"[(OO,15380,83.00),(UA,15304,80.00),(UA,14492,67.00),(OO,13184,63.00),(YX,11066,55.00),(UA,11618,37.00),(UA,12451,33.00)]"
"2025-01-13 11:00:00",3,14869,41,3,4.121951219512195,152.0,"[(OO,11921,152.00),(DL,14122,78.00),(DL,14831,41.00)]"
"2025-01-13 11:00:00",3,14747,32,5,11.5,224.0,"[(DL,11193,224.00),(AS,14057,54.00),(AS,12173,33.00),(AS,12523,32.00),(AS,14908,31.00)]"
"2025-01-13 11:00:00",4,11292,47,3,3.9148936170212765,66.0,"[(UA,12889,66.00),(WN,14492,63.00),(UA,13891,39.00)]"
"2025-01-13 11:00:00",4,11292,88,5,2.7386363636363638,66.0,"[(UA,12889,66.00),(WN,14492,63.00),(UA,14771,42.00),(UA,13891,39.00),(UA,13930,37.00)]"
"2025-01-13 11:00:00",5,14107,46,2,4.1521739130434785,79.0,"[(OO,14252,79.00),(WN,14057,75.00)]"
"2025-01-13 11:00:00",5,11298,36,3,6.361111111111111,82.0,"[(OH,12217,82.00),(OO,11695,69.00),(AA,10849,48.00)]"
"2025-01-13 11:00:00",6,14107,54,3,3.888888888888889,79.0,"[(OO,14252,79.00),(WN,14057,75.00),(AA,11298,35.00)]"
"2025-01-13 11:00:00",7,14869,49,3,3.163265306122449,152.0,"[(OO,11921,152.00),(DL,14122,78.00),(DL,14831,41.00)]"
"2025-01-13 11:00:00",8,12889,32,2,2.6875,66.0,"[(WN,13158,66.00),(B6,11697,46.00)]"
"2025-01-13 12:00:00",1,11298,33,4,9.878787878787879,133.0,"[(MQ,12278,133.00),(AA,15304,85.00),(AA,13244,77.00),(AA,13930,33.00)]"
"2025-01-13 12:00:00",1,10397,37,7,14.324324324324325,198.0,"[(OO,10980,198.00),(DL,14100,110.00),(DL,12892,90.00),(DL,10994,39.00),(DL,15304,35.00),(DL,13204,33.00),(DL,12889,31.00)]"
"2025-01-13 12:00:00",2,11298,36,4,8.63888888888889,133.0,"[(MQ,12278,133.00),(AA,15304,85.00),(AA,13244,77.00),(AA,13930,33.00)]"
"2025-01-13 12:00:00",3,13930,33,3,7.848484848484849,138.0,"[(UA,14771,138.00),(AA,11292,126.00),(OO,11337,41.00)]"
"2025-01-13 12:00:00",3,11292,30,4,4.6,70.0,"[(AA,14100,70.00),(OO,12892,42.00),(UA,12266,37.00),(OO,14747,33.00)]"
"2025-01-13 12:00:00",4,13930,41,3,6.024390243902439,138.0,"[(UA,14771,138.00),(AA,11292,126.00),(OO,11337,41.00)]"
"2025-01-13 12:00:00",5,12889,35,2,0.4,63.0,"[(UA,12266,63.00),(DL,10397,40.00)]"
"2025-01-13 13:00:00",1,11292,42,3,1.3095238095238095,107.0,"[(F9,10397,107.00),(OO,13158,42.00),(UA,10849,35.00)]"
"2025-01-13 13:00:00",1,13204,30,3,11.166666666666666,203.0,"[(DL,10397,203.00),(WN,10397,92.00),(DL,12478,49.00)]"
"2025-01-13 13:00:00",2,13930,30,2,1.5,81.0,"[(OO,14108,81.00),(UA,14747,41.00)]"
"2025-01-13 13:00:00",2,10397,35,3,3.6857142857142855,79.0,"[(OH,11057,79.00),(DL,12266,51.00),(DL,11292,39.00)]"
"2025-01-13 13:00:00",3,12889,31,0,-1.935483870967742,26.0,[]
"2025-01-13 13:00:00",3,13930,42,3,2.0,105.0,"[(DL,11433,105.00),(OO,14108,81.00),(UA,14747,41.00)]"
"2025-01-13 13:00:00",4,11292,42,3,1.3095238095238095,107.0,"[(F9,10397,107.00),(OO,13158,42.00),(UA,10849,35.00)]"
"2025-01-13 13:00:00",5,12889,37,0,-2.054054054054054,26.0,[]
"2025-01-13 14:00:00",1,11298,45,11,17.288888888888888,153.0,"[(AA,14730,153.00),(OH,12448,120.00),(AA,13256,105.00),(AA,13342,84.00),(AA,13244,81.00),(AA,11292,70.00),(AA,14683,53.00),(DL,14869,46.00),(MQ,13290,44.00),(AA,14492,40.00),(OO,10372,36.00)]"
"2025-01-13 14:00:00",1,11298,59,13,15.169491525423728,153.0,"[(AA,14730,153.00),(OH,12448,120.00),(AA,13256,105.00),(AA,13342,84.00),(AA,13244,81.00),(AA,11292,70.00),(AA,14683,53.00),(DL,14869,46.00),(MQ,13290,44.00),(AA,11697,42.00),(AA,14492,40.00),(OO,10372,36.00),(OO,13851,31.00)]"
"2025-01-13 14:00:00",2,11298,31,9,22.193548387096776,153.0,"[(AA,14730,153.00),(OH,12448,120.00),(AA,13256,105.00),(AA,13244,81.00),(AA,11292,70.00),(DL,14869,46.00),(MQ,13290,44.00),(AA,14492,40.00),(OO,10372,36.00)]"
"2025-01-13 14:00:00",2,11057,39,4,5.3076923076923075,113.0,"[(OH,11995,113.00),(YX,12478,96.00),(AA,14307,45.00),(MQ,11996,43.00)]"
"2025-01-13 14:00:00",3,11057,32,4,6.8125,113.0,"[(OH,11995,113.00),(YX,12478,96.00),(AA,14307,45.00),(MQ,11996,43.00)]"
"2025-01-13 14:00:00",3,14107,36,2,4.333333333333333,158.0,"[(WN,13851,158.00),(OO,15376,83.00)]"
"2025-01-13 14:00:00",4,12889,32,1,0.53125,40.0,"[(F9,15016,40.00)]"
"2025-01-13 15:00:00",1,10397,37,5,10.54054054054054,100.0,"[(DL,12217,100.00),(DL,12889,74.00),(DL,14100,51.00),(NK,11618,49.00),(DL,13930,37.00)]"
"2025-01-13 15:00:00",2,11298,36,4,5.666666666666667,48.0,"[(F9,14747,48.00),(MQ,12217,41.00),(AA,11423,38.00),(AA,14107,34.00)]"
"2025-01-13 15:00:00",3,11292,43,3,8.69767441860465,298.0,"[(DL,10397,298.00),(WN,13198,45.00),(OO,11413,41.00)]"
"2025-01-13 15:00:00",4,14869,31,3,4.32258064516129,71.0,"[(OO,11884,71.00),(DL,14908,37.00),(DL,10713,31.00)]"
"2025-01-13 16:00:00",1,11057,31,8,24.903225806451612,205.0,"[(OH,10980,205.00),(AA,11618,193.00),(AA,10792,83.00),(AA,11278,69.00),(AA,11433,62.00),(UA,12266,44.00),(OH,10599,41.00),(AA,10693,31.00)]"
"2025-01-13 16:00:00",1,11057,54,11,17.314814814814813,205.0,"[(OH,10980,205.00),(AA,11618,193.00),(AA,10792,83.00),(OH,13577,73.00),(AA,11278,69.00),(AA,11433,62.00),(AA,10423,54.00),(UA,12266,44.00),(OH,10599,41.00),(DL,10397,36.00),(AA,10693,31.00)]"
"2025-01-13 16:00:00",2,10397,42,8,18.285714285714285,256.0,"[(OO,10146,256.00),(OO,11612,162.00),(OH,11278,147.00),(DL,11697,54.00),(DL,12451,47.00),(DL,11278,36.00),(DL,11618,33.00),(WN,12889,32.00)]"
"2025-01-13 16:00:00",3,11292,40,5,7.05,226.0,"[(AA,13930,226.00),(AA,11298,40.00),(OO,11283,37.00),(WN,10849,33.00),(UA,14908,33.00)]"
"2025-01-13 16:00:00",4,11298,57,4,6.245614035087719,310.0,"[(OH,12951,310.00),(OO,12915,71.00),(AA,13256,37.00),(OO,11982,31.00)]"
"2025-01-13 16:00:00",5,14107,37,4,6.108108108108108,127.0,"[(MQ,15919,127.00),(AA,12889,66.00),(AA,15304,53.00),(AA,11540,34.00)]"
"2025-01-13 16:00:00",6,14771,31,3,1.3870967741935485,131.0,"[(OO,10372,131.00),(OO,13891,62.00),(UA,12892,32.00)]"
"2025-01-13 17:00:00",1,11292,52,3,3.8076923076923075,128.0,"[(UA,13930,128.00),(OO,10372,38.00),(UA,11057,33.00)]"
"2025-01-13 17:00:00",1,11292,88,6,4.409090909090909,128.0,"[(UA,13930,128.00),(OO,11109,109.00),(OO,10408,80.00),(OO,12177,41.00),(OO,10372,38.00),(UA,11057,33.00)]"
"2025-01-13 17:00:00",2,11298,43,3,3.0232558139534884,82.0,"[(AA,14193,82.00),(UA,11618,68.00),(AA,14683,34.00)]"
"2025-01-13 17:00:00",3,10397,31,2,8.838709677419354,123.0,"[(F9,11298,123.00),(DL,11996,55.00)]"
"2025-01-13 17:00:00",4,14869,36,2,2.5833333333333335,148.0,"[(DL,10423,148.00),(OO,10918,34.00)]"
"2025-01-13 17:00:00",5,13930,48,2,2.0416666666666665,63.0,"[(OO,14574,63.00),(AA,13303,32.00)]"
"2025-01-13 17:00:00",6,12264,35,0,-1.4,28.0,[]
"2025-01-13 17:00:00",7,14107,34,0,-3.0,24.0,[]
"2025-01-13 18:00:00",1,12266,44,9,14.386363636363637,99.0,"[(UA,13204,99.00),(UA,10721,78.00),(NK,10821,73.00),(UA,12953,72.00),(UA,13930,53.00),(UA,15304,52.00),(UA,12451,45.00),(UA,11057,43.00),(UA,11298,38.00)]"
"2025-01-13 18:00:00",2,13930,59,4,4.033898305084746,151.0,"[(UA,10529,151.00),(UA,14771,64.00),(OO,11146,51.00),(AA,10529,34.00)]"
"2025-01-13 18:00:00",3,11057,55,4,2.727272727272727,92.0,"[(OH,11267,92.00),(OH,10397,84.00),(OH,12217,53.00),(OH,11996,44.00)]"
"2025-01-13 18:00:00",4,10397,50,4,2.5,97.0,"[(F9,11618,97.00),(DL,11193,67.00),(DL,11042,49.00),(OH,14100,39.00)]"
"2025-01-13 19:00:00",1,11298,31,2,2.967741935483871,107.0,"[(OO,11905,107.00),(AA,14107,53.00)]"
"2025-01-13 19:00:00",1,13930,33,8,23.272727272727273,196.0,"[(OO,11637,196.00),(UA,14869,148.00),(UA,14679,146.00),(DL,13487,122.00),(OO,10980,57.00),(OO,11977,41.00),(UA,11775,33.00),(OO,11823,32.00)]"
"2025-01-13 19:00:00",2,11292,30,2,1.6,64.0,"[(OO,11638,64.00),(F9,13204,40.00)]"
"2025-01-13 19:00:00",2,13303,31,7,14.258064516129032,165.0,"[(AA,13871,165.00),(AA,14771,158.00),(AA,11298,60.00),(AA,14679,54.00),(AA,14492,34.00),(NK,14100,34.00),(AA,11278,34.00)]"
"2025-01-13 19:00:00",3,10397,31,0,-0.41935483870967744,29.0,[]
"2025-01-13 19:00:00",3,11298,74,6,6.081081081081081,187.0,"[(AA,11003,187.00),(MQ,10431,112.00),(OO,11905,107.00),(AA,13230,72.00),(AA,14107,53.00),(AA,13256,51.00)]"
"2025-01-13 19:00:00",4,10397,55,3,2.981818181818182,83.0,"[(F9,11292,83.00),(UA,11618,41.00),(DL,14689,38.00)]"
"2025-01-13 19:00:00",5,11292,62,3,0.0,64.0,"[(OO,11638,64.00),(F9,13204,40.00),(OO,15041,32.00)]"
"2025-01-13 20:00:00",1,11057,33,8,35.90909090909091,685.0,"[(OH,11267,685.00),(AA,10423,142.00),(AA,11423,108.00),(OH,15249,102.00),(AA,14100,97.00),(AA,10994,56.00),(AA,11066,42.00),(OH,12951,31.00)]"
"2025-01-13 20:00:00",1,11057,59,13,23.54237288135593,685.0,"[(OH,11267,685.00),(AA,10423,142.00),(AA,11423,108.00),(OH,15249,102.00),(AA,14100,97.00),(AA,14730,71.00),(OH,11193,64.00),(AA,10994,56.00),(OH,14685,50.00),(AA,11066,42.00),(OH,14108,34.00),(AA,15096,32.00),(OH,12951,31.00)]"
"2025-01-13 20:00:00",2,13930,39,5,5.230769230769231,108.0,"[(UA,11298,108.00),(UA,13198,80.00),(MQ,13076,48.00),(F9,14107,37.00),(UA,13244,31.00)]"
"2025-01-13 20:00:00",2,11292,58,9,13.948275862068966,160.0,"[(OO,12278,160.00),(OO,13851,123.00),(OO,15370,110.00),(F9,13487,104.00),(OO,11315,99.00),(UA,10423,65.00),(OO,13029,52.00),(WN,14679,50.00),(OO,13433,42.00)]"
"2025-01-13 20:00:00",3,13930,39,5,5.230769230769231,108.0,"[(UA,11298,108.00),(UA,13198,80.00),(MQ,13076,48.00),(F9,14107,37.00),(UA,13244,31.00)]"
"2025-01-13 20:00:00",4,12266,34,4,12.088235294117647,181.0,"[(UA,14771,181.00),(UA,11433,52.00),(OO,14783,43.00),(UA,13495,42.00)]"
"2025-01-13 20:00:00",5,10397,36,1,0.19444444444444445,49.0,"[(OH,11057,49.00)]"
"2025-01-13 20:00:00",6,14107,37,0,-3.918918918918919,24.0,[]
"2025-01-13 21:00:00",1,11298,40,3,7.95,155.0,"[(AA,10423,155.00),(AA,14492,127.00),(AA,12889,53.00)]"
"2025-01-13 21:00:00",1,11298,74,8,11.864864864864865,196.0,"[(AA,15016,196.00),(AA,10423,155.00),(OH,12278,144.00),(AA,13198,129.00),(AA,14492,127.00),(AA,13871,108.00),(AA,12889,53.00),(AA,13891,36.00)]"
"2025-01-13 22:00:00",1,11057,40,3,1.45,125.0,"[(AA,13931,125.00),(AA,13495,66.00),(AA,14307,34.00)]"
"2025-01-13 22:00:00",2,10397,56,1,-1.625,111.0,"[(DL,15016,111.00)]"
"2025-01-14 06:00:00",1,11278,33,1,10.424242424242424,539.0,"[(UA,12266,539.00)]"
"2025-01-14 06:00:00",2,12953,34,0,-6.176470588235294,7.0,[]
"2025-01-14 07:00:00",1,14747,35,5,9.628571428571428,99.0,"[(UA,14771,99.00),(AS,13930,96.00),(DL,12173,87.00),(DL,13930,54.00),(OO,14057,48.00)]"
"2025-01-14 07:00:00",2,13930,39,2,1.3076923076923077,107.0,"[(OO,11433,107.00),(NK,15304,47.00)]"
"2025-01-14 07:00:00",3,12892,31,2,-0.6129032258064516,72.0,"[(AA,11057,72.00),(DL,12889,37.00)]"
"2025-01-14 07:00:00",4,10721,35,1,-1.9142857142857144,50.0,"[(DL,14027,50.00)]"
"2025-01-14 07:00:00",5,12953,31,1,-5.354838709677419,38.0,"[(WN,11292,38.00)]"
"2025-01-14 07:00:00",6,13204,32,0,-6.59375,9.0,[]
"2025-01-14 08:00:00",1,13930,32,5,15.4375,182.0,"[(OO,13485,182.00),(OO,11637,81.00),(OO,11977,65.00),(AA,14843,64.00),(AA,14908,38.00)]"
"2025-01-14 08:00:00",1,13930,58,8,12.482758620689655,182.0,"[(OO,13485,182.00),(UA,13198,103.00),(OO,11637,81.00),(OO,15919,74.00),(OO,11977,65.00),(AA,14843,64.00),(AA,13303,40.00),(AA,14908,38.00)]"
"2025-01-14 08:00:00",2,11298,38,4,2.6052631578947367,63.0,"[(OO,10372,63.00),(AA,14908,42.00),(AA,13930,38.00),(MQ,10781,33.00)]"
"2025-01-14 08:00:00",3,10397,31,1,0.0967741935483871,70.0,"[(DL,12953,70.00)]"
"2025-01-14 08:00:00",3,11433,34,2,0.7352941176470589,42.0,"[(OO,13232,42.00),(WN,11292,41.00)]"
"2025-01-14 08:00:00",4,14107,32,1,2.375,178.0,"[(F9,11433,178.00)]"
"2025-01-14 08:00:00",5,10397,31,1,0.0967741935483871,70.0,"[(DL,12953,70.00)]"
"2025-01-14 08:00:00",6,12892,43,1,-1.7209302325581395,144.0,"[(DL,10397,144.00)]"
"2025-01-14 08:00:00",7,12889,31,0,-4.225806451612903,17.0,[]
"2025-01-14 08:00:00",8,14771,33,0,-4.666666666666667,4.0,[]
"2025-01-14 08:00:00",9,13303,31,0,-5.129032258064516,1.0,[]
"2025-01-14 08:00:00",10,11278,36,0,-6.277777777777778,17.0,[]
"2025-01-14 09:00:00",1,14747,32,3,4.8125,96.0,"[(OO,11603,96.00),(OO,14252,75.00),(AS,14679,54.00)]"
"2025-01-14 09:00:00",2,12892,33,3,0.18181818181818182,76.0,"[(DL,10693,76.00),(F9,14747,63.00),(AA,13930,42.00)]"
"2025-01-14 09:00:00",2,12892,45,3,-1.488888888888889,76.0,"[(DL,10693,76.00),(F9,14747,63.00),(AA,13930,42.00)]"
"2025-01-14 09:00:00",3,12892,45,3,-1.488888888888889,76.0,"[(DL,10693,76.00),(F9,14747,63.00),(AA,13930,42.00)]"
"2025-01-14 09:00:00",3,10397,39,2,-0.10256410256410256,51.0,"[(DL,15027,51.00),(DL,14576,31.00)]"
"2025-01-14 09:00:00",4,10397,39,2,-0.10256410256410256,51.0,"[(DL,15027,51.00),(DL,14576,31.00)]"
"2025-01-14 09:00:00",4,11057,44,1,-4.113636363636363,54.0,"[(DL,11433,54.00)]"
"2025-01-14 09:00:00",5,11057,31,1,-3.6129032258064515,54.0,"[(DL,11433,54.00)]"
"2025-01-14 09:00:00",5,11292,63,0,-1.0317460317460319,30.0,[]
"2025-01-14 09:00:00",6,11057,39,1,-4.102564102564102,54.0,"[(DL,11433,54.00)]"
"2025-01-14 09:00:00",7,11057,44,1,-4.113636363636363,54.0,"[(DL,11433,54.00)]"
"2025-01-14 09:00:00",8,11292,63,0,-1.0317460317460319,30.0,[]
"2025-01-14 09:00:00",9,11292,47,0,-1.127659574468085,30.0,[]
"2025-01-14 09:00:00",10,11292,34,0,-1.9705882352941178,12.0,[]
"2025-01-14 10:00:00",1,13930,54,7,16.98148148148148,282.0,"[(UA,11624,282.00),(UA,14986,191.00),(OO,13342,97.00),(OO,13485,88.00),(MQ,11618,73.00),(OO,12217,64.00),(MQ,10423,35.00)]"
"2025-01-14 10:00:00",2,13930,32,4,13.0625,191.0,"[(UA,14986,191.00),(MQ,11618,73.00),(OO,12217,64.00),(MQ,10423,35.00)]"
"2025-01-14 10:00:00",2,11298,69,2,-0.2753623188405797,38.0,"[(MQ,12992,38.00),(AA,11292,36.00)]"
"2025-01-14 10:00:00",3,11298,69,2,-0.2753623188405797,38.0,"[(MQ,12992,38.00),(AA,11292,36.00)]"
"2025-01-14 10:00:00",3,11433,36,1,-0.8055555555555556,103.0,"[(OO,14524,103.00)]"
"2025-01-14 10:00:00",4,11433,36,1,-0.8055555555555556,103.0,"[(OO,14524,103.00)]"
"2025-01-14 10:00:00",4,11278,33,1,-1.2727272727272727,114.0,"[(OH,10792,114.00)]"
"2025-01-14 10:00:00",5,11278,33,1,-1.2727272727272727,114.0,"[(OH,10792,114.00)]"
"2025-01-14 10:00:00",5,12889,34,0,-4.117647058823529,24.0,[]
"2025-01-14 10:00:00",6,11298,53,1,-1.2830188679245282,36.0,"[(AA,11292,36.00)]"
"2025-01-14 10:00:00",7,11298,32,1,-2.03125,36.0,"[(AA,11292,36.00)]"
"2025-01-14 10:00:00",8,12889,34,0,-4.117647058823529,24.0,[]
"2025-01-14 11:00:00",1,11057,52,4,4.788461538461538,150.0,"[(OH,13851,150.00),(OH,12264,126.00),(AA,13495,71.00),(OH,15624,55.00)]"
"2025-01-14 11:00:00",1,11057,54,4,4.444444444444445,150.0,"[(OH,13851,150.00),(OH,12264,126.00),(AA,13495,71.00),(OH,15624,55.00)]"
"2025-01-14 11:00:00",2,11057,53,4,4.60377358490566,150.0,"[(OH,13851,150.00),(OH,12264,126.00),(AA,13495,71.00),(OH,15624,55.00)]"
"2025-01-14 11:00:00",2,14869,43,3,4.325581395348837,121.0,"[(OO,14489,121.00),(OO,14252,107.00),(OO,12280,89.00)]"
"2025-01-14 11:00:00",3,11057,54,4,4.444444444444445,150.0,"[(OH,13851,150.00),(OH,12264,126.00),(AA,13495,71.00),(OH,15624,55.00)]"
"2025-01-14 11:00:00",3,14747,31,2,3.7096774193548385,49.0,"[(AS,14570,49.00),(AS,14908,31.00)]"
"2025-01-14 11:00:00",4,14869,43,3,4.325581395348837,121.0,"[(OO,14489,121.00),(OO,14252,107.00),(OO,12280,89.00)]"
"2025-01-14 11:00:00",4,14107,49,2,0.12244897959183673,107.0,"[(AA,10561,107.00),(AS,14747,48.00)]"
"2025-01-14 11:00:00",5,14747,30,2,4.266666666666667,49.0,"[(AS,14570,49.00),(AS,14908,31.00)]"
"2025-01-14 11:00:00",5,10397,57,2,-1.3508771929824561,56.0,"[(WN,13495,56.00),(DL,12953,41.00)]"
"2025-01-14 11:00:00",6,14747,31,2,3.7096774193548385,49.0,"[(AS,14570,49.00),(AS,14908,31.00)]"
"2025-01-14 11:00:00",6,11292,88,1,-0.11363636363636363,56.0,"[(WN,14679,56.00)]"
"2025-01-14 11:00:00",7,11057,30,2,3.5,150.0,"[(OH,13851,150.00),(OH,15624,55.00)]"
"2025-01-14 11:00:00",7,12889,32,0,-2.09375,27.0,[]
"2025-01-14 11:00:00",8,14869,33,2,2.909090909090909,107.0,"[(OO,14252,107.00),(OO,12280,89.00)]"
"2025-01-14 11:00:00",9,11057,35,2,2.2857142857142856,150.0,"[(OH,13851,150.00),(OH,15624,55.00)]"
"2025-01-14 11:00:00",10,14107,46,2,0.41304347826086957,107.0,"[(AA,10561,107.00),(AS,14747,48.00)]"
"2025-01-14 12:00:00",1,13930,35,4,1.6571428571428573,68.0,"[(OO,11337,68.00),(OO,11076,65.00),(OO,14783,40.00),(UA,11292,38.00)]"
"2025-01-14 12:00:00",2,11298,55,3,2.8545454545454545,162.0,"[(AA,11624,162.00),(MQ,13061,54.00),(AA,11697,38.00)]"
"2025-01-14 12:00:00",2,11298,67,3,2.3582089552238807,162.0,"[(AA,11624,162.00),(MQ,13061,54.00),(AA,11697,38.00)]"
"2025-01-14 12:00:00",3,11298,67,3,2.3582089552238807,162.0,"[(AA,11624,162.00),(MQ,13061,54.00),(AA,11697,38.00)]"
"2025-01-14 12:00:00",3,10397,37,2,3.864864864864865,144.0,"[(WN,10423,144.00),(F9,13930,43.00)]"
"2025-01-14 12:00:00",4,11298,34,2,4.147058823529412,162.0,"[(AA,11624,162.00),(AA,11697,38.00)]"
"2025-01-14 12:00:00",4,12889,31,2,0.2903225806451613,52.0,"[(WN,11603,52.00),(DL,10397,32.00)]"
"2025-01-14 12:00:00",5,10397,37,2,3.864864864864865,144.0,"[(WN,10423,144.00),(F9,13930,43.00)]"
"2025-01-14 12:00:00",5,12266,33,1,0.3333333333333333,75.0,"[(UA,10821,75.00)]"
"2025-01-14 12:00:00",6,12889,31,2,0.2903225806451613,52.0,"[(WN,11603,52.00),(DL,10397,32.00)]"
"2025-01-14 12:00:00",7,12266,33,1,0.3333333333333333,75.0,"[(UA,10821,75.00)]"
"2025-01-14 13:00:00",1,11292,69,5,1.6666666666666667,112.0,"[(OO,12280,112.00),(OO,12896,68.00),(WN,11259,47.00),(UA,14908,45.00),(WN,13342,44.00)]"
"2025-01-14 13:00:00",2,13930,35,4,7.142857142857143,183.0,"[(OO,14696,183.00),(UA,12953,43.00),(OO,11721,39.00),(DL,11433,34.00)]"
"2025-01-14 13:00:00",3,11292,50,3,0.1,68.0,"[(OO,12896,68.00),(UA,14908,45.00),(WN,13342,44.00)]"
"2025-01-14 13:00:00",3,11057,37,0,-2.72972972972973,16.0,[]
"2025-01-14 13:00:00",4,11292,39,1,-2.230769230769231,44.0,"[(WN,13342,44.00)]"
"2025-01-14 13:00:00",4,14107,33,0,-3.393939393939394,19.0,[]
"2025-01-14 13:00:00",5,11057,37,0,-2.72972972972973,16.0,[]
"2025-01-14 13:00:00",6,11057,30,0,-3.1333333333333333,16.0,[]
"2025-01-14 13:00:00",7,14107,33,0,-3.393939393939394,19.0,[]
"2025-01-14 14:00:00",1,13930,53,8,8.79245283018868,178.0,"[(UA,11066,178.00),(UA,15016,116.00),(UA,11193,63.00),(OO,11146,48.00),(DL,14747,48.00),(UA,10397,43.00),(OO,11823,35.00),(OO,10990,32.00)]"
"2025-01-14 14:00:00",2,13930,46,7,9.847826086956522,178.0,"[(UA,11066,178.00),(UA,15016,116.00),(UA,11193,63.00),(OO,11146,48.00),(DL,14747,48.00),(UA,10397,43.00),(OO,11823,35.00)]"
"2025-01-14 14:00:00",2,10397,37,0,-2.5945945945945947,10.0,[]
"2025-01-14 14:00:00",3,13930,34,5,10.0,178.0,"[(UA,11066,178.00),(UA,15016,116.00),(UA,11193,63.00),(UA,10397,43.00),(OO,11823,35.00)]"
"2025-01-14 14:00:00",4,10397,37,0,-2.5945945945945947,10.0,[]
"2025-01-14 15:00:00",1,13930,34,4,10.911764705882353,187.0,"[(OO,11977,187.00),(AS,14747,86.00),(OO,10408,79.00),(OO,14696,41.00)]"
"2025-01-14 15:00:00",2,11298,35,3,3.4857142857142858,101.0,"[(AA,11540,101.00),(AA,14107,46.00),(OH,13277,39.00)]"
"2025-01-14 15:00:00",3,14747,30,1,0.9333333333333333,173.0,"[(OO,14489,173.00)]"
"2025-01-14 15:00:00",4,10397,41,1,-0.12195121951219512,71.0,"[(OO,14696,71.00)]"
"2025-01-14 15:00:00",4,10397,57,1,-0.9122807017543859,71.0,"[(OO,14696,71.00)]"
"2025-01-14 15:00:00",5,10397,57,1,-0.9122807017543859,71.0,"[(OO,14696,71.00)]"
"2025-01-14 15:00:00",5,11292,39,0,-2.1025641025641026,15.0,[]
"2025-01-14 15:00:00",6,11292,39,0,-2.1025641025641026,15.0,[]
"2025-01-14 15:00:00",7,11292,33,0,-2.393939393939394,15.0,[]
"2025-01-14 16:00:00",1,11057,38,4,3.0789473684210527,97.0,"[(AA,12478,97.00),(OH,10599,44.00),(WN,10821,37.00),(AA,14747,37.00)]"
"2025-01-14 16:00:00",1,11057,47,4,2.3191489361702127,97.0,"[(AA,12478,97.00),(OH,10599,44.00),(WN,10821,37.00),(AA,14747,37.00)]"
"2025-01-14 16:00:00",2,11057,47,4,2.3191489361702127,97.0,"[(AA,12478,97.00),(OH,10599,44.00),(WN,10821,37.00),(AA,14747,37.00)]"
"2025-01-14 16:00:00",2,10397,34,2,-0.17647058823529413,35.0,"[(DL,15304,35.00),(DL,14492,32.00)]"
"2025-01-14 16:00:00",3,11057,30,3,2.8,97.0,"[(AA,12478,97.00),(WN,10821,37.00),(AA,14747,37.00)]"
"2025-01-14 16:00:00",3,11298,53,1,-0.5660377358490566,72.0,"[(AA,10599,72.00)]"
"2025-01-14 16:00:00",4,10397,34,2,-0.17647058823529413,35.0,"[(DL,15304,35.00),(DL,14492,32.00)]"
"2025-01-14 16:00:00",5,11298,53,1,-0.5660377358490566,72.0,"[(AA,10599,72.00)]"
"2025-01-14 16:00:00",6,11298,42,0,-2.5,28.0,[]
"2025-01-14 16:00:00",7,11298,31,0,-3.774193548387097,20.0,[]
"2025-01-14 17:00:00",1,11292,92,4,1.2826086956521738,154.0,"[(UA,15096,154.00),(UA,12278,114.00),(OO,13158,98.00),(UA,10397,37.00)]"
"2025-01-14 17:00:00",2,14107,33,3,4.606060606060606,121.0,"[(AA,11603,121.00),(AA,11066,60.00),(OO,14262,33.00)]"
"2025-01-14 17:00:00",3,11292,53,3,4.264150943396227,154.0,"[(UA,15096,154.00),(UA,12278,114.00),(OO,13158,98.00)]"
"2025-01-14 17:00:00",3,11298,39,2,8.871794871794872,264.0,"[(OO,10693,264.00),(OH,14814,92.00)]"
"2025-01-14 17:00:00",4,11292,67,3,2.8805970149253732,154.0,"[(UA,15096,154.00),(UA,12278,114.00),(OO,13158,98.00)]"
"2025-01-14 17:00:00",4,13930,45,2,0.3111111111111111,55.0,"[(AA,13303,55.00),(YX,12339,48.00)]"
"2025-01-14 17:00:00",5,11298,38,2,9.236842105263158,264.0,"[(OO,10693,264.00),(OH,14814,92.00)]"
"2025-01-14 17:00:00",5,14869,32,2,-0.5,136.0,"[(DL,13198,136.00),(DL,12889,56.00)]"
"2025-01-14 17:00:00",6,11298,39,2,8.871794871794872,264.0,"[(OO,10693,264.00),(OH,14814,92.00)]"
"2025-01-14 17:00:00",6,11278,36,1,-3.7222222222222223,70.0,"[(OH,14307,70.00)]"
"2025-01-14 17:00:00",7,11292,31,2,5.870967741935484,154.0,"[(UA,15096,154.00),(UA,12278,114.00)]"
"2025-01-14 17:00:00",8,13930,34,2,0.5588235294117647,55.0,"[(AA,13303,55.00),(YX,12339,48.00)]"
"2025-01-14 17:00:00",9,13930,45,2,0.3111111111111111,55.0,"[(AA,13303,55.00),(YX,12339,48.00)]"
"2025-01-14 17:00:00",10,14869,32,2,-0.5,136.0,"[(DL,13198,136.00),(DL,12889,56.00)]"
"2025-01-14 18:00:00",1,13930,56,6,2.4464285714285716,118.0,"[(OO,13184,118.00),(OO,10990,66.00),(UA,10792,50.00),(UA,10529,38.00),(UA,14576,35.00),(UA,15096,31.00)]"
"2025-01-14 18:00:00",2,13930,36,4,4.555555555555555,118.0,"[(OO,13184,118.00),(OO,10990,66.00),(UA,10792,50.00),(UA,14576,35.00)]"
"2025-01-14 18:00:00",2,11057,48,4,0.1875,75.0,"[(OH,11996,75.00),(DL,10397,51.00),(AA,12478,45.00),(OH,10397,39.00)]"
"2025-01-14 18:00:00",3,11057,38,4,1.868421052631579,75.0,"[(OH,11996,75.00),(DL,10397,51.00),(AA,12478,45.00),(OH,10397,39.00)]"
"2025-01-14 18:00:00",3,10397,47,2,-0.425531914893617,49.0,"[(DL,12953,49.00),(DL,11278,36.00)]"
"2025-01-14 18:00:00",4,13930,47,4,1.702127659574468,118.0,"[(OO,13184,118.00),(OO,10990,66.00),(UA,10792,50.00),(UA,14576,35.00)]"
"2025-01-14 18:00:00",4,11298,48,1,0.125,74.0,"[(AA,10397,74.00)]"
"2025-01-14 18:00:00",5,13930,48,4,1.6875,118.0,"[(OO,13184,118.00),(OO,10990,66.00),(UA,10792,50.00),(UA,14576,35.00)]"
"2025-01-14 18:00:00",6,11057,40,4,1.425,75.0,"[(OH,11996,75.00),(DL,10397,51.00),(AA,12478,45.00),(OH,10397,39.00)]"
"2025-01-14 18:00:00",7,11057,48,4,0.1875,75.0,"[(OH,11996,75.00),(DL,10397,51.00),(AA,12478,45.00),(OH,10397,39.00)]"
"2025-01-14 18:00:00",8,11057,36,3,0.75,75.0,"[(OH,11996,75.00),(AA,12478,45.00),(OH,10397,39.00)]"
"2025-01-14 18:00:00",9,10397,36,2,0.4444444444444444,49.0,"[(DL,12953,49.00),(DL,11278,36.00)]"
"2025-01-14 18:00:00",10,10397,38,2,0.07894736842105263,49.0,"[(DL,12953,49.00),(DL,11278,36.00)]"
"2025-01-14 19:00:00",1,11292,58,7,4.879310344827586,95.0,"[(UA,14908,95.00),(UA,12441,60.00),(OO,10279,49.00),(UA,13502,35.00),(OO,12012,33.00),(OO,12156,32.00),(OO,11109,32.00)]"
"2025-01-14 19:00:00",2,11292,42,4,4.523809523809524,95.0,"[(UA,14908,95.00),(UA,13502,35.00),(OO,12012,33.00),(OO,12156,32.00)]"
"2025-01-14 19:00:00",2,10397,51,3,4.607843137254902,97.0,"[(DL,14107,97.00),(DL,13204,90.00),(DL,11697,56.00)]"
"2025-01-14 19:00:00",3,10397,37,3,5.72972972972973,97.0,"[(DL,14107,97.00),(DL,13204,90.00),(DL,11697,56.00)]"
"2025-01-14 19:00:00",3,11298,66,2,-0.9696969696969697,65.0,"[(AA,12892,65.00),(AA,11042,34.00)]"
"2025-01-14 19:00:00",4,10397,51,3,4.607843137254902,97.0,"[(DL,14107,97.00),(DL,13204,90.00),(DL,11697,56.00)]"
"2025-01-14 19:00:00",4,11278,30,0,-7.2,3.0,[]
"2025-01-14 19:00:00",5,11298,66,2,-0.9696969696969697,65.0,"[(AA,12892,65.00),(AA,11042,34.00)]"
"2025-01-14 19:00:00",6,11298,52,1,-1.7307692307692308,34.0,"[(AA,11042,34.00)]"
"2025-01-14 19:00:00",7,11298,34,0,-2.176470588235294,17.0,[]
"2025-01-14 19:00:00",8,11278,30,0,-7.2,3.0,[]
"2025-01-14 20:00:00",1,13930,41,2,-0.7317073170731707,62.0,"[(AA,12953,62.00),(UA,10423,35.00)]"
"2025-01-14 20:00:00",1,13930,56,2,-1.8571428571428572,62.0,"[(AA,12953,62.00),(UA,10423,35.00)]"
"2025-01-14 20:00:00",2,13930,56,2,-1.8571428571428572,62.0,"[(AA,12953,62.00),(UA,10423,35.00)]"
"2025-01-14 20:00:00",2,11292,53,1,0.9433962264150944,186.0,"[(OO,13158,186.00)]"
"2025-01-14 20:00:00",3,11292,30,1,2.966666666666667,186.0,"[(OO,13158,186.00)]"
"2025-01-14 20:00:00",3,10397,40,1,-0.525,31.0,"[(DL,15096,31.00)]"
"2025-01-14 20:00:00",4,11292,39,1,1.8717948717948718,186.0,"[(OO,13158,186.00)]"
"2025-01-14 20:00:00",4,12266,32,0,-0.84375,21.0,[]
"2025-01-14 20:00:00",5,11292,53,1,0.9433962264150944,186.0,"[(OO,13158,186.00)]"
"2025-01-14 20:00:00",6,10397,30,1,0.03333333333333333,31.0,"[(DL,15096,31.00)]"
"2025-01-14 20:00:00",7,10397,40,1,-0.525,31.0,"[(DL,15096,31.00)]"
"2025-01-14 20:00:00",8,12266,32,0,-0.84375,21.0,[]
"2025-01-14 21:00:00",1,11298,39,2,-0.07692307692307693,107.0,"[(OO,15411,107.00),(AA,14747,72.00)]"
"2025-01-14 22:00:00",1,10397,38,1,-0.3684210526315789,125.0,"[(DL,14730,125.00)]"
"2025-01-14 22:00:00",1,10397,52,1,-1.3846153846153846,125.0,"[(DL,14730,125.00)]"
"2025-01-14 22:00:00",2,10397,52,1,-1.3846153846153846,125.0,"[(DL,14730,125.00)]"
"2025-01-14 22:00:00",2,11057,37,0,-6.972972972972973,12.0,[]
"2025-01-14 22:00:00",3,11057,37,0,-6.972972972972973,12.0,[]
"2025-01-15 06:00:00",1,12953,34,0,-3.7058823529411766,28.0,[]
"2025-01-15 06:00:00",2,11278,31,0,-5.419354838709677,29.0,[]
"2025-01-15 07:00:00",1,13930,41,2,4.487804878048781,174.0,"[(AA,14107,174.00),(OO,10693,32.00)]"
"2025-01-15 07:00:00",2,13204,33,2,1.0909090909090908,188.0,"[(B6,12391,188.00),(WN,11292,35.00)]"
"2025-01-15 07:00:00",3,11057,30,2,-1.9666666666666666,45.0,"[(AA,14524,45.00),(AA,13303,41.00)]"
"2025-01-15 07:00:00",4,13930,32,1,4.78125,174.0,"[(AA,14107,174.00)]"
"2025-01-15 07:00:00",4,10721,34,0,-1.1176470588235294,23.0,[]
"2025-01-15 07:00:00",5,13204,31,1,0.41935483870967744,188.0,"[(B6,12391,188.00)]"
"2025-01-15 07:00:00",5,10397,32,0,-3.21875,22.0,[]
"2025-01-15 07:00:00",6,10721,31,0,-0.3870967741935484,23.0,[]
"2025-01-15 07:00:00",6,12953,31,0,-4.838709677419355,15.0,[]
"2025-01-15 07:00:00",7,10721,34,0,-1.1176470588235294,23.0,[]
"2025-01-15 07:00:00",8,10397,32,0,-3.21875,22.0,[]
"2025-01-15 07:00:00",9,12953,31,0,-4.838709677419355,15.0,[]
"2025-01-15 08:00:00",1,13930,59,3,1.2542372881355932,127.0,"[(UA,14679,127.00),(OO,11637,82.00),(AA,14843,32.00)]"
"2025-01-15 08:00:00",2,13930,40,2,2.425,127.0,"[(UA,14679,127.00),(OO,11637,82.00)]"
"2025-01-15 08:00:00",2,13303,31,2,-1.0,47.0,"[(AA,12889,47.00),(UA,11618,33.00)]"
"2025-01-15 08:00:00",3,13303,31,2,-1.0,47.0,"[(AA,12889,47.00),(UA,11618,33.00)]"
"2025-01-15 08:00:00",3,11298,83,2,-1.783132530120482,47.0,"[(OO,10155,47.00),(AA,13198,37.00)]"
"2025-01-15 08:00:00",4,11298,83,2,-1.783132530120482,47.0,"[(OO,10155,47.00),(AA,13198,37.00)]"
"2025-01-15 08:00:00",4,11433,35,1,-1.0285714285714285,72.0,"[(DL,14679,72.00)]"
"2025-01-15 08:00:00",5,11433,35,1,-1.0285714285714285,72.0,"[(DL,14679,72.00)]"
"2025-01-15 08:00:00",5,11292,34,1,-4.411764705882353,42.0,"[(OO,11447,42.00)]"
"2025-01-15 08:00:00",6,11298,46,1,-1.1521739130434783,37.0,"[(AA,13198,37.00)]"
"2025-01-15 08:00:00",6,10397,57,0,-2.0,24.0,[]
"2025-01-15 08:00:00",7,11298,56,1,-1.3571428571428572,37.0,"[(AA,13198,37.00)]"
"2025-01-15 08:00:00",7,12889,31,0,-3.161290322580645,16.0,[]
"2025-01-15 08:00:00",8,11298,58,1,-1.5344827586206897,37.0,"[(AA,13198,37.00)]"
"2025-01-15 08:00:00",8,14107,32,0,-6.65625,-2.0,[]
"2025-01-15 08:00:00",9,11292,34,1,-4.411764705882353,42.0,"[(OO,11447,42.00)]"
"2025-01-15 08:00:00",10,10397,57,0,-2.0,24.0,[]
"2025-01-15 09:00:00",1,11292,62,5,5.838709677419355,118.0,"[(UA,14771,118.00),(OO,14783,69.00),(UA,10693,37.00),(WN,14893,36.00),(WN,13342,31.00)]"
"2025-01-15 09:00:00",2,11292,51,4,4.862745098039215,69.0,"[(OO,14783,69.00),(UA,10693,37.00),(WN,14893,36.00),(WN,13342,31.00)]"
"2025-01-15 09:00:00",2,14747,37,2,6.243243243243243,201.0,"[(OO,13264,201.00),(AS,12892,34.00)]"
"2025-01-15 09:00:00",3,11292,40,3,4.025,69.0,"[(OO,14783,69.00),(UA,10693,37.00),(WN,13342,31.00)]"
"2025-01-15 09:00:00",3,14107,51,2,-0.11764705882352941,75.0,"[(UA,12266,75.00),(WN,12889,41.00)]"
"2025-01-15 09:00:00",4,11292,38,3,3.1842105263157894,69.0,"[(OO,14783,69.00),(UA,10693,37.00),(WN,13342,31.00)]"
"2025-01-15 09:00:00",4,13930,55,2,-0.38181818181818183,76.0,"[(MQ,14683,76.00),(OO,14108,65.00)]"
"2025-01-15 09:00:00",5,14747,37,2,6.243243243243243,201.0,"[(OO,13264,201.00),(AS,12892,34.00)]"
"2025-01-15 09:00:00",5,10397,53,2,-1.0188679245283019,61.0,"[(WN,12191,61.00),(DL,15304,32.00)]"
"2025-01-15 09:00:00",6,14107,41,2,1.1951219512195121,75.0,"[(UA,12266,75.00),(WN,12889,41.00)]"
"2025-01-15 09:00:00",6,12889,30,1,1.6666666666666667,174.0,"[(HA,12173,174.00)]"
"2025-01-15 09:00:00",7,10397,35,2,-0.02857142857142857,61.0,"[(WN,12191,61.00),(DL,15304,32.00)]"
"2025-01-15 09:00:00",7,11057,45,1,-2.1555555555555554,43.0,"[(OH,10980,43.00)]"
"2025-01-15 09:00:00",8,14107,51,2,-0.11764705882352941,75.0,"[(UA,12266,75.00),(WN,12889,41.00)]"
"2025-01-15 09:00:00",9,10397,39,2,-0.3333333333333333,61.0,"[(WN,12191,61.00),(DL,15304,32.00)]"
"2025-01-15 09:00:00",10,13930,55,2,-0.38181818181818183,76.0,"[(MQ,14683,76.00),(OO,14108,65.00)]"
"2025-01-15 10:00:00",1,13930,54,5,4.444444444444445,127.0,"[(MQ,11423,127.00),(AA,14869,94.00),(OO,12217,91.00),(YX,15412,85.00),(OO,13342,67.00)]"
"2025-01-15 10:00:00",2,13930,40,4,5.925,127.0,"[(MQ,11423,127.00),(AA,14869,94.00),(OO,12217,91.00),(OO,13342,67.00)]"
"2025-01-15 10:00:00",2,11278,32,3,0.46875,61.0,"[(OH,10257,61.00),(YX,11066,57.00),(YX,12339,35.00)]"
"2025-01-15 10:00:00",3,13930,37,3,2.7567567567567566,94.0,"[(AA,14869,94.00),(OO,12217,91.00),(OO,13342,67.00)]"
"2025-01-15 10:00:00",3,11298,68,2,-0.6617647058823529,46.0,"[(AA,14869,46.00),(OO,10372,38.00)]"
"2025-01-15 10:00:00",4,11278,32,3,0.46875,61.0,"[(OH,10257,61.00),(YX,11066,57.00),(YX,12339,35.00)]"
"2025-01-15 10:00:00",4,12889,36,0,-4.361111111111111,13.0,[]
"2025-01-15 10:00:00",5,11298,51,2,0.1568627450980392,46.0,"[(AA,14869,46.00),(OO,10372,38.00)]"
"2025-01-15 10:00:00",6,11298,68,2,-0.6617647058823529,46.0,"[(AA,14869,46.00),(OO,10372,38.00)]"
"2025-01-15 10:00:00",7,11298,36,1,-1.0,46.0,"[(AA,14869,46.00)]"
"2025-01-15 10:00:00",8,13930,30,1,-1.3666666666666667,91.0,"[(OO,12217,91.00)]"
"2025-01-15 10:00:00",9,12889,36,0,-4.361111111111111,13.0,[]
"2025-01-15 11:00:00",1,11298,33,4,7.757575757575758,121.0,"[(AA,12889,121.00),(AA,10849,108.00),(OO,12951,52.00),(AA,13871,35.00)]"
"2025-01-15 11:00:00",1,11298,36,4,7.694444444444445,121.0,"[(AA,12889,121.00),(AA,10849,108.00),(OO,12951,52.00),(AA,13871,35.00)]"
"2025-01-15 11:00:00",2,11298,36,4,7.694444444444445,121.0,"[(AA,12889,121.00),(AA,10849,108.00),(OO,12951,52.00),(AA,13871,35.00)]"
"2025-01-15 11:00:00",2,14107,49,3,4.142857142857143,153.0,"[(OO,13264,153.00),(AA,11603,103.00),(AS,14004,67.00)]"
"2025-01-15 11:00:00",3,14107,35,3,8.028571428571428,153.0,"[(OO,13264,153.00),(AA,11603,103.00),(AS,14004,67.00)]"
"2025-01-15 11:00:00",3,11057,54,2,1.5185185185185186,166.0,"[(OH,14814,166.00),(WN,10693,85.00)]"
"2025-01-15 11:00:00",4,14107,49,3,4.142857142857143,153.0,"[(OO,13264,153.00),(AA,11603,103.00),(AS,14004,67.00)]"
"2025-01-15 11:00:00",4,14747,32,1,1.8125,46.0,"[(UA,13930,46.00)]"
"2025-01-15 11:00:00",5,11057,54,2,1.5185185185185186,166.0,"[(OH,14814,166.00),(WN,10693,85.00)]"
"2025-01-15 11:00:00",5,11292,43,1,-0.32558139534883723,39.0,"[(UA,14771,39.00)]"
"2025-01-15 11:00:00",6,14747,32,1,1.8125,46.0,"[(UA,13930,46.00)]"
"2025-01-15 11:00:00",6,12889,32,0,-3.125,17.0,[]
"2025-01-15 11:00:00",7,11057,44,1,0.9545454545454546,166.0,"[(OH,14814,166.00)]"
"2025-01-15 11:00:00",8,11292,43,1,-0.32558139534883723,39.0,"[(UA,14771,39.00)]"
"2025-01-15 11:00:00",9,12889,32,0,-3.125,17.0,[]
"2025-01-15 12:00:00",1,11298,69,4,1.6666666666666667,76.0,"[(OO,10728,76.00),(MQ,13061,54.00),(AA,11278,48.00),(AA,11433,45.00)]"
"2025-01-15 12:00:00",2,12266,34,3,3.676470588235294,63.0,"[(OO,13244,63.00),(OO,14814,35.00),(AA,11298,34.00)]"
"2025-01-15 12:00:00",3,11298,55,3,1.7818181818181817,76.0,"[(OO,10728,76.00),(MQ,13061,54.00),(AA,11278,48.00)]"
"2025-01-15 12:00:00",3,13930,38,2,3.1052631578947367,74.0,"[(UA,13198,74.00),(OO,11725,66.00)]"
"2025-01-15 12:00:00",4,13930,38,2,3.1052631578947367,74.0,"[(UA,13198,74.00),(OO,11725,66.00)]"
"2025-01-15 12:00:00",4,12889,31,1,-0.967741935483871,105.0,"[(AA,11298,105.00)]"
"2025-01-15 12:00:00",5,11298,49,2,0.7346938775510204,76.0,"[(OO,10728,76.00),(MQ,13061,54.00)]"
"2025-01-15 12:00:00",5,10397,37,1,-3.4324324324324325,35.0,"[(DL,13244,35.00)]"
"2025-01-15 12:00:00",6,12889,31,1,-0.967741935483871,105.0,"[(AA,11298,105.00)]"
"2025-01-15 12:00:00",7,10397,37,1,-3.4324324324324325,35.0,"[(DL,13244,35.00)]"
"2025-01-15 12:00:00",8,11298,33,0,-2.393939393939394,18.0,[]
"2025-01-15 13:00:00",1,11292,60,4,2.2,101.0,"[(WN,13342,101.00),(OO,16869,99.00),(OO,14783,52.00),(OO,12896,31.00)]"
"2025-01-15 13:00:00",1,11292,72,4,1.2083333333333333,101.0,"[(WN,13342,101.00),(OO,16869,99.00),(OO,14783,52.00),(OO,12896,31.00)]"
"2025-01-15 13:00:00",2,11292,72,4,1.2083333333333333,101.0,"[(WN,13342,101.00),(OO,16869,99.00),(OO,14783,52.00),(OO,12896,31.00)]"
"2025-01-15 13:00:00",2,13930,37,1,-1.0,39.0,"[(MQ,15919,39.00)]"
"2025-01-15 13:00:00",3,13930,37,1,-1.0,39.0,"[(MQ,15919,39.00)]"
"2025-01-15 13:00:00",3,11057,37,1,-2.6216216216216215,63.0,"[(OH,10599,63.00)]"
"2025-01-15 13:00:00",4,11292,50,1,-1.58,52.0,"[(OO,14783,52.00)]"
"2025-01-15 13:00:00",5,11057,37,1,-2.6216216216216215,63.0,"[(OH,10599,63.00)]"
"2025-01-15 13:00:00",6,13930,32,0,-2.46875,20.0,[]
"2025-01-15 13:00:00",7,11292,35,0,-2.6857142857142855,29.0,[]
"2025-01-15 14:00:00",1,13930,42,3,3.8095238095238093,112.0,"[(UA,14100,112.00),(NK,13303,34.00),(AA,14100,33.00)]"
"2025-01-15 14:00:00",1,13930,54,3,1.962962962962963,112.0,"[(UA,14100,112.00),(NK,13303,34.00),(AA,14100,33.00)]"
"2025-01-15 14:00:00",2,13930,44,3,3.522727272727273,112.0,"[(UA,14100,112.00),(NK,13303,34.00),(AA,14100,33.00)]"
"2025-01-15 14:00:00",2,14107,33,1,1.3333333333333333,189.0,"[(OO,12266,189.00)]"
"2025-01-15 14:00:00",3,13930,54,3,1.962962962962963,112.0,"[(UA,14100,112.00),(NK,13303,34.00),(AA,14100,33.00)]"
"2025-01-15 14:00:00",3,10397,37,1,1.2432432432432432,150.0,"[(UA,12264,150.00)]"
"2025-01-15 14:00:00",4,10397,32,1,2.15625,150.0,"[(UA,12264,150.00)]"
"2025-01-15 14:00:00",4,11292,31,1,1.2258064516129032,31.0,"[(WN,10693,31.00)]"
"2025-01-15 14:00:00",5,11292,30,1,1.4666666666666666,31.0,"[(WN,10693,31.00)]"
"2025-01-15 14:00:00",5,11057,38,1,-0.5526315789473685,145.0,"[(AA,14027,145.00)]"
"2025-01-15 14:00:00",6,14107,33,1,1.3333333333333333,189.0,"[(OO,12266,189.00)]"
"2025-01-15 14:00:00",7,10397,37,1,1.2432432432432432,150.0,"[(UA,12264,150.00)]"
"2025-01-15 14:00:00",8,11292,31,1,1.2258064516129032,31.0,"[(WN,10693,31.00)]"
"2025-01-15 14:00:00",9,11057,38,1,-0.5526315789473685,145.0,"[(AA,14027,145.00)]"
"2025-01-15 15:00:00",1,11298,36,5,8.833333333333334,136.0,"[(AA,15304,136.00),(OH,13277,66.00),(AA,11540,52.00),(AA,14100,51.00),(OO,10747,45.00)]"
"2025-01-15 15:00:00",1,11298,33,5,10.030303030303031,136.0,"[(AA,15304,136.00),(OH,13277,66.00),(AA,11540,52.00),(AA,14100,51.00),(OO,10747,45.00)]"
"2025-01-15 15:00:00",2,10397,30,2,0.4666666666666667,51.0,"[(OO,11823,51.00),(DL,14100,46.00)]"
"2025-01-15 15:00:00",2,10397,51,2,-0.3137254901960784,51.0,"[(OO,11823,51.00),(DL,14100,46.00)]"
"2025-01-15 15:00:00",3,10397,55,2,-0.4909090909090909,51.0,"[(OO,11823,51.00),(DL,14100,46.00)]"
"2025-01-15 15:00:00",4,10397,40,2,-0.825,51.0,"[(OO,11823,51.00),(DL,14100,46.00)]"
"2025-01-15 15:00:00",5,13930,32,1,2.125,154.0,"[(AA,14492,154.00)]"
"2025-01-15 16:00:00",1,10397,39,0,-3.230769230769231,13.0,[]
"2025-01-15 16:00:00",1,10397,32,0,-3.9375,12.0,[]
"2025-01-15 16:00:00",2,10397,32,0,-3.9375,12.0,[]
"2025-01-15 17:00:00",1,14747,30,3,22.533333333333335,744.0,"[(DL,12173,744.00),(AS,14831,33.00),(AS,10299,33.00)]"
"2025-01-15 17:00:00",1,13930,33,2,4.454545454545454,191.0,"[(OO,11977,191.00),(AA,14679,33.00)]"
"2025-01-15 17:00:00",2,14107,35,3,0.3142857142857143,75.0,"[(AA,10693,75.00),(AA,14893,58.00),(WN,13198,31.00)]"
"2025-01-15 17:00:00",2,11292,45,1,-1.4444444444444444,83.0,"[(OO,11109,83.00)]"
"2025-01-15 17:00:00",3,13930,33,2,4.454545454545454,191.0,"[(OO,11977,191.00),(AA,14679,33.00)]"
"2025-01-15 17:00:00",4,13930,34,2,4.176470588235294,191.0,"[(OO,11977,191.00),(AA,14679,33.00)]"
"2025-01-15 17:00:00",5,13930,46,2,2.891304347826087,191.0,"[(OO,11977,191.00),(AA,14679,33.00)]"
"2025-01-15 17:00:00",6,11278,36,2,2.638888888888889,93.0,"[(OH,12323,93.00),(OH,10868,68.00)]"
"2025-01-15 17:00:00",7,13204,30,2,1.8333333333333333,36.0,"[(NK,11697,36.00),(B6,12953,34.00)]"
"2025-01-15 17:00:00",8,11278,31,1,1.5483870967741935,93.0,"[(OH,12323,93.00)]"
"2025-01-15 17:00:00",9,11292,31,1,0.06451612903225806,83.0,"[(OO,11109,83.00)]"
"2025-01-15 17:00:00",10,11292,45,1,-1.4444444444444444,83.0,"[(OO,11109,83.00)]"
"2025-01-15 18:00:00",1,12266,41,3,7.975609756097561,338.0,"[(UA,14771,338.00),(UA,10721,82.00),(UA,10423,40.00)]"
"2025-01-15 18:00:00",1,13930,44,2,2.4318181818181817,80.0,"[(AA,11618,80.00),(UA,11042,38.00)]"
"2025-01-15 18:00:00",2,13930,57,3,3.087719298245614,80.0,"[(AA,11618,80.00),(UA,11042,38.00),(UA,12264,32.00)]"
"2025-01-15 18:00:00",2,12266,31,2,1.4838709677419355,82.0,"[(UA,10721,82.00),(UA,10423,40.00)]"
"2025-01-15 18:00:00",3,13930,41,2,2.658536585365854,80.0,"[(AA,11618,80.00),(UA,11042,38.00)]"
"2025-01-15 18:00:00",4,13930,44,2,2.4318181818181817,80.0,"[(AA,11618,80.00),(UA,11042,38.00)]"
"2025-01-15 18:00:00",5,12266,31,2,1.4838709677419355,82.0,"[(UA,10721,82.00),(UA,10423,40.00)]"
"2025-01-15 18:00:00",6,14107,31,2,-0.22580645161290322,50.0,"[(WN,15016,50.00),(WN,12889,38.00)]"
"2025-01-15 18:00:00",7,13930,30,1,-0.4666666666666667,38.0,"[(UA,11042,38.00)]"
"2025-01-15 19:00:00",1,11298,66,6,3.712121212121212,120.0,"[(AA,11996,120.00),(OO,14960,69.00),(NK,11697,56.00),(AA,10693,48.00),(AA,10713,41.00),(DL,12953,40.00)]"
"2025-01-15 19:00:00",1,11298,47,4,3.3404255319148937,120.0,"[(AA,11996,120.00),(NK,11697,56.00),(AA,10693,48.00),(AA,10713,41.00)]"
"2025-01-15 19:00:00",2,11298,47,4,3.3404255319148937,120.0,"[(AA,11996,120.00),(NK,11697,56.00),(AA,10693,48.00),(AA,10713,41.00)]"
"2025-01-15 19:00:00",2,13930,30,2,3.433333333333333,80.0,"[(OO,10713,80.00),(OO,10980,47.00)]"
"2025-01-15 19:00:00",3,13303,31,3,5.419354838709677,110.0,"[(AA,15304,110.00),(MQ,13342,49.00),(MQ,12451,47.00)]"
"2025-01-15 19:00:00",3,11292,36,1,2.0,150.0,"[(OO,14747,150.00)]"
"2025-01-15 19:00:00",4,11298,33,3,3.909090909090909,120.0,"[(AA,11996,120.00),(NK,11697,56.00),(AA,10713,41.00)]"
"2025-01-15 19:00:00",5,13930,30,2,3.433333333333333,80.0,"[(OO,10713,80.00),(OO,10980,47.00)]"
"2025-01-15 19:00:00",6,13930,35,2,2.6,80.0,"[(OO,10713,80.00),(OO,10980,47.00)]"
"2025-01-15 19:00:00",7,11292,36,1,2.0,150.0,"[(OO,14747,150.00)]"
"2025-01-15 19:00:00",8,11292,58,1,-0.3103448275862069,150.0,"[(OO,14747,150.00)]"
"2025-01-15 19:00:00",9,12892,31,0,-4.161290322580645,22.0,[]
"2025-01-15 20:00:00",1,13930,59,3,5.4576271186440675,145.0,"[(UA,11003,145.00),(OO,14783,136.00),(AA,11278,100.00)]"
"2025-01-15 20:00:00",1,13930,37,2,4.702702702702703,136.0,"[(OO,14783,136.00),(AA,11278,100.00)]"
"2025-01-15 20:00:00",2,13930,37,2,4.702702702702703,136.0,"[(OO,14783,136.00),(AA,11278,100.00)]"
"2025-01-15 20:00:00",2,11057,42,1,-1.7857142857142858,65.0,"[(OH,11193,65.00)]"
"2025-01-15 20:00:00",3,13930,42,2,4.357142857142857,136.0,"[(OO,14783,136.00),(AA,11278,100.00)]"
"2025-01-15 20:00:00",4,11057,42,1,-1.7857142857142858,65.0,"[(OH,11193,65.00)]"
"2025-01-15 20:00:00",5,11057,57,1,-2.3508771929824563,65.0,"[(OH,11193,65.00)]"
"2025-01-15 20:00:00",6,12266,32,0,0.65625,25.0,[]
"2025-01-15 20:00:00",7,10397,40,0,-3.1,22.0,[]
"2025-01-15 20:00:00",8,10397,30,0,-3.1666666666666665,22.0,[]
"2025-01-15 21:00:00",1,11298,63,3,0.746031746031746,57.0,"[(AA,13891,57.00),(OO,10155,51.00),(OO,15074,38.00)]"
"2025-01-15 21:00:00",1,11298,76,3,0.27631578947368424,57.0,"[(AA,13891,57.00),(OO,10155,51.00),(OO,15074,38.00)]"
"2025-01-15 21:00:00",2,11298,76,3,0.27631578947368424,57.0,"[(AA,13891,57.00),(OO,10155,51.00),(OO,15074,38.00)]"
"2025-01-15 21:00:00",2,10397,31,0,-3.225806451612903,20.0,[]
"2025-01-15 21:00:00",3,11298,43,2,0.0,57.0,"[(AA,13891,57.00),(OO,10155,51.00)]"
"2025-01-15 21:00:00",4,10397,31,0,-3.225806451612903,20.0,[]
"2025-01-15 22:00:00",1,11057,31,0,-5.32258064516129,29.0,[]
"2025-01-15 22:00:00",1,10397,43,0,-1.8837209302325582,29.0,[]
"2025-01-15 22:00:00",2,11057,38,0,-5.684210526315789,29.0,[]
"2025-01-16 06:00:00",1,12953,33,2,-1.696969696969697,66.0,"[(UA,12266,66.00),(WN,10397,38.00)]"
"2025-01-16 06:00:00",1,12889,33,2,1.6666666666666667,192.0,"[(G4,10627,192.00),(AS,14057,40.00)]"
"2025-01-16 06:00:00",2,11292,35,2,-3.1142857142857143,46.0,"[(UA,14771,46.00),(F9,11042,39.00)]"
"2025-01-16 06:00:00",2,12953,33,2,-1.696969696969697,66.0,"[(UA,12266,66.00),(WN,10397,38.00)]"
"2025-01-16 06:00:00",3,11292,35,2,-3.1142857142857143,46.0,"[(UA,14771,46.00),(F9,11042,39.00)]"
"2025-01-16 07:00:00",1,11057,32,2,1.59375,90.0,"[(AA,14122,90.00),(AA,15016,35.00)]"
"2025-01-16 07:00:00",1,10397,37,2,0.05405405405405406,40.0,"[(DL,11433,40.00),(DL,12478,37.00)]"
"2025-01-16 07:00:00",2,10397,32,2,0.78125,40.0,"[(DL,11433,40.00),(DL,12478,37.00)]"
"2025-01-16 07:00:00",2,11057,43,2,-0.5813953488372093,90.0,"[(AA,14122,90.00),(AA,15016,35.00)]"
"2025-01-16 07:00:00",3,10397,37,2,0.05405405405405406,40.0,"[(DL,11433,40.00),(DL,12478,37.00)]"
"2025-01-16 07:00:00",3,13930,49,2,-2.4285714285714284,50.0,"[(OO,11433,50.00),(DL,14747,36.00)]"
"2025-01-16 07:00:00",4,11057,43,2,-0.5813953488372093,90.0,"[(AA,14122,90.00),(AA,15016,35.00)]"
"2025-01-16 07:00:00",4,11298,62,1,1.5,281.0,"[(AA,11057,281.00)]"
"2025-01-16 07:00:00",5,13930,34,2,-1.2941176470588236,50.0,"[(OO,11433,50.00),(DL,14747,36.00)]"
"2025-01-16 07:00:00",5,14747,35,1,-1.5714285714285714,33.0,"[(HA,12173,33.00)]"
"2025-01-16 07:00:00",6,13930,49,2,-2.4285714285714284,50.0,"[(OO,11433,50.00),(DL,14747,36.00)]"
"2025-01-16 07:00:00",6,12953,31,0,-3.903225806451613,5.0,[]
"2025-01-16 07:00:00",7,11298,62,1,1.5,281.0,"[(AA,11057,281.00)]"
"2025-01-16 07:00:00",7,11292,34,0,-3.9411764705882355,10.0,[]
"2025-01-16 07:00:00",8,14747,35,1,-1.5714285714285714,33.0,"[(HA,12173,33.00)]"
"2025-01-16 07:00:00",8,12892,31,0,-4.258064516129032,24.0,[]
"2025-01-16 07:00:00",9,11298,46,0,-3.5217391304347827,28.0,[]
"2025-01-16 07:00:00",9,13204,38,0,-5.315789473684211,19.0,[]
"2025-01-16 07:00:00",10,11298,31,0,-3.5806451612903225,28.0,[]
"2025-01-16 08:00:00",1,13930,59,6,4.830508474576271,95.0,"[(MQ,12197,95.00),(UA,14771,67.00),(AA,12953,66.00),(UA,13871,48.00),(OO,13367,47.00),(OO,12278,33.00)]"
"2025-01-16 08:00:00",2,13930,51,5,4.7254901960784315,95.0,"[(MQ,12197,95.00),(UA,14771,67.00),(AA,12953,66.00),(OO,13367,47.00),(OO,12278,33.00)]"
"2025-01-16 08:00:00",2,11298,81,5,4.604938271604938,290.0,"[(AA,13256,290.00),(UA,11618,152.00),(AA,14570,50.00),(AA,12266,39.00),(AA,14683,33.00)]"
"2025-01-16 08:00:00",3,11298,81,5,4.604938271604938,290.0,"[(AA,13256,290.00),(UA,11618,152.00),(AA,14570,50.00),(AA,12266,39.00),(AA,14683,33.00)]"
"2025-01-16 08:00:00",3,10397,39,3,2.0256410256410255,101.0,"[(OO,10208,101.00),(DL,14869,39.00),(DL,12945,38.00)]"
"2025-01-16 08:00:00",4,13930,32,3,3.09375,67.0,"[(UA,14771,67.00),(AA,12953,66.00),(OO,12278,33.00)]"
"2025-01-16 08:00:00",4,14747,32,2,2.84375,66.0,"[(AS,12758,66.00),(AS,10397,36.00)]"
"2025-01-16 08:00:00",5,11298,37,2,6.027027027027027,290.0,"[(AA,13256,290.00),(AA,12266,39.00)]"
"2025-01-16 08:00:00",5,11278,36,2,-0.2222222222222222,86.0,"[(OH,11066,86.00),(OH,11996,68.00)]"
"2025-01-16 08:00:00",6,14747,30,2,3.4,66.0,"[(AS,12758,66.00),(AS,10397,36.00)]"
"2025-01-16 08:00:00",6,11292,46,2,-1.1521739130434783,67.0,"[(WN,13198,67.00),(OO,10372,35.00)]"
"2025-01-16 08:00:00",7,14747,32,2,2.84375,66.0,"[(AS,12758,66.00),(AS,10397,36.00)]"
"2025-01-16 08:00:00",7,12889,34,1,3.411764705882353,215.0,"[(G4,13264,215.00)]"
"2025-01-16 08:00:00",8,11298,54,2,2.7777777777777777,290.0,"[(AA,13256,290.00),(AA,12266,39.00)]"
"2025-01-16 08:00:00",8,11433,38,0,0.4473684210526316,25.0,[]
"2025-01-16 08:00:00",9,11278,36,2,-0.2222222222222222,86.0,"[(OH,11066,86.00),(OH,11996,68.00)]"
"2025-01-16 08:00:00",9,14771,33,0,-4.7272727272727275,2.0,[]
"2025-01-16 08:00:00",10,12889,32,1,3.71875,215.0,"[(G4,13264,215.00)]"
"2025-01-16 08:00:00",10,14107,36,0,-4.972222222222222,15.0,[]
"2025-01-16 09:00:00",1,13930,57,8,9.947368421052632,153.0,"[(OO,15376,153.00),(AA,12441,132.00),(UA,11423,114.00),(OO,15041,87.00),(AA,14100,73.00),(UA,12173,50.00),(OO,15016,37.00),(MQ,13487,32.00)]"
"2025-01-16 09:00:00",2,13930,40,6,10.2,132.0,"[(AA,12441,132.00),(UA,11423,114.00),(OO,15041,87.00),(AA,14100,73.00),(OO,15016,37.00),(MQ,13487,32.00)]"
"2025-01-16 09:00:00",2,11298,30,3,15.1,392.0,"[(NK,12892,392.00),(AA,14908,74.00),(AA,14831,33.00)]"
"2025-01-16 09:00:00",3,11298,30,3,15.1,392.0,"[(NK,12892,392.00),(AA,14908,74.00),(AA,14831,33.00)]"
"2025-01-16 09:00:00",3,12892,51,3,4.372549019607843,274.0,"[(OO,10372,274.00),(OO,11503,47.00),(AA,14107,44.00)]"
"2025-01-16 09:00:00",4,12892,51,3,4.372549019607843,274.0,"[(OO,10372,274.00),(OO,11503,47.00),(AA,14107,44.00)]"
"2025-01-16 09:00:00",4,11292,73,3,1.0,89.0,"[(OO,13158,89.00),(UA,12889,50.00),(OO,11109,47.00)]"
"2025-01-16 09:00:00",5,11292,61,3,1.2950819672131149,89.0,"[(OO,13158,89.00),(UA,12889,50.00),(OO,11109,47.00)]"
"2025-01-16 09:00:00",5,10397,47,2,1.127659574468085,41.0,"[(DL,12451,41.00),(DL,14747,39.00)]"
"2025-01-16 09:00:00",6,11292,73,3,1.0,89.0,"[(OO,13158,89.00),(UA,12889,50.00),(OO,11109,47.00)]"
"2025-01-16 09:00:00",6,14747,31,1,4.903225806451613,154.0,"[(OO,13264,154.00)]"
"2025-01-16 09:00:00",7,12892,34,2,6.411764705882353,274.0,"[(OO,10372,274.00),(OO,11503,47.00)]"
"2025-01-16 09:00:00",7,12889,33,0,-2.909090909090909,15.0,[]
"2025-01-16 09:00:00",8,12892,42,2,4.9523809523809526,274.0,"[(OO,10372,274.00),(OO,11503,47.00)]"
"2025-01-16 09:00:00",8,14107,52,0,-3.1538461538461537,11.0,[]
"2025-01-16 09:00:00",9,10397,40,2,2.275,41.0,"[(DL,12451,41.00),(DL,14747,39.00)]"
"2025-01-16 09:00:00",9,11057,48,0,-3.3333333333333335,25.0,[]
"2025-01-16 09:00:00",10,10397,47,2,1.127659574468085,41.0,"[(DL,12451,41.00),(DL,14747,39.00)]"
"2025-01-16 10:00:00",1,13930,38,3,2.4473684210526314,115.0,"[(UA,14193,115.00),(YX,13495,41.00),(MQ,11618,33.00)]"
"2025-01-16 10:00:00",1,13930,50,4,3.2,115.0,"[(UA,14193,115.00),(MQ,11067,103.00),(YX,13495,41.00),(MQ,11618,33.00)]"
"2025-01-16 10:00:00",2,10397,35,2,7.6571428571428575,190.0,"[(OO,10146,190.00),(DL,14307,92.00)]"
"2025-01-16 10:00:00",2,11298,53,3,3.0943396226415096,140.0,"[(AA,12266,140.00),(AA,11638,43.00),(OO,12278,33.00)]"
"2025-01-16 10:00:00",3,10397,37,2,7.216216216216216,190.0,"[(OO,10146,190.00),(DL,14307,92.00)]"
"2025-01-16 10:00:00",3,10397,70,2,2.9,190.0,"[(OO,10146,190.00),(DL,14307,92.00)]"
"2025-01-16 10:00:00",4,10397,51,2,4.8431372549019605,190.0,"[(OO,10146,190.00),(DL,14307,92.00)]"
"2025-01-16 10:00:00",4,11292,43,2,-1.186046511627907,41.0,"[(WN,13930,41.00),(UA,11003,31.00)]"
"2025-01-16 10:00:00",5,11298,32,2,4.25,140.0,"[(AA,12266,140.00),(OO,12278,33.00)]"
"2025-01-16 10:00:00",5,11433,39,1,1.5128205128205128,43.0,"[(DL,14635,43.00)]"
"2025-01-16 10:00:00",6,10397,70,2,2.9,190.0,"[(OO,10146,190.00),(DL,14307,92.00)]"
"2025-01-16 10:00:00",6,12889,40,1,-0.6,55.0,"[(WN,14679,55.00)]"
"2025-01-16 10:00:00",7,11292,33,2,-0.36363636363636365,41.0,"[(WN,13930,41.00),(UA,11003,31.00)]"
"2025-01-16 10:00:00",7,13204,31,1,-1.1612903225806452,36.0,"[(B6,12953,36.00)]"
"2025-01-16 10:00:00",8,11292,43,2,-1.186046511627907,41.0,"[(WN,13930,41.00),(UA,11003,31.00)]"
"2025-01-16 10:00:00",9,11433,39,1,1.5128205128205128,43.0,"[(DL,14635,43.00)]"
"2025-01-16 10:00:00",10,11433,33,1,1.393939393939394,43.0,"[(DL,14635,43.00)]"
"2025-01-16 11:00:00",1,14747,31,5,16.451612903225808,177.0,"[(AS,15376,177.00),(WN,13232,133.00),(DL,11193,61.00),(AS,12173,34.00),(AS,12758,31.00)]"
"2025-01-16 11:00:00",1,11292,67,8,11.940298507462687,277.0,"[(WN,13871,277.00),(UA,11540,206.00),(UA,12441,123.00),(UA,11109,73.00),(DL,11433,67.00),(UA,14869,58.00),(OO,14252,43.00),(DL,13487,35.00)]"
"2025-01-16 11:00:00",2,11292,43,4,8.13953488372093,206.0,"[(UA,11540,206.00),(UA,12441,123.00),(UA,14869,58.00),(DL,13487,35.00)]"
"2025-01-16 11:00:00",2,14747,34,6,16.0,177.0,"[(AS,15376,177.00),(WN,13232,133.00),(DL,11193,61.00),(AS,13486,43.00),(AS,12173,34.00),(AS,12758,31.00)]"
"2025-01-16 11:00:00",3,11057,47,4,4.425531914893617,111.0,"[(OH,11973,111.00),(AA,11042,51.00),(OH,15370,47.00),(AA,14100,35.00)]"
"2025-01-16 11:00:00",3,11057,54,4,3.5555555555555554,111.0,"[(OH,11973,111.00),(AA,11042,51.00),(OH,15370,47.00),(AA,14100,35.00)]"
"2025-01-16 11:00:00",4,11292,39,3,7.769230769230769,206.0,"[(UA,11540,206.00),(UA,12441,123.00),(DL,13487,35.00)]"
"2025-01-16 11:00:00",4,14107,56,2,1.3035714285714286,109.0,"[(WN,14679,109.00),(WN,13232,80.00)]"
"2025-01-16 11:00:00",5,11057,41,3,4.536585365853658,111.0,"[(OH,11973,111.00),(AA,11042,51.00),(OH,15370,47.00)]"
"2025-01-16 11:00:00",5,14869,33,1,3.3333333333333335,167.0,"[(DL,11618,167.00)]"
"2025-01-16 11:00:00",6,14107,30,2,2.7666666666666666,109.0,"[(WN,14679,109.00),(WN,13232,80.00)]"
"2025-01-16 11:00:00",6,10397,48,0,-2.0625,30.0,[]
"2025-01-16 11:00:00",7,14107,46,2,2.217391304347826,109.0,"[(WN,14679,109.00),(WN,13232,80.00)]"
"2025-01-16 11:00:00",8,14107,51,2,1.9803921568627452,109.0,"[(WN,14679,109.00),(WN,13232,80.00)]"
"2025-01-16 11:00:00",9,10397,37,0,-3.135135135135135,28.0,[]
"2025-01-16 11:00:00",10,10397,40,0,-3.325,28.0,[]
"2025-01-16 12:00:00",1,13930,31,3,11.0,259.0,"[(UA,12892,259.00),(AA,14635,74.00),(MQ,12339,36.00)]"
"2025-01-16 12:00:00",1,12266,35,3,9.17142857142857,165.0,"[(AA,11298,165.00),(OO,10781,138.00),(UA,15016,130.00)]"
"2025-01-16 12:00:00",2,11298,35,1,0.4,36.0,"[(AA,12889,36.00)]"
"2025-01-16 12:00:00",2,13930,39,3,7.512820512820513,259.0,"[(UA,12892,259.00),(AA,14635,74.00),(MQ,12339,36.00)]"
"2025-01-16 12:00:00",3,11298,51,2,1.1568627450980393,36.0,"[(AA,12889,36.00),(AA,13303,33.00)]"
"2025-01-16 12:00:00",4,10397,36,1,-1.4722222222222223,32.0,"[(DL,12478,32.00)]"
"2025-01-16 12:00:00",5,12889,30,0,-1.5,13.0,[]
"2025-01-16 13:00:00",1,13930,33,5,10.030303030303031,104.0,"[(WN,11259,104.00),(UA,12953,99.00),(MQ,11433,66.00),(UA,14869,56.00),(OO,11637,54.00)]"
"2025-01-16 13:00:00",1,13930,41,5,8.21951219512195,104.0,"[(WN,11259,104.00),(UA,12953,99.00),(MQ,11433,66.00),(UA,14869,56.00),(OO,11637,54.00)]"
"2025-01-16 13:00:00",2,11057,30,2,-0.9333333333333333,37.0,"[(AA,15304,37.00),(AA,13930,36.00)]"
"2025-01-16 13:00:00",2,11292,89,3,0.9887640449438202,62.0,"[(UA,12441,62.00),(UA,13198,36.00),(OO,14783,32.00)]"
"2025-01-16 13:00:00",3,11292,71,1,0.352112676056338,32.0,"[(OO,14783,32.00)]"
"2025-01-16 13:00:00",3,10397,41,2,12.585365853658537,543.0,"[(F9,13204,543.00),(DL,14524,43.00)]"
"2025-01-16 13:00:00",4,11292,42,0,0.47619047619047616,19.0,[]
"2025-01-16 13:00:00",4,11057,38,2,-1.0789473684210527,37.0,"[(AA,15304,37.00),(AA,13930,36.00)]"
"2025-01-16 14:00:00",1,11298,49,9,13.346938775510203,217.0,"[(AA,14683,217.00),(AA,13198,130.00),(AA,13244,102.00),(AA,15376,65.00),(AA,15370,46.00),(AA,14730,40.00),(AA,13342,37.00),(OH,10599,35.00),(AA,11292,35.00)]"
"2025-01-16 14:00:00",1,11298,64,10,12.84375,217.0,"[(AA,14683,217.00),(AA,15412,197.00),(AA,13198,130.00),(AA,13244,102.00),(AA,15376,65.00),(AA,15370,46.00),(AA,14730,40.00),(AA,13342,37.00),(OH,10599,35.00),(AA,11292,35.00)]"
"2025-01-16 14:00:00",2,11298,38,7,12.81578947368421,217.0,"[(AA,14683,217.00),(AA,13244,102.00),(AA,15376,65.00),(AA,14730,40.00),(AA,13342,37.00),(OH,10599,35.00),(AA,11292,35.00)]"
"2025-01-16 14:00:00",2,11057,41,3,7.878048780487805,166.0,"[(AA,10529,166.00),(AA,15304,161.00),(AA,11697,57.00)]"
"2025-01-16 14:00:00",3,11298,43,7,10.790697674418604,217.0,"[(AA,14683,217.00),(AA,13244,102.00),(AA,15376,65.00),(AA,14730,40.00),(AA,13342,37.00),(OH,10599,35.00),(AA,11292,35.00)]"
"2025-01-16 14:00:00",3,10397,35,2,6.057142857142857,233.0,"[(F9,12264,233.00),(DL,14685,38.00)]"
"2025-01-16 14:00:00",4,11057,32,3,10.75,166.0,"[(AA,10529,166.00),(AA,15304,161.00),(AA,11697,57.00)]"
"2025-01-16 14:00:00",4,14107,34,2,-2.1176470588235294,37.0,"[(AA,14570,37.00),(WN,12339,35.00)]"
"2025-01-16 14:00:00",5,13930,38,0,-0.47368421052631576,29.0,[]
"2025-01-16 14:00:00",5,13930,54,0,0.46296296296296297,29.0,[]
"2025-01-16 14:00:00",6,13930,39,0,-0.5641025641025641,29.0,[]
"2025-01-16 14:00:00",6,12889,35,0,-2.6285714285714286,13.0,[]
"2025-01-16 15:00:00",1,10397,52,5,8.76923076923077,263.0,"[(UA,12266,263.00),(DL,14027,93.00),(DL,11278,71.00),(OO,11146,49.00),(DL,11193,45.00)]"
"2025-01-16 15:00:00",1,10397,64,5,6.671875,263.0,"[(UA,12266,263.00),(DL,14027,93.00),(DL,11278,71.00),(OO,11146,49.00),(DL,11193,45.00)]"
"2025-01-16 15:00:00",2,10397,43,3,8.116279069767442,263.0,"[(UA,12266,263.00),(DL,14027,93.00),(DL,11193,45.00)]"
"2025-01-16 15:00:00",2,14869,31,4,10.709677419354838,147.0,"[(AA,11057,147.00),(OO,14262,132.00),(OO,10800,79.00),(DL,14747,55.00)]"
"2025-01-16 15:00:00",3,11292,33,2,1.878787878787879,42.0,"[(WN,14635,42.00),(WN,13232,34.00)]"
"2025-01-16 15:00:00",3,11298,40,4,4.425,84.0,"[(AA,11540,84.00),(AA,14683,63.00),(AA,14057,50.00),(AA,13930,45.00)]"
"2025-01-16 15:00:00",4,12889,34,3,2.8823529411764706,78.0,"[(UA,11618,78.00),(NK,14570,57.00),(WN,14908,32.00)]"
"2025-01-16 15:00:00",5,11292,43,2,0.9767441860465116,42.0,"[(WN,14635,42.00),(WN,13232,34.00)]"
"2025-01-16 16:00:00",1,11298,39,7,11.205128205128204,106.0,"[(B6,10721,106.00),(OO,10185,75.00),(AA,10397,69.00),(AA,13851,60.00),(AA,13871,56.00),(MQ,13061,54.00),(MQ,12945,32.00)]"
"2025-01-16 16:00:00",1,11298,62,8,7.112903225806452,106.0,"[(B6,10721,106.00),(OO,10185,75.00),(AA,10397,69.00),(AA,13851,60.00),(AA,13871,56.00),(MQ,13061,54.00),(AA,10599,41.00),(MQ,12945,32.00)]"
"2025-01-16 16:00:00",2,10397,35,4,5.142857142857143,71.0,"[(DL,14027,71.00),(DL,12892,71.00),(DL,10994,62.00),(DL,10821,50.00)]"
"2025-01-16 16:00:00",2,10397,48,6,6.958333333333333,130.0,"[(OO,11612,130.00),(DL,14027,71.00),(DL,12892,71.00),(DL,10994,62.00),(DL,10821,50.00),(OH,11278,36.00)]"
"2025-01-16 16:00:00",3,11057,37,2,4.945945945945946,199.0,"[(AA,11278,199.00),(AA,14107,43.00)]"
"2025-01-16 16:00:00",3,11057,53,4,8.962264150943396,203.0,"[(DL,11433,203.00),(AA,11278,199.00),(AA,14771,117.00),(AA,14107,43.00)]"
"2025-01-16 16:00:00",4,11292,35,2,2.257142857142857,64.0,"[(WN,14908,64.00),(OO,12902,53.00)]"
"2025-01-16 16:00:00",5,14107,43,2,2.186046511627907,142.0,"[(F9,12266,142.00),(AA,10397,49.00)]"
"2025-01-16 16:00:00",6,13930,30,2,1.2,84.0,"[(UA,10721,84.00),(DL,11433,39.00)]"
"2025-01-16 17:00:00",1,11298,33,4,6.757575757575758,78.0,"[(OO,12206,78.00),(AA,14869,51.00),(AA,11057,43.00),(DL,12953,34.00)]"
"2025-01-16 17:00:00",1,11298,49,5,5.6938775510204085,78.0,"[(OO,12206,78.00),(AA,14869,51.00),(AA,11057,43.00),(AA,12892,35.00),(DL,12953,34.00)]"
"2025-01-16 17:00:00",2,11298,35,4,6.628571428571429,78.0,"[(OO,12206,78.00),(AA,14869,51.00),(AA,11057,43.00),(DL,12953,34.00)]"
"2025-01-16 17:00:00",2,12264,35,2,10.6,282.0,"[(UA,10693,282.00),(UA,10721,105.00)]"
"2025-01-16 17:00:00",3,14869,31,1,4.451612903225806,188.0,"[(DL,11066,188.00)]"
"2025-01-16 17:00:00",3,13204,31,2,5.0,63.0,"[(WN,13495,63.00),(NK,10821,44.00)]"
"2025-01-16 17:00:00",4,13930,35,1,0.5428571428571428,35.0,"[(OO,14869,35.00)]"
"2025-01-16 17:00:00",4,12889,35,2,1.8285714285714285,60.0,"[(AS,14747,60.00),(WN,10821,46.00)]"
"2025-01-16 17:00:00",5,13930,34,1,0.4117647058823529,35.0,"[(OO,14869,35.00)]"
"2025-01-16 17:00:00",5,13930,46,2,0.6521739130434783,35.0,"[(OO,14869,35.00),(OO,11977,33.00)]"
"2025-01-16 17:00:00",6,11292,35,1,-0.37142857142857144,58.0,"[(UA,14869,58.00)]"
"2025-01-16 17:00:00",6,14869,39,1,2.8974358974358974,188.0,"[(DL,11066,188.00)]"
"2025-01-16 17:00:00",7,11292,35,1,-0.37142857142857144,58.0,"[(UA,14869,58.00)]"
"2025-01-16 17:00:00",8,10397,31,0,1.0,28.0,[]
"2025-01-16 18:00:00",1,11298,45,6,11.155555555555555,130.0,"[(NK,10397,130.00),(AA,14027,120.00),(AA,14100,89.00),(AA,13495,84.00),(AA,10529,81.00),(AA,10721,53.00)]"
"2025-01-16 18:00:00",1,11298,52,6,9.211538461538462,130.0,"[(NK,10397,130.00),(AA,14027,120.00),(AA,14100,89.00),(AA,13495,84.00),(AA,10529,81.00),(AA,10721,53.00)]"
"2025-01-16 18:00:00",2,11298,34,4,10.588235294117647,130.0,"[(NK,10397,130.00),(AA,14027,120.00),(AA,14100,89.00),(AA,10721,53.00)]"
"2025-01-16 18:00:00",2,11057,56,6,8.464285714285714,128.0,"[(AA,11618,128.00),(NK,12953,69.00),(AA,15304,48.00),(AA,13931,48.00),(NK,11697,43.00),(AA,14893,35.00)]"
"2025-01-16 18:00:00",3,11057,43,4,6.674418604651163,69.0,"[(NK,12953,69.00),(AA,15304,48.00),(NK,11697,43.00),(AA,14893,35.00)]"
"2025-01-16 18:00:00",3,13204,33,4,5.7272727272727275,95.0,"[(NK,12889,95.00),(B6,12197,51.00),(UA,14771,46.00),(WN,13232,37.00)]"
"2025-01-16 18:00:00",4,11292,33,3,7.181818181818182,112.0,"[(WN,10599,112.00),(WN,13244,63.00),(UA,13485,38.00)]"
"2025-01-16 18:00:00",4,11618,30,3,16.633333333333333,217.0,"[(UA,11298,217.00),(DL,14869,186.00),(DL,13487,72.00)]"
"2025-01-16 18:00:00",5,11057,31,2,4.354838709677419,48.0,"[(AA,15304,48.00),(NK,11697,43.00)]"
"2025-01-16 18:00:00",5,11292,43,3,6.325581395348837,112.0,"[(WN,10599,112.00),(WN,13244,63.00),(UA,13485,38.00)]"
"2025-01-16 18:00:00",6,13930,35,2,2.8,62.0,"[(OO,11267,62.00),(AA,11298,34.00)]"
"2025-01-16 18:00:00",7,10397,38,1,2.3684210526315788,110.0,"[(UA,14771,110.00)]"
"2025-01-16 19:00:00",1,11292,49,7,9.83673469387755,168.0,"[(WN,13930,168.00),(WN,13495,115.00),(OO,12156,71.00),(OO,13476,54.00),(UA,14570,47.00),(UA,14057,42.00),(UA,12094,33.00)]"
"2025-01-16 19:00:00",1,11292,70,7,6.514285714285714,168.0,"[(WN,13930,168.00),(WN,13495,115.00),(OO,12156,71.00),(OO,13476,54.00),(UA,14570,47.00),(UA,14057,42.00),(UA,12094,33.00)]"
"2025-01-16 19:00:00",2,11298,48,5,11.875,204.0,"[(AA,10821,204.00),(AA,13851,187.00),(AA,10713,64.00),(F9,13930,52.00),(AA,13230,43.00)]"
"2025-01-16 19:00:00",2,11298,66,6,9.015151515151516,204.0,"[(AA,10821,204.00),(AA,13851,187.00),(AA,10713,64.00),(F9,13930,52.00),(AA,13230,43.00),(AA,10561,31.00)]"
"2025-01-16 19:00:00",3,10397,43,4,8.930232558139535,249.0,"[(OO,10146,249.00),(DL,11278,44.00),(WN,15304,38.00),(DL,14843,38.00)]"
"2025-01-16 19:00:00",3,10397,63,5,7.333333333333333,249.0,"[(OO,10146,249.00),(DL,14027,59.00),(DL,11278,44.00),(WN,15304,38.00),(DL,14843,38.00)]"
"2025-01-16 19:00:00",4,10397,30,3,12.9,249.0,"[(OO,10146,249.00),(DL,11278,44.00),(WN,15304,38.00)]"
"2025-01-16 19:00:00",4,14107,30,2,3.7333333333333334,69.0,"[(WN,13495,69.00),(WN,14683,63.00)]"
"2025-01-16 19:00:00",5,11298,33,3,5.696969696969697,64.0,"[(AA,10713,64.00),(F9,13930,52.00),(AA,13230,43.00)]"
"2025-01-16 19:00:00",5,12892,39,1,-0.05128205128205128,209.0,"[(NK,11298,209.00)]"
"2025-01-16 19:00:00",6,11292,33,3,3.6666666666666665,71.0,"[(OO,12156,71.00),(OO,13476,54.00),(UA,14057,42.00)]"
"2025-01-16 19:00:00",6,13204,33,1,-2.0303030303030303,80.0,"[(NK,12953,80.00)]"
"2025-01-16 20:00:00",1,13930,34,4,29.823529411764707,687.0,"[(OO,13871,687.00),(UA,11423,112.00),(OO,15370,110.00),(AA,10423,77.00)]"
"2025-01-16 20:00:00",1,11298,59,7,9.610169491525424,77.0,"[(AA,13204,77.00),(AA,15376,74.00),(OO,11980,72.00),(AA,10140,69.00),(AA,13891,61.00),(AA,10423,50.00),(AA,13485,49.00)]"
"2025-01-16 20:00:00",2,11057,34,2,11.558823529411764,178.0,"[(AA,13930,178.00),(OH,14685,110.00)]"
"2025-01-16 20:00:00",2,11292,48,5,6.25,111.0,"[(UA,11540,111.00),(WN,12889,90.00),(OO,14869,62.00),(WN,10140,62.00),(UA,12889,45.00)]"
"2025-01-16 20:00:00",3,13930,34,4,29.823529411764707,687.0,"[(OO,13871,687.00),(UA,11423,112.00),(OO,15370,110.00),(AA,10423,77.00)]"
"2025-01-16 20:00:00",4,11057,60,2,6.183333333333334,178.0,"[(AA,13930,178.00),(OH,14685,110.00)]"
"2025-01-16 20:00:00",5,14107,34,1,-1.8823529411764706,35.0,"[(DL,14869,35.00)]"
"2025-01-16 21:00:00",1,10397,30,2,1.6,63.0,"[(DL,12451,63.00),(WN,12191,33.00)]"
"2025-01-16 21:00:00",1,10397,59,5,1.4915254237288136,63.0,"[(DL,12451,63.00),(DL,14869,37.00),(WN,12191,33.00),(OO,11641,33.00),(WN,13871,31.00)]"
"2025-01-16 21:00:00",2,11298,41,4,5.048780487804878,128.0,"[(AA,11433,128.00),(AA,10423,68.00),(AA,10423,44.00),(AA,12889,40.00)]"
"2025-01-16 21:00:00",3,11292,37,3,1.135135135135135,71.0,"[(WN,14747,71.00),(WN,11109,39.00),(UA,13871,35.00)]"
"2025-01-16 21:00:00",4,14107,32,2,1.34375,117.0,"[(WN,11292,117.00),(AA,14057,45.00)]"
"2025-01-16 22:00:00",1,10397,55,3,2.4363636363636365,134.0,"[(DL,10868,134.00),(NK,11298,113.00),(F9,13204,48.00)]"
"2025-01-17 06:00:00",1,11292,36,2,3.9166666666666665,162.0,"[(F9,15304,162.00),(F9,12191,43.00)]"
"2025-01-17 06:00:00",2,11278,33,1,1.8484848484848484,98.0,"[(OH,14100,98.00)]"
"2025-01-17 06:00:00",3,12953,33,1,-2.0606060606060606,41.0,"[(DL,10721,41.00)]"
"2025-01-17 06:00:00",4,13204,32,0,-5.8125,26.0,[]
"2025-01-17 07:00:00",1,11298,30,0,-4.133333333333334,12.0,[]
"2025-01-17 07:00:00",1,12889,36,3,17.305555555555557,719.0,"[(AA,13930,719.00),(OO,14679,51.00),(WN,14107,35.00)]"
"2025-01-17 07:00:00",2,12953,31,2,16.0,538.0,"[(AA,13930,538.00),(YX,11066,49.00)]"
"2025-01-17 07:00:00",3,11697,30,2,3.7666666666666666,69.0,"[(AS,14747,69.00),(NK,14492,35.00)]"
"2025-01-17 07:00:00",4,10721,41,2,2.8536585365853657,158.0,"[(DL,13204,158.00),(B6,14027,49.00)]"
"2025-01-17 07:00:00",5,11057,42,2,-1.3571428571428572,42.0,"[(OH,12197,42.00),(AA,14122,31.00)]"
"2025-01-17 07:00:00",6,11298,63,2,-1.7619047619047619,49.0,"[(AA,14122,49.00),(AA,15304,44.00)]"
"2025-01-17 07:00:00",7,13204,42,1,2.5714285714285716,179.0,"[(UA,12892,179.00)]"
"2025-01-17 07:00:00",8,14747,36,0,-0.3611111111111111,21.0,[]
"2025-01-17 07:00:00",9,13930,49,0,-3.5714285714285716,15.0,[]
"2025-01-17 07:00:00",10,11292,34,0,-4.0588235294117645,3.0,[]
"2025-01-17 08:00:00",1,10397,36,3,7.388888888888889,198.0,"[(DL,11193,198.00),(DL,14771,100.00),(DL,14683,32.00)]"
"2025-01-17 08:00:00",1,11298,82,6,2.8658536585365852,159.0,"[(AA,13485,159.00),(MQ,10279,85.00),(AA,14747,62.00),(AA,13851,36.00),(AA,14683,33.00),(OO,10372,32.00)]"
"2025-01-17 08:00:00",2,11298,34,3,3.911764705882353,159.0,"[(AA,13485,159.00),(AA,14683,33.00),(OO,10372,32.00)]"
"2025-01-17 08:00:00",2,14747,32,5,20.84375,211.0,"[(DL,13204,211.00),(AS,15016,205.00),(AS,12892,138.00),(AS,11697,74.00),(OO,12441,31.00)]"
"2025-01-17 08:00:00",3,11298,37,3,3.5135135135135136,159.0,"[(AA,13485,159.00),(AA,14683,33.00),(OO,10372,32.00)]"
"2025-01-17 08:00:00",3,11278,36,5,7.416666666666667,98.0,"[(OH,12217,98.00),(OH,10994,73.00),(OH,14730,70.00),(OH,10868,61.00),(OH,11996,36.00)]"
"2025-01-17 08:00:00",4,13930,30,2,5.0,134.0,"[(OO,11637,134.00),(YX,10994,39.00)]"
"2025-01-17 08:00:00",4,10397,71,4,3.1267605633802815,198.0,"[(DL,11193,198.00),(DL,14771,100.00),(DL,12945,33.00),(DL,14683,32.00)]"
"2025-01-17 08:00:00",5,11433,37,4,2.6216216216216215,81.0,"[(DL,11292,81.00),(DL,13198,58.00),(DL,15016,41.00),(DL,14771,38.00)]"
"2025-01-17 08:00:00",6,14771,34,3,5.764705882352941,163.0,"[(B6,10721,163.00),(OO,10372,76.00),(UA,11618,63.00)]"
"2025-01-17 08:00:00",7,12892,48,3,3.3541666666666665,148.0,"[(AA,10721,148.00),(OO,14689,89.00),(OO,10372,76.00)]"
"2025-01-17 08:00:00",8,13930,60,3,2.85,134.0,"[(OO,11637,134.00),(AA,12953,42.00),(YX,10994,39.00)]"
"2025-01-17 08:00:00",9,13303,31,2,1.2903225806451613,56.0,"[(AA,11618,56.00),(AA,10397,52.00)]"
"2025-01-17 08:00:00",10,11292,56,2,-1.7857142857142858,47.0,"[(WN,10397,47.00),(OO,14812,46.00)]"
"2025-01-17 09:00:00",1,11292,32,1,1.34375,32.0,"[(OO,13158,32.00)]"
"2025-01-17 09:00:00",1,14747,36,5,23.63888888888889,213.0,"[(OO,11884,213.00),(OO,13264,205.00),(OO,14057,187.00),(OO,14489,177.00),(AS,12173,92.00)]"
"2025-01-17 09:00:00",2,14107,53,3,8.528301886792454,361.0,"[(AA,14100,361.00),(OO,15376,72.00),(AA,10721,57.00)]"
"2025-01-17 09:00:00",3,11292,73,3,4.4520547945205475,219.0,"[(UA,11278,219.00),(UA,13204,66.00),(OO,13158,32.00)]"
"2025-01-17 09:00:00",4,13930,59,3,4.0508474576271185,188.0,"[(OO,15016,188.00),(AA,14747,142.00),(MQ,11986,48.00)]"
"2025-01-17 09:00:00",5,12892,50,1,3.48,334.0,"[(OO,12441,334.00)]"
"2025-01-17 09:00:00",6,12266,31,1,1.2580645161290323,89.0,"[(UA,14893,89.00)]"
"2025-01-17 09:00:00",7,10397,48,0,0.375,26.0,[]
"2025-01-17 10:00:00",1,10397,38,2,2.6842105263157894,77.0,"[(DL,14908,77.00),(DL,14262,36.00)]"
"2025-01-17 10:00:00",1,11433,41,7,8.658536585365853,104.0,"[(OO,15096,104.00),(DL,14100,92.00),(OO,12884,80.00),(OO,13931,55.00),(OO,12197,53.00),(OO,12264,41.00),(OO,10408,36.00)]"
"2025-01-17 10:00:00",2,11298,33,1,0.2727272727272727,42.0,"[(AA,14635,42.00)]"
"2025-01-17 10:00:00",2,11278,34,4,20.147058823529413,401.0,"[(B6,10721,401.00),(OH,11423,178.00),(OH,13296,61.00),(OH,11003,46.00)]"
"2025-01-17 10:00:00",3,11292,43,4,3.6744186046511627,80.0,"[(OO,13851,80.00),(OO,10627,55.00),(UA,11433,43.00),(F9,14771,31.00)]"
"2025-01-17 10:00:00",4,10397,73,3,2.26027397260274,77.0,"[(DL,14908,77.00),(DL,11618,46.00),(DL,14262,36.00)]"
"2025-01-17 10:00:00",5,13930,60,3,-0.11666666666666667,48.0,"[(OO,13342,48.00),(UA,14027,47.00),(MQ,10693,43.00)]"
"2025-01-17 10:00:00",6,13204,32,2,1.125,53.0,"[(F9,14843,53.00),(DL,10397,41.00)]"
"2025-01-17 10:00:00",7,11298,33,1,0.2727272727272727,42.0,"[(AA,14635,42.00)]"
"2025-01-17 10:00:00",8,12889,38,0,-2.6842105263157894,25.0,[]
"2025-01-17 11:00:00",1,11292,48,4,2.4375,118.0,"[(F9,11278,118.00),(DL,13487,36.00),(WN,13198,35.00),(UA,13244,33.00)]"
"2025-01-17 11:00:00",1,14747,33,4,11.727272727272727,56.0,"[(OO,11884,56.00),(AA,11298,54.00),(AS,10849,47.00),(WN,13232,38.00)]"
"2025-01-17 11:00:00",2,11292,48,4,2.4375,118.0,"[(F9,11278,118.00),(DL,13487,36.00),(WN,13198,35.00),(UA,13244,33.00)]"
"2025-01-17 11:00:00",3,13204,31,3,6.0,127.0,"[(DL,12478,127.00),(F9,12478,84.00),(NK,11066,46.00)]"
"2025-01-17 11:00:00",4,14869,49,3,3.836734693877551,126.0,"[(DL,14107,126.00),(OO,13264,91.00),(OO,15389,85.00)]"
"2025-01-17 11:00:00",5,14107,55,2,1.1636363636363636,112.0,"[(OO,13264,112.00),(AA,14771,57.00)]"
"2025-01-17 12:00:00",1,11298,33,2,4.242424242424242,45.0,"[(AA,14107,45.00),(AA,11624,44.00)]"
"2025-01-17 12:00:00",1,10397,38,3,2.3421052631578947,50.0,"[(DL,11618,50.00),(DL,14685,41.00),(DL,13830,37.00)]"
"2025-01-17 12:00:00",2,11298,70,2,2.2285714285714286,45.0,"[(AA,14107,45.00),(AA,11624,44.00)]"
"2025-01-17 12:00:00",3,13930,42,1,-1.2857142857142858,36.0,"[(UA,14027,36.00)]"
"2025-01-17 13:00:00",1,11292,45,2,5.4,116.0,"[(OO,10627,116.00),(OO,14783,35.00)]"
"2025-01-17 13:00:00",1,10397,37,3,5.351351351351352,141.0,"[(WN,11292,141.00),(DL,11066,53.00),(DL,14524,49.00)]"
"2025-01-17 13:00:00",2,11057,37,3,2.945945945945946,93.0,"[(AA,12478,93.00),(OH,13577,44.00),(AA,11298,32.00)]"
"2025-01-17 13:00:00",3,11292,45,2,5.4,116.0,"[(OO,10627,116.00),(OO,14783,35.00)]"
"2025-01-17 13:00:00",4,14107,34,2,1.588235294117647,105.0,"[(AA,11292,105.00),(AA,12478,46.00)]"
"2025-01-17 13:00:00",5,13930,41,2,0.8536585365853658,38.0,"[(UA,14747,38.00),(AA,13303,33.00)]"
"2025-01-17 14:00:00",1,11298,61,7,6.934426229508197,125.0,"[(MQ,15624,125.00),(AA,11109,108.00),(AA,13303,60.00),(AA,13204,53.00),(NK,12953,42.00),(OO,11111,40.00),(AA,12889,34.00)]"
"2025-01-17 14:00:00",2,11298,46,5,5.695652173913044,108.0,"[(AA,11109,108.00),(AA,13303,60.00),(NK,12953,42.00),(OO,11111,40.00),(AA,12889,34.00)]"
"2025-01-17 14:00:00",2,13930,31,3,10.451612903225806,168.0,"[(OO,10693,168.00),(AA,12892,105.00),(OO,11823,71.00)]"
"2025-01-17 14:00:00",3,11298,36,4,7.055555555555555,108.0,"[(AA,11109,108.00),(AA,13303,60.00),(NK,12953,42.00),(OO,11111,40.00)]"
"2025-01-17 14:00:00",3,12889,33,2,1.9090909090909092,75.0,"[(AS,14747,75.00),(WN,12191,39.00)]"
"2025-01-17 14:00:00",4,13930,31,3,10.451612903225806,168.0,"[(OO,10693,168.00),(AA,12892,105.00),(OO,11823,71.00)]"
"2025-01-17 14:00:00",4,14107,34,1,1.5,94.0,"[(DL,14869,94.00)]"
"2025-01-17 14:00:00",5,12889,33,2,1.9090909090909092,75.0,"[(AS,14747,75.00),(WN,12191,39.00)]"
"2025-01-17 14:00:00",5,11057,40,0,-3.3,7.0,[]
"2025-01-17 14:00:00",6,14107,34,1,1.5,94.0,"[(DL,14869,94.00)]"
"2025-01-17 14:00:00",7,11057,30,0,-3.1666666666666665,7.0,[]
"2025-01-17 14:00:00",8,11057,40,0,-3.3,7.0,[]
"2025-01-17 15:00:00",1,14747,34,7,12.558823529411764,148.0,"[(DL,13830,148.00),(OO,14252,98.00),(OO,11603,85.00),(OO,14057,69.00),(OO,15023,42.00),(OO,14489,34.00),(AS,11298,33.00)]"
"2025-01-17 15:00:00",2,10397,64,5,3.328125,147.0,"[(DL,13303,147.00),(DL,10257,59.00),(DL,11697,40.00),(DL,11624,39.00),(DL,13495,32.00)]"
"2025-01-17 15:00:00",3,11298,36,3,13.61111111111111,353.0,"[(AA,11278,353.00),(AA,11003,87.00),(AA,13485,65.00)]"
"2025-01-17 15:00:00",4,10397,39,3,4.282051282051282,147.0,"[(DL,13303,147.00),(DL,11697,40.00),(DL,11624,39.00)]"
"2025-01-17 15:00:00",4,13930,40,1,1.35,43.0,"[(AA,11298,43.00)]"
"2025-01-17 15:00:00",5,10397,46,3,3.847826086956522,147.0,"[(DL,13303,147.00),(DL,11697,40.00),(DL,11624,39.00)]"
"2025-01-17 15:00:00",6,10397,33,2,4.03030303030303,147.0,"[(DL,13303,147.00),(DL,11624,39.00)]"
"2025-01-17 15:00:00",7,13930,40,1,1.35,43.0,"[(AA,11298,43.00)]"
"2025-01-17 16:00:00",1,11292,34,6,20.029411764705884,246.0,"[(OO,11283,246.00),(OO,12888,206.00),(OO,12899,112.00),(F9,11540,62.00),(F9,13891,40.00),(WN,12953,33.00)]"
"2025-01-17 16:00:00",1,11292,37,6,18.62162162162162,246.0,"[(OO,11283,246.00),(OO,12888,206.00),(OO,12899,112.00),(F9,11540,62.00),(F9,13891,40.00),(WN,12953,33.00)]"
"2025-01-17 16:00:00",2,11292,37,6,18.62162162162162,246.0,"[(OO,11283,246.00),(OO,12888,206.00),(OO,12899,112.00),(F9,11540,62.00),(F9,13891,40.00),(WN,12953,33.00)]"
"2025-01-17 16:00:00",2,11298,57,4,2.8771929824561404,56.0,"[(NK,12892,56.00),(NK,11433,48.00),(AA,13204,35.00),(AA,14100,31.00)]"
"2025-01-17 16:00:00",3,11298,57,4,2.8771929824561404,56.0,"[(NK,12892,56.00),(NK,11433,48.00),(AA,13204,35.00),(AA,14100,31.00)]"
"2025-01-17 16:00:00",3,10397,47,3,1.553191489361702,48.0,"[(DL,13198,48.00),(DL,11697,46.00),(OH,11278,43.00)]"
"2025-01-17 16:00:00",4,10397,47,3,1.553191489361702,48.0,"[(DL,13198,48.00),(DL,11697,46.00),(OH,11278,43.00)]"
"2025-01-17 16:00:00",4,11057,55,2,2.2,86.0,"[(DL,11433,86.00),(OH,10980,46.00)]"
"2025-01-17 16:00:00",5,10397,41,3,1.5365853658536586,48.0,"[(DL,13198,48.00),(DL,11697,46.00),(OH,11278,43.00)]"
"2025-01-17 16:00:00",6,10397,45,3,1.0888888888888888,48.0,"[(DL,13198,48.00),(DL,11697,46.00),(OH,11278,43.00)]"
"2025-01-17 16:00:00",7,11057,32,2,3.3125,86.0,"[(DL,11433,86.00),(OH,10980,46.00)]"
"2025-01-17 16:00:00",8,11057,49,2,2.877551020408163,86.0,"[(DL,11433,86.00),(OH,10980,46.00)]"
"2025-01-17 16:00:00",9,11057,55,2,2.2,86.0,"[(DL,11433,86.00),(OH,10980,46.00)]"
"2025-01-17 17:00:00",1,11292,75,6,8.706666666666667,162.0,"[(UA,14524,162.00),(UA,13198,112.00),(OO,13029,81.00),(OO,10408,74.00),(OO,14877,44.00),(UA,15016,32.00)]"
"2025-01-17 17:00:00",2,11292,53,4,7.566037735849057,162.0,"[(UA,14524,162.00),(OO,10408,74.00),(OO,14877,44.00),(UA,15016,32.00)]"
"2025-01-17 17:00:00",2,12264,35,3,5.542857142857143,120.0,"[(UA,12889,120.00),(WN,11292,52.00),(UA,13204,31.00)]"
"2025-01-17 17:00:00",3,11292,33,3,9.272727272727273,162.0,"[(UA,14524,162.00),(OO,10408,74.00),(OO,14877,44.00)]"
"2025-01-17 17:00:00",3,12889,33,2,7.636363636363637,152.0,"[(AS,14747,152.00),(OO,14908,80.00)]"
"2025-01-17 17:00:00",4,12264,35,3,5.542857142857143,120.0,"[(UA,12889,120.00),(WN,11292,52.00),(UA,13204,31.00)]"
"2025-01-17 17:00:00",4,14107,43,2,1.1627906976744187,33.0,"[(AA,14570,33.00),(AA,11298,32.00)]"
"2025-01-17 17:00:00",5,12889,33,2,7.636363636363637,152.0,"[(AS,14747,152.00),(OO,14908,80.00)]"
"2025-01-17 17:00:00",6,14107,33,2,1.4848484848484849,33.0,"[(AA,14570,33.00),(AA,11298,32.00)]"
"2025-01-17 17:00:00",7,14107,43,2,1.1627906976744187,33.0,"[(AA,14570,33.00),(AA,11298,32.00)]"
"2025-01-17 18:00:00",1,11298,49,5,14.142857142857142,241.0,"[(AA,13256,241.00),(AA,14492,124.00),(AA,14771,110.00),(AA,14122,47.00),(AA,13204,39.00)]"
"2025-01-17 18:00:00",2,13204,35,4,14.8,178.0,"[(DL,14747,178.00),(F9,14100,74.00),(B6,14307,35.00),(F9,11298,32.00)]"
"2025-01-17 18:00:00",3,11298,39,4,13.846153846153847,241.0,"[(AA,13256,241.00),(AA,14492,124.00),(AA,14122,47.00),(AA,13204,39.00)]"
"2025-01-17 18:00:00",3,13930,62,4,4.0,131.0,"[(UA,11193,131.00),(AA,11057,90.00),(UA,10792,42.00),(UA,14492,31.00)]"
"2025-01-17 18:00:00",4,13930,62,4,4.0,131.0,"[(UA,11193,131.00),(AA,11057,90.00),(UA,10792,42.00),(UA,14492,31.00)]"
"2025-01-17 18:00:00",4,11292,40,2,7.325,50.0,"[(WN,10721,50.00),(WN,12264,33.00)]"
"2025-01-17 18:00:00",5,13930,44,3,5.113636363636363,131.0,"[(UA,11193,131.00),(AA,11057,90.00),(UA,10792,42.00)]"
"2025-01-17 18:00:00",5,11057,54,1,0.4074074074074074,42.0,"[(AA,11433,42.00)]"
"2025-01-17 18:00:00",6,11292,30,2,9.166666666666666,50.0,"[(WN,10721,50.00),(WN,12264,33.00)]"
"2025-01-17 18:00:00",7,11292,40,2,7.325,50.0,"[(WN,10721,50.00),(WN,12264,33.00)]"
"2025-01-17 18:00:00",8,11057,54,1,0.4074074074074074,42.0,"[(AA,11433,42.00)]"
"2025-01-17 18:00:00",9,11057,36,0,-1.6666666666666667,18.0,[]
"2025-01-17 19:00:00",1,13303,32,7,17.75,133.0,"[(AA,14492,133.00),(AA,11066,112.00),(AA,12339,46.00),(AA,14771,44.00),(AA,12266,40.00),(B6,12478,36.00),(AA,12478,32.00)]"
"2025-01-17 19:00:00",2,11298,72,6,6.125,164.0,"[(UA,11618,164.00),(OH,14814,147.00),(AA,13256,42.00),(AA,13851,37.00),(AA,12992,36.00),(AA,13230,32.00)]"
"2025-01-17 19:00:00",3,12892,38,6,4.631578947368421,90.0,"[(WN,12191,90.00),(UA,12889,59.00),(DL,14869,51.00),(NK,11298,45.00),(AS,11884,38.00),(OO,14237,38.00)]"
"2025-01-17 19:00:00",4,13204,30,5,10.533333333333333,107.0,"[(F9,12889,107.00),(DL,12478,101.00),(AS,14771,36.00),(WN,14307,35.00),(WN,11259,33.00)]"
"2025-01-17 19:00:00",5,11292,35,3,6.857142857142857,72.0,"[(WN,14107,72.00),(F9,14107,54.00),(UA,12892,45.00)]"
"2025-01-17 19:00:00",6,10397,33,2,5.696969696969697,107.0,"[(UA,11618,107.00),(DL,11057,78.00)]"
"2025-01-17 19:00:00",7,11298,54,2,5.518518518518518,164.0,"[(UA,11618,164.00),(OH,14814,147.00)]"
"2025-01-17 19:00:00",7,13930,36,1,20.305555555555557,777.0,"[(OO,11977,777.00)]"
"2025-01-17 19:00:00",8,13930,36,1,20.305555555555557,777.0,"[(OO,11977,777.00)]"
"2025-01-17 19:00:00",9,11298,39,1,2.948717948717949,147.0,"[(OH,14814,147.00)]"
"2025-01-17 19:00:00",10,13930,31,0,-1.3225806451612903,19.0,[]
"2025-01-17 20:00:00",1,11292,35,6,19.542857142857144,210.0,"[(OO,11109,210.00),(UA,13930,169.00),(OO,10779,108.00),(OO,13158,78.00),(WN,11259,43.00),(OO,14794,38.00)]"
"2025-01-17 20:00:00",1,11292,49,6,14.061224489795919,210.0,"[(OO,11109,210.00),(UA,13930,169.00),(OO,10779,108.00),(OO,13158,78.00),(WN,11259,43.00),(OO,14794,38.00)]"
"2025-01-17 20:00:00",2,11292,49,6,14.061224489795919,210.0,"[(OO,11109,210.00),(UA,13930,169.00),(OO,10779,108.00),(OO,13158,78.00),(WN,11259,43.00),(OO,14794,38.00)]"
"2025-01-17 20:00:00",2,12266,33,4,11.93939393939394,115.0,"[(UA,13487,115.00),(UA,14679,52.00),(UA,15376,36.00),(UA,11193,31.00)]"
"2025-01-17 20:00:00",3,11292,30,5,21.733333333333334,210.0,"[(OO,11109,210.00),(UA,13930,169.00),(OO,10779,108.00),(OO,13158,78.00),(WN,11259,43.00)]"
"2025-01-17 20:00:00",3,11057,51,3,3.803921568627451,78.0,"[(OH,11996,78.00),(F9,12953,69.00),(OH,14193,59.00)]"
"2025-01-17 20:00:00",4,12266,33,4,11.93939393939394,115.0,"[(UA,13487,115.00),(UA,14679,52.00),(UA,15376,36.00),(UA,11193,31.00)]"
"2025-01-17 20:00:00",4,13930,49,1,-0.3469387755102041,91.0,"[(OO,13198,91.00)]"
"2025-01-17 20:00:00",5,11057,36,2,4.222222222222222,78.0,"[(OH,11996,78.00),(F9,12953,69.00)]"
"2025-01-17 20:00:00",6,13930,33,1,0.8787878787878788,91.0,"[(OO,13198,91.00)]"
"2025-01-17 21:00:00",1,11298,79,9,6.7974683544303796,97.0,"[(AA,13204,97.00),(MQ,10599,58.00),(AA,14107,48.00),(AA,14262,43.00),(AA,14683,42.00),(MQ,11111,42.00),(F9,13204,35.00),(AA,11278,34.00),(AA,11433,33.00)]"
"2025-01-17 21:00:00",2,11298,64,8,6.859375,58.0,"[(MQ,10599,58.00),(AA,14107,48.00),(AA,14262,43.00),(AA,14683,42.00),(MQ,11111,42.00),(F9,13204,35.00),(AA,11278,34.00),(AA,11433,33.00)]"
"2025-01-17 21:00:00",2,11292,37,5,10.72972972972973,83.0,"[(OO,11413,83.00),(WN,13871,79.00),(WN,14679,75.00),(WN,14747,39.00),(OO,14812,36.00)]"
"2025-01-17 21:00:00",3,11298,43,7,9.465116279069768,58.0,"[(MQ,10599,58.00),(AA,14107,48.00),(AA,14262,43.00),(AA,14683,42.00),(MQ,11111,42.00),(AA,11278,34.00),(AA,11433,33.00)]"
"2025-01-17 21:00:00",3,10397,60,2,-0.7333333333333333,46.0,"[(DL,10781,46.00),(DL,10994,34.00)]"
"2025-01-17 21:00:00",4,11292,37,5,10.72972972972973,83.0,"[(OO,11413,83.00),(WN,13871,79.00),(WN,14679,75.00),(WN,14747,39.00),(OO,14812,36.00)]"
"2025-01-17 21:00:00",5,10397,60,2,-0.7333333333333333,46.0,"[(DL,10781,46.00),(DL,10994,34.00)]"
"2025-01-17 21:00:00",6,10397,45,2,-1.0444444444444445,46.0,"[(DL,10781,46.00),(DL,10994,34.00)]"
"2025-01-17 22:00:00",1,10397,59,3,1.9661016949152543,61.0,"[(DL,14524,61.00),(DL,15304,47.00),(DL,10693,36.00)]"
"2025-01-17 22:00:00",2,10397,44,1,1.3409090909090908,47.0,"[(DL,15304,47.00)]"
"2025-01-17 22:00:00",2,11057,39,1,-1.5384615384615385,86.0,"[(OH,10431,86.00)]"
"2025-01-17 22:00:00",3,11057,31,1,-0.3548387096774194,86.0,"[(OH,10431,86.00)]"
"2025-01-17 22:00:00",4,11057,39,1,-1.5384615384615385,86.0,"[(OH,10431,86.00)]"
"2025-01-18 07:00:00",1,14747,33,4,10.363636363636363,79.0,"[(OO,11884,79.00),(UA,12266,61.00),(OO,14057,48.00),(AS,11292,37.00)]"
"2025-01-18 07:00:00",2,13930,37,2,3.810810810810811,174.0,"[(WN,14107,174.00),(UA,14027,75.00)]"
"2025-01-18 07:00:00",3,10721,32,0,-4.21875,5.0,[]
"2025-01-18 07:00:00",3,13204,30,1,-2.566666666666667,55.0,"[(AA,13303,55.00)]"
"2025-01-18 07:00:00",4,10721,32,0,-4.21875,5.0,[]
"2025-01-18 08:00:00",1,10397,52,7,10.51923076923077,159.0,"[(DL,14122,159.00),(DL,10599,142.00),(DL,14771,105.00),(DL,11697,89.00),(DL,11066,61.00),(AS,14747,57.00),(DL,14492,37.00)]"
"2025-01-18 08:00:00",2,10397,38,4,9.052631578947368,159.0,"[(DL,14122,159.00),(DL,14771,105.00),(DL,11697,89.00),(DL,11066,61.00)]"
"2025-01-18 08:00:00",2,11292,39,4,4.948717948717949,68.0,"[(WN,12889,68.00),(OO,12902,49.00),(UA,14908,43.00),(OO,11109,36.00)]"
"2025-01-18 08:00:00",3,11292,39,4,4.948717948717949,68.0,"[(WN,12889,68.00),(OO,12902,49.00),(UA,14908,43.00),(OO,11109,36.00)]"
"2025-01-18 08:00:00",3,12892,44,3,1.1136363636363635,103.0,"[(UA,12264,103.00),(AA,10721,86.00),(UA,12173,41.00)]"
"2025-01-18 08:00:00",4,12892,35,3,2.914285714285714,103.0,"[(UA,12264,103.00),(AA,10721,86.00),(UA,12173,41.00)]"
"2025-01-18 08:00:00",4,13930,54,3,-1.0,52.0,"[(AA,11298,52.00),(YX,11433,44.00),(OO,11637,36.00)]"
"2025-01-18 08:00:00",5,12892,44,3,1.1136363636363635,103.0,"[(UA,12264,103.00),(AA,10721,86.00),(UA,12173,41.00)]"
"2025-01-18 08:00:00",5,11278,33,2,9.969696969696969,354.0,"[(OH,13931,354.00),(OH,14730,100.00)]"
"2025-01-18 08:00:00",6,13930,54,3,-1.0,52.0,"[(AA,11298,52.00),(YX,11433,44.00),(OO,11637,36.00)]"
"2025-01-18 08:00:00",6,13303,30,1,3.966666666666667,189.0,"[(AA,11057,189.00)]"
"2025-01-18 08:00:00",7,11278,33,2,9.969696969696969,354.0,"[(OH,13931,354.00),(OH,14730,100.00)]"
"2025-01-18 08:00:00",7,14771,37,1,-0.6216216216216216,46.0,"[(OO,15041,46.00)]"
"2025-01-18 08:00:00",8,13303,30,1,3.966666666666667,189.0,"[(AA,11057,189.00)]"
"2025-01-18 08:00:00",8,14107,37,1,-1.135135135135135,38.0,"[(OO,11638,38.00)]"
"2025-01-18 08:00:00",9,14107,30,1,-0.5,38.0,"[(OO,11638,38.00)]"
"2025-01-18 08:00:00",9,11298,81,0,-3.1358024691358026,27.0,[]
"2025-01-18 08:00:00",10,14771,37,1,-0.6216216216216216,46.0,"[(OO,15041,46.00)]"
"2025-01-18 08:00:00",10,11433,33,0,-3.696969696969697,2.0,[]
"2025-01-18 09:00:00",1,12892,34,4,9.176470588235293,193.0,"[(F9,14747,193.00),(OO,10372,91.00),(UA,15304,56.00),(OO,13851,37.00)]"
"2025-01-18 09:00:00",1,12892,43,4,6.651162790697675,193.0,"[(F9,14747,193.00),(OO,10372,91.00),(UA,15304,56.00),(OO,13851,37.00)]"
"2025-01-18 09:00:00",2,12892,43,4,6.651162790697675,193.0,"[(F9,14747,193.00),(OO,10372,91.00),(UA,15304,56.00),(OO,13851,37.00)]"
"2025-01-18 09:00:00",2,14747,31,4,5.838709677419355,47.0,"[(NK,12889,47.00),(AS,11618,47.00),(DL,14679,39.00),(OO,10713,36.00)]"
"2025-01-18 09:00:00",3,14747,31,4,5.838709677419355,47.0,"[(NK,12889,47.00),(AS,11618,47.00),(DL,14679,39.00),(OO,10713,36.00)]"
"2025-01-18 09:00:00",3,14107,45,2,6.711111111111111,269.0,"[(DL,14747,269.00),(OO,11003,59.00)]"
"2025-01-18 09:00:00",4,14107,33,2,9.06060606060606,269.0,"[(DL,14747,269.00),(OO,11003,59.00)]"
"2025-01-18 09:00:00",4,14869,31,2,2.935483870967742,122.0,"[(DL,13930,122.00),(DL,14492,59.00)]"
"2025-01-18 09:00:00",5,14107,45,2,6.711111111111111,269.0,"[(DL,14747,269.00),(OO,11003,59.00)]"
"2025-01-18 09:00:00",5,10397,33,1,2.090909090909091,31.0,"[(DL,11298,31.00)]"
"2025-01-18 09:00:00",6,14869,31,2,2.935483870967742,122.0,"[(DL,13930,122.00),(DL,14492,59.00)]"
"2025-01-18 10:00:00",1,11292,49,9,18.081632653061224,154.0,"[(WN,10821,154.00),(UA,10423,140.00),(UA,11042,103.00),(OO,10627,80.00),(UA,11003,67.00),(OO,15370,57.00),(WN,13871,51.00),(UA,12339,45.00),(OO,15919,41.00)]"
"2025-01-18 10:00:00",2,12889,39,7,9.717948717948717,157.0,"[(WN,13851,157.00),(WN,12982,91.00),(UA,12266,46.00),(WN,14570,42.00),(WN,12173,42.00),(OO,14747,41.00),(WN,10279,39.00)]"
"2025-01-18 10:00:00",3,11292,34,6,15.264705882352942,103.0,"[(UA,11042,103.00),(OO,10627,80.00),(UA,11003,67.00),(OO,15370,57.00),(WN,13871,51.00),(OO,15919,41.00)]"
"2025-01-18 10:00:00",3,10397,55,5,16.236363636363638,452.0,"[(UA,13930,452.00),(DL,14635,170.00),(DL,12889,60.00),(DL,12953,58.00),(DL,15249,52.00)]"
"2025-01-18 10:00:00",4,10397,55,5,16.236363636363638,452.0,"[(UA,13930,452.00),(DL,14635,170.00),(DL,12889,60.00),(DL,12953,58.00),(DL,15249,52.00)]"
"2025-01-18 10:00:00",4,11298,63,3,0.3333333333333333,110.0,"[(AA,10713,110.00),(AA,10140,54.00),(OH,14730,31.00)]"
"2025-01-18 10:00:00",5,10397,33,4,24.393939393939394,452.0,"[(UA,13930,452.00),(DL,14635,170.00),(DL,12889,60.00),(DL,15249,52.00)]"
"2025-01-18 10:00:00",5,12892,31,1,0.6451612903225806,61.0,"[(AA,12478,61.00)]"
"2025-01-18 10:00:00",6,11298,34,3,2.4411764705882355,110.0,"[(AA,10713,110.00),(AA,10140,54.00),(OH,14730,31.00)]"
"2025-01-18 10:00:00",6,13204,33,0,1.5151515151515151,26.0,[]
"2025-01-18 10:00:00",7,11298,43,3,1.744186046511628,110.0,"[(AA,10713,110.00),(AA,10140,54.00),(OH,14730,31.00)]"
"2025-01-18 10:00:00",8,11298,63,3,0.3333333333333333,110.0,"[(AA,10713,110.00),(AA,10140,54.00),(OH,14730,31.00)]"
"2025-01-18 10:00:00",9,12892,31,1,0.6451612903225806,61.0,"[(AA,12478,61.00)]"
"2025-01-18 10:00:00",10,13204,33,0,1.5151515151515151,26.0,[]
"2025-01-18 11:00:00",1,11292,82,15,18.98780487804878,170.0,"[(WN,14771,170.00),(OO,11122,141.00),(UA,12889,88.00),(UA,15376,87.00),(DL,13487,48.00),(OO,12280,46.00),(OO,16869,45.00),(UA,14747,43.00),(WN,10397,36.00),(UA,11109,34.00),(UA,11884,33.00),(UA,11413,32.00),(UA,13486,32.00),(UA,10140,32.00),(UA,13244,31.00)]"
"2025-01-18 11:00:00",2,14747,32,5,15.375,238.0,"[(UA,13930,238.00),(WN,11292,80.00),(MQ,14107,76.00),(OO,11884,68.00),(AS,14908,36.00)]"
"2025-01-18 11:00:00",3,11292,33,4,16.03030303030303,170.0,"[(WN,14771,170.00),(OO,16869,45.00),(UA,11884,33.00),(UA,13244,31.00)]"
"2025-01-18 11:00:00",3,14107,45,3,2.5555555555555554,57.0,"[(OO,14747,57.00),(AA,11603,40.00),(WN,10821,34.00)]"
"2025-01-18 11:00:00",4,14107,45,3,2.5555555555555554,57.0,"[(OO,14747,57.00),(AA,11603,40.00),(WN,10821,34.00)]"
"2025-01-18 11:00:00",4,13204,35,2,9.2,199.0,"[(AA,13303,199.00),(F9,14100,73.00)]"
"2025-01-18 11:00:00",5,13204,35,2,9.2,199.0,"[(AA,13303,199.00),(F9,14100,73.00)]"
"2025-01-18 11:00:00",5,12889,30,2,3.6333333333333333,45.0,"[(WN,12758,45.00),(WN,14893,42.00)]"
"2025-01-18 11:00:00",6,12889,30,2,3.6333333333333333,45.0,"[(WN,12758,45.00),(WN,14893,42.00)]"
"2025-01-18 11:00:00",6,11057,50,2,2.78,96.0,"[(AA,14100,96.00),(OH,14685,48.00)]"
"2025-01-18 11:00:00",7,11057,50,2,2.78,96.0,"[(AA,14100,96.00),(OH,14685,48.00)]"
"2025-01-18 11:00:00",7,11298,38,2,-0.5526315789473685,55.0,"[(AA,10849,55.00),(AA,14771,35.00)]"
"2025-01-18 11:00:00",8,11298,38,2,-0.5526315789473685,55.0,"[(AA,10849,55.00),(AA,14771,35.00)]"
"2025-01-18 11:00:00",8,14869,42,1,1.119047619047619,47.0,"[(DL,14057,47.00)]"
"2025-01-18 11:00:00",9,14869,42,1,1.119047619047619,47.0,"[(DL,14057,47.00)]"
"2025-01-18 11:00:00",9,13930,32,0,-1.90625,14.0,[]
"2025-01-18 11:00:00",10,13930,32,0,-1.90625,14.0,[]
"2025-01-18 12:00:00",1,10397,39,3,3.0,110.0,"[(DL,14635,110.00),(DL,12889,43.00),(DL,11540,35.00)]"
"2025-01-18 12:00:00",2,10397,36,2,2.861111111111111,110.0,"[(DL,14635,110.00),(DL,12889,43.00)]"
"2025-01-18 12:00:00",2,12889,31,1,0.8387096774193549,41.0,"[(DL,10397,41.00)]"
"2025-01-18 12:00:00",3,12889,31,1,0.8387096774193549,41.0,"[(DL,10397,41.00)]"
"2025-01-18 13:00:00",1,11292,74,10,28.7027027027027,1087.0,"[(OO,11315,1087.00),(UA,13930,89.00),(F9,10423,85.00),(UA,11697,80.00),(OO,12278,75.00),(OO,10627,73.00),(UA,12441,71.00),(WN,13198,60.00),(OO,11413,50.00),(WN,13796,48.00)]"
"2025-01-18 13:00:00",2,11292,47,5,34.680851063829785,1087.0,"[(OO,11315,1087.00),(UA,13930,89.00),(OO,12278,75.00),(OO,10627,73.00),(WN,13198,60.00)]"
"2025-01-18 13:00:00",2,13930,32,2,8.78125,229.0,"[(UA,12173,229.00),(NK,14843,56.00)]"
"2025-01-18 13:00:00",3,11292,33,3,12.181818181818182,75.0,"[(OO,12278,75.00),(OO,10627,73.00),(WN,13198,60.00)]"
"2025-01-18 13:00:00",3,14107,32,0,-1.03125,18.0,[]
"2025-01-18 13:00:00",4,13930,32,2,8.78125,229.0,"[(UA,12173,229.00),(NK,14843,56.00)]"
"2025-01-18 13:00:00",5,14107,32,0,-1.03125,18.0,[]
"2025-01-18 14:00:00",1,11057,36,4,4.833333333333333,75.0,"[(OH,12992,75.00),(OH,12197,47.00),(AA,10423,47.00),(OH,13296,42.00)]"
"2025-01-18 14:00:00",2,11298,42,2,-1.0238095238095237,41.0,"[(OH,14814,41.00),(AA,10721,32.00)]"
"2025-01-18 14:00:00",2,11298,53,2,-1.6226415094339623,41.0,"[(OH,14814,41.00),(AA,10721,32.00)]"
"2025-01-18 14:00:00",3,11298,53,2,-1.6226415094339623,41.0,"[(OH,14814,41.00),(AA,10721,32.00)]"
"2025-01-18 14:00:00",3,13930,48,1,1.75,113.0,"[(OO,13230,113.00)]"
"2025-01-18 14:00:00",4,13930,48,1,1.75,113.0,"[(OO,13230,113.00)]"
"2025-01-18 14:00:00",5,13930,33,0,-1.5454545454545454,26.0,[]
"2025-01-18 15:00:00",1,11292,33,7,28.78787878787879,309.0,"[(WN,14869,309.00),(UA,13930,102.00),(OO,11921,99.00),(OO,11122,90.00),(OO,10620,78.00),(OO,14237,59.00),(UA,10713,51.00)]"
"2025-01-18 15:00:00",2,13930,30,3,6.1,108.0,"[(OO,11977,108.00),(YX,10721,51.00),(OO,10849,41.00)]"
"2025-01-18 15:00:00",3,13204,32,2,3.5,51.0,"[(F9,11298,51.00),(WN,10397,32.00)]"
"2025-01-18 16:00:00",1,11298,54,4,3.5555555555555554,180.0,"[(AA,12953,180.00),(AA,13851,77.00),(OO,10155,32.00),(AA,14683,32.00)]"
"2025-01-18 16:00:00",1,11057,40,2,2.125,77.0,"[(OH,10868,77.00),(OH,13577,76.00)]"
"2025-01-18 16:00:00",2,10397,31,3,3.935483870967742,76.0,"[(DL,11278,76.00),(DL,14869,51.00),(DL,10423,39.00)]"
"2025-01-18 16:00:00",2,11298,42,2,-0.6904761904761905,32.0,"[(OO,10155,32.00),(AA,14683,32.00)]"
"2025-01-18 16:00:00",3,13204,30,2,3.9,70.0,"[(WN,13851,70.00),(UA,13930,49.00)]"
"2025-01-18 16:00:00",4,11057,39,2,2.1794871794871793,77.0,"[(OH,10868,77.00),(OH,13577,76.00)]"
"2025-01-18 16:00:00",5,11057,47,2,1.702127659574468,77.0,"[(OH,10868,77.00),(OH,13577,76.00)]"
"2025-01-18 16:00:00",6,11298,42,2,-0.6904761904761905,32.0,"[(OO,10155,32.00),(AA,14683,32.00)]"
"2025-01-18 17:00:00",1,11292,43,14,21.72093023255814,108.0,"[(OO,14783,108.00),(OO,10713,93.00),(WN,10821,50.00),(WN,13342,48.00),(UA,13244,44.00),(OO,13367,43.00),(WN,12191,40.00),(OO,15370,40.00),(WN,10693,36.00),(OO,14877,35.00),(WN,13495,34.00),(WN,13244,33.00),(WN,15370,32.00),(WN,13871,31.00)]"
"2025-01-18 17:00:00",2,14869,34,6,10.117647058823529,180.0,"[(DL,13342,180.00),(DL,13204,85.00),(WN,14107,63.00),(DL,12478,55.00),(DL,11618,46.00),(DL,12339,44.00)]"
"2025-01-18 17:00:00",2,10397,32,3,7.28125,71.0,"[(DL,15016,71.00),(F9,10821,62.00),(WN,11259,60.00)]"
"2025-01-18 17:00:00",3,10397,32,3,7.28125,71.0,"[(DL,15016,71.00),(F9,10821,62.00),(WN,11259,60.00)]"
"2025-01-18 17:00:00",3,14107,31,0,-3.7096774193548385,16.0,[]
"2025-01-18 17:00:00",4,11298,35,3,6.485714285714286,131.0,"[(AA,15412,131.00),(AA,14683,55.00),(UA,11618,51.00)]"
"2025-01-18 17:00:00",5,10397,41,3,5.829268292682927,71.0,"[(DL,15016,71.00),(F9,10821,62.00),(WN,11259,60.00)]"
"2025-01-18 17:00:00",6,13930,44,2,-0.25,43.0,"[(MQ,12451,43.00),(OO,11433,33.00)]"
"2025-01-18 17:00:00",7,14107,44,0,-2.1136363636363638,23.0,[]
"2025-01-18 17:00:00",8,14107,31,0,-3.7096774193548385,16.0,[]
"2025-01-18 18:00:00",1,13204,41,4,10.731707317073171,229.0,"[(F9,11042,229.00),(B6,11618,82.00),(UA,14771,49.00),(WN,10792,34.00)]"
"2025-01-18 18:00:00",1,13930,45,4,3.466666666666667,88.0,"[(AA,10721,88.00),(AA,11618,66.00),(AA,11697,52.00),(UA,10785,39.00)]"
"2025-01-18 18:00:00",2,13930,45,4,3.466666666666667,88.0,"[(AA,10721,88.00),(AA,11618,66.00),(AA,11697,52.00),(UA,10785,39.00)]"
"2025-01-18 18:00:00",2,11298,35,3,5.914285714285715,100.0,"[(OH,12278,100.00),(OH,11267,99.00),(AA,11986,64.00)]"
"2025-01-18 18:00:00",3,13930,50,4,3.24,88.0,"[(AA,10721,88.00),(AA,11618,66.00),(AA,11697,52.00),(UA,10785,39.00)]"
"2025-01-18 18:00:00",3,13204,30,3,5.533333333333333,82.0,"[(B6,11618,82.00),(UA,14771,49.00),(WN,10792,34.00)]"
"2025-01-18 18:00:00",4,13930,56,4,2.5357142857142856,88.0,"[(AA,10721,88.00),(AA,11618,66.00),(AA,11697,52.00),(UA,10785,39.00)]"
"2025-01-18 18:00:00",4,11057,41,2,1.3170731707317074,81.0,"[(OH,10874,81.00),(AA,14986,59.00)]"
"2025-01-18 18:00:00",5,13204,35,3,6.6,82.0,"[(B6,11618,82.00),(UA,14771,49.00),(WN,10792,34.00)]"
"2025-01-18 18:00:00",6,11298,35,3,5.914285714285715,100.0,"[(OH,12278,100.00),(OH,11267,99.00),(AA,11986,64.00)]"
"2025-01-18 18:00:00",7,13204,30,3,5.533333333333333,82.0,"[(B6,11618,82.00),(UA,14771,49.00),(WN,10792,34.00)]"
"2025-01-18 18:00:00",8,11298,37,3,5.1891891891891895,100.0,"[(OH,12278,100.00),(OH,11267,99.00),(AA,11986,64.00)]"
"2025-01-18 18:00:00",9,11298,47,3,3.574468085106383,100.0,"[(OH,12278,100.00),(OH,11267,99.00),(AA,11986,64.00)]"
"2025-01-18 18:00:00",10,11057,51,3,0.9803921568627451,81.0,"[(OH,10874,81.00),(AA,14986,59.00),(AA,11193,35.00)]"
"2025-01-18 19:00:00",1,11292,68,11,15.823529411764707,80.0,"[(UA,12094,80.00),(UA,14698,67.00),(UA,13486,67.00),(OO,11097,63.00),(OO,11638,54.00),(F9,13303,49.00),(UA,12889,43.00),(UA,14908,42.00),(UA,11884,41.00),(UA,10620,35.00),(UA,14057,32.00)]"
"2025-01-18 19:00:00",1,11292,53,10,17.60377358490566,80.0,"[(UA,12094,80.00),(UA,14698,67.00),(UA,13486,67.00),(OO,11097,63.00),(OO,11638,54.00),(F9,13303,49.00),(UA,14908,42.00),(UA,11884,41.00),(UA,10620,35.00),(UA,14057,32.00)]"
"2025-01-18 19:00:00",2,10397,56,11,11.553571428571429,131.0,"[(UA,11618,131.00),(OO,10146,107.00),(DL,13303,89.00),(F9,14100,77.00),(DL,14027,73.00),(DL,11618,72.00),(DL,14685,67.00),(DL,13495,41.00),(NK,11433,37.00),(DL,11995,33.00),(DL,11057,33.00)]"
"2025-01-18 19:00:00",2,10397,42,6,6.833333333333333,89.0,"[(DL,13303,89.00),(F9,14100,77.00),(DL,14027,73.00),(DL,11618,72.00),(NK,11433,37.00),(DL,11995,33.00)]"
"2025-01-18 19:00:00",3,11292,53,10,17.60377358490566,80.0,"[(UA,12094,80.00),(UA,14698,67.00),(UA,13486,67.00),(OO,11097,63.00),(OO,11638,54.00),(F9,13303,49.00),(UA,14908,42.00),(UA,11884,41.00),(UA,10620,35.00),(UA,14057,32.00)]"
"2025-01-18 19:00:00",3,11298,46,6,6.456521739130435,47.0,"[(MQ,12945,47.00),(F9,11292,36.00),(AA,10821,35.00),(AA,14685,34.00),(AA,11618,33.00),(AA,10423,31.00)]"
"2025-01-18 19:00:00",4,11292,43,7,17.0,80.0,"[(UA,12094,80.00),(UA,14698,67.00),(UA,13486,67.00),(OO,11097,63.00),(OO,11638,54.00),(F9,13303,49.00),(UA,14057,32.00)]"
"2025-01-18 19:00:00",5,11298,60,7,6.533333333333333,77.0,"[(AA,13851,77.00),(MQ,12945,47.00),(F9,11292,36.00),(AA,10821,35.00),(AA,14685,34.00),(AA,11618,33.00),(AA,10423,31.00)]"
"2025-01-18 19:00:00",6,10397,42,6,6.833333333333333,89.0,"[(DL,13303,89.00),(F9,14100,77.00),(DL,14027,73.00),(DL,11618,72.00),(NK,11433,37.00),(DL,11995,33.00)]"
"2025-01-18 19:00:00",7,11298,46,6,6.456521739130435,47.0,"[(MQ,12945,47.00),(F9,11292,36.00),(AA,10821,35.00),(AA,14685,34.00),(AA,11618,33.00),(AA,10423,31.00)]"
"2025-01-18 19:00:00",8,11298,37,5,7.45945945945946,47.0,"[(MQ,12945,47.00),(F9,11292,36.00),(AA,14685,34.00),(AA,11618,33.00),(AA,10423,31.00)]"
"2025-01-18 19:00:00",9,13930,31,3,6.129032258064516,53.0,"[(OO,11823,53.00),(AA,11278,51.00),(UA,11618,36.00)]"
"2025-01-18 19:00:00",10,13303,35,2,2.6857142857142855,93.0,"[(DL,10721,93.00),(AA,14771,49.00)]"
"2025-01-18 20:00:00",1,12266,31,4,6.870967741935484,67.0,"[(UA,13871,67.00),(UA,13487,54.00),(UA,11193,51.00),(UA,11292,31.00)]"
"2025-01-18 20:00:00",1,11057,30,1,4.0,126.0,"[(OH,11193,126.00)]"
"2025-01-18 20:00:00",2,11057,30,1,4.0,126.0,"[(OH,11193,126.00)]"
"2025-01-18 20:00:00",3,13930,31,1,1.2903225806451613,40.0,"[(UA,14747,40.00)]"
"2025-01-18 21:00:00",1,13303,32,5,13.46875,210.0,"[(AA,13487,210.00),(AA,13204,107.00),(AA,15304,72.00),(AA,10721,46.00),(AA,11298,32.00)]"
"2025-01-18 21:00:00",1,11298,34,2,1.2352941176470589,69.0,"[(AA,11433,69.00),(AA,13244,47.00)]"
"2025-01-18 21:00:00",2,11298,34,2,1.2352941176470589,69.0,"[(AA,11433,69.00),(AA,13244,47.00)]"
"2025-01-18 21:00:00",3,14869,32,1,-3.90625,74.0,"[(OO,13264,74.00)]"
"2025-01-18 22:00:00",1,11057,37,4,19.27027027027027,432.0,"[(AA,11986,432.00),(AA,12323,359.00),(OH,10135,42.00),(OH,12945,40.00)]"
"2025-01-18 22:00:00",1,11057,30,3,22.6,432.0,"[(AA,11986,432.00),(AA,12323,359.00),(OH,10135,42.00)]"
"2025-01-18 22:00:00",2,11057,30,3,22.6,432.0,"[(AA,11986,432.00),(AA,12323,359.00),(OH,10135,42.00)]"
"2025-01-19 06:00:00",1,12889,38,1,-4.2105263157894735,61.0,"[(F9,11298,61.00)]"
"2025-01-19 06:00:00",1,12889,32,1,-5.0,61.0,"[(F9,11298,61.00)]"
"2025-01-19 06:00:00",2,12889,32,1,-5.0,61.0,"[(F9,11298,61.00)]"
"2025-01-19 07:00:00",1,13930,39,4,7.641025641025641,192.0,"[(F9,11292,192.00),(AA,12953,143.00),(AA,13303,99.00),(NK,15304,39.00)]"
"2025-01-19 07:00:00",2,13930,43,4,6.790697674418604,192.0,"[(F9,11292,192.00),(AA,12953,143.00),(AA,13303,99.00),(NK,15304,39.00)]"
"2025-01-19 07:00:00",3,14747,30,3,2.566666666666667,67.0,"[(AA,11298,67.00),(AS,12819,53.00),(HA,12173,33.00)]"
"2025-01-19 07:00:00",4,14747,33,3,1.9090909090909092,67.0,"[(AA,11298,67.00),(AS,12819,53.00),(HA,12173,33.00)]"
"2025-01-19 07:00:00",5,10721,34,2,-1.1176470588235294,72.0,"[(B6,10397,72.00),(B6,11278,46.00)]"
"2025-01-19 07:00:00",6,11057,34,1,-4.088235294117647,39.0,"[(AA,15024,39.00)]"
"2025-01-19 08:00:00",1,11292,42,5,20.666666666666668,339.0,"[(UA,14635,339.00),(UA,11697,272.00),(UA,12264,115.00),(F9,13891,96.00),(AA,13930,85.00)]"
"2025-01-19 08:00:00",1,12892,33,3,9.848484848484848,151.0,"[(OO,14831,151.00),(NK,14570,144.00),(AS,11618,111.00)]"
"2025-01-19 08:00:00",2,11292,41,5,20.4390243902439,339.0,"[(UA,14635,339.00),(UA,11697,272.00),(UA,12264,115.00),(F9,13891,96.00),(AA,13930,85.00)]"
"2025-01-19 08:00:00",2,13930,31,3,9.193548387096774,214.0,"[(UA,14635,214.00),(OO,13367,62.00),(UA,14771,37.00)]"
"2025-01-19 08:00:00",3,13930,47,5,8.53191489361702,214.0,"[(UA,14635,214.00),(MQ,10693,81.00),(OO,13485,78.00),(OO,13367,62.00),(UA,14771,37.00)]"
"2025-01-19 08:00:00",3,10397,41,3,1.9024390243902438,66.0,"[(OO,10431,66.00),(DL,14683,49.00),(AS,14747,46.00)]"
"2025-01-19 08:00:00",4,11298,72,4,3.0416666666666665,170.0,"[(AA,14683,170.00),(AA,13891,116.00),(AA,12889,49.00),(AA,12266,46.00)]"
"2025-01-19 08:00:00",4,11298,57,2,2.1578947368421053,170.0,"[(AA,14683,170.00),(AA,12889,49.00)]"
"2025-01-19 08:00:00",5,11298,76,4,2.460526315789474,170.0,"[(AA,14683,170.00),(AA,13891,116.00),(AA,12889,49.00),(AA,12266,46.00)]"
"2025-01-19 08:00:00",5,11433,30,1,-1.2333333333333334,74.0,"[(DL,12889,74.00)]"
"2025-01-19 08:00:00",6,12892,33,3,9.848484848484848,151.0,"[(OO,14831,151.00),(NK,14570,144.00),(AS,11618,111.00)]"
"2025-01-19 08:00:00",7,13930,31,3,9.193548387096774,214.0,"[(UA,14635,214.00),(OO,13367,62.00),(UA,14771,37.00)]"
"2025-01-19 08:00:00",8,12892,44,3,6.318181818181818,151.0,"[(OO,14831,151.00),(NK,14570,144.00),(AS,11618,111.00)]"
"2025-01-19 08:00:00",9,10397,41,3,1.9024390243902438,66.0,"[(OO,10431,66.00),(DL,14683,49.00),(AS,14747,46.00)]"
"2025-01-19 08:00:00",10,10397,49,3,0.5714285714285714,66.0,"[(OO,10431,66.00),(DL,14683,49.00),(AS,14747,46.00)]"
"2025-01-19 09:00:00",1,11292,57,11,17.43859649122807,145.0,"[(OO,13029,145.00),(OO,14457,138.00),(OO,11921,102.00),(UA,10994,72.00),(OO,11637,53.00),(OO,11423,53.00),(F9,14057,50.00),(UA,14843,45.00),(UA,15016,37.00),(UA,13204,34.00),(UA,14771,32.00)]"
"2025-01-19 09:00:00",1,11292,46,8,17.369565217391305,145.0,"[(OO,13029,145.00),(OO,14457,138.00),(UA,10994,72.00),(OO,11637,53.00),(OO,11423,53.00),(F9,14057,50.00),(UA,14843,45.00),(UA,15016,37.00)]"
"2025-01-19 09:00:00",2,11292,59,11,16.728813559322035,145.0,"[(OO,13029,145.00),(OO,14457,138.00),(OO,11921,102.00),(UA,10994,72.00),(OO,11637,53.00),(OO,11423,53.00),(F9,14057,50.00),(UA,14843,45.00),(UA,15016,37.00),(UA,13204,34.00),(UA,14771,32.00)]"
"2025-01-19 09:00:00",2,11057,32,4,7.28125,131.0,"[(AA,14307,131.00),(OH,10994,98.00),(AA,10529,65.00),(AA,10792,36.00)]"
"2025-01-19 09:00:00",3,11292,46,8,17.369565217391305,145.0,"[(OO,13029,145.00),(OO,14457,138.00),(UA,10994,72.00),(OO,11637,53.00),(OO,11423,53.00),(F9,14057,50.00),(UA,14843,45.00),(UA,15016,37.00)]"
"2025-01-19 09:00:00",3,10397,39,1,2.0256410256410255,49.0,"[(DL,11292,49.00)]"
"2025-01-19 09:00:00",4,11057,40,6,7.775,131.0,"[(AA,14307,131.00),(OH,10994,98.00),(AA,14747,74.00),(AA,10529,65.00),(AA,10792,36.00),(F9,14100,31.00)]"
"2025-01-19 09:00:00",5,11057,32,4,7.28125,131.0,"[(AA,14307,131.00),(OH,10994,98.00),(AA,10529,65.00),(AA,10792,36.00)]"
"2025-01-19 09:00:00",6,10397,50,2,3.72,49.0,"[(DL,11292,49.00),(WN,13244,34.00)]"
"2025-01-19 09:00:00",7,10397,52,2,3.3846153846153846,49.0,"[(DL,11292,49.00),(WN,13244,34.00)]"
"2025-01-19 09:00:00",8,12889,31,1,3.225806451612903,73.0,"[(WN,11638,73.00)]"
"2025-01-19 09:00:00",9,10397,39,1,2.0256410256410255,49.0,"[(DL,11292,49.00)]"
"2025-01-19 10:00:00",1,11292,60,9,17.45,289.0,"[(F9,14893,289.00),(F9,10693,208.00),(UA,13342,118.00),(DL,14869,67.00),(UA,11433,58.00),(WN,10800,55.00),(UA,11003,49.00),(UA,13495,35.00),(UA,10397,31.00)]"
"2025-01-19 10:00:00",1,11292,47,7,19.19148936170213,289.0,"[(F9,14893,289.00),(F9,10693,208.00),(UA,13342,118.00),(DL,14869,67.00),(UA,11433,58.00),(WN,10800,55.00),(UA,13495,35.00)]"
"2025-01-19 10:00:00",2,11292,47,7,19.19148936170213,289.0,"[(F9,14893,289.00),(F9,10693,208.00),(UA,13342,118.00),(DL,14869,67.00),(UA,11433,58.00),(WN,10800,55.00),(UA,13495,35.00)]"
"2025-01-19 10:00:00",2,11298,56,5,5.5,54.0,"[(AA,10821,54.00),(AA,10140,52.00),(AA,14524,51.00),(F9,13232,44.00),(AA,14100,32.00)]"
"2025-01-19 10:00:00",3,11298,70,7,5.742857142857143,71.0,"[(MQ,14783,71.00),(AA,10821,54.00),(AA,10140,52.00),(AA,14524,51.00),(F9,13232,44.00),(AA,10423,36.00),(AA,14100,32.00)]"
"2025-01-19 10:00:00",3,13930,39,4,7.17948717948718,166.0,"[(OO,13485,166.00),(OO,13342,94.00),(OO,10874,52.00),(YX,12478,40.00)]"
"2025-01-19 10:00:00",4,11292,30,6,29.333333333333332,289.0,"[(F9,14893,289.00),(F9,10693,208.00),(UA,13342,118.00),(DL,14869,67.00),(UA,11433,58.00),(WN,10800,55.00)]"
"2025-01-19 10:00:00",4,10397,41,4,3.658536585365854,44.0,"[(DL,11996,44.00),(DL,12889,41.00),(DL,14869,36.00),(DL,11986,32.00)]"
"2025-01-19 10:00:00",5,11298,37,5,6.621621621621622,54.0,"[(AA,10821,54.00),(AA,10140,52.00),(AA,14524,51.00),(F9,13232,44.00),(AA,14100,32.00)]"
"2025-01-19 10:00:00",5,11433,31,1,-0.6451612903225806,78.0,"[(DL,14492,78.00)]"
"2025-01-19 10:00:00",6,10397,52,5,5.5576923076923075,99.0,"[(AA,11298,99.00),(DL,11996,44.00),(DL,12889,41.00),(DL,14869,36.00),(DL,11986,32.00)]"
"2025-01-19 10:00:00",7,11298,56,5,5.5,54.0,"[(AA,10821,54.00),(AA,10140,52.00),(AA,14524,51.00),(F9,13232,44.00),(AA,14100,32.00)]"
"2025-01-19 10:00:00",8,13930,39,4,7.17948717948718,166.0,"[(OO,13485,166.00),(OO,13342,94.00),(OO,10874,52.00),(YX,12478,40.00)]"
"2025-01-19 10:00:00",9,13930,56,4,4.714285714285714,166.0,"[(OO,13485,166.00),(OO,13342,94.00),(OO,10874,52.00),(YX,12478,40.00)]"
"2025-01-19 10:00:00",10,10397,41,4,3.658536585365854,44.0,"[(DL,11996,44.00),(DL,12889,41.00),(DL,14869,36.00),(DL,11986,32.00)]"
"2025-01-19 11:00:00",1,11292,86,17,17.046511627906977,100.0,"[(F9,13303,100.00),(OO,11122,79.00),(WN,13495,77.00),(UA,13891,70.00),(UA,12889,59.00),(OO,14457,51.00),(F9,11278,44.00),(OO,12003,44.00),(UA,11413,41.00),(UA,12266,41.00),(UA,14869,41.00),(UA,12094,39.00),(WN,10423,38.00),(UA,11603,37.00),(OO,12156,36.00),(UA,13930,33.00),(OO,14674,31.00)]"
"2025-01-19 11:00:00",1,11292,66,10,14.893939393939394,77.0,"[(WN,13495,77.00),(UA,12889,59.00),(OO,14457,51.00),(F9,11278,44.00),(UA,11413,41.00),(UA,12094,39.00),(UA,11603,37.00),(OO,12156,36.00),(UA,13930,33.00),(OO,14674,31.00)]"
"2025-01-19 11:00:00",2,11292,66,10,14.893939393939394,77.0,"[(WN,13495,77.00),(UA,12889,59.00),(OO,14457,51.00),(F9,11278,44.00),(UA,11413,41.00),(UA,12094,39.00),(UA,11603,37.00),(OO,12156,36.00),(UA,13930,33.00),(OO,14674,31.00)]"
"2025-01-19 11:00:00",2,14869,32,5,10.375,201.0,"[(DL,13830,201.00),(DL,13204,93.00),(OO,11921,61.00),(DL,14771,49.00),(DL,12173,32.00)]"
"2025-01-19 11:00:00",3,12889,34,8,18.352941176470587,198.0,"[(OO,14679,198.00),(WN,10821,158.00),(WN,10800,65.00),(G4,13264,44.00),(DL,10721,39.00),(WN,11109,38.00),(NK,12892,34.00),(WN,13830,32.00)]"
"2025-01-19 11:00:00",3,11298,31,4,16.451612903225808,390.0,"[(F9,14100,390.00),(AA,13830,53.00),(AA,12953,50.00),(AA,14679,48.00)]"
"2025-01-19 11:00:00",4,11292,48,7,15.6875,77.0,"[(WN,13495,77.00),(F9,11278,44.00),(UA,11413,41.00),(UA,12094,39.00),(UA,11603,37.00),(OO,12156,36.00),(OO,14674,31.00)]"
"2025-01-19 11:00:00",4,11057,40,3,5.05,122.0,"[(OH,13577,122.00),(OH,14193,99.00),(OH,13360,41.00)]"
"2025-01-19 11:00:00",5,11298,36,5,14.88888888888889,390.0,"[(F9,14100,390.00),(AA,13830,53.00),(AA,12953,50.00),(AA,14679,48.00),(F9,12889,43.00)]"
"2025-01-19 11:00:00",5,14107,41,1,0.9512195121951219,37.0,"[(OO,14747,37.00)]"
"2025-01-19 11:00:00",6,14869,32,5,10.375,201.0,"[(DL,13830,201.00),(DL,13204,93.00),(OO,11921,61.00),(DL,14771,49.00),(DL,12173,32.00)]"
"2025-01-19 11:00:00",6,10397,30,0,-0.2,22.0,[]
"2025-01-19 11:00:00",7,14869,45,5,6.2444444444444445,201.0,"[(DL,13830,201.00),(DL,13204,93.00),(OO,11921,61.00),(DL,14771,49.00),(DL,12173,32.00)]"
"2025-01-19 11:00:00",8,11298,31,4,16.451612903225808,390.0,"[(F9,14100,390.00),(AA,13830,53.00),(AA,12953,50.00),(AA,14679,48.00)]"
"2025-01-19 11:00:00",9,13930,33,3,6.393939393939394,88.0,"[(OO,13184,88.00),(AA,12478,77.00),(OO,14321,68.00)]"
"2025-01-19 11:00:00",10,11057,40,3,5.05,122.0,"[(OH,13577,122.00),(OH,14193,99.00),(OH,13360,41.00)]"
"2025-01-19 12:00:00",1,11298,64,6,8.40625,112.0,"[(OO,10728,112.00),(AA,12441,86.00),(AA,11503,69.00),(MQ,12278,64.00),(MQ,10136,55.00),(AA,14685,49.00)]"
"2025-01-19 12:00:00",1,11298,48,4,7.291666666666667,112.0,"[(OO,10728,112.00),(MQ,12278,64.00),(MQ,10136,55.00),(AA,14685,49.00)]"
"2025-01-19 12:00:00",2,12889,34,4,7.588235294117647,105.0,"[(WN,12191,105.00),(G4,11638,84.00),(G4,11193,48.00),(DL,10397,31.00)]"
"2025-01-19 12:00:00",3,11298,48,4,7.291666666666667,112.0,"[(OO,10728,112.00),(MQ,12278,64.00),(MQ,10136,55.00),(AA,14685,49.00)]"
"2025-01-19 12:00:00",4,12889,36,4,6.972222222222222,105.0,"[(WN,12191,105.00),(G4,11638,84.00),(G4,11193,48.00),(DL,10397,31.00)]"
"2025-01-19 12:00:00",5,11298,36,3,7.361111111111111,112.0,"[(OO,10728,112.00),(MQ,12278,64.00),(AA,14685,49.00)]"
"2025-01-19 12:00:00",6,12266,34,3,3.764705882352941,45.0,"[(UA,12889,45.00),(F9,12892,44.00),(OO,10372,43.00)]"
"2025-01-19 12:00:00",7,10397,38,3,2.026315789473684,77.0,"[(DL,12953,77.00),(DL,14027,58.00),(DL,11624,44.00)]"
"2025-01-19 12:00:00",8,10397,45,3,1.1111111111111112,77.0,"[(DL,12953,77.00),(DL,14027,58.00),(DL,11624,44.00)]"
"2025-01-19 12:00:00",9,13930,36,1,0.5833333333333334,36.0,"[(MQ,11042,36.00)]"
"2025-01-19 13:00:00",1,11292,70,11,13.485714285714286,262.0,"[(OO,13158,262.00),(UA,11423,169.00),(OO,11921,75.00),(F9,13495,47.00),(OO,13029,43.00),(UA,14771,37.00),(F9,12889,36.00),(WN,14107,33.00),(WN,10713,32.00),(AA,13930,31.00),(UA,12892,31.00)]"
"2025-01-19 13:00:00",1,11292,50,6,7.92,75.0,"[(OO,11921,75.00),(F9,13495,47.00),(OO,13029,43.00),(WN,10713,32.00),(AA,13930,31.00),(UA,12892,31.00)]"
"2025-01-19 13:00:00",2,11292,31,6,10.935483870967742,75.0,"[(OO,11921,75.00),(F9,13495,47.00),(OO,13029,43.00),(WN,10713,32.00),(AA,13930,31.00),(UA,12892,31.00)]"
"2025-01-19 13:00:00",2,11057,32,2,1.0,104.0,"[(AA,12478,104.00),(OH,10994,46.00)]"
"2025-01-19 13:00:00",3,11292,50,6,7.92,75.0,"[(OO,11921,75.00),(F9,13495,47.00),(OO,13029,43.00),(WN,10713,32.00),(AA,13930,31.00),(UA,12892,31.00)]"
"2025-01-19 13:00:00",4,12892,32,4,8.15625,138.0,"[(AS,14747,138.00),(UA,11618,71.00),(DL,12478,57.00),(DL,14869,43.00)]"
"2025-01-19 13:00:00",5,10397,38,4,7.868421052631579,145.0,"[(DL,10868,145.00),(DL,13204,85.00),(F9,10821,72.00),(DL,13851,54.00)]"
"2025-01-19 13:00:00",6,13930,38,3,7.7368421052631575,161.0,"[(OO,13342,161.00),(AA,13303,117.00),(OO,14108,73.00)]"
"2025-01-19 13:00:00",7,12889,34,3,7.294117647058823,98.0,"[(DL,12892,98.00),(G4,11603,67.00),(UA,11292,44.00)]"
"2025-01-19 13:00:00",8,14107,35,2,4.6,234.0,"[(OO,12266,234.00),(DL,13487,36.00)]"
"2025-01-19 13:00:00",9,11057,39,2,1.3333333333333333,104.0,"[(AA,12478,104.00),(OH,10994,46.00)]"
"2025-01-19 13:00:00",10,11057,32,2,1.0,104.0,"[(AA,12478,104.00),(OH,10994,46.00)]"
"2025-01-19 14:00:00",1,13930,44,6,10.295454545454545,136.0,"[(OO,14730,136.00),(MQ,12339,92.00),(UA,11292,91.00),(UA,10693,61.00),(AA,14100,36.00),(OO,11146,32.00)]"
"2025-01-19 14:00:00",1,13930,33,5,12.515151515151516,136.0,"[(OO,14730,136.00),(MQ,12339,92.00),(UA,11292,91.00),(UA,10693,61.00),(AA,14100,36.00)]"
"2025-01-19 14:00:00",2,13930,33,5,12.515151515151516,136.0,"[(OO,14730,136.00),(MQ,12339,92.00),(UA,11292,91.00),(UA,10693,61.00),(AA,14100,36.00)]"
"2025-01-19 14:00:00",2,10397,31,2,4.225806451612903,60.0,"[(WN,11292,60.00),(DL,11057,60.00)]"
"2025-01-19 14:00:00",3,11057,39,5,11.333333333333334,155.0,"[(AA,15919,155.00),(YX,12478,121.00),(OH,11995,82.00),(AA,11278,76.00),(AA,14683,49.00)]"
"2025-01-19 14:00:00",4,11292,30,2,11.733333333333333,184.0,"[(F9,14193,184.00),(OO,11637,66.00)]"
"2025-01-19 14:00:00",5,10397,31,2,4.225806451612903,60.0,"[(WN,11292,60.00),(DL,11057,60.00)]"
"2025-01-19 14:00:00",6,10397,40,2,4.075,60.0,"[(WN,11292,60.00),(DL,11057,60.00)]"
"2025-01-19 14:00:00",7,14107,32,0,1.65625,21.0,[]
"2025-01-19 15:00:00",1,11292,44,5,8.931818181818182,95.0,"[(OO,10140,95.00),(OO,11413,81.00),(OO,14237,59.00),(OO,12511,45.00),(OO,11921,32.00)]"
"2025-01-19 15:00:00",1,11292,33,4,9.757575757575758,95.0,"[(OO,10140,95.00),(OO,11413,81.00),(OO,14237,59.00),(OO,12511,45.00)]"
"2025-01-19 15:00:00",2,11298,36,5,3.861111111111111,52.0,"[(OH,13277,52.00),(AA,14683,50.00),(AA,11057,35.00),(AA,12451,32.00),(AA,12339,31.00)]"
"2025-01-19 15:00:00",2,10397,31,2,1.967741935483871,42.0,"[(DL,12451,42.00),(DL,12264,38.00)]"
"2025-01-19 15:00:00",3,10397,42,4,25.857142857142858,977.0,"[(DL,14747,977.00),(DL,12451,42.00),(DL,12264,38.00),(DL,12992,34.00)]"
"2025-01-19 15:00:00",4,11292,33,4,9.757575757575758,95.0,"[(OO,10140,95.00),(OO,11413,81.00),(OO,14237,59.00),(OO,12511,45.00)]"
"2025-01-19 15:00:00",5,12889,30,2,7.166666666666667,105.0,"[(WN,14908,105.00),(OO,14771,70.00)]"
"2025-01-19 15:00:00",6,10397,31,2,1.967741935483871,42.0,"[(DL,12451,42.00),(DL,12264,38.00)]"
"2025-01-19 16:00:00",1,11057,36,13,30.916666666666668,150.0,"[(AA,13931,150.00),(UA,11292,141.00),(MQ,14524,128.00),(AA,11278,81.00),(AA,14492,81.00),(F9,14100,67.00),(AA,13342,66.00),(DL,10397,54.00),(MQ,12124,52.00),(AA,11618,52.00),(OH,15370,46.00),(AA,11986,41.00),(OH,14814,38.00)]"
"2025-01-19 16:00:00",2,11057,42,13,26.738095238095237,150.0,"[(AA,13931,150.00),(UA,11292,141.00),(MQ,14524,128.00),(AA,11278,81.00),(AA,14492,81.00),(F9,14100,67.00),(AA,13342,66.00),(DL,10397,54.00),(MQ,12124,52.00),(AA,11618,52.00),(OH,15370,46.00),(AA,11986,41.00),(OH,14814,38.00)]"
"2025-01-19 17:00:00",1,11298,35,6,10.514285714285714,139.0,"[(F9,10397,139.00),(UA,13930,60.00),(MQ,15919,38.00),(AA,11057,37.00),(AA,11433,34.00),(AA,10423,32.00)]"
"2025-01-19 17:00:00",2,11292,41,4,9.073170731707316,132.0,"[(OO,15370,132.00),(UA,13930,69.00),(OO,13158,46.00),(WN,11042,37.00)]"
"2025-01-19 18:00:00",1,10397,38,10,28.710526315789473,331.0,"[(DL,12953,331.00),(AA,14107,206.00),(NK,11697,77.00),(DL,12448,76.00),(F9,11618,75.00),(AA,11298,72.00),(OH,14100,60.00),(WN,11259,49.00),(WN,13204,47.00),(DL,13931,38.00)]"
"2025-01-19 18:00:00",2,11057,38,8,29.18421052631579,622.0,"[(AA,11618,622.00),(OH,10397,89.00),(OH,14685,74.00),(AA,14107,55.00),(AA,10994,50.00),(AA,13930,49.00),(NK,11697,46.00),(AA,13204,37.00)]"
"2025-01-19 18:00:00",3,11298,35,4,12.142857142857142,177.0,"[(AA,11540,177.00),(MQ,12278,130.00),(AA,14492,46.00),(AA,14683,40.00)]"
"2025-01-19 19:00:00",1,11298,50,11,26.24,571.0,"[(AA,11618,571.00),(UA,14771,167.00),(OH,14108,119.00),(AA,10713,115.00),(AA,13230,69.00),(AA,11996,55.00),(OH,12217,44.00),(AA,10800,42.00),(AA,11884,39.00),(AA,14679,35.00),(OO,11109,31.00)]"
"2025-01-19 19:00:00",1,11298,39,8,27.641025641025642,571.0,"[(AA,11618,571.00),(OH,14108,119.00),(AA,10713,115.00),(AA,13230,69.00),(OH,12217,44.00),(AA,11884,39.00),(AA,14679,35.00),(OO,11109,31.00)]"
"2025-01-19 19:00:00",2,11292,45,9,14.222222222222221,105.0,"[(OO,12896,105.00),(F9,12889,89.00),(OO,11109,84.00),(WN,15016,48.00),(UA,14771,41.00),(UA,14057,40.00),(UA,14457,38.00),(UA,11648,35.00),(UA,14262,32.00)]"
"2025-01-19 19:00:00",2,11292,41,7,13.975609756097562,105.0,"[(OO,12896,105.00),(F9,12889,89.00),(OO,11109,84.00),(WN,15016,48.00),(UA,14771,41.00),(UA,14057,40.00),(UA,14457,38.00)]"
"2025-01-19 20:00:00",1,13930,46,10,28.17391304347826,641.0,"[(YX,10721,641.00),(OO,10693,100.00),(UA,12953,90.00),(AA,12892,58.00),(UA,13198,43.00),(UA,14057,39.00),(AA,11433,39.00),(UA,14747,33.00),(AA,11278,31.00),(UA,13244,31.00)]"
"2025-01-19 20:00:00",1,13930,30,8,18.333333333333332,100.0,"[(OO,10693,100.00),(UA,12953,90.00),(UA,13198,43.00),(UA,14057,39.00),(AA,11433,39.00),(UA,14747,33.00),(AA,11278,31.00),(UA,13244,31.00)]"
"2025-01-19 20:00:00",2,13930,30,8,18.333333333333332,100.0,"[(OO,10693,100.00),(UA,12953,90.00),(UA,13198,43.00),(UA,14057,39.00),(AA,11433,39.00),(UA,14747,33.00),(AA,11278,31.00),(UA,13244,31.00)]"
"2025-01-19 20:00:00",2,11298,31,6,11.419354838709678,55.0,"[(F9,13204,55.00),(AA,15016,54.00),(AA,12451,44.00),(F9,11292,43.00),(AA,14570,41.00),(AA,14679,35.00)]"
"2025-01-19 20:00:00",3,11298,31,6,11.419354838709678,55.0,"[(F9,13204,55.00),(AA,15016,54.00),(AA,12451,44.00),(F9,11292,43.00),(AA,14570,41.00),(AA,14679,35.00)]"
"2025-01-19 20:00:00",4,11292,41,5,12.902439024390244,135.0,"[(UA,10140,135.00),(OO,14869,54.00),(UA,12266,46.00),(WN,14679,44.00),(F9,13930,42.00)]"
"2025-01-19 22:00:00",1,10397,43,12,27.186046511627907,201.0,"[(F9,15304,201.00),(DL,12478,190.00),(DL,11697,145.00),(DL,13495,131.00),(DL,12264,119.00),(F9,11298,110.00),(DL,10821,89.00),(DL,13198,88.00),(DL,13303,59.00),(DL,10693,50.00),(F9,13204,44.00),(F9,11042,38.00)]"
"2025-01-19 22:00:00",1,10397,30,9,23.866666666666667,145.0,"[(DL,11697,145.00),(DL,13495,131.00),(DL,12264,119.00),(DL,10821,89.00),(DL,13198,88.00),(DL,13303,59.00),(DL,10693,50.00),(F9,13204,44.00),(F9,11042,38.00)]"
"2025-01-19 22:00:00",2,10397,30,9,23.866666666666667,145.0,"[(DL,11697,145.00),(DL,13495,131.00),(DL,12264,119.00),(DL,10821,89.00),(DL,13198,88.00),(DL,13303,59.00),(DL,10693,50.00),(F9,13204,44.00),(F9,11042,38.00)]"
"2025-01-19 22:00:00",3,11298,32,4,6.0,126.0,"[(AA,15370,126.00),(AA,14683,48.00),(AA,12889,34.00),(AA,14107,31.00)]"
"2025-01-20 06:00:00",1,12889,33,0,-3.1818181818181817,12.0,[]
"2025-01-20 08:00:00",1,11292,41,8,13.121951219512194,65.0,"[(WN,12191,65.00),(OO,10558,53.00),(AA,11057,52.00),(DL,14869,41.00),(F9,14683,36.00),(F9,14908,34.00),(WN,10693,34.00),(WN,14869,33.00)]"
"2025-01-20 08:00:00",1,11292,32,5,11.9375,65.0,"[(WN,12191,65.00),(DL,14869,41.00),(F9,14683,36.00),(F9,14908,34.00),(WN,14869,33.00)]"
"2025-01-20 08:00:00",2,11292,32,5,11.9375,65.0,"[(WN,12191,65.00),(DL,14869,41.00),(F9,14683,36.00),(F9,14908,34.00),(WN,14869,33.00)]"
"2025-01-20 08:00:00",2,10397,42,2,3.5952380952380953,53.0,"[(DL,14843,53.00),(DL,11292,38.00)]"
"2025-01-20 08:00:00",3,10397,60,4,6.666666666666667,137.0,"[(DL,11066,137.00),(DL,11618,59.00),(DL,14843,53.00),(DL,11292,38.00)]"
"2025-01-20 08:00:00",3,13930,35,2,3.342857142857143,53.0,"[(AA,13303,53.00),(OO,11977,49.00)]"
"2025-01-20 08:00:00",4,11433,31,3,8.870967741935484,105.0,"[(OO,13232,105.00),(DL,13198,95.00),(DL,14908,81.00)]"
"2025-01-20 08:00:00",4,11298,38,2,1.3421052631578947,104.0,"[(OH,14814,104.00),(AA,11278,68.00)]"
"2025-01-20 08:00:00",5,11298,63,3,1.2698412698412698,104.0,"[(OH,14814,104.00),(AA,11278,68.00),(OH,11973,33.00)]"
"2025-01-20 08:00:00",6,10397,42,2,3.5952380952380953,53.0,"[(DL,14843,53.00),(DL,11292,38.00)]"
"2025-01-20 08:00:00",7,13930,35,2,3.342857142857143,53.0,"[(AA,13303,53.00),(OO,11977,49.00)]"
"2025-01-20 08:00:00",8,11298,38,2,1.3421052631578947,104.0,"[(OH,14814,104.00),(AA,11278,68.00)]"
"2025-01-20 08:00:00",9,12892,39,2,0.3076923076923077,150.0,"[(DL,14771,150.00),(DL,11278,40.00)]"
"2025-01-20 09:00:00",1,11292,35,10,29.114285714285714,151.0,"[(F9,11042,151.00),(OO,11775,108.00),(OO,13158,99.00),(UA,11298,70.00),(OO,13029,52.00),(WN,12892,49.00),(UA,15016,48.00),(OO,11503,45.00),(UA,14843,37.00),(UA,12266,32.00)]"
"2025-01-20 09:00:00",2,10397,36,7,14.222222222222221,155.0,"[(DL,12197,155.00),(DL,15096,73.00),(DL,11278,69.00),(DL,10792,59.00),(DL,12451,34.00),(DL,15304,33.00),(DL,11624,32.00)]"
"2025-01-20 09:00:00",2,13930,40,3,10.95,128.0,"[(YX,12266,128.00),(AA,12892,120.00),(UA,11278,98.00)]"
"2025-01-20 09:00:00",3,13930,50,4,11.36,128.0,"[(YX,12266,128.00),(AA,12892,120.00),(UA,11278,98.00),(MQ,10792,97.00)]"
"2025-01-20 09:00:00",4,14107,39,4,5.743589743589744,106.0,"[(UA,12266,106.00),(OO,10372,43.00),(WN,14869,39.00),(WN,10140,32.00)]"
"2025-01-20 09:00:00",5,13930,40,3,10.95,128.0,"[(YX,12266,128.00),(AA,12892,120.00),(UA,11278,98.00)]"
"2025-01-20 09:00:00",6,14747,30,3,9.9,82.0,"[(OO,11884,82.00),(UA,14771,64.00),(DL,14771,41.00)]"
"2025-01-20 09:00:00",7,11057,37,2,6.837837837837838,246.0,"[(AA,12889,246.00),(OH,11481,39.00)]"
"2025-01-20 09:00:00",8,12892,37,1,-1.3783783783783783,109.0,"[(NK,12889,109.00)]"
"2025-01-20 10:00:00",1,10397,55,12,17.490909090909092,155.0,"[(DL,14307,155.00),(DL,14570,105.00),(DL,14869,85.00),(WN,11278,68.00),(DL,14122,68.00),(B6,12478,67.00),(DL,12953,62.00),(OH,11278,45.00),(DL,15024,41.00),(DL,14843,40.00),(F9,10423,35.00),(DL,12264,33.00)]"
"2025-01-20 10:00:00",1,10397,37,8,18.864864864864863,155.0,"[(DL,14307,155.00),(DL,14570,105.00),(DL,14869,85.00),(WN,11278,68.00),(B6,12478,67.00),(DL,15024,41.00),(F9,10423,35.00),(DL,12264,33.00)]"
"2025-01-20 10:00:00",2,10397,37,8,18.864864864864863,155.0,"[(DL,14307,155.00),(DL,14570,105.00),(DL,14869,85.00),(WN,11278,68.00),(B6,12478,67.00),(DL,15024,41.00),(F9,10423,35.00),(DL,12264,33.00)]"
"2025-01-20 10:00:00",2,11298,35,6,11.685714285714285,57.0,"[(AA,14122,57.00),(AA,15304,53.00),(AA,12953,47.00),(OH,14730,46.00),(AA,10693,42.00),(AA,12094,39.00)]"
"2025-01-20 10:00:00",3,11298,50,7,9.44,61.0,"[(AA,13931,61.00),(AA,14122,57.00),(AA,15304,53.00),(AA,12953,47.00),(OH,14730,46.00),(AA,10693,42.00),(AA,12094,39.00)]"
"2025-01-20 10:00:00",3,13930,33,5,14.969696969696969,210.0,"[(UA,12266,210.00),(OO,10408,93.00),(YX,10721,79.00),(MQ,12278,41.00),(UA,10529,33.00)]"
"2025-01-20 10:00:00",4,11298,35,6,11.685714285714285,57.0,"[(AA,14122,57.00),(AA,15304,53.00),(AA,12953,47.00),(OH,14730,46.00),(AA,10693,42.00),(AA,12094,39.00)]"
"2025-01-20 10:00:00",5,13930,33,5,14.969696969696969,210.0,"[(UA,12266,210.00),(OO,10408,93.00),(YX,10721,79.00),(MQ,12278,41.00),(UA,10529,33.00)]"
"2025-01-20 11:00:00",1,11292,38,13,36.63157894736842,208.0,"[(DL,12953,208.00),(OO,14674,181.00),(OO,11122,142.00),(UA,14869,101.00),(OO,14457,75.00),(OO,13264,73.00),(UA,11648,66.00),(DL,10721,56.00),(WN,12889,53.00),(WN,12896,49.00),(DL,11433,35.00),(OO,12003,35.00),(WN,10423,31.00)]"
"2025-01-20 11:00:00",2,11292,34,11,31.5,208.0,"[(DL,12953,208.00),(OO,11122,142.00),(OO,14457,75.00),(OO,13264,73.00),(UA,11648,66.00),(DL,10721,56.00),(WN,12889,53.00),(WN,12896,49.00),(DL,11433,35.00),(OO,12003,35.00),(WN,10423,31.00)]"
"2025-01-20 11:00:00",2,14107,32,8,20.15625,160.0,"[(OO,13264,160.00),(WN,10693,93.00),(AS,14057,70.00),(WN,12191,58.00),(AA,14570,52.00),(OO,14831,52.00),(WN,12889,49.00),(AA,11638,46.00)]"
"2025-01-20 11:00:00",3,14107,32,8,20.15625,160.0,"[(OO,13264,160.00),(WN,10693,93.00),(AS,14057,70.00),(WN,12191,58.00),(AA,14570,52.00),(OO,14831,52.00),(WN,12889,49.00),(AA,11638,46.00)]"
"2025-01-20 13:00:00",1,11292,45,15,39.111111111111114,260.0,"[(OO,11315,260.00),(F9,13244,253.00),(OO,11921,147.00),(OO,13158,123.00),(OO,10372,121.00),(WN,12889,112.00),(F9,10397,100.00),(OO,15919,81.00),(G4,14108,66.00),(WN,15376,49.00),(UA,10397,46.00),(OO,13029,46.00),(WN,13891,36.00),(OO,15370,35.00),(WN,13851,32.00)]"
"2025-01-20 13:00:00",1,11292,45,15,39.111111111111114,260.0,"[(OO,11315,260.00),(F9,13244,253.00),(OO,11921,147.00),(OO,13158,123.00),(OO,10372,121.00),(WN,12889,112.00),(F9,10397,100.00),(OO,15919,81.00),(G4,14108,66.00),(WN,15376,49.00),(OO,13029,46.00),(UA,10397,46.00),(WN,13891,36.00),(OO,15370,35.00),(WN,13851,32.00)]"
"2025-01-20 14:00:00",1,11298,32,6,17.375,174.0,"[(DL,14869,174.00),(DL,12953,99.00),(OO,10372,69.00),(AA,13244,65.00),(OO,11111,59.00),(OO,13851,52.00)]"
"2025-01-20 17:00:00",1,11292,39,13,46.92307692307692,384.0,"[(OO,13029,384.00),(OO,13158,222.00),(UA,12892,208.00),(OO,12177,157.00),(UA,10721,111.00),(WN,14307,109.00),(OO,14783,102.00),(OO,14457,79.00),(OO,15370,72.00),(UA,12278,60.00),(UA,11618,58.00),(WN,14679,57.00),(UA,14524,31.00)]"
"2025-01-20 18:00:00",1,13930,33,8,25.060606060606062,243.0,"[(OO,10868,243.00),(DL,11433,178.00),(AA,11298,97.00),(UA,12892,66.00),(OO,11146,59.00),(MQ,15919,56.00),(YX,10721,53.00),(YX,14122,32.00)]"
"2025-01-20 19:00:00",1,11292,40,12,24.925,106.0,"[(OO,12156,106.00),(UA,12889,91.00),(OO,10279,84.00),(F9,12889,73.00),(UA,12441,66.00),(OO,13476,64.00),(WN,12278,58.00),(WN,10821,51.00),(WN,13342,47.00),(WN,15376,43.00),(OO,11638,34.00),(OO,11122,34.00)]"
"2025-01-20 19:00:00",1,11292,31,10,25.419354838709676,106.0,"[(OO,12156,106.00),(UA,12889,91.00),(OO,10279,84.00),(UA,12441,66.00),(OO,13476,64.00),(WN,12278,58.00),(WN,10821,51.00),(WN,13342,47.00),(OO,11638,34.00),(OO,11122,34.00)]"
"2025-01-20 19:00:00",2,11298,31,8,19.0,97.0,"[(NK,12889,97.00),(AA,12892,82.00),(MQ,11140,76.00),(AA,14685,68.00),(DL,10397,54.00),(AA,10693,47.00),(AA,15304,38.00),(AA,10994,34.00)]"
"2025-01-20 19:00:00",3,10397,37,7,17.16216216216216,135.0,"[(DL,14689,135.00),(DL,14107,87.00),(UA,11618,87.00),(WN,14986,74.00),(DL,12953,48.00),(DL,13204,40.00),(DL,12889,34.00)]"
"2025-01-20 20:00:00",1,13930,31,6,18.741935483870968,241.0,"[(MQ,12278,241.00),(OO,10693,103.00),(UA,14683,79.00),(MQ,11193,67.00),(MQ,12992,53.00),(F9,12889,45.00)]"
"2025-01-20 21:00:00",1,11298,36,8,30.02777777777778,577.0,"[(AA,10423,577.00),(AA,14107,117.00),(AA,13485,78.00),(F9,12889,46.00),(AA,14492,35.00),(AA,15412,35.00),(AA,13851,33.00),(AA,13303,32.00)]"
"2025-01-20 21:00:00",2,10397,34,7,11.323529411764707,52.0,"[(DL,10781,52.00),(WN,11066,52.00),(DL,11953,43.00),(DL,11278,42.00),(DL,11423,36.00),(OO,10408,35.00),(DL,12953,31.00)]"
"2025-01-21 08:00:00",1,10397,32,6,14.8125,157.0,"[(DL,14122,157.00),(DL,13577,69.00),(DL,11066,55.00),(NK,11298,55.00),(DL,13930,41.00),(WN,10693,40.00)]"
"2025-01-21 09:00:00",1,10397,30,8,23.666666666666668,166.0,"[(WN,14683,166.00),(WN,10423,123.00),(DL,11624,98.00),(DL,11057,69.00),(WN,11042,68.00),(DL,14747,48.00),(DL,14576,38.00),(DL,13360,36.00)]"
"2025-01-21 09:00:00",2,11292,36,3,7.694444444444445,134.0,"[(OO,11637,134.00),(WN,14683,59.00),(WN,10423,52.00)]"
"2025-01-21 09:00:00",3,14107,30,1,2.7333333333333334,127.0,"[(OO,10372,127.00)]"
"2025-01-21 10:00:00",1,10397,39,6,12.35897435897436,74.0,"[(F9,12264,74.00),(DL,11986,50.00),(NK,12892,46.00),(DL,13303,38.00),(AA,12339,32.00),(WN,11066,31.00)]"
"2025-01-21 11:00:00",1,10397,30,9,20.866666666666667,148.0,"[(UA,11618,148.00),(DL,13232,57.00),(WN,13232,47.00),(DL,11066,46.00),(AA,13303,37.00),(DL,14683,37.00),(DL,10423,37.00),(WN,13232,36.00),(B6,10721,36.00)]"
"2025-01-21 11:00:00",2,11292,39,5,13.692307692307692,168.0,"[(OO,10372,168.00),(OO,16869,96.00),(DL,13487,76.00),(UA,14489,43.00),(OO,10561,39.00)]"
"2025-01-21 12:00:00",1,11298,31,2,4.580645161290323,81.0,"[(DL,14869,81.00),(DL,12953,58.00)]"
"2025-01-21 13:00:00",1,11292,30,3,9.466666666666667,175.0,"[(UA,10397,175.00),(OO,11503,103.00),(OO,10372,39.00)]"
"2025-01-21 15:00:00",1,10397,30,6,31.533333333333335,462.0,"[(DL,13485,462.00),(DL,10257,133.00),(F9,11697,73.00),(DL,13204,66.00),(WN,12339,59.00),(WN,11259,31.00)]"
"2025-01-21 17:00:00",1,11292,50,4,5.66,60.0,"[(UA,13871,60.00),(WN,14107,50.00),(UA,14771,46.00),(WN,14679,31.00)]"
"2025-01-21 17:00:00",2,11292,67,4,4.343283582089552,60.0,"[(UA,13871,60.00),(WN,14107,50.00),(UA,14771,46.00),(WN,14679,31.00)]"
"2025-01-21 17:00:00",3,11292,43,1,4.116279069767442,60.0,"[(UA,13871,60.00)]"
"2025-01-21 17:00:00",4,11292,37,1,3.945945945945946,60.0,"[(UA,13871,60.00)]"
"2025-01-21 18:00:00",1,13930,31,4,11.838709677419354,162.0,"[(OO,13184,162.00),(DL,11433,106.00),(UA,11697,47.00),(OO,11146,46.00)]"
"2025-01-21 19:00:00",1,11298,35,4,3.6,71.0,"[(AA,15370,71.00),(AA,10713,55.00),(OO,10372,51.00),(AA,11995,47.00)]"
"2025-01-21 19:00:00",2,11292,34,3,4.0,68.0,"[(UA,11413,68.00),(UA,15376,37.00),(OO,11109,33.00)]"
"2025-01-21 20:00:00",1,11292,31,4,6.935483870967742,71.0,"[(WN,13796,71.00),(WN,12892,69.00),(WN,13891,63.00),(OO,11468,41.00)]"
"2025-01-21 21:00:00",1,11298,34,3,19.58823529411765,487.0,"[(AA,11433,487.00),(OO,11980,139.00),(AA,12892,47.00)]"
"2025-01-21 21:00:00",2,11298,30,2,20.7,487.0,"[(AA,11433,487.00),(OO,11980,139.00)]"
"2025-01-22 08:00:00",1,13930,33,8,28.424242424242426,240.0,"[(OO,10372,240.00),(OO,10980,200.00),(AA,14771,195.00),(AA,13204,86.00),(UA,14679,74.00),(OO,13485,74.00),(AA,10721,68.00),(UA,14635,39.00)]"
"2025-01-22 08:00:00",2,11298,40,5,3.8,96.0,"[(MQ,11996,96.00),(AA,13342,52.00),(AA,11503,42.00),(OO,14696,36.00),(AA,14843,31.00)]"
"2025-01-22 11:00:00",1,11292,54,0,-0.4444444444444444,22.0,[]
"2025-01-22 13:00:00",1,11292,39,1,3.4358974358974357,163.0,"[(UA,13930,163.00)]"
"2025-01-22 17:00:00",1,11292,43,3,4.534883720930233,59.0,"[(UA,11057,59.00),(OO,14877,44.00),(WN,11042,42.00)]"
"2025-01-22 18:00:00",1,13930,31,6,23.419354838709676,214.0,"[(YX,10821,214.00),(UA,13931,211.00),(UA,10721,57.00),(MQ,10397,39.00),(DL,10397,36.00),(OO,10874,31.00)]"
"2025-01-22 19:00:00",1,10397,31,21,95.19354838709677,888.0,"[(DL,10208,888.00),(DL,13204,186.00),(DL,12953,178.00),(DL,10821,178.00),(DL,10529,153.00),(DL,10423,149.00),(DL,13930,118.00),(DL,12478,116.00),(DL,14122,104.00),(DL,12892,98.00),(DL,12889,90.00),(DL,14027,85.00),(DL,14986,84.00),(DL,11618,82.00),(DL,10140,79.00),(DL,11697,78.00),(DL,11298,60.00),(DL,11996,55.00),(DL,11057,41.00),(DL,10868,40.00)]"
"2025-01-22 19:00:00",2,11292,30,2,9.5,117.0,"[(UA,11603,117.00),(OO,12896,115.00)]"
"2025-01-22 19:00:00",3,11298,32,0,-1.5,15.0,[]
"2025-01-22 20:00:00",1,13930,31,4,7.387096774193548,40.0,"[(AA,14107,40.00),(UA,10423,38.00),(AA,15016,33.00),(UA,13198,31.00)]"
"2025-01-22 21:00:00",1,11298,34,3,3.764705882352941,84.0,"[(MQ,10599,84.00),(AA,11423,65.00),(AA,14262,35.00)]"
"2025-01-23 07:00:00",1,11298,30,1,-2.066666666666667,39.0,"[(OH,15370,39.00)]"
"2025-01-23 08:00:00",1,10397,31,4,8.419354838709678,67.0,"[(DL,15304,67.00),(AS,14747,57.00),(DL,14193,57.00),(OO,10208,45.00)]"
"2025-01-23 08:00:00",2,10397,34,4,7.235294117647059,67.0,"[(DL,15304,67.00),(AS,14747,57.00),(DL,14193,57.00),(OO,10208,45.00)]"
"2025-01-23 08:00:00",3,11298,41,3,2.0,121.0,"[(AA,14262,121.00),(AA,15370,43.00),(MQ,10599,31.00)]"
"2025-01-23 08:00:00",4,13930,30,0,-1.2,24.0,[]
"2025-01-23 09:00:00",1,11292,33,0,-1.1515151515151516,27.0,[]
"2025-01-23 10:00:00",1,13930,30,5,9.2,118.0,"[(OO,12217,118.00),(OO,11471,59.00),(OO,14696,56.00),(OO,13342,46.00),(OO,11267,33.00)]"
"2025-01-23 10:00:00",2,11298,33,3,5.878787878787879,91.0,"[(AA,10800,91.00),(AA,12266,51.00),(MQ,13486,41.00)]"
"2025-01-23 11:00:00",1,11292,46,4,11.065217391304348,224.0,"[(WN,13495,224.00),(WN,14908,122.00),(UA,14908,101.00),(UA,14262,71.00)]"
"2025-01-23 13:00:00",1,11292,39,5,12.051282051282051,193.0,"[(UA,13303,193.00),(OO,12896,105.00),(UA,12889,82.00),(OO,10627,56.00),(F9,14107,35.00)]"
"2025-01-23 14:00:00",1,13930,32,7,24.53125,284.0,"[(NK,13303,284.00),(AA,13303,184.00),(UA,12953,165.00),(OO,10980,71.00),(UA,10397,57.00),(OO,11146,49.00),(YX,10721,36.00)]"
"2025-01-23 14:00:00",2,11298,31,3,3.5806451612903225,69.0,"[(OH,10599,69.00),(OH,12448,57.00),(MQ,15624,32.00)]"
"2025-01-23 14:00:00",3,11298,33,3,3.4242424242424243,69.0,"[(OH,10599,69.00),(OH,12448,57.00),(MQ,15624,32.00)]"
"2025-01-23 15:00:00",1,10397,35,4,12.314285714285715,180.0,"[(DL,13303,180.00),(DL,10821,66.00),(DL,12889,52.00),(DL,14683,38.00)]"
