window_start,window_end,airline,num_flights,completed,cancelled,diverted,dep_delay_mean,cancellation_rate,late_departure_rate
"2025-01-01 00:00:00","2025-01-01 01:00:00",AA,13,13,0,0,7.384615384615385,0.0,30.76923076923077
"2025-01-01 00:00:00","2025-01-01 01:00:00",DL,1,1,0,0,-6.0,0.0,0.0
"2025-01-01 00:00:00","2025-01-01 01:00:00",UA,7,7,0,0,10.571428571428571,0.0,14.285714285714286
"2025-01-01 01:00:00","2025-01-01 02:00:00",AA,1,1,0,0,-7.0,0.0,0.0
"2025-01-01 01:00:00","2025-01-01 02:00:00",DL,2,2,0,0,-5.0,0.0,0.0
"2025-01-01 01:00:00","2025-01-01 02:00:00",UA,1,1,0,0,-3.0,0.0,0.0
"2025-01-01 02:00:00","2025-01-01 03:00:00",UA,1,1,0,0,1.0,0.0,0.0
"2025-01-01 03:00:00","2025-01-01 04:00:00",DL,1,1,0,0,-2.0,0.0,0.0
"2025-01-01 05:00:00","2025-01-01 06:00:00",AA,98,97,0,1,-2.989795918367347,0.0,5.1020408163265305
"2025-01-01 05:00:00","2025-01-01 06:00:00",DL,55,55,0,0,-2.890909090909091,0.0,3.6363636363636362
"2025-01-01 05:00:00","2025-01-01 06:00:00",UA,41,41,0,0,8.414634146341463,0.0,4.878048780487805
"2025-01-01 05:00:00","2025-01-01 06:00:00",WN,17,17,0,0,0.5882352941176471,0.0,5.882352941176471
"2025-01-01 06:00:00","2025-01-01 07:00:00",AA,161,161,0,0,9.093167701863354,0.0,6.832298136645963
"2025-01-01 06:00:00","2025-01-01 07:00:00",DL,172,172,0,0,1.7732558139534884,0.0,5.232558139534884
"2025-01-01 06:00:00","2025-01-01 07:00:00",UA,114,114,0,0,7.114035087719298,0.0,10.526315789473685
"2025-01-01 06:00:00","2025-01-01 07:00:00",WN,188,187,0,1,0.30851063829787234,0.0,4.787234042553192
"2025-01-01 07:00:00","2025-01-01 08:00:00",AA,128,127,1,0,5.803149606299213,0.78125,7.874015748031496
"2025-01-01 07:00:00","2025-01-01 08:00:00",DL,189,189,0,0,5.343915343915344,0.0,10.582010582010582
"2025-01-01 07:00:00","2025-01-01 08:00:00",UA,162,161,1,0,2.515527950310559,0.6172839506172839,9.316770186335404
"2025-01-01 07:00:00","2025-01-01 08:00:00",WN,208,207,1,0,0.2318840579710145,0.4807692307692308,4.830917874396135
"2025-01-01 08:00:00","2025-01-01 09:00:00",AA,174,174,0,0,-0.8563218390804598,0.0,5.747126436781609
"2025-01-01 08:00:00","2025-01-01 09:00:00",DL,160,160,0,0,4.8125,0.0,11.875
"2025-01-01 08:00:00","2025-01-01 09:00:00",UA,168,168,0,0,0.07142857142857142,0.0,7.738095238095238
"2025-01-01 08:00:00","2025-01-01 09:00:00",WN,224,224,0,0,1.0803571428571428,0.0,7.142857142857143
"2025-01-01 09:00:00","2025-01-01 10:00:00",AA,126,126,0,0,2.0476190476190474,0.0,7.142857142857143
"2025-01-01 09:00:00","2025-01-01 10:00:00",DL,107,107,0,0,3.467289719626168,0.0,6.542056074766355
"2025-01-01 09:00:00","2025-01-01 10:00:00",UA,121,118,2,1,9.915966386554622,1.6528925619834711,21.84873949579832
"2025-01-01 09:00:00","2025-01-01 10:00:00",WN,239,238,1,0,3.23109243697479,0.41841004184100417,9.663865546218487
"2025-01-01 10:00:00","2025-01-01 11:00:00",AA,131,130,0,1,14.15267175572519,0.0,8.396946564885496
"2025-01-01 10:00:00","2025-01-01 11:00:00",DL,124,124,0,0,3.274193548387097,0.0,11.290322580645162
"2025-01-01 10:00:00","2025-01-01 11:00:00",UA,105,105,0,0,5.304761904761905,0.0,16.19047619047619
"2025-01-01 10:00:00","2025-01-01 11:00:00",WN,221,221,0,0,2.4434389140271495,0.0,11.312217194570136
"2025-01-01 11:00:00","2025-01-01 12:00:00",AA,144,144,0,0,6.791666666666667,0.0,11.11111111111111
"2025-01-01 11:00:00","2025-01-01 12:00:00",DL,182,182,0,0,0.8296703296703297,0.0,6.593406593406593
"2025-01-01 11:00:00","2025-01-01 12:00:00",UA,113,113,0,0,7.938053097345133,0.0,18.58407079646018
"2025-01-01 11:00:00","2025-01-01 12:00:00",WN,242,240,2,0,3.7666666666666666,0.8264462809917356,10.833333333333334
"2025-01-01 12:00:00","2025-01-01 13:00:00",AA,127,126,0,1,8.73228346456693,0.0,18.11023622047244
"2025-01-01 12:00:00","2025-01-01 13:00:00",DL,135,134,0,1,4.533333333333333,0.0,16.296296296296298
"2025-01-01 12:00:00","2025-01-01 13:00:00",UA,112,112,0,0,6.535714285714286,0.0,15.178571428571429
"2025-01-01 12:00:00","2025-01-01 13:00:00",WN,210,210,0,0,6.419047619047619,0.0,17.142857142857142
"2025-01-01 13:00:00","2025-01-01 14:00:00",AA,137,137,0,0,4.810218978102189,0.0,13.86861313868613
"2025-01-01 13:00:00","2025-01-01 14:00:00",DL,109,108,0,1,6.669724770642202,0.0,16.513761467889907
"2025-01-01 13:00:00","2025-01-01 14:00:00",UA,122,120,1,1,14.082644628099173,0.819672131147541,19.834710743801654
"2025-01-01 13:00:00","2025-01-01 14:00:00",WN,232,232,0,0,8.012931034482758,0.0,18.96551724137931
"2025-01-01 14:00:00","2025-01-01 15:00:00",AA,125,125,0,0,7.6,0.0,14.4
"2025-01-01 14:00:00","2025-01-01 15:00:00",DL,119,119,0,0,6.38655462184874,0.0,15.126050420168067
"2025-01-01 14:00:00","2025-01-01 15:00:00",UA,122,121,0,1,13.032786885245901,0.0,19.672131147540984
"2025-01-01 14:00:00","2025-01-01 15:00:00",WN,232,232,0,0,8.681034482758621,0.0,20.689655172413794
"2025-01-01 15:00:00","2025-01-01 16:00:00",AA,121,121,0,0,19.74380165289256,0.0,16.52892561983471
"2025-01-01 15:00:00","2025-01-01 16:00:00",DL,125,125,0,0,6.872,0.0,14.4
"2025-01-01 15:00:00","2025-01-01 16:00:00",UA,71,70,1,0,9.042857142857143,1.408450704225352,14.285714285714286
"2025-01-01 15:00:00","2025-01-01 16:00:00",WN,211,211,0,0,7.1753554502369665,0.0,18.48341232227488
"2025-01-01 16:00:00","2025-01-01 17:00:00",AA,145,144,0,1,5.689655172413793,0.0,14.482758620689655
"2025-01-01 16:00:00","2025-01-01 17:00:00",DL,92,92,0,0,8.66304347826087,0.0,15.217391304347826
"2025-01-01 16:00:00","2025-01-01 17:00:00",UA,138,138,0,0,7.905797101449275,0.0,14.492753623188406
"2025-01-01 16:00:00","2025-01-01 17:00:00",WN,250,250,0,0,7.824,0.0,20.0
"2025-01-01 17:00:00","2025-01-01 18:00:00",AA,139,139,0,0,7.179856115107913,0.0,19.424460431654676
"2025-01-01 17:00:00","2025-01-01 18:00:00",DL,130,130,0,0,4.430769230769231,0.0,11.538461538461538
"2025-01-01 17:00:00","2025-01-01 18:00:00",UA,133,132,1,0,13.795454545454545,0.7518796992481203,26.515151515151516
"2025-01-01 17:00:00","2025-01-01 18:00:00",WN,213,213,0,0,9.488262910798122,0.0,22.065727699530516
"2025-01-01 18:00:00","2025-01-01 19:00:00",AA,142,142,0,0,10.126760563380282,0.0,19.718309859154928
"2025-01-01 18:00:00","2025-01-01 19:00:00",DL,83,83,0,0,5.831325301204819,0.0,14.457831325301205
"2025-01-01 18:00:00","2025-01-01 19:00:00",UA,145,145,0,0,8.917241379310346,0.0,17.24137931034483
"2025-01-01 18:00:00","2025-01-01 19:00:00",WN,246,246,0,0,8.886178861788618,0.0,22.764227642276424
"2025-01-01 19:00:00","2025-01-01 20:00:00",AA,130,130,0,0,5.207692307692308,0.0,18.46153846153846
"2025-01-01 19:00:00","2025-01-01 20:00:00",DL,73,73,0,0,-0.8767123287671232,0.0,4.109589041095891
"2025-01-01 19:00:00","2025-01-01 20:00:00",UA,104,100,3,1,12.881188118811881,2.8846153846153846,15.841584158415841
"2025-01-01 19:00:00","2025-01-01 20:00:00",WN,216,216,0,0,8.449074074074074,0.0,22.22222222222222
"2025-01-01 20:00:00","2025-01-01 21:00:00",AA,131,131,0,0,8.312977099236642,0.0,16.793893129770993
"2025-01-01 20:00:00","2025-01-01 21:00:00",DL,51,51,0,0,8.431372549019608,0.0,17.647058823529413
"2025-01-01 20:00:00","2025-01-01 21:00:00",UA,116,115,1,0,7.130434782608695,0.8620689655172413,16.52173913043478
"2025-01-01 20:00:00","2025-01-01 21:00:00",WN,172,172,0,0,6.3313953488372094,0.0,14.534883720930232
"2025-01-01 21:00:00","2025-01-01 22:00:00",AA,87,87,0,0,11.885057471264368,0.0,19.54022988505747
"2025-01-01 21:00:00","2025-01-01 22:00:00",DL,76,76,0,0,0.47368421052631576,0.0,9.210526315789474
"2025-01-01 21:00:00","2025-01-01 22:00:00",UA,57,57,0,0,6.5964912280701755,0.0,21.05263157894737
"2025-01-01 21:00:00","2025-01-01 22:00:00",WN,23,23,0,0,8.608695652173912,0.0,17.391304347826086
"2025-01-01 22:00:00","2025-01-01 23:00:00",AA,83,83,0,0,5.349397590361446,0.0,8.433734939759036
"2025-01-01 22:00:00","2025-01-01 23:00:00",DL,68,68,0,0,14.161764705882353,0.0,11.764705882352942
"2025-01-01 22:00:00","2025-01-01 23:00:00",UA,49,48,0,1,1.8571428571428572,0.0,8.16326530612245
"2025-01-01 23:00:00","2025-01-02 00:00:00",AA,34,34,0,0,1.2647058823529411,0.0,8.823529411764707
"2025-01-01 23:00:00","2025-01-02 00:00:00",DL,21,21,0,0,-4.380952380952381,0.0,0.0
"2025-01-01 23:00:00","2025-01-02 00:00:00",UA,46,46,0,0,1.1304347826086956,0.0,10.869565217391305
"2025-01-02 00:00:00","2025-01-02 01:00:00",AA,15,15,0,0,-0.26666666666666666,0.0,6.666666666666667
"2025-01-02 00:00:00","2025-01-02 01:00:00",DL,1,1,0,0,-9.0,0.0,0.0
"2025-01-02 00:00:00","2025-01-02 01:00:00",UA,9,9,0,0,12.0,0.0,33.333333333333336
"2025-01-02 01:00:00","2025-01-02 02:00:00",AA,2,2,0,0,-8.0,0.0,0.0
"2025-01-02 01:00:00","2025-01-02 02:00:00",DL,2,2,0,0,7.0,0.0,50.0
"2025-01-02 01:00:00","2025-01-02 02:00:00",UA,1,1,0,0,-16.0,0.0,0.0
"2025-01-02 02:00:00","2025-01-02 03:00:00",UA,1,1,0,0,-6.0,0.0,0.0
"2025-01-02 03:00:00","2025-01-02 04:00:00",DL,1,1,0,0,-3.0,0.0,0.0
"2025-01-02 05:00:00","2025-01-02 06:00:00",AA,115,114,0,1,0.4434782608695652,0.0,6.956521739130435
"2025-01-02 05:00:00","2025-01-02 06:00:00",DL,58,58,0,0,-2.8620689655172415,0.0,1.7241379310344827
"2025-01-02 05:00:00","2025-01-02 06:00:00",UA,47,45,2,0,8.2,4.25531914893617,8.88888888888889
"2025-01-02 05:00:00","2025-01-02 06:00:00",WN,218,218,0,0,-2.5642201834862384,0.0,1.834862385321101
"2025-01-02 06:00:00","2025-01-02 07:00:00",AA,182,182,0,0,-0.46153846153846156,0.0,5.4945054945054945
"2025-01-02 06:00:00","2025-01-02 07:00:00",DL,176,175,0,1,-0.5397727272727273,0.0,6.818181818181818
"2025-01-02 06:00:00","2025-01-02 07:00:00",UA,135,135,0,0,2.8814814814814813,0.0,15.555555555555555
"2025-01-02 06:00:00","2025-01-02 07:00:00",WN,299,298,1,0,1.174496644295302,0.33444816053511706,4.026845637583893
"2025-01-02 07:00:00","2025-01-02 08:00:00",AA,186,185,0,1,5.166666666666667,0.0,9.13978494623656
"2025-01-02 07:00:00","2025-01-02 08:00:00",DL,223,223,0,0,1.0807174887892377,0.0,8.968609865470851
"2025-01-02 07:00:00","2025-01-02 08:00:00",UA,178,176,1,1,-0.15819209039548024,0.5617977528089888,6.779661016949152
"2025-01-02 07:00:00","2025-01-02 08:00:00",WN,213,207,0,6,-1.2206572769953052,0.0,3.755868544600939
"2025-01-02 08:00:00","2025-01-02 09:00:00",AA,183,182,0,1,5.934426229508197,0.0,13.114754098360656
"2025-01-02 08:00:00","2025-01-02 09:00:00",DL,168,166,0,2,2.255952380952381,0.0,8.928571428571429
"2025-01-02 08:00:00","2025-01-02 09:00:00",UA,176,172,2,2,6.695402298850575,1.1363636363636365,10.919540229885058
"2025-01-02 08:00:00","2025-01-02 09:00:00",WN,255,252,1,2,2.8661417322834644,0.39215686274509803,9.448818897637794
"2025-01-02 09:00:00","2025-01-02 10:00:00",AA,132,132,0,0,1.2121212121212122,0.0,10.606060606060606
"2025-01-02 09:00:00","2025-01-02 10:00:00",DL,122,122,0,0,3.262295081967213,0.0,13.934426229508198
"2025-01-02 09:00:00","2025-01-02 10:00:00",UA,125,125,0,0,8.176,0.0,14.4
"2025-01-02 09:00:00","2025-01-02 10:00:00",WN,238,238,0,0,7.899159663865547,0.0,10.504201680672269
"2025-01-02 10:00:00","2025-01-02 11:00:00",AA,140,139,0,1,5.85,0.0,14.285714285714286
"2025-01-02 10:00:00","2025-01-02 11:00:00",DL,142,142,0,0,6.78169014084507,0.0,16.197183098591548
"2025-01-02 10:00:00","2025-01-02 11:00:00",UA,109,108,1,0,5.342592592592593,0.9174311926605505,11.11111111111111
"2025-01-02 10:00:00","2025-01-02 11:00:00",WN,228,226,1,1,7.3039647577092515,0.43859649122807015,11.894273127753303
"2025-01-02 11:00:00","2025-01-02 12:00:00",AA,157,157,0,0,3.9363057324840764,0.0,12.738853503184714
"2025-01-02 11:00:00","2025-01-02 12:00:00",DL,188,188,0,0,11.0,0.0,15.425531914893616
"2025-01-02 11:00:00","2025-01-02 12:00:00",UA,117,115,2,0,5.860869565217391,1.7094017094017093,12.173913043478262
"2025-01-02 11:00:00","2025-01-02 12:00:00",WN,218,217,1,0,7.129032258064516,0.45871559633027525,14.285714285714286
"2025-01-02 12:00:00","2025-01-02 13:00:00",AA,137,137,0,0,10.218978102189782,0.0,16.05839416058394
"2025-01-02 12:00:00","2025-01-02 13:00:00",DL,158,157,1,0,8.904458598726114,0.6329113924050633,19.10828025477707
"2025-01-02 12:00:00","2025-01-02 13:00:00",UA,112,112,0,0,0.9553571428571429,0.0,8.035714285714286
"2025-01-02 12:00:00","2025-01-02 13:00:00",WN,254,252,1,1,11.043478260869565,0.3937007874015748,19.76284584980237
"2025-01-02 13:00:00","2025-01-02 14:00:00",AA,150,150,0,0,19.866666666666667,0.0,18.666666666666668
"2025-01-02 13:00:00","2025-01-02 14:00:00",DL,127,126,1,0,9.079365079365079,0.7874015748031497,16.666666666666668
"2025-01-02 13:00:00","2025-01-02 14:00:00",UA,126,125,1,0,8.872,0.7936507936507936,16.0
"2025-01-02 13:00:00","2025-01-02 14:00:00",WN,215,215,0,0,9.855813953488372,0.0,18.6046511627907
"2025-01-02 14:00:00","2025-01-02 15:00:00",AA,128,128,0,0,10.390625,0.0,21.09375
"2025-01-02 14:00:00","2025-01-02 15:00:00",DL,139,138,1,0,10.159420289855072,0.7194244604316546,18.115942028985508
"2025-01-02 14:00:00","2025-01-02 15:00:00",UA,119,118,0,1,8.621848739495798,0.0,14.285714285714286
"2025-01-02 14:00:00","2025-01-02 15:00:00",WN,222,220,1,1,12.497737556561086,0.45045045045045046,22.171945701357465
"2025-01-02 15:00:00","2025-01-02 16:00:00",AA,124,124,0,0,20.81451612903226,0.0,21.774193548387096
"2025-01-02 15:00:00","2025-01-02 16:00:00",DL,162,160,1,1,6.807453416149069,0.6172839506172839,18.633540372670808
"2025-01-02 15:00:00","2025-01-02 16:00:00",UA,76,76,0,0,10.31578947368421,0.0,17.105263157894736
"2025-01-02 15:00:00","2025-01-02 16:00:00",WN,242,242,0,0,13.723140495867769,0.0,26.446280991735538
"2025-01-02 16:00:00","2025-01-02 17:00:00",AA,154,154,0,0,11.331168831168831,0.0,19.48051948051948
"2025-01-02 16:00:00","2025-01-02 17:00:00",DL,122,120,1,1,12.661157024793388,0.819672131147541,25.619834710743802
"2025-01-02 16:00:00","2025-01-02 17:00:00",UA,141,139,1,1,5.4714285714285715,0.7092198581560284,12.142857142857142
"2025-01-02 16:00:00","2025-01-02 17:00:00",WN,227,224,2,1,11.044444444444444,0.8810572687224669,21.333333333333332
"2025-01-02 17:00:00","2025-01-02 18:00:00",AA,151,151,0,0,11.801324503311259,0.0,15.894039735099337
"2025-01-02 17:00:00","2025-01-02 18:00:00",DL,152,151,0,1,8.907894736842104,0.0,18.42105263157895
"2025-01-02 17:00:00","2025-01-02 18:00:00",UA,135,135,0,0,6.977777777777778,0.0,13.333333333333334
"2025-01-02 17:00:00","2025-01-02 18:00:00",WN,212,211,0,1,11.391509433962264,0.0,24.056603773584907
"2025-01-02 18:00:00","2025-01-02 19:00:00",AA,162,159,0,3,13.191358024691358,0.0,21.604938271604937
"2025-01-02 18:00:00","2025-01-02 19:00:00",DL,159,158,0,1,15.339622641509434,0.0,20.12578616352201
"2025-01-02 18:00:00","2025-01-02 19:00:00",UA,140,139,0,1,12.735714285714286,0.0,22.857142857142858
"2025-01-02 18:00:00","2025-01-02 19:00:00",WN,241,236,1,4,10.129166666666666,0.4149377593360996,24.166666666666668
"2025-01-02 19:00:00","2025-01-02 20:00:00",AA,152,150,0,2,10.855263157894736,0.0,21.710526315789473
"2025-01-02 19:00:00","2025-01-02 20:00:00",DL,135,131,0,4,10.622222222222222,0.0,24.444444444444443
"2025-01-02 19:00:00","2025-01-02 20:00:00",UA,104,97,0,7,9.26923076923077,0.0,19.23076923076923
"2025-01-02 19:00:00","2025-01-02 20:00:00",WN,217,198,6,13,11.654028436018958,2.7649769585253456,24.644549763033176
"2025-01-02 20:00:00","2025-01-02 21:00:00",AA,134,133,0,1,15.895522388059701,0.0,30.597014925373134
"2025-01-02 20:00:00","2025-01-02 21:00:00",DL,77,76,0,1,5.454545454545454,0.0,23.376623376623378
"2025-01-02 20:00:00","2025-01-02 21:00:00",UA,121,117,0,4,16.90909090909091,0.0,28.925619834710744
"2025-01-02 20:00:00","2025-01-02 21:00:00",WN,280,264,12,4,11.283582089552239,4.285714285714286,26.492537313432837
"2025-01-02 21:00:00","2025-01-02 22:00:00",AA,96,94,0,2,24.427083333333332,0.0,28.125
"2025-01-02 21:00:00","2025-01-02 22:00:00",DL,91,90,0,1,18.384615384615383,0.0,24.175824175824175
"2025-01-02 21:00:00","2025-01-02 22:00:00",UA,57,56,0,1,25.29824561403509,0.0,26.31578947368421
"2025-01-02 21:00:00","2025-01-02 22:00:00",WN,185,170,13,2,10.988372093023257,7.027027027027027,25.58139534883721
"2025-01-02 22:00:00","2025-01-02 23:00:00",AA,91,91,0,0,24.692307692307693,0.0,28.571428571428573
"2025-01-02 22:00:00","2025-01-02 23:00:00",DL,107,107,0,0,26.953271028037385,0.0,16.822429906542055
"2025-01-02 22:00:00","2025-01-02 23:00:00",UA,50,50,0,0,25.5,0.0,24.0
"2025-01-02 22:00:00","2025-01-02 23:00:00",WN,136,131,4,1,8.75,2.9411764705882355,19.696969696969695
"2025-01-02 23:00:00","2025-01-03 00:00:00",AA,40,40,0,0,19.75,0.0,20.0
"2025-01-02 23:00:00","2025-01-03 00:00:00",DL,36,36,0,0,4.916666666666667,0.0,16.666666666666668
"2025-01-02 23:00:00","2025-01-03 00:00:00",UA,49,49,0,0,8.714285714285714,0.0,16.3265306122449
"2025-01-03 00:00:00","2025-01-03 01:00:00",AA,16,16,0,0,8.625,0.0,25.0
"2025-01-03 00:00:00","2025-01-03 01:00:00",DL,2,2,0,0,5.0,0.0,50.0
"2025-01-03 00:00:00","2025-01-03 01:00:00",UA,9,9,0,0,18.22222222222222,0.0,22.22222222222222
"2025-01-03 01:00:00","2025-01-03 02:00:00",AA,3,3,0,0,-4.666666666666667,0.0,0.0
"2025-01-03 01:00:00","2025-01-03 02:00:00",DL,2,2,0,0,15.0,0.0,50.0
"2025-01-03 01:00:00","2025-01-03 02:00:00",UA,1,1,0,0,-15.0,0.0,0.0
"2025-01-03 02:00:00","2025-01-03 03:00:00",UA,1,1,0,0,-8.0,0.0,0.0
"2025-01-03 03:00:00","2025-01-03 04:00:00",DL,1,1,0,0,-4.0,0.0,0.0
"2025-01-03 05:00:00","2025-01-03 06:00:00",AA,115,115,0,0,7.626086956521739,0.0,5.217391304347826
"2025-01-03 05:00:00","2025-01-03 06:00:00",DL,61,61,0,0,7.721311475409836,0.0,9.836065573770492
"2025-01-03 05:00:00","2025-01-03 06:00:00",UA,47,47,0,0,-2.872340425531915,0.0,0.0
"2025-01-03 05:00:00","2025-01-03 06:00:00",WN,183,181,0,2,0.9180327868852459,0.0,3.278688524590164
"2025-01-03 06:00:00","2025-01-03 07:00:00",AA,173,173,0,0,19.15606936416185,0.0,13.872832369942197
"2025-01-03 06:00:00","2025-01-03 07:00:00",DL,175,175,0,0,4.777142857142858,0.0,9.714285714285714
"2025-01-03 06:00:00","2025-01-03 07:00:00",UA,136,136,0,0,10.669117647058824,0.0,10.294117647058824
"2025-01-03 06:00:00","2025-01-03 07:00:00",WN,305,293,12,0,5.764505119453925,3.9344262295081966,7.167235494880546
"2025-01-03 07:00:00","2025-01-03 08:00:00",AA,190,190,0,0,14.821052631578947,0.0,10.526315789473685
"2025-01-03 07:00:00","2025-01-03 08:00:00",DL,220,220,0,0,8.213636363636363,0.0,12.272727272727273
"2025-01-03 07:00:00","2025-01-03 08:00:00",UA,177,176,0,1,22.48587570621469,0.0,21.468926553672315
"2025-01-03 07:00:00","2025-01-03 08:00:00",WN,204,192,12,0,12.067708333333334,5.882352941176471,17.708333333333332
"2025-01-03 08:00:00","2025-01-03 09:00:00",AA,179,178,0,1,9.195530726256983,0.0,10.614525139664805
"2025-01-03 08:00:00","2025-01-03 09:00:00",DL,164,164,0,0,11.640243902439025,0.0,13.414634146341463
"2025-01-03 08:00:00","2025-01-03 09:00:00",UA,174,174,0,0,8.166666666666666,0.0,13.793103448275861
"2025-01-03 08:00:00","2025-01-03 09:00:00",WN,257,250,7,0,12.148,2.7237354085603114,19.6
"2025-01-03 09:00:00","2025-01-03 10:00:00",AA,135,135,0,0,10.118518518518519,0.0,13.333333333333334
"2025-01-03 09:00:00","2025-01-03 10:00:00",DL,125,125,0,0,6.504,0.0,15.2
"2025-01-03 09:00:00","2025-01-03 10:00:00",UA,122,122,0,0,22.581967213114755,0.0,27.868852459016395
"2025-01-03 09:00:00","2025-01-03 10:00:00",WN,226,225,0,1,19.699115044247787,0.0,26.548672566371682
"2025-01-03 10:00:00","2025-01-03 11:00:00",AA,139,139,0,0,9.39568345323741,0.0,18.705035971223023
"2025-01-03 10:00:00","2025-01-03 11:00:00",DL,141,141,0,0,10.73758865248227,0.0,19.148936170212767
"2025-01-03 10:00:00","2025-01-03 11:00:00",UA,108,108,0,0,13.472222222222221,0.0,25.0
"2025-01-03 10:00:00","2025-01-03 11:00:00",WN,231,228,1,2,15.404347826086957,0.4329004329004329,23.043478260869566
"2025-01-03 11:00:00","2025-01-03 12:00:00",AA,156,156,0,0,11.365384615384615,0.0,16.025641025641026
"2025-01-03 11:00:00","2025-01-03 12:00:00",DL,186,186,0,0,8.28494623655914,0.0,14.516129032258064
"2025-01-03 11:00:00","2025-01-03 12:00:00",UA,118,118,0,0,23.60169491525424,0.0,34.74576271186441
"2025-01-03 11:00:00","2025-01-03 12:00:00",WN,229,228,0,1,17.5764192139738,0.0,28.820960698689955
"2025-01-03 12:00:00","2025-01-03 13:00:00",AA,137,137,0,0,11.102189781021897,0.0,27.73722627737226
"2025-01-03 12:00:00","2025-01-03 13:00:00",DL,156,156,0,0,10.147435897435898,0.0,17.307692307692307
"2025-01-03 12:00:00","2025-01-03 13:00:00",UA,112,112,0,0,20.401785714285715,0.0,23.214285714285715
"2025-01-03 12:00:00","2025-01-03 13:00:00",WN,236,236,0,0,21.8135593220339,0.0,38.13559322033898
"2025-01-03 13:00:00","2025-01-03 14:00:00",AA,142,142,0,0,12.535211267605634,0.0,19.014084507042252
"2025-01-03 13:00:00","2025-01-03 14:00:00",DL,127,127,0,0,10.614173228346457,0.0,22.834645669291337
"2025-01-03 13:00:00","2025-01-03 14:00:00",UA,126,124,2,0,23.282258064516128,1.5873015873015872,39.516129032258064
"2025-01-03 13:00:00","2025-01-03 14:00:00",WN,231,230,1,0,25.76086956521739,0.4329004329004329,35.65217391304348
"2025-01-03 14:00:00","2025-01-03 15:00:00",AA,133,133,0,0,34.61654135338346,0.0,29.32330827067669
"2025-01-03 14:00:00","2025-01-03 15:00:00",DL,138,138,0,0,21.195652173913043,0.0,21.014492753623188
"2025-01-03 14:00:00","2025-01-03 15:00:00",UA,121,121,0,0,25.59504132231405,0.0,33.88429752066116
"2025-01-03 14:00:00","2025-01-03 15:00:00",WN,234,234,0,0,25.38888888888889,0.0,41.88034188034188
"2025-01-03 15:00:00","2025-01-03 16:00:00",AA,124,124,0,0,16.919354838709676,0.0,29.838709677419356
"2025-01-03 15:00:00","2025-01-03 16:00:00",DL,164,164,0,0,20.24390243902439,0.0,23.170731707317074
"2025-01-03 15:00:00","2025-01-03 16:00:00",UA,73,73,0,0,19.71232876712329,0.0,32.87671232876713
"2025-01-03 15:00:00","2025-01-03 16:00:00",WN,222,222,0,0,25.95945945945946,0.0,40.54054054054054
"2025-01-03 16:00:00","2025-01-03 17:00:00",AA,146,146,0,0,19.21917808219178,0.0,29.45205479452055
"2025-01-03 16:00:00","2025-01-03 17:00:00",DL,117,117,0,0,18.64957264957265,0.0,23.931623931623932
"2025-01-03 16:00:00","2025-01-03 17:00:00",UA,140,138,0,2,24.007142857142856,0.0,35.0
"2025-01-03 16:00:00","2025-01-03 17:00:00",WN,239,238,1,0,27.08823529411765,0.41841004184100417,46.63865546218487
"2025-01-03 17:00:00","2025-01-03 18:00:00",AA,139,139,0,0,13.532374100719425,0.0,25.899280575539567
"2025-01-03 17:00:00","2025-01-03 18:00:00",DL,151,151,0,0,9.748344370860927,0.0,17.218543046357617
"2025-01-03 17:00:00","2025-01-03 18:00:00",UA,127,126,1,0,22.50793650793651,0.7874015748031497,34.92063492063492
"2025-01-03 17:00:00","2025-01-03 18:00:00",WN,237,237,0,0,27.873417721518987,0.0,45.56962025316456
"2025-01-03 18:00:00","2025-01-03 19:00:00",AA,154,153,0,1,19.623376623376622,0.0,29.22077922077922
"2025-01-03 18:00:00","2025-01-03 19:00:00",DL,163,163,0,0,12.54601226993865,0.0,21.47239263803681
"2025-01-03 18:00:00","2025-01-03 19:00:00",UA,143,142,1,0,20.471830985915492,0.6993006993006993,31.690140845070424
"2025-01-03 18:00:00","2025-01-03 19:00:00",WN,230,229,1,0,31.14410480349345,0.43478260869565216,48.90829694323144
"2025-01-03 19:00:00","2025-01-03 20:00:00",AA,136,136,0,0,20.25735294117647,0.0,32.35294117647059
"2025-01-03 19:00:00","2025-01-03 20:00:00",DL,135,135,0,0,12.644444444444444,0.0,27.40740740740741
"2025-01-03 19:00:00","2025-01-03 20:00:00",UA,108,108,0,0,15.592592592592593,0.0,33.333333333333336
"2025-01-03 19:00:00","2025-01-03 20:00:00",WN,225,224,0,1,29.30666666666667,0.0,53.77777777777778
"2025-01-03 20:00:00","2025-01-03 21:00:00",AA,131,131,0,0,13.267175572519085,0.0,25.954198473282442
"2025-01-03 20:00:00","2025-01-03 21:00:00",DL,75,75,0,0,17.36,0.0,32.0
"2025-01-03 20:00:00","2025-01-03 21:00:00",UA,117,116,1,0,22.232758620689655,0.8547008547008547,37.06896551724138
"2025-01-03 20:00:00","2025-01-03 21:00:00",WN,286,281,2,3,30.83450704225352,0.6993006993006993,52.11267605633803
"2025-01-03 21:00:00","2025-01-03 22:00:00",AA,86,86,0,0,16.697674418604652,0.0,29.069767441860463
"2025-01-03 21:00:00","2025-01-03 22:00:00",DL,91,91,0,0,15.68131868131868,0.0,29.67032967032967
"2025-01-03 21:00:00","2025-01-03 22:00:00",UA,58,58,0,0,17.879310344827587,0.0,32.758620689655174
"2025-01-03 21:00:00","2025-01-03 22:00:00",WN,132,132,0,0,30.96212121212121,0.0,53.78787878787879
"2025-01-03 22:00:00","2025-01-03 23:00:00",AA,86,86,0,0,14.476744186046512,0.0,29.069767441860463
"2025-01-03 22:00:00","2025-01-03 23:00:00",DL,107,107,0,0,5.252336448598131,0.0,21.49532710280374
"2025-01-03 22:00:00","2025-01-03 23:00:00",UA,50,49,1,0,16.489795918367346,2.0,38.775510204081634
"2025-01-03 22:00:00","2025-01-03 23:00:00",WN,132,132,0,0,21.227272727272727,0.0,53.03030303030303
"2025-01-03 23:00:00","2025-01-04 00:00:00",AA,32,32,0,0,11.21875,0.0,21.875
"2025-01-03 23:00:00","2025-01-04 00:00:00",DL,35,35,0,0,6.685714285714286,0.0,17.142857142857142
"2025-01-03 23:00:00","2025-01-04 00:00:00",UA,49,49,0,0,23.877551020408163,0.0,24.489795918367346
"2025-01-04 00:00:00","2025-01-04 01:00:00",AA,14,14,0,0,7.142857142857143,0.0,21.428571428571427
"2025-01-04 00:00:00","2025-01-04 01:00:00",DL,2,2,0,0,-1.5,0.0,0.0
"2025-01-04 00:00:00","2025-01-04 01:00:00",UA,8,8,0,0,4.875,0.0,25.0
"2025-01-04 01:00:00","2025-01-04 02:00:00",AA,3,3,0,0,-2.6666666666666665,0.0,0.0
"2025-01-04 01:00:00","2025-01-04 02:00:00",DL,2,2,0,0,5.5,0.0,50.0
"2025-01-04 01:00:00","2025-01-04 02:00:00",UA,1,1,0,0,57.0,0.0,100.0
"2025-01-04 02:00:00","2025-01-04 03:00:00",UA,1,1,0,0,1.0,0.0,0.0
"2025-01-04 03:00:00","2025-01-04 04:00:00",DL,1,1,0,0,-7.0,0.0,0.0
"2025-01-04 05:00:00","2025-01-04 06:00:00",AA,103,103,0,0,35.49514563106796,0.0,10.679611650485437
"2025-01-04 05:00:00","2025-01-04 06:00:00",DL,61,61,0,0,4.098360655737705,0.0,11.475409836065573
"2025-01-04 05:00:00","2025-01-04 06:00:00",UA,50,50,0,0,20.0,0.0,16.0
"2025-01-04 05:00:00","2025-01-04 06:00:00",WN,248,248,0,0,-0.4798387096774194,0.0,4.435483870967742
"2025-01-04 06:00:00","2025-01-04 07:00:00",AA,169,166,0,3,11.272189349112425,0.0,8.875739644970414
"2025-01-04 06:00:00","2025-01-04 07:00:00",DL,180,180,0,0,6.161111111111111,0.0,11.11111111111111
"2025-01-04 06:00:00","2025-01-04 07:00:00",UA,130,129,1,0,4.224806201550388,0.7692307692307693,10.852713178294573
"2025-01-04 06:00:00","2025-01-04 07:00:00",WN,283,283,0,0,1.1837455830388692,0.0,2.1201413427561837
"2025-01-04 07:00:00","2025-01-04 08:00:00",AA,165,165,0,0,4.787878787878788,0.0,10.303030303030303
"2025-01-04 07:00:00","2025-01-04 08:00:00",DL,210,210,0,0,12.542857142857143,0.0,12.380952380952381
"2025-01-04 07:00:00","2025-01-04 08:00:00",UA,173,170,1,2,12.372093023255815,0.5780346820809249,15.116279069767442
"2025-01-04 07:00:00","2025-01-04 08:00:00",WN,240,237,3,0,4.071729957805907,1.25,13.080168776371307
"2025-01-04 08:00:00","2025-01-04 09:00:00",AA,162,162,0,0,3.9382716049382718,0.0,11.728395061728396
"2025-01-04 08:00:00","2025-01-04 09:00:00",DL,160,160,0,0,5.33125,0.0,15.0
"2025-01-04 08:00:00","2025-01-04 09:00:00",UA,161,161,0,0,12.192546583850932,0.0,20.496894409937887
"2025-01-04 08:00:00","2025-01-04 09:00:00",WN,184,182,2,0,4.043956043956044,1.0869565217391304,13.736263736263735
"2025-01-04 09:00:00","2025-01-04 10:00:00",AA,117,116,0,1,6.213675213675214,0.0,11.965811965811966
"2025-01-04 09:00:00","2025-01-04 10:00:00",DL,121,118,0,3,11.24793388429752,0.0,21.487603305785125
"2025-01-04 09:00:00","2025-01-04 10:00:00",UA,113,112,1,0,14.107142857142858,0.8849557522123894,21.428571428571427
"2025-01-04 09:00:00","2025-01-04 10:00:00",WN,241,241,0,0,7.215767634854772,0.0,18.672199170124482
"2025-01-04 10:00:00","2025-01-04 11:00:00",AA,129,129,0,0,8.077519379844961,0.0,13.953488372093023
"2025-01-04 10:00:00","2025-01-04 11:00:00",DL,130,130,0,0,13.361538461538462,0.0,22.307692307692307
"2025-01-04 10:00:00","2025-01-04 11:00:00",UA,105,104,0,1,14.695238095238095,0.0,24.761904761904763
"2025-01-04 10:00:00","2025-01-04 11:00:00",WN,174,173,0,1,14.344827586206897,0.0,25.862068965517242
"2025-01-04 11:00:00","2025-01-04 12:00:00",AA,130,130,0,0,14.36923076923077,0.0,23.846153846153847
"2025-01-04 11:00:00","2025-01-04 12:00:00",DL,189,189,0,0,14.767195767195767,0.0,26.984126984126984
"2025-01-04 11:00:00","2025-01-04 12:00:00",UA,110,110,0,0,17.027272727272727,0.0,31.818181818181817
"2025-01-04 11:00:00","2025-01-04 12:00:00",WN,207,206,0,1,9.628019323671497,0.0,22.22222222222222
"2025-01-04 12:00:00","2025-01-04 13:00:00",AA,128,128,0,0,28.5546875,0.0,28.90625
"2025-01-04 12:00:00","2025-01-04 13:00:00",DL,135,135,0,0,20.79259259259259,0.0,26.666666666666668
"2025-01-04 12:00:00","2025-01-04 13:00:00",UA,97,95,1,1,22.072916666666668,1.0309278350515463,31.25
"2025-01-04 12:00:00","2025-01-04 13:00:00",WN,207,205,0,2,12.816425120772946,0.0,26.570048309178745
"2025-01-04 13:00:00","2025-01-04 14:00:00",AA,129,129,0,0,15.581395348837209,0.0,24.031007751937985
"2025-01-04 13:00:00","2025-01-04 14:00:00",DL,126,124,1,1,34.04,0.7936507936507936,37.6
"2025-01-04 13:00:00","2025-01-04 14:00:00",UA,118,116,2,0,15.96551724137931,1.694915254237288,34.48275862068966
"2025-01-04 13:00:00","2025-01-04 14:00:00",WN,208,204,3,1,16.819512195121952,1.4423076923076923,33.65853658536585
"2025-01-04 14:00:00","2025-01-04 15:00:00",AA,121,118,2,1,46.226890756302524,1.6528925619834711,36.97478991596638
"2025-01-04 14:00:00","2025-01-04 15:00:00",DL,129,129,0,0,20.751937984496124,0.0,33.333333333333336
"2025-01-04 14:00:00","2025-01-04 15:00:00",UA,112,112,0,0,26.785714285714285,0.0,37.5
"2025-01-04 14:00:00","2025-01-04 15:00:00",WN,224,221,2,1,24.554054054054053,0.8928571428571429,40.54054054054054
"2025-01-04 15:00:00","2025-01-04 16:00:00",AA,119,118,1,0,13.440677966101696,0.8403361344537815,24.576271186440678
"2025-01-04 15:00:00","2025-01-04 16:00:00",DL,162,161,1,0,29.77639751552795,0.6172839506172839,34.78260869565217
"2025-01-04 15:00:00","2025-01-04 16:00:00",UA,73,73,0,0,25.027397260273972,0.0,42.465753424657535
"2025-01-04 15:00:00","2025-01-04 16:00:00",WN,218,216,2,0,30.412037037037038,0.9174311926605505,51.388888888888886
"2025-01-04 16:00:00","2025-01-04 17:00:00",AA,130,128,2,0,22.5390625,1.5384615384615385,37.5
"2025-01-04 16:00:00","2025-01-04 17:00:00",DL,111,109,2,0,20.155963302752294,1.8018018018018018,39.44954128440367
"2025-01-04 16:00:00","2025-01-04 17:00:00",UA,129,128,0,1,20.1937984496124,0.0,35.65891472868217
"2025-01-04 16:00:00","2025-01-04 17:00:00",WN,215,212,3,0,31.74056603773585,1.3953488372093024,50.943396226415096
"2025-01-04 17:00:00","2025-01-04 18:00:00",AA,134,131,3,0,20.51145038167939,2.2388059701492535,30.53435114503817
"2025-01-04 17:00:00","2025-01-04 18:00:00",DL,143,140,2,1,30.078014184397162,1.3986013986013985,44.680851063829785
"2025-01-04 17:00:00","2025-01-04 18:00:00",UA,124,119,4,1,26.075,3.225806451612903,50.833333333333336
"2025-01-04 17:00:00","2025-01-04 18:00:00",WN,219,213,5,1,36.28504672897196,2.2831050228310503,61.6822429906542
"2025-01-04 18:00:00","2025-01-04 19:00:00",AA,146,145,0,1,23.13013698630137,0.0,30.136986301369863
"2025-01-04 18:00:00","2025-01-04 19:00:00",DL,162,160,2,0,22.9125,1.2345679012345678,42.5
"2025-01-04 18:00:00","2025-01-04 19:00:00",UA,134,131,2,1,23.765151515151516,1.492537313432836,38.63636363636363
"2025-01-04 18:00:00","2025-01-04 19:00:00",WN,243,235,7,1,35.936440677966104,2.880658436213992,56.355932203389834
"2025-01-04 19:00:00","2025-01-04 20:00:00",AA,128,126,2,0,21.80952380952381,1.5625,38.095238095238095
"2025-01-04 19:00:00","2025-01-04 20:00:00",DL,132,131,1,0,29.81679389312977,0.7575757575757576,41.221374045801525
"2025-01-04 19:00:00","2025-01-04 20:00:00",UA,97,95,1,1,33.322916666666664,1.0309278350515463,56.25
"2025-01-04 19:00:00","2025-01-04 20:00:00",WN,229,223,5,1,35.933035714285715,2.183406113537118,56.69642857142857
"2025-01-04 20:00:00","2025-01-04 21:00:00",AA,131,128,3,0,21.7578125,2.2900763358778624,41.40625
"2025-01-04 20:00:00","2025-01-04 21:00:00",DL,86,85,1,0,15.729411764705882,1.1627906976744187,34.11764705882353
"2025-01-04 20:00:00","2025-01-04 21:00:00",UA,115,111,4,0,28.37837837837838,3.4782608695652173,43.24324324324324
"2025-01-04 20:00:00","2025-01-04 21:00:00",WN,240,235,5,0,37.808510638297875,2.0833333333333335,55.744680851063826
"2025-01-04 21:00:00","2025-01-04 22:00:00",AA,86,83,3,0,32.12048192771084,3.488372093023256,44.57831325301205
"2025-01-04 21:00:00","2025-01-04 22:00:00",DL,94,92,2,0,15.423913043478262,2.127659574468085,28.26086956521739
"2025-01-04 21:00:00","2025-01-04 22:00:00",UA,55,55,0,0,14.527272727272727,0.0,36.36363636363637
"2025-01-04 21:00:00","2025-01-04 22:00:00",WN,176,167,7,2,38.81065088757396,3.977272727272727,68.04733727810651
"2025-01-04 22:00:00","2025-01-04 23:00:00",AA,84,84,0,0,27.535714285714285,0.0,30.952380952380953
"2025-01-04 22:00:00","2025-01-04 23:00:00",DL,107,106,1,0,25.80188679245283,0.9345794392523364,30.18867924528302
"2025-01-04 22:00:00","2025-01-04 23:00:00",UA,51,50,0,1,39.254901960784316,0.0,39.21568627450981
"2025-01-04 22:00:00","2025-01-04 23:00:00",WN,119,109,9,1,33.96363636363636,7.563025210084033,69.0909090909091
"2025-01-04 23:00:00","2025-01-05 00:00:00",AA,38,38,0,0,4.973684210526316,0.0,13.157894736842104
"2025-01-04 23:00:00","2025-01-05 00:00:00",DL,37,36,0,1,15.297297297297296,0.0,43.24324324324324
"2025-01-04 23:00:00","2025-01-05 00:00:00",UA,47,47,0,0,29.53191489361702,0.0,36.170212765957444
"2025-01-05 00:00:00","2025-01-05 01:00:00",AA,15,15,0,0,0.5333333333333333,0.0,6.666666666666667
"2025-01-05 00:00:00","2025-01-05 01:00:00",DL,3,3,0,0,-7.666666666666667,0.0,0.0
"2025-01-05 00:00:00","2025-01-05 01:00:00",UA,9,9,0,0,17.444444444444443,0.0,33.333333333333336
"2025-01-05 01:00:00","2025-01-05 02:00:00",AA,1,1,0,0,318.0,0.0,100.0
"2025-01-05 01:00:00","2025-01-05 02:00:00",DL,2,2,0,0,-2.0,0.0,0.0
"2025-01-05 01:00:00","2025-01-05 02:00:00",UA,1,1,0,0,4.0,0.0,0.0
"2025-01-05 02:00:00","2025-01-05 03:00:00",UA,1,1,0,0,1.0,0.0,0.0
"2025-01-05 03:00:00","2025-01-05 04:00:00",DL,1,1,0,0,-1.0,0.0,0.0
"2025-01-05 05:00:00","2025-01-05 06:00:00",AA,120,113,7,0,6.0265486725663715,5.833333333333333,7.964601769911504
"2025-01-05 05:00:00","2025-01-05 06:00:00",DL,60,58,2,0,21.53448275862069,3.3333333333333335,12.068965517241379
"2025-01-05 05:00:00","2025-01-05 06:00:00",UA,46,45,1,0,-1.9777777777777779,2.1739130434782608,4.444444444444445
"2025-01-05 05:00:00","2025-01-05 06:00:00",WN,217,195,22,0,6.107692307692307,10.138248847926267,10.76923076923077
"2025-01-05 06:00:00","2025-01-05 07:00:00",AA,178,174,2,2,7.7102272727272725,1.1235955056179776,10.795454545454545
"2025-01-05 06:00:00","2025-01-05 07:00:00",DL,176,173,3,0,17.739884393063583,1.7045454545454546,18.497109826589597
"2025-01-05 06:00:00","2025-01-05 07:00:00",UA,128,125,2,1,2.8174603174603177,1.5625,7.142857142857143
"2025-01-05 06:00:00","2025-01-05 07:00:00",WN,292,265,27,0,2.2867924528301886,9.246575342465754,8.30188679245283
"2025-01-05 07:00:00","2025-01-05 08:00:00",AA,196,192,4,0,11.630208333333334,2.0408163265306123,16.666666666666668
"2025-01-05 07:00:00","2025-01-05 08:00:00",DL,219,217,2,0,6.894009216589862,0.91324200913242,12.442396313364055
"2025-01-05 07:00:00","2025-01-05 08:00:00",UA,173,169,2,2,13.947368421052632,1.1560693641618498,10.526315789473685
"2025-01-05 07:00:00","2025-01-05 08:00:00",WN,218,193,25,0,4.269430051813472,11.46788990825688,9.32642487046632
"2025-01-05 08:00:00","2025-01-05 09:00:00",AA,183,178,3,2,26.17222222222222,1.639344262295082,24.444444444444443
"2025-01-05 08:00:00","2025-01-05 09:00:00",DL,163,159,3,1,11.25625,1.8404907975460123,17.5
"2025-01-05 08:00:00","2025-01-05 09:00:00",UA,173,168,4,1,16.775147928994084,2.3121387283236996,22.485207100591715
"2025-01-05 08:00:00","2025-01-05 09:00:00",WN,253,235,16,2,6.987341772151899,6.324110671936759,17.29957805907173
"2025-01-05 09:00:00","2025-01-05 10:00:00",AA,133,127,6,0,23.511811023622048,4.511278195488722,22.834645669291337
"2025-01-05 09:00:00","2025-01-05 10:00:00",DL,126,124,1,1,11.56,0.7936507936507936,24.0
"2025-01-05 09:00:00","2025-01-05 10:00:00",UA,118,113,5,0,15.026548672566372,4.237288135593221,23.008849557522122
"2025-01-05 09:00:00","2025-01-05 10:00:00",WN,233,219,14,0,13.178082191780822,6.008583690987124,26.940639269406393
"2025-01-05 10:00:00","2025-01-05 11:00:00",AA,145,141,4,0,41.40425531914894,2.7586206896551726,37.5886524822695
"2025-01-05 10:00:00","2025-01-05 11:00:00",DL,140,134,5,1,14.911111111111111,3.5714285714285716,24.444444444444443
"2025-01-05 10:00:00","2025-01-05 11:00:00",UA,106,101,2,3,12.288461538461538,1.8867924528301887,26.923076923076923
"2025-01-05 10:00:00","2025-01-05 11:00:00",WN,231,210,20,1,8.919431279620854,8.658008658008658,23.222748815165875
"2025-01-05 11:00:00","2025-01-05 12:00:00",AA,156,151,4,1,31.138157894736842,2.5641025641025643,40.13157894736842
"2025-01-05 11:00:00","2025-01-05 12:00:00",DL,186,183,1,2,22.194594594594594,0.5376344086021505,31.35135135135135
"2025-01-05 11:00:00","2025-01-05 12:00:00",UA,115,114,0,1,21.695652173913043,0.0,40.869565217391305
"2025-01-05 11:00:00","2025-01-05 12:00:00",WN,216,199,17,0,14.4321608040201,7.87037037037037,25.628140703517587
"2025-01-05 12:00:00","2025-01-05 13:00:00",AA,139,131,7,1,82.22727272727273,5.0359712230215825,51.515151515151516
"2025-01-05 12:00:00","2025-01-05 13:00:00",DL,151,147,3,1,15.662162162162161,1.9867549668874172,29.054054054054053
"2025-01-05 12:00:00","2025-01-05 13:00:00",UA,109,102,2,5,10.77570093457944,1.834862385321101,14.018691588785046
"2025-01-05 12:00:00","2025-01-05 13:00:00",WN,256,230,25,1,16.194805194805195,9.765625,32.900432900432904
"2025-01-05 13:00:00","2025-01-05 14:00:00",AA,151,143,7,1,52.53472222222222,4.635761589403973,45.833333333333336
"2025-01-05 13:00:00","2025-01-05 14:00:00",DL,139,137,2,0,20.145985401459853,1.4388489208633093,30.656934306569344
"2025-01-05 13:00:00","2025-01-05 14:00:00",UA,128,121,5,2,18.520325203252032,3.90625,23.577235772357724
"2025-01-05 13:00:00","2025-01-05 14:00:00",WN,217,197,20,0,17.299492385786802,9.216589861751151,32.48730964467005
"2025-01-05 14:00:00","2025-01-05 15:00:00",AA,140,125,15,0,64.328,10.714285714285714,52.0
"2025-01-05 14:00:00","2025-01-05 15:00:00",DL,139,134,5,0,24.52238805970149,3.597122302158273,40.298507462686565
"2025-01-05 14:00:00","2025-01-05 15:00:00",UA,118,117,1,0,38.23076923076923,0.847457627118644,34.18803418803419
"2025-01-05 14:00:00","2025-01-05 15:00:00",WN,227,203,23,1,22.004901960784313,10.13215859030837,47.05882352941177
"2025-01-05 15:00:00","2025-01-05 16:00:00",AA,120,108,11,1,89.45871559633028,9.166666666666666,60.55045871559633
"2025-01-05 15:00:00","2025-01-05 16:00:00",DL,161,156,3,2,24.803797468354432,1.8633540372670807,41.139240506329116
"2025-01-05 15:00:00","2025-01-05 16:00:00",UA,80,77,2,1,19.166666666666668,2.5,33.333333333333336
"2025-01-05 15:00:00","2025-01-05 16:00:00",WN,241,219,21,1,27.14090909090909,8.71369294605809,55.0
"2025-01-05 16:00:00","2025-01-05 17:00:00",AA,154,131,22,1,35.21969696969697,14.285714285714286,40.15151515151515
"2025-01-05 16:00:00","2025-01-05 17:00:00",DL,129,122,7,0,20.90983606557377,5.426356589147287,34.42622950819672
"2025-01-05 16:00:00","2025-01-05 17:00:00",UA,131,118,12,1,31.89075630252101,9.16030534351145,37.81512605042017
"2025-01-05 16:00:00","2025-01-05 17:00:00",WN,226,208,18,0,28.754807692307693,7.964601769911504,62.01923076923077
"2025-01-05 17:00:00","2025-01-05 18:00:00",AA,159,132,27,0,49.234848484848484,16.9811320754717,45.45454545454545
"2025-01-05 17:00:00","2025-01-05 18:00:00",DL,144,135,7,2,26.335766423357665,4.861111111111111,38.68613138686131
"2025-01-05 17:00:00","2025-01-05 18:00:00",UA,127,116,9,2,58.16949152542373,7.086614173228346,46.610169491525426
"2025-01-05 17:00:00","2025-01-05 18:00:00",WN,208,192,16,0,29.359375,7.6923076923076925,51.041666666666664
"2025-01-05 18:00:00","2025-01-05 19:00:00",AA,167,139,27,1,55.52142857142857,16.167664670658684,52.142857142857146
"2025-01-05 18:00:00","2025-01-05 19:00:00",DL,159,151,8,0,33.34437086092715,5.031446540880503,35.09933774834437
"2025-01-05 18:00:00","2025-01-05 19:00:00",UA,145,132,13,0,48.015151515151516,8.96551724137931,42.42424242424242
"2025-01-05 18:00:00","2025-01-05 19:00:00",WN,246,219,26,1,29.554545454545455,10.56910569105691,56.81818181818182
"2025-01-05 19:00:00","2025-01-05 20:00:00",AA,154,116,38,0,73.20689655172414,24.675324675324674,49.13793103448276
"2025-01-05 19:00:00","2025-01-05 20:00:00",DL,143,137,5,1,22.891304347826086,3.4965034965034967,42.7536231884058
"2025-01-05 19:00:00","2025-01-05 20:00:00",UA,109,104,5,0,50.30769230769231,4.587155963302752,40.38461538461539
"2025-01-05 19:00:00","2025-01-05 20:00:00",WN,213,196,17,0,26.709183673469386,7.981220657276995,50.0
"2025-01-05 20:00:00","2025-01-05 21:00:00",AA,139,98,41,0,50.234693877551024,29.496402877697843,51.02040816326531
"2025-01-05 20:00:00","2025-01-05 21:00:00",DL,83,77,6,0,28.038961038961038,7.228915662650603,38.96103896103896
"2025-01-05 20:00:00","2025-01-05 21:00:00",UA,115,102,13,0,38.86274509803921,11.304347826086957,45.09803921568628
"2025-01-05 20:00:00","2025-01-05 21:00:00",WN,279,246,32,1,34.5668016194332,11.469534050179211,59.91902834008097
"2025-01-05 21:00:00","2025-01-05 22:00:00",AA,99,75,24,0,54.8,24.242424242424242,42.666666666666664
"2025-01-05 21:00:00","2025-01-05 22:00:00",DL,96,93,3,0,15.516129032258064,3.125,33.333333333333336
"2025-01-05 21:00:00","2025-01-05 22:00:00",UA,61,53,8,0,57.679245283018865,13.114754098360656,64.15094339622641
"2025-01-05 21:00:00","2025-01-05 22:00:00",WN,185,167,17,1,32.273809523809526,9.18918918918919,60.11904761904762
"2025-01-05 22:00:00","2025-01-05 23:00:00",AA,91,78,12,1,70.9873417721519,13.186813186813186,50.63291139240506
"2025-01-05 22:00:00","2025-01-05 23:00:00",DL,101,96,4,1,18.989690721649485,3.9603960396039604,30.927835051546392
"2025-01-05 22:00:00","2025-01-05 23:00:00",UA,49,46,2,1,29.19148936170213,4.081632653061225,29.78723404255319
"2025-01-05 22:00:00","2025-01-05 23:00:00",WN,132,105,27,0,40.17142857142857,20.454545454545453,66.66666666666667
"2025-01-05 23:00:00","2025-01-06 00:00:00",AA,43,41,2,0,40.78048780487805,4.651162790697675,31.70731707317073
"2025-01-05 23:00:00","2025-01-06 00:00:00",DL,37,37,0,0,15.972972972972974,0.0,24.324324324324323
"2025-01-05 23:00:00","2025-01-06 00:00:00",UA,49,37,12,0,75.51351351351352,24.489795918367346,29.72972972972973
"2025-01-06 00:00:00","2025-01-06 01:00:00",AA,18,16,2,0,17.125,11.11111111111111,31.25
"2025-01-06 00:00:00","2025-01-06 01:00:00",DL,2,2,0,0,10.5,0.0,50.0
"2025-01-06 00:00:00","2025-01-06 01:00:00",UA,9,9,0,0,8.0,0.0,11.11111111111111
"2025-01-06 01:00:00","2025-01-06 02:00:00",AA,2,2,0,0,-12.0,0.0,0.0
"2025-01-06 01:00:00","2025-01-06 02:00:00",DL,2,2,0,0,15.5,0.0,50.0
"2025-01-06 01:00:00","2025-01-06 02:00:00",UA,1,1,0,0,29.0,0.0,100.0
"2025-01-06 02:00:00","2025-01-06 03:00:00",UA,1,1,0,0,-9.0,0.0,0.0
"2025-01-06 03:00:00","2025-01-06 04:00:00",DL,1,1,0,0,-3.0,0.0,0.0
"2025-01-06 05:00:00","2025-01-06 06:00:00",AA,120,85,35,0,24.75294117647059,29.166666666666668,17.647058823529413
"2025-01-06 05:00:00","2025-01-06 06:00:00",DL,66,63,3,0,8.746031746031745,4.545454545454546,12.698412698412698
"2025-01-06 05:00:00","2025-01-06 06:00:00",UA,47,46,1,0,15.173913043478262,2.127659574468085,13.043478260869565
"2025-01-06 05:00:00","2025-01-06 06:00:00",WN,26,22,4,0,0.4090909090909091,15.384615384615385,4.545454545454546
"2025-01-06 06:00:00","2025-01-06 07:00:00",AA,181,143,37,1,16.17361111111111,20.441988950276244,18.75
"2025-01-06 06:00:00","2025-01-06 07:00:00",DL,176,159,17,0,10.345911949685535,9.659090909090908,11.320754716981131
"2025-01-06 06:00:00","2025-01-06 07:00:00",UA,137,115,21,1,18.870689655172413,15.328467153284672,17.24137931034483
"2025-01-06 06:00:00","2025-01-06 07:00:00",WN,260,195,65,0,19.06153846153846,25.0,11.794871794871796
"2025-01-06 07:00:00","2025-01-06 08:00:00",AA,198,175,22,1,20.09090909090909,11.11111111111111,25.0
"2025-01-06 07:00:00","2025-01-06 08:00:00",DL,220,208,12,0,11.735576923076923,5.454545454545454,17.78846153846154
"2025-01-06 07:00:00","2025-01-06 08:00:00",UA,176,167,8,1,20.232142857142858,4.545454545454546,23.80952380952381
"2025-01-06 07:00:00","2025-01-06 08:00:00",WN,236,199,37,0,9.462311557788945,15.677966101694915,11.055276381909549
"2025-01-06 08:00:00","2025-01-06 09:00:00",AA,187,162,23,2,26.426829268292682,12.29946524064171,30.48780487804878
"2025-01-06 08:00:00","2025-01-06 09:00:00",DL,160,153,7,0,13.594771241830065,4.375,17.647058823529413
"2025-01-06 08:00:00","2025-01-06 09:00:00",UA,177,155,21,1,28.647435897435898,11.864406779661017,28.846153846153847
"2025-01-06 08:00:00","2025-01-06 09:00:00",WN,240,202,38,0,8.574257425742575,15.833333333333334,14.851485148514852
"2025-01-06 09:00:00","2025-01-06 10:00:00",AA,139,129,10,0,36.87596899224806,7.194244604316546,48.83720930232558
"2025-01-06 09:00:00","2025-01-06 10:00:00",DL,122,119,2,1,21.916666666666668,1.639344262295082,21.666666666666668
"2025-01-06 09:00:00","2025-01-06 10:00:00",UA,128,122,6,0,29.852459016393443,4.6875,36.0655737704918
"2025-01-06 09:00:00","2025-01-06 10:00:00",WN,242,207,35,0,24.318840579710145,14.462809917355372,26.570048309178745
"2025-01-06 10:00:00","2025-01-06 11:00:00",AA,137,127,10,0,36.83464566929134,7.299270072992701,55.118110236220474
"2025-01-06 10:00:00","2025-01-06 11:00:00",DL,143,140,3,0,11.207142857142857,2.097902097902098,17.857142857142858
"2025-01-06 10:00:00","2025-01-06 11:00:00",UA,110,109,1,0,32.53211009174312,0.9090909090909091,39.44954128440367
"2025-01-06 10:00:00","2025-01-06 11:00:00",WN,223,187,36,0,18.245989304812834,16.143497757847534,32.62032085561497
"2025-01-06 11:00:00","2025-01-06 12:00:00",AA,156,143,13,0,31.314685314685313,8.333333333333334,44.75524475524475
"2025-01-06 11:00:00","2025-01-06 12:00:00",DL,184,183,1,0,19.48633879781421,0.5434782608695652,26.775956284153004
"2025-01-06 11:00:00","2025-01-06 12:00:00",UA,120,115,4,1,33.1551724137931,3.3333333333333335,38.793103448275865
"2025-01-06 11:00:00","2025-01-06 12:00:00",WN,244,216,27,1,26.322580645161292,11.065573770491802,29.493087557603687
"2025-01-06 12:00:00","2025-01-06 13:00:00",AA,141,135,5,1,52.11764705882353,3.5460992907801416,55.88235294117647
"2025-01-06 12:00:00","2025-01-06 13:00:00",DL,144,143,1,0,20.58041958041958,0.6944444444444444,30.76923076923077
"2025-01-06 12:00:00","2025-01-06 13:00:00",UA,115,106,8,1,36.35514018691589,6.956521739130435,45.794392523364486
"2025-01-06 12:00:00","2025-01-06 13:00:00",WN,214,197,17,0,33.23857868020305,7.94392523364486,41.11675126903553
"2025-01-06 13:00:00","2025-01-06 14:00:00",AA,144,133,11,0,50.19548872180451,7.638888888888889,52.63157894736842
"2025-01-06 13:00:00","2025-01-06 14:00:00",DL,135,135,0,0,13.977777777777778,0.0,25.925925925925927
"2025-01-06 13:00:00","2025-01-06 14:00:00",UA,128,121,7,0,40.8099173553719,5.46875,47.107438016528924
"2025-01-06 13:00:00","2025-01-06 14:00:00",WN,238,212,26,0,36.33490566037736,10.92436974789916,42.924528301886795
"2025-01-06 14:00:00","2025-01-06 15:00:00",AA,134,126,7,1,47.188976377952756,5.223880597014926,59.84251968503937
"2025-01-06 14:00:00","2025-01-06 15:00:00",DL,120,118,1,1,21.54621848739496,0.8333333333333334,32.773109243697476
"2025-01-06 14:00:00","2025-01-06 15:00:00",UA,120,118,2,0,44.03389830508475,1.6666666666666667,44.91525423728814
"2025-01-06 14:00:00","2025-01-06 15:00:00",WN,233,213,20,0,37.906103286384976,8.583690987124463,45.539906103286384
"2025-01-06 15:00:00","2025-01-06 16:00:00",AA,125,118,7,0,43.83898305084746,5.6,53.389830508474574
"2025-01-06 15:00:00","2025-01-06 16:00:00",DL,166,166,0,0,21.228915662650603,0.0,36.144578313253014
"2025-01-06 15:00:00","2025-01-06 16:00:00",UA,81,78,3,0,39.243589743589745,3.7037037037037037,44.87179487179487
"2025-01-06 15:00:00","2025-01-06 16:00:00",WN,215,187,28,0,37.23529411764706,13.023255813953488,49.73262032085562
"2025-01-06 16:00:00","2025-01-06 17:00:00",AA,142,137,5,0,51.00729927007299,3.5211267605633805,51.824817518248175
"2025-01-06 16:00:00","2025-01-06 17:00:00",DL,108,107,1,0,17.635514018691588,0.9259259259259259,36.44859813084112
"2025-01-06 16:00:00","2025-01-06 17:00:00",UA,136,134,2,0,30.91044776119403,1.4705882352941178,43.28358208955224
"2025-01-06 16:00:00","2025-01-06 17:00:00",WN,248,206,42,0,33.57281553398058,16.93548387096774,46.116504854368934
"2025-01-06 17:00:00","2025-01-06 18:00:00",AA,135,124,11,0,47.233870967741936,8.148148148148149,55.645161290322584
"2025-01-06 17:00:00","2025-01-06 18:00:00",DL,156,154,2,0,16.396103896103895,1.2820512820512822,29.22077922077922
"2025-01-06 17:00:00","2025-01-06 18:00:00",UA,133,125,8,0,42.888,6.015037593984962,45.6
"2025-01-06 17:00:00","2025-01-06 18:00:00",WN,216,185,31,0,38.567567567567565,14.351851851851851,48.648648648648646
"2025-01-06 18:00:00","2025-01-06 19:00:00",AA,153,146,7,0,43.02054794520548,4.57516339869281,59.58904109589041
"2025-01-06 18:00:00","2025-01-06 19:00:00",DL,137,131,5,1,18.492424242424242,3.6496350364963503,24.242424242424242
"2025-01-06 18:00:00","2025-01-06 19:00:00",UA,150,141,8,1,45.74647887323944,5.333333333333333,52.11267605633803
"2025-01-06 18:00:00","2025-01-06 19:00:00",WN,251,208,43,0,35.30288461538461,17.131474103585656,50.48076923076923
"2025-01-06 19:00:00","2025-01-06 20:00:00",AA,132,124,8,0,57.04838709677419,6.0606060606060606,58.87096774193548
"2025-01-06 19:00:00","2025-01-06 20:00:00",DL,121,118,3,0,37.79661016949152,2.479338842975207,46.610169491525426
"2025-01-06 19:00:00","2025-01-06 20:00:00",UA,113,108,5,0,36.47222222222222,4.424778761061947,51.851851851851855
"2025-01-06 19:00:00","2025-01-06 20:00:00",WN,217,190,27,0,31.852631578947367,12.442396313364055,51.578947368421055
"2025-01-06 20:00:00","2025-01-06 21:00:00",AA,121,109,10,2,41.77477477477478,8.264462809917354,50.450450450450454
"2025-01-06 20:00:00","2025-01-06 21:00:00",DL,66,62,4,0,26.741935483870968,6.0606060606060606,32.25806451612903
"2025-01-06 20:00:00","2025-01-06 21:00:00",UA,115,114,1,0,43.92982456140351,0.8695652173913043,58.771929824561404
"2025-01-06 20:00:00","2025-01-06 21:00:00",WN,170,142,28,0,39.063380281690144,16.470588235294116,63.38028169014085
"2025-01-06 21:00:00","2025-01-06 22:00:00",AA,79,76,3,0,35.71052631578947,3.7974683544303796,56.578947368421055
"2025-01-06 21:00:00","2025-01-06 22:00:00",DL,80,78,2,0,10.0,2.5,20.512820512820515
"2025-01-06 21:00:00","2025-01-06 22:00:00",UA,59,59,0,0,33.74576271186441,0.0,49.152542372881356
"2025-01-06 21:00:00","2025-01-06 22:00:00",WN,21,12,9,0,29.166666666666668,42.857142857142854,50.0
"2025-01-06 22:00:00","2025-01-06 23:00:00",AA,83,78,5,0,37.52564102564103,6.024096385542169,41.02564102564103
"2025-01-06 22:00:00","2025-01-06 23:00:00",DL,80,79,0,1,7.0375,0.0,22.5
"2025-01-06 22:00:00","2025-01-06 23:00:00",UA,49,44,5,0,41.0,10.204081632653061,45.45454545454545
"2025-01-06 23:00:00","2025-01-07 00:00:00",AA,38,38,0,0,27.5,0.0,26.31578947368421
"2025-01-06 23:00:00","2025-01-07 00:00:00",DL,21,21,0,0,15.19047619047619,0.0,19.047619047619047
"2025-01-06 23:00:00","2025-01-07 00:00:00",UA,43,41,2,0,11.682926829268293,4.651162790697675,34.146341463414636
"2025-01-07 00:00:00","2025-01-07 01:00:00",AA,5,5,0,0,20.8,0.0,20.0
"2025-01-07 00:00:00","2025-01-07 01:00:00",DL,1,1,0,0,-4.0,0.0,0.0
"2025-01-07 00:00:00","2025-01-07 01:00:00",UA,4,4,0,0,-1.25,0.0,0.0
"2025-01-07 01:00:00","2025-01-07 02:00:00",DL,2,2,0,0,-6.0,0.0,0.0
"2025-01-07 01:00:00","2025-01-07 02:00:00",UA,1,1,0,0,6.0,0.0,0.0
"2025-01-07 02:00:00","2025-01-07 03:00:00",UA,1,1,0,0,18.0,0.0,100.0
"2025-01-07 05:00:00","2025-01-07 06:00:00",AA,84,77,6,1,16.358974358974358,7.142857142857143,20.512820512820515
"2025-01-07 05:00:00","2025-01-07 06:00:00",DL,65,65,0,0,3.9692307692307693,0.0,10.76923076923077
"2025-01-07 05:00:00","2025-01-07 06:00:00",UA,29,29,0,0,40.41379310344828,0.0,17.24137931034483
"2025-01-07 05:00:00","2025-01-07 06:00:00",WN,27,27,0,0,9.333333333333334,0.0,11.11111111111111
"2025-01-07 06:00:00","2025-01-07 07:00:00",AA,158,148,10,0,6.405405405405405,6.329113924050633,14.864864864864865
"2025-01-07 06:00:00","2025-01-07 07:00:00",DL,177,174,3,0,2.913793103448276,1.694915254237288,10.344827586206897
"2025-01-07 06:00:00","2025-01-07 07:00:00",UA,110,106,4,0,4.462264150943396,3.6363636363636362,14.150943396226415
"2025-01-07 06:00:00","2025-01-07 07:00:00",WN,208,177,31,0,5.80225988700565,14.903846153846153,11.299435028248588
"2025-01-07 07:00:00","2025-01-07 08:00:00",AA,162,156,6,0,32.73717948717949,3.7037037037037037,10.256410256410257
"2025-01-07 07:00:00","2025-01-07 08:00:00",DL,212,209,2,1,4.580952380952381,0.9433962264150944,13.333333333333334
"2025-01-07 07:00:00","2025-01-07 08:00:00",UA,155,155,0,0,11.63225806451613,0.0,16.129032258064516
"2025-01-07 07:00:00","2025-01-07 08:00:00",WN,185,169,15,1,8.047058823529412,8.108108108108109,14.117647058823529
"2025-01-07 08:00:00","2025-01-07 09:00:00",AA,174,170,4,0,12.235294117647058,2.2988505747126435,17.647058823529413
"2025-01-07 08:00:00","2025-01-07 09:00:00",DL,159,158,0,1,5.150943396226415,0.0,13.20754716981132
"2025-01-07 08:00:00","2025-01-07 09:00:00",UA,178,174,3,1,11.085714285714285,1.6853932584269662,25.714285714285715
"2025-01-07 08:00:00","2025-01-07 09:00:00",WN,240,218,22,0,9.087155963302752,9.166666666666666,15.596330275229358
"2025-01-07 09:00:00","2025-01-07 10:00:00",AA,127,125,2,0,6.368,1.5748031496062993,14.4
"2025-01-07 09:00:00","2025-01-07 10:00:00",DL,116,115,1,0,3.0695652173913044,0.8620689655172413,12.173913043478262
"2025-01-07 09:00:00","2025-01-07 10:00:00",UA,143,141,1,1,13.845070422535212,0.6993006993006993,26.056338028169016
"2025-01-07 09:00:00","2025-01-07 10:00:00",WN,235,219,14,2,8.904977375565611,5.957446808510638,18.552036199095024
"2025-01-07 10:00:00","2025-01-07 11:00:00",AA,125,124,0,1,9.376,0.0,16.8
"2025-01-07 10:00:00","2025-01-07 11:00:00",DL,128,128,0,0,7.9921875,0.0,20.3125
"2025-01-07 10:00:00","2025-01-07 11:00:00",UA,110,108,2,0,12.694444444444445,1.8181818181818181,24.074074074074073
"2025-01-07 10:00:00","2025-01-07 11:00:00",WN,198,177,20,1,13.174157303370787,10.1010101010101,24.15730337078652
"2025-01-07 11:00:00","2025-01-07 12:00:00",AA,144,143,1,0,7.1678321678321675,0.6944444444444444,18.181818181818183
"2025-01-07 11:00:00","2025-01-07 12:00:00",DL,169,168,0,1,6.662721893491124,0.0,21.893491124260354
"2025-01-07 11:00:00","2025-01-07 12:00:00",UA,114,111,2,1,27.080357142857142,1.7543859649122806,39.285714285714285
"2025-01-07 11:00:00","2025-01-07 12:00:00",WN,263,244,19,0,18.475409836065573,7.224334600760456,33.60655737704918
"2025-01-07 12:00:00","2025-01-07 13:00:00",AA,130,129,1,0,7.449612403100775,0.7692307692307693,13.953488372093023
"2025-01-07 12:00:00","2025-01-07 13:00:00",DL,145,145,0,0,7.144827586206897,0.0,20.689655172413794
"2025-01-07 12:00:00","2025-01-07 13:00:00",UA,132,131,1,0,8.755725190839694,0.7575757575757576,19.84732824427481
"2025-01-07 12:00:00","2025-01-07 13:00:00",WN,181,176,5,0,21.272727272727273,2.7624309392265194,40.34090909090909
"2025-01-07 13:00:00","2025-01-07 14:00:00",AA,124,122,2,0,10.573770491803279,1.6129032258064515,18.852459016393443
"2025-01-07 13:00:00","2025-01-07 14:00:00",DL,129,128,1,0,1.0390625,0.7751937984496124,13.28125
"2025-01-07 13:00:00","2025-01-07 14:00:00",UA,125,121,4,0,18.107438016528924,3.2,36.36363636363637
"2025-01-07 13:00:00","2025-01-07 14:00:00",WN,240,225,13,2,17.718061674008812,5.416666666666667,39.20704845814978
"2025-01-07 14:00:00","2025-01-07 15:00:00",AA,128,128,0,0,7.6171875,0.0,18.75
"2025-01-07 14:00:00","2025-01-07 15:00:00",DL,109,109,0,0,6.055045871559633,0.0,11.926605504587156
"2025-01-07 14:00:00","2025-01-07 15:00:00",UA,114,114,0,0,17.640350877192983,0.0,27.19298245614035
"2025-01-07 14:00:00","2025-01-07 15:00:00",WN,217,205,12,0,22.526829268292683,5.529953917050691,46.34146341463415
"2025-01-07 15:00:00","2025-01-07 16:00:00",AA,113,113,0,0,3.8230088495575223,0.0,8.849557522123893
"2025-01-07 15:00:00","2025-01-07 16:00:00",DL,149,149,0,0,10.906040268456376,0.0,28.187919463087248
"2025-01-07 15:00:00","2025-01-07 16:00:00",UA,78,76,2,0,17.355263157894736,2.5641025641025643,25.0
"2025-01-07 15:00:00","2025-01-07 16:00:00",WN,228,212,16,0,21.4811320754717,7.017543859649122,41.9811320754717
"2025-01-07 16:00:00","2025-01-07 17:00:00",AA,123,122,1,0,3.1065573770491803,0.8130081300813008,13.934426229508198
"2025-01-07 16:00:00","2025-01-07 17:00:00",DL,94,94,0,0,3.7872340425531914,0.0,13.829787234042554
"2025-01-07 16:00:00","2025-01-07 17:00:00",UA,115,113,2,0,20.36283185840708,1.7391304347826086,30.088495575221238
"2025-01-07 16:00:00","2025-01-07 17:00:00",WN,203,196,7,0,21.183673469387756,3.4482758620689653,42.3469387755102
"2025-01-07 17:00:00","2025-01-07 18:00:00",AA,144,143,0,1,6.784722222222222,0.0,22.22222222222222
"2025-01-07 17:00:00","2025-01-07 18:00:00",DL,154,154,0,0,5.876623376623376,0.0,13.636363636363637
"2025-01-07 17:00:00","2025-01-07 18:00:00",UA,132,132,0,0,20.318181818181817,0.0,40.15151515151515
"2025-01-07 17:00:00","2025-01-07 18:00:00",WN,193,182,8,3,21.924324324324324,4.1450777202072535,50.810810810810814
"2025-01-07 18:00:00","2025-01-07 19:00:00",AA,134,133,0,1,9.895522388059701,0.0,19.402985074626866
"2025-01-07 18:00:00","2025-01-07 19:00:00",DL,120,120,0,0,6.241666666666666,0.0,22.5
"2025-01-07 18:00:00","2025-01-07 19:00:00",UA,118,117,0,1,12.847457627118644,0.0,23.728813559322035
"2025-01-07 18:00:00","2025-01-07 19:00:00",WN,262,253,9,0,21.130434782608695,3.435114503816794,46.24505928853755
"2025-01-07 19:00:00","2025-01-07 20:00:00",AA,100,99,0,1,9.51,0.0,25.0
"2025-01-07 19:00:00","2025-01-07 20:00:00",DL,82,82,0,0,12.073170731707316,0.0,17.073170731707318
"2025-01-07 19:00:00","2025-01-07 20:00:00",UA,91,88,1,2,8.422222222222222,1.098901098901099,21.11111111111111
"2025-01-07 19:00:00","2025-01-07 20:00:00",WN,115,102,11,2,11.384615384615385,9.565217391304348,29.807692307692307
"2025-01-07 20:00:00","2025-01-07 21:00:00",AA,78,78,0,0,13.320512820512821,0.0,21.794871794871796
"2025-01-07 20:00:00","2025-01-07 21:00:00",DL,71,71,0,0,15.830985915492958,0.0,30.985915492957748
"2025-01-07 20:00:00","2025-01-07 21:00:00",UA,74,73,1,0,11.04109589041096,1.3513513513513513,20.54794520547945
"2025-01-07 20:00:00","2025-01-07 21:00:00",WN,167,150,16,1,20.4635761589404,9.580838323353293,47.682119205298015
"2025-01-07 21:00:00","2025-01-07 22:00:00",AA,77,76,0,1,8.727272727272727,0.0,12.987012987012987
"2025-01-07 21:00:00","2025-01-07 22:00:00",DL,60,58,0,2,20.0,0.0,31.666666666666668
"2025-01-07 21:00:00","2025-01-07 22:00:00",UA,23,23,0,0,9.08695652173913,0.0,26.08695652173913
"2025-01-07 21:00:00","2025-01-07 22:00:00",WN,16,14,2,0,9.285714285714286,12.5,14.285714285714286
"2025-01-07 22:00:00","2025-01-07 23:00:00",AA,54,54,0,0,13.62962962962963,0.0,12.962962962962964
"2025-01-07 22:00:00","2025-01-07 23:00:00",DL,79,79,0,0,8.886075949367088,0.0,24.050632911392405
"2025-01-07 22:00:00","2025-01-07 23:00:00",UA,21,21,0,0,9.19047619047619,0.0,14.285714285714286
"2025-01-07 23:00:00","2025-01-08 00:00:00",AA,19,18,0,1,3.6842105263157894,0.0,15.789473684210526
"2025-01-07 23:00:00","2025-01-08 00:00:00",DL,19,19,0,0,6.684210526315789,0.0,15.789473684210526
"2025-01-07 23:00:00","2025-01-08 00:00:00",UA,25,25,0,0,-0.88,0.0,12.0
"2025-01-08 00:00:00","2025-01-08 01:00:00",AA,5,5,0,0,-0.2,0.0,20.0
"2025-01-08 00:00:00","2025-01-08 01:00:00",DL,1,1,0,0,-13.0,0.0,0.0
"2025-01-08 00:00:00","2025-01-08 01:00:00",UA,3,3,0,0,-0.6666666666666666,0.0,0.0
"2025-01-08 01:00:00","2025-01-08 02:00:00",DL,2,2,0,0,2.5,0.0,0.0
"2025-01-08 01:00:00","2025-01-08 02:00:00",UA,1,1,0,0,12.0,0.0,0.0
"2025-01-08 02:00:00","2025-01-08 03:00:00",UA,1,1,0,0,-6.0,0.0,0.0
"2025-01-08 05:00:00","2025-01-08 06:00:00",AA,81,81,0,0,-3.259259259259259,0.0,3.7037037037037037
"2025-01-08 05:00:00","2025-01-08 06:00:00",DL,65,65,0,0,0.015384615384615385,0.0,6.153846153846154
"2025-01-08 05:00:00","2025-01-08 06:00:00",UA,25,24,1,0,1.5833333333333333,4.0,4.166666666666667
"2025-01-08 05:00:00","2025-01-08 06:00:00",WN,29,29,0,0,-0.7931034482758621,0.0,3.4482758620689653
"2025-01-08 06:00:00","2025-01-08 07:00:00",AA,166,164,1,1,2.581818181818182,0.6024096385542169,6.666666666666667
"2025-01-08 06:00:00","2025-01-08 07:00:00",DL,174,174,0,0,12.64367816091954,0.0,5.172413793103448
"2025-01-08 06:00:00","2025-01-08 07:00:00",UA,110,110,0,0,-1.2,0.0,4.545454545454546
"2025-01-08 06:00:00","2025-01-08 07:00:00",WN,219,214,5,0,0.46261682242990654,2.2831050228310503,4.205607476635514
"2025-01-08 07:00:00","2025-01-08 08:00:00",AA,164,164,0,0,8.140243902439025,0.0,10.365853658536585
"2025-01-08 07:00:00","2025-01-08 08:00:00",DL,214,214,0,0,0.3317757009345794,0.0,6.074766355140187
"2025-01-08 07:00:00","2025-01-08 08:00:00",UA,153,151,2,0,5.198675496688741,1.3071895424836601,10.596026490066226
"2025-01-08 07:00:00","2025-01-08 08:00:00",WN,188,173,14,1,-1.2011494252873562,7.446808510638298,2.8735632183908044
"2025-01-08 08:00:00","2025-01-08 09:00:00",AA,186,186,0,0,4.817204301075269,0.0,12.365591397849462
"2025-01-08 08:00:00","2025-01-08 09:00:00",DL,161,161,0,0,2.527950310559006,0.0,8.695652173913043
"2025-01-08 08:00:00","2025-01-08 09:00:00",UA,174,172,2,0,1.063953488372093,1.1494252873563218,7.558139534883721
"2025-01-08 08:00:00","2025-01-08 09:00:00",WN,242,236,6,0,0.7161016949152542,2.479338842975207,6.779661016949152
"2025-01-08 09:00:00","2025-01-08 10:00:00",AA,134,132,0,2,4.2835820895522385,0.0,12.686567164179104
"2025-01-08 09:00:00","2025-01-08 10:00:00",DL,117,117,0,0,3.0256410256410255,0.0,11.11111111111111
"2025-01-08 09:00:00","2025-01-08 10:00:00",UA,135,135,0,0,6.162962962962963,0.0,11.11111111111111
"2025-01-08 09:00:00","2025-01-08 10:00:00",WN,233,219,13,1,5.490909090909091,5.579399141630901,13.181818181818182
"2025-01-08 10:00:00","2025-01-08 11:00:00",AA,130,130,0,0,12.569230769230769,0.0,18.46153846153846
"2025-01-08 10:00:00","2025-01-08 11:00:00",DL,133,133,0,0,1.7669172932330828,0.0,15.037593984962406
"2025-01-08 10:00:00","2025-01-08 11:00:00",UA,113,112,1,0,4.982142857142857,0.8849557522123894,10.714285714285714
"2025-01-08 10:00:00","2025-01-08 11:00:00",WN,201,194,5,2,2.6989795918367347,2.487562189054726,9.183673469387756
"2025-01-08 11:00:00","2025-01-08 12:00:00",AA,144,143,0,1,10.458333333333334,0.0,15.972222222222221
"2025-01-08 11:00:00","2025-01-08 12:00:00",DL,171,170,0,1,3.3976608187134505,0.0,11.695906432748538
"2025-01-08 11:00:00","2025-01-08 12:00:00",UA,115,115,0,0,10.756521739130434,0.0,16.52173913043478
"2025-01-08 11:00:00","2025-01-08 12:00:00",WN,264,258,5,1,5.957528957528957,1.893939393939394,13.8996138996139
"2025-01-08 12:00:00","2025-01-08 13:00:00",AA,132,131,0,1,10.265151515151516,0.0,15.151515151515152
"2025-01-08 12:00:00","2025-01-08 13:00:00",DL,148,148,0,0,2.6824324324324325,0.0,12.837837837837839
"2025-01-08 12:00:00","2025-01-08 13:00:00",UA,128,128,0,0,7.1015625,0.0,15.625
"2025-01-08 12:00:00","2025-01-08 13:00:00",WN,181,179,2,0,5.418994413407821,1.1049723756906078,12.29050279329609
"2025-01-08 13:00:00","2025-01-08 14:00:00",AA,123,123,0,0,12.479674796747968,0.0,14.634146341463415
"2025-01-08 13:00:00","2025-01-08 14:00:00",DL,123,123,0,0,4.9105691056910565,0.0,15.447154471544716
"2025-01-08 13:00:00","2025-01-08 14:00:00",UA,128,126,2,0,4.23015873015873,1.5625,11.904761904761905
"2025-01-08 13:00:00","2025-01-08 14:00:00",WN,236,232,3,1,5.021459227467811,1.271186440677966,15.450643776824034
"2025-01-08 14:00:00","2025-01-08 15:00:00",AA,138,133,5,0,10.729323308270677,3.6231884057971016,20.30075187969925
"2025-01-08 14:00:00","2025-01-08 15:00:00",DL,113,113,0,0,0.911504424778761,0.0,10.619469026548673
"2025-01-08 14:00:00","2025-01-08 15:00:00",UA,115,115,0,0,1.6347826086956523,0.0,9.565217391304348
"2025-01-08 14:00:00","2025-01-08 15:00:00",WN,220,220,0,0,5.968181818181818,0.0,14.090909090909092
"2025-01-08 15:00:00","2025-01-08 16:00:00",AA,114,107,7,0,4.233644859813084,6.140350877192983,14.953271028037383
"2025-01-08 15:00:00","2025-01-08 16:00:00",DL,155,155,0,0,1.5290322580645161,0.0,10.96774193548387
"2025-01-08 15:00:00","2025-01-08 16:00:00",UA,83,83,0,0,3.891566265060241,0.0,14.457831325301205
"2025-01-08 15:00:00","2025-01-08 16:00:00",WN,231,230,1,0,4.939130434782609,0.4329004329004329,14.347826086956522
"2025-01-08 16:00:00","2025-01-08 17:00:00",AA,129,118,11,0,11.347457627118644,8.527131782945736,19.491525423728813
"2025-01-08 16:00:00","2025-01-08 17:00:00",DL,95,95,0,0,1.7894736842105263,0.0,13.68421052631579
"2025-01-08 16:00:00","2025-01-08 17:00:00",UA,119,119,0,0,6.983193277310924,0.0,14.285714285714286
"2025-01-08 16:00:00","2025-01-08 17:00:00",WN,206,205,1,0,5.107317073170732,0.4854368932038835,13.658536585365853
"2025-01-08 17:00:00","2025-01-08 18:00:00",AA,153,137,16,0,16.014598540145986,10.457516339869281,21.16788321167883
"2025-01-08 17:00:00","2025-01-08 18:00:00",DL,158,158,0,0,-2.2341772151898733,0.0,6.329113924050633
"2025-01-08 17:00:00","2025-01-08 18:00:00",UA,145,144,1,0,6.055555555555555,0.6896551724137931,12.5
"2025-01-08 17:00:00","2025-01-08 18:00:00",WN,194,190,2,2,7.161458333333333,1.0309278350515463,16.145833333333332
"2025-01-08 18:00:00","2025-01-08 19:00:00",AA,134,127,7,0,11.4251968503937,5.223880597014926,23.62204724409449
"2025-01-08 18:00:00","2025-01-08 19:00:00",DL,124,124,0,0,1.903225806451613,0.0,10.483870967741936
"2025-01-08 18:00:00","2025-01-08 19:00:00",UA,125,125,0,0,6.976,0.0,11.2
"2025-01-08 18:00:00","2025-01-08 19:00:00",WN,260,259,1,0,6.652509652509653,0.38461538461538464,20.077220077220076
"2025-01-08 19:00:00","2025-01-08 20:00:00",AA,104,99,5,0,22.77777777777778,4.8076923076923075,34.343434343434346
"2025-01-08 19:00:00","2025-01-08 20:00:00",DL,93,93,0,0,1.5376344086021505,0.0,15.053763440860216
"2025-01-08 19:00:00","2025-01-08 20:00:00",UA,100,100,0,0,4.23,0.0,17.0
"2025-01-08 19:00:00","2025-01-08 20:00:00",WN,118,117,1,0,6.487179487179487,0.847457627118644,14.52991452991453
"2025-01-08 20:00:00","2025-01-08 21:00:00",AA,80,77,3,0,7.662337662337662,3.75,22.07792207792208
"2025-01-08 20:00:00","2025-01-08 21:00:00",DL,69,69,0,0,1.3623188405797102,0.0,11.594202898550725
"2025-01-08 20:00:00","2025-01-08 21:00:00",UA,81,80,1,0,4.575,1.2345679012345678,11.25
"2025-01-08 20:00:00","2025-01-08 21:00:00",WN,167,167,0,0,5.179640718562874,0.0,14.970059880239521
"2025-01-08 21:00:00","2025-01-08 22:00:00",AA,76,71,5,0,16.450704225352112,6.578947368421052,19.718309859154928
"2025-01-08 21:00:00","2025-01-08 22:00:00",DL,67,67,0,0,-1.0298507462686568,0.0,4.477611940298507
"2025-01-08 21:00:00","2025-01-08 22:00:00",UA,27,27,0,0,4.296296296296297,0.0,18.51851851851852
"2025-01-08 21:00:00","2025-01-08 22:00:00",WN,15,15,0,0,8.866666666666667,0.0,20.0
"2025-01-08 22:00:00","2025-01-08 23:00:00",AA,56,55,1,0,3.090909090909091,1.7857142857142858,18.181818181818183
"2025-01-08 22:00:00","2025-01-08 23:00:00",DL,74,74,0,0,-1.1756756756756757,0.0,4.054054054054054
"2025-01-08 22:00:00","2025-01-08 23:00:00",UA,24,24,0,0,4.041666666666667,0.0,12.5
"2025-01-08 23:00:00","2025-01-09 00:00:00",AA,20,20,0,0,-0.25,0.0,5.0
"2025-01-08 23:00:00","2025-01-09 00:00:00",DL,21,21,0,0,2.5238095238095237,0.0,14.285714285714286
"2025-01-08 23:00:00","2025-01-09 00:00:00",UA,27,27,0,0,2.4814814814814814,0.0,25.925925925925927
"2025-01-09 00:00:00","2025-01-09 01:00:00",AA,7,7,0,0,2.142857142857143,0.0,14.285714285714286
"2025-01-09 00:00:00","2025-01-09 01:00:00",DL,1,1,0,0,-8.0,0.0,0.0
"2025-01-09 00:00:00","2025-01-09 01:00:00",UA,3,3,0,0,1.3333333333333333,0.0,0.0
"2025-01-09 01:00:00","2025-01-09 02:00:00",DL,2,2,0,0,-9.5,0.0,0.0
"2025-01-09 01:00:00","2025-01-09 02:00:00",UA,1,1,0,0,12.0,0.0,0.0
"2025-01-09 02:00:00","2025-01-09 03:00:00",UA,1,1,0,0,19.0,0.0,100.0
"2025-01-09 05:00:00","2025-01-09 06:00:00",AA,103,86,14,3,3.0,13.592233009708737,8.98876404494382
"2025-01-09 05:00:00","2025-01-09 06:00:00",DL,65,65,0,0,10.123076923076923,0.0,4.615384615384615
"2025-01-09 05:00:00","2025-01-09 06:00:00",UA,25,25,0,0,-2.92,0.0,4.0
"2025-01-09 05:00:00","2025-01-09 06:00:00",WN,29,29,0,0,-2.103448275862069,0.0,0.0
"2025-01-09 06:00:00","2025-01-09 07:00:00",AA,174,149,20,5,10.279220779220779,11.494252873563218,5.8441558441558445
"2025-01-09 06:00:00","2025-01-09 07:00:00",DL,177,177,0,0,4.937853107344632,0.0,5.084745762711864
"2025-01-09 06:00:00","2025-01-09 07:00:00",UA,113,113,0,0,0.11504424778761062,0.0,10.619469026548673
"2025-01-09 06:00:00","2025-01-09 07:00:00",WN,222,207,14,1,-1.0096153846153846,6.306306306306307,4.326923076923077
"2025-01-09 07:00:00","2025-01-09 08:00:00",AA,206,167,30,9,5.840909090909091,14.563106796116505,8.522727272727273
"2025-01-09 07:00:00","2025-01-09 08:00:00",DL,223,222,1,0,6.463963963963964,0.4484304932735426,9.45945945945946
"2025-01-09 07:00:00","2025-01-09 08:00:00",UA,170,167,3,0,3.3892215568862274,1.7647058823529411,11.377245508982035
"2025-01-09 07:00:00","2025-01-09 08:00:00",WN,188,175,12,1,-0.2159090909090909,6.382978723404255,6.818181818181818
"2025-01-09 08:00:00","2025-01-09 09:00:00",AA,184,138,37,9,18.46938775510204,20.108695652173914,11.564625850340136
"2025-01-09 08:00:00","2025-01-09 09:00:00",DL,160,156,2,2,4.677215189873418,1.25,8.860759493670885
"2025-01-09 08:00:00","2025-01-09 09:00:00",UA,179,174,3,2,6.9147727272727275,1.675977653631285,15.909090909090908
"2025-01-09 08:00:00","2025-01-09 09:00:00",WN,245,224,20,1,2.097777777777778,8.16326530612245,9.777777777777779
"2025-01-09 09:00:00","2025-01-09 10:00:00",AA,131,101,26,4,56.86666666666667,19.84732824427481,16.19047619047619
"2025-01-09 09:00:00","2025-01-09 10:00:00",DL,122,118,4,0,5.423728813559322,3.278688524590164,16.949152542372882
"2025-01-09 09:00:00","2025-01-09 10:00:00",UA,154,148,4,2,9.533333333333333,2.5974025974025974,22.0
"2025-01-09 09:00:00","2025-01-09 10:00:00",WN,233,211,22,0,4.587677725118484,9.44206008583691,17.061611374407583
"2025-01-09 10:00:00","2025-01-09 11:00:00",AA,138,81,53,4,21.51764705882353,38.405797101449274,9.411764705882353
"2025-01-09 10:00:00","2025-01-09 11:00:00",DL,142,138,4,0,11.115942028985508,2.816901408450704,19.565217391304348
"2025-01-09 10:00:00","2025-01-09 11:00:00",UA,117,115,2,0,14.521739130434783,1.7094017094017093,26.956521739130434
"2025-01-09 10:00:00","2025-01-09 11:00:00",WN,193,172,21,0,6.872093023255814,10.880829015544041,20.930232558139537
"2025-01-09 11:00:00","2025-01-09 12:00:00",AA,159,117,41,1,42.889830508474574,25.78616352201258,25.423728813559322
"2025-01-09 11:00:00","2025-01-09 12:00:00",DL,180,177,3,0,7.9209039548022595,1.6666666666666667,17.51412429378531
"2025-01-09 11:00:00","2025-01-09 12:00:00",UA,118,112,5,1,16.24778761061947,4.237288135593221,34.51327433628319
"2025-01-09 11:00:00","2025-01-09 12:00:00",WN,263,237,23,3,14.9125,8.745247148288973,22.5
"2025-01-09 12:00:00","2025-01-09 13:00:00",AA,131,78,53,0,90.28205128205128,40.458015267175576,37.17948717948718
"2025-01-09 12:00:00","2025-01-09 13:00:00",DL,148,143,5,0,24.81118881118881,3.3783783783783785,18.181818181818183
"2025-01-09 12:00:00","2025-01-09 13:00:00",UA,131,128,3,0,9.609375,2.2900763358778624,17.1875
"2025-01-09 12:00:00","2025-01-09 13:00:00",WN,174,163,10,1,12.207317073170731,5.747126436781609,24.390243902439025
"2025-01-09 13:00:00","2025-01-09 14:00:00",AA,136,103,33,0,18.310679611650485,24.264705882352942,16.50485436893204
"2025-01-09 13:00:00","2025-01-09 14:00:00",DL,133,130,3,0,11.284615384615385,2.255639097744361,19.23076923076923
"2025-01-09 13:00:00","2025-01-09 14:00:00",UA,131,124,6,1,10.472,4.580152671755725,24.8
"2025-01-09 13:00:00","2025-01-09 14:00:00",WN,243,210,32,1,20.175355450236967,13.168724279835391,27.96208530805687
"2025-01-09 14:00:00","2025-01-09 15:00:00",AA,157,101,55,1,12.852941176470589,35.031847133757964,21.568627450980394
"2025-01-09 14:00:00","2025-01-09 15:00:00",DL,125,121,4,0,6.371900826446281,3.2,12.396694214876034
"2025-01-09 14:00:00","2025-01-09 15:00:00",UA,117,115,2,0,13.295652173913043,1.7094017094017093,26.956521739130434
"2025-01-09 14:00:00","2025-01-09 15:00:00",WN,220,194,23,3,17.091370558375633,10.454545454545455,28.934010152284262
"2025-01-09 15:00:00","2025-01-09 16:00:00",AA,113,63,50,0,32.904761904761905,44.24778761061947,26.984126984126984
"2025-01-09 15:00:00","2025-01-09 16:00:00",DL,164,157,6,1,11.481012658227849,3.658536585365854,24.68354430379747
"2025-01-09 15:00:00","2025-01-09 16:00:00",UA,91,88,3,0,13.511363636363637,3.2967032967032965,26.136363636363637
"2025-01-09 15:00:00","2025-01-09 16:00:00",WN,226,209,17,0,27.086124401913874,7.522123893805309,33.49282296650718
"2025-01-09 16:00:00","2025-01-09 17:00:00",AA,153,100,53,0,27.43,34.64052287581699,28.0
"2025-01-09 16:00:00","2025-01-09 17:00:00",DL,101,97,4,0,10.989690721649485,3.9603960396039604,18.556701030927837
"2025-01-09 16:00:00","2025-01-09 17:00:00",UA,120,115,5,0,16.556521739130435,4.166666666666667,32.17391304347826
"2025-01-09 16:00:00","2025-01-09 17:00:00",WN,206,179,26,1,28.844444444444445,12.62135922330097,32.77777777777778
"2025-01-09 17:00:00","2025-01-09 18:00:00",AA,154,102,52,0,31.568627450980394,33.76623376623377,28.431372549019606
"2025-01-09 17:00:00","2025-01-09 18:00:00",DL,158,152,6,0,17.42105263157895,3.7974683544303796,19.07894736842105
"2025-01-09 17:00:00","2025-01-09 18:00:00",UA,142,133,9,0,21.55639097744361,6.338028169014085,30.827067669172934
"2025-01-09 17:00:00","2025-01-09 18:00:00",WN,188,161,26,1,24.246913580246915,13.829787234042554,37.03703703703704
"2025-01-09 18:00:00","2025-01-09 19:00:00",AA,169,114,55,0,15.359649122807017,32.544378698224854,23.68421052631579
"2025-01-09 18:00:00","2025-01-09 19:00:00",DL,141,137,4,0,18.014598540145986,2.8368794326241136,24.817518248175183
"2025-01-09 18:00:00","2025-01-09 19:00:00",UA,141,137,3,1,17.920289855072465,2.127659574468085,28.26086956521739
"2025-01-09 18:00:00","2025-01-09 19:00:00",WN,263,237,26,0,27.755274261603375,9.885931558935361,40.92827004219409
"2025-01-09 19:00:00","2025-01-09 20:00:00",AA,145,83,62,0,19.120481927710845,42.758620689655174,34.93975903614458
"2025-01-09 19:00:00","2025-01-09 20:00:00",DL,120,115,5,0,22.652173913043477,4.166666666666667,36.52173913043478
"2025-01-09 19:00:00","2025-01-09 20:00:00",UA,103,97,4,2,20.444444444444443,3.883495145631068,32.323232323232325
"2025-01-09 19:00:00","2025-01-09 20:00:00",WN,120,102,16,2,20.03846153846154,13.333333333333334,35.57692307692308
"2025-01-09 20:00:00","2025-01-09 21:00:00",AA,117,78,38,1,14.0,32.47863247863248,27.848101265822784
"2025-01-09 20:00:00","2025-01-09 21:00:00",DL,64,63,0,1,15.828125,0.0,20.3125
"2025-01-09 20:00:00","2025-01-09 21:00:00",UA,81,75,5,1,33.86842105263158,6.172839506172839,44.73684210526316
"2025-01-09 20:00:00","2025-01-09 21:00:00",WN,163,138,24,1,19.33093525179856,14.723926380368098,38.84892086330935
"2025-01-09 21:00:00","2025-01-09 22:00:00",AA,80,57,22,1,19.75862068965517,27.5,18.96551724137931
"2025-01-09 21:00:00","2025-01-09 22:00:00",DL,80,80,0,0,27.525,0.0,22.5
"2025-01-09 21:00:00","2025-01-09 22:00:00",UA,30,29,1,0,18.310344827586206,3.3333333333333335,31.03448275862069
"2025-01-09 21:00:00","2025-01-09 22:00:00",WN,15,14,1,0,13.5,6.666666666666667,28.571428571428573
"2025-01-09 22:00:00","2025-01-09 23:00:00",AA,90,63,27,0,18.88888888888889,30.0,26.984126984126984
"2025-01-09 22:00:00","2025-01-09 23:00:00",DL,84,84,0,0,10.19047619047619,0.0,13.095238095238095
"2025-01-09 22:00:00","2025-01-09 23:00:00",UA,24,24,0,0,17.0,0.0,20.833333333333332
"2025-01-09 23:00:00","2025-01-10 00:00:00",AA,26,21,5,0,9.666666666666666,19.23076923076923,23.80952380952381
"2025-01-09 23:00:00","2025-01-10 00:00:00",DL,23,23,0,0,9.217391304347826,0.0,17.391304347826086
"2025-01-09 23:00:00","2025-01-10 00:00:00",UA,30,30,0,0,10.666666666666666,0.0,26.666666666666668
"2025-01-10 00:00:00","2025-01-10 01:00:00",AA,8,8,0,0,5.625,0.0,12.5
"2025-01-10 00:00:00","2025-01-10 01:00:00",DL,1,1,0,0,-11.0,0.0,0.0
"2025-01-10 00:00:00","2025-01-10 01:00:00",UA,3,3,0,0,-3.6666666666666665,0.0,0.0
"2025-01-10 01:00:00","2025-01-10 02:00:00",AA,1,1,0,0,-4.0,0.0,0.0
"2025-01-10 01:00:00","2025-01-10 02:00:00",DL,2,2,0,0,-8.0,0.0,0.0
"2025-01-10 01:00:00","2025-01-10 02:00:00",UA,1,1,0,0,101.0,0.0,100.0
"2025-01-10 02:00:00","2025-01-10 03:00:00",UA,1,1,0,0,82.0,0.0,100.0
"2025-01-10 05:00:00","2025-01-10 06:00:00",AA,102,64,38,0,35.546875,37.254901960784316,20.3125
"2025-01-10 05:00:00","2025-01-10 06:00:00",DL,65,49,13,3,46.25,20.0,25.0
"2025-01-10 05:00:00","2025-01-10 06:00:00",UA,25,23,2,0,10.608695652173912,8.0,13.043478260869565
"2025-01-10 05:00:00","2025-01-10 06:00:00",WN,29,27,1,1,-0.75,3.4482758620689653,3.5714285714285716
"2025-01-10 06:00:00","2025-01-10 07:00:00",AA,178,143,35,0,32.16783216783217,19.662921348314608,16.783216783216783
"2025-01-10 06:00:00","2025-01-10 07:00:00",DL,180,145,31,4,44.40939597315436,17.22222222222222,15.436241610738255
"2025-01-10 06:00:00","2025-01-10 07:00:00",UA,112,109,3,0,4.614678899082569,2.6785714285714284,11.009174311926605
"2025-01-10 06:00:00","2025-01-10 07:00:00",WN,223,174,49,0,-0.29310344827586204,21.973094170403588,2.8735632183908044
"2025-01-10 07:00:00","2025-01-10 08:00:00",AA,209,152,55,2,23.2012987012987,26.31578947368421,18.83116883116883
"2025-01-10 07:00:00","2025-01-10 08:00:00",DL,223,177,45,1,65.28089887640449,20.179372197309416,21.910112359550563
"2025-01-10 07:00:00","2025-01-10 08:00:00",UA,173,162,11,0,7.061728395061729,6.358381502890174,8.641975308641975
"2025-01-10 07:00:00","2025-01-10 08:00:00",WN,190,155,35,0,-2.1032258064516127,18.42105263157895,3.225806451612903
"2025-01-10 08:00:00","2025-01-10 09:00:00",AA,184,140,43,1,22.418439716312058,23.369565217391305,22.69503546099291
"2025-01-10 08:00:00","2025-01-10 09:00:00",DL,162,109,53,0,85.75229357798165,32.71604938271605,29.357798165137616
"2025-01-10 08:00:00","2025-01-10 09:00:00",UA,180,175,5,0,4.857142857142857,2.7777777777777777,7.428571428571429
"2025-01-10 08:00:00","2025-01-10 09:00:00",WN,237,204,33,0,3.1715686274509802,13.924050632911392,8.823529411764707
"2025-01-10 09:00:00","2025-01-10 10:00:00",AA,135,110,25,0,25.645454545454545,18.51851851851852,29.09090909090909
"2025-01-10 09:00:00","2025-01-10 10:00:00",DL,122,77,45,0,61.79220779220779,36.885245901639344,24.675324675324674
"2025-01-10 09:00:00","2025-01-10 10:00:00",UA,157,153,4,0,13.071895424836601,2.5477707006369426,18.30065359477124
"2025-01-10 09:00:00","2025-01-10 10:00:00",WN,235,196,37,2,4.651515151515151,15.74468085106383,12.121212121212121
"2025-01-10 10:00:00","2025-01-10 11:00:00",AA,136,98,38,0,31.724489795918366,27.941176470588236,40.816326530612244
"2025-01-10 10:00:00","2025-01-10 11:00:00",DL,143,76,66,1,29.441558441558442,46.15384615384615,22.07792207792208
"2025-01-10 10:00:00","2025-01-10 11:00:00",UA,111,102,9,0,6.245098039215686,8.108108108108109,17.647058823529413
"2025-01-10 10:00:00","2025-01-10 11:00:00",WN,196,173,23,0,2.167630057803468,11.73469387755102,9.248554913294798
"2025-01-10 11:00:00","2025-01-10 12:00:00",AA,159,129,30,0,34.372093023255815,18.867924528301888,47.286821705426355
"2025-01-10 11:00:00","2025-01-10 12:00:00",DL,184,108,76,0,43.25925925925926,41.30434782608695,26.85185185185185
"2025-01-10 11:00:00","2025-01-10 12:00:00",UA,118,112,6,0,5.616071428571429,5.084745762711864,14.285714285714286
"2025-01-10 11:00:00","2025-01-10 12:00:00",WN,267,229,38,0,6.152838427947598,14.232209737827715,12.663755458515285
"2025-01-10 12:00:00","2025-01-10 13:00:00",AA,134,99,35,0,42.93939393939394,26.119402985074625,47.474747474747474
"2025-01-10 12:00:00","2025-01-10 13:00:00",DL,148,93,55,0,84.3763440860215,37.16216216216216,39.784946236559136
"2025-01-10 12:00:00","2025-01-10 13:00:00",UA,135,130,5,0,12.8,3.7037037037037037,17.692307692307693
"2025-01-10 12:00:00","2025-01-10 13:00:00",WN,180,161,19,0,5.726708074534161,10.555555555555555,14.906832298136646
"2025-01-10 13:00:00","2025-01-10 14:00:00",AA,133,91,42,0,67.82417582417582,31.57894736842105,47.252747252747255
"2025-01-10 13:00:00","2025-01-10 14:00:00",DL,135,83,51,1,50.57142857142857,37.77777777777778,28.571428571428573
"2025-01-10 13:00:00","2025-01-10 14:00:00",UA,134,131,3,0,7.351145038167939,2.2388059701492535,15.267175572519085
"2025-01-10 13:00:00","2025-01-10 14:00:00",WN,243,227,16,0,7.180616740088106,6.584362139917696,16.740088105726873
"2025-01-10 14:00:00","2025-01-10 15:00:00",AA,149,104,45,0,36.79807692307692,30.201342281879196,52.88461538461539
"2025-01-10 14:00:00","2025-01-10 15:00:00",DL,123,69,53,1,79.45714285714286,43.08943089430894,45.714285714285715
"2025-01-10 14:00:00","2025-01-10 15:00:00",UA,116,111,5,0,13.45045045045045,4.310344827586207,23.423423423423422
"2025-01-10 14:00:00","2025-01-10 15:00:00",WN,219,201,18,0,7.970149253731344,8.219178082191782,20.895522388059703
"2025-01-10 15:00:00","2025-01-10 16:00:00",AA,116,87,29,0,48.229885057471265,25.0,52.87356321839081
"2025-01-10 15:00:00","2025-01-10 16:00:00",DL,163,107,56,0,74.5607476635514,34.355828220858896,46.728971962616825
"2025-01-10 15:00:00","2025-01-10 16:00:00",UA,92,89,3,0,11.123595505617978,3.260869565217391,29.213483146067414
"2025-01-10 15:00:00","2025-01-10 16:00:00",WN,231,209,22,0,7.320574162679426,9.523809523809524,21.5311004784689
"2025-01-10 16:00:00","2025-01-10 17:00:00",AA,138,97,40,1,38.91836734693877,28.985507246376812,47.95918367346939
"2025-01-10 16:00:00","2025-01-10 17:00:00",DL,104,59,45,0,95.77966101694915,43.26923076923077,47.45762711864407
"2025-01-10 16:00:00","2025-01-10 17:00:00",UA,126,124,2,0,15.620967741935484,1.5873015873015872,25.806451612903224
"2025-01-10 16:00:00","2025-01-10 17:00:00",WN,206,191,15,0,6.5863874345549736,7.281553398058253,17.801047120418847
"2025-01-10 17:00:00","2025-01-10 18:00:00",AA,152,120,32,0,51.391666666666666,21.05263157894737,54.166666666666664
"2025-01-10 17:00:00","2025-01-10 18:00:00",DL,158,111,47,0,95.93693693693693,29.746835443037973,46.846846846846844
"2025-01-10 17:00:00","2025-01-10 18:00:00",UA,139,138,1,0,15.956521739130435,0.7194244604316546,21.73913043478261
"2025-01-10 17:00:00","2025-01-10 18:00:00",WN,194,185,9,0,6.772972972972973,4.639175257731959,20.54054054054054
"2025-01-10 18:00:00","2025-01-10 19:00:00",AA,145,85,60,0,38.09411764705882,41.37931034482759,58.8235294117647
"2025-01-10 18:00:00","2025-01-10 19:00:00",DL,140,95,45,0,97.65263157894736,32.142857142857146,52.63157894736842
"2025-01-10 18:00:00","2025-01-10 19:00:00",UA,142,136,6,0,18.96323529411765,4.225352112676056,30.147058823529413
"2025-01-10 18:00:00","2025-01-10 19:00:00",WN,264,234,30,0,7.504273504273504,11.363636363636363,22.22222222222222
"2025-01-10 19:00:00","2025-01-10 20:00:00",AA,112,89,23,0,52.46067415730337,20.535714285714285,49.438202247191015
"2025-01-10 19:00:00","2025-01-10 20:00:00",DL,124,74,50,0,65.14864864864865,40.32258064516129,50.0
"2025-01-10 19:00:00","2025-01-10 20:00:00",UA,102,101,1,0,14.287128712871286,0.9803921568627451,26.73267326732673
"2025-01-10 19:00:00","2025-01-10 20:00:00",WN,122,111,11,0,4.828828828828829,9.01639344262295,16.216216216216218
"2025-01-10 20:00:00","2025-01-10 21:00:00",AA,84,45,38,1,55.47826086956522,45.23809523809524,47.82608695652174
"2025-01-10 20:00:00","2025-01-10 21:00:00",DL,63,38,25,0,91.3157894736842,39.682539682539684,63.1578947368421
"2025-01-10 20:00:00","2025-01-10 21:00:00",UA,83,83,0,0,16.698795180722893,0.0,39.75903614457831
"2025-01-10 20:00:00","2025-01-10 21:00:00",WN,164,146,18,0,7.034246575342466,10.975609756097562,19.863013698630137
"2025-01-10 21:00:00","2025-01-10 22:00:00",AA,83,64,19,0,57.671875,22.89156626506024,59.375
"2025-01-10 21:00:00","2025-01-10 22:00:00",DL,80,43,36,1,86.45454545454545,45.0,59.09090909090909
"2025-01-10 21:00:00","2025-01-10 22:00:00",UA,31,30,1,0,12.2,3.225806451612903,23.333333333333332
"2025-01-10 21:00:00","2025-01-10 22:00:00",WN,15,15,0,0,6.866666666666666,0.0,26.666666666666668
"2025-01-10 22:00:00","2025-01-10 23:00:00",AA,56,27,29,0,12.592592592592593,51.785714285714285,25.925925925925927
"2025-01-10 22:00:00","2025-01-10 23:00:00",DL,82,36,46,0,48.05555555555556,56.09756097560975,44.44444444444444
"2025-01-10 22:00:00","2025-01-10 23:00:00",UA,24,24,0,0,13.041666666666666,0.0,16.666666666666668
"2025-01-10 23:00:00","2025-01-11 00:00:00",AA,21,16,5,0,12.9375,23.80952380952381,18.75
"2025-01-10 23:00:00","2025-01-11 00:00:00",DL,22,18,4,0,17.666666666666668,18.181818181818183,38.888888888888886
"2025-01-10 23:00:00","2025-01-11 00:00:00",UA,30,30,0,0,1.5,0.0,16.666666666666668
"2025-01-11 00:00:00","2025-01-11 01:00:00",AA,5,5,0,0,-0.8,0.0,0.0
"2025-01-11 00:00:00","2025-01-11 01:00:00",DL,1,1,0,0,-6.0,0.0,0.0
"2025-01-11 00:00:00","2025-01-11 01:00:00",UA,3,3,0,0,-2.3333333333333335,0.0,0.0
"2025-01-11 01:00:00","2025-01-11 02:00:00",DL,2,2,0,0,-5.0,0.0,0.0
"2025-01-11 01:00:00","2025-01-11 02:00:00",UA,1,1,0,0,-4.0,0.0,0.0
"2025-01-11 02:00:00","2025-01-11 03:00:00",UA,1,1,0,0,-7.0,0.0,0.0
"2025-01-11 05:00:00","2025-01-11 06:00:00",AA,83,66,17,0,19.272727272727273,20.481927710843372,18.181818181818183
"2025-01-11 05:00:00","2025-01-11 06:00:00",DL,58,35,23,0,63.31428571428572,39.6551724137931,31.428571428571427
"2025-01-11 05:00:00","2025-01-11 06:00:00",UA,24,24,0,0,5.75,0.0,12.5
"2025-01-11 05:00:00","2025-01-11 06:00:00",WN,57,57,0,0,0.07017543859649122,0.0,3.508771929824561
"2025-01-11 06:00:00","2025-01-11 07:00:00",AA,166,131,34,1,35.14393939393939,20.481927710843372,18.181818181818183
"2025-01-11 06:00:00","2025-01-11 07:00:00",DL,168,114,54,0,59.8859649122807,32.142857142857146,36.8421052631579
"2025-01-11 06:00:00","2025-01-11 07:00:00",UA,108,106,2,0,6.30188679245283,1.8518518518518519,10.377358490566039
"2025-01-11 06:00:00","2025-01-11 07:00:00",WN,195,183,12,0,-2.060109289617486,6.153846153846154,1.092896174863388
"2025-01-11 07:00:00","2025-01-11 08:00:00",AA,157,135,22,0,23.133333333333333,14.012738853503185,17.037037037037038
"2025-01-11 07:00:00","2025-01-11 08:00:00",DL,197,155,42,0,42.270967741935486,21.31979695431472,34.193548387096776
"2025-01-11 07:00:00","2025-01-11 08:00:00",UA,164,163,1,0,3.4846625766871164,0.6097560975609756,9.202453987730062
"2025-01-11 07:00:00","2025-01-11 08:00:00",WN,201,194,7,0,-1.6134020618556701,3.482587064676617,2.0618556701030926
"2025-01-11 08:00:00","2025-01-11 09:00:00",AA,173,152,21,0,22.45394736842105,12.138728323699421,26.31578947368421
"2025-01-11 08:00:00","2025-01-11 09:00:00",DL,145,104,41,0,58.20192307692308,28.275862068965516,49.03846153846154
"2025-01-11 08:00:00","2025-01-11 09:00:00",UA,157,156,1,0,6.75,0.6369426751592356,13.461538461538462
"2025-01-11 08:00:00","2025-01-11 09:00:00",WN,229,225,4,0,1.0666666666666667,1.7467248908296944,6.222222222222222
"2025-01-11 09:00:00","2025-01-11 10:00:00",AA,121,114,7,0,22.13157894736842,5.785123966942149,28.94736842105263
"2025-01-11 09:00:00","2025-01-11 10:00:00",DL,119,92,27,0,54.69565217391305,22.689075630252102,43.47826086956522
"2025-01-11 09:00:00","2025-01-11 10:00:00",UA,132,132,0,0,11.946969696969697,0.0,17.424242424242426
"2025-01-11 09:00:00","2025-01-11 10:00:00",WN,222,219,3,0,2.634703196347032,1.3513513513513513,9.132420091324201
"2025-01-11 10:00:00","2025-01-11 11:00:00",AA,122,112,9,1,35.92035398230089,7.377049180327869,44.24778761061947
"2025-01-11 10:00:00","2025-01-11 11:00:00",DL,123,90,33,0,59.544444444444444,26.829268292682926,60.0
"2025-01-11 10:00:00","2025-01-11 11:00:00",UA,112,112,0,0,9.491071428571429,0.0,17.857142857142858
"2025-01-11 10:00:00","2025-01-11 11:00:00",WN,206,206,0,0,6.79126213592233,0.0,14.077669902912621
"2025-01-11 11:00:00","2025-01-11 12:00:00",AA,134,124,10,0,28.048387096774192,7.462686567164179,41.935483870967744
"2025-01-11 11:00:00","2025-01-11 12:00:00",DL,171,139,32,0,68.15827338129496,18.71345029239766,64.02877697841727
"2025-01-11 11:00:00","2025-01-11 12:00:00",UA,108,108,0,0,8.453703703703704,0.0,16.666666666666668
"2025-01-11 11:00:00","2025-01-11 12:00:00",WN,227,226,1,0,7.65929203539823,0.44052863436123346,17.699115044247787
"2025-01-11 12:00:00","2025-01-11 13:00:00",AA,114,108,6,0,24.037037037037038,5.2631578947368425,35.18518518518518
"2025-01-11 12:00:00","2025-01-11 13:00:00",DL,134,117,17,0,82.46153846153847,12.686567164179104,68.37606837606837
"2025-01-11 12:00:00","2025-01-11 13:00:00",UA,112,112,0,0,7.714285714285714,0.0,19.642857142857142
"2025-01-11 12:00:00","2025-01-11 13:00:00",WN,191,190,1,0,4.963157894736842,0.5235602094240838,16.842105263157894
"2025-01-11 13:00:00","2025-01-11 14:00:00",AA,113,109,4,0,31.146788990825687,3.5398230088495577,34.862385321100916
"2025-01-11 13:00:00","2025-01-11 14:00:00",DL,124,112,12,0,68.58928571428571,9.67741935483871,61.607142857142854
"2025-01-11 13:00:00","2025-01-11 14:00:00",UA,116,116,0,0,14.629310344827585,0.0,23.275862068965516
"2025-01-11 13:00:00","2025-01-11 14:00:00",WN,199,198,1,0,5.984848484848484,0.5025125628140703,15.656565656565656
"2025-01-11 14:00:00","2025-01-11 15:00:00",AA,129,124,5,0,24.29032258064516,3.875968992248062,41.935483870967744
"2025-01-11 14:00:00","2025-01-11 15:00:00",DL,120,109,10,1,89.61818181818182,8.333333333333334,70.0
"2025-01-11 14:00:00","2025-01-11 15:00:00",UA,108,107,1,0,11.94392523364486,0.9259259259259259,18.69158878504673
"2025-01-11 14:00:00","2025-01-11 15:00:00",WN,237,237,0,0,7.29957805907173,0.0,15.189873417721518
"2025-01-11 15:00:00","2025-01-11 16:00:00",AA,108,107,1,0,30.130841121495326,0.9259259259259259,34.57943925233645
"2025-01-11 15:00:00","2025-01-11 16:00:00",DL,135,131,4,0,56.396946564885496,2.962962962962963,62.595419847328245
"2025-01-11 15:00:00","2025-01-11 16:00:00",UA,75,75,0,0,19.28,0.0,25.333333333333332
"2025-01-11 15:00:00","2025-01-11 16:00:00",WN,181,181,0,0,5.607734806629834,0.0,19.88950276243094
"2025-01-11 16:00:00","2025-01-11 17:00:00",AA,125,122,2,1,10.560975609756097,1.6,24.390243902439025
"2025-01-11 16:00:00","2025-01-11 17:00:00",DL,93,88,5,0,86.13636363636364,5.376344086021505,65.9090909090909
"2025-01-11 16:00:00","2025-01-11 17:00:00",UA,106,106,0,0,7.2924528301886795,0.0,16.037735849056602
"2025-01-11 16:00:00","2025-01-11 17:00:00",WN,205,205,0,0,5.136585365853659,0.0,14.146341463414634
"2025-01-11 17:00:00","2025-01-11 18:00:00",AA,140,137,3,0,13.27007299270073,2.142857142857143,26.277372262773724
"2025-01-11 17:00:00","2025-01-11 18:00:00",DL,149,139,9,1,51.05714285714286,6.040268456375839,52.857142857142854
"2025-01-11 17:00:00","2025-01-11 18:00:00",UA,126,125,1,0,12.232,0.7936507936507936,25.6
"2025-01-11 17:00:00","2025-01-11 18:00:00",WN,189,189,0,0,5.777777777777778,0.0,19.576719576719576
"2025-01-11 18:00:00","2025-01-11 19:00:00",AA,139,137,2,0,17.45985401459854,1.4388489208633093,31.386861313868614
"2025-01-11 18:00:00","2025-01-11 19:00:00",DL,106,104,2,0,71.61538461538461,1.8867924528301887,60.57692307692308
"2025-01-11 18:00:00","2025-01-11 19:00:00",UA,107,105,1,1,10.556603773584905,0.9345794392523364,17.92452830188679
"2025-01-11 18:00:00","2025-01-11 19:00:00",WN,150,150,0,0,4.04,0.0,11.333333333333334
"2025-01-11 19:00:00","2025-01-11 20:00:00",AA,99,97,2,0,20.927835051546392,2.0202020202020203,32.98969072164948
"2025-01-11 19:00:00","2025-01-11 20:00:00",DL,78,74,4,0,88.93243243243244,5.128205128205129,71.62162162162163
"2025-01-11 19:00:00","2025-01-11 20:00:00",UA,81,79,0,2,7.901234567901234,0.0,23.45679012345679
"2025-01-11 19:00:00","2025-01-11 20:00:00",WN,79,79,0,0,8.227848101265822,0.0,22.78481012658228
"2025-01-11 20:00:00","2025-01-11 21:00:00",AA,80,77,3,0,7.987012987012987,3.75,19.48051948051948
"2025-01-11 20:00:00","2025-01-11 21:00:00",DL,61,58,3,0,37.672413793103445,4.918032786885246,51.724137931034484
"2025-01-11 20:00:00","2025-01-11 21:00:00",UA,72,72,0,0,6.847222222222222,0.0,22.22222222222222
"2025-01-11 20:00:00","2025-01-11 21:00:00",WN,35,35,0,0,11.2,0.0,28.571428571428573
"2025-01-11 21:00:00","2025-01-11 22:00:00",AA,78,77,0,1,21.102564102564102,0.0,33.333333333333336
"2025-01-11 21:00:00","2025-01-11 22:00:00",DL,63,62,1,0,43.403225806451616,1.5873015873015872,46.774193548387096
"2025-01-11 21:00:00","2025-01-11 22:00:00",UA,23,23,0,0,3.739130434782609,0.0,17.391304347826086
"2025-01-11 21:00:00","2025-01-11 22:00:00",WN,3,3,0,0,1.0,0.0,0.0
"2025-01-11 22:00:00","2025-01-11 23:00:00",AA,58,57,1,0,8.596491228070175,1.7241379310344827,14.035087719298245
"2025-01-11 22:00:00","2025-01-11 23:00:00",DL,61,59,2,0,83.2542372881356,3.278688524590164,57.6271186440678
"2025-01-11 22:00:00","2025-01-11 23:00:00",UA,23,23,0,0,0.17391304347826086,0.0,8.695652173913043
"2025-01-11 23:00:00","2025-01-12 00:00:00",AA,21,20,1,0,-0.45,4.761904761904762,5.0
"2025-01-11 23:00:00","2025-01-12 00:00:00",DL,19,19,0,0,14.789473684210526,0.0,21.05263157894737
"2025-01-11 23:00:00","2025-01-12 00:00:00",UA,26,26,0,0,0.6153846153846154,0.0,7.6923076923076925
"2025-01-12 00:00:00","2025-01-12 01:00:00",AA,6,6,0,0,-6.833333333333333,0.0,0.0
"2025-01-12 00:00:00","2025-01-12 01:00:00",DL,1,1,0,0,-9.0,0.0,0.0
"2025-01-12 00:00:00","2025-01-12 01:00:00",UA,3,3,0,0,-4.666666666666667,0.0,0.0
"2025-01-12 01:00:00","2025-01-12 02:00:00",DL,2,2,0,0,42.5,0.0,50.0
"2025-01-12 01:00:00","2025-01-12 02:00:00",UA,1,1,0,0,-1.0,0.0,0.0
"2025-01-12 02:00:00","2025-01-12 03:00:00",UA,1,1,0,0,-7.0,0.0,0.0
"2025-01-12 05:00:00","2025-01-12 06:00:00",AA,85,85,0,0,10.423529411764706,0.0,14.117647058823529
"2025-01-12 05:00:00","2025-01-12 06:00:00",DL,63,63,0,0,55.15873015873016,0.0,23.80952380952381
"2025-01-12 05:00:00","2025-01-12 06:00:00",UA,25,25,0,0,11.28,0.0,4.0
"2025-01-12 05:00:00","2025-01-12 06:00:00",WN,94,94,0,0,-1.553191489361702,0.0,2.127659574468085
"2025-01-12 06:00:00","2025-01-12 07:00:00",AA,167,166,0,1,2.431137724550898,0.0,8.982035928143713
"2025-01-12 06:00:00","2025-01-12 07:00:00",DL,169,166,3,0,14.090361445783133,1.7751479289940828,19.27710843373494
"2025-01-12 06:00:00","2025-01-12 07:00:00",UA,110,110,0,0,4.818181818181818,0.0,6.363636363636363
"2025-01-12 06:00:00","2025-01-12 07:00:00",WN,293,293,0,0,-3.006825938566553,0.0,2.04778156996587
"2025-01-12 07:00:00","2025-01-12 08:00:00",AA,174,174,0,0,11.459770114942529,0.0,10.919540229885058
"2025-01-12 07:00:00","2025-01-12 08:00:00",DL,219,217,2,0,22.631336405529954,0.91324200913242,24.42396313364055
"2025-01-12 07:00:00","2025-01-12 08:00:00",UA,163,163,0,0,2.9693251533742333,0.0,7.975460122699387
"2025-01-12 07:00:00","2025-01-12 08:00:00",WN,210,210,0,0,-1.5142857142857142,0.0,5.238095238095238
"2025-01-12 08:00:00","2025-01-12 09:00:00",AA,190,189,0,1,6.005263157894737,0.0,16.842105263157894
"2025-01-12 08:00:00","2025-01-12 09:00:00",DL,165,163,2,0,22.11042944785276,1.2121212121212122,25.153374233128833
"2025-01-12 08:00:00","2025-01-12 09:00:00",UA,178,177,1,0,4.4858757062146895,0.5617977528089888,8.474576271186441
"2025-01-12 08:00:00","2025-01-12 09:00:00",WN,269,269,0,0,-0.16356877323420074,0.0,4.83271375464684
"2025-01-12 09:00:00","2025-01-12 10:00:00",AA,131,131,0,0,20.641221374045802,0.0,18.3206106870229
"2025-01-12 09:00:00","2025-01-12 10:00:00",DL,115,111,3,1,29.526785714285715,2.608695652173913,41.964285714285715
"2025-01-12 09:00:00","2025-01-12 10:00:00",UA,143,142,0,1,7.461538461538462,0.0,14.685314685314685
"2025-01-12 09:00:00","2025-01-12 10:00:00",WN,210,210,0,0,2.019047619047619,0.0,9.523809523809524
"2025-01-12 10:00:00","2025-01-12 11:00:00",AA,136,136,0,0,15.044117647058824,0.0,19.11764705882353
"2025-01-12 10:00:00","2025-01-12 11:00:00",DL,141,141,0,0,32.843971631205676,0.0,43.97163120567376
"2025-01-12 10:00:00","2025-01-12 11:00:00",UA,119,119,0,0,12.781512605042018,0.0,20.168067226890756
"2025-01-12 10:00:00","2025-01-12 11:00:00",WN,233,233,0,0,2.5793991416309012,0.0,11.158798283261802
"2025-01-12 11:00:00","2025-01-12 12:00:00",AA,150,150,0,0,13.953333333333333,0.0,26.666666666666668
"2025-01-12 11:00:00","2025-01-12 12:00:00",DL,181,180,1,0,50.26111111111111,0.5524861878453039,51.666666666666664
"2025-01-12 11:00:00","2025-01-12 12:00:00",UA,116,116,0,0,9.836206896551724,0.0,17.24137931034483
"2025-01-12 11:00:00","2025-01-12 12:00:00",WN,218,218,0,0,3.385321100917431,0.0,11.926605504587156
"2025-01-12 12:00:00","2025-01-12 13:00:00",AA,131,131,0,0,19.427480916030536,0.0,25.954198473282442
"2025-01-12 12:00:00","2025-01-12 13:00:00",DL,147,145,2,0,43.186206896551724,1.3605442176870748,57.93103448275862
"2025-01-12 12:00:00","2025-01-12 13:00:00",UA,126,124,0,2,7.380952380952381,0.0,14.285714285714286
"2025-01-12 12:00:00","2025-01-12 13:00:00",WN,220,220,0,0,5.818181818181818,0.0,16.363636363636363
"2025-01-12 13:00:00","2025-01-12 14:00:00",AA,141,141,0,0,12.53191489361702,0.0,20.56737588652482
"2025-01-12 13:00:00","2025-01-12 14:00:00",DL,134,132,2,0,39.50757575757576,1.492537313432836,50.75757575757576
"2025-01-12 13:00:00","2025-01-12 14:00:00",UA,129,128,0,1,7.922480620155039,0.0,16.27906976744186
"2025-01-12 13:00:00","2025-01-12 14:00:00",WN,244,244,0,0,7.163934426229508,0.0,18.852459016393443
"2025-01-12 14:00:00","2025-01-12 15:00:00",AA,158,158,0,0,14.240506329113924,0.0,23.417721518987342
"2025-01-12 14:00:00","2025-01-12 15:00:00",DL,121,119,2,0,33.445378151260506,1.6528925619834711,55.46218487394958
"2025-01-12 14:00:00","2025-01-12 15:00:00",UA,113,113,0,0,9.938053097345133,0.0,17.699115044247787
"2025-01-12 14:00:00","2025-01-12 15:00:00",WN,219,219,0,0,6.506849315068493,0.0,17.80821917808219
"2025-01-12 15:00:00","2025-01-12 16:00:00",AA,107,107,0,0,14.560747663551401,0.0,29.906542056074766
"2025-01-12 15:00:00","2025-01-12 16:00:00",DL,156,154,1,1,38.670967741935485,0.6410256410256411,54.83870967741935
"2025-01-12 15:00:00","2025-01-12 16:00:00",UA,91,91,0,0,8.054945054945055,0.0,20.87912087912088
"2025-01-12 15:00:00","2025-01-12 16:00:00",WN,224,224,0,0,8.580357142857142,0.0,22.321428571428573
"2025-01-12 16:00:00","2025-01-12 17:00:00",AA,156,156,0,0,12.782051282051283,0.0,19.23076923076923
"2025-01-12 16:00:00","2025-01-12 17:00:00",DL,109,106,0,3,29.788990825688074,0.0,45.87155963302752
"2025-01-12 16:00:00","2025-01-12 17:00:00",UA,126,124,1,1,12.152,0.7936507936507936,20.0
"2025-01-12 16:00:00","2025-01-12 17:00:00",WN,224,224,0,0,10.553571428571429,0.0,25.0
"2025-01-12 17:00:00","2025-01-12 18:00:00",AA,151,151,0,0,14.543046357615895,0.0,25.165562913907284
"2025-01-12 17:00:00","2025-01-12 18:00:00",DL,154,153,1,0,27.294117647058822,0.6493506493506493,43.13725490196079
"2025-01-12 17:00:00","2025-01-12 18:00:00",UA,140,140,0,0,3.692857142857143,0.0,12.142857142857142
"2025-01-12 17:00:00","2025-01-12 18:00:00",WN,216,216,0,0,7.666666666666667,0.0,23.14814814814815
"2025-01-12 18:00:00","2025-01-12 19:00:00",AA,166,166,0,0,13.86144578313253,0.0,24.096385542168676
"2025-01-12 18:00:00","2025-01-12 19:00:00",DL,139,139,0,0,31.841726618705035,0.0,46.76258992805755
"2025-01-12 18:00:00","2025-01-12 19:00:00",UA,141,141,0,0,7.184397163120567,0.0,21.27659574468085
"2025-01-12 18:00:00","2025-01-12 19:00:00",WN,222,222,0,0,8.711711711711711,0.0,24.774774774774773
"2025-01-12 19:00:00","2025-01-12 20:00:00",AA,146,146,0,0,13.020547945205479,0.0,24.65753424657534
"2025-01-12 19:00:00","2025-01-12 20:00:00",DL,117,117,0,0,26.752136752136753,0.0,40.17094017094017
"2025-01-12 19:00:00","2025-01-12 20:00:00",UA,106,106,0,0,8.679245283018869,0.0,16.9811320754717
"2025-01-12 19:00:00","2025-01-12 20:00:00",WN,266,266,0,0,2.172932330827068,0.0,11.654135338345865
"2025-01-12 20:00:00","2025-01-12 21:00:00",AA,123,123,0,0,7.138211382113822,0.0,17.88617886178862
"2025-01-12 20:00:00","2025-01-12 21:00:00",DL,66,66,0,0,28.757575757575758,0.0,56.06060606060606
"2025-01-12 20:00:00","2025-01-12 21:00:00",UA,86,86,0,0,11.732558139534884,0.0,24.41860465116279
"2025-01-12 20:00:00","2025-01-12 21:00:00",WN,180,180,0,0,5.133333333333334,0.0,15.555555555555555
"2025-01-12 21:00:00","2025-01-12 22:00:00",AA,81,81,0,0,5.382716049382716,0.0,18.51851851851852
"2025-01-12 21:00:00","2025-01-12 22:00:00",DL,76,76,0,0,11.93421052631579,0.0,30.263157894736842
"2025-01-12 21:00:00","2025-01-12 22:00:00",UA,34,34,0,0,7.794117647058823,0.0,14.705882352941176
"2025-01-12 21:00:00","2025-01-12 22:00:00",WN,145,145,0,0,2.0689655172413794,0.0,9.655172413793103
"2025-01-12 22:00:00","2025-01-12 23:00:00",AA,87,87,0,0,7.482758620689655,0.0,18.39080459770115
"2025-01-12 22:00:00","2025-01-12 23:00:00",DL,79,79,0,0,12.886075949367088,0.0,31.645569620253166
"2025-01-12 22:00:00","2025-01-12 23:00:00",UA,25,25,0,0,-1.84,0.0,8.0
"2025-01-12 22:00:00","2025-01-12 23:00:00",WN,3,3,0,0,5.333333333333333,0.0,0.0
"2025-01-12 23:00:00","2025-01-13 00:00:00",AA,26,26,0,0,5.423076923076923,0.0,15.384615384615385
"2025-01-12 23:00:00","2025-01-13 00:00:00",DL,21,21,0,0,10.857142857142858,0.0,28.571428571428573
"2025-01-12 23:00:00","2025-01-13 00:00:00",UA,34,34,0,0,2.176470588235294,0.0,11.764705882352942
"2025-01-13 00:00:00","2025-01-13 01:00:00",AA,8,8,0,0,-3.5,0.0,0.0
"2025-01-13 00:00:00","2025-01-13 01:00:00",DL,1,1,0,0,-9.0,0.0,0.0
"2025-01-13 00:00:00","2025-01-13 01:00:00",UA,3,3,0,0,-6.333333333333333,0.0,0.0
"2025-01-13 01:00:00","2025-01-13 02:00:00",AA,1,1,0,0,-7.0,0.0,0.0
"2025-01-13 01:00:00","2025-01-13 02:00:00",DL,2,2,0,0,-6.0,0.0,0.0
"2025-01-13 01:00:00","2025-01-13 02:00:00",UA,1,1,0,0,-7.0,0.0,0.0
"2025-01-13 02:00:00","2025-01-13 03:00:00",UA,1,1,0,0,92.0,0.0,100.0
"2025-01-13 05:00:00","2025-01-13 06:00:00",AA,102,102,0,0,-4.490196078431373,0.0,0.9803921568627451
"2025-01-13 05:00:00","2025-01-13 06:00:00",DL,61,61,0,0,2.901639344262295,0.0,9.836065573770492
"2025-01-13 05:00:00","2025-01-13 06:00:00",UA,25,24,1,0,-6.333333333333333,4.0,0.0
"2025-01-13 05:00:00","2025-01-13 06:00:00",WN,28,28,0,0,-4.285714285714286,0.0,0.0
"2025-01-13 06:00:00","2025-01-13 07:00:00",AA,177,177,0,0,12.903954802259888,0.0,4.519774011299435
"2025-01-13 06:00:00","2025-01-13 07:00:00",DL,179,179,0,0,10.446927374301676,0.0,10.614525139664805
"2025-01-13 06:00:00","2025-01-13 07:00:00",UA,111,111,0,0,-0.8558558558558559,0.0,6.306306306306307
"2025-01-13 06:00:00","2025-01-13 07:00:00",WN,217,217,0,0,-2.152073732718894,0.0,1.8433179723502304
"2025-01-13 07:00:00","2025-01-13 08:00:00",AA,207,206,1,0,1.1067961165048543,0.4830917874396135,6.796116504854369
"2025-01-13 07:00:00","2025-01-13 08:00:00",DL,227,227,0,0,0.7577092511013216,0.0,7.048458149779735
"2025-01-13 07:00:00","2025-01-13 08:00:00",UA,174,174,0,0,-2.7873563218390807,0.0,4.597701149425287
"2025-01-13 07:00:00","2025-01-13 08:00:00",WN,186,186,0,0,-2.596774193548387,0.0,3.225806451612903
"2025-01-13 08:00:00","2025-01-13 09:00:00",AA,190,190,0,0,2.8263157894736843,0.0,10.526315789473685
"2025-01-13 08:00:00","2025-01-13 09:00:00",DL,161,160,0,1,3.869565217391304,0.0,14.285714285714286
"2025-01-13 08:00:00","2025-01-13 09:00:00",UA,178,177,1,0,-1.0282485875706215,0.5617977528089888,6.214689265536723
"2025-01-13 08:00:00","2025-01-13 09:00:00",WN,243,243,0,0,1.3127572016460904,0.0,5.349794238683128
"2025-01-13 09:00:00","2025-01-13 10:00:00",AA,131,131,0,0,5.190839694656488,0.0,9.16030534351145
"2025-01-13 09:00:00","2025-01-13 10:00:00",DL,117,117,0,0,4.119658119658119,0.0,16.23931623931624
"2025-01-13 09:00:00","2025-01-13 10:00:00",UA,147,147,0,0,5.904761904761905,0.0,12.244897959183673
"2025-01-13 09:00:00","2025-01-13 10:00:00",WN,230,230,0,0,-1.7869565217391303,0.0,3.0434782608695654
"2025-01-13 10:00:00","2025-01-13 11:00:00",AA,136,135,1,0,4.688888888888889,0.7352941176470589,10.37037037037037
"2025-01-13 10:00:00","2025-01-13 11:00:00",DL,144,144,0,0,13.416666666666666,0.0,17.36111111111111
"2025-01-13 10:00:00","2025-01-13 11:00:00",UA,115,115,0,0,-1.2521739130434784,0.0,5.217391304347826
"2025-01-13 10:00:00","2025-01-13 11:00:00",WN,198,197,1,0,-0.2639593908629442,0.5050505050505051,6.091370558375634
"2025-01-13 11:00:00","2025-01-13 12:00:00",AA,158,158,0,0,9.354430379746836,0.0,10.759493670886076
"2025-01-13 11:00:00","2025-01-13 12:00:00",DL,179,179,0,0,6.251396648044692,0.0,17.877094972067038
"2025-01-13 11:00:00","2025-01-13 12:00:00",UA,118,117,0,1,2.1271186440677967,0.0,10.169491525423728
"2025-01-13 11:00:00","2025-01-13 12:00:00",WN,262,262,0,0,1.4351145038167938,0.0,5.7251908396946565
"2025-01-13 12:00:00","2025-01-13 13:00:00",AA,132,132,0,0,9.931818181818182,0.0,15.151515151515152
"2025-01-13 12:00:00","2025-01-13 13:00:00",DL,150,149,1,0,4.214765100671141,0.6666666666666666,18.120805369127517
"2025-01-13 12:00:00","2025-01-13 13:00:00",UA,131,131,0,0,4.763358778625954,0.0,9.923664122137405
"2025-01-13 12:00:00","2025-01-13 13:00:00",WN,179,179,0,0,-0.7486033519553073,0.0,5.58659217877095
"2025-01-13 13:00:00","2025-01-13 14:00:00",AA,130,130,0,0,12.307692307692308,0.0,18.46153846153846
"2025-01-13 13:00:00","2025-01-13 14:00:00",DL,134,134,0,0,6.0,0.0,14.925373134328359
"2025-01-13 13:00:00","2025-01-13 14:00:00",UA,131,131,0,0,3.4122137404580153,0.0,12.213740458015268
"2025-01-13 13:00:00","2025-01-13 14:00:00",WN,239,239,0,0,-0.16736401673640167,0.0,5.439330543933054
"2025-01-13 14:00:00","2025-01-13 15:00:00",AA,148,147,0,1,20.93918918918919,0.0,17.56756756756757
"2025-01-13 14:00:00","2025-01-13 15:00:00",DL,122,122,0,0,3.1475409836065573,0.0,13.934426229508198
"2025-01-13 14:00:00","2025-01-13 15:00:00",UA,114,114,0,0,2.508771929824561,0.0,9.649122807017545
"2025-01-13 14:00:00","2025-01-13 15:00:00",WN,217,215,1,1,0.3425925925925926,0.4608294930875576,6.944444444444445
"2025-01-13 15:00:00","2025-01-13 16:00:00",AA,116,116,0,0,-0.25862068965517243,0.0,6.896551724137931
"2025-01-13 15:00:00","2025-01-13 16:00:00",DL,174,173,1,0,8.61271676300578,0.5747126436781609,19.07514450867052
"2025-01-13 15:00:00","2025-01-13 16:00:00",UA,91,91,0,0,3.5164835164835164,0.0,12.087912087912088
"2025-01-13 15:00:00","2025-01-13 16:00:00",WN,225,225,0,0,-0.8533333333333334,0.0,7.111111111111111
"2025-01-13 16:00:00","2025-01-13 17:00:00",AA,142,141,0,1,27.492957746478872,0.0,17.6056338028169
"2025-01-13 16:00:00","2025-01-13 17:00:00",DL,110,110,0,0,4.672727272727273,0.0,13.636363636363637
"2025-01-13 16:00:00","2025-01-13 17:00:00",UA,120,120,0,0,1.825,0.0,9.166666666666666
"2025-01-13 16:00:00","2025-01-13 17:00:00",WN,206,206,0,0,-1.7184466019417475,0.0,5.339805825242719
"2025-01-13 17:00:00","2025-01-13 18:00:00",AA,153,151,0,2,7.908496732026144,0.0,16.99346405228758
"2025-01-13 17:00:00","2025-01-13 18:00:00",DL,162,162,0,0,1.1358024691358024,0.0,11.728395061728396
"2025-01-13 17:00:00","2025-01-13 18:00:00",UA,133,133,0,0,2.7142857142857144,0.0,9.774436090225564
"2025-01-13 17:00:00","2025-01-13 18:00:00",WN,188,188,0,0,-2.345744680851064,0.0,2.6595744680851063
"2025-01-13 18:00:00","2025-01-13 19:00:00",AA,141,141,0,0,5.319148936170213,0.0,13.47517730496454
"2025-01-13 18:00:00","2025-01-13 19:00:00",DL,141,141,0,0,8.673758865248226,0.0,12.76595744680851
"2025-01-13 18:00:00","2025-01-13 19:00:00",UA,139,139,0,0,6.60431654676259,0.0,16.546762589928058
"2025-01-13 18:00:00","2025-01-13 19:00:00",WN,262,262,0,0,-1.9732824427480915,0.0,3.053435114503817
"2025-01-13 19:00:00","2025-01-13 20:00:00",AA,111,109,0,2,8.675675675675675,0.0,14.414414414414415
"2025-01-13 19:00:00","2025-01-13 20:00:00",DL,129,129,0,0,-0.4883720930232558,0.0,8.527131782945736
"2025-01-13 19:00:00","2025-01-13 20:00:00",UA,104,104,0,0,0.6153846153846154,0.0,6.730769230769231
"2025-01-13 19:00:00","2025-01-13 20:00:00",WN,120,120,0,0,-4.333333333333333,0.0,4.166666666666667
"2025-01-13 20:00:00","2025-01-13 21:00:00",AA,85,83,0,2,7.4941176470588236,0.0,16.470588235294116
"2025-01-13 20:00:00","2025-01-13 21:00:00",DL,69,69,0,0,0.043478260869565216,0.0,11.594202898550725
"2025-01-13 20:00:00","2025-01-13 21:00:00",UA,81,81,0,0,9.234567901234568,0.0,17.28395061728395
"2025-01-13 20:00:00","2025-01-13 21:00:00",WN,167,167,0,0,-1.8982035928143712,0.0,4.790419161676646
"2025-01-13 21:00:00","2025-01-13 22:00:00",AA,81,79,0,2,11.74074074074074,0.0,20.987654320987655
"2025-01-13 21:00:00","2025-01-13 22:00:00",DL,82,79,1,2,-0.6296296296296297,1.2195121951219512,8.641975308641975
"2025-01-13 21:00:00","2025-01-13 22:00:00",UA,30,30,0,0,0.5666666666666667,0.0,13.333333333333334
"2025-01-13 21:00:00","2025-01-13 22:00:00",WN,15,15,0,0,-3.6,0.0,6.666666666666667
"2025-01-13 22:00:00","2025-01-13 23:00:00",AA,55,55,0,0,14.909090909090908,0.0,14.545454545454545
"2025-01-13 22:00:00","2025-01-13 23:00:00",DL,87,86,0,1,-3.839080459770115,0.0,3.4482758620689653
"2025-01-13 22:00:00","2025-01-13 23:00:00",UA,23,23,0,0,-1.8695652173913044,0.0,8.695652173913043
"2025-01-13 23:00:00","2025-01-14 00:00:00",AA,21,21,0,0,-4.0,0.0,4.761904761904762
"2025-01-13 23:00:00","2025-01-14 00:00:00",DL,23,23,0,0,0.17391304347826086,0.0,8.695652173913043
"2025-01-13 23:00:00","2025-01-14 00:00:00",UA,28,28,0,0,17.25,0.0,7.142857142857143
"2025-01-14 00:00:00","2025-01-14 01:00:00",AA,5,5,0,0,-6.6,0.0,0.0
"2025-01-14 00:00:00","2025-01-14 01:00:00",DL,1,1,0,0,-19.0,0.0,0.0
"2025-01-14 00:00:00","2025-01-14 01:00:00",UA,3,3,0,0,-10.0,0.0,0.0
"2025-01-14 01:00:00","2025-01-14 02:00:00",DL,2,2,0,0,-3.5,0.0,0.0
"2025-01-14 01:00:00","2025-01-14 02:00:00",UA,1,1,0,0,4.0,0.0,0.0
"2025-01-14 02:00:00","2025-01-14 03:00:00",UA,1,1,0,0,-11.0,0.0,0.0
"2025-01-14 05:00:00","2025-01-14 06:00:00",AA,81,81,0,0,0.2345679012345679,0.0,6.172839506172839
"2025-01-14 05:00:00","2025-01-14 06:00:00",DL,65,65,0,0,-0.5230769230769231,0.0,7.6923076923076925
"2025-01-14 05:00:00","2025-01-14 06:00:00",UA,23,23,0,0,3.4347826086956523,0.0,8.695652173913043
"2025-01-14 05:00:00","2025-01-14 06:00:00",WN,29,29,0,0,-2.0689655172413794,0.0,3.4482758620689653
"2025-01-14 06:00:00","2025-01-14 07:00:00",AA,171,171,0,0,6.251461988304094,0.0,8.771929824561404
"2025-01-14 06:00:00","2025-01-14 07:00:00",DL,178,178,0,0,-0.17415730337078653,0.0,3.3707865168539324
"2025-01-14 06:00:00","2025-01-14 07:00:00",UA,108,108,0,0,-0.6296296296296297,0.0,1.8518518518518519
"2025-01-14 06:00:00","2025-01-14 07:00:00",WN,222,222,0,0,-3.265765765765766,0.0,1.8018018018018018
"2025-01-14 07:00:00","2025-01-14 08:00:00",AA,161,161,0,0,8.273291925465838,0.0,4.968944099378882
"2025-01-14 07:00:00","2025-01-14 08:00:00",DL,215,215,0,0,-0.14418604651162792,0.0,7.906976744186046
"2025-01-14 07:00:00","2025-01-14 08:00:00",UA,150,150,0,0,-2.3933333333333335,0.0,4.0
"2025-01-14 07:00:00","2025-01-14 08:00:00",WN,190,190,0,0,-2.336842105263158,0.0,3.6842105263157894
"2025-01-14 08:00:00","2025-01-14 09:00:00",AA,186,186,0,0,0.5,0.0,11.827956989247312
"2025-01-14 08:00:00","2025-01-14 09:00:00",DL,159,159,0,0,1.5408805031446542,0.0,8.176100628930818
"2025-01-14 08:00:00","2025-01-14 09:00:00",UA,174,173,1,0,-0.8034682080924855,0.5747126436781609,3.468208092485549
"2025-01-14 08:00:00","2025-01-14 09:00:00",WN,245,245,0,0,-0.00816326530612245,0.0,6.122448979591836
"2025-01-14 09:00:00","2025-01-14 10:00:00",AA,129,129,0,0,2.565891472868217,0.0,8.527131782945736
"2025-01-14 09:00:00","2025-01-14 10:00:00",DL,120,120,0,0,0.325,0.0,8.333333333333334
"2025-01-14 09:00:00","2025-01-14 10:00:00",UA,140,139,1,0,6.179856115107913,0.7142857142857143,15.107913669064748
"2025-01-14 09:00:00","2025-01-14 10:00:00",WN,235,235,0,0,0.6680851063829787,0.0,7.23404255319149
"2025-01-14 10:00:00","2025-01-14 11:00:00",AA,128,128,0,0,7.796875,0.0,11.71875
"2025-01-14 10:00:00","2025-01-14 11:00:00",DL,129,129,0,0,3.511627906976744,0.0,8.527131782945736
"2025-01-14 10:00:00","2025-01-14 11:00:00",UA,110,110,0,0,3.227272727272727,0.0,6.363636363636363
"2025-01-14 10:00:00","2025-01-14 11:00:00",WN,200,199,1,0,-0.6984924623115578,0.5,6.532663316582915
"2025-01-14 11:00:00","2025-01-14 12:00:00",AA,144,144,0,0,1.0486111111111112,0.0,5.555555555555555
"2025-01-14 11:00:00","2025-01-14 12:00:00",DL,167,167,0,0,-0.3473053892215569,0.0,8.383233532934131
"2025-01-14 11:00:00","2025-01-14 12:00:00",UA,110,110,0,0,0.22727272727272727,0.0,8.181818181818182
"2025-01-14 11:00:00","2025-01-14 12:00:00",WN,262,262,0,0,-1.7709923664122138,0.0,4.198473282442748
"2025-01-14 12:00:00","2025-01-14 13:00:00",AA,129,129,0,0,2.3255813953488373,0.0,7.751937984496124
"2025-01-14 12:00:00","2025-01-14 13:00:00",DL,146,146,0,0,-0.2808219178082192,0.0,9.58904109589041
"2025-01-14 12:00:00","2025-01-14 13:00:00",UA,131,131,0,0,-2.4885496183206106,0.0,5.343511450381679
"2025-01-14 12:00:00","2025-01-14 13:00:00",WN,182,182,0,0,1.4835164835164836,0.0,10.43956043956044
"2025-01-14 13:00:00","2025-01-14 14:00:00",AA,121,121,0,0,1.9008264462809918,0.0,8.264462809917354
"2025-01-14 13:00:00","2025-01-14 14:00:00",DL,127,127,0,0,1.889763779527559,0.0,9.448818897637794
"2025-01-14 13:00:00","2025-01-14 14:00:00",UA,123,122,0,1,0.5528455284552846,0.0,7.317073170731708
"2025-01-14 13:00:00","2025-01-14 14:00:00",WN,242,242,0,0,-0.5413223140495868,0.0,7.43801652892562
"2025-01-14 14:00:00","2025-01-14 15:00:00",AA,131,131,0,0,8.213740458015268,0.0,9.923664122137405
"2025-01-14 14:00:00","2025-01-14 15:00:00",DL,110,109,1,0,9.559633027522937,0.9090909090909091,5.504587155963303
"2025-01-14 14:00:00","2025-01-14 15:00:00",UA,113,112,1,0,2.4910714285714284,0.8849557522123894,8.928571428571429
"2025-01-14 14:00:00","2025-01-14 15:00:00",WN,220,220,0,0,0.022727272727272728,0.0,8.181818181818182
"2025-01-14 15:00:00","2025-01-14 16:00:00",AA,113,113,0,0,-0.8053097345132744,0.0,7.964601769911504
"2025-01-14 15:00:00","2025-01-14 16:00:00",DL,150,150,0,0,1.1333333333333333,0.0,9.333333333333334
"2025-01-14 15:00:00","2025-01-14 16:00:00",UA,80,80,0,0,1.2375,0.0,8.75
"2025-01-14 15:00:00","2025-01-14 16:00:00",WN,224,224,0,0,-1.4375,0.0,4.910714285714286
"2025-01-14 16:00:00","2025-01-14 17:00:00",AA,124,123,0,1,9.758064516129032,0.0,10.483870967741936
"2025-01-14 16:00:00","2025-01-14 17:00:00",DL,96,96,0,0,1.375,0.0,10.416666666666666
"2025-01-14 16:00:00","2025-01-14 17:00:00",UA,116,116,0,0,-0.9913793103448276,0.0,7.758620689655173
"2025-01-14 16:00:00","2025-01-14 17:00:00",WN,207,207,0,0,-0.7391304347826086,0.0,4.830917874396135
"2025-01-14 17:00:00","2025-01-14 18:00:00",AA,146,146,0,0,0.863013698630137,0.0,9.58904109589041
"2025-01-14 17:00:00","2025-01-14 18:00:00",DL,161,161,0,0,-0.2919254658385093,0.0,8.074534161490684
"2025-01-14 17:00:00","2025-01-14 18:00:00",UA,135,135,0,0,1.637037037037037,0.0,9.62962962962963
"2025-01-14 17:00:00","2025-01-14 18:00:00",WN,197,197,0,0,-0.5329949238578681,0.0,8.121827411167512
"2025-01-14 18:00:00","2025-01-14 19:00:00",AA,139,139,0,0,-1.3021582733812949,0.0,5.0359712230215825
"2025-01-14 18:00:00","2025-01-14 19:00:00",DL,125,125,0,0,0.936,0.0,10.4
"2025-01-14 18:00:00","2025-01-14 19:00:00",UA,118,118,0,0,-0.9661016949152542,0.0,8.474576271186441
"2025-01-14 18:00:00","2025-01-14 19:00:00",WN,264,264,0,0,-0.17045454545454544,0.0,8.712121212121213
"2025-01-14 19:00:00","2025-01-14 20:00:00",AA,102,102,0,0,0.8627450980392157,0.0,8.823529411764707
"2025-01-14 19:00:00","2025-01-14 20:00:00",DL,89,89,0,0,0.898876404494382,0.0,10.112359550561798
"2025-01-14 19:00:00","2025-01-14 20:00:00",UA,93,93,0,0,-0.043010752688172046,0.0,11.827956989247312
"2025-01-14 19:00:00","2025-01-14 20:00:00",WN,119,119,0,0,-3.033613445378151,0.0,2.5210084033613445
"2025-01-14 20:00:00","2025-01-14 21:00:00",AA,77,76,0,1,-2.896103896103896,0.0,5.194805194805195
"2025-01-14 20:00:00","2025-01-14 21:00:00",DL,68,68,0,0,1.8823529411764706,0.0,11.764705882352942
"2025-01-14 20:00:00","2025-01-14 21:00:00",UA,74,74,0,0,-0.7297297297297297,0.0,6.756756756756757
"2025-01-14 20:00:00","2025-01-14 21:00:00",WN,167,167,0,0,-1.598802395209581,0.0,5.389221556886228
"2025-01-14 21:00:00","2025-01-14 22:00:00",AA,77,77,0,0,1.2207792207792207,0.0,10.38961038961039
"2025-01-14 21:00:00","2025-01-14 22:00:00",DL,63,63,0,0,2.2063492063492065,0.0,9.523809523809524
"2025-01-14 21:00:00","2025-01-14 22:00:00",UA,23,23,0,0,-1.2173913043478262,0.0,13.043478260869565
"2025-01-14 21:00:00","2025-01-14 22:00:00",WN,15,15,0,0,-4.0,0.0,6.666666666666667
"2025-01-14 22:00:00","2025-01-14 23:00:00",AA,56,56,0,0,-6.017857142857143,0.0,1.7857142857142858
"2025-01-14 22:00:00","2025-01-14 23:00:00",DL,77,77,0,0,-1.3636363636363635,0.0,5.194805194805195
"2025-01-14 22:00:00","2025-01-14 23:00:00",UA,21,20,1,0,-4.9,4.761904761904762,0.0
"2025-01-14 23:00:00","2025-01-15 00:00:00",AA,19,19,0,0,49.421052631578945,0.0,5.2631578947368425
"2025-01-14 23:00:00","2025-01-15 00:00:00",DL,19,19,0,0,2.1578947368421053,0.0,15.789473684210526
"2025-01-14 23:00:00","2025-01-15 00:00:00",UA,24,24,0,0,-6.458333333333333,0.0,0.0
"2025-01-15 00:00:00","2025-01-15 01:00:00",AA,5,5,0,0,-2.2,0.0,0.0
"2025-01-15 00:00:00","2025-01-15 01:00:00",DL,1,1,0,0,-16.0,0.0,0.0
"2025-01-15 00:00:00","2025-01-15 01:00:00",UA,3,3,0,0,-7.0,0.0,0.0
"2025-01-15 01:00:00","2025-01-15 02:00:00",DL,2,2,0,0,-11.0,0.0,0.0
"2025-01-15 01:00:00","2025-01-15 02:00:00",UA,1,1,0,0,3.0,0.0,0.0
"2025-01-15 02:00:00","2025-01-15 03:00:00",UA,1,1,0,0,23.0,0.0,100.0
"2025-01-15 05:00:00","2025-01-15 06:00:00",AA,80,80,0,0,-2.2,0.0,8.75
"2025-01-15 05:00:00","2025-01-15 06:00:00",DL,65,65,0,0,2.4615384615384617,0.0,4.615384615384615
"2025-01-15 05:00:00","2025-01-15 06:00:00",UA,25,25,0,0,-2.04,0.0,12.0
"2025-01-15 05:00:00","2025-01-15 06:00:00",WN,28,28,0,0,-2.607142857142857,0.0,3.5714285714285716
"2025-01-15 06:00:00","2025-01-15 07:00:00",AA,168,168,0,0,-1.8928571428571428,0.0,5.357142857142857
"2025-01-15 06:00:00","2025-01-15 07:00:00",DL,173,172,1,0,-3.127906976744186,0.5780346820809249,4.651162790697675
"2025-01-15 06:00:00","2025-01-15 07:00:00",UA,110,110,0,0,-3.1636363636363636,0.0,3.6363636363636362
"2025-01-15 06:00:00","2025-01-15 07:00:00",WN,221,221,0,0,-0.6244343891402715,0.0,4.072398190045249
"2025-01-15 07:00:00","2025-01-15 08:00:00",AA,162,161,1,0,3.329192546583851,0.6172839506172839,7.453416149068323
"2025-01-15 07:00:00","2025-01-15 08:00:00",DL,210,210,0,0,-0.4142857142857143,0.0,5.238095238095238
"2025-01-15 07:00:00","2025-01-15 08:00:00",UA,152,152,0,0,-2.414473684210526,0.0,5.2631578947368425
"2025-01-15 07:00:00","2025-01-15 08:00:00",WN,189,189,0,0,-1.216931216931217,0.0,2.6455026455026456
"2025-01-15 08:00:00","2025-01-15 09:00:00",AA,187,187,0,0,10.010695187165775,0.0,6.4171122994652405
"2025-01-15 08:00:00","2025-01-15 09:00:00",DL,162,162,0,0,-2.5246913580246915,0.0,4.938271604938271
"2025-01-15 08:00:00","2025-01-15 09:00:00",UA,175,175,0,0,-0.8342857142857143,0.0,5.714285714285714
"2025-01-15 08:00:00","2025-01-15 09:00:00",WN,242,242,0,0,-1.4338842975206612,0.0,3.3057851239669422
"2025-01-15 09:00:00","2025-01-15 10:00:00",AA,133,133,0,0,14.541353383458647,0.0,6.7669172932330826
"2025-01-15 09:00:00","2025-01-15 10:00:00",DL,118,118,0,0,-2.1271186440677967,0.0,5.084745762711864
"2025-01-15 09:00:00","2025-01-15 10:00:00",UA,140,140,0,0,0.42142857142857143,0.0,7.857142857142857
"2025-01-15 09:00:00","2025-01-15 10:00:00",WN,234,234,0,0,-0.3803418803418803,0.0,6.837606837606837
"2025-01-15 10:00:00","2025-01-15 11:00:00",AA,129,129,0,0,-2.7906976744186047,0.0,4.651162790697675
"2025-01-15 10:00:00","2025-01-15 11:00:00",DL,131,131,0,0,-0.33587786259541985,0.0,8.396946564885496
"2025-01-15 10:00:00","2025-01-15 11:00:00",UA,113,112,0,1,-3.3008849557522124,0.0,6.1946902654867255
"2025-01-15 10:00:00","2025-01-15 11:00:00",WN,199,199,0,0,-0.7889447236180904,0.0,4.0201005025125625
"2025-01-15 11:00:00","2025-01-15 12:00:00",AA,145,145,0,0,15.993103448275862,0.0,10.344827586206897
"2025-01-15 11:00:00","2025-01-15 12:00:00",DL,171,171,0,0,1.0935672514619883,0.0,10.526315789473685
"2025-01-15 11:00:00","2025-01-15 12:00:00",UA,115,115,0,0,1.9652173913043478,0.0,7.826086956521739
"2025-01-15 11:00:00","2025-01-15 12:00:00",WN,265,265,0,0,0.6641509433962264,0.0,6.037735849056604
"2025-01-15 12:00:00","2025-01-15 13:00:00",AA,131,131,0,0,-1.1068702290076335,0.0,5.343511450381679
"2025-01-15 12:00:00","2025-01-15 13:00:00",DL,148,148,0,0,-2.1621621621621623,0.0,6.081081081081081
"2025-01-15 12:00:00","2025-01-15 13:00:00",UA,130,130,0,0,-0.2692307692307692,0.0,6.923076923076923
"2025-01-15 12:00:00","2025-01-15 13:00:00",WN,182,182,0,0,1.2032967032967032,0.0,6.593406593406593
"2025-01-15 13:00:00","2025-01-15 14:00:00",AA,120,120,0,0,0.45,0.0,6.666666666666667
"2025-01-15 13:00:00","2025-01-15 14:00:00",DL,125,125,0,0,-1.944,0.0,6.4
"2025-01-15 13:00:00","2025-01-15 14:00:00",UA,128,127,1,0,-0.3858267716535433,0.78125,6.299212598425197
"2025-01-15 13:00:00","2025-01-15 14:00:00",WN,240,240,0,0,1.5125,0.0,9.583333333333334
"2025-01-15 14:00:00","2025-01-15 15:00:00",AA,138,138,0,0,-0.3333333333333333,0.0,7.246376811594203
"2025-01-15 14:00:00","2025-01-15 15:00:00",DL,115,115,0,0,1.608695652173913,0.0,7.826086956521739
"2025-01-15 14:00:00","2025-01-15 15:00:00",UA,114,114,0,0,-0.35964912280701755,0.0,7.017543859649122
"2025-01-15 14:00:00","2025-01-15 15:00:00",WN,220,220,0,0,0.4,0.0,6.363636363636363
"2025-01-15 15:00:00","2025-01-15 16:00:00",AA,114,114,0,0,1.394736842105263,0.0,10.526315789473685
"2025-01-15 15:00:00","2025-01-15 16:00:00",DL,155,155,0,0,1.2129032258064516,0.0,7.096774193548387
"2025-01-15 15:00:00","2025-01-15 16:00:00",UA,81,81,0,0,-2.419753086419753,0.0,8.641975308641975
"2025-01-15 15:00:00","2025-01-15 16:00:00",WN,227,227,0,0,-1.2819383259911894,0.0,4.845814977973569
"2025-01-15 16:00:00","2025-01-15 17:00:00",AA,130,129,0,1,0.34615384615384615,0.0,9.23076923076923
"2025-01-15 16:00:00","2025-01-15 17:00:00",DL,100,100,0,0,-1.68,0.0,3.0
"2025-01-15 16:00:00","2025-01-15 17:00:00",UA,116,116,0,0,1.5517241379310345,0.0,6.0344827586206895
"2025-01-15 16:00:00","2025-01-15 17:00:00",WN,205,204,0,1,1.3414634146341464,0.0,7.317073170731708
"2025-01-15 17:00:00","2025-01-15 18:00:00",AA,153,153,0,0,0.09803921568627451,0.0,9.15032679738562
"2025-01-15 17:00:00","2025-01-15 18:00:00",DL,161,161,0,0,1.0993788819875776,0.0,6.832298136645963
"2025-01-15 17:00:00","2025-01-15 18:00:00",UA,144,144,0,0,-0.5138888888888888,0.0,6.25
"2025-01-15 17:00:00","2025-01-15 18:00:00",WN,194,194,0,0,0.08762886597938144,0.0,6.185567010309279
"2025-01-15 18:00:00","2025-01-15 19:00:00",AA,134,134,0,0,0.6044776119402985,0.0,8.955223880597014
"2025-01-15 18:00:00","2025-01-15 19:00:00",DL,126,126,0,0,3.8015873015873014,0.0,13.492063492063492
"2025-01-15 18:00:00","2025-01-15 19:00:00",UA,125,125,0,0,1.192,0.0,6.4
"2025-01-15 18:00:00","2025-01-15 19:00:00",WN,254,254,0,0,-0.16141732283464566,0.0,5.905511811023622
"2025-01-15 19:00:00","2025-01-15 20:00:00",AA,105,105,0,0,0.3619047619047619,0.0,6.666666666666667
"2025-01-15 19:00:00","2025-01-15 20:00:00",DL,96,96,0,0,0.0625,0.0,7.291666666666667
"2025-01-15 19:00:00","2025-01-15 20:00:00",UA,99,99,0,0,-2.9393939393939394,0.0,7.070707070707071
"2025-01-15 19:00:00","2025-01-15 20:00:00",WN,120,120,0,0,-1.6916666666666667,0.0,4.166666666666667
"2025-01-15 20:00:00","2025-01-15 21:00:00",AA,79,79,0,0,-0.02531645569620253,0.0,7.594936708860759
"2025-01-15 20:00:00","2025-01-15 21:00:00",DL,68,68,0,0,-2.014705882352941,0.0,7.352941176470588
"2025-01-15 20:00:00","2025-01-15 21:00:00",UA,80,80,0,0,2.175,0.0,10.0
"2025-01-15 20:00:00","2025-01-15 21:00:00",WN,167,167,0,0,-1.622754491017964,0.0,4.790419161676646
"2025-01-15 21:00:00","2025-01-15 22:00:00",AA,74,74,0,0,-0.3783783783783784,0.0,5.405405405405405
"2025-01-15 21:00:00","2025-01-15 22:00:00",DL,62,62,0,0,-3.6129032258064515,0.0,4.838709677419355
"2025-01-15 21:00:00","2025-01-15 22:00:00",UA,26,26,0,0,-0.6538461538461539,0.0,11.538461538461538
"2025-01-15 21:00:00","2025-01-15 22:00:00",WN,15,15,0,0,-2.8,0.0,6.666666666666667
"2025-01-15 22:00:00","2025-01-15 23:00:00",AA,54,54,0,0,-4.833333333333333,0.0,3.7037037037037037
"2025-01-15 22:00:00","2025-01-15 23:00:00",DL,77,77,0,0,0.18181818181818182,0.0,5.194805194805195
"2025-01-15 22:00:00","2025-01-15 23:00:00",UA,25,25,0,0,-3.04,0.0,8.0
"2025-01-15 23:00:00","2025-01-16 00:00:00",AA,20,20,0,0,3.6,0.0,10.0
"2025-01-15 23:00:00","2025-01-16 00:00:00",DL,20,20,0,0,-0.7,0.0,0.0
"2025-01-15 23:00:00","2025-01-16 00:00:00",UA,27,27,0,0,-2.074074074074074,0.0,3.7037037037037037
"2025-01-16 00:00:00","2025-01-16 01:00:00",AA,7,7,0,0,-5.285714285714286,0.0,0.0
"2025-01-16 00:00:00","2025-01-16 01:00:00",DL,1,1,0,0,-8.0,0.0,0.0
"2025-01-16 00:00:00","2025-01-16 01:00:00",UA,3,3,0,0,-1.6666666666666667,0.0,0.0
"2025-01-16 01:00:00","2025-01-16 02:00:00",DL,2,2,0,0,-4.5,0.0,0.0
"2025-01-16 01:00:00","2025-01-16 02:00:00",UA,1,1,0,0,8.0,0.0,0.0
"2025-01-16 02:00:00","2025-01-16 03:00:00",UA,1,1,0,0,-14.0,0.0,0.0
"2025-01-16 05:00:00","2025-01-16 06:00:00",AA,103,103,0,0,5.349514563106796,0.0,7.766990291262136
"2025-01-16 05:00:00","2025-01-16 06:00:00",DL,64,64,0,0,1.359375,0.0,6.25
"2025-01-16 05:00:00","2025-01-16 06:00:00",UA,25,25,0,0,-4.4,0.0,4.0
"2025-01-16 05:00:00","2025-01-16 06:00:00",WN,98,97,1,0,-1.4536082474226804,1.0204081632653061,2.0618556701030926
"2025-01-16 06:00:00","2025-01-16 07:00:00",AA,173,173,0,0,2.953757225433526,0.0,6.936416184971098
"2025-01-16 06:00:00","2025-01-16 07:00:00",DL,180,180,0,0,-2.7777777777777777,0.0,5.0
"2025-01-16 06:00:00","2025-01-16 07:00:00",UA,113,113,0,0,3.52212389380531,0.0,7.079646017699115
"2025-01-16 06:00:00","2025-01-16 07:00:00",WN,308,308,0,0,-2.3084415584415585,0.0,1.6233766233766234
"2025-01-16 07:00:00","2025-01-16 08:00:00",AA,207,207,0,0,3.5169082125603865,0.0,7.729468599033816
"2025-01-16 07:00:00","2025-01-16 08:00:00",DL,227,227,0,0,0.02643171806167401,0.0,7.488986784140969
"2025-01-16 07:00:00","2025-01-16 08:00:00",UA,169,167,1,1,-1.5297619047619047,0.591715976331361,3.5714285714285716
"2025-01-16 07:00:00","2025-01-16 08:00:00",WN,212,211,1,0,-1.004739336492891,0.4716981132075472,3.7914691943127963
"2025-01-16 08:00:00","2025-01-16 09:00:00",AA,190,188,0,2,-0.8315789473684211,0.0,5.2631578947368425
"2025-01-16 08:00:00","2025-01-16 09:00:00",DL,161,159,0,2,-0.4161490683229814,0.0,3.7267080745341614
"2025-01-16 08:00:00","2025-01-16 09:00:00",UA,180,179,0,1,-1.1888888888888889,0.0,4.444444444444445
"2025-01-16 08:00:00","2025-01-16 09:00:00",WN,266,266,0,0,0.46616541353383456,0.0,4.887218045112782
"2025-01-16 09:00:00","2025-01-16 10:00:00",AA,129,129,0,0,1.2868217054263567,0.0,10.077519379844961
"2025-01-16 09:00:00","2025-01-16 10:00:00",DL,125,125,0,0,0.344,0.0,8.0
"2025-01-16 09:00:00","2025-01-16 10:00:00",UA,152,149,0,3,2.0328947368421053,0.0,7.894736842105263
"2025-01-16 09:00:00","2025-01-16 10:00:00",WN,215,214,0,1,0.17674418604651163,0.0,5.116279069767442
"2025-01-16 10:00:00","2025-01-16 11:00:00",AA,136,135,0,1,1.3602941176470589,0.0,10.294117647058824
"2025-01-16 10:00:00","2025-01-16 11:00:00",DL,145,144,0,1,0.6275862068965518,0.0,11.03448275862069
"2025-01-16 10:00:00","2025-01-16 11:00:00",UA,117,117,0,0,1.0854700854700854,0.0,7.6923076923076925
"2025-01-16 10:00:00","2025-01-16 11:00:00",WN,218,218,0,0,0.1559633027522936,0.0,3.669724770642202
"2025-01-16 11:00:00","2025-01-16 12:00:00",AA,160,159,0,1,5.15625,0.0,9.375
"2025-01-16 11:00:00","2025-01-16 12:00:00",DL,180,180,0,0,5.038888888888889,0.0,11.11111111111111
"2025-01-16 11:00:00","2025-01-16 12:00:00",UA,116,116,0,0,9.991379310344827,0.0,11.206896551724139
"2025-01-16 11:00:00","2025-01-16 12:00:00",WN,220,218,1,1,4.378995433789954,0.45454545454545453,7.762557077625571
"2025-01-16 12:00:00","2025-01-16 13:00:00",AA,133,132,0,1,5.481203007518797,0.0,9.022556390977444
"2025-01-16 12:00:00","2025-01-16 13:00:00",DL,158,158,0,0,1.0316455696202531,0.0,9.49367088607595
"2025-01-16 12:00:00","2025-01-16 13:00:00",UA,130,130,0,0,1.676923076923077,0.0,3.8461538461538463
"2025-01-16 12:00:00","2025-01-16 13:00:00",WN,219,218,0,1,0.5296803652968036,0.0,4.566210045662101
"2025-01-16 13:00:00","2025-01-16 14:00:00",AA,139,139,0,0,12.151079136690647,0.0,10.79136690647482
"2025-01-16 13:00:00","2025-01-16 14:00:00",DL,138,138,0,0,0.9637681159420289,0.0,13.043478260869565
"2025-01-16 13:00:00","2025-01-16 14:00:00",UA,133,133,0,0,3.9774436090225564,0.0,11.278195488721805
"2025-01-16 13:00:00","2025-01-16 14:00:00",WN,244,243,0,1,3.860655737704918,0.0,9.426229508196721
"2025-01-16 14:00:00","2025-01-16 15:00:00",AA,156,156,0,0,10.512820512820513,0.0,15.384615384615385
"2025-01-16 14:00:00","2025-01-16 15:00:00",DL,122,122,0,0,9.729508196721312,0.0,13.934426229508198
"2025-01-16 14:00:00","2025-01-16 15:00:00",UA,114,114,0,0,7.657894736842105,0.0,14.912280701754385
"2025-01-16 14:00:00","2025-01-16 15:00:00",WN,220,220,0,0,3.3136363636363635,0.0,8.181818181818182
"2025-01-16 15:00:00","2025-01-16 16:00:00",AA,114,114,0,0,8.93859649122807,0.0,14.912280701754385
"2025-01-16 15:00:00","2025-01-16 16:00:00",DL,172,171,1,0,13.608187134502923,0.5813953488372093,17.54385964912281
"2025-01-16 15:00:00","2025-01-16 16:00:00",UA,92,92,0,0,6.184782608695652,0.0,8.695652173913043
"2025-01-16 15:00:00","2025-01-16 16:00:00",WN,225,225,0,0,5.262222222222222,0.0,8.88888888888889
"2025-01-16 16:00:00","2025-01-16 17:00:00",AA,154,152,0,2,10.863636363636363,0.0,15.584415584415584
"2025-01-16 16:00:00","2025-01-16 17:00:00",DL,119,117,1,1,10.059322033898304,0.8403361344537815,20.338983050847457
"2025-01-16 16:00:00","2025-01-16 17:00:00",UA,123,123,0,0,8.105691056910569,0.0,9.75609756097561
"2025-01-16 16:00:00","2025-01-16 17:00:00",WN,222,222,0,0,7.387387387387387,0.0,17.117117117117118
"2025-01-16 17:00:00","2025-01-16 18:00:00",AA,157,157,0,0,10.286624203821656,0.0,20.38216560509554
"2025-01-16 17:00:00","2025-01-16 18:00:00",DL,166,166,0,0,2.8493975903614457,0.0,12.650602409638553
"2025-01-16 17:00:00","2025-01-16 18:00:00",UA,147,145,1,1,4.2465753424657535,0.6802721088435374,6.8493150684931505
"2025-01-16 17:00:00","2025-01-16 18:00:00",WN,222,220,0,2,3.734234234234234,0.0,8.558558558558559
"2025-01-16 18:00:00","2025-01-16 19:00:00",AA,165,164,0,1,24.55151515151515,0.0,21.818181818181817
"2025-01-16 18:00:00","2025-01-16 19:00:00",DL,143,143,0,0,7.685314685314685,0.0,15.384615384615385
"2025-01-16 18:00:00","2025-01-16 19:00:00",UA,139,139,0,0,10.899280575539569,0.0,15.107913669064748
"2025-01-16 18:00:00","2025-01-16 19:00:00",WN,219,219,0,0,5.036529680365297,0.0,15.525114155251142
"2025-01-16 19:00:00","2025-01-16 20:00:00",AA,147,147,0,0,17.979591836734695,0.0,21.768707482993197
"2025-01-16 19:00:00","2025-01-16 20:00:00",DL,129,129,0,0,11.255813953488373,0.0,23.25581395348837
"2025-01-16 19:00:00","2025-01-16 20:00:00",UA,102,102,0,0,2.9705882352941178,0.0,10.784313725490197
"2025-01-16 19:00:00","2025-01-16 20:00:00",WN,266,266,0,0,5.2105263157894735,0.0,14.661654135338345
"2025-01-16 20:00:00","2025-01-16 21:00:00",AA,120,120,0,0,18.816666666666666,0.0,26.666666666666668
"2025-01-16 20:00:00","2025-01-16 21:00:00",DL,66,66,0,0,9.757575757575758,0.0,24.242424242424242
"2025-01-16 20:00:00","2025-01-16 21:00:00",UA,81,81,0,0,2.5308641975308643,0.0,9.876543209876543
"2025-01-16 20:00:00","2025-01-16 21:00:00",WN,178,178,0,0,5.207865168539326,0.0,15.168539325842696
"2025-01-16 21:00:00","2025-01-16 22:00:00",AA,82,82,0,0,4.426829268292683,0.0,15.853658536585366
"2025-01-16 21:00:00","2025-01-16 22:00:00",DL,83,83,0,0,4.120481927710843,0.0,16.867469879518072
"2025-01-16 21:00:00","2025-01-16 22:00:00",UA,32,32,0,0,12.78125,0.0,15.625
"2025-01-16 21:00:00","2025-01-16 22:00:00",WN,149,149,0,0,6.8389261744966445,0.0,16.778523489932887
"2025-01-16 22:00:00","2025-01-16 23:00:00",AA,89,89,0,0,21.752808988764045,0.0,16.853932584269664
"2025-01-16 22:00:00","2025-01-16 23:00:00",DL,83,82,1,0,-0.4268292682926829,1.2048192771084338,4.878048780487805
"2025-01-16 22:00:00","2025-01-16 23:00:00",UA,25,25,0,0,-2.24,0.0,4.0
"2025-01-16 22:00:00","2025-01-16 23:00:00",WN,3,3,0,0,-3.3333333333333335,0.0,0.0
"2025-01-16 23:00:00","2025-01-17 00:00:00",AA,27,27,0,0,2.4444444444444446,0.0,11.11111111111111
"2025-01-16 23:00:00","2025-01-17 00:00:00",DL,25,24,1,0,0.4166666666666667,4.0,8.333333333333334
"2025-01-16 23:00:00","2025-01-17 00:00:00",UA,30,30,0,0,1.3,0.0,10.0
"2025-01-17 00:00:00","2025-01-17 01:00:00",AA,8,8,0,0,70.125,0.0,25.0
"2025-01-17 00:00:00","2025-01-17 01:00:00",DL,2,2,0,0,-10.5,0.0,0.0
"2025-01-17 00:00:00","2025-01-17 01:00:00",UA,3,3,0,0,5.0,0.0,33.333333333333336
"2025-01-17 01:00:00","2025-01-17 02:00:00",AA,1,1,0,0,-6.0,0.0,0.0
"2025-01-17 01:00:00","2025-01-17 02:00:00",DL,2,2,0,0,9.0,0.0,50.0
"2025-01-17 01:00:00","2025-01-17 02:00:00",UA,1,1,0,0,5.0,0.0,0.0
"2025-01-17 02:00:00","2025-01-17 03:00:00",UA,1,1,0,0,-10.0,0.0,0.0
"2025-01-17 05:00:00","2025-01-17 06:00:00",AA,101,101,0,0,24.00990099009901,0.0,8.910891089108912
"2025-01-17 05:00:00","2025-01-17 06:00:00",DL,64,64,0,0,5.109375,0.0,4.6875
"2025-01-17 05:00:00","2025-01-17 06:00:00",UA,25,25,0,0,-3.84,0.0,0.0
"2025-01-17 05:00:00","2025-01-17 06:00:00",WN,92,92,0,0,-1.4021739130434783,0.0,3.260869565217391
"2025-01-17 06:00:00","2025-01-17 07:00:00",AA,177,177,0,0,5.887005649717514,0.0,7.909604519774011
"2025-01-17 06:00:00","2025-01-17 07:00:00",DL,177,177,0,0,-0.5423728813559322,0.0,5.084745762711864
"2025-01-17 06:00:00","2025-01-17 07:00:00",UA,111,111,0,0,-3.6216216216216215,0.0,0.9009009009009009
"2025-01-17 06:00:00","2025-01-17 07:00:00",WN,303,302,0,1,-0.5742574257425742,0.0,4.62046204620462
"2025-01-17 07:00:00","2025-01-17 08:00:00",AA,207,207,0,0,13.077294685990339,0.0,8.695652173913043
"2025-01-17 07:00:00","2025-01-17 08:00:00",DL,225,225,0,0,3.3022222222222224,0.0,6.222222222222222
"2025-01-17 07:00:00","2025-01-17 08:00:00",UA,172,171,1,0,5.345029239766082,0.5813953488372093,4.678362573099415
"2025-01-17 07:00:00","2025-01-17 08:00:00",WN,213,213,0,0,0.4694835680751174,0.0,2.816901408450704
"2025-01-17 08:00:00","2025-01-17 09:00:00",AA,185,185,0,0,2.5783783783783782,0.0,9.18918918918919
"2025-01-17 08:00:00","2025-01-17 09:00:00",DL,162,162,0,0,2.7839506172839505,0.0,8.024691358024691
"2025-01-17 08:00:00","2025-01-17 09:00:00",UA,180,179,1,0,-0.88268156424581,0.5555555555555556,4.4692737430167595
"2025-01-17 08:00:00","2025-01-17 09:00:00",WN,261,261,0,0,-0.29118773946360155,0.0,3.8314176245210727
"2025-01-17 09:00:00","2025-01-17 10:00:00",AA,134,133,0,1,7.037313432835821,0.0,8.208955223880597
"2025-01-17 09:00:00","2025-01-17 10:00:00",DL,126,126,0,0,-0.8968253968253969,0.0,5.555555555555555
"2025-01-17 09:00:00","2025-01-17 10:00:00",UA,155,154,0,1,0.1032258064516129,0.0,4.516129032258065
"2025-01-17 09:00:00","2025-01-17 10:00:00",WN,214,214,0,0,0.6635514018691588,0.0,5.140186915887851
"2025-01-17 10:00:00","2025-01-17 11:00:00",AA,137,137,0,0,3.3576642335766422,0.0,10.94890510948905
"2025-01-17 10:00:00","2025-01-17 11:00:00",DL,146,146,0,0,3.136986301369863,0.0,13.698630136986301
"2025-01-17 10:00:00","2025-01-17 11:00:00",UA,116,116,0,0,-1.0689655172413792,0.0,5.172413793103448
"2025-01-17 10:00:00","2025-01-17 11:00:00",WN,224,224,0,0,1.0357142857142858,0.0,4.464285714285714
"2025-01-17 11:00:00","2025-01-17 12:00:00",AA,158,158,0,0,8.177215189873417,0.0,15.822784810126583
"2025-01-17 11:00:00","2025-01-17 12:00:00",DL,183,182,0,1,3.180327868852459,0.0,8.743169398907105
"2025-01-17 11:00:00","2025-01-17 12:00:00",UA,119,119,0,0,-0.5378151260504201,0.0,5.042016806722689
"2025-01-17 11:00:00","2025-01-17 12:00:00",WN,222,222,0,0,1.427927927927928,0.0,9.90990990990991
"2025-01-17 12:00:00","2025-01-17 13:00:00",AA,137,137,0,0,9.912408759124087,0.0,21.8978102189781
"2025-01-17 12:00:00","2025-01-17 13:00:00",DL,160,160,0,0,2.54375,0.0,13.75
"2025-01-17 12:00:00","2025-01-17 13:00:00",UA,134,134,0,0,1.7537313432835822,0.0,8.208955223880597
"2025-01-17 12:00:00","2025-01-17 13:00:00",WN,223,223,0,0,5.448430493273543,0.0,10.762331838565023
"2025-01-17 13:00:00","2025-01-17 14:00:00",AA,135,135,0,0,9.162962962962963,0.0,20.74074074074074
"2025-01-17 13:00:00","2025-01-17 14:00:00",DL,136,136,0,0,3.9558823529411766,0.0,11.764705882352942
"2025-01-17 13:00:00","2025-01-17 14:00:00",UA,133,133,0,0,3.18796992481203,0.0,9.774436090225564
"2025-01-17 13:00:00","2025-01-17 14:00:00",WN,244,243,1,0,3.802469135802469,0.4098360655737705,9.465020576131687
"2025-01-17 14:00:00","2025-01-17 15:00:00",AA,145,145,0,0,6.241379310344827,0.0,15.862068965517242
"2025-01-17 14:00:00","2025-01-17 15:00:00",DL,127,127,0,0,7.3700787401574805,0.0,12.598425196850394
"2025-01-17 14:00:00","2025-01-17 15:00:00",UA,116,116,0,0,0.9568965517241379,0.0,6.896551724137931
"2025-01-17 14:00:00","2025-01-17 15:00:00",WN,219,219,0,0,3.452054794520548,0.0,10.045662100456621
"2025-01-17 15:00:00","2025-01-17 16:00:00",AA,117,117,0,0,21.94871794871795,0.0,25.641025641025642
"2025-01-17 15:00:00","2025-01-17 16:00:00",DL,173,173,0,0,6.606936416184971,0.0,17.341040462427745
"2025-01-17 15:00:00","2025-01-17 16:00:00",UA,92,92,0,0,2.0652173913043477,0.0,10.869565217391305
"2025-01-17 15:00:00","2025-01-17 16:00:00",WN,227,227,0,0,6.237885462555066,0.0,14.977973568281937
"2025-01-17 16:00:00","2025-01-17 17:00:00",AA,136,135,0,1,6.419117647058823,0.0,15.441176470588236
"2025-01-17 16:00:00","2025-01-17 17:00:00",DL,116,116,0,0,4.525862068965517,0.0,15.517241379310345
"2025-01-17 16:00:00","2025-01-17 17:00:00",UA,122,122,0,0,6.901639344262295,0.0,14.754098360655737
"2025-01-17 16:00:00","2025-01-17 17:00:00",WN,219,219,0,0,4.004566210045662,0.0,12.785388127853881
"2025-01-17 17:00:00","2025-01-17 18:00:00",AA,148,148,0,0,2.7837837837837838,0.0,12.162162162162161
"2025-01-17 17:00:00","2025-01-17 18:00:00",DL,165,165,0,0,10.193939393939393,0.0,15.151515151515152
"2025-01-17 17:00:00","2025-01-17 18:00:00",UA,144,144,0,0,2.923611111111111,0.0,11.805555555555555
"2025-01-17 17:00:00","2025-01-17 18:00:00",WN,224,224,0,0,3.9151785714285716,0.0,12.5
"2025-01-17 18:00:00","2025-01-17 19:00:00",AA,147,147,0,0,11.047619047619047,0.0,21.768707482993197
"2025-01-17 18:00:00","2025-01-17 19:00:00",DL,148,148,0,0,7.614864864864865,0.0,14.864864864864865
"2025-01-17 18:00:00","2025-01-17 19:00:00",UA,140,140,0,0,2.1714285714285713,0.0,10.714285714285714
"2025-01-17 18:00:00","2025-01-17 19:00:00",WN,223,223,0,0,4.860986547085202,0.0,14.349775784753364
"2025-01-17 19:00:00","2025-01-17 20:00:00",AA,110,110,0,0,22.563636363636363,0.0,20.90909090909091
"2025-01-17 19:00:00","2025-01-17 20:00:00",DL,125,125,0,0,3.256,0.0,12.8
"2025-01-17 19:00:00","2025-01-17 20:00:00",UA,101,101,0,0,5.108910891089109,0.0,13.861386138613861
"2025-01-17 19:00:00","2025-01-17 20:00:00",WN,264,264,0,0,2.643939393939394,0.0,9.469696969696969
"2025-01-17 20:00:00","2025-01-17 21:00:00",AA,84,84,0,0,0.9285714285714286,0.0,10.714285714285714
"2025-01-17 20:00:00","2025-01-17 21:00:00",DL,71,71,0,0,4.647887323943662,0.0,16.901408450704224
"2025-01-17 20:00:00","2025-01-17 21:00:00",UA,83,83,0,0,9.19277108433735,0.0,16.867469879518072
"2025-01-17 20:00:00","2025-01-17 21:00:00",WN,180,180,0,0,3.6222222222222222,0.0,16.666666666666668
"2025-01-17 21:00:00","2025-01-17 22:00:00",AA,81,81,0,0,13.617283950617283,0.0,32.098765432098766
"2025-01-17 21:00:00","2025-01-17 22:00:00",DL,82,82,0,0,2.0365853658536586,0.0,14.634146341463415
"2025-01-17 21:00:00","2025-01-17 22:00:00",UA,30,30,0,0,-2.566666666666667,0.0,3.3333333333333335
"2025-01-17 21:00:00","2025-01-17 22:00:00",WN,148,148,0,0,3.3986486486486487,0.0,13.513513513513514
"2025-01-17 22:00:00","2025-01-17 23:00:00",AA,57,55,1,1,2.5535714285714284,1.7543859649122806,10.714285714285714
"2025-01-17 22:00:00","2025-01-17 23:00:00",DL,84,84,0,0,-0.5,0.0,5.9523809523809526
"2025-01-17 22:00:00","2025-01-17 23:00:00",UA,23,23,0,0,2.739130434782609,0.0,8.695652173913043
"2025-01-17 22:00:00","2025-01-17 23:00:00",WN,3,3,0,0,-5.666666666666667,0.0,0.0
"2025-01-17 23:00:00","2025-01-18 00:00:00",AA,21,21,0,0,28.428571428571427,0.0,14.285714285714286
"2025-01-17 23:00:00","2025-01-18 00:00:00",DL,24,24,0,0,-0.4166666666666667,0.0,4.166666666666667
"2025-01-17 23:00:00","2025-01-18 00:00:00",UA,30,30,0,0,2.066666666666667,0.0,10.0
"2025-01-18 00:00:00","2025-01-18 01:00:00",AA,5,5,0,0,-1.0,0.0,0.0
"2025-01-18 00:00:00","2025-01-18 01:00:00",DL,2,2,0,0,-14.0,0.0,0.0
"2025-01-18 00:00:00","2025-01-18 01:00:00",UA,3,3,0,0,-7.333333333333333,0.0,0.0
"2025-01-18 01:00:00","2025-01-18 02:00:00",DL,2,2,0,0,-1.0,0.0,0.0
"2025-01-18 01:00:00","2025-01-18 02:00:00",UA,1,1,0,0,9.0,0.0,0.0
"2025-01-18 02:00:00","2025-01-18 03:00:00",UA,1,1,0,0,-3.0,0.0,0.0
"2025-01-18 05:00:00","2025-01-18 06:00:00",AA,80,80,0,0,4.075,0.0,5.0
"2025-01-18 05:00:00","2025-01-18 06:00:00",DL,58,58,0,0,25.482758620689655,0.0,5.172413793103448
"2025-01-18 05:00:00","2025-01-18 06:00:00",UA,24,24,0,0,9.791666666666666,0.0,8.333333333333334
"2025-01-18 05:00:00","2025-01-18 06:00:00",WN,58,58,0,0,-2.689655172413793,0.0,0.0
"2025-01-18 06:00:00","2025-01-18 07:00:00",AA,165,165,0,0,1.3454545454545455,0.0,3.6363636363636362
"2025-01-18 06:00:00","2025-01-18 07:00:00",DL,166,166,0,0,-1.5903614457831325,0.0,6.024096385542169
"2025-01-18 06:00:00","2025-01-18 07:00:00",UA,108,107,0,1,4.518518518518518,0.0,6.481481481481482
"2025-01-18 06:00:00","2025-01-18 07:00:00",WN,192,191,0,1,0.359375,0.0,4.166666666666667
"2025-01-18 07:00:00","2025-01-18 08:00:00",AA,146,146,0,0,2.7945205479452055,0.0,6.8493150684931505
"2025-01-18 07:00:00","2025-01-18 08:00:00",DL,198,197,1,0,1.2588832487309645,0.5050505050505051,7.106598984771574
"2025-01-18 07:00:00","2025-01-18 08:00:00",UA,163,162,0,1,1.6319018404907975,0.0,9.815950920245399
"2025-01-18 07:00:00","2025-01-18 08:00:00",WN,196,196,0,0,-0.04081632653061224,0.0,5.1020408163265305
"2025-01-18 08:00:00","2025-01-18 09:00:00",AA,176,176,0,0,1.9431818181818181,0.0,5.681818181818182
"2025-01-18 08:00:00","2025-01-18 09:00:00",DL,150,150,0,0,1.9,0.0,6.666666666666667
"2025-01-18 08:00:00","2025-01-18 09:00:00",UA,161,161,0,0,0.8695652173913043,0.0,9.316770186335404
"2025-01-18 08:00:00","2025-01-18 09:00:00",WN,227,226,0,1,-0.5198237885462555,0.0,3.9647577092511015
"2025-01-18 09:00:00","2025-01-18 10:00:00",AA,121,121,0,0,3.024793388429752,0.0,10.743801652892563
"2025-01-18 09:00:00","2025-01-18 10:00:00",DL,111,111,0,0,4.666666666666667,0.0,9.90990990990991
"2025-01-18 09:00:00","2025-01-18 10:00:00",UA,129,128,0,1,9.496124031007753,0.0,13.178294573643411
"2025-01-18 09:00:00","2025-01-18 10:00:00",WN,218,217,0,1,1.1376146788990826,0.0,7.339449541284404
"2025-01-18 10:00:00","2025-01-18 11:00:00",AA,117,117,0,0,2.769230769230769,0.0,7.6923076923076925
"2025-01-18 10:00:00","2025-01-18 11:00:00",DL,118,118,0,0,3.983050847457627,0.0,11.016949152542374
"2025-01-18 10:00:00","2025-01-18 11:00:00",UA,110,110,0,0,8.636363636363637,0.0,11.818181818181818
"2025-01-18 10:00:00","2025-01-18 11:00:00",WN,204,204,0,0,4.078431372549019,0.0,10.294117647058824
"2025-01-18 11:00:00","2025-01-18 12:00:00",AA,131,131,0,0,4.038167938931298,0.0,13.740458015267176
"2025-01-18 11:00:00","2025-01-18 12:00:00",DL,169,169,0,0,2.8816568047337277,0.0,11.242603550295858
"2025-01-18 11:00:00","2025-01-18 12:00:00",UA,108,108,0,0,9.157407407407407,0.0,23.14814814814815
"2025-01-18 11:00:00","2025-01-18 12:00:00",WN,224,224,0,0,2.830357142857143,0.0,10.267857142857142
"2025-01-18 12:00:00","2025-01-18 13:00:00",AA,112,112,0,0,6.017857142857143,0.0,12.5
"2025-01-18 12:00:00","2025-01-18 13:00:00",DL,141,140,0,1,5.446808510638298,0.0,13.47517730496454
"2025-01-18 12:00:00","2025-01-18 13:00:00",UA,112,112,0,0,-0.4732142857142857,0.0,7.142857142857143
"2025-01-18 12:00:00","2025-01-18 13:00:00",WN,186,186,0,0,3.7580645161290325,0.0,12.365591397849462
"2025-01-18 13:00:00","2025-01-18 14:00:00",AA,112,112,0,0,2.3839285714285716,0.0,10.714285714285714
"2025-01-18 13:00:00","2025-01-18 14:00:00",DL,125,125,0,0,5.224,0.0,16.0
"2025-01-18 13:00:00","2025-01-18 14:00:00",UA,120,120,0,0,11.208333333333334,0.0,23.333333333333332
"2025-01-18 13:00:00","2025-01-18 14:00:00",WN,191,191,0,0,4.675392670157068,0.0,13.612565445026178
"2025-01-18 14:00:00","2025-01-18 15:00:00",AA,119,119,0,0,1.9075630252100841,0.0,10.084033613445378
"2025-01-18 14:00:00","2025-01-18 15:00:00",DL,112,112,0,0,4.491071428571429,0.0,13.392857142857142
"2025-01-18 14:00:00","2025-01-18 15:00:00",UA,108,108,0,0,13.027777777777779,0.0,22.22222222222222
"2025-01-18 14:00:00","2025-01-18 15:00:00",WN,231,231,0,0,4.878787878787879,0.0,13.852813852813853
"2025-01-18 15:00:00","2025-01-18 16:00:00",AA,99,99,0,0,2.7474747474747474,0.0,10.1010101010101
"2025-01-18 15:00:00","2025-01-18 16:00:00",DL,138,138,0,0,4.3478260869565215,0.0,8.695652173913043
"2025-01-18 15:00:00","2025-01-18 16:00:00",UA,75,75,0,0,8.0,0.0,17.333333333333332
"2025-01-18 15:00:00","2025-01-18 16:00:00",WN,176,176,0,0,5.869318181818182,0.0,12.5
"2025-01-18 16:00:00","2025-01-18 17:00:00",AA,118,118,0,0,2.0338983050847457,0.0,9.322033898305085
"2025-01-18 16:00:00","2025-01-18 17:00:00",DL,103,102,0,1,2.3883495145631066,0.0,12.62135922330097
"2025-01-18 16:00:00","2025-01-18 17:00:00",UA,109,109,0,0,8.587155963302752,0.0,16.513761467889907
"2025-01-18 16:00:00","2025-01-18 17:00:00",WN,181,181,0,0,4.50828729281768,0.0,17.12707182320442
"2025-01-18 17:00:00","2025-01-18 18:00:00",AA,136,135,0,1,4.205882352941177,0.0,11.764705882352942
"2025-01-18 17:00:00","2025-01-18 18:00:00",DL,147,147,0,0,1.7619047619047619,0.0,11.564625850340136
"2025-01-18 17:00:00","2025-01-18 18:00:00",UA,128,128,0,0,5.640625,0.0,15.625
"2025-01-18 17:00:00","2025-01-18 18:00:00",WN,168,168,0,0,6.880952380952381,0.0,21.428571428571427
"2025-01-18 18:00:00","2025-01-18 19:00:00",AA,130,130,0,0,2.146153846153846,0.0,10.0
"2025-01-18 18:00:00","2025-01-18 19:00:00",DL,96,96,0,0,3.9791666666666665,0.0,11.458333333333334
"2025-01-18 18:00:00","2025-01-18 19:00:00",UA,109,108,0,1,9.55045871559633,0.0,19.26605504587156
"2025-01-18 18:00:00","2025-01-18 19:00:00",WN,131,131,0,0,1.702290076335878,0.0,10.687022900763358
"2025-01-18 19:00:00","2025-01-18 20:00:00",AA,94,94,0,0,2.882978723404255,0.0,10.638297872340425
"2025-01-18 19:00:00","2025-01-18 20:00:00",DL,84,84,0,0,5.5476190476190474,0.0,17.857142857142858
"2025-01-18 19:00:00","2025-01-18 20:00:00",UA,81,81,0,0,10.135802469135802,0.0,27.160493827160494
"2025-01-18 19:00:00","2025-01-18 20:00:00",WN,66,66,0,0,3.4393939393939394,0.0,15.151515151515152
"2025-01-18 20:00:00","2025-01-18 21:00:00",AA,63,63,0,0,10.158730158730158,0.0,4.761904761904762
"2025-01-18 20:00:00","2025-01-18 21:00:00",DL,57,56,1,0,2.375,1.7543859649122806,17.857142857142858
"2025-01-18 20:00:00","2025-01-18 21:00:00",UA,75,75,0,0,6.293333333333333,0.0,18.666666666666668
"2025-01-18 20:00:00","2025-01-18 21:00:00",WN,33,33,0,0,8.727272727272727,0.0,21.21212121212121
"2025-01-18 21:00:00","2025-01-18 22:00:00",AA,71,71,0,0,10.56338028169014,0.0,22.535211267605632
"2025-01-18 21:00:00","2025-01-18 22:00:00",DL,61,61,0,0,1.0655737704918034,0.0,14.754098360655737
"2025-01-18 21:00:00","2025-01-18 22:00:00",UA,23,23,0,0,3.0434782608695654,0.0,21.73913043478261
"2025-01-18 21:00:00","2025-01-18 22:00:00",WN,3,3,0,0,11.666666666666666,0.0,33.333333333333336
"2025-01-18 22:00:00","2025-01-18 23:00:00",AA,56,56,0,0,10.017857142857142,0.0,5.357142857142857
"2025-01-18 22:00:00","2025-01-18 23:00:00",DL,65,65,0,0,2.9384615384615387,0.0,9.23076923076923
"2025-01-18 22:00:00","2025-01-18 23:00:00",UA,21,21,0,0,-0.6666666666666666,0.0,4.761904761904762
"2025-01-18 23:00:00","2025-01-19 00:00:00",AA,17,17,0,0,-1.3529411764705883,0.0,0.0
"2025-01-18 23:00:00","2025-01-19 00:00:00",DL,19,19,0,0,-1.0526315789473684,0.0,5.2631578947368425
"2025-01-18 23:00:00","2025-01-19 00:00:00",UA,26,26,0,0,6.846153846153846,0.0,19.23076923076923
"2025-01-19 00:00:00","2025-01-19 01:00:00",AA,5,5,0,0,-1.4,0.0,0.0
"2025-01-19 00:00:00","2025-01-19 01:00:00",DL,1,1,0,0,-9.0,0.0,0.0
"2025-01-19 00:00:00","2025-01-19 01:00:00",UA,3,3,0,0,-7.0,0.0,0.0
"2025-01-19 01:00:00","2025-01-19 02:00:00",DL,2,2,0,0,-5.5,0.0,0.0
"2025-01-19 01:00:00","2025-01-19 02:00:00",UA,1,1,0,0,8.0,0.0,0.0
"2025-01-19 02:00:00","2025-01-19 03:00:00",UA,1,1,0,0,-1.0,0.0,0.0
"2025-01-19 05:00:00","2025-01-19 06:00:00",AA,73,73,0,0,-1.5205479452054795,0.0,4.109589041095891
"2025-01-19 05:00:00","2025-01-19 06:00:00",DL,59,59,0,0,3.6610169491525424,0.0,6.779661016949152
"2025-01-19 05:00:00","2025-01-19 06:00:00",UA,24,24,0,0,-0.5833333333333334,0.0,8.333333333333334
"2025-01-19 05:00:00","2025-01-19 06:00:00",WN,25,24,1,0,8.75,4.0,4.166666666666667
"2025-01-19 06:00:00","2025-01-19 07:00:00",AA,158,158,0,0,3.0253164556962027,0.0,3.7974683544303796
"2025-01-19 06:00:00","2025-01-19 07:00:00",DL,162,162,0,0,0.7222222222222222,0.0,8.641975308641975
"2025-01-19 06:00:00","2025-01-19 07:00:00",UA,109,108,1,0,5.435185185185185,0.9174311926605505,9.25925925925926
"2025-01-19 06:00:00","2025-01-19 07:00:00",WN,183,182,1,0,-2.0054945054945055,0.546448087431694,2.7472527472527473
"2025-01-19 07:00:00","2025-01-19 08:00:00",AA,158,157,0,1,5.329113924050633,0.0,8.860759493670885
"2025-01-19 07:00:00","2025-01-19 08:00:00",DL,195,195,0,0,4.861538461538461,0.0,7.6923076923076925
"2025-01-19 07:00:00","2025-01-19 08:00:00",UA,157,156,1,0,3.0833333333333335,0.6369426751592356,6.410256410256411
"2025-01-19 07:00:00","2025-01-19 08:00:00",WN,148,148,0,0,0.7094594594594594,0.0,7.4324324324324325
"2025-01-19 08:00:00","2025-01-19 09:00:00",AA,176,175,0,1,6.284090909090909,0.0,11.363636363636363
"2025-01-19 08:00:00","2025-01-19 09:00:00",DL,158,157,0,1,0.9050632911392406,0.0,6.329113924050633
"2025-01-19 08:00:00","2025-01-19 09:00:00",UA,170,168,2,0,4.309523809523809,1.1764705882352942,8.928571428571429
"2025-01-19 08:00:00","2025-01-19 09:00:00",WN,228,228,0,0,0.9956140350877193,0.0,7.894736842105263
"2025-01-19 09:00:00","2025-01-19 10:00:00",AA,126,125,0,1,8.507936507936508,0.0,11.904761904761905
"2025-01-19 09:00:00","2025-01-19 10:00:00",DL,114,114,0,0,3.482456140350877,0.0,12.280701754385966
"2025-01-19 09:00:00","2025-01-19 10:00:00",UA,140,139,0,1,8.271428571428572,0.0,16.428571428571427
"2025-01-19 09:00:00","2025-01-19 10:00:00",WN,234,234,0,0,1.264957264957265,0.0,9.401709401709402
"2025-01-19 10:00:00","2025-01-19 11:00:00",AA,131,129,0,2,12.977099236641221,0.0,19.083969465648856
"2025-01-19 10:00:00","2025-01-19 11:00:00",DL,126,126,0,0,2.3174603174603177,0.0,15.873015873015873
"2025-01-19 10:00:00","2025-01-19 11:00:00",UA,114,113,1,0,5.584070796460177,0.8771929824561403,14.15929203539823
"2025-01-19 10:00:00","2025-01-19 11:00:00",WN,204,204,0,0,3.215686274509804,0.0,9.803921568627452
"2025-01-19 11:00:00","2025-01-19 12:00:00",AA,148,148,0,0,5.9391891891891895,0.0,13.513513513513514
"2025-01-19 11:00:00","2025-01-19 12:00:00",DL,163,162,0,1,9.680981595092025,0.0,20.245398773006134
"2025-01-19 11:00:00","2025-01-19 12:00:00",UA,113,109,4,0,13.990825688073395,3.5398230088495577,24.770642201834864
"2025-01-19 11:00:00","2025-01-19 12:00:00",WN,262,261,1,0,4.5440613026819925,0.3816793893129771,14.17624521072797
"2025-01-19 12:00:00","2025-01-19 13:00:00",AA,125,123,0,2,11.824,0.0,20.0
"2025-01-19 12:00:00","2025-01-19 13:00:00",DL,148,146,0,2,4.95945945945946,0.0,15.54054054054054
"2025-01-19 12:00:00","2025-01-19 13:00:00",UA,132,128,3,1,11.046511627906977,2.272727272727273,14.728682170542635
"2025-01-19 12:00:00","2025-01-19 13:00:00",WN,186,183,2,1,7.461956521739131,1.075268817204301,15.76086956521739
"2025-01-19 13:00:00","2025-01-19 14:00:00",AA,135,134,0,1,10.644444444444444,0.0,17.037037037037038
"2025-01-19 13:00:00","2025-01-19 14:00:00",DL,123,122,1,0,6.450819672131147,0.8130081300813008,17.21311475409836
"2025-01-19 13:00:00","2025-01-19 14:00:00",UA,120,117,3,0,9.564102564102564,2.5,18.803418803418804
"2025-01-19 13:00:00","2025-01-19 14:00:00",WN,238,234,4,0,8.713675213675213,1.680672268907563,18.376068376068375
"2025-01-19 14:00:00","2025-01-19 15:00:00",AA,154,152,2,0,18.914473684210527,1.2987012987012987,28.289473684210527
"2025-01-19 14:00:00","2025-01-19 15:00:00",DL,111,109,0,2,10.936936936936936,0.0,16.216216216216218
"2025-01-19 14:00:00","2025-01-19 15:00:00",UA,114,108,4,2,10.00909090909091,3.508771929824561,18.181818181818183
"2025-01-19 14:00:00","2025-01-19 15:00:00",WN,222,218,4,0,9.059633027522937,1.8018018018018018,18.807339449541285
"2025-01-19 15:00:00","2025-01-19 16:00:00",AA,113,110,0,3,14.557522123893806,0.0,29.20353982300885
"2025-01-19 15:00:00","2025-01-19 16:00:00",DL,146,142,1,3,23.427586206896553,0.684931506849315,28.275862068965516
"2025-01-19 15:00:00","2025-01-19 16:00:00",UA,85,77,8,0,9.64935064935065,9.411764705882353,16.883116883116884
"2025-01-19 15:00:00","2025-01-19 16:00:00",WN,229,220,9,0,10.631818181818181,3.930131004366812,25.0
"2025-01-19 16:00:00","2025-01-19 17:00:00",AA,152,148,0,4,18.82236842105263,0.0,26.31578947368421
"2025-01-19 16:00:00","2025-01-19 17:00:00",DL,104,102,0,2,12.240384615384615,0.0,19.23076923076923
"2025-01-19 16:00:00","2025-01-19 17:00:00",UA,114,105,8,1,21.62264150943396,7.017543859649122,21.69811320754717
"2025-01-19 16:00:00","2025-01-19 17:00:00",WN,210,206,3,1,9.995169082125605,1.4285714285714286,24.154589371980677
"2025-01-19 17:00:00","2025-01-19 18:00:00",AA,149,144,3,2,25.273972602739725,2.0134228187919465,34.93150684931507
"2025-01-19 17:00:00","2025-01-19 18:00:00",DL,140,136,0,4,3.3214285714285716,0.0,15.714285714285714
"2025-01-19 17:00:00","2025-01-19 18:00:00",UA,135,124,10,1,15.648,7.407407407407407,23.2
"2025-01-19 17:00:00","2025-01-19 18:00:00",WN,200,197,2,1,17.681818181818183,1.0,28.78787878787879
"2025-01-19 18:00:00","2025-01-19 19:00:00",AA,153,147,5,1,42.62162162162162,3.2679738562091503,41.891891891891895
"2025-01-19 18:00:00","2025-01-19 19:00:00",DL,106,103,1,2,32.40952380952381,0.9433962264150944,25.714285714285715
"2025-01-19 18:00:00","2025-01-19 19:00:00",UA,122,102,20,0,7.862745098039215,16.39344262295082,13.72549019607843
"2025-01-19 18:00:00","2025-01-19 19:00:00",WN,259,250,8,1,14.326693227091633,3.088803088803089,29.083665338645417
"2025-01-19 19:00:00","2025-01-19 20:00:00",AA,131,122,8,1,25.943089430894307,6.106870229007634,33.333333333333336
"2025-01-19 19:00:00","2025-01-19 20:00:00",DL,100,94,6,0,62.170212765957444,6.0,48.93617021276596
"2025-01-19 19:00:00","2025-01-19 20:00:00",UA,97,89,8,0,25.382022471910112,8.24742268041237,29.213483146067414
"2025-01-19 19:00:00","2025-01-19 20:00:00",WN,122,117,5,0,13.461538461538462,4.098360655737705,27.35042735042735
"2025-01-19 20:00:00","2025-01-19 21:00:00",AA,116,109,6,1,29.990909090909092,5.172413793103448,43.63636363636363
"2025-01-19 20:00:00","2025-01-19 21:00:00",DL,57,55,2,0,28.527272727272727,3.508771929824561,32.72727272727273
"2025-01-19 20:00:00","2025-01-19 21:00:00",UA,77,71,6,0,17.591549295774648,7.792207792207792,35.2112676056338
"2025-01-19 20:00:00","2025-01-19 21:00:00",WN,165,162,3,0,20.858024691358025,1.8181818181818181,43.82716049382716
"2025-01-19 21:00:00","2025-01-19 22:00:00",AA,79,77,2,0,18.883116883116884,2.5316455696202533,40.25974025974026
"2025-01-19 21:00:00","2025-01-19 22:00:00",DL,69,68,1,0,9.808823529411764,1.4492753623188406,17.647058823529413
"2025-01-19 21:00:00","2025-01-19 22:00:00",UA,27,26,1,0,14.461538461538462,3.7037037037037037,23.076923076923077
"2025-01-19 21:00:00","2025-01-19 22:00:00",WN,16,14,2,0,48.357142857142854,12.5,71.42857142857143
"2025-01-19 22:00:00","2025-01-19 23:00:00",AA,82,79,3,0,11.620253164556962,3.658536585365854,24.050632911392405
"2025-01-19 22:00:00","2025-01-19 23:00:00",DL,67,67,0,0,20.28358208955224,0.0,22.388059701492537
"2025-01-19 22:00:00","2025-01-19 23:00:00",UA,22,21,1,0,14.428571428571429,4.545454545454546,33.333333333333336
"2025-01-19 23:00:00","2025-01-20 00:00:00",AA,26,26,0,0,6.038461538461538,0.0,11.538461538461538
"2025-01-19 23:00:00","2025-01-20 00:00:00",DL,20,20,0,0,16.2,0.0,30.0
"2025-01-19 23:00:00","2025-01-20 00:00:00",UA,30,29,1,0,3.5517241379310347,3.3333333333333335,13.793103448275861
"2025-01-20 00:00:00","2025-01-20 01:00:00",AA,8,8,0,0,2.25,0.0,12.5
"2025-01-20 00:00:00","2025-01-20 01:00:00",DL,2,2,0,0,14.5,0.0,50.0
"2025-01-20 00:00:00","2025-01-20 01:00:00",UA,3,3,0,0,-2.6666666666666665,0.0,0.0
"2025-01-20 01:00:00","2025-01-20 02:00:00",AA,1,1,0,0,-5.0,0.0,0.0
"2025-01-20 01:00:00","2025-01-20 02:00:00",DL,2,2,0,0,-8.5,0.0,0.0
"2025-01-20 01:00:00","2025-01-20 02:00:00",UA,1,1,0,0,67.0,0.0,100.0
"2025-01-20 02:00:00","2025-01-20 03:00:00",UA,1,1,0,0,-3.0,0.0,0.0
"2025-01-20 05:00:00","2025-01-20 06:00:00",AA,100,97,3,0,3.711340206185567,3.0,12.371134020618557
"2025-01-20 05:00:00","2025-01-20 06:00:00",DL,66,66,0,0,14.772727272727273,0.0,12.121212121212121
"2025-01-20 05:00:00","2025-01-20 06:00:00",UA,25,24,1,0,-1.2916666666666667,4.0,8.333333333333334
"2025-01-20 05:00:00","2025-01-20 06:00:00",WN,93,93,0,0,2.913978494623656,0.0,6.451612903225806
"2025-01-20 06:00:00","2025-01-20 07:00:00",AA,175,169,6,0,29.745562130177515,3.4285714285714284,11.242603550295858
"2025-01-20 06:00:00","2025-01-20 07:00:00",DL,180,178,2,0,11.837078651685394,1.1111111111111112,17.97752808988764
"2025-01-20 06:00:00","2025-01-20 07:00:00",UA,110,104,6,0,7.0673076923076925,5.454545454545454,13.461538461538462
"2025-01-20 06:00:00","2025-01-20 07:00:00",WN,305,298,7,0,0.6879194630872483,2.2950819672131146,6.375838926174497
"2025-01-20 07:00:00","2025-01-20 08:00:00",AA,205,200,5,0,18.325,2.4390243902439024,12.5
"2025-01-20 07:00:00","2025-01-20 08:00:00",DL,230,219,10,1,10.013636363636364,4.3478260869565215,20.0
"2025-01-20 07:00:00","2025-01-20 08:00:00",UA,169,165,4,0,4.533333333333333,2.366863905325444,9.696969696969697
"2025-01-20 07:00:00","2025-01-20 08:00:00",WN,207,206,1,0,1.3398058252427185,0.4830917874396135,7.766990291262136
"2025-01-20 08:00:00","2025-01-20 09:00:00",AA,192,186,6,0,8.064516129032258,3.125,12.903225806451612
"2025-01-20 08:00:00","2025-01-20 09:00:00",DL,174,173,1,0,15.988439306358382,0.5747126436781609,24.277456647398843
"2025-01-20 08:00:00","2025-01-20 09:00:00",UA,180,178,1,1,7.139664804469274,0.5555555555555556,10.05586592178771
"2025-01-20 08:00:00","2025-01-20 09:00:00",WN,268,266,0,2,7.996268656716418,0.0,15.671641791044776
"2025-01-20 09:00:00","2025-01-20 10:00:00",AA,133,130,3,0,11.1,2.255639097744361,22.307692307692307
"2025-01-20 09:00:00","2025-01-20 10:00:00",DL,126,125,1,0,21.264,0.7936507936507936,29.6
"2025-01-20 09:00:00","2025-01-20 10:00:00",UA,155,152,3,0,9.131578947368421,1.935483870967742,22.36842105263158
"2025-01-20 09:00:00","2025-01-20 10:00:00",WN,219,219,0,0,5.9771689497716896,0.0,15.981735159817351
"2025-01-20 10:00:00","2025-01-20 11:00:00",AA,136,136,0,0,12.897058823529411,0.0,22.058823529411764
"2025-01-20 10:00:00","2025-01-20 11:00:00",DL,157,157,0,0,21.089171974522294,0.0,33.12101910828026
"2025-01-20 10:00:00","2025-01-20 11:00:00",UA,119,118,1,0,18.415254237288135,0.8403361344537815,27.966101694915253
"2025-01-20 10:00:00","2025-01-20 11:00:00",WN,222,222,0,0,13.337837837837839,0.0,23.423423423423422
"2025-01-20 11:00:00","2025-01-20 12:00:00",AA,152,152,0,0,14.796052631578947,0.0,26.973684210526315
"2025-01-20 11:00:00","2025-01-20 12:00:00",DL,180,179,1,0,23.452513966480446,0.5555555555555556,38.547486033519554
"2025-01-20 11:00:00","2025-01-20 12:00:00",UA,118,118,0,0,14.347457627118644,0.0,30.508474576271187
"2025-01-20 11:00:00","2025-01-20 12:00:00",WN,217,217,0,0,16.986175115207374,0.0,30.4147465437788
"2025-01-20 12:00:00","2025-01-20 13:00:00",AA,136,136,0,0,16.183823529411764,0.0,31.61764705882353
"2025-01-20 12:00:00","2025-01-20 13:00:00",DL,176,175,1,0,23.274285714285714,0.5681818181818182,29.714285714285715
"2025-01-20 12:00:00","2025-01-20 13:00:00",UA,135,135,0,0,10.02962962962963,0.0,24.444444444444443
"2025-01-20 12:00:00","2025-01-20 13:00:00",WN,225,225,0,0,20.186666666666667,0.0,39.55555555555556
"2025-01-20 13:00:00","2025-01-20 14:00:00",AA,133,133,0,0,17.8796992481203,0.0,28.571428571428573
"2025-01-20 13:00:00","2025-01-20 14:00:00",DL,142,142,0,0,23.387323943661972,0.0,30.281690140845072
"2025-01-20 13:00:00","2025-01-20 14:00:00",UA,131,131,0,0,13.412213740458014,0.0,24.427480916030536
"2025-01-20 13:00:00","2025-01-20 14:00:00",WN,239,239,0,0,21.728033472803347,0.0,39.33054393305439
"2025-01-20 14:00:00","2025-01-20 15:00:00",AA,143,143,0,0,18.83916083916084,0.0,30.76923076923077
"2025-01-20 14:00:00","2025-01-20 15:00:00",DL,136,135,1,0,25.40740740740741,0.7352941176470589,37.03703703703704
"2025-01-20 14:00:00","2025-01-20 15:00:00",UA,116,115,1,0,13.660869565217391,0.8620689655172413,25.217391304347824
"2025-01-20 14:00:00","2025-01-20 15:00:00",WN,223,221,2,0,24.153846153846153,0.8968609865470852,47.963800904977376
"2025-01-20 15:00:00","2025-01-20 16:00:00",AA,119,118,1,0,16.24576271186441,0.8403361344537815,29.661016949152543
"2025-01-20 15:00:00","2025-01-20 16:00:00",DL,185,185,0,0,27.497297297297298,0.0,39.45945945945946
"2025-01-20 15:00:00","2025-01-20 16:00:00",UA,93,90,3,0,22.1,3.225806451612903,30.0
"2025-01-20 15:00:00","2025-01-20 16:00:00",WN,228,224,4,0,28.379464285714285,1.7543859649122806,50.892857142857146
"2025-01-20 16:00:00","2025-01-20 17:00:00",AA,142,141,1,0,10.645390070921986,0.704225352112676,22.69503546099291
"2025-01-20 16:00:00","2025-01-20 17:00:00",DL,140,140,0,0,18.42142857142857,0.0,34.285714285714285
"2025-01-20 16:00:00","2025-01-20 17:00:00",UA,124,119,5,0,14.747899159663865,4.032258064516129,27.73109243697479
"2025-01-20 16:00:00","2025-01-20 17:00:00",WN,224,222,1,1,27.83408071748879,0.44642857142857145,47.98206278026906
"2025-01-20 17:00:00","2025-01-20 18:00:00",AA,152,148,4,0,23.87837837837838,2.6315789473684212,32.432432432432435
"2025-01-20 17:00:00","2025-01-20 18:00:00",DL,162,160,2,0,29.59375,1.2345679012345678,41.875
"2025-01-20 17:00:00","2025-01-20 18:00:00",UA,147,143,4,0,19.734265734265733,2.7210884353741496,30.06993006993007
"2025-01-20 17:00:00","2025-01-20 18:00:00",WN,220,219,1,0,33.118721461187214,0.45454545454545453,53.881278538812786
"2025-01-20 18:00:00","2025-01-20 19:00:00",AA,142,137,5,0,18.182481751824817,3.5211267605633805,28.467153284671532
"2025-01-20 18:00:00","2025-01-20 19:00:00",DL,157,152,5,0,26.611842105263158,3.1847133757961785,37.5
"2025-01-20 18:00:00","2025-01-20 19:00:00",UA,142,138,4,0,15.731884057971014,2.816901408450704,26.81159420289855
"2025-01-20 18:00:00","2025-01-20 19:00:00",WN,220,207,13,0,32.92270531400966,5.909090909090909,57.00483091787439
"2025-01-20 19:00:00","2025-01-20 20:00:00",AA,109,105,4,0,18.933333333333334,3.669724770642202,35.23809523809524
"2025-01-20 19:00:00","2025-01-20 20:00:00",DL,165,159,6,0,30.352201257861637,3.6363636363636362,41.509433962264154
"2025-01-20 19:00:00","2025-01-20 20:00:00",UA,106,102,4,0,20.029411764705884,3.7735849056603774,40.19607843137255
"2025-01-20 19:00:00","2025-01-20 20:00:00",WN,265,247,18,0,27.753036437246962,6.7924528301886795,52.22672064777328
"2025-01-20 20:00:00","2025-01-20 21:00:00",AA,87,82,5,0,29.073170731707318,5.747126436781609,29.26829268292683
"2025-01-20 20:00:00","2025-01-20 21:00:00",DL,98,94,4,0,35.87234042553192,4.081632653061225,45.744680851063826
"2025-01-20 20:00:00","2025-01-20 21:00:00",UA,82,73,9,0,16.0,10.975609756097562,34.24657534246575
"2025-01-20 20:00:00","2025-01-20 21:00:00",WN,178,166,12,0,33.94578313253012,6.741573033707865,53.01204819277108
"2025-01-20 21:00:00","2025-01-20 22:00:00",AA,81,76,5,0,29.30263157894737,6.172839506172839,32.89473684210526
"2025-01-20 21:00:00","2025-01-20 22:00:00",DL,90,87,3,0,40.01149425287356,3.3333333333333335,32.18390804597701
"2025-01-20 21:00:00","2025-01-20 22:00:00",UA,33,30,2,1,17.258064516129032,6.0606060606060606,35.483870967741936
"2025-01-20 21:00:00","2025-01-20 22:00:00",WN,149,130,19,0,33.03076923076923,12.751677852348994,58.46153846153846
"2025-01-20 22:00:00","2025-01-20 23:00:00",AA,56,55,1,0,29.072727272727274,1.7857142857142858,21.818181818181817
"2025-01-20 22:00:00","2025-01-20 23:00:00",DL,90,86,4,0,19.46511627906977,4.444444444444445,19.767441860465116
"2025-01-20 22:00:00","2025-01-20 23:00:00",UA,24,22,2,0,18.727272727272727,8.333333333333334,40.90909090909091
"2025-01-20 22:00:00","2025-01-20 23:00:00",WN,3,3,0,0,16.0,0.0,33.333333333333336
"2025-01-20 23:00:00","2025-01-21 00:00:00",AA,20,20,0,0,31.45,0.0,15.0
"2025-01-20 23:00:00","2025-01-21 00:00:00",DL,27,27,0,0,4.666666666666667,0.0,22.22222222222222
"2025-01-20 23:00:00","2025-01-21 00:00:00",UA,31,30,1,0,5.066666666666666,3.225806451612903,13.333333333333334
"2025-01-21 00:00:00","2025-01-21 01:00:00",AA,5,5,0,0,-3.6,0.0,0.0
"2025-01-21 00:00:00","2025-01-21 01:00:00",DL,4,4,0,0,-5.25,0.0,0.0
"2025-01-21 00:00:00","2025-01-21 01:00:00",UA,3,1,2,0,80.0,66.66666666666667,100.0
"2025-01-21 01:00:00","2025-01-21 02:00:00",DL,2,2,0,0,58.0,0.0,50.0
"2025-01-21 01:00:00","2025-01-21 02:00:00",UA,1,1,0,0,6.0,0.0,0.0
"2025-01-21 02:00:00","2025-01-21 03:00:00",UA,1,1,0,0,-8.0,0.0,0.0
"2025-01-21 05:00:00","2025-01-21 06:00:00",AA,82,77,5,0,1.3376623376623376,6.097560975609756,9.090909090909092
"2025-01-21 05:00:00","2025-01-21 06:00:00",DL,68,61,7,0,7.754098360655738,10.294117647058824,13.114754098360656
"2025-01-21 05:00:00","2025-01-21 06:00:00",UA,23,16,7,0,-5.875,30.434782608695652,0.0
"2025-01-21 05:00:00","2025-01-21 06:00:00",WN,30,28,2,0,-2.7142857142857144,6.666666666666667,0.0
"2025-01-21 06:00:00","2025-01-21 07:00:00",AA,170,158,12,0,1.7721518987341771,7.0588235294117645,6.962025316455696
"2025-01-21 06:00:00","2025-01-21 07:00:00",DL,181,169,11,1,20.3,6.077348066298343,15.294117647058824
"2025-01-21 06:00:00","2025-01-21 07:00:00",UA,111,85,26,0,-2.211764705882353,23.423423423423422,7.0588235294117645
"2025-01-21 06:00:00","2025-01-21 07:00:00",WN,222,181,41,0,0.08287292817679558,18.46846846846847,3.867403314917127
"2025-01-21 07:00:00","2025-01-21 08:00:00",AA,161,152,9,0,2.4802631578947367,5.590062111801243,7.894736842105263
"2025-01-21 07:00:00","2025-01-21 08:00:00",DL,229,219,10,0,10.374429223744292,4.366812227074236,18.264840182648403
"2025-01-21 07:00:00","2025-01-21 08:00:00",UA,151,107,44,0,3.4205607476635516,29.13907284768212,7.4766355140186915
"2025-01-21 07:00:00","2025-01-21 08:00:00",WN,188,167,21,0,4.520958083832335,11.170212765957446,11.976047904191617
"2025-01-21 08:00:00","2025-01-21 09:00:00",AA,187,180,7,0,4.783333333333333,3.7433155080213902,11.11111111111111
"2025-01-21 08:00:00","2025-01-21 09:00:00",DL,174,161,12,1,10.74074074074074,6.896551724137931,15.432098765432098
"2025-01-21 08:00:00","2025-01-21 09:00:00",UA,179,155,24,0,4.6,13.40782122905028,11.612903225806452
"2025-01-21 08:00:00","2025-01-21 09:00:00",WN,250,216,33,1,7.663594470046083,13.2,14.746543778801843
"2025-01-21 09:00:00","2025-01-21 10:00:00",AA,126,118,8,0,5.703389830508475,6.349206349206349,11.016949152542374
"2025-01-21 09:00:00","2025-01-21 10:00:00",DL,119,117,1,1,13.635593220338983,0.8403361344537815,24.576271186440678
"2025-01-21 09:00:00","2025-01-21 10:00:00",UA,138,106,32,0,5.471698113207547,23.18840579710145,11.320754716981131
"2025-01-21 09:00:00","2025-01-21 10:00:00",WN,236,211,25,0,9.180094786729859,10.59322033898305,17.061611374407583
"2025-01-21 10:00:00","2025-01-21 11:00:00",AA,129,125,4,0,10.704,3.10077519379845,20.8
"2025-01-21 10:00:00","2025-01-21 11:00:00",DL,145,137,8,0,16.021897810218977,5.517241379310345,27.00729927007299
"2025-01-21 10:00:00","2025-01-21 11:00:00",UA,112,99,13,0,3.1313131313131315,11.607142857142858,11.11111111111111
"2025-01-21 10:00:00","2025-01-21 11:00:00",WN,204,184,20,0,10.222826086956522,9.803921568627452,22.82608695652174
"2025-01-21 11:00:00","2025-01-21 12:00:00",AA,146,140,5,1,16.134751773049647,3.4246575342465753,12.76595744680851
"2025-01-21 11:00:00","2025-01-21 12:00:00",DL,175,165,10,0,17.927272727272726,5.714285714285714,29.09090909090909
"2025-01-21 11:00:00","2025-01-21 12:00:00",UA,119,100,19,0,3.6,15.966386554621849,11.0
"2025-01-21 11:00:00","2025-01-21 12:00:00",WN,268,237,31,0,8.333333333333334,11.567164179104477,17.72151898734177
"2025-01-21 12:00:00","2025-01-21 13:00:00",AA,125,121,4,0,5.5041322314049586,3.2,15.702479338842975
"2025-01-21 12:00:00","2025-01-21 13:00:00",DL,166,158,8,0,17.088607594936708,4.819277108433735,29.746835443037973
"2025-01-21 12:00:00","2025-01-21 13:00:00",UA,130,90,40,0,8.755555555555556,30.76923076923077,15.555555555555555
"2025-01-21 12:00:00","2025-01-21 13:00:00",WN,188,170,18,0,8.51764705882353,9.574468085106384,18.823529411764707
"2025-01-21 13:00:00","2025-01-21 14:00:00",AA,123,119,4,0,15.932773109243698,3.252032520325203,14.285714285714286
"2025-01-21 13:00:00","2025-01-21 14:00:00",DL,135,128,7,0,13.265625,5.185185185185185,24.21875
"2025-01-21 13:00:00","2025-01-21 14:00:00",UA,126,108,18,0,6.2407407407407405,14.285714285714286,13.88888888888889
"2025-01-21 13:00:00","2025-01-21 14:00:00",WN,243,218,25,0,8.192660550458715,10.2880658436214,18.34862385321101
"2025-01-21 14:00:00","2025-01-21 15:00:00",AA,130,124,6,0,9.943548387096774,4.615384615384615,17.741935483870968
"2025-01-21 14:00:00","2025-01-21 15:00:00",DL,119,112,6,1,12.805309734513274,5.042016806722689,24.778761061946902
"2025-01-21 14:00:00","2025-01-21 15:00:00",UA,117,85,32,0,4.352941176470588,27.35042735042735,12.941176470588236
"2025-01-21 14:00:00","2025-01-21 15:00:00",WN,223,194,29,0,8.762886597938145,13.004484304932735,17.010309278350515
"2025-01-21 15:00:00","2025-01-21 16:00:00",AA,116,112,4,0,5.946428571428571,3.4482758620689653,13.392857142857142
"2025-01-21 15:00:00","2025-01-21 16:00:00",DL,174,165,9,0,37.11515151515152,5.172413793103448,36.36363636363637
"2025-01-21 15:00:00","2025-01-21 16:00:00",UA,80,67,13,0,6.82089552238806,16.25,19.402985074626866
"2025-01-21 15:00:00","2025-01-21 16:00:00",WN,231,210,21,0,7.223809523809524,9.090909090909092,20.0
"2025-01-21 16:00:00","2025-01-21 17:00:00",AA,125,119,6,0,9.722689075630251,4.8,10.084033613445378
"2025-01-21 16:00:00","2025-01-21 17:00:00",DL,117,99,18,0,53.898989898989896,15.384615384615385,45.45454545454545
"2025-01-21 16:00:00","2025-01-21 17:00:00",UA,116,87,29,0,11.471264367816092,25.0,10.344827586206897
"2025-01-21 16:00:00","2025-01-21 17:00:00",WN,208,184,24,0,12.13586956521739,11.538461538461538,22.282608695652176
"2025-01-21 17:00:00","2025-01-21 18:00:00",AA,146,140,6,0,24.557142857142857,4.109589041095891,16.428571428571427
"2025-01-21 17:00:00","2025-01-21 18:00:00",DL,165,139,26,0,63.74820143884892,15.757575757575758,42.44604316546763
"2025-01-21 17:00:00","2025-01-21 18:00:00",UA,137,116,21,0,5.0,15.328467153284672,13.793103448275861
"2025-01-21 17:00:00","2025-01-21 18:00:00",WN,195,170,25,0,12.617647058823529,12.820512820512821,24.705882352941178
"2025-01-21 18:00:00","2025-01-21 19:00:00",AA,136,124,12,0,21.411290322580644,8.823529411764707,28.225806451612904
"2025-01-21 18:00:00","2025-01-21 19:00:00",DL,140,118,21,1,104.63865546218487,15.0,53.78151260504202
"2025-01-21 18:00:00","2025-01-21 19:00:00",UA,115,82,33,0,1.4268292682926829,28.695652173913043,9.75609756097561
"2025-01-21 18:00:00","2025-01-21 19:00:00",WN,263,216,47,0,9.819444444444445,17.870722433460077,15.74074074074074
"2025-01-21 19:00:00","2025-01-21 20:00:00",AA,104,96,7,1,32.123711340206185,6.730769230769231,23.711340206185568
"2025-01-21 19:00:00","2025-01-21 20:00:00",DL,112,90,21,1,91.8021978021978,18.75,61.53846153846154
"2025-01-21 19:00:00","2025-01-21 20:00:00",UA,94,82,12,0,8.451219512195122,12.76595744680851,15.853658536585366
"2025-01-21 19:00:00","2025-01-21 20:00:00",WN,121,112,9,0,7.732142857142857,7.43801652892562,19.642857142857142
"2025-01-21 20:00:00","2025-01-21 21:00:00",AA,76,71,5,0,21.154929577464788,6.578947368421052,38.028169014084504
"2025-01-21 20:00:00","2025-01-21 21:00:00",DL,72,66,6,0,64.89393939393939,8.333333333333334,53.03030303030303
"2025-01-21 20:00:00","2025-01-21 21:00:00",UA,74,45,29,0,24.31111111111111,39.189189189189186,35.55555555555556
"2025-01-21 20:00:00","2025-01-21 21:00:00",WN,166,139,27,0,14.43884892086331,16.265060240963855,30.215827338129497
"2025-01-21 21:00:00","2025-01-21 22:00:00",AA,76,68,8,0,13.323529411764707,10.526315789473685,19.11764705882353
"2025-01-21 21:00:00","2025-01-21 22:00:00",DL,64,49,15,0,64.16326530612245,23.4375,51.02040816326531
"2025-01-21 21:00:00","2025-01-21 22:00:00",UA,22,21,1,0,-2.8095238095238093,4.545454545454546,4.761904761904762
"2025-01-21 21:00:00","2025-01-21 22:00:00",WN,15,13,2,0,15.538461538461538,13.333333333333334,30.76923076923077
"2025-01-21 22:00:00","2025-01-21 23:00:00",AA,53,41,12,0,12.951219512195122,22.641509433962263,39.02439024390244
"2025-01-21 22:00:00","2025-01-21 23:00:00",DL,81,65,15,1,110.72727272727273,18.51851851851852,56.06060606060606
"2025-01-21 22:00:00","2025-01-21 23:00:00",UA,20,17,3,0,3.2941176470588234,15.0,17.647058823529413
"2025-01-21 23:00:00","2025-01-22 00:00:00",AA,19,19,0,0,9.157894736842104,0.0,26.31578947368421
"2025-01-21 23:00:00","2025-01-22 00:00:00",DL,20,20,0,0,6.8,0.0,15.0
"2025-01-21 23:00:00","2025-01-22 00:00:00",UA,24,23,1,0,-3.869565217391304,4.166666666666667,4.3478260869565215
"2025-01-22 00:00:00","2025-01-22 01:00:00",AA,5,5,0,0,-5.6,0.0,0.0
"2025-01-22 00:00:00","2025-01-22 01:00:00",DL,2,2,0,0,-11.5,0.0,0.0
"2025-01-22 00:00:00","2025-01-22 01:00:00",UA,3,1,2,0,35.0,66.66666666666667,100.0
"2025-01-22 01:00:00","2025-01-22 02:00:00",DL,2,2,0,0,33.0,0.0,50.0
"2025-01-22 01:00:00","2025-01-22 02:00:00",UA,1,1,0,0,1.0,0.0,0.0
"2025-01-22 02:00:00","2025-01-22 03:00:00",UA,1,1,0,0,-6.0,0.0,0.0
"2025-01-22 05:00:00","2025-01-22 06:00:00",AA,81,69,12,0,2.246376811594203,14.814814814814815,4.3478260869565215
"2025-01-22 05:00:00","2025-01-22 06:00:00",DL,68,58,9,1,30.338983050847457,13.235294117647058,20.338983050847457
"2025-01-22 05:00:00","2025-01-22 06:00:00",UA,25,21,4,0,7.761904761904762,16.0,9.523809523809524
"2025-01-22 05:00:00","2025-01-22 06:00:00",WN,29,27,2,0,-2.259259259259259,6.896551724137931,7.407407407407407
"2025-01-22 06:00:00","2025-01-22 07:00:00",AA,167,146,21,0,20.246575342465754,12.574850299401197,12.32876712328767
"2025-01-22 06:00:00","2025-01-22 07:00:00",DL,178,147,28,3,26.613333333333333,15.730337078651685,19.333333333333332
"2025-01-22 06:00:00","2025-01-22 07:00:00",UA,110,94,16,0,13.553191489361701,14.545454545454545,12.76595744680851
"2025-01-22 06:00:00","2025-01-22 07:00:00",WN,221,187,34,0,3.374331550802139,15.384615384615385,9.62566844919786
"2025-01-22 07:00:00","2025-01-22 08:00:00",AA,161,145,16,0,11.23448275862069,9.937888198757763,17.24137931034483
"2025-01-22 07:00:00","2025-01-22 08:00:00",DL,227,194,29,4,34.87373737373738,12.775330396475772,28.78787878787879
"2025-01-22 07:00:00","2025-01-22 08:00:00",UA,153,122,31,0,11.30327868852459,20.26143790849673,13.114754098360656
"2025-01-22 07:00:00","2025-01-22 08:00:00",WN,189,171,18,0,4.023391812865497,9.523809523809524,11.11111111111111
"2025-01-22 08:00:00","2025-01-22 09:00:00",AA,186,178,8,0,7.292134831460674,4.301075268817204,15.168539325842696
"2025-01-22 08:00:00","2025-01-22 09:00:00",DL,174,145,29,0,50.227586206896554,16.666666666666668,46.206896551724135
"2025-01-22 08:00:00","2025-01-22 09:00:00",UA,174,163,11,0,10.730061349693251,6.32183908045977,16.56441717791411
"2025-01-22 08:00:00","2025-01-22 09:00:00",WN,242,208,34,0,1.1394230769230769,14.049586776859504,7.211538461538462
"2025-01-22 09:00:00","2025-01-22 10:00:00",AA,131,115,15,1,6.275862068965517,11.450381679389313,14.655172413793103
"2025-01-22 09:00:00","2025-01-22 10:00:00",DL,117,97,20,0,36.865979381443296,17.094017094017094,41.23711340206186
"2025-01-22 09:00:00","2025-01-22 10:00:00",UA,139,125,14,0,22.888,10.071942446043165,27.2
"2025-01-22 09:00:00","2025-01-22 10:00:00",WN,234,211,23,0,0.16587677725118483,9.82905982905983,5.213270142180095
"2025-01-22 10:00:00","2025-01-22 11:00:00",AA,130,123,7,0,11.544715447154472,5.384615384615385,15.447154471544716
"2025-01-22 10:00:00","2025-01-22 11:00:00",DL,148,117,31,0,82.05128205128206,20.945945945945947,57.26495726495727
"2025-01-22 10:00:00","2025-01-22 11:00:00",UA,114,107,7,0,10.214953271028037,6.140350877192983,12.149532710280374
"2025-01-22 10:00:00","2025-01-22 11:00:00",WN,198,181,17,0,0.8176795580110497,8.585858585858587,7.18232044198895
"2025-01-22 11:00:00","2025-01-22 12:00:00",AA,141,130,11,0,6.492307692307692,7.801418439716312,12.307692307692308
"2025-01-22 11:00:00","2025-01-22 12:00:00",DL,175,144,31,0,52.38194444444444,17.714285714285715,43.75
"2025-01-22 11:00:00","2025-01-22 12:00:00",UA,115,103,12,0,5.398058252427185,10.434782608695652,11.650485436893204
"2025-01-22 11:00:00","2025-01-22 12:00:00",WN,263,235,28,0,4.9787234042553195,10.64638783269962,10.638297872340425
"2025-01-22 12:00:00","2025-01-22 13:00:00",AA,131,128,3,0,14.8984375,2.2900763358778624,20.3125
"2025-01-22 12:00:00","2025-01-22 13:00:00",DL,169,136,33,0,62.595588235294116,19.526627218934912,52.94117647058823
"2025-01-22 12:00:00","2025-01-22 13:00:00",UA,130,117,13,0,19.726495726495727,10.0,29.05982905982906
"2025-01-22 12:00:00","2025-01-22 13:00:00",WN,182,169,13,0,4.035502958579881,7.142857142857143,13.609467455621301
"2025-01-22 13:00:00","2025-01-22 14:00:00",AA,123,119,4,0,8.403361344537815,3.252032520325203,18.48739495798319
"2025-01-22 13:00:00","2025-01-22 14:00:00",DL,141,113,28,0,51.02654867256637,19.858156028368793,42.47787610619469
"2025-01-22 13:00:00","2025-01-22 14:00:00",UA,127,123,4,0,7.691056910569106,3.1496062992125986,13.821138211382113
"2025-01-22 13:00:00","2025-01-22 14:00:00",WN,241,229,12,0,2.480349344978166,4.979253112033195,10.043668122270743
"2025-01-22 14:00:00","2025-01-22 15:00:00",AA,135,130,5,0,12.5,3.7037037037037037,18.46153846153846
"2025-01-22 14:00:00","2025-01-22 15:00:00",DL,120,100,20,0,49.23,16.666666666666668,49.0
"2025-01-22 14:00:00","2025-01-22 15:00:00",UA,113,103,10,0,14.660194174757281,8.849557522123893,24.271844660194176
"2025-01-22 14:00:00","2025-01-22 15:00:00",WN,218,203,15,0,1.748768472906404,6.8807339449541285,8.866995073891626
"2025-01-22 15:00:00","2025-01-22 16:00:00",AA,117,115,2,0,4.130434782608695,1.7094017094017093,17.391304347826086
"2025-01-22 15:00:00","2025-01-22 16:00:00",DL,172,155,17,0,50.6,9.883720930232558,51.61290322580645
"2025-01-22 15:00:00","2025-01-22 16:00:00",UA,81,78,3,0,4.3076923076923075,3.7037037037037037,11.538461538461538
"2025-01-22 15:00:00","2025-01-22 16:00:00",WN,229,216,13,0,2.5555555555555554,5.676855895196507,11.11111111111111
"2025-01-22 16:00:00","2025-01-22 17:00:00",AA,125,119,6,0,10.638655462184873,4.8,16.80672268907563
"2025-01-22 16:00:00","2025-01-22 17:00:00",DL,116,103,13,0,47.320388349514566,11.206896551724139,50.48543689320388
"2025-01-22 16:00:00","2025-01-22 17:00:00",UA,117,111,6,0,5.126126126126126,5.128205128205129,20.72072072072072
"2025-01-22 16:00:00","2025-01-22 17:00:00",WN,205,194,11,0,0.6958762886597938,5.365853658536586,6.701030927835052
"2025-01-22 17:00:00","2025-01-22 18:00:00",AA,155,150,5,0,7.706666666666667,3.225806451612903,16.0
"2025-01-22 17:00:00","2025-01-22 18:00:00",DL,159,145,14,0,36.92413793103448,8.80503144654088,36.55172413793103
"2025-01-22 17:00:00","2025-01-22 18:00:00",UA,140,136,4,0,11.654411764705882,2.857142857142857,16.176470588235293
"2025-01-22 17:00:00","2025-01-22 18:00:00",WN,193,182,11,0,1.3516483516483517,5.699481865284974,6.593406593406593
"2025-01-22 18:00:00","2025-01-22 19:00:00",AA,138,133,5,0,9.93984962406015,3.6231884057971016,18.045112781954888
"2025-01-22 18:00:00","2025-01-22 19:00:00",DL,145,140,5,0,38.542857142857144,3.4482758620689653,50.0
"2025-01-22 18:00:00","2025-01-22 19:00:00",UA,127,124,3,0,13.556451612903226,2.3622047244094486,22.580645161290324
"2025-01-22 18:00:00","2025-01-22 19:00:00",WN,263,246,17,0,-0.2073170731707317,6.4638783269961975,6.9105691056910565
"2025-01-22 19:00:00","2025-01-22 20:00:00",AA,106,104,2,0,3.2115384615384617,1.8867924528301887,12.5
"2025-01-22 19:00:00","2025-01-22 20:00:00",DL,117,109,8,0,55.89908256880734,6.837606837606837,54.12844036697248
"2025-01-22 19:00:00","2025-01-22 20:00:00",UA,96,92,4,0,6.75,4.166666666666667,15.217391304347826
"2025-01-22 19:00:00","2025-01-22 20:00:00",WN,118,113,5,0,-1.4778761061946903,4.237288135593221,6.1946902654867255
"2025-01-22 20:00:00","2025-01-22 21:00:00",AA,77,75,2,0,2.3466666666666667,2.5974025974025974,13.333333333333334
"2025-01-22 20:00:00","2025-01-22 21:00:00",DL,70,68,2,0,29.5,2.857142857142857,47.05882352941177
"2025-01-22 20:00:00","2025-01-22 21:00:00",UA,80,78,2,0,7.435897435897436,2.5,17.94871794871795
"2025-01-22 20:00:00","2025-01-22 21:00:00",WN,163,158,5,0,-0.7341772151898734,3.067484662576687,6.329113924050633
"2025-01-22 21:00:00","2025-01-22 22:00:00",AA,78,74,4,0,7.45945945945946,5.128205128205129,16.216216216216218
"2025-01-22 21:00:00","2025-01-22 22:00:00",DL,68,66,2,0,25.40909090909091,2.9411764705882355,40.90909090909091
"2025-01-22 21:00:00","2025-01-22 22:00:00",UA,27,26,1,0,-3.6538461538461537,3.7037037037037037,3.8461538461538463
"2025-01-22 21:00:00","2025-01-22 22:00:00",WN,15,15,0,0,-2.0,0.0,6.666666666666667
"2025-01-22 22:00:00","2025-01-22 23:00:00",AA,58,55,3,0,11.872727272727273,5.172413793103448,12.727272727272727
"2025-01-22 22:00:00","2025-01-22 23:00:00",DL,85,79,6,0,35.65822784810127,7.0588235294117645,36.70886075949367
"2025-01-22 22:00:00","2025-01-22 23:00:00",UA,26,25,1,0,-2.96,3.8461538461538463,4.0
"2025-01-22 23:00:00","2025-01-23 00:00:00",AA,20,19,1,0,-2.526315789473684,5.0,10.526315789473685
"2025-01-22 23:00:00","2025-01-23 00:00:00",DL,20,20,0,0,18.45,0.0,30.0
"2025-01-22 23:00:00","2025-01-23 00:00:00",UA,27,26,0,1,-5.703703703703703,0.0,0.0
"2025-01-23 00:00:00","2025-01-23 01:00:00",AA,7,7,0,0,-0.42857142857142855,0.0,14.285714285714286
"2025-01-23 00:00:00","2025-01-23 01:00:00",DL,2,2,0,0,-7.0,0.0,0.0
"2025-01-23 00:00:00","2025-01-23 01:00:00",UA,3,3,0,0,-5.0,0.0,0.0
"2025-01-23 01:00:00","2025-01-23 02:00:00",DL,2,2,0,0,-9.5,0.0,0.0
"2025-01-23 01:00:00","2025-01-23 02:00:00",UA,1,1,0,0,17.0,0.0,100.0
"2025-01-23 02:00:00","2025-01-23 03:00:00",UA,1,1,0,0,-8.0,0.0,0.0
"2025-01-23 05:00:00","2025-01-23 06:00:00",AA,104,100,4,0,6.39,3.8461538461538463,5.0
"2025-01-23 05:00:00","2025-01-23 06:00:00",DL,67,64,3,0,6.359375,4.477611940298507,14.0625
"2025-01-23 05:00:00","2025-01-23 06:00:00",UA,25,24,1,0,-5.708333333333333,4.0,0.0
"2025-01-23 05:00:00","2025-01-23 06:00:00",WN,29,29,0,0,3.7241379310344827,0.0,6.896551724137931
"2025-01-23 06:00:00","2025-01-23 07:00:00",AA,172,164,7,1,5.618181818181818,4.069767441860465,3.6363636363636362
"2025-01-23 06:00:00","2025-01-23 07:00:00",DL,181,170,10,1,5.6725146198830405,5.524861878453039,10.526315789473685
"2025-01-23 06:00:00","2025-01-23 07:00:00",UA,113,111,2,0,-2.1171171171171173,1.7699115044247788,6.306306306306307
"2025-01-23 06:00:00","2025-01-23 07:00:00",WN,220,213,7,0,-1.3943661971830985,3.1818181818181817,3.2863849765258215
"2025-01-23 07:00:00","2025-01-23 08:00:00",AA,202,197,4,1,7.454545454545454,1.9801980198019802,7.070707070707071
"2025-01-23 07:00:00","2025-01-23 08:00:00",DL,229,223,6,0,5.349775784753363,2.6200873362445414,9.417040358744394
"2025-01-23 07:00:00","2025-01-23 08:00:00",UA,172,166,6,0,2.246987951807229,3.488372093023256,5.421686746987952
"2025-01-23 07:00:00","2025-01-23 08:00:00",WN,188,177,11,0,-1.384180790960452,5.851063829787234,6.214689265536723
"2025-01-23 08:00:00","2025-01-23 09:00:00",AA,191,189,2,0,14.301587301587302,1.0471204188481675,11.640211640211641
"2025-01-23 08:00:00","2025-01-23 09:00:00",DL,175,166,9,0,8.397590361445783,5.142857142857143,18.072289156626507
"2025-01-23 08:00:00","2025-01-23 09:00:00",UA,180,177,3,0,2.288135593220339,1.6666666666666667,5.649717514124294
"2025-01-23 08:00:00","2025-01-23 09:00:00",WN,244,231,13,0,0.14285714285714285,5.327868852459017,6.4935064935064934
"2025-01-23 09:00:00","2025-01-23 10:00:00",AA,129,126,3,0,9.46031746031746,2.3255813953488373,13.492063492063492
"2025-01-23 09:00:00","2025-01-23 10:00:00",DL,124,120,3,1,4.628099173553719,2.4193548387096775,17.355371900826448
"2025-01-23 09:00:00","2025-01-23 10:00:00",UA,149,144,4,1,6.813793103448276,2.684563758389262,11.724137931034482
"2025-01-23 09:00:00","2025-01-23 10:00:00",WN,229,218,10,1,1.6118721461187215,4.366812227074236,7.762557077625571
"2025-01-23 10:00:00","2025-01-23 11:00:00",AA,135,132,1,2,12.134328358208956,0.7407407407407407,14.925373134328359
"2025-01-23 10:00:00","2025-01-23 11:00:00",DL,156,147,9,0,5.421768707482993,5.769230769230769,19.727891156462587
"2025-01-23 10:00:00","2025-01-23 11:00:00",UA,117,113,4,0,1.9380530973451326,3.4188034188034186,10.619469026548673
"2025-01-23 10:00:00","2025-01-23 11:00:00",WN,197,189,8,0,2.1375661375661377,4.060913705583756,7.936507936507937
"2025-01-23 11:00:00","2025-01-23 12:00:00",AA,158,153,3,2,4.625806451612903,1.8987341772151898,11.612903225806452
"2025-01-23 11:00:00","2025-01-23 12:00:00",DL,181,175,6,0,17.314285714285713,3.314917127071823,27.428571428571427
"2025-01-23 11:00:00","2025-01-23 12:00:00",UA,118,114,3,1,5.6347826086956525,2.542372881355932,11.304347826086957
"2025-01-23 11:00:00","2025-01-23 12:00:00",WN,260,247,13,0,3.672064777327935,5.0,9.7165991902834
"2025-01-23 12:00:00","2025-01-23 13:00:00",AA,131,130,1,0,36.62307692307692,0.7633587786259542,30.0
"2025-01-23 12:00:00","2025-01-23 13:00:00",DL,175,168,7,0,15.005952380952381,4.0,22.023809523809526
"2025-01-23 12:00:00","2025-01-23 13:00:00",UA,136,132,3,1,8.015037593984962,2.2058823529411766,14.285714285714286
"2025-01-23 12:00:00","2025-01-23 13:00:00",WN,176,169,7,0,4.455621301775148,3.977272727272727,9.467455621301776
"2025-01-23 13:00:00","2025-01-23 14:00:00",AA,140,137,3,0,19.138686131386862,2.142857142857143,21.16788321167883
"2025-01-23 13:00:00","2025-01-23 14:00:00",DL,146,143,3,0,12.524475524475525,2.0547945205479454,25.174825174825173
"2025-01-23 13:00:00","2025-01-23 14:00:00",UA,133,133,0,0,8.38345864661654,0.0,11.278195488721805
"2025-01-23 13:00:00","2025-01-23 14:00:00",WN,242,234,6,2,6.13135593220339,2.479338842975207,15.677966101694915
"2025-01-23 14:00:00","2025-01-23 15:00:00",AA,155,155,0,0,28.806451612903224,0.0,30.967741935483872
"2025-01-23 14:00:00","2025-01-23 15:00:00",DL,137,132,5,0,16.492424242424242,3.6496350364963503,28.03030303030303
"2025-01-23 14:00:00","2025-01-23 15:00:00",UA,117,115,2,0,3.8086956521739133,1.7094017094017093,14.782608695652174
"2025-01-23 14:00:00","2025-01-23 15:00:00",WN,218,212,6,0,10.891509433962264,2.7522935779816513,17.92452830188679
"2025-01-23 15:00:00","2025-01-23 16:00:00",AA,115,112,3,0,16.794642857142858,2.608695652173913,21.428571428571427
"2025-01-23 15:00:00","2025-01-23 16:00:00",DL,184,182,2,0,18.302197802197803,1.0869565217391304,30.76923076923077
"2025-01-23 15:00:00","2025-01-23 16:00:00",UA,92,91,1,0,4.142857142857143,1.0869565217391304,10.989010989010989
"2025-01-23 15:00:00","2025-01-23 16:00:00",WN,231,230,1,0,17.217391304347824,0.4329004329004329,25.652173913043477
"2025-01-23 16:00:00","2025-01-23 17:00:00",AA,151,145,6,0,21.337931034482757,3.9735099337748343,32.41379310344828
"2025-01-23 16:00:00","2025-01-23 17:00:00",DL,133,130,3,0,19.876923076923077,2.255639097744361,28.46153846153846
"2025-01-23 16:00:00","2025-01-23 17:00:00",UA,123,120,2,1,24.71900826446281,1.6260162601626016,19.00826446280992
"2025-01-23 16:00:00","2025-01-23 17:00:00",WN,206,205,0,1,14.762135922330097,0.0,22.815533980582526
"2025-01-23 17:00:00","2025-01-23 18:00:00",AA,151,148,3,0,21.033783783783782,1.9867549668874172,31.08108108108108
"2025-01-23 17:00:00","2025-01-23 18:00:00",DL,165,161,4,0,17.279503105590063,2.4242424242424243,24.84472049689441
"2025-01-23 17:00:00","2025-01-23 18:00:00",UA,146,145,1,0,12.958620689655172,0.684931506849315,18.620689655172413
"2025-01-23 17:00:00","2025-01-23 18:00:00",WN,191,190,1,0,16.36315789473684,0.5235602094240838,28.42105263157895
"2025-01-23 18:00:00","2025-01-23 19:00:00",AA,161,157,4,0,21.961783439490446,2.484472049689441,31.84713375796178
"2025-01-23 18:00:00","2025-01-23 19:00:00",DL,157,157,0,0,17.955414012738853,0.0,28.662420382165607
"2025-01-23 18:00:00","2025-01-23 19:00:00",UA,139,139,0,0,11.079136690647482,0.0,23.02158273381295
"2025-01-23 18:00:00","2025-01-23 19:00:00",WN,259,257,2,0,13.922178988326849,0.7722007722007722,25.68093385214008
"2025-01-23 19:00:00","2025-01-23 20:00:00",AA,148,142,6,0,12.598591549295774,4.054054054054054,24.64788732394366
"2025-01-23 19:00:00","2025-01-23 20:00:00",DL,168,165,3,0,34.13333333333333,1.7857142857142858,36.36363636363637
"2025-01-23 19:00:00","2025-01-23 20:00:00",UA,103,103,0,0,4.990291262135922,0.0,12.62135922330097
"2025-01-23 19:00:00","2025-01-23 20:00:00",WN,120,120,0,0,12.866666666666667,0.0,25.0
"2025-01-23 20:00:00","2025-01-23 21:00:00",AA,116,113,3,0,24.38938053097345,2.586206896551724,30.088495575221238
"2025-01-23 20:00:00","2025-01-23 21:00:00",DL,99,98,0,1,14.181818181818182,0.0,24.242424242424242
"2025-01-23 20:00:00","2025-01-23 21:00:00",UA,82,82,0,0,13.731707317073171,0.0,26.829268292682926
"2025-01-23 20:00:00","2025-01-23 21:00:00",WN,163,163,0,0,13.674846625766872,0.0,33.74233128834356
"2025-01-23 21:00:00","2025-01-23 22:00:00",AA,81,79,2,0,23.20253164556962,2.4691358024691357,35.44303797468354
"2025-01-23 21:00:00","2025-01-23 22:00:00",DL,93,92,1,0,12.66304347826087,1.075268817204301,15.217391304347826
"2025-01-23 21:00:00","2025-01-23 22:00:00",UA,32,32,0,0,-1.09375,0.0,6.25
"2025-01-23 21:00:00","2025-01-23 22:00:00",WN,15,15,0,0,3.933333333333333,0.0,13.333333333333334
"2025-01-23 22:00:00","2025-01-23 23:00:00",AA,87,85,2,0,11.494117647058824,2.2988505747126435,22.352941176470587
"2025-01-23 22:00:00","2025-01-23 23:00:00",DL,92,91,1,0,12.780219780219781,1.0869565217391304,20.87912087912088
"2025-01-23 22:00:00","2025-01-23 23:00:00",UA,25,24,1,0,-1.25,4.0,12.5
"2025-01-23 23:00:00","2025-01-24 00:00:00",AA,26,24,1,1,-3.0,3.8461538461538463,0.0
"2025-01-23 23:00:00","2025-01-24 00:00:00",DL,27,27,0,0,4.666666666666667,0.0,11.11111111111111
"2025-01-23 23:00:00","2025-01-24 00:00:00",UA,30,30,0,0,0.8333333333333334,0.0,10.0
"2025-01-24 00:00:00","2025-01-24 01:00:00",AA,8,8,0,0,-2.5,0.0,0.0
"2025-01-24 00:00:00","2025-01-24 01:00:00",DL,4,4,0,0,-13.0,0.0,0.0
"2025-01-24 00:00:00","2025-01-24 01:00:00",UA,3,3,0,0,-5.0,0.0,0.0
"2025-01-24 01:00:00","2025-01-24 02:00:00",AA,1,1,0,0,-6.0,0.0,0.0
"2025-01-24 01:00:00","2025-01-24 02:00:00",DL,2,2,0,0,40.0,0.0,50.0
"2025-01-24 01:00:00","2025-01-24 02:00:00",UA,1,1,0,0,-3.0,0.0,0.0
"2025-01-24 02:00:00","2025-01-24 03:00:00",UA,1,1,0,0,-4.0,0.0,0.0
"2025-01-24 05:00:00","2025-01-24 06:00:00",AA,101,99,2,0,9.282828282828282,1.9801980198019802,8.080808080808081
"2025-01-24 05:00:00","2025-01-24 06:00:00",DL,66,65,1,0,3.292307692307692,1.5151515151515151,7.6923076923076925
"2025-01-24 05:00:00","2025-01-24 06:00:00",UA,25,23,2,0,-4.869565217391305,8.0,0.0
"2025-01-24 05:00:00","2025-01-24 06:00:00",WN,28,28,0,0,-2.4285714285714284,0.0,0.0
"2025-01-24 06:00:00","2025-01-24 07:00:00",AA,178,171,7,0,2.309941520467836,3.932584269662921,5.847953216374269
"2025-01-24 06:00:00","2025-01-24 07:00:00",DL,185,184,1,0,9.0,0.5405405405405406,8.152173913043478
"2025-01-24 06:00:00","2025-01-24 07:00:00",UA,111,109,2,0,1.7339449541284404,1.8018018018018018,2.7522935779816513
"2025-01-24 06:00:00","2025-01-24 07:00:00",WN,222,221,1,0,0.5158371040723982,0.45045045045045046,5.429864253393665
"2025-01-24 07:00:00","2025-01-24 08:00:00",AA,208,208,0,0,4.038461538461538,0.0,7.6923076923076925
"2025-01-24 07:00:00","2025-01-24 08:00:00",DL,234,234,0,0,6.589743589743589,0.0,10.683760683760683
"2025-01-24 07:00:00","2025-01-24 08:00:00",UA,173,173,0,0,4.046242774566474,0.0,5.780346820809249
"2025-01-24 07:00:00","2025-01-24 08:00:00",WN,190,189,1,0,0.6296296296296297,0.5263157894736842,4.761904761904762
"2025-01-24 08:00:00","2025-01-24 09:00:00",AA,188,187,1,0,17.71657754010695,0.5319148936170213,14.438502673796792
"2025-01-24 08:00:00","2025-01-24 09:00:00",DL,169,166,3,0,3.0903614457831323,1.7751479289940828,9.036144578313253
"2025-01-24 08:00:00","2025-01-24 09:00:00",UA,181,179,2,0,0.5195530726256983,1.1049723756906078,8.938547486033519
"2025-01-24 08:00:00","2025-01-24 09:00:00",WN,245,245,0,0,0.5877551020408164,0.0,4.489795918367347
"2025-01-24 09:00:00","2025-01-24 10:00:00",AA,130,130,0,0,3.1538461538461537,0.0,13.076923076923077
"2025-01-24 09:00:00","2025-01-24 10:00:00",DL,123,123,0,0,5.097560975609756,0.0,12.195121951219512
"2025-01-24 09:00:00","2025-01-24 10:00:00",UA,152,152,0,0,10.671052631578947,0.0,13.81578947368421
"2025-01-24 09:00:00","2025-01-24 10:00:00",WN,228,228,0,0,0.9298245614035088,0.0,6.140350877192983
"2025-01-24 10:00:00","2025-01-24 11:00:00",AA,135,135,0,0,4.681481481481481,0.0,14.814814814814815
"2025-01-24 10:00:00","2025-01-24 11:00:00",DL,157,156,1,0,8.185897435897436,0.6369426751592356,24.358974358974358
"2025-01-24 10:00:00","2025-01-24 11:00:00",UA,112,111,0,1,0.6607142857142857,0.0,9.821428571428571
"2025-01-24 10:00:00","2025-01-24 11:00:00",WN,201,201,0,0,4.17910447761194,0.0,10.447761194029852
"2025-01-24 11:00:00","2025-01-24 12:00:00",AA,158,158,0,0,11.335443037974683,0.0,20.88607594936709
"2025-01-24 11:00:00","2025-01-24 12:00:00",DL,183,183,0,0,11.05464480874317,0.0,20.76502732240437
"2025-01-24 11:00:00","2025-01-24 12:00:00",UA,118,118,0,0,0.6186440677966102,0.0,7.627118644067797
"2025-01-24 11:00:00","2025-01-24 12:00:00",WN,264,264,0,0,2.2196969696969697,0.0,9.090909090909092
"2025-01-24 12:00:00","2025-01-24 13:00:00",AA,135,134,1,0,4.529850746268656,0.7407407407407407,11.194029850746269
"2025-01-24 12:00:00","2025-01-24 13:00:00",DL,173,173,0,0,14.06936416184971,0.0,20.23121387283237
"2025-01-24 12:00:00","2025-01-24 13:00:00",UA,136,133,2,1,6.388059701492537,1.4705882352941178,14.925373134328359
"2025-01-24 12:00:00","2025-01-24 13:00:00",WN,180,180,0,0,3.261111111111111,0.0,13.333333333333334
"2025-01-24 13:00:00","2025-01-24 14:00:00",AA,132,132,0,0,16.704545454545453,0.0,25.0
"2025-01-24 13:00:00","2025-01-24 14:00:00",DL,142,142,0,0,10.816901408450704,0.0,23.239436619718308
"2025-01-24 13:00:00","2025-01-24 14:00:00",UA,130,129,0,1,0.23846153846153847,0.0,8.461538461538462
"2025-01-24 13:00:00","2025-01-24 14:00:00",WN,239,239,0,0,2.790794979079498,0.0,8.786610878661088
"2025-01-24 14:00:00","2025-01-24 15:00:00",AA,146,146,0,0,10.554794520547945,0.0,23.972602739726028
"2025-01-24 14:00:00","2025-01-24 15:00:00",DL,137,137,0,0,12.197080291970803,0.0,25.547445255474454
"2025-01-24 14:00:00","2025-01-24 15:00:00",UA,118,118,0,0,6.330508474576271,0.0,11.864406779661017
"2025-01-24 14:00:00","2025-01-24 15:00:00",WN,217,217,0,0,7.391705069124424,0.0,17.972350230414747
"2025-01-24 15:00:00","2025-01-24 16:00:00",AA,115,115,0,0,8.095652173913043,0.0,20.869565217391305
"2025-01-24 15:00:00","2025-01-24 16:00:00",DL,179,179,0,0,12.424581005586592,0.0,30.16759776536313
"2025-01-24 15:00:00","2025-01-24 16:00:00",UA,90,90,0,0,4.311111111111111,0.0,14.444444444444445
"2025-01-24 15:00:00","2025-01-24 16:00:00",WN,227,227,0,0,3.79295154185022,0.0,14.09691629955947
"2025-01-24 16:00:00","2025-01-24 17:00:00",AA,141,140,1,0,9.242857142857142,0.7092198581560284,21.428571428571427
"2025-01-24 16:00:00","2025-01-24 17:00:00",DL,141,141,0,0,5.98581560283688,0.0,22.69503546099291
"2025-01-24 16:00:00","2025-01-24 17:00:00",UA,124,124,0,0,6.346774193548387,0.0,15.32258064516129
"2025-01-24 16:00:00","2025-01-24 17:00:00",WN,208,207,1,0,3.8743961352657004,0.4807692307692308,13.043478260869565
"2025-01-24 17:00:00","2025-01-24 18:00:00",AA,149,149,0,0,8.456375838926174,0.0,21.476510067114095
"2025-01-24 17:00:00","2025-01-24 18:00:00",DL,164,164,0,0,11.859756097560975,0.0,23.170731707317074
"2025-01-24 17:00:00","2025-01-24 18:00:00",UA,143,143,0,0,0.5734265734265734,0.0,7.6923076923076925
"2025-01-24 17:00:00","2025-01-24 18:00:00",WN,195,195,0,0,2.5487179487179485,0.0,11.794871794871796
"2025-01-24 18:00:00","2025-01-24 19:00:00",AA,143,143,0,0,9.3006993006993,0.0,20.97902097902098
"2025-01-24 18:00:00","2025-01-24 19:00:00",DL,158,158,0,0,9.145569620253164,0.0,22.78481012658228
"2025-01-24 18:00:00","2025-01-24 19:00:00",UA,140,140,0,0,1.15,0.0,10.0
"2025-01-24 18:00:00","2025-01-24 19:00:00",WN,263,262,0,1,3.1901140684410647,0.0,9.125475285171103
"2025-01-24 19:00:00","2025-01-24 20:00:00",AA,111,111,0,0,6.594594594594595,0.0,18.01801801801802
"2025-01-24 19:00:00","2025-01-24 20:00:00",DL,163,163,0,0,7.269938650306749,0.0,23.312883435582823
"2025-01-24 19:00:00","2025-01-24 20:00:00",UA,102,102,0,0,5.764705882352941,0.0,14.705882352941176
"2025-01-24 19:00:00","2025-01-24 20:00:00",WN,119,119,0,0,3.46218487394958,0.0,15.126050420168067
"2025-01-24 20:00:00","2025-01-24 21:00:00",AA,84,84,0,0,12.142857142857142,0.0,20.238095238095237
"2025-01-24 20:00:00","2025-01-24 21:00:00",DL,100,100,0,0,8.46,0.0,18.0
"2025-01-24 20:00:00","2025-01-24 21:00:00",UA,82,81,0,1,6.487804878048781,0.0,12.195121951219512
"2025-01-24 20:00:00","2025-01-24 21:00:00",WN,167,167,0,0,2.2754491017964074,0.0,8.982035928143713
"2025-01-24 21:00:00","2025-01-24 22:00:00",AA,83,83,0,0,5.373493975903615,0.0,14.457831325301205
"2025-01-24 21:00:00","2025-01-24 22:00:00",DL,96,96,0,0,0.75,0.0,12.5
"2025-01-24 21:00:00","2025-01-24 22:00:00",UA,30,30,0,0,-3.2,0.0,10.0
"2025-01-24 21:00:00","2025-01-24 22:00:00",WN,15,15,0,0,-4.133333333333334,0.0,0.0
"2025-01-24 22:00:00","2025-01-24 23:00:00",AA,57,57,0,0,1.5263157894736843,0.0,5.2631578947368425
"2025-01-24 22:00:00","2025-01-24 23:00:00",DL,91,91,0,0,2.1648351648351647,0.0,13.186813186813186
"2025-01-24 22:00:00","2025-01-24 23:00:00",UA,25,25,0,0,-1.56,0.0,4.0
"2025-01-24 23:00:00","2025-01-25 00:00:00",AA,21,21,0,0,1.2380952380952381,0.0,9.523809523809524
"2025-01-24 23:00:00","2025-01-25 00:00:00",DL,26,26,0,0,3.6923076923076925,0.0,11.538461538461538
"2025-01-24 23:00:00","2025-01-25 00:00:00",UA,30,30,0,0,-2.933333333333333,0.0,6.666666666666667
"2025-01-25 00:00:00","2025-01-25 01:00:00",AA,5,5,0,0,46.4,0.0,20.0
"2025-01-25 00:00:00","2025-01-25 01:00:00",DL,4,4,0,0,-8.25,0.0,0.0
"2025-01-25 00:00:00","2025-01-25 01:00:00",UA,3,3,0,0,7.666666666666667,0.0,33.333333333333336
"2025-01-25 01:00:00","2025-01-25 02:00:00",DL,2,2,0,0,42.5,0.0,100.0
"2025-01-25 01:00:00","2025-01-25 02:00:00",UA,1,1,0,0,14.0,0.0,0.0
"2025-01-25 02:00:00","2025-01-25 03:00:00",UA,1,1,0,0,7.0,0.0,0.0
"2025-01-25 05:00:00","2025-01-25 06:00:00",AA,81,81,0,0,-3.9135802469135803,0.0,6.172839506172839
"2025-01-25 05:00:00","2025-01-25 06:00:00",DL,58,58,0,0,6.741379310344827,0.0,8.620689655172415
"2025-01-25 05:00:00","2025-01-25 06:00:00",UA,25,25,0,0,-1.0,0.0,8.0
"2025-01-25 05:00:00","2025-01-25 06:00:00",WN,58,58,0,0,-3.5344827586206895,0.0,0.0
"2025-01-25 06:00:00","2025-01-25 07:00:00",AA,166,165,0,1,2.3493975903614457,0.0,8.433734939759036
"2025-01-25 06:00:00","2025-01-25 07:00:00",DL,169,169,0,0,1.3846153846153846,0.0,7.6923076923076925
"2025-01-25 06:00:00","2025-01-25 07:00:00",UA,106,105,0,1,-0.660377358490566,0.0,6.60377358490566
"2025-01-25 06:00:00","2025-01-25 07:00:00",WN,189,189,0,0,-2.82010582010582,0.0,2.1164021164021163
"2025-01-25 07:00:00","2025-01-25 08:00:00",AA,155,154,0,1,-0.27741935483870966,0.0,7.096774193548387
"2025-01-25 07:00:00","2025-01-25 08:00:00",DL,200,200,0,0,0.27,0.0,10.0
"2025-01-25 07:00:00","2025-01-25 08:00:00",UA,161,157,1,3,4.1125,0.6211180124223602,8.75
"2025-01-25 07:00:00","2025-01-25 08:00:00",WN,201,201,0,0,-0.8955223880597015,0.0,3.482587064676617
"2025-01-25 08:00:00","2025-01-25 09:00:00",AA,176,176,0,0,3.414772727272727,0.0,9.090909090909092
"2025-01-25 08:00:00","2025-01-25 09:00:00",DL,152,152,0,0,6.769736842105263,0.0,11.18421052631579
"2025-01-25 08:00:00","2025-01-25 09:00:00",UA,162,162,0,0,4.814814814814815,0.0,12.345679012345679
"2025-01-25 08:00:00","2025-01-25 09:00:00",WN,235,235,0,0,-0.3021276595744681,0.0,5.1063829787234045
"2025-01-25 09:00:00","2025-01-25 10:00:00",AA,120,120,0,0,0.7166666666666667,0.0,6.666666666666667
"2025-01-25 09:00:00","2025-01-25 10:00:00",DL,115,115,0,0,1.7652173913043478,0.0,12.173913043478262
"2025-01-25 09:00:00","2025-01-25 10:00:00",UA,127,127,0,0,16.5748031496063,0.0,20.47244094488189
"2025-01-25 09:00:00","2025-01-25 10:00:00",WN,217,217,0,0,2.889400921658986,0.0,11.059907834101383
"2025-01-25 10:00:00","2025-01-25 11:00:00",AA,119,119,0,0,5.2521008403361344,0.0,13.445378151260504
"2025-01-25 10:00:00","2025-01-25 11:00:00",DL,123,123,0,0,1.1544715447154472,0.0,11.382113821138212
"2025-01-25 10:00:00","2025-01-25 11:00:00",UA,113,111,0,2,14.185840707964601,0.0,23.893805309734514
"2025-01-25 10:00:00","2025-01-25 11:00:00",WN,209,209,0,0,1.894736842105263,0.0,9.569377990430622
"2025-01-25 11:00:00","2025-01-25 12:00:00",AA,134,134,0,0,4.223880597014926,0.0,14.17910447761194
"2025-01-25 11:00:00","2025-01-25 12:00:00",DL,167,167,0,0,4.203592814371257,0.0,14.970059880239521
"2025-01-25 11:00:00","2025-01-25 12:00:00",UA,108,107,0,1,24.37037037037037,0.0,32.407407407407405
"2025-01-25 11:00:00","2025-01-25 12:00:00",WN,226,225,0,1,7.991150442477876,0.0,18.141592920353983
"2025-01-25 12:00:00","2025-01-25 13:00:00",AA,115,115,0,0,8.634782608695652,0.0,18.26086956521739
"2025-01-25 12:00:00","2025-01-25 13:00:00",DL,146,145,0,1,4.212328767123288,0.0,16.438356164383563
"2025-01-25 12:00:00","2025-01-25 13:00:00",UA,111,111,0,0,6.468468468468468,0.0,13.513513513513514
"2025-01-25 12:00:00","2025-01-25 13:00:00",WN,188,188,0,0,6.0638297872340425,0.0,16.48936170212766
"2025-01-25 13:00:00","2025-01-25 14:00:00",AA,114,111,0,3,5.614035087719298,0.0,13.157894736842104
"2025-01-25 13:00:00","2025-01-25 14:00:00",DL,128,128,0,0,2.8125,0.0,14.84375
"2025-01-25 13:00:00","2025-01-25 14:00:00",UA,120,118,1,1,22.386554621848738,0.8333333333333334,32.773109243697476
"2025-01-25 13:00:00","2025-01-25 14:00:00",WN,200,200,0,0,10.375,0.0,19.5
"2025-01-25 14:00:00","2025-01-25 15:00:00",AA,123,123,0,0,3.7398373983739837,0.0,9.75609756097561
"2025-01-25 14:00:00","2025-01-25 15:00:00",DL,113,113,0,0,2.504424778761062,0.0,15.044247787610619
"2025-01-25 14:00:00","2025-01-25 15:00:00",UA,107,106,1,0,16.735849056603772,0.9345794392523364,23.58490566037736
"2025-01-25 14:00:00","2025-01-25 15:00:00",WN,233,233,0,0,9.351931330472103,0.0,21.888412017167383
"2025-01-25 15:00:00","2025-01-25 16:00:00",AA,109,109,0,0,3.2110091743119265,0.0,11.009174311926605
"2025-01-25 15:00:00","2025-01-25 16:00:00",DL,148,148,0,0,-0.0472972972972973,0.0,9.45945945945946
"2025-01-25 15:00:00","2025-01-25 16:00:00",UA,74,74,0,0,13.391891891891891,0.0,28.37837837837838
"2025-01-25 15:00:00","2025-01-25 16:00:00",WN,179,179,0,0,7.731843575418995,0.0,19.553072625698324
"2025-01-25 16:00:00","2025-01-25 17:00:00",AA,125,125,0,0,3.864,0.0,13.6
"2025-01-25 16:00:00","2025-01-25 17:00:00",DL,102,101,1,0,0.8910891089108911,0.9803921568627451,5.9405940594059405
"2025-01-25 16:00:00","2025-01-25 17:00:00",UA,107,107,0,0,14.214953271028037,0.0,26.16822429906542
"2025-01-25 16:00:00","2025-01-25 17:00:00",WN,201,200,0,1,9.522388059701493,0.0,21.890547263681594
"2025-01-25 17:00:00","2025-01-25 18:00:00",AA,135,134,0,1,7.207407407407407,0.0,17.037037037037038
"2025-01-25 17:00:00","2025-01-25 18:00:00",DL,148,148,0,0,4.162162162162162,0.0,12.162162162162161
"2025-01-25 17:00:00","2025-01-25 18:00:00",UA,126,125,1,0,14.696,0.7936507936507936,25.6
"2025-01-25 17:00:00","2025-01-25 18:00:00",WN,186,186,0,0,5.881720430107527,0.0,20.43010752688172
"2025-01-25 18:00:00","2025-01-25 19:00:00",AA,135,135,0,0,11.355555555555556,0.0,14.074074074074074
"2025-01-25 18:00:00","2025-01-25 19:00:00",DL,104,104,0,0,0.33653846153846156,0.0,15.384615384615385
"2025-01-25 18:00:00","2025-01-25 19:00:00",UA,108,108,0,0,5.342592592592593,0.0,20.37037037037037
"2025-01-25 18:00:00","2025-01-25 19:00:00",WN,148,148,0,0,5.472972972972973,0.0,16.89189189189189
"2025-01-25 19:00:00","2025-01-25 20:00:00",AA,99,98,0,1,6.404040404040404,0.0,13.131313131313131
"2025-01-25 19:00:00","2025-01-25 20:00:00",DL,89,87,0,2,3.3707865168539324,0.0,13.48314606741573
"2025-01-25 19:00:00","2025-01-25 20:00:00",UA,81,81,0,0,4.592592592592593,0.0,20.987654320987655
"2025-01-25 19:00:00","2025-01-25 20:00:00",WN,79,78,0,1,10.30379746835443,0.0,30.379746835443036
"2025-01-25 20:00:00","2025-01-25 21:00:00",AA,81,81,0,0,8.506172839506172,0.0,23.45679012345679
"2025-01-25 20:00:00","2025-01-25 21:00:00",DL,63,63,0,0,3.2222222222222223,0.0,12.698412698412698
"2025-01-25 20:00:00","2025-01-25 21:00:00",UA,74,74,0,0,11.162162162162161,0.0,18.91891891891892
"2025-01-25 20:00:00","2025-01-25 21:00:00",WN,36,36,0,0,-1.25,0.0,5.555555555555555
"2025-01-25 21:00:00","2025-01-25 22:00:00",AA,77,77,0,0,8.454545454545455,0.0,19.48051948051948
"2025-01-25 21:00:00","2025-01-25 22:00:00",DL,62,62,0,0,-0.5483870967741935,0.0,8.064516129032258
"2025-01-25 21:00:00","2025-01-25 22:00:00",UA,22,21,0,1,5.409090909090909,0.0,13.636363636363637
"2025-01-25 21:00:00","2025-01-25 22:00:00",WN,3,3,0,0,8.0,0.0,33.333333333333336
"2025-01-25 22:00:00","2025-01-25 23:00:00",AA,55,55,0,0,6.072727272727272,0.0,18.181818181818183
"2025-01-25 22:00:00","2025-01-25 23:00:00",DL,63,63,0,0,3.0317460317460316,0.0,7.936507936507937
"2025-01-25 22:00:00","2025-01-25 23:00:00",UA,21,21,0,0,-2.4285714285714284,0.0,4.761904761904762
"2025-01-25 23:00:00","2025-01-26 00:00:00",AA,21,20,0,1,11.523809523809524,0.0,28.571428571428573
"2025-01-25 23:00:00","2025-01-26 00:00:00",DL,19,19,0,0,1.263157894736842,0.0,10.526315789473685
"2025-01-25 23:00:00","2025-01-26 00:00:00",UA,26,26,0,0,26.653846153846153,0.0,15.384615384615385
"2025-01-26 00:00:00","2025-01-26 01:00:00",AA,6,6,0,0,0.16666666666666666,0.0,16.666666666666668
"2025-01-26 00:00:00","2025-01-26 01:00:00",DL,1,1,0,0,-10.0,0.0,0.0
"2025-01-26 00:00:00","2025-01-26 01:00:00",UA,3,3,0,0,-3.0,0.0,0.0
"2025-01-26 01:00:00","2025-01-26 02:00:00",DL,2,2,0,0,-11.5,0.0,0.0
"2025-01-26 01:00:00","2025-01-26 02:00:00",UA,1,1,0,0,-10.0,0.0,0.0
"2025-01-26 02:00:00","2025-01-26 03:00:00",UA,1,1,0,0,-8.0,0.0,0.0
"2025-01-26 05:00:00","2025-01-26 06:00:00",AA,87,86,0,1,8.333333333333334,0.0,5.747126436781609
"2025-01-26 05:00:00","2025-01-26 06:00:00",DL,68,68,0,0,-5.529411764705882,0.0,1.4705882352941178
"2025-01-26 05:00:00","2025-01-26 06:00:00",UA,25,25,0,0,-2.64,0.0,4.0
"2025-01-26 05:00:00","2025-01-26 06:00:00",WN,93,92,1,0,0.09782608695652174,1.075268817204301,5.434782608695652
"2025-01-26 06:00:00","2025-01-26 07:00:00",AA,168,167,0,1,13.369047619047619,0.0,10.714285714285714
"2025-01-26 06:00:00","2025-01-26 07:00:00",DL,174,174,0,0,-1.0057471264367817,0.0,4.597701149425287
"2025-01-26 06:00:00","2025-01-26 07:00:00",UA,109,109,0,0,-3.36697247706422,0.0,4.587155963302752
"2025-01-26 06:00:00","2025-01-26 07:00:00",WN,294,294,0,0,-1.7857142857142858,0.0,2.7210884353741496
"2025-01-26 07:00:00","2025-01-26 08:00:00",AA,178,178,0,0,-1.6573033707865168,0.0,5.617977528089888
"2025-01-26 07:00:00","2025-01-26 08:00:00",DL,232,232,0,0,-2.3836206896551726,0.0,5.603448275862069
"2025-01-26 07:00:00","2025-01-26 08:00:00",UA,165,165,0,0,-1.9575757575757575,0.0,4.848484848484849
"2025-01-26 07:00:00","2025-01-26 08:00:00",WN,214,213,0,1,-0.0794392523364486,0.0,4.205607476635514
"2025-01-26 08:00:00","2025-01-26 09:00:00",AA,190,188,1,1,8.994708994708995,0.5263157894736842,11.640211640211641
"2025-01-26 08:00:00","2025-01-26 09:00:00",DL,176,176,0,0,0.3352272727272727,0.0,8.522727272727273
"2025-01-26 08:00:00","2025-01-26 09:00:00",UA,175,175,0,0,1.3657142857142857,0.0,7.428571428571429
"2025-01-26 08:00:00","2025-01-26 09:00:00",WN,269,268,0,1,-0.4758364312267658,0.0,5.204460966542751
"2025-01-26 09:00:00","2025-01-26 10:00:00",AA,133,133,0,0,15.12781954887218,0.0,9.774436090225564
"2025-01-26 09:00:00","2025-01-26 10:00:00",DL,123,123,0,0,-0.9105691056910569,0.0,2.4390243902439024
"2025-01-26 09:00:00","2025-01-26 10:00:00",UA,147,146,1,0,4.616438356164384,0.6802721088435374,10.95890410958904
"2025-01-26 09:00:00","2025-01-26 10:00:00",WN,214,214,0,0,2.4953271028037385,0.0,7.94392523364486
"2025-01-26 10:00:00","2025-01-26 11:00:00",AA,136,135,1,0,3.22962962962963,0.7352941176470589,15.555555555555555
"2025-01-26 10:00:00","2025-01-26 11:00:00",DL,153,153,0,0,2.2679738562091503,0.0,9.803921568627452
"2025-01-26 10:00:00","2025-01-26 11:00:00",UA,118,118,0,0,0.3220338983050847,0.0,9.322033898305085
"2025-01-26 10:00:00","2025-01-26 11:00:00",WN,227,226,0,1,1.3524229074889869,0.0,6.607929515418502
"2025-01-26 11:00:00","2025-01-26 12:00:00",AA,155,155,0,0,8.438709677419356,0.0,9.67741935483871
"2025-01-26 11:00:00","2025-01-26 12:00:00",DL,184,184,0,0,-0.6847826086956522,0.0,7.608695652173913
"2025-01-26 11:00:00","2025-01-26 12:00:00",UA,116,116,0,0,4.155172413793103,0.0,9.482758620689655
"2025-01-26 11:00:00","2025-01-26 12:00:00",WN,222,222,0,0,4.711711711711712,0.0,10.81081081081081
"2025-01-26 12:00:00","2025-01-26 13:00:00",AA,129,128,1,0,8.7578125,0.7751937984496124,14.84375
"2025-01-26 12:00:00","2025-01-26 13:00:00",DL,168,168,0,0,8.142857142857142,0.0,12.5
"2025-01-26 12:00:00","2025-01-26 13:00:00",UA,129,129,0,0,2.054263565891473,0.0,5.426356589147287
"2025-01-26 12:00:00","2025-01-26 13:00:00",WN,223,223,0,0,5.103139013452915,0.0,14.349775784753364
"2025-01-26 13:00:00","2025-01-26 14:00:00",AA,134,134,0,0,11.649253731343284,0.0,16.417910447761194
"2025-01-26 13:00:00","2025-01-26 14:00:00",DL,137,137,0,0,5.963503649635037,0.0,13.138686131386862
"2025-01-26 13:00:00","2025-01-26 14:00:00",UA,126,125,0,1,4.476190476190476,0.0,11.11111111111111
"2025-01-26 13:00:00","2025-01-26 14:00:00",WN,236,236,0,0,6.661016949152542,0.0,16.949152542372882
"2025-01-26 14:00:00","2025-01-26 15:00:00",AA,149,149,0,0,7.2885906040268456,0.0,19.463087248322147
"2025-01-26 14:00:00","2025-01-26 15:00:00",DL,129,129,0,0,6.682170542635659,0.0,10.077519379844961
"2025-01-26 14:00:00","2025-01-26 15:00:00",UA,109,109,0,0,2.0,0.0,6.422018348623853
"2025-01-26 14:00:00","2025-01-26 15:00:00",WN,214,212,2,0,7.561320754716981,0.9345794392523364,15.566037735849056
"2025-01-26 15:00:00","2025-01-26 16:00:00",AA,110,110,0,0,12.081818181818182,0.0,20.90909090909091
"2025-01-26 15:00:00","2025-01-26 16:00:00",DL,180,180,0,0,4.661111111111111,0.0,12.777777777777779
"2025-01-26 15:00:00","2025-01-26 16:00:00",UA,92,92,0,0,2.0760869565217392,0.0,6.521739130434782
"2025-01-26 15:00:00","2025-01-26 16:00:00",WN,225,224,0,1,6.133333333333334,0.0,17.77777777777778
"2025-01-26 16:00:00","2025-01-26 17:00:00",AA,155,155,0,0,11.754838709677419,0.0,17.419354838709676
"2025-01-26 16:00:00","2025-01-26 17:00:00",DL,142,141,1,0,5.134751773049645,0.704225352112676,14.893617021276595
"2025-01-26 16:00:00","2025-01-26 17:00:00",UA,122,122,0,0,2.1721311475409837,0.0,6.557377049180328
"2025-01-26 16:00:00","2025-01-26 17:00:00",WN,219,219,0,0,7.552511415525114,0.0,20.54794520547945
"2025-01-26 17:00:00","2025-01-26 18:00:00",AA,158,158,0,0,13.569620253164556,0.0,20.253164556962027
"2025-01-26 17:00:00","2025-01-26 18:00:00",DL,170,170,0,0,1.4823529411764707,0.0,9.411764705882353
"2025-01-26 17:00:00","2025-01-26 18:00:00",UA,147,145,0,2,-1.2585034013605443,0.0,3.401360544217687
"2025-01-26 17:00:00","2025-01-26 18:00:00",WN,223,223,0,0,6.551569506726457,0.0,17.48878923766816
"2025-01-26 18:00:00","2025-01-26 19:00:00",AA,162,160,0,2,9.271604938271604,0.0,19.135802469135804
"2025-01-26 18:00:00","2025-01-26 19:00:00",DL,152,149,1,2,8.218543046357615,0.6578947368421053,11.258278145695364
"2025-01-26 18:00:00","2025-01-26 19:00:00",UA,138,136,0,2,5.579710144927536,0.0,12.318840579710145
"2025-01-26 18:00:00","2025-01-26 19:00:00",WN,215,215,0,0,8.265116279069767,0.0,22.325581395348838
"2025-01-26 19:00:00","2025-01-26 20:00:00",AA,149,148,0,1,9.181208053691275,0.0,19.463087248322147
"2025-01-26 19:00:00","2025-01-26 20:00:00",DL,165,164,0,1,4.442424242424242,0.0,18.181818181818183
"2025-01-26 19:00:00","2025-01-26 20:00:00",UA,106,105,0,1,0.42452830188679247,0.0,7.547169811320755
"2025-01-26 19:00:00","2025-01-26 20:00:00",WN,269,269,0,0,6.323420074349443,0.0,14.869888475836431
"2025-01-26 20:00:00","2025-01-26 21:00:00",AA,117,117,0,0,13.982905982905983,0.0,17.94871794871795
"2025-01-26 20:00:00","2025-01-26 21:00:00",DL,97,97,0,0,7.051546391752577,0.0,17.52577319587629
"2025-01-26 20:00:00","2025-01-26 21:00:00",UA,84,83,0,1,11.023809523809524,0.0,19.047619047619047
"2025-01-26 20:00:00","2025-01-26 21:00:00",WN,178,178,0,0,4.477528089887641,0.0,14.044943820224718
"2025-01-26 21:00:00","2025-01-26 22:00:00",AA,81,81,0,0,14.703703703703704,0.0,16.049382716049383
"2025-01-26 21:00:00","2025-01-26 22:00:00",DL,93,93,0,0,21.634408602150536,0.0,20.43010752688172
"2025-01-26 21:00:00","2025-01-26 22:00:00",UA,34,34,0,0,2.676470588235294,0.0,8.823529411764707
"2025-01-26 21:00:00","2025-01-26 22:00:00",WN,148,147,0,1,1.912162162162162,0.0,12.162162162162161
"2025-01-26 22:00:00","2025-01-26 23:00:00",AA,87,87,0,0,3.9195402298850577,0.0,17.24137931034483
"2025-01-26 22:00:00","2025-01-26 23:00:00",DL,88,88,0,0,5.420454545454546,0.0,11.363636363636363
"2025-01-26 22:00:00","2025-01-26 23:00:00",UA,25,25,0,0,17.4,0.0,12.0
"2025-01-26 22:00:00","2025-01-26 23:00:00",WN,3,3,0,0,-4.666666666666667,0.0,0.0
"2025-01-26 23:00:00","2025-01-27 00:00:00",AA,27,27,0,0,3.6296296296296298,0.0,22.22222222222222
"2025-01-26 23:00:00","2025-01-27 00:00:00",DL,27,27,0,0,14.962962962962964,0.0,25.925925925925927
"2025-01-26 23:00:00","2025-01-27 00:00:00",UA,34,34,0,0,-2.8823529411764706,0.0,8.823529411764707
"2025-01-27 00:00:00","2025-01-27 01:00:00",AA,8,8,0,0,-3.375,0.0,12.5
"2025-01-27 00:00:00","2025-01-27 01:00:00",DL,4,4,0,0,-10.0,0.0,0.0
"2025-01-27 00:00:00","2025-01-27 01:00:00",UA,3,3,0,0,15.333333333333334,0.0,33.333333333333336
"2025-01-27 01:00:00","2025-01-27 02:00:00",AA,1,1,0,0,22.0,0.0,100.0
"2025-01-27 01:00:00","2025-01-27 02:00:00",DL,2,2,0,0,-6.5,0.0,0.0
"2025-01-27 01:00:00","2025-01-27 02:00:00",UA,1,1,0,0,-15.0,0.0,0.0
"2025-01-27 02:00:00","2025-01-27 03:00:00",UA,1,1,0,0,-8.0,0.0,0.0
"2025-01-27 05:00:00","2025-01-27 06:00:00",AA,103,103,0,0,-1.796116504854369,0.0,6.796116504854369
"2025-01-27 05:00:00","2025-01-27 06:00:00",DL,68,68,0,0,0.16176470588235295,0.0,4.411764705882353
"2025-01-27 05:00:00","2025-01-27 06:00:00",UA,25,25,0,0,-5.88,0.0,0.0
"2025-01-27 05:00:00","2025-01-27 06:00:00",WN,29,29,0,0,-4.689655172413793,0.0,0.0
"2025-01-27 06:00:00","2025-01-27 07:00:00",AA,174,173,1,0,-2.2023121387283235,0.5747126436781609,4.624277456647399
"2025-01-27 06:00:00","2025-01-27 07:00:00",DL,181,181,0,0,1.5524861878453038,0.0,6.077348066298343
"2025-01-27 06:00:00","2025-01-27 07:00:00",UA,110,109,1,0,-5.513761467889908,0.9090909090909091,2.7522935779816513
"2025-01-27 06:00:00","2025-01-27 07:00:00",WN,220,220,0,0,0.25,0.0,2.727272727272727
"2025-01-27 07:00:00","2025-01-27 08:00:00",AA,207,207,0,0,3.9468599033816427,0.0,6.763285024154589
"2025-01-27 07:00:00","2025-01-27 08:00:00",DL,229,228,0,1,3.445414847161572,0.0,8.296943231441048
"2025-01-27 07:00:00","2025-01-27 08:00:00",UA,174,172,1,1,-1.8323699421965318,0.5747126436781609,2.3121387283236996
"2025-01-27 07:00:00","2025-01-27 08:00:00",WN,189,189,0,0,-0.9841269841269841,0.0,4.761904761904762
"2025-01-27 08:00:00","2025-01-27 09:00:00",AA,189,189,0,0,4.264550264550264,0.0,10.052910052910052
"2025-01-27 08:00:00","2025-01-27 09:00:00",DL,172,172,0,0,1.7906976744186047,0.0,6.395348837209302
"2025-01-27 08:00:00","2025-01-27 09:00:00",UA,180,180,0,0,0.005555555555555556,0.0,5.0
"2025-01-27 08:00:00","2025-01-27 09:00:00",WN,244,244,0,0,0.5163934426229508,0.0,5.737704918032787
"2025-01-27 09:00:00","2025-01-27 10:00:00",AA,133,133,0,0,3.2406015037593985,0.0,9.774436090225564
"2025-01-27 09:00:00","2025-01-27 10:00:00",DL,124,124,0,0,1.4274193548387097,0.0,8.064516129032258
"2025-01-27 09:00:00","2025-01-27 10:00:00",UA,153,153,0,0,2.4248366013071894,0.0,7.189542483660131
"2025-01-27 09:00:00","2025-01-27 10:00:00",WN,234,234,0,0,-0.042735042735042736,0.0,3.4188034188034186
"2025-01-27 10:00:00","2025-01-27 11:00:00",AA,134,134,0,0,5.708955223880597,0.0,16.417910447761194
"2025-01-27 10:00:00","2025-01-27 11:00:00",DL,155,154,0,1,4.335483870967742,0.0,13.548387096774194
"2025-01-27 10:00:00","2025-01-27 11:00:00",UA,118,118,0,0,-0.09322033898305085,0.0,6.779661016949152
"2025-01-27 10:00:00","2025-01-27 11:00:00",WN,197,197,0,0,2.7258883248730963,0.0,9.137055837563452
"2025-01-27 11:00:00","2025-01-27 12:00:00",AA,158,158,0,0,17.917721518987342,0.0,17.088607594936708
"2025-01-27 11:00:00","2025-01-27 12:00:00",DL,187,187,0,0,3.2887700534759357,0.0,9.090909090909092
"2025-01-27 11:00:00","2025-01-27 12:00:00",UA,115,115,0,0,-0.8956521739130435,0.0,5.217391304347826
"2025-01-27 11:00:00","2025-01-27 12:00:00",WN,260,260,0,0,1.9076923076923078,0.0,8.461538461538462
"2025-01-27 12:00:00","2025-01-27 13:00:00",AA,134,134,0,0,5.022388059701493,0.0,12.686567164179104
"2025-01-27 12:00:00","2025-01-27 13:00:00",DL,168,168,0,0,-0.18452380952380953,0.0,9.523809523809524
"2025-01-27 12:00:00","2025-01-27 13:00:00",UA,134,134,0,0,4.462686567164179,0.0,10.447761194029852
"2025-01-27 12:00:00","2025-01-27 13:00:00",WN,180,180,0,0,1.961111111111111,0.0,11.11111111111111
"2025-01-27 13:00:00","2025-01-27 14:00:00",AA,133,133,0,0,8.781954887218046,0.0,19.548872180451127
"2025-01-27 13:00:00","2025-01-27 14:00:00",DL,148,148,0,0,2.7162162162162162,0.0,10.135135135135135
"2025-01-27 13:00:00","2025-01-27 14:00:00",UA,132,132,0,0,-0.75,0.0,6.0606060606060606
"2025-01-27 13:00:00","2025-01-27 14:00:00",WN,241,241,0,0,0.9875518672199171,0.0,8.298755186721992
"2025-01-27 14:00:00","2025-01-27 15:00:00",AA,145,144,0,1,3.0827586206896553,0.0,14.482758620689655
"2025-01-27 14:00:00","2025-01-27 15:00:00",DL,133,133,0,0,0.06766917293233082,0.0,8.270676691729323
"2025-01-27 14:00:00","2025-01-27 15:00:00",UA,117,115,1,1,1.8017241379310345,0.8547008547008547,9.482758620689655
"2025-01-27 14:00:00","2025-01-27 15:00:00",WN,216,216,0,0,2.7222222222222223,0.0,11.11111111111111
"2025-01-27 15:00:00","2025-01-27 16:00:00",AA,119,119,0,0,6.46218487394958,0.0,13.445378151260504
"2025-01-27 15:00:00","2025-01-27 16:00:00",DL,179,179,0,0,4.055865921787709,0.0,10.614525139664805
"2025-01-27 15:00:00","2025-01-27 16:00:00",UA,93,93,0,0,1.5483870967741935,0.0,9.67741935483871
"2025-01-27 15:00:00","2025-01-27 16:00:00",WN,230,229,0,1,-0.12608695652173912,0.0,6.086956521739131
"2025-01-27 16:00:00","2025-01-27 17:00:00",AA,142,142,0,0,4.5,0.0,14.084507042253522
"2025-01-27 16:00:00","2025-01-27 17:00:00",DL,131,131,0,0,-0.10687022900763359,0.0,7.633587786259542
"2025-01-27 16:00:00","2025-01-27 17:00:00",UA,121,121,0,0,1.371900826446281,0.0,9.090909090909092
"2025-01-27 16:00:00","2025-01-27 17:00:00",WN,208,208,0,0,0.6875,0.0,8.653846153846153
"2025-01-27 17:00:00","2025-01-27 18:00:00",AA,152,152,0,0,8.013157894736842,0.0,12.5
"2025-01-27 17:00:00","2025-01-27 18:00:00",DL,165,164,0,1,-0.24848484848484848,0.0,8.484848484848484
"2025-01-27 17:00:00","2025-01-27 18:00:00",UA,133,133,0,0,-0.6541353383458647,0.0,6.015037593984962
"2025-01-27 17:00:00","2025-01-27 18:00:00",WN,193,193,0,0,0.45595854922279794,0.0,7.253886010362694
"2025-01-27 18:00:00","2025-01-27 19:00:00",AA,144,144,0,0,10.375,0.0,16.666666666666668
"2025-01-27 18:00:00","2025-01-27 19:00:00",DL,151,151,0,0,13.701986754966887,0.0,11.920529801324504
"2025-01-27 18:00:00","2025-01-27 19:00:00",UA,139,138,0,1,-2.338129496402878,0.0,4.316546762589928
"2025-01-27 18:00:00","2025-01-27 19:00:00",WN,264,263,0,1,0.1893939393939394,0.0,8.712121212121213
"2025-01-27 19:00:00","2025-01-27 20:00:00",AA,109,109,0,0,7.3577981651376145,0.0,15.596330275229358
"2025-01-27 19:00:00","2025-01-27 20:00:00",DL,137,137,0,0,-0.8686131386861314,0.0,8.75912408759124
"2025-01-27 19:00:00","2025-01-27 20:00:00",UA,97,97,0,0,-1.9175257731958764,0.0,8.24742268041237
"2025-01-27 19:00:00","2025-01-27 20:00:00",WN,117,117,0,0,-1.0085470085470085,0.0,9.401709401709402
"2025-01-27 20:00:00","2025-01-27 21:00:00",AA,83,83,0,0,8.72289156626506,0.0,16.867469879518072
"2025-01-27 20:00:00","2025-01-27 21:00:00",DL,88,88,0,0,0.25,0.0,9.090909090909092
"2025-01-27 20:00:00","2025-01-27 21:00:00",UA,81,81,0,0,0.9753086419753086,0.0,11.11111111111111
"2025-01-27 20:00:00","2025-01-27 21:00:00",WN,165,164,0,1,0.696969696969697,0.0,8.484848484848484
"2025-01-27 21:00:00","2025-01-27 22:00:00",AA,81,81,0,0,5.555555555555555,0.0,17.28395061728395
"2025-01-27 21:00:00","2025-01-27 22:00:00",DL,84,84,0,0,-1.9404761904761905,0.0,7.142857142857143
"2025-01-27 21:00:00","2025-01-27 22:00:00",UA,30,30,0,0,-6.3,0.0,3.3333333333333335
"2025-01-27 21:00:00","2025-01-27 22:00:00",WN,15,15,0,0,1.6,0.0,6.666666666666667
"2025-01-27 22:00:00","2025-01-27 23:00:00",AA,57,57,0,0,2.0350877192982457,0.0,12.280701754385966
"2025-01-27 22:00:00","2025-01-27 23:00:00",DL,91,91,0,0,2.5714285714285716,0.0,8.791208791208792
"2025-01-27 22:00:00","2025-01-27 23:00:00",UA,23,23,0,0,-6.3478260869565215,0.0,0.0
"2025-01-27 23:00:00","2025-01-28 00:00:00",AA,21,21,0,0,-1.0476190476190477,0.0,14.285714285714286
"2025-01-27 23:00:00","2025-01-28 00:00:00",DL,25,25,0,0,-7.8,0.0,0.0
"2025-01-27 23:00:00","2025-01-28 00:00:00",UA,28,28,0,0,-1.7142857142857142,0.0,10.714285714285714
"2025-01-28 00:00:00","2025-01-28 01:00:00",AA,5,5,0,0,-2.8,0.0,0.0
"2025-01-28 00:00:00","2025-01-28 01:00:00",DL,1,1,0,0,-5.0,0.0,0.0
"2025-01-28 00:00:00","2025-01-28 01:00:00",UA,3,3,0,0,-7.666666666666667,0.0,0.0
"2025-01-28 01:00:00","2025-01-28 02:00:00",DL,2,2,0,0,-7.5,0.0,0.0
"2025-01-28 01:00:00","2025-01-28 02:00:00",UA,1,1,0,0,-14.0,0.0,0.0
"2025-01-28 02:00:00","2025-01-28 03:00:00",UA,1,1,0,0,-7.0,0.0,0.0
"2025-01-28 05:00:00","2025-01-28 06:00:00",AA,81,81,0,0,-5.925925925925926,0.0,1.2345679012345678
"2025-01-28 05:00:00","2025-01-28 06:00:00",DL,68,68,0,0,-5.5588235294117645,0.0,5.882352941176471
"2025-01-28 05:00:00","2025-01-28 06:00:00",UA,23,23,0,0,0.7391304347826086,0.0,8.695652173913043
"2025-01-28 05:00:00","2025-01-28 06:00:00",WN,29,29,0,0,-5.275862068965517,0.0,0.0
"2025-01-28 06:00:00","2025-01-28 07:00:00",AA,167,167,0,0,-2.538922155688623,0.0,4.790419161676646
"2025-01-28 06:00:00","2025-01-28 07:00:00",DL,177,177,0,0,-3.5028248587570623,0.0,3.389830508474576
"2025-01-28 06:00:00","2025-01-28 07:00:00",UA,108,108,0,0,0.28703703703703703,0.0,8.333333333333334
"2025-01-28 06:00:00","2025-01-28 07:00:00",WN,214,214,0,0,-4.462616822429907,0.0,1.4018691588785046
"2025-01-28 07:00:00","2025-01-28 08:00:00",AA,161,161,0,0,-4.62111801242236,0.0,3.7267080745341614
"2025-01-28 07:00:00","2025-01-28 08:00:00",DL,219,219,0,0,-0.4885844748858447,0.0,5.936073059360731
"2025-01-28 07:00:00","2025-01-28 08:00:00",UA,150,150,0,0,0.16666666666666666,0.0,5.333333333333333
"2025-01-28 07:00:00","2025-01-28 08:00:00",WN,190,189,1,0,-4.682539682539683,0.5263157894736842,0.5291005291005291
"2025-01-28 08:00:00","2025-01-28 09:00:00",AA,184,184,0,0,-2.2989130434782608,0.0,5.978260869565218
"2025-01-28 08:00:00","2025-01-28 09:00:00",DL,170,170,0,0,3.9941176470588236,0.0,8.823529411764707
"2025-01-28 08:00:00","2025-01-28 09:00:00",UA,175,175,0,0,0.42857142857142855,0.0,5.714285714285714
"2025-01-28 08:00:00","2025-01-28 09:00:00",WN,240,240,0,0,-1.7541666666666667,0.0,4.583333333333333
"2025-01-28 09:00:00","2025-01-28 10:00:00",AA,127,126,0,1,2.409448818897638,0.0,8.661417322834646
"2025-01-28 09:00:00","2025-01-28 10:00:00",DL,116,116,0,0,2.706896551724138,0.0,10.344827586206897
"2025-01-28 09:00:00","2025-01-28 10:00:00",UA,136,135,0,1,-1.0073529411764706,0.0,7.352941176470588
"2025-01-28 09:00:00","2025-01-28 10:00:00",WN,230,230,0,0,-2.6956521739130435,0.0,3.0434782608695654
"2025-01-28 10:00:00","2025-01-28 11:00:00",AA,129,129,0,0,26.852713178294575,0.0,10.852713178294573
"2025-01-28 10:00:00","2025-01-28 11:00:00",DL,146,146,0,0,5.890410958904109,0.0,16.438356164383563
"2025-01-28 10:00:00","2025-01-28 11:00:00",UA,111,111,0,0,-1.5855855855855856,0.0,7.207207207207207
"2025-01-28 10:00:00","2025-01-28 11:00:00",WN,201,201,0,0,-1.5124378109452736,0.0,4.477611940298507
"2025-01-28 11:00:00","2025-01-28 12:00:00",AA,142,142,0,0,-2.288732394366197,0.0,3.5211267605633805
"2025-01-28 11:00:00","2025-01-28 12:00:00",DL,173,173,0,0,1.069364161849711,0.0,10.982658959537572
"2025-01-28 11:00:00","2025-01-28 12:00:00",UA,116,116,0,0,-1.5172413793103448,0.0,7.758620689655173
"2025-01-28 11:00:00","2025-01-28 12:00:00",WN,262,262,0,0,-2.7061068702290076,0.0,3.053435114503817
"2025-01-28 12:00:00","2025-01-28 13:00:00",AA,124,124,0,0,2.3870967741935485,0.0,11.290322580645162
"2025-01-28 12:00:00","2025-01-28 13:00:00",DL,155,155,0,0,2.0387096774193547,0.0,11.612903225806452
"2025-01-28 12:00:00","2025-01-28 13:00:00",UA,128,127,0,1,-3.8359375,0.0,3.125
"2025-01-28 12:00:00","2025-01-28 13:00:00",WN,179,179,0,0,-2.553072625698324,0.0,3.35195530726257
"2025-01-28 13:00:00","2025-01-28 14:00:00",AA,124,124,0,0,-0.9032258064516129,0.0,8.064516129032258
"2025-01-28 13:00:00","2025-01-28 14:00:00",DL,134,134,0,0,1.8880597014925373,0.0,11.194029850746269
"2025-01-28 13:00:00","2025-01-28 14:00:00",UA,123,122,1,0,0.6229508196721312,0.8130081300813008,7.377049180327869
"2025-01-28 13:00:00","2025-01-28 14:00:00",WN,241,239,0,2,-1.7178423236514522,0.0,5.394190871369295
"2025-01-28 14:00:00","2025-01-28 15:00:00",AA,128,128,0,0,0.6171875,0.0,8.59375
"2025-01-28 14:00:00","2025-01-28 15:00:00",DL,117,117,0,0,-1.3162393162393162,0.0,6.837606837606837
"2025-01-28 14:00:00","2025-01-28 15:00:00",UA,110,109,1,0,-4.0,0.9090909090909091,4.587155963302752
"2025-01-28 14:00:00","2025-01-28 15:00:00",WN,214,214,0,0,-3.0841121495327104,0.0,3.7383177570093458
"2025-01-28 15:00:00","2025-01-28 16:00:00",AA,109,109,0,0,-1.9908256880733946,0.0,6.422018348623853
"2025-01-28 15:00:00","2025-01-28 16:00:00",DL,162,161,0,1,-0.7530864197530864,0.0,8.024691358024691
"2025-01-28 15:00:00","2025-01-28 16:00:00",UA,79,79,0,0,-2.3164556962025316,0.0,8.860759493670885
"2025-01-28 15:00:00","2025-01-28 16:00:00",WN,218,218,0,0,-3.1376146788990824,0.0,3.2110091743119265
"2025-01-28 16:00:00","2025-01-28 17:00:00",AA,125,125,0,0,-1.792,0.0,4.8
"2025-01-28 16:00:00","2025-01-28 17:00:00",DL,115,115,0,0,-1.4869565217391305,0.0,7.826086956521739
"2025-01-28 16:00:00","2025-01-28 17:00:00",UA,116,116,0,0,-2.9310344827586206,0.0,5.172413793103448
"2025-01-28 16:00:00","2025-01-28 17:00:00",WN,209,209,0,0,-1.2535885167464116,0.0,6.698564593301436
"2025-01-28 17:00:00","2025-01-28 18:00:00",AA,148,148,0,0,-0.6959459459459459,0.0,8.108108108108109
"2025-01-28 17:00:00","2025-01-28 18:00:00",DL,168,168,0,0,-3.619047619047619,0.0,5.357142857142857
"2025-01-28 17:00:00","2025-01-28 18:00:00",UA,138,138,0,0,1.3333333333333333,0.0,8.695652173913043
"2025-01-28 17:00:00","2025-01-28 18:00:00",WN,198,198,0,0,-2.176767676767677,0.0,7.070707070707071
"2025-01-28 18:00:00","2025-01-28 19:00:00",AA,137,137,0,0,10.496350364963504,0.0,10.218978102189782
"2025-01-28 18:00:00","2025-01-28 19:00:00",DL,138,138,0,0,-3.2028985507246377,0.0,5.072463768115942
"2025-01-28 18:00:00","2025-01-28 19:00:00",UA,118,118,0,0,0.19491525423728814,0.0,9.322033898305085
"2025-01-28 18:00:00","2025-01-28 19:00:00",WN,264,264,0,0,-3.4734848484848486,0.0,1.893939393939394
"2025-01-28 19:00:00","2025-01-28 20:00:00",AA,103,103,0,0,8.145631067961165,0.0,13.592233009708737
"2025-01-28 19:00:00","2025-01-28 20:00:00",DL,103,103,0,0,-4.174757281553398,0.0,7.766990291262136
"2025-01-28 19:00:00","2025-01-28 20:00:00",UA,92,92,0,0,-1.5543478260869565,0.0,8.695652173913043
"2025-01-28 19:00:00","2025-01-28 20:00:00",WN,118,118,0,0,-2.3559322033898304,0.0,6.779661016949152
"2025-01-28 20:00:00","2025-01-28 21:00:00",AA,72,72,0,0,7.236111111111111,0.0,6.944444444444445
"2025-01-28 20:00:00","2025-01-28 21:00:00",DL,63,63,0,0,-0.2222222222222222,0.0,9.523809523809524
"2025-01-28 20:00:00","2025-01-28 21:00:00",UA,74,74,0,0,-4.513513513513513,0.0,4.054054054054054
"2025-01-28 20:00:00","2025-01-28 21:00:00",WN,166,166,0,0,-4.674698795180723,0.0,1.2048192771084338
"2025-01-28 21:00:00","2025-01-28 22:00:00",AA,76,76,0,0,2.960526315789474,0.0,15.789473684210526
"2025-01-28 21:00:00","2025-01-28 22:00:00",DL,65,65,0,0,-1.323076923076923,0.0,10.76923076923077
"2025-01-28 21:00:00","2025-01-28 22:00:00",UA,23,23,0,0,-1.7391304347826086,0.0,4.3478260869565215
"2025-01-28 21:00:00","2025-01-28 22:00:00",WN,15,15,0,0,8.266666666666667,0.0,26.666666666666668
"2025-01-28 22:00:00","2025-01-28 23:00:00",AA,56,56,0,0,-6.625,0.0,1.7857142857142858
"2025-01-28 22:00:00","2025-01-28 23:00:00",DL,83,83,0,0,-5.108433734939759,0.0,2.4096385542168677
"2025-01-28 22:00:00","2025-01-28 23:00:00",UA,21,21,0,0,1.619047619047619,0.0,14.285714285714286
"2025-01-28 23:00:00","2025-01-29 00:00:00",AA,19,19,0,0,2.8947368421052633,0.0,21.05263157894737
"2025-01-28 23:00:00","2025-01-29 00:00:00",DL,19,19,0,0,-7.0,0.0,0.0
"2025-01-28 23:00:00","2025-01-29 00:00:00",UA,24,24,0,0,3.0833333333333335,0.0,16.666666666666668
"2025-01-29 00:00:00","2025-01-29 01:00:00",AA,5,5,0,0,-3.8,0.0,0.0
"2025-01-29 00:00:00","2025-01-29 01:00:00",DL,1,1,0,0,-10.0,0.0,0.0
"2025-01-29 00:00:00","2025-01-29 01:00:00",UA,3,3,0,0,-3.6666666666666665,0.0,0.0
"2025-01-29 01:00:00","2025-01-29 02:00:00",DL,2,2,0,0,1.0,0.0,0.0
"2025-01-29 01:00:00","2025-01-29 02:00:00",UA,1,1,0,0,4.0,0.0,0.0
"2025-01-29 02:00:00","2025-01-29 03:00:00",UA,1,1,0,0,-9.0,0.0,0.0
"2025-01-29 05:00:00","2025-01-29 06:00:00",AA,79,79,0,0,-3.2151898734177213,0.0,7.594936708860759
"2025-01-29 05:00:00","2025-01-29 06:00:00",DL,66,66,0,0,-1.393939393939394,0.0,7.575757575757576
"2025-01-29 05:00:00","2025-01-29 06:00:00",UA,25,25,0,0,1.4,0.0,8.0
"2025-01-29 05:00:00","2025-01-29 06:00:00",WN,29,29,0,0,-4.379310344827586,0.0,0.0
"2025-01-29 06:00:00","2025-01-29 07:00:00",AA,167,167,0,0,4.706586826347305,0.0,7.18562874251497
"2025-01-29 06:00:00","2025-01-29 07:00:00",DL,176,175,0,1,-4.659090909090909,0.0,3.977272727272727
"2025-01-29 06:00:00","2025-01-29 07:00:00",UA,110,110,0,0,-2.090909090909091,0.0,7.2727272727272725
"2025-01-29 06:00:00","2025-01-29 07:00:00",WN,223,222,1,0,-4.13963963963964,0.4484304932735426,0.9009009009009009
"2025-01-29 07:00:00","2025-01-29 08:00:00",AA,159,158,1,0,2.240506329113924,0.6289308176100629,6.329113924050633
"2025-01-29 07:00:00","2025-01-29 08:00:00",DL,213,212,0,1,-3.023474178403756,0.0,4.225352112676056
"2025-01-29 07:00:00","2025-01-29 08:00:00",UA,152,151,0,1,-0.9407894736842105,0.0,5.921052631578948
"2025-01-29 07:00:00","2025-01-29 08:00:00",WN,187,185,0,2,-2.834224598930481,0.0,2.1390374331550803
"2025-01-29 08:00:00","2025-01-29 09:00:00",AA,181,180,1,0,1.1444444444444444,0.5524861878453039,5.0
"2025-01-29 08:00:00","2025-01-29 09:00:00",DL,172,171,0,1,-2.6569767441860463,0.0,6.976744186046512
"2025-01-29 08:00:00","2025-01-29 09:00:00",UA,175,175,0,0,-2.7885714285714287,0.0,4.571428571428571
"2025-01-29 08:00:00","2025-01-29 09:00:00",WN,242,242,0,0,-2.549586776859504,0.0,3.3057851239669422
"2025-01-29 09:00:00","2025-01-29 10:00:00",AA,133,133,0,0,-1.037593984962406,0.0,7.518796992481203
"2025-01-29 09:00:00","2025-01-29 10:00:00",DL,119,119,0,0,3.1176470588235294,0.0,8.403361344537815
"2025-01-29 09:00:00","2025-01-29 10:00:00",UA,141,141,0,0,0.5673758865248227,0.0,7.092198581560283
"2025-01-29 09:00:00","2025-01-29 10:00:00",WN,232,232,0,0,-2.1594827586206895,0.0,2.586206896551724
"2025-01-29 10:00:00","2025-01-29 11:00:00",AA,130,130,0,0,2.9307692307692306,0.0,9.23076923076923
"2025-01-29 10:00:00","2025-01-29 11:00:00",DL,145,144,1,0,1.3541666666666667,0.6896551724137931,6.944444444444445
"2025-01-29 10:00:00","2025-01-29 11:00:00",UA,110,110,0,0,-0.045454545454545456,0.0,10.909090909090908
"2025-01-29 10:00:00","2025-01-29 11:00:00",WN,199,199,0,0,-1.2160804020100502,0.0,3.5175879396984926
"2025-01-29 11:00:00","2025-01-29 12:00:00",AA,142,141,1,0,1.6950354609929077,0.704225352112676,9.21985815602837
"2025-01-29 11:00:00","2025-01-29 12:00:00",DL,173,173,0,0,-1.9190751445086704,0.0,6.358381502890174
"2025-01-29 11:00:00","2025-01-29 12:00:00",UA,115,115,0,0,-1.008695652173913,0.0,6.956521739130435
"2025-01-29 11:00:00","2025-01-29 12:00:00",WN,262,262,0,0,0.3893129770992366,0.0,6.488549618320611
"2025-01-29 12:00:00","2025-01-29 13:00:00",AA,131,131,0,0,1.900763358778626,0.0,9.923664122137405
"2025-01-29 12:00:00","2025-01-29 13:00:00",DL,161,161,0,0,-0.8881987577639752,0.0,7.453416149068323
"2025-01-29 12:00:00","2025-01-29 13:00:00",UA,130,130,0,0,1.623076923076923,0.0,12.307692307692308
"2025-01-29 12:00:00","2025-01-29 13:00:00",WN,180,180,0,0,-0.37777777777777777,0.0,5.0
"2025-01-29 13:00:00","2025-01-29 14:00:00",AA,119,119,0,0,1.5798319327731092,0.0,6.722689075630252
"2025-01-29 13:00:00","2025-01-29 14:00:00",DL,136,136,0,0,-0.8529411764705882,0.0,6.617647058823529
"2025-01-29 13:00:00","2025-01-29 14:00:00",UA,128,128,0,0,6.125,0.0,12.5
"2025-01-29 13:00:00","2025-01-29 14:00:00",WN,240,240,0,0,-0.6708333333333333,0.0,4.583333333333333
"2025-01-29 14:00:00","2025-01-29 15:00:00",AA,134,132,0,2,0.4701492537313433,0.0,8.208955223880597
"2025-01-29 14:00:00","2025-01-29 15:00:00",DL,121,121,0,0,-1.9090909090909092,0.0,8.264462809917354
"2025-01-29 14:00:00","2025-01-29 15:00:00",UA,114,114,0,0,2.807017543859649,0.0,14.035087719298245
"2025-01-29 14:00:00","2025-01-29 15:00:00",WN,218,218,0,0,-1.2706422018348624,0.0,4.587155963302752
"2025-01-29 15:00:00","2025-01-29 16:00:00",AA,118,117,0,1,3.830508474576271,0.0,11.864406779661017
"2025-01-29 15:00:00","2025-01-29 16:00:00",DL,161,161,0,0,8.031055900621118,0.0,11.180124223602485
"2025-01-29 15:00:00","2025-01-29 16:00:00",UA,83,83,0,0,1.6626506024096386,0.0,13.25301204819277
"2025-01-29 15:00:00","2025-01-29 16:00:00",WN,227,226,0,1,-0.8854625550660793,0.0,3.5242290748898677
"2025-01-29 16:00:00","2025-01-29 17:00:00",AA,127,122,2,3,1.08,1.5748031496062993,10.4
"2025-01-29 16:00:00","2025-01-29 17:00:00",DL,114,114,0,0,3.456140350877193,0.0,9.649122807017545
"2025-01-29 16:00:00","2025-01-29 17:00:00",UA,117,117,0,0,-2.47008547008547,0.0,5.982905982905983
"2025-01-29 16:00:00","2025-01-29 17:00:00",WN,209,209,0,0,-1.076555023923445,0.0,6.698564593301436
"2025-01-29 17:00:00","2025-01-29 18:00:00",AA,155,149,2,4,4.006535947712418,1.2903225806451613,11.11111111111111
"2025-01-29 17:00:00","2025-01-29 18:00:00",DL,166,165,0,1,4.409638554216867,0.0,7.831325301204819
"2025-01-29 17:00:00","2025-01-29 18:00:00",UA,141,141,0,0,3.368794326241135,0.0,11.347517730496454
"2025-01-29 17:00:00","2025-01-29 18:00:00",WN,196,196,0,0,1.163265306122449,0.0,6.63265306122449
"2025-01-29 18:00:00","2025-01-29 19:00:00",AA,137,128,3,6,15.955223880597014,2.18978102189781,13.432835820895523
"2025-01-29 18:00:00","2025-01-29 19:00:00",DL,138,136,0,2,0.13043478260869565,0.0,8.695652173913043
"2025-01-29 18:00:00","2025-01-29 19:00:00",UA,127,126,0,1,-2.858267716535433,0.0,4.724409448818897
"2025-01-29 18:00:00","2025-01-29 19:00:00",WN,263,261,0,2,-0.5019011406844106,0.0,6.844106463878327
"2025-01-29 19:00:00","2025-01-29 20:00:00",AA,107,93,8,6,27.050505050505052,7.4766355140186915,27.272727272727273
"2025-01-29 19:00:00","2025-01-29 20:00:00",DL,105,102,0,3,9.123809523809523,0.0,12.380952380952381
"2025-01-29 19:00:00","2025-01-29 20:00:00",UA,99,98,0,1,1.7272727272727273,0.0,9.090909090909092
"2025-01-29 19:00:00","2025-01-29 20:00:00",WN,118,114,2,2,-0.8706896551724138,1.694915254237288,7.758620689655173
"2025-01-29 20:00:00","2025-01-29 21:00:00",AA,78,73,5,0,9.095890410958905,6.410256410256411,17.80821917808219
"2025-01-29 20:00:00","2025-01-29 21:00:00",DL,67,63,3,1,0.75,4.477611940298507,12.5
"2025-01-29 20:00:00","2025-01-29 21:00:00",UA,80,80,0,0,2.2125,0.0,7.5
"2025-01-29 20:00:00","2025-01-29 21:00:00",WN,163,158,3,2,1.375,1.8404907975460123,11.25
"2025-01-29 21:00:00","2025-01-29 22:00:00",AA,78,58,20,0,34.706896551724135,25.641025641025642,43.10344827586207
"2025-01-29 21:00:00","2025-01-29 22:00:00",DL,67,65,1,1,16.651515151515152,1.492537313432836,12.121212121212121
"2025-01-29 21:00:00","2025-01-29 22:00:00",UA,27,26,0,1,1.2222222222222223,0.0,11.11111111111111
"2025-01-29 21:00:00","2025-01-29 22:00:00",WN,15,14,1,0,5.857142857142857,6.666666666666667,14.285714285714286
"2025-01-29 22:00:00","2025-01-29 23:00:00",AA,53,48,5,0,4.6875,9.433962264150944,16.666666666666668
"2025-01-29 22:00:00","2025-01-29 23:00:00",DL,82,82,0,0,0.35365853658536583,0.0,7.317073170731708
"2025-01-29 22:00:00","2025-01-29 23:00:00",UA,26,26,0,0,-5.8076923076923075,0.0,0.0
"2025-01-29 23:00:00","2025-01-30 00:00:00",AA,20,18,2,0,0.5,10.0,5.555555555555555
"2025-01-29 23:00:00","2025-01-30 00:00:00",DL,20,20,0,0,-1.4,0.0,5.0
"2025-01-29 23:00:00","2025-01-30 00:00:00",UA,27,27,0,0,-5.481481481481482,0.0,7.407407407407407
"2025-01-30 00:00:00","2025-01-30 01:00:00",AA,7,6,1,0,0.6666666666666666,14.285714285714286,16.666666666666668
"2025-01-30 00:00:00","2025-01-30 01:00:00",DL,1,1,0,0,-9.0,0.0,0.0
"2025-01-30 00:00:00","2025-01-30 01:00:00",UA,3,3,0,0,-3.0,0.0,0.0
"2025-01-30 01:00:00","2025-01-30 02:00:00",DL,2,2,0,0,31.0,0.0,50.0
"2025-01-30 01:00:00","2025-01-30 02:00:00",UA,1,1,0,0,-9.0,0.0,0.0
"2025-01-30 02:00:00","2025-01-30 03:00:00",UA,1,1,0,0,3.0,0.0,0.0
"2025-01-30 05:00:00","2025-01-30 06:00:00",AA,104,75,29,0,37.92,27.884615384615383,12.0
"2025-01-30 05:00:00","2025-01-30 06:00:00",DL,68,68,0,0,11.294117647058824,0.0,5.882352941176471
"2025-01-30 05:00:00","2025-01-30 06:00:00",UA,25,25,0,0,-5.2,0.0,4.0
"2025-01-30 05:00:00","2025-01-30 06:00:00",WN,29,29,0,0,0.6896551724137931,0.0,3.4482758620689653
"2025-01-30 06:00:00","2025-01-30 07:00:00",AA,172,154,18,0,8.577922077922079,10.465116279069768,5.8441558441558445
"2025-01-30 06:00:00","2025-01-30 07:00:00",DL,182,178,4,0,1.5561797752808988,2.197802197802198,7.303370786516854
"2025-01-30 06:00:00","2025-01-30 07:00:00",UA,113,110,3,0,-4.781818181818182,2.6548672566371683,3.6363636363636362
"2025-01-30 06:00:00","2025-01-30 07:00:00",WN,219,211,8,0,-0.35545023696682465,3.65296803652968,1.8957345971563981
"2025-01-30 07:00:00","2025-01-30 08:00:00",AA,206,177,29,0,6.101694915254237,14.077669902912621,9.03954802259887
"2025-01-30 07:00:00","2025-01-30 08:00:00",DL,226,220,4,2,4.333333333333333,1.7699115044247788,5.8558558558558556
"2025-01-30 07:00:00","2025-01-30 08:00:00",UA,172,171,1,0,-2.91812865497076,0.5813953488372093,2.9239766081871346
"2025-01-30 07:00:00","2025-01-30 08:00:00",WN,190,182,4,4,-0.5698924731182796,2.1052631578947367,3.763440860215054
"2025-01-30 08:00:00","2025-01-30 09:00:00",AA,187,157,29,1,9.531645569620252,15.508021390374331,8.227848101265822
"2025-01-30 08:00:00","2025-01-30 09:00:00",DL,173,171,0,2,2.861271676300578,0.0,6.358381502890174
"2025-01-30 08:00:00","2025-01-30 09:00:00",UA,178,175,2,1,-1.7897727272727273,1.1235955056179776,5.681818181818182
"2025-01-30 08:00:00","2025-01-30 09:00:00",WN,244,241,3,0,-0.016597510373443983,1.2295081967213115,7.468879668049793
"2025-01-30 09:00:00","2025-01-30 10:00:00",AA,130,119,11,0,16.41176470588235,8.461538461538462,12.605042016806722
"2025-01-30 09:00:00","2025-01-30 10:00:00",DL,127,125,2,0,2.352,1.5748031496062993,8.0
"2025-01-30 09:00:00","2025-01-30 10:00:00",UA,156,155,0,1,4.25,0.0,16.025641025641026
"2025-01-30 09:00:00","2025-01-30 10:00:00",WN,235,232,1,2,4.641025641025641,0.425531914893617,9.401709401709402
"2025-01-30 10:00:00","2025-01-30 11:00:00",AA,140,128,12,0,13.3359375,8.571428571428571,21.875
"2025-01-30 10:00:00","2025-01-30 11:00:00",DL,155,154,0,1,0.4,0.0,7.741935483870968
"2025-01-30 10:00:00","2025-01-30 11:00:00",UA,119,119,0,0,3.0756302521008405,0.0,7.563025210084033
"2025-01-30 10:00:00","2025-01-30 11:00:00",WN,198,196,2,0,4.341836734693878,1.0101010101010102,11.73469387755102
"2025-01-30 11:00:00","2025-01-30 12:00:00",AA,158,148,9,1,14.0,5.69620253164557,21.476510067114095
"2025-01-30 11:00:00","2025-01-30 12:00:00",DL,188,188,0,0,4.1063829787234045,0.0,10.106382978723405
"2025-01-30 11:00:00","2025-01-30 12:00:00",UA,117,116,1,0,1.6982758620689655,0.8547008547008547,9.482758620689655
"2025-01-30 11:00:00","2025-01-30 12:00:00",WN,263,257,5,1,4.182170542635659,1.9011406844106464,12.015503875968992
"2025-01-30 12:00:00","2025-01-30 13:00:00",AA,131,125,6,0,12.96,4.580152671755725,23.2
"2025-01-30 12:00:00","2025-01-30 13:00:00",DL,172,170,2,0,7.0,1.1627906976744187,18.235294117647058
"2025-01-30 12:00:00","2025-01-30 13:00:00",UA,135,135,0,0,6.2518518518518515,0.0,14.074074074074074
"2025-01-30 12:00:00","2025-01-30 13:00:00",WN,181,178,2,1,5.318435754189944,1.1049723756906078,10.05586592178771
"2025-01-30 13:00:00","2025-01-30 14:00:00",AA,140,134,6,0,14.14179104477612,4.285714285714286,22.388059701492537
"2025-01-30 13:00:00","2025-01-30 14:00:00",DL,146,144,1,1,7.6,0.684931506849315,11.03448275862069
"2025-01-30 13:00:00","2025-01-30 14:00:00",UA,132,131,0,1,6.484848484848484,0.0,18.939393939393938
"2025-01-30 13:00:00","2025-01-30 14:00:00",WN,242,238,4,0,4.705882352941177,1.6528925619834711,10.92436974789916
"2025-01-30 14:00:00","2025-01-30 15:00:00",AA,151,150,1,0,9.74,0.6622516556291391,22.666666666666668
"2025-01-30 14:00:00","2025-01-30 15:00:00",DL,129,127,1,1,1.4609375,0.7751937984496124,10.9375
"2025-01-30 14:00:00","2025-01-30 15:00:00",UA,114,114,0,0,7.385964912280702,0.0,14.035087719298245
"2025-01-30 14:00:00","2025-01-30 15:00:00",WN,215,212,3,0,6.570754716981132,1.3953488372093024,15.566037735849056
"2025-01-30 15:00:00","2025-01-30 16:00:00",AA,113,109,4,0,15.091743119266056,3.5398230088495577,26.605504587155963
"2025-01-30 15:00:00","2025-01-30 16:00:00",DL,179,177,2,0,5.762711864406779,1.1173184357541899,15.819209039548022
"2025-01-30 15:00:00","2025-01-30 16:00:00",UA,91,91,0,0,2.5714285714285716,0.0,13.186813186813186
"2025-01-30 15:00:00","2025-01-30 16:00:00",WN,223,220,3,0,6.277272727272727,1.345291479820628,14.545454545454545
"2025-01-30 16:00:00","2025-01-30 17:00:00",AA,154,151,3,0,22.39072847682119,1.948051948051948,25.165562913907284
"2025-01-30 16:00:00","2025-01-30 17:00:00",DL,131,131,0,0,4.190839694656488,0.0,14.50381679389313
"2025-01-30 16:00:00","2025-01-30 17:00:00",UA,124,122,0,2,12.137096774193548,0.0,19.35483870967742
"2025-01-30 16:00:00","2025-01-30 17:00:00",WN,208,204,4,0,6.455882352941177,1.9230769230769231,16.176470588235293
"2025-01-30 17:00:00","2025-01-30 18:00:00",AA,159,157,2,0,19.280254777070063,1.2578616352201257,29.936305732484076
"2025-01-30 17:00:00","2025-01-30 18:00:00",DL,166,163,3,0,0.44171779141104295,1.8072289156626506,11.656441717791411
"2025-01-30 17:00:00","2025-01-30 18:00:00",UA,145,143,2,0,8.13986013986014,1.3793103448275863,12.587412587412587
"2025-01-30 17:00:00","2025-01-30 18:00:00",WN,197,194,3,0,7.835051546391752,1.5228426395939085,20.61855670103093
"2025-01-30 18:00:00","2025-01-30 19:00:00",AA,166,166,0,0,12.367469879518072,0.0,24.698795180722893
"2025-01-30 18:00:00","2025-01-30 19:00:00",DL,153,153,0,0,18.81699346405229,0.0,15.032679738562091
"2025-01-30 18:00:00","2025-01-30 19:00:00",UA,140,139,0,1,4.5,0.0,12.857142857142858
"2025-01-30 18:00:00","2025-01-30 19:00:00",WN,261,259,2,0,5.8108108108108105,0.7662835249042146,13.127413127413128
"2025-01-30 19:00:00","2025-01-30 20:00:00",AA,147,147,0,0,12.877551020408163,0.0,31.292517006802722
"2025-01-30 19:00:00","2025-01-30 20:00:00",DL,144,144,0,0,4.472222222222222,0.0,13.194444444444445
"2025-01-30 19:00:00","2025-01-30 20:00:00",UA,104,103,0,1,2.375,0.0,7.6923076923076925
"2025-01-30 19:00:00","2025-01-30 20:00:00",WN,119,112,6,1,3.247787610619469,5.042016806722689,9.734513274336283
"2025-01-30 20:00:00","2025-01-30 21:00:00",AA,122,121,1,0,14.363636363636363,0.819672131147541,23.140495867768596
"2025-01-30 20:00:00","2025-01-30 21:00:00",DL,91,91,0,0,1.5164835164835164,0.0,9.89010989010989
"2025-01-30 20:00:00","2025-01-30 21:00:00",UA,82,81,1,0,6.839506172839506,1.2195121951219512,18.51851851851852
"2025-01-30 20:00:00","2025-01-30 21:00:00",WN,167,165,2,0,4.13939393939394,1.1976047904191616,16.96969696969697
"2025-01-30 21:00:00","2025-01-30 22:00:00",AA,81,78,1,2,10.725,1.2345679012345678,21.25
"2025-01-30 21:00:00","2025-01-30 22:00:00",DL,83,79,4,0,4.367088607594937,4.819277108433735,8.860759493670885
"2025-01-30 21:00:00","2025-01-30 22:00:00",UA,30,29,1,0,7.310344827586207,3.3333333333333335,20.689655172413794
"2025-01-30 21:00:00","2025-01-30 22:00:00",WN,15,15,0,0,9.333333333333334,0.0,26.666666666666668
"2025-01-30 22:00:00","2025-01-30 23:00:00",AA,89,88,1,0,10.943181818181818,1.1235955056179776,20.454545454545453
"2025-01-30 22:00:00","2025-01-30 23:00:00",DL,87,86,1,0,0.011627906976744186,1.1494252873563218,10.465116279069768
"2025-01-30 22:00:00","2025-01-30 23:00:00",UA,25,24,1,0,-1.4583333333333333,4.0,8.333333333333334
"2025-01-30 23:00:00","2025-01-31 00:00:00",AA,27,27,0,0,0.07407407407407407,0.0,7.407407407407407
"2025-01-30 23:00:00","2025-01-31 00:00:00",DL,26,25,1,0,33.84,3.8461538461538463,8.0
"2025-01-30 23:00:00","2025-01-31 00:00:00",UA,30,30,0,0,2.066666666666667,0.0,6.666666666666667
"2025-01-31 00:00:00","2025-01-31 01:00:00",AA,7,7,0,0,-0.2857142857142857,0.0,0.0
"2025-01-31 00:00:00","2025-01-31 01:00:00",DL,1,1,0,0,-15.0,0.0,0.0
"2025-01-31 00:00:00","2025-01-31 01:00:00",UA,3,3,0,0,-8.666666666666666,0.0,0.0
"2025-01-31 01:00:00","2025-01-31 02:00:00",AA,1,1,0,0,13.0,0.0,0.0
"2025-01-31 01:00:00","2025-01-31 02:00:00",DL,2,2,0,0,-4.5,0.0,0.0
"2025-01-31 01:00:00","2025-01-31 02:00:00",UA,1,1,0,0,-14.0,0.0,0.0
"2025-01-31 02:00:00","2025-01-31 03:00:00",UA,1,1,0,0,-14.0,0.0,0.0
"2025-01-31 05:00:00","2025-01-31 06:00:00",AA,100,100,0,0,5.48,0.0,8.0
"2025-01-31 05:00:00","2025-01-31 06:00:00",DL,66,66,0,0,-1.5151515151515151,0.0,3.0303030303030303
"2025-01-31 05:00:00","2025-01-31 06:00:00",UA,25,25,0,0,13.28,0.0,12.0
"2025-01-31 05:00:00","2025-01-31 06:00:00",WN,29,28,0,1,4.379310344827586,0.0,6.896551724137931
"2025-01-31 06:00:00","2025-01-31 07:00:00",AA,178,178,0,0,8.601123595505618,0.0,11.235955056179776
"2025-01-31 06:00:00","2025-01-31 07:00:00",DL,183,183,0,0,0.9836065573770492,0.0,9.289617486338798
"2025-01-31 06:00:00","2025-01-31 07:00:00",UA,112,112,0,0,-1.4732142857142858,0.0,3.5714285714285716
"2025-01-31 06:00:00","2025-01-31 07:00:00",WN,224,220,3,1,5.104072398190045,1.3392857142857142,9.95475113122172
"2025-01-31 07:00:00","2025-01-31 08:00:00",AA,207,207,0,0,7.42512077294686,0.0,5.797101449275362
"2025-01-31 07:00:00","2025-01-31 08:00:00",DL,227,227,0,0,6.105726872246696,0.0,10.572687224669604
"2025-01-31 07:00:00","2025-01-31 08:00:00",UA,172,171,1,0,-2.473684210526316,0.5813953488372093,5.2631578947368425
"2025-01-31 07:00:00","2025-01-31 08:00:00",WN,190,190,0,0,3.705263157894737,0.0,10.526315789473685
"2025-01-31 08:00:00","2025-01-31 09:00:00",AA,190,190,0,0,2.9263157894736844,0.0,9.473684210526315
"2025-01-31 08:00:00","2025-01-31 09:00:00",DL,172,172,0,0,8.063953488372093,0.0,10.465116279069768
"2025-01-31 08:00:00","2025-01-31 09:00:00",UA,181,179,2,0,0.5251396648044693,1.1049723756906078,3.35195530726257
"2025-01-31 08:00:00","2025-01-31 09:00:00",WN,243,239,4,0,4.481171548117155,1.646090534979424,10.878661087866108
"2025-01-31 09:00:00","2025-01-31 10:00:00",AA,132,132,0,0,4.212121212121212,0.0,12.121212121212121
"2025-01-31 09:00:00","2025-01-31 10:00:00",DL,124,124,0,0,3.2338709677419355,0.0,10.483870967741936
"2025-01-31 09:00:00","2025-01-31 10:00:00",UA,157,157,0,0,3.5477707006369426,0.0,11.464968152866241
"2025-01-31 09:00:00","2025-01-31 10:00:00",WN,233,231,2,0,1.5541125541125542,0.8583690987124464,6.4935064935064934
"2025-01-31 10:00:00","2025-01-31 11:00:00",AA,136,136,0,0,1.338235294117647,0.0,5.882352941176471
"2025-01-31 10:00:00","2025-01-31 11:00:00",DL,156,155,1,0,1.4322580645161291,0.6410256410256411,9.67741935483871
"2025-01-31 10:00:00","2025-01-31 11:00:00",UA,115,115,0,0,5.956521739130435,0.0,16.52173913043478
"2025-01-31 10:00:00","2025-01-31 11:00:00",WN,200,199,1,0,4.944723618090452,0.5,14.07035175879397
"2025-01-31 11:00:00","2025-01-31 12:00:00",AA,154,154,0,0,12.779220779220779,0.0,14.285714285714286
"2025-01-31 11:00:00","2025-01-31 12:00:00",DL,185,185,0,0,3.691891891891892,0.0,9.18918918918919
"2025-01-31 11:00:00","2025-01-31 12:00:00",UA,116,116,0,0,3.1982758620689653,0.0,11.206896551724139
"2025-01-31 11:00:00","2025-01-31 12:00:00",WN,261,260,0,1,1.9731800766283525,0.0,7.2796934865900385
"2025-01-31 12:00:00","2025-01-31 13:00:00",AA,136,136,0,0,8.022058823529411,0.0,18.38235294117647
"2025-01-31 12:00:00","2025-01-31 13:00:00",DL,170,170,0,0,9.405882352941177,0.0,15.882352941176471
"2025-01-31 12:00:00","2025-01-31 13:00:00",UA,134,134,0,0,4.723880597014926,0.0,16.417910447761194
"2025-01-31 12:00:00","2025-01-31 13:00:00",WN,177,176,1,0,6.170454545454546,0.5649717514124294,12.5
"2025-01-31 13:00:00","2025-01-31 14:00:00",AA,134,133,0,1,8.91044776119403,0.0,15.671641791044776
"2025-01-31 13:00:00","2025-01-31 14:00:00",DL,146,145,1,0,3.793103448275862,0.684931506849315,13.10344827586207
"2025-01-31 13:00:00","2025-01-31 14:00:00",UA,132,132,0,0,6.446969696969697,0.0,17.424242424242426
"2025-01-31 13:00:00","2025-01-31 14:00:00",WN,242,240,0,2,5.1735537190082646,0.0,14.87603305785124
"2025-01-31 14:00:00","2025-01-31 15:00:00",AA,146,146,0,0,4.691780821917808,0.0,10.95890410958904
"2025-01-31 14:00:00","2025-01-31 15:00:00",DL,128,128,0,0,3.0,0.0,14.84375
"2025-01-31 14:00:00","2025-01-31 15:00:00",UA,115,115,0,0,2.617391304347826,0.0,13.043478260869565
"2025-01-31 14:00:00","2025-01-31 15:00:00",WN,219,219,0,0,6.812785388127854,0.0,18.264840182648403
"2025-01-31 15:00:00","2025-01-31 16:00:00",AA,116,116,0,0,10.991379310344827,0.0,16.379310344827587
"2025-01-31 15:00:00","2025-01-31 16:00:00",DL,177,176,0,1,5.864406779661017,0.0,16.949152542372882
"2025-01-31 15:00:00","2025-01-31 16:00:00",UA,92,92,0,0,6.554347826086956,0.0,17.391304347826086
"2025-01-31 15:00:00","2025-01-31 16:00:00",WN,226,225,0,1,8.41150442477876,0.0,17.256637168141594
"2025-01-31 16:00:00","2025-01-31 17:00:00",AA,139,138,0,1,2.4244604316546763,0.0,10.79136690647482
"2025-01-31 16:00:00","2025-01-31 17:00:00",DL,130,130,0,0,13.861538461538462,0.0,25.384615384615383
"2025-01-31 16:00:00","2025-01-31 17:00:00",UA,124,123,0,1,5.459677419354839,0.0,8.870967741935484
"2025-01-31 16:00:00","2025-01-31 17:00:00",WN,209,209,0,0,7.114832535885167,0.0,16.267942583732058
"2025-01-31 17:00:00","2025-01-31 18:00:00",AA,158,158,0,0,3.9683544303797467,0.0,13.291139240506329
"2025-01-31 17:00:00","2025-01-31 18:00:00",DL,168,167,0,1,15.619047619047619,0.0,19.047619047619047
"2025-01-31 17:00:00","2025-01-31 18:00:00",UA,146,146,0,0,5.198630136986301,0.0,15.753424657534246
"2025-01-31 17:00:00","2025-01-31 18:00:00",WN,197,197,0,0,6.177664974619289,0.0,12.690355329949238
"2025-01-31 18:00:00","2025-01-31 19:00:00",AA,142,142,0,0,2.4014084507042255,0.0,10.56338028169014
"2025-01-31 18:00:00","2025-01-31 19:00:00",DL,152,152,0,0,9.644736842105264,0.0,23.026315789473685
"2025-01-31 18:00:00","2025-01-31 19:00:00",UA,142,142,0,0,7.211267605633803,0.0,23.943661971830984
"2025-01-31 18:00:00","2025-01-31 19:00:00",WN,262,262,0,0,7.5534351145038165,0.0,20.229007633587788
"2025-01-31 19:00:00","2025-01-31 20:00:00",AA,112,112,0,0,6.678571428571429,0.0,16.071428571428573
"2025-01-31 19:00:00","2025-01-31 20:00:00",DL,139,138,1,0,13.18840579710145,0.7194244604316546,23.18840579710145
"2025-01-31 19:00:00","2025-01-31 20:00:00",UA,102,101,0,1,2.9215686274509802,0.0,13.72549019607843
"2025-01-31 19:00:00","2025-01-31 20:00:00",WN,116,116,0,0,8.10344827586207,0.0,18.103448275862068
"2025-01-31 20:00:00","2025-01-31 21:00:00",AA,84,84,0,0,10.630952380952381,0.0,22.61904761904762
"2025-01-31 20:00:00","2025-01-31 21:00:00",DL,91,91,0,0,3.5494505494505493,0.0,16.483516483516482
"2025-01-31 20:00:00","2025-01-31 21:00:00",UA,82,82,0,0,2.7439024390243905,0.0,13.414634146341463
"2025-01-31 20:00:00","2025-01-31 21:00:00",WN,167,167,0,0,2.856287425149701,0.0,10.778443113772456
"2025-01-31 21:00:00","2025-01-31 22:00:00",AA,83,83,0,0,7.518072289156627,0.0,19.27710843373494
"2025-01-31 21:00:00","2025-01-31 22:00:00",DL,85,84,1,0,5.821428571428571,1.1764705882352942,17.857142857142858
"2025-01-31 21:00:00","2025-01-31 22:00:00",UA,30,30,0,0,9.866666666666667,0.0,13.333333333333334
"2025-01-31 21:00:00","2025-01-31 22:00:00",WN,15,15,0,0,8.2,0.0,26.666666666666668
"2025-01-31 22:00:00","2025-01-31 23:00:00",AA,56,56,0,0,14.767857142857142,0.0,16.071428571428573
"2025-01-31 22:00:00","2025-01-31 23:00:00",DL,90,90,0,0,12.855555555555556,0.0,14.444444444444445
"2025-01-31 22:00:00","2025-01-31 23:00:00",UA,25,25,0,0,-1.64,0.0,0.0
"2025-01-31 23:00:00","2025-02-01 00:00:00",AA,21,21,0,0,6.142857142857143,0.0,14.285714285714286
"2025-01-31 23:00:00","2025-02-01 00:00:00",DL,25,25,0,0,1.52,0.0,12.0
"2025-01-31 23:00:00","2025-02-01 00:00:00",UA,30,30,0,0,0.9333333333333333,0.0,6.666666666666667
"2025-02-01 00:00:00","2025-02-01 01:00:00",AA,5,5,0,0,-2.0,0.0,0.0
"2025-02-01 00:00:00","2025-02-01 01:00:00",DL,1,1,0,0,-11.0,0.0,0.0
"2025-02-01 00:00:00","2025-02-01 01:00:00",UA,3,3,0,0,17.666666666666668,0.0,33.333333333333336
"2025-02-01 01:00:00","2025-02-01 02:00:00",DL,2,2,0,0,-8.5,0.0,0.0
"2025-02-01 01:00:00","2025-02-01 02:00:00",UA,1,1,0,0,-8.0,0.0,0.0
"2025-02-01 02:00:00","2025-02-01 03:00:00",UA,1,1,0,0,4.0,0.0,0.0
"2025-02-01 05:00:00","2025-02-01 06:00:00",AA,81,81,0,0,-0.32098765432098764,0.0,7.407407407407407
"2025-02-01 05:00:00","2025-02-01 06:00:00",DL,58,57,0,1,10.758620689655173,0.0,6.896551724137931
"2025-02-01 05:00:00","2025-02-01 06:00:00",UA,24,24,0,0,3.375,0.0,8.333333333333334
"2025-02-01 05:00:00","2025-02-01 06:00:00",WN,56,56,0,0,-0.26785714285714285,0.0,7.142857142857143
"2025-02-01 06:00:00","2025-02-01 07:00:00",AA,164,164,0,0,4.323170731707317,0.0,5.487804878048781
"2025-02-01 06:00:00","2025-02-01 07:00:00",DL,168,168,0,0,3.2797619047619047,0.0,5.357142857142857
"2025-02-01 06:00:00","2025-02-01 07:00:00",UA,108,108,0,0,9.87962962962963,0.0,12.962962962962964
"2025-02-01 06:00:00","2025-02-01 07:00:00",WN,193,193,0,0,-3.1036269430051813,0.0,3.626943005181347
"2025-02-01 07:00:00","2025-02-01 08:00:00",AA,152,151,0,1,0.8092105263157895,0.0,6.578947368421052
"2025-02-01 07:00:00","2025-02-01 08:00:00",DL,192,192,0,0,3.0364583333333335,0.0,8.333333333333334
"2025-02-01 07:00:00","2025-02-01 08:00:00",UA,159,159,0,0,0.34591194968553457,0.0,6.918238993710692
"2025-02-01 07:00:00","2025-02-01 08:00:00",WN,197,196,0,1,-0.934010152284264,0.0,3.045685279187817
"2025-02-01 08:00:00","2025-02-01 09:00:00",AA,175,175,0,0,21.377142857142857,0.0,12.571428571428571
"2025-02-01 08:00:00","2025-02-01 09:00:00",DL,149,149,0,0,1.4026845637583893,0.0,8.053691275167786
"2025-02-01 08:00:00","2025-02-01 09:00:00",UA,163,163,0,0,5.208588957055214,0.0,7.975460122699387
"2025-02-01 08:00:00","2025-02-01 09:00:00",WN,233,233,0,0,-0.6781115879828327,0.0,3.4334763948497855
"2025-02-01 09:00:00","2025-02-01 10:00:00",AA,119,118,0,1,12.285714285714286,0.0,9.243697478991596
"2025-02-01 09:00:00","2025-02-01 10:00:00",DL,113,113,0,0,2.2123893805309733,0.0,10.619469026548673
"2025-02-01 09:00:00","2025-02-01 10:00:00",UA,131,130,0,1,6.931297709923665,0.0,10.687022900763358
"2025-02-01 09:00:00","2025-02-01 10:00:00",WN,220,220,0,0,-0.004545454545454545,0.0,6.363636363636363
"2025-02-01 10:00:00","2025-02-01 11:00:00",AA,119,119,0,0,4.008403361344538,0.0,7.563025210084033
"2025-02-01 10:00:00","2025-02-01 11:00:00",DL,124,124,0,0,8.959677419354838,0.0,12.096774193548388
"2025-02-01 10:00:00","2025-02-01 11:00:00",UA,109,108,0,1,4.844036697247707,0.0,15.596330275229358
"2025-02-01 10:00:00","2025-02-01 11:00:00",WN,207,207,0,0,-1.357487922705314,0.0,4.3478260869565215
"2025-02-01 11:00:00","2025-02-01 12:00:00",AA,133,133,0,0,2.263157894736842,0.0,8.270676691729323
"2025-02-01 11:00:00","2025-02-01 12:00:00",DL,172,171,0,1,7.848837209302325,0.0,15.69767441860465
"2025-02-01 11:00:00","2025-02-01 12:00:00",UA,109,108,0,1,2.458715596330275,0.0,12.844036697247706
"2025-02-01 11:00:00","2025-02-01 12:00:00",WN,227,227,0,0,1.1674008810572687,0.0,8.370044052863436
"2025-02-01 12:00:00","2025-02-01 13:00:00",AA,115,115,0,0,5.791304347826087,0.0,11.304347826086957
"2025-02-01 12:00:00","2025-02-01 13:00:00",DL,146,146,0,0,4.821917808219178,0.0,12.32876712328767
"2025-02-01 12:00:00","2025-02-01 13:00:00",UA,112,111,0,1,4.982142857142857,0.0,16.964285714285715
"2025-02-01 12:00:00","2025-02-01 13:00:00",WN,193,192,0,1,1.0518134715025906,0.0,7.253886010362694
"2025-02-01 13:00:00","2025-02-01 14:00:00",AA,116,116,0,0,13.543103448275861,0.0,9.482758620689655
"2025-02-01 13:00:00","2025-02-01 14:00:00",DL,126,126,0,0,5.7063492063492065,0.0,19.047619047619047
"2025-02-01 13:00:00","2025-02-01 14:00:00",UA,119,119,0,0,8.512605042016807,0.0,16.80672268907563
"2025-02-01 13:00:00","2025-02-01 14:00:00",WN,202,202,0,0,1.4405940594059405,0.0,8.910891089108912
"2025-02-01 14:00:00","2025-02-01 15:00:00",AA,129,129,0,0,-0.7596899224806202,0.0,7.751937984496124
"2025-02-01 14:00:00","2025-02-01 15:00:00",DL,118,118,0,0,3.8813559322033897,0.0,15.254237288135593
"2025-02-01 14:00:00","2025-02-01 15:00:00",UA,107,107,0,0,3.2803738317757007,0.0,9.345794392523365
"2025-02-01 14:00:00","2025-02-01 15:00:00",WN,238,238,0,0,1.9621848739495797,0.0,12.605042016806722
"2025-02-01 15:00:00","2025-02-01 16:00:00",AA,109,109,0,0,9.064220183486238,0.0,19.26605504587156
"2025-02-01 15:00:00","2025-02-01 16:00:00",DL,143,143,0,0,5.020979020979021,0.0,13.986013986013987
"2025-02-01 15:00:00","2025-02-01 16:00:00",UA,76,76,0,0,6.052631578947368,0.0,14.473684210526315
"2025-02-01 15:00:00","2025-02-01 16:00:00",WN,181,181,0,0,3.6464088397790055,0.0,10.497237569060774
"2025-02-01 16:00:00","2025-02-01 17:00:00",AA,127,127,0,0,1.0,0.0,8.661417322834646
"2025-02-01 16:00:00","2025-02-01 17:00:00",DL,101,101,0,0,4.376237623762377,0.0,11.881188118811881
"2025-02-01 16:00:00","2025-02-01 17:00:00",UA,107,106,0,1,13.22429906542056,0.0,18.69158878504673
"2025-02-01 16:00:00","2025-02-01 17:00:00",WN,207,207,0,0,-0.10628019323671498,0.0,6.763285024154589
"2025-02-01 17:00:00","2025-02-01 18:00:00",AA,138,138,0,0,-0.5217391304347826,0.0,7.246376811594203
"2025-02-01 17:00:00","2025-02-01 18:00:00",DL,155,155,0,0,-1.696774193548387,0.0,9.67741935483871
"2025-02-01 17:00:00","2025-02-01 18:00:00",UA,128,128,0,0,-0.7109375,0.0,7.8125
"2025-02-01 17:00:00","2025-02-01 18:00:00",WN,189,189,0,0,2.4285714285714284,0.0,12.698412698412698
"2025-02-01 18:00:00","2025-02-01 19:00:00",AA,138,138,0,0,4.181159420289855,0.0,11.594202898550725
"2025-02-01 18:00:00","2025-02-01 19:00:00",DL,104,104,0,0,3.1153846153846154,0.0,14.423076923076923
"2025-02-01 18:00:00","2025-02-01 19:00:00",UA,107,107,0,0,2.897196261682243,0.0,14.953271028037383
"2025-02-01 18:00:00","2025-02-01 19:00:00",WN,151,151,0,0,-1.4172185430463575,0.0,6.622516556291391
"2025-02-01 19:00:00","2025-02-01 20:00:00",AA,101,101,0,0,0.7623762376237624,0.0,9.900990099009901
"2025-02-01 19:00:00","2025-02-01 20:00:00",DL,82,82,0,0,-1.951219512195122,0.0,4.878048780487805
"2025-02-01 19:00:00","2025-02-01 20:00:00",UA,80,80,0,0,1.85,0.0,8.75
"2025-02-01 19:00:00","2025-02-01 20:00:00",WN,78,78,0,0,-0.8076923076923077,0.0,7.6923076923076925
"2025-02-01 20:00:00","2025-02-01 21:00:00",AA,79,79,0,0,2.2531645569620253,0.0,12.658227848101266
"2025-02-01 20:00:00","2025-02-01 21:00:00",DL,64,64,0,0,-1.890625,0.0,4.6875
"2025-02-01 20:00:00","2025-02-01 21:00:00",UA,73,73,0,0,9.465753424657533,0.0,12.32876712328767
"2025-02-01 20:00:00","2025-02-01 21:00:00",WN,35,35,0,0,-3.942857142857143,0.0,0.0
"2025-02-01 21:00:00","2025-02-01 22:00:00",AA,77,76,1,0,4.697368421052632,1.2987012987012987,9.210526315789474
"2025-02-01 21:00:00","2025-02-01 22:00:00",DL,63,63,0,0,1.4285714285714286,0.0,9.523809523809524
"2025-02-01 21:00:00","2025-02-01 22:00:00",UA,22,22,0,0,-3.727272727272727,0.0,0.0
"2025-02-01 21:00:00","2025-02-01 22:00:00",WN,3,3,0,0,-1.6666666666666667,0.0,0.0
"2025-02-01 22:00:00","2025-02-01 23:00:00",AA,55,55,0,0,-3.1272727272727274,0.0,5.454545454545454
"2025-02-01 22:00:00","2025-02-01 23:00:00",DL,62,62,0,0,-0.9032258064516129,0.0,4.838709677419355
"2025-02-01 22:00:00","2025-02-01 23:00:00",UA,23,23,0,0,6.6521739130434785,0.0,26.08695652173913
"2025-02-01 23:00:00","2025-02-02 00:00:00",AA,21,21,0,0,2.4761904761904763,0.0,4.761904761904762
"2025-02-01 23:00:00","2025-02-02 00:00:00",DL,19,19,0,0,5.2105263157894735,0.0,26.31578947368421
"2025-02-01 23:00:00","2025-02-02 00:00:00",UA,26,26,0,0,0.4230769230769231,0.0,19.23076923076923
"2025-02-02 00:00:00","2025-02-02 01:00:00",AA,6,6,0,0,7.166666666666667,0.0,16.666666666666668
"2025-02-02 00:00:00","2025-02-02 01:00:00",DL,1,1,0,0,-9.0,0.0,0.0
"2025-02-02 00:00:00","2025-02-02 01:00:00",UA,3,3,0,0,-1.3333333333333333,0.0,0.0
"2025-02-02 01:00:00","2025-02-02 02:00:00",DL,2,2,0,0,32.0,0.0,50.0
"2025-02-02 01:00:00","2025-02-02 02:00:00",UA,1,1,0,0,-12.0,0.0,0.0
"2025-02-02 02:00:00","2025-02-02 03:00:00",UA,1,1,0,0,-8.0,0.0,0.0
"2025-02-02 05:00:00","2025-02-02 06:00:00",AA,88,87,1,0,0.9885057471264368,1.1363636363636365,8.045977011494253
"2025-02-02 05:00:00","2025-02-02 06:00:00",DL,68,68,0,0,4.5588235294117645,0.0,11.764705882352942
"2025-02-02 05:00:00","2025-02-02 06:00:00",UA,24,24,0,0,1.0416666666666667,0.0,8.333333333333334
"2025-02-02 05:00:00","2025-02-02 06:00:00",WN,97,97,0,0,-3.731958762886598,0.0,0.0
"2025-02-02 06:00:00","2025-02-02 07:00:00",AA,165,165,0,0,1.3454545454545455,0.0,6.666666666666667
"2025-02-02 06:00:00","2025-02-02 07:00:00",DL,170,170,0,0,-1.1058823529411765,0.0,4.705882352941177
"2025-02-02 06:00:00","2025-02-02 07:00:00",UA,110,110,0,0,2.6545454545454548,0.0,10.0
"2025-02-02 06:00:00","2025-02-02 07:00:00",WN,296,295,1,0,-1.11864406779661,0.33783783783783783,3.7288135593220337
"2025-02-02 07:00:00","2025-02-02 08:00:00",AA,178,178,0,0,10.213483146067416,0.0,7.865168539325842
"2025-02-02 07:00:00","2025-02-02 08:00:00",DL,227,227,0,0,5.317180616740088,0.0,5.726872246696035
"2025-02-02 07:00:00","2025-02-02 08:00:00",UA,164,164,0,0,4.524390243902439,0.0,9.146341463414634
"2025-02-02 07:00:00","2025-02-02 08:00:00",WN,213,210,0,3,-2.5774647887323945,0.0,3.2863849765258215
"2025-02-02 08:00:00","2025-02-02 09:00:00",AA,192,191,0,1,0.0,0.0,9.895833333333334
"2025-02-02 08:00:00","2025-02-02 09:00:00",DL,177,177,0,0,4.0,0.0,10.734463276836157
"2025-02-02 08:00:00","2025-02-02 09:00:00",UA,177,176,1,0,3.7329545454545454,0.5649717514124294,9.090909090909092
"2025-02-02 08:00:00","2025-02-02 09:00:00",WN,271,269,0,2,3.7527675276752768,0.0,8.118081180811808
"2025-02-02 09:00:00","2025-02-02 10:00:00",AA,133,133,0,0,5.969924812030075,0.0,12.030075187969924
"2025-02-02 09:00:00","2025-02-02 10:00:00",DL,125,125,0,0,0.288,0.0,5.6
"2025-02-02 09:00:00","2025-02-02 10:00:00",UA,145,144,0,1,3.110344827586207,0.0,8.96551724137931
"2025-02-02 09:00:00","2025-02-02 10:00:00",WN,219,216,0,3,3.9726027397260273,0.0,8.219178082191782
"2025-02-02 10:00:00","2025-02-02 11:00:00",AA,136,136,0,0,3.0955882352941178,0.0,11.029411764705882
"2025-02-02 10:00:00","2025-02-02 11:00:00",DL,154,153,0,1,3.012987012987013,0.0,9.74025974025974
"2025-02-02 10:00:00","2025-02-02 11:00:00",UA,116,115,1,0,2.2782608695652176,0.8620689655172413,12.173913043478262
"2025-02-02 10:00:00","2025-02-02 11:00:00",WN,230,226,4,0,1.6460176991150441,1.7391304347826086,8.4070796460177
"2025-02-02 11:00:00","2025-02-02 12:00:00",AA,151,151,0,0,17.443708609271525,0.0,14.56953642384106
"2025-02-02 11:00:00","2025-02-02 12:00:00",DL,187,185,1,1,4.220430107526882,0.5347593582887701,11.827956989247312
"2025-02-02 11:00:00","2025-02-02 12:00:00",UA,115,115,0,0,5.539130434782609,0.0,12.173913043478262
"2025-02-02 11:00:00","2025-02-02 12:00:00",WN,219,217,2,0,2.8755760368663594,0.91324200913242,10.138248847926267
"2025-02-02 12:00:00","2025-02-02 13:00:00",AA,130,128,0,2,5.838461538461538,0.0,13.846153846153847
"2025-02-02 12:00:00","2025-02-02 13:00:00",DL,169,169,0,0,1.4023668639053255,0.0,7.100591715976331
"2025-02-02 12:00:00","2025-02-02 13:00:00",UA,131,131,0,0,10.244274809160306,0.0,11.450381679389313
"2025-02-02 12:00:00","2025-02-02 13:00:00",WN,221,219,2,0,7.109589041095891,0.9049773755656109,15.981735159817351
"2025-02-02 13:00:00","2025-02-02 14:00:00",AA,141,140,0,1,9.595744680851064,0.0,12.76595744680851
"2025-02-02 13:00:00","2025-02-02 14:00:00",DL,145,145,0,0,6.124137931034483,0.0,15.862068965517242
"2025-02-02 13:00:00","2025-02-02 14:00:00",UA,130,130,0,0,14.923076923076923,0.0,23.076923076923077
"2025-02-02 13:00:00","2025-02-02 14:00:00",WN,245,242,3,0,6.483471074380165,1.2244897959183674,15.289256198347108
"2025-02-02 14:00:00","2025-02-02 15:00:00",AA,157,155,0,2,23.97452229299363,0.0,13.375796178343949
"2025-02-02 14:00:00","2025-02-02 15:00:00",DL,130,129,1,0,6.131782945736434,0.7692307692307693,16.27906976744186
"2025-02-02 14:00:00","2025-02-02 15:00:00",UA,113,113,0,0,10.991150442477876,0.0,14.15929203539823
"2025-02-02 14:00:00","2025-02-02 15:00:00",WN,221,220,1,0,8.127272727272727,0.45248868778280543,19.09090909090909
"2025-02-02 15:00:00","2025-02-02 16:00:00",AA,110,110,0,0,5.709090909090909,0.0,18.181818181818183
"2025-02-02 15:00:00","2025-02-02 16:00:00",DL,181,181,0,0,11.099447513812155,0.0,22.099447513812155
"2025-02-02 15:00:00","2025-02-02 16:00:00",UA,88,88,0,0,5.5,0.0,18.181818181818183
"2025-02-02 15:00:00","2025-02-02 16:00:00",WN,224,219,5,0,9.02283105022831,2.232142857142857,20.54794520547945
"2025-02-02 16:00:00","2025-02-02 17:00:00",AA,156,156,0,0,5.878205128205129,0.0,12.820512820512821
"2025-02-02 16:00:00","2025-02-02 17:00:00",DL,127,126,1,0,9.976190476190476,0.7874015748031497,17.46031746031746
"2025-02-02 16:00:00","2025-02-02 17:00:00",UA,125,125,0,0,10.032,0.0,16.8
"2025-02-02 16:00:00","2025-02-02 17:00:00",WN,222,219,3,0,12.593607305936073,1.3513513513513513,25.114155251141554
"2025-02-02 17:00:00","2025-02-02 18:00:00",AA,155,155,0,0,8.154838709677419,0.0,21.93548387096774
"2025-02-02 17:00:00","2025-02-02 18:00:00",DL,164,163,0,1,6.384146341463414,0.0,15.24390243902439
"2025-02-02 17:00:00","2025-02-02 18:00:00",UA,144,143,1,0,16.314685314685313,0.6944444444444444,18.88111888111888
"2025-02-02 17:00:00","2025-02-02 18:00:00",WN,221,217,3,1,8.779816513761467,1.3574660633484164,20.642201834862384
"2025-02-02 18:00:00","2025-02-02 19:00:00",AA,165,165,0,0,6.696969696969697,0.0,18.181818181818183
"2025-02-02 18:00:00","2025-02-02 19:00:00",DL,156,155,0,1,10.58974358974359,0.0,21.153846153846153
"2025-02-02 18:00:00","2025-02-02 19:00:00",UA,141,141,0,0,19.80141843971631,0.0,26.24113475177305
"2025-02-02 18:00:00","2025-02-02 19:00:00",WN,221,217,3,1,13.674311926605505,1.3574660633484164,26.605504587155963
"2025-02-02 19:00:00","2025-02-02 20:00:00",AA,150,150,0,0,6.6,0.0,16.666666666666668
"2025-02-02 19:00:00","2025-02-02 20:00:00",DL,147,146,0,1,28.92517006802721,0.0,23.12925170068027
"2025-02-02 19:00:00","2025-02-02 20:00:00",UA,106,105,1,0,11.038095238095238,0.9433962264150944,22.857142857142858
"2025-02-02 19:00:00","2025-02-02 20:00:00",WN,269,264,5,0,8.06439393939394,1.858736059479554,18.560606060606062
"2025-02-02 20:00:00","2025-02-02 21:00:00",AA,120,120,0,0,5.225,0.0,12.5
"2025-02-02 20:00:00","2025-02-02 21:00:00",DL,89,89,0,0,15.865168539325843,0.0,22.471910112359552
"2025-02-02 20:00:00","2025-02-02 21:00:00",UA,86,86,0,0,14.209302325581396,0.0,22.093023255813954
"2025-02-02 20:00:00","2025-02-02 21:00:00",WN,179,175,4,0,12.622857142857143,2.2346368715083798,26.285714285714285
"2025-02-02 21:00:00","2025-02-02 22:00:00",AA,80,80,0,0,3.325,0.0,13.75
"2025-02-02 21:00:00","2025-02-02 22:00:00",DL,84,84,0,0,3.761904761904762,0.0,17.857142857142858
"2025-02-02 21:00:00","2025-02-02 22:00:00",UA,32,31,1,0,7.064516129032258,3.125,19.35483870967742
"2025-02-02 21:00:00","2025-02-02 22:00:00",WN,148,146,2,0,8.794520547945206,1.3513513513513513,20.54794520547945
"2025-02-02 22:00:00","2025-02-02 23:00:00",AA,86,86,0,0,9.848837209302326,0.0,16.27906976744186
"2025-02-02 22:00:00","2025-02-02 23:00:00",DL,90,89,0,1,5.066666666666666,0.0,14.444444444444445
"2025-02-02 22:00:00","2025-02-02 23:00:00",UA,25,25,0,0,2.48,0.0,24.0
"2025-02-02 22:00:00","2025-02-02 23:00:00",WN,3,3,0,0,-6.666666666666667,0.0,0.0
"2025-02-02 23:00:00","2025-02-03 00:00:00",AA,27,27,0,0,1.8518518518518519,0.0,11.11111111111111
"2025-02-02 23:00:00","2025-02-03 00:00:00",DL,25,25,0,0,11.8,0.0,24.0
"2025-02-02 23:00:00","2025-02-03 00:00:00",UA,34,34,0,0,3.0,0.0,17.647058823529413
"2025-02-03 00:00:00","2025-02-03 01:00:00",AA,8,8,0,0,-3.375,0.0,12.5
"2025-02-03 00:00:00","2025-02-03 01:00:00",DL,1,1,0,0,-7.0,0.0,0.0
"2025-02-03 00:00:00","2025-02-03 01:00:00",UA,3,3,0,0,7.0,0.0,33.333333333333336
"2025-02-03 01:00:00","2025-02-03 02:00:00",AA,1,1,0,0,7.0,0.0,0.0
"2025-02-03 01:00:00","2025-02-03 02:00:00",DL,2,2,0,0,34.0,0.0,50.0
"2025-02-03 01:00:00","2025-02-03 02:00:00",UA,1,1,0,0,7.0,0.0,0.0
"2025-02-03 02:00:00","2025-02-03 03:00:00",UA,1,1,0,0,8.0,0.0,0.0
"2025-02-03 05:00:00","2025-02-03 06:00:00",AA,102,102,0,0,1.8137254901960784,0.0,7.8431372549019605
"2025-02-03 05:00:00","2025-02-03 06:00:00",DL,66,66,0,0,21.772727272727273,0.0,10.606060606060606
"2025-02-03 05:00:00","2025-02-03 06:00:00",UA,24,24,0,0,-4.916666666666667,0.0,0.0
"2025-02-03 05:00:00","2025-02-03 06:00:00",WN,29,27,2,0,0.14814814814814814,6.896551724137931,3.7037037037037037
"2025-02-03 06:00:00","2025-02-03 07:00:00",AA,177,176,0,1,-2.0338983050847457,0.0,5.084745762711864
"2025-02-03 06:00:00","2025-02-03 07:00:00",DL,183,183,0,0,4.377049180327869,0.0,9.836065573770492
"2025-02-03 06:00:00","2025-02-03 07:00:00",UA,112,112,0,0,9.080357142857142,0.0,8.035714285714286
"2025-02-03 06:00:00","2025-02-03 07:00:00",WN,224,222,2,0,-1.9054054054054055,0.8928571428571429,3.1531531531531534
"2025-02-03 07:00:00","2025-02-03 08:00:00",AA,209,209,0,0,5.598086124401914,0.0,6.698564593301436
"2025-02-03 07:00:00","2025-02-03 08:00:00",DL,223,223,0,0,1.663677130044843,0.0,8.968609865470851
"2025-02-03 07:00:00","2025-02-03 08:00:00",UA,170,170,0,0,0.4764705882352941,0.0,10.0
"2025-02-03 07:00:00","2025-02-03 08:00:00",WN,189,188,1,0,1.398936170212766,0.5291005291005291,6.382978723404255
"2025-02-03 08:00:00","2025-02-03 09:00:00",AA,193,192,0,1,7.715025906735751,0.0,9.32642487046632
"2025-02-03 08:00:00","2025-02-03 09:00:00",DL,171,169,0,2,4.95906432748538,0.0,12.865497076023392
"2025-02-03 08:00:00","2025-02-03 09:00:00",UA,175,173,1,1,4.925287356321839,0.5714285714285714,10.344827586206897
"2025-02-03 08:00:00","2025-02-03 09:00:00",WN,244,241,3,0,5.622406639004149,1.2295081967213115,10.78838174273859
"2025-02-03 09:00:00","2025-02-03 10:00:00",AA,125,125,0,0,19.04,0.0,12.0
"2025-02-03 09:00:00","2025-02-03 10:00:00",DL,122,122,0,0,6.69672131147541,0.0,17.21311475409836
"2025-02-03 09:00:00","2025-02-03 10:00:00",UA,151,150,1,0,2.74,0.6622516556291391,10.0
"2025-02-03 09:00:00","2025-02-03 10:00:00",WN,231,230,0,1,4.64935064935065,0.0,11.255411255411255
"2025-02-03 10:00:00","2025-02-03 11:00:00",AA,138,138,0,0,0.5652173913043478,0.0,6.521739130434782
"2025-02-03 10:00:00","2025-02-03 11:00:00",DL,154,153,0,1,6.084415584415584,0.0,16.233766233766232
"2025-02-03 10:00:00","2025-02-03 11:00:00",UA,118,118,0,0,9.915254237288135,0.0,19.491525423728813
"2025-02-03 10:00:00","2025-02-03 11:00:00",WN,198,196,2,0,7.01530612244898,1.0101010101010102,14.795918367346939
"2025-02-03 11:00:00","2025-02-03 12:00:00",AA,155,153,0,2,7.948387096774193,0.0,9.67741935483871
"2025-02-03 11:00:00","2025-02-03 12:00:00",DL,186,184,1,1,11.551351351351352,0.5376344086021505,23.243243243243242
"2025-02-03 11:00:00","2025-02-03 12:00:00",UA,119,119,0,0,5.092436974789916,0.0,12.605042016806722
"2025-02-03 11:00:00","2025-02-03 12:00:00",WN,264,261,3,0,3.1839080459770117,1.1363636363636365,10.727969348659004
"2025-02-03 12:00:00","2025-02-03 13:00:00",AA,134,133,0,1,5.7388059701492535,0.0,15.671641791044776
"2025-02-03 12:00:00","2025-02-03 13:00:00",DL,167,166,1,0,9.03012048192771,0.5988023952095808,24.698795180722893
"2025-02-03 12:00:00","2025-02-03 13:00:00",UA,134,133,1,0,6.090225563909774,0.746268656716418,11.278195488721805
"2025-02-03 12:00:00","2025-02-03 13:00:00",WN,180,176,4,0,5.698863636363637,2.2222222222222223,13.636363636363637
"2025-02-03 13:00:00","2025-02-03 14:00:00",AA,131,129,0,2,6.236641221374046,0.0,14.50381679389313
"2025-02-03 13:00:00","2025-02-03 14:00:00",DL,147,147,0,0,12.346938775510203,0.0,21.768707482993197
"2025-02-03 13:00:00","2025-02-03 14:00:00",UA,132,131,1,0,8.01526717557252,0.7575757575757576,19.84732824427481
"2025-02-03 13:00:00","2025-02-03 14:00:00",WN,241,237,4,0,4.514767932489452,1.6597510373443984,12.658227848101266
"2025-02-03 14:00:00","2025-02-03 15:00:00",AA,148,148,0,0,12.445945945945946,0.0,10.81081081081081
"2025-02-03 14:00:00","2025-02-03 15:00:00",DL,127,127,0,0,6.874015748031496,0.0,21.25984251968504
"2025-02-03 14:00:00","2025-02-03 15:00:00",UA,115,115,0,0,7.834782608695652,0.0,13.91304347826087
"2025-02-03 14:00:00","2025-02-03 15:00:00",WN,219,215,4,0,2.5348837209302326,1.82648401826484,8.372093023255815
"2025-02-03 15:00:00","2025-02-03 16:00:00",AA,117,117,0,0,8.803418803418804,0.0,12.820512820512821
"2025-02-03 15:00:00","2025-02-03 16:00:00",DL,179,179,0,0,7.966480446927374,0.0,21.22905027932961
"2025-02-03 15:00:00","2025-02-03 16:00:00",UA,90,90,0,0,11.922222222222222,0.0,22.22222222222222
"2025-02-03 15:00:00","2025-02-03 16:00:00",WN,229,227,2,0,4.154185022026431,0.8733624454148472,12.775330396475772
"2025-02-03 16:00:00","2025-02-03 17:00:00",AA,139,139,0,0,7.60431654676259,0.0,13.66906474820144
"2025-02-03 16:00:00","2025-02-03 17:00:00",DL,128,128,0,0,9.171875,0.0,19.53125
"2025-02-03 16:00:00","2025-02-03 17:00:00",UA,120,120,0,0,1.5333333333333334,0.0,12.5
"2025-02-03 16:00:00","2025-02-03 17:00:00",WN,202,200,2,0,2.31,0.9900990099009901,12.0
"2025-02-03 17:00:00","2025-02-03 18:00:00",AA,149,149,0,0,14.053691275167786,0.0,16.778523489932887
"2025-02-03 17:00:00","2025-02-03 18:00:00",DL,165,165,0,0,13.163636363636364,0.0,22.424242424242426
"2025-02-03 17:00:00","2025-02-03 18:00:00",UA,139,138,0,1,5.143884892086331,0.0,14.388489208633093
"2025-02-03 17:00:00","2025-02-03 18:00:00",WN,192,189,3,0,3.746031746031746,1.5625,13.227513227513228
"2025-02-03 18:00:00","2025-02-03 19:00:00",AA,142,142,0,0,1.0,0.0,9.859154929577464
"2025-02-03 18:00:00","2025-02-03 19:00:00",DL,155,154,0,1,8.529032258064516,0.0,21.29032258064516
"2025-02-03 18:00:00","2025-02-03 19:00:00",UA,139,139,0,0,8.39568345323741,0.0,17.985611510791365
"2025-02-03 18:00:00","2025-02-03 19:00:00",WN,262,260,2,0,3.8692307692307693,0.7633587786259542,13.076923076923077
"2025-02-03 19:00:00","2025-02-03 20:00:00",AA,112,112,0,0,4.205357142857143,0.0,14.285714285714286
"2025-02-03 19:00:00","2025-02-03 20:00:00",DL,144,144,0,0,9.881944444444445,0.0,15.277777777777779
"2025-02-03 19:00:00","2025-02-03 20:00:00",UA,103,101,2,0,9.564356435643564,1.941747572815534,19.801980198019802
"2025-02-03 19:00:00","2025-02-03 20:00:00",WN,120,119,1,0,9.6890756302521,0.8333333333333334,26.050420168067227
"2025-02-03 20:00:00","2025-02-03 21:00:00",AA,83,83,0,0,0.12048192771084337,0.0,6.024096385542169
"2025-02-03 20:00:00","2025-02-03 21:00:00",DL,91,91,0,0,8.208791208791208,0.0,23.076923076923077
"2025-02-03 20:00:00","2025-02-03 21:00:00",UA,81,81,0,0,9.617283950617283,0.0,14.814814814814815
"2025-02-03 20:00:00","2025-02-03 21:00:00",WN,163,160,3,0,1.29375,1.8404907975460123,10.0
"2025-02-03 21:00:00","2025-02-03 22:00:00",AA,80,80,0,0,3.5375,0.0,11.25
"2025-02-03 21:00:00","2025-02-03 22:00:00",DL,84,84,0,0,8.916666666666666,0.0,10.714285714285714
"2025-02-03 21:00:00","2025-02-03 22:00:00",UA,29,29,0,0,-4.482758620689655,0.0,3.4482758620689653
"2025-02-03 21:00:00","2025-02-03 22:00:00",WN,15,15,0,0,11.266666666666667,0.0,13.333333333333334
"2025-02-03 22:00:00","2025-02-03 23:00:00",AA,55,55,0,0,3.963636363636364,0.0,7.2727272727272725
"2025-02-03 22:00:00","2025-02-03 23:00:00",DL,89,89,0,0,3.2808988764044944,0.0,11.235955056179776
"2025-02-03 22:00:00","2025-02-03 23:00:00",UA,21,21,0,0,-1.4761904761904763,0.0,9.523809523809524
"2025-02-03 23:00:00","2025-02-04 00:00:00",AA,21,21,0,0,-2.238095238095238,0.0,4.761904761904762
"2025-02-03 23:00:00","2025-02-04 00:00:00",DL,24,24,0,0,-0.4166666666666667,0.0,8.333333333333334
"2025-02-03 23:00:00","2025-02-04 00:00:00",UA,28,28,0,0,2.9285714285714284,0.0,17.857142857142858
"2025-02-04 00:00:00","2025-02-04 01:00:00",AA,5,5,0,0,-7.6,0.0,0.0
"2025-02-04 00:00:00","2025-02-04 01:00:00",DL,1,1,0,0,-10.0,0.0,0.0
"2025-02-04 00:00:00","2025-02-04 01:00:00",UA,3,3,0,0,-3.6666666666666665,0.0,0.0
"2025-02-04 01:00:00","2025-02-04 02:00:00",DL,2,2,0,0,-7.0,0.0,0.0
"2025-02-04 01:00:00","2025-02-04 02:00:00",UA,1,1,0,0,-6.0,0.0,0.0
"2025-02-04 02:00:00","2025-02-04 03:00:00",UA,1,1,0,0,-9.0,0.0,0.0
"2025-02-04 05:00:00","2025-02-04 06:00:00",AA,81,81,0,0,-0.20987654320987653,0.0,8.641975308641975
"2025-02-04 05:00:00","2025-02-04 06:00:00",DL,67,67,0,0,-4.074626865671642,0.0,2.985074626865672
"2025-02-04 05:00:00","2025-02-04 06:00:00",UA,22,21,1,0,-4.095238095238095,4.545454545454546,0.0
"2025-02-04 05:00:00","2025-02-04 06:00:00",WN,29,27,2,0,-3.962962962962963,6.896551724137931,0.0
"2025-02-04 06:00:00","2025-02-04 07:00:00",AA,167,166,0,1,4.88622754491018,0.0,4.790419161676646
"2025-02-04 06:00:00","2025-02-04 07:00:00",DL,180,180,0,0,4.233333333333333,0.0,6.111111111111111
"2025-02-04 06:00:00","2025-02-04 07:00:00",UA,108,107,1,0,0.616822429906542,0.9259259259259259,6.542056074766355
"2025-02-04 06:00:00","2025-02-04 07:00:00",WN,219,217,2,0,-3.705069124423963,0.91324200913242,1.3824884792626728
"2025-02-04 07:00:00","2025-02-04 08:00:00",AA,161,161,0,0,-2.4658385093167703,0.0,4.3478260869565215
"2025-02-04 07:00:00","2025-02-04 08:00:00",DL,215,215,0,0,-3.86046511627907,0.0,1.8604651162790697
"2025-02-04 07:00:00","2025-02-04 08:00:00",UA,149,149,0,0,-2.61744966442953,0.0,8.053691275167786
"2025-02-04 07:00:00","2025-02-04 08:00:00",WN,190,188,1,1,-2.2962962962962963,0.5263157894736842,6.349206349206349
"2025-02-04 08:00:00","2025-02-04 09:00:00",AA,189,189,0,0,5.936507936507937,0.0,5.291005291005291
"2025-02-04 08:00:00","2025-02-04 09:00:00",DL,174,174,0,0,0.4885057471264368,0.0,10.344827586206897
"2025-02-04 08:00:00","2025-02-04 09:00:00",UA,171,170,0,1,-1.7543859649122806,0.0,5.2631578947368425
"2025-02-04 08:00:00","2025-02-04 09:00:00",WN,243,241,2,0,-0.995850622406639,0.823045267489712,3.7344398340248963
"2025-02-04 09:00:00","2025-02-04 10:00:00",AA,125,125,0,0,-0.696,0.0,5.6
"2025-02-04 09:00:00","2025-02-04 10:00:00",DL,119,119,0,0,-1.4285714285714286,0.0,5.882352941176471
"2025-02-04 09:00:00","2025-02-04 10:00:00",UA,140,140,0,0,0.0,0.0,9.285714285714286
"2025-02-04 09:00:00","2025-02-04 10:00:00",WN,234,233,0,1,0.3504273504273504,0.0,5.982905982905983
"2025-02-04 10:00:00","2025-02-04 11:00:00",AA,127,126,0,1,0.5984251968503937,0.0,9.448818897637794
"2025-02-04 10:00:00","2025-02-04 11:00:00",DL,144,144,0,0,-3.6458333333333335,0.0,4.861111111111111
"2025-02-04 10:00:00","2025-02-04 11:00:00",UA,108,108,0,0,2.9074074074074074,0.0,15.74074074074074
"2025-02-04 10:00:00","2025-02-04 11:00:00",WN,200,199,0,1,0.065,0.0,8.0
"2025-02-04 11:00:00","2025-02-04 12:00:00",AA,146,146,0,0,4.561643835616438,0.0,10.95890410958904
"2025-02-04 11:00:00","2025-02-04 12:00:00",DL,177,177,0,0,0.7966101694915254,0.0,7.344632768361582
"2025-02-04 11:00:00","2025-02-04 12:00:00",UA,116,116,0,0,3.5775862068965516,0.0,9.482758620689655
"2025-02-04 11:00:00","2025-02-04 12:00:00",WN,265,265,0,0,0.6867924528301886,0.0,7.169811320754717
"2025-02-04 12:00:00","2025-02-04 13:00:00",AA,128,128,0,0,2.03125,0.0,9.375
"2025-02-04 12:00:00","2025-02-04 13:00:00",DL,157,157,0,0,-5.171974522292993,0.0,3.1847133757961785
"2025-02-04 12:00:00","2025-02-04 13:00:00",UA,130,130,0,0,-0.5384615384615384,0.0,6.923076923076923
"2025-02-04 12:00:00","2025-02-04 13:00:00",WN,181,181,0,0,-1.9447513812154695,0.0,4.419889502762431
"2025-02-04 13:00:00","2025-02-04 14:00:00",AA,124,124,0,0,-1.3951612903225807,0.0,7.258064516129032
"2025-02-04 13:00:00","2025-02-04 14:00:00",DL,136,136,0,0,3.6838235294117645,0.0,10.294117647058824
"2025-02-04 13:00:00","2025-02-04 14:00:00",UA,125,125,0,0,-0.768,0.0,6.4
"2025-02-04 13:00:00","2025-02-04 14:00:00",WN,242,242,0,0,0.3925619834710744,0.0,10.330578512396695
"2025-02-04 14:00:00","2025-02-04 15:00:00",AA,131,131,0,0,6.236641221374046,0.0,10.687022900763358
"2025-02-04 14:00:00","2025-02-04 15:00:00",DL,116,116,0,0,-3.1982758620689653,0.0,6.896551724137931
"2025-02-04 14:00:00","2025-02-04 15:00:00",UA,113,112,1,0,5.866071428571429,0.8849557522123894,10.714285714285714
"2025-02-04 14:00:00","2025-02-04 15:00:00",WN,220,220,0,0,-0.990909090909091,0.0,5.909090909090909
"2025-02-04 15:00:00","2025-02-04 16:00:00",AA,109,109,0,0,-0.1651376146788991,0.0,8.256880733944953
"2025-02-04 15:00:00","2025-02-04 16:00:00",DL,161,161,0,0,7.521739130434782,0.0,9.937888198757763
"2025-02-04 15:00:00","2025-02-04 16:00:00",UA,79,79,0,0,-1.4430379746835442,0.0,8.860759493670885
"2025-02-04 15:00:00","2025-02-04 16:00:00",WN,220,220,0,0,0.20454545454545456,0.0,5.909090909090909
"2025-02-04 16:00:00","2025-02-04 17:00:00",AA,126,126,0,0,-2.4523809523809526,0.0,4.761904761904762
"2025-02-04 16:00:00","2025-02-04 17:00:00",DL,110,110,0,0,-3.3,0.0,4.545454545454546
"2025-02-04 16:00:00","2025-02-04 17:00:00",UA,116,116,0,0,3.6379310344827585,0.0,8.620689655172415
"2025-02-04 16:00:00","2025-02-04 17:00:00",WN,207,206,0,1,0.6038647342995169,0.0,9.66183574879227
"2025-02-04 17:00:00","2025-02-04 18:00:00",AA,140,140,0,0,6.042857142857143,0.0,9.285714285714286
"2025-02-04 17:00:00","2025-02-04 18:00:00",DL,166,166,0,0,0.37349397590361444,0.0,10.240963855421686
"2025-02-04 17:00:00","2025-02-04 18:00:00",UA,135,134,0,1,-0.4666666666666667,0.0,6.666666666666667
"2025-02-04 17:00:00","2025-02-04 18:00:00",WN,192,192,0,0,-1.5364583333333333,0.0,5.729166666666667
"2025-02-04 18:00:00","2025-02-04 19:00:00",AA,136,135,0,1,1.9338235294117647,0.0,7.352941176470588
"2025-02-04 18:00:00","2025-02-04 19:00:00",DL,138,138,0,0,-2.6739130434782608,0.0,7.246376811594203
"2025-02-04 18:00:00","2025-02-04 19:00:00",UA,118,118,0,0,0.5508474576271186,0.0,11.016949152542374
"2025-02-04 18:00:00","2025-02-04 19:00:00",WN,262,262,0,0,-2.4885496183206106,0.0,4.961832061068702
"2025-02-04 19:00:00","2025-02-04 20:00:00",AA,102,101,1,0,1.4257425742574257,0.9803921568627451,8.910891089108912
"2025-02-04 19:00:00","2025-02-04 20:00:00",DL,98,98,0,0,-5.6020408163265305,0.0,2.0408163265306123
"2025-02-04 19:00:00","2025-02-04 20:00:00",UA,90,88,0,2,5.855555555555555,0.0,11.11111111111111
"2025-02-04 19:00:00","2025-02-04 20:00:00",WN,118,118,0,0,-0.788135593220339,0.0,11.016949152542374
"2025-02-04 20:00:00","2025-02-04 21:00:00",AA,77,77,0,0,-3.168831168831169,0.0,5.194805194805195
"2025-02-04 20:00:00","2025-02-04 21:00:00",DL,64,64,0,0,-3.9375,0.0,3.125
"2025-02-04 20:00:00","2025-02-04 21:00:00",UA,73,73,0,0,3.0,0.0,9.58904109589041
"2025-02-04 20:00:00","2025-02-04 21:00:00",WN,165,164,0,1,-2.3636363636363638,0.0,4.848484848484849
"2025-02-04 21:00:00","2025-02-04 22:00:00",AA,75,75,0,0,-4.12,0.0,2.6666666666666665
"2025-02-04 21:00:00","2025-02-04 22:00:00",DL,66,65,0,1,5.9393939393939394,0.0,10.606060606060606
"2025-02-04 21:00:00","2025-02-04 22:00:00",UA,22,22,0,0,-8.727272727272727,0.0,0.0
"2025-02-04 21:00:00","2025-02-04 22:00:00",WN,15,15,0,0,3.0,0.0,6.666666666666667
"2025-02-04 22:00:00","2025-02-04 23:00:00",AA,56,56,0,0,0.21428571428571427,0.0,7.142857142857143
"2025-02-04 22:00:00","2025-02-04 23:00:00",DL,82,82,0,0,-5.926829268292683,0.0,3.658536585365854
"2025-02-04 22:00:00","2025-02-04 23:00:00",UA,21,20,1,0,2.85,4.761904761904762,20.0
"2025-02-04 23:00:00","2025-02-05 00:00:00",AA,19,19,0,0,-6.842105263157895,0.0,0.0
"2025-02-04 23:00:00","2025-02-05 00:00:00",DL,18,18,0,0,-0.9444444444444444,0.0,5.555555555555555
"2025-02-04 23:00:00","2025-02-05 00:00:00",UA,24,24,0,0,0.4583333333333333,0.0,8.333333333333334
"2025-02-05 00:00:00","2025-02-05 01:00:00",AA,5,5,0,0,23.2,0.0,40.0
"2025-02-05 00:00:00","2025-02-05 01:00:00",DL,1,1,0,0,-20.0,0.0,0.0
"2025-02-05 00:00:00","2025-02-05 01:00:00",UA,3,3,0,0,-4.333333333333333,0.0,0.0
"2025-02-05 01:00:00","2025-02-05 02:00:00",DL,2,2,0,0,61.5,0.0,50.0
"2025-02-05 01:00:00","2025-02-05 02:00:00",UA,1,1,0,0,-14.0,0.0,0.0
"2025-02-05 02:00:00","2025-02-05 03:00:00",UA,1,1,0,0,-12.0,0.0,0.0
"2025-02-05 05:00:00","2025-02-05 06:00:00",AA,80,80,0,0,5.0125,0.0,1.25
"2025-02-05 05:00:00","2025-02-05 06:00:00",DL,65,65,0,0,-3.123076923076923,0.0,3.076923076923077
"2025-02-05 05:00:00","2025-02-05 06:00:00",UA,24,24,0,0,39.875,0.0,16.666666666666668
"2025-02-05 05:00:00","2025-02-05 06:00:00",WN,29,29,0,0,-1.4137931034482758,0.0,3.4482758620689653
"2025-02-05 06:00:00","2025-02-05 07:00:00",AA,169,168,0,1,-1.8106508875739644,0.0,6.508875739644971
"2025-02-05 06:00:00","2025-02-05 07:00:00",DL,179,179,0,0,0.03910614525139665,0.0,5.027932960893855
"2025-02-05 06:00:00","2025-02-05 07:00:00",UA,111,111,0,0,3.4774774774774775,0.0,4.504504504504505
"2025-02-05 06:00:00","2025-02-05 07:00:00",WN,224,224,0,0,-3.575892857142857,0.0,1.3392857142857142
"2025-02-05 07:00:00","2025-02-05 08:00:00",AA,161,161,0,0,8.20496894409938,0.0,7.453416149068323
"2025-02-05 07:00:00","2025-02-05 08:00:00",DL,214,214,0,0,-1.644859813084112,0.0,5.140186915887851
"2025-02-05 07:00:00","2025-02-05 08:00:00",UA,150,150,0,0,-4.06,0.0,3.3333333333333335
"2025-02-05 07:00:00","2025-02-05 08:00:00",WN,190,190,0,0,-2.3105263157894735,0.0,3.6842105263157894
"2025-02-05 08:00:00","2025-02-05 09:00:00",AA,189,188,0,1,-2.2698412698412698,0.0,4.232804232804233
"2025-02-05 08:00:00","2025-02-05 09:00:00",DL,173,173,0,0,-0.7630057803468208,0.0,5.780346820809249
"2025-02-05 08:00:00","2025-02-05 09:00:00",UA,175,175,0,0,0.8228571428571428,0.0,5.714285714285714
"2025-02-05 08:00:00","2025-02-05 09:00:00",WN,239,239,0,0,-2.3765690376569037,0.0,3.3472803347280333
"2025-02-05 09:00:00","2025-02-05 10:00:00",AA,125,124,0,1,2.928,0.0,5.6
"2025-02-05 09:00:00","2025-02-05 10:00:00",DL,117,117,0,0,-2.1623931623931623,0.0,5.982905982905983
"2025-02-05 09:00:00","2025-02-05 10:00:00",UA,137,136,0,1,2.021897810218978,0.0,10.94890510948905
"2025-02-05 09:00:00","2025-02-05 10:00:00",WN,229,227,1,1,-0.9824561403508771,0.4366812227074236,3.508771929824561
"2025-02-05 10:00:00","2025-02-05 11:00:00",AA,128,128,0,0,0.0390625,0.0,7.8125
"2025-02-05 10:00:00","2025-02-05 11:00:00",DL,148,148,0,0,1.0337837837837838,0.0,9.45945945945946
"2025-02-05 10:00:00","2025-02-05 11:00:00",UA,112,112,0,0,4.366071428571429,0.0,9.821428571428571
"2025-02-05 10:00:00","2025-02-05 11:00:00",WN,195,194,0,1,-1.1076923076923078,0.0,4.615384615384615
"2025-02-05 11:00:00","2025-02-05 12:00:00",AA,142,141,0,1,23.823943661971832,0.0,12.67605633802817
"2025-02-05 11:00:00","2025-02-05 12:00:00",DL,175,175,0,0,-0.33714285714285713,0.0,8.0
"2025-02-05 11:00:00","2025-02-05 12:00:00",UA,114,113,0,1,6.666666666666667,0.0,14.035087719298245
"2025-02-05 11:00:00","2025-02-05 12:00:00",WN,263,261,1,1,0.31679389312977096,0.38022813688212925,6.488549618320611
"2025-02-05 12:00:00","2025-02-05 13:00:00",AA,130,130,0,0,4.507692307692308,0.0,15.384615384615385
"2025-02-05 12:00:00","2025-02-05 13:00:00",DL,156,155,1,0,-2.4193548387096775,0.6410256410256411,6.451612903225806
"2025-02-05 12:00:00","2025-02-05 13:00:00",UA,129,129,0,0,2.2713178294573644,0.0,7.751937984496124
"2025-02-05 12:00:00","2025-02-05 13:00:00",WN,180,180,0,0,-0.06666666666666667,0.0,5.555555555555555
"2025-02-05 13:00:00","2025-02-05 14:00:00",AA,123,123,0,0,12.967479674796747,0.0,7.317073170731708
"2025-02-05 13:00:00","2025-02-05 14:00:00",DL,139,139,0,0,2.964028776978417,0.0,10.79136690647482
"2025-02-05 13:00:00","2025-02-05 14:00:00",UA,128,127,1,0,13.551181102362206,0.78125,18.11023622047244
"2025-02-05 13:00:00","2025-02-05 14:00:00",WN,242,242,0,0,2.487603305785124,0.0,9.50413223140496
"2025-02-05 14:00:00","2025-02-05 15:00:00",AA,135,135,0,0,7.17037037037037,0.0,7.407407407407407
"2025-02-05 14:00:00","2025-02-05 15:00:00",DL,116,116,0,0,-1.6293103448275863,0.0,8.620689655172415
"2025-02-05 14:00:00","2025-02-05 15:00:00",UA,115,115,0,0,15.547826086956523,0.0,14.782608695652174
"2025-02-05 14:00:00","2025-02-05 15:00:00",WN,216,216,0,0,1.0416666666666667,0.0,8.796296296296296
"2025-02-05 15:00:00","2025-02-05 16:00:00",AA,117,116,1,0,4.724137931034483,0.8547008547008547,10.344827586206897
"2025-02-05 15:00:00","2025-02-05 16:00:00",DL,169,169,0,0,0.6982248520710059,0.0,9.467455621301776
"2025-02-05 15:00:00","2025-02-05 16:00:00",UA,83,83,0,0,7.855421686746988,0.0,13.25301204819277
"2025-02-05 15:00:00","2025-02-05 16:00:00",WN,230,230,0,0,5.682608695652174,0.0,14.347826086956522
"2025-02-05 16:00:00","2025-02-05 17:00:00",AA,131,131,0,0,0.03816793893129771,0.0,8.396946564885496
"2025-02-05 16:00:00","2025-02-05 17:00:00",DL,114,114,0,0,2.754385964912281,0.0,7.894736842105263
"2025-02-05 16:00:00","2025-02-05 17:00:00",UA,118,118,0,0,4.169491525423729,0.0,15.254237288135593
"2025-02-05 16:00:00","2025-02-05 17:00:00",WN,208,208,0,0,5.1875,0.0,12.98076923076923
"2025-02-05 17:00:00","2025-02-05 18:00:00",AA,152,151,1,0,-0.07947019867549669,0.6578947368421053,5.960264900662252
"2025-02-05 17:00:00","2025-02-05 18:00:00",DL,165,165,0,0,-0.9878787878787879,0.0,9.696969696969697
"2025-02-05 17:00:00","2025-02-05 18:00:00",UA,144,144,0,0,3.2152777777777777,0.0,13.194444444444445
"2025-02-05 17:00:00","2025-02-05 18:00:00",WN,198,198,0,0,7.7727272727272725,0.0,20.707070707070706
"2025-02-05 18:00:00","2025-02-05 19:00:00",AA,141,136,4,1,6.153284671532846,2.8368794326241136,10.218978102189782
"2025-02-05 18:00:00","2025-02-05 19:00:00",DL,138,137,1,0,3.4525547445255476,0.7246376811594203,13.138686131386862
"2025-02-05 18:00:00","2025-02-05 19:00:00",UA,127,127,0,0,2.645669291338583,0.0,11.811023622047244
"2025-02-05 18:00:00","2025-02-05 19:00:00",WN,264,263,0,1,4.696969696969697,0.0,15.909090909090908
"2025-02-05 19:00:00","2025-02-05 20:00:00",AA,105,101,4,0,13.386138613861386,3.8095238095238093,13.861386138613861
"2025-02-05 19:00:00","2025-02-05 20:00:00",DL,102,100,2,0,0.85,1.9607843137254901,9.0
"2025-02-05 19:00:00","2025-02-05 20:00:00",UA,99,99,0,0,3.595959595959596,0.0,16.161616161616163
"2025-02-05 19:00:00","2025-02-05 20:00:00",WN,118,118,0,0,3.0338983050847457,0.0,13.559322033898304
"2025-02-05 20:00:00","2025-02-05 21:00:00",AA,79,77,2,0,9.623376623376624,2.5316455696202533,14.285714285714286
"2025-02-05 20:00:00","2025-02-05 21:00:00",DL,70,69,1,0,14.289855072463768,1.4285714285714286,8.695652173913043
"2025-02-05 20:00:00","2025-02-05 21:00:00",UA,81,81,0,0,3.432098765432099,0.0,9.876543209876543
"2025-02-05 20:00:00","2025-02-05 21:00:00",WN,166,164,0,2,3.0301204819277108,0.0,13.855421686746988
"2025-02-05 21:00:00","2025-02-05 22:00:00",AA,79,78,1,0,23.076923076923077,1.2658227848101267,19.23076923076923
"2025-02-05 21:00:00","2025-02-05 22:00:00",DL,66,65,1,0,21.184615384615384,1.5151515151515151,9.23076923076923
"2025-02-05 21:00:00","2025-02-05 22:00:00",UA,26,26,0,0,-3.730769230769231,0.0,3.8461538461538463
"2025-02-05 21:00:00","2025-02-05 22:00:00",WN,15,15,0,0,-2.533333333333333,0.0,0.0
"2025-02-05 22:00:00","2025-02-05 23:00:00",AA,57,55,2,0,-1.7636363636363637,3.508771929824561,7.2727272727272725
"2025-02-05 22:00:00","2025-02-05 23:00:00",DL,87,83,0,4,4.67816091954023,0.0,5.747126436781609
"2025-02-05 22:00:00","2025-02-05 23:00:00",UA,24,24,0,0,-5.583333333333333,0.0,0.0
"2025-02-05 23:00:00","2025-02-06 00:00:00",AA,20,15,5,0,2.4,25.0,13.333333333333334
"2025-02-05 23:00:00","2025-02-06 00:00:00",DL,19,18,0,1,-3.0526315789473686,0.0,5.2631578947368425
"2025-02-05 23:00:00","2025-02-06 00:00:00",UA,27,27,0,0,-2.3333333333333335,0.0,3.7037037037037037
"2025-02-06 00:00:00","2025-02-06 01:00:00",AA,7,6,1,0,-1.5,14.285714285714286,0.0
"2025-02-06 00:00:00","2025-02-06 01:00:00",DL,1,1,0,0,-6.0,0.0,0.0
"2025-02-06 00:00:00","2025-02-06 01:00:00",UA,3,3,0,0,25.0,0.0,33.333333333333336
"2025-02-06 01:00:00","2025-02-06 02:00:00",DL,2,2,0,0,21.5,0.0,50.0
"2025-02-06 01:00:00","2025-02-06 02:00:00",UA,1,1,0,0,-16.0,0.0,0.0
"2025-02-06 02:00:00","2025-02-06 03:00:00",UA,1,1,0,0,1.0,0.0,0.0
"2025-02-06 05:00:00","2025-02-06 06:00:00",AA,104,101,3,0,1.3465346534653466,2.8846153846153846,6.930693069306931
"2025-02-06 05:00:00","2025-02-06 06:00:00",DL,68,68,0,0,13.073529411764707,0.0,5.882352941176471
"2025-02-06 05:00:00","2025-02-06 06:00:00",UA,24,24,0,0,4.5,0.0,12.5
"2025-02-06 05:00:00","2025-02-06 06:00:00",WN,94,93,1,0,-0.6666666666666666,1.0638297872340425,3.225806451612903
"2025-02-06 06:00:00","2025-02-06 07:00:00",AA,173,157,16,0,12.019108280254777,9.248554913294798,8.280254777070065
"2025-02-06 06:00:00","2025-02-06 07:00:00",DL,185,182,3,0,11.60989010989011,1.6216216216216217,10.43956043956044
"2025-02-06 06:00:00","2025-02-06 07:00:00",UA,113,112,1,0,4.767857142857143,0.8849557522123894,10.714285714285714
"2025-02-06 06:00:00","2025-02-06 07:00:00",WN,302,299,2,1,2.4233333333333333,0.6622516556291391,11.333333333333334
"2025-02-06 07:00:00","2025-02-06 08:00:00",AA,207,196,10,1,2.4263959390862944,4.830917874396135,9.644670050761421
"2025-02-06 07:00:00","2025-02-06 08:00:00",DL,226,223,3,0,5.8475336322869955,1.3274336283185841,8.968609865470851
"2025-02-06 07:00:00","2025-02-06 08:00:00",UA,170,170,0,0,5.864705882352941,0.0,15.882352941176471
"2025-02-06 07:00:00","2025-02-06 08:00:00",WN,212,211,0,1,3.141509433962264,0.0,6.60377358490566
"2025-02-06 08:00:00","2025-02-06 09:00:00",AA,193,178,15,0,8.117977528089888,7.772020725388601,16.853932584269664
"2025-02-06 08:00:00","2025-02-06 09:00:00",DL,172,170,2,0,13.594117647058823,1.1627906976744187,20.0
"2025-02-06 08:00:00","2025-02-06 09:00:00",UA,181,180,1,0,13.305555555555555,0.5524861878453039,22.22222222222222
"2025-02-06 08:00:00","2025-02-06 09:00:00",WN,258,255,3,0,3.8784313725490196,1.1627906976744187,12.549019607843137
"2025-02-06 09:00:00","2025-02-06 10:00:00",AA,124,117,7,0,16.11965811965812,5.645161290322581,15.384615384615385
"2025-02-06 09:00:00","2025-02-06 10:00:00",DL,124,124,0,0,3.1451612903225805,0.0,11.290322580645162
"2025-02-06 09:00:00","2025-02-06 10:00:00",UA,154,153,1,0,15.61437908496732,0.6493506493506493,23.529411764705884
"2025-02-06 09:00:00","2025-02-06 10:00:00",WN,213,213,0,0,5.849765258215962,0.0,18.779342723004696
"2025-02-06 10:00:00","2025-02-06 11:00:00",AA,140,134,6,0,8.634328358208956,4.285714285714286,20.149253731343283
"2025-02-06 10:00:00","2025-02-06 11:00:00",DL,158,158,0,0,12.183544303797468,0.0,23.417721518987342
"2025-02-06 10:00:00","2025-02-06 11:00:00",UA,118,117,1,0,23.29059829059829,0.847457627118644,33.333333333333336
"2025-02-06 10:00:00","2025-02-06 11:00:00",WN,233,233,0,0,4.836909871244635,0.0,12.446351931330472
"2025-02-06 11:00:00","2025-02-06 12:00:00",AA,159,154,5,0,13.883116883116884,3.1446540880503147,23.376623376623378
"2025-02-06 11:00:00","2025-02-06 12:00:00",DL,187,187,0,0,13.064171122994653,0.0,29.946524064171122
"2025-02-06 11:00:00","2025-02-06 12:00:00",UA,121,120,1,0,18.2,0.8264462809917356,35.833333333333336
"2025-02-06 11:00:00","2025-02-06 12:00:00",WN,221,220,0,1,7.552036199095022,0.0,18.099547511312217
"2025-02-06 12:00:00","2025-02-06 13:00:00",AA,130,126,4,0,20.595238095238095,3.076923076923077,21.428571428571427
"2025-02-06 12:00:00","2025-02-06 13:00:00",DL,169,165,4,0,17.327272727272728,2.366863905325444,33.333333333333336
"2025-02-06 12:00:00","2025-02-06 13:00:00",UA,134,134,0,0,20.432835820895523,0.0,33.582089552238806
"2025-02-06 12:00:00","2025-02-06 13:00:00",WN,218,217,1,0,7.71889400921659,0.45871559633027525,17.05069124423963
"2025-02-06 13:00:00","2025-02-06 14:00:00",AA,136,134,2,0,18.791044776119403,1.4705882352941178,26.119402985074625
"2025-02-06 13:00:00","2025-02-06 14:00:00",DL,145,145,0,0,14.606896551724137,0.0,27.586206896551722
"2025-02-06 13:00:00","2025-02-06 14:00:00",UA,129,128,1,0,20.9453125,0.7751937984496124,32.8125
"2025-02-06 13:00:00","2025-02-06 14:00:00",WN,235,235,0,0,7.034042553191489,0.0,18.72340425531915
"2025-02-06 14:00:00","2025-02-06 15:00:00",AA,159,158,1,0,9.974683544303797,0.6289308176100629,26.582278481012658
"2025-02-06 14:00:00","2025-02-06 15:00:00",DL,132,132,0,0,13.583333333333334,0.0,27.272727272727273
"2025-02-06 14:00:00","2025-02-06 15:00:00",UA,118,118,0,0,26.06779661016949,0.0,34.74576271186441
"2025-02-06 14:00:00","2025-02-06 15:00:00",WN,223,221,1,1,8.4009009009009,0.4484304932735426,19.81981981981982
"2025-02-06 15:00:00","2025-02-06 16:00:00",AA,117,116,1,0,15.46551724137931,0.8547008547008547,20.689655172413794
"2025-02-06 15:00:00","2025-02-06 16:00:00",DL,173,171,0,2,18.942196531791907,0.0,35.26011560693642
"2025-02-06 15:00:00","2025-02-06 16:00:00",UA,91,91,0,0,38.86813186813187,0.0,41.75824175824176
"2025-02-06 15:00:00","2025-02-06 16:00:00",WN,220,220,0,0,12.768181818181818,0.0,20.454545454545453
"2025-02-06 16:00:00","2025-02-06 17:00:00",AA,153,152,1,0,15.05921052631579,0.6535947712418301,26.973684210526315
"2025-02-06 16:00:00","2025-02-06 17:00:00",DL,132,131,1,0,15.763358778625955,0.7575757575757576,22.900763358778626
"2025-02-06 16:00:00","2025-02-06 17:00:00",UA,125,122,1,2,17.483870967741936,0.8,22.580645161290324
"2025-02-06 16:00:00","2025-02-06 17:00:00",WN,224,222,0,2,13.053571428571429,0.0,20.089285714285715
"2025-02-06 17:00:00","2025-02-06 18:00:00",AA,152,152,0,0,14.480263157894736,0.0,25.0
"2025-02-06 17:00:00","2025-02-06 18:00:00",DL,157,157,0,0,19.840764331210192,0.0,31.21019108280255
"2025-02-06 17:00:00","2025-02-06 18:00:00",UA,142,141,1,0,21.914893617021278,0.704225352112676,23.404255319148938
"2025-02-06 17:00:00","2025-02-06 18:00:00",WN,216,214,2,0,8.990654205607477,0.9259259259259259,16.35514018691589
"2025-02-06 18:00:00","2025-02-06 19:00:00",AA,169,169,0,0,15.775147928994082,0.0,18.34319526627219
"2025-02-06 18:00:00","2025-02-06 19:00:00",DL,152,152,0,0,16.43421052631579,0.0,28.94736842105263
"2025-02-06 18:00:00","2025-02-06 19:00:00",UA,139,138,0,1,33.201438848920866,0.0,43.884892086330936
"2025-02-06 18:00:00","2025-02-06 19:00:00",WN,219,219,0,0,13.65296803652968,0.0,20.54794520547945
"2025-02-06 19:00:00","2025-02-06 20:00:00",AA,147,147,0,0,9.904761904761905,0.0,21.08843537414966
"2025-02-06 19:00:00","2025-02-06 20:00:00",DL,143,142,1,0,14.169014084507042,0.6993006993006993,26.056338028169016
"2025-02-06 19:00:00","2025-02-06 20:00:00",UA,105,103,1,1,33.64423076923077,0.9523809523809523,48.07692307692308
"2025-02-06 19:00:00","2025-02-06 20:00:00",WN,269,269,0,0,12.639405204460967,0.0,22.676579925650557
"2025-02-06 20:00:00","2025-02-06 21:00:00",AA,122,122,0,0,8.540983606557377,0.0,20.491803278688526
"2025-02-06 20:00:00","2025-02-06 21:00:00",DL,93,92,0,1,17.419354838709676,0.0,29.032258064516128
"2025-02-06 20:00:00","2025-02-06 21:00:00",UA,85,85,0,0,24.976470588235294,0.0,41.1764705882353
"2025-02-06 20:00:00","2025-02-06 21:00:00",WN,176,175,1,0,10.902857142857142,0.5681818181818182,20.571428571428573
"2025-02-06 21:00:00","2025-02-06 22:00:00",AA,79,77,0,2,14.79746835443038,0.0,25.31645569620253
"2025-02-06 21:00:00","2025-02-06 22:00:00",DL,81,81,0,0,20.419753086419753,0.0,33.333333333333336
"2025-02-06 21:00:00","2025-02-06 22:00:00",UA,31,31,0,0,26.967741935483872,0.0,54.83870967741935
"2025-02-06 21:00:00","2025-02-06 22:00:00",WN,148,147,1,0,8.353741496598639,0.6756756756756757,14.285714285714286
"2025-02-06 22:00:00","2025-02-06 23:00:00",AA,90,90,0,0,13.466666666666667,0.0,17.77777777777778
"2025-02-06 22:00:00","2025-02-06 23:00:00",DL,86,86,0,0,10.162790697674419,0.0,13.953488372093023
"2025-02-06 22:00:00","2025-02-06 23:00:00",UA,25,25,0,0,29.04,0.0,44.0
"2025-02-06 22:00:00","2025-02-06 23:00:00",WN,3,3,0,0,2.6666666666666665,0.0,33.333333333333336
"2025-02-06 23:00:00","2025-02-07 00:00:00",AA,28,28,0,0,37.42857142857143,0.0,28.571428571428573
"2025-02-06 23:00:00","2025-02-07 00:00:00",DL,25,25,0,0,1.2,0.0,12.0
"2025-02-06 23:00:00","2025-02-07 00:00:00",UA,30,30,0,0,7.5,0.0,23.333333333333332
"2025-02-07 00:00:00","2025-02-07 01:00:00",AA,8,8,0,0,0.375,0.0,12.5
"2025-02-07 00:00:00","2025-02-07 01:00:00",DL,1,1,0,0,-6.0,0.0,0.0
"2025-02-07 00:00:00","2025-02-07 01:00:00",UA,3,3,0,0,19.666666666666668,0.0,66.66666666666667
"2025-02-07 01:00:00","2025-02-07 02:00:00",AA,1,1,0,0,6.0,0.0,0.0
"2025-02-07 01:00:00","2025-02-07 02:00:00",DL,2,2,0,0,-6.5,0.0,0.0
"2025-02-07 01:00:00","2025-02-07 02:00:00",UA,1,1,0,0,0.0,0.0,0.0
"2025-02-07 02:00:00","2025-02-07 03:00:00",UA,1,1,0,0,-11.0,0.0,0.0
"2025-02-07 05:00:00","2025-02-07 06:00:00",AA,102,101,1,0,-4.138613861386139,0.9803921568627451,1.9801980198019802
"2025-02-07 05:00:00","2025-02-07 06:00:00",DL,68,68,0,0,13.632352941176471,0.0,8.823529411764707
"2025-02-07 05:00:00","2025-02-07 06:00:00",UA,24,24,0,0,-2.875,0.0,4.166666666666667
"2025-02-07 05:00:00","2025-02-07 06:00:00",WN,100,100,0,0,0.35,0.0,1.0
"2025-02-07 06:00:00","2025-02-07 07:00:00",AA,175,175,0,0,12.685714285714285,0.0,4.571428571428571
"2025-02-07 06:00:00","2025-02-07 07:00:00",DL,182,181,1,0,2.3591160220994474,0.5494505494505495,7.734806629834254
"2025-02-07 06:00:00","2025-02-07 07:00:00",UA,112,112,0,0,-4.9375,0.0,0.8928571428571429
"2025-02-07 06:00:00","2025-02-07 07:00:00",WN,300,296,4,0,-1.5844594594594594,1.3333333333333333,3.7162162162162162
"2025-02-07 07:00:00","2025-02-07 08:00:00",AA,211,211,0,0,5.630331753554502,0.0,7.5829383886255926
"2025-02-07 07:00:00","2025-02-07 08:00:00",DL,227,227,0,0,1.475770925110132,0.0,6.167400881057269
"2025-02-07 07:00:00","2025-02-07 08:00:00",UA,170,170,0,0,6.682352941176471,0.0,7.0588235294117645
"2025-02-07 07:00:00","2025-02-07 08:00:00",WN,215,215,0,0,-1.386046511627907,0.0,3.255813953488372
"2025-02-07 08:00:00","2025-02-07 09:00:00",AA,196,194,0,2,2.0153061224489797,0.0,11.224489795918368
"2025-02-07 08:00:00","2025-02-07 09:00:00",DL,175,174,1,0,2.0057471264367814,0.5714285714285714,8.045977011494253
"2025-02-07 08:00:00","2025-02-07 09:00:00",UA,186,186,0,0,5.048387096774194,0.0,9.13978494623656
"2025-02-07 08:00:00","2025-02-07 09:00:00",WN,268,266,2,0,3.601503759398496,0.746268656716418,7.142857142857143
"2025-02-07 09:00:00","2025-02-07 10:00:00",AA,128,128,0,0,7.8203125,0.0,9.375
"2025-02-07 09:00:00","2025-02-07 10:00:00",DL,124,124,0,0,-0.6693548387096774,0.0,8.064516129032258
"2025-02-07 09:00:00","2025-02-07 10:00:00",UA,154,153,1,0,-0.8104575163398693,0.6493506493506493,4.57516339869281
"2025-02-07 09:00:00","2025-02-07 10:00:00",WN,218,214,4,0,0.9252336448598131,1.834862385321101,7.94392523364486
"2025-02-07 10:00:00","2025-02-07 11:00:00",AA,137,137,0,0,1.3357664233576643,0.0,5.109489051094891
"2025-02-07 10:00:00","2025-02-07 11:00:00",DL,154,154,0,0,3.4675324675324677,0.0,14.285714285714286
"2025-02-07 10:00:00","2025-02-07 11:00:00",UA,115,115,0,0,-0.02608695652173913,0.0,5.217391304347826
"2025-02-07 10:00:00","2025-02-07 11:00:00",WN,227,226,1,0,2.6327433628318584,0.44052863436123346,11.061946902654867
"2025-02-07 11:00:00","2025-02-07 12:00:00",AA,157,157,0,0,6.044585987261146,0.0,11.464968152866241
"2025-02-07 11:00:00","2025-02-07 12:00:00",DL,185,185,0,0,7.994594594594594,0.0,13.513513513513514
"2025-02-07 11:00:00","2025-02-07 12:00:00",UA,119,118,0,1,2.8907563025210083,0.0,9.243697478991596
"2025-02-07 11:00:00","2025-02-07 12:00:00",WN,227,226,1,0,2.0442477876106193,0.44052863436123346,7.079646017699115
"2025-02-07 12:00:00","2025-02-07 13:00:00",AA,134,134,0,0,28.94776119402985,0.0,15.671641791044776
"2025-02-07 12:00:00","2025-02-07 13:00:00",DL,172,171,0,1,5.465116279069767,0.0,12.790697674418604
"2025-02-07 12:00:00","2025-02-07 13:00:00",UA,136,134,2,0,1.1044776119402986,1.4705882352941178,8.208955223880597
"2025-02-07 12:00:00","2025-02-07 13:00:00",WN,222,222,0,0,3.7027027027027026,0.0,12.162162162162161
"2025-02-07 13:00:00","2025-02-07 14:00:00",AA,132,132,0,0,11.545454545454545,0.0,15.909090909090908
"2025-02-07 13:00:00","2025-02-07 14:00:00",DL,146,146,0,0,8.63013698630137,0.0,18.493150684931507
"2025-02-07 13:00:00","2025-02-07 14:00:00",UA,132,132,0,0,5.287878787878788,0.0,9.090909090909092
"2025-02-07 13:00:00","2025-02-07 14:00:00",WN,249,247,0,2,5.168674698795181,0.0,15.662650602409638
"2025-02-07 14:00:00","2025-02-07 15:00:00",AA,149,149,0,0,13.496644295302014,0.0,14.765100671140939
"2025-02-07 14:00:00","2025-02-07 15:00:00",DL,134,134,0,0,4.417910447761194,0.0,15.671641791044776
"2025-02-07 14:00:00","2025-02-07 15:00:00",UA,117,117,0,0,0.717948717948718,0.0,9.401709401709402
"2025-02-07 14:00:00","2025-02-07 15:00:00",WN,221,221,0,0,6.334841628959276,0.0,17.647058823529413
"2025-02-07 15:00:00","2025-02-07 16:00:00",AA,119,119,0,0,10.495798319327731,0.0,14.285714285714286
"2025-02-07 15:00:00","2025-02-07 16:00:00",DL,180,180,0,0,4.0777777777777775,0.0,13.333333333333334
"2025-02-07 15:00:00","2025-02-07 16:00:00",UA,94,94,0,0,1.0638297872340425,0.0,9.574468085106384
"2025-02-07 15:00:00","2025-02-07 16:00:00",WN,230,230,0,0,8.352173913043478,0.0,23.47826086956522
"2025-02-07 16:00:00","2025-02-07 17:00:00",AA,140,140,0,0,3.35,0.0,14.285714285714286
"2025-02-07 16:00:00","2025-02-07 17:00:00",DL,132,132,0,0,4.333333333333333,0.0,15.909090909090908
"2025-02-07 16:00:00","2025-02-07 17:00:00",UA,129,128,1,0,3.6640625,0.7751937984496124,13.28125
"2025-02-07 16:00:00","2025-02-07 17:00:00",WN,225,225,0,0,7.906666666666666,0.0,23.555555555555557
"2025-02-07 17:00:00","2025-02-07 18:00:00",AA,154,154,0,0,3.0324675324675323,0.0,11.688311688311689
"2025-02-07 17:00:00","2025-02-07 18:00:00",DL,169,169,0,0,7.715976331360947,0.0,17.159763313609467
"2025-02-07 17:00:00","2025-02-07 18:00:00",UA,146,146,0,0,1.9383561643835616,0.0,12.32876712328767
"2025-02-07 17:00:00","2025-02-07 18:00:00",WN,224,223,0,1,8.035714285714286,0.0,20.982142857142858
"2025-02-07 18:00:00","2025-02-07 19:00:00",AA,144,144,0,0,1.7291666666666667,0.0,10.416666666666666
"2025-02-07 18:00:00","2025-02-07 19:00:00",DL,155,155,0,0,1.4322580645161291,0.0,10.32258064516129
"2025-02-07 18:00:00","2025-02-07 19:00:00",UA,139,138,0,1,0.34532374100719426,0.0,9.352517985611511
"2025-02-07 18:00:00","2025-02-07 19:00:00",WN,219,219,0,0,5.164383561643835,0.0,15.981735159817351
"2025-02-07 19:00:00","2025-02-07 20:00:00",AA,110,110,0,0,2.3454545454545452,0.0,15.454545454545455
"2025-02-07 19:00:00","2025-02-07 20:00:00",DL,136,136,0,0,0.9411764705882353,0.0,11.764705882352942
"2025-02-07 19:00:00","2025-02-07 20:00:00",UA,102,101,0,1,0.803921568627451,0.0,7.8431372549019605
"2025-02-07 19:00:00","2025-02-07 20:00:00",WN,264,264,0,0,6.25,0.0,17.424242424242426
"2025-02-07 20:00:00","2025-02-07 21:00:00",AA,86,86,0,0,1.6162790697674418,0.0,10.465116279069768
"2025-02-07 20:00:00","2025-02-07 21:00:00",DL,94,94,0,0,0.2978723404255319,0.0,8.51063829787234
"2025-02-07 20:00:00","2025-02-07 21:00:00",UA,81,81,0,0,13.82716049382716,0.0,9.876543209876543
"2025-02-07 20:00:00","2025-02-07 21:00:00",WN,179,179,0,0,4.76536312849162,0.0,18.99441340782123
"2025-02-07 21:00:00","2025-02-07 22:00:00",AA,83,83,0,0,4.9156626506024095,0.0,14.457831325301205
"2025-02-07 21:00:00","2025-02-07 22:00:00",DL,85,84,1,0,0.8452380952380952,1.1764705882352942,7.142857142857143
"2025-02-07 21:00:00","2025-02-07 22:00:00",UA,30,30,0,0,5.7,0.0,3.3333333333333335
"2025-02-07 21:00:00","2025-02-07 22:00:00",WN,146,145,0,1,2.4452054794520546,0.0,13.698630136986301
"2025-02-07 22:00:00","2025-02-07 23:00:00",AA,55,55,0,0,-0.4727272727272727,0.0,10.909090909090908
"2025-02-07 22:00:00","2025-02-07 23:00:00",DL,92,92,0,0,-1.2826086956521738,0.0,9.782608695652174
"2025-02-07 22:00:00","2025-02-07 23:00:00",UA,25,25,0,0,-1.12,0.0,12.0
"2025-02-07 22:00:00","2025-02-07 23:00:00",WN,2,2,0,0,-6.5,0.0,0.0
"2025-02-07 23:00:00","2025-02-08 00:00:00",AA,22,22,0,0,41.59090909090909,0.0,9.090909090909092
"2025-02-07 23:00:00","2025-02-08 00:00:00",DL,24,24,0,0,2.0833333333333335,0.0,16.666666666666668
"2025-02-07 23:00:00","2025-02-08 00:00:00",UA,30,30,0,0,-1.5,0.0,6.666666666666667
"2025-02-08 00:00:00","2025-02-08 01:00:00",AA,5,5,0,0,-3.6,0.0,0.0
"2025-02-08 00:00:00","2025-02-08 01:00:00",DL,1,1,0,0,-13.0,0.0,0.0
"2025-02-08 00:00:00","2025-02-08 01:00:00",UA,3,3,0,0,-5.0,0.0,0.0
"2025-02-08 01:00:00","2025-02-08 02:00:00",DL,2,2,0,0,6.0,0.0,0.0
"2025-02-08 01:00:00","2025-02-08 02:00:00",UA,1,1,0,0,-2.0,0.0,0.0
"2025-02-08 02:00:00","2025-02-08 03:00:00",UA,1,1,0,0,-10.0,0.0,0.0
"2025-02-08 05:00:00","2025-02-08 06:00:00",AA,82,82,0,0,1.853658536585366,0.0,8.536585365853659
"2025-02-08 05:00:00","2025-02-08 06:00:00",DL,59,59,0,0,1.7627118644067796,0.0,8.474576271186441
"2025-02-08 05:00:00","2025-02-08 06:00:00",UA,24,24,0,0,-3.9583333333333335,0.0,4.166666666666667
"2025-02-08 05:00:00","2025-02-08 06:00:00",WN,58,58,0,0,-2.0689655172413794,0.0,1.7241379310344827
"2025-02-08 06:00:00","2025-02-08 07:00:00",AA,167,165,0,2,0.1497005988023952,0.0,6.586826347305389
"2025-02-08 06:00:00","2025-02-08 07:00:00",DL,172,172,0,0,-2.372093023255814,0.0,3.488372093023256
"2025-02-08 06:00:00","2025-02-08 07:00:00",UA,109,109,0,0,-5.4495412844036695,0.0,0.9174311926605505
"2025-02-08 06:00:00","2025-02-08 07:00:00",WN,190,190,0,0,-0.968421052631579,0.0,4.2105263157894735
"2025-02-08 07:00:00","2025-02-08 08:00:00",AA,157,156,1,0,-0.00641025641025641,0.6369426751592356,8.333333333333334
"2025-02-08 07:00:00","2025-02-08 08:00:00",DL,195,195,0,0,-1.2153846153846153,0.0,7.17948717948718
"2025-02-08 07:00:00","2025-02-08 08:00:00",UA,160,160,0,0,0.75,0.0,7.5
"2025-02-08 07:00:00","2025-02-08 08:00:00",WN,203,203,0,0,-0.9753694581280788,0.0,2.4630541871921183
"2025-02-08 08:00:00","2025-02-08 09:00:00",AA,179,179,0,0,0.12290502793296089,0.0,6.70391061452514
"2025-02-08 08:00:00","2025-02-08 09:00:00",DL,149,149,0,0,4.76510067114094,0.0,10.06711409395973
"2025-02-08 08:00:00","2025-02-08 09:00:00",UA,163,163,0,0,-1.8098159509202454,0.0,3.6809815950920246
"2025-02-08 08:00:00","2025-02-08 09:00:00",WN,238,237,0,1,-1.2016806722689075,0.0,3.7815126050420167
"2025-02-08 09:00:00","2025-02-08 10:00:00",AA,113,112,1,0,5.982142857142857,0.8849557522123894,11.607142857142858
"2025-02-08 09:00:00","2025-02-08 10:00:00",DL,119,119,0,0,5.025210084033613,0.0,10.084033613445378
"2025-02-08 09:00:00","2025-02-08 10:00:00",UA,133,133,0,0,-1.1578947368421053,0.0,4.511278195488722
"2025-02-08 09:00:00","2025-02-08 10:00:00",WN,219,218,1,0,-1.4770642201834863,0.45662100456621,4.128440366972477
"2025-02-08 10:00:00","2025-02-08 11:00:00",AA,122,122,0,0,1.1229508196721312,0.0,9.836065573770492
"2025-02-08 10:00:00","2025-02-08 11:00:00",DL,122,122,0,0,3.319672131147541,0.0,9.01639344262295
"2025-02-08 10:00:00","2025-02-08 11:00:00",UA,114,114,0,0,2.245614035087719,0.0,10.526315789473685
"2025-02-08 10:00:00","2025-02-08 11:00:00",WN,213,213,0,0,-0.38028169014084506,0.0,5.633802816901408
"2025-02-08 11:00:00","2025-02-08 12:00:00",AA,136,134,2,0,5.029850746268656,1.4705882352941178,11.940298507462687
"2025-02-08 11:00:00","2025-02-08 12:00:00",DL,168,168,0,0,6.125,0.0,15.476190476190476
"2025-02-08 11:00:00","2025-02-08 12:00:00",UA,108,108,0,0,6.648148148148148,0.0,11.11111111111111
"2025-02-08 11:00:00","2025-02-08 12:00:00",WN,230,229,1,0,1.0698689956331877,0.43478260869565216,6.550218340611353
"2025-02-08 12:00:00","2025-02-08 13:00:00",AA,113,113,0,0,16.265486725663717,0.0,8.849557522123893
"2025-02-08 12:00:00","2025-02-08 13:00:00",DL,146,146,0,0,14.232876712328768,0.0,18.493150684931507
"2025-02-08 12:00:00","2025-02-08 13:00:00",UA,114,113,1,0,1.0,0.8771929824561403,8.849557522123893
"2025-02-08 12:00:00","2025-02-08 13:00:00",WN,195,194,1,0,0.5979381443298969,0.5128205128205128,7.731958762886598
"2025-02-08 13:00:00","2025-02-08 14:00:00",AA,114,112,2,0,7.133928571428571,1.7543859649122806,16.964285714285715
"2025-02-08 13:00:00","2025-02-08 14:00:00",DL,123,123,0,0,4.219512195121951,0.0,13.008130081300813
"2025-02-08 13:00:00","2025-02-08 14:00:00",UA,117,117,0,0,2.0427350427350426,0.0,10.256410256410257
"2025-02-08 13:00:00","2025-02-08 14:00:00",WN,193,193,0,0,3.0155440414507773,0.0,10.362694300518134
"2025-02-08 14:00:00","2025-02-08 15:00:00",AA,125,120,5,0,3.025,4.0,14.166666666666666
"2025-02-08 14:00:00","2025-02-08 15:00:00",DL,113,112,0,1,4.929203539823009,0.0,19.469026548672566
"2025-02-08 14:00:00","2025-02-08 15:00:00",UA,107,107,0,0,1.6728971962616823,0.0,7.4766355140186915
"2025-02-08 14:00:00","2025-02-08 15:00:00",WN,235,235,0,0,3.0,0.0,10.638297872340425
"2025-02-08 15:00:00","2025-02-08 16:00:00",AA,108,103,5,0,-0.7475728155339806,4.62962962962963,8.737864077669903
"2025-02-08 15:00:00","2025-02-08 16:00:00",DL,140,138,0,2,4.757142857142857,0.0,14.285714285714286
"2025-02-08 15:00:00","2025-02-08 16:00:00",UA,73,73,0,0,15.561643835616438,0.0,17.80821917808219
"2025-02-08 15:00:00","2025-02-08 16:00:00",WN,185,185,0,0,6.681081081081081,0.0,16.756756756756758
"2025-02-08 16:00:00","2025-02-08 17:00:00",AA,125,116,9,0,2.586206896551724,7.2,11.206896551724139
"2025-02-08 16:00:00","2025-02-08 17:00:00",DL,101,100,0,1,0.16831683168316833,0.0,8.910891089108912
"2025-02-08 16:00:00","2025-02-08 17:00:00",UA,106,105,1,0,1.8571428571428572,0.9433962264150944,11.428571428571429
"2025-02-08 16:00:00","2025-02-08 17:00:00",WN,202,202,0,0,3.0742574257425743,0.0,13.861386138613861
"2025-02-08 17:00:00","2025-02-08 18:00:00",AA,141,127,13,1,5.53125,9.21985815602837,17.96875
"2025-02-08 17:00:00","2025-02-08 18:00:00",DL,156,155,0,1,18.108974358974358,0.0,21.794871794871796
"2025-02-08 17:00:00","2025-02-08 18:00:00",UA,126,124,1,1,4.352,0.7936507936507936,15.2
"2025-02-08 17:00:00","2025-02-08 18:00:00",WN,189,188,0,1,3.878306878306878,0.0,16.402116402116402
"2025-02-08 18:00:00","2025-02-08 19:00:00",AA,137,120,16,1,13.801652892561984,11.678832116788321,8.264462809917354
"2025-02-08 18:00:00","2025-02-08 19:00:00",DL,105,105,0,0,12.133333333333333,0.0,14.285714285714286
"2025-02-08 18:00:00","2025-02-08 19:00:00",UA,108,105,2,1,7.584905660377358,1.8518518518518519,20.754716981132077
"2025-02-08 18:00:00","2025-02-08 19:00:00",WN,152,152,0,0,7.6118421052631575,0.0,19.736842105263158
"2025-02-08 19:00:00","2025-02-08 20:00:00",AA,99,81,18,0,14.037037037037036,18.181818181818183,16.049382716049383
"2025-02-08 19:00:00","2025-02-08 20:00:00",DL,82,80,1,1,51.46913580246913,1.2195121951219512,18.51851851851852
"2025-02-08 19:00:00","2025-02-08 20:00:00",UA,80,80,0,0,1.3125,0.0,16.25
"2025-02-08 19:00:00","2025-02-08 20:00:00",WN,79,79,0,0,12.367088607594937,0.0,37.9746835443038
"2025-02-08 20:00:00","2025-02-08 21:00:00",AA,80,70,9,1,4.394366197183099,11.25,12.67605633802817
"2025-02-08 20:00:00","2025-02-08 21:00:00",DL,62,59,3,0,23.93220338983051,4.838709677419355,15.254237288135593
"2025-02-08 20:00:00","2025-02-08 21:00:00",UA,74,69,4,1,12.285714285714286,5.405405405405405,25.714285714285715
"2025-02-08 20:00:00","2025-02-08 21:00:00",WN,35,35,0,0,4.714285714285714,0.0,11.428571428571429
"2025-02-08 21:00:00","2025-02-08 22:00:00",AA,78,71,6,1,1.4305555555555556,7.6923076923076925,9.722222222222221
"2025-02-08 21:00:00","2025-02-08 22:00:00",DL,63,63,0,0,23.26984126984127,0.0,15.873015873015873
"2025-02-08 21:00:00","2025-02-08 22:00:00",UA,22,20,2,0,126.15,9.090909090909092,55.0
"2025-02-08 21:00:00","2025-02-08 22:00:00",WN,3,3,0,0,-5.666666666666667,0.0,0.0
"2025-02-08 22:00:00","2025-02-08 23:00:00",AA,56,50,6,0,7.18,10.714285714285714,10.0
"2025-02-08 22:00:00","2025-02-08 23:00:00",DL,64,64,0,0,22.75,0.0,12.5
"2025-02-08 22:00:00","2025-02-08 23:00:00",UA,22,21,1,0,5.9523809523809526,4.545454545454546,9.523809523809524
"2025-02-08 23:00:00","2025-02-09 00:00:00",AA,22,18,4,0,0.2222222222222222,18.181818181818183,11.11111111111111
"2025-02-08 23:00:00","2025-02-09 00:00:00",DL,19,19,0,0,2.8421052631578947,0.0,10.526315789473685
"2025-02-08 23:00:00","2025-02-09 00:00:00",UA,26,24,0,2,18.115384615384617,0.0,23.076923076923077
"2025-02-09 00:00:00","2025-02-09 01:00:00",AA,6,6,0,0,-4.5,0.0,0.0
"2025-02-09 00:00:00","2025-02-09 01:00:00",DL,1,1,0,0,-9.0,0.0,0.0
"2025-02-09 00:00:00","2025-02-09 01:00:00",UA,3,3,0,0,27.666666666666668,0.0,33.333333333333336
"2025-02-09 01:00:00","2025-02-09 02:00:00",DL,2,2,0,0,-11.5,0.0,0.0
"2025-02-09 01:00:00","2025-02-09 02:00:00",UA,1,1,0,0,3.0,0.0,0.0
"2025-02-09 02:00:00","2025-02-09 03:00:00",UA,1,1,0,0,-7.0,0.0,0.0
"2025-02-09 05:00:00","2025-02-09 06:00:00",AA,89,79,10,0,7.151898734177215,11.235955056179776,8.860759493670885
"2025-02-09 05:00:00","2025-02-09 06:00:00",DL,60,60,0,0,16.183333333333334,0.0,13.333333333333334
"2025-02-09 05:00:00","2025-02-09 06:00:00",UA,24,23,1,0,-1.9130434782608696,4.166666666666667,4.3478260869565215
"2025-02-09 05:00:00","2025-02-09 06:00:00",WN,27,26,1,0,-1.6538461538461537,3.7037037037037037,0.0
"2025-02-09 06:00:00","2025-02-09 07:00:00",AA,168,153,15,0,5.8431372549019605,8.928571428571429,5.882352941176471
"2025-02-09 06:00:00","2025-02-09 07:00:00",DL,166,164,2,0,8.237804878048781,1.2048192771084338,8.536585365853659
"2025-02-09 06:00:00","2025-02-09 07:00:00",UA,111,105,6,0,5.733333333333333,5.405405405405405,16.19047619047619
"2025-02-09 06:00:00","2025-02-09 07:00:00",WN,212,207,5,0,-3.4009661835748792,2.358490566037736,1.932367149758454
"2025-02-09 07:00:00","2025-02-09 08:00:00",AA,174,161,13,0,2.3167701863354035,7.471264367816092,9.937888198757763
"2025-02-09 07:00:00","2025-02-09 08:00:00",DL,202,199,3,0,10.93969849246231,1.4851485148514851,11.557788944723619
"2025-02-09 07:00:00","2025-02-09 08:00:00",UA,164,161,3,0,-0.8881987577639752,1.829268292682927,6.832298136645963
"2025-02-09 07:00:00","2025-02-09 08:00:00",WN,188,186,2,0,-3.2795698924731185,1.0638297872340425,2.6881720430107525
"2025-02-09 08:00:00","2025-02-09 09:00:00",AA,196,183,13,0,4.087431693989071,6.63265306122449,11.475409836065573
"2025-02-09 08:00:00","2025-02-09 09:00:00",DL,158,157,0,1,3.348101265822785,0.0,12.658227848101266
"2025-02-09 08:00:00","2025-02-09 09:00:00",UA,175,174,1,0,4.637931034482759,0.5714285714285714,13.218390804597702
"2025-02-09 08:00:00","2025-02-09 09:00:00",WN,242,242,0,0,-0.21074380165289255,0.0,6.198347107438017
"2025-02-09 09:00:00","2025-02-09 10:00:00",AA,125,117,8,0,12.7008547008547,6.4,15.384615384615385
"2025-02-09 09:00:00","2025-02-09 10:00:00",DL,118,118,0,0,9.508474576271187,0.0,16.10169491525424
"2025-02-09 09:00:00","2025-02-09 10:00:00",UA,144,144,0,0,8.131944444444445,0.0,13.194444444444445
"2025-02-09 09:00:00","2025-02-09 10:00:00",WN,228,227,1,0,-0.9955947136563876,0.43859649122807015,3.9647577092511015
"2025-02-09 10:00:00","2025-02-09 11:00:00",AA,137,135,2,0,13.585185185185185,1.4598540145985401,17.77777777777778
"2025-02-09 10:00:00","2025-02-09 11:00:00",DL,122,122,0,0,5.89344262295082,0.0,16.39344262295082
"2025-02-09 10:00:00","2025-02-09 11:00:00",UA,119,119,0,0,10.655462184873949,0.0,18.48739495798319
"2025-02-09 10:00:00","2025-02-09 11:00:00",WN,202,202,0,0,2.6930693069306932,0.0,8.415841584158416
"2025-02-09 11:00:00","2025-02-09 12:00:00",AA,155,155,0,0,11.12258064516129,0.0,18.70967741935484
"2025-02-09 11:00:00","2025-02-09 12:00:00",DL,172,172,0,0,13.069767441860465,0.0,28.488372093023255
"2025-02-09 11:00:00","2025-02-09 12:00:00",UA,116,115,1,0,10.443478260869565,0.8620689655172413,21.73913043478261
"2025-02-09 11:00:00","2025-02-09 12:00:00",WN,263,262,1,0,2.0610687022900764,0.38022813688212925,8.396946564885496
"2025-02-09 12:00:00","2025-02-09 13:00:00",AA,131,130,1,0,17.869230769230768,0.7633587786259542,20.76923076923077
"2025-02-09 12:00:00","2025-02-09 13:00:00",DL,154,153,1,0,7.7973856209150325,0.6493506493506493,17.647058823529413
"2025-02-09 12:00:00","2025-02-09 13:00:00",UA,130,130,0,0,8.592307692307692,0.0,20.76923076923077
"2025-02-09 12:00:00","2025-02-09 13:00:00",WN,182,182,0,0,2.098901098901099,0.0,12.637362637362637
"2025-02-09 13:00:00","2025-02-09 14:00:00",AA,135,135,0,0,12.837037037037037,0.0,20.0
"2025-02-09 13:00:00","2025-02-09 14:00:00",DL,132,132,0,0,13.31060606060606,0.0,20.454545454545453
"2025-02-09 13:00:00","2025-02-09 14:00:00",UA,128,128,0,0,10.421875,0.0,17.1875
"2025-02-09 13:00:00","2025-02-09 14:00:00",WN,239,239,0,0,4.460251046025105,0.0,14.225941422594142
"2025-02-09 14:00:00","2025-02-09 15:00:00",AA,158,158,0,0,14.462025316455696,0.0,15.189873417721518
"2025-02-09 14:00:00","2025-02-09 15:00:00",DL,112,112,0,0,5.723214285714286,0.0,15.178571428571429
"2025-02-09 14:00:00","2025-02-09 15:00:00",UA,113,113,0,0,8.893805309734514,0.0,16.8141592920354
"2025-02-09 14:00:00","2025-02-09 15:00:00",WN,215,215,0,0,2.427906976744186,0.0,10.69767441860465
"2025-02-09 15:00:00","2025-02-09 16:00:00",AA,112,111,0,1,17.330357142857142,0.0,24.107142857142858
"2025-02-09 15:00:00","2025-02-09 16:00:00",DL,148,148,0,0,11.175675675675675,0.0,22.972972972972972
"2025-02-09 15:00:00","2025-02-09 16:00:00",UA,91,90,1,0,7.5777777777777775,1.098901098901099,14.444444444444445
"2025-02-09 15:00:00","2025-02-09 16:00:00",WN,231,230,0,1,1.316017316017316,0.0,9.523809523809524
"2025-02-09 16:00:00","2025-02-09 17:00:00",AA,157,156,1,0,8.948717948717949,0.6369426751592356,17.94871794871795
"2025-02-09 16:00:00","2025-02-09 17:00:00",DL,101,101,0,0,3.1782178217821784,0.0,12.871287128712872
"2025-02-09 16:00:00","2025-02-09 17:00:00",UA,125,125,0,0,6.088,0.0,15.2
"2025-02-09 16:00:00","2025-02-09 17:00:00",WN,209,209,0,0,0.14832535885167464,0.0,5.2631578947368425
"2025-02-09 17:00:00","2025-02-09 18:00:00",AA,159,159,0,0,17.81132075471698,0.0,23.89937106918239
"2025-02-09 17:00:00","2025-02-09 18:00:00",DL,146,146,0,0,2.3972602739726026,0.0,11.643835616438356
"2025-02-09 17:00:00","2025-02-09 18:00:00",UA,145,145,0,0,9.110344827586207,0.0,15.862068965517242
"2025-02-09 17:00:00","2025-02-09 18:00:00",WN,186,186,0,0,2.4838709677419355,0.0,11.827956989247312
"2025-02-09 18:00:00","2025-02-09 19:00:00",AA,161,161,0,0,9.93167701863354,0.0,18.633540372670808
"2025-02-09 18:00:00","2025-02-09 19:00:00",DL,110,110,0,0,9.872727272727273,0.0,17.272727272727273
"2025-02-09 18:00:00","2025-02-09 19:00:00",UA,139,138,0,1,4.136690647482014,0.0,12.23021582733813
"2025-02-09 18:00:00","2025-02-09 19:00:00",WN,239,239,0,0,0.698744769874477,0.0,7.112970711297071
"2025-02-09 19:00:00","2025-02-09 20:00:00",AA,148,148,0,0,20.37837837837838,0.0,16.89189189189189
"2025-02-09 19:00:00","2025-02-09 20:00:00",DL,104,104,0,0,13.634615384615385,0.0,19.23076923076923
"2025-02-09 19:00:00","2025-02-09 20:00:00",UA,106,106,0,0,9.349056603773585,0.0,19.81132075471698
"2025-02-09 19:00:00","2025-02-09 20:00:00",WN,107,107,0,0,2.6542056074766354,0.0,12.149532710280374
"2025-02-09 20:00:00","2025-02-09 21:00:00",AA,122,122,0,0,9.770491803278688,0.0,22.131147540983605
"2025-02-09 20:00:00","2025-02-09 21:00:00",DL,60,60,0,0,12.583333333333334,0.0,23.333333333333332
"2025-02-09 20:00:00","2025-02-09 21:00:00",UA,87,87,0,0,7.2298850574712645,0.0,17.24137931034483
"2025-02-09 20:00:00","2025-02-09 21:00:00",WN,159,159,0,0,2.0251572327044025,0.0,10.062893081761006
"2025-02-09 21:00:00","2025-02-09 22:00:00",AA,83,83,0,0,10.36144578313253,0.0,18.072289156626507
"2025-02-09 21:00:00","2025-02-09 22:00:00",DL,72,72,0,0,-1.6111111111111112,0.0,8.333333333333334
"2025-02-09 21:00:00","2025-02-09 22:00:00",UA,33,32,1,0,9.78125,3.0303030303030303,18.75
"2025-02-09 21:00:00","2025-02-09 22:00:00",WN,14,14,0,0,7.214285714285714,0.0,14.285714285714286
"2025-02-09 22:00:00","2025-02-09 23:00:00",AA,89,89,0,0,1.8426966292134832,0.0,12.359550561797754
"2025-02-09 22:00:00","2025-02-09 23:00:00",DL,64,64,0,0,1.78125,0.0,10.9375
"2025-02-09 22:00:00","2025-02-09 23:00:00",UA,25,25,0,0,-3.36,0.0,4.0
"2025-02-09 23:00:00","2025-02-10 00:00:00",AA,28,28,0,0,2.6785714285714284,0.0,14.285714285714286
"2025-02-09 23:00:00","2025-02-10 00:00:00",DL,20,20,0,0,3.4,0.0,15.0
"2025-02-09 23:00:00","2025-02-10 00:00:00",UA,34,33,0,1,0.14705882352941177,0.0,17.647058823529413
"2025-02-10 00:00:00","2025-02-10 01:00:00",AA,8,8,0,0,-3.625,0.0,0.0
"2025-02-10 00:00:00","2025-02-10 01:00:00",DL,1,1,0,0,-4.0,0.0,0.0
"2025-02-10 00:00:00","2025-02-10 01:00:00",UA,5,5,0,0,7.2,0.0,20.0
"2025-02-10 01:00:00","2025-02-10 02:00:00",AA,1,1,0,0,-2.0,0.0,0.0
"2025-02-10 01:00:00","2025-02-10 02:00:00",DL,2,2,0,0,-3.0,0.0,0.0
"2025-02-10 01:00:00","2025-02-10 02:00:00",UA,1,0,1,0,,100.0,
"2025-02-10 02:00:00","2025-02-10 03:00:00",UA,3,3,0,0,7.333333333333333,0.0,33.333333333333336
"2025-02-10 05:00:00","2025-02-10 06:00:00",AA,104,104,0,0,-0.3942307692307692,0.0,5.769230769230769
"2025-02-10 05:00:00","2025-02-10 06:00:00",DL,66,66,0,0,-0.09090909090909091,0.0,9.090909090909092
"2025-02-10 05:00:00","2025-02-10 06:00:00",UA,28,28,0,0,-2.0357142857142856,0.0,7.142857142857143
"2025-02-10 05:00:00","2025-02-10 06:00:00",WN,95,95,0,0,-1.2947368421052632,0.0,3.1578947368421053
"2025-02-10 06:00:00","2025-02-10 07:00:00",AA,176,176,0,0,1.25,0.0,7.386363636363637
"2025-02-10 06:00:00","2025-02-10 07:00:00",DL,188,188,0,0,1.6595744680851063,0.0,4.787234042553192
"2025-02-10 06:00:00","2025-02-10 07:00:00",UA,115,115,0,0,1.0956521739130434,0.0,6.086956521739131
"2025-02-10 06:00:00","2025-02-10 07:00:00",WN,304,301,1,2,-0.8250825082508251,0.32894736842105265,4.29042904290429
"2025-02-10 07:00:00","2025-02-10 08:00:00",AA,209,207,1,1,15.509615384615385,0.4784688995215311,12.5
"2025-02-10 07:00:00","2025-02-10 08:00:00",DL,223,223,0,0,-0.6278026905829597,0.0,4.932735426008969
"2025-02-10 07:00:00","2025-02-10 08:00:00",UA,174,172,1,1,-1.739884393063584,0.5747126436781609,4.624277456647399
"2025-02-10 07:00:00","2025-02-10 08:00:00",WN,209,208,1,0,0.11057692307692307,0.4784688995215311,8.173076923076923
"2025-02-10 08:00:00","2025-02-10 09:00:00",AA,198,198,0,0,5.621212121212121,0.0,11.11111111111111
"2025-02-10 08:00:00","2025-02-10 09:00:00",DL,177,177,0,0,1.3389830508474576,0.0,7.344632768361582
"2025-02-10 08:00:00","2025-02-10 09:00:00",UA,188,188,0,0,1.5585106382978724,0.0,10.638297872340425
"2025-02-10 08:00:00","2025-02-10 09:00:00",WN,271,270,1,0,1.7185185185185186,0.36900369003690037,10.74074074074074
"2025-02-10 09:00:00","2025-02-10 10:00:00",AA,128,128,0,0,3.7890625,0.0,11.71875
"2025-02-10 09:00:00","2025-02-10 10:00:00",DL,120,120,0,0,2.4583333333333335,0.0,10.0
"2025-02-10 09:00:00","2025-02-10 10:00:00",UA,150,150,0,0,1.7066666666666668,0.0,10.0
"2025-02-10 09:00:00","2025-02-10 10:00:00",WN,219,219,0,0,6.607305936073059,0.0,15.525114155251142
"2025-02-10 10:00:00","2025-02-10 11:00:00",AA,137,137,0,0,8.335766423357665,0.0,16.05839416058394
"2025-02-10 10:00:00","2025-02-10 11:00:00",DL,156,155,0,1,1.1794871794871795,0.0,11.538461538461538
"2025-02-10 10:00:00","2025-02-10 11:00:00",UA,125,125,0,0,5.112,0.0,14.4
"2025-02-10 10:00:00","2025-02-10 11:00:00",WN,230,230,0,0,4.978260869565218,0.0,14.347826086956522
"2025-02-10 11:00:00","2025-02-10 12:00:00",AA,155,155,0,0,11.838709677419354,0.0,20.64516129032258
"2025-02-10 11:00:00","2025-02-10 12:00:00",DL,183,183,0,0,5.120218579234972,0.0,13.66120218579235
"2025-02-10 11:00:00","2025-02-10 12:00:00",UA,118,118,0,0,10.627118644067796,0.0,13.559322033898304
"2025-02-10 11:00:00","2025-02-10 12:00:00",WN,217,216,1,0,7.657407407407407,0.4608294930875576,18.055555555555557
"2025-02-10 12:00:00","2025-02-10 13:00:00",AA,134,134,0,0,20.529850746268657,0.0,17.91044776119403
"2025-02-10 12:00:00","2025-02-10 13:00:00",DL,170,170,0,0,5.411764705882353,0.0,11.176470588235293
"2025-02-10 12:00:00","2025-02-10 13:00:00",UA,132,132,0,0,11.303030303030303,0.0,17.424242424242426
"2025-02-10 12:00:00","2025-02-10 13:00:00",WN,226,225,1,0,8.168888888888889,0.4424778761061947,18.22222222222222
"2025-02-10 13:00:00","2025-02-10 14:00:00",AA,137,137,0,0,18.525547445255473,0.0,24.817518248175183
"2025-02-10 13:00:00","2025-02-10 14:00:00",DL,147,147,0,0,5.551020408163265,0.0,10.204081632653061
"2025-02-10 13:00:00","2025-02-10 14:00:00",UA,136,134,1,1,4.466666666666667,0.7352941176470589,12.592592592592593
"2025-02-10 13:00:00","2025-02-10 14:00:00",WN,246,245,1,0,7.114285714285714,0.4065040650406504,17.959183673469386
"2025-02-10 14:00:00","2025-02-10 15:00:00",AA,149,149,0,0,10.89261744966443,0.0,18.79194630872483
"2025-02-10 14:00:00","2025-02-10 15:00:00",DL,132,132,0,0,4.363636363636363,0.0,12.121212121212121
"2025-02-10 14:00:00","2025-02-10 15:00:00",UA,118,118,0,0,4.5423728813559325,0.0,16.10169491525424
"2025-02-10 14:00:00","2025-02-10 15:00:00",WN,223,222,1,0,10.094594594594595,0.4484304932735426,19.36936936936937
"2025-02-10 15:00:00","2025-02-10 16:00:00",AA,119,118,0,1,8.563025210084033,0.0,20.168067226890756
"2025-02-10 15:00:00","2025-02-10 16:00:00",DL,178,178,0,0,7.410112359550562,0.0,15.168539325842696
"2025-02-10 15:00:00","2025-02-10 16:00:00",UA,97,97,0,0,2.154639175257732,0.0,13.402061855670103
"2025-02-10 15:00:00","2025-02-10 16:00:00",WN,229,229,0,0,16.29694323144105,0.0,29.694323144104803
"2025-02-10 16:00:00","2025-02-10 17:00:00",AA,143,143,0,0,15.636363636363637,0.0,20.97902097902098
"2025-02-10 16:00:00","2025-02-10 17:00:00",DL,133,133,0,0,1.4887218045112782,0.0,9.774436090225564
"2025-02-10 16:00:00","2025-02-10 17:00:00",UA,122,122,0,0,8.10655737704918,0.0,15.573770491803279
"2025-02-10 16:00:00","2025-02-10 17:00:00",WN,226,226,0,0,11.650442477876107,0.0,20.79646017699115
"2025-02-10 17:00:00","2025-02-10 18:00:00",AA,155,155,0,0,14.6,0.0,19.35483870967742
"2025-02-10 17:00:00","2025-02-10 18:00:00",DL,167,167,0,0,0.10778443113772455,0.0,8.982035928143713
"2025-02-10 17:00:00","2025-02-10 18:00:00",UA,138,138,0,0,1.6666666666666667,0.0,10.869565217391305
"2025-02-10 17:00:00","2025-02-10 18:00:00",WN,226,226,0,0,13.504424778761061,0.0,24.336283185840706
"2025-02-10 18:00:00","2025-02-10 19:00:00",AA,140,140,0,0,14.207142857142857,0.0,25.714285714285715
"2025-02-10 18:00:00","2025-02-10 19:00:00",DL,152,152,0,0,6.559210526315789,0.0,19.07894736842105
"2025-02-10 18:00:00","2025-02-10 19:00:00",UA,140,139,0,1,3.9785714285714286,0.0,15.0
"2025-02-10 18:00:00","2025-02-10 19:00:00",WN,218,216,1,1,9.253456221198157,0.45871559633027525,22.580645161290324
"2025-02-10 19:00:00","2025-02-10 20:00:00",AA,111,111,0,0,6.378378378378378,0.0,18.91891891891892
"2025-02-10 19:00:00","2025-02-10 20:00:00",DL,140,140,0,0,6.685714285714286,0.0,15.0
"2025-02-10 19:00:00","2025-02-10 20:00:00",UA,102,102,0,0,3.323529411764706,0.0,14.705882352941176
"2025-02-10 19:00:00","2025-02-10 20:00:00",WN,260,259,1,0,12.471042471042471,0.38461538461538464,25.096525096525095
"2025-02-10 20:00:00","2025-02-10 21:00:00",AA,84,84,0,0,1.1785714285714286,0.0,8.333333333333334
"2025-02-10 20:00:00","2025-02-10 21:00:00",DL,92,89,1,2,9.571428571428571,1.0869565217391304,21.978021978021978
"2025-02-10 20:00:00","2025-02-10 21:00:00",UA,81,81,0,0,3.037037037037037,0.0,16.049382716049383
"2025-02-10 20:00:00","2025-02-10 21:00:00",WN,181,181,0,0,10.232044198895027,0.0,21.54696132596685
"2025-02-10 21:00:00","2025-02-10 22:00:00",AA,79,78,0,1,7.89873417721519,0.0,13.924050632911392
"2025-02-10 21:00:00","2025-02-10 22:00:00",DL,87,87,0,0,1.5057471264367817,0.0,14.942528735632184
"2025-02-10 21:00:00","2025-02-10 22:00:00",UA,28,28,0,0,4.0,0.0,21.428571428571427
"2025-02-10 21:00:00","2025-02-10 22:00:00",WN,143,143,0,0,9.496503496503497,0.0,23.076923076923077
"2025-02-10 22:00:00","2025-02-10 23:00:00",AA,54,54,0,0,-0.3333333333333333,0.0,3.7037037037037037
"2025-02-10 22:00:00","2025-02-10 23:00:00",DL,91,91,0,0,10.23076923076923,0.0,9.89010989010989
"2025-02-10 22:00:00","2025-02-10 23:00:00",UA,23,23,0,0,1.5217391304347827,0.0,8.695652173913043
"2025-02-10 22:00:00","2025-02-10 23:00:00",WN,3,3,0,0,-6.0,0.0,0.0
"2025-02-10 23:00:00","2025-02-11 00:00:00",AA,22,22,0,0,-0.9090909090909091,0.0,9.090909090909092
"2025-02-10 23:00:00","2025-02-11 00:00:00",DL,25,25,0,0,-1.08,0.0,8.0
"2025-02-10 23:00:00","2025-02-11 00:00:00",UA,28,28,0,0,-3.642857142857143,0.0,3.5714285714285716
"2025-02-11 00:00:00","2025-02-11 01:00:00",AA,5,5,0,0,-7.2,0.0,0.0
"2025-02-11 00:00:00","2025-02-11 01:00:00",DL,1,1,0,0,-10.0,0.0,0.0
"2025-02-11 00:00:00","2025-02-11 01:00:00",UA,3,3,0,0,-4.333333333333333,0.0,0.0
"2025-02-11 01:00:00","2025-02-11 02:00:00",DL,2,2,0,0,-7.0,0.0,0.0
"2025-02-11 01:00:00","2025-02-11 02:00:00",UA,1,1,0,0,-18.0,0.0,0.0
"2025-02-11 02:00:00","2025-02-11 03:00:00",UA,1,1,0,0,-10.0,0.0,0.0
"2025-02-11 05:00:00","2025-02-11 06:00:00",AA,80,80,0,0,-4.575,0.0,3.75
"2025-02-11 05:00:00","2025-02-11 06:00:00",DL,65,65,0,0,-1.6,0.0,3.076923076923077
"2025-02-11 05:00:00","2025-02-11 06:00:00",UA,22,22,0,0,-1.6818181818181819,0.0,4.545454545454546
"2025-02-11 05:00:00","2025-02-11 06:00:00",WN,28,28,0,0,-3.142857142857143,0.0,0.0
"2025-02-11 06:00:00","2025-02-11 07:00:00",AA,168,168,0,0,7.482142857142857,0.0,5.9523809523809526
"2025-02-11 06:00:00","2025-02-11 07:00:00",DL,182,182,0,0,6.516483516483516,0.0,4.945054945054945
"2025-02-11 06:00:00","2025-02-11 07:00:00",UA,109,109,0,0,-3.44954128440367,0.0,5.504587155963303
"2025-02-11 06:00:00","2025-02-11 07:00:00",WN,222,222,0,0,-0.08558558558558559,0.0,2.7027027027027026
"2025-02-11 07:00:00","2025-02-11 08:00:00",AA,163,163,0,0,3.96319018404908,0.0,6.748466257668712
"2025-02-11 07:00:00","2025-02-11 08:00:00",DL,219,219,0,0,1.4748858447488584,0.0,5.936073059360731
"2025-02-11 07:00:00","2025-02-11 08:00:00",UA,148,146,0,2,-2.5878378378378377,0.0,4.054054054054054
"2025-02-11 07:00:00","2025-02-11 08:00:00",WN,187,185,0,2,-1.9411764705882353,0.0,2.1390374331550803
"2025-02-11 08:00:00","2025-02-11 09:00:00",AA,186,184,0,2,-1.881720430107527,0.0,6.451612903225806
"2025-02-11 08:00:00","2025-02-11 09:00:00",DL,170,170,0,0,0.9941176470588236,0.0,7.647058823529412
"2025-02-11 08:00:00","2025-02-11 09:00:00",UA,168,167,0,1,-2.392857142857143,0.0,4.166666666666667
"2025-02-11 08:00:00","2025-02-11 09:00:00",WN,239,237,1,1,-0.3067226890756303,0.41841004184100417,5.042016806722689
"2025-02-11 09:00:00","2025-02-11 10:00:00",AA,124,124,0,0,0.6774193548387096,0.0,6.451612903225806
"2025-02-11 09:00:00","2025-02-11 10:00:00",DL,121,121,0,0,1.9669421487603307,0.0,11.570247933884298
"2025-02-11 09:00:00","2025-02-11 10:00:00",UA,140,139,0,1,14.621428571428572,0.0,23.571428571428573
"2025-02-11 09:00:00","2025-02-11 10:00:00",WN,236,232,2,2,1.2820512820512822,0.847457627118644,7.6923076923076925
"2025-02-11 10:00:00","2025-02-11 11:00:00",AA,128,127,1,0,5.677165354330708,0.78125,11.811023622047244
"2025-02-11 10:00:00","2025-02-11 11:00:00",DL,149,149,0,0,0.8523489932885906,0.0,10.738255033557047
"2025-02-11 10:00:00","2025-02-11 11:00:00",UA,110,110,0,0,5.4363636363636365,0.0,14.545454545454545
"2025-02-11 10:00:00","2025-02-11 11:00:00",WN,200,200,0,0,5.63,0.0,13.5
"2025-02-11 11:00:00","2025-02-11 12:00:00",AA,144,144,0,0,3.3472222222222223,0.0,9.722222222222221
"2025-02-11 11:00:00","2025-02-11 12:00:00",DL,172,172,0,0,1.930232558139535,0.0,12.209302325581396
"2025-02-11 11:00:00","2025-02-11 12:00:00",UA,112,112,0,0,14.392857142857142,0.0,14.285714285714286
"2025-02-11 11:00:00","2025-02-11 12:00:00",WN,259,257,2,0,9.813229571984436,0.7722007722007722,19.844357976653697
"2025-02-11 12:00:00","2025-02-11 13:00:00",AA,127,127,0,0,12.661417322834646,0.0,12.598425196850394
"2025-02-11 12:00:00","2025-02-11 13:00:00",DL,159,159,0,0,1.729559748427673,0.0,13.20754716981132
"2025-02-11 12:00:00","2025-02-11 13:00:00",UA,128,127,0,1,29.484375,0.0,28.90625
"2025-02-11 12:00:00","2025-02-11 13:00:00",WN,182,180,2,0,5.711111111111111,1.098901098901099,12.777777777777779
"2025-02-11 13:00:00","2025-02-11 14:00:00",AA,122,122,0,0,8.155737704918034,0.0,13.114754098360656
"2025-02-11 13:00:00","2025-02-11 14:00:00",DL,132,132,0,0,4.196969696969697,0.0,11.363636363636363
"2025-02-11 13:00:00","2025-02-11 14:00:00",UA,124,124,0,0,8.25,0.0,20.967741935483872
"2025-02-11 13:00:00","2025-02-11 14:00:00",WN,239,237,1,1,7.319327731092437,0.41841004184100417,19.327731092436974
"2025-02-11 14:00:00","2025-02-11 15:00:00",AA,127,127,0,0,3.4645669291338583,0.0,7.086614173228346
"2025-02-11 14:00:00","2025-02-11 15:00:00",DL,114,114,0,0,-0.7719298245614035,0.0,9.649122807017545
"2025-02-11 14:00:00","2025-02-11 15:00:00",UA,113,113,0,0,25.601769911504423,0.0,27.43362831858407
"2025-02-11 14:00:00","2025-02-11 15:00:00",WN,219,217,1,1,9.995412844036696,0.45662100456621,23.394495412844037
"2025-02-11 15:00:00","2025-02-11 16:00:00",AA,115,115,0,0,3.208695652173913,0.0,14.782608695652174
"2025-02-11 15:00:00","2025-02-11 16:00:00",DL,167,167,0,0,1.8802395209580838,0.0,12.574850299401197
"2025-02-11 15:00:00","2025-02-11 16:00:00",UA,77,77,0,0,4.922077922077922,0.0,15.584415584415584
"2025-02-11 15:00:00","2025-02-11 16:00:00",WN,230,229,1,0,14.655021834061136,0.43478260869565216,26.637554585152838
"2025-02-11 16:00:00","2025-02-11 17:00:00",AA,125,125,0,0,-0.232,0.0,4.8
"2025-02-11 16:00:00","2025-02-11 17:00:00",DL,110,110,0,0,5.0181818181818185,0.0,13.636363636363637
"2025-02-11 16:00:00","2025-02-11 17:00:00",UA,115,113,1,1,22.63157894736842,0.8695652173913043,27.19298245614035
"2025-02-11 16:00:00","2025-02-11 17:00:00",WN,208,208,0,0,16.447115384615383,0.0,28.846153846153847
"2025-02-11 17:00:00","2025-02-11 18:00:00",AA,146,144,2,0,14.98611111111111,1.36986301369863,18.055555555555557
"2025-02-11 17:00:00","2025-02-11 18:00:00",DL,168,168,0,0,15.839285714285714,0.0,16.666666666666668
"2025-02-11 17:00:00","2025-02-11 18:00:00",UA,138,137,1,0,27.27007299270073,0.7246376811594203,35.76642335766423
"2025-02-11 17:00:00","2025-02-11 18:00:00",WN,198,194,1,3,21.527918781725887,0.5050505050505051,35.53299492385787
"2025-02-11 18:00:00","2025-02-11 19:00:00",AA,135,132,3,0,8.545454545454545,2.2222222222222223,9.848484848484848
"2025-02-11 18:00:00","2025-02-11 19:00:00",DL,134,132,1,1,7.2180451127819545,0.746268656716418,16.541353383458645
"2025-02-11 18:00:00","2025-02-11 19:00:00",UA,118,116,1,1,16.77777777777778,0.847457627118644,25.641025641025642
"2025-02-11 18:00:00","2025-02-11 19:00:00",WN,261,260,1,0,25.75,0.3831417624521073,41.15384615384615
"2025-02-11 19:00:00","2025-02-11 20:00:00",AA,102,90,12,0,22.155555555555555,11.764705882352942,21.11111111111111
"2025-02-11 19:00:00","2025-02-11 20:00:00",DL,100,98,1,1,7.5353535353535355,1.0,19.19191919191919
"2025-02-11 19:00:00","2025-02-11 20:00:00",UA,93,91,2,0,17.714285714285715,2.150537634408602,30.76923076923077
"2025-02-11 19:00:00","2025-02-11 20:00:00",WN,118,115,3,0,19.11304347826087,2.542372881355932,32.17391304347826
"2025-02-11 20:00:00","2025-02-11 21:00:00",AA,78,75,3,0,15.533333333333333,3.8461538461538463,24.0
"2025-02-11 20:00:00","2025-02-11 21:00:00",DL,64,64,0,0,17.09375,0.0,12.5
"2025-02-11 20:00:00","2025-02-11 21:00:00",UA,74,74,0,0,13.72972972972973,0.0,36.486486486486484
"2025-02-11 20:00:00","2025-02-11 21:00:00",WN,164,162,2,0,20.90740740740741,1.2195121951219512,40.123456790123456
"2025-02-11 21:00:00","2025-02-11 22:00:00",AA,73,70,3,0,10.271428571428572,4.109589041095891,12.857142857142858
"2025-02-11 21:00:00","2025-02-11 22:00:00",DL,62,60,1,1,8.032786885245901,1.6129032258064515,27.868852459016395
"2025-02-11 21:00:00","2025-02-11 22:00:00",UA,22,21,1,0,-1.0952380952380953,4.545454545454546,4.761904761904762
"2025-02-11 21:00:00","2025-02-11 22:00:00",WN,15,14,1,0,108.92857142857143,6.666666666666667,85.71428571428571
"2025-02-11 22:00:00","2025-02-11 23:00:00",AA,54,51,3,0,4.215686274509804,5.555555555555555,21.568627450980394
"2025-02-11 22:00:00","2025-02-11 23:00:00",DL,83,83,0,0,0.4578313253012048,0.0,8.433734939759036
"2025-02-11 22:00:00","2025-02-11 23:00:00",UA,21,21,0,0,6.428571428571429,0.0,19.047619047619047
"2025-02-11 23:00:00","2025-02-12 00:00:00",AA,20,20,0,0,-4.3,0.0,0.0
"2025-02-11 23:00:00","2025-02-12 00:00:00",DL,18,18,0,0,-5.555555555555555,0.0,0.0
"2025-02-11 23:00:00","2025-02-12 00:00:00",UA,24,24,0,0,-0.625,0.0,4.166666666666667
"2025-02-12 00:00:00","2025-02-12 01:00:00",AA,5,4,1,0,-1.0,20.0,0.0
"2025-02-12 00:00:00","2025-02-12 01:00:00",DL,1,1,0,0,-11.0,0.0,0.0
"2025-02-12 00:00:00","2025-02-12 01:00:00",UA,3,3,0,0,-4.333333333333333,0.0,0.0
"2025-02-12 01:00:00","2025-02-12 02:00:00",DL,2,2,0,0,-10.0,0.0,0.0
"2025-02-12 01:00:00","2025-02-12 02:00:00",UA,1,1,0,0,-11.0,0.0,0.0
"2025-02-12 02:00:00","2025-02-12 03:00:00",UA,1,1,0,0,-5.0,0.0,0.0
"2025-02-12 05:00:00","2025-02-12 06:00:00",AA,80,77,3,0,11.142857142857142,3.75,15.584415584415584
"2025-02-12 05:00:00","2025-02-12 06:00:00",DL,66,66,0,0,4.424242424242424,0.0,9.090909090909092
"2025-02-12 05:00:00","2025-02-12 06:00:00",UA,24,24,0,0,5.583333333333333,0.0,4.166666666666667
"2025-02-12 05:00:00","2025-02-12 06:00:00",WN,30,30,0,0,2.6666666666666665,0.0,6.666666666666667
"2025-02-12 06:00:00","2025-02-12 07:00:00",AA,169,164,5,0,7.286585365853658,2.9585798816568047,6.097560975609756
"2025-02-12 06:00:00","2025-02-12 07:00:00",DL,178,176,2,0,1.9602272727272727,1.1235955056179776,7.386363636363637
"2025-02-12 06:00:00","2025-02-12 07:00:00",UA,111,110,1,0,4.4363636363636365,0.9009009009009009,10.909090909090908
"2025-02-12 06:00:00","2025-02-12 07:00:00",WN,223,217,6,0,0.5483870967741935,2.690582959641256,5.990783410138249
"2025-02-12 07:00:00","2025-02-12 08:00:00",AA,162,161,1,0,5.192546583850931,0.6172839506172839,11.801242236024844
"2025-02-12 07:00:00","2025-02-12 08:00:00",DL,213,212,1,0,9.43867924528302,0.4694835680751174,14.622641509433961
"2025-02-12 07:00:00","2025-02-12 08:00:00",UA,152,150,1,1,5.225165562913907,0.6578947368421053,8.609271523178808
"2025-02-12 07:00:00","2025-02-12 08:00:00",WN,188,182,5,1,0.18579234972677597,2.6595744680851063,7.103825136612022
"2025-02-12 08:00:00","2025-02-12 09:00:00",AA,191,187,3,1,6.851063829787234,1.5706806282722514,14.361702127659575
"2025-02-12 08:00:00","2025-02-12 09:00:00",DL,172,172,0,0,4.976744186046512,0.0,15.69767441860465
"2025-02-12 08:00:00","2025-02-12 09:00:00",UA,176,174,2,0,6.126436781609195,1.1363636363636365,10.344827586206897
"2025-02-12 08:00:00","2025-02-12 09:00:00",WN,242,238,4,0,3.680672268907563,1.6528925619834711,10.084033613445378
"2025-02-12 09:00:00","2025-02-12 10:00:00",AA,129,128,1,0,11.5078125,0.7751937984496124,17.96875
"2025-02-12 09:00:00","2025-02-12 10:00:00",DL,117,117,0,0,7.854700854700854,0.0,18.803418803418804
"2025-02-12 09:00:00","2025-02-12 10:00:00",UA,136,136,0,0,13.772058823529411,0.0,21.323529411764707
"2025-02-12 09:00:00","2025-02-12 10:00:00",WN,237,227,9,1,5.214912280701754,3.7974683544303796,14.912280701754385
"2025-02-12 10:00:00","2025-02-12 11:00:00",AA,128,128,0,0,15.953125,0.0,32.8125
"2025-02-12 10:00:00","2025-02-12 11:00:00",DL,149,149,0,0,10.939597315436242,0.0,26.174496644295303
"2025-02-12 10:00:00","2025-02-12 11:00:00",UA,111,110,0,1,19.216216216216218,0.0,21.62162162162162
"2025-02-12 10:00:00","2025-02-12 11:00:00",WN,198,196,2,0,7.918367346938775,1.0101010101010102,23.979591836734695
"2025-02-12 11:00:00","2025-02-12 12:00:00",AA,143,143,0,0,18.286713286713287,0.0,27.272727272727273
"2025-02-12 11:00:00","2025-02-12 12:00:00",DL,175,175,0,0,12.028571428571428,0.0,29.714285714285715
"2025-02-12 11:00:00","2025-02-12 12:00:00",UA,117,117,0,0,20.931623931623932,0.0,29.914529914529915
"2025-02-12 11:00:00","2025-02-12 12:00:00",WN,263,249,14,0,10.208835341365463,5.32319391634981,25.70281124497992
"2025-02-12 12:00:00","2025-02-12 13:00:00",AA,128,127,0,1,18.96875,0.0,32.03125
"2025-02-12 12:00:00","2025-02-12 13:00:00",DL,161,161,0,0,23.62111801242236,0.0,34.78260869565217
"2025-02-12 12:00:00","2025-02-12 13:00:00",UA,130,130,0,0,28.99230769230769,0.0,33.07692307692308
"2025-02-12 12:00:00","2025-02-12 13:00:00",WN,181,177,4,0,13.056497175141242,2.2099447513812156,28.8135593220339
"2025-02-12 13:00:00","2025-02-12 14:00:00",AA,120,120,0,0,11.116666666666667,0.0,22.5
"2025-02-12 13:00:00","2025-02-12 14:00:00",DL,140,140,0,0,15.135714285714286,0.0,30.714285714285715
"2025-02-12 13:00:00","2025-02-12 14:00:00",UA,128,128,0,0,19.59375,0.0,32.03125
"2025-02-12 13:00:00","2025-02-12 14:00:00",WN,241,234,6,1,14.246808510638298,2.4896265560165975,28.51063829787234
"2025-02-12 14:00:00","2025-02-12 15:00:00",AA,136,136,0,0,17.816176470588236,0.0,24.264705882352942
"2025-02-12 14:00:00","2025-02-12 15:00:00",DL,114,114,0,0,19.333333333333332,0.0,32.45614035087719
"2025-02-12 14:00:00","2025-02-12 15:00:00",UA,113,112,1,0,27.0,0.8849557522123894,36.607142857142854
"2025-02-12 14:00:00","2025-02-12 15:00:00",WN,216,207,9,0,12.671497584541063,4.166666666666667,25.120772946859905
"2025-02-12 15:00:00","2025-02-12 16:00:00",AA,114,114,0,0,9.824561403508772,0.0,20.17543859649123
"2025-02-12 15:00:00","2025-02-12 16:00:00",DL,170,169,0,1,15.811764705882354,0.0,32.35294117647059
"2025-02-12 15:00:00","2025-02-12 16:00:00",UA,82,82,0,0,27.804878048780488,0.0,35.36585365853659
"2025-02-12 15:00:00","2025-02-12 16:00:00",WN,230,226,4,0,14.123893805309734,1.7391304347826086,26.991150442477878
"2025-02-12 16:00:00","2025-02-12 17:00:00",AA,131,130,1,0,14.2,0.7633587786259542,25.384615384615383
"2025-02-12 16:00:00","2025-02-12 17:00:00",DL,110,109,0,1,22.12727272727273,0.0,34.54545454545455
"2025-02-12 16:00:00","2025-02-12 17:00:00",UA,115,115,0,0,27.8,0.0,34.78260869565217
"2025-02-12 16:00:00","2025-02-12 17:00:00",WN,206,202,4,0,13.123762376237623,1.941747572815534,27.722772277227723
"2025-02-12 17:00:00","2025-02-12 18:00:00",AA,153,152,1,0,18.013157894736842,0.6535947712418301,26.973684210526315
"2025-02-12 17:00:00","2025-02-12 18:00:00",DL,166,164,1,1,23.78181818181818,0.6024096385542169,36.96969696969697
"2025-02-12 17:00:00","2025-02-12 18:00:00",UA,148,147,1,0,27.843537414965986,0.6756756756756757,31.292517006802722
"2025-02-12 17:00:00","2025-02-12 18:00:00",WN,198,196,2,0,16.367346938775512,1.0101010101010102,34.183673469387756
"2025-02-12 18:00:00","2025-02-12 19:00:00",AA,138,138,0,0,21.043478260869566,0.0,34.78260869565217
"2025-02-12 18:00:00","2025-02-12 19:00:00",DL,133,133,0,0,32.93984962406015,0.0,42.10526315789474
"2025-02-12 18:00:00","2025-02-12 19:00:00",UA,129,129,0,0,34.02325581395349,0.0,33.333333333333336
"2025-02-12 18:00:00","2025-02-12 19:00:00",WN,254,247,7,0,12.647773279352228,2.7559055118110236,33.19838056680162
"2025-02-12 19:00:00","2025-02-12 20:00:00",AA,103,102,0,1,14.805825242718447,0.0,25.24271844660194
"2025-02-12 19:00:00","2025-02-12 20:00:00",DL,105,105,0,0,31.590476190476192,0.0,34.285714285714285
"2025-02-12 19:00:00","2025-02-12 20:00:00",UA,105,105,0,0,27.18095238095238,0.0,34.285714285714285
"2025-02-12 19:00:00","2025-02-12 20:00:00",WN,119,118,0,1,16.613445378151262,0.0,31.092436974789916
"2025-02-12 20:00:00","2025-02-12 21:00:00",AA,79,78,1,0,35.8974358974359,1.2658227848101267,41.02564102564103
"2025-02-12 20:00:00","2025-02-12 21:00:00",DL,67,66,0,1,36.88059701492537,0.0,43.28358208955224
"2025-02-12 20:00:00","2025-02-12 21:00:00",UA,77,77,0,0,31.48051948051948,0.0,31.16883116883117
"2025-02-12 20:00:00","2025-02-12 21:00:00",WN,166,164,2,0,17.475609756097562,1.2048192771084338,39.02439024390244
"2025-02-12 21:00:00","2025-02-12 22:00:00",AA,75,75,0,0,6.266666666666667,0.0,22.666666666666668
"2025-02-12 21:00:00","2025-02-12 22:00:00",DL,66,65,0,1,60.77272727272727,0.0,39.39393939393939
"2025-02-12 21:00:00","2025-02-12 22:00:00",UA,25,25,0,0,15.68,0.0,28.0
"2025-02-12 21:00:00","2025-02-12 22:00:00",WN,15,14,1,0,19.714285714285715,6.666666666666667,42.857142857142854
"2025-02-12 22:00:00","2025-02-12 23:00:00",AA,57,57,0,0,12.368421052631579,0.0,19.29824561403509
"2025-02-12 22:00:00","2025-02-12 23:00:00",DL,85,85,0,0,23.105882352941176,0.0,29.41176470588235
"2025-02-12 22:00:00","2025-02-12 23:00:00",UA,29,28,1,0,7.857142857142857,3.4482758620689653,25.0
"2025-02-12 23:00:00","2025-02-13 00:00:00",AA,22,22,0,0,14.181818181818182,0.0,27.272727272727273
"2025-02-12 23:00:00","2025-02-13 00:00:00",DL,20,20,0,0,4.65,0.0,10.0
"2025-02-12 23:00:00","2025-02-13 00:00:00",UA,26,26,0,0,8.923076923076923,0.0,19.23076923076923
"2025-02-13 00:00:00","2025-02-13 01:00:00",AA,8,8,0,0,-1.625,0.0,12.5
"2025-02-13 00:00:00","2025-02-13 01:00:00",DL,2,2,0,0,-5.5,0.0,0.0
"2025-02-13 00:00:00","2025-02-13 01:00:00",UA,2,2,0,0,4.5,0.0,0.0
"2025-02-13 01:00:00","2025-02-13 02:00:00",DL,2,2,0,0,8.0,0.0,50.0
"2025-02-13 01:00:00","2025-02-13 02:00:00",UA,1,1,0,0,8.0,0.0,0.0
"2025-02-13 02:00:00","2025-02-13 03:00:00",UA,1,1,0,0,-10.0,0.0,0.0
"2025-02-13 05:00:00","2025-02-13 06:00:00",AA,104,104,0,0,13.298076923076923,0.0,6.730769230769231
"2025-02-13 05:00:00","2025-02-13 06:00:00",DL,69,69,0,0,13.028985507246377,0.0,8.695652173913043
"2025-02-13 05:00:00","2025-02-13 06:00:00",UA,29,29,0,0,12.344827586206897,0.0,6.896551724137931
"2025-02-13 05:00:00","2025-02-13 06:00:00",WN,183,182,0,1,5.693989071038251,0.0,6.557377049180328
"2025-02-13 06:00:00","2025-02-13 07:00:00",AA,173,169,2,2,11.90643274853801,1.1560693641618498,7.017543859649122
"2025-02-13 06:00:00","2025-02-13 07:00:00",DL,186,186,0,0,15.67741935483871,0.0,11.827956989247312
"2025-02-13 06:00:00","2025-02-13 07:00:00",UA,132,129,2,1,12.553846153846154,1.5151515151515151,9.23076923076923
"2025-02-13 06:00:00","2025-02-13 07:00:00",WN,300,297,1,2,3.157190635451505,0.3333333333333333,7.6923076923076925
"2025-02-13 07:00:00","2025-02-13 08:00:00",AA,204,202,0,2,3.3529411764705883,0.0,6.862745098039215
"2025-02-13 07:00:00","2025-02-13 08:00:00",DL,232,232,0,0,8.39655172413793,0.0,12.931034482758621
"2025-02-13 07:00:00","2025-02-13 08:00:00",UA,191,191,0,0,1.0,0.0,6.806282722513089
"2025-02-13 07:00:00","2025-02-13 08:00:00",WN,197,194,2,1,3.405128205128205,1.015228426395939,11.794871794871796
"2025-02-13 08:00:00","2025-02-13 09:00:00",AA,193,191,1,1,33.15625,0.5181347150259067,19.791666666666668
"2025-02-13 08:00:00","2025-02-13 09:00:00",DL,173,173,0,0,14.300578034682081,0.0,24.85549132947977
"2025-02-13 08:00:00","2025-02-13 09:00:00",UA,190,187,2,1,9.420212765957446,1.0526315789473684,15.957446808510639
"2025-02-13 08:00:00","2025-02-13 09:00:00",WN,270,268,1,1,8.691449814126393,0.37037037037037035,23.04832713754647
"2025-02-13 09:00:00","2025-02-13 10:00:00",AA,129,128,0,1,11.155038759689923,0.0,22.48062015503876
"2025-02-13 09:00:00","2025-02-13 10:00:00",DL,125,125,0,0,21.392,0.0,29.6
"2025-02-13 09:00:00","2025-02-13 10:00:00",UA,138,138,0,0,18.58695652173913,0.0,21.014492753623188
"2025-02-13 09:00:00","2025-02-13 10:00:00",WN,218,216,2,0,14.662037037037036,0.9174311926605505,24.074074074074073
"2025-02-13 10:00:00","2025-02-13 11:00:00",AA,143,142,0,1,10.0,0.0,17.482517482517483
"2025-02-13 10:00:00","2025-02-13 11:00:00",DL,156,156,0,0,17.384615384615383,0.0,32.69230769230769
"2025-02-13 10:00:00","2025-02-13 11:00:00",UA,121,119,1,1,13.65,0.8264462809917356,22.5
"2025-02-13 10:00:00","2025-02-13 11:00:00",WN,228,227,1,0,16.674008810572687,0.43859649122807015,29.515418502202643
"2025-02-13 11:00:00","2025-02-13 12:00:00",AA,170,170,0,0,22.076470588235296,0.0,33.529411764705884
"2025-02-13 11:00:00","2025-02-13 12:00:00",DL,189,188,0,1,24.37037037037037,0.0,39.682539682539684
"2025-02-13 11:00:00","2025-02-13 12:00:00",UA,128,127,0,1,31.71875,0.0,34.375
"2025-02-13 11:00:00","2025-02-13 12:00:00",WN,222,220,2,0,25.131818181818183,0.9009009009009009,29.09090909090909
"2025-02-13 12:00:00","2025-02-13 13:00:00",AA,136,134,0,2,24.50735294117647,0.0,37.5
"2025-02-13 12:00:00","2025-02-13 13:00:00",DL,177,177,0,0,23.389830508474578,0.0,40.112994350282484
"2025-02-13 12:00:00","2025-02-13 13:00:00",UA,123,122,1,0,26.57377049180328,0.8130081300813008,33.60655737704918
"2025-02-13 12:00:00","2025-02-13 13:00:00",WN,233,231,1,1,30.56896551724138,0.4291845493562232,40.51724137931034
"2025-02-13 13:00:00","2025-02-13 14:00:00",AA,143,142,0,1,24.566433566433567,0.0,37.76223776223776
"2025-02-13 13:00:00","2025-02-13 14:00:00",DL,141,140,0,1,32.801418439716315,0.0,49.645390070921984
"2025-02-13 13:00:00","2025-02-13 14:00:00",UA,140,140,0,0,41.33571428571429,0.0,40.714285714285715
"2025-02-13 13:00:00","2025-02-13 14:00:00",WN,225,217,6,2,43.57534246575342,2.6666666666666665,48.401826484018265
"2025-02-13 14:00:00","2025-02-13 15:00:00",AA,150,147,2,1,27.70945945945946,1.3333333333333333,35.810810810810814
"2025-02-13 14:00:00","2025-02-13 15:00:00",DL,131,131,0,0,22.33587786259542,0.0,39.69465648854962
"2025-02-13 14:00:00","2025-02-13 15:00:00",UA,129,128,1,0,30.84375,0.7751937984496124,37.5
"2025-02-13 14:00:00","2025-02-13 15:00:00",WN,222,218,1,3,42.21266968325792,0.45045045045045046,48.41628959276018
"2025-02-13 15:00:00","2025-02-13 16:00:00",AA,127,127,0,0,29.440944881889763,0.0,46.45669291338583
"2025-02-13 15:00:00","2025-02-13 16:00:00",DL,184,184,0,0,37.28804347826087,0.0,48.369565217391305
"2025-02-13 15:00:00","2025-02-13 16:00:00",UA,91,89,1,1,38.0,1.098901098901099,42.22222222222222
"2025-02-13 15:00:00","2025-02-13 16:00:00",WN,240,235,4,1,49.04661016949152,1.6666666666666667,54.23728813559322
"2025-02-13 16:00:00","2025-02-13 17:00:00",AA,150,148,0,2,35.63333333333333,0.0,44.666666666666664
"2025-02-13 16:00:00","2025-02-13 17:00:00",DL,142,141,0,1,27.845070422535212,0.0,47.183098591549296
"2025-02-13 16:00:00","2025-02-13 17:00:00",UA,141,140,1,0,48.464285714285715,0.7092198581560284,46.42857142857143
"2025-02-13 16:00:00","2025-02-13 17:00:00",WN,221,212,8,1,47.30046948356807,3.6199095022624435,60.093896713615024
"2025-02-13 17:00:00","2025-02-13 18:00:00",AA,164,163,1,0,56.8159509202454,0.6097560975609756,42.94478527607362
"2025-02-13 17:00:00","2025-02-13 18:00:00",DL,172,171,0,1,47.29651162790697,0.0,51.16279069767442
"2025-02-13 17:00:00","2025-02-13 18:00:00",UA,146,144,0,2,31.006849315068493,0.0,36.986301369863014
"2025-02-13 17:00:00","2025-02-13 18:00:00",WN,241,226,14,1,50.118942731277535,5.809128630705394,57.268722466960355
"2025-02-13 18:00:00","2025-02-13 19:00:00",AA,157,157,0,0,42.59235668789809,0.0,47.77070063694268
"2025-02-13 18:00:00","2025-02-13 19:00:00",DL,151,151,0,0,44.00662251655629,0.0,49.66887417218543
"2025-02-13 18:00:00","2025-02-13 19:00:00",UA,155,153,1,1,32.175324675324674,0.6451612903225806,33.116883116883116
"2025-02-13 18:00:00","2025-02-13 19:00:00",WN,203,192,10,1,58.233160621761655,4.926108374384237,65.28497409326425
"2025-02-13 19:00:00","2025-02-13 20:00:00",AA,161,160,1,0,56.28125,0.6211180124223602,53.125
"2025-02-13 19:00:00","2025-02-13 20:00:00",DL,165,165,0,0,40.96969696969697,0.0,57.57575757575758
"2025-02-13 19:00:00","2025-02-13 20:00:00",UA,133,133,0,0,47.57142857142857,0.0,48.1203007518797
"2025-02-13 19:00:00","2025-02-13 20:00:00",WN,241,220,21,0,57.70454545454545,8.71369294605809,61.81818181818182
"2025-02-13 20:00:00","2025-02-13 21:00:00",AA,126,126,0,0,54.29365079365079,0.0,53.17460317460318
"2025-02-13 20:00:00","2025-02-13 21:00:00",DL,100,100,0,0,33.37,0.0,55.0
"2025-02-13 20:00:00","2025-02-13 21:00:00",UA,82,82,0,0,30.902439024390244,0.0,46.34146341463415
"2025-02-13 20:00:00","2025-02-13 21:00:00",WN,264,252,12,0,47.198412698412696,4.545454545454546,60.714285714285715
"2025-02-13 21:00:00","2025-02-13 22:00:00",AA,94,93,0,1,39.159574468085104,0.0,44.680851063829785
"2025-02-13 21:00:00","2025-02-13 22:00:00",DL,95,95,0,0,27.178947368421053,0.0,41.05263157894737
"2025-02-13 21:00:00","2025-02-13 22:00:00",UA,42,41,1,0,51.09756097560975,2.380952380952381,58.53658536585366
"2025-02-13 21:00:00","2025-02-13 22:00:00",WN,141,129,12,0,57.83720930232558,8.51063829787234,69.76744186046511
"2025-02-13 22:00:00","2025-02-13 23:00:00",AA,97,97,0,0,49.77319587628866,0.0,41.23711340206186
"2025-02-13 22:00:00","2025-02-13 23:00:00",DL,89,89,0,0,39.17977528089887,0.0,41.57303370786517
"2025-02-13 22:00:00","2025-02-13 23:00:00",UA,33,32,1,0,19.5625,3.0303030303030303,37.5
"2025-02-13 22:00:00","2025-02-13 23:00:00",WN,139,135,4,0,41.474074074074075,2.8776978417266186,60.0
"2025-02-13 23:00:00","2025-02-14 00:00:00",AA,29,29,0,0,12.206896551724139,0.0,24.137931034482758
"2025-02-13 23:00:00","2025-02-14 00:00:00",DL,26,26,0,0,38.30769230769231,0.0,50.0
"2025-02-13 23:00:00","2025-02-14 00:00:00",UA,34,33,1,0,18.393939393939394,2.9411764705882355,45.45454545454545
"2025-02-13 23:00:00","2025-02-14 00:00:00",WN,3,3,0,0,36.333333333333336,0.0,33.333333333333336
"2025-02-14 00:00:00","2025-02-14 01:00:00",AA,12,12,0,0,43.916666666666664,0.0,16.666666666666668
"2025-02-14 00:00:00","2025-02-14 01:00:00",DL,4,4,0,0,49.5,0.0,75.0
"2025-02-14 00:00:00","2025-02-14 01:00:00",UA,3,3,0,0,58.0,0.0,100.0
"2025-02-14 01:00:00","2025-02-14 02:00:00",DL,2,2,0,0,141.5,0.0,50.0
"2025-02-14 01:00:00","2025-02-14 02:00:00",UA,1,1,0,0,2.0,0.0,0.0
"2025-02-14 02:00:00","2025-02-14 03:00:00",UA,1,1,0,0,7.0,0.0,0.0
"2025-02-14 05:00:00","2025-02-14 06:00:00",AA,103,102,0,1,9.514563106796116,0.0,11.650485436893204
"2025-02-14 05:00:00","2025-02-14 06:00:00",DL,68,68,0,0,18.705882352941178,0.0,16.176470588235293
"2025-02-14 05:00:00","2025-02-14 06:00:00",UA,31,31,0,0,22.967741935483872,0.0,6.451612903225806
"2025-02-14 05:00:00","2025-02-14 06:00:00",WN,183,181,1,1,1.2197802197802199,0.546448087431694,7.6923076923076925
"2025-02-14 06:00:00","2025-02-14 07:00:00",AA,190,188,2,0,3.5106382978723403,1.0526315789473684,9.574468085106384
"2025-02-14 06:00:00","2025-02-14 07:00:00",DL,189,189,0,0,8.343915343915343,0.0,10.052910052910052
"2025-02-14 06:00:00","2025-02-14 07:00:00",UA,129,128,1,0,5.8203125,0.7751937984496124,7.03125
"2025-02-14 06:00:00","2025-02-14 07:00:00",WN,297,292,5,0,2.202054794520548,1.6835016835016836,8.904109589041095
"2025-02-14 07:00:00","2025-02-14 08:00:00",AA,208,208,0,0,14.4375,0.0,12.01923076923077
"2025-02-14 07:00:00","2025-02-14 08:00:00",DL,233,233,0,0,7.497854077253219,0.0,11.158798283261802
"2025-02-14 07:00:00","2025-02-14 08:00:00",UA,200,199,0,1,5.005,0.0,9.5
"2025-02-14 07:00:00","2025-02-14 08:00:00",WN,199,198,1,0,1.3434343434343434,0.5025125628140703,5.555555555555555
"2025-02-14 08:00:00","2025-02-14 09:00:00",AA,195,195,0,0,9.635897435897435,0.0,17.435897435897434
"2025-02-14 08:00:00","2025-02-14 09:00:00",DL,173,171,0,2,12.196531791907514,0.0,12.716763005780347
"2025-02-14 08:00:00","2025-02-14 09:00:00",UA,192,192,0,0,9.880208333333334,0.0,14.0625
"2025-02-14 08:00:00","2025-02-14 09:00:00",WN,271,270,1,0,4.522222222222222,0.36900369003690037,12.962962962962964
"2025-02-14 09:00:00","2025-02-14 10:00:00",AA,132,132,0,0,8.886363636363637,0.0,12.878787878787879
"2025-02-14 09:00:00","2025-02-14 10:00:00",DL,128,128,0,0,12.5390625,0.0,28.125
"2025-02-14 09:00:00","2025-02-14 10:00:00",UA,138,138,0,0,3.2681159420289854,0.0,14.492753623188406
"2025-02-14 09:00:00","2025-02-14 10:00:00",WN,217,217,0,0,8.188940092165899,0.0,16.589861751152075
"2025-02-14 10:00:00","2025-02-14 11:00:00",AA,146,144,0,2,9.664383561643836,0.0,18.493150684931507
"2025-02-14 10:00:00","2025-02-14 11:00:00",DL,162,162,0,0,19.512345679012345,0.0,34.5679012345679
"2025-02-14 10:00:00","2025-02-14 11:00:00",UA,122,121,1,0,11.809917355371901,0.819672131147541,17.355371900826448
"2025-02-14 10:00:00","2025-02-14 11:00:00",WN,230,230,0,0,5.995652173913044,0.0,14.347826086956522
"2025-02-14 11:00:00","2025-02-14 12:00:00",AA,166,164,0,2,12.58433734939759,0.0,22.289156626506024
"2025-02-14 11:00:00","2025-02-14 12:00:00",DL,186,186,0,0,23.048387096774192,0.0,34.40860215053763
"2025-02-14 11:00:00","2025-02-14 12:00:00",UA,128,127,1,0,10.4251968503937,0.78125,18.89763779527559
"2025-02-14 11:00:00","2025-02-14 12:00:00",WN,218,217,1,0,11.013824884792626,0.45871559633027525,18.433179723502302
"2025-02-14 12:00:00","2025-02-14 13:00:00",AA,137,136,0,1,25.364963503649633,0.0,23.357664233576642
"2025-02-14 12:00:00","2025-02-14 13:00:00",DL,177,177,0,0,17.717514124293785,0.0,32.76836158192091
"2025-02-14 12:00:00","2025-02-14 13:00:00",UA,123,123,0,0,8.609756097560975,0.0,18.69918699186992
"2025-02-14 12:00:00","2025-02-14 13:00:00",WN,233,232,1,0,10.099137931034482,0.4291845493562232,21.551724137931036
"2025-02-14 13:00:00","2025-02-14 14:00:00",AA,142,140,0,2,26.528169014084508,0.0,28.169014084507044
"2025-02-14 13:00:00","2025-02-14 14:00:00",DL,144,143,1,0,28.02097902097902,0.6944444444444444,37.06293706293706
"2025-02-14 13:00:00","2025-02-14 14:00:00",UA,142,141,1,0,10.858156028368795,0.704225352112676,17.73049645390071
"2025-02-14 13:00:00","2025-02-14 14:00:00",WN,218,218,0,0,13.5,0.0,25.229357798165136
"2025-02-14 14:00:00","2025-02-14 15:00:00",AA,156,155,1,0,15.135483870967741,0.6410256410256411,24.516129032258064
"2025-02-14 14:00:00","2025-02-14 15:00:00",DL,140,138,0,2,23.62857142857143,0.0,39.285714285714285
"2025-02-14 14:00:00","2025-02-14 15:00:00",UA,134,134,0,0,11.313432835820896,0.0,22.388059701492537
"2025-02-14 14:00:00","2025-02-14 15:00:00",WN,229,229,0,0,17.32751091703057,0.0,36.24454148471616
"2025-02-14 15:00:00","2025-02-14 16:00:00",AA,127,127,0,0,23.20472440944882,0.0,32.28346456692913
"2025-02-14 15:00:00","2025-02-14 16:00:00",DL,184,184,0,0,25.472826086956523,0.0,40.21739130434783
"2025-02-14 15:00:00","2025-02-14 16:00:00",UA,86,86,0,0,11.267441860465116,0.0,24.41860465116279
"2025-02-14 15:00:00","2025-02-14 16:00:00",WN,237,237,0,0,22.47257383966245,0.0,37.9746835443038
"2025-02-14 16:00:00","2025-02-14 17:00:00",AA,151,150,0,1,13.913907284768213,0.0,28.47682119205298
"2025-02-14 16:00:00","2025-02-14 17:00:00",DL,141,141,0,0,37.43971631205674,0.0,42.5531914893617
"2025-02-14 16:00:00","2025-02-14 17:00:00",UA,145,144,0,1,13.179310344827586,0.0,17.24137931034483
"2025-02-14 16:00:00","2025-02-14 17:00:00",WN,222,222,0,0,20.28828828828829,0.0,36.486486486486484
"2025-02-14 17:00:00","2025-02-14 18:00:00",AA,162,162,0,0,35.2037037037037,0.0,34.5679012345679
"2025-02-14 17:00:00","2025-02-14 18:00:00",DL,173,173,0,0,23.98843930635838,0.0,40.46242774566474
"2025-02-14 17:00:00","2025-02-14 18:00:00",UA,141,141,0,0,9.567375886524824,0.0,21.98581560283688
"2025-02-14 17:00:00","2025-02-14 18:00:00",WN,236,232,0,4,21.85593220338983,0.0,41.52542372881356
"2025-02-14 18:00:00","2025-02-14 19:00:00",AA,163,163,0,0,22.190184049079754,0.0,31.901840490797547
"2025-02-14 18:00:00","2025-02-14 19:00:00",DL,154,154,0,0,33.9025974025974,0.0,48.701298701298704
"2025-02-14 18:00:00","2025-02-14 19:00:00",UA,153,153,0,0,22.954248366013072,0.0,29.41176470588235
"2025-02-14 18:00:00","2025-02-14 19:00:00",WN,201,199,0,2,23.72636815920398,0.0,44.776119402985074
"2025-02-14 19:00:00","2025-02-14 20:00:00",AA,162,162,0,0,28.253086419753085,0.0,33.333333333333336
"2025-02-14 19:00:00","2025-02-14 20:00:00",DL,167,166,0,1,24.239520958083833,0.0,40.7185628742515
"2025-02-14 19:00:00","2025-02-14 20:00:00",UA,135,135,0,0,28.385185185185186,0.0,38.51851851851852
"2025-02-14 19:00:00","2025-02-14 20:00:00",WN,240,238,0,2,22.666666666666668,0.0,37.5
"2025-02-14 20:00:00","2025-02-14 21:00:00",AA,127,127,0,0,46.15748031496063,0.0,45.669291338582674
"2025-02-14 20:00:00","2025-02-14 21:00:00",DL,100,100,0,0,27.75,0.0,46.0
"2025-02-14 20:00:00","2025-02-14 21:00:00",UA,82,81,1,0,29.59259259259259,1.2195121951219512,38.27160493827161
"2025-02-14 20:00:00","2025-02-14 21:00:00",WN,263,263,0,0,29.29657794676806,0.0,44.866920152091254
"2025-02-14 21:00:00","2025-02-14 22:00:00",AA,95,94,0,1,24.094736842105263,0.0,25.263157894736842
"2025-02-14 21:00:00","2025-02-14 22:00:00",DL,95,95,0,0,25.210526315789473,0.0,38.94736842105263
"2025-02-14 21:00:00","2025-02-14 22:00:00",UA,41,41,0,0,33.1219512195122,0.0,43.90243902439025
"2025-02-14 21:00:00","2025-02-14 22:00:00",WN,140,140,0,0,25.821428571428573,0.0,47.142857142857146
"2025-02-14 22:00:00","2025-02-14 23:00:00",AA,97,96,0,1,24.34020618556701,0.0,25.77319587628866
"2025-02-14 22:00:00","2025-02-14 23:00:00",DL,91,91,0,0,42.56043956043956,0.0,43.956043956043956
"2025-02-14 22:00:00","2025-02-14 23:00:00",UA,29,29,0,0,8.793103448275861,0.0,10.344827586206897
"2025-02-14 22:00:00","2025-02-14 23:00:00",WN,140,140,0,0,24.207142857142856,0.0,41.42857142857143
"2025-02-14 23:00:00","2025-02-15 00:00:00",AA,30,30,0,0,7.5,0.0,26.666666666666668
"2025-02-14 23:00:00","2025-02-15 00:00:00",DL,25,25,0,0,40.84,0.0,24.0
"2025-02-14 23:00:00","2025-02-15 00:00:00",UA,36,36,0,0,4.805555555555555,0.0,11.11111111111111
"2025-02-14 23:00:00","2025-02-15 00:00:00",WN,3,3,0,0,6.333333333333333,0.0,33.333333333333336
"2025-02-15 00:00:00","2025-02-15 01:00:00",AA,11,11,0,0,1.9090909090909092,0.0,9.090909090909092
"2025-02-15 00:00:00","2025-02-15 01:00:00",DL,4,4,0,0,1.5,0.0,0.0
"2025-02-15 00:00:00","2025-02-15 01:00:00",UA,3,3,0,0,-8.333333333333334,0.0,0.0
"2025-02-15 01:00:00","2025-02-15 02:00:00",DL,2,2,0,0,15.0,0.0,50.0
"2025-02-15 01:00:00","2025-02-15 02:00:00",UA,1,1,0,0,7.0,0.0,0.0
"2025-02-15 02:00:00","2025-02-15 03:00:00",UA,1,1,0,0,-6.0,0.0,0.0
"2025-02-15 05:00:00","2025-02-15 06:00:00",AA,81,81,0,0,13.444444444444445,0.0,8.641975308641975
"2025-02-15 05:00:00","2025-02-15 06:00:00",DL,60,60,0,0,3.466666666666667,0.0,13.333333333333334
"2025-02-15 05:00:00","2025-02-15 06:00:00",UA,30,30,0,0,4.133333333333334,0.0,3.3333333333333335
"2025-02-15 05:00:00","2025-02-15 06:00:00",WN,131,131,0,0,4.412213740458015,0.0,9.923664122137405
"2025-02-15 06:00:00","2025-02-15 07:00:00",AA,168,168,0,0,5.261904761904762,0.0,11.904761904761905
"2025-02-15 06:00:00","2025-02-15 07:00:00",DL,173,171,1,1,6.604651162790698,0.5780346820809249,16.27906976744186
"2025-02-15 06:00:00","2025-02-15 07:00:00",UA,125,125,0,0,3.008,0.0,7.2
"2025-02-15 06:00:00","2025-02-15 07:00:00",WN,283,283,0,0,2.095406360424028,0.0,7.420494699646643
"2025-02-15 07:00:00","2025-02-15 08:00:00",AA,170,169,0,1,4.547058823529412,0.0,10.0
"2025-02-15 07:00:00","2025-02-15 08:00:00",DL,203,203,0,0,5.980295566502463,0.0,12.807881773399014
"2025-02-15 07:00:00","2025-02-15 08:00:00",UA,184,181,2,1,4.148351648351649,1.0869565217391304,12.637362637362637
"2025-02-15 07:00:00","2025-02-15 08:00:00",WN,208,207,1,0,2.0483091787439616,0.4807692307692308,8.21256038647343
"2025-02-15 08:00:00","2025-02-15 09:00:00",AA,179,179,0,0,14.1731843575419,0.0,16.75977653631285
"2025-02-15 08:00:00","2025-02-15 09:00:00",DL,146,146,0,0,14.452054794520548,0.0,28.08219178082192
"2025-02-15 08:00:00","2025-02-15 09:00:00",UA,168,168,0,0,3.7857142857142856,0.0,13.095238095238095
"2025-02-15 08:00:00","2025-02-15 09:00:00",WN,239,239,0,0,9.104602510460252,0.0,20.0836820083682
"2025-02-15 09:00:00","2025-02-15 10:00:00",AA,115,115,0,0,9.339130434782609,0.0,19.130434782608695
"2025-02-15 09:00:00","2025-02-15 10:00:00",DL,123,122,0,1,24.024390243902438,0.0,34.959349593495936
"2025-02-15 09:00:00","2025-02-15 10:00:00",UA,125,123,0,2,8.04,0.0,19.2
"2025-02-15 09:00:00","2025-02-15 10:00:00",WN,186,186,0,0,7.064516129032258,0.0,17.204301075268816
"2025-02-15 10:00:00","2025-02-15 11:00:00",AA,122,122,0,0,7.467213114754099,0.0,21.311475409836067
"2025-02-15 10:00:00","2025-02-15 11:00:00",DL,124,121,1,2,29.008130081300813,0.8064516129032258,35.77235772357724
"2025-02-15 10:00:00","2025-02-15 11:00:00",UA,116,116,0,0,6.982758620689655,0.0,15.517241379310345
"2025-02-15 10:00:00","2025-02-15 11:00:00",WN,234,232,1,1,8.65236051502146,0.42735042735042733,24.463519313304722
"2025-02-15 11:00:00","2025-02-15 12:00:00",AA,144,143,0,1,17.381944444444443,0.0,27.083333333333332
"2025-02-15 11:00:00","2025-02-15 12:00:00",DL,162,159,1,2,14.527950310559007,0.6172839506172839,34.161490683229815
"2025-02-15 11:00:00","2025-02-15 12:00:00",UA,114,113,1,0,21.68141592920354,0.8771929824561403,33.6283185840708
"2025-02-15 11:00:00","2025-02-15 12:00:00",WN,207,206,0,1,17.164251207729468,0.0,27.053140096618357
"2025-02-15 12:00:00","2025-02-15 13:00:00",AA,132,131,0,1,29.12878787878788,0.0,26.515151515151516
"2025-02-15 12:00:00","2025-02-15 13:00:00",DL,151,150,1,0,29.44,0.6622516556291391,43.333333333333336
"2025-02-15 12:00:00","2025-02-15 13:00:00",UA,103,101,0,2,12.097087378640778,0.0,15.533980582524272
"2025-02-15 12:00:00","2025-02-15 13:00:00",WN,196,194,0,2,14.64795918367347,0.0,36.734693877551024
"2025-02-15 13:00:00","2025-02-15 14:00:00",AA,118,118,0,0,19.466101694915253,0.0,26.271186440677965
"2025-02-15 13:00:00","2025-02-15 14:00:00",DL,126,125,0,1,28.785714285714285,0.0,39.682539682539684
"2025-02-15 13:00:00","2025-02-15 14:00:00",UA,122,121,0,1,26.778688524590162,0.0,27.868852459016395
"2025-02-15 13:00:00","2025-02-15 14:00:00",WN,195,193,1,1,16.938144329896907,0.5128205128205128,27.31958762886598
"2025-02-15 14:00:00","2025-02-15 15:00:00",AA,137,137,0,0,26.875912408759124,0.0,35.03649635036496
"2025-02-15 14:00:00","2025-02-15 15:00:00",DL,112,112,0,0,38.723214285714285,0.0,50.892857142857146
"2025-02-15 14:00:00","2025-02-15 15:00:00",UA,118,118,0,0,26.203389830508474,0.0,32.20338983050848
"2025-02-15 14:00:00","2025-02-15 15:00:00",WN,212,211,0,1,24.316037735849058,0.0,35.37735849056604
"2025-02-15 15:00:00","2025-02-15 16:00:00",AA,109,109,0,0,25.889908256880734,0.0,26.605504587155963
"2025-02-15 15:00:00","2025-02-15 16:00:00",DL,145,145,0,0,38.682758620689654,0.0,41.37931034482759
"2025-02-15 15:00:00","2025-02-15 16:00:00",UA,75,75,0,0,34.76,0.0,32.0
"2025-02-15 15:00:00","2025-02-15 16:00:00",WN,221,220,1,0,24.554545454545455,0.45248868778280543,46.36363636363637
"2025-02-15 16:00:00","2025-02-15 17:00:00",AA,143,142,0,1,23.076923076923077,0.0,32.16783216783217
"2025-02-15 16:00:00","2025-02-15 17:00:00",DL,107,106,0,1,38.850467289719624,0.0,51.401869158878505
"2025-02-15 16:00:00","2025-02-15 17:00:00",UA,121,121,0,0,42.082644628099175,0.0,37.1900826446281
"2025-02-15 16:00:00","2025-02-15 17:00:00",WN,192,192,0,0,26.286458333333332,0.0,36.979166666666664
"2025-02-15 17:00:00","2025-02-15 18:00:00",AA,134,130,4,0,37.42307692307692,2.985074626865672,33.07692307692308
"2025-02-15 17:00:00","2025-02-15 18:00:00",DL,143,142,1,0,45.105633802816904,0.6993006993006993,40.140845070422536
"2025-02-15 17:00:00","2025-02-15 18:00:00",UA,124,121,2,1,34.83606557377049,1.6129032258064515,36.0655737704918
"2025-02-15 17:00:00","2025-02-15 18:00:00",WN,213,213,0,0,23.014084507042252,0.0,37.55868544600939
"2025-02-15 18:00:00","2025-02-15 19:00:00",AA,133,132,1,0,26.90909090909091,0.7518796992481203,33.333333333333336
"2025-02-15 18:00:00","2025-02-15 19:00:00",DL,118,118,0,0,53.59322033898305,0.0,56.779661016949156
"2025-02-15 18:00:00","2025-02-15 19:00:00",UA,110,110,0,0,20.554545454545455,0.0,33.63636363636363
"2025-02-15 18:00:00","2025-02-15 19:00:00",WN,227,225,0,2,37.3568281938326,0.0,45.81497797356828
"2025-02-15 19:00:00","2025-02-15 20:00:00",AA,110,107,3,0,32.94392523364486,2.727272727272727,37.38317757009346
"2025-02-15 19:00:00","2025-02-15 20:00:00",DL,94,94,0,0,48.61702127659574,0.0,55.319148936170215
"2025-02-15 19:00:00","2025-02-15 20:00:00",UA,103,101,2,0,37.76237623762376,1.941747572815534,55.445544554455445
"2025-02-15 19:00:00","2025-02-15 20:00:00",WN,231,227,3,1,25.68421052631579,1.2987012987012987,44.73684210526316
"2025-02-15 20:00:00","2025-02-15 21:00:00",AA,107,103,3,1,28.884615384615383,2.803738317757009,36.53846153846154
"2025-02-15 20:00:00","2025-02-15 21:00:00",DL,66,65,0,1,45.621212121212125,0.0,51.515151515151516
"2025-02-15 20:00:00","2025-02-15 21:00:00",UA,63,62,1,0,35.29032258064516,1.5873015873015872,45.16129032258065
"2025-02-15 20:00:00","2025-02-15 21:00:00",WN,149,148,0,1,31.523489932885905,0.0,49.66442953020134
"2025-02-15 21:00:00","2025-02-15 22:00:00",AA,76,73,1,2,45.44,1.3157894736842106,37.333333333333336
"2025-02-15 21:00:00","2025-02-15 22:00:00",DL,63,62,0,1,32.22222222222222,0.0,22.22222222222222
"2025-02-15 21:00:00","2025-02-15 22:00:00",UA,28,28,0,0,14.678571428571429,0.0,39.285714285714285
"2025-02-15 21:00:00","2025-02-15 22:00:00",WN,105,105,0,0,32.42857142857143,0.0,57.142857142857146
"2025-02-15 22:00:00","2025-02-15 23:00:00",AA,60,59,1,0,18.71186440677966,1.6666666666666667,33.898305084745765
"2025-02-15 22:00:00","2025-02-15 23:00:00",DL,69,66,0,3,81.43478260869566,0.0,49.27536231884058
"2025-02-15 22:00:00","2025-02-15 23:00:00",UA,32,31,1,0,4.741935483870968,3.125,9.67741935483871
"2025-02-15 22:00:00","2025-02-15 23:00:00",WN,5,5,0,0,8.6,0.0,20.0
"2025-02-15 23:00:00","2025-02-16 00:00:00",AA,21,21,0,0,1.1904761904761905,0.0,14.285714285714286
"2025-02-15 23:00:00","2025-02-16 00:00:00",DL,19,19,0,0,12.263157894736842,0.0,36.8421052631579
"2025-02-15 23:00:00","2025-02-16 00:00:00",UA,24,24,0,0,9.125,0.0,25.0
"2025-02-15 23:00:00","2025-02-16 00:00:00",WN,2,2,0,0,-3.0,0.0,0.0
"2025-02-16 00:00:00","2025-02-16 01:00:00",AA,9,9,0,0,8.0,0.0,22.22222222222222
"2025-02-16 00:00:00","2025-02-16 01:00:00",DL,1,1,0,0,69.0,0.0,100.0
"2025-02-16 00:00:00","2025-02-16 01:00:00",UA,4,4,0,0,-3.5,0.0,0.0
"2025-02-16 01:00:00","2025-02-16 02:00:00",DL,2,2,0,0,3.0,0.0,50.0
"2025-02-16 01:00:00","2025-02-16 02:00:00",UA,1,1,0,0,43.0,0.0,100.0
"2025-02-16 02:00:00","2025-02-16 03:00:00",UA,1,1,0,0,49.0,0.0,100.0
"2025-02-16 05:00:00","2025-02-16 06:00:00",AA,103,100,3,0,29.17,2.912621359223301,16.0
"2025-02-16 05:00:00","2025-02-16 06:00:00",DL,60,60,0,0,32.55,0.0,16.666666666666668
"2025-02-16 05:00:00","2025-02-16 06:00:00",UA,28,27,1,0,-3.888888888888889,3.5714285714285716,3.7037037037037037
"2025-02-16 05:00:00","2025-02-16 06:00:00",WN,180,178,2,0,6.573033707865169,1.1111111111111112,9.55056179775281
"2025-02-16 06:00:00","2025-02-16 07:00:00",AA,183,176,5,2,15.4438202247191,2.73224043715847,12.92134831460674
"2025-02-16 06:00:00","2025-02-16 07:00:00",DL,168,167,1,0,35.191616766467064,0.5952380952380952,22.75449101796407
"2025-02-16 06:00:00","2025-02-16 07:00:00",UA,127,126,1,0,15.380952380952381,0.7874015748031497,15.079365079365079
"2025-02-16 06:00:00","2025-02-16 07:00:00",WN,295,291,4,0,10.161512027491408,1.3559322033898304,10.996563573883162
"2025-02-16 07:00:00","2025-02-16 08:00:00",AA,201,194,6,1,35.297435897435896,2.985074626865672,24.615384615384617
"2025-02-16 07:00:00","2025-02-16 08:00:00",DL,203,201,1,1,28.900990099009903,0.49261083743842365,26.237623762376238
"2025-02-16 07:00:00","2025-02-16 08:00:00",UA,194,193,1,0,24.212435233160623,0.5154639175257731,16.06217616580311
"2025-02-16 07:00:00","2025-02-16 08:00:00",WN,194,188,6,0,7.50531914893617,3.0927835051546393,12.76595744680851
"2025-02-16 08:00:00","2025-02-16 09:00:00",AA,196,185,11,0,23.686486486486487,5.612244897959184,29.18918918918919
"2025-02-16 08:00:00","2025-02-16 09:00:00",DL,161,159,1,1,42.55625,0.6211180124223602,43.75
"2025-02-16 08:00:00","2025-02-16 09:00:00",UA,182,177,3,2,21.16759776536313,1.6483516483516483,22.905027932960895
"2025-02-16 08:00:00","2025-02-16 09:00:00",WN,276,267,9,0,18.280898876404493,3.260869565217391,19.10112359550562
"2025-02-16 09:00:00","2025-02-16 10:00:00",AA,132,121,9,2,25.772357723577237,6.818181818181818,27.642276422764226
"2025-02-16 09:00:00","2025-02-16 10:00:00",DL,126,125,1,0,38.384,0.7936507936507936,39.2
"2025-02-16 09:00:00","2025-02-16 10:00:00",UA,133,131,1,1,29.651515151515152,0.7518796992481203,30.303030303030305
"2025-02-16 09:00:00","2025-02-16 10:00:00",WN,215,207,8,0,12.772946859903382,3.7209302325581395,22.705314009661837
"2025-02-16 10:00:00","2025-02-16 11:00:00",AA,144,135,7,2,25.43065693430657,4.861111111111111,37.22627737226277
"2025-02-16 10:00:00","2025-02-16 11:00:00",DL,117,116,0,1,48.11965811965812,0.0,47.00854700854701
"2025-02-16 10:00:00","2025-02-16 11:00:00",UA,121,120,0,1,32.94214876033058,0.0,34.710743801652896
"2025-02-16 10:00:00","2025-02-16 11:00:00",WN,228,217,9,2,20.474885844748858,3.9473684210526314,24.65753424657534
"2025-02-16 11:00:00","2025-02-16 12:00:00",AA,163,147,14,2,31.06040268456376,8.588957055214724,37.58389261744966
"2025-02-16 11:00:00","2025-02-16 12:00:00",DL,173,168,3,2,54.205882352941174,1.7341040462427746,57.64705882352941
"2025-02-16 11:00:00","2025-02-16 12:00:00",UA,126,126,0,0,39.74603174603175,0.0,43.65079365079365
"2025-02-16 11:00:00","2025-02-16 12:00:00",WN,218,214,3,1,27.12558139534884,1.3761467889908257,32.093023255813954
"2025-02-16 12:00:00","2025-02-16 13:00:00",AA,135,121,10,4,35.096,7.407407407407407,36.8
"2025-02-16 12:00:00","2025-02-16 13:00:00",DL,157,155,2,0,68.58709677419355,1.2738853503184713,57.41935483870968
"2025-02-16 12:00:00","2025-02-16 13:00:00",UA,115,112,0,3,50.321739130434786,0.0,39.130434782608695
"2025-02-16 12:00:00","2025-02-16 13:00:00",WN,230,217,9,4,31.615384615384617,3.9130434782608696,35.74660633484163
"2025-02-16 13:00:00","2025-02-16 14:00:00",AA,138,126,6,6,33.32575757575758,4.3478260869565215,40.90909090909091
"2025-02-16 13:00:00","2025-02-16 14:00:00",DL,134,129,1,4,49.744360902255636,0.746268656716418,52.63157894736842
"2025-02-16 13:00:00","2025-02-16 14:00:00",UA,142,135,5,2,33.65693430656934,3.5211267605633805,36.496350364963504
"2025-02-16 13:00:00","2025-02-16 14:00:00",WN,225,220,4,1,36.67420814479638,1.7777777777777777,42.53393665158371
"2025-02-16 14:00:00","2025-02-16 15:00:00",AA,156,144,9,3,42.775510204081634,5.769230769230769,42.17687074829932
"2025-02-16 14:00:00","2025-02-16 15:00:00",DL,114,112,1,1,75.92035398230088,0.8771929824561403,65.48672566371681
"2025-02-16 14:00:00","2025-02-16 15:00:00",UA,125,123,2,0,48.46341463414634,1.6,43.90243902439025
"2025-02-16 14:00:00","2025-02-16 15:00:00",WN,224,220,4,0,38.71363636363636,1.7857142857142858,42.27272727272727
"2025-02-16 15:00:00","2025-02-16 16:00:00",AA,127,118,9,0,40.82203389830509,7.086614173228346,45.76271186440678
"2025-02-16 15:00:00","2025-02-16 16:00:00",DL,155,147,6,2,63.12080536912752,3.870967741935484,64.42953020134229
"2025-02-16 15:00:00","2025-02-16 16:00:00",UA,83,80,3,0,53.725,3.6144578313253013,46.25
"2025-02-16 15:00:00","2025-02-16 16:00:00",WN,237,231,4,2,40.1244635193133,1.6877637130801688,43.776824034334766
"2025-02-16 16:00:00","2025-02-16 17:00:00",AA,145,135,8,2,49.63503649635037,5.517241379310345,49.63503649635037
"2025-02-16 16:00:00","2025-02-16 17:00:00",DL,108,106,2,0,73.79245283018868,1.8518518518518519,60.37735849056604
"2025-02-16 16:00:00","2025-02-16 17:00:00",UA,134,134,0,0,56.985074626865675,0.0,50.74626865671642
"2025-02-16 16:00:00","2025-02-16 17:00:00",WN,217,212,5,0,47.64150943396226,2.304147465437788,50.0
"2025-02-16 17:00:00","2025-02-16 18:00:00",AA,162,149,13,0,77.70469798657719,8.024691358024691,54.36241610738255
"2025-02-16 17:00:00","2025-02-16 18:00:00",DL,145,143,2,0,74.53846153846153,1.3793103448275863,47.55244755244755
"2025-02-16 17:00:00","2025-02-16 18:00:00",UA,140,136,4,0,57.52205882352941,2.857142857142857,51.470588235294116
"2025-02-16 17:00:00","2025-02-16 18:00:00",WN,234,230,4,0,39.7695652173913,1.7094017094017093,46.08695652173913
"2025-02-16 18:00:00","2025-02-16 19:00:00",AA,163,151,12,0,50.609271523178805,7.361963190184049,50.99337748344371
"2025-02-16 18:00:00","2025-02-16 19:00:00",DL,117,114,3,0,59.24561403508772,2.5641025641025643,60.526315789473685
"2025-02-16 18:00:00","2025-02-16 19:00:00",UA,151,146,5,0,63.821917808219176,3.3112582781456954,47.945205479452056
"2025-02-16 18:00:00","2025-02-16 19:00:00",WN,204,199,5,0,46.391959798994975,2.450980392156863,51.75879396984924
"2025-02-16 19:00:00","2025-02-16 20:00:00",AA,160,150,10,0,48.34,6.25,47.333333333333336
"2025-02-16 19:00:00","2025-02-16 20:00:00",DL,100,88,12,0,80.25,12.0,69.31818181818181
"2025-02-16 19:00:00","2025-02-16 20:00:00",UA,133,129,4,0,47.17054263565891,3.007518796992481,45.736434108527135
"2025-02-16 19:00:00","2025-02-16 20:00:00",WN,236,235,0,1,42.5,0.0,48.30508474576271
"2025-02-16 20:00:00","2025-02-16 21:00:00",AA,126,120,6,0,39.24166666666667,4.761904761904762,49.166666666666664
"2025-02-16 20:00:00","2025-02-16 21:00:00",DL,65,61,4,0,71.63934426229508,6.153846153846154,55.73770491803279
"2025-02-16 20:00:00","2025-02-16 21:00:00",UA,80,76,4,0,56.44736842105263,5.0,65.78947368421052
"2025-02-16 20:00:00","2025-02-16 21:00:00",WN,265,262,3,0,39.232824427480914,1.1320754716981132,45.038167938931295
"2025-02-16 21:00:00","2025-02-16 22:00:00",AA,93,90,3,0,62.51111111111111,3.225806451612903,54.44444444444444
"2025-02-16 21:00:00","2025-02-16 22:00:00",DL,74,72,2,0,44.80555555555556,2.7027027027027026,43.05555555555556
"2025-02-16 21:00:00","2025-02-16 22:00:00",UA,46,43,2,1,43.65909090909091,4.3478260869565215,56.81818181818182
"2025-02-16 21:00:00","2025-02-16 22:00:00",WN,139,139,0,0,39.381294964028775,0.0,51.07913669064748
"2025-02-16 22:00:00","2025-02-16 23:00:00",AA,96,92,4,0,46.93478260869565,4.166666666666667,34.78260869565217
"2025-02-16 22:00:00","2025-02-16 23:00:00",DL,70,70,0,0,42.18571428571428,0.0,45.714285714285715
"2025-02-16 22:00:00","2025-02-16 23:00:00",UA,29,29,0,0,17.344827586206897,0.0,34.48275862068966
"2025-02-16 22:00:00","2025-02-16 23:00:00",WN,143,140,3,0,44.32142857142857,2.097902097902098,56.42857142857143
"2025-02-16 23:00:00","2025-02-17 00:00:00",AA,30,29,1,0,13.275862068965518,3.3333333333333335,34.48275862068966
"2025-02-16 23:00:00","2025-02-17 00:00:00",DL,18,17,1,0,61.411764705882355,5.555555555555555,23.529411764705884
"2025-02-16 23:00:00","2025-02-17 00:00:00",UA,36,36,0,0,13.11111111111111,0.0,27.77777777777778
"2025-02-16 23:00:00","2025-02-17 00:00:00",WN,3,3,0,0,-1.0,0.0,0.0
"2025-02-17 00:00:00","2025-02-17 01:00:00",AA,12,12,0,0,11.75,0.0,33.333333333333336
"2025-02-17 00:00:00","2025-02-17 01:00:00",DL,2,2,0,0,1.0,0.0,0.0
"2025-02-17 00:00:00","2025-02-17 01:00:00",UA,3,3,0,0,22.0,0.0,66.66666666666667
"2025-02-17 01:00:00","2025-02-17 02:00:00",DL,2,2,0,0,-9.5,0.0,0.0
"2025-02-17 01:00:00","2025-02-17 02:00:00",UA,1,1,0,0,46.0,0.0,100.0
"2025-02-17 02:00:00","2025-02-17 03:00:00",UA,1,1,0,0,74.0,0.0,100.0
"2025-02-17 05:00:00","2025-02-17 06:00:00",AA,102,94,8,0,14.106382978723405,7.8431372549019605,4.25531914893617
"2025-02-17 05:00:00","2025-02-17 06:00:00",DL,67,67,0,0,6.8059701492537314,0.0,14.925373134328359
"2025-02-17 05:00:00","2025-02-17 06:00:00",UA,31,30,1,0,-4.366666666666666,3.225806451612903,0.0
"2025-02-17 05:00:00","2025-02-17 06:00:00",WN,181,178,3,0,5.943820224719101,1.6574585635359116,7.303370786516854
"2025-02-17 06:00:00","2025-02-17 07:00:00",AA,187,180,7,0,17.733333333333334,3.7433155080213902,11.666666666666666
"2025-02-17 06:00:00","2025-02-17 07:00:00",DL,183,179,4,0,19.441340782122904,2.185792349726776,18.99441340782123
"2025-02-17 06:00:00","2025-02-17 07:00:00",UA,124,121,3,0,7.487603305785124,2.4193548387096775,12.396694214876034
"2025-02-17 06:00:00","2025-02-17 07:00:00",WN,299,298,1,0,9.953020134228188,0.33444816053511706,11.073825503355705
"2025-02-17 07:00:00","2025-02-17 08:00:00",AA,208,199,9,0,9.21608040201005,4.326923076923077,13.5678391959799
"2025-02-17 07:00:00","2025-02-17 08:00:00",DL,232,223,9,0,20.484304932735427,3.8793103448275863,24.2152466367713
"2025-02-17 07:00:00","2025-02-17 08:00:00",UA,199,197,1,1,9.873737373737374,0.5025125628140703,11.616161616161616
"2025-02-17 07:00:00","2025-02-17 08:00:00",WN,195,195,0,0,7.384615384615385,0.0,14.871794871794872
"2025-02-17 08:00:00","2025-02-17 09:00:00",AA,198,191,7,0,13.81675392670157,3.5353535353535355,19.3717277486911
"2025-02-17 08:00:00","2025-02-17 09:00:00",DL,175,173,1,1,20.96551724137931,0.5714285714285714,22.988505747126435
"2025-02-17 08:00:00","2025-02-17 09:00:00",UA,193,192,1,0,11.9375,0.5181347150259067,14.0625
"2025-02-17 08:00:00","2025-02-17 09:00:00",WN,273,271,1,1,6.047794117647059,0.3663003663003663,17.279411764705884
"2025-02-17 09:00:00","2025-02-17 10:00:00",AA,130,127,2,1,6.2734375,1.5384615384615385,14.84375
"2025-02-17 09:00:00","2025-02-17 10:00:00",DL,125,125,0,0,16.728,0.0,22.4
"2025-02-17 09:00:00","2025-02-17 10:00:00",UA,135,134,1,0,13.164179104477611,0.7407407407407407,16.417910447761194
"2025-02-17 09:00:00","2025-02-17 10:00:00",WN,210,210,0,0,12.038095238095238,0.0,21.428571428571427
"2025-02-17 10:00:00","2025-02-17 11:00:00",AA,142,140,2,0,11.857142857142858,1.408450704225352,19.285714285714285
"2025-02-17 10:00:00","2025-02-17 11:00:00",DL,157,152,3,2,15.435064935064934,1.910828025477707,29.87012987012987
"2025-02-17 10:00:00","2025-02-17 11:00:00",UA,127,127,0,0,15.31496062992126,0.0,22.04724409448819
"2025-02-17 10:00:00","2025-02-17 11:00:00",WN,226,226,0,0,13.486725663716815,0.0,22.56637168141593
"2025-02-17 11:00:00","2025-02-17 12:00:00",AA,165,163,2,0,17.58282208588957,1.2121212121212122,25.153374233128833
"2025-02-17 11:00:00","2025-02-17 12:00:00",DL,189,188,1,0,24.45744680851064,0.5291005291005291,39.361702127659576
"2025-02-17 11:00:00","2025-02-17 12:00:00",UA,127,127,0,0,22.496062992125985,0.0,25.984251968503937
"2025-02-17 11:00:00","2025-02-17 12:00:00",WN,221,221,0,0,15.592760180995475,0.0,28.959276018099548
"2025-02-17 12:00:00","2025-02-17 13:00:00",AA,133,133,0,0,27.32330827067669,0.0,30.827067669172934
"2025-02-17 12:00:00","2025-02-17 13:00:00",DL,177,174,3,0,26.166666666666668,1.694915254237288,39.6551724137931
"2025-02-17 12:00:00","2025-02-17 13:00:00",UA,120,119,1,0,21.386554621848738,0.8333333333333334,30.252100840336134
"2025-02-17 12:00:00","2025-02-17 13:00:00",WN,223,220,1,2,20.626126126126128,0.4484304932735426,32.432432432432435
"2025-02-17 13:00:00","2025-02-17 14:00:00",AA,145,145,0,0,18.17241379310345,0.0,30.344827586206897
"2025-02-17 13:00:00","2025-02-17 14:00:00",DL,146,143,3,0,30.195804195804197,2.0547945205479454,40.55944055944056
"2025-02-17 13:00:00","2025-02-17 14:00:00",UA,144,144,0,0,19.645833333333332,0.0,31.25
"2025-02-17 13:00:00","2025-02-17 14:00:00",WN,224,222,0,2,17.46875,0.0,37.94642857142857
"2025-02-17 14:00:00","2025-02-17 15:00:00",AA,153,153,0,0,26.333333333333332,0.0,40.52287581699346
"2025-02-17 14:00:00","2025-02-17 15:00:00",DL,135,133,2,0,32.64661654135338,1.4814814814814814,34.58646616541353
"2025-02-17 14:00:00","2025-02-17 15:00:00",UA,130,130,0,0,21.5,0.0,30.0
"2025-02-17 14:00:00","2025-02-17 15:00:00",WN,229,229,0,0,26.96069868995633,0.0,42.35807860262009
"2025-02-17 15:00:00","2025-02-17 16:00:00",AA,130,130,0,0,22.96153846153846,0.0,42.30769230769231
"2025-02-17 15:00:00","2025-02-17 16:00:00",DL,183,180,3,0,37.18333333333333,1.639344262295082,52.22222222222222
"2025-02-17 15:00:00","2025-02-17 16:00:00",UA,88,88,0,0,34.30681818181818,0.0,51.13636363636363
"2025-02-17 15:00:00","2025-02-17 16:00:00",WN,236,235,1,0,34.761702127659575,0.423728813559322,48.93617021276596
"2025-02-17 16:00:00","2025-02-17 17:00:00",AA,149,147,2,0,25.904761904761905,1.342281879194631,40.816326530612244
"2025-02-17 16:00:00","2025-02-17 17:00:00",DL,141,140,1,0,52.94285714285714,0.7092198581560284,52.857142857142854
"2025-02-17 16:00:00","2025-02-17 17:00:00",UA,143,143,0,0,29.734265734265733,0.0,40.55944055944056
"2025-02-17 16:00:00","2025-02-17 17:00:00",WN,222,222,0,0,35.968468468468465,0.0,54.95495495495496
"2025-02-17 17:00:00","2025-02-17 18:00:00",AA,164,163,1,0,28.42331288343558,0.6097560975609756,49.079754601226995
"2025-02-17 17:00:00","2025-02-17 18:00:00",DL,168,167,1,0,36.29940119760479,0.5952380952380952,42.51497005988024
"2025-02-17 17:00:00","2025-02-17 18:00:00",UA,143,142,1,0,28.112676056338028,0.6993006993006993,38.028169014084504
"2025-02-17 17:00:00","2025-02-17 18:00:00",WN,239,239,0,0,35.62761506276151,0.0,58.57740585774059
"2025-02-17 18:00:00","2025-02-17 19:00:00",AA,164,164,0,0,29.78048780487805,0.0,40.24390243902439
"2025-02-17 18:00:00","2025-02-17 19:00:00",DL,160,157,3,0,46.47133757961783,1.875,57.961783439490446
"2025-02-17 18:00:00","2025-02-17 19:00:00",UA,156,156,0,0,32.40384615384615,0.0,49.35897435897436
"2025-02-17 18:00:00","2025-02-17 19:00:00",WN,206,205,1,0,40.482926829268294,0.4854368932038835,60.0
"2025-02-17 19:00:00","2025-02-17 20:00:00",AA,159,159,0,0,34.62893081761006,0.0,47.79874213836478
"2025-02-17 19:00:00","2025-02-17 20:00:00",DL,164,164,0,0,50.353658536585364,0.0,61.58536585365854
"2025-02-17 19:00:00","2025-02-17 20:00:00",UA,130,130,0,0,26.83076923076923,0.0,44.61538461538461
"2025-02-17 19:00:00","2025-02-17 20:00:00",WN,237,237,0,0,38.51898734177215,0.0,55.69620253164557
"2025-02-17 20:00:00","2025-02-17 21:00:00",AA,123,123,0,0,51.3089430894309,0.0,47.96747967479675
"2025-02-17 20:00:00","2025-02-17 21:00:00",DL,100,100,0,0,53.93,0.0,61.0
"2025-02-17 20:00:00","2025-02-17 21:00:00",UA,81,81,0,0,29.34567901234568,0.0,48.148148148148145
"2025-02-17 20:00:00","2025-02-17 21:00:00",WN,263,262,1,0,44.33587786259542,0.38022813688212925,61.83206106870229
"2025-02-17 21:00:00","2025-02-17 22:00:00",AA,94,93,0,1,57.41489361702128,0.0,40.42553191489362
"2025-02-17 21:00:00","2025-02-17 22:00:00",DL,94,94,0,0,40.41489361702128,0.0,47.87234042553192
"2025-02-17 21:00:00","2025-02-17 22:00:00",UA,43,43,0,0,26.674418604651162,0.0,46.51162790697674
"2025-02-17 21:00:00","2025-02-17 22:00:00",WN,142,142,0,0,49.20422535211268,0.0,69.71830985915493
"2025-02-17 22:00:00","2025-02-17 23:00:00",AA,97,97,0,0,27.711340206185568,0.0,45.36082474226804
"2025-02-17 22:00:00","2025-02-17 23:00:00",DL,91,91,0,0,29.65934065934066,0.0,45.05494505494506
"2025-02-17 22:00:00","2025-02-17 23:00:00",UA,33,33,0,0,20.21212121212121,0.0,15.151515151515152
"2025-02-17 22:00:00","2025-02-17 23:00:00",WN,140,137,2,1,39.58695652173913,1.4285714285714286,69.56521739130434
"2025-02-17 23:00:00","2025-02-18 00:00:00",AA,31,31,0,0,32.25806451612903,0.0,29.032258064516128
"2025-02-17 23:00:00","2025-02-18 00:00:00",DL,26,26,0,0,26.53846153846154,0.0,50.0
"2025-02-17 23:00:00","2025-02-18 00:00:00",UA,34,34,0,0,3.8823529411764706,0.0,14.705882352941176
"2025-02-17 23:00:00","2025-02-18 00:00:00",WN,3,3,0,0,13.333333333333334,0.0,66.66666666666667
"2025-02-18 00:00:00","2025-02-18 01:00:00",AA,11,11,0,0,12.272727272727273,0.0,27.272727272727273
"2025-02-18 00:00:00","2025-02-18 01:00:00",DL,4,4,0,0,18.25,0.0,50.0
"2025-02-18 00:00:00","2025-02-18 01:00:00",UA,3,3,0,0,-1.6666666666666667,0.0,0.0
"2025-02-18 01:00:00","2025-02-18 02:00:00",DL,2,2,0,0,-8.0,0.0,0.0
"2025-02-18 01:00:00","2025-02-18 02:00:00",UA,1,1,0,0,-7.0,0.0,0.0
"2025-02-18 02:00:00","2025-02-18 03:00:00",UA,1,1,0,0,-5.0,0.0,0.0
"2025-02-18 05:00:00","2025-02-18 06:00:00",AA,83,83,0,0,1.4578313253012047,0.0,14.457831325301205
"2025-02-18 05:00:00","2025-02-18 06:00:00",DL,69,69,0,0,3.927536231884058,0.0,10.144927536231885
"2025-02-18 05:00:00","2025-02-18 06:00:00",UA,28,28,0,0,8.535714285714286,0.0,7.142857142857143
"2025-02-18 05:00:00","2025-02-18 06:00:00",WN,99,97,2,0,-0.32989690721649484,2.0202020202020203,5.154639175257732
"2025-02-18 06:00:00","2025-02-18 07:00:00",AA,180,179,1,0,11.35754189944134,0.5555555555555556,15.083798882681565
"2025-02-18 06:00:00","2025-02-18 07:00:00",DL,184,183,0,1,16.66304347826087,0.0,16.847826086956523
"2025-02-18 06:00:00","2025-02-18 07:00:00",UA,120,120,0,0,-0.325,0.0,7.5
"2025-02-18 06:00:00","2025-02-18 07:00:00",WN,305,302,3,0,2.533112582781457,0.9836065573770492,7.28476821192053
"2025-02-18 07:00:00","2025-02-18 08:00:00",AA,173,173,0,0,8.236994219653178,0.0,10.404624277456648
"2025-02-18 07:00:00","2025-02-18 08:00:00",DL,229,227,1,1,12.109649122807017,0.4366812227074236,15.789473684210526
"2025-02-18 07:00:00","2025-02-18 08:00:00",UA,179,179,0,0,-0.6201117318435754,0.0,7.262569832402234
"2025-02-18 07:00:00","2025-02-18 08:00:00",WN,212,210,2,0,4.914285714285715,0.9433962264150944,8.571428571428571
"2025-02-18 08:00:00","2025-02-18 09:00:00",AA,196,194,2,0,6.056701030927835,1.0204081632653061,8.762886597938145
"2025-02-18 08:00:00","2025-02-18 09:00:00",DL,173,173,0,0,13.520231213872833,0.0,19.653179190751445
"2025-02-18 08:00:00","2025-02-18 09:00:00",UA,185,185,0,0,5.654054054054054,0.0,11.35135135135135
"2025-02-18 08:00:00","2025-02-18 09:00:00",WN,265,262,3,0,5.927480916030534,1.1320754716981132,16.03053435114504
"2025-02-18 09:00:00","2025-02-18 10:00:00",AA,134,134,0,0,5.843283582089552,0.0,12.686567164179104
"2025-02-18 09:00:00","2025-02-18 10:00:00",DL,122,122,0,0,11.30327868852459,0.0,24.59016393442623
"2025-02-18 09:00:00","2025-02-18 10:00:00",UA,133,132,1,0,8.727272727272727,0.7518796992481203,17.424242424242426
"2025-02-18 09:00:00","2025-02-18 10:00:00",WN,218,216,2,0,7.597222222222222,0.9174311926605505,17.12962962962963
"2025-02-18 10:00:00","2025-02-18 11:00:00",AA,132,131,1,0,11.50381679389313,0.7575757575757576,16.793893129770993
"2025-02-18 10:00:00","2025-02-18 11:00:00",DL,151,151,0,0,17.980132450331126,0.0,29.13907284768212
"2025-02-18 10:00:00","2025-02-18 11:00:00",UA,121,121,0,0,8.570247933884298,0.0,14.87603305785124
"2025-02-18 10:00:00","2025-02-18 11:00:00",WN,230,229,1,0,10.065502183406114,0.43478260869565216,23.14410480349345
"2025-02-18 11:00:00","2025-02-18 12:00:00",AA,159,157,1,1,9.158227848101266,0.6289308176100629,15.822784810126583
"2025-02-18 11:00:00","2025-02-18 12:00:00",DL,183,183,0,0,18.256830601092897,0.0,31.147540983606557
"2025-02-18 11:00:00","2025-02-18 12:00:00",UA,128,128,0,0,13.8671875,0.0,21.875
"2025-02-18 11:00:00","2025-02-18 12:00:00",WN,224,222,2,0,12.5,0.8928571428571429,23.423423423423422
"2025-02-18 12:00:00","2025-02-18 13:00:00",AA,126,126,0,0,23.99206349206349,0.0,16.666666666666668
"2025-02-18 12:00:00","2025-02-18 13:00:00",DL,169,168,0,1,14.420118343195266,0.0,26.62721893491124
"2025-02-18 12:00:00","2025-02-18 13:00:00",UA,119,119,0,0,3.1176470588235294,0.0,12.605042016806722
"2025-02-18 12:00:00","2025-02-18 13:00:00",WN,224,221,3,0,13.927601809954751,1.3392857142857142,28.506787330316744
"2025-02-18 13:00:00","2025-02-18 14:00:00",AA,140,140,0,0,21.9,0.0,22.857142857142858
"2025-02-18 13:00:00","2025-02-18 14:00:00",DL,142,142,0,0,14.528169014084508,0.0,26.760563380281692
"2025-02-18 13:00:00","2025-02-18 14:00:00",UA,139,139,0,0,6.9352517985611515,0.0,16.546762589928058
"2025-02-18 13:00:00","2025-02-18 14:00:00",WN,243,241,2,0,15.195020746887966,0.823045267489712,32.365145228215766
"2025-02-18 14:00:00","2025-02-18 15:00:00",AA,146,143,3,0,12.797202797202797,2.0547945205479454,27.972027972027973
"2025-02-18 14:00:00","2025-02-18 15:00:00",DL,121,121,0,0,21.545454545454547,0.0,30.578512396694215
"2025-02-18 14:00:00","2025-02-18 15:00:00",UA,118,116,1,1,5.615384615384615,0.847457627118644,18.803418803418804
"2025-02-18 14:00:00","2025-02-18 15:00:00",WN,224,224,0,0,16.464285714285715,0.0,32.142857142857146
"2025-02-18 15:00:00","2025-02-18 16:00:00",AA,119,117,2,0,13.085470085470085,1.680672268907563,21.367521367521366
"2025-02-18 15:00:00","2025-02-18 16:00:00",DL,177,177,0,0,14.909604519774012,0.0,25.98870056497175
"2025-02-18 15:00:00","2025-02-18 16:00:00",UA,84,83,0,1,5.785714285714286,0.0,16.666666666666668
"2025-02-18 15:00:00","2025-02-18 16:00:00",WN,226,226,0,0,18.694690265486727,0.0,38.05309734513274
"2025-02-18 16:00:00","2025-02-18 17:00:00",AA,145,135,10,0,15.733333333333333,6.896551724137931,17.77777777777778
"2025-02-18 16:00:00","2025-02-18 17:00:00",DL,119,119,0,0,11.915966386554622,0.0,23.529411764705884
"2025-02-18 16:00:00","2025-02-18 17:00:00",UA,131,131,0,0,5.923664122137405,0.0,16.03053435114504
"2025-02-18 16:00:00","2025-02-18 17:00:00",WN,221,221,0,0,18.20814479638009,0.0,35.74660633484163
"2025-02-18 17:00:00","2025-02-18 18:00:00",AA,138,125,13,0,9.888,9.420289855072463,20.8
"2025-02-18 17:00:00","2025-02-18 18:00:00",DL,166,165,0,1,23.07831325301205,0.0,21.08433734939759
"2025-02-18 17:00:00","2025-02-18 18:00:00",UA,135,133,1,1,16.08955223880597,0.7407407407407407,26.865671641791046
"2025-02-18 17:00:00","2025-02-18 18:00:00",WN,223,222,1,0,17.527027027027028,0.4484304932735426,31.98198198198198
"2025-02-18 18:00:00","2025-02-18 19:00:00",AA,143,133,10,0,36.65413533834587,6.993006993006993,27.81954887218045
"2025-02-18 18:00:00","2025-02-18 19:00:00",DL,139,137,1,1,14.695652173913043,0.7194244604316546,31.159420289855074
"2025-02-18 18:00:00","2025-02-18 19:00:00",UA,126,125,0,1,24.333333333333332,0.0,37.301587301587304
"2025-02-18 18:00:00","2025-02-18 19:00:00",WN,219,217,2,0,19.963133640552996,0.91324200913242,35.944700460829495
"2025-02-18 19:00:00","2025-02-18 20:00:00",AA,118,107,11,0,23.299065420560748,9.322033898305085,28.97196261682243
"2025-02-18 19:00:00","2025-02-18 20:00:00",DL,117,116,0,1,23.128205128205128,0.0,35.042735042735046
"2025-02-18 19:00:00","2025-02-18 20:00:00",UA,117,116,1,0,16.474137931034484,0.8547008547008547,40.51724137931034
"2025-02-18 19:00:00","2025-02-18 20:00:00",WN,268,268,0,0,15.485074626865671,0.0,32.83582089552239
"2025-02-18 20:00:00","2025-02-18 21:00:00",AA,107,93,14,0,26.537634408602152,13.08411214953271,26.881720430107528
"2025-02-18 20:00:00","2025-02-18 21:00:00",DL,72,72,0,0,16.23611111111111,0.0,33.333333333333336
"2025-02-18 20:00:00","2025-02-18 21:00:00",UA,63,63,0,0,23.73015873015873,0.0,39.682539682539684
"2025-02-18 20:00:00","2025-02-18 21:00:00",WN,178,174,4,0,17.46551724137931,2.247191011235955,36.206896551724135
"2025-02-18 21:00:00","2025-02-18 22:00:00",AA,72,62,10,0,29.258064516129032,13.88888888888889,27.419354838709676
"2025-02-18 21:00:00","2025-02-18 22:00:00",DL,66,66,0,0,5.378787878787879,0.0,19.696969696969695
"2025-02-18 21:00:00","2025-02-18 22:00:00",UA,29,29,0,0,9.206896551724139,0.0,20.689655172413794
"2025-02-18 21:00:00","2025-02-18 22:00:00",WN,146,143,2,1,18.791666666666668,1.36986301369863,40.97222222222222
"2025-02-18 22:00:00","2025-02-18 23:00:00",AA,61,60,1,0,5.516666666666667,1.639344262295082,18.333333333333332
"2025-02-18 22:00:00","2025-02-18 23:00:00",DL,83,83,0,0,29.83132530120482,0.0,27.710843373493976
"2025-02-18 22:00:00","2025-02-18 23:00:00",UA,27,27,0,0,1.7037037037037037,0.0,14.814814814814815
"2025-02-18 22:00:00","2025-02-18 23:00:00",WN,5,5,0,0,12.4,0.0,40.0
"2025-02-18 23:00:00","2025-02-19 00:00:00",AA,20,20,0,0,4.0,0.0,20.0
"2025-02-18 23:00:00","2025-02-19 00:00:00",DL,20,20,0,0,-0.75,0.0,10.0
"2025-02-18 23:00:00","2025-02-19 00:00:00",UA,25,25,0,0,-1.52,0.0,12.0
"2025-02-18 23:00:00","2025-02-19 00:00:00",WN,2,2,0,0,-8.5,0.0,0.0
"2025-02-19 00:00:00","2025-02-19 01:00:00",AA,9,9,0,0,8.555555555555555,0.0,11.11111111111111
"2025-02-19 00:00:00","2025-02-19 01:00:00",DL,2,2,0,0,-10.5,0.0,0.0
"2025-02-19 00:00:00","2025-02-19 01:00:00",UA,2,2,0,0,-10.0,0.0,0.0
"2025-02-19 01:00:00","2025-02-19 02:00:00",DL,2,2,0,0,-11.5,0.0,0.0
"2025-02-19 01:00:00","2025-02-19 02:00:00",UA,1,1,0,0,-9.0,0.0,0.0
"2025-02-19 02:00:00","2025-02-19 03:00:00",UA,1,1,0,0,-10.0,0.0,0.0
"2025-02-19 05:00:00","2025-02-19 06:00:00",AA,82,71,11,0,18.746478873239436,13.414634146341463,18.309859154929576
"2025-02-19 05:00:00","2025-02-19 06:00:00",DL,69,69,0,0,10.72463768115942,0.0,11.594202898550725
"2025-02-19 05:00:00","2025-02-19 06:00:00",UA,27,27,0,0,10.814814814814815,0.0,3.7037037037037037
"2025-02-19 05:00:00","2025-02-19 06:00:00",WN,30,30,0,0,-1.4333333333333333,0.0,0.0
"2025-02-19 06:00:00","2025-02-19 07:00:00",AA,176,166,10,0,3.3373493975903616,5.681818181818182,12.650602409638553
"2025-02-19 06:00:00","2025-02-19 07:00:00",DL,182,181,1,0,9.69060773480663,0.5494505494505495,10.497237569060774
"2025-02-19 06:00:00","2025-02-19 07:00:00",UA,123,123,0,0,2.032520325203252,0.0,9.75609756097561
"2025-02-19 06:00:00","2025-02-19 07:00:00",WN,216,208,8,0,-1.0432692307692308,3.7037037037037037,2.8846153846153846
"2025-02-19 07:00:00","2025-02-19 08:00:00",AA,174,160,12,2,10.024691358024691,6.896551724137931,14.197530864197532
"2025-02-19 07:00:00","2025-02-19 08:00:00",DL,227,227,0,0,11.004405286343612,0.0,12.334801762114537
"2025-02-19 07:00:00","2025-02-19 08:00:00",UA,177,177,0,0,0.03389830508474576,0.0,5.649717514124294
"2025-02-19 07:00:00","2025-02-19 08:00:00",WN,190,184,6,0,-1.5978260869565217,3.1578947368421053,2.1739130434782608
"2025-02-19 08:00:00","2025-02-19 09:00:00",AA,195,186,8,1,10.524064171122994,4.102564102564102,17.112299465240643
"2025-02-19 08:00:00","2025-02-19 09:00:00",DL,176,175,0,1,5.732954545454546,0.0,12.5
"2025-02-19 08:00:00","2025-02-19 09:00:00",UA,189,188,1,0,3.99468085106383,0.5291005291005291,9.574468085106384
"2025-02-19 08:00:00","2025-02-19 09:00:00",WN,244,238,6,0,2.189075630252101,2.459016393442623,7.983193277310924
"2025-02-19 09:00:00","2025-02-19 10:00:00",AA,131,121,9,1,33.24590163934426,6.870229007633588,22.950819672131146
"2025-02-19 09:00:00","2025-02-19 10:00:00",DL,121,120,1,0,6.058333333333334,0.8264462809917356,18.333333333333332
"2025-02-19 09:00:00","2025-02-19 10:00:00",UA,136,135,1,0,5.562962962962963,0.7352941176470589,17.037037037037038
"2025-02-19 09:00:00","2025-02-19 10:00:00",WN,234,229,5,0,4.104803493449782,2.1367521367521367,10.043668122270743
"2025-02-19 10:00:00","2025-02-19 11:00:00",AA,136,127,7,2,38.3875968992248,5.147058823529412,42.63565891472868
"2025-02-19 10:00:00","2025-02-19 11:00:00",DL,154,154,0,0,18.363636363636363,0.0,26.623376623376622
"2025-02-19 10:00:00","2025-02-19 11:00:00",UA,120,120,0,0,11.866666666666667,0.0,15.833333333333334
"2025-02-19 10:00:00","2025-02-19 11:00:00",WN,199,194,5,0,4.896907216494846,2.512562814070352,12.371134020618557
"2025-02-19 11:00:00","2025-02-19 12:00:00",AA,160,141,18,1,22.908450704225352,11.25,33.80281690140845
"2025-02-19 11:00:00","2025-02-19 12:00:00",DL,183,182,1,0,13.175824175824175,0.546448087431694,26.373626373626372
"2025-02-19 11:00:00","2025-02-19 12:00:00",UA,128,127,1,0,11.51968503937008,0.78125,19.68503937007874
"2025-02-19 11:00:00","2025-02-19 12:00:00",WN,264,263,1,0,12.94296577946768,0.3787878787878788,24.334600760456272
"2025-02-19 12:00:00","2025-02-19 13:00:00",AA,127,112,15,0,46.080357142857146,11.811023622047244,53.57142857142857
"2025-02-19 12:00:00","2025-02-19 13:00:00",DL,170,170,0,0,18.923529411764704,0.0,27.647058823529413
"2025-02-19 12:00:00","2025-02-19 13:00:00",UA,122,122,0,0,7.827868852459017,0.0,14.754098360655737
"2025-02-19 12:00:00","2025-02-19 13:00:00",WN,182,178,4,0,9.584269662921349,2.197802197802198,23.59550561797753
"2025-02-19 13:00:00","2025-02-19 14:00:00",AA,140,112,27,1,32.10619469026549,19.285714285714285,41.5929203539823
"2025-02-19 13:00:00","2025-02-19 14:00:00",DL,143,140,3,0,18.807142857142857,2.097902097902098,34.285714285714285
"2025-02-19 13:00:00","2025-02-19 14:00:00",UA,142,142,0,0,9.992957746478874,0.0,14.084507042253522
"2025-02-19 13:00:00","2025-02-19 14:00:00",WN,239,238,1,0,9.214285714285714,0.41841004184100417,20.168067226890756
"2025-02-19 14:00:00","2025-02-19 15:00:00",AA,143,121,22,0,31.421487603305785,15.384615384615385,44.62809917355372
"2025-02-19 14:00:00","2025-02-19 15:00:00",DL,120,119,1,0,17.949579831932773,0.8333333333333334,26.050420168067227
"2025-02-19 14:00:00","2025-02-19 15:00:00",UA,122,121,0,1,6.89344262295082,0.0,19.672131147540984
"2025-02-19 14:00:00","2025-02-19 15:00:00",WN,219,218,1,0,13.70183486238532,0.45662100456621,29.81651376146789
"2025-02-19 15:00:00","2025-02-19 16:00:00",AA,117,100,17,0,37.84,14.52991452991453,42.0
"2025-02-19 15:00:00","2025-02-19 16:00:00",DL,177,176,1,0,16.511363636363637,0.5649717514124294,31.818181818181817
"2025-02-19 15:00:00","2025-02-19 16:00:00",UA,88,88,0,0,7.011363636363637,0.0,19.318181818181817
"2025-02-19 15:00:00","2025-02-19 16:00:00",WN,227,227,0,0,13.841409691629956,0.0,28.19383259911894
"2025-02-19 16:00:00","2025-02-19 17:00:00",AA,141,131,10,0,28.900763358778626,7.092198581560283,40.458015267175576
"2025-02-19 16:00:00","2025-02-19 17:00:00",DL,118,115,3,0,13.521739130434783,2.542372881355932,23.47826086956522
"2025-02-19 16:00:00","2025-02-19 17:00:00",UA,132,129,1,2,11.748091603053435,0.7575757575757576,13.740458015267176
"2025-02-19 16:00:00","2025-02-19 17:00:00",WN,208,208,0,0,15.004807692307692,0.0,28.846153846153847
"2025-02-19 17:00:00","2025-02-19 18:00:00",AA,151,144,7,0,32.395833333333336,4.635761589403973,54.166666666666664
"2025-02-19 17:00:00","2025-02-19 18:00:00",DL,169,169,0,0,13.692307692307692,0.0,28.402366863905325
"2025-02-19 17:00:00","2025-02-19 18:00:00",UA,140,140,0,0,15.414285714285715,0.0,19.285714285714285
"2025-02-19 17:00:00","2025-02-19 18:00:00",WN,199,198,1,0,14.383838383838384,0.5025125628140703,32.323232323232325
"2025-02-19 18:00:00","2025-02-19 19:00:00",AA,152,141,10,1,35.36619718309859,6.578947368421052,47.88732394366197
"2025-02-19 18:00:00","2025-02-19 19:00:00",DL,144,141,2,1,20.901408450704224,1.3888888888888888,42.25352112676056
"2025-02-19 18:00:00","2025-02-19 19:00:00",UA,140,139,1,0,13.892086330935252,0.7142857142857143,18.705035971223023
"2025-02-19 18:00:00","2025-02-19 19:00:00",WN,265,263,2,0,12.524714828897338,0.7547169811320755,26.99619771863118
"2025-02-19 19:00:00","2025-02-19 20:00:00",AA,123,115,8,0,43.51304347826087,6.504065040650406,51.30434782608695
"2025-02-19 19:00:00","2025-02-19 20:00:00",DL,114,113,1,0,21.991150442477878,0.8771929824561403,26.548672566371682
"2025-02-19 19:00:00","2025-02-19 20:00:00",UA,124,123,1,0,20.15447154471545,0.8064516129032258,25.203252032520325
"2025-02-19 19:00:00","2025-02-19 20:00:00",WN,119,119,0,0,18.092436974789916,0.0,36.97478991596638
"2025-02-19 20:00:00","2025-02-19 21:00:00",AA,112,108,4,0,38.870370370370374,3.5714285714285716,50.0
"2025-02-19 20:00:00","2025-02-19 21:00:00",DL,76,74,2,0,28.14864864864865,2.6315789473684212,33.78378378378378
"2025-02-19 20:00:00","2025-02-19 21:00:00",UA,77,77,0,0,6.2727272727272725,0.0,14.285714285714286
"2025-02-19 20:00:00","2025-02-19 21:00:00",WN,167,166,1,0,11.58433734939759,0.5988023952095808,26.50602409638554
"2025-02-19 21:00:00","2025-02-19 22:00:00",AA,84,77,7,0,51.79220779220779,8.333333333333334,53.246753246753244
"2025-02-19 21:00:00","2025-02-19 22:00:00",DL,68,68,0,0,22.823529411764707,0.0,27.941176470588236
"2025-02-19 21:00:00","2025-02-19 22:00:00",UA,35,34,1,0,0.6470588235294118,2.857142857142857,5.882352941176471
"2025-02-19 21:00:00","2025-02-19 22:00:00",WN,16,16,0,0,19.75,0.0,25.0
"2025-02-19 22:00:00","2025-02-19 23:00:00",AA,66,60,5,1,37.18032786885246,7.575757575757576,34.42622950819672
"2025-02-19 22:00:00","2025-02-19 23:00:00",DL,87,86,0,1,21.149425287356323,0.0,16.091954022988507
"2025-02-19 22:00:00","2025-02-19 23:00:00",UA,32,32,0,0,6.53125,0.0,9.375
"2025-02-19 22:00:00","2025-02-19 23:00:00",WN,2,2,0,0,-2.5,0.0,0.0
"2025-02-19 23:00:00","2025-02-20 00:00:00",AA,24,23,1,0,8.347826086956522,4.166666666666667,17.391304347826086
"2025-02-19 23:00:00","2025-02-20 00:00:00",DL,20,20,0,0,7.6,0.0,20.0
"2025-02-19 23:00:00","2025-02-20 00:00:00",UA,33,32,0,1,-5.848484848484849,0.0,0.0
"2025-02-19 23:00:00","2025-02-20 00:00:00",WN,2,2,0,0,3.5,0.0,0.0
"2025-02-20 00:00:00","2025-02-20 01:00:00",AA,9,9,0,0,10.777777777777779,0.0,11.11111111111111
"2025-02-20 00:00:00","2025-02-20 01:00:00",DL,2,2,0,0,-9.5,0.0,0.0
"2025-02-20 00:00:00","2025-02-20 01:00:00",UA,2,2,0,0,-3.0,0.0,0.0
"2025-02-20 01:00:00","2025-02-20 02:00:00",DL,2,2,0,0,-11.0,0.0,0.0
"2025-02-20 01:00:00","2025-02-20 02:00:00",UA,1,1,0,0,-5.0,0.0,0.0
"2025-02-20 02:00:00","2025-02-20 03:00:00",UA,1,1,0,0,-10.0,0.0,0.0
"2025-02-20 05:00:00","2025-02-20 06:00:00",AA,100,90,10,0,4.033333333333333,10.0,10.0
"2025-02-20 05:00:00","2025-02-20 06:00:00",DL,69,68,1,0,-1.7352941176470589,1.4492753623188406,5.882352941176471
"2025-02-20 05:00:00","2025-02-20 06:00:00",UA,31,31,0,0,6.161290322580645,0.0,3.225806451612903
"2025-02-20 05:00:00","2025-02-20 06:00:00",WN,99,99,0,0,1.6666666666666667,0.0,7.070707070707071
"2025-02-20 06:00:00","2025-02-20 07:00:00",AA,184,171,13,0,6.385964912280702,7.065217391304348,11.11111111111111
"2025-02-20 06:00:00","2025-02-20 07:00:00",DL,185,182,3,0,8.785714285714286,1.6216216216216217,9.340659340659341
"2025-02-20 06:00:00","2025-02-20 07:00:00",UA,131,129,2,0,0.5581395348837209,1.5267175572519085,7.751937984496124
"2025-02-20 06:00:00","2025-02-20 07:00:00",WN,304,299,5,0,-0.2408026755852843,1.644736842105263,5.68561872909699
"2025-02-20 07:00:00","2025-02-20 08:00:00",AA,205,194,11,0,10.1340206185567,5.365853658536586,15.463917525773196
"2025-02-20 07:00:00","2025-02-20 08:00:00",DL,230,230,0,0,7.421739130434783,0.0,9.565217391304348
"2025-02-20 07:00:00","2025-02-20 08:00:00",UA,198,196,1,1,-0.7258883248730964,0.5050505050505051,6.091370558375634
"2025-02-20 07:00:00","2025-02-20 08:00:00",WN,213,211,2,0,6.658767772511848,0.9389671361502347,10.90047393364929
"2025-02-20 08:00:00","2025-02-20 09:00:00",AA,199,193,6,0,6.05699481865285,3.0150753768844223,17.098445595854923
"2025-02-20 08:00:00","2025-02-20 09:00:00",DL,177,177,0,0,8.88135593220339,0.0,16.949152542372882
"2025-02-20 08:00:00","2025-02-20 09:00:00",UA,193,191,0,2,5.036269430051814,0.0,10.362694300518134
"2025-02-20 08:00:00","2025-02-20 09:00:00",WN,270,267,3,0,9.707865168539326,1.1111111111111112,20.973782771535582
"2025-02-20 09:00:00","2025-02-20 10:00:00",AA,125,111,14,0,13.234234234234235,11.2,25.225225225225227
"2025-02-20 09:00:00","2025-02-20 10:00:00",DL,121,121,0,0,10.421487603305785,0.0,20.66115702479339
"2025-02-20 09:00:00","2025-02-20 10:00:00",UA,131,131,0,0,10.992366412213741,0.0,19.083969465648856
"2025-02-20 09:00:00","2025-02-20 10:00:00",WN,212,211,1,0,11.274881516587678,0.4716981132075472,20.85308056872038
"2025-02-20 10:00:00","2025-02-20 11:00:00",AA,146,140,6,0,16.0,4.109589041095891,24.285714285714285
"2025-02-20 10:00:00","2025-02-20 11:00:00",DL,160,160,0,0,16.48125,0.0,26.25
"2025-02-20 10:00:00","2025-02-20 11:00:00",UA,125,125,0,0,1.128,0.0,8.8
"2025-02-20 10:00:00","2025-02-20 11:00:00",WN,230,230,0,0,7.995652173913044,0.0,18.26086956521739
"2025-02-20 11:00:00","2025-02-20 12:00:00",AA,166,153,13,0,26.287581699346404,7.831325301204819,41.830065359477125
"2025-02-20 11:00:00","2025-02-20 12:00:00",DL,189,189,0,0,17.96825396825397,0.0,28.571428571428573
"2025-02-20 11:00:00","2025-02-20 12:00:00",UA,129,129,0,0,8.62015503875969,0.0,17.05426356589147
"2025-02-20 11:00:00","2025-02-20 12:00:00",WN,224,224,0,0,10.669642857142858,0.0,21.428571428571427
"2025-02-20 12:00:00","2025-02-20 13:00:00",AA,132,128,4,0,21.3046875,3.0303030303030303,38.28125
"2025-02-20 12:00:00","2025-02-20 13:00:00",DL,179,179,0,0,14.82122905027933,0.0,29.608938547486034
"2025-02-20 12:00:00","2025-02-20 13:00:00",UA,119,119,0,0,8.747899159663865,0.0,14.285714285714286
"2025-02-20 12:00:00","2025-02-20 13:00:00",WN,226,224,1,1,12.04,0.4424778761061947,22.666666666666668
"2025-02-20 13:00:00","2025-02-20 14:00:00",AA,141,135,5,1,23.514705882352942,3.5460992907801416,38.970588235294116
"2025-02-20 13:00:00","2025-02-20 14:00:00",DL,144,144,0,0,24.25,0.0,33.333333333333336
"2025-02-20 13:00:00","2025-02-20 14:00:00",UA,143,143,0,0,9.314685314685315,0.0,16.783216783216783
"2025-02-20 13:00:00","2025-02-20 14:00:00",WN,241,240,1,0,13.395833333333334,0.4149377593360996,30.0
"2025-02-20 14:00:00","2025-02-20 15:00:00",AA,154,147,7,0,37.68707482993197,4.545454545454546,42.17687074829932
"2025-02-20 14:00:00","2025-02-20 15:00:00",DL,135,135,0,0,15.896296296296295,0.0,35.55555555555556
"2025-02-20 14:00:00","2025-02-20 15:00:00",UA,129,128,0,1,7.48062015503876,0.0,18.6046511627907
"2025-02-20 14:00:00","2025-02-20 15:00:00",WN,221,220,0,1,13.199095022624434,0.0,30.316742081447963
"2025-02-20 15:00:00","2025-02-20 16:00:00",AA,128,126,2,0,19.23015873015873,1.5625,33.333333333333336
"2025-02-20 15:00:00","2025-02-20 16:00:00",DL,182,182,0,0,18.692307692307693,0.0,35.714285714285715
"2025-02-20 15:00:00","2025-02-20 16:00:00",UA,90,90,0,0,7.266666666666667,0.0,20.0
"2025-02-20 15:00:00","2025-02-20 16:00:00",WN,227,226,1,0,17.146017699115045,0.44052863436123346,32.743362831858406
"2025-02-20 16:00:00","2025-02-20 17:00:00",AA,147,143,3,1,33.05555555555556,2.0408163265306123,42.361111111111114
"2025-02-20 16:00:00","2025-02-20 17:00:00",DL,140,140,0,0,21.40714285714286,0.0,45.0
"2025-02-20 16:00:00","2025-02-20 17:00:00",UA,141,141,0,0,10.035460992907801,0.0,19.148936170212767
"2025-02-20 16:00:00","2025-02-20 17:00:00",WN,224,224,0,0,17.017857142857142,0.0,33.92857142857143
"2025-02-20 17:00:00","2025-02-20 18:00:00",AA,160,159,1,0,31.21383647798742,0.625,38.9937106918239
"2025-02-20 17:00:00","2025-02-20 18:00:00",DL,167,166,0,1,29.50299401197605,0.0,45.50898203592814
"2025-02-20 17:00:00","2025-02-20 18:00:00",UA,141,139,1,1,9.914285714285715,0.7092198581560284,18.571428571428573
"2025-02-20 17:00:00","2025-02-20 18:00:00",WN,219,218,0,1,17.310502283105023,0.0,35.15981735159817
"2025-02-20 18:00:00","2025-02-20 19:00:00",AA,164,158,3,3,25.434782608695652,1.829268292682927,45.3416149068323
"2025-02-20 18:00:00","2025-02-20 19:00:00",DL,159,158,1,0,21.069620253164558,0.6289308176100629,36.075949367088604
"2025-02-20 18:00:00","2025-02-20 19:00:00",UA,153,153,0,0,9.568627450980392,0.0,20.26143790849673
"2025-02-20 18:00:00","2025-02-20 19:00:00",WN,225,223,1,1,16.96875,0.4444444444444444,33.035714285714285
"2025-02-20 19:00:00","2025-02-20 20:00:00",AA,158,158,0,0,31.911392405063292,0.0,37.34177215189873
"2025-02-20 19:00:00","2025-02-20 20:00:00",DL,164,162,0,2,18.597560975609756,0.0,40.853658536585364
"2025-02-20 19:00:00","2025-02-20 20:00:00",UA,133,133,0,0,13.61654135338346,0.0,26.31578947368421
"2025-02-20 19:00:00","2025-02-20 20:00:00",WN,267,266,1,0,19.7406015037594,0.37453183520599254,39.473684210526315
"2025-02-20 20:00:00","2025-02-20 21:00:00",AA,123,121,2,0,31.702479338842974,1.6260162601626016,38.01652892561984
"2025-02-20 20:00:00","2025-02-20 21:00:00",DL,100,99,0,1,22.93,0.0,50.0
"2025-02-20 20:00:00","2025-02-20 21:00:00",UA,80,79,1,0,14.341772151898734,1.25,25.31645569620253
"2025-02-20 20:00:00","2025-02-20 21:00:00",WN,177,177,0,0,16.135593220338983,0.0,31.073446327683616
"2025-02-20 21:00:00","2025-02-20 22:00:00",AA,93,93,0,0,31.72043010752688,0.0,38.70967741935484
"2025-02-20 21:00:00","2025-02-20 22:00:00",DL,95,95,0,0,16.88421052631579,0.0,33.68421052631579
"2025-02-20 21:00:00","2025-02-20 22:00:00",UA,43,42,0,1,5.534883720930233,0.0,18.6046511627907
"2025-02-20 21:00:00","2025-02-20 22:00:00",WN,146,146,0,0,17.438356164383563,0.0,36.3013698630137
"2025-02-20 22:00:00","2025-02-20 23:00:00",AA,99,98,1,0,37.3469387755102,1.0101010101010102,41.83673469387755
"2025-02-20 22:00:00","2025-02-20 23:00:00",DL,94,94,0,0,14.946808510638299,0.0,31.914893617021278
"2025-02-20 22:00:00","2025-02-20 23:00:00",UA,33,33,0,0,0.8484848484848485,0.0,12.121212121212121
"2025-02-20 22:00:00","2025-02-20 23:00:00",WN,4,4,0,0,-1.0,0.0,0.0
"2025-02-20 23:00:00","2025-02-21 00:00:00",AA,31,31,0,0,13.870967741935484,0.0,19.35483870967742
"2025-02-20 23:00:00","2025-02-21 00:00:00",DL,25,25,0,0,6.52,0.0,24.0
"2025-02-20 23:00:00","2025-02-21 00:00:00",UA,35,35,0,0,1.9428571428571428,0.0,14.285714285714286
"2025-02-20 23:00:00","2025-02-21 00:00:00",WN,2,2,0,0,15.5,0.0,50.0
"2025-02-21 00:00:00","2025-02-21 01:00:00",AA,12,12,0,0,0.3333333333333333,0.0,8.333333333333334
"2025-02-21 00:00:00","2025-02-21 01:00:00",DL,4,4,0,0,2.75,0.0,25.0
"2025-02-21 00:00:00","2025-02-21 01:00:00",UA,3,3,0,0,12.333333333333334,0.0,66.66666666666667
"2025-02-21 01:00:00","2025-02-21 02:00:00",DL,2,2,0,0,34.5,0.0,50.0
"2025-02-21 01:00:00","2025-02-21 02:00:00",UA,1,1,0,0,13.0,0.0,0.0
"2025-02-21 02:00:00","2025-02-21 03:00:00",UA,1,1,0,0,15.0,0.0,0.0
"2025-02-21 05:00:00","2025-02-21 06:00:00",AA,103,103,0,0,33.86407766990291,0.0,9.70873786407767
"2025-02-21 05:00:00","2025-02-21 06:00:00",DL,68,68,0,0,0.7352941176470589,0.0,7.352941176470588
"2025-02-21 05:00:00","2025-02-21 06:00:00",UA,31,31,0,0,5.129032258064516,0.0,12.903225806451612
"2025-02-21 05:00:00","2025-02-21 06:00:00",WN,181,180,1,0,-0.75,0.5524861878453039,5.0
"2025-02-21 06:00:00","2025-02-21 07:00:00",AA,185,185,0,0,8.805405405405406,0.0,11.891891891891891
"2025-02-21 06:00:00","2025-02-21 07:00:00",DL,186,186,0,0,6.559139784946237,0.0,8.602150537634408
"2025-02-21 06:00:00","2025-02-21 07:00:00",UA,127,127,0,0,0.9448818897637795,0.0,10.236220472440944
"2025-02-21 06:00:00","2025-02-21 07:00:00",WN,296,296,0,0,2.0337837837837838,0.0,5.0675675675675675
"2025-02-21 07:00:00","2025-02-21 08:00:00",AA,207,207,0,0,16.082125603864736,0.0,11.594202898550725
"2025-02-21 07:00:00","2025-02-21 08:00:00",DL,233,232,1,0,2.7413793103448274,0.4291845493562232,10.344827586206897
"2025-02-21 07:00:00","2025-02-21 08:00:00",UA,198,198,0,0,1.494949494949495,0.0,10.606060606060606
"2025-02-21 07:00:00","2025-02-21 08:00:00",WN,194,193,1,0,1.8082901554404145,0.5154639175257731,5.699481865284974
"2025-02-21 08:00:00","2025-02-21 09:00:00",AA,194,194,0,0,4.422680412371134,0.0,14.948453608247423
"2025-02-21 08:00:00","2025-02-21 09:00:00",DL,175,175,0,0,3.142857142857143,0.0,9.714285714285714
"2025-02-21 08:00:00","2025-02-21 09:00:00",UA,190,189,1,0,6.7407407407407405,0.5263157894736842,13.227513227513228
"2025-02-21 08:00:00","2025-02-21 09:00:00",WN,272,272,0,0,3.2683823529411766,0.0,8.455882352941176
"2025-02-21 09:00:00","2025-02-21 10:00:00",AA,131,131,0,0,6.877862595419847,0.0,16.03053435114504
"2025-02-21 09:00:00","2025-02-21 10:00:00",DL,125,125,0,0,10.392,0.0,19.2
"2025-02-21 09:00:00","2025-02-21 10:00:00",UA,136,136,0,0,4.647058823529412,0.0,13.970588235294118
"2025-02-21 09:00:00","2025-02-21 10:00:00",WN,215,214,1,0,6.490654205607477,0.46511627906976744,14.485981308411215
"2025-02-21 10:00:00","2025-02-21 11:00:00",AA,148,148,0,0,17.986486486486488,0.0,18.243243243243242
"2025-02-21 10:00:00","2025-02-21 11:00:00",DL,161,160,1,0,5.01875,0.6211180124223602,15.625
"2025-02-21 10:00:00","2025-02-21 11:00:00",UA,124,124,0,0,0.532258064516129,0.0,9.67741935483871
"2025-02-21 10:00:00","2025-02-21 11:00:00",WN,231,231,0,0,5.887445887445887,0.0,16.017316017316016
"2025-02-21 11:00:00","2025-02-21 12:00:00",AA,163,162,0,1,22.74846625766871,0.0,17.791411042944784
"2025-02-21 11:00:00","2025-02-21 12:00:00",DL,188,188,0,0,10.835106382978724,0.0,16.48936170212766
"2025-02-21 11:00:00","2025-02-21 12:00:00",UA,130,130,0,0,4.423076923076923,0.0,10.76923076923077
"2025-02-21 11:00:00","2025-02-21 12:00:00",WN,223,223,0,0,8.09865470852018,0.0,17.48878923766816
"2025-02-21 12:00:00","2025-02-21 13:00:00",AA,138,138,0,0,27.3768115942029,0.0,21.73913043478261
"2025-02-21 12:00:00","2025-02-21 13:00:00",DL,176,176,0,0,9.727272727272727,0.0,21.59090909090909
"2025-02-21 12:00:00","2025-02-21 13:00:00",UA,121,121,0,0,2.0165289256198347,0.0,11.570247933884298
"2025-02-21 12:00:00","2025-02-21 13:00:00",WN,231,231,0,0,6.9004329004329,0.0,18.181818181818183
"2025-02-21 13:00:00","2025-02-21 14:00:00",AA,141,141,0,0,9.950354609929079,0.0,24.113475177304963
"2025-02-21 13:00:00","2025-02-21 14:00:00",DL,144,144,0,0,8.51388888888889,0.0,18.055555555555557
"2025-02-21 13:00:00","2025-02-21 14:00:00",UA,143,143,0,0,1.5244755244755244,0.0,5.594405594405594
"2025-02-21 13:00:00","2025-02-21 14:00:00",WN,223,222,1,0,8.612612612612613,0.4484304932735426,20.72072072072072
"2025-02-21 14:00:00","2025-02-21 15:00:00",AA,156,156,0,0,10.884615384615385,0.0,17.94871794871795
"2025-02-21 14:00:00","2025-02-21 15:00:00",DL,138,138,0,0,9.282608695652174,0.0,19.565217391304348
"2025-02-21 14:00:00","2025-02-21 15:00:00",UA,133,131,1,1,-0.23484848484848486,0.7518796992481203,5.303030303030303
"2025-02-21 14:00:00","2025-02-21 15:00:00",WN,231,230,0,1,8.441558441558442,0.0,17.316017316017316
"2025-02-21 15:00:00","2025-02-21 16:00:00",AA,120,120,0,0,10.575,0.0,20.833333333333332
"2025-02-21 15:00:00","2025-02-21 16:00:00",DL,180,179,1,0,10.23463687150838,0.5555555555555556,23.463687150837988
"2025-02-21 15:00:00","2025-02-21 16:00:00",UA,86,86,0,0,3.453488372093023,0.0,10.465116279069768
"2025-02-21 15:00:00","2025-02-21 16:00:00",WN,231,231,0,0,10.41125541125541,0.0,19.913419913419915
"2025-02-21 16:00:00","2025-02-21 17:00:00",AA,151,151,0,0,7.357615894039735,0.0,16.556291390728475
"2025-02-21 16:00:00","2025-02-21 17:00:00",DL,139,139,0,0,10.194244604316546,0.0,23.741007194244606
"2025-02-21 16:00:00","2025-02-21 17:00:00",UA,143,143,0,0,3.734265734265734,0.0,12.587412587412587
"2025-02-21 16:00:00","2025-02-21 17:00:00",WN,217,217,0,0,9.52995391705069,0.0,20.737327188940093
"2025-02-21 17:00:00","2025-02-21 18:00:00",AA,162,162,0,0,17.11111111111111,0.0,27.77777777777778
"2025-02-21 17:00:00","2025-02-21 18:00:00",DL,174,174,0,0,7.097701149425287,0.0,18.39080459770115
"2025-02-21 17:00:00","2025-02-21 18:00:00",UA,143,142,1,0,2.640845070422535,0.6993006993006993,14.788732394366198
"2025-02-21 17:00:00","2025-02-21 18:00:00",WN,240,239,1,0,9.146443514644352,0.4166666666666667,23.01255230125523
"2025-02-21 18:00:00","2025-02-21 19:00:00",AA,163,163,0,0,19.386503067484664,0.0,23.926380368098158
"2025-02-21 18:00:00","2025-02-21 19:00:00",DL,157,157,0,0,12.363057324840764,0.0,24.203821656050955
"2025-02-21 18:00:00","2025-02-21 19:00:00",UA,152,152,0,0,2.4078947368421053,0.0,10.526315789473685
"2025-02-21 18:00:00","2025-02-21 19:00:00",WN,206,206,0,0,5.62621359223301,0.0,16.019417475728154
"2025-02-21 19:00:00","2025-02-21 20:00:00",AA,160,160,0,0,13.8625,0.0,20.625
"2025-02-21 19:00:00","2025-02-21 20:00:00",DL,162,162,0,0,8.61111111111111,0.0,24.074074074074073
"2025-02-21 19:00:00","2025-02-21 20:00:00",UA,131,131,0,0,4.351145038167939,0.0,12.977099236641221
"2025-02-21 19:00:00","2025-02-21 20:00:00",WN,233,232,0,1,8.300429184549357,0.0,21.888412017167383
"2025-02-21 20:00:00","2025-02-21 21:00:00",AA,127,127,0,0,11.023622047244094,0.0,21.25984251968504
"2025-02-21 20:00:00","2025-02-21 21:00:00",DL,102,102,0,0,12.529411764705882,0.0,23.529411764705884
"2025-02-21 20:00:00","2025-02-21 21:00:00",UA,82,82,0,0,2.8780487804878048,0.0,13.414634146341463
"2025-02-21 20:00:00","2025-02-21 21:00:00",WN,264,264,0,0,4.090909090909091,0.0,14.772727272727273
"2025-02-21 21:00:00","2025-02-21 22:00:00",AA,91,90,0,1,24.89010989010989,0.0,23.076923076923077
"2025-02-21 21:00:00","2025-02-21 22:00:00",DL,94,93,1,0,6.225806451612903,1.0638297872340425,20.43010752688172
"2025-02-21 21:00:00","2025-02-21 22:00:00",UA,42,42,0,0,-1.0714285714285714,0.0,9.523809523809524
"2025-02-21 21:00:00","2025-02-21 22:00:00",WN,140,139,0,1,3.3785714285714286,0.0,14.285714285714286
"2025-02-21 22:00:00","2025-02-21 23:00:00",AA,97,97,0,0,12.639175257731958,0.0,21.649484536082475
"2025-02-21 22:00:00","2025-02-21 23:00:00",DL,93,93,0,0,9.043010752688172,0.0,13.978494623655914
"2025-02-21 22:00:00","2025-02-21 23:00:00",UA,32,32,0,0,-3.4375,0.0,3.125
"2025-02-21 22:00:00","2025-02-21 23:00:00",WN,141,141,0,0,0.3333333333333333,0.0,7.092198581560283
"2025-02-21 23:00:00","2025-02-22 00:00:00",AA,30,30,0,0,-0.9666666666666667,0.0,6.666666666666667
"2025-02-21 23:00:00","2025-02-22 00:00:00",DL,25,25,0,0,10.52,0.0,20.0
"2025-02-21 23:00:00","2025-02-22 00:00:00",UA,36,36,0,0,-4.444444444444445,0.0,2.7777777777777777
"2025-02-21 23:00:00","2025-02-22 00:00:00",WN,3,3,0,0,-5.666666666666667,0.0,0.0
"2025-02-22 00:00:00","2025-02-22 01:00:00",AA,11,11,0,0,1.4545454545454546,0.0,18.181818181818183
"2025-02-22 00:00:00","2025-02-22 01:00:00",DL,4,4,0,0,-11.25,0.0,0.0
"2025-02-22 00:00:00","2025-02-22 01:00:00",UA,3,3,0,0,1.3333333333333333,0.0,33.333333333333336
"2025-02-22 01:00:00","2025-02-22 02:00:00",DL,2,2,0,0,-3.5,0.0,0.0
"2025-02-22 01:00:00","2025-02-22 02:00:00",UA,1,1,0,0,-12.0,0.0,0.0
"2025-02-22 02:00:00","2025-02-22 03:00:00",UA,1,1,0,0,-4.0,0.0,0.0
"2025-02-22 05:00:00","2025-02-22 06:00:00",AA,82,82,0,0,0.5975609756097561,0.0,8.536585365853659
"2025-02-22 05:00:00","2025-02-22 06:00:00",DL,59,59,0,0,14.94915254237288,0.0,13.559322033898304
"2025-02-22 05:00:00","2025-02-22 06:00:00",UA,30,30,0,0,-2.8333333333333335,0.0,6.666666666666667
"2025-02-22 05:00:00","2025-02-22 06:00:00",WN,131,131,0,0,-1.5419847328244274,0.0,3.816793893129771
"2025-02-22 06:00:00","2025-02-22 07:00:00",AA,163,163,0,0,2.3067484662576687,0.0,8.588957055214724
"2025-02-22 06:00:00","2025-02-22 07:00:00",DL,171,171,0,0,3.824561403508772,0.0,10.526315789473685
"2025-02-22 06:00:00","2025-02-22 07:00:00",UA,125,125,0,0,0.424,0.0,4.8
"2025-02-22 06:00:00","2025-02-22 07:00:00",WN,277,277,0,0,-0.3176895306859206,0.0,3.9711191335740073
"2025-02-22 07:00:00","2025-02-22 08:00:00",AA,169,169,0,0,1.3076923076923077,0.0,4.733727810650888
"2025-02-22 07:00:00","2025-02-22 08:00:00",DL,204,204,0,0,2.323529411764706,0.0,8.333333333333334
"2025-02-22 07:00:00","2025-02-22 08:00:00",UA,183,182,0,1,0.25136612021857924,0.0,7.103825136612022
"2025-02-22 07:00:00","2025-02-22 08:00:00",WN,204,202,1,1,-1.3842364532019704,0.49019607843137253,3.4482758620689653
"2025-02-22 08:00:00","2025-02-22 09:00:00",AA,179,179,0,0,6.776536312849162,0.0,12.849162011173185
"2025-02-22 08:00:00","2025-02-22 09:00:00",DL,148,148,0,0,7.574324324324325,0.0,12.162162162162161
"2025-02-22 08:00:00","2025-02-22 09:00:00",UA,169,168,0,1,1.2958579881656804,0.0,7.6923076923076925
"2025-02-22 08:00:00","2025-02-22 09:00:00",WN,240,238,2,0,2.69327731092437,0.8333333333333334,8.403361344537815
"2025-02-22 09:00:00","2025-02-22 10:00:00",AA,116,116,0,0,20.801724137931036,0.0,12.068965517241379
"2025-02-22 09:00:00","2025-02-22 10:00:00",DL,122,122,0,0,2.540983606557377,0.0,9.836065573770492
"2025-02-22 09:00:00","2025-02-22 10:00:00",UA,126,126,0,0,1.4206349206349207,0.0,5.555555555555555
"2025-02-22 09:00:00","2025-02-22 10:00:00",WN,190,189,1,0,1.1216931216931216,0.5263157894736842,6.349206349206349
"2025-02-22 10:00:00","2025-02-22 11:00:00",AA,122,122,0,0,10.221311475409836,0.0,18.0327868852459
"2025-02-22 10:00:00","2025-02-22 11:00:00",DL,121,121,0,0,1.2727272727272727,0.0,9.917355371900827
"2025-02-22 10:00:00","2025-02-22 11:00:00",UA,114,114,0,0,3.3947368421052633,0.0,9.649122807017545
"2025-02-22 10:00:00","2025-02-22 11:00:00",WN,229,229,0,0,2.88646288209607,0.0,10.480349344978166
"2025-02-22 11:00:00","2025-02-22 12:00:00",AA,139,139,0,0,4.748201438848921,0.0,12.23021582733813
"2025-02-22 11:00:00","2025-02-22 12:00:00",DL,167,167,0,0,3.2095808383233533,0.0,13.173652694610778
"2025-02-22 11:00:00","2025-02-22 12:00:00",UA,112,112,0,0,8.723214285714286,0.0,9.821428571428571
"2025-02-22 11:00:00","2025-02-22 12:00:00",WN,207,207,0,0,1.536231884057971,0.0,8.21256038647343
"2025-02-22 12:00:00","2025-02-22 13:00:00",AA,133,133,0,0,8.045112781954888,0.0,18.796992481203006
"2025-02-22 12:00:00","2025-02-22 13:00:00",DL,154,154,0,0,5.435064935064935,0.0,11.03896103896104
"2025-02-22 12:00:00","2025-02-22 13:00:00",UA,104,104,0,0,2.423076923076923,0.0,8.653846153846153
"2025-02-22 12:00:00","2025-02-22 13:00:00",WN,199,199,0,0,4.391959798994975,0.0,11.055276381909549
"2025-02-22 13:00:00","2025-02-22 14:00:00",AA,114,114,0,0,17.50877192982456,0.0,17.54385964912281
"2025-02-22 13:00:00","2025-02-22 14:00:00",DL,124,124,0,0,3.7338709677419355,0.0,15.32258064516129
"2025-02-22 13:00:00","2025-02-22 14:00:00",UA,122,122,0,0,0.19672131147540983,0.0,6.557377049180328
"2025-02-22 13:00:00","2025-02-22 14:00:00",WN,197,195,0,2,5.791878172588833,0.0,13.705583756345177
"2025-02-22 14:00:00","2025-02-22 15:00:00",AA,140,140,0,0,15.064285714285715,0.0,18.571428571428573
"2025-02-22 14:00:00","2025-02-22 15:00:00",DL,119,119,0,0,11.109243697478991,0.0,15.126050420168067
"2025-02-22 14:00:00","2025-02-22 15:00:00",UA,120,120,0,0,11.25,0.0,13.333333333333334
"2025-02-22 14:00:00","2025-02-22 15:00:00",WN,222,219,1,2,6.506787330316742,0.45045045045045046,19.004524886877828
"2025-02-22 15:00:00","2025-02-22 16:00:00",AA,109,109,0,0,12.128440366972477,0.0,22.01834862385321
"2025-02-22 15:00:00","2025-02-22 16:00:00",DL,150,150,0,0,6.153333333333333,0.0,13.333333333333334
"2025-02-22 15:00:00","2025-02-22 16:00:00",UA,76,76,0,0,0.4605263157894737,0.0,10.526315789473685
"2025-02-22 15:00:00","2025-02-22 16:00:00",WN,221,221,0,0,7.800904977375565,0.0,17.194570135746606
"2025-02-22 16:00:00","2025-02-22 17:00:00",AA,140,140,0,0,6.607142857142857,0.0,17.142857142857142
"2025-02-22 16:00:00","2025-02-22 17:00:00",DL,102,102,0,0,11.950980392156863,0.0,14.705882352941176
"2025-02-22 16:00:00","2025-02-22 17:00:00",UA,118,118,0,0,1.8389830508474576,0.0,8.474576271186441
"2025-02-22 16:00:00","2025-02-22 17:00:00",WN,191,191,0,0,7.596858638743456,0.0,19.895287958115183
"2025-02-22 17:00:00","2025-02-22 18:00:00",AA,133,133,0,0,11.699248120300751,0.0,24.06015037593985
"2025-02-22 17:00:00","2025-02-22 18:00:00",DL,149,149,0,0,3.0671140939597317,0.0,9.395973154362416
"2025-02-22 17:00:00","2025-02-22 18:00:00",UA,126,126,0,0,6.238095238095238,0.0,11.11111111111111
"2025-02-22 17:00:00","2025-02-22 18:00:00",WN,215,215,0,0,9.04186046511628,0.0,19.53488372093023
"2025-02-22 18:00:00","2025-02-22 19:00:00",AA,132,131,0,1,8.431818181818182,0.0,22.727272727272727
"2025-02-22 18:00:00","2025-02-22 19:00:00",DL,107,107,0,0,3.8878504672897196,0.0,14.953271028037383
"2025-02-22 18:00:00","2025-02-22 19:00:00",UA,112,111,1,0,6.72972972972973,0.8928571428571429,19.81981981981982
"2025-02-22 18:00:00","2025-02-22 19:00:00",WN,222,222,0,0,6.373873873873874,0.0,18.46846846846847
"2025-02-22 19:00:00","2025-02-22 20:00:00",AA,111,111,0,0,9.45045045045045,0.0,21.62162162162162
"2025-02-22 19:00:00","2025-02-22 20:00:00",DL,89,89,0,0,5.224719101123595,0.0,14.606741573033707
"2025-02-22 19:00:00","2025-02-22 20:00:00",UA,105,105,0,0,5.580952380952381,0.0,14.285714285714286
"2025-02-22 19:00:00","2025-02-22 20:00:00",WN,234,234,0,0,5.3247863247863245,0.0,15.811965811965813
"2025-02-22 20:00:00","2025-02-22 21:00:00",AA,105,105,0,0,9.542857142857143,0.0,20.0
"2025-02-22 20:00:00","2025-02-22 21:00:00",DL,69,69,0,0,-0.927536231884058,0.0,8.695652173913043
"2025-02-22 20:00:00","2025-02-22 21:00:00",UA,63,63,0,0,8.777777777777779,0.0,23.80952380952381
"2025-02-22 20:00:00","2025-02-22 21:00:00",WN,146,145,0,1,5.328767123287672,0.0,17.123287671232877
"2025-02-22 21:00:00","2025-02-22 22:00:00",AA,76,75,1,0,9.706666666666667,1.3157894736842106,25.333333333333332
"2025-02-22 21:00:00","2025-02-22 22:00:00",DL,61,61,0,0,3.0491803278688523,0.0,11.475409836065573
"2025-02-22 21:00:00","2025-02-22 22:00:00",UA,28,28,0,0,8.035714285714286,0.0,17.857142857142858
"2025-02-22 21:00:00","2025-02-22 22:00:00",WN,105,105,0,0,7.438095238095238,0.0,16.19047619047619
"2025-02-22 22:00:00","2025-02-22 23:00:00",AA,64,64,0,0,4.140625,0.0,14.0625
"2025-02-22 22:00:00","2025-02-22 23:00:00",DL,69,69,0,0,3.9130434782608696,0.0,17.391304347826086
"2025-02-22 22:00:00","2025-02-22 23:00:00",UA,32,32,0,0,-1.5,0.0,12.5
"2025-02-22 22:00:00","2025-02-22 23:00:00",WN,4,4,0,0,2.25,0.0,0.0
"2025-02-22 23:00:00","2025-02-23 00:00:00",AA,21,21,0,0,31.571428571428573,0.0,9.523809523809524
"2025-02-22 23:00:00","2025-02-23 00:00:00",DL,19,19,0,0,1.5789473684210527,0.0,10.526315789473685
"2025-02-22 23:00:00","2025-02-23 00:00:00",UA,26,25,1,0,8.72,3.8461538461538463,12.0
"2025-02-22 23:00:00","2025-02-23 00:00:00",WN,2,1,1,0,15.0,50.0,0.0
"2025-02-23 00:00:00","2025-02-23 01:00:00",AA,9,9,0,0,27.11111111111111,0.0,22.22222222222222
"2025-02-23 00:00:00","2025-02-23 01:00:00",DL,1,1,0,0,-4.0,0.0,0.0
"2025-02-23 00:00:00","2025-02-23 01:00:00",UA,4,4,0,0,-1.25,0.0,0.0
"2025-02-23 01:00:00","2025-02-23 02:00:00",DL,2,2,0,0,-9.0,0.0,0.0
"2025-02-23 01:00:00","2025-02-23 02:00:00",UA,1,1,0,0,-14.0,0.0,0.0
"2025-02-23 02:00:00","2025-02-23 03:00:00",UA,1,1,0,0,-8.0,0.0,0.0
"2025-02-23 05:00:00","2025-02-23 06:00:00",AA,103,102,1,0,-4.3431372549019605,0.970873786407767,2.9411764705882355
"2025-02-23 05:00:00","2025-02-23 06:00:00",DL,65,65,0,0,-4.846153846153846,0.0,1.5384615384615385
"2025-02-23 05:00:00","2025-02-23 06:00:00",UA,29,29,0,0,-4.0344827586206895,0.0,3.4482758620689653
"2025-02-23 05:00:00","2025-02-23 06:00:00",WN,179,179,0,0,-0.9273743016759777,0.0,3.35195530726257
"2025-02-23 06:00:00","2025-02-23 07:00:00",AA,180,180,0,0,1.7777777777777777,0.0,5.0
"2025-02-23 06:00:00","2025-02-23 07:00:00",DL,171,171,0,0,0.8830409356725146,0.0,7.60233918128655
"2025-02-23 06:00:00","2025-02-23 07:00:00",UA,125,125,0,0,-1.928,0.0,4.8
"2025-02-23 06:00:00","2025-02-23 07:00:00",WN,292,292,0,0,-1.3424657534246576,0.0,3.4246575342465753
"2025-02-23 07:00:00","2025-02-23 08:00:00",AA,202,202,0,0,2.4702970297029703,0.0,5.9405940594059405
"2025-02-23 07:00:00","2025-02-23 08:00:00",DL,233,233,0,0,0.9098712446351931,0.0,6.437768240343348
"2025-02-23 07:00:00","2025-02-23 08:00:00",UA,194,193,0,1,0.25257731958762886,0.0,5.670103092783505
"2025-02-23 07:00:00","2025-02-23 08:00:00",WN,197,197,0,0,-1.83248730964467,0.0,4.060913705583756
"2025-02-23 08:00:00","2025-02-23 09:00:00",AA,194,194,0,0,0.21649484536082475,0.0,6.701030927835052
"2025-02-23 08:00:00","2025-02-23 09:00:00",DL,181,181,0,0,1.6132596685082874,0.0,9.392265193370166
"2025-02-23 08:00:00","2025-02-23 09:00:00",UA,178,178,0,0,3.966292134831461,0.0,7.865168539325842
"2025-02-23 08:00:00","2025-02-23 09:00:00",WN,275,275,0,0,-1.52,0.0,4.0
"2025-02-23 09:00:00","2025-02-23 10:00:00",AA,134,134,0,0,4.17910447761194,0.0,9.701492537313433
"2025-02-23 09:00:00","2025-02-23 10:00:00",DL,126,126,0,0,0.873015873015873,0.0,9.523809523809524
"2025-02-23 09:00:00","2025-02-23 10:00:00",UA,135,134,0,1,4.111111111111111,0.0,8.88888888888889
"2025-02-23 09:00:00","2025-02-23 10:00:00",WN,219,219,0,0,0.5570776255707762,0.0,6.392694063926941
"2025-02-23 10:00:00","2025-02-23 11:00:00",AA,144,144,0,0,2.9930555555555554,0.0,7.638888888888889
"2025-02-23 10:00:00","2025-02-23 11:00:00",DL,158,158,0,0,0.6455696202531646,0.0,8.227848101265822
"2025-02-23 10:00:00","2025-02-23 11:00:00",UA,126,126,0,0,2.0634920634920637,0.0,11.904761904761905
"2025-02-23 10:00:00","2025-02-23 11:00:00",WN,229,229,0,0,3.2532751091703056,0.0,6.986899563318778
"2025-02-23 11:00:00","2025-02-23 12:00:00",AA,166,166,0,0,4.578313253012048,0.0,12.048192771084338
"2025-02-23 11:00:00","2025-02-23 12:00:00",DL,184,184,0,0,-0.021739130434782608,0.0,8.695652173913043
"2025-02-23 11:00:00","2025-02-23 12:00:00",UA,124,124,0,0,3.5403225806451615,0.0,12.096774193548388
"2025-02-23 11:00:00","2025-02-23 12:00:00",WN,220,219,0,1,1.7772727272727273,0.0,10.0
"2025-02-23 12:00:00","2025-02-23 13:00:00",AA,135,135,0,0,10.985185185185186,0.0,17.037037037037038
"2025-02-23 12:00:00","2025-02-23 13:00:00",DL,178,178,0,0,7.213483146067416,0.0,10.674157303370787
"2025-02-23 12:00:00","2025-02-23 13:00:00",UA,114,114,0,0,6.008771929824562,0.0,15.789473684210526
"2025-02-23 12:00:00","2025-02-23 13:00:00",WN,231,231,0,0,6.467532467532467,0.0,15.151515151515152
"2025-02-23 13:00:00","2025-02-23 14:00:00",AA,142,142,0,0,12.82394366197183,0.0,16.197183098591548
"2025-02-23 13:00:00","2025-02-23 14:00:00",DL,138,138,0,0,14.405797101449275,0.0,15.217391304347826
"2025-02-23 13:00:00","2025-02-23 14:00:00",UA,143,143,0,0,5.916083916083916,0.0,13.286713286713287
"2025-02-23 13:00:00","2025-02-23 14:00:00",WN,228,228,0,0,5.921052631578948,0.0,13.596491228070175
"2025-02-23 14:00:00","2025-02-23 15:00:00",AA,157,157,0,0,7.929936305732484,0.0,14.64968152866242
"2025-02-23 14:00:00","2025-02-23 15:00:00",DL,136,136,0,0,7.272058823529412,0.0,15.441176470588236
"2025-02-23 14:00:00","2025-02-23 15:00:00",UA,122,122,0,0,7.032786885245901,0.0,13.114754098360656
"2025-02-23 14:00:00","2025-02-23 15:00:00",WN,227,227,0,0,8.810572687224669,0.0,18.502202643171806
"2025-02-23 15:00:00","2025-02-23 16:00:00",AA,129,129,0,0,16.472868217054263,0.0,26.356589147286822
"2025-02-23 15:00:00","2025-02-23 16:00:00",DL,181,181,0,0,1.828729281767956,0.0,11.049723756906078
"2025-02-23 15:00:00","2025-02-23 16:00:00",UA,84,84,0,0,7.035714285714286,0.0,14.285714285714286
"2025-02-23 15:00:00","2025-02-23 16:00:00",WN,239,239,0,0,8.493723849372385,0.0,20.92050209205021
"2025-02-23 16:00:00","2025-02-23 17:00:00",AA,153,153,0,0,7.718954248366013,0.0,15.686274509803921
"2025-02-23 16:00:00","2025-02-23 17:00:00",DL,140,140,0,0,0.7214285714285714,0.0,10.714285714285714
"2025-02-23 16:00:00","2025-02-23 17:00:00",UA,135,135,0,0,5.933333333333334,0.0,13.333333333333334
"2025-02-23 16:00:00","2025-02-23 17:00:00",WN,219,219,0,0,9.255707762557078,0.0,21.461187214611872
"2025-02-23 17:00:00","2025-02-23 18:00:00",AA,164,164,0,0,20.896341463414632,0.0,23.78048780487805
"2025-02-23 17:00:00","2025-02-23 18:00:00",DL,174,173,1,0,9.641618497109826,0.5747126436781609,15.606936416184972
"2025-02-23 17:00:00","2025-02-23 18:00:00",UA,141,139,2,0,7.381294964028777,1.4184397163120568,15.827338129496402
"2025-02-23 17:00:00","2025-02-23 18:00:00",WN,240,240,0,0,8.545833333333333,0.0,18.75
"2025-02-23 18:00:00","2025-02-23 19:00:00",AA,160,159,1,0,20.660377358490567,0.625,27.044025157232703
"2025-02-23 18:00:00","2025-02-23 19:00:00",DL,153,153,0,0,5.281045751633987,0.0,15.686274509803921
"2025-02-23 18:00:00","2025-02-23 19:00:00",UA,153,153,0,0,8.176470588235293,0.0,22.22222222222222
"2025-02-23 18:00:00","2025-02-23 19:00:00",WN,201,201,0,0,6.044776119402985,0.0,17.412935323383085
"2025-02-23 19:00:00","2025-02-23 20:00:00",AA,162,162,0,0,17.567901234567902,0.0,24.074074074074073
"2025-02-23 19:00:00","2025-02-23 20:00:00",DL,165,165,0,0,6.678787878787879,0.0,19.393939393939394
"2025-02-23 19:00:00","2025-02-23 20:00:00",UA,134,134,0,0,6.686567164179104,0.0,14.925373134328359
"2025-02-23 19:00:00","2025-02-23 20:00:00",WN,238,238,0,0,7.415966386554622,0.0,20.58823529411765
"2025-02-23 20:00:00","2025-02-23 21:00:00",AA,125,125,0,0,19.608,0.0,34.4
"2025-02-23 20:00:00","2025-02-23 21:00:00",DL,102,102,0,0,6.696078431372549,0.0,21.568627450980394
"2025-02-23 20:00:00","2025-02-23 21:00:00",UA,81,81,0,0,12.641975308641975,0.0,12.345679012345679
"2025-02-23 20:00:00","2025-02-23 21:00:00",WN,259,259,0,0,7.8301158301158305,0.0,18.146718146718147
"2025-02-23 21:00:00","2025-02-23 22:00:00",AA,92,92,0,0,12.141304347826088,0.0,26.08695652173913
"2025-02-23 21:00:00","2025-02-23 22:00:00",DL,91,91,0,0,9.208791208791208,0.0,17.582417582417584
"2025-02-23 21:00:00","2025-02-23 22:00:00",UA,47,47,0,0,6.702127659574468,0.0,19.148936170212767
"2025-02-23 21:00:00","2025-02-23 22:00:00",WN,137,137,0,0,4.116788321167883,0.0,11.678832116788321
"2025-02-23 22:00:00","2025-02-23 23:00:00",AA,98,98,0,0,13.357142857142858,0.0,21.428571428571427
"2025-02-23 22:00:00","2025-02-23 23:00:00",DL,88,88,0,0,7.829545454545454,0.0,12.5
"2025-02-23 22:00:00","2025-02-23 23:00:00",UA,32,32,0,0,0.65625,0.0,3.125
"2025-02-23 22:00:00","2025-02-23 23:00:00",WN,142,141,1,0,3.9645390070921986,0.704225352112676,20.56737588652482
"2025-02-23 23:00:00","2025-02-24 00:00:00",AA,30,30,0,0,22.233333333333334,0.0,16.666666666666668
"2025-02-23 23:00:00","2025-02-24 00:00:00",DL,26,26,0,0,34.11538461538461,0.0,15.384615384615385
"2025-02-23 23:00:00","2025-02-24 00:00:00",UA,36,35,1,0,-0.6857142857142857,2.7777777777777777,5.714285714285714
"2025-02-23 23:00:00","2025-02-24 00:00:00",WN,3,3,0,0,-6.666666666666667,0.0,0.0
"2025-02-24 00:00:00","2025-02-24 01:00:00",AA,12,11,1,0,-2.727272727272727,8.333333333333334,0.0
"2025-02-24 00:00:00","2025-02-24 01:00:00",DL,4,4,0,0,-5.0,0.0,0.0
"2025-02-24 00:00:00","2025-02-24 01:00:00",UA,3,3,0,0,-3.3333333333333335,0.0,0.0
"2025-02-24 01:00:00","2025-02-24 02:00:00",DL,2,2,0,0,-7.5,0.0,0.0
"2025-02-24 01:00:00","2025-02-24 02:00:00",UA,1,1,0,0,-10.0,0.0,0.0
"2025-02-24 02:00:00","2025-02-24 03:00:00",UA,1,1,0,0,1.0,0.0,0.0
"2025-02-24 05:00:00","2025-02-24 06:00:00",AA,102,102,0,0,9.107843137254902,0.0,9.803921568627452
"2025-02-24 05:00:00","2025-02-24 06:00:00",DL,68,68,0,0,4.5588235294117645,0.0,8.823529411764707
"2025-02-24 05:00:00","2025-02-24 06:00:00",UA,31,31,0,0,1.2903225806451613,0.0,6.451612903225806
"2025-02-24 05:00:00","2025-02-24 06:00:00",WN,97,96,0,1,-2.247422680412371,0.0,3.0927835051546393
"2025-02-24 06:00:00","2025-02-24 07:00:00",AA,186,186,0,0,17.322580645161292,0.0,5.913978494623656
"2025-02-24 06:00:00","2025-02-24 07:00:00",DL,187,187,0,0,-1.1978609625668448,0.0,5.347593582887701
"2025-02-24 06:00:00","2025-02-24 07:00:00",UA,125,124,0,1,-3.448,0.0,5.6
"2025-02-24 06:00:00","2025-02-24 07:00:00",WN,306,304,0,2,-0.2549019607843137,0.0,3.2679738562091503
"2025-02-24 07:00:00","2025-02-24 08:00:00",AA,208,208,0,0,6.5625,0.0,11.538461538461538
"2025-02-24 07:00:00","2025-02-24 08:00:00",DL,232,232,0,0,2.956896551724138,0.0,7.758620689655173
"2025-02-24 07:00:00","2025-02-24 08:00:00",UA,199,199,0,0,-2.1959798994974875,0.0,4.0201005025125625
"2025-02-24 07:00:00","2025-02-24 08:00:00",WN,207,207,0,0,-0.9178743961352657,0.0,4.830917874396135
"2025-02-24 08:00:00","2025-02-24 09:00:00",AA,196,196,0,0,3.0255102040816326,0.0,10.204081632653061
"2025-02-24 08:00:00","2025-02-24 09:00:00",DL,171,170,1,0,1.576470588235294,0.5847953216374269,7.647058823529412
"2025-02-24 08:00:00","2025-02-24 09:00:00",UA,188,187,0,1,-0.30319148936170215,0.0,4.787234042553192
"2025-02-24 08:00:00","2025-02-24 09:00:00",WN,270,270,0,0,-0.007407407407407408,0.0,5.185185185185185
"2025-02-24 09:00:00","2025-02-24 10:00:00",AA,135,134,0,1,7.474074074074074,0.0,13.333333333333334
"2025-02-24 09:00:00","2025-02-24 10:00:00",DL,123,121,0,2,1.6666666666666667,0.0,12.195121951219512
"2025-02-24 09:00:00","2025-02-24 10:00:00",UA,138,138,0,0,0.9057971014492754,0.0,10.869565217391305
"2025-02-24 09:00:00","2025-02-24 10:00:00",WN,215,215,0,0,0.7767441860465116,0.0,6.046511627906977
"2025-02-24 10:00:00","2025-02-24 11:00:00",AA,140,140,0,0,6.214285714285714,0.0,17.142857142857142
"2025-02-24 10:00:00","2025-02-24 11:00:00",DL,158,157,1,0,1.5796178343949046,0.6329113924050633,9.554140127388536
"2025-02-24 10:00:00","2025-02-24 11:00:00",UA,128,127,0,1,0.609375,0.0,7.8125
"2025-02-24 10:00:00","2025-02-24 11:00:00",WN,231,231,0,0,1.4415584415584415,0.0,6.926406926406926
"2025-02-24 11:00:00","2025-02-24 12:00:00",AA,166,166,0,0,6.246987951807229,0.0,12.048192771084338
"2025-02-24 11:00:00","2025-02-24 12:00:00",DL,186,185,1,0,3.972972972972973,0.5376344086021505,12.432432432432432
"2025-02-24 11:00:00","2025-02-24 12:00:00",UA,126,125,1,0,-0.304,0.7936507936507936,6.4
"2025-02-24 11:00:00","2025-02-24 12:00:00",WN,224,223,1,0,2.1748878923766815,0.44642857142857145,7.174887892376682
"2025-02-24 12:00:00","2025-02-24 13:00:00",AA,132,131,0,1,11.31060606060606,0.0,19.696969696969695
"2025-02-24 12:00:00","2025-02-24 13:00:00",DL,175,175,0,0,9.074285714285715,0.0,18.285714285714285
"2025-02-24 12:00:00","2025-02-24 13:00:00",UA,120,120,0,0,0.0,0.0,6.666666666666667
"2025-02-24 12:00:00","2025-02-24 13:00:00",WN,223,222,1,0,5.283783783783784,0.4484304932735426,11.26126126126126
"2025-02-24 13:00:00","2025-02-24 14:00:00",AA,141,141,0,0,10.22695035460993,0.0,19.858156028368793
"2025-02-24 13:00:00","2025-02-24 14:00:00",DL,147,147,0,0,7.591836734693878,0.0,17.006802721088434
"2025-02-24 13:00:00","2025-02-24 14:00:00",UA,144,144,0,0,4.479166666666667,0.0,15.277777777777779
"2025-02-24 13:00:00","2025-02-24 14:00:00",WN,240,240,0,0,4.3,0.0,12.5
"2025-02-24 14:00:00","2025-02-24 15:00:00",AA,150,149,0,1,5.533333333333333,0.0,17.333333333333332
"2025-02-24 14:00:00","2025-02-24 15:00:00",DL,135,135,0,0,10.814814814814815,0.0,17.037037037037038
"2025-02-24 14:00:00","2025-02-24 15:00:00",UA,129,128,1,0,3.6796875,0.7751937984496124,10.15625
"2025-02-24 14:00:00","2025-02-24 15:00:00",WN,224,223,1,0,3.0403587443946187,0.44642857142857145,10.762331838565023
"2025-02-24 15:00:00","2025-02-24 16:00:00",AA,120,120,0,0,12.55,0.0,25.0
"2025-02-24 15:00:00","2025-02-24 16:00:00",DL,179,178,1,0,5.679775280898877,0.5586592178770949,19.662921348314608
"2025-02-24 15:00:00","2025-02-24 16:00:00",UA,84,84,0,0,8.630952380952381,0.0,11.904761904761905
"2025-02-24 15:00:00","2025-02-24 16:00:00",WN,221,221,0,0,7.610859728506787,0.0,16.742081447963802
"2025-02-24 16:00:00","2025-02-24 17:00:00",AA,147,147,0,0,28.244897959183675,0.0,21.08843537414966
"2025-02-24 16:00:00","2025-02-24 17:00:00",DL,142,142,0,0,6.633802816901408,0.0,16.901408450704224
"2025-02-24 16:00:00","2025-02-24 17:00:00",UA,142,142,0,0,0.5352112676056338,0.0,9.859154929577464
"2025-02-24 16:00:00","2025-02-24 17:00:00",WN,224,224,0,0,3.8214285714285716,0.0,13.392857142857142
"2025-02-24 17:00:00","2025-02-24 18:00:00",AA,153,153,0,0,9.816993464052288,0.0,20.915032679738562
"2025-02-24 17:00:00","2025-02-24 18:00:00",DL,165,165,0,0,5.927272727272728,0.0,17.575757575757574
"2025-02-24 17:00:00","2025-02-24 18:00:00",UA,142,142,0,0,3.359154929577465,0.0,9.154929577464788
"2025-02-24 17:00:00","2025-02-24 18:00:00",WN,219,219,0,0,3.4474885844748857,0.0,11.872146118721462
"2025-02-24 18:00:00","2025-02-24 19:00:00",AA,150,150,0,0,14.926666666666666,0.0,19.333333333333332
"2025-02-24 18:00:00","2025-02-24 19:00:00",DL,155,155,0,0,4.496774193548387,0.0,16.774193548387096
"2025-02-24 18:00:00","2025-02-24 19:00:00",UA,153,153,0,0,2.7973856209150325,0.0,9.15032679738562
"2025-02-24 18:00:00","2025-02-24 19:00:00",WN,225,225,0,0,2.8177777777777777,0.0,13.333333333333334
"2025-02-24 19:00:00","2025-02-24 20:00:00",AA,126,123,0,3,16.071428571428573,0.0,22.22222222222222
"2025-02-24 19:00:00","2025-02-24 20:00:00",DL,160,160,0,0,5.56875,0.0,17.5
"2025-02-24 19:00:00","2025-02-24 20:00:00",UA,130,130,0,0,0.3769230769230769,0.0,6.923076923076923
"2025-02-24 19:00:00","2025-02-24 20:00:00",WN,265,263,0,2,3.7660377358490567,0.0,14.716981132075471
"2025-02-24 20:00:00","2025-02-24 21:00:00",AA,114,114,0,0,17.289473684210527,0.0,23.68421052631579
"2025-02-24 20:00:00","2025-02-24 21:00:00",DL,100,100,0,0,3.61,0.0,17.0
"2025-02-24 20:00:00","2025-02-24 21:00:00",UA,79,79,0,0,1.1265822784810127,0.0,8.860759493670885
"2025-02-24 20:00:00","2025-02-24 21:00:00",WN,180,180,0,0,0.8277777777777777,0.0,10.555555555555555
"2025-02-24 21:00:00","2025-02-24 22:00:00",AA,77,77,0,0,13.116883116883116,0.0,19.48051948051948
"2025-02-24 21:00:00","2025-02-24 22:00:00",DL,90,88,0,2,5.955555555555556,0.0,18.88888888888889
"2025-02-24 21:00:00","2025-02-24 22:00:00",UA,41,41,0,0,-1.9268292682926829,0.0,9.75609756097561
"2025-02-24 21:00:00","2025-02-24 22:00:00",WN,145,145,0,0,-2.117241379310345,0.0,3.4482758620689653
"2025-02-24 22:00:00","2025-02-24 23:00:00",AA,70,69,0,1,10.857142857142858,0.0,12.857142857142858
"2025-02-24 22:00:00","2025-02-24 23:00:00",DL,90,90,0,0,0.9444444444444444,0.0,11.11111111111111
"2025-02-24 22:00:00","2025-02-24 23:00:00",UA,32,32,0,0,-1.375,0.0,15.625
"2025-02-24 22:00:00","2025-02-24 23:00:00",WN,5,5,0,0,-3.8,0.0,0.0
"2025-02-24 23:00:00","2025-02-25 00:00:00",AA,27,27,0,0,-4.333333333333333,0.0,0.0
"2025-02-24 23:00:00","2025-02-25 00:00:00",DL,26,26,0,0,-0.6538461538461539,0.0,7.6923076923076925
"2025-02-24 23:00:00","2025-02-25 00:00:00",UA,34,34,0,0,-5.147058823529412,0.0,2.9411764705882355
"2025-02-24 23:00:00","2025-02-25 00:00:00",WN,2,2,0,0,-6.5,0.0,0.0
"2025-02-25 00:00:00","2025-02-25 01:00:00",AA,9,9,0,0,-9.0,0.0,0.0
"2025-02-25 00:00:00","2025-02-25 01:00:00",DL,4,4,0,0,-9.25,0.0,0.0
"2025-02-25 00:00:00","2025-02-25 01:00:00",UA,3,3,0,0,-6.0,0.0,0.0
"2025-02-25 01:00:00","2025-02-25 02:00:00",DL,2,2,0,0,-7.5,0.0,0.0
"2025-02-25 01:00:00","2025-02-25 02:00:00",UA,1,1,0,0,3.0,0.0,0.0
"2025-02-25 02:00:00","2025-02-25 03:00:00",UA,1,1,0,0,3.0,0.0,0.0
"2025-02-25 05:00:00","2025-02-25 06:00:00",AA,83,83,0,0,32.45783132530121,0.0,10.843373493975903
"2025-02-25 05:00:00","2025-02-25 06:00:00",DL,69,69,0,0,-5.0144927536231885,0.0,4.3478260869565215
"2025-02-25 05:00:00","2025-02-25 06:00:00",UA,28,28,0,0,-2.2857142857142856,0.0,10.714285714285714
"2025-02-25 05:00:00","2025-02-25 06:00:00",WN,29,28,1,0,-0.6785714285714286,3.4482758620689653,3.5714285714285716
"2025-02-25 06:00:00","2025-02-25 07:00:00",AA,178,178,0,0,-1.848314606741573,0.0,5.617977528089888
"2025-02-25 06:00:00","2025-02-25 07:00:00",DL,183,183,0,0,0.3333333333333333,0.0,5.46448087431694
"2025-02-25 06:00:00","2025-02-25 07:00:00",UA,119,118,0,1,-5.470588235294118,0.0,2.5210084033613445
"2025-02-25 06:00:00","2025-02-25 07:00:00",WN,218,216,0,2,-3.3486238532110093,0.0,1.3761467889908257
"2025-02-25 07:00:00","2025-02-25 08:00:00",AA,172,171,0,1,4.401162790697675,0.0,4.651162790697675
"2025-02-25 07:00:00","2025-02-25 08:00:00",DL,229,229,0,0,1.519650655021834,0.0,6.11353711790393
"2025-02-25 07:00:00","2025-02-25 08:00:00",UA,179,178,0,1,-3.2681564245810057,0.0,5.027932960893855
"2025-02-25 07:00:00","2025-02-25 08:00:00",WN,189,189,0,0,-2.238095238095238,0.0,4.761904761904762
"2025-02-25 08:00:00","2025-02-25 09:00:00",AA,196,196,0,0,3.0969387755102042,0.0,7.142857142857143
"2025-02-25 08:00:00","2025-02-25 09:00:00",DL,173,173,0,0,-3.040462427745665,0.0,4.046242774566474
"2025-02-25 08:00:00","2025-02-25 09:00:00",UA,185,185,0,0,-3.0216216216216214,0.0,4.864864864864865
"2025-02-25 08:00:00","2025-02-25 09:00:00",WN,240,240,0,0,-0.8375,0.0,5.416666666666667
"2025-02-25 09:00:00","2025-02-25 10:00:00",AA,132,132,0,0,3.3484848484848486,0.0,9.090909090909092
"2025-02-25 09:00:00","2025-02-25 10:00:00",DL,120,120,0,0,-1.4,0.0,7.5
"2025-02-25 09:00:00","2025-02-25 10:00:00",UA,132,132,0,0,-1.143939393939394,0.0,4.545454545454546
"2025-02-25 09:00:00","2025-02-25 10:00:00",WN,234,234,0,0,3.3376068376068377,0.0,8.11965811965812
"2025-02-25 10:00:00","2025-02-25 11:00:00",AA,132,132,0,0,1.1742424242424243,0.0,10.606060606060606
"2025-02-25 10:00:00","2025-02-25 11:00:00",DL,153,153,0,0,1.1764705882352942,0.0,6.5359477124183005
"2025-02-25 10:00:00","2025-02-25 11:00:00",UA,123,123,0,0,1.4308943089430894,0.0,8.94308943089431
"2025-02-25 10:00:00","2025-02-25 11:00:00",WN,198,198,0,0,-0.2828282828282828,0.0,5.555555555555555
"2025-02-25 11:00:00","2025-02-25 12:00:00",AA,160,160,0,0,1.8125,0.0,7.5
"2025-02-25 11:00:00","2025-02-25 12:00:00",DL,185,185,0,0,4.113513513513514,0.0,12.432432432432432
"2025-02-25 11:00:00","2025-02-25 12:00:00",UA,129,128,1,0,-0.7578125,0.7751937984496124,1.5625
"2025-02-25 11:00:00","2025-02-25 12:00:00",WN,263,261,1,1,1.1603053435114503,0.38022813688212925,8.01526717557252
"2025-02-25 12:00:00","2025-02-25 13:00:00",AA,127,126,1,0,0.40476190476190477,0.7874015748031497,7.936507936507937
"2025-02-25 12:00:00","2025-02-25 13:00:00",DL,170,170,0,0,-2.211764705882353,0.0,5.882352941176471
"2025-02-25 12:00:00","2025-02-25 13:00:00",UA,120,120,0,0,-2.1,0.0,5.0
"2025-02-25 12:00:00","2025-02-25 13:00:00",WN,182,182,0,0,1.456043956043956,0.0,10.43956043956044
"2025-02-25 13:00:00","2025-02-25 14:00:00",AA,139,138,0,1,5.388489208633094,0.0,10.79136690647482
"2025-02-25 13:00:00","2025-02-25 14:00:00",DL,141,141,0,0,-1.0425531914893618,0.0,8.51063829787234
"2025-02-25 13:00:00","2025-02-25 14:00:00",UA,139,139,0,0,2.820143884892086,0.0,8.633093525179856
"2025-02-25 13:00:00","2025-02-25 14:00:00",WN,241,238,3,0,0.773109243697479,1.2448132780082988,5.042016806722689
"2025-02-25 14:00:00","2025-02-25 15:00:00",AA,149,149,0,0,5.6375838926174495,0.0,14.093959731543624
"2025-02-25 14:00:00","2025-02-25 15:00:00",DL,121,121,0,0,-2.5867768595041323,0.0,4.958677685950414
"2025-02-25 14:00:00","2025-02-25 15:00:00",UA,122,121,1,0,2.190082644628099,0.819672131147541,9.090909090909092
"2025-02-25 14:00:00","2025-02-25 15:00:00",WN,220,220,0,0,2.2181818181818183,0.0,7.7272727272727275
"2025-02-25 15:00:00","2025-02-25 16:00:00",AA,116,116,0,0,12.870689655172415,0.0,10.344827586206897
"2025-02-25 15:00:00","2025-02-25 16:00:00",DL,177,177,0,0,1.2598870056497176,0.0,9.03954802259887
"2025-02-25 15:00:00","2025-02-25 16:00:00",UA,83,83,0,0,5.469879518072289,0.0,8.433734939759036
"2025-02-25 15:00:00","2025-02-25 16:00:00",WN,228,228,0,0,1.9385964912280702,0.0,12.280701754385966
"2025-02-25 16:00:00","2025-02-25 17:00:00",AA,140,140,0,0,7.814285714285714,0.0,10.714285714285714
"2025-02-25 16:00:00","2025-02-25 17:00:00",DL,119,119,0,0,-1.2436974789915967,0.0,7.563025210084033
"2025-02-25 16:00:00","2025-02-25 17:00:00",UA,130,129,1,0,-0.1937984496124031,0.7692307692307693,4.651162790697675
"2025-02-25 16:00:00","2025-02-25 17:00:00",WN,206,206,0,0,2.5533980582524274,0.0,8.25242718446602
"2025-02-25 17:00:00","2025-02-25 18:00:00",AA,139,139,0,0,6.589928057553957,0.0,17.26618705035971
"2025-02-25 17:00:00","2025-02-25 18:00:00",DL,164,164,0,0,-0.17073170731707318,0.0,7.317073170731708
"2025-02-25 17:00:00","2025-02-25 18:00:00",UA,132,132,0,0,2.553030303030303,0.0,12.121212121212121
"2025-02-25 17:00:00","2025-02-25 18:00:00",WN,196,195,0,1,4.413265306122449,0.0,19.387755102040817
"2025-02-25 18:00:00","2025-02-25 19:00:00",AA,146,146,0,0,23.993150684931507,0.0,16.438356164383563
"2025-02-25 18:00:00","2025-02-25 19:00:00",DL,145,145,0,0,-2.220689655172414,0.0,8.275862068965518
"2025-02-25 18:00:00","2025-02-25 19:00:00",UA,130,129,1,0,2.9069767441860463,0.7692307692307693,13.953488372093023
"2025-02-25 18:00:00","2025-02-25 19:00:00",WN,264,264,0,0,1.878787878787879,0.0,10.227272727272727
"2025-02-25 19:00:00","2025-02-25 20:00:00",AA,116,116,0,0,9.706896551724139,0.0,15.517241379310345
"2025-02-25 19:00:00","2025-02-25 20:00:00",DL,116,115,0,1,-3.793103448275862,0.0,5.172413793103448
"2025-02-25 19:00:00","2025-02-25 20:00:00",UA,115,115,0,0,1.6434782608695653,0.0,11.304347826086957
"2025-02-25 19:00:00","2025-02-25 20:00:00",WN,119,118,0,1,-0.18487394957983194,0.0,7.563025210084033
"2025-02-25 20:00:00","2025-02-25 21:00:00",AA,107,107,0,0,4.02803738317757,0.0,14.018691588785046
"2025-02-25 20:00:00","2025-02-25 21:00:00",DL,73,73,0,0,-1.1095890410958904,0.0,8.219178082191782
"2025-02-25 20:00:00","2025-02-25 21:00:00",UA,64,64,0,0,-0.890625,0.0,3.125
"2025-02-25 20:00:00","2025-02-25 21:00:00",WN,165,165,0,0,-1.1454545454545455,0.0,6.0606060606060606
"2025-02-25 21:00:00","2025-02-25 22:00:00",AA,73,72,0,1,9.67123287671233,0.0,9.58904109589041
"2025-02-25 21:00:00","2025-02-25 22:00:00",DL,63,63,0,0,2.238095238095238,0.0,11.11111111111111
"2025-02-25 21:00:00","2025-02-25 22:00:00",UA,29,29,0,0,-1.5862068965517242,0.0,6.896551724137931
"2025-02-25 21:00:00","2025-02-25 22:00:00",WN,16,16,0,0,3.1875,0.0,6.25
"2025-02-25 22:00:00","2025-02-25 23:00:00",AA,60,60,0,0,4.383333333333334,0.0,16.666666666666668
"2025-02-25 22:00:00","2025-02-25 23:00:00",DL,83,83,0,0,-3.3734939759036147,0.0,3.6144578313253013
"2025-02-25 22:00:00","2025-02-25 23:00:00",UA,25,25,0,0,-7.32,0.0,0.0
"2025-02-25 22:00:00","2025-02-25 23:00:00",WN,2,2,0,0,-2.0,0.0,0.0
"2025-02-25 23:00:00","2025-02-26 00:00:00",AA,20,20,0,0,2.3,0.0,10.0
"2025-02-25 23:00:00","2025-02-26 00:00:00",DL,20,20,0,0,-5.9,0.0,0.0
"2025-02-25 23:00:00","2025-02-26 00:00:00",UA,25,24,1,0,-3.7083333333333335,4.0,8.333333333333334
"2025-02-25 23:00:00","2025-02-26 00:00:00",WN,2,2,0,0,-5.5,0.0,0.0
"2025-02-26 00:00:00","2025-02-26 01:00:00",AA,9,9,0,0,-4.111111111111111,0.0,0.0
"2025-02-26 00:00:00","2025-02-26 01:00:00",DL,2,2,0,0,-8.5,0.0,0.0
"2025-02-26 00:00:00","2025-02-26 01:00:00",UA,2,2,0,0,-9.5,0.0,0.0
"2025-02-26 01:00:00","2025-02-26 02:00:00",DL,2,2,0,0,-4.0,0.0,0.0
"2025-02-26 01:00:00","2025-02-26 02:00:00",UA,1,1,0,0,12.0,0.0,0.0
"2025-02-26 02:00:00","2025-02-26 03:00:00",UA,1,1,0,0,-12.0,0.0,0.0
"2025-02-26 05:00:00","2025-02-26 06:00:00",AA,82,82,0,0,-0.10975609756097561,0.0,4.878048780487805
"2025-02-26 05:00:00","2025-02-26 06:00:00",DL,67,67,0,0,6.955223880597015,0.0,2.985074626865672
"2025-02-26 05:00:00","2025-02-26 06:00:00",UA,27,27,0,0,-6.148148148148148,0.0,0.0
"2025-02-26 05:00:00","2025-02-26 06:00:00",WN,29,29,0,0,-3.310344827586207,0.0,0.0
"2025-02-26 06:00:00","2025-02-26 07:00:00",AA,176,176,0,0,-3.090909090909091,0.0,3.409090909090909
"2025-02-26 06:00:00","2025-02-26 07:00:00",DL,181,180,1,0,-4.183333333333334,0.5524861878453039,3.888888888888889
"2025-02-26 06:00:00","2025-02-26 07:00:00",UA,119,118,1,0,-4.8559322033898304,0.8403361344537815,2.542372881355932
"2025-02-26 06:00:00","2025-02-26 07:00:00",WN,219,219,0,0,-1.7579908675799087,0.0,4.109589041095891
"2025-02-26 07:00:00","2025-02-26 08:00:00",AA,174,174,0,0,-0.9712643678160919,0.0,6.32183908045977
"2025-02-26 07:00:00","2025-02-26 08:00:00",DL,226,226,0,0,-0.7168141592920354,0.0,3.982300884955752
"2025-02-26 07:00:00","2025-02-26 08:00:00",UA,177,177,0,0,-2.5762711864406778,0.0,3.389830508474576
"2025-02-26 07:00:00","2025-02-26 08:00:00",WN,190,190,0,0,-2.5842105263157893,0.0,3.6842105263157894
"2025-02-26 08:00:00","2025-02-26 09:00:00",AA,193,191,0,2,2.077720207253886,0.0,7.772020725388601
"2025-02-26 08:00:00","2025-02-26 09:00:00",DL,175,174,0,1,0.03428571428571429,0.0,4.571428571428571
"2025-02-26 08:00:00","2025-02-26 09:00:00",UA,186,186,0,0,-3.752688172043011,0.0,2.6881720430107525
"2025-02-26 08:00:00","2025-02-26 09:00:00",WN,246,246,0,0,-0.5284552845528455,0.0,4.471544715447155
"2025-02-26 09:00:00","2025-02-26 10:00:00",AA,132,132,0,0,2.590909090909091,0.0,6.0606060606060606
"2025-02-26 09:00:00","2025-02-26 10:00:00",DL,123,123,0,0,1.934959349593496,0.0,8.94308943089431
"2025-02-26 09:00:00","2025-02-26 10:00:00",UA,138,138,0,0,5.340579710144928,0.0,10.869565217391305
"2025-02-26 09:00:00","2025-02-26 10:00:00",WN,235,234,0,1,-0.2425531914893617,0.0,2.5531914893617023
"2025-02-26 10:00:00","2025-02-26 11:00:00",AA,136,136,0,0,11.169117647058824,0.0,7.352941176470588
"2025-02-26 10:00:00","2025-02-26 11:00:00",DL,156,155,0,1,3.121794871794872,0.0,5.769230769230769
"2025-02-26 10:00:00","2025-02-26 11:00:00",UA,120,120,0,0,0.525,0.0,8.333333333333334
"2025-02-26 10:00:00","2025-02-26 11:00:00",WN,201,200,0,1,0.13432835820895522,0.0,4.477611940298507
"2025-02-26 11:00:00","2025-02-26 12:00:00",AA,160,159,1,0,4.0,0.625,11.320754716981131
"2025-02-26 11:00:00","2025-02-26 12:00:00",DL,183,183,0,0,5.688524590163935,0.0,7.6502732240437155
"2025-02-26 11:00:00","2025-02-26 12:00:00",UA,127,127,0,0,0.16535433070866143,0.0,6.299212598425197
"2025-02-26 11:00:00","2025-02-26 12:00:00",WN,262,262,0,0,0.7862595419847328,0.0,7.251908396946565
"2025-02-26 12:00:00","2025-02-26 13:00:00",AA,127,127,0,0,18.89763779527559,0.0,16.53543307086614
"2025-02-26 12:00:00","2025-02-26 13:00:00",DL,173,173,0,0,3.0635838150289016,0.0,9.826589595375722
"2025-02-26 12:00:00","2025-02-26 13:00:00",UA,122,122,0,0,3.6147540983606556,0.0,7.377049180327869
"2025-02-26 12:00:00","2025-02-26 13:00:00",WN,182,182,0,0,1.0054945054945055,0.0,9.340659340659341
"2025-02-26 13:00:00","2025-02-26 14:00:00",AA,141,141,0,0,9.879432624113475,0.0,8.51063829787234
"2025-02-26 13:00:00","2025-02-26 14:00:00",DL,142,142,0,0,-1.5492957746478873,0.0,6.338028169014085
"2025-02-26 13:00:00","2025-02-26 14:00:00",UA,143,143,0,0,6.118881118881119,0.0,6.993006993006993
"2025-02-26 13:00:00","2025-02-26 14:00:00",WN,240,240,0,0,1.9583333333333333,0.0,11.25
"2025-02-26 14:00:00","2025-02-26 15:00:00",AA,140,140,0,0,7.65,0.0,15.0
"2025-02-26 14:00:00","2025-02-26 15:00:00",DL,121,121,0,0,0.7024793388429752,0.0,9.090909090909092
"2025-02-26 14:00:00","2025-02-26 15:00:00",UA,123,123,0,0,-0.42276422764227645,0.0,6.504065040650406
"2025-02-26 14:00:00","2025-02-26 15:00:00",WN,218,216,1,1,3.110599078341014,0.45871559633027525,13.36405529953917
"2025-02-26 15:00:00","2025-02-26 16:00:00",AA,116,116,0,0,19.870689655172413,0.0,16.379310344827587
"2025-02-26 15:00:00","2025-02-26 16:00:00",DL,177,177,0,0,1.8248587570621468,0.0,6.779661016949152
"2025-02-26 15:00:00","2025-02-26 16:00:00",UA,90,90,0,0,2.6333333333333333,0.0,12.222222222222221
"2025-02-26 15:00:00","2025-02-26 16:00:00",WN,230,230,0,0,1.4608695652173913,0.0,8.26086956521739
"2025-02-26 16:00:00","2025-02-26 17:00:00",AA,143,142,0,1,13.916083916083917,0.0,11.888111888111888
"2025-02-26 16:00:00","2025-02-26 17:00:00",DL,119,119,0,0,3.6554621848739495,0.0,10.92436974789916
"2025-02-26 16:00:00","2025-02-26 17:00:00",UA,133,133,0,0,1.6616541353383458,0.0,6.7669172932330826
"2025-02-26 16:00:00","2025-02-26 17:00:00",WN,208,208,0,0,2.1634615384615383,0.0,10.576923076923077
"2025-02-26 17:00:00","2025-02-26 18:00:00",AA,146,146,0,0,9.979452054794521,0.0,13.698630136986301
"2025-02-26 17:00:00","2025-02-26 18:00:00",DL,162,162,0,0,0.1111111111111111,0.0,11.11111111111111
"2025-02-26 17:00:00","2025-02-26 18:00:00",UA,138,138,0,0,3.6231884057971016,0.0,9.420289855072463
"2025-02-26 17:00:00","2025-02-26 18:00:00",WN,193,193,0,0,3.2124352331606216,0.0,9.32642487046632
"2025-02-26 18:00:00","2025-02-26 19:00:00",AA,153,153,0,0,-0.0784313725490196,0.0,7.189542483660131
"2025-02-26 18:00:00","2025-02-26 19:00:00",DL,140,140,0,0,18.107142857142858,0.0,14.285714285714286
"2025-02-26 18:00:00","2025-02-26 19:00:00",UA,136,136,0,0,6.845588235294118,0.0,16.91176470588235
"2025-02-26 18:00:00","2025-02-26 19:00:00",WN,260,260,0,0,0.9307692307692308,0.0,10.0
"2025-02-26 19:00:00","2025-02-26 20:00:00",AA,125,125,0,0,3.176,0.0,10.4
"2025-02-26 19:00:00","2025-02-26 20:00:00",DL,120,118,0,2,-1.2416666666666667,0.0,7.5
"2025-02-26 19:00:00","2025-02-26 20:00:00",UA,125,125,0,0,2.04,0.0,8.8
"2025-02-26 19:00:00","2025-02-26 20:00:00",WN,122,122,0,0,2.2131147540983607,0.0,10.655737704918034
"2025-02-26 20:00:00","2025-02-26 21:00:00",AA,110,109,0,1,3.5454545454545454,0.0,12.727272727272727
"2025-02-26 20:00:00","2025-02-26 21:00:00",DL,74,74,0,0,2.675675675675676,0.0,13.513513513513514
"2025-02-26 20:00:00","2025-02-26 21:00:00",UA,78,78,0,0,1.8717948717948718,0.0,14.102564102564102
"2025-02-26 20:00:00","2025-02-26 21:00:00",WN,164,164,0,0,0.018292682926829267,0.0,8.536585365853659
"2025-02-26 21:00:00","2025-02-26 22:00:00",AA,85,85,0,0,0.2823529411764706,0.0,5.882352941176471
"2025-02-26 21:00:00","2025-02-26 22:00:00",DL,68,68,0,0,-2.5294117647058822,0.0,5.882352941176471
"2025-02-26 21:00:00","2025-02-26 22:00:00",UA,35,35,0,0,-2.4,0.0,2.857142857142857
"2025-02-26 21:00:00","2025-02-26 22:00:00",WN,16,16,0,0,-1.3125,0.0,6.25
"2025-02-26 22:00:00","2025-02-26 23:00:00",AA,67,66,0,1,17.83582089552239,0.0,10.447761194029852
"2025-02-26 22:00:00","2025-02-26 23:00:00",DL,84,83,0,1,12.678571428571429,0.0,11.904761904761905
"2025-02-26 22:00:00","2025-02-26 23:00:00",UA,29,28,0,1,-2.1724137931034484,0.0,3.4482758620689653
"2025-02-26 22:00:00","2025-02-26 23:00:00",WN,2,2,0,0,0.5,0.0,0.0
"2025-02-26 23:00:00","2025-02-27 00:00:00",AA,24,24,0,0,-0.6666666666666666,0.0,8.333333333333334
"2025-02-26 23:00:00","2025-02-27 00:00:00",DL,20,20,0,0,4.85,0.0,20.0
"2025-02-26 23:00:00","2025-02-27 00:00:00",UA,31,31,0,0,-5.838709677419355,0.0,0.0
"2025-02-26 23:00:00","2025-02-27 00:00:00",WN,2,2,0,0,-5.0,0.0,0.0
"2025-02-27 00:00:00","2025-02-27 01:00:00",AA,9,9,0,0,-5.0,0.0,0.0
"2025-02-27 00:00:00","2025-02-27 01:00:00",DL,2,2,0,0,11.5,0.0,50.0
"2025-02-27 00:00:00","2025-02-27 01:00:00",UA,2,2,0,0,-2.0,0.0,0.0
"2025-02-27 01:00:00","2025-02-27 02:00:00",DL,2,2,0,0,-3.0,0.0,0.0
"2025-02-27 01:00:00","2025-02-27 02:00:00",UA,1,1,0,0,4.0,0.0,0.0
"2025-02-27 02:00:00","2025-02-27 03:00:00",UA,1,1,0,0,-8.0,0.0,0.0
"2025-02-27 05:00:00","2025-02-27 06:00:00",AA,104,104,0,0,5.759615384615385,0.0,4.8076923076923075
"2025-02-27 05:00:00","2025-02-27 06:00:00",DL,69,69,0,0,-2.1159420289855073,0.0,5.797101449275362
"2025-02-27 05:00:00","2025-02-27 06:00:00",UA,31,31,0,0,-3.5806451612903225,0.0,6.451612903225806
"2025-02-27 05:00:00","2025-02-27 06:00:00",WN,185,183,2,0,-0.2568306010928962,1.0810810810810811,3.278688524590164
"2025-02-27 06:00:00","2025-02-27 07:00:00",AA,184,184,0,0,1.2608695652173914,0.0,5.978260869565218
"2025-02-27 06:00:00","2025-02-27 07:00:00",DL,187,187,0,0,2.4010695187165774,0.0,4.81283422459893
"2025-02-27 06:00:00","2025-02-27 07:00:00",UA,129,129,0,0,-1.62015503875969,0.0,6.2015503875969
"2025-02-27 06:00:00","2025-02-27 07:00:00",WN,303,302,1,0,-1.8774834437086092,0.33003300330033003,2.6490066225165565
"2025-02-27 07:00:00","2025-02-27 08:00:00",AA,209,208,1,0,2.6586538461538463,0.4784688995215311,7.211538461538462
"2025-02-27 07:00:00","2025-02-27 08:00:00",DL,232,232,0,0,3.1982758620689653,0.0,8.189655172413794
"2025-02-27 07:00:00","2025-02-27 08:00:00",UA,200,200,0,0,-0.35,0.0,3.5
"2025-02-27 07:00:00","2025-02-27 08:00:00",WN,195,195,0,0,-1.471794871794872,0.0,3.58974358974359
"2025-02-27 08:00:00","2025-02-27 09:00:00",AA,197,195,1,1,1.6887755102040816,0.5076142131979695,6.63265306122449
"2025-02-27 08:00:00","2025-02-27 09:00:00",DL,176,176,0,0,2.25,0.0,7.954545454545454
"2025-02-27 08:00:00","2025-02-27 09:00:00",UA,192,190,1,1,3.931937172774869,0.5208333333333334,6.282722513089006
"2025-02-27 08:00:00","2025-02-27 09:00:00",WN,273,272,1,0,-0.23161764705882354,0.3663003663003663,4.044117647058823
"2025-02-27 09:00:00","2025-02-27 10:00:00",AA,130,130,0,0,14.615384615384615,0.0,13.076923076923077
"2025-02-27 09:00:00","2025-02-27 10:00:00",DL,126,126,0,0,-0.36507936507936506,0.0,6.349206349206349
"2025-02-27 09:00:00","2025-02-27 10:00:00",UA,139,139,0,0,11.129496402877697,0.0,9.352517985611511
"2025-02-27 09:00:00","2025-02-27 10:00:00",WN,216,215,0,1,0.9675925925925926,0.0,7.87037037037037
"2025-02-27 10:00:00","2025-02-27 11:00:00",AA,146,145,1,0,17.29655172413793,0.684931506849315,16.551724137931036
"2025-02-27 10:00:00","2025-02-27 11:00:00",DL,153,153,0,0,7.326797385620915,0.0,8.49673202614379
"2025-02-27 10:00:00","2025-02-27 11:00:00",UA,120,120,0,0,2.158333333333333,0.0,8.333333333333334
"2025-02-27 10:00:00","2025-02-27 11:00:00",WN,225,225,0,0,3.017777777777778,0.0,9.777777777777779
"2025-02-27 11:00:00","2025-02-27 12:00:00",AA,166,166,0,0,16.72289156626506,0.0,22.289156626506024
"2025-02-27 11:00:00","2025-02-27 12:00:00",DL,193,192,0,1,4.2072538860103625,0.0,8.290155440414507
"2025-02-27 11:00:00","2025-02-27 12:00:00",UA,128,128,0,0,2.3515625,0.0,10.15625
"2025-02-27 11:00:00","2025-02-27 12:00:00",WN,221,221,0,0,4.036199095022624,0.0,10.85972850678733
"2025-02-27 12:00:00","2025-02-27 13:00:00",AA,139,139,0,0,6.223021582733813,0.0,16.546762589928058
"2025-02-27 12:00:00","2025-02-27 13:00:00",DL,175,175,0,0,4.48,0.0,9.714285714285714
"2025-02-27 12:00:00","2025-02-27 13:00:00",UA,121,121,0,0,2.3140495867768593,0.0,4.132231404958677
"2025-02-27 12:00:00","2025-02-27 13:00:00",WN,235,235,0,0,6.072340425531915,0.0,15.74468085106383
"2025-02-27 13:00:00","2025-02-27 14:00:00",AA,143,143,0,0,28.195804195804197,0.0,23.776223776223777
"2025-02-27 13:00:00","2025-02-27 14:00:00",DL,145,145,0,0,7.731034482758621,0.0,9.655172413793103
"2025-02-27 13:00:00","2025-02-27 14:00:00",UA,144,144,0,0,3.5416666666666665,0.0,11.805555555555555
"2025-02-27 13:00:00","2025-02-27 14:00:00",WN,224,224,0,0,8.879464285714286,0.0,20.535714285714285
"2025-02-27 14:00:00","2025-02-27 15:00:00",AA,151,149,1,1,16.233333333333334,0.6622516556291391,24.0
"2025-02-27 14:00:00","2025-02-27 15:00:00",DL,137,137,0,0,3.781021897810219,0.0,17.51824817518248
"2025-02-27 14:00:00","2025-02-27 15:00:00",UA,126,125,1,0,2.704,0.7936507936507936,12.8
"2025-02-27 14:00:00","2025-02-27 15:00:00",WN,225,225,0,0,8.213333333333333,0.0,19.11111111111111
"2025-02-27 15:00:00","2025-02-27 16:00:00",AA,124,124,0,0,24.766129032258064,0.0,20.967741935483872
"2025-02-27 15:00:00","2025-02-27 16:00:00",DL,183,183,0,0,5.972677595628415,0.0,15.300546448087431
"2025-02-27 15:00:00","2025-02-27 16:00:00",UA,88,88,0,0,1.8181818181818181,0.0,10.227272727272727
"2025-02-27 15:00:00","2025-02-27 16:00:00",WN,232,232,0,0,9.258620689655173,0.0,22.413793103448278
"2025-02-27 16:00:00","2025-02-27 17:00:00",AA,147,147,0,0,21.13605442176871,0.0,24.489795918367346
"2025-02-27 16:00:00","2025-02-27 17:00:00",DL,137,137,0,0,16.64963503649635,0.0,20.437956204379564
"2025-02-27 16:00:00","2025-02-27 17:00:00",UA,137,137,0,0,5.62043795620438,0.0,10.218978102189782
"2025-02-27 16:00:00","2025-02-27 17:00:00",WN,217,217,0,0,10.345622119815669,0.0,24.42396313364055
"2025-02-27 17:00:00","2025-02-27 18:00:00",AA,160,160,0,0,13.63125,0.0,28.125
"2025-02-27 17:00:00","2025-02-27 18:00:00",DL,164,164,0,0,6.097560975609756,0.0,14.024390243902438
"2025-02-27 17:00:00","2025-02-27 18:00:00",UA,147,147,0,0,4.35374149659864,0.0,10.884353741496598
"2025-02-27 17:00:00","2025-02-27 18:00:00",WN,238,238,0,0,9.873949579831933,0.0,26.470588235294116
"2025-02-27 18:00:00","2025-02-27 19:00:00",AA,163,163,0,0,25.79754601226994,0.0,33.12883435582822
"2025-02-27 18:00:00","2025-02-27 19:00:00",DL,157,157,0,0,7.8471337579617835,0.0,16.56050955414013
"2025-02-27 18:00:00","2025-02-27 19:00:00",UA,149,149,0,0,2.8926174496644297,0.0,11.409395973154362
"2025-02-27 18:00:00","2025-02-27 19:00:00",WN,201,201,0,0,8.985074626865671,0.0,22.885572139303484
"2025-02-27 19:00:00","2025-02-27 20:00:00",AA,161,161,0,0,21.130434782608695,0.0,34.78260869565217
"2025-02-27 19:00:00","2025-02-27 20:00:00",DL,167,167,0,0,7.311377245508982,0.0,19.760479041916167
"2025-02-27 19:00:00","2025-02-27 20:00:00",UA,134,134,0,0,3.58955223880597,0.0,14.17910447761194
"2025-02-27 19:00:00","2025-02-27 20:00:00",WN,239,239,0,0,8.221757322175732,0.0,23.430962343096233
"2025-02-27 20:00:00","2025-02-27 21:00:00",AA,124,124,0,0,20.701612903225808,0.0,32.25806451612903
"2025-02-27 20:00:00","2025-02-27 21:00:00",DL,97,96,0,1,14.958762886597938,0.0,17.52577319587629
"2025-02-27 20:00:00","2025-02-27 21:00:00",UA,82,82,0,0,4.170731707317073,0.0,14.634146341463415
"2025-02-27 20:00:00","2025-02-27 21:00:00",WN,256,255,0,1,8.00390625,0.0,21.09375
"2025-02-27 21:00:00","2025-02-27 22:00:00",AA,91,91,0,0,7.153846153846154,0.0,21.978021978021978
"2025-02-27 21:00:00","2025-02-27 22:00:00",DL,90,90,0,0,3.5555555555555554,0.0,20.0
"2025-02-27 21:00:00","2025-02-27 22:00:00",UA,43,43,0,0,-0.813953488372093,0.0,6.976744186046512
"2025-02-27 21:00:00","2025-02-27 22:00:00",WN,141,141,0,0,5.347517730496454,0.0,16.31205673758865
"2025-02-27 22:00:00","2025-02-27 23:00:00",AA,98,98,0,0,12.36734693877551,0.0,23.46938775510204
"2025-02-27 22:00:00","2025-02-27 23:00:00",DL,93,93,0,0,4.795698924731183,0.0,11.827956989247312
"2025-02-27 22:00:00","2025-02-27 23:00:00",UA,33,33,0,0,0.030303030303030304,0.0,9.090909090909092
"2025-02-27 22:00:00","2025-02-27 23:00:00",WN,141,141,0,0,1.2553191489361701,0.0,12.056737588652481
"2025-02-27 23:00:00","2025-02-28 00:00:00",AA,30,30,0,0,4.933333333333334,0.0,16.666666666666668
"2025-02-27 23:00:00","2025-02-28 00:00:00",DL,25,25,0,0,6.32,0.0,12.0
"2025-02-27 23:00:00","2025-02-28 00:00:00",UA,35,35,0,0,-4.142857142857143,0.0,0.0
"2025-02-27 23:00:00","2025-02-28 00:00:00",WN,3,3,0,0,2.3333333333333335,0.0,0.0
"2025-02-28 00:00:00","2025-02-28 01:00:00",AA,11,11,0,0,4.454545454545454,0.0,9.090909090909092
"2025-02-28 00:00:00","2025-02-28 01:00:00",DL,4,4,0,0,-5.5,0.0,0.0
"2025-02-28 00:00:00","2025-02-28 01:00:00",UA,3,3,0,0,-5.333333333333333,0.0,0.0
"2025-02-28 01:00:00","2025-02-28 02:00:00",DL,2,2,0,0,-5.5,0.0,0.0
"2025-02-28 01:00:00","2025-02-28 02:00:00",UA,1,1,0,0,-12.0,0.0,0.0
"2025-02-28 02:00:00","2025-02-28 03:00:00",UA,1,1,0,0,82.0,0.0,100.0
"2025-02-28 05:00:00","2025-02-28 06:00:00",AA,102,102,0,0,0.5490196078431373,0.0,7.8431372549019605
"2025-02-28 05:00:00","2025-02-28 06:00:00",DL,69,69,0,0,-2.5942028985507246,0.0,4.3478260869565215
"2025-02-28 05:00:00","2025-02-28 06:00:00",UA,31,31,0,0,-3.967741935483871,0.0,0.0
"2025-02-28 05:00:00","2025-02-28 06:00:00",WN,184,184,0,0,-0.8097826086956522,0.0,4.3478260869565215
"2025-02-28 06:00:00","2025-02-28 07:00:00",AA,187,187,0,0,24.780748663101605,0.0,7.4866310160427805
"2025-02-28 06:00:00","2025-02-28 07:00:00",DL,186,185,0,1,0.6344086021505376,0.0,4.301075268817204
"2025-02-28 06:00:00","2025-02-28 07:00:00",UA,128,128,0,0,1.609375,0.0,7.8125
"2025-02-28 06:00:00","2025-02-28 07:00:00",WN,302,302,0,0,-1.4205298013245033,0.0,1.9867549668874172
"2025-02-28 07:00:00","2025-02-28 08:00:00",AA,208,208,0,0,13.1875,0.0,8.653846153846153
"2025-02-28 07:00:00","2025-02-28 08:00:00",DL,234,233,0,1,7.918803418803419,0.0,7.6923076923076925
"2025-02-28 07:00:00","2025-02-28 08:00:00",UA,200,200,0,0,-0.995,0.0,4.0
"2025-02-28 07:00:00","2025-02-28 08:00:00",WN,195,195,0,0,-0.9384615384615385,0.0,5.128205128205129
"2025-02-28 08:00:00","2025-02-28 09:00:00",AA,190,190,0,0,2.4263157894736844,0.0,7.894736842105263
"2025-02-28 08:00:00","2025-02-28 09:00:00",DL,173,172,0,1,1.6242774566473988,0.0,6.358381502890174
"2025-02-28 08:00:00","2025-02-28 09:00:00",UA,188,187,0,1,-0.5851063829787234,0.0,5.319148936170213
"2025-02-28 08:00:00","2025-02-28 09:00:00",WN,258,257,0,1,1.0077519379844961,0.0,5.426356589147287
"2025-02-28 09:00:00","2025-02-28 10:00:00",AA,129,128,0,1,3.612403100775194,0.0,8.527131782945736
"2025-02-28 09:00:00","2025-02-28 10:00:00",DL,126,126,0,0,-0.15079365079365079,0.0,4.761904761904762
"2025-02-28 09:00:00","2025-02-28 10:00:00",UA,133,132,1,0,0.803030303030303,0.7518796992481203,8.333333333333334
"2025-02-28 09:00:00","2025-02-28 10:00:00",WN,216,216,0,0,-0.08796296296296297,0.0,4.62962962962963
"2025-02-28 10:00:00","2025-02-28 11:00:00",AA,143,143,0,0,1.6573426573426573,0.0,7.6923076923076925
"2025-02-28 10:00:00","2025-02-28 11:00:00",DL,157,157,0,0,2.5987261146496814,0.0,8.9171974522293
"2025-02-28 10:00:00","2025-02-28 11:00:00",UA,124,124,0,0,-1.5483870967741935,0.0,7.258064516129032
"2025-02-28 10:00:00","2025-02-28 11:00:00",WN,228,228,0,0,3.3947368421052633,0.0,8.771929824561404
"2025-02-28 11:00:00","2025-02-28 12:00:00",AA,164,163,0,1,16.23170731707317,0.0,15.24390243902439
"2025-02-28 11:00:00","2025-02-28 12:00:00",DL,191,191,0,0,0.9528795811518325,0.0,6.806282722513089
"2025-02-28 11:00:00","2025-02-28 12:00:00",UA,128,128,0,0,0.8046875,0.0,3.90625
"2025-02-28 11:00:00","2025-02-28 12:00:00",WN,222,222,0,0,1.9639639639639639,0.0,6.756756756756757
"2025-02-28 12:00:00","2025-02-28 13:00:00",AA,137,137,0,0,2.2627737226277373,0.0,9.489051094890511
"2025-02-28 12:00:00","2025-02-28 13:00:00",DL,178,178,0,0,0.19662921348314608,0.0,7.865168539325842
"2025-02-28 12:00:00","2025-02-28 13:00:00",UA,124,124,0,0,4.024193548387097,0.0,10.483870967741936
"2025-02-28 12:00:00","2025-02-28 13:00:00",WN,234,234,0,0,1.952991452991453,0.0,6.410256410256411
"2025-02-28 13:00:00","2025-02-28 14:00:00",AA,143,142,0,1,8.027972027972028,0.0,11.888111888111888
"2025-02-28 13:00:00","2025-02-28 14:00:00",DL,144,144,0,0,6.368055555555555,0.0,13.194444444444445
"2025-02-28 13:00:00","2025-02-28 14:00:00",UA,143,142,1,0,-1.1408450704225352,0.6993006993006993,2.816901408450704
"2025-02-28 13:00:00","2025-02-28 14:00:00",WN,222,222,0,0,3.2882882882882885,0.0,10.36036036036036
"2025-02-28 14:00:00","2025-02-28 15:00:00",AA,156,155,0,1,4.762820512820513,0.0,10.897435897435898
"2025-02-28 14:00:00","2025-02-28 15:00:00",DL,139,139,0,0,2.4388489208633093,0.0,11.510791366906474
"2025-02-28 14:00:00","2025-02-28 15:00:00",UA,133,132,0,1,2.1503759398496243,0.0,9.022556390977444
"2025-02-28 14:00:00","2025-02-28 15:00:00",WN,229,229,0,0,4.213973799126638,0.0,13.537117903930131
"2025-02-28 15:00:00","2025-02-28 16:00:00",AA,125,125,0,0,12.888,0.0,17.6
"2025-02-28 15:00:00","2025-02-28 16:00:00",DL,182,181,0,1,4.912087912087912,0.0,17.582417582417584
"2025-02-28 15:00:00","2025-02-28 16:00:00",UA,88,88,0,0,1.7727272727272727,0.0,11.363636363636363
"2025-02-28 15:00:00","2025-02-28 16:00:00",WN,236,236,0,0,5.953389830508475,0.0,14.830508474576272
"2025-02-28 16:00:00","2025-02-28 17:00:00",AA,149,149,0,0,5.6375838926174495,0.0,16.778523489932887
"2025-02-28 16:00:00","2025-02-28 17:00:00",DL,139,139,0,0,9.366906474820144,0.0,22.302158273381295
"2025-02-28 16:00:00","2025-02-28 17:00:00",UA,144,144,0,0,6.361111111111111,0.0,13.194444444444445
"2025-02-28 16:00:00","2025-02-28 17:00:00",WN,221,221,0,0,5.4343891402714934,0.0,16.289592760180994
"2025-02-28 17:00:00","2025-02-28 18:00:00",AA,162,162,0,0,11.771604938271604,0.0,22.22222222222222
"2025-02-28 17:00:00","2025-02-28 18:00:00",DL,173,173,0,0,4.8497109826589595,0.0,13.294797687861271
"2025-02-28 17:00:00","2025-02-28 18:00:00",UA,141,141,0,0,4.865248226950355,0.0,12.76595744680851
"2025-02-28 17:00:00","2025-02-28 18:00:00",WN,238,238,0,0,4.504201680672269,0.0,12.605042016806722
"2025-02-28 18:00:00","2025-02-28 19:00:00",AA,162,162,0,0,14.425925925925926,0.0,22.22222222222222
"2025-02-28 18:00:00","2025-02-28 19:00:00",DL,158,158,0,0,7.006329113924051,0.0,17.72151898734177
"2025-02-28 18:00:00","2025-02-28 19:00:00",UA,150,150,0,0,3.24,0.0,10.0
"2025-02-28 18:00:00","2025-02-28 19:00:00",WN,206,206,0,0,4.116504854368932,0.0,9.70873786407767
"2025-02-28 19:00:00","2025-02-28 20:00:00",AA,161,161,0,0,12.006211180124224,0.0,22.36024844720497
"2025-02-28 19:00:00","2025-02-28 20:00:00",DL,161,161,0,0,4.968944099378882,0.0,16.770186335403725
"2025-02-28 19:00:00","2025-02-28 20:00:00",UA,132,132,0,0,1.4318181818181819,0.0,10.606060606060606
"2025-02-28 19:00:00","2025-02-28 20:00:00",WN,235,235,0,0,3.8595744680851065,0.0,14.46808510638298
"2025-02-28 20:00:00","2025-02-28 21:00:00",AA,123,123,0,0,10.78048780487805,0.0,19.51219512195122
"2025-02-28 20:00:00","2025-02-28 21:00:00",DL,98,98,0,0,3.377551020408163,0.0,14.285714285714286
"2025-02-28 20:00:00","2025-02-28 21:00:00",UA,82,82,0,0,8.658536585365853,0.0,20.73170731707317
"2025-02-28 20:00:00","2025-02-28 21:00:00",WN,256,256,0,0,2.57421875,0.0,12.890625
"2025-02-28 21:00:00","2025-02-28 22:00:00",AA,93,93,0,0,11.526881720430108,0.0,15.053763440860216
"2025-02-28 21:00:00","2025-02-28 22:00:00",DL,96,96,0,0,6.8125,0.0,18.75
"2025-02-28 21:00:00","2025-02-28 22:00:00",UA,41,41,0,0,2.975609756097561,0.0,12.195121951219512
"2025-02-28 21:00:00","2025-02-28 22:00:00",WN,139,139,0,0,-0.841726618705036,0.0,5.0359712230215825
"2025-02-28 22:00:00","2025-02-28 23:00:00",AA,97,97,0,0,12.350515463917526,0.0,19.587628865979383
"2025-02-28 22:00:00","2025-02-28 23:00:00",DL,93,93,0,0,1.7956989247311828,0.0,13.978494623655914
"2025-02-28 22:00:00","2025-02-28 23:00:00",UA,31,31,0,0,1.903225806451613,0.0,9.67741935483871
"2025-02-28 22:00:00","2025-02-28 23:00:00",WN,141,139,2,0,-0.5899280575539568,1.4184397163120568,7.913669064748201
"2025-02-28 23:00:00","2025-03-01 00:00:00",AA,30,30,0,0,3.1333333333333333,0.0,10.0
"2025-02-28 23:00:00","2025-03-01 00:00:00",DL,25,25,0,0,-3.2,0.0,4.0
"2025-02-28 23:00:00","2025-03-01 00:00:00",UA,35,35,0,0,-1.8571428571428572,0.0,5.714285714285714
"2025-02-28 23:00:00","2025-03-01 00:00:00",WN,3,3,0,0,-6.333333333333333,0.0,0.0
"2025-03-01 00:00:00","2025-03-01 01:00:00",AA,11,11,0,0,-4.454545454545454,0.0,0.0
"2025-03-01 00:00:00","2025-03-01 01:00:00",DL,4,4,0,0,-13.5,0.0,0.0
"2025-03-01 00:00:00","2025-03-01 01:00:00",UA,3,3,0,0,-7.666666666666667,0.0,0.0
"2025-03-01 01:00:00","2025-03-01 02:00:00",DL,2,2,0,0,-5.5,0.0,0.0
"2025-03-01 01:00:00","2025-03-01 02:00:00",UA,1,1,0,0,-2.0,0.0,0.0
"2025-03-01 02:00:00","2025-03-01 03:00:00",UA,1,1,0,0,-9.0,0.0,0.0
"2025-03-01 05:00:00","2025-03-01 06:00:00",AA,82,82,0,0,0.9878048780487805,0.0,3.658536585365854
"2025-03-01 05:00:00","2025-03-01 06:00:00",DL,57,57,0,0,3.6666666666666665,0.0,5.2631578947368425
"2025-03-01 05:00:00","2025-03-01 06:00:00",UA,35,35,0,0,-2.742857142857143,0.0,2.857142857142857
"2025-03-01 05:00:00","2025-03-01 06:00:00",WN,129,129,0,0,-0.34108527131782945,0.0,3.875968992248062
"2025-03-01 06:00:00","2025-03-01 07:00:00",AA,165,165,0,0,5.696969696969697,0.0,8.484848484848484
"2025-03-01 06:00:00","2025-03-01 07:00:00",DL,170,165,0,5,0.6411764705882353,0.0,5.294117647058823
"2025-03-01 06:00:00","2025-03-01 07:00:00",UA,125,123,2,0,-1.5121951219512195,1.6,5.691056910569106
"2025-03-01 06:00:00","2025-03-01 07:00:00",WN,280,278,1,1,-0.4982078853046595,0.35714285714285715,3.225806451612903
"2025-03-01 07:00:00","2025-03-01 08:00:00",AA,169,169,0,0,-0.35502958579881655,0.0,6.508875739644971
"2025-03-01 07:00:00","2025-03-01 08:00:00",DL,207,203,0,4,1.2657004830917875,0.0,6.763285024154589
"2025-03-01 07:00:00","2025-03-01 08:00:00",UA,181,179,2,0,5.268156424581005,1.1049723756906078,7.262569832402234
"2025-03-01 07:00:00","2025-03-01 08:00:00",WN,204,204,0,0,-1.9264705882352942,0.0,3.4313725490196076
"2025-03-01 08:00:00","2025-03-01 09:00:00",AA,177,177,0,0,0.8926553672316384,0.0,8.474576271186441
"2025-03-01 08:00:00","2025-03-01 09:00:00",DL,148,148,0,0,7.75,0.0,10.81081081081081
"2025-03-01 08:00:00","2025-03-01 09:00:00",UA,164,164,0,0,1.9451219512195121,0.0,6.097560975609756
"2025-03-01 08:00:00","2025-03-01 09:00:00",WN,239,239,0,0,-0.47280334728033474,0.0,5.439330543933054
"2025-03-01 09:00:00","2025-03-01 10:00:00",AA,119,119,0,0,6.949579831932773,0.0,10.92436974789916
"2025-03-01 09:00:00","2025-03-01 10:00:00",DL,118,118,0,0,3.8983050847457625,0.0,10.169491525423728
"2025-03-01 09:00:00","2025-03-01 10:00:00",UA,124,123,1,0,6.008130081300813,0.8064516129032258,8.130081300813009
"2025-03-01 09:00:00","2025-03-01 10:00:00",WN,187,187,0,0,0.25668449197860965,0.0,4.81283422459893
"2025-03-01 10:00:00","2025-03-01 11:00:00",AA,122,122,0,0,3.4098360655737703,0.0,12.295081967213115
"2025-03-01 10:00:00","2025-03-01 11:00:00",DL,128,128,0,0,6.2578125,0.0,14.84375
"2025-03-01 10:00:00","2025-03-01 11:00:00",UA,119,118,0,1,2.907563025210084,0.0,8.403361344537815
"2025-03-01 10:00:00","2025-03-01 11:00:00",WN,234,234,0,0,1.4401709401709402,0.0,6.410256410256411
"2025-03-01 11:00:00","2025-03-01 12:00:00",AA,142,142,0,0,-1.3028169014084507,0.0,6.338028169014085
"2025-03-01 11:00:00","2025-03-01 12:00:00",DL,170,170,0,0,1.188235294117647,0.0,9.411764705882353
"2025-03-01 11:00:00","2025-03-01 12:00:00",UA,111,111,0,0,6.423423423423423,0.0,13.513513513513514
"2025-03-01 11:00:00","2025-03-01 12:00:00",WN,203,203,0,0,1.3990147783251232,0.0,8.866995073891626
"2025-03-01 12:00:00","2025-03-01 13:00:00",AA,129,129,0,0,19.124031007751938,0.0,12.4031007751938
"2025-03-01 12:00:00","2025-03-01 13:00:00",DL,152,152,0,0,5.144736842105263,0.0,11.842105263157896
"2025-03-01 12:00:00","2025-03-01 13:00:00",UA,97,97,0,0,10.391752577319588,0.0,14.43298969072165
"2025-03-01 12:00:00","2025-03-01 13:00:00",WN,192,192,0,0,3.15625,0.0,9.895833333333334
"2025-03-01 13:00:00","2025-03-01 14:00:00",AA,117,116,0,1,5.17948717948718,0.0,16.23931623931624
"2025-03-01 13:00:00","2025-03-01 14:00:00",DL,124,124,0,0,7.032258064516129,0.0,16.129032258064516
"2025-03-01 13:00:00","2025-03-01 14:00:00",UA,127,127,0,0,0.3228346456692913,0.0,6.299212598425197
"2025-03-01 13:00:00","2025-03-01 14:00:00",WN,198,198,0,0,4.126262626262626,0.0,11.616161616161616
"2025-03-01 14:00:00","2025-03-01 15:00:00",AA,136,136,0,0,6.382352941176471,0.0,15.441176470588236
"2025-03-01 14:00:00","2025-03-01 15:00:00",DL,118,117,0,1,6.872881355932203,0.0,13.559322033898304
"2025-03-01 14:00:00","2025-03-01 15:00:00",UA,118,118,0,0,10.364406779661017,0.0,16.949152542372882
"2025-03-01 14:00:00","2025-03-01 15:00:00",WN,219,219,0,0,3.6118721461187215,0.0,14.61187214611872
"2025-03-01 15:00:00","2025-03-01 16:00:00",AA,109,109,0,0,7.5504587155963305,0.0,18.34862385321101
"2025-03-01 15:00:00","2025-03-01 16:00:00",DL,151,151,0,0,6.927152317880795,0.0,11.258278145695364
"2025-03-01 15:00:00","2025-03-01 16:00:00",UA,77,76,0,1,22.363636363636363,0.0,20.77922077922078
"2025-03-01 15:00:00","2025-03-01 16:00:00",WN,218,215,2,1,5.828703703703703,0.9174311926605505,17.12962962962963
"2025-03-01 16:00:00","2025-03-01 17:00:00",AA,141,141,0,0,6.872340425531915,0.0,18.43971631205674
"2025-03-01 16:00:00","2025-03-01 17:00:00",DL,104,103,0,1,12.317307692307692,0.0,16.346153846153847
"2025-03-01 16:00:00","2025-03-01 17:00:00",UA,126,125,1,0,9.912,0.7936507936507936,16.8
"2025-03-01 16:00:00","2025-03-01 17:00:00",WN,190,189,1,0,7.417989417989418,0.5263157894736842,15.343915343915343
"2025-03-01 17:00:00","2025-03-01 18:00:00",AA,135,135,0,0,9.0,0.0,15.555555555555555
"2025-03-01 17:00:00","2025-03-01 18:00:00",DL,146,145,1,0,0.4482758620689655,0.684931506849315,12.413793103448276
"2025-03-01 17:00:00","2025-03-01 18:00:00",UA,117,117,0,0,6.6923076923076925,0.0,16.23931623931624
"2025-03-01 17:00:00","2025-03-01 18:00:00",WN,213,213,0,0,6.676056338028169,0.0,15.96244131455399
"2025-03-01 18:00:00","2025-03-01 19:00:00",AA,131,131,0,0,12.961832061068701,0.0,19.083969465648856
"2025-03-01 18:00:00","2025-03-01 19:00:00",DL,111,110,1,0,3.3636363636363638,0.9009009009009009,17.272727272727273
"2025-03-01 18:00:00","2025-03-01 19:00:00",UA,108,108,0,0,5.546296296296297,0.0,12.962962962962964
"2025-03-01 18:00:00","2025-03-01 19:00:00",WN,225,225,0,0,4.662222222222222,0.0,12.88888888888889
"2025-03-01 19:00:00","2025-03-01 20:00:00",AA,111,111,0,0,8.603603603603604,0.0,20.72072072072072
"2025-03-01 19:00:00","2025-03-01 20:00:00",DL,86,86,0,0,1.2325581395348837,0.0,12.790697674418604
"2025-03-01 19:00:00","2025-03-01 20:00:00",UA,107,107,0,0,7.747663551401869,0.0,14.953271028037383
"2025-03-01 19:00:00","2025-03-01 20:00:00",WN,233,232,1,0,5.241379310344827,0.4291845493562232,15.086206896551724
"2025-03-01 20:00:00","2025-03-01 21:00:00",AA,105,105,0,0,5.819047619047619,0.0,16.19047619047619
"2025-03-01 20:00:00","2025-03-01 21:00:00",DL,60,60,0,0,2.65,0.0,10.0
"2025-03-01 20:00:00","2025-03-01 21:00:00",UA,62,62,0,0,8.161290322580646,0.0,20.967741935483872
"2025-03-01 20:00:00","2025-03-01 21:00:00",WN,145,145,0,0,1.6896551724137931,0.0,11.724137931034482
"2025-03-01 21:00:00","2025-03-01 22:00:00",AA,76,76,0,0,21.907894736842106,0.0,25.0
"2025-03-01 21:00:00","2025-03-01 22:00:00",DL,61,61,0,0,0.5737704918032787,0.0,6.557377049180328
"2025-03-01 21:00:00","2025-03-01 22:00:00",UA,28,27,0,1,4.892857142857143,0.0,17.857142857142858
"2025-03-01 21:00:00","2025-03-01 22:00:00",WN,103,103,0,0,3.1553398058252426,0.0,8.737864077669903
"2025-03-01 22:00:00","2025-03-01 23:00:00",AA,62,62,0,0,20.661290322580644,0.0,9.67741935483871
"2025-03-01 22:00:00","2025-03-01 23:00:00",DL,66,66,0,0,0.9696969696969697,0.0,9.090909090909092
"2025-03-01 22:00:00","2025-03-01 23:00:00",UA,29,29,0,0,-0.5862068965517241,0.0,3.4482758620689653
"2025-03-01 22:00:00","2025-03-01 23:00:00",WN,5,5,0,0,-2.0,0.0,0.0
"2025-03-01 23:00:00","2025-03-02 00:00:00",AA,19,19,0,0,-0.3157894736842105,0.0,10.526315789473685
"2025-03-01 23:00:00","2025-03-02 00:00:00",DL,18,18,0,0,-3.2222222222222223,0.0,0.0
"2025-03-01 23:00:00","2025-03-02 00:00:00",UA,24,24,0,0,1.125,0.0,4.166666666666667
"2025-03-01 23:00:00","2025-03-02 00:00:00",WN,2,2,0,0,-2.0,0.0,0.0
"2025-03-02 00:00:00","2025-03-02 01:00:00",AA,9,9,0,0,-1.1111111111111112,0.0,11.11111111111111
"2025-03-02 00:00:00","2025-03-02 01:00:00",DL,1,1,0,0,-11.0,0.0,0.0
"2025-03-02 00:00:00","2025-03-02 01:00:00",UA,4,4,0,0,-3.5,0.0,0.0
"2025-03-02 01:00:00","2025-03-02 02:00:00",DL,2,2,0,0,-8.0,0.0,0.0
"2025-03-02 01:00:00","2025-03-02 02:00:00",UA,1,0,0,1,152.0,0.0,100.0
"2025-03-02 02:00:00","2025-03-02 03:00:00",UA,1,1,0,0,77.0,0.0,100.0
"2025-03-02 05:00:00","2025-03-02 06:00:00",AA,102,102,0,0,21.352941176470587,0.0,6.862745098039215
"2025-03-02 05:00:00","2025-03-02 06:00:00",DL,68,68,0,0,-0.6323529411764706,0.0,7.352941176470588
"2025-03-02 05:00:00","2025-03-02 06:00:00",UA,29,29,0,0,26.379310344827587,0.0,10.344827586206897
"2025-03-02 05:00:00","2025-03-02 06:00:00",WN,184,183,0,1,0.625,0.0,2.717391304347826
"2025-03-02 06:00:00","2025-03-02 07:00:00",AA,181,181,0,0,7.574585635359116,0.0,9.94475138121547
"2025-03-02 06:00:00","2025-03-02 07:00:00",DL,175,175,0,0,3.5828571428571427,0.0,6.285714285714286
"2025-03-02 06:00:00","2025-03-02 07:00:00",UA,125,125,0,0,-2.136,0.0,7.2
"2025-03-02 06:00:00","2025-03-02 07:00:00",WN,295,294,1,0,-3.0408163265306123,0.3389830508474576,1.7006802721088434
"2025-03-02 07:00:00","2025-03-02 08:00:00",AA,203,202,0,1,8.52216748768473,0.0,8.374384236453203
"2025-03-02 07:00:00","2025-03-02 08:00:00",DL,234,234,0,0,-0.47435897435897434,0.0,5.128205128205129
"2025-03-02 07:00:00","2025-03-02 08:00:00",UA,193,193,0,0,1.9533678756476685,0.0,5.699481865284974
"2025-03-02 07:00:00","2025-03-02 08:00:00",WN,195,195,0,0,-1.646153846153846,0.0,3.076923076923077
"2025-03-02 08:00:00","2025-03-02 09:00:00",AA,194,192,1,1,3.1088082901554404,0.5154639175257731,10.362694300518134
"2025-03-02 08:00:00","2025-03-02 09:00:00",DL,176,174,1,1,5.462857142857143,0.5681818181818182,7.428571428571429
"2025-03-02 08:00:00","2025-03-02 09:00:00",UA,181,179,1,1,1.1055555555555556,0.5524861878453039,8.88888888888889
"2025-03-02 08:00:00","2025-03-02 09:00:00",WN,273,271,1,1,-0.20220588235294118,0.3663003663003663,5.514705882352941
"2025-03-02 09:00:00","2025-03-02 10:00:00",AA,129,129,0,0,20.07751937984496,0.0,10.077519379844961
"2025-03-02 09:00:00","2025-03-02 10:00:00",DL,126,125,0,1,-1.119047619047619,0.0,7.142857142857143
"2025-03-02 09:00:00","2025-03-02 10:00:00",UA,132,131,1,0,4.938931297709924,0.7575757575757576,10.687022900763358
"2025-03-02 09:00:00","2025-03-02 10:00:00",WN,219,218,0,1,-0.730593607305936,0.0,3.65296803652968
"2025-03-02 10:00:00","2025-03-02 11:00:00",AA,143,143,0,0,0.7902097902097902,0.0,9.79020979020979
"2025-03-02 10:00:00","2025-03-02 11:00:00",DL,156,156,0,0,5.391025641025641,0.0,10.897435897435898
"2025-03-02 10:00:00","2025-03-02 11:00:00",UA,126,126,0,0,1.4841269841269842,0.0,4.761904761904762
"2025-03-02 10:00:00","2025-03-02 11:00:00",WN,230,230,0,0,2.1913043478260867,0.0,6.086956521739131
"2025-03-02 11:00:00","2025-03-02 12:00:00",AA,162,162,0,0,5.006172839506172,0.0,11.11111111111111
"2025-03-02 11:00:00","2025-03-02 12:00:00",DL,184,184,0,0,1.7554347826086956,0.0,8.152173913043478
"2025-03-02 11:00:00","2025-03-02 12:00:00",UA,125,124,1,0,1.3548387096774193,0.8,9.67741935483871
"2025-03-02 11:00:00","2025-03-02 12:00:00",WN,220,219,0,1,1.0136363636363637,0.0,6.363636363636363
"2025-03-02 12:00:00","2025-03-02 13:00:00",AA,137,137,0,0,9.481751824817518,0.0,15.328467153284672
"2025-03-02 12:00:00","2025-03-02 13:00:00",DL,178,178,0,0,7.674157303370786,0.0,13.48314606741573
"2025-03-02 12:00:00","2025-03-02 13:00:00",UA,115,115,0,0,3.373913043478261,0.0,15.652173913043478
"2025-03-02 12:00:00","2025-03-02 13:00:00",WN,235,235,0,0,1.5446808510638297,0.0,8.51063829787234
"2025-03-02 13:00:00","2025-03-02 14:00:00",AA,143,143,0,0,5.027972027972028,0.0,11.888111888111888
"2025-03-02 13:00:00","2025-03-02 14:00:00",DL,147,147,0,0,2.8435374149659864,0.0,13.605442176870747
"2025-03-02 13:00:00","2025-03-02 14:00:00",UA,143,143,0,0,4.839160839160839,0.0,10.48951048951049
"2025-03-02 13:00:00","2025-03-02 14:00:00",WN,226,225,0,1,3.8805309734513274,0.0,11.504424778761061
"2025-03-02 14:00:00","2025-03-02 15:00:00",AA,156,156,0,0,11.326923076923077,0.0,19.23076923076923
"2025-03-02 14:00:00","2025-03-02 15:00:00",DL,133,133,0,0,6.120300751879699,0.0,15.037593984962406
"2025-03-02 14:00:00","2025-03-02 15:00:00",UA,125,125,0,0,2.024,0.0,12.8
"2025-03-02 14:00:00","2025-03-02 15:00:00",WN,223,223,0,0,6.134529147982063,0.0,15.246636771300448
"2025-03-02 15:00:00","2025-03-02 16:00:00",AA,124,124,0,0,12.64516129032258,0.0,32.25806451612903
"2025-03-02 15:00:00","2025-03-02 16:00:00",DL,178,177,0,1,7.955056179775281,0.0,15.168539325842696
"2025-03-02 15:00:00","2025-03-02 16:00:00",UA,82,82,0,0,2.902439024390244,0.0,7.317073170731708
"2025-03-02 15:00:00","2025-03-02 16:00:00",WN,234,234,0,0,8.995726495726496,0.0,24.786324786324787
"2025-03-02 16:00:00","2025-03-02 17:00:00",AA,152,151,0,1,14.296052631578947,0.0,21.710526315789473
"2025-03-02 16:00:00","2025-03-02 17:00:00",DL,140,140,0,0,3.1857142857142855,0.0,16.428571428571427
"2025-03-02 16:00:00","2025-03-02 17:00:00",UA,139,139,0,0,5.856115107913669,0.0,15.827338129496402
"2025-03-02 16:00:00","2025-03-02 17:00:00",WN,223,223,0,0,8.645739910313901,0.0,20.62780269058296
"2025-03-02 17:00:00","2025-03-02 18:00:00",AA,162,162,0,0,18.90740740740741,0.0,32.098765432098766
"2025-03-02 17:00:00","2025-03-02 18:00:00",DL,173,172,1,0,6.540697674418604,0.5780346820809249,14.534883720930232
"2025-03-02 17:00:00","2025-03-02 18:00:00",UA,138,138,0,0,0.6231884057971014,0.0,9.420289855072463
"2025-03-02 17:00:00","2025-03-02 18:00:00",WN,239,239,0,0,12.518828451882845,0.0,28.03347280334728
"2025-03-02 18:00:00","2025-03-02 19:00:00",AA,155,154,0,1,19.561290322580646,0.0,33.54838709677419
"2025-03-02 18:00:00","2025-03-02 19:00:00",DL,156,156,0,0,15.73076923076923,0.0,21.153846153846153
"2025-03-02 18:00:00","2025-03-02 19:00:00",UA,147,146,0,1,4.319727891156463,0.0,12.244897959183673
"2025-03-02 18:00:00","2025-03-02 19:00:00",WN,201,201,0,0,12.880597014925373,0.0,28.855721393034827
"2025-03-02 19:00:00","2025-03-02 20:00:00",AA,161,161,0,0,22.17391304347826,0.0,36.024844720496894
"2025-03-02 19:00:00","2025-03-02 20:00:00",DL,166,166,0,0,5.710843373493976,0.0,20.481927710843372
"2025-03-02 19:00:00","2025-03-02 20:00:00",UA,132,132,0,0,7.128787878787879,0.0,14.393939393939394
"2025-03-02 19:00:00","2025-03-02 20:00:00",WN,238,238,0,0,9.487394957983193,0.0,24.369747899159663
"2025-03-02 20:00:00","2025-03-02 21:00:00",AA,125,125,0,0,23.576,0.0,36.0
"2025-03-02 20:00:00","2025-03-02 21:00:00",DL,99,99,0,0,8.83838383838384,0.0,26.262626262626263
"2025-03-02 20:00:00","2025-03-02 21:00:00",UA,80,79,0,1,5.0125,0.0,10.0
"2025-03-02 20:00:00","2025-03-02 21:00:00",WN,260,260,0,0,8.903846153846153,0.0,25.384615384615383
"2025-03-02 21:00:00","2025-03-02 22:00:00",AA,92,92,0,0,21.47826086956522,0.0,33.69565217391305
"2025-03-02 21:00:00","2025-03-02 22:00:00",DL,91,91,0,0,18.923076923076923,0.0,21.978021978021978
"2025-03-02 21:00:00","2025-03-02 22:00:00",UA,48,48,0,0,4.875,0.0,10.416666666666666
"2025-03-02 21:00:00","2025-03-02 22:00:00",WN,139,139,0,0,5.83453237410072,0.0,17.26618705035971
"2025-03-02 22:00:00","2025-03-02 23:00:00",AA,99,99,0,0,16.404040404040405,0.0,34.343434343434346
"2025-03-02 22:00:00","2025-03-02 23:00:00",DL,91,91,0,0,4.032967032967033,0.0,10.989010989010989
"2025-03-02 22:00:00","2025-03-02 23:00:00",UA,32,32,0,0,-1.625,0.0,9.375
"2025-03-02 22:00:00","2025-03-02 23:00:00",WN,142,142,0,0,3.859154929577465,0.0,16.197183098591548
"2025-03-02 23:00:00","2025-03-03 00:00:00",AA,31,31,0,0,0.7741935483870968,0.0,12.903225806451612
"2025-03-02 23:00:00","2025-03-03 00:00:00",DL,26,26,0,0,-0.6538461538461539,0.0,3.8461538461538463
"2025-03-02 23:00:00","2025-03-03 00:00:00",UA,36,36,0,0,-2.6944444444444446,0.0,11.11111111111111
"2025-03-02 23:00:00","2025-03-03 00:00:00",WN,3,3,0,0,1.3333333333333333,0.0,0.0
"2025-03-03 00:00:00","2025-03-03 01:00:00",AA,12,12,0,0,-0.5,0.0,16.666666666666668
"2025-03-03 00:00:00","2025-03-03 01:00:00",DL,4,4,0,0,-9.0,0.0,0.0
"2025-03-03 00:00:00","2025-03-03 01:00:00",UA,3,3,0,0,-4.666666666666667,0.0,0.0
"2025-03-03 01:00:00","2025-03-03 02:00:00",DL,2,2,0,0,-3.0,0.0,0.0
"2025-03-03 01:00:00","2025-03-03 02:00:00",UA,1,1,0,0,1.0,0.0,0.0
"2025-03-03 02:00:00","2025-03-03 03:00:00",UA,1,1,0,0,-8.0,0.0,0.0
"2025-03-03 05:00:00","2025-03-03 06:00:00",AA,103,103,0,0,-0.18446601941747573,0.0,7.766990291262136
"2025-03-03 05:00:00","2025-03-03 06:00:00",DL,69,69,0,0,-4.420289855072464,0.0,2.898550724637681
"2025-03-03 05:00:00","2025-03-03 06:00:00",UA,31,31,0,0,-6.193548387096774,0.0,0.0
"2025-03-03 05:00:00","2025-03-03 06:00:00",WN,99,98,0,1,-2.7676767676767677,0.0,2.0202020202020203
"2025-03-03 06:00:00","2025-03-03 07:00:00",AA,186,186,0,0,3.0483870967741935,0.0,8.064516129032258
"2025-03-03 06:00:00","2025-03-03 07:00:00",DL,184,183,0,1,-2.0,0.0,4.3478260869565215
"2025-03-03 06:00:00","2025-03-03 07:00:00",UA,124,124,0,0,-1.5,0.0,4.838709677419355
"2025-03-03 06:00:00","2025-03-03 07:00:00",WN,303,297,0,6,-1.0825082508250825,0.0,2.9702970297029703
"2025-03-03 07:00:00","2025-03-03 08:00:00",AA,206,205,0,1,2.121359223300971,0.0,9.70873786407767
"2025-03-03 07:00:00","2025-03-03 08:00:00",DL,235,235,0,0,0.6127659574468085,0.0,7.659574468085107
"2025-03-03 07:00:00","2025-03-03 08:00:00",UA,194,194,0,0,4.15979381443299,0.0,7.731958762886598
"2025-03-03 07:00:00","2025-03-03 08:00:00",WN,209,200,2,7,5.096618357487923,0.9569377990430622,6.763285024154589
"2025-03-03 08:00:00","2025-03-03 09:00:00",AA,196,196,0,0,3.5816326530612246,0.0,10.714285714285714
"2025-03-03 08:00:00","2025-03-03 09:00:00",DL,174,173,0,1,1.2586206896551724,0.0,8.620689655172415
"2025-03-03 08:00:00","2025-03-03 09:00:00",UA,193,193,0,0,-0.2849740932642487,0.0,5.699481865284974
"2025-03-03 08:00:00","2025-03-03 09:00:00",WN,268,265,3,0,22.91698113207547,1.1194029850746268,16.22641509433962
"2025-03-03 09:00:00","2025-03-03 10:00:00",AA,133,133,0,0,6.917293233082707,0.0,11.278195488721805
"2025-03-03 09:00:00","2025-03-03 10:00:00",DL,124,124,0,0,-0.6693548387096774,0.0,8.870967741935484
"2025-03-03 09:00:00","2025-03-03 10:00:00",UA,135,135,0,0,-1.2222222222222223,0.0,8.148148148148149
"2025-03-03 09:00:00","2025-03-03 10:00:00",WN,213,210,3,0,31.61904761904762,1.408450704225352,21.904761904761905
"2025-03-03 10:00:00","2025-03-03 11:00:00",AA,141,141,0,0,6.156028368794326,0.0,14.184397163120567
"2025-03-03 10:00:00","2025-03-03 11:00:00",DL,158,157,1,0,4.006369426751593,0.6329113924050633,9.554140127388536
"2025-03-03 10:00:00","2025-03-03 11:00:00",UA,128,128,0,0,0.6796875,0.0,7.8125
"2025-03-03 10:00:00","2025-03-03 11:00:00",WN,234,226,7,1,11.330396475770925,2.9914529914529915,16.740088105726873
"2025-03-03 11:00:00","2025-03-03 12:00:00",AA,162,162,0,0,6.487654320987654,0.0,13.580246913580247
"2025-03-03 11:00:00","2025-03-03 12:00:00",DL,189,189,0,0,1.8677248677248677,0.0,7.407407407407407
"2025-03-03 11:00:00","2025-03-03 12:00:00",UA,125,125,0,0,-1.616,0.0,3.2
"2025-03-03 11:00:00","2025-03-03 12:00:00",WN,219,204,15,0,32.96568627450981,6.8493150684931505,25.0
"2025-03-03 12:00:00","2025-03-03 13:00:00",AA,137,137,0,0,7.094890510948905,0.0,10.94890510948905
"2025-03-03 12:00:00","2025-03-03 13:00:00",DL,173,173,0,0,1.3583815028901733,0.0,9.248554913294798
"2025-03-03 12:00:00","2025-03-03 13:00:00",UA,123,123,0,0,0.43089430894308944,0.0,6.504065040650406
"2025-03-03 12:00:00","2025-03-03 13:00:00",WN,229,223,6,0,23.345291479820627,2.6200873362445414,23.766816143497756
"2025-03-03 13:00:00","2025-03-03 14:00:00",AA,142,142,0,0,7.887323943661972,0.0,14.084507042253522
"2025-03-03 13:00:00","2025-03-03 14:00:00",DL,144,144,0,0,1.8055555555555556,0.0,11.11111111111111
"2025-03-03 13:00:00","2025-03-03 14:00:00",UA,144,142,1,1,-0.3706293706293706,0.6944444444444444,6.293706293706293
"2025-03-03 13:00:00","2025-03-03 14:00:00",WN,243,232,11,0,20.70689655172414,4.526748971193416,23.275862068965516
"2025-03-03 14:00:00","2025-03-03 15:00:00",AA,150,150,0,0,6.366666666666666,0.0,12.0
"2025-03-03 14:00:00","2025-03-03 15:00:00",DL,137,137,0,0,2.1094890510948905,0.0,9.489051094890511
"2025-03-03 14:00:00","2025-03-03 15:00:00",UA,130,130,0,0,4.1,0.0,12.307692307692308
"2025-03-03 14:00:00","2025-03-03 15:00:00",WN,224,221,3,0,19.289592760180994,1.3392857142857142,23.076923076923077
"2025-03-03 15:00:00","2025-03-03 16:00:00",AA,121,121,0,0,18.90082644628099,0.0,16.52892561983471
"2025-03-03 15:00:00","2025-03-03 16:00:00",DL,181,181,0,0,4.45303867403315,0.0,12.707182320441989
"2025-03-03 15:00:00","2025-03-03 16:00:00",UA,88,88,0,0,3.0454545454545454,0.0,11.363636363636363
"2025-03-03 15:00:00","2025-03-03 16:00:00",WN,228,224,4,0,20.544642857142858,1.7543859649122806,25.892857142857142
"2025-03-03 16:00:00","2025-03-03 17:00:00",AA,145,145,0,0,8.4,0.0,17.93103448275862
"2025-03-03 16:00:00","2025-03-03 17:00:00",DL,139,138,0,1,0.7122302158273381,0.0,7.194244604316546
"2025-03-03 16:00:00","2025-03-03 17:00:00",UA,142,142,0,0,1.0985915492957747,0.0,8.450704225352112
"2025-03-03 16:00:00","2025-03-03 17:00:00",WN,223,221,2,0,24.122171945701357,0.8968609865470852,28.506787330316744
"2025-03-03 17:00:00","2025-03-03 18:00:00",AA,157,157,0,0,2.286624203821656,0.0,10.828025477707007
"2025-03-03 17:00:00","2025-03-03 18:00:00",DL,174,174,0,0,4.063218390804598,0.0,10.344827586206897
"2025-03-03 17:00:00","2025-03-03 18:00:00",UA,145,145,0,0,7.862068965517241,0.0,17.24137931034483
"2025-03-03 17:00:00","2025-03-03 18:00:00",WN,222,222,0,0,17.054054054054053,0.0,29.72972972972973
"2025-03-03 18:00:00","2025-03-03 19:00:00",AA,149,149,0,0,9.295302013422818,0.0,20.13422818791946
"2025-03-03 18:00:00","2025-03-03 19:00:00",DL,154,154,0,0,2.5064935064935066,0.0,12.337662337662337
"2025-03-03 18:00:00","2025-03-03 19:00:00",UA,154,154,0,0,4.2727272727272725,0.0,12.337662337662337
"2025-03-03 18:00:00","2025-03-03 19:00:00",WN,223,222,1,0,16.91891891891892,0.4484304932735426,26.126126126126128
"2025-03-03 19:00:00","2025-03-03 20:00:00",AA,126,125,0,1,7.714285714285714,0.0,21.428571428571427
"2025-03-03 19:00:00","2025-03-03 20:00:00",DL,166,166,0,0,-1.0301204819277108,0.0,7.228915662650603
"2025-03-03 19:00:00","2025-03-03 20:00:00",UA,131,130,0,1,9.01526717557252,0.0,17.557251908396946
"2025-03-03 19:00:00","2025-03-03 20:00:00",WN,268,266,2,0,16.593984962406015,0.746268656716418,26.31578947368421
"2025-03-03 20:00:00","2025-03-03 21:00:00",AA,111,111,0,0,8.963963963963964,0.0,20.72072072072072
"2025-03-03 20:00:00","2025-03-03 21:00:00",DL,100,100,0,0,-0.62,0.0,5.0
"2025-03-03 20:00:00","2025-03-03 21:00:00",UA,76,76,0,0,5.552631578947368,0.0,22.36842105263158
"2025-03-03 20:00:00","2025-03-03 21:00:00",WN,179,179,0,0,15.547486033519553,0.0,27.932960893854748
"2025-03-03 21:00:00","2025-03-03 22:00:00",AA,80,80,0,0,4.75,0.0,13.75
"2025-03-03 21:00:00","2025-03-03 22:00:00",DL,89,89,0,0,3.955056179775281,0.0,11.235955056179776
"2025-03-03 21:00:00","2025-03-03 22:00:00",UA,41,41,0,0,-1.3902439024390243,0.0,12.195121951219512
"2025-03-03 21:00:00","2025-03-03 22:00:00",WN,143,143,0,0,13.076923076923077,0.0,27.972027972027973
"2025-03-03 22:00:00","2025-03-03 23:00:00",AA,69,69,0,0,6.942028985507246,0.0,13.043478260869565
"2025-03-03 22:00:00","2025-03-03 23:00:00",DL,91,91,0,0,0.4945054945054945,0.0,8.791208791208792
"2025-03-03 22:00:00","2025-03-03 23:00:00",UA,32,32,0,0,-3.0625,0.0,3.125
"2025-03-03 22:00:00","2025-03-03 23:00:00",WN,6,6,0,0,16.333333333333332,0.0,16.666666666666668
"2025-03-03 23:00:00","2025-03-04 00:00:00",AA,27,27,0,0,-4.703703703703703,0.0,3.7037037037037037
"2025-03-03 23:00:00","2025-03-04 00:00:00",DL,26,25,1,0,-5.24,3.8461538461538463,4.0
"2025-03-03 23:00:00","2025-03-04 00:00:00",UA,34,34,0,0,-2.4411764705882355,0.0,11.764705882352942
"2025-03-03 23:00:00","2025-03-04 00:00:00",WN,2,2,0,0,3.0,0.0,0.0
"2025-03-04 00:00:00","2025-03-04 01:00:00",AA,9,9,0,0,-6.222222222222222,0.0,0.0
"2025-03-04 00:00:00","2025-03-04 01:00:00",DL,4,4,0,0,-10.5,0.0,0.0
"2025-03-04 00:00:00","2025-03-04 01:00:00",UA,3,3,0,0,-7.666666666666667,0.0,0.0
"2025-03-04 01:00:00","2025-03-04 02:00:00",DL,2,2,0,0,-6.5,0.0,0.0
"2025-03-04 01:00:00","2025-03-04 02:00:00",UA,1,1,0,0,-6.0,0.0,0.0
"2025-03-04 02:00:00","2025-03-04 03:00:00",UA,1,1,0,0,-9.0,0.0,0.0
"2025-03-04 05:00:00","2025-03-04 06:00:00",AA,82,79,3,0,-2.3544303797468356,3.658536585365854,8.860759493670885
"2025-03-04 05:00:00","2025-03-04 06:00:00",DL,69,69,0,0,-4.927536231884058,0.0,2.898550724637681
"2025-03-04 05:00:00","2025-03-04 06:00:00",UA,28,28,0,0,1.1428571428571428,0.0,10.714285714285714
"2025-03-04 05:00:00","2025-03-04 06:00:00",WN,30,30,0,0,-3.6333333333333333,0.0,0.0
"2025-03-04 06:00:00","2025-03-04 07:00:00",AA,180,162,17,1,4.0920245398773005,9.444444444444445,18.404907975460123
"2025-03-04 06:00:00","2025-03-04 07:00:00",DL,184,183,1,0,1.2568306010928962,0.5434782608695652,7.103825136612022
"2025-03-04 06:00:00","2025-03-04 07:00:00",UA,119,118,0,1,-5.974789915966387,0.0,2.5210084033613445
"2025-03-04 06:00:00","2025-03-04 07:00:00",WN,223,218,5,0,9.977064220183486,2.242152466367713,11.009174311926605
"2025-03-04 07:00:00","2025-03-04 08:00:00",AA,171,159,10,2,0.45962732919254656,5.847953216374269,13.043478260869565
"2025-03-04 07:00:00","2025-03-04 08:00:00",DL,228,228,0,0,-0.4692982456140351,0.0,3.9473684210526314
"2025-03-04 07:00:00","2025-03-04 08:00:00",UA,180,179,1,0,-1.5363128491620113,0.5555555555555556,7.82122905027933
"2025-03-04 07:00:00","2025-03-04 08:00:00",WN,188,184,4,0,6.255434782608695,2.127659574468085,8.152173913043478
"2025-03-04 08:00:00","2025-03-04 09:00:00",AA,195,184,6,5,9.698412698412698,3.076923076923077,18.51851851851852
"2025-03-04 08:00:00","2025-03-04 09:00:00",DL,173,173,0,0,-1.9190751445086704,0.0,4.046242774566474
"2025-03-04 08:00:00","2025-03-04 09:00:00",UA,183,182,1,0,-0.5769230769230769,0.546448087431694,5.4945054945054945
"2025-03-04 08:00:00","2025-03-04 09:00:00",WN,241,233,6,2,6.072340425531915,2.4896265560165975,6.808510638297872
"2025-03-04 09:00:00","2025-03-04 10:00:00",AA,128,122,1,5,8.740157480314961,0.78125,14.173228346456693
"2025-03-04 09:00:00","2025-03-04 10:00:00",DL,119,114,0,5,10.638655462184873,0.0,11.764705882352942
"2025-03-04 09:00:00","2025-03-04 10:00:00",UA,130,129,0,1,10.446153846153846,0.0,13.076923076923077
"2025-03-04 09:00:00","2025-03-04 10:00:00",WN,231,219,10,2,9.959276018099548,4.329004329004329,9.95475113122172
"2025-03-04 10:00:00","2025-03-04 11:00:00",AA,130,114,10,6,16.241666666666667,7.6923076923076925,25.833333333333332
"2025-03-04 10:00:00","2025-03-04 11:00:00",DL,152,149,0,3,2.664473684210526,0.0,9.210526315789474
"2025-03-04 10:00:00","2025-03-04 11:00:00",UA,123,121,0,2,-0.4146341463414634,0.0,7.317073170731708
"2025-03-04 10:00:00","2025-03-04 11:00:00",WN,198,191,7,0,11.172774869109947,3.5353535353535355,14.659685863874346
"2025-03-04 11:00:00","2025-03-04 12:00:00",AA,157,140,5,12,15.006578947368421,3.1847133757961785,23.026315789473685
"2025-03-04 11:00:00","2025-03-04 12:00:00",DL,183,182,0,1,0.37158469945355194,0.0,5.46448087431694
"2025-03-04 11:00:00","2025-03-04 12:00:00",UA,128,128,0,0,2.4765625,0.0,8.59375
"2025-03-04 11:00:00","2025-03-04 12:00:00",WN,260,240,15,5,9.522448979591836,5.769230769230769,11.020408163265307
"2025-03-04 12:00:00","2025-03-04 13:00:00",AA,126,107,9,10,87.35897435897436,7.142857142857143,36.75213675213675
"2025-03-04 12:00:00","2025-03-04 13:00:00",DL,168,163,3,2,8.466666666666667,1.7857142857142858,14.545454545454545
"2025-03-04 12:00:00","2025-03-04 13:00:00",UA,119,119,0,0,7.008403361344538,0.0,10.92436974789916
"2025-03-04 12:00:00","2025-03-04 13:00:00",WN,181,170,7,4,6.655172413793103,3.867403314917127,11.494252873563218
"2025-03-04 13:00:00","2025-03-04 14:00:00",AA,138,123,9,6,36.798449612403104,6.521739130434782,24.8062015503876
"2025-03-04 13:00:00","2025-03-04 14:00:00",DL,140,138,0,2,9.0,0.0,12.857142857142858
"2025-03-04 13:00:00","2025-03-04 14:00:00",UA,138,138,0,0,13.369565217391305,0.0,15.217391304347826
"2025-03-04 13:00:00","2025-03-04 14:00:00",WN,241,232,8,1,13.678111587982833,3.319502074688797,17.59656652360515
"2025-03-04 14:00:00","2025-03-04 15:00:00",AA,143,115,28,0,46.07826086956522,19.58041958041958,28.695652173913043
"2025-03-04 14:00:00","2025-03-04 15:00:00",DL,121,121,0,0,15.735537190082646,0.0,18.181818181818183
"2025-03-04 14:00:00","2025-03-04 15:00:00",UA,122,121,0,1,3.8360655737704916,0.0,9.01639344262295
"2025-03-04 14:00:00","2025-03-04 15:00:00",WN,218,212,5,1,22.384976525821596,2.293577981651376,22.535211267605632
"2025-03-04 15:00:00","2025-03-04 16:00:00",AA,119,95,24,0,90.02105263157895,20.168067226890756,37.89473684210526
"2025-03-04 15:00:00","2025-03-04 16:00:00",DL,176,173,2,1,11.60344827586207,1.1363636363636365,13.218390804597702
"2025-03-04 15:00:00","2025-03-04 16:00:00",UA,84,84,0,0,11.952380952380953,0.0,15.476190476190476
"2025-03-04 15:00:00","2025-03-04 16:00:00",WN,227,223,2,2,13.96888888888889,0.8810572687224669,19.555555555555557
"2025-03-04 16:00:00","2025-03-04 17:00:00",AA,142,114,28,0,43.39473684210526,19.718309859154928,28.07017543859649
"2025-03-04 16:00:00","2025-03-04 17:00:00",DL,117,116,1,0,14.551724137931034,0.8547008547008547,15.517241379310345
"2025-03-04 16:00:00","2025-03-04 17:00:00",UA,131,130,1,0,18.684615384615384,0.7633587786259542,13.076923076923077
"2025-03-04 16:00:00","2025-03-04 17:00:00",WN,206,203,3,0,13.950738916256158,1.4563106796116505,26.108374384236452
"2025-03-04 17:00:00","2025-03-04 18:00:00",AA,137,102,34,1,80.06796116504854,24.817518248175183,33.980582524271846
"2025-03-04 17:00:00","2025-03-04 18:00:00",DL,164,161,1,2,13.067484662576687,0.6097560975609756,16.56441717791411
"2025-03-04 17:00:00","2025-03-04 18:00:00",UA,131,130,1,0,18.153846153846153,0.7633587786259542,14.615384615384615
"2025-03-04 17:00:00","2025-03-04 18:00:00",WN,195,194,0,1,11.835897435897436,0.0,16.41025641025641
"2025-03-04 18:00:00","2025-03-04 19:00:00",AA,143,114,29,0,46.026315789473685,20.27972027972028,28.07017543859649
"2025-03-04 18:00:00","2025-03-04 19:00:00",DL,142,141,1,0,30.77304964539007,0.704225352112676,22.69503546099291
"2025-03-04 18:00:00","2025-03-04 19:00:00",UA,130,129,1,0,15.922480620155039,0.7692307692307693,19.37984496124031
"2025-03-04 18:00:00","2025-03-04 19:00:00",WN,265,258,6,1,15.575289575289576,2.2641509433962264,22.393822393822393
"2025-03-04 19:00:00","2025-03-04 20:00:00",AA,117,96,21,0,57.427083333333336,17.94871794871795,36.458333333333336
"2025-03-04 19:00:00","2025-03-04 20:00:00",DL,116,112,3,1,13.389380530973451,2.586206896551724,23.008849557522122
"2025-03-04 19:00:00","2025-03-04 20:00:00",UA,110,108,2,0,27.87037037037037,1.8181818181818181,16.666666666666668
"2025-03-04 19:00:00","2025-03-04 20:00:00",WN,119,119,0,0,15.840336134453782,0.0,25.210084033613445
"2025-03-04 20:00:00","2025-03-04 21:00:00",AA,105,85,20,0,29.576470588235296,19.047619047619047,29.41176470588235
"2025-03-04 20:00:00","2025-03-04 21:00:00",DL,73,73,0,0,22.424657534246574,0.0,30.136986301369863
"2025-03-04 20:00:00","2025-03-04 21:00:00",UA,63,63,0,0,28.3015873015873,0.0,34.92063492063492
"2025-03-04 20:00:00","2025-03-04 21:00:00",WN,167,161,6,0,7.571428571428571,3.592814371257485,17.391304347826086
"2025-03-04 21:00:00","2025-03-04 22:00:00",AA,73,56,17,0,37.982142857142854,23.28767123287671,32.142857142857146
"2025-03-04 21:00:00","2025-03-04 22:00:00",DL,64,64,0,0,17.171875,0.0,21.875
"2025-03-04 21:00:00","2025-03-04 22:00:00",UA,30,30,0,0,1.2,0.0,3.3333333333333335
"2025-03-04 21:00:00","2025-03-04 22:00:00",WN,16,16,0,0,16.5625,0.0,18.75
"2025-03-04 22:00:00","2025-03-04 23:00:00",AA,61,60,1,0,22.1,1.639344262295082,20.0
"2025-03-04 22:00:00","2025-03-04 23:00:00",DL,85,83,0,2,20.976470588235294,0.0,14.117647058823529
"2025-03-04 22:00:00","2025-03-04 23:00:00",UA,25,25,0,0,-4.12,0.0,4.0
"2025-03-04 22:00:00","2025-03-04 23:00:00",WN,2,2,0,0,-5.0,0.0,0.0
"2025-03-04 23:00:00","2025-03-05 00:00:00",AA,20,20,0,0,-1.5,0.0,5.0
"2025-03-04 23:00:00","2025-03-05 00:00:00",DL,20,20,0,0,-5.35,0.0,0.0
"2025-03-04 23:00:00","2025-03-05 00:00:00",UA,25,25,0,0,2.96,0.0,12.0
"2025-03-04 23:00:00","2025-03-05 00:00:00",WN,2,2,0,0,0.5,0.0,0.0
"2025-03-05 00:00:00","2025-03-05 01:00:00",AA,9,9,0,0,4.0,0.0,22.22222222222222
"2025-03-05 00:00:00","2025-03-05 01:00:00",DL,2,2,0,0,-10.5,0.0,0.0
"2025-03-05 00:00:00","2025-03-05 01:00:00",UA,2,2,0,0,-4.5,0.0,0.0
"2025-03-05 01:00:00","2025-03-05 02:00:00",AA,1,1,0,0,-5.0,0.0,0.0
"2025-03-05 01:00:00","2025-03-05 02:00:00",DL,2,2,0,0,-3.0,0.0,0.0
"2025-03-05 01:00:00","2025-03-05 02:00:00",UA,1,1,0,0,1.0,0.0,0.0
"2025-03-05 02:00:00","2025-03-05 03:00:00",UA,1,1,0,0,-13.0,0.0,0.0
"2025-03-05 05:00:00","2025-03-05 06:00:00",AA,83,69,14,0,53.3768115942029,16.867469879518072,18.840579710144926
"2025-03-05 05:00:00","2025-03-05 06:00:00",DL,69,69,0,0,27.52173913043478,0.0,15.942028985507246
"2025-03-05 05:00:00","2025-03-05 06:00:00",UA,28,27,1,0,2.259259259259259,3.5714285714285716,14.814814814814815
"2025-03-05 05:00:00","2025-03-05 06:00:00",WN,30,30,0,0,13.7,0.0,10.0
"2025-03-05 06:00:00","2025-03-05 07:00:00",AA,176,146,27,3,24.59731543624161,15.340909090909092,14.093959731543624
"2025-03-05 06:00:00","2025-03-05 07:00:00",DL,183,182,0,1,13.245901639344263,0.0,12.568306010928962
"2025-03-05 06:00:00","2025-03-05 07:00:00",UA,120,120,0,0,10.416666666666666,0.0,8.333333333333334
"2025-03-05 06:00:00","2025-03-05 07:00:00",WN,221,208,10,3,0.7819905213270142,4.524886877828054,5.687203791469194
"2025-03-05 07:00:00","2025-03-05 08:00:00",AA,172,161,11,0,10.925465838509316,6.395348837209302,16.770186335403725
"2025-03-05 07:00:00","2025-03-05 08:00:00",DL,226,224,2,0,9.8125,0.8849557522123894,12.946428571428571
"2025-03-05 07:00:00","2025-03-05 08:00:00",UA,178,177,1,0,-2.3954802259887007,0.5617977528089888,6.214689265536723
"2025-03-05 07:00:00","2025-03-05 08:00:00",WN,190,187,3,0,5.475935828877005,1.5789473684210527,5.882352941176471
"2025-03-05 08:00:00","2025-03-05 09:00:00",AA,194,176,16,2,10.039325842696629,8.24742268041237,14.606741573033707
"2025-03-05 08:00:00","2025-03-05 09:00:00",DL,173,173,0,0,18.976878612716764,0.0,17.91907514450867
"2025-03-05 08:00:00","2025-03-05 09:00:00",UA,186,182,4,0,0.9120879120879121,2.150537634408602,9.340659340659341
"2025-03-05 08:00:00","2025-03-05 09:00:00",WN,240,222,13,5,3.405286343612335,5.416666666666667,7.929515418502203
"2025-03-05 09:00:00","2025-03-05 10:00:00",AA,131,115,15,1,8.793103448275861,11.450381679389313,20.689655172413794
"2025-03-05 09:00:00","2025-03-05 10:00:00",DL,123,121,2,0,15.96694214876033,1.6260162601626016,23.140495867768596
"2025-03-05 09:00:00","2025-03-05 10:00:00",UA,136,133,3,0,-0.12030075187969924,2.2058823529411766,6.015037593984962
"2025-03-05 09:00:00","2025-03-05 10:00:00",WN,236,228,5,3,4.8441558441558445,2.1186440677966103,9.956709956709958
"2025-03-05 10:00:00","2025-03-05 11:00:00",AA,133,129,3,1,13.707692307692307,2.255639097744361,23.076923076923077
"2025-03-05 10:00:00","2025-03-05 11:00:00",DL,154,153,0,1,16.142857142857142,0.0,24.025974025974026
"2025-03-05 10:00:00","2025-03-05 11:00:00",UA,121,120,0,1,4.7272727272727275,0.0,15.702479338842975
"2025-03-05 10:00:00","2025-03-05 11:00:00",WN,200,197,3,0,4.588832487309645,1.5,15.228426395939087
"2025-03-05 11:00:00","2025-03-05 12:00:00",AA,160,155,4,1,9.442307692307692,2.5,19.23076923076923
"2025-03-05 11:00:00","2025-03-05 12:00:00",DL,186,183,0,3,25.086021505376344,0.0,26.344086021505376
"2025-03-05 11:00:00","2025-03-05 12:00:00",UA,125,123,2,0,4.439024390243903,1.6,13.008130081300813
"2025-03-05 11:00:00","2025-03-05 12:00:00",WN,264,252,12,0,9.738095238095237,4.545454545454546,17.857142857142858
"2025-03-05 12:00:00","2025-03-05 13:00:00",AA,126,123,3,0,13.504065040650406,2.380952380952381,26.016260162601625
"2025-03-05 12:00:00","2025-03-05 13:00:00",DL,174,172,2,0,26.302325581395348,1.1494252873563218,32.55813953488372
"2025-03-05 12:00:00","2025-03-05 13:00:00",UA,124,123,1,0,4.682926829268292,0.8064516129032258,12.195121951219512
"2025-03-05 12:00:00","2025-03-05 13:00:00",WN,182,175,5,2,6.548022598870056,2.7472527472527473,14.689265536723164
"2025-03-05 13:00:00","2025-03-05 14:00:00",AA,140,138,1,1,17.172661870503596,0.7142857142857143,25.899280575539567
"2025-03-05 13:00:00","2025-03-05 14:00:00",DL,138,137,0,1,21.17391304347826,0.0,31.159420289855074
"2025-03-05 13:00:00","2025-03-05 14:00:00",UA,141,139,1,1,5.492857142857143,0.7092198581560284,12.142857142857142
"2025-03-05 13:00:00","2025-03-05 14:00:00",WN,237,230,4,3,12.678111587982833,1.6877637130801688,24.463519313304722
"2025-03-05 14:00:00","2025-03-05 15:00:00",AA,143,138,3,2,15.521428571428572,2.097902097902098,25.714285714285715
"2025-03-05 14:00:00","2025-03-05 15:00:00",DL,119,118,0,1,24.45378151260504,0.0,36.97478991596638
"2025-03-05 14:00:00","2025-03-05 15:00:00",UA,122,122,0,0,8.991803278688524,0.0,18.0327868852459
"2025-03-05 14:00:00","2025-03-05 15:00:00",WN,210,207,2,1,10.6875,0.9523809523809523,20.673076923076923
"2025-03-05 15:00:00","2025-03-05 16:00:00",AA,118,115,3,0,23.85217391304348,2.542372881355932,34.78260869565217
"2025-03-05 15:00:00","2025-03-05 16:00:00",DL,180,179,0,1,33.916666666666664,0.0,40.0
"2025-03-05 15:00:00","2025-03-05 16:00:00",UA,91,91,0,0,15.065934065934066,0.0,23.076923076923077
"2025-03-05 15:00:00","2025-03-05 16:00:00",WN,231,226,5,0,11.08849557522124,2.1645021645021645,25.221238938053098
"2025-03-05 16:00:00","2025-03-05 17:00:00",AA,142,142,0,0,19.401408450704224,0.0,26.760563380281692
"2025-03-05 16:00:00","2025-03-05 17:00:00",DL,119,117,1,1,26.296610169491526,0.8403361344537815,35.59322033898305
"2025-03-05 16:00:00","2025-03-05 17:00:00",UA,137,137,0,0,14.532846715328468,0.0,21.8978102189781
"2025-03-05 16:00:00","2025-03-05 17:00:00",WN,209,202,5,2,19.122549019607842,2.3923444976076556,30.88235294117647
"2025-03-05 17:00:00","2025-03-05 18:00:00",AA,150,149,1,0,24.248322147651006,0.6666666666666666,36.241610738255034
"2025-03-05 17:00:00","2025-03-05 18:00:00",DL,171,169,2,0,29.715976331360945,1.1695906432748537,34.319526627218934
"2025-03-05 17:00:00","2025-03-05 18:00:00",UA,139,136,3,0,13.529411764705882,2.158273381294964,22.058823529411764
"2025-03-05 17:00:00","2025-03-05 18:00:00",WN,201,200,0,1,12.885572139303482,0.0,24.875621890547265
"2025-03-05 18:00:00","2025-03-05 19:00:00",AA,148,148,0,0,25.08783783783784,0.0,32.432432432432435
"2025-03-05 18:00:00","2025-03-05 19:00:00",DL,143,143,0,0,25.552447552447553,0.0,44.05594405594405
"2025-03-05 18:00:00","2025-03-05 19:00:00",UA,142,141,1,0,15.51063829787234,0.704225352112676,28.368794326241133
"2025-03-05 18:00:00","2025-03-05 19:00:00",WN,261,258,3,0,16.96511627906977,1.1494252873563218,34.883720930232556
"2025-03-05 19:00:00","2025-03-05 20:00:00",AA,123,122,0,1,24.75609756097561,0.0,33.333333333333336
"2025-03-05 19:00:00","2025-03-05 20:00:00",DL,115,114,0,1,38.99130434782609,0.0,49.56521739130435
"2025-03-05 19:00:00","2025-03-05 20:00:00",UA,123,122,1,0,18.049180327868854,0.8130081300813008,25.40983606557377
"2025-03-05 19:00:00","2025-03-05 20:00:00",WN,120,117,0,3,14.883333333333333,0.0,29.166666666666668
"2025-03-05 20:00:00","2025-03-05 21:00:00",AA,113,111,2,0,15.35135135135135,1.7699115044247788,31.53153153153153
"2025-03-05 20:00:00","2025-03-05 21:00:00",DL,73,72,0,1,35.821917808219176,0.0,47.945205479452056
"2025-03-05 20:00:00","2025-03-05 21:00:00",UA,75,74,1,0,16.37837837837838,1.3333333333333333,25.675675675675677
"2025-03-05 20:00:00","2025-03-05 21:00:00",WN,162,161,1,0,13.118012422360248,0.6172839506172839,29.81366459627329
"2025-03-05 21:00:00","2025-03-05 22:00:00",AA,84,83,1,0,11.08433734939759,1.1904761904761905,18.072289156626507
"2025-03-05 21:00:00","2025-03-05 22:00:00",DL,67,66,1,0,17.40909090909091,1.492537313432836,36.36363636363637
"2025-03-05 21:00:00","2025-03-05 22:00:00",UA,36,36,0,0,18.97222222222222,0.0,22.22222222222222
"2025-03-05 21:00:00","2025-03-05 22:00:00",WN,17,17,0,0,24.176470588235293,0.0,35.294117647058826
"2025-03-05 22:00:00","2025-03-05 23:00:00",AA,65,65,0,0,2.3692307692307693,0.0,9.23076923076923
"2025-03-05 22:00:00","2025-03-05 23:00:00",DL,87,87,0,0,11.494252873563218,0.0,13.793103448275861
"2025-03-05 22:00:00","2025-03-05 23:00:00",UA,32,32,0,0,-0.6875,0.0,6.25
"2025-03-05 22:00:00","2025-03-05 23:00:00",WN,2,2,0,0,4.5,0.0,50.0
"2025-03-05 23:00:00","2025-03-06 00:00:00",AA,23,23,0,0,5.608695652173913,0.0,17.391304347826086
"2025-03-05 23:00:00","2025-03-06 00:00:00",DL,20,20,0,0,3.55,0.0,15.0
"2025-03-05 23:00:00","2025-03-06 00:00:00",UA,37,37,0,0,-4.702702702702703,0.0,8.108108108108109
"2025-03-05 23:00:00","2025-03-06 00:00:00",WN,2,2,0,0,-6.5,0.0,0.0
"2025-03-06 00:00:00","2025-03-06 01:00:00",AA,11,11,0,0,39.90909090909091,0.0,9.090909090909092
"2025-03-06 00:00:00","2025-03-06 01:00:00",DL,1,1,0,0,19.0,0.0,100.0
"2025-03-06 00:00:00","2025-03-06 01:00:00",UA,5,5,0,0,-7.8,0.0,0.0
"2025-03-06 01:00:00","2025-03-06 02:00:00",AA,1,1,0,0,-8.0,0.0,0.0
"2025-03-06 01:00:00","2025-03-06 02:00:00",DL,2,2,0,0,-11.5,0.0,0.0
"2025-03-06 01:00:00","2025-03-06 02:00:00",UA,2,2,0,0,48.5,0.0,50.0
"2025-03-06 02:00:00","2025-03-06 03:00:00",UA,1,1,0,0,-9.0,0.0,0.0
"2025-03-06 05:00:00","2025-03-06 06:00:00",AA,105,104,1,0,6.0576923076923075,0.9523809523809523,7.6923076923076925
"2025-03-06 05:00:00","2025-03-06 06:00:00",DL,68,68,0,0,-1.8970588235294117,0.0,5.882352941176471
"2025-03-06 05:00:00","2025-03-06 06:00:00",UA,40,39,1,0,6.0,2.5,7.6923076923076925
"2025-03-06 05:00:00","2025-03-06 06:00:00",WN,175,175,0,0,0.4742857142857143,0.0,4.571428571428571
"2025-03-06 06:00:00","2025-03-06 07:00:00",AA,184,183,1,0,4.355191256830601,0.5434782608695652,7.103825136612022
"2025-03-06 06:00:00","2025-03-06 07:00:00",DL,187,186,1,0,5.82258064516129,0.5347593582887701,10.75268817204301
"2025-03-06 06:00:00","2025-03-06 07:00:00",UA,141,141,0,0,-1.4893617021276595,0.0,2.8368794326241136
"2025-03-06 06:00:00","2025-03-06 07:00:00",WN,305,305,0,0,-0.09508196721311475,0.0,6.229508196721311
"2025-03-06 07:00:00","2025-03-06 08:00:00",AA,205,204,1,0,2.5637254901960786,0.4878048780487805,6.862745098039215
"2025-03-06 07:00:00","2025-03-06 08:00:00",DL,232,232,0,0,6.336206896551724,0.0,9.482758620689655
"2025-03-06 07:00:00","2025-03-06 08:00:00",UA,198,198,0,0,-3.797979797979798,0.0,3.5353535353535355
"2025-03-06 07:00:00","2025-03-06 08:00:00",WN,233,233,0,0,0.575107296137339,0.0,6.866952789699571
"2025-03-06 08:00:00","2025-03-06 09:00:00",AA,199,198,0,1,6.346733668341709,0.0,7.5376884422110555
"2025-03-06 08:00:00","2025-03-06 09:00:00",DL,176,176,0,0,3.659090909090909,0.0,11.931818181818182
"2025-03-06 08:00:00","2025-03-06 09:00:00",UA,178,178,0,0,0.6797752808988764,0.0,8.98876404494382
"2025-03-06 08:00:00","2025-03-06 09:00:00",WN,252,252,0,0,2.619047619047619,0.0,9.126984126984127
"2025-03-06 09:00:00","2025-03-06 10:00:00",AA,135,135,0,0,6.651851851851852,0.0,10.37037037037037
"2025-03-06 09:00:00","2025-03-06 10:00:00",DL,125,125,0,0,2.76,0.0,9.6
"2025-03-06 09:00:00","2025-03-06 10:00:00",UA,131,131,0,0,-1.4351145038167938,0.0,6.106870229007634
"2025-03-06 09:00:00","2025-03-06 10:00:00",WN,253,252,0,1,3.707509881422925,0.0,11.462450592885375
"2025-03-06 10:00:00","2025-03-06 11:00:00",AA,132,132,0,0,8.212121212121213,0.0,12.878787878787879
"2025-03-06 10:00:00","2025-03-06 11:00:00",DL,156,154,1,1,1.2129032258064516,0.6410256410256411,9.67741935483871
"2025-03-06 10:00:00","2025-03-06 11:00:00",UA,125,125,0,0,10.368,0.0,15.2
"2025-03-06 10:00:00","2025-03-06 11:00:00",WN,235,235,0,0,2.8085106382978724,0.0,11.48936170212766
"2025-03-06 11:00:00","2025-03-06 12:00:00",AA,167,167,0,0,15.491017964071856,0.0,11.976047904191617
"2025-03-06 11:00:00","2025-03-06 12:00:00",DL,188,188,0,0,3.8297872340425534,0.0,10.638297872340425
"2025-03-06 11:00:00","2025-03-06 12:00:00",UA,124,124,0,0,1.814516129032258,0.0,9.67741935483871
"2025-03-06 11:00:00","2025-03-06 12:00:00",WN,232,231,1,0,4.705627705627705,0.43103448275862066,16.017316017316016
"2025-03-06 12:00:00","2025-03-06 13:00:00",AA,147,147,0,0,10.408163265306122,0.0,18.367346938775512
"2025-03-06 12:00:00","2025-03-06 13:00:00",DL,179,179,0,0,4.391061452513966,0.0,16.75977653631285
"2025-03-06 12:00:00","2025-03-06 13:00:00",UA,131,130,0,1,0.9923664122137404,0.0,7.633587786259542
"2025-03-06 12:00:00","2025-03-06 13:00:00",WN,223,223,0,0,7.4125560538116595,0.0,18.385650224215247
"2025-03-06 13:00:00","2025-03-06 14:00:00",AA,141,140,0,1,6.0638297872340425,0.0,12.76595744680851
"2025-03-06 13:00:00","2025-03-06 14:00:00",DL,145,145,0,0,2.972413793103448,0.0,13.10344827586207
"2025-03-06 13:00:00","2025-03-06 14:00:00",UA,128,127,1,0,2.7007874015748032,0.78125,12.598425196850394
"2025-03-06 13:00:00","2025-03-06 14:00:00",WN,235,230,5,0,13.130434782608695,2.127659574468085,24.782608695652176
"2025-03-06 14:00:00","2025-03-06 15:00:00",AA,153,153,0,0,4.803921568627451,0.0,15.686274509803921
"2025-03-06 14:00:00","2025-03-06 15:00:00",DL,134,133,0,1,8.738805970149254,0.0,14.17910447761194
"2025-03-06 14:00:00","2025-03-06 15:00:00",UA,133,132,0,1,6.037593984962406,0.0,11.278195488721805
"2025-03-06 14:00:00","2025-03-06 15:00:00",WN,254,250,2,2,11.623015873015873,0.7874015748031497,28.571428571428573
"2025-03-06 15:00:00","2025-03-06 16:00:00",AA,119,118,1,0,11.889830508474576,0.8403361344537815,19.491525423728813
"2025-03-06 15:00:00","2025-03-06 16:00:00",DL,184,183,0,1,6.076086956521739,0.0,18.47826086956522
"2025-03-06 15:00:00","2025-03-06 16:00:00",UA,92,90,2,0,6.088888888888889,2.1739130434782608,13.333333333333334
"2025-03-06 15:00:00","2025-03-06 16:00:00",WN,208,206,2,0,12.762135922330097,0.9615384615384616,29.611650485436893
"2025-03-06 16:00:00","2025-03-06 17:00:00",AA,155,152,0,3,13.303225806451612,0.0,18.06451612903226
"2025-03-06 16:00:00","2025-03-06 17:00:00",DL,134,133,0,1,11.440298507462687,0.0,23.880597014925375
"2025-03-06 16:00:00","2025-03-06 17:00:00",UA,136,136,0,0,6.727941176470588,0.0,10.294117647058824
"2025-03-06 16:00:00","2025-03-06 17:00:00",WN,226,221,4,1,12.603603603603604,1.7699115044247788,30.63063063063063
"2025-03-06 17:00:00","2025-03-06 18:00:00",AA,152,150,1,1,16.99337748344371,0.6578947368421053,20.52980132450331
"2025-03-06 17:00:00","2025-03-06 18:00:00",DL,172,170,0,2,4.738372093023256,0.0,11.627906976744185
"2025-03-06 17:00:00","2025-03-06 18:00:00",UA,144,144,0,0,7.381944444444445,0.0,12.5
"2025-03-06 17:00:00","2025-03-06 18:00:00",WN,242,239,1,2,14.551867219917012,0.4132231404958678,32.365145228215766
"2025-03-06 18:00:00","2025-03-06 19:00:00",AA,170,169,0,1,11.435294117647059,0.0,18.823529411764707
"2025-03-06 18:00:00","2025-03-06 19:00:00",DL,156,155,0,1,4.673076923076923,0.0,16.666666666666668
"2025-03-06 18:00:00","2025-03-06 19:00:00",UA,153,153,0,0,4.73202614379085,0.0,13.071895424836601
"2025-03-06 18:00:00","2025-03-06 19:00:00",WN,239,232,3,4,15.957627118644067,1.2552301255230125,33.47457627118644
"2025-03-06 19:00:00","2025-03-06 20:00:00",AA,161,161,0,0,19.018633540372672,0.0,30.434782608695652
"2025-03-06 19:00:00","2025-03-06 20:00:00",DL,164,163,0,1,8.640243902439025,0.0,22.5609756097561
"2025-03-06 19:00:00","2025-03-06 20:00:00",UA,128,127,1,0,5.52755905511811,0.78125,13.385826771653543
"2025-03-06 19:00:00","2025-03-06 20:00:00",WN,220,212,4,4,15.375,1.8181818181818181,32.870370370370374
"2025-03-06 20:00:00","2025-03-06 21:00:00",AA,117,117,0,0,3.8803418803418803,0.0,15.384615384615385
"2025-03-06 20:00:00","2025-03-06 21:00:00",DL,97,97,0,0,8.02061855670103,0.0,21.649484536082475
"2025-03-06 20:00:00","2025-03-06 21:00:00",UA,100,100,0,0,13.19,0.0,22.0
"2025-03-06 20:00:00","2025-03-06 21:00:00",WN,277,276,1,0,15.960144927536232,0.36101083032490977,30.07246376811594
"2025-03-06 21:00:00","2025-03-06 22:00:00",AA,95,95,0,0,19.652631578947368,0.0,31.57894736842105
"2025-03-06 21:00:00","2025-03-06 22:00:00",DL,95,95,0,0,7.91578947368421,0.0,22.105263157894736
"2025-03-06 21:00:00","2025-03-06 22:00:00",UA,62,61,0,1,8.193548387096774,0.0,19.35483870967742
"2025-03-06 21:00:00","2025-03-06 22:00:00",WN,168,164,4,0,22.682926829268293,2.380952380952381,35.97560975609756
"2025-03-06 22:00:00","2025-03-06 23:00:00",AA,99,99,0,0,21.424242424242426,0.0,18.181818181818183
"2025-03-06 22:00:00","2025-03-06 23:00:00",DL,82,82,0,0,21.024390243902438,0.0,18.29268292682927
"2025-03-06 22:00:00","2025-03-06 23:00:00",UA,33,33,0,0,5.03030303030303,0.0,15.151515151515152
"2025-03-06 22:00:00","2025-03-06 23:00:00",WN,140,137,3,0,11.854014598540147,2.142857142857143,28.467153284671532
"2025-03-06 23:00:00","2025-03-07 00:00:00",AA,32,32,0,0,4.53125,0.0,21.875
"2025-03-06 23:00:00","2025-03-07 00:00:00",DL,26,26,0,0,8.26923076923077,0.0,23.076923076923077
"2025-03-06 23:00:00","2025-03-07 00:00:00",UA,40,39,1,0,-0.8205128205128205,2.5,10.256410256410257
"2025-03-06 23:00:00","2025-03-07 00:00:00",WN,17,16,1,0,14.375,5.882352941176471,31.25
"2025-03-07 00:00:00","2025-03-07 01:00:00",AA,14,14,0,0,-2.5714285714285716,0.0,7.142857142857143
"2025-03-07 00:00:00","2025-03-07 01:00:00",DL,4,4,0,0,-11.25,0.0,0.0
"2025-03-07 00:00:00","2025-03-07 01:00:00",UA,10,10,0,0,10.8,0.0,20.0
"2025-03-07 01:00:00","2025-03-07 02:00:00",AA,1,1,0,0,1.0,0.0,0.0
"2025-03-07 01:00:00","2025-03-07 02:00:00",DL,2,2,0,0,-9.5,0.0,0.0
"2025-03-07 01:00:00","2025-03-07 02:00:00",UA,2,2,0,0,16.5,0.0,50.0
"2025-03-07 02:00:00","2025-03-07 03:00:00",UA,1,1,0,0,-9.0,0.0,0.0
"2025-03-07 05:00:00","2025-03-07 06:00:00",AA,108,108,0,0,4.4907407407407405,0.0,7.407407407407407
"2025-03-07 05:00:00","2025-03-07 06:00:00",DL,62,62,0,0,-3.4838709677419355,0.0,4.838709677419355
"2025-03-07 05:00:00","2025-03-07 06:00:00",UA,39,39,0,0,4.128205128205129,0.0,10.256410256410257
"2025-03-07 05:00:00","2025-03-07 06:00:00",WN,178,177,1,0,-2.3502824858757063,0.5617977528089888,2.2598870056497176
"2025-03-07 06:00:00","2025-03-07 07:00:00",AA,185,184,0,1,2.0864864864864865,0.0,8.64864864864865
"2025-03-07 06:00:00","2025-03-07 07:00:00",DL,186,186,0,0,-0.8817204301075269,0.0,5.376344086021505
"2025-03-07 06:00:00","2025-03-07 07:00:00",UA,143,143,0,0,-3.4335664335664338,0.0,3.4965034965034967
"2025-03-07 06:00:00","2025-03-07 07:00:00",WN,304,302,2,0,1.2350993377483444,0.6578947368421053,6.291390728476821
"2025-03-07 07:00:00","2025-03-07 08:00:00",AA,213,212,1,0,3.4292452830188678,0.4694835680751174,10.849056603773585
"2025-03-07 07:00:00","2025-03-07 08:00:00",DL,231,231,0,0,-0.8181818181818182,0.0,6.0606060606060606
"2025-03-07 07:00:00","2025-03-07 08:00:00",UA,203,203,0,0,-3.1576354679802954,0.0,4.926108374384237
"2025-03-07 07:00:00","2025-03-07 08:00:00",WN,229,229,0,0,0.13100436681222707,0.0,5.676855895196507
"2025-03-07 08:00:00","2025-03-07 09:00:00",AA,191,191,0,0,3.549738219895288,0.0,12.041884816753926
"2025-03-07 08:00:00","2025-03-07 09:00:00",DL,174,174,0,0,0.9712643678160919,0.0,8.045977011494253
"2025-03-07 08:00:00","2025-03-07 09:00:00",UA,176,175,1,0,3.0742857142857143,0.5681818181818182,10.857142857142858
"2025-03-07 08:00:00","2025-03-07 09:00:00",WN,252,250,1,1,5.274900398406374,0.3968253968253968,13.54581673306773
"2025-03-07 09:00:00","2025-03-07 10:00:00",AA,133,132,1,0,13.825757575757576,0.7518796992481203,16.666666666666668
"2025-03-07 09:00:00","2025-03-07 10:00:00",DL,121,121,0,0,-0.8016528925619835,0.0,7.43801652892562
"2025-03-07 09:00:00","2025-03-07 10:00:00",UA,131,131,0,0,3.3969465648854964,0.0,11.450381679389313
"2025-03-07 09:00:00","2025-03-07 10:00:00",WN,252,250,2,0,7.364,0.7936507936507936,17.6
"2025-03-07 10:00:00","2025-03-07 11:00:00",AA,134,134,0,0,5.492537313432836,0.0,12.686567164179104
"2025-03-07 10:00:00","2025-03-07 11:00:00",DL,159,159,0,0,4.50314465408805,0.0,13.836477987421384
"2025-03-07 10:00:00","2025-03-07 11:00:00",UA,126,126,0,0,6.365079365079365,0.0,12.698412698412698
"2025-03-07 10:00:00","2025-03-07 11:00:00",WN,234,232,1,1,9.785407725321889,0.42735042735042733,18.88412017167382
"2025-03-07 11:00:00","2025-03-07 12:00:00",AA,164,164,0,0,3.2621951219512195,0.0,14.634146341463415
"2025-03-07 11:00:00","2025-03-07 12:00:00",DL,187,185,0,2,4.663101604278075,0.0,11.764705882352942
"2025-03-07 11:00:00","2025-03-07 12:00:00",UA,125,125,0,0,6.36,0.0,15.2
"2025-03-07 11:00:00","2025-03-07 12:00:00",WN,232,230,2,0,10.88695652173913,0.8620689655172413,23.47826086956522
"2025-03-07 12:00:00","2025-03-07 13:00:00",AA,149,148,1,0,14.635135135135135,0.6711409395973155,25.675675675675677
"2025-03-07 12:00:00","2025-03-07 13:00:00",DL,180,178,0,2,3.6444444444444444,0.0,16.666666666666668
"2025-03-07 12:00:00","2025-03-07 13:00:00",UA,126,125,1,0,1.384,0.7936507936507936,10.4
"2025-03-07 12:00:00","2025-03-07 13:00:00",WN,233,231,1,1,15.793103448275861,0.4291845493562232,28.879310344827587
"2025-03-07 13:00:00","2025-03-07 14:00:00",AA,140,140,0,0,11.17142857142857,0.0,20.714285714285715
"2025-03-07 13:00:00","2025-03-07 14:00:00",DL,146,146,0,0,5.7465753424657535,0.0,11.643835616438356
"2025-03-07 13:00:00","2025-03-07 14:00:00",UA,128,128,0,0,6.71875,0.0,14.84375
"2025-03-07 13:00:00","2025-03-07 14:00:00",WN,236,234,0,2,17.78813559322034,0.0,35.59322033898305
"2025-03-07 14:00:00","2025-03-07 15:00:00",AA,152,151,0,1,8.81578947368421,0.0,21.710526315789473
"2025-03-07 14:00:00","2025-03-07 15:00:00",DL,134,134,0,0,6.291044776119403,0.0,14.17910447761194
"2025-03-07 14:00:00","2025-03-07 15:00:00",UA,133,133,0,0,13.1203007518797,0.0,27.06766917293233
"2025-03-07 14:00:00","2025-03-07 15:00:00",WN,250,248,2,0,18.044354838709676,0.8,33.46774193548387
"2025-03-07 15:00:00","2025-03-07 16:00:00",AA,118,117,0,1,26.26271186440678,0.0,26.271186440677965
"2025-03-07 15:00:00","2025-03-07 16:00:00",DL,178,178,0,0,8.634831460674157,0.0,19.662921348314608
"2025-03-07 15:00:00","2025-03-07 16:00:00",UA,88,88,0,0,9.034090909090908,0.0,22.727272727272727
"2025-03-07 15:00:00","2025-03-07 16:00:00",WN,206,206,0,0,25.553398058252426,0.0,41.262135922330096
"2025-03-07 16:00:00","2025-03-07 17:00:00",AA,149,149,0,0,19.0,0.0,29.530201342281877
"2025-03-07 16:00:00","2025-03-07 17:00:00",DL,137,137,0,0,7.116788321167883,0.0,20.437956204379564
"2025-03-07 16:00:00","2025-03-07 17:00:00",UA,144,144,0,0,10.375,0.0,19.444444444444443
"2025-03-07 16:00:00","2025-03-07 17:00:00",WN,227,226,1,0,24.650442477876105,0.44052863436123346,39.823008849557525
"2025-03-07 17:00:00","2025-03-07 18:00:00",AA,151,151,0,0,14.178807947019868,0.0,17.880794701986755
"2025-03-07 17:00:00","2025-03-07 18:00:00",DL,176,176,0,0,6.323863636363637,0.0,17.613636363636363
"2025-03-07 17:00:00","2025-03-07 18:00:00",UA,141,141,0,0,14.680851063829786,0.0,26.95035460992908
"2025-03-07 17:00:00","2025-03-07 18:00:00",WN,248,247,1,0,24.129554655870447,0.4032258064516129,39.67611336032389
"2025-03-07 18:00:00","2025-03-07 19:00:00",AA,172,172,0,0,17.63953488372093,0.0,31.3953488372093
"2025-03-07 18:00:00","2025-03-07 19:00:00",DL,157,157,0,0,20.318471337579616,0.0,25.477707006369428
"2025-03-07 18:00:00","2025-03-07 19:00:00",UA,154,154,0,0,13.727272727272727,0.0,25.324675324675326
"2025-03-07 18:00:00","2025-03-07 19:00:00",WN,239,238,1,0,21.949579831932773,0.41841004184100417,36.554621848739494
"2025-03-07 19:00:00","2025-03-07 20:00:00",AA,155,155,0,0,16.741935483870968,0.0,30.322580645161292
"2025-03-07 19:00:00","2025-03-07 20:00:00",DL,157,157,0,0,9.044585987261147,0.0,21.019108280254777
"2025-03-07 19:00:00","2025-03-07 20:00:00",UA,128,128,0,0,7.359375,0.0,18.75
"2025-03-07 19:00:00","2025-03-07 20:00:00",WN,218,218,0,0,23.256880733944953,0.0,41.28440366972477
"2025-03-07 20:00:00","2025-03-07 21:00:00",AA,117,117,0,0,16.974358974358974,0.0,23.076923076923077
"2025-03-07 20:00:00","2025-03-07 21:00:00",DL,100,100,0,0,10.13,0.0,26.0
"2025-03-07 20:00:00","2025-03-07 21:00:00",UA,97,97,0,0,12.175257731958762,0.0,28.8659793814433
"2025-03-07 20:00:00","2025-03-07 21:00:00",WN,272,272,0,0,21.283088235294116,0.0,41.1764705882353
"2025-03-07 21:00:00","2025-03-07 22:00:00",AA,98,98,0,0,20.1734693877551,0.0,22.448979591836736
"2025-03-07 21:00:00","2025-03-07 22:00:00",DL,96,96,0,0,3.09375,0.0,10.416666666666666
"2025-03-07 21:00:00","2025-03-07 22:00:00",UA,64,64,0,0,8.859375,0.0,26.5625
"2025-03-07 21:00:00","2025-03-07 22:00:00",WN,168,168,0,0,17.75,0.0,37.5
"2025-03-07 22:00:00","2025-03-07 23:00:00",AA,99,99,0,0,17.444444444444443,0.0,29.292929292929294
"2025-03-07 22:00:00","2025-03-07 23:00:00",DL,88,88,0,0,0.8068181818181818,0.0,11.363636363636363
"2025-03-07 22:00:00","2025-03-07 23:00:00",UA,33,33,0,0,4.515151515151516,0.0,21.21212121212121
"2025-03-07 22:00:00","2025-03-07 23:00:00",WN,139,139,0,0,17.827338129496404,0.0,33.81294964028777
"2025-03-07 23:00:00","2025-03-08 00:00:00",AA,31,31,0,0,4.258064516129032,0.0,12.903225806451612
"2025-03-07 23:00:00","2025-03-08 00:00:00",DL,24,24,0,0,-0.20833333333333334,0.0,8.333333333333334
"2025-03-07 23:00:00","2025-03-08 00:00:00",UA,41,41,0,0,-2.5853658536585367,0.0,7.317073170731708
"2025-03-07 23:00:00","2025-03-08 00:00:00",WN,17,17,0,0,9.588235294117647,0.0,23.529411764705884
"2025-03-08 00:00:00","2025-03-08 01:00:00",AA,15,15,0,0,-6.333333333333333,0.0,0.0
"2025-03-08 00:00:00","2025-03-08 01:00:00",DL,4,4,0,0,-10.0,0.0,0.0
"2025-03-08 00:00:00","2025-03-08 01:00:00",UA,9,9,0,0,-0.7777777777777778,0.0,0.0
"2025-03-08 01:00:00","2025-03-08 02:00:00",AA,1,1,0,0,3.0,0.0,0.0
"2025-03-08 01:00:00","2025-03-08 02:00:00",DL,2,2,0,0,-3.0,0.0,0.0
"2025-03-08 01:00:00","2025-03-08 02:00:00",UA,2,2,0,0,-14.5,0.0,0.0
"2025-03-08 02:00:00","2025-03-08 03:00:00",UA,1,1,0,0,-9.0,0.0,0.0
"2025-03-08 05:00:00","2025-03-08 06:00:00",AA,106,105,0,1,13.169811320754716,0.0,11.320754716981131
"2025-03-08 05:00:00","2025-03-08 06:00:00",DL,58,58,0,0,-1.9827586206896552,0.0,3.4482758620689653
"2025-03-08 05:00:00","2025-03-08 06:00:00",UA,48,48,0,0,-4.75,0.0,0.0
"2025-03-08 05:00:00","2025-03-08 06:00:00",WN,179,176,0,3,-0.11731843575418995,0.0,5.027932960893855
"2025-03-08 06:00:00","2025-03-08 07:00:00",AA,175,175,0,0,11.302857142857142,0.0,10.285714285714286
"2025-03-08 06:00:00","2025-03-08 07:00:00",DL,170,169,0,1,1.4,0.0,5.882352941176471
"2025-03-08 06:00:00","2025-03-08 07:00:00",UA,142,141,0,1,-3.007042253521127,0.0,3.5211267605633805
"2025-03-08 06:00:00","2025-03-08 07:00:00",WN,277,273,3,1,2.2153284671532845,1.0830324909747293,8.394160583941606
"2025-03-08 07:00:00","2025-03-08 08:00:00",AA,197,196,1,0,13.045918367346939,0.5076142131979695,10.714285714285714
"2025-03-08 07:00:00","2025-03-08 08:00:00",DL,207,207,0,0,-2.8260869565217392,0.0,5.314009661835748
"2025-03-08 07:00:00","2025-03-08 08:00:00",UA,180,179,1,0,-2.910614525139665,0.5555555555555556,5.027932960893855
"2025-03-08 07:00:00","2025-03-08 08:00:00",WN,215,213,1,1,0.1822429906542056,0.46511627906976744,7.4766355140186915
"2025-03-08 08:00:00","2025-03-08 09:00:00",AA,184,184,0,0,22.375,0.0,20.652173913043477
"2025-03-08 08:00:00","2025-03-08 09:00:00",DL,150,150,0,0,1.2666666666666666,0.0,6.666666666666667
"2025-03-08 08:00:00","2025-03-08 09:00:00",UA,154,154,0,0,-3.0779220779220777,0.0,4.545454545454546
"2025-03-08 08:00:00","2025-03-08 09:00:00",WN,215,215,0,0,0.8186046511627907,0.0,8.837209302325581
"2025-03-08 09:00:00","2025-03-08 10:00:00",AA,116,115,1,0,23.704347826086956,0.8620689655172413,20.0
"2025-03-08 09:00:00","2025-03-08 10:00:00",DL,115,115,0,0,-0.1826086956521739,0.0,6.086956521739131
"2025-03-08 09:00:00","2025-03-08 10:00:00",UA,113,113,0,0,-1.5486725663716814,0.0,4.424778761061947
"2025-03-08 09:00:00","2025-03-08 10:00:00",WN,206,205,1,0,7.287804878048781,0.4854368932038835,10.731707317073171
"2025-03-08 10:00:00","2025-03-08 11:00:00",AA,123,123,0,0,9.520325203252032,0.0,21.13821138211382
"2025-03-08 10:00:00","2025-03-08 11:00:00",DL,125,125,0,0,-2.096,0.0,5.6
"2025-03-08 10:00:00","2025-03-08 11:00:00",UA,116,116,0,0,2.9741379310344827,0.0,8.620689655172415
"2025-03-08 10:00:00","2025-03-08 11:00:00",WN,185,185,0,0,5.832432432432433,0.0,10.27027027027027
"2025-03-08 11:00:00","2025-03-08 12:00:00",AA,151,150,0,1,14.536423841059603,0.0,23.841059602649008
"2025-03-08 11:00:00","2025-03-08 12:00:00",DL,172,172,0,0,1.2209302325581395,0.0,10.465116279069768
"2025-03-08 11:00:00","2025-03-08 12:00:00",UA,108,108,0,0,0.5462962962962963,0.0,8.333333333333334
"2025-03-08 11:00:00","2025-03-08 12:00:00",WN,210,210,0,0,4.414285714285715,0.0,13.333333333333334
"2025-03-08 12:00:00","2025-03-08 13:00:00",AA,125,124,0,1,19.872,0.0,31.2
"2025-03-08 12:00:00","2025-03-08 13:00:00",DL,152,152,0,0,0.7894736842105263,0.0,7.894736842105263
"2025-03-08 12:00:00","2025-03-08 13:00:00",UA,104,103,0,1,7.115384615384615,0.0,14.423076923076923
"2025-03-08 12:00:00","2025-03-08 13:00:00",WN,188,186,1,1,5.566844919786096,0.5319148936170213,13.368983957219251
"2025-03-08 13:00:00","2025-03-08 14:00:00",AA,129,129,0,0,19.511627906976745,0.0,27.906976744186046
"2025-03-08 13:00:00","2025-03-08 14:00:00",DL,128,127,0,1,3.3046875,0.0,8.59375
"2025-03-08 13:00:00","2025-03-08 14:00:00",UA,117,117,0,0,1.4957264957264957,0.0,8.547008547008547
"2025-03-08 13:00:00","2025-03-08 14:00:00",WN,230,229,1,0,11.698689956331878,0.43478260869565216,17.467248908296945
"2025-03-08 14:00:00","2025-03-08 15:00:00",AA,138,137,0,1,22.17391304347826,0.0,33.333333333333336
"2025-03-08 14:00:00","2025-03-08 15:00:00",DL,120,119,1,0,3.689075630252101,0.8333333333333334,12.605042016806722
"2025-03-08 14:00:00","2025-03-08 15:00:00",UA,116,115,1,0,1.1130434782608696,0.8620689655172413,8.695652173913043
"2025-03-08 14:00:00","2025-03-08 15:00:00",WN,193,192,1,0,7.244791666666667,0.5181347150259067,15.625
"2025-03-08 15:00:00","2025-03-08 16:00:00",AA,111,111,0,0,33.06306306306306,0.0,45.945945945945944
"2025-03-08 15:00:00","2025-03-08 16:00:00",DL,148,148,0,0,3.972972972972973,0.0,9.45945945945946
"2025-03-08 15:00:00","2025-03-08 16:00:00",UA,86,86,0,0,2.104651162790698,0.0,5.813953488372093
"2025-03-08 15:00:00","2025-03-08 16:00:00",WN,219,219,0,0,10.191780821917808,0.0,28.767123287671232
"2025-03-08 16:00:00","2025-03-08 17:00:00",AA,145,145,0,0,17.744827586206895,0.0,33.793103448275865
"2025-03-08 16:00:00","2025-03-08 17:00:00",DL,102,102,0,0,4.313725490196078,0.0,11.764705882352942
"2025-03-08 16:00:00","2025-03-08 17:00:00",UA,124,124,0,0,5.67741935483871,0.0,13.709677419354838
"2025-03-08 16:00:00","2025-03-08 17:00:00",WN,200,198,1,1,9.231155778894472,0.5,21.608040201005025
"2025-03-08 17:00:00","2025-03-08 18:00:00",AA,143,143,0,0,34.35664335664335,0.0,34.96503496503497
"2025-03-08 17:00:00","2025-03-08 18:00:00",DL,149,148,1,0,1.3243243243243243,0.6711409395973155,7.4324324324324325
"2025-03-08 17:00:00","2025-03-08 18:00:00",UA,121,120,1,0,1.2083333333333333,0.8264462809917356,9.166666666666666
"2025-03-08 17:00:00","2025-03-08 18:00:00",WN,216,215,1,0,9.483720930232558,0.46296296296296297,25.11627906976744
"2025-03-08 18:00:00","2025-03-08 19:00:00",AA,154,153,1,0,34.751633986928105,0.6493506493506493,49.01960784313726
"2025-03-08 18:00:00","2025-03-08 19:00:00",DL,111,111,0,0,6.378378378378378,0.0,16.216216216216218
"2025-03-08 18:00:00","2025-03-08 19:00:00",UA,120,120,0,0,6.108333333333333,0.0,15.833333333333334
"2025-03-08 18:00:00","2025-03-08 19:00:00",WN,220,219,1,0,6.570776255707763,0.45454545454545453,18.72146118721461
"2025-03-08 19:00:00","2025-03-08 20:00:00",AA,148,148,0,0,27.18918918918919,0.0,47.2972972972973
"2025-03-08 19:00:00","2025-03-08 20:00:00",DL,92,92,0,0,8.228260869565217,0.0,16.304347826086957
"2025-03-08 19:00:00","2025-03-08 20:00:00",UA,124,124,0,0,5.274193548387097,0.0,15.32258064516129
"2025-03-08 19:00:00","2025-03-08 20:00:00",WN,232,232,0,0,6.7844827586206895,0.0,17.67241379310345
"2025-03-08 20:00:00","2025-03-08 21:00:00",AA,117,116,0,1,25.58974358974359,0.0,42.73504273504273
"2025-03-08 20:00:00","2025-03-08 21:00:00",DL,75,75,0,0,-1.6133333333333333,0.0,9.333333333333334
"2025-03-08 20:00:00","2025-03-08 21:00:00",UA,85,84,1,0,13.035714285714286,1.1764705882352942,34.523809523809526
"2025-03-08 20:00:00","2025-03-08 21:00:00",WN,233,233,0,0,7.725321888412017,0.0,21.888412017167383
"2025-03-08 21:00:00","2025-03-08 22:00:00",AA,109,109,0,0,15.715596330275229,0.0,24.770642201834864
"2025-03-08 21:00:00","2025-03-08 22:00:00",DL,68,68,0,0,-0.75,0.0,7.352941176470588
"2025-03-08 21:00:00","2025-03-08 22:00:00",UA,48,48,0,0,9.354166666666666,0.0,25.0
"2025-03-08 21:00:00","2025-03-08 22:00:00",WN,172,172,0,0,4.616279069767442,0.0,13.953488372093023
"2025-03-08 22:00:00","2025-03-08 23:00:00",AA,103,103,0,0,15.135922330097088,0.0,33.980582524271846
"2025-03-08 22:00:00","2025-03-08 23:00:00",DL,69,69,0,0,-0.37681159420289856,0.0,10.144927536231885
"2025-03-08 22:00:00","2025-03-08 23:00:00",UA,41,41,0,0,-0.3902439024390244,0.0,7.317073170731708
"2025-03-08 22:00:00","2025-03-08 23:00:00",WN,107,107,0,0,2.364485981308411,0.0,11.214953271028037
"2025-03-08 23:00:00","2025-03-09 00:00:00",AA,21,21,0,0,11.666666666666666,0.0,23.80952380952381
"2025-03-08 23:00:00","2025-03-09 00:00:00",DL,12,12,0,0,10.416666666666666,0.0,16.666666666666668
"2025-03-08 23:00:00","2025-03-09 00:00:00",UA,33,33,0,0,-0.8181818181818182,0.0,12.121212121212121
"2025-03-08 23:00:00","2025-03-09 00:00:00",WN,20,20,0,0,-0.1,0.0,10.0
"2025-03-09 00:00:00","2025-03-09 01:00:00",AA,11,11,0,0,-0.36363636363636365,0.0,9.090909090909092
"2025-03-09 00:00:00","2025-03-09 01:00:00",DL,6,6,0,0,-6.166666666666667,0.0,0.0
"2025-03-09 00:00:00","2025-03-09 01:00:00",UA,9,9,0,0,-5.444444444444445,0.0,0.0
"2025-03-09 01:00:00","2025-03-09 02:00:00",UA,1,1,0,0,-7.0,0.0,0.0
"2025-03-09 02:00:00","2025-03-09 03:00:00",UA,1,1,0,0,16.0,0.0,100.0
"2025-03-09 05:00:00","2025-03-09 06:00:00",AA,111,111,0,0,22.414414414414413,0.0,5.405405405405405
"2025-03-09 05:00:00","2025-03-09 06:00:00",DL,68,68,0,0,-2.514705882352941,0.0,2.9411764705882355
"2025-03-09 05:00:00","2025-03-09 06:00:00",UA,39,38,1,0,-1.5526315789473684,2.5641025641025643,2.6315789473684212
"2025-03-09 05:00:00","2025-03-09 06:00:00",WN,192,189,1,2,0.18324607329842932,0.5208333333333334,3.6649214659685865
"2025-03-09 06:00:00","2025-03-09 07:00:00",AA,189,189,0,0,6.476190476190476,0.0,7.407407407407407
"2025-03-09 06:00:00","2025-03-09 07:00:00",DL,180,180,0,0,0.48333333333333334,0.0,5.0
"2025-03-09 06:00:00","2025-03-09 07:00:00",UA,145,141,3,1,-3.211267605633803,2.0689655172413794,4.929577464788732
"2025-03-09 06:00:00","2025-03-09 07:00:00",WN,296,293,1,2,0.2440677966101695,0.33783783783783783,4.745762711864407
"2025-03-09 07:00:00","2025-03-09 08:00:00",AA,217,216,1,0,2.425925925925926,0.4608294930875576,8.796296296296296
"2025-03-09 07:00:00","2025-03-09 08:00:00",DL,242,238,1,3,-0.44813278008298757,0.4132231404958678,7.8838174273858925
"2025-03-09 07:00:00","2025-03-09 08:00:00",UA,196,195,1,0,3.923076923076923,0.5102040816326531,7.17948717948718
"2025-03-09 07:00:00","2025-03-09 08:00:00",WN,232,232,0,0,1.4094827586206897,0.0,9.482758620689655
"2025-03-09 08:00:00","2025-03-09 09:00:00",AA,198,197,1,0,10.685279187817258,0.5050505050505051,15.228426395939087
"2025-03-09 08:00:00","2025-03-09 09:00:00",DL,185,184,0,1,9.005405405405405,0.0,9.72972972972973
"2025-03-09 08:00:00","2025-03-09 09:00:00",UA,169,169,0,0,-0.44970414201183434,0.0,8.875739644970414
"2025-03-09 08:00:00","2025-03-09 09:00:00",WN,245,245,0,0,3.8612244897959185,0.0,9.387755102040817
"2025-03-09 09:00:00","2025-03-09 10:00:00",AA,136,134,2,0,13.835820895522389,1.4705882352941178,12.686567164179104
"2025-03-09 09:00:00","2025-03-09 10:00:00",DL,132,132,0,0,3.272727272727273,0.0,9.848484848484848
"2025-03-09 09:00:00","2025-03-09 10:00:00",UA,130,127,2,1,3.7578125,1.5384615384615385,10.9375
"2025-03-09 09:00:00","2025-03-09 10:00:00",WN,202,202,0,0,6.9950495049504955,0.0,12.376237623762377
"2025-03-09 10:00:00","2025-03-09 11:00:00",AA,140,140,0,0,7.192857142857143,0.0,18.571428571428573
"2025-03-09 10:00:00","2025-03-09 11:00:00",DL,160,159,0,1,6.31875,0.0,11.25
"2025-03-09 10:00:00","2025-03-09 11:00:00",UA,124,122,1,1,5.861788617886178,0.8064516129032258,12.195121951219512
"2025-03-09 10:00:00","2025-03-09 11:00:00",WN,236,236,0,0,8.09322033898305,0.0,16.52542372881356
"2025-03-09 11:00:00","2025-03-09 12:00:00",AA,159,159,0,0,8.547169811320755,0.0,21.38364779874214
"2025-03-09 11:00:00","2025-03-09 12:00:00",DL,208,208,0,0,13.25,0.0,17.78846153846154
"2025-03-09 11:00:00","2025-03-09 12:00:00",UA,118,118,0,0,9.008474576271187,0.0,17.796610169491526
"2025-03-09 11:00:00","2025-03-09 12:00:00",WN,214,214,0,0,11.088785046728972,0.0,23.83177570093458
"2025-03-09 12:00:00","2025-03-09 13:00:00",AA,145,144,0,1,14.813793103448276,0.0,17.24137931034483
"2025-03-09 12:00:00","2025-03-09 13:00:00",DL,161,160,1,0,5.08125,0.6211180124223602,19.375
"2025-03-09 12:00:00","2025-03-09 13:00:00",UA,118,118,0,0,6.635593220338983,0.0,16.10169491525424
"2025-03-09 12:00:00","2025-03-09 13:00:00",WN,217,215,2,0,11.962790697674418,0.9216589861751152,20.0
"2025-03-09 13:00:00","2025-03-09 14:00:00",AA,147,147,0,0,22.408163265306122,0.0,27.210884353741495
"2025-03-09 13:00:00","2025-03-09 14:00:00",DL,161,161,0,0,11.75776397515528,0.0,19.25465838509317
"2025-03-09 13:00:00","2025-03-09 14:00:00",UA,138,138,0,0,4.231884057971015,0.0,10.869565217391305
"2025-03-09 13:00:00","2025-03-09 14:00:00",WN,236,234,1,1,12.404255319148936,0.423728813559322,23.404255319148938
"2025-03-09 14:00:00","2025-03-09 15:00:00",AA,139,139,0,0,14.251798561151078,0.0,25.179856115107913
"2025-03-09 14:00:00","2025-03-09 15:00:00",DL,153,153,0,0,10.49673202614379,0.0,18.30065359477124
"2025-03-09 14:00:00","2025-03-09 15:00:00",UA,126,125,1,0,10.248,0.7936507936507936,16.0
"2025-03-09 14:00:00","2025-03-09 15:00:00",WN,214,213,1,0,12.018779342723004,0.4672897196261682,28.169014084507044
"2025-03-09 15:00:00","2025-03-09 16:00:00",AA,143,142,0,1,22.23076923076923,0.0,26.573426573426573
"2025-03-09 15:00:00","2025-03-09 16:00:00",DL,175,175,0,0,13.194285714285714,0.0,22.285714285714285
"2025-03-09 15:00:00","2025-03-09 16:00:00",UA,89,89,0,0,11.247191011235955,0.0,17.97752808988764
"2025-03-09 15:00:00","2025-03-09 16:00:00",WN,225,224,1,0,12.924107142857142,0.4444444444444444,25.0
"2025-03-09 16:00:00","2025-03-09 17:00:00",AA,148,148,0,0,12.22972972972973,0.0,26.35135135135135
"2025-03-09 16:00:00","2025-03-09 17:00:00",DL,138,137,1,0,18.21897810218978,0.7246376811594203,22.62773722627737
"2025-03-09 16:00:00","2025-03-09 17:00:00",UA,138,137,1,0,8.167883211678832,0.7246376811594203,16.05839416058394
"2025-03-09 16:00:00","2025-03-09 17:00:00",WN,231,231,0,0,14.835497835497835,0.0,31.16883116883117
"2025-03-09 17:00:00","2025-03-09 18:00:00",AA,148,147,0,1,16.87162162162162,0.0,29.72972972972973
"2025-03-09 17:00:00","2025-03-09 18:00:00",DL,180,180,0,0,7.044444444444444,0.0,21.666666666666668
"2025-03-09 17:00:00","2025-03-09 18:00:00",UA,128,128,0,0,5.8515625,0.0,16.40625
"2025-03-09 17:00:00","2025-03-09 18:00:00",WN,239,237,1,1,20.705882352941178,0.41841004184100417,38.65546218487395
"2025-03-09 18:00:00","2025-03-09 19:00:00",AA,170,169,1,0,14.331360946745562,0.5882352941176471,24.2603550295858
"2025-03-09 18:00:00","2025-03-09 19:00:00",DL,166,166,0,0,17.771084337349397,0.0,23.49397590361446
"2025-03-09 18:00:00","2025-03-09 19:00:00",UA,149,149,0,0,6.449664429530201,0.0,16.778523489932887
"2025-03-09 18:00:00","2025-03-09 19:00:00",WN,228,228,0,0,17.92982456140351,0.0,35.08771929824562
"2025-03-09 19:00:00","2025-03-09 20:00:00",AA,157,157,0,0,21.18471337579618,0.0,31.21019108280255
"2025-03-09 19:00:00","2025-03-09 20:00:00",DL,160,160,0,0,20.4375,0.0,45.625
"2025-03-09 19:00:00","2025-03-09 20:00:00",UA,132,130,2,0,8.046153846153846,1.5151515151515151,19.23076923076923
"2025-03-09 19:00:00","2025-03-09 20:00:00",WN,235,235,0,0,13.012765957446808,0.0,31.48936170212766
"2025-03-09 20:00:00","2025-03-09 21:00:00",AA,135,135,0,0,19.696296296296296,0.0,23.703703703703702
"2025-03-09 20:00:00","2025-03-09 21:00:00",DL,121,121,0,0,16.297520661157026,0.0,30.578512396694215
"2025-03-09 20:00:00","2025-03-09 21:00:00",UA,99,99,0,0,11.030303030303031,0.0,25.252525252525253
"2025-03-09 20:00:00","2025-03-09 21:00:00",WN,252,251,1,0,14.274900398406375,0.3968253968253968,31.07569721115538
"2025-03-09 21:00:00","2025-03-09 22:00:00",AA,99,97,1,1,14.76530612244898,1.0101010101010102,21.428571428571427
"2025-03-09 21:00:00","2025-03-09 22:00:00",DL,101,101,0,0,11.900990099009901,0.0,27.722772277227723
"2025-03-09 21:00:00","2025-03-09 22:00:00",UA,65,65,0,0,5.815384615384615,0.0,13.846153846153847
"2025-03-09 21:00:00","2025-03-09 22:00:00",WN,194,194,0,0,16.34020618556701,0.0,31.95876288659794
"2025-03-09 22:00:00","2025-03-09 23:00:00",AA,100,100,0,0,10.21,0.0,21.0
"2025-03-09 22:00:00","2025-03-09 23:00:00",DL,103,103,0,0,15.58252427184466,0.0,31.067961165048544
"2025-03-09 22:00:00","2025-03-09 23:00:00",UA,33,33,0,0,1.6666666666666667,0.0,15.151515151515152
"2025-03-09 22:00:00","2025-03-09 23:00:00",WN,160,160,0,0,14.34375,0.0,35.0
"2025-03-09 23:00:00","2025-03-10 00:00:00",AA,36,36,0,0,0.9722222222222222,0.0,8.333333333333334
"2025-03-09 23:00:00","2025-03-10 00:00:00",DL,37,37,0,0,5.945945945945946,0.0,16.216216216216218
"2025-03-09 23:00:00","2025-03-10 00:00:00",UA,43,43,0,0,-3.0697674418604652,0.0,6.976744186046512
"2025-03-09 23:00:00","2025-03-10 00:00:00",WN,9,9,0,0,-1.4444444444444444,0.0,0.0
"2025-03-10 00:00:00","2025-03-10 01:00:00",AA,13,12,1,0,-8.916666666666666,7.6923076923076925,0.0
"2025-03-10 00:00:00","2025-03-10 01:00:00",DL,7,7,0,0,-4.428571428571429,0.0,0.0
"2025-03-10 00:00:00","2025-03-10 01:00:00",UA,8,8,0,0,3.0,0.0,12.5
"2025-03-10 01:00:00","2025-03-10 02:00:00",DL,2,2,0,0,29.0,0.0,50.0
"2025-03-10 01:00:00","2025-03-10 02:00:00",UA,1,1,0,0,18.0,0.0,100.0
"2025-03-10 05:00:00","2025-03-10 06:00:00",AA,109,109,0,0,-3.9357798165137616,0.0,2.7522935779816513
"2025-03-10 05:00:00","2025-03-10 06:00:00",DL,66,66,0,0,1.8181818181818181,0.0,9.090909090909092
"2025-03-10 05:00:00","2025-03-10 06:00:00",UA,41,41,0,0,-2.7560975609756095,0.0,7.317073170731708
"2025-03-10 05:00:00","2025-03-10 06:00:00",WN,194,193,1,0,-3.383419689119171,0.5154639175257731,0.5181347150259067
"2025-03-10 06:00:00","2025-03-10 07:00:00",AA,186,183,2,1,3.0706521739130435,1.075268817204301,8.152173913043478
"2025-03-10 06:00:00","2025-03-10 07:00:00",DL,188,188,0,0,-2.723404255319149,0.0,2.6595744680851063
"2025-03-10 06:00:00","2025-03-10 07:00:00",UA,141,141,0,0,1.1914893617021276,0.0,7.801418439716312
"2025-03-10 06:00:00","2025-03-10 07:00:00",WN,298,298,0,0,-2.795302013422819,0.0,1.0067114093959733
"2025-03-10 07:00:00","2025-03-10 08:00:00",AA,220,220,0,0,8.572727272727272,0.0,9.090909090909092
"2025-03-10 07:00:00","2025-03-10 08:00:00",DL,242,242,0,0,6.078512396694215,0.0,9.090909090909092
"2025-03-10 07:00:00","2025-03-10 08:00:00",UA,204,204,0,0,-2.3676470588235294,0.0,3.4313725490196076
"2025-03-10 07:00:00","2025-03-10 08:00:00",WN,236,236,0,0,-0.3432203389830508,0.0,5.508474576271187
"2025-03-10 08:00:00","2025-03-10 09:00:00",AA,196,196,0,0,14.408163265306122,0.0,14.795918367346939
"2025-03-10 08:00:00","2025-03-10 09:00:00",DL,182,182,0,0,2.17032967032967,0.0,9.89010989010989
"2025-03-10 08:00:00","2025-03-10 09:00:00",UA,170,170,0,0,-0.38235294117647056,0.0,4.117647058823529
"2025-03-10 08:00:00","2025-03-10 09:00:00",WN,266,266,0,0,0.42857142857142855,0.0,5.639097744360902
"2025-03-10 09:00:00","2025-03-10 10:00:00",AA,131,131,0,0,6.9541984732824424,0.0,14.50381679389313
"2025-03-10 09:00:00","2025-03-10 10:00:00",DL,131,131,0,0,2.2900763358778624,0.0,11.450381679389313
"2025-03-10 09:00:00","2025-03-10 10:00:00",UA,127,127,0,0,-0.047244094488188976,0.0,6.299212598425197
"2025-03-10 09:00:00","2025-03-10 10:00:00",WN,231,230,1,0,2.9391304347826086,0.4329004329004329,12.608695652173912
"2025-03-10 10:00:00","2025-03-10 11:00:00",AA,138,138,0,0,12.065217391304348,0.0,19.565217391304348
"2025-03-10 10:00:00","2025-03-10 11:00:00",DL,161,161,0,0,6.695652173913044,0.0,16.149068322981368
"2025-03-10 10:00:00","2025-03-10 11:00:00",UA,124,123,1,0,2.16260162601626,0.8064516129032258,12.195121951219512
"2025-03-10 10:00:00","2025-03-10 11:00:00",WN,227,226,1,0,3.685840707964602,0.44052863436123346,11.504424778761061
"2025-03-10 11:00:00","2025-03-10 12:00:00",AA,162,159,3,0,16.19496855345912,1.8518518518518519,22.0125786163522
"2025-03-10 11:00:00","2025-03-10 12:00:00",DL,206,206,0,0,10.310679611650485,0.0,22.33009708737864
"2025-03-10 11:00:00","2025-03-10 12:00:00",UA,124,124,0,0,3.1129032258064515,0.0,9.67741935483871
"2025-03-10 11:00:00","2025-03-10 12:00:00",WN,231,229,2,0,4.078602620087336,0.8658008658008658,12.22707423580786
"2025-03-10 12:00:00","2025-03-10 13:00:00",AA,144,143,1,0,10.132867132867133,0.6944444444444444,20.97902097902098
"2025-03-10 12:00:00","2025-03-10 13:00:00",DL,161,161,0,0,8.173913043478262,0.0,21.11801242236025
"2025-03-10 12:00:00","2025-03-10 13:00:00",UA,127,127,0,0,1.7874015748031495,0.0,9.448818897637794
"2025-03-10 12:00:00","2025-03-10 13:00:00",WN,222,221,1,0,5.683257918552036,0.45045045045045046,17.647058823529413
"2025-03-10 13:00:00","2025-03-10 14:00:00",AA,148,147,1,0,16.537414965986393,0.6756756756756757,21.08843537414966
"2025-03-10 13:00:00","2025-03-10 14:00:00",DL,155,154,1,0,11.928571428571429,0.6451612903225806,18.83116883116883
"2025-03-10 13:00:00","2025-03-10 14:00:00",UA,135,134,0,1,0.5777777777777777,0.0,9.62962962962963
"2025-03-10 13:00:00","2025-03-10 14:00:00",WN,241,241,0,0,9.265560165975105,0.0,19.91701244813278
"2025-03-10 14:00:00","2025-03-10 15:00:00",AA,144,144,0,0,21.694444444444443,0.0,34.72222222222222
"2025-03-10 14:00:00","2025-03-10 15:00:00",DL,154,154,0,0,9.019480519480519,0.0,17.532467532467532
"2025-03-10 14:00:00","2025-03-10 15:00:00",UA,128,128,0,0,8.796875,0.0,9.375
"2025-03-10 14:00:00","2025-03-10 15:00:00",WN,247,246,1,0,7.357723577235772,0.4048582995951417,20.32520325203252
"2025-03-10 15:00:00","2025-03-10 16:00:00",AA,140,137,2,1,27.41304347826087,1.4285714285714286,36.231884057971016
"2025-03-10 15:00:00","2025-03-10 16:00:00",DL,178,178,0,0,22.0,0.0,32.02247191011236
"2025-03-10 15:00:00","2025-03-10 16:00:00",UA,92,92,0,0,1.4565217391304348,0.0,13.043478260869565
"2025-03-10 15:00:00","2025-03-10 16:00:00",WN,209,207,1,1,6.966346153846154,0.4784688995215311,19.23076923076923
"2025-03-10 16:00:00","2025-03-10 17:00:00",AA,143,142,1,0,24.098591549295776,0.6993006993006993,34.50704225352113
"2025-03-10 16:00:00","2025-03-10 17:00:00",DL,140,140,0,0,13.7,0.0,22.142857142857142
"2025-03-10 16:00:00","2025-03-10 17:00:00",UA,140,140,0,0,3.742857142857143,0.0,12.857142857142858
"2025-03-10 16:00:00","2025-03-10 17:00:00",WN,232,231,1,0,7.216450216450217,0.43103448275862066,19.913419913419915
"2025-03-10 17:00:00","2025-03-10 18:00:00",AA,155,154,1,0,36.077922077922075,0.6451612903225806,29.22077922077922
"2025-03-10 17:00:00","2025-03-10 18:00:00",DL,186,186,0,0,9.510752688172044,0.0,25.806451612903224
"2025-03-10 17:00:00","2025-03-10 18:00:00",UA,140,139,1,0,-0.07194244604316546,0.7142857142857143,6.474820143884892
"2025-03-10 17:00:00","2025-03-10 18:00:00",WN,243,243,0,0,9.275720164609053,0.0,20.5761316872428
"2025-03-10 18:00:00","2025-03-10 19:00:00",AA,168,168,0,0,26.642857142857142,0.0,35.11904761904762
"2025-03-10 18:00:00","2025-03-10 19:00:00",DL,168,168,0,0,13.30952380952381,0.0,29.166666666666668
"2025-03-10 18:00:00","2025-03-10 19:00:00",UA,151,151,0,0,3.3178807947019866,0.0,9.933774834437086
"2025-03-10 18:00:00","2025-03-10 19:00:00",WN,247,247,0,0,5.7854251012145745,0.0,18.218623481781375
"2025-03-10 19:00:00","2025-03-10 20:00:00",AA,161,160,1,0,22.25,0.6211180124223602,31.25
"2025-03-10 19:00:00","2025-03-10 20:00:00",DL,164,164,0,0,15.341463414634147,0.0,31.097560975609756
"2025-03-10 19:00:00","2025-03-10 20:00:00",UA,128,128,0,0,-0.859375,0.0,7.8125
"2025-03-10 19:00:00","2025-03-10 20:00:00",WN,220,220,0,0,3.1636363636363636,0.0,11.363636363636363
"2025-03-10 20:00:00","2025-03-10 21:00:00",AA,129,129,0,0,16.31782945736434,0.0,30.232558139534884
"2025-03-10 20:00:00","2025-03-10 21:00:00",DL,119,119,0,0,13.487394957983193,0.0,30.252100840336134
"2025-03-10 20:00:00","2025-03-10 21:00:00",UA,95,95,0,0,3.9157894736842107,0.0,14.736842105263158
"2025-03-10 20:00:00","2025-03-10 21:00:00",WN,273,273,0,0,4.373626373626373,0.0,17.216117216117215
"2025-03-10 21:00:00","2025-03-10 22:00:00",AA,85,83,2,0,12.132530120481928,2.3529411764705883,28.91566265060241
"2025-03-10 21:00:00","2025-03-10 22:00:00",DL,102,102,0,0,3.1372549019607843,0.0,15.686274509803921
"2025-03-10 21:00:00","2025-03-10 22:00:00",UA,55,55,0,0,-4.618181818181818,0.0,5.454545454545454
"2025-03-10 21:00:00","2025-03-10 22:00:00",WN,160,158,2,0,3.3227848101265822,1.25,16.455696202531644
"2025-03-10 22:00:00","2025-03-10 23:00:00",AA,102,101,1,0,17.376237623762375,0.9803921568627451,24.752475247524753
"2025-03-10 22:00:00","2025-03-10 23:00:00",DL,101,101,0,0,2.772277227722772,0.0,10.891089108910892
"2025-03-10 22:00:00","2025-03-10 23:00:00",UA,34,34,0,0,-3.9411764705882355,0.0,5.882352941176471
"2025-03-10 22:00:00","2025-03-10 23:00:00",WN,138,138,0,0,2.028985507246377,0.0,15.217391304347826
"2025-03-10 23:00:00","2025-03-11 00:00:00",AA,27,27,0,0,1.5925925925925926,0.0,18.51851851851852
"2025-03-10 23:00:00","2025-03-11 00:00:00",DL,37,37,0,0,-2.081081081081081,0.0,8.108108108108109
"2025-03-10 23:00:00","2025-03-11 00:00:00",UA,39,38,1,0,4.7894736842105265,2.5641025641025643,5.2631578947368425
"2025-03-10 23:00:00","2025-03-11 00:00:00",WN,9,9,0,0,-7.111111111111111,0.0,0.0
"2025-03-11 00:00:00","2025-03-11 01:00:00",AA,10,9,1,0,-9.333333333333334,10.0,0.0
"2025-03-11 00:00:00","2025-03-11 01:00:00",DL,7,7,0,0,-11.0,0.0,0.0
"2025-03-11 00:00:00","2025-03-11 01:00:00",UA,6,6,0,0,-3.8333333333333335,0.0,0.0
"2025-03-11 01:00:00","2025-03-11 02:00:00",DL,2,2,0,0,-5.5,0.0,0.0
"2025-03-11 01:00:00","2025-03-11 02:00:00",UA,1,1,0,0,-11.0,0.0,0.0
"2025-03-11 05:00:00","2025-03-11 06:00:00",AA,109,109,0,0,-0.47706422018348627,0.0,8.256880733944953
"2025-03-11 05:00:00","2025-03-11 06:00:00",DL,63,63,0,0,0.8888888888888888,0.0,4.761904761904762
"2025-03-11 05:00:00","2025-03-11 06:00:00",UA,36,36,0,0,6.722222222222222,0.0,2.7777777777777777
"2025-03-11 05:00:00","2025-03-11 06:00:00",WN,103,102,1,0,-1.1274509803921569,0.970873786407767,0.9803921568627451
"2025-03-11 06:00:00","2025-03-11 07:00:00",AA,190,189,1,0,2.1164021164021163,0.5263157894736842,6.349206349206349
"2025-03-11 06:00:00","2025-03-11 07:00:00",DL,188,187,1,0,-3.8823529411764706,0.5319148936170213,2.1390374331550803
"2025-03-11 06:00:00","2025-03-11 07:00:00",UA,129,127,2,0,-7.653543307086614,1.550387596899225,0.7874015748031497
"2025-03-11 06:00:00","2025-03-11 07:00:00",WN,301,300,1,0,-3.5,0.33222591362126247,2.3333333333333335
"2025-03-11 07:00:00","2025-03-11 08:00:00",AA,221,221,0,0,0.8778280542986425,0.0,7.6923076923076925
"2025-03-11 07:00:00","2025-03-11 08:00:00",DL,244,244,0,0,-2.377049180327869,0.0,4.508196721311475
"2025-03-11 07:00:00","2025-03-11 08:00:00",UA,192,192,0,0,-3.1927083333333335,0.0,5.208333333333333
"2025-03-11 07:00:00","2025-03-11 08:00:00",WN,245,243,2,0,-2.876543209876543,0.8163265306122449,2.05761316872428
"2025-03-11 08:00:00","2025-03-11 09:00:00",AA,197,196,0,1,1.6700507614213198,0.0,7.106598984771574
"2025-03-11 08:00:00","2025-03-11 09:00:00",DL,177,177,0,0,-1.8644067796610169,0.0,4.519774011299435
"2025-03-11 08:00:00","2025-03-11 09:00:00",UA,170,170,0,0,-4.547058823529412,0.0,4.117647058823529
"2025-03-11 08:00:00","2025-03-11 09:00:00",WN,267,266,0,1,-0.599250936329588,0.0,3.745318352059925
"2025-03-11 09:00:00","2025-03-11 10:00:00",AA,130,128,1,1,11.565891472868216,0.7692307692307693,11.627906976744185
"2025-03-11 09:00:00","2025-03-11 10:00:00",DL,128,128,0,0,0.578125,0.0,7.03125
"2025-03-11 09:00:00","2025-03-11 10:00:00",UA,125,125,0,0,-2.808,0.0,5.6
"2025-03-11 09:00:00","2025-03-11 10:00:00",WN,199,198,1,0,0.5353535353535354,0.5025125628140703,5.555555555555555
"2025-03-11 10:00:00","2025-03-11 11:00:00",AA,139,138,1,0,4.333333333333333,0.7194244604316546,9.420289855072463
"2025-03-11 10:00:00","2025-03-11 11:00:00",DL,158,158,0,0,-0.7088607594936709,0.0,8.227848101265822
"2025-03-11 10:00:00","2025-03-11 11:00:00",UA,129,129,0,0,-2.891472868217054,0.0,5.426356589147287
"2025-03-11 10:00:00","2025-03-11 11:00:00",WN,248,246,2,0,1.0772357723577235,0.8064516129032258,6.097560975609756
"2025-03-11 11:00:00","2025-03-11 12:00:00",AA,167,167,0,0,2.562874251497006,0.0,10.179640718562874
"2025-03-11 11:00:00","2025-03-11 12:00:00",DL,205,205,0,0,-0.9024390243902439,0.0,6.341463414634147
"2025-03-11 11:00:00","2025-03-11 12:00:00",UA,119,119,0,0,-0.18487394957983194,0.0,9.243697478991596
"2025-03-11 11:00:00","2025-03-11 12:00:00",WN,222,219,3,0,3.7488584474885847,1.3513513513513513,10.95890410958904
"2025-03-11 12:00:00","2025-03-11 13:00:00",AA,144,143,1,0,0.7272727272727273,0.6944444444444444,9.090909090909092
"2025-03-11 12:00:00","2025-03-11 13:00:00",DL,165,165,0,0,-0.41818181818181815,0.0,8.484848484848484
"2025-03-11 12:00:00","2025-03-11 13:00:00",UA,126,126,0,0,-2.6587301587301586,0.0,6.349206349206349
"2025-03-11 12:00:00","2025-03-11 13:00:00",WN,234,234,0,0,5.132478632478633,0.0,13.675213675213675
"2025-03-11 13:00:00","2025-03-11 14:00:00",AA,148,147,0,1,3.0067567567567566,0.0,10.135135135135135
"2025-03-11 13:00:00","2025-03-11 14:00:00",DL,147,147,0,0,1.0408163265306123,0.0,12.244897959183673
"2025-03-11 13:00:00","2025-03-11 14:00:00",UA,134,134,0,0,-2.1044776119402986,0.0,5.970149253731344
"2025-03-11 13:00:00","2025-03-11 14:00:00",WN,235,235,0,0,0.0425531914893617,0.0,6.808510638297872
"2025-03-11 14:00:00","2025-03-11 15:00:00",AA,143,143,0,0,3.93006993006993,0.0,11.188811188811188
"2025-03-11 14:00:00","2025-03-11 15:00:00",DL,145,145,0,0,2.4275862068965517,0.0,14.482758620689655
"2025-03-11 14:00:00","2025-03-11 15:00:00",UA,121,121,0,0,-2.2975206611570247,0.0,6.6115702479338845
"2025-03-11 14:00:00","2025-03-11 15:00:00",WN,221,221,0,0,4.031674208144796,0.0,13.122171945701357
"2025-03-11 15:00:00","2025-03-11 16:00:00",AA,143,143,0,0,-0.9790209790209791,0.0,11.188811188811188
"2025-03-11 15:00:00","2025-03-11 16:00:00",DL,178,178,0,0,1.3651685393258426,0.0,11.235955056179776
"2025-03-11 15:00:00","2025-03-11 16:00:00",UA,87,87,0,0,-2.781609195402299,0.0,5.747126436781609
"2025-03-11 15:00:00","2025-03-11 16:00:00",WN,213,212,1,0,1.9528301886792452,0.4694835680751174,5.660377358490566
"2025-03-11 16:00:00","2025-03-11 17:00:00",AA,142,142,0,0,0.9647887323943662,0.0,10.56338028169014
"2025-03-11 16:00:00","2025-03-11 17:00:00",DL,127,127,0,0,3.590551181102362,0.0,14.960629921259843
"2025-03-11 16:00:00","2025-03-11 17:00:00",UA,135,135,0,0,-1.7703703703703704,0.0,5.925925925925926
"2025-03-11 16:00:00","2025-03-11 17:00:00",WN,234,232,1,1,3.163090128755365,0.42735042735042733,12.446351931330472
"2025-03-11 17:00:00","2025-03-11 18:00:00",AA,153,153,0,0,1.130718954248366,0.0,11.11111111111111
"2025-03-11 17:00:00","2025-03-11 18:00:00",DL,177,177,0,0,-0.2824858757062147,0.0,12.429378531073446
"2025-03-11 17:00:00","2025-03-11 18:00:00",UA,131,130,0,1,2.2977099236641223,0.0,11.450381679389313
"2025-03-11 17:00:00","2025-03-11 18:00:00",WN,230,228,0,2,3.6608695652173915,0.0,12.173913043478262
"2025-03-11 18:00:00","2025-03-11 19:00:00",AA,164,164,0,0,2.8048780487804876,0.0,10.365853658536585
"2025-03-11 18:00:00","2025-03-11 19:00:00",DL,149,149,0,0,1.7583892617449663,0.0,13.422818791946309
"2025-03-11 18:00:00","2025-03-11 19:00:00",UA,131,131,0,0,4.732824427480916,0.0,6.870229007633588
"2025-03-11 18:00:00","2025-03-11 19:00:00",WN,217,217,0,0,0.7096774193548387,0.0,7.373271889400922
"2025-03-11 19:00:00","2025-03-11 20:00:00",AA,159,159,0,0,2.5534591194968552,0.0,10.69182389937107
"2025-03-11 19:00:00","2025-03-11 20:00:00",DL,126,126,0,0,8.579365079365079,0.0,14.285714285714286
"2025-03-11 19:00:00","2025-03-11 20:00:00",UA,114,114,0,0,-3.93859649122807,0.0,2.6315789473684212
"2025-03-11 19:00:00","2025-03-11 20:00:00",WN,279,276,1,2,0.10431654676258993,0.35842293906810035,8.633093525179856
"2025-03-11 20:00:00","2025-03-11 21:00:00",AA,128,128,0,0,3.7578125,0.0,14.84375
"2025-03-11 20:00:00","2025-03-11 21:00:00",DL,94,94,0,0,1.372340425531915,0.0,13.829787234042554
"2025-03-11 20:00:00","2025-03-11 21:00:00",UA,91,91,0,0,-0.18681318681318682,0.0,10.989010989010989
"2025-03-11 20:00:00","2025-03-11 21:00:00",WN,180,180,0,0,1.8111111111111111,0.0,11.11111111111111
"2025-03-11 21:00:00","2025-03-11 22:00:00",AA,87,87,0,0,2.0114942528735633,0.0,14.942528735632184
"2025-03-11 21:00:00","2025-03-11 22:00:00",DL,78,78,0,0,0.8076923076923077,0.0,5.128205128205129
"2025-03-11 21:00:00","2025-03-11 22:00:00",UA,42,42,0,0,-0.3333333333333333,0.0,7.142857142857143
"2025-03-11 21:00:00","2025-03-11 22:00:00",WN,160,160,0,0,2.1625,0.0,10.0
"2025-03-11 22:00:00","2025-03-11 23:00:00",AA,102,102,0,0,3.7058823529411766,0.0,11.764705882352942
"2025-03-11 22:00:00","2025-03-11 23:00:00",DL,95,95,0,0,-2.221052631578947,0.0,7.368421052631579
"2025-03-11 22:00:00","2025-03-11 23:00:00",UA,31,31,0,0,2.6774193548387095,0.0,9.67741935483871
"2025-03-11 22:00:00","2025-03-11 23:00:00",WN,10,10,0,0,12.1,0.0,30.0
"2025-03-11 23:00:00","2025-03-12 00:00:00",AA,27,27,0,0,0.9629629629629629,0.0,11.11111111111111
"2025-03-11 23:00:00","2025-03-12 00:00:00",DL,32,32,0,0,-4.34375,0.0,6.25
"2025-03-11 23:00:00","2025-03-12 00:00:00",UA,34,34,0,0,-8.117647058823529,0.0,0.0
"2025-03-11 23:00:00","2025-03-12 00:00:00",WN,9,9,0,0,-6.111111111111111,0.0,0.0
"2025-03-12 00:00:00","2025-03-12 01:00:00",AA,9,9,0,0,-6.444444444444445,0.0,0.0
"2025-03-12 00:00:00","2025-03-12 01:00:00",DL,4,4,0,0,-8.5,0.0,0.0
"2025-03-12 00:00:00","2025-03-12 01:00:00",UA,4,4,0,0,-7.0,0.0,0.0
"2025-03-12 01:00:00","2025-03-12 02:00:00",DL,2,2,0,0,-10.5,0.0,0.0
"2025-03-12 01:00:00","2025-03-12 02:00:00",UA,1,1,0,0,-6.0,0.0,0.0
"2025-03-12 05:00:00","2025-03-12 06:00:00",AA,111,111,0,0,-4.774774774774775,0.0,4.504504504504505
"2025-03-12 05:00:00","2025-03-12 06:00:00",DL,67,67,0,0,1.8059701492537314,0.0,1.492537313432836
"2025-03-12 05:00:00","2025-03-12 06:00:00",UA,36,36,0,0,-6.416666666666667,0.0,2.7777777777777777
"2025-03-12 05:00:00","2025-03-12 06:00:00",WN,107,106,1,0,-1.971698113207547,0.9345794392523364,3.7735849056603774
"2025-03-12 06:00:00","2025-03-12 07:00:00",AA,190,190,0,0,-3.2421052631578946,0.0,4.2105263157894735
"2025-03-12 06:00:00","2025-03-12 07:00:00",DL,186,186,0,0,-4.032258064516129,0.0,1.6129032258064515
"2025-03-12 06:00:00","2025-03-12 07:00:00",UA,131,131,0,0,-3.648854961832061,0.0,3.053435114503817
"2025-03-12 06:00:00","2025-03-12 07:00:00",WN,304,304,0,0,-2.838815789473684,0.0,1.3157894736842106
"2025-03-12 07:00:00","2025-03-12 08:00:00",AA,220,220,0,0,2.786363636363636,0.0,6.363636363636363
"2025-03-12 07:00:00","2025-03-12 08:00:00",DL,243,243,0,0,-2.748971193415638,0.0,5.349794238683128
"2025-03-12 07:00:00","2025-03-12 08:00:00",UA,192,191,0,1,0.20833333333333334,0.0,7.291666666666667
"2025-03-12 07:00:00","2025-03-12 08:00:00",WN,241,240,1,0,-2.4375,0.4149377593360996,3.3333333333333335
"2025-03-12 08:00:00","2025-03-12 09:00:00",AA,198,198,0,0,6.106060606060606,0.0,9.595959595959595
"2025-03-12 08:00:00","2025-03-12 09:00:00",DL,175,175,0,0,-2.7942857142857145,0.0,5.714285714285714
"2025-03-12 08:00:00","2025-03-12 09:00:00",UA,169,168,0,1,3.6449704142011834,0.0,8.284023668639053
"2025-03-12 08:00:00","2025-03-12 09:00:00",WN,270,268,1,1,-1.1524163568773234,0.37037037037037035,3.717472118959108
"2025-03-12 09:00:00","2025-03-12 10:00:00",AA,131,131,0,0,1.0381679389312977,0.0,8.396946564885496
"2025-03-12 09:00:00","2025-03-12 10:00:00",DL,130,130,0,0,0.6230769230769231,0.0,10.0
"2025-03-12 09:00:00","2025-03-12 10:00:00",UA,130,129,0,1,2.5,0.0,8.461538461538462
"2025-03-12 09:00:00","2025-03-12 10:00:00",WN,199,197,1,1,0.22727272727272727,0.5025125628140703,6.565656565656566
"2025-03-12 10:00:00","2025-03-12 11:00:00",AA,138,138,0,0,3.572463768115942,0.0,7.246376811594203
"2025-03-12 10:00:00","2025-03-12 11:00:00",DL,155,155,0,0,-2.7870967741935484,0.0,3.870967741935484
"2025-03-12 10:00:00","2025-03-12 11:00:00",UA,122,121,0,1,5.975409836065574,0.0,19.672131147540984
"2025-03-12 10:00:00","2025-03-12 11:00:00",WN,246,245,1,0,1.5387755102040817,0.4065040650406504,7.346938775510204
"2025-03-12 11:00:00","2025-03-12 12:00:00",AA,169,169,0,0,6.603550295857988,0.0,9.467455621301776
"2025-03-12 11:00:00","2025-03-12 12:00:00",DL,206,206,0,0,0.21359223300970873,0.0,7.281553398058253
"2025-03-12 11:00:00","2025-03-12 12:00:00",UA,126,126,0,0,4.888888888888889,0.0,17.46031746031746
"2025-03-12 11:00:00","2025-03-12 12:00:00",WN,226,225,1,0,1.3022222222222222,0.4424778761061947,7.555555555555555
"2025-03-12 12:00:00","2025-03-12 13:00:00",AA,141,140,0,1,11.645390070921986,0.0,14.893617021276595
"2025-03-12 12:00:00","2025-03-12 13:00:00",DL,164,164,0,0,0.676829268292683,0.0,8.536585365853659
"2025-03-12 12:00:00","2025-03-12 13:00:00",UA,119,119,0,0,8.008403361344538,0.0,15.966386554621849
"2025-03-12 12:00:00","2025-03-12 13:00:00",WN,230,229,1,0,2.48471615720524,0.43478260869565216,8.733624454148472
"2025-03-12 13:00:00","2025-03-12 14:00:00",AA,149,148,0,1,5.563758389261745,0.0,11.409395973154362
"2025-03-12 13:00:00","2025-03-12 14:00:00",DL,148,148,0,0,2.4324324324324325,0.0,11.486486486486486
"2025-03-12 13:00:00","2025-03-12 14:00:00",UA,137,137,0,0,10.416058394160585,0.0,18.978102189781023
"2025-03-12 13:00:00","2025-03-12 14:00:00",WN,232,232,0,0,5.120689655172414,0.0,13.362068965517242
"2025-03-12 14:00:00","2025-03-12 15:00:00",AA,140,140,0,0,5.75,0.0,14.285714285714286
"2025-03-12 14:00:00","2025-03-12 15:00:00",DL,146,146,0,0,2.212328767123288,0.0,8.904109589041095
"2025-03-12 14:00:00","2025-03-12 15:00:00",UA,124,124,0,0,14.112903225806452,0.0,22.580645161290324
"2025-03-12 14:00:00","2025-03-12 15:00:00",WN,220,218,0,2,3.0454545454545454,0.0,9.090909090909092
"2025-03-12 15:00:00","2025-03-12 16:00:00",AA,142,142,0,0,10.091549295774648,0.0,19.718309859154928
"2025-03-12 15:00:00","2025-03-12 16:00:00",DL,178,178,0,0,3.764044943820225,0.0,9.55056179775281
"2025-03-12 15:00:00","2025-03-12 16:00:00",UA,92,92,0,0,7.369565217391305,0.0,13.043478260869565
"2025-03-12 15:00:00","2025-03-12 16:00:00",WN,216,216,0,0,6.851851851851852,0.0,16.203703703703702
"2025-03-12 16:00:00","2025-03-12 17:00:00",AA,142,142,0,0,6.873239436619718,0.0,16.901408450704224
"2025-03-12 16:00:00","2025-03-12 17:00:00",DL,128,128,0,0,4.6953125,0.0,17.96875
"2025-03-12 16:00:00","2025-03-12 17:00:00",UA,137,136,1,0,8.389705882352942,0.7299270072992701,15.441176470588236
"2025-03-12 16:00:00","2025-03-12 17:00:00",WN,235,234,1,0,6.6068376068376065,0.425531914893617,16.666666666666668
"2025-03-12 17:00:00","2025-03-12 18:00:00",AA,152,152,0,0,3.8947368421052633,0.0,11.842105263157896
"2025-03-12 17:00:00","2025-03-12 18:00:00",DL,179,179,0,0,6.776536312849162,0.0,15.64245810055866
"2025-03-12 17:00:00","2025-03-12 18:00:00",UA,135,134,1,0,13.776119402985074,0.7407407407407407,20.895522388059703
"2025-03-12 17:00:00","2025-03-12 18:00:00",WN,230,230,0,0,5.747826086956522,0.0,12.608695652173912
"2025-03-12 18:00:00","2025-03-12 19:00:00",AA,165,165,0,0,22.6,0.0,23.03030303030303
"2025-03-12 18:00:00","2025-03-12 19:00:00",DL,153,153,0,0,4.790849673202614,0.0,13.071895424836601
"2025-03-12 18:00:00","2025-03-12 19:00:00",UA,145,145,0,0,11.83448275862069,0.0,17.93103448275862
"2025-03-12 18:00:00","2025-03-12 19:00:00",WN,217,216,1,0,5.962962962962963,0.4608294930875576,15.277777777777779
"2025-03-12 19:00:00","2025-03-12 20:00:00",AA,159,159,0,0,9.30188679245283,0.0,23.89937106918239
"2025-03-12 19:00:00","2025-03-12 20:00:00",DL,131,131,0,0,5.0,0.0,12.977099236641221
"2025-03-12 19:00:00","2025-03-12 20:00:00",UA,127,127,0,0,5.559055118110236,0.0,15.748031496062993
"2025-03-12 19:00:00","2025-03-12 20:00:00",WN,279,279,0,0,4.448028673835125,0.0,15.412186379928315
"2025-03-12 20:00:00","2025-03-12 21:00:00",AA,130,130,0,0,7.023076923076923,0.0,14.615384615384615
"2025-03-12 20:00:00","2025-03-12 21:00:00",DL,95,95,0,0,2.957894736842105,0.0,14.736842105263158
"2025-03-12 20:00:00","2025-03-12 21:00:00",UA,100,100,0,0,15.12,0.0,18.0
"2025-03-12 20:00:00","2025-03-12 21:00:00",WN,177,177,0,0,3.9548022598870056,0.0,18.07909604519774
"2025-03-12 21:00:00","2025-03-12 22:00:00",AA,86,86,0,0,10.19767441860465,0.0,19.767441860465116
"2025-03-12 21:00:00","2025-03-12 22:00:00",DL,79,78,0,1,5.531645569620253,0.0,15.189873417721518
"2025-03-12 21:00:00","2025-03-12 22:00:00",UA,57,57,0,0,4.035087719298246,0.0,14.035087719298245
"2025-03-12 21:00:00","2025-03-12 22:00:00",WN,159,159,0,0,2.9685534591194966,0.0,13.836477987421384
"2025-03-12 22:00:00","2025-03-12 23:00:00",AA,101,101,0,0,7.643564356435643,0.0,13.861386138613861
"2025-03-12 22:00:00","2025-03-12 23:00:00",DL,91,91,0,0,4.208791208791209,0.0,7.6923076923076925
"2025-03-12 22:00:00","2025-03-12 23:00:00",UA,34,34,0,0,4.382352941176471,0.0,20.58823529411765
"2025-03-12 22:00:00","2025-03-12 23:00:00",WN,10,10,0,0,-3.5,0.0,0.0
"2025-03-12 23:00:00","2025-03-13 00:00:00",AA,27,27,0,0,28.48148148148148,0.0,11.11111111111111
"2025-03-12 23:00:00","2025-03-13 00:00:00",DL,34,34,0,0,2.2941176470588234,0.0,11.764705882352942
"2025-03-12 23:00:00","2025-03-13 00:00:00",UA,43,43,0,0,0.2558139534883721,0.0,9.30232558139535
"2025-03-12 23:00:00","2025-03-13 00:00:00",WN,8,8,0,0,-1.875,0.0,0.0
"2025-03-13 00:00:00","2025-03-13 01:00:00",AA,9,9,0,0,-4.0,0.0,0.0
"2025-03-13 00:00:00","2025-03-13 01:00:00",DL,4,4,0,0,-9.5,0.0,0.0
"2025-03-13 00:00:00","2025-03-13 01:00:00",UA,6,6,0,0,1.5,0.0,0.0
"2025-03-13 01:00:00","2025-03-13 02:00:00",DL,2,2,0,0,-3.0,0.0,0.0
"2025-03-13 01:00:00","2025-03-13 02:00:00",UA,1,1,0,0,-10.0,0.0,0.0
"2025-03-13 05:00:00","2025-03-13 06:00:00",AA,111,111,0,0,-3.810810810810811,0.0,4.504504504504505
"2025-03-13 05:00:00","2025-03-13 06:00:00",DL,66,66,0,0,-4.303030303030303,0.0,3.0303030303030303
"2025-03-13 05:00:00","2025-03-13 06:00:00",UA,42,42,0,0,-0.7142857142857143,0.0,4.761904761904762
"2025-03-13 05:00:00","2025-03-13 06:00:00",WN,190,189,0,1,0.22105263157894736,0.0,1.5789473684210527
"2025-03-13 06:00:00","2025-03-13 07:00:00",AA,188,188,0,0,1.6329787234042554,0.0,7.446808510638298
"2025-03-13 06:00:00","2025-03-13 07:00:00",DL,190,190,0,0,-4.3578947368421055,0.0,3.1578947368421053
"2025-03-13 06:00:00","2025-03-13 07:00:00",UA,142,142,0,0,-1.4859154929577465,0.0,8.450704225352112
"2025-03-13 06:00:00","2025-03-13 07:00:00",WN,307,304,3,0,-1.680921052631579,0.9771986970684039,3.289473684210526
"2025-03-13 07:00:00","2025-03-13 08:00:00",AA,220,220,0,0,-1.8681818181818182,0.0,4.545454545454546
"2025-03-13 07:00:00","2025-03-13 08:00:00",DL,247,246,0,1,-1.0607287449392713,0.0,4.048582995951417
"2025-03-13 07:00:00","2025-03-13 08:00:00",UA,202,200,2,0,-0.185,0.9900990099009901,6.0
"2025-03-13 07:00:00","2025-03-13 08:00:00",WN,233,230,1,2,0.03879310344827586,0.4291845493562232,6.4655172413793105
"2025-03-13 08:00:00","2025-03-13 09:00:00",AA,197,196,1,0,11.16326530612245,0.5076142131979695,13.775510204081632
"2025-03-13 08:00:00","2025-03-13 09:00:00",DL,181,180,1,0,2.6944444444444446,0.5524861878453039,6.111111111111111
"2025-03-13 08:00:00","2025-03-13 09:00:00",UA,167,166,1,0,-0.10843373493975904,0.5988023952095808,6.626506024096385
"2025-03-13 08:00:00","2025-03-13 09:00:00",WN,267,257,9,1,1.0116279069767442,3.3707865168539324,7.364341085271318
"2025-03-13 09:00:00","2025-03-13 10:00:00",AA,132,132,0,0,9.962121212121213,0.0,13.636363636363637
"2025-03-13 09:00:00","2025-03-13 10:00:00",DL,131,131,0,0,3.16793893129771,0.0,8.396946564885496
"2025-03-13 09:00:00","2025-03-13 10:00:00",UA,133,133,0,0,2.007518796992481,0.0,11.278195488721805
"2025-03-13 09:00:00","2025-03-13 10:00:00",WN,235,232,3,0,2.2198275862068964,1.2765957446808511,9.913793103448276
"2025-03-13 10:00:00","2025-03-13 11:00:00",AA,141,141,0,0,6.75177304964539,0.0,14.893617021276595
"2025-03-13 10:00:00","2025-03-13 11:00:00",DL,161,161,0,0,0.049689440993788817,0.0,5.590062111801243
"2025-03-13 10:00:00","2025-03-13 11:00:00",UA,125,125,0,0,8.224,0.0,12.0
"2025-03-13 10:00:00","2025-03-13 11:00:00",WN,233,226,7,0,9.694690265486726,3.004291845493562,16.8141592920354
"2025-03-13 11:00:00","2025-03-13 12:00:00",AA,165,165,0,0,7.296969696969697,0.0,15.757575757575758
"2025-03-13 11:00:00","2025-03-13 12:00:00",DL,208,208,0,0,3.298076923076923,0.0,12.5
"2025-03-13 11:00:00","2025-03-13 12:00:00",UA,125,124,1,0,5.233870967741935,0.8,12.903225806451612
"2025-03-13 11:00:00","2025-03-13 12:00:00",WN,238,232,6,0,9.245689655172415,2.5210084033613445,16.379310344827587
"2025-03-13 12:00:00","2025-03-13 13:00:00",AA,145,145,0,0,10.227586206896552,0.0,17.93103448275862
"2025-03-13 12:00:00","2025-03-13 13:00:00",DL,164,163,0,1,4.713414634146342,0.0,16.463414634146343
"2025-03-13 12:00:00","2025-03-13 13:00:00",UA,128,126,1,1,5.984251968503937,0.78125,11.023622047244094
"2025-03-13 12:00:00","2025-03-13 13:00:00",WN,224,218,6,0,12.779816513761467,2.6785714285714284,24.31192660550459
"2025-03-13 13:00:00","2025-03-13 14:00:00",AA,148,145,0,3,11.04054054054054,0.0,18.243243243243242
"2025-03-13 13:00:00","2025-03-13 14:00:00",DL,159,159,0,0,6.616352201257862,0.0,15.09433962264151
"2025-03-13 13:00:00","2025-03-13 14:00:00",UA,138,136,0,2,8.695652173913043,0.0,15.217391304347826
"2025-03-13 13:00:00","2025-03-13 14:00:00",WN,246,242,4,0,15.561983471074381,1.6260162601626016,27.68595041322314
"2025-03-13 14:00:00","2025-03-13 15:00:00",AA,140,140,0,0,16.057142857142857,0.0,15.0
"2025-03-13 14:00:00","2025-03-13 15:00:00",DL,152,151,1,0,8.841059602649006,0.6578947368421053,18.543046357615893
"2025-03-13 14:00:00","2025-03-13 15:00:00",UA,127,127,0,0,7.291338582677166,0.0,9.448818897637794
"2025-03-13 14:00:00","2025-03-13 15:00:00",WN,247,242,5,0,18.929752066115704,2.0242914979757085,31.818181818181817
"2025-03-13 15:00:00","2025-03-13 16:00:00",AA,140,140,0,0,10.485714285714286,0.0,20.0
"2025-03-13 15:00:00","2025-03-13 16:00:00",DL,177,176,0,1,9.977401129943503,0.0,21.468926553672315
"2025-03-13 15:00:00","2025-03-13 16:00:00",UA,92,91,0,1,10.673913043478262,0.0,15.217391304347826
"2025-03-13 15:00:00","2025-03-13 16:00:00",WN,212,210,2,0,16.033333333333335,0.9433962264150944,30.0
"2025-03-13 16:00:00","2025-03-13 17:00:00",AA,144,143,0,1,16.708333333333332,0.0,27.083333333333332
"2025-03-13 16:00:00","2025-03-13 17:00:00",DL,140,140,0,0,7.992857142857143,0.0,20.714285714285715
"2025-03-13 16:00:00","2025-03-13 17:00:00",UA,140,140,0,0,12.971428571428572,0.0,25.0
"2025-03-13 16:00:00","2025-03-13 17:00:00",WN,234,231,2,1,19.637931034482758,0.8547008547008547,34.05172413793103
"2025-03-13 17:00:00","2025-03-13 18:00:00",AA,152,152,0,0,12.467105263157896,0.0,25.0
"2025-03-13 17:00:00","2025-03-13 18:00:00",DL,180,180,0,0,8.955555555555556,0.0,20.555555555555557
"2025-03-13 17:00:00","2025-03-13 18:00:00",UA,133,133,0,0,7.646616541353383,0.0,13.533834586466165
"2025-03-13 17:00:00","2025-03-13 18:00:00",WN,236,235,1,0,19.68936170212766,0.423728813559322,32.340425531914896
"2025-03-13 18:00:00","2025-03-13 19:00:00",AA,164,164,0,0,12.170731707317072,0.0,27.4390243902439
"2025-03-13 18:00:00","2025-03-13 19:00:00",DL,169,169,0,0,13.071005917159763,0.0,30.17751479289941
"2025-03-13 18:00:00","2025-03-13 19:00:00",UA,149,149,0,0,6.74496644295302,0.0,19.463087248322147
"2025-03-13 18:00:00","2025-03-13 19:00:00",WN,246,246,0,0,26.61382113821138,0.0,44.3089430894309
"2025-03-13 19:00:00","2025-03-13 20:00:00",AA,157,155,1,1,22.73076923076923,0.6369426751592356,28.846153846153847
"2025-03-13 19:00:00","2025-03-13 20:00:00",DL,154,154,0,0,5.714285714285714,0.0,13.636363636363637
"2025-03-13 19:00:00","2025-03-13 20:00:00",UA,131,131,0,0,12.80916030534351,0.0,25.19083969465649
"2025-03-13 19:00:00","2025-03-13 20:00:00",WN,213,213,0,0,22.23474178403756,0.0,42.25352112676056
"2025-03-13 20:00:00","2025-03-13 21:00:00",AA,130,130,0,0,20.53076923076923,0.0,30.0
"2025-03-13 20:00:00","2025-03-13 21:00:00",DL,120,119,0,1,12.7,0.0,24.166666666666668
"2025-03-13 20:00:00","2025-03-13 21:00:00",UA,98,98,0,0,16.806122448979593,0.0,29.591836734693878
"2025-03-13 20:00:00","2025-03-13 21:00:00",WN,275,275,0,0,19.112727272727273,0.0,33.81818181818182
"2025-03-13 21:00:00","2025-03-13 22:00:00",AA,88,88,0,0,17.204545454545453,0.0,31.818181818181817
"2025-03-13 21:00:00","2025-03-13 22:00:00",DL,103,102,0,1,8.563106796116505,0.0,21.359223300970875
"2025-03-13 21:00:00","2025-03-13 22:00:00",UA,62,62,0,0,6.048387096774194,0.0,17.741935483870968
"2025-03-13 21:00:00","2025-03-13 22:00:00",WN,167,166,1,0,21.542168674698797,0.5988023952095808,40.36144578313253
"2025-03-13 22:00:00","2025-03-13 23:00:00",AA,101,101,0,0,7.643564356435643,0.0,15.841584158415841
"2025-03-13 22:00:00","2025-03-13 23:00:00",DL,101,101,0,0,5.9504950495049505,0.0,15.841584158415841
"2025-03-13 22:00:00","2025-03-13 23:00:00",UA,35,35,0,0,0.34285714285714286,0.0,11.428571428571429
"2025-03-13 22:00:00","2025-03-13 23:00:00",WN,138,138,0,0,10.971014492753623,0.0,27.536231884057973
"2025-03-13 23:00:00","2025-03-14 00:00:00",AA,29,29,0,0,8.379310344827585,0.0,34.48275862068966
"2025-03-13 23:00:00","2025-03-14 00:00:00",DL,39,39,0,0,6.769230769230769,0.0,15.384615384615385
"2025-03-13 23:00:00","2025-03-14 00:00:00",UA,45,45,0,0,1.4444444444444444,0.0,8.88888888888889
"2025-03-13 23:00:00","2025-03-14 00:00:00",WN,8,8,0,0,5.5,0.0,12.5
"2025-03-14 00:00:00","2025-03-14 01:00:00",AA,10,10,0,0,1.9,0.0,10.0
"2025-03-14 00:00:00","2025-03-14 01:00:00",DL,7,7,0,0,33.857142857142854,0.0,57.142857142857146
"2025-03-14 00:00:00","2025-03-14 01:00:00",UA,8,8,0,0,14.125,0.0,12.5
"2025-03-14 01:00:00","2025-03-14 02:00:00",DL,2,2,0,0,-2.5,0.0,0.0
"2025-03-14 01:00:00","2025-03-14 02:00:00",UA,1,1,0,0,-2.0,0.0,0.0
"2025-03-14 05:00:00","2025-03-14 06:00:00",AA,110,110,0,0,3.618181818181818,0.0,7.2727272727272725
"2025-03-14 05:00:00","2025-03-14 06:00:00",DL,68,68,0,0,-3.1911764705882355,0.0,4.411764705882353
"2025-03-14 05:00:00","2025-03-14 06:00:00",UA,42,42,0,0,-2.2857142857142856,0.0,2.380952380952381
"2025-03-14 05:00:00","2025-03-14 06:00:00",WN,188,187,1,0,-0.1657754010695187,0.5319148936170213,2.6737967914438503
"2025-03-14 06:00:00","2025-03-14 07:00:00",AA,190,190,0,0,2.057894736842105,0.0,6.315789473684211
"2025-03-14 06:00:00","2025-03-14 07:00:00",DL,190,190,0,0,4.626315789473685,0.0,5.7894736842105265
"2025-03-14 06:00:00","2025-03-14 07:00:00",UA,145,145,0,0,-0.9862068965517241,0.0,6.206896551724138
"2025-03-14 06:00:00","2025-03-14 07:00:00",WN,306,306,0,0,2.480392156862745,0.0,6.209150326797386
"2025-03-14 07:00:00","2025-03-14 08:00:00",AA,221,217,3,1,0.7293577981651376,1.3574660633484164,7.798165137614679
"2025-03-14 07:00:00","2025-03-14 08:00:00",DL,245,244,0,1,0.22448979591836735,0.0,4.489795918367347
"2025-03-14 07:00:00","2025-03-14 08:00:00",UA,202,200,1,1,2.208955223880597,0.49504950495049505,10.447761194029852
"2025-03-14 07:00:00","2025-03-14 08:00:00",WN,236,235,1,0,0.18723404255319148,0.423728813559322,4.680851063829787
"2025-03-14 08:00:00","2025-03-14 09:00:00",AA,187,172,14,1,7.641618497109826,7.4866310160427805,10.982658959537572
"2025-03-14 08:00:00","2025-03-14 09:00:00",DL,181,180,0,1,1.8453038674033149,0.0,8.839779005524862
"2025-03-14 08:00:00","2025-03-14 09:00:00",UA,164,162,1,1,3.3435582822085887,0.6097560975609756,11.656441717791411
"2025-03-14 08:00:00","2025-03-14 09:00:00",WN,262,260,2,0,2.4346153846153844,0.7633587786259542,7.6923076923076925
"2025-03-14 09:00:00","2025-03-14 10:00:00",AA,131,122,8,1,3.252032520325203,6.106870229007634,14.634146341463415
"2025-03-14 09:00:00","2025-03-14 10:00:00",DL,131,131,0,0,1.1145038167938932,0.0,10.687022900763358
"2025-03-14 09:00:00","2025-03-14 10:00:00",UA,131,130,1,0,6.969230769230769,0.7633587786259542,14.615384615384615
"2025-03-14 09:00:00","2025-03-14 10:00:00",WN,232,230,2,0,5.465217391304348,0.8620689655172413,11.304347826086957
"2025-03-14 10:00:00","2025-03-14 11:00:00",AA,137,125,12,0,8.856,8.75912408759124,15.2
"2025-03-14 10:00:00","2025-03-14 11:00:00",DL,161,160,0,1,4.472049689440993,0.0,11.801242236024844
"2025-03-14 10:00:00","2025-03-14 11:00:00",UA,124,124,0,0,18.451612903225808,0.0,19.35483870967742
"2025-03-14 10:00:00","2025-03-14 11:00:00",WN,235,233,2,0,4.755364806866953,0.851063829787234,10.729613733905579
"2025-03-14 11:00:00","2025-03-14 12:00:00",AA,162,139,23,0,15.841726618705035,14.197530864197532,16.546762589928058
"2025-03-14 11:00:00","2025-03-14 12:00:00",DL,202,202,0,0,5.717821782178218,0.0,16.336633663366335
"2025-03-14 11:00:00","2025-03-14 12:00:00",UA,124,124,0,0,12.588709677419354,0.0,21.774193548387096
"2025-03-14 11:00:00","2025-03-14 12:00:00",WN,233,233,0,0,6.931330472103005,0.0,17.59656652360515
"2025-03-14 12:00:00","2025-03-14 13:00:00",AA,145,117,28,0,18.068376068376068,19.310344827586206,23.076923076923077
"2025-03-14 12:00:00","2025-03-14 13:00:00",DL,165,165,0,0,9.539393939393939,0.0,16.363636363636363
"2025-03-14 12:00:00","2025-03-14 13:00:00",UA,126,126,0,0,4.73015873015873,0.0,15.873015873015873
"2025-03-14 12:00:00","2025-03-14 13:00:00",WN,222,218,4,0,10.8348623853211,1.8018018018018018,22.477064220183486
"2025-03-14 13:00:00","2025-03-14 14:00:00",AA,146,126,20,0,7.2936507936507935,13.698630136986301,15.873015873015873
"2025-03-14 13:00:00","2025-03-14 14:00:00",DL,157,157,0,0,16.605095541401273,0.0,16.56050955414013
"2025-03-14 13:00:00","2025-03-14 14:00:00",UA,138,138,0,0,13.782608695652174,0.0,21.014492753623188
"2025-03-14 13:00:00","2025-03-14 14:00:00",WN,243,241,2,0,13.091286307053942,0.823045267489712,26.970954356846473
"2025-03-14 14:00:00","2025-03-14 15:00:00",AA,138,115,23,0,13.234782608695653,16.666666666666668,24.347826086956523
"2025-03-14 14:00:00","2025-03-14 15:00:00",DL,154,152,1,1,11.450980392156863,0.6493506493506493,18.30065359477124
"2025-03-14 14:00:00","2025-03-14 15:00:00",UA,128,128,0,0,13.71875,0.0,22.65625
"2025-03-14 14:00:00","2025-03-14 15:00:00",WN,246,242,4,0,16.801652892561982,1.6260162601626016,35.950413223140494
"2025-03-14 15:00:00","2025-03-14 16:00:00",AA,141,118,23,0,14.567796610169491,16.31205673758865,22.88135593220339
"2025-03-14 15:00:00","2025-03-14 16:00:00",DL,177,176,1,0,7.318181818181818,0.5649717514124294,21.022727272727273
"2025-03-14 15:00:00","2025-03-14 16:00:00",UA,87,87,0,0,12.908045977011493,0.0,27.586206896551722
"2025-03-14 15:00:00","2025-03-14 16:00:00",WN,213,211,1,1,16.13679245283019,0.4694835680751174,35.37735849056604
"2025-03-14 16:00:00","2025-03-14 17:00:00",AA,143,122,20,1,8.479674796747968,13.986013986013987,18.69918699186992
"2025-03-14 16:00:00","2025-03-14 17:00:00",DL,136,134,0,2,9.904411764705882,0.0,22.058823529411764
"2025-03-14 16:00:00","2025-03-14 17:00:00",UA,145,145,0,0,11.075862068965517,0.0,24.137931034482758
"2025-03-14 16:00:00","2025-03-14 17:00:00",WN,233,231,1,1,18.232758620689655,0.4291845493562232,34.91379310344828
"2025-03-14 17:00:00","2025-03-14 18:00:00",AA,154,134,20,0,24.529850746268657,12.987012987012987,28.35820895522388
"2025-03-14 17:00:00","2025-03-14 18:00:00",DL,184,183,1,0,10.846994535519126,0.5434782608695652,22.950819672131146
"2025-03-14 17:00:00","2025-03-14 18:00:00",UA,134,133,1,0,10.819548872180452,0.746268656716418,20.30075187969925
"2025-03-14 17:00:00","2025-03-14 18:00:00",WN,240,239,1,0,16.405857740585773,0.4166666666666667,31.799163179916317
"2025-03-14 18:00:00","2025-03-14 19:00:00",AA,169,153,16,0,20.562091503267975,9.467455621301776,27.45098039215686
"2025-03-14 18:00:00","2025-03-14 19:00:00",DL,168,168,0,0,10.101190476190476,0.0,19.642857142857142
"2025-03-14 18:00:00","2025-03-14 19:00:00",UA,153,153,0,0,15.732026143790849,0.0,24.18300653594771
"2025-03-14 18:00:00","2025-03-14 19:00:00",WN,249,247,1,1,22.153225806451612,0.40160642570281124,41.53225806451613
"2025-03-14 19:00:00","2025-03-14 20:00:00",AA,158,138,20,0,15.572463768115941,12.658227848101266,30.434782608695652
"2025-03-14 19:00:00","2025-03-14 20:00:00",DL,163,162,1,0,10.925925925925926,0.6134969325153374,25.308641975308642
"2025-03-14 19:00:00","2025-03-14 20:00:00",UA,132,132,0,0,9.727272727272727,0.0,23.484848484848484
"2025-03-14 19:00:00","2025-03-14 20:00:00",WN,220,220,0,0,19.727272727272727,0.0,35.45454545454545
"2025-03-14 20:00:00","2025-03-14 21:00:00",AA,129,127,2,0,24.456692913385826,1.550387596899225,31.496062992125985
"2025-03-14 20:00:00","2025-03-14 21:00:00",DL,122,122,0,0,14.188524590163935,0.0,29.508196721311474
"2025-03-14 20:00:00","2025-03-14 21:00:00",UA,98,97,0,1,16.816326530612244,0.0,30.612244897959183
"2025-03-14 20:00:00","2025-03-14 21:00:00",WN,274,274,0,0,20.802919708029197,0.0,36.13138686131387
"2025-03-14 21:00:00","2025-03-14 22:00:00",AA,90,86,4,0,28.337209302325583,4.444444444444445,34.883720930232556
"2025-03-14 21:00:00","2025-03-14 22:00:00",DL,101,101,0,0,4.584158415841584,0.0,14.851485148514852
"2025-03-14 21:00:00","2025-03-14 22:00:00",UA,61,61,0,0,9.295081967213115,0.0,24.59016393442623
"2025-03-14 21:00:00","2025-03-14 22:00:00",WN,167,166,0,1,21.994011976047904,0.0,44.91017964071856
"2025-03-14 22:00:00","2025-03-14 23:00:00",AA,102,101,1,0,8.188118811881187,0.9803921568627451,19.801980198019802
"2025-03-14 22:00:00","2025-03-14 23:00:00",DL,100,100,0,0,9.34,0.0,27.0
"2025-03-14 22:00:00","2025-03-14 23:00:00",UA,33,32,0,1,4.0,0.0,9.090909090909092
"2025-03-14 22:00:00","2025-03-14 23:00:00",WN,136,134,0,2,18.727941176470587,0.0,35.294117647058826
"2025-03-14 23:00:00","2025-03-15 00:00:00",AA,29,29,0,0,6.0,0.0,24.137931034482758
"2025-03-14 23:00:00","2025-03-15 00:00:00",DL,40,40,0,0,7.875,0.0,12.5
"2025-03-14 23:00:00","2025-03-15 00:00:00",UA,46,46,0,0,4.0,0.0,17.391304347826086
"2025-03-14 23:00:00","2025-03-15 00:00:00",WN,9,9,0,0,9.11111111111111,0.0,33.333333333333336
"2025-03-15 00:00:00","2025-03-15 01:00:00",AA,10,10,0,0,-4.7,0.0,0.0
"2025-03-15 00:00:00","2025-03-15 01:00:00",DL,7,7,0,0,-2.2857142857142856,0.0,14.285714285714286
"2025-03-15 00:00:00","2025-03-15 01:00:00",UA,7,7,0,0,10.0,0.0,28.571428571428573
"2025-03-15 01:00:00","2025-03-15 02:00:00",DL,2,2,0,0,9.0,0.0,50.0
"2025-03-15 01:00:00","2025-03-15 02:00:00",UA,1,1,0,0,40.0,0.0,100.0
"2025-03-15 05:00:00","2025-03-15 06:00:00",AA,108,108,0,0,15.731481481481481,0.0,10.185185185185185
"2025-03-15 05:00:00","2025-03-15 06:00:00",DL,67,67,0,0,19.791044776119403,0.0,13.432835820895523
"2025-03-15 05:00:00","2025-03-15 06:00:00",UA,50,50,0,0,5.58,0.0,12.0
"2025-03-15 05:00:00","2025-03-15 06:00:00",WN,190,190,0,0,1.3368421052631578,0.0,7.368421052631579
"2025-03-15 06:00:00","2025-03-15 07:00:00",AA,182,182,0,0,12.934065934065934,0.0,12.087912087912088
"2025-03-15 06:00:00","2025-03-15 07:00:00",DL,180,180,0,0,2.888888888888889,0.0,9.444444444444445
"2025-03-15 06:00:00","2025-03-15 07:00:00",UA,148,148,0,0,9.702702702702704,0.0,17.56756756756757
"2025-03-15 06:00:00","2025-03-15 07:00:00",WN,281,281,0,0,0.8647686832740213,0.0,6.405693950177936
"2025-03-15 07:00:00","2025-03-15 08:00:00",AA,205,205,0,0,5.692682926829268,0.0,15.121951219512194
"2025-03-15 07:00:00","2025-03-15 08:00:00",DL,219,219,0,0,4.940639269406392,0.0,13.698630136986301
"2025-03-15 07:00:00","2025-03-15 08:00:00",UA,183,183,0,0,21.169398907103826,0.0,28.415300546448087
"2025-03-15 07:00:00","2025-03-15 08:00:00",WN,229,228,0,1,4.554585152838428,0.0,11.790393013100436
"2025-03-15 08:00:00","2025-03-15 09:00:00",AA,180,180,0,0,12.855555555555556,0.0,17.77777777777778
"2025-03-15 08:00:00","2025-03-15 09:00:00",DL,163,161,0,2,9.07361963190184,0.0,18.404907975460123
"2025-03-15 08:00:00","2025-03-15 09:00:00",UA,153,152,1,0,21.289473684210527,0.6535947712418301,28.94736842105263
"2025-03-15 08:00:00","2025-03-15 09:00:00",WN,216,215,0,1,9.083333333333334,0.0,16.203703703703702
"2025-03-15 09:00:00","2025-03-15 10:00:00",AA,117,116,1,0,14.25,0.8547008547008547,25.0
"2025-03-15 09:00:00","2025-03-15 10:00:00",DL,134,134,0,0,9.402985074626866,0.0,19.402985074626866
"2025-03-15 09:00:00","2025-03-15 10:00:00",UA,114,114,0,0,15.324561403508772,0.0,25.43859649122807
"2025-03-15 09:00:00","2025-03-15 10:00:00",WN,193,193,0,0,10.544041450777202,0.0,19.17098445595855
"2025-03-15 10:00:00","2025-03-15 11:00:00",AA,128,128,0,0,10.21875,0.0,18.75
"2025-03-15 10:00:00","2025-03-15 11:00:00",DL,129,129,0,0,16.248062015503876,0.0,28.68217054263566
"2025-03-15 10:00:00","2025-03-15 11:00:00",UA,117,117,0,0,32.88034188034188,0.0,44.44444444444444
"2025-03-15 10:00:00","2025-03-15 11:00:00",WN,185,184,0,1,20.102702702702704,0.0,30.27027027027027
"2025-03-15 11:00:00","2025-03-15 12:00:00",AA,147,146,0,1,16.64625850340136,0.0,24.489795918367346
"2025-03-15 11:00:00","2025-03-15 12:00:00",DL,193,192,0,1,11.098445595854923,0.0,23.316062176165804
"2025-03-15 11:00:00","2025-03-15 12:00:00",UA,111,109,2,0,38.12844036697248,1.8018018018018018,40.36697247706422
"2025-03-15 11:00:00","2025-03-15 12:00:00",WN,223,223,0,0,17.1390134529148,0.0,32.28699551569507
"2025-03-15 12:00:00","2025-03-15 13:00:00",AA,121,120,1,0,21.683333333333334,0.8264462809917356,36.666666666666664
"2025-03-15 12:00:00","2025-03-15 13:00:00",DL,144,143,1,0,15.58041958041958,0.6944444444444444,32.86713286713287
"2025-03-15 12:00:00","2025-03-15 13:00:00",UA,101,100,1,0,41.49,0.9900990099009901,48.0
"2025-03-15 12:00:00","2025-03-15 13:00:00",WN,175,173,0,2,22.857142857142858,0.0,37.714285714285715
"2025-03-15 13:00:00","2025-03-15 14:00:00",AA,132,132,0,0,29.507575757575758,0.0,34.84848484848485
"2025-03-15 13:00:00","2025-03-15 14:00:00",DL,131,130,1,0,32.12307692307692,0.7633587786259542,35.38461538461539
"2025-03-15 13:00:00","2025-03-15 14:00:00",UA,128,127,0,1,20.765625,0.0,29.6875
"2025-03-15 13:00:00","2025-03-15 14:00:00",WN,237,236,1,0,21.673728813559322,0.4219409282700422,38.13559322033898
"2025-03-15 14:00:00","2025-03-15 15:00:00",AA,130,129,0,1,29.115384615384617,0.0,38.46153846153846
"2025-03-15 14:00:00","2025-03-15 15:00:00",DL,123,122,1,0,20.475409836065573,0.8130081300813008,32.78688524590164
"2025-03-15 14:00:00","2025-03-15 15:00:00",UA,113,110,3,0,61.527272727272724,2.6548672566371683,61.81818181818182
"2025-03-15 14:00:00","2025-03-15 15:00:00",WN,186,185,0,1,36.24731182795699,0.0,43.01075268817204
"2025-03-15 15:00:00","2025-03-15 16:00:00",AA,132,132,0,0,36.99242424242424,0.0,44.696969696969695
"2025-03-15 15:00:00","2025-03-15 16:00:00",DL,159,158,0,1,30.459119496855347,0.0,47.16981132075472
"2025-03-15 15:00:00","2025-03-15 16:00:00",UA,82,81,1,0,46.17283950617284,1.2195121951219512,46.91358024691358
"2025-03-15 15:00:00","2025-03-15 16:00:00",WN,218,217,1,0,28.27188940092166,0.45871559633027525,47.465437788018434
"2025-03-15 16:00:00","2025-03-15 17:00:00",AA,128,127,0,1,39.9765625,0.0,45.3125
"2025-03-15 16:00:00","2025-03-15 17:00:00",DL,111,109,1,1,27.918181818181818,0.9009009009009009,44.54545454545455
"2025-03-15 16:00:00","2025-03-15 17:00:00",UA,125,125,0,0,45.888,0.0,51.2
"2025-03-15 16:00:00","2025-03-15 17:00:00",WN,204,204,0,0,29.941176470588236,0.0,42.64705882352941
"2025-03-15 17:00:00","2025-03-15 18:00:00",AA,144,143,1,0,45.85314685314685,0.6944444444444444,48.25174825174825
"2025-03-15 17:00:00","2025-03-15 18:00:00",DL,143,139,3,1,24.678571428571427,2.097902097902098,39.285714285714285
"2025-03-15 17:00:00","2025-03-15 18:00:00",UA,117,117,0,0,37.94017094017094,0.0,38.46153846153846
"2025-03-15 17:00:00","2025-03-15 18:00:00",WN,215,212,2,1,37.901408450704224,0.9302325581395349,53.521126760563384
"2025-03-15 18:00:00","2025-03-15 19:00:00",AA,148,147,1,0,35.57823129251701,0.6756756756756757,48.29931972789116
"2025-03-15 18:00:00","2025-03-15 19:00:00",DL,138,138,0,0,30.615942028985508,0.0,46.3768115942029
"2025-03-15 18:00:00","2025-03-15 19:00:00",UA,123,123,0,0,51.80487804878049,0.0,57.72357723577236
"2025-03-15 18:00:00","2025-03-15 19:00:00",WN,226,225,0,1,30.588495575221238,0.0,45.13274336283186
"2025-03-15 19:00:00","2025-03-15 20:00:00",AA,148,148,0,0,42.25675675675676,0.0,54.729729729729726
"2025-03-15 19:00:00","2025-03-15 20:00:00",DL,86,86,0,0,18.546511627906977,0.0,30.232558139534884
"2025-03-15 19:00:00","2025-03-15 20:00:00",UA,126,125,1,0,28.248,0.7936507936507936,48.0
"2025-03-15 19:00:00","2025-03-15 20:00:00",WN,223,220,2,1,34.46606334841629,0.8968609865470852,48.86877828054298
"2025-03-15 20:00:00","2025-03-15 21:00:00",AA,118,117,1,0,26.76923076923077,0.847457627118644,47.863247863247864
"2025-03-15 20:00:00","2025-03-15 21:00:00",DL,86,86,0,0,38.26744186046512,0.0,48.83720930232558
"2025-03-15 20:00:00","2025-03-15 21:00:00",UA,82,82,0,0,61.65853658536585,0.0,59.75609756097561
"2025-03-15 20:00:00","2025-03-15 21:00:00",WN,229,226,1,2,36.833333333333336,0.4366812227074236,53.07017543859649
"2025-03-15 21:00:00","2025-03-15 22:00:00",AA,89,89,0,0,39.561797752808985,0.0,47.19101123595506
"2025-03-15 21:00:00","2025-03-15 22:00:00",DL,83,81,2,0,37.06172839506173,2.4096385542168677,45.67901234567901
"2025-03-15 21:00:00","2025-03-15 22:00:00",UA,47,47,0,0,24.914893617021278,0.0,40.42553191489362
"2025-03-15 21:00:00","2025-03-15 22:00:00",WN,170,169,0,1,39.305882352941175,0.0,57.64705882352941
"2025-03-15 22:00:00","2025-03-15 23:00:00",AA,100,100,0,0,26.8,0.0,41.0
"2025-03-15 22:00:00","2025-03-15 23:00:00",DL,74,59,15,0,61.13559322033898,20.27027027027027,35.59322033898305
"2025-03-15 22:00:00","2025-03-15 23:00:00",UA,35,33,2,0,18.393939393939394,5.714285714285714,33.333333333333336
"2025-03-15 22:00:00","2025-03-15 23:00:00",WN,106,105,0,1,35.490566037735846,0.0,69.81132075471699
"2025-03-15 23:00:00","2025-03-16 00:00:00",AA,28,28,0,0,18.035714285714285,0.0,35.714285714285715
"2025-03-15 23:00:00","2025-03-16 00:00:00",DL,25,25,0,0,39.88,0.0,36.0
"2025-03-15 23:00:00","2025-03-16 00:00:00",UA,39,39,0,0,8.384615384615385,0.0,15.384615384615385
"2025-03-15 23:00:00","2025-03-16 00:00:00",WN,9,9,0,0,5.555555555555555,0.0,11.11111111111111
"2025-03-16 00:00:00","2025-03-16 01:00:00",AA,9,9,0,0,-1.6666666666666667,0.0,11.11111111111111
"2025-03-16 00:00:00","2025-03-16 01:00:00",DL,4,4,0,0,16.0,0.0,25.0
"2025-03-16 00:00:00","2025-03-16 01:00:00",UA,6,6,0,0,6.166666666666667,0.0,16.666666666666668
"2025-03-16 01:00:00","2025-03-16 02:00:00",DL,2,2,0,0,-7.0,0.0,0.0
"2025-03-16 01:00:00","2025-03-16 02:00:00",UA,2,2,0,0,39.5,0.0,100.0
"2025-03-16 05:00:00","2025-03-16 06:00:00",AA,109,108,1,0,11.13888888888889,0.9174311926605505,11.11111111111111
"2025-03-16 05:00:00","2025-03-16 06:00:00",DL,67,57,10,0,19.80701754385965,14.925373134328359,12.280701754385966
"2025-03-16 05:00:00","2025-03-16 06:00:00",UA,38,37,1,0,-1.2972972972972974,2.6315789473684212,8.108108108108109
"2025-03-16 05:00:00","2025-03-16 06:00:00",WN,190,190,0,0,-0.005263157894736842,0.0,7.894736842105263
"2025-03-16 06:00:00","2025-03-16 07:00:00",AA,188,181,7,0,6.856353591160221,3.723404255319149,13.812154696132596
"2025-03-16 06:00:00","2025-03-16 07:00:00",DL,182,178,4,0,8.792134831460674,2.197802197802198,11.235955056179776
"2025-03-16 06:00:00","2025-03-16 07:00:00",UA,145,144,0,1,3.1655172413793102,0.0,14.482758620689655
"2025-03-16 06:00:00","2025-03-16 07:00:00",WN,294,294,0,0,2.1360544217687076,0.0,5.782312925170068
"2025-03-16 07:00:00","2025-03-16 08:00:00",AA,220,207,12,1,10.10576923076923,5.454545454545454,14.423076923076923
"2025-03-16 07:00:00","2025-03-16 08:00:00",DL,245,241,4,0,11.406639004149378,1.6326530612244898,13.692946058091286
"2025-03-16 07:00:00","2025-03-16 08:00:00",UA,201,201,0,0,6.144278606965174,0.0,14.427860696517413
"2025-03-16 07:00:00","2025-03-16 08:00:00",WN,229,229,0,0,10.934497816593886,0.0,10.91703056768559
"2025-03-16 08:00:00","2025-03-16 09:00:00",AA,199,191,7,1,24.359375,3.5175879396984926,20.833333333333332
"2025-03-16 08:00:00","2025-03-16 09:00:00",DL,188,186,2,0,16.344086021505376,1.0638297872340425,24.731182795698924
"2025-03-16 08:00:00","2025-03-16 09:00:00",UA,167,165,2,0,15.93939393939394,1.1976047904191616,21.21212121212121
"2025-03-16 08:00:00","2025-03-16 09:00:00",WN,245,242,2,1,5.950617283950617,0.8163265306122449,14.814814814814815
"2025-03-16 09:00:00","2025-03-16 10:00:00",AA,131,122,9,0,25.131147540983605,6.870229007633588,25.40983606557377
"2025-03-16 09:00:00","2025-03-16 10:00:00",DL,128,128,0,0,30.25,0.0,42.1875
"2025-03-16 09:00:00","2025-03-16 10:00:00",UA,127,124,2,1,23.04,1.5748031496062993,26.4
"2025-03-16 09:00:00","2025-03-16 10:00:00",WN,196,193,2,1,6.762886597938144,1.0204081632653061,13.917525773195877
"2025-03-16 10:00:00","2025-03-16 11:00:00",AA,140,139,1,0,20.02158273381295,0.7142857142857143,30.93525179856115
"2025-03-16 10:00:00","2025-03-16 11:00:00",DL,160,156,3,1,23.171974522292995,1.875,40.76433121019108
"2025-03-16 10:00:00","2025-03-16 11:00:00",UA,124,124,0,0,28.39516129032258,0.0,32.25806451612903
"2025-03-16 10:00:00","2025-03-16 11:00:00",WN,232,226,6,0,22.75221238938053,2.586206896551724,26.106194690265486
"2025-03-16 11:00:00","2025-03-16 12:00:00",AA,162,155,3,4,55.0,1.8518518518518519,44.0251572327044
"2025-03-16 11:00:00","2025-03-16 12:00:00",DL,207,202,4,1,34.2807881773399,1.932367149758454,42.857142857142854
"2025-03-16 11:00:00","2025-03-16 12:00:00",UA,120,116,2,2,28.771186440677965,1.6666666666666667,35.59322033898305
"2025-03-16 11:00:00","2025-03-16 12:00:00",WN,218,210,6,2,26.75,2.7522935779816513,29.245283018867923
"2025-03-16 12:00:00","2025-03-16 13:00:00",AA,143,137,5,1,54.507246376811594,3.4965034965034967,43.47826086956522
"2025-03-16 12:00:00","2025-03-16 13:00:00",DL,163,163,0,0,43.331288343558285,0.0,56.441717791411044
"2025-03-16 12:00:00","2025-03-16 13:00:00",UA,119,115,3,1,60.827586206896555,2.5210084033613445,46.55172413793103
"2025-03-16 12:00:00","2025-03-16 13:00:00",WN,222,210,12,0,30.404761904761905,5.405405405405405,38.57142857142857
"2025-03-16 13:00:00","2025-03-16 14:00:00",AA,149,141,6,2,74.1958041958042,4.026845637583893,53.84615384615385
"2025-03-16 13:00:00","2025-03-16 14:00:00",DL,159,154,5,0,59.1948051948052,3.1446540880503147,60.38961038961039
"2025-03-16 13:00:00","2025-03-16 14:00:00",UA,139,137,2,0,33.46715328467153,1.4388489208633093,39.416058394160586
"2025-03-16 13:00:00","2025-03-16 14:00:00",WN,240,225,14,1,42.02212389380531,5.833333333333333,40.70796460176991
"2025-03-16 14:00:00","2025-03-16 15:00:00",AA,139,136,1,2,71.2536231884058,0.7194244604316546,55.79710144927536
"2025-03-16 14:00:00","2025-03-16 15:00:00",DL,152,145,6,1,52.76027397260274,3.9473684210526314,60.273972602739725
"2025-03-16 14:00:00","2025-03-16 15:00:00",UA,125,122,1,2,55.733870967741936,0.8,47.58064516129032
"2025-03-16 14:00:00","2025-03-16 15:00:00",WN,214,204,9,1,39.136585365853655,4.205607476635514,42.4390243902439
"2025-03-16 15:00:00","2025-03-16 16:00:00",AA,143,133,9,1,70.59701492537313,6.293706293706293,55.223880597014926
"2025-03-16 15:00:00","2025-03-16 16:00:00",DL,178,171,7,0,57.888888888888886,3.932584269662921,58.47953216374269
"2025-03-16 15:00:00","2025-03-16 16:00:00",UA,89,87,2,0,47.95402298850575,2.247191011235955,48.275862068965516
"2025-03-16 15:00:00","2025-03-16 16:00:00",WN,221,207,13,1,48.64903846153846,5.882352941176471,52.40384615384615
"2025-03-16 16:00:00","2025-03-16 17:00:00",AA,143,136,7,0,80.18382352941177,4.895104895104895,54.411764705882355
"2025-03-16 16:00:00","2025-03-16 17:00:00",DL,138,130,6,2,66.43181818181819,4.3478260869565215,68.93939393939394
"2025-03-16 16:00:00","2025-03-16 17:00:00",UA,138,134,3,1,65.68888888888888,2.1739130434782608,60.74074074074074
"2025-03-16 16:00:00","2025-03-16 17:00:00",WN,230,209,19,2,48.018957345971565,8.26086956521739,56.39810426540284
"2025-03-16 17:00:00","2025-03-16 18:00:00",AA,154,145,8,1,74.60958904109589,5.194805194805195,59.58904109589041
"2025-03-16 17:00:00","2025-03-16 18:00:00",DL,185,181,3,1,73.23076923076923,1.6216216216216217,64.83516483516483
"2025-03-16 17:00:00","2025-03-16 18:00:00",UA,133,127,6,0,55.37795275590551,4.511278195488722,51.181102362204726
"2025-03-16 17:00:00","2025-03-16 18:00:00",WN,241,225,16,0,52.528888888888886,6.639004149377594,63.55555555555556
"2025-03-16 18:00:00","2025-03-16 19:00:00",AA,168,153,12,3,65.3974358974359,7.142857142857143,61.53846153846154
"2025-03-16 18:00:00","2025-03-16 19:00:00",DL,161,153,7,1,65.8051948051948,4.3478260869565215,73.37662337662337
"2025-03-16 18:00:00","2025-03-16 19:00:00",UA,150,146,3,1,79.19047619047619,2.0,61.224489795918366
"2025-03-16 18:00:00","2025-03-16 19:00:00",WN,224,207,15,2,61.78468899521531,6.696428571428571,64.5933014354067
"2025-03-16 19:00:00","2025-03-16 20:00:00",AA,158,142,14,2,83.65277777777777,8.860759493670885,56.94444444444444
"2025-03-16 19:00:00","2025-03-16 20:00:00",DL,166,148,18,0,103.6891891891892,10.843373493975903,72.97297297297297
"2025-03-16 19:00:00","2025-03-16 20:00:00",UA,130,126,3,1,66.68503937007874,2.3076923076923075,58.267716535433074
"2025-03-16 19:00:00","2025-03-16 20:00:00",WN,242,225,17,0,64.44888888888889,7.024793388429752,65.33333333333333
"2025-03-16 20:00:00","2025-03-16 21:00:00",AA,133,124,8,1,88.168,6.015037593984962,59.2
"2025-03-16 20:00:00","2025-03-16 21:00:00",DL,119,112,6,1,82.38938053097345,5.042016806722689,65.48672566371681
"2025-03-16 20:00:00","2025-03-16 21:00:00",UA,99,96,3,0,57.947916666666664,3.0303030303030303,69.79166666666667
"2025-03-16 20:00:00","2025-03-16 21:00:00",WN,249,228,21,0,59.33771929824562,8.433734939759036,67.10526315789474
"2025-03-16 21:00:00","2025-03-16 22:00:00",AA,98,90,8,0,89.3,8.16326530612245,56.666666666666664
"2025-03-16 21:00:00","2025-03-16 22:00:00",DL,98,91,7,0,74.64835164835165,7.142857142857143,64.83516483516483
"2025-03-16 21:00:00","2025-03-16 22:00:00",UA,61,59,1,1,59.583333333333336,1.639344262295082,66.66666666666667
"2025-03-16 21:00:00","2025-03-16 22:00:00",WN,190,176,14,0,67.31818181818181,7.368421052631579,67.61363636363636
"2025-03-16 22:00:00","2025-03-16 23:00:00",AA,103,94,9,0,49.37234042553192,8.737864077669903,53.191489361702125
"2025-03-16 22:00:00","2025-03-16 23:00:00",DL,103,98,5,0,57.673469387755105,4.854368932038835,63.265306122448976
"2025-03-16 22:00:00","2025-03-16 23:00:00",UA,35,35,0,0,60.885714285714286,0.0,71.42857142857143
"2025-03-16 22:00:00","2025-03-16 23:00:00",WN,163,149,14,0,69.65771812080537,8.588957055214724,80.53691275167785
"2025-03-16 23:00:00","2025-03-17 00:00:00",AA,37,32,5,0,36.625,13.513513513513514,37.5
"2025-03-16 23:00:00","2025-03-17 00:00:00",DL,39,36,1,2,39.78947368421053,2.5641025641025643,63.1578947368421
"2025-03-16 23:00:00","2025-03-17 00:00:00",UA,46,46,0,0,33.26086956521739,0.0,52.17391304347826
"2025-03-16 23:00:00","2025-03-17 00:00:00",WN,9,9,0,0,10.777777777777779,0.0,44.44444444444444
"2025-03-17 00:00:00","2025-03-17 01:00:00",AA,13,12,1,0,127.41666666666667,7.6923076923076925,50.0
"2025-03-17 00:00:00","2025-03-17 01:00:00",DL,7,7,0,0,22.0,0.0,28.571428571428573
"2025-03-17 00:00:00","2025-03-17 01:00:00",UA,8,7,1,0,31.285714285714285,12.5,71.42857142857143
"2025-03-17 01:00:00","2025-03-17 02:00:00",DL,2,1,1,0,-14.0,50.0,0.0
"2025-03-17 01:00:00","2025-03-17 02:00:00",UA,1,1,0,0,15.0,0.0,0.0
"2025-03-17 05:00:00","2025-03-17 06:00:00",AA,110,104,6,0,12.567307692307692,5.454545454545454,14.423076923076923
"2025-03-17 05:00:00","2025-03-17 06:00:00",DL,67,63,4,0,3.9523809523809526,5.970149253731344,11.11111111111111
"2025-03-17 05:00:00","2025-03-17 06:00:00",UA,42,42,0,0,3.6666666666666665,0.0,11.904761904761905
"2025-03-17 05:00:00","2025-03-17 06:00:00",WN,192,186,6,0,7.774193548387097,3.125,11.290322580645162
"2025-03-17 06:00:00","2025-03-17 07:00:00",AA,191,177,14,0,12.35593220338983,7.329842931937173,13.559322033898304
"2025-03-17 06:00:00","2025-03-17 07:00:00",DL,190,180,10,0,10.433333333333334,5.2631578947368425,13.88888888888889
"2025-03-17 06:00:00","2025-03-17 07:00:00",UA,143,142,1,0,6.661971830985915,0.6993006993006993,14.084507042253522
"2025-03-17 06:00:00","2025-03-17 07:00:00",WN,307,300,7,0,11.403333333333334,2.2801302931596092,13.0
"2025-03-17 07:00:00","2025-03-17 08:00:00",AA,221,207,14,0,19.497584541062803,6.334841628959276,14.492753623188406
"2025-03-17 07:00:00","2025-03-17 08:00:00",DL,245,233,12,0,20.472103004291846,4.8979591836734695,18.025751072961373
"2025-03-17 07:00:00","2025-03-17 08:00:00",UA,205,204,1,0,3.7892156862745097,0.4878048780487805,9.803921568627452
"2025-03-17 07:00:00","2025-03-17 08:00:00",WN,236,228,8,0,19.736842105263158,3.389830508474576,22.80701754385965
"2025-03-17 08:00:00","2025-03-17 09:00:00",AA,196,187,9,0,18.855614973262032,4.591836734693878,18.71657754010695
"2025-03-17 08:00:00","2025-03-17 09:00:00",DL,183,175,8,0,10.697142857142858,4.371584699453552,16.571428571428573
"2025-03-17 08:00:00","2025-03-17 09:00:00",UA,170,168,2,0,9.327380952380953,1.1764705882352942,13.69047619047619
"2025-03-17 08:00:00","2025-03-17 09:00:00",WN,266,262,4,0,13.786259541984732,1.5037593984962405,22.900763358778626
"2025-03-17 09:00:00","2025-03-17 10:00:00",AA,131,128,2,1,20.26356589147287,1.5267175572519085,27.131782945736433
"2025-03-17 09:00:00","2025-03-17 10:00:00",DL,132,129,1,2,15.908396946564885,0.7575757575757576,22.137404580152673
"2025-03-17 09:00:00","2025-03-17 10:00:00",UA,132,132,0,0,6.303030303030303,0.0,13.636363636363637
"2025-03-17 09:00:00","2025-03-17 10:00:00",WN,232,228,4,0,16.32894736842105,1.7241379310344827,30.263157894736842
"2025-03-17 10:00:00","2025-03-17 11:00:00",AA,138,135,3,0,15.333333333333334,2.1739130434782608,17.77777777777778
"2025-03-17 10:00:00","2025-03-17 11:00:00",DL,157,156,1,0,12.679487179487179,0.6369426751592356,19.23076923076923
"2025-03-17 10:00:00","2025-03-17 11:00:00",UA,124,124,0,0,7.782258064516129,0.0,18.548387096774192
"2025-03-17 10:00:00","2025-03-17 11:00:00",WN,234,231,2,1,18.573275862068964,0.8547008547008547,28.879310344827587
"2025-03-17 11:00:00","2025-03-17 12:00:00",AA,163,163,0,0,28.533742331288344,0.0,33.12883435582822
"2025-03-17 11:00:00","2025-03-17 12:00:00",DL,205,203,2,0,20.44334975369458,0.975609756097561,33.99014778325123
"2025-03-17 11:00:00","2025-03-17 12:00:00",UA,125,123,1,1,10.21774193548387,0.8,18.548387096774192
"2025-03-17 11:00:00","2025-03-17 12:00:00",WN,235,232,3,0,20.012931034482758,1.2765957446808511,34.05172413793103
"2025-03-17 12:00:00","2025-03-17 13:00:00",AA,141,141,0,0,26.54609929078014,0.0,30.49645390070922
"2025-03-17 12:00:00","2025-03-17 13:00:00",DL,162,159,2,1,17.8375,1.2345679012345678,28.125
"2025-03-17 12:00:00","2025-03-17 13:00:00",UA,129,129,0,0,7.3565891472868215,0.0,13.953488372093023
"2025-03-17 12:00:00","2025-03-17 13:00:00",WN,225,224,1,0,24.758928571428573,0.4444444444444444,35.714285714285715
"2025-03-17 13:00:00","2025-03-17 14:00:00",AA,146,146,0,0,30.23972602739726,0.0,28.08219178082192
"2025-03-17 13:00:00","2025-03-17 14:00:00",DL,155,155,0,0,16.81935483870968,0.0,30.967741935483872
"2025-03-17 13:00:00","2025-03-17 14:00:00",UA,137,137,0,0,12.021897810218977,0.0,24.087591240875913
"2025-03-17 13:00:00","2025-03-17 14:00:00",WN,240,239,1,0,23.280334728033473,0.4166666666666667,39.33054393305439
"2025-03-17 14:00:00","2025-03-17 15:00:00",AA,142,141,1,0,20.872340425531913,0.704225352112676,30.49645390070922
"2025-03-17 14:00:00","2025-03-17 15:00:00",DL,151,150,1,0,14.76,0.6622516556291391,28.0
"2025-03-17 14:00:00","2025-03-17 15:00:00",UA,128,128,0,0,12.40625,0.0,22.65625
"2025-03-17 14:00:00","2025-03-17 15:00:00",WN,246,245,1,0,30.65714285714286,0.4065040650406504,47.755102040816325
"2025-03-17 15:00:00","2025-03-17 16:00:00",AA,141,141,0,0,20.645390070921987,0.0,29.78723404255319
"2025-03-17 15:00:00","2025-03-17 16:00:00",DL,180,178,2,0,27.831460674157302,1.1111111111111112,38.20224719101124
"2025-03-17 15:00:00","2025-03-17 16:00:00",UA,92,92,0,0,13.5,0.0,31.52173913043478
"2025-03-17 15:00:00","2025-03-17 16:00:00",WN,211,210,1,0,25.20952380952381,0.47393364928909953,46.666666666666664
"2025-03-17 16:00:00","2025-03-17 17:00:00",AA,141,139,1,1,24.87142857142857,0.7092198581560284,36.42857142857143
"2025-03-17 16:00:00","2025-03-17 17:00:00",DL,138,138,0,0,19.82608695652174,0.0,31.159420289855074
"2025-03-17 16:00:00","2025-03-17 17:00:00",UA,140,139,0,1,12.035714285714286,0.0,22.857142857142858
"2025-03-17 16:00:00","2025-03-17 17:00:00",WN,229,229,0,0,28.23580786026201,0.0,57.64192139737991
"2025-03-17 17:00:00","2025-03-17 18:00:00",AA,150,150,0,0,12.613333333333333,0.0,28.0
"2025-03-17 17:00:00","2025-03-17 18:00:00",DL,177,177,0,0,17.338983050847457,0.0,34.463276836158194
"2025-03-17 17:00:00","2025-03-17 18:00:00",UA,138,138,0,0,19.28985507246377,0.0,31.884057971014492
"2025-03-17 17:00:00","2025-03-17 18:00:00",WN,233,232,0,1,26.871244635193133,0.0,47.63948497854077
"2025-03-17 18:00:00","2025-03-17 19:00:00",AA,163,162,1,0,18.012345679012345,0.6134969325153374,33.333333333333336
"2025-03-17 18:00:00","2025-03-17 19:00:00",DL,169,168,1,0,30.797619047619047,0.591715976331361,42.26190476190476
"2025-03-17 18:00:00","2025-03-17 19:00:00",UA,152,152,0,0,11.223684210526315,0.0,23.68421052631579
"2025-03-17 18:00:00","2025-03-17 19:00:00",WN,248,246,1,1,32.8663967611336,0.4032258064516129,58.29959514170041
"2025-03-17 19:00:00","2025-03-17 20:00:00",AA,160,160,0,0,20.35625,0.0,34.375
"2025-03-17 19:00:00","2025-03-17 20:00:00",DL,161,160,1,0,22.76875,0.6211180124223602,42.5
"2025-03-17 19:00:00","2025-03-17 20:00:00",UA,122,122,0,0,15.360655737704919,0.0,30.327868852459016
"2025-03-17 19:00:00","2025-03-17 20:00:00",WN,214,213,1,0,26.399061032863848,0.4672897196261682,49.76525821596244
"2025-03-17 20:00:00","2025-03-17 21:00:00",AA,128,127,0,1,25.7421875,0.0,35.15625
"2025-03-17 20:00:00","2025-03-17 21:00:00",DL,120,120,0,0,20.375,0.0,37.5
"2025-03-17 20:00:00","2025-03-17 21:00:00",UA,96,95,1,0,15.736842105263158,1.0416666666666667,27.36842105263158
"2025-03-17 20:00:00","2025-03-17 21:00:00",WN,274,271,1,2,27.974358974358974,0.36496350364963503,48.35164835164835
"2025-03-17 21:00:00","2025-03-17 22:00:00",AA,87,87,0,0,14.620689655172415,0.0,24.137931034482758
"2025-03-17 21:00:00","2025-03-17 22:00:00",DL,103,101,1,1,23.607843137254903,0.970873786407767,44.11764705882353
"2025-03-17 21:00:00","2025-03-17 22:00:00",UA,56,56,0,0,8.232142857142858,0.0,23.214285714285715
"2025-03-17 21:00:00","2025-03-17 22:00:00",WN,165,165,0,0,30.133333333333333,0.0,58.78787878787879
"2025-03-17 22:00:00","2025-03-17 23:00:00",AA,101,101,0,0,17.297029702970296,0.0,26.73267326732673
"2025-03-17 22:00:00","2025-03-17 23:00:00",DL,98,98,0,0,13.5,0.0,31.632653061224488
"2025-03-17 22:00:00","2025-03-17 23:00:00",UA,34,34,0,0,7.323529411764706,0.0,23.529411764705884
"2025-03-17 22:00:00","2025-03-17 23:00:00",WN,135,134,1,0,16.238805970149254,0.7407407407407407,42.53731343283582
"2025-03-17 23:00:00","2025-03-18 00:00:00",AA,27,26,1,0,0.3076923076923077,3.7037037037037037,7.6923076923076925
"2025-03-17 23:00:00","2025-03-18 00:00:00",DL,37,37,0,0,11.054054054054054,0.0,37.83783783783784
"2025-03-17 23:00:00","2025-03-18 00:00:00",UA,39,38,1,0,2.973684210526316,2.5641025641025643,13.157894736842104
"2025-03-17 23:00:00","2025-03-18 00:00:00",WN,9,9,0,0,12.222222222222221,0.0,33.333333333333336
"2025-03-18 00:00:00","2025-03-18 01:00:00",AA,10,10,0,0,24.4,0.0,40.0
"2025-03-18 00:00:00","2025-03-18 01:00:00",DL,7,7,0,0,11.428571428571429,0.0,28.571428571428573
"2025-03-18 00:00:00","2025-03-18 01:00:00",UA,6,6,0,0,-1.8333333333333333,0.0,0.0
"2025-03-18 01:00:00","2025-03-18 02:00:00",DL,2,2,0,0,-5.5,0.0,0.0
"2025-03-18 01:00:00","2025-03-18 02:00:00",UA,1,1,0,0,5.0,0.0,0.0
"2025-03-18 05:00:00","2025-03-18 06:00:00",AA,110,110,0,0,11.209090909090909,0.0,6.363636363636363
"2025-03-18 05:00:00","2025-03-18 06:00:00",DL,66,66,0,0,-3.6818181818181817,0.0,3.0303030303030303
"2025-03-18 05:00:00","2025-03-18 06:00:00",UA,36,36,0,0,-2.361111111111111,0.0,8.333333333333334
"2025-03-18 05:00:00","2025-03-18 06:00:00",WN,107,106,1,0,-1.9150943396226414,0.9345794392523364,1.8867924528301887
"2025-03-18 06:00:00","2025-03-18 07:00:00",AA,189,189,0,0,12.53968253968254,0.0,6.878306878306878
"2025-03-18 06:00:00","2025-03-18 07:00:00",DL,188,188,0,0,-0.9521276595744681,0.0,4.787234042553192
"2025-03-18 06:00:00","2025-03-18 07:00:00",UA,131,130,1,0,1.8076923076923077,0.7633587786259542,1.5384615384615385
"2025-03-18 06:00:00","2025-03-18 07:00:00",WN,299,298,1,0,-1.2281879194630871,0.33444816053511706,3.0201342281879193
"2025-03-18 07:00:00","2025-03-18 08:00:00",AA,219,219,0,0,2.1552511415525113,0.0,6.392694063926941
"2025-03-18 07:00:00","2025-03-18 08:00:00",DL,244,244,0,0,-0.3155737704918033,0.0,6.967213114754099
"2025-03-18 07:00:00","2025-03-18 08:00:00",UA,192,187,4,1,2.8297872340425534,2.0833333333333335,2.6595744680851063
"2025-03-18 07:00:00","2025-03-18 08:00:00",WN,240,240,0,0,-0.13333333333333333,0.0,2.9166666666666665
"2025-03-18 08:00:00","2025-03-18 09:00:00",AA,186,186,0,0,7.56989247311828,0.0,12.903225806451612
"2025-03-18 08:00:00","2025-03-18 09:00:00",DL,175,175,0,0,0.4342857142857143,0.0,7.428571428571429
"2025-03-18 08:00:00","2025-03-18 09:00:00",UA,164,163,0,1,0.4329268292682927,0.0,4.878048780487805
"2025-03-18 08:00:00","2025-03-18 09:00:00",WN,261,260,1,0,0.8307692307692308,0.3831417624521073,6.153846153846154
"2025-03-18 09:00:00","2025-03-18 10:00:00",AA,132,132,0,0,9.916666666666666,0.0,12.121212121212121
"2025-03-18 09:00:00","2025-03-18 10:00:00",DL,132,132,0,0,2.007575757575758,0.0,6.0606060606060606
"2025-03-18 09:00:00","2025-03-18 10:00:00",UA,128,128,0,0,2.5,0.0,7.03125
"2025-03-18 09:00:00","2025-03-18 10:00:00",WN,202,200,1,1,0.8507462686567164,0.49504950495049505,6.467661691542289
"2025-03-18 10:00:00","2025-03-18 11:00:00",AA,138,138,0,0,10.253623188405797,0.0,18.840579710144926
"2025-03-18 10:00:00","2025-03-18 11:00:00",DL,158,158,0,0,5.069620253164557,0.0,12.025316455696203
"2025-03-18 10:00:00","2025-03-18 11:00:00",UA,126,126,0,0,9.626984126984127,0.0,11.11111111111111
"2025-03-18 10:00:00","2025-03-18 11:00:00",WN,248,247,1,0,0.08502024291497975,0.4032258064516129,4.8582995951417
"2025-03-18 11:00:00","2025-03-18 12:00:00",AA,168,167,0,1,4.779761904761905,0.0,14.285714285714286
"2025-03-18 11:00:00","2025-03-18 12:00:00",DL,205,204,0,1,3.5853658536585367,0.0,12.682926829268293
"2025-03-18 11:00:00","2025-03-18 12:00:00",UA,121,120,1,0,4.808333333333334,0.8264462809917356,9.166666666666666
"2025-03-18 11:00:00","2025-03-18 12:00:00",WN,226,222,0,4,4.668141592920354,0.0,10.619469026548673
"2025-03-18 12:00:00","2025-03-18 13:00:00",AA,144,144,0,0,10.659722222222221,0.0,22.22222222222222
"2025-03-18 12:00:00","2025-03-18 13:00:00",DL,163,162,0,1,0.9141104294478528,0.0,10.429447852760736
"2025-03-18 12:00:00","2025-03-18 13:00:00",UA,125,124,0,1,4.792,0.0,8.8
"2025-03-18 12:00:00","2025-03-18 13:00:00",WN,234,231,1,2,3.2017167381974247,0.42735042735042733,13.304721030042918
"2025-03-18 13:00:00","2025-03-18 14:00:00",AA,147,147,0,0,9.149659863945578,0.0,14.965986394557824
"2025-03-18 13:00:00","2025-03-18 14:00:00",DL,149,147,1,1,14.054054054054054,0.6711409395973155,14.18918918918919
"2025-03-18 13:00:00","2025-03-18 14:00:00",UA,134,132,2,0,5.393939393939394,1.492537313432836,12.121212121212121
"2025-03-18 13:00:00","2025-03-18 14:00:00",WN,233,231,1,1,1.4827586206896552,0.4291845493562232,7.327586206896552
"2025-03-18 14:00:00","2025-03-18 15:00:00",AA,142,142,0,0,11.366197183098592,0.0,20.422535211267604
"2025-03-18 14:00:00","2025-03-18 15:00:00",DL,141,140,0,1,5.099290780141844,0.0,13.47517730496454
"2025-03-18 14:00:00","2025-03-18 15:00:00",UA,121,120,0,1,4.471074380165289,0.0,14.049586776859504
"2025-03-18 14:00:00","2025-03-18 15:00:00",WN,217,212,4,1,10.953051643192488,1.8433179723502304,15.023474178403756
"2025-03-18 15:00:00","2025-03-18 16:00:00",AA,143,141,0,2,18.16083916083916,0.0,25.874125874125873
"2025-03-18 15:00:00","2025-03-18 16:00:00",DL,172,171,0,1,12.395348837209303,0.0,18.6046511627907
"2025-03-18 15:00:00","2025-03-18 16:00:00",UA,86,85,1,0,4.658823529411765,1.1627906976744187,16.470588235294116
"2025-03-18 15:00:00","2025-03-18 16:00:00",WN,214,210,4,0,13.30952380952381,1.8691588785046729,18.095238095238095
"2025-03-18 16:00:00","2025-03-18 17:00:00",AA,141,141,0,0,19.93617021276596,0.0,25.53191489361702
"2025-03-18 16:00:00","2025-03-18 17:00:00",DL,128,128,0,0,10.734375,0.0,17.96875
"2025-03-18 16:00:00","2025-03-18 17:00:00",UA,139,138,1,0,8.014492753623188,0.7194244604316546,16.666666666666668
"2025-03-18 16:00:00","2025-03-18 17:00:00",WN,233,231,2,0,6.995670995670996,0.8583690987124464,14.285714285714286
"2025-03-18 17:00:00","2025-03-18 18:00:00",AA,151,151,0,0,21.70860927152318,0.0,26.490066225165563
"2025-03-18 17:00:00","2025-03-18 18:00:00",DL,171,171,0,0,3.456140350877193,0.0,13.450292397660819
"2025-03-18 17:00:00","2025-03-18 18:00:00",UA,130,129,0,1,10.361538461538462,0.0,18.46153846153846
"2025-03-18 17:00:00","2025-03-18 18:00:00",WN,222,216,6,0,7.208333333333333,2.7027027027027026,17.59259259259259
"2025-03-18 18:00:00","2025-03-18 19:00:00",AA,162,161,0,1,14.555555555555555,0.0,22.839506172839506
"2025-03-18 18:00:00","2025-03-18 19:00:00",DL,149,149,0,0,7.080536912751678,0.0,18.120805369127517
"2025-03-18 18:00:00","2025-03-18 19:00:00",UA,131,131,0,0,5.0,0.0,10.687022900763358
"2025-03-18 18:00:00","2025-03-18 19:00:00",WN,215,213,2,0,10.19718309859155,0.9302325581395349,18.779342723004696
"2025-03-18 19:00:00","2025-03-18 20:00:00",AA,160,160,0,0,15.7,0.0,28.75
"2025-03-18 19:00:00","2025-03-18 20:00:00",DL,132,131,1,0,2.0916030534351147,0.7575757575757576,9.16030534351145
"2025-03-18 19:00:00","2025-03-18 20:00:00",UA,115,114,1,0,16.44736842105263,0.8695652173913043,23.68421052631579
"2025-03-18 19:00:00","2025-03-18 20:00:00",WN,280,277,3,0,9.101083032490974,1.0714285714285714,20.938628158844764
"2025-03-18 20:00:00","2025-03-18 21:00:00",AA,122,122,0,0,14.163934426229508,0.0,16.39344262295082
"2025-03-18 20:00:00","2025-03-18 21:00:00",DL,88,88,0,0,3.8863636363636362,0.0,13.636363636363637
"2025-03-18 20:00:00","2025-03-18 21:00:00",UA,91,91,0,0,9.417582417582418,0.0,18.681318681318682
"2025-03-18 20:00:00","2025-03-18 21:00:00",WN,178,177,1,0,10.05084745762712,0.5617977528089888,23.728813559322035
"2025-03-18 21:00:00","2025-03-18 22:00:00",AA,87,87,0,0,31.563218390804597,0.0,24.137931034482758
"2025-03-18 21:00:00","2025-03-18 22:00:00",DL,78,78,0,0,3.448717948717949,0.0,15.384615384615385
"2025-03-18 21:00:00","2025-03-18 22:00:00",UA,41,41,0,0,2.1463414634146343,0.0,7.317073170731708
"2025-03-18 21:00:00","2025-03-18 22:00:00",WN,160,160,0,0,10.61875,0.0,29.375
"2025-03-18 22:00:00","2025-03-18 23:00:00",AA,101,101,0,0,12.475247524752476,0.0,15.841584158415841
"2025-03-18 22:00:00","2025-03-18 23:00:00",DL,92,92,0,0,-0.07608695652173914,0.0,8.695652173913043
"2025-03-18 22:00:00","2025-03-18 23:00:00",UA,30,30,0,0,-0.7666666666666667,0.0,6.666666666666667
"2025-03-18 22:00:00","2025-03-18 23:00:00",WN,9,9,0,0,18.555555555555557,0.0,22.22222222222222
"2025-03-18 23:00:00","2025-03-19 00:00:00",AA,27,27,0,0,22.62962962962963,0.0,18.51851851851852
"2025-03-18 23:00:00","2025-03-19 00:00:00",DL,32,32,0,0,-2.1875,0.0,12.5
"2025-03-18 23:00:00","2025-03-19 00:00:00",UA,34,34,0,0,-2.7941176470588234,0.0,5.882352941176471
"2025-03-18 23:00:00","2025-03-19 00:00:00",WN,9,9,0,0,2.3333333333333335,0.0,22.22222222222222
"2025-03-19 00:00:00","2025-03-19 01:00:00",AA,9,9,0,0,-0.6666666666666666,0.0,11.11111111111111
"2025-03-19 00:00:00","2025-03-19 01:00:00",DL,4,4,0,0,8.0,0.0,25.0
"2025-03-19 00:00:00","2025-03-19 01:00:00",UA,4,4,0,0,3.5,0.0,25.0
"2025-03-19 01:00:00","2025-03-19 02:00:00",DL,2,2,0,0,-5.0,0.0,0.0
"2025-03-19 01:00:00","2025-03-19 02:00:00",UA,1,1,0,0,-5.0,0.0,0.0
"2025-03-19 05:00:00","2025-03-19 06:00:00",AA,111,110,0,1,16.963963963963963,0.0,9.90990990990991
"2025-03-19 05:00:00","2025-03-19 06:00:00",DL,67,67,0,0,7.970149253731344,0.0,4.477611940298507
"2025-03-19 05:00:00","2025-03-19 06:00:00",UA,36,36,0,0,-5.111111111111111,0.0,2.7777777777777777
"2025-03-19 05:00:00","2025-03-19 06:00:00",WN,107,106,1,0,0.7358490566037735,0.9345794392523364,1.8867924528301887
"2025-03-19 06:00:00","2025-03-19 07:00:00",AA,188,186,1,1,2.1871657754010694,0.5319148936170213,9.090909090909092
"2025-03-19 06:00:00","2025-03-19 07:00:00",DL,186,186,0,0,-1.6612903225806452,0.0,2.150537634408602
"2025-03-19 06:00:00","2025-03-19 07:00:00",UA,130,127,2,1,-4.546875,1.5384615384615385,0.78125
"2025-03-19 06:00:00","2025-03-19 07:00:00",WN,298,295,3,0,0.376271186440678,1.0067114093959733,5.423728813559322
"2025-03-19 07:00:00","2025-03-19 08:00:00",AA,220,217,1,2,15.278538812785389,0.45454545454545453,10.502283105022832
"2025-03-19 07:00:00","2025-03-19 08:00:00",DL,242,241,1,0,1.6804979253112033,0.4132231404958678,4.979253112033195
"2025-03-19 07:00:00","2025-03-19 08:00:00",UA,190,189,0,1,0.15263157894736842,0.0,3.6842105263157894
"2025-03-19 07:00:00","2025-03-19 08:00:00",WN,239,235,4,0,-2.3872340425531915,1.6736401673640167,2.5531914893617023
"2025-03-19 08:00:00","2025-03-19 09:00:00",AA,197,195,2,0,11.61025641025641,1.015228426395939,10.256410256410257
"2025-03-19 08:00:00","2025-03-19 09:00:00",DL,177,176,0,1,0.4011299435028249,0.0,6.214689265536723
"2025-03-19 08:00:00","2025-03-19 09:00:00",UA,171,170,1,0,-2.0294117647058822,0.5847953216374269,5.294117647058823
"2025-03-19 08:00:00","2025-03-19 09:00:00",WN,270,266,4,0,1.0075187969924813,1.4814814814814814,5.2631578947368425
"2025-03-19 09:00:00","2025-03-19 10:00:00",AA,132,131,1,0,15.86259541984733,0.7575757575757576,13.740458015267176
"2025-03-19 09:00:00","2025-03-19 10:00:00",DL,130,129,1,0,-2.062015503875969,0.7692307692307693,4.651162790697675
"2025-03-19 09:00:00","2025-03-19 10:00:00",UA,131,129,2,0,-1.9844961240310077,1.5267175572519085,4.651162790697675
"2025-03-19 09:00:00","2025-03-19 10:00:00",WN,197,196,1,0,1.4540816326530612,0.5076142131979695,7.653061224489796
"2025-03-19 10:00:00","2025-03-19 11:00:00",AA,137,137,0,0,8.963503649635037,0.0,16.78832116788321
"2025-03-19 10:00:00","2025-03-19 11:00:00",DL,157,157,0,0,0.554140127388535,0.0,7.006369426751593
"2025-03-19 10:00:00","2025-03-19 11:00:00",UA,123,122,0,1,2.154471544715447,0.0,9.75609756097561
"2025-03-19 10:00:00","2025-03-19 11:00:00",WN,247,242,5,0,1.4462809917355373,2.0242914979757085,7.851239669421488
"2025-03-19 11:00:00","2025-03-19 12:00:00",AA,169,167,0,2,11.591715976331361,0.0,18.93491124260355
"2025-03-19 11:00:00","2025-03-19 12:00:00",DL,204,203,1,0,2.6551724137931036,0.49019607843137253,7.389162561576355
"2025-03-19 11:00:00","2025-03-19 12:00:00",UA,126,124,1,1,2.712,0.7936507936507936,8.8
"2025-03-19 11:00:00","2025-03-19 12:00:00",WN,221,212,6,3,2.516279069767442,2.7149321266968327,10.69767441860465
"2025-03-19 12:00:00","2025-03-19 13:00:00",AA,140,135,2,3,27.514492753623188,1.4285714285714286,29.71014492753623
"2025-03-19 12:00:00","2025-03-19 13:00:00",DL,160,159,1,0,-0.3584905660377358,0.625,6.289308176100629
"2025-03-19 12:00:00","2025-03-19 13:00:00",UA,120,119,1,0,1.9831932773109244,0.8333333333333334,7.563025210084033
"2025-03-19 12:00:00","2025-03-19 13:00:00",WN,234,226,6,2,3.6140350877192984,2.5641025641025643,10.087719298245615
"2025-03-19 13:00:00","2025-03-19 14:00:00",AA,149,148,0,1,25.818791946308725,0.0,26.845637583892618
"2025-03-19 13:00:00","2025-03-19 14:00:00",DL,153,151,1,1,4.506578947368421,0.6535947712418301,13.81578947368421
"2025-03-19 13:00:00","2025-03-19 14:00:00",UA,137,133,2,2,6.185185185185185,1.4598540145985401,13.333333333333334
"2025-03-19 13:00:00","2025-03-19 14:00:00",WN,232,227,5,0,4.462555066079295,2.1551724137931036,12.334801762114537
"2025-03-19 14:00:00","2025-03-19 15:00:00",AA,140,134,5,1,22.88888888888889,3.5714285714285716,29.62962962962963
"2025-03-19 14:00:00","2025-03-19 15:00:00",DL,141,139,1,1,5.685714285714286,0.7092198581560284,14.285714285714286
"2025-03-19 14:00:00","2025-03-19 15:00:00",UA,124,119,0,5,13.669354838709678,0.0,23.387096774193548
"2025-03-19 14:00:00","2025-03-19 15:00:00",WN,217,214,3,0,6.299065420560748,1.3824884792626728,11.682242990654206
"2025-03-19 15:00:00","2025-03-19 16:00:00",AA,135,135,0,0,23.962962962962962,0.0,44.44444444444444
"2025-03-19 15:00:00","2025-03-19 16:00:00",DL,169,168,0,1,7.124260355029586,0.0,14.201183431952662
"2025-03-19 15:00:00","2025-03-19 16:00:00",UA,87,84,2,1,11.035294117647059,2.2988505747126435,17.647058823529413
"2025-03-19 15:00:00","2025-03-19 16:00:00",WN,214,201,9,4,6.009756097560976,4.205607476635514,17.5609756097561
"2025-03-19 16:00:00","2025-03-19 17:00:00",AA,140,136,3,1,48.25547445255474,2.142857142857143,42.33576642335766
"2025-03-19 16:00:00","2025-03-19 17:00:00",DL,127,124,1,2,14.0,0.7874015748031497,16.666666666666668
"2025-03-19 16:00:00","2025-03-19 17:00:00",UA,134,133,1,0,28.541353383458645,0.746268656716418,30.827067669172934
"2025-03-19 16:00:00","2025-03-19 17:00:00",WN,233,224,7,2,6.84070796460177,3.004291845493562,17.256637168141594
"2025-03-19 17:00:00","2025-03-19 18:00:00",AA,153,152,1,0,33.81578947368421,0.6535947712418301,44.078947368421055
"2025-03-19 17:00:00","2025-03-19 18:00:00",DL,176,175,1,0,9.514285714285714,0.5681818181818182,15.428571428571429
"2025-03-19 17:00:00","2025-03-19 18:00:00",UA,133,130,2,1,26.625954198473284,1.5037593984962405,29.00763358778626
"2025-03-19 17:00:00","2025-03-19 18:00:00",WN,228,222,6,0,7.788288288288288,2.6315789473684212,13.963963963963964
"2025-03-19 18:00:00","2025-03-19 19:00:00",AA,165,162,3,0,38.45061728395062,1.8181818181818181,38.27160493827161
"2025-03-19 18:00:00","2025-03-19 19:00:00",DL,153,151,1,1,11.618421052631579,0.6535947712418301,17.105263157894736
"2025-03-19 18:00:00","2025-03-19 19:00:00",UA,147,145,2,0,31.613793103448277,1.3605442176870748,35.86206896551724
"2025-03-19 18:00:00","2025-03-19 19:00:00",WN,217,212,4,1,11.07981220657277,1.8433179723502304,21.12676056338028
"2025-03-19 19:00:00","2025-03-19 20:00:00",AA,160,155,5,0,38.909677419354836,3.125,49.03225806451613
"2025-03-19 19:00:00","2025-03-19 20:00:00",DL,135,135,0,0,5.7555555555555555,0.0,20.0
"2025-03-19 19:00:00","2025-03-19 20:00:00",UA,126,125,0,1,25.484126984126984,0.0,26.19047619047619
"2025-03-19 19:00:00","2025-03-19 20:00:00",WN,280,262,18,0,8.225190839694656,6.428571428571429,18.3206106870229
"2025-03-19 20:00:00","2025-03-19 21:00:00",AA,130,128,2,0,37.4609375,1.5384615384615385,38.28125
"2025-03-19 20:00:00","2025-03-19 21:00:00",DL,97,97,0,0,11.731958762886597,0.0,21.649484536082475
"2025-03-19 20:00:00","2025-03-19 21:00:00",UA,99,95,3,1,38.208333333333336,3.0303030303030303,42.708333333333336
"2025-03-19 20:00:00","2025-03-19 21:00:00",WN,178,175,3,0,8.28,1.6853932584269662,19.428571428571427
"2025-03-19 21:00:00","2025-03-19 22:00:00",AA,87,85,2,0,19.541176470588237,2.2988505747126435,31.764705882352942
"2025-03-19 21:00:00","2025-03-19 22:00:00",DL,79,79,0,0,15.417721518987342,0.0,27.848101265822784
"2025-03-19 21:00:00","2025-03-19 22:00:00",UA,57,57,0,0,19.736842105263158,0.0,26.31578947368421
"2025-03-19 21:00:00","2025-03-19 22:00:00",WN,159,157,1,1,8.08860759493671,0.6289308176100629,20.253164556962027
"2025-03-19 22:00:00","2025-03-19 23:00:00",AA,102,102,0,0,30.19607843137255,0.0,36.27450980392157
"2025-03-19 22:00:00","2025-03-19 23:00:00",DL,95,95,0,0,2.9473684210526314,0.0,12.631578947368421
"2025-03-19 22:00:00","2025-03-19 23:00:00",UA,34,34,0,0,2.323529411764706,0.0,8.823529411764707
"2025-03-19 22:00:00","2025-03-19 23:00:00",WN,10,10,0,0,2.9,0.0,10.0
"2025-03-19 23:00:00","2025-03-20 00:00:00",AA,27,26,0,1,37.81481481481482,0.0,25.925925925925927
"2025-03-19 23:00:00","2025-03-20 00:00:00",DL,34,33,0,1,-1.8235294117647058,0.0,8.823529411764707
"2025-03-19 23:00:00","2025-03-20 00:00:00",UA,44,43,1,0,28.837209302325583,2.272727272727273,20.930232558139537
"2025-03-19 23:00:00","2025-03-20 00:00:00",WN,9,9,0,0,10.0,0.0,22.22222222222222
"2025-03-20 00:00:00","2025-03-20 01:00:00",AA,9,9,0,0,7.333333333333333,0.0,22.22222222222222
"2025-03-20 00:00:00","2025-03-20 01:00:00",DL,3,3,0,0,10.0,0.0,33.333333333333336
"2025-03-20 00:00:00","2025-03-20 01:00:00",UA,6,6,0,0,0.3333333333333333,0.0,0.0
"2025-03-20 01:00:00","2025-03-20 02:00:00",DL,2,2,0,0,-9.0,0.0,0.0
"2025-03-20 01:00:00","2025-03-20 02:00:00",UA,1,1,0,0,-4.0,0.0,0.0
"2025-03-20 05:00:00","2025-03-20 06:00:00",AA,111,110,1,0,30.527272727272727,0.9009009009009009,12.727272727272727
"2025-03-20 05:00:00","2025-03-20 06:00:00",DL,69,69,0,0,0.9130434782608695,0.0,7.246376811594203
"2025-03-20 05:00:00","2025-03-20 06:00:00",UA,42,42,0,0,3.357142857142857,0.0,7.142857142857143
"2025-03-20 05:00:00","2025-03-20 06:00:00",WN,195,195,0,0,-2.2666666666666666,0.0,0.5128205128205128
"2025-03-20 06:00:00","2025-03-20 07:00:00",AA,185,181,3,1,6.549450549450549,1.6216216216216217,8.241758241758241
"2025-03-20 06:00:00","2025-03-20 07:00:00",DL,185,185,0,0,5.718918918918919,0.0,5.405405405405405
"2025-03-20 06:00:00","2025-03-20 07:00:00",UA,140,140,0,0,6.078571428571428,0.0,9.285714285714286
"2025-03-20 06:00:00","2025-03-20 07:00:00",WN,306,305,1,0,-2.6557377049180326,0.32679738562091504,0.6557377049180327
"2025-03-20 07:00:00","2025-03-20 08:00:00",AA,220,216,3,1,7.88479262672811,1.3636363636363635,12.903225806451612
"2025-03-20 07:00:00","2025-03-20 08:00:00",DL,247,247,0,0,3.0364372469635628,0.0,12.550607287449393
"2025-03-20 07:00:00","2025-03-20 08:00:00",UA,205,203,1,1,3.769607843137255,0.4878048780487805,13.235294117647058
"2025-03-20 07:00:00","2025-03-20 08:00:00",WN,234,234,0,0,0.23504273504273504,0.0,5.128205128205129
"2025-03-20 08:00:00","2025-03-20 09:00:00",AA,199,199,0,0,9.301507537688442,0.0,17.587939698492463
"2025-03-20 08:00:00","2025-03-20 09:00:00",DL,180,180,0,0,7.2444444444444445,0.0,14.444444444444445
"2025-03-20 08:00:00","2025-03-20 09:00:00",UA,170,170,0,0,7.211764705882353,0.0,15.882352941176471
"2025-03-20 08:00:00","2025-03-20 09:00:00",WN,267,267,0,0,0.7191011235955056,0.0,5.2434456928838955
"2025-03-20 09:00:00","2025-03-20 10:00:00",AA,132,132,0,0,9.265151515151516,0.0,14.393939393939394
"2025-03-20 09:00:00","2025-03-20 10:00:00",DL,133,133,0,0,5.2706766917293235,0.0,14.285714285714286
"2025-03-20 09:00:00","2025-03-20 10:00:00",UA,134,134,0,0,11.104477611940299,0.0,20.149253731343283
"2025-03-20 09:00:00","2025-03-20 10:00:00",WN,237,237,0,0,3.8354430379746836,0.0,11.39240506329114
"2025-03-20 10:00:00","2025-03-20 11:00:00",AA,140,139,0,1,11.821428571428571,0.0,22.142857142857142
"2025-03-20 10:00:00","2025-03-20 11:00:00",DL,162,162,0,0,3.9753086419753085,0.0,12.345679012345679
"2025-03-20 10:00:00","2025-03-20 11:00:00",UA,123,123,0,0,13.317073170731707,0.0,21.951219512195124
"2025-03-20 10:00:00","2025-03-20 11:00:00",WN,228,228,0,0,5.62280701754386,0.0,13.157894736842104
"2025-03-20 11:00:00","2025-03-20 12:00:00",AA,165,165,0,0,9.218181818181819,0.0,20.606060606060606
"2025-03-20 11:00:00","2025-03-20 12:00:00",DL,207,206,0,1,7.492753623188406,0.0,14.009661835748792
"2025-03-20 11:00:00","2025-03-20 12:00:00",UA,125,125,0,0,15.368,0.0,21.6
"2025-03-20 11:00:00","2025-03-20 12:00:00",WN,234,232,2,0,7.383620689655173,0.8547008547008547,15.948275862068966
"2025-03-20 12:00:00","2025-03-20 13:00:00",AA,143,143,0,0,17.13986013986014,0.0,27.272727272727273
"2025-03-20 12:00:00","2025-03-20 13:00:00",DL,162,162,0,0,11.62962962962963,0.0,17.28395061728395
"2025-03-20 12:00:00","2025-03-20 13:00:00",UA,126,125,1,0,20.52,0.7936507936507936,28.8
"2025-03-20 12:00:00","2025-03-20 13:00:00",WN,219,218,1,0,6.614678899082569,0.45662100456621,14.678899082568808
"2025-03-20 13:00:00","2025-03-20 14:00:00",AA,148,148,0,0,18.62837837837838,0.0,25.675675675675677
"2025-03-20 13:00:00","2025-03-20 14:00:00",DL,153,153,0,0,6.261437908496732,0.0,16.33986928104575
"2025-03-20 13:00:00","2025-03-20 14:00:00",UA,139,139,0,0,11.575539568345324,0.0,18.705035971223023
"2025-03-20 13:00:00","2025-03-20 14:00:00",WN,245,245,0,0,7.995918367346939,0.0,17.959183673469386
"2025-03-20 14:00:00","2025-03-20 15:00:00",AA,144,144,0,0,18.15972222222222,0.0,29.166666666666668
"2025-03-20 14:00:00","2025-03-20 15:00:00",DL,155,153,0,2,9.141935483870968,0.0,17.419354838709676
"2025-03-20 14:00:00","2025-03-20 15:00:00",UA,127,127,0,0,20.62204724409449,0.0,27.559055118110237
"2025-03-20 14:00:00","2025-03-20 15:00:00",WN,247,242,4,1,10.786008230452675,1.6194331983805668,22.633744855967077
"2025-03-20 15:00:00","2025-03-20 16:00:00",AA,141,139,0,2,19.078014184397162,0.0,31.20567375886525
"2025-03-20 15:00:00","2025-03-20 16:00:00",DL,178,178,0,0,12.5,0.0,19.10112359550562
"2025-03-20 15:00:00","2025-03-20 16:00:00",UA,94,94,0,0,13.0,0.0,24.46808510638298
"2025-03-20 15:00:00","2025-03-20 16:00:00",WN,213,213,0,0,10.03755868544601,0.0,24.413145539906104
"2025-03-20 16:00:00","2025-03-20 17:00:00",AA,139,139,0,0,18.805755395683452,0.0,29.496402877697843
"2025-03-20 16:00:00","2025-03-20 17:00:00",DL,135,135,0,0,14.881481481481481,0.0,20.0
"2025-03-20 16:00:00","2025-03-20 17:00:00",UA,136,136,0,0,9.389705882352942,0.0,19.852941176470587
"2025-03-20 16:00:00","2025-03-20 17:00:00",WN,228,227,0,1,9.469298245614034,0.0,20.17543859649123
"2025-03-20 17:00:00","2025-03-20 18:00:00",AA,152,151,0,1,18.019736842105264,0.0,28.289473684210527
"2025-03-20 17:00:00","2025-03-20 18:00:00",DL,183,183,0,0,17.191256830601095,0.0,21.311475409836067
"2025-03-20 17:00:00","2025-03-20 18:00:00",UA,133,133,0,0,13.62406015037594,0.0,21.05263157894737
"2025-03-20 17:00:00","2025-03-20 18:00:00",WN,242,240,1,1,16.356846473029044,0.4132231404958678,24.481327800829874
"2025-03-20 18:00:00","2025-03-20 19:00:00",AA,166,166,0,0,27.132530120481928,0.0,32.53012048192771
"2025-03-20 18:00:00","2025-03-20 19:00:00",DL,170,170,0,0,21.705882352941178,0.0,27.058823529411764
"2025-03-20 18:00:00","2025-03-20 19:00:00",UA,153,153,0,0,13.071895424836601,0.0,23.529411764705884
"2025-03-20 18:00:00","2025-03-20 19:00:00",WN,244,244,0,0,12.663934426229508,0.0,22.540983606557376
"2025-03-20 19:00:00","2025-03-20 20:00:00",AA,160,160,0,0,25.325,0.0,34.375
"2025-03-20 19:00:00","2025-03-20 20:00:00",DL,164,164,0,0,21.859756097560975,0.0,33.53658536585366
"2025-03-20 19:00:00","2025-03-20 20:00:00",UA,135,135,0,0,9.822222222222223,0.0,20.74074074074074
"2025-03-20 19:00:00","2025-03-20 20:00:00",WN,219,219,0,0,13.059360730593607,0.0,24.200913242009133
"2025-03-20 20:00:00","2025-03-20 21:00:00",AA,129,129,0,0,18.24031007751938,0.0,31.782945736434108
"2025-03-20 20:00:00","2025-03-20 21:00:00",DL,121,121,0,0,20.140495867768596,0.0,25.619834710743802
"2025-03-20 20:00:00","2025-03-20 21:00:00",UA,97,97,0,0,24.443298969072163,0.0,31.95876288659794
"2025-03-20 20:00:00","2025-03-20 21:00:00",WN,274,273,0,1,15.423357664233576,0.0,28.467153284671532
"2025-03-20 21:00:00","2025-03-20 22:00:00",AA,85,84,0,1,11.388235294117647,0.0,27.058823529411764
"2025-03-20 21:00:00","2025-03-20 22:00:00",DL,99,99,0,0,19.363636363636363,0.0,23.232323232323232
"2025-03-20 21:00:00","2025-03-20 22:00:00",UA,63,63,0,0,8.920634920634921,0.0,22.22222222222222
"2025-03-20 21:00:00","2025-03-20 22:00:00",WN,167,167,0,0,15.053892215568862,0.0,29.940119760479043
"2025-03-20 22:00:00","2025-03-20 23:00:00",AA,98,98,0,0,9.908163265306122,0.0,19.387755102040817
"2025-03-20 22:00:00","2025-03-20 23:00:00",DL,97,97,0,0,8.11340206185567,0.0,18.556701030927837
"2025-03-20 22:00:00","2025-03-20 23:00:00",UA,35,34,0,1,11.342857142857143,0.0,14.285714285714286
"2025-03-20 22:00:00","2025-03-20 23:00:00",WN,136,136,0,0,13.720588235294118,0.0,25.0
"2025-03-20 23:00:00","2025-03-21 00:00:00",AA,29,29,0,0,4.448275862068965,0.0,13.793103448275861
"2025-03-20 23:00:00","2025-03-21 00:00:00",DL,39,39,0,0,4.769230769230769,0.0,10.256410256410257
"2025-03-20 23:00:00","2025-03-21 00:00:00",UA,44,44,0,0,3.7045454545454546,0.0,13.636363636363637
"2025-03-20 23:00:00","2025-03-21 00:00:00",WN,9,9,0,0,3.5555555555555554,0.0,11.11111111111111
"2025-03-21 00:00:00","2025-03-21 01:00:00",AA,10,10,0,0,0.0,0.0,10.0
"2025-03-21 00:00:00","2025-03-21 01:00:00",DL,7,7,0,0,-4.857142857142857,0.0,0.0
"2025-03-21 00:00:00","2025-03-21 01:00:00",UA,8,8,0,0,11.375,0.0,37.5
"2025-03-21 01:00:00","2025-03-21 02:00:00",DL,2,2,0,0,-10.0,0.0,0.0
"2025-03-21 01:00:00","2025-03-21 02:00:00",UA,1,1,0,0,-5.0,0.0,0.0
"2025-03-21 05:00:00","2025-03-21 06:00:00",AA,110,109,0,1,13.10909090909091,0.0,6.363636363636363
"2025-03-21 05:00:00","2025-03-21 06:00:00",DL,68,68,0,0,20.0,0.0,13.235294117647058
"2025-03-21 05:00:00","2025-03-21 06:00:00",UA,42,42,0,0,-3.8095238095238093,0.0,2.380952380952381
"2025-03-21 05:00:00","2025-03-21 06:00:00",WN,194,194,0,0,-0.7422680412371134,0.0,5.670103092783505
"2025-03-21 06:00:00","2025-03-21 07:00:00",AA,190,190,0,0,5.363157894736842,0.0,6.842105263157895
"2025-03-21 06:00:00","2025-03-21 07:00:00",DL,189,189,0,0,-0.4126984126984127,0.0,4.232804232804233
"2025-03-21 06:00:00","2025-03-21 07:00:00",UA,145,144,1,0,-3.2569444444444446,0.6896551724137931,5.555555555555555
"2025-03-21 06:00:00","2025-03-21 07:00:00",WN,308,307,0,1,-0.6623376623376623,0.0,4.545454545454546
"2025-03-21 07:00:00","2025-03-21 08:00:00",AA,220,220,0,0,6.009090909090909,0.0,7.7272727272727275
"2025-03-21 07:00:00","2025-03-21 08:00:00",DL,244,243,1,0,5.720164609053498,0.4098360655737705,10.2880658436214
"2025-03-21 07:00:00","2025-03-21 08:00:00",UA,200,199,0,1,4.565,0.0,6.5
"2025-03-21 07:00:00","2025-03-21 08:00:00",WN,234,234,0,0,1.6495726495726495,0.0,8.11965811965812
"2025-03-21 08:00:00","2025-03-21 09:00:00",AA,198,198,0,0,15.55050505050505,0.0,11.616161616161616
"2025-03-21 08:00:00","2025-03-21 09:00:00",DL,181,180,0,1,5.469613259668508,0.0,7.734806629834254
"2025-03-21 08:00:00","2025-03-21 09:00:00",UA,171,171,0,0,1.128654970760234,0.0,9.941520467836257
"2025-03-21 08:00:00","2025-03-21 09:00:00",WN,266,266,0,0,0.9849624060150376,0.0,4.887218045112782
"2025-03-21 09:00:00","2025-03-21 10:00:00",AA,132,132,0,0,10.401515151515152,0.0,14.393939393939394
"2025-03-21 09:00:00","2025-03-21 10:00:00",DL,132,131,0,1,7.78030303030303,0.0,18.181818181818183
"2025-03-21 09:00:00","2025-03-21 10:00:00",UA,134,134,0,0,0.6716417910447762,0.0,8.955223880597014
"2025-03-21 09:00:00","2025-03-21 10:00:00",WN,235,235,0,0,3.927659574468085,0.0,10.212765957446809
"2025-03-21 10:00:00","2025-03-21 11:00:00",AA,139,137,2,0,15.89051094890511,1.4388489208633093,21.16788321167883
"2025-03-21 10:00:00","2025-03-21 11:00:00",DL,156,156,0,0,7.4423076923076925,0.0,17.94871794871795
"2025-03-21 10:00:00","2025-03-21 11:00:00",UA,121,121,0,0,0.2727272727272727,0.0,9.090909090909092
"2025-03-21 10:00:00","2025-03-21 11:00:00",WN,227,226,1,0,2.4646017699115044,0.44052863436123346,9.734513274336283
"2025-03-21 11:00:00","2025-03-21 12:00:00",AA,165,165,0,0,11.636363636363637,0.0,15.757575757575758
"2025-03-21 11:00:00","2025-03-21 12:00:00",DL,207,205,2,0,19.7609756097561,0.966183574879227,24.390243902439025
"2025-03-21 11:00:00","2025-03-21 12:00:00",UA,125,125,0,0,9.008,0.0,14.4
"2025-03-21 11:00:00","2025-03-21 12:00:00",WN,237,237,0,0,5.033755274261603,0.0,12.236286919831224
"2025-03-21 12:00:00","2025-03-21 13:00:00",AA,144,144,0,0,19.569444444444443,0.0,21.52777777777778
"2025-03-21 12:00:00","2025-03-21 13:00:00",DL,164,164,0,0,5.926829268292683,0.0,14.634146341463415
"2025-03-21 12:00:00","2025-03-21 13:00:00",UA,125,125,0,0,6.208,0.0,9.6
"2025-03-21 12:00:00","2025-03-21 13:00:00",WN,225,225,0,0,7.373333333333333,0.0,14.666666666666666
"2025-03-21 13:00:00","2025-03-21 14:00:00",AA,148,148,0,0,12.175675675675675,0.0,22.972972972972972
"2025-03-21 13:00:00","2025-03-21 14:00:00",DL,159,159,0,0,16.80503144654088,0.0,23.89937106918239
"2025-03-21 13:00:00","2025-03-21 14:00:00",UA,139,139,0,0,9.39568345323741,0.0,11.510791366906474
"2025-03-21 13:00:00","2025-03-21 14:00:00",WN,246,245,1,0,5.289795918367347,0.4065040650406504,13.877551020408163
"2025-03-21 14:00:00","2025-03-21 15:00:00",AA,142,141,1,0,21.77304964539007,0.704225352112676,27.659574468085108
"2025-03-21 14:00:00","2025-03-21 15:00:00",DL,154,153,1,0,9.163398692810457,0.6493506493506493,22.22222222222222
"2025-03-21 14:00:00","2025-03-21 15:00:00",UA,129,129,0,0,14.643410852713178,0.0,16.27906976744186
"2025-03-21 14:00:00","2025-03-21 15:00:00",WN,246,246,0,0,10.182926829268293,0.0,21.13821138211382
"2025-03-21 15:00:00","2025-03-21 16:00:00",AA,141,141,0,0,24.319148936170212,0.0,29.078014184397162
"2025-03-21 15:00:00","2025-03-21 16:00:00",DL,176,173,2,1,14.316091954022989,1.1363636363636365,29.310344827586206
"2025-03-21 15:00:00","2025-03-21 16:00:00",UA,85,85,0,0,11.223529411764705,0.0,20.0
"2025-03-21 15:00:00","2025-03-21 16:00:00",WN,213,213,0,0,8.610328638497652,0.0,17.84037558685446
"2025-03-21 16:00:00","2025-03-21 17:00:00",AA,140,139,1,0,20.8705035971223,0.7142857142857143,26.618705035971225
"2025-03-21 16:00:00","2025-03-21 17:00:00",DL,138,137,0,1,12.579710144927537,0.0,28.26086956521739
"2025-03-21 16:00:00","2025-03-21 17:00:00",UA,144,144,0,0,6.375,0.0,15.277777777777779
"2025-03-21 16:00:00","2025-03-21 17:00:00",WN,229,229,0,0,10.030567685589519,0.0,18.34061135371179
"2025-03-21 17:00:00","2025-03-21 18:00:00",AA,151,151,0,0,16.596026490066226,0.0,29.13907284768212
"2025-03-21 17:00:00","2025-03-21 18:00:00",DL,183,183,0,0,22.060109289617486,0.0,28.961748633879782
"2025-03-21 17:00:00","2025-03-21 18:00:00",UA,136,136,0,0,7.992647058823529,0.0,19.852941176470587
"2025-03-21 17:00:00","2025-03-21 18:00:00",WN,236,236,0,0,10.677966101694915,0.0,22.033898305084747
"2025-03-21 18:00:00","2025-03-21 19:00:00",AA,167,167,0,0,25.02994011976048,0.0,31.736526946107784
"2025-03-21 18:00:00","2025-03-21 19:00:00",DL,168,167,1,0,6.9640718562874255,0.5952380952380952,19.161676646706585
"2025-03-21 18:00:00","2025-03-21 19:00:00",UA,153,152,1,0,6.848684210526316,0.6535947712418301,17.763157894736842
"2025-03-21 18:00:00","2025-03-21 19:00:00",WN,248,248,0,0,11.17741935483871,0.0,23.79032258064516
"2025-03-21 19:00:00","2025-03-21 20:00:00",AA,161,161,0,0,19.875776397515526,0.0,28.571428571428573
"2025-03-21 19:00:00","2025-03-21 20:00:00",DL,168,168,0,0,17.166666666666668,0.0,29.166666666666668
"2025-03-21 19:00:00","2025-03-21 20:00:00",UA,137,137,0,0,9.291970802919709,0.0,18.978102189781023
"2025-03-21 19:00:00","2025-03-21 20:00:00",WN,220,220,0,0,7.959090909090909,0.0,19.09090909090909
"2025-03-21 20:00:00","2025-03-21 21:00:00",AA,128,128,0,0,13.8046875,0.0,26.5625
"2025-03-21 20:00:00","2025-03-21 21:00:00",DL,120,120,0,0,12.366666666666667,0.0,25.0
"2025-03-21 20:00:00","2025-03-21 21:00:00",UA,97,96,1,0,13.760416666666666,1.0309278350515463,26.041666666666668
"2025-03-21 20:00:00","2025-03-21 21:00:00",WN,272,272,0,0,7.845588235294118,0.0,19.485294117647058
"2025-03-21 21:00:00","2025-03-21 22:00:00",AA,87,87,0,0,33.97701149425287,0.0,26.436781609195403
"2025-03-21 21:00:00","2025-03-21 22:00:00",DL,100,99,0,1,4.75,0.0,14.0
"2025-03-21 21:00:00","2025-03-21 22:00:00",UA,61,61,0,0,9.39344262295082,0.0,22.950819672131146
"2025-03-21 21:00:00","2025-03-21 22:00:00",WN,164,164,0,0,11.579268292682928,0.0,25.0
"2025-03-21 22:00:00","2025-03-21 23:00:00",AA,102,102,0,0,11.42156862745098,0.0,17.647058823529413
"2025-03-21 22:00:00","2025-03-21 23:00:00",DL,100,100,0,0,13.13,0.0,21.0
"2025-03-21 22:00:00","2025-03-21 23:00:00",UA,34,34,0,0,13.882352941176471,0.0,17.647058823529413
"2025-03-21 22:00:00","2025-03-21 23:00:00",WN,136,136,0,0,2.7205882352941178,0.0,13.235294117647058
"2025-03-21 23:00:00","2025-03-22 00:00:00",AA,28,28,0,0,32.857142857142854,0.0,25.0
"2025-03-21 23:00:00","2025-03-22 00:00:00",DL,40,40,0,0,11.375,0.0,25.0
"2025-03-21 23:00:00","2025-03-22 00:00:00",UA,47,47,0,0,1.127659574468085,0.0,12.76595744680851
"2025-03-21 23:00:00","2025-03-22 00:00:00",WN,9,9,0,0,0.0,0.0,0.0
"2025-03-22 00:00:00","2025-03-22 01:00:00",AA,10,10,0,0,-2.6,0.0,0.0
"2025-03-22 00:00:00","2025-03-22 01:00:00",DL,7,7,0,0,5.714285714285714,0.0,14.285714285714286
"2025-03-22 00:00:00","2025-03-22 01:00:00",UA,7,7,0,0,-1.4285714285714286,0.0,0.0
"2025-03-22 01:00:00","2025-03-22 02:00:00",DL,2,2,0,0,-5.5,0.0,0.0
"2025-03-22 01:00:00","2025-03-22 02:00:00",UA,1,1,0,0,-6.0,0.0,0.0
"2025-03-22 05:00:00","2025-03-22 06:00:00",AA,109,109,0,0,18.65137614678899,0.0,6.422018348623853
"2025-03-22 05:00:00","2025-03-22 06:00:00",DL,69,69,0,0,0.8405797101449275,0.0,8.695652173913043
"2025-03-22 05:00:00","2025-03-22 06:00:00",UA,52,52,0,0,-5.096153846153846,0.0,0.0
"2025-03-22 05:00:00","2025-03-22 06:00:00",WN,193,193,0,0,-1.3212435233160622,0.0,2.0725388601036268
"2025-03-22 06:00:00","2025-03-22 07:00:00",AA,181,181,0,0,9.767955801104973,0.0,9.94475138121547
"2025-03-22 06:00:00","2025-03-22 07:00:00",DL,179,179,0,0,6.407821229050279,0.0,8.379888268156424
"2025-03-22 06:00:00","2025-03-22 07:00:00",UA,146,146,0,0,-2.506849315068493,0.0,3.4246575342465753
"2025-03-22 06:00:00","2025-03-22 07:00:00",WN,279,278,1,0,-1.3992805755395683,0.35842293906810035,2.5179856115107913
"2025-03-22 07:00:00","2025-03-22 08:00:00",AA,201,200,0,1,4.169154228855722,0.0,6.965174129353234
"2025-03-22 07:00:00","2025-03-22 08:00:00",DL,217,217,0,0,-1.5207373271889402,0.0,6.451612903225806
"2025-03-22 07:00:00","2025-03-22 08:00:00",UA,175,175,0,0,1.022857142857143,0.0,4.0
"2025-03-22 07:00:00","2025-03-22 08:00:00",WN,223,223,0,0,-0.7668161434977578,0.0,2.242152466367713
"2025-03-22 08:00:00","2025-03-22 09:00:00",AA,178,178,0,0,7.449438202247191,0.0,8.426966292134832
"2025-03-22 08:00:00","2025-03-22 09:00:00",DL,161,161,0,0,0.3167701863354037,0.0,9.937888198757763
"2025-03-22 08:00:00","2025-03-22 09:00:00",UA,150,150,0,0,-0.49333333333333335,0.0,5.333333333333333
"2025-03-22 08:00:00","2025-03-22 09:00:00",WN,215,215,0,0,-0.4418604651162791,0.0,3.255813953488372
"2025-03-22 09:00:00","2025-03-22 10:00:00",AA,113,113,0,0,7.04424778761062,0.0,12.389380530973451
"2025-03-22 09:00:00","2025-03-22 10:00:00",DL,137,137,0,0,4.335766423357664,0.0,7.299270072992701
"2025-03-22 09:00:00","2025-03-22 10:00:00",UA,114,114,0,0,4.219298245614035,0.0,7.017543859649122
"2025-03-22 09:00:00","2025-03-22 10:00:00",WN,195,195,0,0,-0.6461538461538462,0.0,3.58974358974359
"2025-03-22 10:00:00","2025-03-22 11:00:00",AA,127,127,0,0,21.992125984251967,0.0,14.173228346456693
"2025-03-22 10:00:00","2025-03-22 11:00:00",DL,128,128,0,0,6.8671875,0.0,7.03125
"2025-03-22 10:00:00","2025-03-22 11:00:00",UA,115,115,0,0,2.0869565217391304,0.0,12.173913043478262
"2025-03-22 10:00:00","2025-03-22 11:00:00",WN,182,182,0,0,3.8351648351648353,0.0,3.8461538461538463
"2025-03-22 11:00:00","2025-03-22 12:00:00",AA,148,148,0,0,16.60810810810811,0.0,14.864864864864865
"2025-03-22 11:00:00","2025-03-22 12:00:00",DL,196,196,0,0,1.1581632653061225,0.0,9.183673469387756
"2025-03-22 11:00:00","2025-03-22 12:00:00",UA,108,108,0,0,3.6296296296296298,0.0,10.185185185185185
"2025-03-22 11:00:00","2025-03-22 12:00:00",WN,223,223,0,0,2.10762331838565,0.0,8.071748878923767
"2025-03-22 12:00:00","2025-03-22 13:00:00",AA,125,124,0,1,13.648,0.0,17.6
"2025-03-22 12:00:00","2025-03-22 13:00:00",DL,143,142,1,0,2.0211267605633805,0.6993006993006993,9.859154929577464
"2025-03-22 12:00:00","2025-03-22 13:00:00",UA,102,102,0,0,2.264705882352941,0.0,8.823529411764707
"2025-03-22 12:00:00","2025-03-22 13:00:00",WN,178,177,1,0,2.92090395480226,0.5617977528089888,11.864406779661017
"2025-03-22 13:00:00","2025-03-22 14:00:00",AA,130,129,0,1,18.784615384615385,0.0,17.692307692307693
"2025-03-22 13:00:00","2025-03-22 14:00:00",DL,132,132,0,0,8.030303030303031,0.0,15.909090909090908
"2025-03-22 13:00:00","2025-03-22 14:00:00",UA,128,128,0,0,4.1328125,0.0,12.5
"2025-03-22 13:00:00","2025-03-22 14:00:00",WN,231,231,0,0,3.3766233766233764,0.0,9.956709956709958
"2025-03-22 14:00:00","2025-03-22 15:00:00",AA,132,132,0,0,14.575757575757576,0.0,20.454545454545453
"2025-03-22 14:00:00","2025-03-22 15:00:00",DL,124,124,0,0,4.475806451612903,0.0,13.709677419354838
"2025-03-22 14:00:00","2025-03-22 15:00:00",UA,114,114,0,0,16.771929824561404,0.0,14.912280701754385
"2025-03-22 14:00:00","2025-03-22 15:00:00",WN,187,187,0,0,3.1016042780748663,0.0,8.556149732620321
"2025-03-22 15:00:00","2025-03-22 16:00:00",AA,133,133,0,0,14.93984962406015,0.0,17.293233082706767
"2025-03-22 15:00:00","2025-03-22 16:00:00",DL,159,158,0,1,9.30188679245283,0.0,20.12578616352201
"2025-03-22 15:00:00","2025-03-22 16:00:00",UA,79,79,0,0,2.240506329113924,0.0,12.658227848101266
"2025-03-22 15:00:00","2025-03-22 16:00:00",WN,216,214,2,0,6.920560747663552,0.9259259259259259,16.35514018691589
"2025-03-22 16:00:00","2025-03-22 17:00:00",AA,130,130,0,0,14.26923076923077,0.0,24.615384615384617
"2025-03-22 16:00:00","2025-03-22 17:00:00",DL,108,108,0,0,6.9907407407407405,0.0,16.666666666666668
"2025-03-22 16:00:00","2025-03-22 17:00:00",UA,129,128,1,0,10.0234375,0.7751937984496124,17.1875
"2025-03-22 16:00:00","2025-03-22 17:00:00",WN,204,204,0,0,7.490196078431373,0.0,17.647058823529413
"2025-03-22 17:00:00","2025-03-22 18:00:00",AA,149,149,0,0,11.771812080536913,0.0,23.48993288590604
"2025-03-22 17:00:00","2025-03-22 18:00:00",DL,146,146,0,0,10.883561643835616,0.0,20.54794520547945
"2025-03-22 17:00:00","2025-03-22 18:00:00",UA,116,115,0,1,4.706896551724138,0.0,12.931034482758621
"2025-03-22 17:00:00","2025-03-22 18:00:00",WN,218,218,0,0,7.0504587155963305,0.0,14.678899082568808
"2025-03-22 18:00:00","2025-03-22 19:00:00",AA,150,150,0,0,10.873333333333333,0.0,22.666666666666668
"2025-03-22 18:00:00","2025-03-22 19:00:00",DL,134,134,0,0,7.7611940298507465,0.0,19.402985074626866
"2025-03-22 18:00:00","2025-03-22 19:00:00",UA,124,123,1,0,7.747967479674797,0.8064516129032258,18.69918699186992
"2025-03-22 18:00:00","2025-03-22 19:00:00",WN,221,221,0,0,5.515837104072398,0.0,16.289592760180994
"2025-03-22 19:00:00","2025-03-22 20:00:00",AA,154,154,0,0,22.155844155844157,0.0,29.22077922077922
"2025-03-22 19:00:00","2025-03-22 20:00:00",DL,84,84,0,0,2.142857142857143,0.0,14.285714285714286
"2025-03-22 19:00:00","2025-03-22 20:00:00",UA,123,123,0,0,10.682926829268293,0.0,18.69918699186992
"2025-03-22 19:00:00","2025-03-22 20:00:00",WN,220,220,0,0,7.009090909090909,0.0,20.454545454545453
"2025-03-22 20:00:00","2025-03-22 21:00:00",AA,125,125,0,0,15.376,0.0,30.4
"2025-03-22 20:00:00","2025-03-22 21:00:00",DL,87,87,0,0,11.149425287356323,0.0,26.436781609195403
"2025-03-22 20:00:00","2025-03-22 21:00:00",UA,82,82,0,0,18.695121951219512,0.0,26.829268292682926
"2025-03-22 20:00:00","2025-03-22 21:00:00",WN,227,227,0,0,8.352422907488986,0.0,19.383259911894275
"2025-03-22 21:00:00","2025-03-22 22:00:00",AA,90,90,0,0,29.177777777777777,0.0,32.22222222222222
"2025-03-22 21:00:00","2025-03-22 22:00:00",DL,85,85,0,0,2.411764705882353,0.0,12.941176470588236
"2025-03-22 21:00:00","2025-03-22 22:00:00",UA,48,48,0,0,13.541666666666666,0.0,27.083333333333332
"2025-03-22 21:00:00","2025-03-22 22:00:00",WN,164,164,0,0,7.451219512195122,0.0,20.121951219512194
"2025-03-22 22:00:00","2025-03-22 23:00:00",AA,99,99,0,0,10.1010101010101,0.0,17.171717171717173
"2025-03-22 22:00:00","2025-03-22 23:00:00",DL,73,73,0,0,3.095890410958904,0.0,12.32876712328767
"2025-03-22 22:00:00","2025-03-22 23:00:00",UA,34,34,0,0,1.411764705882353,0.0,8.823529411764707
"2025-03-22 22:00:00","2025-03-22 23:00:00",WN,103,103,0,0,10.679611650485437,0.0,26.21359223300971
"2025-03-22 23:00:00","2025-03-23 00:00:00",AA,27,27,0,0,6.62962962962963,0.0,25.925925925925927
"2025-03-22 23:00:00","2025-03-23 00:00:00",DL,24,24,0,0,-0.7916666666666666,0.0,12.5
"2025-03-22 23:00:00","2025-03-23 00:00:00",UA,41,41,0,0,-0.4146341463414634,0.0,4.878048780487805
"2025-03-22 23:00:00","2025-03-23 00:00:00",WN,9,9,0,0,8.444444444444445,0.0,11.11111111111111
"2025-03-23 00:00:00","2025-03-23 01:00:00",AA,9,9,0,0,2.6666666666666665,0.0,22.22222222222222
"2025-03-23 00:00:00","2025-03-23 01:00:00",DL,4,4,0,0,6.25,0.0,25.0
"2025-03-23 00:00:00","2025-03-23 01:00:00",UA,6,5,0,1,-4.166666666666667,0.0,0.0
"2025-03-23 01:00:00","2025-03-23 02:00:00",DL,2,2,0,0,-8.0,0.0,0.0
"2025-03-23 01:00:00","2025-03-23 02:00:00",UA,2,2,0,0,-6.0,0.0,0.0
"2025-03-23 05:00:00","2025-03-23 06:00:00",AA,109,109,0,0,0.7706422018348624,0.0,7.339449541284404
"2025-03-23 05:00:00","2025-03-23 06:00:00",DL,66,66,0,0,4.303030303030303,0.0,4.545454545454546
"2025-03-23 05:00:00","2025-03-23 06:00:00",UA,38,38,0,0,3.8684210526315788,0.0,2.6315789473684212
"2025-03-23 05:00:00","2025-03-23 06:00:00",WN,187,187,0,0,-0.9625668449197861,0.0,2.1390374331550803
"2025-03-23 06:00:00","2025-03-23 07:00:00",AA,185,185,0,0,7.0162162162162165,0.0,9.72972972972973
"2025-03-23 06:00:00","2025-03-23 07:00:00",DL,180,180,0,0,-0.6277777777777778,0.0,6.111111111111111
"2025-03-23 06:00:00","2025-03-23 07:00:00",UA,145,145,0,0,-2.0620689655172413,0.0,4.137931034482759
"2025-03-23 06:00:00","2025-03-23 07:00:00",WN,294,294,0,0,-0.6054421768707483,0.0,2.7210884353741496
"2025-03-23 07:00:00","2025-03-23 08:00:00",AA,221,221,0,0,8.366515837104073,0.0,7.239819004524887
"2025-03-23 07:00:00","2025-03-23 08:00:00",DL,245,244,0,1,3.710204081632653,0.0,8.571428571428571
"2025-03-23 07:00:00","2025-03-23 08:00:00",UA,198,198,0,0,-2.378787878787879,0.0,4.545454545454546
"2025-03-23 07:00:00","2025-03-23 08:00:00",WN,229,229,0,0,1.222707423580786,0.0,5.240174672489083
"2025-03-23 08:00:00","2025-03-23 09:00:00",AA,197,197,0,0,6.081218274111675,0.0,13.197969543147208
"2025-03-23 08:00:00","2025-03-23 09:00:00",DL,187,187,0,0,0.24598930481283424,0.0,7.4866310160427805
"2025-03-23 08:00:00","2025-03-23 09:00:00",UA,167,167,0,0,3.7664670658682633,0.0,11.377245508982035
"2025-03-23 08:00:00","2025-03-23 09:00:00",WN,245,245,0,0,0.8938775510204081,0.0,7.346938775510204
"2025-03-23 09:00:00","2025-03-23 10:00:00",AA,134,134,0,0,7.313432835820896,0.0,10.447761194029852
"2025-03-23 09:00:00","2025-03-23 10:00:00",DL,128,128,0,0,3.71875,0.0,11.71875
"2025-03-23 09:00:00","2025-03-23 10:00:00",UA,128,127,0,1,2.9453125,0.0,10.15625
"2025-03-23 09:00:00","2025-03-23 10:00:00",WN,196,196,0,0,1.9540816326530612,0.0,8.16326530612245
"2025-03-23 10:00:00","2025-03-23 11:00:00",AA,139,139,0,0,17.510791366906474,0.0,17.985611510791365
"2025-03-23 10:00:00","2025-03-23 11:00:00",DL,161,161,0,0,3.472049689440994,0.0,15.527950310559007
"2025-03-23 10:00:00","2025-03-23 11:00:00",UA,124,123,1,0,6.487804878048781,0.8064516129032258,11.382113821138212
"2025-03-23 10:00:00","2025-03-23 11:00:00",WN,236,236,0,0,2.75,0.0,8.474576271186441
"2025-03-23 11:00:00","2025-03-23 12:00:00",AA,163,163,0,0,3.4294478527607364,0.0,13.496932515337424
"2025-03-23 11:00:00","2025-03-23 12:00:00",DL,209,209,0,0,10.933014354066986,0.0,17.70334928229665
"2025-03-23 11:00:00","2025-03-23 12:00:00",UA,117,117,0,0,3.5982905982905984,0.0,9.401709401709402
"2025-03-23 11:00:00","2025-03-23 12:00:00",WN,215,215,0,0,4.967441860465116,0.0,9.30232558139535
"2025-03-23 12:00:00","2025-03-23 13:00:00",AA,144,143,0,1,12.73611111111111,0.0,18.055555555555557
"2025-03-23 12:00:00","2025-03-23 13:00:00",DL,160,160,0,0,5.35,0.0,15.625
"2025-03-23 12:00:00","2025-03-23 13:00:00",UA,117,117,0,0,6.230769230769231,0.0,13.675213675213675
"2025-03-23 12:00:00","2025-03-23 13:00:00",WN,221,220,1,0,5.027272727272727,0.45248868778280543,15.0
"2025-03-23 13:00:00","2025-03-23 14:00:00",AA,145,145,0,0,11.606896551724137,0.0,17.24137931034483
"2025-03-23 13:00:00","2025-03-23 14:00:00",DL,158,157,0,1,3.759493670886076,0.0,13.924050632911392
"2025-03-23 13:00:00","2025-03-23 14:00:00",UA,139,139,0,0,10.503597122302159,0.0,17.26618705035971
"2025-03-23 13:00:00","2025-03-23 14:00:00",WN,235,232,1,2,6.205128205128205,0.425531914893617,17.094017094017094
"2025-03-23 14:00:00","2025-03-23 15:00:00",AA,138,138,0,0,7.36231884057971,0.0,13.768115942028986
"2025-03-23 14:00:00","2025-03-23 15:00:00",DL,152,152,0,0,15.618421052631579,0.0,19.07894736842105
"2025-03-23 14:00:00","2025-03-23 15:00:00",UA,126,124,2,0,7.07258064516129,1.5873015873015872,16.129032258064516
"2025-03-23 14:00:00","2025-03-23 15:00:00",WN,211,211,0,0,8.663507109004739,0.0,18.95734597156398
"2025-03-23 15:00:00","2025-03-23 16:00:00",AA,146,146,0,0,17.095890410958905,0.0,24.65753424657534
"2025-03-23 15:00:00","2025-03-23 16:00:00",DL,178,178,0,0,11.196629213483146,0.0,17.97752808988764
"2025-03-23 15:00:00","2025-03-23 16:00:00",UA,88,87,0,1,4.431818181818182,0.0,10.227272727272727
"2025-03-23 15:00:00","2025-03-23 16:00:00",WN,224,224,0,0,7.232142857142857,0.0,18.303571428571427
"2025-03-23 16:00:00","2025-03-23 17:00:00",AA,142,142,0,0,15.795774647887324,0.0,23.239436619718308
"2025-03-23 16:00:00","2025-03-23 17:00:00",DL,135,135,0,0,10.25925925925926,0.0,22.962962962962962
"2025-03-23 16:00:00","2025-03-23 17:00:00",UA,140,139,1,0,8.482014388489208,0.7142857142857143,15.107913669064748
"2025-03-23 16:00:00","2025-03-23 17:00:00",WN,235,233,0,2,8.795744680851064,0.0,20.851063829787233
"2025-03-23 17:00:00","2025-03-23 18:00:00",AA,153,153,0,0,18.705882352941178,0.0,22.22222222222222
"2025-03-23 17:00:00","2025-03-23 18:00:00",DL,183,182,0,1,9.950819672131148,0.0,18.579234972677597
"2025-03-23 17:00:00","2025-03-23 18:00:00",UA,129,128,0,1,8.914728682170542,0.0,18.6046511627907
"2025-03-23 17:00:00","2025-03-23 18:00:00",WN,240,238,0,2,11.920833333333333,0.0,25.416666666666668
"2025-03-23 18:00:00","2025-03-23 19:00:00",AA,166,165,0,1,9.94578313253012,0.0,23.49397590361446
"2025-03-23 18:00:00","2025-03-23 19:00:00",DL,164,163,0,1,9.189024390243903,0.0,23.170731707317074
"2025-03-23 18:00:00","2025-03-23 19:00:00",UA,148,146,0,2,6.4391891891891895,0.0,16.216216216216218
"2025-03-23 18:00:00","2025-03-23 19:00:00",WN,223,222,0,1,8.77578475336323,0.0,25.112107623318387
"2025-03-23 19:00:00","2025-03-23 20:00:00",AA,161,160,0,1,12.248447204968944,0.0,23.60248447204969
"2025-03-23 19:00:00","2025-03-23 20:00:00",DL,171,171,0,0,16.619883040935672,0.0,29.82456140350877
"2025-03-23 19:00:00","2025-03-23 20:00:00",UA,135,135,0,0,11.0,0.0,23.703703703703702
"2025-03-23 19:00:00","2025-03-23 20:00:00",WN,244,243,0,1,11.737704918032787,0.0,24.59016393442623
"2025-03-23 20:00:00","2025-03-23 21:00:00",AA,123,122,0,1,14.707317073170731,0.0,26.829268292682926
"2025-03-23 20:00:00","2025-03-23 21:00:00",DL,115,113,0,2,13.434782608695652,0.0,26.08695652173913
"2025-03-23 20:00:00","2025-03-23 21:00:00",UA,98,98,0,0,13.10204081632653,0.0,23.46938775510204
"2025-03-23 20:00:00","2025-03-23 21:00:00",WN,247,246,0,1,16.02834008097166,0.0,28.74493927125506
"2025-03-23 21:00:00","2025-03-23 22:00:00",AA,91,89,0,2,9.835164835164836,0.0,21.978021978021978
"2025-03-23 21:00:00","2025-03-23 22:00:00",DL,99,98,0,1,8.030303030303031,0.0,19.19191919191919
"2025-03-23 21:00:00","2025-03-23 22:00:00",UA,64,64,0,0,8.53125,0.0,25.0
"2025-03-23 21:00:00","2025-03-23 22:00:00",WN,192,191,0,1,15.098958333333334,0.0,31.25
"2025-03-23 22:00:00","2025-03-23 23:00:00",AA,98,98,0,0,18.53061224489796,0.0,30.612244897959183
"2025-03-23 22:00:00","2025-03-23 23:00:00",DL,100,100,0,0,14.89,0.0,29.0
"2025-03-23 22:00:00","2025-03-23 23:00:00",UA,36,36,0,0,5.0,0.0,8.333333333333334
"2025-03-23 22:00:00","2025-03-23 23:00:00",WN,159,159,0,0,16.867924528301888,0.0,33.333333333333336
"2025-03-23 23:00:00","2025-03-24 00:00:00",AA,27,27,0,0,9.37037037037037,0.0,22.22222222222222
"2025-03-23 23:00:00","2025-03-24 00:00:00",DL,38,38,0,0,34.05263157894737,0.0,28.94736842105263
"2025-03-23 23:00:00","2025-03-24 00:00:00",UA,46,46,0,0,-0.5,0.0,10.869565217391305
"2025-03-23 23:00:00","2025-03-24 00:00:00",WN,9,9,0,0,4.333333333333333,0.0,11.11111111111111
"2025-03-24 00:00:00","2025-03-24 01:00:00",AA,8,8,0,0,-1.375,0.0,12.5
"2025-03-24 00:00:00","2025-03-24 01:00:00",DL,7,7,0,0,2.7142857142857144,0.0,28.571428571428573
"2025-03-24 00:00:00","2025-03-24 01:00:00",UA,8,8,0,0,14.875,0.0,12.5
"2025-03-24 01:00:00","2025-03-24 02:00:00",DL,2,2,0,0,-14.0,0.0,0.0
"2025-03-24 01:00:00","2025-03-24 02:00:00",UA,1,1,0,0,39.0,0.0,100.0
"2025-03-24 05:00:00","2025-03-24 06:00:00",AA,107,107,0,0,0.037383177570093455,0.0,3.7383177570093458
"2025-03-24 05:00:00","2025-03-24 06:00:00",DL,69,69,0,0,3.9130434782608696,0.0,7.246376811594203
"2025-03-24 05:00:00","2025-03-24 06:00:00",UA,42,42,0,0,-4.0,0.0,0.0
"2025-03-24 05:00:00","2025-03-24 06:00:00",WN,194,193,0,1,-2.1804123711340204,0.0,3.0927835051546393
"2025-03-24 06:00:00","2025-03-24 07:00:00",AA,185,185,0,0,-1.4216216216216215,0.0,6.486486486486487
"2025-03-24 06:00:00","2025-03-24 07:00:00",DL,188,187,0,1,1.9840425531914894,0.0,6.382978723404255
"2025-03-24 06:00:00","2025-03-24 07:00:00",UA,141,141,0,0,0.14893617021276595,0.0,5.673758865248227
"2025-03-24 06:00:00","2025-03-24 07:00:00",WN,302,301,1,0,-0.6378737541528239,0.33112582781456956,4.983388704318937
"2025-03-24 07:00:00","2025-03-24 08:00:00",AA,221,220,0,1,0.6832579185520362,0.0,9.049773755656108
"2025-03-24 07:00:00","2025-03-24 08:00:00",DL,243,243,0,0,4.563786008230453,0.0,8.641975308641975
"2025-03-24 07:00:00","2025-03-24 08:00:00",UA,204,204,0,0,3.877450980392157,0.0,5.882352941176471
"2025-03-24 07:00:00","2025-03-24 08:00:00",WN,235,235,0,0,2.595744680851064,0.0,7.23404255319149
"2025-03-24 08:00:00","2025-03-24 09:00:00",AA,199,199,0,0,23.64321608040201,0.0,9.045226130653266
"2025-03-24 08:00:00","2025-03-24 09:00:00",DL,181,180,0,1,4.099447513812155,0.0,7.734806629834254
"2025-03-24 08:00:00","2025-03-24 09:00:00",UA,172,171,1,0,3.456140350877193,0.5813953488372093,8.771929824561404
"2025-03-24 08:00:00","2025-03-24 09:00:00",WN,266,265,0,1,2.526315789473684,0.0,6.390977443609023
"2025-03-24 09:00:00","2025-03-24 10:00:00",AA,132,131,0,1,9.151515151515152,0.0,9.848484848484848
"2025-03-24 09:00:00","2025-03-24 10:00:00",DL,131,130,0,1,16.229007633587788,0.0,20.610687022900763
"2025-03-24 09:00:00","2025-03-24 10:00:00",UA,128,128,0,0,7.3671875,0.0,7.03125
"2025-03-24 09:00:00","2025-03-24 10:00:00",WN,232,232,0,0,4.306034482758621,0.0,11.206896551724139
"2025-03-24 10:00:00","2025-03-24 11:00:00",AA,136,136,0,0,6.169117647058823,0.0,11.764705882352942
"2025-03-24 10:00:00","2025-03-24 11:00:00",DL,159,159,0,0,6.628930817610063,0.0,17.61006289308176
"2025-03-24 10:00:00","2025-03-24 11:00:00",UA,121,121,0,0,5.553719008264463,0.0,13.223140495867769
"2025-03-24 10:00:00","2025-03-24 11:00:00",WN,235,234,1,0,2.2393162393162394,0.425531914893617,7.6923076923076925
"2025-03-24 11:00:00","2025-03-24 12:00:00",AA,168,167,0,1,19.458333333333332,0.0,17.857142857142858
"2025-03-24 11:00:00","2025-03-24 12:00:00",DL,206,206,0,0,12.46116504854369,0.0,23.300970873786408
"2025-03-24 11:00:00","2025-03-24 12:00:00",UA,125,124,0,1,1.216,0.0,9.6
"2025-03-24 11:00:00","2025-03-24 12:00:00",WN,237,237,0,0,5.666666666666667,0.0,15.611814345991561
"2025-03-24 12:00:00","2025-03-24 13:00:00",AA,143,143,0,0,9.384615384615385,0.0,17.482517482517483
"2025-03-24 12:00:00","2025-03-24 13:00:00",DL,164,164,0,0,12.792682926829269,0.0,22.5609756097561
"2025-03-24 12:00:00","2025-03-24 13:00:00",UA,129,129,0,0,4.3023255813953485,0.0,14.728682170542635
"2025-03-24 12:00:00","2025-03-24 13:00:00",WN,222,222,0,0,7.774774774774775,0.0,18.01801801801802
"2025-03-24 13:00:00","2025-03-24 14:00:00",AA,145,145,0,0,9.26896551724138,0.0,17.93103448275862
"2025-03-24 13:00:00","2025-03-24 14:00:00",DL,154,154,0,0,15.246753246753247,0.0,24.675324675324674
"2025-03-24 13:00:00","2025-03-24 14:00:00",UA,135,135,0,0,5.933333333333334,0.0,8.88888888888889
"2025-03-24 13:00:00","2025-03-24 14:00:00",WN,238,238,0,0,7.046218487394958,0.0,19.747899159663866
"2025-03-24 14:00:00","2025-03-24 15:00:00",AA,143,143,0,0,14.37062937062937,0.0,20.27972027972028
"2025-03-24 14:00:00","2025-03-24 15:00:00",DL,154,154,0,0,16.071428571428573,0.0,26.623376623376622
"2025-03-24 14:00:00","2025-03-24 15:00:00",UA,127,127,0,0,6.338582677165355,0.0,17.322834645669293
"2025-03-24 14:00:00","2025-03-24 15:00:00",WN,247,247,0,0,11.1417004048583,0.0,25.910931174089068
"2025-03-24 15:00:00","2025-03-24 16:00:00",AA,143,143,0,0,10.181818181818182,0.0,20.27972027972028
"2025-03-24 15:00:00","2025-03-24 16:00:00",DL,182,182,0,0,13.291208791208792,0.0,28.021978021978022
"2025-03-24 15:00:00","2025-03-24 16:00:00",UA,95,95,0,0,13.442105263157895,0.0,25.263157894736842
"2025-03-24 15:00:00","2025-03-24 16:00:00",WN,215,215,0,0,8.511627906976743,0.0,20.0
"2025-03-24 16:00:00","2025-03-24 17:00:00",AA,144,144,0,0,29.881944444444443,0.0,29.86111111111111
"2025-03-24 16:00:00","2025-03-24 17:00:00",DL,139,139,0,0,20.431654676258994,0.0,32.37410071942446
"2025-03-24 16:00:00","2025-03-24 17:00:00",UA,140,139,1,0,9.057553956834532,0.7142857142857143,26.618705035971225
"2025-03-24 16:00:00","2025-03-24 17:00:00",WN,234,232,1,1,9.725321888412017,0.42735042735042733,23.605150214592275
"2025-03-24 17:00:00","2025-03-24 18:00:00",AA,155,155,0,0,21.93548387096774,0.0,27.096774193548388
"2025-03-24 17:00:00","2025-03-24 18:00:00",DL,180,180,0,0,17.022222222222222,0.0,32.77777777777778
"2025-03-24 17:00:00","2025-03-24 18:00:00",UA,139,139,0,0,8.597122302158274,0.0,21.58273381294964
"2025-03-24 17:00:00","2025-03-24 18:00:00",WN,235,235,0,0,13.463829787234042,0.0,30.21276595744681
"2025-03-24 18:00:00","2025-03-24 19:00:00",AA,161,161,0,0,11.267080745341614,0.0,22.36024844720497
"2025-03-24 18:00:00","2025-03-24 19:00:00",DL,170,170,0,0,8.4,0.0,22.941176470588236
"2025-03-24 18:00:00","2025-03-24 19:00:00",UA,145,145,0,0,14.50344827586207,0.0,18.620689655172413
"2025-03-24 18:00:00","2025-03-24 19:00:00",WN,243,242,1,0,9.289256198347108,0.411522633744856,23.96694214876033
"2025-03-24 19:00:00","2025-03-24 20:00:00",AA,161,161,0,0,17.51552795031056,0.0,27.32919254658385
"2025-03-24 19:00:00","2025-03-24 20:00:00",DL,163,163,0,0,20.26993865030675,0.0,36.19631901840491
"2025-03-24 19:00:00","2025-03-24 20:00:00",UA,126,126,0,0,6.984126984126984,0.0,16.666666666666668
"2025-03-24 19:00:00","2025-03-24 20:00:00",WN,217,217,0,0,8.857142857142858,0.0,20.737327188940093
"2025-03-24 20:00:00","2025-03-24 21:00:00",AA,126,126,0,0,8.880952380952381,0.0,21.428571428571427
"2025-03-24 20:00:00","2025-03-24 21:00:00",DL,119,119,0,0,7.3277310924369745,0.0,21.84873949579832
"2025-03-24 20:00:00","2025-03-24 21:00:00",UA,96,96,0,0,10.010416666666666,0.0,22.916666666666668
"2025-03-24 20:00:00","2025-03-24 21:00:00",WN,271,271,0,0,8.789667896678967,0.0,23.616236162361623
"2025-03-24 21:00:00","2025-03-24 22:00:00",AA,87,87,0,0,5.816091954022989,0.0,19.54022988505747
"2025-03-24 21:00:00","2025-03-24 22:00:00",DL,98,98,0,0,11.683673469387756,0.0,26.53061224489796
"2025-03-24 21:00:00","2025-03-24 22:00:00",UA,56,56,0,0,2.1785714285714284,0.0,8.928571428571429
"2025-03-24 21:00:00","2025-03-24 22:00:00",WN,163,163,0,0,5.5030674846625764,0.0,15.950920245398773
"2025-03-24 22:00:00","2025-03-24 23:00:00",AA,100,100,0,0,7.83,0.0,21.0
"2025-03-24 22:00:00","2025-03-24 23:00:00",DL,98,98,0,0,4.795918367346939,0.0,14.285714285714286
"2025-03-24 22:00:00","2025-03-24 23:00:00",UA,32,32,0,0,0.34375,0.0,9.375
"2025-03-24 22:00:00","2025-03-24 23:00:00",WN,133,133,0,0,5.0,0.0,15.789473684210526
"2025-03-24 23:00:00","2025-03-25 00:00:00",AA,26,26,0,0,-0.6538461538461539,0.0,7.6923076923076925
"2025-03-24 23:00:00","2025-03-25 00:00:00",DL,37,37,0,0,0.0,0.0,10.81081081081081
"2025-03-24 23:00:00","2025-03-25 00:00:00",UA,35,35,0,0,1.0857142857142856,0.0,11.428571428571429
"2025-03-24 23:00:00","2025-03-25 00:00:00",WN,9,9,0,0,0.7777777777777778,0.0,0.0
"2025-03-25 00:00:00","2025-03-25 01:00:00",AA,10,10,0,0,-7.4,0.0,0.0
"2025-03-25 00:00:00","2025-03-25 01:00:00",DL,7,7,0,0,-10.714285714285714,0.0,0.0
"2025-03-25 00:00:00","2025-03-25 01:00:00",UA,6,6,0,0,0.3333333333333333,0.0,16.666666666666668
"2025-03-25 01:00:00","2025-03-25 02:00:00",DL,2,2,0,0,-2.5,0.0,0.0
"2025-03-25 01:00:00","2025-03-25 02:00:00",UA,1,1,0,0,-6.0,0.0,0.0
"2025-03-25 05:00:00","2025-03-25 06:00:00",AA,111,111,0,0,-5.09009009009009,0.0,4.504504504504505
"2025-03-25 05:00:00","2025-03-25 06:00:00",DL,67,67,0,0,-5.164179104477612,0.0,5.970149253731344
"2025-03-25 05:00:00","2025-03-25 06:00:00",UA,36,36,0,0,-6.722222222222222,0.0,0.0
"2025-03-25 05:00:00","2025-03-25 06:00:00",WN,105,105,0,0,-3.8380952380952382,0.0,0.0
"2025-03-25 06:00:00","2025-03-25 07:00:00",AA,190,190,0,0,-3.442105263157895,0.0,2.6315789473684212
"2025-03-25 06:00:00","2025-03-25 07:00:00",DL,187,187,0,0,1.2192513368983957,0.0,4.81283422459893
"2025-03-25 06:00:00","2025-03-25 07:00:00",UA,131,131,0,0,-3.648854961832061,0.0,5.343511450381679
"2025-03-25 06:00:00","2025-03-25 07:00:00",WN,301,301,0,0,-1.5016611295681064,0.0,2.3255813953488373
"2025-03-25 07:00:00","2025-03-25 08:00:00",AA,221,221,0,0,5.425339366515837,0.0,5.882352941176471
"2025-03-25 07:00:00","2025-03-25 08:00:00",DL,242,242,0,0,-1.2892561983471074,0.0,6.198347107438017
"2025-03-25 07:00:00","2025-03-25 08:00:00",UA,192,191,1,0,-1.0837696335078535,0.5208333333333334,5.7591623036649215
"2025-03-25 07:00:00","2025-03-25 08:00:00",WN,243,242,1,0,-1.6487603305785123,0.411522633744856,4.132231404958677
"2025-03-25 08:00:00","2025-03-25 09:00:00",AA,197,197,0,0,1.116751269035533,0.0,6.598984771573604
"2025-03-25 08:00:00","2025-03-25 09:00:00",DL,177,177,0,0,-2.7062146892655368,0.0,4.519774011299435
"2025-03-25 08:00:00","2025-03-25 09:00:00",UA,167,167,0,0,-0.9820359281437125,0.0,5.9880239520958085
"2025-03-25 08:00:00","2025-03-25 09:00:00",WN,270,270,0,0,-1.5407407407407407,0.0,4.074074074074074
"2025-03-25 09:00:00","2025-03-25 10:00:00",AA,132,131,1,0,1.4809160305343512,0.7575757575757576,14.50381679389313
"2025-03-25 09:00:00","2025-03-25 10:00:00",DL,132,132,0,0,-0.24242424242424243,0.0,5.303030303030303
"2025-03-25 09:00:00","2025-03-25 10:00:00",UA,127,127,0,0,-1.047244094488189,0.0,5.511811023622047
"2025-03-25 09:00:00","2025-03-25 10:00:00",WN,199,198,1,0,-0.08080808080808081,0.5025125628140703,6.0606060606060606
"2025-03-25 10:00:00","2025-03-25 11:00:00",AA,139,138,1,0,7.956521739130435,0.7194244604316546,14.492753623188406
"2025-03-25 10:00:00","2025-03-25 11:00:00",DL,156,156,0,0,-1.2756410256410255,0.0,5.769230769230769
"2025-03-25 10:00:00","2025-03-25 11:00:00",UA,126,124,1,1,-1.368,0.7936507936507936,6.4
"2025-03-25 10:00:00","2025-03-25 11:00:00",WN,245,243,2,0,1.3415637860082306,0.8163265306122449,10.699588477366255
"2025-03-25 11:00:00","2025-03-25 12:00:00",AA,166,166,0,0,14.180722891566266,0.0,20.481927710843372
"2025-03-25 11:00:00","2025-03-25 12:00:00",DL,205,205,0,0,1.2634146341463415,0.0,10.24390243902439
"2025-03-25 11:00:00","2025-03-25 12:00:00",UA,121,121,0,0,-2.0,0.0,4.958677685950414
"2025-03-25 11:00:00","2025-03-25 12:00:00",WN,225,225,0,0,2.422222222222222,0.0,7.111111111111111
"2025-03-25 12:00:00","2025-03-25 13:00:00",AA,143,143,0,0,6.573426573426573,0.0,11.188811188811188
"2025-03-25 12:00:00","2025-03-25 13:00:00",DL,157,157,0,0,2.5923566878980893,0.0,8.280254777070065
"2025-03-25 12:00:00","2025-03-25 13:00:00",UA,125,125,0,0,3.768,0.0,10.4
"2025-03-25 12:00:00","2025-03-25 13:00:00",WN,234,232,1,1,2.9785407725321886,0.42735042735042733,9.012875536480687
"2025-03-25 13:00:00","2025-03-25 14:00:00",AA,144,144,0,0,5.895833333333333,0.0,13.88888888888889
"2025-03-25 13:00:00","2025-03-25 14:00:00",DL,146,146,0,0,1.082191780821918,0.0,7.534246575342466
"2025-03-25 13:00:00","2025-03-25 14:00:00",UA,132,132,0,0,8.007575757575758,0.0,11.363636363636363
"2025-03-25 13:00:00","2025-03-25 14:00:00",WN,235,234,1,0,1.1495726495726495,0.425531914893617,8.974358974358974
"2025-03-25 14:00:00","2025-03-25 15:00:00",AA,141,141,0,0,16.170212765957448,0.0,23.404255319148938
"2025-03-25 14:00:00","2025-03-25 15:00:00",DL,139,139,0,0,1.5539568345323742,0.0,10.071942446043165
"2025-03-25 14:00:00","2025-03-25 15:00:00",UA,119,119,0,0,1.546218487394958,0.0,9.243697478991596
"2025-03-25 14:00:00","2025-03-25 15:00:00",WN,215,215,0,0,2.4976744186046513,0.0,8.837209302325581
"2025-03-25 15:00:00","2025-03-25 16:00:00",AA,138,136,0,2,15.869565217391305,0.0,26.81159420289855
"2025-03-25 15:00:00","2025-03-25 16:00:00",DL,171,171,0,0,8.76608187134503,0.0,12.280701754385966
"2025-03-25 15:00:00","2025-03-25 16:00:00",UA,85,85,0,0,0.7764705882352941,0.0,9.411764705882353
"2025-03-25 15:00:00","2025-03-25 16:00:00",WN,206,206,0,0,5.262135922330097,0.0,13.106796116504855
"2025-03-25 16:00:00","2025-03-25 17:00:00",AA,143,143,0,0,9.20979020979021,0.0,22.377622377622377
"2025-03-25 16:00:00","2025-03-25 17:00:00",DL,129,129,0,0,5.744186046511628,0.0,13.178294573643411
"2025-03-25 16:00:00","2025-03-25 17:00:00",UA,139,138,1,0,3.471014492753623,0.7194244604316546,12.318840579710145
"2025-03-25 16:00:00","2025-03-25 17:00:00",WN,238,238,0,0,1.1596638655462186,0.0,10.92436974789916
"2025-03-25 17:00:00","2025-03-25 18:00:00",AA,154,152,0,2,16.18831168831169,0.0,26.623376623376622
"2025-03-25 17:00:00","2025-03-25 18:00:00",DL,177,176,1,0,-0.03409090909090909,0.5649717514124294,8.522727272727273
"2025-03-25 17:00:00","2025-03-25 18:00:00",UA,131,130,1,0,0.8923076923076924,0.7633587786259542,8.461538461538462
"2025-03-25 17:00:00","2025-03-25 18:00:00",WN,230,228,0,2,5.439130434782609,0.0,14.347826086956522
"2025-03-25 18:00:00","2025-03-25 19:00:00",AA,168,167,0,1,31.625,0.0,28.571428571428573
"2025-03-25 18:00:00","2025-03-25 19:00:00",DL,155,155,0,0,-0.8903225806451613,0.0,9.03225806451613
"2025-03-25 18:00:00","2025-03-25 19:00:00",UA,134,133,0,1,7.507462686567164,0.0,15.671641791044776
"2025-03-25 18:00:00","2025-03-25 19:00:00",WN,218,213,0,5,2.5275229357798166,0.0,9.174311926605505
"2025-03-25 19:00:00","2025-03-25 20:00:00",AA,159,159,0,0,27.0188679245283,0.0,37.106918238993714
"2025-03-25 19:00:00","2025-03-25 20:00:00",DL,126,126,0,0,12.380952380952381,0.0,18.253968253968253
"2025-03-25 19:00:00","2025-03-25 20:00:00",UA,114,114,0,0,-0.2894736842105263,0.0,8.771929824561404
"2025-03-25 19:00:00","2025-03-25 20:00:00",WN,278,277,0,1,5.345323741007194,0.0,14.748201438848922
"2025-03-25 20:00:00","2025-03-25 21:00:00",AA,126,126,0,0,27.150793650793652,0.0,30.158730158730158
"2025-03-25 20:00:00","2025-03-25 21:00:00",DL,94,94,0,0,6.840425531914893,0.0,14.893617021276595
"2025-03-25 20:00:00","2025-03-25 21:00:00",UA,91,91,0,0,6.989010989010989,0.0,15.384615384615385
"2025-03-25 20:00:00","2025-03-25 21:00:00",WN,180,180,0,0,14.472222222222221,0.0,25.555555555555557
"2025-03-25 21:00:00","2025-03-25 22:00:00",AA,87,87,0,0,25.17241379310345,0.0,41.37931034482759
"2025-03-25 21:00:00","2025-03-25 22:00:00",DL,76,75,0,1,1.013157894736842,0.0,9.210526315789474
"2025-03-25 21:00:00","2025-03-25 22:00:00",UA,40,40,0,0,-0.575,0.0,5.0
"2025-03-25 21:00:00","2025-03-25 22:00:00",WN,156,156,0,0,8.198717948717949,0.0,17.94871794871795
"2025-03-25 22:00:00","2025-03-25 23:00:00",AA,99,98,1,0,17.785714285714285,1.0101010101010102,30.612244897959183
"2025-03-25 22:00:00","2025-03-25 23:00:00",DL,93,93,0,0,-3.6881720430107525,0.0,3.225806451612903
"2025-03-25 22:00:00","2025-03-25 23:00:00",UA,30,30,0,0,-3.7666666666666666,0.0,3.3333333333333335
"2025-03-25 22:00:00","2025-03-25 23:00:00",WN,10,10,0,0,9.1,0.0,20.0
"2025-03-25 23:00:00","2025-03-26 00:00:00",AA,26,26,0,0,4.923076923076923,0.0,15.384615384615385
"2025-03-25 23:00:00","2025-03-26 00:00:00",DL,31,31,0,0,-1.6129032258064515,0.0,6.451612903225806
"2025-03-25 23:00:00","2025-03-26 00:00:00",UA,33,33,0,0,-5.303030303030303,0.0,3.0303030303030303
"2025-03-25 23:00:00","2025-03-26 00:00:00",WN,9,9,0,0,-2.2222222222222223,0.0,0.0
"2025-03-26 00:00:00","2025-03-26 01:00:00",AA,9,9,0,0,-3.6666666666666665,0.0,0.0
"2025-03-26 00:00:00","2025-03-26 01:00:00",DL,3,3,0,0,-6.0,0.0,0.0
"2025-03-26 00:00:00","2025-03-26 01:00:00",UA,4,4,0,0,-3.5,0.0,0.0
"2025-03-26 01:00:00","2025-03-26 02:00:00",DL,2,2,0,0,-9.0,0.0,0.0
"2025-03-26 01:00:00","2025-03-26 02:00:00",UA,1,1,0,0,-4.0,0.0,0.0
"2025-03-26 05:00:00","2025-03-26 06:00:00",AA,110,109,1,0,15.752293577981652,0.9090909090909091,6.422018348623853
"2025-03-26 05:00:00","2025-03-26 06:00:00",DL,66,66,0,0,-0.5909090909090909,0.0,3.0303030303030303
"2025-03-26 05:00:00","2025-03-26 06:00:00",UA,36,36,0,0,-0.8611111111111112,0.0,5.555555555555555
"2025-03-26 05:00:00","2025-03-26 06:00:00",WN,107,107,0,0,-3.1682242990654204,0.0,1.8691588785046729
"2025-03-26 06:00:00","2025-03-26 07:00:00",AA,188,188,0,0,-3.5106382978723403,0.0,4.25531914893617
"2025-03-26 06:00:00","2025-03-26 07:00:00",DL,183,183,0,0,-6.087431693989071,0.0,0.546448087431694
"2025-03-26 06:00:00","2025-03-26 07:00:00",UA,130,130,0,0,-5.876923076923077,0.0,3.076923076923077
"2025-03-26 06:00:00","2025-03-26 07:00:00",WN,301,301,0,0,-2.920265780730897,0.0,2.6578073089700998
"2025-03-26 07:00:00","2025-03-26 08:00:00",AA,222,222,0,0,4.292792792792793,0.0,8.108108108108109
"2025-03-26 07:00:00","2025-03-26 08:00:00",DL,244,244,0,0,1.9795081967213115,0.0,4.508196721311475
"2025-03-26 07:00:00","2025-03-26 08:00:00",UA,193,193,0,0,-2.5854922279792745,0.0,4.66321243523316
"2025-03-26 07:00:00","2025-03-26 08:00:00",WN,241,241,0,0,-1.954356846473029,0.0,2.904564315352697
"2025-03-26 08:00:00","2025-03-26 09:00:00",AA,196,196,0,0,6.061224489795919,0.0,10.204081632653061
"2025-03-26 08:00:00","2025-03-26 09:00:00",DL,177,176,0,1,1.2598870056497176,0.0,5.649717514124294
"2025-03-26 08:00:00","2025-03-26 09:00:00",UA,171,171,0,0,-2.3684210526315788,0.0,4.678362573099415
"2025-03-26 08:00:00","2025-03-26 09:00:00",WN,269,269,0,0,-1.903345724907063,0.0,1.1152416356877324
"2025-03-26 09:00:00","2025-03-26 10:00:00",AA,129,129,0,0,9.984496124031008,0.0,12.4031007751938
"2025-03-26 09:00:00","2025-03-26 10:00:00",DL,131,131,0,0,0.007633587786259542,0.0,5.343511450381679
"2025-03-26 09:00:00","2025-03-26 10:00:00",UA,130,130,0,0,-0.8538461538461538,0.0,5.384615384615385
"2025-03-26 09:00:00","2025-03-26 10:00:00",WN,202,202,0,0,-0.5148514851485149,0.0,4.455445544554456
"2025-03-26 10:00:00","2025-03-26 11:00:00",AA,133,133,0,0,6.052631578947368,0.0,12.030075187969924
"2025-03-26 10:00:00","2025-03-26 11:00:00",DL,154,154,0,0,1.1883116883116882,0.0,5.8441558441558445
"2025-03-26 10:00:00","2025-03-26 11:00:00",UA,123,123,0,0,-1.4878048780487805,0.0,4.878048780487805
"2025-03-26 10:00:00","2025-03-26 11:00:00",WN,244,244,0,0,-0.2540983606557377,0.0,4.098360655737705
"2025-03-26 11:00:00","2025-03-26 12:00:00",AA,167,166,0,1,3.1736526946107784,0.0,12.574850299401197
"2025-03-26 11:00:00","2025-03-26 12:00:00",DL,207,206,0,1,2.9033816425120773,0.0,7.246376811594203
"2025-03-26 11:00:00","2025-03-26 12:00:00",UA,124,124,0,0,-3.096774193548387,0.0,2.4193548387096775
"2025-03-26 11:00:00","2025-03-26 12:00:00",WN,223,221,1,1,2.184684684684685,0.4484304932735426,7.207207207207207
"2025-03-26 12:00:00","2025-03-26 13:00:00",AA,142,142,0,0,8.795774647887324,0.0,17.6056338028169
"2025-03-26 12:00:00","2025-03-26 13:00:00",DL,163,162,1,0,1.8271604938271604,0.6134969325153374,8.641975308641975
"2025-03-26 12:00:00","2025-03-26 13:00:00",UA,123,123,0,0,0.7317073170731707,0.0,7.317073170731708
"2025-03-26 12:00:00","2025-03-26 13:00:00",WN,234,231,3,0,1.5757575757575757,1.2820512820512822,6.0606060606060606
"2025-03-26 13:00:00","2025-03-26 14:00:00",AA,149,149,0,0,5.912751677852349,0.0,13.422818791946309
"2025-03-26 13:00:00","2025-03-26 14:00:00",DL,152,152,0,0,4.125,0.0,15.789473684210526
"2025-03-26 13:00:00","2025-03-26 14:00:00",UA,138,138,0,0,3.3840579710144927,0.0,11.594202898550725
"2025-03-26 13:00:00","2025-03-26 14:00:00",WN,234,233,1,0,4.660944206008583,0.42735042735042733,10.729613733905579
"2025-03-26 14:00:00","2025-03-26 15:00:00",AA,142,142,0,0,9.295774647887324,0.0,18.309859154929576
"2025-03-26 14:00:00","2025-03-26 15:00:00",DL,143,143,0,0,9.153846153846153,0.0,13.286713286713287
"2025-03-26 14:00:00","2025-03-26 15:00:00",UA,124,124,0,0,1.685483870967742,0.0,8.870967741935484
"2025-03-26 14:00:00","2025-03-26 15:00:00",WN,220,220,0,0,3.381818181818182,0.0,10.909090909090908
"2025-03-26 15:00:00","2025-03-26 16:00:00",AA,136,136,0,0,9.279411764705882,0.0,19.11764705882353
"2025-03-26 15:00:00","2025-03-26 16:00:00",DL,175,175,0,0,7.222857142857142,0.0,16.0
"2025-03-26 15:00:00","2025-03-26 16:00:00",UA,90,90,0,0,5.533333333333333,0.0,11.11111111111111
"2025-03-26 15:00:00","2025-03-26 16:00:00",WN,204,203,1,0,6.517241379310345,0.49019607843137253,13.793103448275861
"2025-03-26 16:00:00","2025-03-26 17:00:00",AA,143,143,0,0,7.356643356643357,0.0,18.181818181818183
"2025-03-26 16:00:00","2025-03-26 17:00:00",DL,126,125,0,1,3.3253968253968256,0.0,11.11111111111111
"2025-03-26 16:00:00","2025-03-26 17:00:00",UA,133,133,0,0,5.7293233082706765,0.0,9.774436090225564
"2025-03-26 16:00:00","2025-03-26 17:00:00",WN,239,239,0,0,5.389121338912134,0.0,10.878661087866108
"2025-03-26 17:00:00","2025-03-26 18:00:00",AA,149,149,0,0,13.355704697986576,0.0,24.161073825503355
"2025-03-26 17:00:00","2025-03-26 18:00:00",DL,177,177,0,0,7.03954802259887,0.0,16.384180790960453
"2025-03-26 17:00:00","2025-03-26 18:00:00",UA,134,134,0,0,7.641791044776119,0.0,17.16417910447761
"2025-03-26 17:00:00","2025-03-26 18:00:00",WN,226,226,0,0,6.575221238938053,0.0,15.486725663716815
"2025-03-26 18:00:00","2025-03-26 19:00:00",AA,163,163,0,0,10.889570552147239,0.0,24.539877300613497
"2025-03-26 18:00:00","2025-03-26 19:00:00",DL,154,154,0,0,4.363636363636363,0.0,16.233766233766232
"2025-03-26 18:00:00","2025-03-26 19:00:00",UA,146,146,0,0,10.842465753424657,0.0,21.91780821917808
"2025-03-26 18:00:00","2025-03-26 19:00:00",WN,216,216,0,0,8.291666666666666,0.0,15.277777777777779
"2025-03-26 19:00:00","2025-03-26 20:00:00",AA,159,159,0,0,9.716981132075471,0.0,22.641509433962263
"2025-03-26 19:00:00","2025-03-26 20:00:00",DL,129,129,0,0,6.984496124031008,0.0,20.930232558139537
"2025-03-26 19:00:00","2025-03-26 20:00:00",UA,126,126,0,0,14.952380952380953,0.0,18.253968253968253
"2025-03-26 19:00:00","2025-03-26 20:00:00",WN,277,277,0,0,5.043321299638989,0.0,15.16245487364621
"2025-03-26 20:00:00","2025-03-26 21:00:00",AA,125,125,0,0,6.384,0.0,16.8
"2025-03-26 20:00:00","2025-03-26 21:00:00",DL,94,94,0,0,4.776595744680851,0.0,18.085106382978722
"2025-03-26 20:00:00","2025-03-26 21:00:00",UA,98,98,0,0,6.948979591836735,0.0,13.26530612244898
"2025-03-26 20:00:00","2025-03-26 21:00:00",WN,175,175,0,0,5.0685714285714285,0.0,14.285714285714286
"2025-03-26 21:00:00","2025-03-26 22:00:00",AA,87,87,0,0,8.885057471264368,0.0,20.689655172413794
"2025-03-26 21:00:00","2025-03-26 22:00:00",DL,78,78,0,0,5.153846153846154,0.0,12.820512820512821
"2025-03-26 21:00:00","2025-03-26 22:00:00",UA,56,56,0,0,12.607142857142858,0.0,25.0
"2025-03-26 21:00:00","2025-03-26 22:00:00",WN,158,158,0,0,4.113924050632911,0.0,12.658227848101266
"2025-03-26 22:00:00","2025-03-26 23:00:00",AA,100,100,0,0,4.45,0.0,11.0
"2025-03-26 22:00:00","2025-03-26 23:00:00",DL,89,89,0,0,-0.8089887640449438,0.0,8.98876404494382
"2025-03-26 22:00:00","2025-03-26 23:00:00",UA,33,33,0,0,4.212121212121212,0.0,12.121212121212121
"2025-03-26 22:00:00","2025-03-26 23:00:00",WN,10,10,0,0,12.3,0.0,10.0
"2025-03-26 23:00:00","2025-03-27 00:00:00",AA,26,25,0,1,1.8846153846153846,0.0,7.6923076923076925
"2025-03-26 23:00:00","2025-03-27 00:00:00",DL,34,34,0,0,-4.147058823529412,0.0,0.0
"2025-03-26 23:00:00","2025-03-27 00:00:00",UA,43,43,0,0,2.0,0.0,13.953488372093023
"2025-03-26 23:00:00","2025-03-27 00:00:00",WN,9,9,0,0,1.1111111111111112,0.0,0.0
"2025-03-27 00:00:00","2025-03-27 01:00:00",AA,9,9,0,0,1.8888888888888888,0.0,11.11111111111111
"2025-03-27 00:00:00","2025-03-27 01:00:00",DL,4,4,0,0,-5.5,0.0,0.0
"2025-03-27 00:00:00","2025-03-27 01:00:00",UA,6,6,0,0,8.333333333333334,0.0,16.666666666666668
"2025-03-27 01:00:00","2025-03-27 02:00:00",DL,2,2,0,0,-1.5,0.0,0.0
"2025-03-27 01:00:00","2025-03-27 02:00:00",UA,1,1,0,0,29.0,0.0,100.0
"2025-03-27 05:00:00","2025-03-27 06:00:00",AA,109,108,1,0,-2.2314814814814814,0.9174311926605505,3.7037037037037037
"2025-03-27 05:00:00","2025-03-27 06:00:00",DL,66,66,0,0,2.696969696969697,0.0,6.0606060606060606
"2025-03-27 05:00:00","2025-03-27 06:00:00",UA,42,42,0,0,-1.5952380952380953,0.0,2.380952380952381
"2025-03-27 05:00:00","2025-03-27 06:00:00",WN,190,189,0,1,0.05789473684210526,0.0,3.6842105263157894
"2025-03-27 06:00:00","2025-03-27 07:00:00",AA,190,189,1,0,-2.7142857142857144,0.5263157894736842,4.761904761904762
"2025-03-27 06:00:00","2025-03-27 07:00:00",DL,187,187,0,0,-1.6310160427807487,0.0,4.81283422459893
"2025-03-27 06:00:00","2025-03-27 07:00:00",UA,140,137,1,2,1.0431654676258992,0.7142857142857143,6.474820143884892
"2025-03-27 06:00:00","2025-03-27 07:00:00",WN,306,305,0,1,-0.8366013071895425,0.0,3.2679738562091503
"2025-03-27 07:00:00","2025-03-27 08:00:00",AA,221,221,0,0,-0.6742081447963801,0.0,6.787330316742081
"2025-03-27 07:00:00","2025-03-27 08:00:00",DL,247,245,0,2,0.7813765182186235,0.0,7.287449392712551
"2025-03-27 07:00:00","2025-03-27 08:00:00",UA,205,204,0,1,-2.7170731707317075,0.0,1.951219512195122
"2025-03-27 07:00:00","2025-03-27 08:00:00",WN,237,236,1,0,-1.75,0.4219409282700422,2.542372881355932
"2025-03-27 08:00:00","2025-03-27 09:00:00",AA,196,196,0,0,7.336734693877551,0.0,13.775510204081632
"2025-03-27 08:00:00","2025-03-27 09:00:00",DL,180,180,0,0,-1.6055555555555556,0.0,7.777777777777778
"2025-03-27 08:00:00","2025-03-27 09:00:00",UA,172,172,0,0,3.7848837209302326,0.0,9.30232558139535
"2025-03-27 08:00:00","2025-03-27 09:00:00",WN,264,264,0,0,-0.08712121212121213,0.0,4.166666666666667
"2025-03-27 09:00:00","2025-03-27 10:00:00",AA,132,131,0,1,10.053030303030303,0.0,9.848484848484848
"2025-03-27 09:00:00","2025-03-27 10:00:00",DL,133,133,0,0,6.43609022556391,0.0,10.526315789473685
"2025-03-27 09:00:00","2025-03-27 10:00:00",UA,133,133,0,0,3.082706766917293,0.0,6.015037593984962
"2025-03-27 09:00:00","2025-03-27 10:00:00",WN,235,235,0,0,1.1617021276595745,0.0,3.8297872340425534
"2025-03-27 10:00:00","2025-03-27 11:00:00",AA,139,139,0,0,5.762589928057554,0.0,12.949640287769784
"2025-03-27 10:00:00","2025-03-27 11:00:00",DL,159,159,0,0,-0.7484276729559748,0.0,6.289308176100629
"2025-03-27 10:00:00","2025-03-27 11:00:00",UA,120,119,0,1,4.8,0.0,8.333333333333334
"2025-03-27 10:00:00","2025-03-27 11:00:00",WN,234,234,0,0,-0.038461538461538464,0.0,5.982905982905983
"2025-03-27 11:00:00","2025-03-27 12:00:00",AA,164,164,0,0,6.530487804878049,0.0,16.463414634146343
"2025-03-27 11:00:00","2025-03-27 12:00:00",DL,206,206,0,0,2.854368932038835,0.0,10.679611650485437
"2025-03-27 11:00:00","2025-03-27 12:00:00",UA,126,126,0,0,1.4365079365079365,0.0,9.523809523809524
"2025-03-27 11:00:00","2025-03-27 12:00:00",WN,236,235,0,1,2.1016949152542375,0.0,7.203389830508475
"2025-03-27 12:00:00","2025-03-27 13:00:00",AA,145,145,0,0,3.2482758620689656,0.0,12.413793103448276
"2025-03-27 12:00:00","2025-03-27 13:00:00",DL,168,168,0,0,3.3273809523809526,0.0,10.714285714285714
"2025-03-27 12:00:00","2025-03-27 13:00:00",UA,128,128,0,0,-1.078125,0.0,7.8125
"2025-03-27 12:00:00","2025-03-27 13:00:00",WN,227,227,0,0,4.466960352422907,0.0,12.334801762114537
"2025-03-27 13:00:00","2025-03-27 14:00:00",AA,144,143,0,1,9.902777777777779,0.0,13.194444444444445
"2025-03-27 13:00:00","2025-03-27 14:00:00",DL,157,157,0,0,4.375796178343949,0.0,10.828025477707007
"2025-03-27 13:00:00","2025-03-27 14:00:00",UA,137,137,0,0,2.8175182481751824,0.0,11.678832116788321
"2025-03-27 13:00:00","2025-03-27 14:00:00",WN,243,242,0,1,4.440329218106996,0.0,13.580246913580247
"2025-03-27 14:00:00","2025-03-27 15:00:00",AA,145,145,0,0,9.2,0.0,16.551724137931036
"2025-03-27 14:00:00","2025-03-27 15:00:00",DL,154,154,0,0,5.136363636363637,0.0,11.688311688311689
"2025-03-27 14:00:00","2025-03-27 15:00:00",UA,127,127,0,0,3.6377952755905514,0.0,10.236220472440944
"2025-03-27 14:00:00","2025-03-27 15:00:00",WN,245,245,0,0,7.004081632653061,0.0,19.183673469387756
"2025-03-27 15:00:00","2025-03-27 16:00:00",AA,141,141,0,0,10.673758865248226,0.0,22.69503546099291
"2025-03-27 15:00:00","2025-03-27 16:00:00",DL,175,175,0,0,6.7942857142857145,0.0,12.571428571428571
"2025-03-27 15:00:00","2025-03-27 16:00:00",UA,94,94,0,0,8.638297872340425,0.0,14.893617021276595
"2025-03-27 15:00:00","2025-03-27 16:00:00",WN,213,212,1,0,9.81132075471698,0.4694835680751174,20.754716981132077
"2025-03-27 16:00:00","2025-03-27 17:00:00",AA,140,139,0,1,9.385714285714286,0.0,20.0
"2025-03-27 16:00:00","2025-03-27 17:00:00",DL,136,136,0,0,4.801470588235294,0.0,15.441176470588236
"2025-03-27 16:00:00","2025-03-27 17:00:00",UA,140,140,0,0,3.8714285714285714,0.0,9.285714285714286
"2025-03-27 16:00:00","2025-03-27 17:00:00",WN,232,232,0,0,6.935344827586207,0.0,20.25862068965517
"2025-03-27 17:00:00","2025-03-27 18:00:00",AA,157,156,0,1,14.318471337579618,0.0,29.29936305732484
"2025-03-27 17:00:00","2025-03-27 18:00:00",DL,183,183,0,0,6.076502732240437,0.0,14.207650273224044
"2025-03-27 17:00:00","2025-03-27 18:00:00",UA,139,139,0,0,9.690647482014388,0.0,15.107913669064748
"2025-03-27 17:00:00","2025-03-27 18:00:00",WN,243,242,1,0,9.830578512396695,0.411522633744856,21.90082644628099
"2025-03-27 18:00:00","2025-03-27 19:00:00",AA,164,164,0,0,6.780487804878049,0.0,18.902439024390244
"2025-03-27 18:00:00","2025-03-27 19:00:00",DL,167,167,0,0,3.856287425149701,0.0,13.77245508982036
"2025-03-27 18:00:00","2025-03-27 19:00:00",UA,152,152,0,0,7.223684210526316,0.0,14.473684210526315
"2025-03-27 18:00:00","2025-03-27 19:00:00",WN,243,241,1,1,9.338842975206612,0.411522633744856,26.859504132231404
"2025-03-27 19:00:00","2025-03-27 20:00:00",AA,160,160,0,0,12.9,0.0,28.125
"2025-03-27 19:00:00","2025-03-27 20:00:00",DL,161,161,0,0,6.173913043478261,0.0,17.391304347826086
"2025-03-27 19:00:00","2025-03-27 20:00:00",UA,135,135,0,0,6.103703703703704,0.0,18.51851851851852
"2025-03-27 19:00:00","2025-03-27 20:00:00",WN,219,219,0,0,9.360730593607306,0.0,20.091324200913242
"2025-03-27 20:00:00","2025-03-27 21:00:00",AA,129,129,0,0,6.945736434108527,0.0,20.930232558139537
"2025-03-27 20:00:00","2025-03-27 21:00:00",DL,121,121,0,0,5.793388429752066,0.0,19.834710743801654
"2025-03-27 20:00:00","2025-03-27 21:00:00",UA,97,97,0,0,11.29896907216495,0.0,18.556701030927837
"2025-03-27 20:00:00","2025-03-27 21:00:00",WN,273,272,1,0,5.636029411764706,0.3663003663003663,15.808823529411764
"2025-03-27 21:00:00","2025-03-27 22:00:00",AA,87,87,0,0,8.310344827586206,0.0,24.137931034482758
"2025-03-27 21:00:00","2025-03-27 22:00:00",DL,101,101,0,0,0.33663366336633666,0.0,6.930693069306931
"2025-03-27 21:00:00","2025-03-27 22:00:00",UA,62,62,0,0,4.467741935483871,0.0,12.903225806451612
"2025-03-27 21:00:00","2025-03-27 22:00:00",WN,162,159,3,0,5.930817610062893,1.8518518518518519,20.12578616352201
"2025-03-27 22:00:00","2025-03-27 23:00:00",AA,99,99,0,0,20.282828282828284,0.0,23.232323232323232
"2025-03-27 22:00:00","2025-03-27 23:00:00",DL,95,95,0,0,3.168421052631579,0.0,12.631578947368421
"2025-03-27 22:00:00","2025-03-27 23:00:00",UA,34,34,0,0,3.823529411764706,0.0,8.823529411764707
"2025-03-27 22:00:00","2025-03-27 23:00:00",WN,135,134,1,0,3.485074626865672,0.7407407407407407,17.16417910447761
"2025-03-27 23:00:00","2025-03-28 00:00:00",AA,29,29,0,0,0.7931034482758621,0.0,6.896551724137931
"2025-03-27 23:00:00","2025-03-28 00:00:00",DL,38,38,0,0,-2.210526315789474,0.0,5.2631578947368425
"2025-03-27 23:00:00","2025-03-28 00:00:00",UA,43,43,0,0,5.8604651162790695,0.0,13.953488372093023
"2025-03-27 23:00:00","2025-03-28 00:00:00",WN,9,8,0,1,7.555555555555555,0.0,33.333333333333336
"2025-03-28 00:00:00","2025-03-28 01:00:00",AA,10,10,0,0,-4.4,0.0,0.0
"2025-03-28 00:00:00","2025-03-28 01:00:00",DL,7,7,0,0,-7.142857142857143,0.0,0.0
"2025-03-28 00:00:00","2025-03-28 01:00:00",UA,8,8,0,0,-6.375,0.0,0.0
"2025-03-28 01:00:00","2025-03-28 02:00:00",DL,2,2,0,0,-6.0,0.0,0.0
"2025-03-28 01:00:00","2025-03-28 02:00:00",UA,1,1,0,0,-7.0,0.0,0.0
"2025-03-28 05:00:00","2025-03-28 06:00:00",AA,111,111,0,0,2.7387387387387387,0.0,5.405405405405405
"2025-03-28 05:00:00","2025-03-28 06:00:00",DL,69,69,0,0,6.507246376811594,0.0,5.797101449275362
"2025-03-28 05:00:00","2025-03-28 06:00:00",UA,42,42,0,0,-5.190476190476191,0.0,2.380952380952381
"2025-03-28 05:00:00","2025-03-28 06:00:00",WN,195,194,0,1,4.461538461538462,0.0,8.717948717948717
"2025-03-28 06:00:00","2025-03-28 07:00:00",AA,190,189,0,1,2.710526315789474,0.0,7.894736842105263
"2025-03-28 06:00:00","2025-03-28 07:00:00",DL,188,188,0,0,-0.22872340425531915,0.0,4.787234042553192
"2025-03-28 06:00:00","2025-03-28 07:00:00",UA,145,143,0,2,0.8551724137931035,0.0,8.96551724137931
"2025-03-28 06:00:00","2025-03-28 07:00:00",WN,306,304,2,0,1.486842105263158,0.6535947712418301,6.907894736842105
"2025-03-28 07:00:00","2025-03-28 08:00:00",AA,221,221,0,0,-1.0995475113122173,0.0,7.239819004524887
"2025-03-28 07:00:00","2025-03-28 08:00:00",DL,245,245,0,0,0.4530612244897959,0.0,6.122448979591836
"2025-03-28 07:00:00","2025-03-28 08:00:00",UA,203,203,0,0,2.729064039408867,0.0,9.35960591133005
"2025-03-28 07:00:00","2025-03-28 08:00:00",WN,239,238,1,0,0.5210084033613446,0.41841004184100417,5.882352941176471
"2025-03-28 08:00:00","2025-03-28 09:00:00",AA,200,200,0,0,9.64,0.0,12.5
"2025-03-28 08:00:00","2025-03-28 09:00:00",DL,183,182,1,0,11.236263736263735,0.546448087431694,9.340659340659341
"2025-03-28 08:00:00","2025-03-28 09:00:00",UA,173,173,0,0,7.069364161849711,0.0,10.982658959537572
"2025-03-28 08:00:00","2025-03-28 09:00:00",WN,265,264,1,0,4.212121212121212,0.37735849056603776,12.5
"2025-03-28 09:00:00","2025-03-28 10:00:00",AA,131,131,0,0,2.053435114503817,0.0,9.16030534351145
"2025-03-28 09:00:00","2025-03-28 10:00:00",DL,133,133,0,0,1.7894736842105263,0.0,8.270676691729323
"2025-03-28 09:00:00","2025-03-28 10:00:00",UA,134,134,0,0,6.925373134328358,0.0,14.925373134328359
"2025-03-28 09:00:00","2025-03-28 10:00:00",WN,236,233,1,2,4.927659574468085,0.423728813559322,11.063829787234043
"2025-03-28 10:00:00","2025-03-28 11:00:00",AA,141,141,0,0,12.914893617021276,0.0,18.43971631205674
"2025-03-28 10:00:00","2025-03-28 11:00:00",DL,162,159,2,1,3.2625,1.2345679012345678,11.875
"2025-03-28 10:00:00","2025-03-28 11:00:00",UA,125,125,0,0,10.304,0.0,18.4
"2025-03-28 10:00:00","2025-03-28 11:00:00",WN,235,230,4,1,1.9783549783549783,1.702127659574468,5.627705627705628
"2025-03-28 11:00:00","2025-03-28 12:00:00",AA,161,161,0,0,6.571428571428571,0.0,15.527950310559007
"2025-03-28 11:00:00","2025-03-28 12:00:00",DL,205,205,0,0,8.273170731707317,0.0,14.146341463414634
"2025-03-28 11:00:00","2025-03-28 12:00:00",UA,126,126,0,0,10.238095238095237,0.0,15.873015873015873
"2025-03-28 11:00:00","2025-03-28 12:00:00",WN,236,232,2,2,6.923076923076923,0.847457627118644,15.811965811965813
"2025-03-28 12:00:00","2025-03-28 13:00:00",AA,142,142,0,0,6.669014084507042,0.0,18.309859154929576
"2025-03-28 12:00:00","2025-03-28 13:00:00",DL,165,165,0,0,4.127272727272727,0.0,10.303030303030303
"2025-03-28 12:00:00","2025-03-28 13:00:00",UA,127,127,0,0,8.133858267716535,0.0,11.811023622047244
"2025-03-28 12:00:00","2025-03-28 13:00:00",WN,225,222,2,1,6.439461883408072,0.8888888888888888,15.695067264573991
"2025-03-28 13:00:00","2025-03-28 14:00:00",AA,144,144,0,0,17.57638888888889,0.0,19.444444444444443
"2025-03-28 13:00:00","2025-03-28 14:00:00",DL,156,156,0,0,-0.08333333333333333,0.0,10.897435897435898
"2025-03-28 13:00:00","2025-03-28 14:00:00",UA,140,139,0,1,5.128571428571429,0.0,10.0
"2025-03-28 13:00:00","2025-03-28 14:00:00",WN,244,241,2,1,8.942148760330578,0.819672131147541,18.181818181818183
"2025-03-28 14:00:00","2025-03-28 15:00:00",AA,138,138,0,0,20.231884057971016,0.0,19.565217391304348
"2025-03-28 14:00:00","2025-03-28 15:00:00",DL,154,153,1,0,7.738562091503268,0.6493506493506493,15.032679738562091
"2025-03-28 14:00:00","2025-03-28 15:00:00",UA,127,126,0,1,5.818897637795276,0.0,16.53543307086614
"2025-03-28 14:00:00","2025-03-28 15:00:00",WN,245,244,1,0,15.770491803278688,0.40816326530612246,25.40983606557377
"2025-03-28 15:00:00","2025-03-28 16:00:00",AA,142,142,0,0,12.788732394366198,0.0,21.12676056338028
"2025-03-28 15:00:00","2025-03-28 16:00:00",DL,179,178,0,1,13.22905027932961,0.0,20.11173184357542
"2025-03-28 15:00:00","2025-03-28 16:00:00",UA,89,89,0,0,17.280898876404493,0.0,21.348314606741575
"2025-03-28 15:00:00","2025-03-28 16:00:00",WN,215,213,2,0,13.910798122065728,0.9302325581395349,22.065727699530516
"2025-03-28 16:00:00","2025-03-28 17:00:00",AA,142,142,0,0,15.866197183098592,0.0,26.760563380281692
"2025-03-28 16:00:00","2025-03-28 17:00:00",DL,138,138,0,0,8.007246376811594,0.0,17.391304347826086
"2025-03-28 16:00:00","2025-03-28 17:00:00",UA,142,141,1,0,6.801418439716312,0.704225352112676,19.148936170212767
"2025-03-28 16:00:00","2025-03-28 17:00:00",WN,232,231,1,0,16.51948051948052,0.43103448275862066,28.571428571428573
"2025-03-28 17:00:00","2025-03-28 18:00:00",AA,156,155,1,0,12.129032258064516,0.6410256410256411,17.419354838709676
"2025-03-28 17:00:00","2025-03-28 18:00:00",DL,187,187,0,0,5.887700534759358,0.0,17.647058823529413
"2025-03-28 17:00:00","2025-03-28 18:00:00",UA,138,137,0,1,11.391304347826088,0.0,23.18840579710145
"2025-03-28 17:00:00","2025-03-28 18:00:00",WN,244,243,1,0,18.954732510288064,0.4098360655737705,27.160493827160494
"2025-03-28 18:00:00","2025-03-28 19:00:00",AA,161,160,0,1,12.726708074534162,0.0,22.36024844720497
"2025-03-28 18:00:00","2025-03-28 19:00:00",DL,163,160,0,3,7.588957055214724,0.0,20.245398773006134
"2025-03-28 18:00:00","2025-03-28 19:00:00",UA,150,150,0,0,10.54,0.0,17.333333333333332
"2025-03-28 18:00:00","2025-03-28 19:00:00",WN,242,242,0,0,14.074380165289256,0.0,25.206611570247933
"2025-03-28 19:00:00","2025-03-28 20:00:00",AA,162,162,0,0,13.82716049382716,0.0,23.45679012345679
"2025-03-28 19:00:00","2025-03-28 20:00:00",DL,165,165,0,0,6.836363636363636,0.0,18.78787878787879
"2025-03-28 19:00:00","2025-03-28 20:00:00",UA,137,137,0,0,7.4963503649635035,0.0,16.78832116788321
"2025-03-28 19:00:00","2025-03-28 20:00:00",WN,219,218,1,0,14.288990825688073,0.45662100456621,23.853211009174313
"2025-03-28 20:00:00","2025-03-28 21:00:00",AA,128,128,0,0,6.4375,0.0,19.53125
"2025-03-28 20:00:00","2025-03-28 21:00:00",DL,120,120,0,0,9.3,0.0,20.0
"2025-03-28 20:00:00","2025-03-28 21:00:00",UA,97,97,0,0,8.360824742268042,0.0,20.61855670103093
"2025-03-28 20:00:00","2025-03-28 21:00:00",WN,269,268,1,0,11.936567164179104,0.37174721189591076,26.119402985074625
"2025-03-28 21:00:00","2025-03-28 22:00:00",AA,88,88,0,0,9.681818181818182,0.0,22.727272727272727
"2025-03-28 21:00:00","2025-03-28 22:00:00",DL,101,101,0,0,12.524752475247524,0.0,11.881188118811881
"2025-03-28 21:00:00","2025-03-28 22:00:00",UA,60,60,0,0,0.55,0.0,11.666666666666666
"2025-03-28 21:00:00","2025-03-28 22:00:00",WN,166,165,1,0,7.781818181818182,0.6024096385542169,18.181818181818183
"2025-03-28 22:00:00","2025-03-28 23:00:00",AA,103,102,0,1,9.184466019417476,0.0,16.50485436893204
"2025-03-28 22:00:00","2025-03-28 23:00:00",DL,102,102,0,0,3.4411764705882355,0.0,12.745098039215685
"2025-03-28 22:00:00","2025-03-28 23:00:00",UA,33,33,0,0,-3.484848484848485,0.0,3.0303030303030303
"2025-03-28 22:00:00","2025-03-28 23:00:00",WN,134,133,1,0,6.488721804511278,0.746268656716418,18.045112781954888
"2025-03-28 23:00:00","2025-03-29 00:00:00",AA,27,27,0,0,4.888888888888889,0.0,14.814814814814815
"2025-03-28 23:00:00","2025-03-29 00:00:00",DL,38,38,0,0,2.1315789473684212,0.0,13.157894736842104
"2025-03-28 23:00:00","2025-03-29 00:00:00",UA,43,43,0,0,-0.813953488372093,0.0,6.976744186046512
"2025-03-28 23:00:00","2025-03-29 00:00:00",WN,9,9,0,0,1.3333333333333333,0.0,0.0
"2025-03-29 00:00:00","2025-03-29 01:00:00",AA,10,10,0,0,66.7,0.0,30.0
"2025-03-29 00:00:00","2025-03-29 01:00:00",DL,7,7,0,0,-5.571428571428571,0.0,0.0
"2025-03-29 00:00:00","2025-03-29 01:00:00",UA,7,7,0,0,-4.571428571428571,0.0,0.0
"2025-03-29 01:00:00","2025-03-29 02:00:00",DL,2,2,0,0,-10.5,0.0,0.0
"2025-03-29 01:00:00","2025-03-29 02:00:00",UA,1,1,0,0,-6.0,0.0,0.0
"2025-03-29 05:00:00","2025-03-29 06:00:00",AA,109,109,0,0,-1.4495412844036697,0.0,6.422018348623853
"2025-03-29 05:00:00","2025-03-29 06:00:00",DL,68,68,0,0,1.2205882352941178,0.0,5.882352941176471
"2025-03-29 05:00:00","2025-03-29 06:00:00",UA,50,49,1,0,-2.4081632653061225,2.0,2.0408163265306123
"2025-03-29 05:00:00","2025-03-29 06:00:00",WN,191,191,0,0,-0.8743455497382199,0.0,1.5706806282722514
"2025-03-29 06:00:00","2025-03-29 07:00:00",AA,179,179,0,0,-1.3966480446927374,0.0,6.145251396648045
"2025-03-29 06:00:00","2025-03-29 07:00:00",DL,178,178,0,0,1.9719101123595506,0.0,5.617977528089888
"2025-03-29 06:00:00","2025-03-29 07:00:00",UA,145,145,0,0,-2.627586206896552,0.0,5.517241379310345
"2025-03-29 06:00:00","2025-03-29 07:00:00",WN,285,283,1,1,-0.6197183098591549,0.3508771929824561,3.1690140845070425
"2025-03-29 07:00:00","2025-03-29 08:00:00",AA,205,205,0,0,6.6292682926829265,0.0,6.341463414634147
"2025-03-29 07:00:00","2025-03-29 08:00:00",DL,218,217,0,1,-1.5825688073394495,0.0,5.504587155963303
"2025-03-29 07:00:00","2025-03-29 08:00:00",UA,180,180,0,0,-3.727777777777778,0.0,2.7777777777777777
"2025-03-29 07:00:00","2025-03-29 08:00:00",WN,227,226,1,0,-1.8628318584070795,0.44052863436123346,2.6548672566371683
"2025-03-29 08:00:00","2025-03-29 09:00:00",AA,171,171,0,0,15.029239766081872,0.0,14.619883040935672
"2025-03-29 08:00:00","2025-03-29 09:00:00",DL,160,160,0,0,-1.3375,0.0,5.0
"2025-03-29 08:00:00","2025-03-29 09:00:00",UA,154,154,0,0,-0.4935064935064935,0.0,7.142857142857143
"2025-03-29 08:00:00","2025-03-29 09:00:00",WN,215,215,0,0,-0.7581395348837209,0.0,5.116279069767442
"2025-03-29 09:00:00","2025-03-29 10:00:00",AA,117,117,0,0,2.5555555555555554,0.0,10.256410256410257
"2025-03-29 09:00:00","2025-03-29 10:00:00",DL,137,137,0,0,3.051094890510949,0.0,9.489051094890511
"2025-03-29 09:00:00","2025-03-29 10:00:00",UA,113,112,0,1,-0.168141592920354,0.0,9.734513274336283
"2025-03-29 09:00:00","2025-03-29 10:00:00",WN,194,194,0,0,1.6546391752577319,0.0,7.216494845360825
"2025-03-29 10:00:00","2025-03-29 11:00:00",AA,123,122,0,1,7.308943089430894,0.0,15.447154471544716
"2025-03-29 10:00:00","2025-03-29 11:00:00",DL,127,126,1,0,-1.1031746031746033,0.7874015748031497,8.73015873015873
"2025-03-29 10:00:00","2025-03-29 11:00:00",UA,116,115,0,1,0.02586206896551724,0.0,7.758620689655173
"2025-03-29 10:00:00","2025-03-29 11:00:00",WN,182,181,1,0,0.055248618784530384,0.5494505494505495,7.734806629834254
"2025-03-29 11:00:00","2025-03-29 12:00:00",AA,149,149,0,0,14.939597315436242,0.0,13.422818791946309
"2025-03-29 11:00:00","2025-03-29 12:00:00",DL,196,195,0,1,1.8724489795918366,0.0,11.224489795918368
"2025-03-29 11:00:00","2025-03-29 12:00:00",UA,109,109,0,0,1.7155963302752293,0.0,7.339449541284404
"2025-03-29 11:00:00","2025-03-29 12:00:00",WN,225,224,0,1,1.68,0.0,7.111111111111111
"2025-03-29 12:00:00","2025-03-29 13:00:00",AA,126,126,0,0,21.246031746031747,0.0,26.19047619047619
"2025-03-29 12:00:00","2025-03-29 13:00:00",DL,141,141,0,0,3.921985815602837,0.0,10.638297872340425
"2025-03-29 12:00:00","2025-03-29 13:00:00",UA,105,105,0,0,4.895238095238096,0.0,10.476190476190476
"2025-03-29 12:00:00","2025-03-29 13:00:00",WN,179,177,1,1,2.7752808988764044,0.5586592178770949,11.797752808988765
"2025-03-29 13:00:00","2025-03-29 14:00:00",AA,131,131,0,0,11.80916030534351,0.0,19.84732824427481
"2025-03-29 13:00:00","2025-03-29 14:00:00",DL,132,130,1,1,9.16030534351145,0.7575757575757576,13.740458015267176
"2025-03-29 13:00:00","2025-03-29 14:00:00",UA,122,121,0,1,5.147540983606557,0.0,7.377049180327869
"2025-03-29 13:00:00","2025-03-29 14:00:00",WN,236,235,0,1,7.148305084745763,0.0,13.983050847457626
"2025-03-29 14:00:00","2025-03-29 15:00:00",AA,132,132,0,0,12.037878787878787,0.0,20.454545454545453
"2025-03-29 14:00:00","2025-03-29 15:00:00",DL,124,124,0,0,4.193548387096774,0.0,10.483870967741936
"2025-03-29 14:00:00","2025-03-29 15:00:00",UA,113,113,0,0,-1.5309734513274336,0.0,4.424778761061947
"2025-03-29 14:00:00","2025-03-29 15:00:00",WN,190,189,0,1,7.852631578947369,0.0,18.42105263157895
"2025-03-29 15:00:00","2025-03-29 16:00:00",AA,134,132,0,2,11.022388059701493,0.0,20.149253731343283
"2025-03-29 15:00:00","2025-03-29 16:00:00",DL,164,163,0,1,3.8048780487804876,0.0,14.024390243902438
"2025-03-29 15:00:00","2025-03-29 16:00:00",UA,80,79,1,0,8.291139240506329,1.25,15.189873417721518
"2025-03-29 15:00:00","2025-03-29 16:00:00",WN,221,219,0,2,10.828054298642535,0.0,19.004524886877828
"2025-03-29 16:00:00","2025-03-29 17:00:00",AA,130,130,0,0,36.253846153846155,0.0,22.307692307692307
"2025-03-29 16:00:00","2025-03-29 17:00:00",DL,101,101,0,0,2.8514851485148514,0.0,7.920792079207921
"2025-03-29 16:00:00","2025-03-29 17:00:00",UA,126,125,0,1,14.634920634920634,0.0,21.428571428571427
"2025-03-29 16:00:00","2025-03-29 17:00:00",WN,197,196,1,0,14.64795918367347,0.5076142131979695,22.959183673469386
"2025-03-29 17:00:00","2025-03-29 18:00:00",AA,147,147,0,0,21.61904761904762,0.0,23.80952380952381
"2025-03-29 17:00:00","2025-03-29 18:00:00",DL,142,141,0,1,3.971830985915493,0.0,16.901408450704224
"2025-03-29 17:00:00","2025-03-29 18:00:00",UA,112,111,0,1,10.75,0.0,16.964285714285715
"2025-03-29 17:00:00","2025-03-29 18:00:00",WN,213,213,0,0,13.347417840375586,0.0,23.474178403755868
"2025-03-29 18:00:00","2025-03-29 19:00:00",AA,148,146,0,2,31.574324324324323,0.0,27.027027027027028
"2025-03-29 18:00:00","2025-03-29 19:00:00",DL,137,136,0,1,9.058394160583942,0.0,18.978102189781023
"2025-03-29 18:00:00","2025-03-29 19:00:00",UA,130,129,0,1,11.753846153846155,0.0,25.384615384615383
"2025-03-29 18:00:00","2025-03-29 19:00:00",WN,225,224,1,0,13.727678571428571,0.4444444444444444,25.0
"2025-03-29 19:00:00","2025-03-29 20:00:00",AA,153,152,1,0,23.842105263157894,0.6535947712418301,34.86842105263158
"2025-03-29 19:00:00","2025-03-29 20:00:00",DL,83,83,0,0,9.060240963855422,0.0,18.072289156626507
"2025-03-29 19:00:00","2025-03-29 20:00:00",UA,122,122,0,0,10.37704918032787,0.0,21.311475409836067
"2025-03-29 19:00:00","2025-03-29 20:00:00",WN,221,220,0,1,22.918552036199095,0.0,32.126696832579185
"2025-03-29 20:00:00","2025-03-29 21:00:00",AA,122,121,0,1,19.39344262295082,0.0,33.60655737704918
"2025-03-29 20:00:00","2025-03-29 21:00:00",DL,85,85,0,0,7.694117647058824,0.0,22.352941176470587
"2025-03-29 20:00:00","2025-03-29 21:00:00",UA,83,83,0,0,17.93975903614458,0.0,26.50602409638554
"2025-03-29 20:00:00","2025-03-29 21:00:00",WN,226,225,0,1,13.79646017699115,0.0,24.778761061946902
"2025-03-29 21:00:00","2025-03-29 22:00:00",AA,92,92,0,0,20.76086956521739,0.0,21.73913043478261
"2025-03-29 21:00:00","2025-03-29 22:00:00",DL,85,85,0,0,3.788235294117647,0.0,12.941176470588236
"2025-03-29 21:00:00","2025-03-29 22:00:00",UA,50,50,0,0,11.7,0.0,28.0
"2025-03-29 21:00:00","2025-03-29 22:00:00",WN,167,165,1,1,14.421686746987952,0.5988023952095808,33.13253012048193
"2025-03-29 22:00:00","2025-03-29 23:00:00",AA,98,98,0,0,23.112244897959183,0.0,29.591836734693878
"2025-03-29 22:00:00","2025-03-29 23:00:00",DL,74,74,0,0,15.797297297297296,0.0,25.675675675675677
"2025-03-29 22:00:00","2025-03-29 23:00:00",UA,36,36,0,0,12.916666666666666,0.0,16.666666666666668
"2025-03-29 22:00:00","2025-03-29 23:00:00",WN,107,106,1,0,16.150943396226417,0.9345794392523364,26.41509433962264
"2025-03-29 23:00:00","2025-03-30 00:00:00",AA,28,28,0,0,10.357142857142858,0.0,17.857142857142858
"2025-03-29 23:00:00","2025-03-30 00:00:00",DL,25,25,0,0,1.64,0.0,4.0
"2025-03-29 23:00:00","2025-03-30 00:00:00",UA,41,41,0,0,9.512195121951219,0.0,17.073170731707318
"2025-03-29 23:00:00","2025-03-30 00:00:00",WN,9,9,0,0,0.5555555555555556,0.0,0.0
"2025-03-30 00:00:00","2025-03-30 01:00:00",AA,9,9,0,0,3.0,0.0,11.11111111111111
"2025-03-30 00:00:00","2025-03-30 01:00:00",DL,4,4,0,0,1.25,0.0,0.0
"2025-03-30 00:00:00","2025-03-30 01:00:00",UA,8,7,0,1,19.125,0.0,25.0
"2025-03-30 01:00:00","2025-03-30 02:00:00",DL,2,2,0,0,-8.5,0.0,0.0
"2025-03-30 01:00:00","2025-03-30 02:00:00",UA,1,1,0,0,58.0,0.0,100.0
"2025-03-30 05:00:00","2025-03-30 06:00:00",AA,107,107,0,0,-0.8504672897196262,0.0,5.607476635514018
"2025-03-30 05:00:00","2025-03-30 06:00:00",DL,68,68,0,0,5.867647058823529,0.0,7.352941176470588
"2025-03-30 05:00:00","2025-03-30 06:00:00",UA,39,39,0,0,4.6923076923076925,0.0,12.820512820512821
"2025-03-30 05:00:00","2025-03-30 06:00:00",WN,190,190,0,0,-0.6578947368421053,0.0,6.842105263157895
"2025-03-30 06:00:00","2025-03-30 07:00:00",AA,180,178,1,1,10.089385474860336,0.5555555555555556,7.82122905027933
"2025-03-30 06:00:00","2025-03-30 07:00:00",DL,179,179,0,0,-1.7932960893854748,0.0,5.58659217877095
"2025-03-30 06:00:00","2025-03-30 07:00:00",UA,140,139,1,0,8.201438848920864,0.7142857142857143,9.352517985611511
"2025-03-30 06:00:00","2025-03-30 07:00:00",WN,292,291,1,0,0.140893470790378,0.3424657534246575,5.841924398625429
"2025-03-30 07:00:00","2025-03-30 08:00:00",AA,223,222,0,1,9.197309417040358,0.0,10.762331838565023
"2025-03-30 07:00:00","2025-03-30 08:00:00",DL,246,246,0,0,4.195121951219512,0.0,8.94308943089431
"2025-03-30 07:00:00","2025-03-30 08:00:00",UA,185,184,0,1,9.043243243243243,0.0,13.513513513513514
"2025-03-30 07:00:00","2025-03-30 08:00:00",WN,229,228,1,0,2.1184210526315788,0.4366812227074236,9.210526315789474
"2025-03-30 08:00:00","2025-03-30 09:00:00",AA,197,193,1,3,4.5561224489795915,0.5076142131979695,14.795918367346939
"2025-03-30 08:00:00","2025-03-30 09:00:00",DL,185,184,0,1,0.9243243243243243,0.0,6.486486486486487
"2025-03-30 08:00:00","2025-03-30 09:00:00",UA,157,156,0,1,3.5923566878980893,0.0,10.828025477707007
"2025-03-30 08:00:00","2025-03-30 09:00:00",WN,244,243,1,0,3.9753086419753085,0.4098360655737705,16.049382716049383
"2025-03-30 09:00:00","2025-03-30 10:00:00",AA,131,131,0,0,11.213740458015268,0.0,16.793893129770993
"2025-03-30 09:00:00","2025-03-30 10:00:00",DL,133,131,0,2,6.37593984962406,0.0,12.030075187969924
"2025-03-30 09:00:00","2025-03-30 10:00:00",UA,142,141,0,1,10.169014084507042,0.0,23.943661971830984
"2025-03-30 09:00:00","2025-03-30 10:00:00",WN,195,195,0,0,7.723076923076923,0.0,18.46153846153846
"2025-03-30 10:00:00","2025-03-30 11:00:00",AA,138,136,1,1,13.744525547445255,0.7246376811594203,19.708029197080293
"2025-03-30 10:00:00","2025-03-30 11:00:00",DL,157,156,1,0,6.0256410256410255,0.6369426751592356,12.820512820512821
"2025-03-30 10:00:00","2025-03-30 11:00:00",UA,126,124,1,1,8.168,0.7936507936507936,23.2
"2025-03-30 10:00:00","2025-03-30 11:00:00",WN,233,230,1,2,9.435344827586206,0.4291845493562232,19.82758620689655
"2025-03-30 11:00:00","2025-03-30 12:00:00",AA,162,156,1,5,21.335403726708076,0.6172839506172839,22.36024844720497
"2025-03-30 11:00:00","2025-03-30 12:00:00",DL,206,205,0,1,11.757281553398059,0.0,17.961165048543688
"2025-03-30 11:00:00","2025-03-30 12:00:00",UA,114,113,0,1,15.385964912280702,0.0,23.68421052631579
"2025-03-30 11:00:00","2025-03-30 12:00:00",WN,220,218,0,2,12.50909090909091,0.0,27.727272727272727
"2025-03-30 12:00:00","2025-03-30 13:00:00",AA,139,133,0,6,37.223021582733814,0.0,34.53237410071942
"2025-03-30 12:00:00","2025-03-30 13:00:00",DL,155,150,0,5,12.380645161290323,0.0,19.35483870967742
"2025-03-30 12:00:00","2025-03-30 13:00:00",UA,109,105,0,4,16.30275229357798,0.0,25.68807339449541
"2025-03-30 12:00:00","2025-03-30 13:00:00",WN,209,199,1,9,19.14903846153846,0.4784688995215311,30.28846153846154
"2025-03-30 13:00:00","2025-03-30 14:00:00",AA,142,132,1,9,19.46808510638298,0.704225352112676,32.6241134751773
"2025-03-30 13:00:00","2025-03-30 14:00:00",DL,154,145,2,7,12.81578947368421,1.2987012987012987,19.736842105263158
"2025-03-30 13:00:00","2025-03-30 14:00:00",UA,124,120,0,4,21.862903225806452,0.0,37.903225806451616
"2025-03-30 13:00:00","2025-03-30 14:00:00",WN,237,229,0,8,26.82278481012658,0.0,36.70886075949367
"2025-03-30 14:00:00","2025-03-30 15:00:00",AA,140,135,4,1,38.01470588235294,2.857142857142857,43.38235294117647
"2025-03-30 14:00:00","2025-03-30 15:00:00",DL,150,146,1,3,42.644295302013425,0.6666666666666666,25.503355704697988
"2025-03-30 14:00:00","2025-03-30 15:00:00",UA,124,122,0,2,37.21774193548387,0.0,46.774193548387096
"2025-03-30 14:00:00","2025-03-30 15:00:00",WN,213,205,2,6,32.07582938388626,0.9389671361502347,38.388625592417064
"2025-03-30 15:00:00","2025-03-30 16:00:00",AA,139,130,7,2,44.84090909090909,5.0359712230215825,38.63636363636363
"2025-03-30 15:00:00","2025-03-30 16:00:00",DL,183,179,2,2,30.005524861878452,1.092896174863388,41.43646408839779
"2025-03-30 15:00:00","2025-03-30 16:00:00",UA,91,90,0,1,46.27472527472528,0.0,51.64835164835165
"2025-03-30 15:00:00","2025-03-30 16:00:00",WN,215,209,3,3,35.363207547169814,1.3953488372093024,48.58490566037736
"2025-03-30 16:00:00","2025-03-30 17:00:00",AA,143,131,10,2,45.65413533834587,6.993006993006993,45.11278195488722
"2025-03-30 16:00:00","2025-03-30 17:00:00",DL,136,134,2,0,37.082089552238806,1.4705882352941178,35.82089552238806
"2025-03-30 16:00:00","2025-03-30 17:00:00",UA,133,132,0,1,58.097744360902254,0.0,57.142857142857146
"2025-03-30 16:00:00","2025-03-30 17:00:00",WN,227,221,4,2,49.780269058295964,1.7621145374449338,53.81165919282511
"2025-03-30 17:00:00","2025-03-30 18:00:00",AA,148,124,23,1,85.368,15.54054054054054,55.2
"2025-03-30 17:00:00","2025-03-30 18:00:00",DL,182,178,2,2,31.83888888888889,1.098901098901099,36.666666666666664
"2025-03-30 17:00:00","2025-03-30 18:00:00",UA,132,132,0,0,52.63636363636363,0.0,55.303030303030305
"2025-03-30 17:00:00","2025-03-30 18:00:00",WN,242,238,3,1,51.31799163179916,1.2396694214876034,59.8326359832636
"2025-03-30 18:00:00","2025-03-30 19:00:00",AA,160,133,27,0,82.78195488721805,16.875,50.37593984962406
"2025-03-30 18:00:00","2025-03-30 19:00:00",DL,160,155,3,2,54.904458598726116,1.875,43.94904458598726
"2025-03-30 18:00:00","2025-03-30 19:00:00",UA,139,139,0,0,67.69064748201438,0.0,58.273381294964025
"2025-03-30 18:00:00","2025-03-30 19:00:00",WN,220,211,9,0,55.976303317535546,4.090909090909091,61.13744075829384
"2025-03-30 19:00:00","2025-03-30 20:00:00",AA,157,137,20,0,83.94890510948905,12.738853503184714,64.23357664233576
"2025-03-30 19:00:00","2025-03-30 20:00:00",DL,165,157,3,5,66.35802469135803,1.8181818181818181,56.17283950617284
"2025-03-30 19:00:00","2025-03-30 20:00:00",UA,139,138,1,0,71.84782608695652,0.7194244604316546,68.1159420289855
"2025-03-30 19:00:00","2025-03-30 20:00:00",WN,242,233,7,2,57.94042553191489,2.8925619834710745,63.40425531914894
"2025-03-30 20:00:00","2025-03-30 21:00:00",AA,129,109,19,1,64.61818181818182,14.728682170542635,53.63636363636363
"2025-03-30 20:00:00","2025-03-30 21:00:00",DL,120,116,1,3,50.23529411764706,0.8333333333333334,62.18487394957983
"2025-03-30 20:00:00","2025-03-30 21:00:00",UA,87,85,1,1,58.96511627906977,1.1494252873563218,61.627906976744185
"2025-03-30 20:00:00","2025-03-30 21:00:00",WN,252,243,8,1,58.43032786885246,3.1746031746031744,61.0655737704918
"2025-03-30 21:00:00","2025-03-30 22:00:00",AA,89,73,16,0,82.16438356164383,17.97752808988764,64.38356164383562
"2025-03-30 21:00:00","2025-03-30 22:00:00",DL,101,98,3,0,41.142857142857146,2.9702970297029703,53.06122448979592
"2025-03-30 21:00:00","2025-03-30 22:00:00",UA,63,63,0,0,45.61904761904762,0.0,68.25396825396825
"2025-03-30 21:00:00","2025-03-30 22:00:00",WN,191,180,11,0,65.38888888888889,5.7591623036649215,66.11111111111111
"2025-03-30 22:00:00","2025-03-30 23:00:00",AA,101,89,12,0,36.741573033707866,11.881188118811881,41.57303370786517
"2025-03-30 22:00:00","2025-03-30 23:00:00",DL,103,100,2,1,45.198019801980195,1.941747572815534,44.554455445544555
"2025-03-30 22:00:00","2025-03-30 23:00:00",UA,37,36,1,0,26.333333333333332,2.7027027027027026,36.111111111111114
"2025-03-30 22:00:00","2025-03-30 23:00:00",WN,164,156,8,0,68.32692307692308,4.878048780487805,72.43589743589743
"2025-03-30 23:00:00","2025-03-31 00:00:00",AA,28,25,3,0,43.2,10.714285714285714,56.0
"2025-03-30 23:00:00","2025-03-31 00:00:00",DL,41,41,0,0,42.46341463414634,0.0,39.02439024390244
"2025-03-30 23:00:00","2025-03-31 00:00:00",UA,38,38,0,0,32.81578947368421,0.0,42.10526315789474
"2025-03-30 23:00:00","2025-03-31 00:00:00",WN,8,8,0,0,16.75,0.0,25.0
"2025-03-31 00:00:00","2025-03-31 01:00:00",AA,10,9,1,0,6.666666666666667,10.0,11.11111111111111
"2025-03-31 00:00:00","2025-03-31 01:00:00",DL,6,6,0,0,2.0,0.0,16.666666666666668
"2025-03-31 00:00:00","2025-03-31 01:00:00",UA,9,9,0,0,13.444444444444445,0.0,22.22222222222222
"2025-03-31 01:00:00","2025-03-31 02:00:00",DL,2,2,0,0,-11.0,0.0,0.0
"2025-03-31 01:00:00","2025-03-31 02:00:00",UA,2,2,0,0,1.5,0.0,0.0
"2025-03-31 05:00:00","2025-03-31 06:00:00",AA,109,99,10,0,7.787878787878788,9.174311926605505,6.0606060606060606
"2025-03-31 05:00:00","2025-03-31 06:00:00",DL,68,67,1,0,8.597014925373134,1.4705882352941178,7.462686567164179
"2025-03-31 05:00:00","2025-03-31 06:00:00",UA,43,43,0,0,6.348837209302325,0.0,6.976744186046512
"2025-03-31 05:00:00","2025-03-31 06:00:00",WN,192,187,4,1,6.117021276595745,2.0833333333333335,7.446808510638298
"2025-03-31 06:00:00","2025-03-31 07:00:00",AA,186,170,16,0,13.905882352941177,8.602150537634408,14.117647058823529
"2025-03-31 06:00:00","2025-03-31 07:00:00",DL,190,188,1,1,16.095238095238095,0.5263157894736842,7.936507936507937
"2025-03-31 06:00:00","2025-03-31 07:00:00",UA,136,135,1,0,3.8814814814814813,0.7352941176470589,11.11111111111111
"2025-03-31 06:00:00","2025-03-31 07:00:00",WN,305,300,4,1,3.661129568106312,1.3114754098360655,6.312292358803987
"2025-03-31 07:00:00","2025-03-31 08:00:00",AA,223,211,12,0,15.075829383886257,5.381165919282512,11.374407582938389
"2025-03-31 07:00:00","2025-03-31 08:00:00",DL,246,239,5,2,17.87136929460581,2.032520325203252,17.42738589211618
"2025-03-31 07:00:00","2025-03-31 08:00:00",UA,198,197,0,1,6.575757575757576,0.0,16.666666666666668
"2025-03-31 07:00:00","2025-03-31 08:00:00",WN,240,236,3,1,8.734177215189874,1.25,15.611814345991561
"2025-03-31 08:00:00","2025-03-31 09:00:00",AA,196,188,8,0,24.111702127659573,4.081632653061225,28.19148936170213
"2025-03-31 08:00:00","2025-03-31 09:00:00",DL,184,179,3,2,16.939226519337016,1.6304347826086956,19.88950276243094
"2025-03-31 08:00:00","2025-03-31 09:00:00",UA,160,159,1,0,10.352201257861635,0.625,15.723270440251572
"2025-03-31 08:00:00","2025-03-31 09:00:00",WN,267,261,5,1,8.854961832061068,1.8726591760299625,17.938931297709924
"2025-03-31 09:00:00","2025-03-31 10:00:00",AA,128,125,3,0,20.048,2.34375,23.2
"2025-03-31 09:00:00","2025-03-31 10:00:00",DL,134,130,1,3,21.045112781954888,0.746268656716418,30.075187969924812
"2025-03-31 09:00:00","2025-03-31 10:00:00",UA,143,143,0,0,9.160839160839162,0.0,19.58041958041958
"2025-03-31 09:00:00","2025-03-31 10:00:00",WN,236,233,2,1,15.944444444444445,0.847457627118644,24.786324786324787
"2025-03-31 10:00:00","2025-03-31 11:00:00",AA,140,140,0,0,25.414285714285715,0.0,27.857142857142858
"2025-03-31 10:00:00","2025-03-31 11:00:00",DL,156,153,3,0,21.62091503267974,1.9230769230769231,32.02614379084967
"2025-03-31 10:00:00","2025-03-31 11:00:00",UA,127,126,1,0,13.619047619047619,0.7874015748031497,24.603174603174605
"2025-03-31 10:00:00","2025-03-31 11:00:00",WN,237,232,3,2,21.705128205128204,1.2658227848101267,29.914529914529915
"2025-03-31 11:00:00","2025-03-31 12:00:00",AA,161,157,3,1,28.373417721518987,1.8633540372670807,36.70886075949367
"2025-03-31 11:00:00","2025-03-31 12:00:00",DL,203,197,5,1,46.85353535353536,2.4630541871921183,43.43434343434343
"2025-03-31 11:00:00","2025-03-31 12:00:00",UA,122,122,0,0,10.385245901639344,0.0,24.59016393442623
"2025-03-31 11:00:00","2025-03-31 12:00:00",WN,236,231,4,1,25.49137931034483,1.694915254237288,32.327586206896555
"2025-03-31 12:00:00","2025-03-31 13:00:00",AA,148,141,3,4,32.5448275862069,2.027027027027027,42.06896551724138
"2025-03-31 12:00:00","2025-03-31 13:00:00",DL,167,161,3,3,47.63414634146341,1.7964071856287425,42.68292682926829
"2025-03-31 12:00:00","2025-03-31 13:00:00",UA,122,115,0,7,23.10655737704918,0.0,25.40983606557377
"2025-03-31 12:00:00","2025-03-31 13:00:00",WN,228,220,7,1,29.638009049773757,3.0701754385964914,36.199095022624434
"2025-03-31 13:00:00","2025-03-31 14:00:00",AA,144,136,6,2,40.094202898550726,4.166666666666667,40.57971014492754
"2025-03-31 13:00:00","2025-03-31 14:00:00",DL,155,144,7,4,47.71621621621622,4.516129032258065,54.729729729729726
"2025-03-31 13:00:00","2025-03-31 14:00:00",UA,124,117,0,7,12.82258064516129,0.0,25.806451612903224
"2025-03-31 13:00:00","2025-03-31 14:00:00",WN,243,240,2,1,34.06224066390042,0.823045267489712,48.54771784232365
"2025-03-31 14:00:00","2025-03-31 15:00:00",AA,145,135,10,0,38.82962962962963,6.896551724137931,45.18518518518518
"2025-03-31 14:00:00","2025-03-31 15:00:00",DL,149,140,7,2,66.97183098591549,4.697986577181208,60.563380281690144
"2025-03-31 14:00:00","2025-03-31 15:00:00",UA,132,123,0,9,30.689393939393938,0.0,31.060606060606062
"2025-03-31 14:00:00","2025-03-31 15:00:00",WN,245,232,9,4,43.470338983050844,3.673469387755102,49.152542372881356
"2025-03-31 15:00:00","2025-03-31 16:00:00",AA,137,130,5,2,54.59090909090909,3.6496350364963503,56.81818181818182
"2025-03-31 15:00:00","2025-03-31 16:00:00",DL,185,171,12,2,82.84971098265896,6.486486486486487,64.16184971098266
"2025-03-31 15:00:00","2025-03-31 16:00:00",UA,95,90,2,3,52.1505376344086,2.1052631578947367,39.784946236559136
"2025-03-31 15:00:00","2025-03-31 16:00:00",WN,213,202,7,4,41.101941747572816,3.2863849765258215,51.45631067961165
"2025-03-31 16:00:00","2025-03-31 17:00:00",AA,143,127,13,3,61.44615384615385,9.090909090909092,62.30769230769231
"2025-03-31 16:00:00","2025-03-31 17:00:00",DL,139,130,7,2,108.84848484848484,5.0359712230215825,74.24242424242425
"2025-03-31 16:00:00","2025-03-31 17:00:00",UA,137,127,1,9,54.1764705882353,0.7299270072992701,44.11764705882353
"2025-03-31 16:00:00","2025-03-31 17:00:00",WN,231,218,11,2,50.518181818181816,4.761904761904762,62.72727272727273
"2025-03-31 17:00:00","2025-03-31 18:00:00",AA,147,130,13,4,64.47014925373135,8.843537414965986,52.985074626865675
"2025-03-31 17:00:00","2025-03-31 18:00:00",DL,174,161,10,3,68.39634146341463,5.747126436781609,60.97560975609756
"2025-03-31 17:00:00","2025-03-31 18:00:00",UA,131,126,2,3,55.798449612403104,1.5267175572519085,51.93798449612403
"2025-03-31 17:00:00","2025-03-31 18:00:00",WN,239,214,18,7,52.68325791855204,7.531380753138075,60.18099547511312
"2025-03-31 18:00:00","2025-03-31 19:00:00",AA,164,135,28,1,74.16176470588235,17.073170731707318,63.970588235294116
"2025-03-31 18:00:00","2025-03-31 19:00:00",DL,170,152,16,2,85.04545454545455,9.411764705882353,73.37662337662337
"2025-03-31 18:00:00","2025-03-31 19:00:00",UA,133,127,2,4,57.534351145038165,1.5037593984962405,51.14503816793893
"2025-03-31 18:00:00","2025-03-31 19:00:00",WN,244,229,12,3,46.61206896551724,4.918032786885246,55.60344827586207
"2025-03-31 19:00:00","2025-03-31 20:00:00",AA,156,135,20,1,71.88970588235294,12.820512820512821,55.88235294117647
"2025-03-31 19:00:00","2025-03-31 20:00:00",DL,160,135,23,2,90.23357664233576,14.375,72.26277372262774
"2025-03-31 19:00:00","2025-03-31 20:00:00",UA,134,131,3,0,46.19083969465649,2.2388059701492535,47.32824427480916
"2025-03-31 19:00:00","2025-03-31 20:00:00",WN,213,199,14,0,53.482412060301506,6.572769953051643,56.28140703517588
"2025-03-31 20:00:00","2025-03-31 21:00:00",AA,131,117,14,0,48.8034188034188,10.687022900763358,61.53846153846154
"2025-03-31 20:00:00","2025-03-31 21:00:00",DL,119,103,16,0,79.70873786407768,13.445378151260504,69.90291262135922
"2025-03-31 20:00:00","2025-03-31 21:00:00",UA,79,71,7,1,71.79166666666667,8.860759493670885,58.333333333333336
"2025-03-31 20:00:00","2025-03-31 21:00:00",WN,272,251,21,0,53.342629482071715,7.720588235294118,62.54980079681275
"2025-03-31 21:00:00","2025-03-31 22:00:00",AA,88,79,9,0,66.56962025316456,10.227272727272727,58.22784810126582
"2025-03-31 21:00:00","2025-03-31 22:00:00",DL,104,95,9,0,71.48421052631579,8.653846153846153,71.57894736842105
"2025-03-31 21:00:00","2025-03-31 22:00:00",UA,54,50,4,0,50.04,7.407407407407407,50.0
"2025-03-31 21:00:00","2025-03-31 22:00:00",WN,163,155,8,0,58.44516129032258,4.9079754601226995,64.51612903225806
"2025-03-31 22:00:00","2025-03-31 23:00:00",AA,99,82,17,0,38.59756097560975,17.171717171717173,50.0
"2025-03-31 22:00:00","2025-03-31 23:00:00",DL,99,89,10,0,71.74157303370787,10.1010101010101,68.53932584269663
"2025-03-31 22:00:00","2025-03-31 23:00:00",UA,30,29,1,0,25.06896551724138,3.3333333333333335,34.48275862068966
"2025-03-31 22:00:00","2025-03-31 23:00:00",WN,137,129,7,1,55.76923076923077,5.109489051094891,68.46153846153847
"2025-03-31 23:00:00","2025-04-01 00:00:00",AA,27,24,3,0,35.208333333333336,11.11111111111111,54.166666666666664
"2025-03-31 23:00:00","2025-04-01 00:00:00",DL,39,35,4,0,69.6,10.256410256410257,60.0
"2025-03-31 23:00:00","2025-04-01 00:00:00",UA,35,34,1,0,25.176470588235293,2.857142857142857,35.294117647058826
"2025-03-31 23:00:00","2025-04-01 00:00:00",WN,9,9,0,0,9.88888888888889,0.0,33.333333333333336
"2025-04-01 00:00:00","2025-04-01 01:00:00",AA,9,8,1,0,28.25,11.11111111111111,50.0
"2025-04-01 00:00:00","2025-04-01 01:00:00",DL,7,7,0,0,-0.2857142857142857,0.0,14.285714285714286
"2025-04-01 00:00:00","2025-04-01 01:00:00",UA,8,8,0,0,75.25,0.0,25.0
"2025-04-01 01:00:00","2025-04-01 02:00:00",DL,2,2,0,0,-4.0,0.0,0.0
"2025-04-01 01:00:00","2025-04-01 02:00:00",UA,1,1,0,0,13.0,0.0,0.0
"2025-04-01 05:00:00","2025-04-01 06:00:00",AA,110,100,10,0,5.9,9.090909090909092,10.0
"2025-04-01 05:00:00","2025-04-01 06:00:00",DL,68,63,5,0,13.746031746031745,7.352941176470588,12.698412698412698
"2025-04-01 05:00:00","2025-04-01 06:00:00",UA,37,37,0,0,0.5945945945945946,0.0,2.7027027027027026
"2025-04-01 05:00:00","2025-04-01 06:00:00",WN,104,102,2,0,-1.588235294117647,1.9230769230769231,2.9411764705882355
"2025-04-01 06:00:00","2025-04-01 07:00:00",AA,188,178,10,0,33.10112359550562,5.319148936170213,16.853932584269664
"2025-04-01 06:00:00","2025-04-01 07:00:00",DL,188,174,13,1,6.88,6.914893617021277,12.571428571428571
"2025-04-01 06:00:00","2025-04-01 07:00:00",UA,127,122,5,0,5.60655737704918,3.937007874015748,9.01639344262295
"2025-04-01 06:00:00","2025-04-01 07:00:00",WN,302,302,0,0,-0.25496688741721857,0.0,5.629139072847682
"2025-04-01 07:00:00","2025-04-01 08:00:00",AA,220,207,13,0,5.251207729468599,5.909090909090909,12.077294685990339
"2025-04-01 07:00:00","2025-04-01 08:00:00",DL,244,216,28,0,15.805555555555555,11.475409836065573,16.666666666666668
"2025-04-01 07:00:00","2025-04-01 08:00:00",UA,189,184,5,0,3.0217391304347827,2.6455026455026456,8.695652173913043
"2025-04-01 07:00:00","2025-04-01 08:00:00",WN,241,241,0,0,7.365145228215767,0.0,11.618257261410788
"2025-04-01 08:00:00","2025-04-01 09:00:00",AA,197,188,8,1,30.137566137566136,4.060913705583756,15.343915343915343
"2025-04-01 08:00:00","2025-04-01 09:00:00",DL,179,169,9,1,14.770588235294118,5.027932960893855,26.470588235294116
"2025-04-01 08:00:00","2025-04-01 09:00:00",UA,160,159,1,0,0.9748427672955975,0.625,7.547169811320755
"2025-04-01 08:00:00","2025-04-01 09:00:00",WN,268,266,1,1,4.872659176029963,0.373134328358209,9.737827715355806
"2025-04-01 09:00:00","2025-04-01 10:00:00",AA,130,129,1,0,19.069767441860463,0.7692307692307693,14.728682170542635
"2025-04-01 09:00:00","2025-04-01 10:00:00",DL,133,129,4,0,14.465116279069768,3.007518796992481,26.356589147286822
"2025-04-01 09:00:00","2025-04-01 10:00:00",UA,141,141,0,0,5.900709219858156,0.0,12.056737588652481
"2025-04-01 09:00:00","2025-04-01 10:00:00",WN,201,201,0,0,5.412935323383085,0.0,14.427860696517413
"2025-04-01 10:00:00","2025-04-01 11:00:00",AA,139,138,1,0,19.608695652173914,0.7194244604316546,22.463768115942027
"2025-04-01 10:00:00","2025-04-01 11:00:00",DL,153,150,2,1,9.509933774834437,1.3071895424836601,25.827814569536425
"2025-04-01 10:00:00","2025-04-01 11:00:00",UA,128,128,0,0,5.0,0.0,14.84375
"2025-04-01 10:00:00","2025-04-01 11:00:00",WN,247,246,1,0,9.231707317073171,0.4048582995951417,15.040650406504065
"2025-04-01 11:00:00","2025-04-01 12:00:00",AA,163,163,0,0,13.141104294478527,0.0,20.245398773006134
"2025-04-01 11:00:00","2025-04-01 12:00:00",DL,200,198,2,0,15.6010101010101,1.0,26.767676767676768
"2025-04-01 11:00:00","2025-04-01 12:00:00",UA,122,122,0,0,0.5901639344262295,0.0,7.377049180327869
"2025-04-01 11:00:00","2025-04-01 12:00:00",WN,221,221,0,0,7.995475113122172,0.0,20.361990950226243
"2025-04-01 12:00:00","2025-04-01 13:00:00",AA,142,140,2,0,11.314285714285715,1.408450704225352,24.285714285714285
"2025-04-01 12:00:00","2025-04-01 13:00:00",DL,160,156,3,1,20.044585987261147,1.875,29.29936305732484
"2025-04-01 12:00:00","2025-04-01 13:00:00",UA,114,112,1,1,-0.008849557522123894,0.8771929824561403,7.964601769911504
"2025-04-01 12:00:00","2025-04-01 13:00:00",WN,230,230,0,0,7.28695652173913,0.0,20.869565217391305
"2025-04-01 13:00:00","2025-04-01 14:00:00",AA,138,138,0,0,25.27536231884058,0.0,28.985507246376812
"2025-04-01 13:00:00","2025-04-01 14:00:00",DL,138,136,2,0,10.257352941176471,1.4492753623188406,22.794117647058822
"2025-04-01 13:00:00","2025-04-01 14:00:00",UA,121,121,0,0,0.2809917355371901,0.0,8.264462809917354
"2025-04-01 13:00:00","2025-04-01 14:00:00",WN,226,226,0,0,6.615044247787611,0.0,18.141592920353983
"2025-04-01 14:00:00","2025-04-01 15:00:00",AA,144,144,0,0,13.743055555555555,0.0,24.305555555555557
"2025-04-01 14:00:00","2025-04-01 15:00:00",DL,137,135,2,0,19.385185185185186,1.4598540145985401,25.925925925925927
"2025-04-01 14:00:00","2025-04-01 15:00:00",UA,130,130,0,0,1.0384615384615385,0.0,11.538461538461538
"2025-04-01 14:00:00","2025-04-01 15:00:00",WN,219,219,0,0,10.150684931506849,0.0,22.831050228310502
"2025-04-01 15:00:00","2025-04-01 16:00:00",AA,135,135,0,0,12.829629629629629,0.0,28.88888888888889
"2025-04-01 15:00:00","2025-04-01 16:00:00",DL,177,175,1,1,15.017045454545455,0.5649717514124294,27.84090909090909
"2025-04-01 15:00:00","2025-04-01 16:00:00",UA,96,96,0,0,4.895833333333333,0.0,12.5
"2025-04-01 15:00:00","2025-04-01 16:00:00",WN,212,212,0,0,8.89622641509434,0.0,24.528301886792452
"2025-04-01 16:00:00","2025-04-01 17:00:00",AA,143,143,0,0,21.153846153846153,0.0,27.972027972027973
"2025-04-01 16:00:00","2025-04-01 17:00:00",DL,124,124,0,0,16.25,0.0,30.64516129032258
"2025-04-01 16:00:00","2025-04-01 17:00:00",UA,136,136,0,0,2.514705882352941,0.0,13.235294117647058
"2025-04-01 16:00:00","2025-04-01 17:00:00",WN,235,232,1,2,6.760683760683761,0.425531914893617,19.65811965811966
"2025-04-01 17:00:00","2025-04-01 18:00:00",AA,147,146,1,0,18.561643835616437,0.6802721088435374,28.767123287671232
"2025-04-01 17:00:00","2025-04-01 18:00:00",DL,167,166,1,0,12.716867469879517,0.5988023952095808,19.27710843373494
"2025-04-01 17:00:00","2025-04-01 18:00:00",UA,126,126,0,0,4.857142857142857,0.0,14.285714285714286
"2025-04-01 17:00:00","2025-04-01 18:00:00",WN,229,228,0,1,9.065502183406114,0.0,24.45414847161572
"2025-04-01 18:00:00","2025-04-01 19:00:00",AA,167,163,1,3,34.897590361445786,0.5988023952095808,28.91566265060241
"2025-04-01 18:00:00","2025-04-01 19:00:00",DL,158,157,0,1,10.645569620253164,0.0,25.949367088607595
"2025-04-01 18:00:00","2025-04-01 19:00:00",UA,121,120,0,1,4.950413223140496,0.0,14.049586776859504
"2025-04-01 18:00:00","2025-04-01 19:00:00",WN,217,216,0,1,6.308755760368664,0.0,22.119815668202765
"2025-04-01 19:00:00","2025-04-01 20:00:00",AA,157,154,0,3,17.694267515923567,0.0,25.477707006369428
"2025-04-01 19:00:00","2025-04-01 20:00:00",DL,133,132,0,1,20.42105263157895,0.0,34.58646616541353
"2025-04-01 19:00:00","2025-04-01 20:00:00",UA,126,126,0,0,5.650793650793651,0.0,12.698412698412698
"2025-04-01 19:00:00","2025-04-01 20:00:00",WN,279,270,2,7,8.826714801444043,0.7168458781362007,22.021660649819495
"2025-04-01 20:00:00","2025-04-01 21:00:00",AA,128,125,1,2,21.8503937007874,0.78125,25.984251968503937
"2025-04-01 20:00:00","2025-04-01 21:00:00",DL,93,91,2,0,17.923076923076923,2.150537634408602,19.78021978021978
"2025-04-01 20:00:00","2025-04-01 21:00:00",UA,75,75,0,0,0.68,0.0,10.666666666666666
"2025-04-01 20:00:00","2025-04-01 21:00:00",WN,180,177,0,3,7.127777777777778,0.0,18.333333333333332
"2025-04-01 21:00:00","2025-04-01 22:00:00",AA,88,88,0,0,12.965909090909092,0.0,26.136363636363637
"2025-04-01 21:00:00","2025-04-01 22:00:00",DL,78,78,0,0,15.615384615384615,0.0,25.641025641025642
"2025-04-01 21:00:00","2025-04-01 22:00:00",UA,39,39,0,0,-5.9743589743589745,0.0,0.0
"2025-04-01 21:00:00","2025-04-01 22:00:00",WN,160,160,0,0,13.3,0.0,26.875
"2025-04-01 22:00:00","2025-04-01 23:00:00",AA,96,95,1,0,5.852631578947369,1.0416666666666667,20.0
"2025-04-01 22:00:00","2025-04-01 23:00:00",DL,92,91,0,1,3.4239130434782608,0.0,15.217391304347826
"2025-04-01 22:00:00","2025-04-01 23:00:00",UA,31,31,0,0,0.41935483870967744,0.0,12.903225806451612
"2025-04-01 22:00:00","2025-04-01 23:00:00",WN,9,9,0,0,-1.8888888888888888,0.0,11.11111111111111
"2025-04-01 23:00:00","2025-04-02 00:00:00",AA,27,27,0,0,35.370370370370374,0.0,29.62962962962963
"2025-04-01 23:00:00","2025-04-02 00:00:00",DL,33,32,0,1,18.484848484848484,0.0,12.121212121212121
"2025-04-01 23:00:00","2025-04-02 00:00:00",UA,32,32,0,0,-3.75,0.0,3.125
"2025-04-01 23:00:00","2025-04-02 00:00:00",WN,8,6,0,2,-1.5,0.0,0.0
"2025-04-02 00:00:00","2025-04-02 01:00:00",AA,9,8,0,1,0.2222222222222222,0.0,11.11111111111111
"2025-04-02 00:00:00","2025-04-02 01:00:00",DL,4,3,1,0,-10.0,25.0,0.0
"2025-04-02 00:00:00","2025-04-02 01:00:00",UA,7,7,0,0,-4.714285714285714,0.0,0.0
"2025-04-02 01:00:00","2025-04-02 02:00:00",DL,2,2,0,0,79.5,0.0,100.0
"2025-04-02 01:00:00","2025-04-02 02:00:00",UA,1,1,0,0,-8.0,0.0,0.0
"2025-04-02 05:00:00","2025-04-02 06:00:00",AA,108,107,0,1,13.5,0.0,22.22222222222222
"2025-04-02 05:00:00","2025-04-02 06:00:00",DL,65,65,0,0,-2.4307692307692306,0.0,6.153846153846154
"2025-04-02 05:00:00","2025-04-02 06:00:00",UA,37,37,0,0,-1.2702702702702702,0.0,2.7027027027027026
"2025-04-02 05:00:00","2025-04-02 06:00:00",WN,102,101,1,0,2.772277227722772,0.9803921568627451,8.910891089108912
"2025-04-02 06:00:00","2025-04-02 07:00:00",AA,187,182,2,3,7.205405405405405,1.0695187165775402,13.513513513513514
"2025-04-02 06:00:00","2025-04-02 07:00:00",DL,186,184,2,0,2.7065217391304346,1.075268817204301,6.521739130434782
"2025-04-02 06:00:00","2025-04-02 07:00:00",UA,128,127,0,1,8.6015625,0.0,16.40625
"2025-04-02 06:00:00","2025-04-02 07:00:00",WN,302,292,7,3,3.4135593220338984,2.3178807947019866,9.830508474576272
"2025-04-02 07:00:00","2025-04-02 08:00:00",AA,222,216,4,2,6.587155963302752,1.8018018018018018,15.137614678899082
"2025-04-02 07:00:00","2025-04-02 08:00:00",DL,245,245,0,0,7.146938775510204,0.0,14.285714285714286
"2025-04-02 07:00:00","2025-04-02 08:00:00",UA,192,189,1,2,24.6282722513089,0.5208333333333334,20.94240837696335
"2025-04-02 07:00:00","2025-04-02 08:00:00",WN,243,235,7,1,4.008474576271187,2.880658436213992,11.016949152542374
"2025-04-02 08:00:00","2025-04-02 09:00:00",AA,196,191,1,4,16.317948717948717,0.5102040816326531,23.076923076923077
"2025-04-02 08:00:00","2025-04-02 09:00:00",DL,176,176,0,0,5.363636363636363,0.0,6.25
"2025-04-02 08:00:00","2025-04-02 09:00:00",UA,159,155,2,2,21.222929936305732,1.2578616352201257,15.92356687898089
"2025-04-02 08:00:00","2025-04-02 09:00:00",WN,265,253,10,2,9.498039215686275,3.7735849056603774,17.254901960784313
"2025-04-02 09:00:00","2025-04-02 10:00:00",AA,131,128,2,1,21.217054263565892,1.5267175572519085,26.356589147286822
"2025-04-02 09:00:00","2025-04-02 10:00:00",DL,133,132,0,1,6.353383458646617,0.0,13.533834586466165
"2025-04-02 09:00:00","2025-04-02 10:00:00",UA,141,139,1,1,27.864285714285714,0.7092198581560284,25.714285714285715
"2025-04-02 09:00:00","2025-04-02 10:00:00",WN,203,196,6,1,9.730964467005077,2.955665024630542,22.33502538071066
"2025-04-02 10:00:00","2025-04-02 11:00:00",AA,136,135,0,1,41.9264705882353,0.0,38.23529411764706
"2025-04-02 10:00:00","2025-04-02 11:00:00",DL,152,152,0,0,10.625,0.0,23.68421052631579
"2025-04-02 10:00:00","2025-04-02 11:00:00",UA,129,126,3,0,51.11904761904762,2.3255813953488373,39.682539682539684
"2025-04-02 10:00:00","2025-04-02 11:00:00",WN,249,240,8,1,12.485477178423237,3.21285140562249,22.406639004149376
"2025-04-02 11:00:00","2025-04-02 12:00:00",AA,163,156,4,3,33.477987421383645,2.4539877300613497,41.509433962264154
"2025-04-02 11:00:00","2025-04-02 12:00:00",DL,200,199,0,1,10.425,0.0,22.0
"2025-04-02 11:00:00","2025-04-02 12:00:00",UA,124,120,3,1,52.264462809917354,2.4193548387096775,33.88429752066116
"2025-04-02 11:00:00","2025-04-02 12:00:00",WN,224,220,4,0,16.12272727272727,1.7857142857142858,26.363636363636363
"2025-04-02 12:00:00","2025-04-02 13:00:00",AA,143,137,5,1,39.2536231884058,3.4965034965034967,49.27536231884058
"2025-04-02 12:00:00","2025-04-02 13:00:00",DL,165,165,0,0,13.139393939393939,0.0,24.848484848484848
"2025-04-02 12:00:00","2025-04-02 13:00:00",UA,119,115,3,1,37.724137931034484,2.5210084033613445,40.51724137931034
"2025-04-02 12:00:00","2025-04-02 13:00:00",WN,234,233,1,0,23.068669527896997,0.42735042735042733,38.62660944206009
"2025-04-02 13:00:00","2025-04-02 14:00:00",AA,142,139,3,0,42.21582733812949,2.112676056338028,45.32374100719424
"2025-04-02 13:00:00","2025-04-02 14:00:00",DL,150,148,1,1,9.805369127516778,0.6666666666666666,17.449664429530202
"2025-04-02 13:00:00","2025-04-02 14:00:00",UA,128,123,5,0,21.577235772357724,3.90625,21.951219512195124
"2025-04-02 13:00:00","2025-04-02 14:00:00",WN,234,230,4,0,23.52173913043478,1.7094017094017093,33.47826086956522
"2025-04-02 14:00:00","2025-04-02 15:00:00",AA,144,140,4,0,36.542857142857144,2.7777777777777777,41.42857142857143
"2025-04-02 14:00:00","2025-04-02 15:00:00",DL,138,138,0,0,19.94927536231884,0.0,27.536231884057973
"2025-04-02 14:00:00","2025-04-02 15:00:00",UA,134,121,11,2,40.796747967479675,8.208955223880597,39.02439024390244
"2025-04-02 14:00:00","2025-04-02 15:00:00",WN,220,220,0,0,26.345454545454544,0.0,46.81818181818182
"2025-04-02 15:00:00","2025-04-02 16:00:00",AA,140,134,5,1,46.007407407407406,3.5714285714285716,47.407407407407405
"2025-04-02 15:00:00","2025-04-02 16:00:00",DL,180,178,1,1,14.28491620111732,0.5555555555555556,22.3463687150838
"2025-04-02 15:00:00","2025-04-02 16:00:00",UA,100,94,6,0,42.37234042553192,6.0,34.04255319148936
"2025-04-02 15:00:00","2025-04-02 16:00:00",WN,216,214,2,0,24.50467289719626,0.9259259259259259,38.78504672897196
"2025-04-02 16:00:00","2025-04-02 17:00:00",AA,141,132,9,0,54.84848484848485,6.382978723404255,53.03030303030303
"2025-04-02 16:00:00","2025-04-02 17:00:00",DL,125,124,0,1,11.504,0.0,25.6
"2025-04-02 16:00:00","2025-04-02 17:00:00",UA,140,131,8,1,60.81818181818182,5.714285714285714,44.696969696969695
"2025-04-02 16:00:00","2025-04-02 17:00:00",WN,237,236,1,0,30.084745762711865,0.4219409282700422,46.610169491525426
"2025-04-02 17:00:00","2025-04-02 18:00:00",AA,149,136,12,1,74.5912408759124,8.053691275167786,50.36496350364963
"2025-04-02 17:00:00","2025-04-02 18:00:00",DL,176,172,1,3,22.268571428571427,0.5681818181818182,24.0
"2025-04-02 17:00:00","2025-04-02 18:00:00",UA,136,130,4,2,49.984848484848484,2.9411764705882355,34.84848484848485
"2025-04-02 17:00:00","2025-04-02 18:00:00",WN,230,229,1,0,27.061135371179038,0.43478260869565216,39.301310043668124
"2025-04-02 18:00:00","2025-04-02 19:00:00",AA,166,143,21,2,43.213793103448275,12.650602409638553,49.6551724137931
"2025-04-02 18:00:00","2025-04-02 19:00:00",DL,156,154,1,1,18.019354838709678,0.6410256410256411,36.12903225806452
"2025-04-02 18:00:00","2025-04-02 19:00:00",UA,138,117,21,0,48.84615384615385,15.217391304347826,36.75213675213675
"2025-04-02 18:00:00","2025-04-02 19:00:00",WN,217,216,0,1,28.774193548387096,0.0,41.474654377880185
"2025-04-02 19:00:00","2025-04-02 20:00:00",AA,154,137,17,0,59.78832116788321,11.03896103896104,54.01459854014598
"2025-04-02 19:00:00","2025-04-02 20:00:00",DL,133,131,1,1,14.431818181818182,0.7518796992481203,22.727272727272727
"2025-04-02 19:00:00","2025-04-02 20:00:00",UA,136,128,8,0,51.546875,5.882352941176471,41.40625
"2025-04-02 19:00:00","2025-04-02 20:00:00",WN,275,272,1,2,26.04014598540146,0.36363636363636365,42.7007299270073
"2025-04-02 20:00:00","2025-04-02 21:00:00",AA,130,113,15,2,32.30434782608695,11.538461538461538,53.91304347826087
"2025-04-02 20:00:00","2025-04-02 21:00:00",DL,96,90,3,3,19.612903225806452,3.125,16.129032258064516
"2025-04-02 20:00:00","2025-04-02 21:00:00",UA,83,78,5,0,34.64102564102564,6.024096385542169,38.46153846153846
"2025-04-02 20:00:00","2025-04-02 21:00:00",WN,178,178,0,0,30.89887640449438,0.0,47.19101123595506
"2025-04-02 21:00:00","2025-04-02 22:00:00",AA,86,75,11,0,37.026666666666664,12.790697674418604,46.666666666666664
"2025-04-02 21:00:00","2025-04-02 22:00:00",DL,78,77,1,0,13.25974025974026,1.2820512820512822,32.467532467532465
"2025-04-02 21:00:00","2025-04-02 22:00:00",UA,56,52,4,0,36.90384615384615,7.142857142857143,42.30769230769231
"2025-04-02 21:00:00","2025-04-02 22:00:00",WN,158,153,4,1,29.175324675324674,2.5316455696202533,46.103896103896105
"2025-04-02 22:00:00","2025-04-02 23:00:00",AA,98,88,10,0,31.147727272727273,10.204081632653061,47.72727272727273
"2025-04-02 22:00:00","2025-04-02 23:00:00",DL,89,87,1,1,10.852272727272727,1.1235955056179776,19.318181818181817
"2025-04-02 22:00:00","2025-04-02 23:00:00",UA,33,32,1,0,13.4375,3.0303030303030303,25.0
"2025-04-02 22:00:00","2025-04-02 23:00:00",WN,10,10,0,0,0.5,0.0,0.0
"2025-04-02 23:00:00","2025-04-03 00:00:00",AA,27,21,5,1,47.04545454545455,18.51851851851852,31.818181818181817
"2025-04-02 23:00:00","2025-04-03 00:00:00",DL,35,34,1,0,2.5588235294117645,2.857142857142857,14.705882352941176
"2025-04-02 23:00:00","2025-04-03 00:00:00",UA,36,36,0,0,7.861111111111111,0.0,30.555555555555557
"2025-04-02 23:00:00","2025-04-03 00:00:00",WN,9,9,0,0,-1.8888888888888888,0.0,0.0
"2025-04-03 00:00:00","2025-04-03 01:00:00",AA,9,7,2,0,6.714285714285714,22.22222222222222,14.285714285714286
"2025-04-03 00:00:00","2025-04-03 01:00:00",DL,4,4,0,0,17.0,0.0,50.0
"2025-04-03 00:00:00","2025-04-03 01:00:00",UA,7,7,0,0,6.285714285714286,0.0,14.285714285714286
"2025-04-03 01:00:00","2025-04-03 02:00:00",DL,2,2,0,0,10.0,0.0,50.0
"2025-04-03 01:00:00","2025-04-03 02:00:00",UA,1,1,0,0,-8.0,0.0,0.0
"2025-04-03 05:00:00","2025-04-03 06:00:00",AA,110,98,12,0,32.775510204081634,10.909090909090908,20.408163265306122
"2025-04-03 05:00:00","2025-04-03 06:00:00",DL,68,68,0,0,15.470588235294118,0.0,11.764705882352942
"2025-04-03 05:00:00","2025-04-03 06:00:00",UA,40,40,0,0,-2.15,0.0,5.0
"2025-04-03 05:00:00","2025-04-03 06:00:00",WN,191,182,9,0,4.434065934065934,4.712041884816754,8.241758241758241
"2025-04-03 06:00:00","2025-04-03 07:00:00",AA,188,167,21,0,19.065868263473053,11.170212765957446,12.574850299401197
"2025-04-03 06:00:00","2025-04-03 07:00:00",DL,188,183,5,0,8.240437158469945,2.6595744680851063,6.0109289617486334
"2025-04-03 06:00:00","2025-04-03 07:00:00",UA,134,120,14,0,3.433333333333333,10.447761194029852,11.666666666666666
"2025-04-03 06:00:00","2025-04-03 07:00:00",WN,308,296,12,0,1.7668918918918919,3.896103896103896,6.081081081081081
"2025-04-03 07:00:00","2025-04-03 08:00:00",AA,225,207,17,1,15.014423076923077,7.555555555555555,19.23076923076923
"2025-04-03 07:00:00","2025-04-03 08:00:00",DL,250,249,1,0,7.903614457831325,0.4,8.433734939759036
"2025-04-03 07:00:00","2025-04-03 08:00:00",UA,201,190,11,0,3.336842105263158,5.472636815920398,13.68421052631579
"2025-04-03 07:00:00","2025-04-03 08:00:00",WN,241,228,12,1,6.17467248908297,4.979253112033195,15.283842794759826
"2025-04-03 08:00:00","2025-04-03 09:00:00",AA,196,181,15,0,16.39779005524862,7.653061224489796,21.54696132596685
"2025-04-03 08:00:00","2025-04-03 09:00:00",DL,178,177,1,0,5.593220338983051,0.5617977528089888,10.734463276836157
"2025-04-03 08:00:00","2025-04-03 09:00:00",UA,164,157,7,0,5.439490445859873,4.2682926829268295,14.012738853503185
"2025-04-03 08:00:00","2025-04-03 09:00:00",WN,266,259,7,0,5.5096525096525095,2.6315789473684212,12.355212355212355
"2025-04-03 09:00:00","2025-04-03 10:00:00",AA,131,119,12,0,11.563025210084033,9.16030534351145,26.050420168067227
"2025-04-03 09:00:00","2025-04-03 10:00:00",DL,130,128,1,1,9.116279069767442,0.7692307692307693,15.503875968992247
"2025-04-03 09:00:00","2025-04-03 10:00:00",UA,138,135,3,0,5.111111111111111,2.1739130434782608,17.037037037037038
"2025-04-03 09:00:00","2025-04-03 10:00:00",WN,233,222,10,1,9.829596412556054,4.291845493562231,20.179372197309416
"2025-04-03 10:00:00","2025-04-03 11:00:00",AA,138,127,10,1,21.3359375,7.246376811594203,34.375
"2025-04-03 10:00:00","2025-04-03 11:00:00",DL,156,156,0,0,6.455128205128205,0.0,17.307692307692307
"2025-04-03 10:00:00","2025-04-03 11:00:00",UA,132,130,2,0,12.115384615384615,1.5151515151515151,22.307692307692307
"2025-04-03 10:00:00","2025-04-03 11:00:00",WN,235,231,3,1,13.866379310344827,1.2765957446808511,26.29310344827586
"2025-04-03 11:00:00","2025-04-03 12:00:00",AA,160,156,4,0,25.576923076923077,2.5,32.69230769230769
"2025-04-03 11:00:00","2025-04-03 12:00:00",DL,200,200,0,0,12.065,0.0,22.0
"2025-04-03 11:00:00","2025-04-03 12:00:00",UA,124,123,1,0,10.455284552845528,0.8064516129032258,21.13821138211382
"2025-04-03 11:00:00","2025-04-03 12:00:00",WN,232,229,3,0,13.585152838427948,1.293103448275862,22.707423580786028
"2025-04-03 12:00:00","2025-04-03 13:00:00",AA,144,139,5,0,20.87769784172662,3.4722222222222223,39.568345323741006
"2025-04-03 12:00:00","2025-04-03 13:00:00",DL,165,165,0,0,16.21818181818182,0.0,23.03030303030303
"2025-04-03 12:00:00","2025-04-03 13:00:00",UA,119,119,0,0,7.504201680672269,0.0,17.647058823529413
"2025-04-03 12:00:00","2025-04-03 13:00:00",WN,225,220,5,0,14.022727272727273,2.2222222222222223,24.545454545454547
"2025-04-03 13:00:00","2025-04-03 14:00:00",AA,143,139,4,0,27.26618705035971,2.797202797202797,38.1294964028777
"2025-04-03 13:00:00","2025-04-03 14:00:00",DL,158,158,0,0,17.4873417721519,0.0,28.481012658227847
"2025-04-03 13:00:00","2025-04-03 14:00:00",UA,127,126,1,0,18.793650793650794,0.7874015748031497,28.571428571428573
"2025-04-03 13:00:00","2025-04-03 14:00:00",WN,245,239,4,2,15.975103734439834,1.6326530612244898,35.26970954356847
"2025-04-03 14:00:00","2025-04-03 15:00:00",AA,143,141,1,1,26.06338028169014,0.6993006993006993,42.25352112676056
"2025-04-03 14:00:00","2025-04-03 15:00:00",DL,140,140,0,0,14.964285714285714,0.0,28.571428571428573
"2025-04-03 14:00:00","2025-04-03 15:00:00",UA,130,129,0,1,22.046153846153846,0.0,34.61538461538461
"2025-04-03 14:00:00","2025-04-03 15:00:00",WN,245,241,4,0,24.244813278008298,1.6326530612244898,32.365145228215766
"2025-04-03 15:00:00","2025-04-03 16:00:00",AA,142,139,3,0,30.618705035971225,2.112676056338028,40.28776978417266
"2025-04-03 15:00:00","2025-04-03 16:00:00",DL,185,185,0,0,22.16216216216216,0.0,24.864864864864863
"2025-04-03 15:00:00","2025-04-03 16:00:00",UA,98,97,1,0,19.7319587628866,1.0204081632653061,30.927835051546392
"2025-04-03 15:00:00","2025-04-03 16:00:00",WN,216,214,1,1,24.176744186046513,0.46296296296296297,43.25581395348837
"2025-04-03 16:00:00","2025-04-03 17:00:00",AA,142,140,2,0,34.885714285714286,1.408450704225352,47.857142857142854
"2025-04-03 16:00:00","2025-04-03 17:00:00",DL,134,134,0,0,28.470149253731343,0.0,37.3134328358209
"2025-04-03 16:00:00","2025-04-03 17:00:00",UA,139,139,0,0,28.323741007194243,0.0,37.410071942446045
"2025-04-03 16:00:00","2025-04-03 17:00:00",WN,233,232,1,0,30.525862068965516,0.4291845493562232,43.10344827586207
"2025-04-03 17:00:00","2025-04-03 18:00:00",AA,152,148,2,2,42.68,1.3157894736842106,52.0
"2025-04-03 17:00:00","2025-04-03 18:00:00",DL,182,182,0,0,17.785714285714285,0.0,32.417582417582416
"2025-04-03 17:00:00","2025-04-03 18:00:00",UA,135,135,0,0,28.007407407407406,0.0,39.25925925925926
"2025-04-03 17:00:00","2025-04-03 18:00:00",WN,243,242,1,0,38.078512396694215,0.411522633744856,53.71900826446281
"2025-04-03 18:00:00","2025-04-03 19:00:00",AA,163,161,2,0,29.428571428571427,1.2269938650306749,49.68944099378882
"2025-04-03 18:00:00","2025-04-03 19:00:00",DL,160,159,0,1,26.8125,0.0,39.375
"2025-04-03 18:00:00","2025-04-03 19:00:00",UA,140,140,0,0,21.085714285714285,0.0,30.714285714285715
"2025-04-03 18:00:00","2025-04-03 19:00:00",WN,243,243,0,0,33.35390946502058,0.0,51.851851851851855
"2025-04-03 19:00:00","2025-04-03 20:00:00",AA,156,156,0,0,44.06410256410256,0.0,57.69230769230769
"2025-04-03 19:00:00","2025-04-03 20:00:00",DL,164,164,0,0,34.53658536585366,0.0,40.24390243902439
"2025-04-03 19:00:00","2025-04-03 20:00:00",UA,139,139,0,0,29.467625899280577,0.0,35.97122302158273
"2025-04-03 19:00:00","2025-04-03 20:00:00",WN,217,216,1,0,40.75925925925926,0.4608294930875576,48.148148148148145
"2025-04-03 20:00:00","2025-04-03 21:00:00",AA,125,123,1,1,29.89516129032258,0.8,42.74193548387097
"2025-04-03 20:00:00","2025-04-03 21:00:00",DL,116,116,0,0,13.198275862068966,0.0,26.724137931034484
"2025-04-03 20:00:00","2025-04-03 21:00:00",UA,84,84,0,0,26.142857142857142,0.0,27.38095238095238
"2025-04-03 20:00:00","2025-04-03 21:00:00",WN,273,273,0,0,33.64468864468864,0.0,53.84615384615385
"2025-04-03 21:00:00","2025-04-03 22:00:00",AA,84,84,0,0,72.35714285714286,0.0,61.904761904761905
"2025-04-03 21:00:00","2025-04-03 22:00:00",DL,103,103,0,0,17.660194174757283,0.0,33.00970873786408
"2025-04-03 21:00:00","2025-04-03 22:00:00",UA,60,59,0,1,15.333333333333334,0.0,30.0
"2025-04-03 21:00:00","2025-04-03 22:00:00",WN,164,161,3,0,33.50310559006211,1.829268292682927,49.68944099378882
"2025-04-03 22:00:00","2025-04-03 23:00:00",AA,101,100,1,0,44.27,0.9900990099009901,34.0
"2025-04-03 22:00:00","2025-04-03 23:00:00",DL,99,98,0,1,17.141414141414142,0.0,29.292929292929294
"2025-04-03 22:00:00","2025-04-03 23:00:00",UA,35,35,0,0,18.97142857142857,0.0,11.428571428571429
"2025-04-03 22:00:00","2025-04-03 23:00:00",WN,138,137,0,1,29.442028985507246,0.0,47.82608695652174
"2025-04-03 23:00:00","2025-04-04 00:00:00",AA,30,30,0,0,5.166666666666667,0.0,23.333333333333332
"2025-04-03 23:00:00","2025-04-04 00:00:00",DL,42,42,0,0,13.119047619047619,0.0,23.80952380952381
"2025-04-03 23:00:00","2025-04-04 00:00:00",UA,37,36,0,1,10.243243243243244,0.0,21.62162162162162
"2025-04-03 23:00:00","2025-04-04 00:00:00",WN,9,9,0,0,10.11111111111111,0.0,33.333333333333336
"2025-04-04 00:00:00","2025-04-04 01:00:00",AA,8,8,0,0,1.0,0.0,12.5
"2025-04-04 00:00:00","2025-04-04 01:00:00",DL,7,7,0,0,10.571428571428571,0.0,28.571428571428573
"2025-04-04 00:00:00","2025-04-04 01:00:00",UA,8,8,0,0,1.875,0.0,12.5
"2025-04-04 01:00:00","2025-04-04 02:00:00",DL,2,2,0,0,-3.5,0.0,0.0
"2025-04-04 01:00:00","2025-04-04 02:00:00",UA,2,2,0,0,-4.5,0.0,0.0
"2025-04-04 05:00:00","2025-04-04 06:00:00",AA,110,110,0,0,14.936363636363636,0.0,15.454545454545455
"2025-04-04 05:00:00","2025-04-04 06:00:00",DL,69,69,0,0,1.5217391304347827,0.0,2.898550724637681
"2025-04-04 05:00:00","2025-04-04 06:00:00",UA,44,44,0,0,-2.409090909090909,0.0,4.545454545454546
"2025-04-04 05:00:00","2025-04-04 06:00:00",WN,195,194,1,0,1.2061855670103092,0.5128205128205128,6.185567010309279
"2025-04-04 06:00:00","2025-04-04 07:00:00",AA,188,187,0,1,8.930851063829786,0.0,11.702127659574469
"2025-04-04 06:00:00","2025-04-04 07:00:00",DL,187,187,0,0,0.28342245989304815,0.0,7.4866310160427805
"2025-04-04 06:00:00","2025-04-04 07:00:00",UA,134,134,0,0,-2.082089552238806,0.0,6.7164179104477615
"2025-04-04 06:00:00","2025-04-04 07:00:00",WN,306,305,1,0,0.8065573770491803,0.32679738562091504,6.229508196721311
"2025-04-04 07:00:00","2025-04-04 08:00:00",AA,215,214,0,1,14.73953488372093,0.0,13.023255813953488
"2025-04-04 07:00:00","2025-04-04 08:00:00",DL,243,243,0,0,7.11522633744856,0.0,11.11111111111111
"2025-04-04 07:00:00","2025-04-04 08:00:00",UA,200,199,1,0,9.28643216080402,0.5,8.542713567839195
"2025-04-04 07:00:00","2025-04-04 08:00:00",WN,234,234,0,0,4.602564102564102,0.0,12.820512820512821
"2025-04-04 08:00:00","2025-04-04 09:00:00",AA,189,187,2,0,17.165775401069517,1.0582010582010581,22.459893048128343
"2025-04-04 08:00:00","2025-04-04 09:00:00",DL,178,178,0,0,2.848314606741573,0.0,10.112359550561798
"2025-04-04 08:00:00","2025-04-04 09:00:00",UA,165,165,0,0,9.4,0.0,12.727272727272727
"2025-04-04 08:00:00","2025-04-04 09:00:00",WN,266,264,2,0,5.840909090909091,0.7518796992481203,17.424242424242426
"2025-04-04 09:00:00","2025-04-04 10:00:00",AA,134,132,2,0,16.560606060606062,1.492537313432836,28.03030303030303
"2025-04-04 09:00:00","2025-04-04 10:00:00",DL,129,129,0,0,3.387596899224806,0.0,12.4031007751938
"2025-04-04 09:00:00","2025-04-04 10:00:00",UA,139,138,1,0,8.253623188405797,0.7194244604316546,22.463768115942027
"2025-04-04 09:00:00","2025-04-04 10:00:00",WN,232,230,2,0,5.730434782608696,0.8620689655172413,15.217391304347826
"2025-04-04 10:00:00","2025-04-04 11:00:00",AA,157,155,1,1,22.987179487179485,0.6369426751592356,30.128205128205128
"2025-04-04 10:00:00","2025-04-04 11:00:00",DL,158,158,0,0,5.550632911392405,0.0,13.924050632911392
"2025-04-04 10:00:00","2025-04-04 11:00:00",UA,133,133,0,0,2.2330827067669174,0.0,9.774436090225564
"2025-04-04 10:00:00","2025-04-04 11:00:00",WN,238,235,2,1,13.864406779661017,0.8403361344537815,29.661016949152543
"2025-04-04 11:00:00","2025-04-04 12:00:00",AA,164,164,0,0,26.445121951219512,0.0,33.53658536585366
"2025-04-04 11:00:00","2025-04-04 12:00:00",DL,200,200,0,0,9.165,0.0,25.0
"2025-04-04 11:00:00","2025-04-04 12:00:00",UA,125,125,0,0,7.848,0.0,20.8
"2025-04-04 11:00:00","2025-04-04 12:00:00",WN,234,231,3,0,15.186147186147187,1.2820512820512822,29.437229437229437
"2025-04-04 12:00:00","2025-04-04 13:00:00",AA,148,147,1,0,26.26530612244898,0.6756756756756757,35.374149659863946
"2025-04-04 12:00:00","2025-04-04 13:00:00",DL,167,167,0,0,8.077844311377245,0.0,22.15568862275449
"2025-04-04 12:00:00","2025-04-04 13:00:00",UA,122,122,0,0,2.6557377049180326,0.0,10.655737704918034
"2025-04-04 12:00:00","2025-04-04 13:00:00",WN,229,227,2,0,21.158590308370044,0.8733624454148472,32.158590308370044
"2025-04-04 13:00:00","2025-04-04 14:00:00",AA,146,144,1,1,27.448275862068964,0.684931506849315,32.41379310344828
"2025-04-04 13:00:00","2025-04-04 14:00:00",DL,160,160,0,0,6.06875,0.0,18.75
"2025-04-04 13:00:00","2025-04-04 14:00:00",UA,128,127,0,1,22.84375,0.0,32.03125
"2025-04-04 13:00:00","2025-04-04 14:00:00",WN,242,238,4,0,27.491596638655462,1.6528925619834711,39.075630252100844
"2025-04-04 14:00:00","2025-04-04 15:00:00",AA,151,150,1,0,32.9,0.6622516556291391,38.666666666666664
"2025-04-04 14:00:00","2025-04-04 15:00:00",DL,145,145,0,0,9.813793103448276,0.0,22.06896551724138
"2025-04-04 14:00:00","2025-04-04 15:00:00",UA,135,134,0,1,15.955555555555556,0.0,22.22222222222222
"2025-04-04 14:00:00","2025-04-04 15:00:00",WN,246,239,5,2,31.42738589211618,2.032520325203252,41.07883817427386
"2025-04-04 15:00:00","2025-04-04 16:00:00",AA,140,139,1,0,37.42446043165467,0.7142857142857143,43.16546762589928
"2025-04-04 15:00:00","2025-04-04 16:00:00",DL,181,180,1,0,17.766666666666666,0.5524861878453039,30.0
"2025-04-04 15:00:00","2025-04-04 16:00:00",UA,96,96,0,0,23.854166666666668,0.0,32.291666666666664
"2025-04-04 15:00:00","2025-04-04 16:00:00",WN,210,207,3,0,32.908212560386474,1.4285714285714286,42.99516908212561
"2025-04-04 16:00:00","2025-04-04 17:00:00",AA,150,149,1,0,34.97986577181208,0.6666666666666666,43.624161073825505
"2025-04-04 16:00:00","2025-04-04 17:00:00",DL,135,135,0,0,8.392592592592592,0.0,23.703703703703702
"2025-04-04 16:00:00","2025-04-04 17:00:00",UA,142,142,0,0,22.711267605633804,0.0,28.169014084507044
"2025-04-04 16:00:00","2025-04-04 17:00:00",WN,234,234,0,0,39.65384615384615,0.0,54.7008547008547
"2025-04-04 17:00:00","2025-04-04 18:00:00",AA,156,154,0,2,32.80769230769231,0.0,46.15384615384615
"2025-04-04 17:00:00","2025-04-04 18:00:00",DL,182,182,0,0,14.082417582417582,0.0,21.978021978021978
"2025-04-04 17:00:00","2025-04-04 18:00:00",UA,132,132,0,0,19.818181818181817,0.0,31.818181818181817
"2025-04-04 17:00:00","2025-04-04 18:00:00",WN,243,242,1,0,34.21900826446281,0.411522633744856,50.82644628099174
"2025-04-04 18:00:00","2025-04-04 19:00:00",AA,172,171,1,0,37.08771929824562,0.5813953488372093,46.198830409356724
"2025-04-04 18:00:00","2025-04-04 19:00:00",DL,166,165,0,1,11.849397590361447,0.0,25.903614457831324
"2025-04-04 18:00:00","2025-04-04 19:00:00",UA,143,143,0,0,15.993006993006993,0.0,27.272727272727273
"2025-04-04 18:00:00","2025-04-04 19:00:00",WN,248,248,0,0,40.645161290322584,0.0,59.67741935483871
"2025-04-04 19:00:00","2025-04-04 20:00:00",AA,158,155,3,0,48.935483870967744,1.8987341772151898,55.483870967741936
"2025-04-04 19:00:00","2025-04-04 20:00:00",DL,167,167,0,0,7.718562874251497,0.0,20.95808383233533
"2025-04-04 19:00:00","2025-04-04 20:00:00",UA,142,142,0,0,14.626760563380282,0.0,26.056338028169016
"2025-04-04 19:00:00","2025-04-04 20:00:00",WN,212,212,0,0,37.35377358490566,0.0,50.471698113207545
"2025-04-04 20:00:00","2025-04-04 21:00:00",AA,133,127,5,1,38.796875,3.7593984962406015,47.65625
"2025-04-04 20:00:00","2025-04-04 21:00:00",DL,115,115,0,0,6.434782608695652,0.0,15.652173913043478
"2025-04-04 20:00:00","2025-04-04 21:00:00",UA,85,85,0,0,13.541176470588235,0.0,27.058823529411764
"2025-04-04 20:00:00","2025-04-04 21:00:00",WN,269,268,1,0,32.649253731343286,0.37174721189591076,54.47761194029851
"2025-04-04 21:00:00","2025-04-04 22:00:00",AA,87,86,1,0,39.19767441860465,1.1494252873563218,43.02325581395349
"2025-04-04 21:00:00","2025-04-04 22:00:00",DL,98,98,0,0,7.163265306122449,0.0,20.408163265306122
"2025-04-04 21:00:00","2025-04-04 22:00:00",UA,58,58,0,0,4.655172413793103,0.0,17.24137931034483
"2025-04-04 21:00:00","2025-04-04 22:00:00",WN,166,164,1,1,42.63636363636363,0.6024096385542169,63.03030303030303
"2025-04-04 22:00:00","2025-04-04 23:00:00",AA,112,110,2,0,41.69090909090909,1.7857142857142858,46.36363636363637
"2025-04-04 22:00:00","2025-04-04 23:00:00",DL,98,97,1,0,4.329896907216495,1.0204081632653061,12.371134020618557
"2025-04-04 22:00:00","2025-04-04 23:00:00",UA,34,34,0,0,2.8823529411764706,0.0,17.647058823529413
"2025-04-04 22:00:00","2025-04-04 23:00:00",WN,132,129,3,0,31.11627906976744,2.272727272727273,50.3875968992248
"2025-04-04 23:00:00","2025-04-05 00:00:00",AA,33,26,0,7,18.848484848484848,0.0,39.39393939393939
"2025-04-04 23:00:00","2025-04-05 00:00:00",DL,42,42,0,0,3.0476190476190474,0.0,21.428571428571427
"2025-04-04 23:00:00","2025-04-05 00:00:00",UA,35,35,0,0,4.114285714285714,0.0,17.142857142857142
"2025-04-04 23:00:00","2025-04-05 00:00:00",WN,9,8,0,1,24.444444444444443,0.0,33.333333333333336
"2025-04-05 00:00:00","2025-04-05 01:00:00",AA,8,8,0,0,25.5,0.0,25.0
"2025-04-05 00:00:00","2025-04-05 01:00:00",DL,7,7,0,0,0.8571428571428571,0.0,14.285714285714286
"2025-04-05 00:00:00","2025-04-05 01:00:00",UA,7,7,0,0,-3.857142857142857,0.0,0.0
"2025-04-05 01:00:00","2025-04-05 02:00:00",AA,1,1,0,0,-6.0,0.0,0.0
"2025-04-05 01:00:00","2025-04-05 02:00:00",DL,2,2,0,0,-16.5,0.0,0.0
"2025-04-05 01:00:00","2025-04-05 02:00:00",UA,2,2,0,0,-7.0,0.0,0.0
"2025-04-05 05:00:00","2025-04-05 06:00:00",AA,106,91,15,0,40.989010989010985,14.150943396226415,40.65934065934066
"2025-04-05 05:00:00","2025-04-05 06:00:00",DL,68,68,0,0,7.867647058823529,0.0,7.352941176470588
"2025-04-05 05:00:00","2025-04-05 06:00:00",UA,43,43,0,0,-1.930232558139535,0.0,6.976744186046512
"2025-04-05 05:00:00","2025-04-05 06:00:00",WN,189,184,5,0,1.7282608695652173,2.6455026455026456,4.3478260869565215
"2025-04-05 06:00:00","2025-04-05 07:00:00",AA,184,179,4,1,34.62777777777778,2.1739130434782608,28.333333333333332
"2025-04-05 06:00:00","2025-04-05 07:00:00",DL,175,175,0,0,1.8514285714285714,0.0,6.285714285714286
"2025-04-05 06:00:00","2025-04-05 07:00:00",UA,130,130,0,0,-2.453846153846154,0.0,6.153846153846154
"2025-04-05 06:00:00","2025-04-05 07:00:00",WN,280,272,7,1,3.600732600732601,2.5,8.424908424908425
"2025-04-05 07:00:00","2025-04-05 08:00:00",AA,215,207,8,0,24.768115942028984,3.7209302325581395,35.265700483091784
"2025-04-05 07:00:00","2025-04-05 08:00:00",DL,219,219,0,0,9.269406392694064,0.0,12.32876712328767
"2025-04-05 07:00:00","2025-04-05 08:00:00",UA,183,183,0,0,4.639344262295082,0.0,9.836065573770492
"2025-04-05 07:00:00","2025-04-05 08:00:00",WN,226,219,7,0,2.8219178082191783,3.0973451327433628,8.67579908675799
"2025-04-05 08:00:00","2025-04-05 09:00:00",AA,197,172,24,1,22.294797687861273,12.182741116751268,30.057803468208093
"2025-04-05 08:00:00","2025-04-05 09:00:00",DL,157,157,0,0,1.8152866242038217,0.0,6.369426751592357
"2025-04-05 08:00:00","2025-04-05 09:00:00",UA,153,151,2,0,5.0198675496688745,1.3071895424836601,11.920529801324504
"2025-04-05 08:00:00","2025-04-05 09:00:00",WN,216,206,10,0,6.41747572815534,4.62962962962963,16.019417475728154
"2025-04-05 09:00:00","2025-04-05 10:00:00",AA,120,114,6,0,30.74561403508772,5.0,34.21052631578947
"2025-04-05 09:00:00","2025-04-05 10:00:00",DL,136,136,0,0,4.985294117647059,0.0,14.705882352941176
"2025-04-05 09:00:00","2025-04-05 10:00:00",UA,130,130,0,0,11.13076923076923,0.0,16.153846153846153
"2025-04-05 09:00:00","2025-04-05 10:00:00",WN,196,188,8,0,6.553191489361702,4.081632653061225,17.02127659574468
"2025-04-05 10:00:00","2025-04-05 11:00:00",AA,139,114,24,1,27.93913043478261,17.26618705035971,32.17391304347826
"2025-04-05 10:00:00","2025-04-05 11:00:00",DL,125,124,1,0,8.346774193548388,0.8,16.129032258064516
"2025-04-05 10:00:00","2025-04-05 11:00:00",UA,104,103,0,1,7.230769230769231,0.0,16.346153846153847
"2025-04-05 10:00:00","2025-04-05 11:00:00",WN,185,182,3,0,8.137362637362637,1.6216216216216217,19.23076923076923
"2025-04-05 11:00:00","2025-04-05 12:00:00",AA,142,133,9,0,24.075187969924812,6.338028169014085,35.338345864661655
"2025-04-05 11:00:00","2025-04-05 12:00:00",DL,179,178,0,1,12.391061452513966,0.0,21.787709497206706
"2025-04-05 11:00:00","2025-04-05 12:00:00",UA,113,112,1,0,11.580357142857142,0.8849557522123894,19.642857142857142
"2025-04-05 11:00:00","2025-04-05 12:00:00",WN,223,218,4,1,12.269406392694064,1.7937219730941705,27.397260273972602
"2025-04-05 12:00:00","2025-04-05 13:00:00",AA,127,112,13,2,39.86842105263158,10.236220472440944,42.10526315789474
"2025-04-05 12:00:00","2025-04-05 13:00:00",DL,145,145,0,0,9.255172413793103,0.0,20.689655172413794
"2025-04-05 12:00:00","2025-04-05 13:00:00",UA,112,112,0,0,10.401785714285714,0.0,16.071428571428573
"2025-04-05 12:00:00","2025-04-05 13:00:00",WN,179,176,2,1,12.124293785310735,1.1173184357541899,28.8135593220339
"2025-04-05 13:00:00","2025-04-05 14:00:00",AA,134,127,6,1,42.1875,4.477611940298507,35.9375
"2025-04-05 13:00:00","2025-04-05 14:00:00",DL,130,130,0,0,6.7153846153846155,0.0,20.76923076923077
"2025-04-05 13:00:00","2025-04-05 14:00:00",UA,118,115,2,1,15.939655172413794,1.694915254237288,23.275862068965516
"2025-04-05 13:00:00","2025-04-05 14:00:00",WN,236,230,5,1,16.71861471861472,2.1186440677966103,37.22943722943723
"2025-04-05 14:00:00","2025-04-05 15:00:00",AA,127,119,8,0,30.403361344537814,6.299212598425197,47.05882352941177
"2025-04-05 14:00:00","2025-04-05 15:00:00",DL,115,115,0,0,19.808695652173913,0.0,32.17391304347826
"2025-04-05 14:00:00","2025-04-05 15:00:00",UA,121,120,1,0,19.05,0.8264462809917356,22.5
"2025-04-05 14:00:00","2025-04-05 15:00:00",WN,190,188,1,1,19.08994708994709,0.5263157894736842,36.507936507936506
"2025-04-05 15:00:00","2025-04-05 16:00:00",AA,123,114,9,0,38.48245614035088,7.317073170731708,34.21052631578947
"2025-04-05 15:00:00","2025-04-05 16:00:00",DL,165,164,0,1,16.715151515151515,0.0,24.242424242424242
"2025-04-05 15:00:00","2025-04-05 16:00:00",UA,88,88,0,0,28.920454545454547,0.0,23.863636363636363
"2025-04-05 15:00:00","2025-04-05 16:00:00",WN,218,213,1,4,24.47004608294931,0.45871559633027525,45.16129032258065
"2025-04-05 16:00:00","2025-04-05 17:00:00",AA,132,123,9,0,32.34959349593496,6.818181818181818,43.90243902439025
"2025-04-05 16:00:00","2025-04-05 17:00:00",DL,112,111,0,1,14.4375,0.0,30.357142857142858
"2025-04-05 16:00:00","2025-04-05 17:00:00",UA,117,117,0,0,29.28205128205128,0.0,34.18803418803419
"2025-04-05 16:00:00","2025-04-05 17:00:00",WN,201,198,1,2,17.15,0.4975124378109453,32.5
"2025-04-05 17:00:00","2025-04-05 18:00:00",AA,144,133,11,0,28.902255639097746,7.638888888888889,41.35338345864662
"2025-04-05 17:00:00","2025-04-05 18:00:00",DL,143,143,0,0,11.62937062937063,0.0,23.076923076923077
"2025-04-05 17:00:00","2025-04-05 18:00:00",UA,127,127,0,0,20.055118110236222,0.0,33.85826771653543
"2025-04-05 17:00:00","2025-04-05 18:00:00",WN,212,208,4,0,30.471153846153847,1.8867924528301887,45.67307692307692
"2025-04-05 18:00:00","2025-04-05 19:00:00",AA,159,151,8,0,49.64900662251656,5.031446540880503,44.370860927152314
"2025-04-05 18:00:00","2025-04-05 19:00:00",DL,131,131,0,0,18.81679389312977,0.0,34.35114503816794
"2025-04-05 18:00:00","2025-04-05 19:00:00",UA,116,116,0,0,38.310344827586206,0.0,41.37931034482759
"2025-04-05 18:00:00","2025-04-05 19:00:00",WN,226,223,3,0,24.887892376681613,1.3274336283185841,38.56502242152467
"2025-04-05 19:00:00","2025-04-05 20:00:00",AA,126,119,6,1,24.291666666666668,4.761904761904762,38.333333333333336
"2025-04-05 19:00:00","2025-04-05 20:00:00",DL,85,85,0,0,27.51764705882353,0.0,34.11764705882353
"2025-04-05 19:00:00","2025-04-05 20:00:00",UA,117,117,0,0,14.991452991452991,0.0,26.495726495726494
"2025-04-05 19:00:00","2025-04-05 20:00:00",WN,222,218,2,2,23.077272727272728,0.9009009009009009,35.90909090909091
"2025-04-05 20:00:00","2025-04-05 21:00:00",AA,124,119,5,0,27.915966386554622,4.032258064516129,40.33613445378151
"2025-04-05 20:00:00","2025-04-05 21:00:00",DL,88,87,1,0,10.827586206896552,1.1363636363636365,24.137931034482758
"2025-04-05 20:00:00","2025-04-05 21:00:00",UA,70,70,0,0,37.58571428571429,0.0,54.285714285714285
"2025-04-05 20:00:00","2025-04-05 21:00:00",WN,228,223,4,1,27.357142857142858,1.7543859649122806,48.214285714285715
"2025-04-05 21:00:00","2025-04-05 22:00:00",AA,84,81,3,0,38.876543209876544,3.5714285714285716,51.851851851851855
"2025-04-05 21:00:00","2025-04-05 22:00:00",DL,86,86,0,0,14.988372093023257,0.0,20.930232558139537
"2025-04-05 21:00:00","2025-04-05 22:00:00",UA,40,40,0,0,14.55,0.0,25.0
"2025-04-05 21:00:00","2025-04-05 22:00:00",WN,167,161,6,0,26.70807453416149,3.592814371257485,41.61490683229814
"2025-04-05 22:00:00","2025-04-05 23:00:00",AA,76,76,0,0,25.539473684210527,0.0,36.8421052631579
"2025-04-05 22:00:00","2025-04-05 23:00:00",DL,75,74,1,0,19.0,1.3333333333333333,25.675675675675677
"2025-04-05 22:00:00","2025-04-05 23:00:00",UA,35,35,0,0,5.085714285714285,0.0,17.142857142857142
"2025-04-05 22:00:00","2025-04-05 23:00:00",WN,106,105,1,0,18.085714285714285,0.9433962264150944,39.04761904761905
"2025-04-05 23:00:00","2025-04-06 00:00:00",AA,29,29,0,0,13.862068965517242,0.0,24.137931034482758
"2025-04-05 23:00:00","2025-04-06 00:00:00",DL,27,26,0,1,27.296296296296298,0.0,14.814814814814815
"2025-04-05 23:00:00","2025-04-06 00:00:00",UA,31,30,1,0,2.066666666666667,3.225806451612903,20.0
"2025-04-05 23:00:00","2025-04-06 00:00:00",WN,9,9,0,0,1.0,0.0,0.0
"2025-04-06 00:00:00","2025-04-06 01:00:00",AA,9,8,1,0,2.5,11.11111111111111,25.0
"2025-04-06 00:00:00","2025-04-06 01:00:00",DL,4,4,0,0,7.25,0.0,25.0
"2025-04-06 00:00:00","2025-04-06 01:00:00",UA,7,7,0,0,-3.2857142857142856,0.0,0.0
"2025-04-06 01:00:00","2025-04-06 02:00:00",AA,1,1,0,0,16.0,0.0,100.0
"2025-04-06 01:00:00","2025-04-06 02:00:00",DL,2,2,0,0,-8.5,0.0,0.0
"2025-04-06 01:00:00","2025-04-06 02:00:00",UA,1,1,0,0,6.0,0.0,0.0
"2025-04-06 05:00:00","2025-04-06 06:00:00",AA,111,104,7,0,8.432692307692308,6.306306306306307,9.615384615384615
"2025-04-06 05:00:00","2025-04-06 06:00:00",DL,68,68,0,0,-0.4852941176470588,0.0,5.882352941176471
"2025-04-06 05:00:00","2025-04-06 06:00:00",UA,41,41,0,0,-1.0,0.0,4.878048780487805
"2025-04-06 05:00:00","2025-04-06 06:00:00",WN,193,192,0,1,2.1658031088082903,0.0,4.1450777202072535
"2025-04-06 06:00:00","2025-04-06 07:00:00",AA,181,170,10,1,2.608187134502924,5.524861878453039,8.187134502923977
"2025-04-06 06:00:00","2025-04-06 07:00:00",DL,178,173,0,5,5.101123595505618,0.0,7.303370786516854
"2025-04-06 06:00:00","2025-04-06 07:00:00",UA,127,127,0,0,-0.15748031496062992,0.0,1.5748031496062993
"2025-04-06 06:00:00","2025-04-06 07:00:00",WN,287,287,0,0,3.0313588850174216,0.0,5.574912891986063
"2025-04-06 07:00:00","2025-04-06 08:00:00",AA,228,222,6,0,15.166666666666666,2.6315789473684212,16.666666666666668
"2025-04-06 07:00:00","2025-04-06 08:00:00",DL,248,246,1,1,14.165991902834008,0.4032258064516129,13.360323886639677
"2025-04-06 07:00:00","2025-04-06 08:00:00",UA,189,189,0,0,10.164021164021165,0.0,13.227513227513228
"2025-04-06 07:00:00","2025-04-06 08:00:00",WN,229,228,1,0,1.5570175438596492,0.4366812227074236,7.017543859649122
"2025-04-06 08:00:00","2025-04-06 09:00:00",AA,203,201,2,0,12.895522388059701,0.9852216748768473,16.915422885572138
"2025-04-06 08:00:00","2025-04-06 09:00:00",DL,183,181,0,2,-1.4371584699453552,0.0,5.46448087431694
"2025-04-06 08:00:00","2025-04-06 09:00:00",UA,162,161,1,0,6.049689440993789,0.6172839506172839,9.316770186335404
"2025-04-06 08:00:00","2025-04-06 09:00:00",WN,246,243,2,1,5.024590163934426,0.8130081300813008,11.065573770491802
"2025-04-06 09:00:00","2025-04-06 10:00:00",AA,133,133,0,0,30.646616541353385,0.0,26.31578947368421
"2025-04-06 09:00:00","2025-04-06 10:00:00",DL,127,126,0,1,12.05511811023622,0.0,16.53543307086614
"2025-04-06 09:00:00","2025-04-06 10:00:00",UA,141,141,0,0,8.446808510638299,0.0,14.893617021276595
"2025-04-06 09:00:00","2025-04-06 10:00:00",WN,203,202,1,0,6.123762376237623,0.49261083743842365,13.366336633663366
"2025-04-06 10:00:00","2025-04-06 11:00:00",AA,159,158,0,1,12.333333333333334,0.0,22.0125786163522
"2025-04-06 10:00:00","2025-04-06 11:00:00",DL,156,150,1,5,17.419354838709676,0.6410256410256411,17.419354838709676
"2025-04-06 10:00:00","2025-04-06 11:00:00",UA,124,123,0,1,5.07258064516129,0.0,12.096774193548388
"2025-04-06 10:00:00","2025-04-06 11:00:00",WN,236,235,0,1,9.733050847457626,0.0,15.254237288135593
"2025-04-06 11:00:00","2025-04-06 12:00:00",AA,164,164,0,0,17.798780487804876,0.0,19.51219512195122
"2025-04-06 11:00:00","2025-04-06 12:00:00",DL,200,197,0,3,18.82,0.0,17.5
"2025-04-06 11:00:00","2025-04-06 12:00:00",UA,126,126,0,0,16.214285714285715,0.0,19.841269841269842
"2025-04-06 11:00:00","2025-04-06 12:00:00",WN,223,220,1,2,16.75225225225225,0.4484304932735426,24.324324324324323
"2025-04-06 12:00:00","2025-04-06 13:00:00",AA,148,147,1,0,23.156462585034014,0.6756756756756757,30.612244897959183
"2025-04-06 12:00:00","2025-04-06 13:00:00",DL,164,155,3,6,28.006211180124225,1.829268292682927,27.32919254658385
"2025-04-06 12:00:00","2025-04-06 13:00:00",UA,115,115,0,0,12.156521739130435,0.0,16.52173913043478
"2025-04-06 12:00:00","2025-04-06 13:00:00",WN,224,221,2,1,15.04954954954955,0.8928571428571429,25.225225225225227
"2025-04-06 13:00:00","2025-04-06 14:00:00",AA,145,145,0,0,33.93793103448276,0.0,30.344827586206897
"2025-04-06 13:00:00","2025-04-06 14:00:00",DL,156,145,3,8,40.36601307189542,1.9230769230769231,47.712418300653596
"2025-04-06 13:00:00","2025-04-06 14:00:00",UA,128,128,0,0,4.8984375,0.0,15.625
"2025-04-06 13:00:00","2025-04-06 14:00:00",WN,238,236,1,1,16.19409282700422,0.42016806722689076,28.270042194092827
"2025-04-06 14:00:00","2025-04-06 15:00:00",AA,146,145,0,1,26.965753424657535,0.0,26.027397260273972
"2025-04-06 14:00:00","2025-04-06 15:00:00",DL,139,131,4,4,41.80740740740741,2.8776978417266186,42.96296296296296
"2025-04-06 14:00:00","2025-04-06 15:00:00",UA,128,128,0,0,12.9296875,0.0,19.53125
"2025-04-06 14:00:00","2025-04-06 15:00:00",WN,212,211,0,1,27.150943396226417,0.0,45.283018867924525
"2025-04-06 15:00:00","2025-04-06 16:00:00",AA,139,139,0,0,25.12230215827338,0.0,39.568345323741006
"2025-04-06 15:00:00","2025-04-06 16:00:00",DL,178,160,16,2,56.888888888888886,8.98876404494382,51.851851851851855
"2025-04-06 15:00:00","2025-04-06 16:00:00",UA,96,96,0,0,22.760416666666668,0.0,27.083333333333332
"2025-04-06 15:00:00","2025-04-06 16:00:00",WN,224,223,1,0,28.31390134529148,0.44642857142857145,42.152466367713004
"2025-04-06 16:00:00","2025-04-06 17:00:00",AA,150,150,0,0,22.98,0.0,33.333333333333336
"2025-04-06 16:00:00","2025-04-06 17:00:00",DL,137,127,9,1,80.265625,6.569343065693431,60.9375
"2025-04-06 16:00:00","2025-04-06 17:00:00",UA,139,139,0,0,9.37410071942446,0.0,17.26618705035971
"2025-04-06 16:00:00","2025-04-06 17:00:00",WN,236,236,0,0,28.258474576271187,0.0,41.101694915254235
"2025-04-06 17:00:00","2025-04-06 18:00:00",AA,159,158,1,0,24.82278481012658,0.6289308176100629,37.9746835443038
"2025-04-06 17:00:00","2025-04-06 18:00:00",DL,179,167,12,0,76.68862275449102,6.70391061452514,55.08982035928144
"2025-04-06 17:00:00","2025-04-06 18:00:00",UA,132,132,0,0,8.81060606060606,0.0,16.666666666666668
"2025-04-06 17:00:00","2025-04-06 18:00:00",WN,244,244,0,0,27.081967213114755,0.0,50.40983606557377
"2025-04-06 18:00:00","2025-04-06 19:00:00",AA,169,169,0,0,25.46153846153846,0.0,40.23668639053255
"2025-04-06 18:00:00","2025-04-06 19:00:00",DL,161,145,16,0,68.41379310344827,9.937888198757763,60.689655172413794
"2025-04-06 18:00:00","2025-04-06 19:00:00",UA,143,143,0,0,10.832167832167832,0.0,24.475524475524477
"2025-04-06 18:00:00","2025-04-06 19:00:00",WN,227,227,0,0,29.572687224669604,0.0,42.731277533039645
"2025-04-06 19:00:00","2025-04-06 20:00:00",AA,160,160,0,0,25.3,0.0,43.75
"2025-04-06 19:00:00","2025-04-06 20:00:00",DL,171,154,17,0,83.22077922077922,9.941520467836257,63.63636363636363
"2025-04-06 19:00:00","2025-04-06 20:00:00",UA,140,140,0,0,12.964285714285714,0.0,25.714285714285715
"2025-04-06 19:00:00","2025-04-06 20:00:00",WN,243,241,1,1,23.59504132231405,0.411522633744856,40.082644628099175
"2025-04-06 20:00:00","2025-04-06 21:00:00",AA,135,134,0,1,27.244444444444444,0.0,45.925925925925924
"2025-04-06 20:00:00","2025-04-06 21:00:00",DL,116,101,15,0,76.06930693069307,12.931034482758621,54.45544554455446
"2025-04-06 20:00:00","2025-04-06 21:00:00",UA,87,87,0,0,19.632183908045977,0.0,34.48275862068966
"2025-04-06 20:00:00","2025-04-06 21:00:00",WN,248,247,1,0,30.975708502024293,0.4032258064516129,46.15384615384615
"2025-04-06 21:00:00","2025-04-06 22:00:00",AA,88,88,0,0,27.375,0.0,43.18181818181818
"2025-04-06 21:00:00","2025-04-06 22:00:00",DL,101,91,10,0,93.3956043956044,9.900990099009901,67.03296703296704
"2025-04-06 21:00:00","2025-04-06 22:00:00",UA,60,60,0,0,2.6666666666666665,0.0,15.0
"2025-04-06 21:00:00","2025-04-06 22:00:00",WN,186,186,0,0,32.596774193548384,0.0,52.1505376344086
"2025-04-06 22:00:00","2025-04-06 23:00:00",AA,114,114,0,0,20.07017543859649,0.0,50.0
"2025-04-06 22:00:00","2025-04-06 23:00:00",DL,96,76,20,0,64.0,20.833333333333332,48.68421052631579
"2025-04-06 22:00:00","2025-04-06 23:00:00",UA,36,36,0,0,8.88888888888889,0.0,19.444444444444443
"2025-04-06 22:00:00","2025-04-06 23:00:00",WN,163,163,0,0,26.349693251533743,0.0,47.852760736196316
"2025-04-06 23:00:00","2025-04-07 00:00:00",AA,33,33,0,0,16.303030303030305,0.0,33.333333333333336
"2025-04-06 23:00:00","2025-04-07 00:00:00",DL,42,39,3,0,21.384615384615383,7.142857142857143,30.76923076923077
"2025-04-06 23:00:00","2025-04-07 00:00:00",UA,36,36,0,0,-3.3333333333333335,0.0,0.0
"2025-04-06 23:00:00","2025-04-07 00:00:00",WN,9,9,0,0,1.4444444444444444,0.0,11.11111111111111
"2025-04-07 00:00:00","2025-04-07 01:00:00",AA,9,9,0,0,3.0,0.0,11.11111111111111
"2025-04-07 00:00:00","2025-04-07 01:00:00",DL,7,6,1,0,30.833333333333332,14.285714285714286,16.666666666666668
"2025-04-07 00:00:00","2025-04-07 01:00:00",UA,8,8,0,0,-6.75,0.0,0.0
"2025-04-07 01:00:00","2025-04-07 02:00:00",AA,1,1,0,0,-4.0,0.0,0.0
"2025-04-07 01:00:00","2025-04-07 02:00:00",DL,2,2,0,0,-7.5,0.0,0.0
"2025-04-07 01:00:00","2025-04-07 02:00:00",UA,2,2,0,0,-8.5,0.0,0.0
"2025-04-07 05:00:00","2025-04-07 06:00:00",AA,111,111,0,0,-2.72972972972973,0.0,4.504504504504505
"2025-04-07 05:00:00","2025-04-07 06:00:00",DL,69,59,10,0,7.966101694915254,14.492753623188406,13.559322033898304
"2025-04-07 05:00:00","2025-04-07 06:00:00",UA,43,43,0,0,-5.8604651162790695,0.0,0.0
"2025-04-07 05:00:00","2025-04-07 06:00:00",WN,195,195,0,0,-1.8717948717948718,0.0,3.58974358974359
"2025-04-07 06:00:00","2025-04-07 07:00:00",AA,196,196,0,0,6.704081632653061,0.0,7.142857142857143
"2025-04-07 06:00:00","2025-04-07 07:00:00",DL,188,171,17,0,13.146198830409357,9.042553191489361,12.865497076023392
"2025-04-07 06:00:00","2025-04-07 07:00:00",UA,134,133,0,1,6.059701492537314,0.0,8.208955223880597
"2025-04-07 06:00:00","2025-04-07 07:00:00",WN,304,303,1,0,-0.5181518151815182,0.32894736842105265,4.29042904290429
"2025-04-07 07:00:00","2025-04-07 08:00:00",AA,230,229,1,0,14.842794759825328,0.43478260869565216,10.91703056768559
"2025-04-07 07:00:00","2025-04-07 08:00:00",DL,243,233,10,0,11.888412017167383,4.11522633744856,21.030042918454935
"2025-04-07 07:00:00","2025-04-07 08:00:00",UA,200,200,0,0,0.665,0.0,8.0
"2025-04-07 07:00:00","2025-04-07 08:00:00",WN,238,237,1,0,3.4430379746835444,0.42016806722689076,8.860759493670885
"2025-04-07 08:00:00","2025-04-07 09:00:00",AA,203,200,3,0,11.51,1.477832512315271,13.5
"2025-04-07 08:00:00","2025-04-07 09:00:00",DL,177,171,6,0,20.50877192982456,3.389830508474576,30.994152046783626
"2025-04-07 08:00:00","2025-04-07 09:00:00",UA,162,162,0,0,-1.4753086419753085,0.0,4.938271604938271
"2025-04-07 08:00:00","2025-04-07 09:00:00",WN,265,264,0,1,2.7169811320754715,0.0,9.433962264150944
"2025-04-07 09:00:00","2025-04-07 10:00:00",AA,133,132,1,0,14.553030303030303,0.7518796992481203,18.939393939393938
"2025-04-07 09:00:00","2025-04-07 10:00:00",DL,133,133,0,0,25.94736842105263,0.0,38.34586466165413
"2025-04-07 09:00:00","2025-04-07 10:00:00",UA,142,142,0,0,1.3169014084507042,0.0,9.859154929577464
"2025-04-07 09:00:00","2025-04-07 10:00:00",WN,235,235,0,0,4.872340425531915,0.0,14.46808510638298
"2025-04-07 10:00:00","2025-04-07 11:00:00",AA,158,156,2,0,7.493589743589744,1.2658227848101267,18.58974358974359
"2025-04-07 10:00:00","2025-04-07 11:00:00",DL,155,154,1,0,27.850649350649352,0.6451612903225806,45.45454545454545
"2025-04-07 10:00:00","2025-04-07 11:00:00",UA,132,132,0,0,2.5606060606060606,0.0,12.121212121212121
"2025-04-07 10:00:00","2025-04-07 11:00:00",WN,240,238,2,0,6.285714285714286,0.8333333333333334,18.067226890756302
"2025-04-07 11:00:00","2025-04-07 12:00:00",AA,163,161,2,0,7.565217391304348,1.2269938650306749,19.25465838509317
"2025-04-07 11:00:00","2025-04-07 12:00:00",DL,198,196,2,0,20.872448979591837,1.0101010101010102,35.714285714285715
"2025-04-07 11:00:00","2025-04-07 12:00:00",UA,122,122,0,0,1.2295081967213115,0.0,11.475409836065573
"2025-04-07 11:00:00","2025-04-07 12:00:00",WN,228,227,1,0,9.56387665198238,0.43859649122807015,17.621145374449338
"2025-04-07 12:00:00","2025-04-07 13:00:00",AA,145,144,1,0,11.847222222222221,0.6896551724137931,25.694444444444443
"2025-04-07 12:00:00","2025-04-07 13:00:00",DL,162,160,1,1,39.52173913043478,0.6172839506172839,43.47826086956522
"2025-04-07 12:00:00","2025-04-07 13:00:00",UA,121,121,0,0,8.991735537190083,0.0,14.049586776859504
"2025-04-07 12:00:00","2025-04-07 13:00:00",WN,226,226,0,0,10.349557522123893,0.0,23.008849557522122
"2025-04-07 13:00:00","2025-04-07 14:00:00",AA,146,146,0,0,20.78082191780822,0.0,26.71232876712329
"2025-04-07 13:00:00","2025-04-07 14:00:00",DL,159,158,1,0,27.49367088607595,0.6289308176100629,41.77215189873418
"2025-04-07 13:00:00","2025-04-07 14:00:00",UA,124,124,0,0,5.395161290322581,0.0,8.870967741935484
"2025-04-07 13:00:00","2025-04-07 14:00:00",WN,242,241,1,0,10.336099585062241,0.4132231404958678,20.74688796680498
"2025-04-07 14:00:00","2025-04-07 15:00:00",AA,148,148,0,0,30.722972972972972,0.0,33.78378378378378
"2025-04-07 14:00:00","2025-04-07 15:00:00",DL,140,139,1,0,36.460431654676256,0.7142857142857143,44.60431654676259
"2025-04-07 14:00:00","2025-04-07 15:00:00",UA,137,137,0,0,16.532846715328468,0.0,21.8978102189781
"2025-04-07 14:00:00","2025-04-07 15:00:00",WN,240,239,0,1,14.320833333333333,0.0,28.75
"2025-04-07 15:00:00","2025-04-07 16:00:00",AA,140,140,0,0,23.857142857142858,0.0,40.714285714285715
"2025-04-07 15:00:00","2025-04-07 16:00:00",DL,186,184,2,0,33.08152173913044,1.075268817204301,47.82608695652174
"2025-04-07 15:00:00","2025-04-07 16:00:00",UA,99,99,0,0,13.707070707070708,0.0,15.151515151515152
"2025-04-07 15:00:00","2025-04-07 16:00:00",WN,209,208,1,0,13.341346153846153,0.4784688995215311,29.807692307692307
"2025-04-07 16:00:00","2025-04-07 17:00:00",AA,149,149,0,0,29.288590604026847,0.0,37.58389261744966
"2025-04-07 16:00:00","2025-04-07 17:00:00",DL,136,135,1,0,37.55555555555556,0.7352941176470589,56.2962962962963
"2025-04-07 16:00:00","2025-04-07 17:00:00",UA,139,138,1,0,12.601449275362318,0.7194244604316546,17.391304347826086
"2025-04-07 16:00:00","2025-04-07 17:00:00",WN,236,236,0,0,12.792372881355933,0.0,23.728813559322035
"2025-04-07 17:00:00","2025-04-07 18:00:00",AA,159,159,0,0,25.943396226415093,0.0,38.36477987421384
"2025-04-07 17:00:00","2025-04-07 18:00:00",DL,179,178,1,0,35.80898876404494,0.5586592178770949,49.438202247191015
"2025-04-07 17:00:00","2025-04-07 18:00:00",UA,131,131,0,0,11.854961832061068,0.0,19.083969465648856
"2025-04-07 17:00:00","2025-04-07 18:00:00",WN,241,238,1,2,11.616666666666667,0.4149377593360996,24.583333333333332
"2025-04-07 18:00:00","2025-04-07 19:00:00",AA,167,167,0,0,35.02395209580838,0.0,46.706586826347305
"2025-04-07 18:00:00","2025-04-07 19:00:00",DL,159,159,0,0,35.24528301886792,0.0,49.056603773584904
"2025-04-07 18:00:00","2025-04-07 19:00:00",UA,135,135,0,0,15.155555555555555,0.0,26.666666666666668
"2025-04-07 18:00:00","2025-04-07 19:00:00",WN,242,242,0,0,7.983471074380165,0.0,19.00826446280992
"2025-04-07 19:00:00","2025-04-07 20:00:00",AA,157,157,0,0,27.687898089171973,0.0,43.31210191082803
"2025-04-07 19:00:00","2025-04-07 20:00:00",DL,165,164,1,0,32.52439024390244,0.6060606060606061,52.4390243902439
"2025-04-07 19:00:00","2025-04-07 20:00:00",UA,136,136,0,0,12.294117647058824,0.0,27.941176470588236
"2025-04-07 19:00:00","2025-04-07 20:00:00",WN,213,213,0,0,10.572769953051644,0.0,24.413145539906104
"2025-04-07 20:00:00","2025-04-07 21:00:00",AA,135,135,0,0,20.71851851851852,0.0,40.0
"2025-04-07 20:00:00","2025-04-07 21:00:00",DL,115,114,1,0,36.526315789473685,0.8695652173913043,48.24561403508772
"2025-04-07 20:00:00","2025-04-07 21:00:00",UA,81,80,1,0,17.8375,1.2345679012345678,27.5
"2025-04-07 20:00:00","2025-04-07 21:00:00",WN,273,273,0,0,10.27838827838828,0.0,23.44322344322344
"2025-04-07 21:00:00","2025-04-07 22:00:00",AA,87,87,0,0,23.689655172413794,0.0,44.827586206896555
"2025-04-07 21:00:00","2025-04-07 22:00:00",DL,101,100,1,0,37.17,0.9900990099009901,53.0
"2025-04-07 21:00:00","2025-04-07 22:00:00",UA,53,53,0,0,7.283018867924528,0.0,15.09433962264151
"2025-04-07 21:00:00","2025-04-07 22:00:00",WN,163,163,0,0,6.47239263803681,0.0,22.085889570552148
"2025-04-07 22:00:00","2025-04-07 23:00:00",AA,113,113,0,0,35.29203539823009,0.0,34.51327433628319
"2025-04-07 22:00:00","2025-04-07 23:00:00",DL,97,96,1,0,25.21875,1.0309278350515463,45.833333333333336
"2025-04-07 22:00:00","2025-04-07 23:00:00",UA,32,32,0,0,2.75,0.0,18.75
"2025-04-07 22:00:00","2025-04-07 23:00:00",WN,136,136,0,0,8.463235294117647,0.0,16.91176470588235
"2025-04-07 23:00:00","2025-04-08 00:00:00",AA,32,32,0,0,8.625,0.0,21.875
"2025-04-07 23:00:00","2025-04-08 00:00:00",DL,39,39,0,0,9.666666666666666,0.0,23.076923076923077
"2025-04-07 23:00:00","2025-04-08 00:00:00",UA,32,32,0,0,-4.28125,0.0,6.25
"2025-04-07 23:00:00","2025-04-08 00:00:00",WN,9,9,0,0,-3.888888888888889,0.0,0.0
"2025-04-08 00:00:00","2025-04-08 01:00:00",AA,9,9,0,0,-0.1111111111111111,0.0,22.22222222222222
"2025-04-08 00:00:00","2025-04-08 01:00:00",DL,7,7,0,0,5.714285714285714,0.0,28.571428571428573
"2025-04-08 00:00:00","2025-04-08 01:00:00",UA,8,8,0,0,-3.375,0.0,0.0
"2025-04-08 01:00:00","2025-04-08 02:00:00",AA,1,1,0,0,-13.0,0.0,0.0
"2025-04-08 01:00:00","2025-04-08 02:00:00",DL,2,2,0,0,-6.0,0.0,0.0
"2025-04-08 01:00:00","2025-04-08 02:00:00",UA,1,1,0,0,-10.0,0.0,0.0
"2025-04-08 05:00:00","2025-04-08 06:00:00",AA,102,100,1,1,-1.613861386138614,0.9803921568627451,7.920792079207921
"2025-04-08 05:00:00","2025-04-08 06:00:00",DL,66,65,1,0,-0.9076923076923077,1.5151515151515151,6.153846153846154
"2025-04-08 05:00:00","2025-04-08 06:00:00",UA,37,37,0,0,-6.918918918918919,0.0,0.0
"2025-04-08 05:00:00","2025-04-08 06:00:00",WN,82,82,0,0,-0.8048780487804879,0.0,6.097560975609756
"2025-04-08 06:00:00","2025-04-08 07:00:00",AA,181,181,0,0,7.392265193370166,0.0,11.602209944751381
"2025-04-08 06:00:00","2025-04-08 07:00:00",DL,189,189,0,0,-0.42857142857142855,0.0,5.291005291005291
"2025-04-08 06:00:00","2025-04-08 07:00:00",UA,129,127,2,0,-6.811023622047244,1.550387596899225,0.7874015748031497
"2025-04-08 06:00:00","2025-04-08 07:00:00",WN,283,283,0,0,-2.4134275618374557,0.0,3.1802120141342756
"2025-04-08 07:00:00","2025-04-08 08:00:00",AA,210,210,0,0,-0.6190476190476191,0.0,8.095238095238095
"2025-04-08 07:00:00","2025-04-08 08:00:00",DL,247,245,1,1,0.12601626016260162,0.4048582995951417,9.75609756097561
"2025-04-08 07:00:00","2025-04-08 08:00:00",UA,190,189,0,1,-1.731578947368421,0.0,4.7368421052631575
"2025-04-08 07:00:00","2025-04-08 08:00:00",WN,222,222,0,0,-1.337837837837838,0.0,3.1531531531531534
"2025-04-08 08:00:00","2025-04-08 09:00:00",AA,193,186,0,7,3.5077720207253886,0.0,12.953367875647668
"2025-04-08 08:00:00","2025-04-08 09:00:00",DL,169,168,0,1,5.284023668639053,0.0,9.467455621301776
"2025-04-08 08:00:00","2025-04-08 09:00:00",UA,160,160,0,0,-2.1625,0.0,4.375
"2025-04-08 08:00:00","2025-04-08 09:00:00",WN,289,288,0,1,-0.7231833910034602,0.0,4.498269896193771
"2025-04-08 09:00:00","2025-04-08 10:00:00",AA,139,136,0,3,1.589928057553957,0.0,7.913669064748201
"2025-04-08 09:00:00","2025-04-08 10:00:00",DL,134,132,1,1,-2.030075187969925,0.746268656716418,4.511278195488722
"2025-04-08 09:00:00","2025-04-08 10:00:00",UA,139,138,0,1,-2.0,0.0,4.316546762589928
"2025-04-08 09:00:00","2025-04-08 10:00:00",WN,188,186,0,2,1.5,0.0,7.9787234042553195
"2025-04-08 10:00:00","2025-04-08 11:00:00",AA,152,151,0,1,14.519736842105264,0.0,19.07894736842105
"2025-04-08 10:00:00","2025-04-08 11:00:00",DL,155,152,0,3,1.4774193548387098,0.0,9.67741935483871
"2025-04-08 10:00:00","2025-04-08 11:00:00",UA,131,130,1,0,-1.6692307692307693,0.7633587786259542,3.8461538461538463
"2025-04-08 10:00:00","2025-04-08 11:00:00",WN,257,257,0,0,1.2762645914396886,0.0,7.003891050583658
"2025-04-08 11:00:00","2025-04-08 12:00:00",AA,161,160,1,0,11.8,0.6211180124223602,18.75
"2025-04-08 11:00:00","2025-04-08 12:00:00",DL,200,199,0,1,16.085,0.0,20.5
"2025-04-08 11:00:00","2025-04-08 12:00:00",UA,124,123,0,1,5.725806451612903,0.0,12.903225806451612
"2025-04-08 11:00:00","2025-04-08 12:00:00",WN,224,223,1,0,6.327354260089686,0.44642857142857145,9.865470852017937
"2025-04-08 12:00:00","2025-04-08 13:00:00",AA,145,140,3,2,34.147887323943664,2.0689655172413794,23.239436619718308
"2025-04-08 12:00:00","2025-04-08 13:00:00",DL,159,159,0,0,9.69811320754717,0.0,15.09433962264151
"2025-04-08 12:00:00","2025-04-08 13:00:00",UA,117,117,0,0,-0.8717948717948718,0.0,7.6923076923076925
"2025-04-08 12:00:00","2025-04-08 13:00:00",WN,215,214,0,1,5.6976744186046515,0.0,9.767441860465116
"2025-04-08 13:00:00","2025-04-08 14:00:00",AA,144,139,3,2,19.72340425531915,2.0833333333333335,20.56737588652482
"2025-04-08 13:00:00","2025-04-08 14:00:00",DL,148,147,1,0,9.70748299319728,0.6756756756756757,14.965986394557824
"2025-04-08 13:00:00","2025-04-08 14:00:00",UA,122,122,0,0,10.647540983606557,0.0,13.114754098360656
"2025-04-08 13:00:00","2025-04-08 14:00:00",WN,239,238,1,0,5.180672268907563,0.41841004184100417,9.663865546218487
"2025-04-08 14:00:00","2025-04-08 15:00:00",AA,140,138,2,0,14.043478260869565,1.4285714285714286,17.391304347826086
"2025-04-08 14:00:00","2025-04-08 15:00:00",DL,132,132,0,0,22.666666666666668,0.0,19.696969696969695
"2025-04-08 14:00:00","2025-04-08 15:00:00",UA,127,127,0,0,5.291338582677166,0.0,14.960629921259843
"2025-04-08 14:00:00","2025-04-08 15:00:00",WN,216,216,0,0,5.768518518518518,0.0,13.425925925925926
"2025-04-08 15:00:00","2025-04-08 16:00:00",AA,135,128,7,0,13.90625,5.185185185185185,24.21875
"2025-04-08 15:00:00","2025-04-08 16:00:00",DL,181,181,0,0,20.674033149171272,0.0,24.861878453038674
"2025-04-08 15:00:00","2025-04-08 16:00:00",UA,96,96,0,0,6.302083333333333,0.0,13.541666666666666
"2025-04-08 15:00:00","2025-04-08 16:00:00",WN,223,223,0,0,4.8923766816143495,0.0,11.659192825112108
"2025-04-08 16:00:00","2025-04-08 17:00:00",AA,136,134,2,0,16.604477611940297,1.4705882352941178,24.62686567164179
"2025-04-08 16:00:00","2025-04-08 17:00:00",DL,122,122,0,0,16.401639344262296,0.0,27.049180327868854
"2025-04-08 16:00:00","2025-04-08 17:00:00",UA,135,135,0,0,5.148148148148148,0.0,18.51851851851852
"2025-04-08 16:00:00","2025-04-08 17:00:00",WN,222,222,0,0,6.099099099099099,0.0,11.711711711711711
"2025-04-08 17:00:00","2025-04-08 18:00:00",AA,149,139,10,0,18.964028776978417,6.7114093959731544,29.496402877697843
"2025-04-08 17:00:00","2025-04-08 18:00:00",DL,171,171,0,0,14.608187134502923,0.0,20.46783625730994
"2025-04-08 17:00:00","2025-04-08 18:00:00",UA,129,129,0,0,6.627906976744186,0.0,15.503875968992247
"2025-04-08 17:00:00","2025-04-08 18:00:00",WN,239,239,0,0,9.677824267782427,0.0,17.99163179916318
"2025-04-08 18:00:00","2025-04-08 19:00:00",AA,155,148,7,0,17.68918918918919,4.516129032258065,26.35135135135135
"2025-04-08 18:00:00","2025-04-08 19:00:00",DL,148,148,0,0,19.763513513513512,0.0,27.027027027027028
"2025-04-08 18:00:00","2025-04-08 19:00:00",UA,120,120,0,0,11.908333333333333,0.0,20.0
"2025-04-08 18:00:00","2025-04-08 19:00:00",WN,251,251,0,0,6.183266932270916,0.0,13.54581673306773
"2025-04-08 19:00:00","2025-04-08 20:00:00",AA,149,146,3,0,20.95205479452055,2.0134228187919465,32.87671232876713
"2025-04-08 19:00:00","2025-04-08 20:00:00",DL,124,124,0,0,35.08064516129032,0.0,39.516129032258064
"2025-04-08 19:00:00","2025-04-08 20:00:00",UA,122,122,0,0,6.762295081967213,0.0,17.21311475409836
"2025-04-08 19:00:00","2025-04-08 20:00:00",WN,244,244,0,0,3.040983606557377,0.0,13.524590163934427
"2025-04-08 20:00:00","2025-04-08 21:00:00",AA,126,123,3,0,16.008130081300813,2.380952380952381,22.764227642276424
"2025-04-08 20:00:00","2025-04-08 21:00:00",DL,94,94,0,0,14.851063829787234,0.0,23.404255319148938
"2025-04-08 20:00:00","2025-04-08 21:00:00",UA,73,73,0,0,4.315068493150685,0.0,15.068493150684931
"2025-04-08 20:00:00","2025-04-08 21:00:00",WN,183,183,0,0,2.622950819672131,0.0,13.66120218579235
"2025-04-08 21:00:00","2025-04-08 22:00:00",AA,81,76,5,0,25.144736842105264,6.172839506172839,31.57894736842105
"2025-04-08 21:00:00","2025-04-08 22:00:00",DL,75,75,0,0,12.946666666666667,0.0,17.333333333333332
"2025-04-08 21:00:00","2025-04-08 22:00:00",UA,38,38,0,0,0.34210526315789475,0.0,13.157894736842104
"2025-04-08 21:00:00","2025-04-08 22:00:00",WN,94,94,0,0,5.5638297872340425,0.0,15.957446808510639
"2025-04-08 22:00:00","2025-04-08 23:00:00",AA,101,98,3,0,13.020408163265307,2.9702970297029703,15.306122448979592
"2025-04-08 22:00:00","2025-04-08 23:00:00",DL,90,90,0,0,28.433333333333334,0.0,17.77777777777778
"2025-04-08 22:00:00","2025-04-08 23:00:00",UA,31,31,0,0,-4.741935483870968,0.0,0.0
"2025-04-08 22:00:00","2025-04-08 23:00:00",WN,6,6,0,0,-2.6666666666666665,0.0,0.0
"2025-04-08 23:00:00","2025-04-09 00:00:00",AA,30,30,0,0,5.033333333333333,0.0,20.0
"2025-04-08 23:00:00","2025-04-09 00:00:00",DL,33,33,0,0,2.757575757575758,0.0,12.121212121212121
"2025-04-08 23:00:00","2025-04-09 00:00:00",UA,30,30,0,0,-5.133333333333334,0.0,3.3333333333333335
"2025-04-08 23:00:00","2025-04-09 00:00:00",WN,6,6,0,0,-5.833333333333333,0.0,0.0
"2025-04-09 00:00:00","2025-04-09 01:00:00",AA,7,6,1,0,-4.666666666666667,14.285714285714286,0.0
"2025-04-09 00:00:00","2025-04-09 01:00:00",DL,4,4,0,0,-2.25,0.0,25.0
"2025-04-09 00:00:00","2025-04-09 01:00:00",UA,7,7,0,0,-5.285714285714286,0.0,0.0
"2025-04-09 01:00:00","2025-04-09 02:00:00",AA,1,1,0,0,-11.0,0.0,0.0
"2025-04-09 01:00:00","2025-04-09 02:00:00",DL,2,2,0,0,-17.0,0.0,0.0
"2025-04-09 01:00:00","2025-04-09 02:00:00",UA,1,1,0,0,-8.0,0.0,0.0
"2025-04-09 05:00:00","2025-04-09 06:00:00",AA,106,105,1,0,-1.542857142857143,0.9433962264150944,7.619047619047619
"2025-04-09 05:00:00","2025-04-09 06:00:00",DL,67,67,0,0,3.8805970149253732,0.0,4.477611940298507
"2025-04-09 05:00:00","2025-04-09 06:00:00",UA,38,38,0,0,-6.078947368421052,0.0,0.0
"2025-04-09 05:00:00","2025-04-09 06:00:00",WN,88,88,0,0,-3.102272727272727,0.0,1.1363636363636365
"2025-04-09 06:00:00","2025-04-09 07:00:00",AA,196,193,3,0,13.564766839378239,1.530612244897959,7.772020725388601
"2025-04-09 06:00:00","2025-04-09 07:00:00",DL,184,184,0,0,0.45108695652173914,0.0,3.260869565217391
"2025-04-09 06:00:00","2025-04-09 07:00:00",UA,128,128,0,0,-5.4765625,0.0,2.34375
"2025-04-09 06:00:00","2025-04-09 07:00:00",WN,292,292,0,0,-2.8527397260273974,0.0,2.73972602739726
"2025-04-09 07:00:00","2025-04-09 08:00:00",AA,218,216,2,0,6.944444444444445,0.9174311926605505,8.796296296296296
"2025-04-09 07:00:00","2025-04-09 08:00:00",DL,244,244,0,0,2.3114754098360657,0.0,8.19672131147541
"2025-04-09 07:00:00","2025-04-09 08:00:00",UA,192,192,0,0,-4.041666666666667,0.0,3.6458333333333335
"2025-04-09 07:00:00","2025-04-09 08:00:00",WN,231,231,0,0,0.5757575757575758,0.0,5.194805194805195
"2025-04-09 08:00:00","2025-04-09 09:00:00",AA,203,203,0,0,12.916256157635468,0.0,11.330049261083744
"2025-04-09 08:00:00","2025-04-09 09:00:00",DL,175,175,0,0,2.5885714285714285,0.0,9.142857142857142
"2025-04-09 08:00:00","2025-04-09 09:00:00",UA,158,158,0,0,0.0949367088607595,0.0,7.594936708860759
"2025-04-09 08:00:00","2025-04-09 09:00:00",WN,295,294,1,0,0.08163265306122448,0.3389830508474576,6.802721088435374
"2025-04-09 09:00:00","2025-04-09 10:00:00",AA,130,128,2,0,6.234375,1.5384615384615385,14.0625
"2025-04-09 09:00:00","2025-04-09 10:00:00",DL,130,130,0,0,-1.4846153846153847,0.0,5.384615384615385
"2025-04-09 09:00:00","2025-04-09 10:00:00",UA,141,140,1,0,-3.4285714285714284,0.7092198581560284,2.142857142857143
"2025-04-09 09:00:00","2025-04-09 10:00:00",WN,189,189,0,0,1.1164021164021165,0.0,8.994708994708995
"2025-04-09 10:00:00","2025-04-09 11:00:00",AA,154,154,0,0,6.0519480519480515,0.0,14.935064935064934
"2025-04-09 10:00:00","2025-04-09 11:00:00",DL,152,152,0,0,-1.5723684210526316,0.0,4.605263157894737
"2025-04-09 10:00:00","2025-04-09 11:00:00",UA,131,131,0,0,4.717557251908397,0.0,7.633587786259542
"2025-04-09 10:00:00","2025-04-09 11:00:00",WN,254,254,0,0,1.4566929133858268,0.0,8.26771653543307
"2025-04-09 11:00:00","2025-04-09 12:00:00",AA,160,160,0,0,8.71875,0.0,14.375
"2025-04-09 11:00:00","2025-04-09 12:00:00",DL,199,199,0,0,6.351758793969849,0.0,10.050251256281408
"2025-04-09 11:00:00","2025-04-09 12:00:00",UA,123,123,0,0,0.45528455284552843,0.0,7.317073170731708
"2025-04-09 11:00:00","2025-04-09 12:00:00",WN,225,224,1,0,3.1607142857142856,0.4444444444444444,11.160714285714286
"2025-04-09 12:00:00","2025-04-09 13:00:00",AA,144,143,1,0,4.65034965034965,0.6944444444444444,10.48951048951049
"2025-04-09 12:00:00","2025-04-09 13:00:00",DL,161,161,0,0,3.937888198757764,0.0,10.559006211180124
"2025-04-09 12:00:00","2025-04-09 13:00:00",UA,117,116,1,0,-1.8275862068965518,0.8547008547008547,4.310344827586207
"2025-04-09 12:00:00","2025-04-09 13:00:00",WN,211,210,1,0,2.4761904761904763,0.47393364928909953,10.476190476190476
"2025-04-09 13:00:00","2025-04-09 14:00:00",AA,142,142,0,0,5.443661971830986,0.0,14.788732394366198
"2025-04-09 13:00:00","2025-04-09 14:00:00",DL,151,151,0,0,-0.3708609271523179,0.0,7.947019867549669
"2025-04-09 13:00:00","2025-04-09 14:00:00",UA,128,128,0,0,6.4609375,0.0,10.9375
"2025-04-09 13:00:00","2025-04-09 14:00:00",WN,241,241,0,0,4.1120331950207465,0.0,12.448132780082988
"2025-04-09 14:00:00","2025-04-09 15:00:00",AA,145,145,0,0,12.344827586206897,0.0,15.862068965517242
"2025-04-09 14:00:00","2025-04-09 15:00:00",DL,136,136,0,0,1.338235294117647,0.0,10.294117647058824
"2025-04-09 14:00:00","2025-04-09 15:00:00",UA,132,132,0,0,6.833333333333333,0.0,15.151515151515152
"2025-04-09 14:00:00","2025-04-09 15:00:00",WN,217,216,1,0,2.263888888888889,0.4608294930875576,11.11111111111111
"2025-04-09 15:00:00","2025-04-09 16:00:00",AA,135,135,0,0,9.71111111111111,0.0,17.77777777777778
"2025-04-09 15:00:00","2025-04-09 16:00:00",DL,183,183,0,0,7.333333333333333,0.0,11.475409836065573
"2025-04-09 15:00:00","2025-04-09 16:00:00",UA,97,96,1,0,6.072916666666667,1.0309278350515463,11.458333333333334
"2025-04-09 15:00:00","2025-04-09 16:00:00",WN,223,222,1,0,3.2387387387387387,0.4484304932735426,9.90990990990991
"2025-04-09 16:00:00","2025-04-09 17:00:00",AA,150,149,0,1,10.053333333333333,0.0,16.666666666666668
"2025-04-09 16:00:00","2025-04-09 17:00:00",DL,122,122,0,0,3.3852459016393444,0.0,9.01639344262295
"2025-04-09 16:00:00","2025-04-09 17:00:00",UA,139,139,0,0,7.618705035971223,0.0,13.66906474820144
"2025-04-09 16:00:00","2025-04-09 17:00:00",WN,226,226,0,0,2.15929203539823,0.0,11.946902654867257
"2025-04-09 17:00:00","2025-04-09 18:00:00",AA,156,156,0,0,10.974358974358974,0.0,21.153846153846153
"2025-04-09 17:00:00","2025-04-09 18:00:00",DL,174,174,0,0,4.448275862068965,0.0,13.218390804597702
"2025-04-09 17:00:00","2025-04-09 18:00:00",UA,125,125,0,0,6.728,0.0,12.0
"2025-04-09 17:00:00","2025-04-09 18:00:00",WN,246,246,0,0,5.544715447154472,0.0,13.008130081300813
"2025-04-09 18:00:00","2025-04-09 19:00:00",AA,162,162,0,0,11.598765432098766,0.0,19.753086419753085
"2025-04-09 18:00:00","2025-04-09 19:00:00",DL,152,152,0,0,3.210526315789474,0.0,9.210526315789474
"2025-04-09 18:00:00","2025-04-09 19:00:00",UA,139,139,0,0,6.41726618705036,0.0,12.23021582733813
"2025-04-09 18:00:00","2025-04-09 19:00:00",WN,252,252,0,0,1.9880952380952381,0.0,11.11111111111111
"2025-04-09 19:00:00","2025-04-09 20:00:00",AA,155,155,0,0,14.432258064516128,0.0,23.870967741935484
"2025-04-09 19:00:00","2025-04-09 20:00:00",DL,130,129,0,1,1.3692307692307693,0.0,10.76923076923077
"2025-04-09 19:00:00","2025-04-09 20:00:00",UA,134,134,0,0,2.753731343283582,0.0,10.447761194029852
"2025-04-09 19:00:00","2025-04-09 20:00:00",WN,240,240,0,0,2.1166666666666667,0.0,12.083333333333334
"2025-04-09 20:00:00","2025-04-09 21:00:00",AA,128,128,0,0,9.8984375,0.0,20.3125
"2025-04-09 20:00:00","2025-04-09 21:00:00",DL,96,96,0,0,0.3229166666666667,0.0,8.333333333333334
"2025-04-09 20:00:00","2025-04-09 21:00:00",UA,81,81,0,0,5.790123456790123,0.0,16.049382716049383
"2025-04-09 20:00:00","2025-04-09 21:00:00",WN,190,190,0,0,1.1631578947368422,0.0,8.947368421052632
"2025-04-09 21:00:00","2025-04-09 22:00:00",AA,85,85,0,0,17.188235294117646,0.0,28.235294117647058
"2025-04-09 21:00:00","2025-04-09 22:00:00",DL,77,77,0,0,2.0779220779220777,0.0,12.987012987012987
"2025-04-09 21:00:00","2025-04-09 22:00:00",UA,56,56,0,0,-0.5714285714285714,0.0,10.714285714285714
"2025-04-09 21:00:00","2025-04-09 22:00:00",WN,91,91,0,0,-1.2087912087912087,0.0,4.395604395604396
"2025-04-09 22:00:00","2025-04-09 23:00:00",AA,107,107,0,0,6.785046728971962,0.0,17.757009345794394
"2025-04-09 22:00:00","2025-04-09 23:00:00",DL,91,91,0,0,3.1648351648351647,0.0,9.89010989010989
"2025-04-09 22:00:00","2025-04-09 23:00:00",UA,32,32,0,0,1.15625,0.0,12.5
"2025-04-09 22:00:00","2025-04-09 23:00:00",WN,6,6,0,0,-2.8333333333333335,0.0,0.0
"2025-04-09 23:00:00","2025-04-10 00:00:00",AA,30,30,0,0,9.033333333333333,0.0,30.0
"2025-04-09 23:00:00","2025-04-10 00:00:00",DL,37,37,0,0,-3.0,0.0,5.405405405405405
"2025-04-09 23:00:00","2025-04-10 00:00:00",UA,37,37,0,0,-3.7567567567567566,0.0,2.7027027027027026
"2025-04-09 23:00:00","2025-04-10 00:00:00",WN,6,6,0,0,-4.5,0.0,0.0
"2025-04-10 00:00:00","2025-04-10 01:00:00",AA,8,8,0,0,-3.25,0.0,0.0
"2025-04-10 00:00:00","2025-04-10 01:00:00",DL,4,4,0,0,-0.25,0.0,0.0
"2025-04-10 00:00:00","2025-04-10 01:00:00",UA,7,7,0,0,17.285714285714285,0.0,28.571428571428573
"2025-04-10 01:00:00","2025-04-10 02:00:00",AA,1,1,0,0,10.0,0.0,0.0
"2025-04-10 01:00:00","2025-04-10 02:00:00",DL,2,2,0,0,36.5,0.0,50.0
"2025-04-10 01:00:00","2025-04-10 02:00:00",UA,1,1,0,0,77.0,0.0,100.0
"2025-04-10 05:00:00","2025-04-10 06:00:00",AA,111,111,0,0,-2.2432432432432434,0.0,3.6036036036036037
"2025-04-10 05:00:00","2025-04-10 06:00:00",DL,68,68,0,0,6.176470588235294,0.0,5.882352941176471
"2025-04-10 05:00:00","2025-04-10 06:00:00",UA,44,44,0,0,-4.045454545454546,0.0,4.545454545454546
"2025-04-10 05:00:00","2025-04-10 06:00:00",WN,213,212,1,0,-2.4952830188679247,0.4694835680751174,3.30188679245283
"2025-04-10 06:00:00","2025-04-10 07:00:00",AA,195,195,0,0,11.882051282051282,0.0,5.128205128205129
"2025-04-10 06:00:00","2025-04-10 07:00:00",DL,188,188,0,0,-1.2074468085106382,0.0,2.6595744680851063
"2025-04-10 06:00:00","2025-04-10 07:00:00",UA,133,133,0,0,-4.533834586466165,0.0,2.255639097744361
"2025-04-10 06:00:00","2025-04-10 07:00:00",WN,282,279,1,2,1.2277580071174377,0.3546099290780142,6.049822064056939
"2025-04-10 07:00:00","2025-04-10 08:00:00",AA,224,223,0,1,9.589285714285714,0.0,8.035714285714286
"2025-04-10 07:00:00","2025-04-10 08:00:00",DL,247,246,0,1,0.24696356275303644,0.0,5.668016194331984
"2025-04-10 07:00:00","2025-04-10 08:00:00",UA,199,198,1,0,0.08585858585858586,0.5025125628140703,5.555555555555555
"2025-04-10 07:00:00","2025-04-10 08:00:00",WN,275,273,2,0,0.48717948717948717,0.7272727272727273,6.227106227106227
"2025-04-10 08:00:00","2025-04-10 09:00:00",AA,200,200,0,0,7.315,0.0,9.0
"2025-04-10 08:00:00","2025-04-10 09:00:00",DL,177,176,0,1,4.3559322033898304,0.0,8.474576271186441
"2025-04-10 08:00:00","2025-04-10 09:00:00",UA,160,160,0,0,1.3875,0.0,6.25
"2025-04-10 08:00:00","2025-04-10 09:00:00",WN,239,238,1,0,7.067226890756302,0.41841004184100417,11.344537815126051
"2025-04-10 09:00:00","2025-04-10 10:00:00",AA,133,133,0,0,5.7669172932330826,0.0,12.781954887218046
"2025-04-10 09:00:00","2025-04-10 10:00:00",DL,129,129,0,0,1.6356589147286822,0.0,7.751937984496124
"2025-04-10 09:00:00","2025-04-10 10:00:00",UA,139,139,0,0,0.6690647482014388,0.0,6.474820143884892
"2025-04-10 09:00:00","2025-04-10 10:00:00",WN,233,232,1,0,4.719827586206897,0.4291845493562232,10.775862068965518
"2025-04-10 10:00:00","2025-04-10 11:00:00",AA,158,158,0,0,4.512658227848101,0.0,13.924050632911392
"2025-04-10 10:00:00","2025-04-10 11:00:00",DL,156,156,0,0,7.358974358974359,0.0,9.615384615384615
"2025-04-10 10:00:00","2025-04-10 11:00:00",UA,132,132,0,0,0.3484848484848485,0.0,8.333333333333334
"2025-04-10 10:00:00","2025-04-10 11:00:00",WN,239,238,0,1,6.96652719665272,0.0,13.389121338912133
"2025-04-10 11:00:00","2025-04-10 12:00:00",AA,167,167,0,0,9.886227544910179,0.0,16.766467065868262
"2025-04-10 11:00:00","2025-04-10 12:00:00",DL,200,200,0,0,4.89,0.0,10.5
"2025-04-10 11:00:00","2025-04-10 12:00:00",UA,124,124,0,0,3.3870967741935485,0.0,12.096774193548388
"2025-04-10 11:00:00","2025-04-10 12:00:00",WN,246,246,0,0,12.036585365853659,0.0,18.69918699186992
"2025-04-10 12:00:00","2025-04-10 13:00:00",AA,144,144,0,0,27.131944444444443,0.0,18.055555555555557
"2025-04-10 12:00:00","2025-04-10 13:00:00",DL,161,160,0,1,11.583850931677018,0.0,18.012422360248447
"2025-04-10 12:00:00","2025-04-10 13:00:00",UA,118,118,0,0,-1.1101694915254237,0.0,3.389830508474576
"2025-04-10 12:00:00","2025-04-10 13:00:00",WN,228,228,0,0,6.456140350877193,0.0,16.666666666666668
"2025-04-10 13:00:00","2025-04-10 14:00:00",AA,147,147,0,0,8.863945578231293,0.0,23.80952380952381
"2025-04-10 13:00:00","2025-04-10 14:00:00",DL,160,159,0,1,13.8625,0.0,15.625
"2025-04-10 13:00:00","2025-04-10 14:00:00",UA,127,127,0,0,4.039370078740157,0.0,9.448818897637794
"2025-04-10 13:00:00","2025-04-10 14:00:00",WN,247,247,0,0,13.497975708502024,0.0,22.267206477732792
"2025-04-10 14:00:00","2025-04-10 15:00:00",AA,146,146,0,0,8.58904109589041,0.0,21.91780821917808
"2025-04-10 14:00:00","2025-04-10 15:00:00",DL,146,144,1,1,6.186206896551724,0.684931506849315,17.24137931034483
"2025-04-10 14:00:00","2025-04-10 15:00:00",UA,129,128,0,1,6.1395348837209305,0.0,13.953488372093023
"2025-04-10 14:00:00","2025-04-10 15:00:00",WN,221,220,1,0,11.222727272727273,0.45248868778280543,26.363636363636363
"2025-04-10 15:00:00","2025-04-10 16:00:00",AA,140,137,0,3,18.15714285714286,0.0,29.285714285714285
"2025-04-10 15:00:00","2025-04-10 16:00:00",DL,186,182,0,4,13.102150537634408,0.0,17.741935483870968
"2025-04-10 15:00:00","2025-04-10 16:00:00",UA,97,96,0,1,2.0412371134020617,0.0,12.371134020618557
"2025-04-10 15:00:00","2025-04-10 16:00:00",WN,228,228,0,0,14.521929824561404,0.0,27.63157894736842
"2025-04-10 16:00:00","2025-04-10 17:00:00",AA,149,148,0,1,10.442953020134228,0.0,22.14765100671141
"2025-04-10 16:00:00","2025-04-10 17:00:00",DL,135,131,0,4,26.14074074074074,0.0,28.88888888888889
"2025-04-10 16:00:00","2025-04-10 17:00:00",UA,141,141,0,0,7.26241134751773,0.0,11.347517730496454
"2025-04-10 16:00:00","2025-04-10 17:00:00",WN,229,226,0,3,13.20524017467249,0.0,29.25764192139738
"2025-04-10 17:00:00","2025-04-10 18:00:00",AA,163,162,0,1,20.01840490797546,0.0,28.834355828220858
"2025-04-10 17:00:00","2025-04-10 18:00:00",DL,183,179,0,4,14.699453551912569,0.0,19.672131147540984
"2025-04-10 17:00:00","2025-04-10 18:00:00",UA,136,136,0,0,3.110294117647059,0.0,7.352941176470588
"2025-04-10 17:00:00","2025-04-10 18:00:00",WN,242,239,0,3,13.611570247933884,0.0,28.925619834710744
"2025-04-10 18:00:00","2025-04-10 19:00:00",AA,172,170,0,2,22.0,0.0,36.04651162790697
"2025-04-10 18:00:00","2025-04-10 19:00:00",DL,166,148,0,18,13.385542168674698,0.0,24.698795180722893
"2025-04-10 18:00:00","2025-04-10 19:00:00",UA,141,140,0,1,4.822695035460993,0.0,13.47517730496454
"2025-04-10 18:00:00","2025-04-10 19:00:00",WN,275,273,1,1,19.124087591240876,0.36363636363636365,35.4014598540146
"2025-04-10 19:00:00","2025-04-10 20:00:00",AA,158,158,0,0,25.139240506329113,0.0,39.87341772151899
"2025-04-10 19:00:00","2025-04-10 20:00:00",DL,167,159,3,5,41.75,1.7964071856287425,34.75609756097561
"2025-04-10 19:00:00","2025-04-10 20:00:00",UA,141,141,0,0,8.120567375886525,0.0,13.47517730496454
"2025-04-10 19:00:00","2025-04-10 20:00:00",WN,249,248,0,1,18.068273092369477,0.0,32.53012048192771
"2025-04-10 20:00:00","2025-04-10 21:00:00",AA,137,137,0,0,13.291970802919709,0.0,26.277372262773724
"2025-04-10 20:00:00","2025-04-10 21:00:00",DL,118,117,0,1,39.483050847457626,0.0,39.83050847457627
"2025-04-10 20:00:00","2025-04-10 21:00:00",UA,83,83,0,0,3.6987951807228914,0.0,14.457831325301205
"2025-04-10 20:00:00","2025-04-10 21:00:00",WN,200,200,0,0,17.935,0.0,35.0
"2025-04-10 21:00:00","2025-04-10 22:00:00",AA,87,87,0,0,14.850574712643677,0.0,32.18390804597701
"2025-04-10 21:00:00","2025-04-10 22:00:00",DL,104,96,8,0,49.166666666666664,7.6923076923076925,54.166666666666664
"2025-04-10 21:00:00","2025-04-10 22:00:00",UA,60,60,0,0,4.1,0.0,18.333333333333332
"2025-04-10 21:00:00","2025-04-10 22:00:00",WN,193,193,0,0,17.632124352331605,0.0,30.569948186528496
"2025-04-10 22:00:00","2025-04-10 23:00:00",AA,115,115,0,0,30.77391304347826,0.0,32.17391304347826
"2025-04-10 22:00:00","2025-04-10 23:00:00",DL,99,79,20,0,71.92405063291139,20.2020202020202,41.77215189873418
"2025-04-10 22:00:00","2025-04-10 23:00:00",UA,35,35,0,0,-1.6,0.0,5.714285714285714
"2025-04-10 22:00:00","2025-04-10 23:00:00",WN,16,16,0,0,11.8125,0.0,25.0
"2025-04-10 23:00:00","2025-04-11 00:00:00",AA,31,31,0,0,22.387096774193548,0.0,22.580645161290324
"2025-04-10 23:00:00","2025-04-11 00:00:00",DL,42,40,2,0,41.375,4.761904761904762,22.5
"2025-04-10 23:00:00","2025-04-11 00:00:00",UA,37,37,0,0,0.1891891891891892,0.0,8.108108108108109
"2025-04-10 23:00:00","2025-04-11 00:00:00",WN,6,6,0,0,11.166666666666666,0.0,16.666666666666668
"2025-04-11 00:00:00","2025-04-11 01:00:00",AA,8,8,0,0,19.875,0.0,12.5
"2025-04-11 00:00:00","2025-04-11 01:00:00",DL,7,7,0,0,24.857142857142858,0.0,42.857142857142854
"2025-04-11 00:00:00","2025-04-11 01:00:00",UA,8,8,0,0,-4.25,0.0,0.0
"2025-04-11 01:00:00","2025-04-11 02:00:00",AA,1,1,0,0,-16.0,0.0,0.0
"2025-04-11 01:00:00","2025-04-11 02:00:00",DL,2,2,0,0,-7.0,0.0,0.0
"2025-04-11 01:00:00","2025-04-11 02:00:00",UA,2,2,0,0,-6.5,0.0,0.0
"2025-04-11 05:00:00","2025-04-11 06:00:00",AA,110,110,0,0,1.290909090909091,0.0,6.363636363636363
"2025-04-11 05:00:00","2025-04-11 06:00:00",DL,69,61,8,0,10.491803278688524,11.594202898550725,9.836065573770492
"2025-04-11 05:00:00","2025-04-11 06:00:00",UA,44,44,0,0,-6.090909090909091,0.0,0.0
"2025-04-11 05:00:00","2025-04-11 06:00:00",WN,213,212,1,0,-2.419811320754717,0.4694835680751174,1.4150943396226414
"2025-04-11 06:00:00","2025-04-11 07:00:00",AA,196,195,1,0,0.5794871794871795,0.5102040816326531,7.17948717948718
"2025-04-11 06:00:00","2025-04-11 07:00:00",DL,188,179,9,0,11.888268156424582,4.787234042553192,10.05586592178771
"2025-04-11 06:00:00","2025-04-11 07:00:00",UA,133,133,0,0,-1.300751879699248,0.0,6.015037593984962
"2025-04-11 06:00:00","2025-04-11 07:00:00",WN,281,281,0,0,0.49466192170818507,0.0,4.270462633451957
"2025-04-11 07:00:00","2025-04-11 08:00:00",AA,228,228,0,0,9.364035087719298,0.0,8.771929824561404
"2025-04-11 07:00:00","2025-04-11 08:00:00",DL,242,231,11,0,9.606060606060606,4.545454545454546,10.822510822510823
"2025-04-11 07:00:00","2025-04-11 08:00:00",UA,200,199,0,1,0.1,0.0,4.0
"2025-04-11 07:00:00","2025-04-11 08:00:00",WN,273,273,0,0,3.2747252747252746,0.0,6.593406593406593
"2025-04-11 08:00:00","2025-04-11 09:00:00",AA,198,198,0,0,6.863636363636363,0.0,15.656565656565656
"2025-04-11 08:00:00","2025-04-11 09:00:00",DL,178,170,8,0,5.6117647058823525,4.49438202247191,14.705882352941176
"2025-04-11 08:00:00","2025-04-11 09:00:00",UA,163,163,0,0,7.680981595092025,0.0,9.815950920245399
"2025-04-11 08:00:00","2025-04-11 09:00:00",WN,236,235,1,0,6.6553191489361705,0.423728813559322,12.340425531914894
"2025-04-11 09:00:00","2025-04-11 10:00:00",AA,130,130,0,0,13.946153846153846,0.0,17.692307692307693
"2025-04-11 09:00:00","2025-04-11 10:00:00",DL,129,123,6,0,10.626016260162602,4.651162790697675,23.577235772357724
"2025-04-11 09:00:00","2025-04-11 10:00:00",UA,140,139,1,0,-0.1079136690647482,0.7142857142857143,4.316546762589928
"2025-04-11 09:00:00","2025-04-11 10:00:00",WN,236,236,0,0,7.995762711864407,0.0,11.440677966101696
"2025-04-11 10:00:00","2025-04-11 11:00:00",AA,159,159,0,0,11.70440251572327,0.0,24.528301886792452
"2025-04-11 10:00:00","2025-04-11 11:00:00",DL,157,154,3,0,8.987012987012987,1.910828025477707,17.532467532467532
"2025-04-11 10:00:00","2025-04-11 11:00:00",UA,132,131,1,0,-0.6641221374045801,0.7575757575757576,6.870229007633588
"2025-04-11 10:00:00","2025-04-11 11:00:00",WN,235,235,0,0,7.804255319148936,0.0,12.76595744680851
"2025-04-11 11:00:00","2025-04-11 12:00:00",AA,163,163,0,0,6.45398773006135,0.0,19.01840490797546
"2025-04-11 11:00:00","2025-04-11 12:00:00",DL,198,191,7,0,13.701570680628272,3.5353535353535355,25.130890052356023
"2025-04-11 11:00:00","2025-04-11 12:00:00",UA,123,123,0,0,12.772357723577235,0.0,13.008130081300813
"2025-04-11 11:00:00","2025-04-11 12:00:00",WN,242,242,0,0,13.144628099173554,0.0,21.90082644628099
"2025-04-11 12:00:00","2025-04-11 13:00:00",AA,148,148,0,0,14.445945945945946,0.0,26.35135135135135
"2025-04-11 12:00:00","2025-04-11 13:00:00",DL,163,162,1,0,14.783950617283951,0.6134969325153374,26.54320987654321
"2025-04-11 12:00:00","2025-04-11 13:00:00",UA,117,117,0,0,0.9914529914529915,0.0,10.256410256410257
"2025-04-11 12:00:00","2025-04-11 13:00:00",WN,237,237,0,0,10.168776371308017,0.0,20.253164556962027
"2025-04-11 13:00:00","2025-04-11 14:00:00",AA,140,140,0,0,24.32857142857143,0.0,33.57142857142857
"2025-04-11 13:00:00","2025-04-11 14:00:00",DL,153,150,2,1,18.251655629139073,1.3071895424836601,30.4635761589404
"2025-04-11 13:00:00","2025-04-11 14:00:00",UA,128,127,1,0,2.4173228346456694,0.78125,10.236220472440944
"2025-04-11 13:00:00","2025-04-11 14:00:00",WN,243,242,1,0,14.768595041322314,0.411522633744856,24.380165289256198
"2025-04-11 14:00:00","2025-04-11 15:00:00",AA,151,151,0,0,17.192052980132452,0.0,35.09933774834437
"2025-04-11 14:00:00","2025-04-11 15:00:00",DL,146,144,2,0,16.069444444444443,1.36986301369863,36.111111111111114
"2025-04-11 14:00:00","2025-04-11 15:00:00",UA,134,134,0,0,8.044776119402986,0.0,16.417910447761194
"2025-04-11 14:00:00","2025-04-11 15:00:00",WN,227,226,0,1,14.365638766519824,0.0,28.634361233480178
"2025-04-11 15:00:00","2025-04-11 16:00:00",AA,142,142,0,0,25.464788732394368,0.0,36.61971830985915
"2025-04-11 15:00:00","2025-04-11 16:00:00",DL,186,184,1,1,16.372972972972974,0.5376344086021505,31.89189189189189
"2025-04-11 15:00:00","2025-04-11 16:00:00",UA,101,100,0,1,5.455445544554456,0.0,14.851485148514852
"2025-04-11 15:00:00","2025-04-11 16:00:00",WN,231,231,0,0,14.004329004329005,0.0,25.974025974025974
"2025-04-11 16:00:00","2025-04-11 17:00:00",AA,148,148,0,0,39.58783783783784,0.0,41.891891891891895
"2025-04-11 16:00:00","2025-04-11 17:00:00",DL,135,134,1,0,19.507462686567163,0.7407407407407407,29.104477611940297
"2025-04-11 16:00:00","2025-04-11 17:00:00",UA,142,142,0,0,6.97887323943662,0.0,14.788732394366198
"2025-04-11 16:00:00","2025-04-11 17:00:00",WN,227,227,0,0,16.519823788546255,0.0,29.955947136563875
"2025-04-11 17:00:00","2025-04-11 18:00:00",AA,162,162,0,0,21.993827160493826,0.0,42.592592592592595
"2025-04-11 17:00:00","2025-04-11 18:00:00",DL,186,184,2,0,15.597826086956522,1.075268817204301,28.804347826086957
"2025-04-11 17:00:00","2025-04-11 18:00:00",UA,135,134,0,1,5.614814814814815,0.0,12.592592592592593
"2025-04-11 17:00:00","2025-04-11 18:00:00",WN,243,243,0,0,19.625514403292183,0.0,37.86008230452675
"2025-04-11 18:00:00","2025-04-11 19:00:00",AA,168,167,0,1,30.035714285714285,0.0,42.26190476190476
"2025-04-11 18:00:00","2025-04-11 19:00:00",DL,162,161,1,0,22.428571428571427,0.6172839506172839,36.64596273291925
"2025-04-11 18:00:00","2025-04-11 19:00:00",UA,143,142,1,0,13.21830985915493,0.6993006993006993,23.943661971830984
"2025-04-11 18:00:00","2025-04-11 19:00:00",WN,274,274,0,0,14.956204379562044,0.0,29.927007299270073
"2025-04-11 19:00:00","2025-04-11 20:00:00",AA,158,158,0,0,25.49367088607595,0.0,44.936708860759495
"2025-04-11 19:00:00","2025-04-11 20:00:00",DL,163,162,1,0,16.685185185185187,0.6134969325153374,29.62962962962963
"2025-04-11 19:00:00","2025-04-11 20:00:00",UA,140,140,0,0,4.942857142857143,0.0,17.142857142857142
"2025-04-11 19:00:00","2025-04-11 20:00:00",WN,250,250,0,0,19.724,0.0,36.4
"2025-04-11 20:00:00","2025-04-11 21:00:00",AA,133,133,0,0,26.67669172932331,0.0,36.8421052631579
"2025-04-11 20:00:00","2025-04-11 21:00:00",DL,113,112,1,0,20.330357142857142,0.8849557522123894,32.142857142857146
"2025-04-11 20:00:00","2025-04-11 21:00:00",UA,83,83,0,0,6.698795180722891,0.0,16.867469879518072
"2025-04-11 20:00:00","2025-04-11 21:00:00",WN,195,195,0,0,15.876923076923077,0.0,30.256410256410255
"2025-04-11 21:00:00","2025-04-11 22:00:00",AA,85,85,0,0,25.352941176470587,0.0,37.64705882352941
"2025-04-11 21:00:00","2025-04-11 22:00:00",DL,100,99,1,0,18.32323232323232,1.0,30.303030303030305
"2025-04-11 21:00:00","2025-04-11 22:00:00",UA,59,59,0,0,3.0847457627118646,0.0,13.559322033898304
"2025-04-11 21:00:00","2025-04-11 22:00:00",WN,191,191,0,0,18.476439790575917,0.0,34.55497382198953
"2025-04-11 22:00:00","2025-04-11 23:00:00",AA,112,111,0,1,13.473214285714286,0.0,25.892857142857142
"2025-04-11 22:00:00","2025-04-11 23:00:00",DL,98,92,6,0,14.369565217391305,6.122448979591836,28.26086956521739
"2025-04-11 22:00:00","2025-04-11 23:00:00",UA,33,33,0,0,1.9090909090909092,0.0,9.090909090909092
"2025-04-11 22:00:00","2025-04-11 23:00:00",WN,16,16,0,0,6.3125,0.0,18.75
"2025-04-11 23:00:00","2025-04-12 00:00:00",AA,31,31,0,0,2.6129032258064515,0.0,16.129032258064516
"2025-04-11 23:00:00","2025-04-12 00:00:00",DL,42,42,0,0,4.619047619047619,0.0,16.666666666666668
"2025-04-11 23:00:00","2025-04-12 00:00:00",UA,34,34,0,0,4.205882352941177,0.0,11.764705882352942
"2025-04-11 23:00:00","2025-04-12 00:00:00",WN,6,6,0,0,21.333333333333332,0.0,33.333333333333336
"2025-04-12 00:00:00","2025-04-12 01:00:00",AA,9,9,0,0,-3.111111111111111,0.0,11.11111111111111
"2025-04-12 00:00:00","2025-04-12 01:00:00",DL,6,5,1,0,-3.6,16.666666666666668,0.0
"2025-04-12 00:00:00","2025-04-12 01:00:00",UA,8,8,0,0,-7.75,0.0,0.0
"2025-04-12 01:00:00","2025-04-12 02:00:00",AA,1,1,0,0,-5.0,0.0,0.0
"2025-04-12 01:00:00","2025-04-12 02:00:00",DL,2,2,0,0,-13.5,0.0,0.0
"2025-04-12 01:00:00","2025-04-12 02:00:00",UA,2,2,0,0,1.0,0.0,0.0
"2025-04-12 05:00:00","2025-04-12 06:00:00",AA,105,105,0,0,-3.552380952380952,0.0,2.857142857142857
"2025-04-12 05:00:00","2025-04-12 06:00:00",DL,68,63,5,0,3.7936507936507935,7.352941176470588,9.523809523809524
"2025-04-12 05:00:00","2025-04-12 06:00:00",UA,43,43,0,0,-0.32558139534883723,0.0,6.976744186046512
"2025-04-12 05:00:00","2025-04-12 06:00:00",WN,124,124,0,0,-1.4758064516129032,0.0,1.6129032258064515
"2025-04-12 06:00:00","2025-04-12 07:00:00",AA,185,184,0,1,0.8756756756756757,0.0,6.486486486486487
"2025-04-12 06:00:00","2025-04-12 07:00:00",DL,178,178,0,0,4.719101123595506,0.0,7.865168539325842
"2025-04-12 06:00:00","2025-04-12 07:00:00",UA,132,132,0,0,-0.553030303030303,0.0,6.0606060606060606
"2025-04-12 06:00:00","2025-04-12 07:00:00",WN,257,257,0,0,-1.206225680933852,0.0,2.7237354085603114
"2025-04-12 07:00:00","2025-04-12 08:00:00",AA,212,212,0,0,-0.32075471698113206,0.0,5.188679245283019
"2025-04-12 07:00:00","2025-04-12 08:00:00",DL,220,220,0,0,2.5681818181818183,0.0,10.0
"2025-04-12 07:00:00","2025-04-12 08:00:00",UA,185,185,0,0,0.04864864864864865,0.0,7.5675675675675675
"2025-04-12 07:00:00","2025-04-12 08:00:00",WN,239,239,0,0,1.8619246861924685,0.0,6.2761506276150625
"2025-04-12 08:00:00","2025-04-12 09:00:00",AA,197,196,0,1,10.121827411167512,0.0,10.152284263959391
"2025-04-12 08:00:00","2025-04-12 09:00:00",DL,152,151,1,0,2.1788079470198674,0.6578947368421053,8.609271523178808
"2025-04-12 08:00:00","2025-04-12 09:00:00",UA,154,154,0,0,2.064935064935065,0.0,8.441558441558442
"2025-04-12 08:00:00","2025-04-12 09:00:00",WN,212,212,0,0,-0.29245283018867924,0.0,7.547169811320755
"2025-04-12 09:00:00","2025-04-12 10:00:00",AA,121,120,1,0,17.05,0.8264462809917356,15.0
"2025-04-12 09:00:00","2025-04-12 10:00:00",DL,134,134,0,0,8.477611940298507,0.0,16.417910447761194
"2025-04-12 09:00:00","2025-04-12 10:00:00",UA,128,127,1,0,1.5669291338582678,0.78125,10.236220472440944
"2025-04-12 09:00:00","2025-04-12 10:00:00",WN,219,219,0,0,1.6027397260273972,0.0,8.219178082191782
"2025-04-12 10:00:00","2025-04-12 11:00:00",AA,142,142,0,0,5.838028169014085,0.0,13.380281690140846
"2025-04-12 10:00:00","2025-04-12 11:00:00",DL,124,124,0,0,6.32258064516129,0.0,13.709677419354838
"2025-04-12 10:00:00","2025-04-12 11:00:00",UA,107,107,0,0,3.5233644859813085,0.0,7.4766355140186915
"2025-04-12 10:00:00","2025-04-12 11:00:00",WN,205,205,0,0,2.448780487804878,0.0,7.317073170731708
"2025-04-12 11:00:00","2025-04-12 12:00:00",AA,148,148,0,0,4.297297297297297,0.0,10.135135135135135
"2025-04-12 11:00:00","2025-04-12 12:00:00",DL,180,180,0,0,5.9,0.0,14.444444444444445
"2025-04-12 11:00:00","2025-04-12 12:00:00",UA,117,117,0,0,1.7863247863247864,0.0,8.547008547008547
"2025-04-12 11:00:00","2025-04-12 12:00:00",WN,199,199,0,0,3.1105527638190953,0.0,11.055276381909549
"2025-04-12 12:00:00","2025-04-12 13:00:00",AA,131,131,0,0,6.412213740458015,0.0,10.687022900763358
"2025-04-12 12:00:00","2025-04-12 13:00:00",DL,146,146,0,0,8.452054794520548,0.0,18.493150684931507
"2025-04-12 12:00:00","2025-04-12 13:00:00",UA,113,113,0,0,0.12389380530973451,0.0,5.3097345132743365
"2025-04-12 12:00:00","2025-04-12 13:00:00",WN,203,203,0,0,2.2463054187192117,0.0,10.83743842364532
"2025-04-12 13:00:00","2025-04-12 14:00:00",AA,132,132,0,0,7.696969696969697,0.0,15.151515151515152
"2025-04-12 13:00:00","2025-04-12 14:00:00",DL,126,125,1,0,2.88,0.7936507936507936,14.4
"2025-04-12 13:00:00","2025-04-12 14:00:00",UA,115,114,1,0,1.8771929824561404,0.8695652173913043,11.403508771929825
"2025-04-12 13:00:00","2025-04-12 14:00:00",WN,230,230,0,0,2.917391304347826,0.0,9.565217391304348
"2025-04-12 14:00:00","2025-04-12 15:00:00",AA,127,127,0,0,12.133858267716535,0.0,23.62204724409449
"2025-04-12 14:00:00","2025-04-12 15:00:00",DL,116,116,0,0,11.189655172413794,0.0,24.137931034482758
"2025-04-12 14:00:00","2025-04-12 15:00:00",UA,122,122,0,0,0.5901639344262295,0.0,9.01639344262295
"2025-04-12 14:00:00","2025-04-12 15:00:00",WN,205,205,0,0,6.4731707317073175,0.0,13.170731707317072
"2025-04-12 15:00:00","2025-04-12 16:00:00",AA,127,127,0,0,8.614173228346457,0.0,21.25984251968504
"2025-04-12 15:00:00","2025-04-12 16:00:00",DL,162,160,2,0,5.44375,1.2345679012345678,17.5
"2025-04-12 15:00:00","2025-04-12 16:00:00",UA,92,91,0,1,2.3260869565217392,0.0,9.782608695652174
"2025-04-12 15:00:00","2025-04-12 16:00:00",WN,202,202,0,0,6.688118811881188,0.0,19.801980198019802
"2025-04-12 16:00:00","2025-04-12 17:00:00",AA,131,130,1,0,8.476923076923077,0.7633587786259542,13.076923076923077
"2025-04-12 16:00:00","2025-04-12 17:00:00",DL,113,113,0,0,6.725663716814159,0.0,21.238938053097346
"2025-04-12 16:00:00","2025-04-12 17:00:00",UA,120,120,0,0,-1.3583333333333334,0.0,5.0
"2025-04-12 16:00:00","2025-04-12 17:00:00",WN,229,229,0,0,5.502183406113537,0.0,15.283842794759826
"2025-04-12 17:00:00","2025-04-12 18:00:00",AA,148,148,0,0,9.43918918918919,0.0,14.864864864864865
"2025-04-12 17:00:00","2025-04-12 18:00:00",DL,144,144,0,0,3.0833333333333335,0.0,14.583333333333334
"2025-04-12 17:00:00","2025-04-12 18:00:00",UA,124,123,1,0,1.910569105691057,0.8064516129032258,12.195121951219512
"2025-04-12 17:00:00","2025-04-12 18:00:00",WN,218,218,0,0,2.834862385321101,0.0,13.761467889908257
"2025-04-12 18:00:00","2025-04-12 19:00:00",AA,159,159,0,0,15.918238993710691,0.0,30.18867924528302
"2025-04-12 18:00:00","2025-04-12 19:00:00",DL,132,132,0,0,5.757575757575758,0.0,18.939393939393938
"2025-04-12 18:00:00","2025-04-12 19:00:00",UA,116,116,0,0,4.620689655172414,0.0,14.655172413793103
"2025-04-12 18:00:00","2025-04-12 19:00:00",WN,260,260,0,0,4.276923076923077,0.0,15.384615384615385
"2025-04-12 19:00:00","2025-04-12 20:00:00",AA,127,127,0,0,12.960629921259843,0.0,22.834645669291337
"2025-04-12 19:00:00","2025-04-12 20:00:00",DL,87,87,0,0,7.218390804597701,0.0,18.39080459770115
"2025-04-12 19:00:00","2025-04-12 20:00:00",UA,114,114,0,0,3.6052631578947367,0.0,10.526315789473685
"2025-04-12 19:00:00","2025-04-12 20:00:00",WN,159,159,0,0,5.716981132075472,0.0,16.9811320754717
"2025-04-12 20:00:00","2025-04-12 21:00:00",AA,124,124,0,0,9.096774193548388,0.0,24.193548387096776
"2025-04-12 20:00:00","2025-04-12 21:00:00",DL,85,85,0,0,1.2470588235294118,0.0,7.0588235294117645
"2025-04-12 20:00:00","2025-04-12 21:00:00",UA,68,68,0,0,5.073529411764706,0.0,19.11764705882353
"2025-04-12 20:00:00","2025-04-12 21:00:00",WN,118,118,0,0,1.8220338983050848,0.0,11.864406779661017
"2025-04-12 21:00:00","2025-04-12 22:00:00",AA,83,83,0,0,19.819277108433734,0.0,27.710843373493976
"2025-04-12 21:00:00","2025-04-12 22:00:00",DL,86,86,0,0,-0.4069767441860465,0.0,10.465116279069768
"2025-04-12 21:00:00","2025-04-12 22:00:00",UA,42,42,0,0,0.9523809523809523,0.0,11.904761904761905
"2025-04-12 21:00:00","2025-04-12 22:00:00",WN,36,36,0,0,12.5,0.0,27.77777777777778
"2025-04-12 22:00:00","2025-04-12 23:00:00",AA,77,77,0,0,7.142857142857143,0.0,15.584415584415584
"2025-04-12 22:00:00","2025-04-12 23:00:00",DL,74,74,0,0,7.135135135135135,0.0,10.81081081081081
"2025-04-12 22:00:00","2025-04-12 23:00:00",UA,34,34,0,0,-0.5588235294117647,0.0,5.882352941176471
"2025-04-12 22:00:00","2025-04-12 23:00:00",WN,8,8,0,0,2.375,0.0,12.5
"2025-04-12 23:00:00","2025-04-13 00:00:00",AA,30,29,0,1,0.6,0.0,6.666666666666667
"2025-04-12 23:00:00","2025-04-13 00:00:00",DL,27,27,0,0,-1.5185185185185186,0.0,3.7037037037037037
"2025-04-12 23:00:00","2025-04-13 00:00:00",UA,34,34,0,0,2.9411764705882355,0.0,11.764705882352942
"2025-04-12 23:00:00","2025-04-13 00:00:00",WN,6,6,0,0,-4.5,0.0,0.0
"2025-04-13 00:00:00","2025-04-13 01:00:00",AA,9,9,0,0,13.222222222222221,0.0,33.333333333333336
"2025-04-13 00:00:00","2025-04-13 01:00:00",DL,4,4,0,0,8.5,0.0,25.0
"2025-04-13 00:00:00","2025-04-13 01:00:00",UA,7,7,0,0,-6.285714285714286,0.0,0.0
"2025-04-13 01:00:00","2025-04-13 02:00:00",AA,1,1,0,0,-9.0,0.0,0.0
"2025-04-13 01:00:00","2025-04-13 02:00:00",DL,2,2,0,0,-10.0,0.0,0.0
"2025-04-13 01:00:00","2025-04-13 02:00:00",UA,1,1,0,0,16.0,0.0,100.0
"2025-04-13 05:00:00","2025-04-13 06:00:00",AA,111,111,0,0,8.567567567567568,0.0,10.81081081081081
"2025-04-13 05:00:00","2025-04-13 06:00:00",DL,69,68,0,1,1.2173913043478262,0.0,5.797101449275362
"2025-04-13 05:00:00","2025-04-13 06:00:00",UA,41,41,0,0,-2.926829268292683,0.0,2.4390243902439024
"2025-04-13 05:00:00","2025-04-13 06:00:00",WN,116,116,0,0,-2.3189655172413794,0.0,1.7241379310344827
"2025-04-13 06:00:00","2025-04-13 07:00:00",AA,187,187,0,0,10.935828877005347,0.0,3.7433155080213902
"2025-04-13 06:00:00","2025-04-13 07:00:00",DL,180,180,0,0,0.9166666666666666,0.0,7.222222222222222
"2025-04-13 06:00:00","2025-04-13 07:00:00",UA,130,130,0,0,-4.076923076923077,0.0,3.8461538461538463
"2025-04-13 06:00:00","2025-04-13 07:00:00",WN,324,324,0,0,-2.3580246913580245,0.0,3.0864197530864197
"2025-04-13 07:00:00","2025-04-13 08:00:00",AA,228,228,0,0,3.8508771929824563,0.0,8.333333333333334
"2025-04-13 07:00:00","2025-04-13 08:00:00",DL,247,247,0,0,2.064777327935223,0.0,8.097165991902834
"2025-04-13 07:00:00","2025-04-13 08:00:00",UA,194,193,0,1,-2.9742268041237114,0.0,4.123711340206185
"2025-04-13 07:00:00","2025-04-13 08:00:00",WN,231,231,0,0,-2.038961038961039,0.0,2.5974025974025974
"2025-04-13 08:00:00","2025-04-13 09:00:00",AA,204,203,1,0,8.246305418719212,0.49019607843137253,11.330049261083744
"2025-04-13 08:00:00","2025-04-13 09:00:00",DL,177,177,0,0,1.2598870056497176,0.0,7.344632768361582
"2025-04-13 08:00:00","2025-04-13 09:00:00",UA,162,162,0,0,-0.018518518518518517,0.0,6.790123456790123
"2025-04-13 08:00:00","2025-04-13 09:00:00",WN,263,263,0,0,-0.12927756653992395,0.0,4.942965779467681
"2025-04-13 09:00:00","2025-04-13 10:00:00",AA,130,130,0,0,15.223076923076922,0.0,14.615384615384615
"2025-04-13 09:00:00","2025-04-13 10:00:00",DL,129,129,0,0,1.4728682170542635,0.0,10.077519379844961
"2025-04-13 09:00:00","2025-04-13 10:00:00",UA,136,136,0,0,-1.1691176470588236,0.0,8.088235294117647
"2025-04-13 09:00:00","2025-04-13 10:00:00",WN,206,206,0,0,0.3106796116504854,0.0,3.3980582524271843
"2025-04-13 10:00:00","2025-04-13 11:00:00",AA,160,160,0,0,7.1125,0.0,14.375
"2025-04-13 10:00:00","2025-04-13 11:00:00",DL,155,155,0,0,2.3161290322580643,0.0,9.03225806451613
"2025-04-13 10:00:00","2025-04-13 11:00:00",UA,129,129,0,0,-0.4186046511627907,0.0,7.751937984496124
"2025-04-13 10:00:00","2025-04-13 11:00:00",WN,260,260,0,0,3.6923076923076925,0.0,10.384615384615385
"2025-04-13 11:00:00","2025-04-13 12:00:00",AA,156,156,0,0,10.25,0.0,21.153846153846153
"2025-04-13 11:00:00","2025-04-13 12:00:00",DL,198,198,0,0,2.297979797979798,0.0,14.141414141414142
"2025-04-13 11:00:00","2025-04-13 12:00:00",UA,125,125,0,0,0.48,0.0,8.8
"2025-04-13 11:00:00","2025-04-13 12:00:00",WN,210,210,0,0,2.138095238095238,0.0,7.619047619047619
"2025-04-13 12:00:00","2025-04-13 13:00:00",AA,149,149,0,0,15.926174496644295,0.0,22.14765100671141
"2025-04-13 12:00:00","2025-04-13 13:00:00",DL,164,164,0,0,4.951219512195122,0.0,14.024390243902438
"2025-04-13 12:00:00","2025-04-13 13:00:00",UA,112,111,1,0,3.027027027027027,0.8928571428571429,9.90990990990991
"2025-04-13 12:00:00","2025-04-13 13:00:00",WN,239,239,0,0,3.096234309623431,0.0,9.205020920502092
"2025-04-13 13:00:00","2025-04-13 14:00:00",AA,145,145,0,0,13.613793103448275,0.0,17.93103448275862
"2025-04-13 13:00:00","2025-04-13 14:00:00",DL,157,157,0,0,4.095541401273885,0.0,12.101910828025478
"2025-04-13 13:00:00","2025-04-13 14:00:00",UA,129,128,0,1,1.37984496124031,0.0,8.527131782945736
"2025-04-13 13:00:00","2025-04-13 14:00:00",WN,254,254,0,0,5.062992125984252,0.0,16.141732283464567
"2025-04-13 14:00:00","2025-04-13 15:00:00",AA,148,148,0,0,19.945945945945947,0.0,22.972972972972972
"2025-04-13 14:00:00","2025-04-13 15:00:00",DL,140,140,0,0,5.7214285714285715,0.0,17.142857142857142
"2025-04-13 14:00:00","2025-04-13 15:00:00",UA,126,126,0,0,1.8650793650793651,0.0,10.317460317460318
"2025-04-13 14:00:00","2025-04-13 15:00:00",WN,215,215,0,0,7.651162790697675,0.0,12.093023255813954
"2025-04-13 15:00:00","2025-04-13 16:00:00",AA,139,139,0,0,15.06474820143885,0.0,22.302158273381295
"2025-04-13 15:00:00","2025-04-13 16:00:00",DL,186,186,0,0,6.537634408602151,0.0,13.978494623655914
"2025-04-13 15:00:00","2025-04-13 16:00:00",UA,102,102,0,0,1.3529411764705883,0.0,7.8431372549019605
"2025-04-13 15:00:00","2025-04-13 16:00:00",WN,252,251,0,1,10.920634920634921,0.0,19.047619047619047
"2025-04-13 16:00:00","2025-04-13 17:00:00",AA,150,150,0,0,20.16,0.0,22.666666666666668
"2025-04-13 16:00:00","2025-04-13 17:00:00",DL,132,132,0,0,8.856060606060606,0.0,21.96969696969697
"2025-04-13 16:00:00","2025-04-13 17:00:00",UA,138,138,0,0,5.818840579710145,0.0,13.043478260869565
"2025-04-13 16:00:00","2025-04-13 17:00:00",WN,230,230,0,0,8.191304347826087,0.0,20.0
"2025-04-13 17:00:00","2025-04-13 18:00:00",AA,160,160,0,0,14.8125,0.0,23.125
"2025-04-13 17:00:00","2025-04-13 18:00:00",DL,174,174,0,0,3.3160919540229883,0.0,14.942528735632184
"2025-04-13 17:00:00","2025-04-13 18:00:00",UA,128,128,0,0,6.1875,0.0,10.15625
"2025-04-13 17:00:00","2025-04-13 18:00:00",WN,223,222,0,1,12.73542600896861,0.0,26.457399103139014
"2025-04-13 18:00:00","2025-04-13 19:00:00",AA,170,169,1,0,28.633136094674555,0.5882352941176471,27.810650887573964
"2025-04-13 18:00:00","2025-04-13 19:00:00",DL,158,158,0,0,8.734177215189874,0.0,17.72151898734177
"2025-04-13 18:00:00","2025-04-13 19:00:00",UA,142,142,0,0,-1.3380281690140845,0.0,5.633802816901408
"2025-04-13 18:00:00","2025-04-13 19:00:00",WN,243,243,0,0,15.119341563786008,0.0,27.983539094650205
"2025-04-13 19:00:00","2025-04-13 20:00:00",AA,160,160,0,0,18.25,0.0,24.375
"2025-04-13 19:00:00","2025-04-13 20:00:00",DL,169,169,0,0,8.266272189349113,0.0,22.485207100591715
"2025-04-13 19:00:00","2025-04-13 20:00:00",UA,137,137,0,0,2.576642335766423,0.0,9.489051094890511
"2025-04-13 19:00:00","2025-04-13 20:00:00",WN,246,246,0,0,12.361788617886178,0.0,27.642276422764226
"2025-04-13 20:00:00","2025-04-13 21:00:00",AA,131,131,0,0,22.17557251908397,0.0,32.06106870229008
"2025-04-13 20:00:00","2025-04-13 21:00:00",DL,116,115,0,1,14.681034482758621,0.0,19.82758620689655
"2025-04-13 20:00:00","2025-04-13 21:00:00",UA,83,83,0,0,2.855421686746988,0.0,10.843373493975903
"2025-04-13 20:00:00","2025-04-13 21:00:00",WN,276,276,0,0,10.507246376811594,0.0,23.18840579710145
"2025-04-13 21:00:00","2025-04-13 22:00:00",AA,89,89,0,0,22.02247191011236,0.0,24.719101123595507
"2025-04-13 21:00:00","2025-04-13 22:00:00",DL,110,110,0,0,2.7,0.0,11.818181818181818
"2025-04-13 21:00:00","2025-04-13 22:00:00",UA,64,64,0,0,4.453125,0.0,17.1875
"2025-04-13 21:00:00","2025-04-13 22:00:00",WN,179,179,0,0,12.033519553072626,0.0,21.787709497206706
"2025-04-13 22:00:00","2025-04-13 23:00:00",AA,113,113,0,0,22.4070796460177,0.0,29.20353982300885
"2025-04-13 22:00:00","2025-04-13 23:00:00",DL,100,100,0,0,1.88,0.0,13.0
"2025-04-13 22:00:00","2025-04-13 23:00:00",UA,34,34,0,0,0.029411764705882353,0.0,5.882352941176471
"2025-04-13 22:00:00","2025-04-13 23:00:00",WN,141,141,0,0,5.51063829787234,0.0,19.148936170212767
"2025-04-13 23:00:00","2025-04-14 00:00:00",AA,33,33,0,0,23.09090909090909,0.0,24.242424242424242
"2025-04-13 23:00:00","2025-04-14 00:00:00",DL,42,42,0,0,0.6428571428571429,0.0,14.285714285714286
"2025-04-13 23:00:00","2025-04-14 00:00:00",UA,35,34,1,0,-2.5588235294117645,2.857142857142857,2.9411764705882355
"2025-04-13 23:00:00","2025-04-14 00:00:00",WN,7,7,0,0,4.0,0.0,14.285714285714286
"2025-04-14 00:00:00","2025-04-14 01:00:00",AA,9,9,0,0,-3.4444444444444446,0.0,11.11111111111111
"2025-04-14 00:00:00","2025-04-14 01:00:00",DL,7,7,0,0,-4.571428571428571,0.0,0.0
"2025-04-14 00:00:00","2025-04-14 01:00:00",UA,8,8,0,0,-4.5,0.0,0.0
"2025-04-14 01:00:00","2025-04-14 02:00:00",AA,1,1,0,0,-9.0,0.0,0.0
"2025-04-14 01:00:00","2025-04-14 02:00:00",DL,2,2,0,0,-12.5,0.0,0.0
"2025-04-14 01:00:00","2025-04-14 02:00:00",UA,2,2,0,0,-7.5,0.0,0.0
"2025-04-14 05:00:00","2025-04-14 06:00:00",AA,111,111,0,0,3.918918918918919,0.0,7.207207207207207
"2025-04-14 05:00:00","2025-04-14 06:00:00",DL,75,75,0,0,-4.266666666666667,0.0,1.3333333333333333
"2025-04-14 05:00:00","2025-04-14 06:00:00",UA,44,44,0,0,-4.818181818181818,0.0,0.0
"2025-04-14 05:00:00","2025-04-14 06:00:00",WN,212,212,0,0,-0.07547169811320754,0.0,3.30188679245283
"2025-04-14 06:00:00","2025-04-14 07:00:00",AA,194,194,0,0,1.7938144329896908,0.0,4.639175257731959
"2025-04-14 06:00:00","2025-04-14 07:00:00",DL,189,188,1,0,2.2180851063829787,0.5291005291005291,5.319148936170213
"2025-04-14 06:00:00","2025-04-14 07:00:00",UA,134,134,0,0,-4.7835820895522385,0.0,1.492537313432836
"2025-04-14 06:00:00","2025-04-14 07:00:00",WN,279,279,0,0,-1.136200716845878,0.0,4.301075268817204
"2025-04-14 07:00:00","2025-04-14 08:00:00",AA,231,231,0,0,8.467532467532468,0.0,7.792207792207792
"2025-04-14 07:00:00","2025-04-14 08:00:00",DL,244,244,0,0,0.00819672131147541,0.0,4.508196721311475
"2025-04-14 07:00:00","2025-04-14 08:00:00",UA,200,200,0,0,1.29,0.0,6.5
"2025-04-14 07:00:00","2025-04-14 08:00:00",WN,276,275,1,0,0.14181818181818182,0.36231884057971014,4.363636363636363
"2025-04-14 08:00:00","2025-04-14 09:00:00",AA,203,203,0,0,9.270935960591133,0.0,10.83743842364532
"2025-04-14 08:00:00","2025-04-14 09:00:00",DL,193,192,1,0,0.8333333333333334,0.5181347150259067,6.25
"2025-04-14 08:00:00","2025-04-14 09:00:00",UA,163,163,0,0,1.6257668711656441,0.0,4.294478527607362
"2025-04-14 08:00:00","2025-04-14 09:00:00",WN,239,239,0,0,2.6652719665271967,0.0,7.112970711297071
"2025-04-14 09:00:00","2025-04-14 10:00:00",AA,137,137,0,0,4.328467153284672,0.0,9.489051094890511
"2025-04-14 09:00:00","2025-04-14 10:00:00",DL,137,137,0,0,1.1824817518248176,0.0,6.569343065693431
"2025-04-14 09:00:00","2025-04-14 10:00:00",UA,140,140,0,0,-1.7428571428571429,0.0,6.428571428571429
"2025-04-14 09:00:00","2025-04-14 10:00:00",WN,233,231,2,0,1.7359307359307359,0.8583690987124464,7.359307359307359
"2025-04-14 10:00:00","2025-04-14 11:00:00",AA,155,154,1,0,6.5,0.6451612903225806,14.285714285714286
"2025-04-14 10:00:00","2025-04-14 11:00:00",DL,159,158,0,1,3.911949685534591,0.0,9.433962264150944
"2025-04-14 10:00:00","2025-04-14 11:00:00",UA,133,133,0,0,-0.14285714285714285,0.0,7.518796992481203
"2025-04-14 10:00:00","2025-04-14 11:00:00",WN,236,234,2,0,4.495726495726496,0.847457627118644,8.974358974358974
"2025-04-14 11:00:00","2025-04-14 12:00:00",AA,165,165,0,0,15.363636363636363,0.0,15.151515151515152
"2025-04-14 11:00:00","2025-04-14 12:00:00",DL,210,209,0,1,6.9904761904761905,0.0,10.952380952380953
"2025-04-14 11:00:00","2025-04-14 12:00:00",UA,125,125,0,0,-0.96,0.0,5.6
"2025-04-14 11:00:00","2025-04-14 12:00:00",WN,243,241,2,0,4.7012448132780085,0.823045267489712,15.352697095435685
"2025-04-14 12:00:00","2025-04-14 13:00:00",AA,146,146,0,0,17.73972602739726,0.0,15.753424657534246
"2025-04-14 12:00:00","2025-04-14 13:00:00",DL,180,178,2,0,7.865168539325842,1.1111111111111112,16.853932584269664
"2025-04-14 12:00:00","2025-04-14 13:00:00",UA,121,121,0,0,-0.9008264462809917,0.0,5.785123966942149
"2025-04-14 12:00:00","2025-04-14 13:00:00",WN,238,237,1,0,8.455696202531646,0.42016806722689076,17.72151898734177
"2025-04-14 13:00:00","2025-04-14 14:00:00",AA,147,146,0,1,8.82312925170068,0.0,17.006802721088434
"2025-04-14 13:00:00","2025-04-14 14:00:00",DL,157,157,0,0,8.050955414012739,0.0,14.64968152866242
"2025-04-14 13:00:00","2025-04-14 14:00:00",UA,124,124,0,0,3.4919354838709675,0.0,9.67741935483871
"2025-04-14 13:00:00","2025-04-14 14:00:00",WN,247,247,0,0,7.117408906882591,0.0,14.574898785425102
"2025-04-14 14:00:00","2025-04-14 15:00:00",AA,150,150,0,0,9.46,0.0,18.0
"2025-04-14 14:00:00","2025-04-14 15:00:00",DL,150,150,0,0,8.746666666666666,0.0,22.0
"2025-04-14 14:00:00","2025-04-14 15:00:00",UA,135,135,0,0,1.0666666666666667,0.0,8.148148148148149
"2025-04-14 14:00:00","2025-04-14 15:00:00",WN,227,225,2,0,10.022222222222222,0.8810572687224669,22.666666666666668
"2025-04-14 15:00:00","2025-04-14 16:00:00",AA,142,142,0,0,11.070422535211268,0.0,21.12676056338028
"2025-04-14 15:00:00","2025-04-14 16:00:00",DL,192,192,0,0,6.109375,0.0,20.3125
"2025-04-14 15:00:00","2025-04-14 16:00:00",UA,102,102,0,0,-1.0490196078431373,0.0,5.882352941176471
"2025-04-14 15:00:00","2025-04-14 16:00:00",WN,229,228,1,0,8.469298245614034,0.4366812227074236,21.92982456140351
"2025-04-14 16:00:00","2025-04-14 17:00:00",AA,150,150,0,0,16.98,0.0,24.666666666666668
"2025-04-14 16:00:00","2025-04-14 17:00:00",DL,140,139,0,1,9.878571428571428,0.0,20.0
"2025-04-14 16:00:00","2025-04-14 17:00:00",UA,138,138,0,0,2.289855072463768,0.0,11.594202898550725
"2025-04-14 16:00:00","2025-04-14 17:00:00",WN,229,228,0,1,13.017467248908297,0.0,24.017467248908297
"2025-04-14 17:00:00","2025-04-14 18:00:00",AA,150,150,0,0,14.853333333333333,0.0,23.333333333333332
"2025-04-14 17:00:00","2025-04-14 18:00:00",DL,177,176,1,0,6.744318181818182,0.5649717514124294,10.795454545454545
"2025-04-14 17:00:00","2025-04-14 18:00:00",UA,127,127,0,0,0.18110236220472442,0.0,8.661417322834646
"2025-04-14 17:00:00","2025-04-14 18:00:00",WN,240,240,0,0,8.054166666666667,0.0,21.25
"2025-04-14 18:00:00","2025-04-14 19:00:00",AA,169,168,1,0,23.339285714285715,0.591715976331361,26.785714285714285
"2025-04-14 18:00:00","2025-04-14 19:00:00",DL,173,173,0,0,10.566473988439306,0.0,26.589595375722542
"2025-04-14 18:00:00","2025-04-14 19:00:00",UA,137,137,0,0,0.2846715328467153,0.0,8.02919708029197
"2025-04-14 18:00:00","2025-04-14 19:00:00",WN,270,270,0,0,8.170370370370371,0.0,18.88888888888889
"2025-04-14 19:00:00","2025-04-14 20:00:00",AA,158,158,0,0,19.968354430379748,0.0,20.88607594936709
"2025-04-14 19:00:00","2025-04-14 20:00:00",DL,172,172,0,0,4.058139534883721,0.0,12.790697674418604
"2025-04-14 19:00:00","2025-04-14 20:00:00",UA,133,133,0,0,1.1654135338345866,0.0,13.533834586466165
"2025-04-14 19:00:00","2025-04-14 20:00:00",WN,250,249,1,0,10.325301204819278,0.4,20.080321285140563
"2025-04-14 20:00:00","2025-04-14 21:00:00",AA,134,134,0,0,16.149253731343283,0.0,23.880597014925375
"2025-04-14 20:00:00","2025-04-14 21:00:00",DL,118,116,1,1,9.820512820512821,0.847457627118644,22.22222222222222
"2025-04-14 20:00:00","2025-04-14 21:00:00",UA,78,77,0,1,4.371794871794871,0.0,14.102564102564102
"2025-04-14 20:00:00","2025-04-14 21:00:00",WN,196,196,0,0,6.214285714285714,0.0,15.816326530612244
"2025-04-14 21:00:00","2025-04-14 22:00:00",AA,87,87,0,0,4.919540229885057,0.0,16.091954022988507
"2025-04-14 21:00:00","2025-04-14 22:00:00",DL,101,101,0,0,3.8415841584158414,0.0,14.851485148514852
"2025-04-14 21:00:00","2025-04-14 22:00:00",UA,53,53,0,0,0.5660377358490566,0.0,13.20754716981132
"2025-04-14 21:00:00","2025-04-14 22:00:00",WN,190,190,0,0,8.089473684210526,0.0,23.157894736842106
"2025-04-14 22:00:00","2025-04-14 23:00:00",AA,113,113,0,0,9.56637168141593,0.0,20.353982300884955
"2025-04-14 22:00:00","2025-04-14 23:00:00",DL,111,111,0,0,1.6486486486486487,0.0,12.612612612612613
"2025-04-14 22:00:00","2025-04-14 23:00:00",UA,32,32,0,0,0.90625,0.0,12.5
"2025-04-14 22:00:00","2025-04-14 23:00:00",WN,16,16,0,0,1.8125,0.0,12.5
"2025-04-14 23:00:00","2025-04-15 00:00:00",AA,33,33,0,0,-3.8484848484848486,0.0,9.090909090909092
"2025-04-14 23:00:00","2025-04-15 00:00:00",DL,33,32,1,0,-6.375,3.0303030303030303,0.0
"2025-04-14 23:00:00","2025-04-15 00:00:00",UA,34,34,0,0,-1.7058823529411764,0.0,8.823529411764707
"2025-04-14 23:00:00","2025-04-15 00:00:00",WN,6,6,0,0,-2.8333333333333335,0.0,0.0
"2025-04-15 00:00:00","2025-04-15 01:00:00",AA,9,9,0,0,-8.11111111111111,0.0,0.0
"2025-04-15 00:00:00","2025-04-15 01:00:00",DL,8,8,0,0,3.0,0.0,25.0
"2025-04-15 00:00:00","2025-04-15 01:00:00",UA,7,7,0,0,-6.857142857142857,0.0,0.0
"2025-04-15 01:00:00","2025-04-15 02:00:00",AA,1,1,0,0,-16.0,0.0,0.0
"2025-04-15 01:00:00","2025-04-15 02:00:00",DL,2,2,0,0,-15.0,0.0,0.0
"2025-04-15 01:00:00","2025-04-15 02:00:00",UA,1,1,0,0,22.0,0.0,100.0
"2025-04-15 05:00:00","2025-04-15 06:00:00",AA,103,103,0,0,4.300970873786408,0.0,9.70873786407767
"2025-04-15 05:00:00","2025-04-15 06:00:00",DL,76,76,0,0,-5.7894736842105265,0.0,2.6315789473684212
"2025-04-15 05:00:00","2025-04-15 06:00:00",UA,37,37,0,0,-2.3513513513513513,0.0,5.405405405405405
"2025-04-15 05:00:00","2025-04-15 06:00:00",WN,88,88,0,0,-2.4204545454545454,0.0,3.409090909090909
"2025-04-15 06:00:00","2025-04-15 07:00:00",AA,183,182,1,0,1.7967032967032968,0.546448087431694,6.593406593406593
"2025-04-15 06:00:00","2025-04-15 07:00:00",DL,187,187,0,0,-0.9893048128342246,0.0,4.81283422459893
"2025-04-15 06:00:00","2025-04-15 07:00:00",UA,123,123,0,0,-4.162601626016261,0.0,4.878048780487805
"2025-04-15 06:00:00","2025-04-15 07:00:00",WN,287,287,0,0,-2.8397212543554007,0.0,1.7421602787456445
"2025-04-15 07:00:00","2025-04-15 08:00:00",AA,213,212,0,1,-1.5492957746478873,0.0,7.981220657276995
"2025-04-15 07:00:00","2025-04-15 08:00:00",DL,240,240,0,0,-2.1041666666666665,0.0,5.0
"2025-04-15 07:00:00","2025-04-15 08:00:00",UA,189,189,0,0,-3.111111111111111,0.0,4.232804232804233
"2025-04-15 07:00:00","2025-04-15 08:00:00",WN,230,229,0,1,-2.5,0.0,4.3478260869565215
"2025-04-15 08:00:00","2025-04-15 09:00:00",AA,197,197,0,0,0.700507614213198,0.0,8.121827411167512
"2025-04-15 08:00:00","2025-04-15 09:00:00",DL,189,189,0,0,-1.8412698412698412,0.0,4.761904761904762
"2025-04-15 08:00:00","2025-04-15 09:00:00",UA,157,157,0,0,-0.6942675159235668,0.0,6.369426751592357
"2025-04-15 08:00:00","2025-04-15 09:00:00",WN,292,290,2,0,-1.8689655172413793,0.684931506849315,3.103448275862069
"2025-04-15 09:00:00","2025-04-15 10:00:00",AA,139,138,1,0,3.050724637681159,0.7194244604316546,11.594202898550725
"2025-04-15 09:00:00","2025-04-15 10:00:00",DL,133,133,0,0,-3.1503759398496243,0.0,6.015037593984962
"2025-04-15 09:00:00","2025-04-15 10:00:00",UA,143,143,0,0,0.40559440559440557,0.0,8.391608391608392
"2025-04-15 09:00:00","2025-04-15 10:00:00",WN,194,194,0,0,0.422680412371134,0.0,6.701030927835052
"2025-04-15 10:00:00","2025-04-15 11:00:00",AA,150,150,0,0,4.586666666666667,0.0,12.0
"2025-04-15 10:00:00","2025-04-15 11:00:00",DL,157,157,0,0,-3.9872611464968153,0.0,3.1847133757961785
"2025-04-15 10:00:00","2025-04-15 11:00:00",UA,124,124,0,0,3.943548387096774,0.0,11.290322580645162
"2025-04-15 10:00:00","2025-04-15 11:00:00",WN,256,254,2,0,-0.2125984251968504,0.78125,5.118110236220472
"2025-04-15 11:00:00","2025-04-15 12:00:00",AA,161,161,0,0,1.5776397515527951,0.0,8.074534161490684
"2025-04-15 11:00:00","2025-04-15 12:00:00",DL,204,204,0,0,-1.1666666666666667,0.0,6.372549019607843
"2025-04-15 11:00:00","2025-04-15 12:00:00",UA,124,124,0,0,1.346774193548387,0.0,8.870967741935484
"2025-04-15 11:00:00","2025-04-15 12:00:00",WN,222,222,0,0,1.6036036036036037,0.0,8.558558558558559
"2025-04-15 12:00:00","2025-04-15 13:00:00",AA,143,143,0,0,17.46853146853147,0.0,15.384615384615385
"2025-04-15 12:00:00","2025-04-15 13:00:00",DL,178,178,0,0,9.359550561797754,0.0,6.741573033707865
"2025-04-15 12:00:00","2025-04-15 13:00:00",UA,117,117,0,0,0.5470085470085471,0.0,9.401709401709402
"2025-04-15 12:00:00","2025-04-15 13:00:00",WN,216,215,0,1,0.9027777777777778,0.0,6.481481481481482
"2025-04-15 13:00:00","2025-04-15 14:00:00",AA,140,138,1,1,3.9424460431654675,0.7142857142857143,15.827338129496402
"2025-04-15 13:00:00","2025-04-15 14:00:00",DL,143,143,0,0,-2.979020979020979,0.0,6.293706293706293
"2025-04-15 13:00:00","2025-04-15 14:00:00",UA,122,122,0,0,0.7704918032786885,0.0,9.836065573770492
"2025-04-15 13:00:00","2025-04-15 14:00:00",WN,238,237,1,0,2.3333333333333335,0.42016806722689076,8.860759493670885
"2025-04-15 14:00:00","2025-04-15 15:00:00",AA,137,137,0,0,4.7153284671532845,0.0,14.598540145985401
"2025-04-15 14:00:00","2025-04-15 15:00:00",DL,140,140,0,0,2.0,0.0,8.571428571428571
"2025-04-15 14:00:00","2025-04-15 15:00:00",UA,124,124,0,0,5.258064516129032,0.0,12.903225806451612
"2025-04-15 14:00:00","2025-04-15 15:00:00",WN,215,214,0,1,3.088372093023256,0.0,9.767441860465116
"2025-04-15 15:00:00","2025-04-15 16:00:00",AA,136,136,0,0,6.257352941176471,0.0,18.38235294117647
"2025-04-15 15:00:00","2025-04-15 16:00:00",DL,177,177,0,0,5.9491525423728815,0.0,11.299435028248588
"2025-04-15 15:00:00","2025-04-15 16:00:00",UA,95,95,0,0,10.821052631578947,0.0,8.421052631578947
"2025-04-15 15:00:00","2025-04-15 16:00:00",WN,218,218,0,0,2.477064220183486,0.0,10.55045871559633
"2025-04-15 16:00:00","2025-04-15 17:00:00",AA,141,141,0,0,6.26241134751773,0.0,13.47517730496454
"2025-04-15 16:00:00","2025-04-15 17:00:00",DL,124,124,0,0,0.8870967741935484,0.0,7.258064516129032
"2025-04-15 16:00:00","2025-04-15 17:00:00",UA,135,135,0,0,1.0074074074074073,0.0,8.88888888888889
"2025-04-15 16:00:00","2025-04-15 17:00:00",WN,227,226,1,0,6.584070796460177,0.44052863436123346,15.929203539823009
"2025-04-15 17:00:00","2025-04-15 18:00:00",AA,154,154,0,0,8.064935064935066,0.0,14.935064935064934
"2025-04-15 17:00:00","2025-04-15 18:00:00",DL,175,175,0,0,0.9714285714285714,0.0,10.857142857142858
"2025-04-15 17:00:00","2025-04-15 18:00:00",UA,127,127,0,0,5.771653543307087,0.0,17.322834645669293
"2025-04-15 17:00:00","2025-04-15 18:00:00",WN,247,247,0,0,6.2105263157894735,0.0,14.574898785425102
"2025-04-15 18:00:00","2025-04-15 19:00:00",AA,159,159,0,0,13.660377358490566,0.0,15.723270440251572
"2025-04-15 18:00:00","2025-04-15 19:00:00",DL,158,158,0,0,0.45569620253164556,0.0,10.759493670886076
"2025-04-15 18:00:00","2025-04-15 19:00:00",UA,118,118,0,0,5.677966101694915,0.0,16.949152542372882
"2025-04-15 18:00:00","2025-04-15 19:00:00",WN,247,246,0,1,1.6153846153846154,0.0,8.097165991902834
"2025-04-15 19:00:00","2025-04-15 20:00:00",AA,149,148,0,1,3.684563758389262,0.0,16.778523489932887
"2025-04-15 19:00:00","2025-04-15 20:00:00",DL,129,128,0,1,4.953488372093023,0.0,21.705426356589147
"2025-04-15 19:00:00","2025-04-15 20:00:00",UA,128,128,0,0,3.3359375,0.0,15.625
"2025-04-15 19:00:00","2025-04-15 20:00:00",WN,245,245,0,0,3.820408163265306,0.0,13.877551020408163
"2025-04-15 20:00:00","2025-04-15 21:00:00",AA,129,129,0,0,4.248062015503876,0.0,11.627906976744185
"2025-04-15 20:00:00","2025-04-15 21:00:00",DL,92,92,0,0,12.184782608695652,0.0,14.130434782608695
"2025-04-15 20:00:00","2025-04-15 21:00:00",UA,74,74,0,0,5.256756756756757,0.0,24.324324324324323
"2025-04-15 20:00:00","2025-04-15 21:00:00",WN,183,183,0,0,2.19672131147541,0.0,10.92896174863388
"2025-04-15 21:00:00","2025-04-15 22:00:00",AA,82,82,0,0,1.975609756097561,0.0,9.75609756097561
"2025-04-15 21:00:00","2025-04-15 22:00:00",DL,80,80,0,0,-1.2,0.0,5.0
"2025-04-15 21:00:00","2025-04-15 22:00:00",UA,37,37,0,0,-0.6216216216216216,0.0,8.108108108108109
"2025-04-15 21:00:00","2025-04-15 22:00:00",WN,95,95,0,0,1.9157894736842105,0.0,11.578947368421053
"2025-04-15 22:00:00","2025-04-15 23:00:00",AA,101,101,0,0,4.455445544554456,0.0,12.871287128712872
"2025-04-15 22:00:00","2025-04-15 23:00:00",DL,104,104,0,0,-1.3076923076923077,0.0,3.8461538461538463
"2025-04-15 22:00:00","2025-04-15 23:00:00",UA,32,32,0,0,6.3125,0.0,15.625
"2025-04-15 22:00:00","2025-04-15 23:00:00",WN,6,6,0,0,-7.0,0.0,0.0
"2025-04-15 23:00:00","2025-04-16 00:00:00",AA,30,30,0,0,-7.0,0.0,3.3333333333333335
"2025-04-15 23:00:00","2025-04-16 00:00:00",DL,28,28,0,0,-5.107142857142857,0.0,3.5714285714285716
"2025-04-15 23:00:00","2025-04-16 00:00:00",UA,32,32,0,0,-3.90625,0.0,9.375
"2025-04-15 23:00:00","2025-04-16 00:00:00",WN,6,6,0,0,-2.0,0.0,16.666666666666668
"2025-04-16 00:00:00","2025-04-16 01:00:00",AA,7,7,0,0,-8.142857142857142,0.0,0.0
"2025-04-16 00:00:00","2025-04-16 01:00:00",DL,4,4,0,0,16.0,0.0,25.0
"2025-04-16 00:00:00","2025-04-16 01:00:00",UA,7,7,0,0,-0.2857142857142857,0.0,14.285714285714286
"2025-04-16 01:00:00","2025-04-16 02:00:00",AA,1,1,0,0,-13.0,0.0,0.0
"2025-04-16 01:00:00","2025-04-16 02:00:00",DL,2,2,0,0,6.0,0.0,0.0
"2025-04-16 01:00:00","2025-04-16 02:00:00",UA,1,1,0,0,6.0,0.0,0.0
"2025-04-16 05:00:00","2025-04-16 06:00:00",AA,107,107,0,0,-3.5046728971962615,0.0,4.672897196261682
"2025-04-16 05:00:00","2025-04-16 06:00:00",DL,74,74,0,0,-0.7432432432432432,0.0,4.054054054054054
"2025-04-16 05:00:00","2025-04-16 06:00:00",UA,36,36,0,0,-6.555555555555555,0.0,0.0
"2025-04-16 05:00:00","2025-04-16 06:00:00",WN,86,86,0,0,-2.441860465116279,0.0,2.3255813953488373
"2025-04-16 06:00:00","2025-04-16 07:00:00",AA,193,192,0,1,-2.150259067357513,0.0,4.66321243523316
"2025-04-16 06:00:00","2025-04-16 07:00:00",DL,188,188,0,0,1.3138297872340425,0.0,5.319148936170213
"2025-04-16 06:00:00","2025-04-16 07:00:00",UA,127,127,0,0,-3.5354330708661417,0.0,2.3622047244094486
"2025-04-16 06:00:00","2025-04-16 07:00:00",WN,292,292,0,0,-2.98972602739726,0.0,1.7123287671232876
"2025-04-16 07:00:00","2025-04-16 08:00:00",AA,222,222,0,0,-0.7252252252252253,0.0,6.756756756756757
"2025-04-16 07:00:00","2025-04-16 08:00:00",DL,237,237,0,0,-1.759493670886076,0.0,5.063291139240507
"2025-04-16 07:00:00","2025-04-16 08:00:00",UA,190,190,0,0,-1.731578947368421,0.0,5.7894736842105265
"2025-04-16 07:00:00","2025-04-16 08:00:00",WN,229,229,0,0,-2.109170305676856,0.0,2.6200873362445414
"2025-04-16 08:00:00","2025-04-16 09:00:00",AA,200,200,0,0,7.085,0.0,9.0
"2025-04-16 08:00:00","2025-04-16 09:00:00",DL,192,192,0,0,-2.0729166666666665,0.0,5.208333333333333
"2025-04-16 08:00:00","2025-04-16 09:00:00",UA,158,157,1,0,-1.732484076433121,0.6329113924050633,5.732484076433121
"2025-04-16 08:00:00","2025-04-16 09:00:00",WN,295,295,0,0,-2.552542372881356,0.0,3.0508474576271185
"2025-04-16 09:00:00","2025-04-16 10:00:00",AA,135,135,0,0,3.8518518518518516,0.0,9.62962962962963
"2025-04-16 09:00:00","2025-04-16 10:00:00",DL,139,139,0,0,-3.7050359712230216,0.0,1.4388489208633093
"2025-04-16 09:00:00","2025-04-16 10:00:00",UA,143,143,0,0,-2.944055944055944,0.0,2.097902097902098
"2025-04-16 09:00:00","2025-04-16 10:00:00",WN,194,194,0,0,0.9175257731958762,0.0,4.639175257731959
"2025-04-16 10:00:00","2025-04-16 11:00:00",AA,158,158,0,0,9.354430379746836,0.0,13.924050632911392
"2025-04-16 10:00:00","2025-04-16 11:00:00",DL,156,156,0,0,1.6794871794871795,0.0,5.128205128205129
"2025-04-16 10:00:00","2025-04-16 11:00:00",UA,128,128,0,0,-0.3125,0.0,7.8125
"2025-04-16 10:00:00","2025-04-16 11:00:00",WN,255,254,1,0,0.6614173228346457,0.39215686274509803,6.299212598425197
"2025-04-16 11:00:00","2025-04-16 12:00:00",AA,164,163,1,0,4.92638036809816,0.6097560975609756,12.883435582822086
"2025-04-16 11:00:00","2025-04-16 12:00:00",DL,207,206,0,1,-0.16908212560386474,0.0,8.21256038647343
"2025-04-16 11:00:00","2025-04-16 12:00:00",UA,124,124,0,0,-0.0967741935483871,0.0,4.838709677419355
"2025-04-16 11:00:00","2025-04-16 12:00:00",WN,226,226,0,0,1.6150442477876106,0.0,7.079646017699115
"2025-04-16 12:00:00","2025-04-16 13:00:00",AA,145,145,0,0,9.427586206896551,0.0,14.482758620689655
"2025-04-16 12:00:00","2025-04-16 13:00:00",DL,180,180,0,0,4.65,0.0,8.88888888888889
"2025-04-16 12:00:00","2025-04-16 13:00:00",UA,121,120,0,1,0.4462809917355372,0.0,6.6115702479338845
"2025-04-16 12:00:00","2025-04-16 13:00:00",WN,217,216,1,0,1.6388888888888888,0.4608294930875576,7.407407407407407
"2025-04-16 13:00:00","2025-04-16 14:00:00",AA,146,146,0,0,13.986301369863014,0.0,15.753424657534246
"2025-04-16 13:00:00","2025-04-16 14:00:00",DL,149,148,0,1,11.093959731543624,0.0,13.422818791946309
"2025-04-16 13:00:00","2025-04-16 14:00:00",UA,126,124,0,2,1.5714285714285714,0.0,7.936507936507937
"2025-04-16 13:00:00","2025-04-16 14:00:00",WN,242,242,0,0,2.9008264462809916,0.0,8.677685950413224
"2025-04-16 14:00:00","2025-04-16 15:00:00",AA,142,142,0,0,8.338028169014084,0.0,15.492957746478874
"2025-04-16 14:00:00","2025-04-16 15:00:00",DL,145,145,0,0,4.7172413793103445,0.0,11.724137931034482
"2025-04-16 14:00:00","2025-04-16 15:00:00",UA,122,119,0,3,1.2295081967213115,0.0,9.01639344262295
"2025-04-16 14:00:00","2025-04-16 15:00:00",WN,216,215,1,0,3.516279069767442,0.46296296296296297,10.232558139534884
"2025-04-16 15:00:00","2025-04-16 16:00:00",AA,140,140,0,0,20.014285714285716,0.0,24.285714285714285
"2025-04-16 15:00:00","2025-04-16 16:00:00",DL,180,177,0,3,5.944444444444445,0.0,13.88888888888889
"2025-04-16 15:00:00","2025-04-16 16:00:00",UA,100,92,0,8,5.68,0.0,18.0
"2025-04-16 15:00:00","2025-04-16 16:00:00",WN,220,218,1,1,9.04109589041096,0.45454545454545453,13.698630136986301
"2025-04-16 16:00:00","2025-04-16 17:00:00",AA,151,151,0,0,11.827814569536423,0.0,17.880794701986755
"2025-04-16 16:00:00","2025-04-16 17:00:00",DL,130,130,0,0,4.207692307692308,0.0,16.153846153846153
"2025-04-16 16:00:00","2025-04-16 17:00:00",UA,142,139,0,3,5.992957746478873,0.0,11.267605633802816
"2025-04-16 16:00:00","2025-04-16 17:00:00",WN,227,225,0,2,7.3039647577092515,0.0,16.740088105726873
"2025-04-16 17:00:00","2025-04-16 18:00:00",AA,156,156,0,0,9.237179487179487,0.0,18.58974358974359
"2025-04-16 17:00:00","2025-04-16 18:00:00",DL,175,174,0,1,8.188571428571429,0.0,19.428571428571427
"2025-04-16 17:00:00","2025-04-16 18:00:00",UA,130,129,0,1,16.16923076923077,0.0,19.23076923076923
"2025-04-16 17:00:00","2025-04-16 18:00:00",WN,248,248,0,0,10.528225806451612,0.0,22.177419354838708
"2025-04-16 18:00:00","2025-04-16 19:00:00",AA,164,164,0,0,11.46951219512195,0.0,16.463414634146343
"2025-04-16 18:00:00","2025-04-16 19:00:00",DL,167,167,0,0,12.317365269461078,0.0,16.167664670658684
"2025-04-16 18:00:00","2025-04-16 19:00:00",UA,136,136,0,0,7.955882352941177,0.0,17.647058823529413
"2025-04-16 18:00:00","2025-04-16 19:00:00",WN,250,250,0,0,6.928,0.0,18.0
"2025-04-16 19:00:00","2025-04-16 20:00:00",AA,149,149,0,0,16.946308724832214,0.0,23.48993288590604
"2025-04-16 19:00:00","2025-04-16 20:00:00",DL,131,131,0,0,15.557251908396946,0.0,20.610687022900763
"2025-04-16 19:00:00","2025-04-16 20:00:00",UA,136,136,0,0,19.772058823529413,0.0,29.41176470588235
"2025-04-16 19:00:00","2025-04-16 20:00:00",WN,242,242,0,0,14.681818181818182,0.0,22.727272727272727
"2025-04-16 20:00:00","2025-04-16 21:00:00",AA,125,125,0,0,23.024,0.0,21.6
"2025-04-16 20:00:00","2025-04-16 21:00:00",DL,95,95,0,0,4.221052631578948,0.0,14.736842105263158
"2025-04-16 20:00:00","2025-04-16 21:00:00",UA,79,79,0,0,11.20253164556962,0.0,22.78481012658228
"2025-04-16 20:00:00","2025-04-16 21:00:00",WN,185,185,0,0,5.72972972972973,0.0,17.2972972972973
"2025-04-16 21:00:00","2025-04-16 22:00:00",AA,87,87,0,0,8.25287356321839,0.0,14.942528735632184
"2025-04-16 21:00:00","2025-04-16 22:00:00",DL,78,78,0,0,1.8717948717948718,0.0,8.974358974358974
"2025-04-16 21:00:00","2025-04-16 22:00:00",UA,55,55,0,0,3.8727272727272726,0.0,14.545454545454545
"2025-04-16 21:00:00","2025-04-16 22:00:00",WN,94,94,0,0,12.574468085106384,0.0,23.404255319148938
"2025-04-16 22:00:00","2025-04-16 23:00:00",AA,107,107,0,0,10.97196261682243,0.0,19.626168224299064
"2025-04-16 22:00:00","2025-04-16 23:00:00",DL,103,103,0,0,-0.6504854368932039,0.0,5.825242718446602
"2025-04-16 22:00:00","2025-04-16 23:00:00",UA,34,34,0,0,-0.3235294117647059,0.0,5.882352941176471
"2025-04-16 22:00:00","2025-04-16 23:00:00",WN,7,7,0,0,-1.7142857142857142,0.0,0.0
"2025-04-16 23:00:00","2025-04-17 00:00:00",AA,30,30,0,0,0.7666666666666667,0.0,3.3333333333333335
"2025-04-16 23:00:00","2025-04-17 00:00:00",DL,28,28,0,0,-1.8571428571428572,0.0,14.285714285714286
"2025-04-16 23:00:00","2025-04-17 00:00:00",UA,37,37,0,0,7.54054054054054,0.0,24.324324324324323
"2025-04-16 23:00:00","2025-04-17 00:00:00",WN,6,6,0,0,0.0,0.0,0.0
"2025-04-17 00:00:00","2025-04-17 01:00:00",AA,7,7,0,0,4.714285714285714,0.0,14.285714285714286
"2025-04-17 00:00:00","2025-04-17 01:00:00",DL,5,5,0,0,-4.6,0.0,0.0
"2025-04-17 00:00:00","2025-04-17 01:00:00",UA,7,7,0,0,17.285714285714285,0.0,28.571428571428573
"2025-04-17 01:00:00","2025-04-17 02:00:00",AA,1,1,0,0,-5.0,0.0,0.0
"2025-04-17 01:00:00","2025-04-17 02:00:00",DL,2,2,0,0,-2.0,0.0,0.0
"2025-04-17 01:00:00","2025-04-17 02:00:00",UA,1,1,0,0,-1.0,0.0,0.0
"2025-04-17 05:00:00","2025-04-17 06:00:00",AA,110,110,0,0,-1.2272727272727273,0.0,3.6363636363636362
"2025-04-17 05:00:00","2025-04-17 06:00:00",DL,75,75,0,0,2.0533333333333332,0.0,5.333333333333333
"2025-04-17 05:00:00","2025-04-17 06:00:00",UA,43,43,0,0,-3.558139534883721,0.0,2.3255813953488373
"2025-04-17 05:00:00","2025-04-17 06:00:00",WN,205,204,0,1,-1.4536585365853658,0.0,1.951219512195122
"2025-04-17 06:00:00","2025-04-17 07:00:00",AA,190,190,0,0,4.389473684210526,0.0,5.7894736842105265
"2025-04-17 06:00:00","2025-04-17 07:00:00",DL,188,188,0,0,-4.207446808510638,0.0,1.5957446808510638
"2025-04-17 06:00:00","2025-04-17 07:00:00",UA,131,131,0,0,-0.1450381679389313,0.0,2.2900763358778624
"2025-04-17 06:00:00","2025-04-17 07:00:00",WN,276,275,1,0,-1.8581818181818182,0.36231884057971014,3.272727272727273
"2025-04-17 07:00:00","2025-04-17 08:00:00",AA,230,230,0,0,1.5130434782608695,0.0,7.826086956521739
"2025-04-17 07:00:00","2025-04-17 08:00:00",DL,242,242,0,0,-0.3512396694214876,0.0,5.371900826446281
"2025-04-17 07:00:00","2025-04-17 08:00:00",UA,202,201,0,1,-2.1831683168316833,0.0,4.9504950495049505
"2025-04-17 07:00:00","2025-04-17 08:00:00",WN,278,276,0,2,1.0719424460431655,0.0,7.553956834532374
"2025-04-17 08:00:00","2025-04-17 09:00:00",AA,202,202,0,0,12.376237623762377,0.0,13.861386138613861
"2025-04-17 08:00:00","2025-04-17 09:00:00",DL,191,191,0,0,1.9581151832460733,0.0,9.424083769633508
"2025-04-17 08:00:00","2025-04-17 09:00:00",UA,158,157,1,0,1.414012738853503,0.6329113924050633,9.554140127388536
"2025-04-17 08:00:00","2025-04-17 09:00:00",WN,237,237,0,0,0.012658227848101266,0.0,5.9071729957805905
"2025-04-17 09:00:00","2025-04-17 10:00:00",AA,134,134,0,0,13.246268656716419,0.0,15.671641791044776
"2025-04-17 09:00:00","2025-04-17 10:00:00",DL,138,137,0,1,1.0434782608695652,0.0,7.246376811594203
"2025-04-17 09:00:00","2025-04-17 10:00:00",UA,143,143,0,0,9.664335664335665,0.0,13.286713286713287
"2025-04-17 09:00:00","2025-04-17 10:00:00",WN,237,235,1,1,1.7881355932203389,0.4219409282700422,8.898305084745763
"2025-04-17 10:00:00","2025-04-17 11:00:00",AA,156,156,0,0,5.064102564102564,0.0,12.179487179487179
"2025-04-17 10:00:00","2025-04-17 11:00:00",DL,159,159,0,0,4.786163522012578,0.0,10.062893081761006
"2025-04-17 10:00:00","2025-04-17 11:00:00",UA,130,129,0,1,3.730769230769231,0.0,9.23076923076923
"2025-04-17 10:00:00","2025-04-17 11:00:00",WN,238,234,0,4,2.411764705882353,0.0,10.504201680672269
"2025-04-17 11:00:00","2025-04-17 12:00:00",AA,165,164,0,1,14.957575757575757,0.0,19.393939393939394
"2025-04-17 11:00:00","2025-04-17 12:00:00",DL,208,207,0,1,5.605769230769231,0.0,13.942307692307692
"2025-04-17 11:00:00","2025-04-17 12:00:00",UA,123,122,0,1,10.43089430894309,0.0,17.88617886178862
"2025-04-17 11:00:00","2025-04-17 12:00:00",WN,244,239,0,5,6.639344262295082,0.0,16.80327868852459
"2025-04-17 12:00:00","2025-04-17 13:00:00",AA,145,145,0,0,11.241379310344827,0.0,16.551724137931036
"2025-04-17 12:00:00","2025-04-17 13:00:00",DL,183,183,0,0,7.311475409836065,0.0,16.39344262295082
"2025-04-17 12:00:00","2025-04-17 13:00:00",UA,121,120,0,1,10.669421487603305,0.0,15.702479338842975
"2025-04-17 12:00:00","2025-04-17 13:00:00",WN,236,232,1,3,8.991489361702127,0.423728813559322,17.872340425531913
"2025-04-17 13:00:00","2025-04-17 14:00:00",AA,140,140,0,0,26.8,0.0,25.0
"2025-04-17 13:00:00","2025-04-17 14:00:00",DL,150,150,0,0,8.346666666666666,0.0,20.666666666666668
"2025-04-17 13:00:00","2025-04-17 14:00:00",UA,122,121,0,1,9.598360655737705,0.0,17.21311475409836
"2025-04-17 13:00:00","2025-04-17 14:00:00",WN,242,242,0,0,9.760330578512397,0.0,19.421487603305785
"2025-04-17 14:00:00","2025-04-17 15:00:00",AA,147,146,0,1,14.700680272108844,0.0,23.12925170068027
"2025-04-17 14:00:00","2025-04-17 15:00:00",DL,149,146,0,3,14.194630872483222,0.0,22.14765100671141
"2025-04-17 14:00:00","2025-04-17 15:00:00",UA,131,131,0,0,12.641221374045802,0.0,22.137404580152673
"2025-04-17 14:00:00","2025-04-17 15:00:00",WN,225,224,0,1,15.826666666666666,0.0,29.77777777777778
"2025-04-17 15:00:00","2025-04-17 16:00:00",AA,143,143,0,0,14.916083916083917,0.0,26.573426573426573
"2025-04-17 15:00:00","2025-04-17 16:00:00",DL,190,188,0,2,10.631578947368421,0.0,15.263157894736842
"2025-04-17 15:00:00","2025-04-17 16:00:00",UA,97,97,0,0,24.762886597938145,0.0,36.08247422680412
"2025-04-17 15:00:00","2025-04-17 16:00:00",WN,227,227,0,0,19.969162995594715,0.0,40.969162995594715
"2025-04-17 16:00:00","2025-04-17 17:00:00",AA,149,149,0,0,11.610738255033556,0.0,16.778523489932887
"2025-04-17 16:00:00","2025-04-17 17:00:00",DL,139,139,0,0,7.899280575539568,0.0,18.705035971223023
"2025-04-17 16:00:00","2025-04-17 17:00:00",UA,140,140,0,0,22.335714285714285,0.0,30.0
"2025-04-17 16:00:00","2025-04-17 17:00:00",WN,225,225,0,0,14.933333333333334,0.0,32.0
"2025-04-17 17:00:00","2025-04-17 18:00:00",AA,161,161,0,0,32.975155279503106,0.0,29.81366459627329
"2025-04-17 17:00:00","2025-04-17 18:00:00",DL,183,183,0,0,13.043715846994536,0.0,26.229508196721312
"2025-04-17 17:00:00","2025-04-17 18:00:00",UA,132,132,0,0,19.96212121212121,0.0,31.060606060606062
"2025-04-17 17:00:00","2025-04-17 18:00:00",WN,241,241,0,0,26.29460580912863,0.0,47.71784232365145
"2025-04-17 18:00:00","2025-04-17 19:00:00",AA,170,169,0,1,13.458823529411765,0.0,31.176470588235293
"2025-04-17 18:00:00","2025-04-17 19:00:00",DL,172,171,0,1,14.738372093023257,0.0,27.325581395348838
"2025-04-17 18:00:00","2025-04-17 19:00:00",UA,140,140,0,0,19.185714285714287,0.0,30.0
"2025-04-17 18:00:00","2025-04-17 19:00:00",WN,268,268,0,0,19.238805970149254,0.0,42.16417910447761
"2025-04-17 19:00:00","2025-04-17 20:00:00",AA,158,158,0,0,24.867088607594937,0.0,37.34177215189873
"2025-04-17 19:00:00","2025-04-17 20:00:00",DL,177,177,0,0,15.242937853107344,0.0,25.423728813559322
"2025-04-17 19:00:00","2025-04-17 20:00:00",UA,146,146,0,0,17.301369863013697,0.0,33.56164383561644
"2025-04-17 19:00:00","2025-04-17 20:00:00",WN,252,252,0,0,21.61111111111111,0.0,46.03174603174603
"2025-04-17 20:00:00","2025-04-17 21:00:00",AA,133,132,0,1,9.571428571428571,0.0,23.30827067669173
"2025-04-17 20:00:00","2025-04-17 21:00:00",DL,121,121,0,0,10.50413223140496,0.0,20.66115702479339
"2025-04-17 20:00:00","2025-04-17 21:00:00",UA,82,82,0,0,22.609756097560975,0.0,32.926829268292686
"2025-04-17 20:00:00","2025-04-17 21:00:00",WN,197,197,0,0,17.81218274111675,0.0,36.54822335025381
"2025-04-17 21:00:00","2025-04-17 22:00:00",AA,88,88,0,0,18.704545454545453,0.0,28.40909090909091
"2025-04-17 21:00:00","2025-04-17 22:00:00",DL,98,98,0,0,15.86734693877551,0.0,16.3265306122449
"2025-04-17 21:00:00","2025-04-17 22:00:00",UA,59,59,0,0,9.288135593220339,0.0,18.64406779661017
"2025-04-17 21:00:00","2025-04-17 22:00:00",WN,188,188,0,0,19.824468085106382,0.0,43.61702127659574
"2025-04-17 22:00:00","2025-04-17 23:00:00",AA,114,113,0,1,10.114035087719298,0.0,24.56140350877193
"2025-04-17 22:00:00","2025-04-17 23:00:00",DL,111,111,0,0,8.36936936936937,0.0,21.62162162162162
"2025-04-17 22:00:00","2025-04-17 23:00:00",UA,34,34,0,0,3.6176470588235294,0.0,8.823529411764707
"2025-04-17 22:00:00","2025-04-17 23:00:00",WN,16,16,0,0,20.9375,0.0,50.0
"2025-04-17 23:00:00","2025-04-18 00:00:00",AA,32,32,0,0,7.9375,0.0,21.875
"2025-04-17 23:00:00","2025-04-18 00:00:00",DL,34,34,0,0,11.852941176470589,0.0,23.529411764705884
"2025-04-17 23:00:00","2025-04-18 00:00:00",UA,37,37,0,0,4.405405405405405,0.0,10.81081081081081
"2025-04-17 23:00:00","2025-04-18 00:00:00",WN,6,6,0,0,5.666666666666667,0.0,16.666666666666668
"2025-04-18 00:00:00","2025-04-18 01:00:00",AA,8,8,0,0,-3.875,0.0,0.0
"2025-04-18 00:00:00","2025-04-18 01:00:00",DL,8,8,0,0,-0.75,0.0,12.5
"2025-04-18 00:00:00","2025-04-18 01:00:00",UA,8,8,0,0,16.25,0.0,25.0
"2025-04-18 01:00:00","2025-04-18 02:00:00",AA,1,1,0,0,-9.0,0.0,0.0
"2025-04-18 01:00:00","2025-04-18 02:00:00",DL,2,2,0,0,-12.0,0.0,0.0
"2025-04-18 01:00:00","2025-04-18 02:00:00",UA,2,2,0,0,2.0,0.0,0.0
"2025-04-18 05:00:00","2025-04-18 06:00:00",AA,110,110,0,0,-3.3,0.0,4.545454545454546
"2025-04-18 05:00:00","2025-04-18 06:00:00",DL,74,74,0,0,-0.08108108108108109,0.0,5.405405405405405
"2025-04-18 05:00:00","2025-04-18 06:00:00",UA,44,44,0,0,-3.8181818181818183,0.0,2.272727272727273
"2025-04-18 05:00:00","2025-04-18 06:00:00",WN,213,212,0,1,0.9812206572769953,0.0,4.225352112676056
"2025-04-18 06:00:00","2025-04-18 07:00:00",AA,190,190,0,0,-1.5473684210526315,0.0,4.7368421052631575
"2025-04-18 06:00:00","2025-04-18 07:00:00",DL,189,189,0,0,-0.08994708994708994,0.0,5.291005291005291
"2025-04-18 06:00:00","2025-04-18 07:00:00",UA,133,133,0,0,1.894736842105263,0.0,6.015037593984962
"2025-04-18 06:00:00","2025-04-18 07:00:00",WN,279,278,1,0,0.1366906474820144,0.35842293906810035,3.237410071942446
"2025-04-18 07:00:00","2025-04-18 08:00:00",AA,227,226,1,0,3.9557522123893807,0.44052863436123346,7.079646017699115
"2025-04-18 07:00:00","2025-04-18 08:00:00",DL,242,242,0,0,-1.21900826446281,0.0,2.8925619834710745
"2025-04-18 07:00:00","2025-04-18 08:00:00",UA,199,199,0,0,3.251256281407035,0.0,9.045226130653266
"2025-04-18 07:00:00","2025-04-18 08:00:00",WN,269,268,1,0,4.585820895522388,0.37174721189591076,8.955223880597014
"2025-04-18 08:00:00","2025-04-18 09:00:00",AA,204,204,0,0,8.245098039215685,0.0,15.196078431372548
"2025-04-18 08:00:00","2025-04-18 09:00:00",DL,195,195,0,0,0.7435897435897436,0.0,7.6923076923076925
"2025-04-18 08:00:00","2025-04-18 09:00:00",UA,163,163,0,0,11.245398773006135,0.0,14.723926380368098
"2025-04-18 08:00:00","2025-04-18 09:00:00",WN,241,240,1,0,5.908333333333333,0.4149377593360996,11.666666666666666
"2025-04-18 09:00:00","2025-04-18 10:00:00",AA,130,130,0,0,3.046153846153846,0.0,13.076923076923077
"2025-04-18 09:00:00","2025-04-18 10:00:00",DL,131,131,0,0,11.091603053435115,0.0,10.687022900763358
"2025-04-18 09:00:00","2025-04-18 10:00:00",UA,142,142,0,0,19.169014084507044,0.0,25.35211267605634
"2025-04-18 09:00:00","2025-04-18 10:00:00",WN,233,232,1,0,9.599137931034482,0.4291845493562232,16.810344827586206
"2025-04-18 10:00:00","2025-04-18 11:00:00",AA,160,160,0,0,5.06875,0.0,16.25
"2025-04-18 10:00:00","2025-04-18 11:00:00",DL,159,159,0,0,-0.7672955974842768,0.0,8.176100628930818
"2025-04-18 10:00:00","2025-04-18 11:00:00",UA,133,133,0,0,12.1203007518797,0.0,18.796992481203006
"2025-04-18 10:00:00","2025-04-18 11:00:00",WN,240,238,2,0,22.33613445378151,0.8333333333333334,27.73109243697479
"2025-04-18 11:00:00","2025-04-18 12:00:00",AA,168,168,0,0,4.666666666666667,0.0,13.69047619047619
"2025-04-18 11:00:00","2025-04-18 12:00:00",DL,214,214,0,0,0.26635514018691586,0.0,9.345794392523365
"2025-04-18 11:00:00","2025-04-18 12:00:00",UA,124,123,1,0,21.788617886178862,0.8064516129032258,24.390243902439025
"2025-04-18 11:00:00","2025-04-18 12:00:00",WN,246,243,3,0,14.045267489711934,1.2195121951219512,23.868312757201647
"2025-04-18 12:00:00","2025-04-18 13:00:00",AA,144,144,0,0,9.006944444444445,0.0,18.055555555555557
"2025-04-18 12:00:00","2025-04-18 13:00:00",DL,179,179,0,0,4.0,0.0,12.849162011173185
"2025-04-18 12:00:00","2025-04-18 13:00:00",UA,117,117,0,0,22.82905982905983,0.0,20.512820512820515
"2025-04-18 12:00:00","2025-04-18 13:00:00",WN,230,227,3,0,19.82819383259912,1.3043478260869565,28.634361233480178
"2025-04-18 13:00:00","2025-04-18 14:00:00",AA,143,143,0,0,9.93006993006993,0.0,18.88111888111888
"2025-04-18 13:00:00","2025-04-18 14:00:00",DL,149,149,0,0,2.248322147651007,0.0,10.06711409395973
"2025-04-18 13:00:00","2025-04-18 14:00:00",UA,126,125,1,0,56.384,0.7936507936507936,40.8
"2025-04-18 13:00:00","2025-04-18 14:00:00",WN,242,240,2,0,33.325,0.8264462809917356,35.416666666666664
"2025-04-18 14:00:00","2025-04-18 15:00:00",AA,149,149,0,0,7.785234899328859,0.0,16.778523489932887
"2025-04-18 14:00:00","2025-04-18 15:00:00",DL,150,150,0,0,6.173333333333333,0.0,16.0
"2025-04-18 14:00:00","2025-04-18 15:00:00",UA,126,125,1,0,32.848,0.7936507936507936,26.4
"2025-04-18 14:00:00","2025-04-18 15:00:00",WN,223,221,1,1,22.04054054054054,0.4484304932735426,32.432432432432435
"2025-04-18 15:00:00","2025-04-18 16:00:00",AA,141,141,0,0,31.418439716312058,0.0,26.24113475177305
"2025-04-18 15:00:00","2025-04-18 16:00:00",DL,190,190,0,0,5.121052631578947,0.0,14.736842105263158
"2025-04-18 15:00:00","2025-04-18 16:00:00",UA,100,98,2,0,64.23469387755102,2.0,38.775510204081634
"2025-04-18 15:00:00","2025-04-18 16:00:00",WN,222,216,6,0,41.699074074074076,2.7027027027027026,41.666666666666664
"2025-04-18 16:00:00","2025-04-18 17:00:00",AA,146,146,0,0,11.965753424657533,0.0,25.34246575342466
"2025-04-18 16:00:00","2025-04-18 17:00:00",DL,138,138,0,0,8.557971014492754,0.0,17.391304347826086
"2025-04-18 16:00:00","2025-04-18 17:00:00",UA,143,140,3,0,54.30714285714286,2.097902097902098,37.857142857142854
"2025-04-18 16:00:00","2025-04-18 17:00:00",WN,228,227,1,0,27.801762114537446,0.43859649122807015,33.03964757709251
"2025-04-18 17:00:00","2025-04-18 18:00:00",AA,155,155,0,0,8.625806451612902,0.0,20.0
"2025-04-18 17:00:00","2025-04-18 18:00:00",DL,182,182,0,0,4.170329670329671,0.0,10.989010989010989
"2025-04-18 17:00:00","2025-04-18 18:00:00",UA,131,129,1,1,68.12307692307692,0.7633587786259542,46.92307692307692
"2025-04-18 17:00:00","2025-04-18 18:00:00",WN,238,232,5,1,39.35622317596567,2.100840336134454,39.05579399141631
"2025-04-18 18:00:00","2025-04-18 19:00:00",AA,168,168,0,0,9.005952380952381,0.0,20.238095238095237
"2025-04-18 18:00:00","2025-04-18 19:00:00",DL,166,166,0,0,4.572289156626506,0.0,16.867469879518072
"2025-04-18 18:00:00","2025-04-18 19:00:00",UA,138,136,2,0,36.411764705882355,1.4492753623188406,32.35294117647059
"2025-04-18 18:00:00","2025-04-18 19:00:00",WN,259,256,3,0,34.82421875,1.1583011583011582,37.5
"2025-04-18 19:00:00","2025-04-18 20:00:00",AA,159,159,0,0,11.918238993710691,0.0,24.528301886792452
"2025-04-18 19:00:00","2025-04-18 20:00:00",DL,169,169,0,0,5.5325443786982245,0.0,17.159763313609467
"2025-04-18 19:00:00","2025-04-18 20:00:00",UA,141,140,1,0,54.285714285714285,0.7092198581560284,46.42857142857143
"2025-04-18 19:00:00","2025-04-18 20:00:00",WN,247,238,9,0,40.60084033613445,3.6437246963562755,39.49579831932773
"2025-04-18 20:00:00","2025-04-18 21:00:00",AA,133,132,0,1,12.954887218045112,0.0,21.05263157894737
"2025-04-18 20:00:00","2025-04-18 21:00:00",DL,121,121,0,0,6.1735537190082646,0.0,19.834710743801654
"2025-04-18 20:00:00","2025-04-18 21:00:00",UA,81,79,2,0,30.974683544303797,2.4691358024691357,34.177215189873415
"2025-04-18 20:00:00","2025-04-18 21:00:00",WN,198,197,1,0,26.79187817258883,0.5050505050505051,32.48730964467005
"2025-04-18 21:00:00","2025-04-18 22:00:00",AA,86,86,0,0,22.953488372093023,0.0,19.767441860465116
"2025-04-18 21:00:00","2025-04-18 22:00:00",DL,99,97,0,2,9.141414141414142,0.0,8.080808080808081
"2025-04-18 21:00:00","2025-04-18 22:00:00",UA,60,60,0,0,24.683333333333334,0.0,33.333333333333336
"2025-04-18 21:00:00","2025-04-18 22:00:00",WN,192,187,5,0,31.56149732620321,2.6041666666666665,36.36363636363637
"2025-04-18 22:00:00","2025-04-18 23:00:00",AA,113,113,0,0,9.221238938053098,0.0,17.699115044247787
"2025-04-18 22:00:00","2025-04-18 23:00:00",DL,115,115,0,0,-0.3652173913043478,0.0,8.695652173913043
"2025-04-18 22:00:00","2025-04-18 23:00:00",UA,34,34,0,0,1.3823529411764706,0.0,8.823529411764707
"2025-04-18 22:00:00","2025-04-18 23:00:00",WN,16,16,0,0,10.6875,0.0,25.0
"2025-04-18 23:00:00","2025-04-19 00:00:00",AA,32,29,0,3,10.5625,0.0,25.0
"2025-04-18 23:00:00","2025-04-19 00:00:00",DL,35,35,0,0,4.6,0.0,14.285714285714286
"2025-04-18 23:00:00","2025-04-19 00:00:00",UA,34,34,0,0,8.470588235294118,0.0,20.58823529411765
"2025-04-18 23:00:00","2025-04-19 00:00:00",WN,6,6,0,0,18.0,0.0,16.666666666666668
"2025-04-19 00:00:00","2025-04-19 01:00:00",AA,9,7,0,2,-3.888888888888889,0.0,0.0
"2025-04-19 00:00:00","2025-04-19 01:00:00",DL,8,8,0,0,-1.25,0.0,12.5
"2025-04-19 00:00:00","2025-04-19 01:00:00",UA,8,8,0,0,1.5,0.0,12.5
"2025-04-19 01:00:00","2025-04-19 02:00:00",AA,1,1,0,0,-7.0,0.0,0.0
"2025-04-19 01:00:00","2025-04-19 02:00:00",DL,2,2,0,0,-10.5,0.0,0.0
"2025-04-19 01:00:00","2025-04-19 02:00:00",UA,2,2,0,0,31.0,0.0,50.0
"2025-04-19 05:00:00","2025-04-19 06:00:00",AA,105,101,0,4,12.247619047619047,0.0,12.380952380952381
"2025-04-19 05:00:00","2025-04-19 06:00:00",DL,73,73,0,0,2.7534246575342465,0.0,5.47945205479452
"2025-04-19 05:00:00","2025-04-19 06:00:00",UA,44,44,0,0,0.9090909090909091,0.0,9.090909090909092
"2025-04-19 05:00:00","2025-04-19 06:00:00",WN,125,125,0,0,2.0,0.0,5.6
"2025-04-19 06:00:00","2025-04-19 07:00:00",AA,183,182,0,1,20.043715846994534,0.0,23.497267759562842
"2025-04-19 06:00:00","2025-04-19 07:00:00",DL,180,179,0,1,2.3722222222222222,0.0,3.3333333333333335
"2025-04-19 06:00:00","2025-04-19 07:00:00",UA,134,134,0,0,-0.8134328358208955,0.0,6.7164179104477615
"2025-04-19 06:00:00","2025-04-19 07:00:00",WN,258,257,1,0,2.9260700389105057,0.3875968992248062,4.669260700389105
"2025-04-19 07:00:00","2025-04-19 08:00:00",AA,214,209,5,0,21.24401913875598,2.336448598130841,19.617224880382775
"2025-04-19 07:00:00","2025-04-19 08:00:00",DL,213,212,0,1,5.333333333333333,0.0,9.859154929577464
"2025-04-19 07:00:00","2025-04-19 08:00:00",UA,184,182,2,0,-3.1263736263736264,1.0869565217391304,3.8461538461538463
"2025-04-19 07:00:00","2025-04-19 08:00:00",WN,236,236,0,0,5.1525423728813555,0.0,10.59322033898305
"2025-04-19 08:00:00","2025-04-19 09:00:00",AA,196,189,7,0,20.026455026455025,3.5714285714285716,28.04232804232804
"2025-04-19 08:00:00","2025-04-19 09:00:00",DL,172,171,0,1,0.8662790697674418,0.0,8.13953488372093
"2025-04-19 08:00:00","2025-04-19 09:00:00",UA,153,152,1,0,3.039473684210526,0.6535947712418301,7.2368421052631575
"2025-04-19 08:00:00","2025-04-19 09:00:00",WN,214,214,0,0,1.5514018691588785,0.0,7.4766355140186915
"2025-04-19 09:00:00","2025-04-19 10:00:00",AA,120,114,6,0,21.736842105263158,5.0,24.56140350877193
"2025-04-19 09:00:00","2025-04-19 10:00:00",DL,144,144,0,0,1.2152777777777777,0.0,11.805555555555555
"2025-04-19 09:00:00","2025-04-19 10:00:00",UA,129,129,0,0,3.9224806201550386,0.0,11.627906976744185
"2025-04-19 09:00:00","2025-04-19 10:00:00",WN,221,221,0,0,5.117647058823529,0.0,11.312217194570136
"2025-04-19 10:00:00","2025-04-19 11:00:00",AA,142,134,8,0,29.02238805970149,5.633802816901408,35.07462686567164
"2025-04-19 10:00:00","2025-04-19 11:00:00",DL,128,127,1,0,5.480314960629921,0.78125,16.53543307086614
"2025-04-19 10:00:00","2025-04-19 11:00:00",UA,109,109,0,0,0.8348623853211009,0.0,10.091743119266056
"2025-04-19 10:00:00","2025-04-19 11:00:00",WN,207,207,0,0,7.130434782608695,0.0,13.043478260869565
"2025-04-19 11:00:00","2025-04-19 12:00:00",AA,146,143,3,0,28.797202797202797,2.0547945205479454,34.96503496503497
"2025-04-19 11:00:00","2025-04-19 12:00:00",DL,191,191,0,0,3.74869109947644,0.0,12.565445026178011
"2025-04-19 11:00:00","2025-04-19 12:00:00",UA,114,114,0,0,1.3070175438596492,0.0,9.649122807017545
"2025-04-19 11:00:00","2025-04-19 12:00:00",WN,198,198,0,0,6.161616161616162,0.0,16.666666666666668
"2025-04-19 12:00:00","2025-04-19 13:00:00",AA,132,129,3,0,27.573643410852714,2.272727272727273,31.007751937984494
"2025-04-19 12:00:00","2025-04-19 13:00:00",DL,163,163,0,0,9.0920245398773,0.0,10.429447852760736
"2025-04-19 12:00:00","2025-04-19 13:00:00",UA,109,109,0,0,2.1009174311926606,0.0,9.174311926605505
"2025-04-19 12:00:00","2025-04-19 13:00:00",WN,198,196,2,0,7.698979591836735,1.0101010101010102,13.775510204081632
"2025-04-19 13:00:00","2025-04-19 14:00:00",AA,135,134,1,0,20.0,0.7407407407407407,28.35820895522388
"2025-04-19 13:00:00","2025-04-19 14:00:00",DL,139,139,0,0,9.83453237410072,0.0,14.388489208633093
"2025-04-19 13:00:00","2025-04-19 14:00:00",UA,116,116,0,0,3.9655172413793105,0.0,11.206896551724139
"2025-04-19 13:00:00","2025-04-19 14:00:00",WN,230,229,0,1,6.8304347826086955,0.0,19.130434782608695
"2025-04-19 14:00:00","2025-04-19 15:00:00",AA,125,123,1,1,12.60483870967742,0.8,22.580645161290324
"2025-04-19 14:00:00","2025-04-19 15:00:00",DL,120,120,0,0,14.983333333333333,0.0,20.833333333333332
"2025-04-19 14:00:00","2025-04-19 15:00:00",UA,122,122,0,0,5.663934426229508,0.0,10.655737704918034
"2025-04-19 14:00:00","2025-04-19 15:00:00",WN,200,199,1,0,6.1457286432160805,0.5,15.577889447236181
"2025-04-19 15:00:00","2025-04-19 16:00:00",AA,130,130,0,0,20.146153846153847,0.0,30.76923076923077
"2025-04-19 15:00:00","2025-04-19 16:00:00",DL,185,185,0,0,3.2756756756756755,0.0,10.81081081081081
"2025-04-19 15:00:00","2025-04-19 16:00:00",UA,96,96,0,0,1.0833333333333333,0.0,6.25
"2025-04-19 15:00:00","2025-04-19 16:00:00",WN,203,203,0,0,7.502463054187192,0.0,17.733990147783253
"2025-04-19 16:00:00","2025-04-19 17:00:00",AA,131,131,0,0,15.297709923664122,0.0,26.717557251908396
"2025-04-19 16:00:00","2025-04-19 17:00:00",DL,117,117,0,0,6.572649572649572,0.0,15.384615384615385
"2025-04-19 16:00:00","2025-04-19 17:00:00",UA,117,115,0,2,-1.0256410256410255,0.0,8.547008547008547
"2025-04-19 16:00:00","2025-04-19 17:00:00",WN,231,231,0,0,8.519480519480519,0.0,18.614718614718615
"2025-04-19 17:00:00","2025-04-19 18:00:00",AA,143,142,1,0,20.62676056338028,0.6993006993006993,26.760563380281692
"2025-04-19 17:00:00","2025-04-19 18:00:00",DL,146,146,0,0,5.917808219178082,0.0,15.068493150684931
"2025-04-19 17:00:00","2025-04-19 18:00:00",UA,125,125,0,0,3.648,0.0,10.4
"2025-04-19 17:00:00","2025-04-19 18:00:00",WN,220,220,0,0,5.281818181818182,0.0,15.454545454545455
"2025-04-19 18:00:00","2025-04-19 19:00:00",AA,159,159,0,0,17.767295597484278,0.0,27.044025157232703
"2025-04-19 18:00:00","2025-04-19 19:00:00",DL,143,143,0,0,3.972027972027972,0.0,15.384615384615385
"2025-04-19 18:00:00","2025-04-19 19:00:00",UA,117,117,0,0,3.358974358974359,0.0,11.965811965811966
"2025-04-19 18:00:00","2025-04-19 19:00:00",WN,261,261,0,0,4.440613026819923,0.0,16.091954022988507
"2025-04-19 19:00:00","2025-04-19 20:00:00",AA,125,124,1,0,14.39516129032258,0.8,29.032258064516128
"2025-04-19 19:00:00","2025-04-19 20:00:00",DL,91,91,0,0,4.1208791208791204,0.0,17.582417582417584
"2025-04-19 19:00:00","2025-04-19 20:00:00",UA,116,115,0,1,3.4741379310344827,0.0,11.206896551724139
"2025-04-19 19:00:00","2025-04-19 20:00:00",WN,159,159,0,0,5.729559748427673,0.0,14.465408805031446
"2025-04-19 20:00:00","2025-04-19 21:00:00",AA,126,126,0,0,19.50793650793651,0.0,33.333333333333336
"2025-04-19 20:00:00","2025-04-19 21:00:00",DL,92,92,0,0,4.260869565217392,0.0,15.217391304347826
"2025-04-19 20:00:00","2025-04-19 21:00:00",UA,70,69,1,0,2.318840579710145,1.4285714285714286,14.492753623188406
"2025-04-19 20:00:00","2025-04-19 21:00:00",WN,122,122,0,0,7.819672131147541,0.0,23.770491803278688
"2025-04-19 21:00:00","2025-04-19 22:00:00",AA,84,83,1,0,9.132530120481928,1.1904761904761905,14.457831325301205
"2025-04-19 21:00:00","2025-04-19 22:00:00",DL,83,83,0,0,5.108433734939759,0.0,13.25301204819277
"2025-04-19 21:00:00","2025-04-19 22:00:00",UA,41,41,0,0,-0.5609756097560976,0.0,7.317073170731708
"2025-04-19 21:00:00","2025-04-19 22:00:00",WN,35,35,0,0,5.428571428571429,0.0,22.857142857142858
"2025-04-19 22:00:00","2025-04-19 23:00:00",AA,78,78,0,0,2.0,0.0,11.538461538461538
"2025-04-19 22:00:00","2025-04-19 23:00:00",DL,74,74,0,0,3.5135135135135136,0.0,9.45945945945946
"2025-04-19 22:00:00","2025-04-19 23:00:00",UA,31,31,0,0,0.6774193548387096,0.0,9.67741935483871
"2025-04-19 22:00:00","2025-04-19 23:00:00",WN,8,8,0,0,-5.125,0.0,0.0
"2025-04-19 23:00:00","2025-04-20 00:00:00",AA,27,26,1,0,19.346153846153847,3.7037037037037037,34.61538461538461
"2025-04-19 23:00:00","2025-04-20 00:00:00",DL,29,29,0,0,20.0,0.0,20.689655172413794
"2025-04-19 23:00:00","2025-04-20 00:00:00",UA,34,34,0,0,14.205882352941176,0.0,8.823529411764707
"2025-04-19 23:00:00","2025-04-20 00:00:00",WN,6,6,0,0,-6.0,0.0,0.0
"2025-04-20 00:00:00","2025-04-20 01:00:00",AA,9,9,0,0,5.888888888888889,0.0,33.333333333333336
"2025-04-20 00:00:00","2025-04-20 01:00:00",DL,4,4,0,0,1.25,0.0,25.0
"2025-04-20 00:00:00","2025-04-20 01:00:00",UA,7,7,0,0,-7.0,0.0,0.0
"2025-04-20 01:00:00","2025-04-20 02:00:00",DL,2,2,0,0,-10.0,0.0,0.0
"2025-04-20 01:00:00","2025-04-20 02:00:00",UA,1,1,0,0,-7.0,0.0,0.0
"2025-04-20 05:00:00","2025-04-20 06:00:00",AA,94,93,0,1,4.372340425531915,0.0,15.957446808510639
"2025-04-20 05:00:00","2025-04-20 06:00:00",DL,73,73,0,0,3.493150684931507,0.0,4.109589041095891
"2025-04-20 05:00:00","2025-04-20 06:00:00",UA,41,41,0,0,6.121951219512195,0.0,14.634146341463415
"2025-04-20 05:00:00","2025-04-20 06:00:00",WN,113,113,0,0,-3.3628318584070795,0.0,1.7699115044247788
"2025-04-20 06:00:00","2025-04-20 07:00:00",AA,178,178,0,0,20.8876404494382,0.0,19.10112359550562
"2025-04-20 06:00:00","2025-04-20 07:00:00",DL,180,179,1,0,4.23463687150838,0.5555555555555556,7.82122905027933
"2025-04-20 06:00:00","2025-04-20 07:00:00",UA,131,130,1,0,-4.230769230769231,0.7633587786259542,0.7692307692307693
"2025-04-20 06:00:00","2025-04-20 07:00:00",WN,328,327,0,1,-1.9817073170731707,0.0,3.658536585365854
"2025-04-20 07:00:00","2025-04-20 08:00:00",AA,214,212,2,0,7.580188679245283,0.9345794392523364,18.39622641509434
"2025-04-20 07:00:00","2025-04-20 08:00:00",DL,251,251,0,0,1.0557768924302788,0.0,8.366533864541832
"2025-04-20 07:00:00","2025-04-20 08:00:00",UA,194,192,1,1,2.8808290155440415,0.5154639175257731,7.253886010362694
"2025-04-20 07:00:00","2025-04-20 08:00:00",WN,233,232,1,0,-1.0344827586206897,0.4291845493562232,5.603448275862069
"2025-04-20 08:00:00","2025-04-20 09:00:00",AA,204,201,3,0,8.09452736318408,1.4705882352941178,14.925373134328359
"2025-04-20 08:00:00","2025-04-20 09:00:00",DL,195,195,0,0,4.917948717948718,0.0,12.820512820512821
"2025-04-20 08:00:00","2025-04-20 09:00:00",UA,161,161,0,0,4.37888198757764,0.0,9.937888198757763
"2025-04-20 08:00:00","2025-04-20 09:00:00",WN,265,265,0,0,-0.27169811320754716,0.0,6.037735849056604
"2025-04-20 09:00:00","2025-04-20 10:00:00",AA,127,125,2,0,7.392,1.5748031496062993,17.6
"2025-04-20 09:00:00","2025-04-20 10:00:00",DL,139,139,0,0,5.9784172661870505,0.0,9.352517985611511
"2025-04-20 09:00:00","2025-04-20 10:00:00",UA,137,136,1,0,8.338235294117647,0.7299270072992701,11.029411764705882
"2025-04-20 09:00:00","2025-04-20 10:00:00",WN,203,203,0,0,0.8669950738916257,0.0,8.374384236453203
"2025-04-20 10:00:00","2025-04-20 11:00:00",AA,159,157,1,1,21.867088607594937,0.6289308176100629,30.379746835443036
"2025-04-20 10:00:00","2025-04-20 11:00:00",DL,158,158,0,0,1.8544303797468353,0.0,8.227848101265822
"2025-04-20 10:00:00","2025-04-20 11:00:00",UA,129,128,0,1,18.155038759689923,0.0,20.155038759689923
"2025-04-20 10:00:00","2025-04-20 11:00:00",WN,260,260,0,0,4.726923076923077,0.0,10.384615384615385
"2025-04-20 11:00:00","2025-04-20 12:00:00",AA,162,161,1,0,8.29192546583851,0.6172839506172839,18.633540372670808
"2025-04-20 11:00:00","2025-04-20 12:00:00",DL,212,212,0,0,5.773584905660377,0.0,15.566037735849056
"2025-04-20 11:00:00","2025-04-20 12:00:00",UA,119,119,0,0,26.51260504201681,0.0,21.008403361344538
"2025-04-20 11:00:00","2025-04-20 12:00:00",WN,209,209,0,0,2.770334928229665,0.0,7.655502392344498
"2025-04-20 12:00:00","2025-04-20 13:00:00",AA,147,146,1,0,20.30821917808219,0.6802721088435374,23.28767123287671
"2025-04-20 12:00:00","2025-04-20 13:00:00",DL,177,177,0,0,5.4858757062146895,0.0,11.299435028248588
"2025-04-20 12:00:00","2025-04-20 13:00:00",UA,115,109,1,5,36.86842105263158,0.8695652173913043,18.42105263157895
"2025-04-20 12:00:00","2025-04-20 13:00:00",WN,241,240,1,0,4.233333333333333,0.4149377593360996,11.666666666666666
"2025-04-20 13:00:00","2025-04-20 14:00:00",AA,148,146,1,1,14.054421768707483,0.6756756756756757,21.08843537414966
"2025-04-20 13:00:00","2025-04-20 14:00:00",DL,152,152,0,0,7.440789473684211,0.0,17.105263157894736
"2025-04-20 13:00:00","2025-04-20 14:00:00",UA,128,125,0,3,12.390625,0.0,13.28125
"2025-04-20 13:00:00","2025-04-20 14:00:00",WN,257,257,0,0,3.307392996108949,0.0,11.284046692607005
"2025-04-20 14:00:00","2025-04-20 15:00:00",AA,142,141,0,1,19.992957746478872,0.0,23.943661971830984
"2025-04-20 14:00:00","2025-04-20 15:00:00",DL,146,146,0,0,2.787671232876712,0.0,10.95890410958904
"2025-04-20 14:00:00","2025-04-20 15:00:00",UA,125,119,0,6,32.488,0.0,35.2
"2025-04-20 14:00:00","2025-04-20 15:00:00",WN,215,215,0,0,5.2046511627906975,0.0,11.627906976744185
"2025-04-20 15:00:00","2025-04-20 16:00:00",AA,140,139,0,1,16.40714285714286,0.0,28.571428571428573
"2025-04-20 15:00:00","2025-04-20 16:00:00",DL,191,190,0,1,7.68586387434555,0.0,15.706806282722512
"2025-04-20 15:00:00","2025-04-20 16:00:00",UA,99,97,0,2,46.25252525252525,0.0,28.282828282828284
"2025-04-20 15:00:00","2025-04-20 16:00:00",WN,251,250,1,0,4.596,0.398406374501992,14.8
"2025-04-20 16:00:00","2025-04-20 17:00:00",AA,144,143,0,1,27.631944444444443,0.0,29.86111111111111
"2025-04-20 16:00:00","2025-04-20 17:00:00",DL,136,136,0,0,8.125,0.0,17.647058823529413
"2025-04-20 16:00:00","2025-04-20 17:00:00",UA,137,135,1,1,31.74264705882353,0.7299270072992701,23.529411764705884
"2025-04-20 16:00:00","2025-04-20 17:00:00",WN,222,222,0,0,6.788288288288288,0.0,13.513513513513514
"2025-04-20 17:00:00","2025-04-20 18:00:00",AA,158,158,0,0,18.481012658227847,0.0,30.379746835443036
"2025-04-20 17:00:00","2025-04-20 18:00:00",DL,182,182,0,0,11.18131868131868,0.0,19.23076923076923
"2025-04-20 17:00:00","2025-04-20 18:00:00",UA,131,129,1,1,17.56153846153846,0.7633587786259542,23.076923076923077
"2025-04-20 17:00:00","2025-04-20 18:00:00",WN,230,230,0,0,9.656521739130435,0.0,20.434782608695652
"2025-04-20 18:00:00","2025-04-20 19:00:00",AA,169,169,0,0,22.615384615384617,0.0,27.218934911242602
"2025-04-20 18:00:00","2025-04-20 19:00:00",DL,172,172,0,0,10.040697674418604,0.0,14.534883720930232
"2025-04-20 18:00:00","2025-04-20 19:00:00",UA,143,143,0,0,34.00699300699301,0.0,30.06993006993007
"2025-04-20 18:00:00","2025-04-20 19:00:00",WN,243,242,0,1,13.263374485596708,0.0,22.633744855967077
"2025-04-20 19:00:00","2025-04-20 20:00:00",AA,161,161,0,0,34.68944099378882,0.0,29.81366459627329
"2025-04-20 19:00:00","2025-04-20 20:00:00",DL,176,176,0,0,9.664772727272727,0.0,22.15909090909091
"2025-04-20 19:00:00","2025-04-20 20:00:00",UA,136,136,0,0,34.4485294117647,0.0,37.5
"2025-04-20 19:00:00","2025-04-20 20:00:00",WN,243,242,0,1,15.119341563786008,0.0,26.337448559670783
"2025-04-20 20:00:00","2025-04-20 21:00:00",AA,136,136,0,0,28.595588235294116,0.0,35.294117647058826
"2025-04-20 20:00:00","2025-04-20 21:00:00",DL,121,120,1,0,7.316666666666666,0.8264462809917356,21.666666666666668
"2025-04-20 20:00:00","2025-04-20 21:00:00",UA,86,85,1,0,65.41176470588235,1.1627906976744187,61.1764705882353
"2025-04-20 20:00:00","2025-04-20 21:00:00",WN,275,275,0,0,10.687272727272727,0.0,21.09090909090909
"2025-04-20 21:00:00","2025-04-20 22:00:00",AA,88,87,0,1,21.28409090909091,0.0,30.681818181818183
"2025-04-20 21:00:00","2025-04-20 22:00:00",DL,100,100,0,0,6.55,0.0,17.0
"2025-04-20 21:00:00","2025-04-20 22:00:00",UA,63,63,0,0,31.88888888888889,0.0,38.095238095238095
"2025-04-20 21:00:00","2025-04-20 22:00:00",WN,180,180,0,0,14.944444444444445,0.0,29.444444444444443
"2025-04-20 22:00:00","2025-04-20 23:00:00",AA,111,111,0,0,24.73873873873874,0.0,23.423423423423422
"2025-04-20 22:00:00","2025-04-20 23:00:00",DL,110,110,0,0,4.2,0.0,14.545454545454545
"2025-04-20 22:00:00","2025-04-20 23:00:00",UA,37,37,0,0,40.189189189189186,0.0,27.027027027027028
"2025-04-20 22:00:00","2025-04-20 23:00:00",WN,140,140,0,0,11.714285714285714,0.0,24.285714285714285
"2025-04-20 23:00:00","2025-04-21 00:00:00",AA,33,33,0,0,12.757575757575758,0.0,33.333333333333336
"2025-04-20 23:00:00","2025-04-21 00:00:00",DL,35,35,0,0,-0.22857142857142856,0.0,8.571428571428571
"2025-04-20 23:00:00","2025-04-21 00:00:00",UA,36,36,0,0,2.5555555555555554,0.0,11.11111111111111
"2025-04-20 23:00:00","2025-04-21 00:00:00",WN,7,7,0,0,0.8571428571428571,0.0,14.285714285714286
"2025-04-21 00:00:00","2025-04-21 01:00:00",AA,9,9,0,0,3.7777777777777777,0.0,22.22222222222222
"2025-04-21 00:00:00","2025-04-21 01:00:00",DL,8,8,0,0,-1.25,0.0,12.5
"2025-04-21 00:00:00","2025-04-21 01:00:00",UA,8,8,0,0,7.625,0.0,25.0
"2025-04-21 01:00:00","2025-04-21 02:00:00",AA,1,1,0,0,-4.0,0.0,0.0
"2025-04-21 01:00:00","2025-04-21 02:00:00",DL,2,2,0,0,-20.0,0.0,0.0
"2025-04-21 01:00:00","2025-04-21 02:00:00",UA,2,2,0,0,22.0,0.0,50.0
"2025-04-21 05:00:00","2025-04-21 06:00:00",AA,110,110,0,0,23.8,0.0,10.909090909090908
"2025-04-21 05:00:00","2025-04-21 06:00:00",DL,74,74,0,0,9.554054054054054,0.0,6.756756756756757
"2025-04-21 05:00:00","2025-04-21 06:00:00",UA,42,42,0,0,19.30952380952381,0.0,16.666666666666668
"2025-04-21 05:00:00","2025-04-21 06:00:00",WN,212,207,0,5,-1.1084905660377358,0.0,3.30188679245283
"2025-04-21 06:00:00","2025-04-21 07:00:00",AA,196,195,0,1,9.88265306122449,0.0,9.693877551020408
"2025-04-21 06:00:00","2025-04-21 07:00:00",DL,186,186,0,0,-0.8064516129032258,0.0,4.838709677419355
"2025-04-21 06:00:00","2025-04-21 07:00:00",UA,133,132,1,0,6.757575757575758,0.7518796992481203,11.363636363636363
"2025-04-21 06:00:00","2025-04-21 07:00:00",WN,278,271,0,7,0.36330935251798563,0.0,3.9568345323741005
"2025-04-21 07:00:00","2025-04-21 08:00:00",AA,228,228,0,0,8.43421052631579,0.0,10.964912280701755
"2025-04-21 07:00:00","2025-04-21 08:00:00",DL,242,242,0,0,0.4669421487603306,0.0,7.024793388429752
"2025-04-21 07:00:00","2025-04-21 08:00:00",UA,198,197,0,1,16.01010101010101,0.0,18.181818181818183
"2025-04-21 07:00:00","2025-04-21 08:00:00",WN,264,261,0,3,11.901515151515152,0.0,9.848484848484848
"2025-04-21 08:00:00","2025-04-21 09:00:00",AA,202,202,0,0,4.747524752475248,0.0,12.871287128712872
"2025-04-21 08:00:00","2025-04-21 09:00:00",DL,192,191,0,1,2.6197916666666665,0.0,8.333333333333334
"2025-04-21 08:00:00","2025-04-21 09:00:00",UA,162,162,0,0,9.555555555555555,0.0,14.197530864197532
"2025-04-21 08:00:00","2025-04-21 09:00:00",WN,240,239,1,0,17.748953974895397,0.4166666666666667,13.807531380753138
"2025-04-21 09:00:00","2025-04-21 10:00:00",AA,135,135,0,0,13.185185185185185,0.0,19.25925925925926
"2025-04-21 09:00:00","2025-04-21 10:00:00",DL,138,138,0,0,0.9565217391304348,0.0,8.695652173913043
"2025-04-21 09:00:00","2025-04-21 10:00:00",UA,140,140,0,0,16.635714285714286,0.0,25.714285714285715
"2025-04-21 09:00:00","2025-04-21 10:00:00",WN,237,237,0,0,17.421940928270043,0.0,15.611814345991561
"2025-04-21 10:00:00","2025-04-21 11:00:00",AA,153,153,0,0,9.836601307189543,0.0,20.915032679738562
"2025-04-21 10:00:00","2025-04-21 11:00:00",DL,159,159,0,0,1.5911949685534592,0.0,10.062893081761006
"2025-04-21 10:00:00","2025-04-21 11:00:00",UA,129,128,1,0,16.7265625,0.7751937984496124,27.34375
"2025-04-21 10:00:00","2025-04-21 11:00:00",WN,237,234,3,0,23.145299145299145,1.2658227848101267,20.512820512820515
"2025-04-21 11:00:00","2025-04-21 12:00:00",AA,168,168,0,0,12.327380952380953,0.0,22.023809523809526
"2025-04-21 11:00:00","2025-04-21 12:00:00",DL,213,212,1,0,4.367924528301887,0.4694835680751174,14.622641509433961
"2025-04-21 11:00:00","2025-04-21 12:00:00",UA,122,121,1,0,20.975206611570247,0.819672131147541,27.272727272727273
"2025-04-21 11:00:00","2025-04-21 12:00:00",WN,244,239,5,0,21.15899581589958,2.0491803278688523,21.757322175732217
"2025-04-21 12:00:00","2025-04-21 13:00:00",AA,148,148,0,0,11.108108108108109,0.0,23.64864864864865
"2025-04-21 12:00:00","2025-04-21 13:00:00",DL,187,187,0,0,8.925133689839573,0.0,15.508021390374331
"2025-04-21 12:00:00","2025-04-21 13:00:00",UA,120,120,0,0,25.291666666666668,0.0,30.833333333333332
"2025-04-21 12:00:00","2025-04-21 13:00:00",WN,234,228,5,1,23.213973799126638,2.1367521367521367,24.890829694323145
"2025-04-21 13:00:00","2025-04-21 14:00:00",AA,139,139,0,0,23.035971223021583,0.0,22.302158273381295
"2025-04-21 13:00:00","2025-04-21 14:00:00",DL,150,149,0,1,3.1733333333333333,0.0,8.666666666666666
"2025-04-21 13:00:00","2025-04-21 14:00:00",UA,118,118,0,0,11.330508474576272,0.0,18.64406779661017
"2025-04-21 13:00:00","2025-04-21 14:00:00",WN,245,245,0,0,22.910204081632653,0.0,26.93877551020408
"2025-04-21 14:00:00","2025-04-21 15:00:00",AA,150,150,0,0,10.613333333333333,0.0,26.0
"2025-04-21 14:00:00","2025-04-21 15:00:00",DL,155,154,0,1,11.329032258064515,0.0,17.419354838709676
"2025-04-21 14:00:00","2025-04-21 15:00:00",UA,125,125,0,0,22.528,0.0,30.4
"2025-04-21 14:00:00","2025-04-21 15:00:00",WN,227,227,0,0,27.303964757709252,0.0,30.837004405286343
"2025-04-21 15:00:00","2025-04-21 16:00:00",AA,143,143,0,0,20.09090909090909,0.0,33.56643356643357
"2025-04-21 15:00:00","2025-04-21 16:00:00",DL,189,189,0,0,10.962962962962964,0.0,15.873015873015873
"2025-04-21 15:00:00","2025-04-21 16:00:00",UA,100,99,0,1,18.27,0.0,22.0
"2025-04-21 15:00:00","2025-04-21 16:00:00",WN,224,224,0,0,26.696428571428573,0.0,33.92857142857143
"2025-04-21 16:00:00","2025-04-21 17:00:00",AA,143,142,0,1,23.734265734265733,0.0,30.06993006993007
"2025-04-21 16:00:00","2025-04-21 17:00:00",DL,141,141,0,0,9.574468085106384,0.0,18.43971631205674
"2025-04-21 16:00:00","2025-04-21 17:00:00",UA,137,137,0,0,18.905109489051096,0.0,27.00729927007299
"2025-04-21 16:00:00","2025-04-21 17:00:00",WN,225,225,0,0,32.23555555555556,0.0,39.55555555555556
"2025-04-21 17:00:00","2025-04-21 18:00:00",AA,163,163,0,0,16.766871165644172,0.0,25.153374233128833
"2025-04-21 17:00:00","2025-04-21 18:00:00",DL,186,186,0,0,6.440860215053763,0.0,15.591397849462366
"2025-04-21 17:00:00","2025-04-21 18:00:00",UA,131,131,0,0,16.47328244274809,0.0,24.427480916030536
"2025-04-21 17:00:00","2025-04-21 18:00:00",WN,243,242,1,0,28.826446280991735,0.411522633744856,39.66942148760331
"2025-04-21 18:00:00","2025-04-21 19:00:00",AA,159,158,0,1,25.559748427672957,0.0,32.075471698113205
"2025-04-21 18:00:00","2025-04-21 19:00:00",DL,174,174,0,0,8.850574712643677,0.0,22.988505747126435
"2025-04-21 18:00:00","2025-04-21 19:00:00",UA,130,129,1,0,29.124031007751938,0.7692307692307693,30.232558139534884
"2025-04-21 18:00:00","2025-04-21 19:00:00",WN,264,263,1,0,24.79087452471483,0.3787878787878788,35.741444866920155
"2025-04-21 19:00:00","2025-04-21 20:00:00",AA,161,161,0,0,14.521739130434783,0.0,31.055900621118013
"2025-04-21 19:00:00","2025-04-21 20:00:00",DL,175,175,0,0,13.742857142857142,0.0,24.571428571428573
"2025-04-21 19:00:00","2025-04-21 20:00:00",UA,136,136,0,0,15.375,0.0,29.41176470588235
"2025-04-21 19:00:00","2025-04-21 20:00:00",WN,253,252,1,0,27.567460317460316,0.3952569169960474,35.317460317460316
"2025-04-21 20:00:00","2025-04-21 21:00:00",AA,134,134,0,0,17.02238805970149,0.0,26.865671641791046
"2025-04-21 20:00:00","2025-04-21 21:00:00",DL,120,120,0,0,8.508333333333333,0.0,20.0
"2025-04-21 20:00:00","2025-04-21 21:00:00",UA,81,81,0,0,24.11111111111111,0.0,38.27160493827161
"2025-04-21 20:00:00","2025-04-21 21:00:00",WN,199,199,0,0,25.190954773869347,0.0,34.67336683417086
"2025-04-21 21:00:00","2025-04-21 22:00:00",AA,87,87,0,0,18.471264367816094,0.0,27.586206896551722
"2025-04-21 21:00:00","2025-04-21 22:00:00",DL,104,104,0,0,8.163461538461538,0.0,24.03846153846154
"2025-04-21 21:00:00","2025-04-21 22:00:00",UA,55,55,0,0,6.654545454545454,0.0,21.818181818181817
"2025-04-21 21:00:00","2025-04-21 22:00:00",WN,192,192,0,0,21.489583333333332,0.0,39.0625
"2025-04-21 22:00:00","2025-04-21 23:00:00",AA,116,116,0,0,12.577586206896552,0.0,21.551724137931036
"2025-04-21 22:00:00","2025-04-21 23:00:00",DL,114,114,0,0,5.2105263157894735,0.0,17.54385964912281
"2025-04-21 22:00:00","2025-04-21 23:00:00",UA,33,33,0,0,3.1515151515151514,0.0,15.151515151515152
"2025-04-21 22:00:00","2025-04-21 23:00:00",WN,16,16,0,0,9.0625,0.0,31.25
"2025-04-21 23:00:00","2025-04-22 00:00:00",AA,32,32,0,0,2.53125,0.0,9.375
"2025-04-21 23:00:00","2025-04-22 00:00:00",DL,33,33,0,0,6.151515151515151,0.0,21.21212121212121
"2025-04-21 23:00:00","2025-04-22 00:00:00",UA,28,28,0,0,3.142857142857143,0.0,7.142857142857143
"2025-04-21 23:00:00","2025-04-22 00:00:00",WN,6,6,0,0,-1.5,0.0,0.0
"2025-04-22 00:00:00","2025-04-22 01:00:00",AA,9,9,0,0,1.0,0.0,11.11111111111111
"2025-04-22 00:00:00","2025-04-22 01:00:00",DL,8,8,0,0,-3.75,0.0,12.5
"2025-04-22 00:00:00","2025-04-22 01:00:00",UA,8,8,0,0,1.25,0.0,12.5
"2025-04-22 01:00:00","2025-04-22 02:00:00",AA,1,1,0,0,2.0,0.0,0.0
"2025-04-22 01:00:00","2025-04-22 02:00:00",DL,2,2,0,0,11.5,0.0,50.0
"2025-04-22 01:00:00","2025-04-22 02:00:00",UA,1,1,0,0,22.0,0.0,100.0
"2025-04-22 05:00:00","2025-04-22 06:00:00",AA,104,104,0,0,27.201923076923077,0.0,8.653846153846153
"2025-04-22 05:00:00","2025-04-22 06:00:00",DL,76,76,0,0,-5.473684210526316,0.0,1.3157894736842106
"2025-04-22 05:00:00","2025-04-22 06:00:00",UA,38,38,0,0,-3.210526315789474,0.0,2.6315789473684212
"2025-04-22 05:00:00","2025-04-22 06:00:00",WN,89,89,0,0,-3.2808988764044944,0.0,0.0
"2025-04-22 06:00:00","2025-04-22 07:00:00",AA,189,189,0,0,6.174603174603175,0.0,3.7037037037037037
"2025-04-22 06:00:00","2025-04-22 07:00:00",DL,189,189,0,0,-2.2857142857142856,0.0,4.232804232804233
"2025-04-22 06:00:00","2025-04-22 07:00:00",UA,126,126,0,0,0.3412698412698413,0.0,7.936507936507937
"2025-04-22 06:00:00","2025-04-22 07:00:00",WN,292,292,0,0,-1.75,0.0,2.73972602739726
"2025-04-22 07:00:00","2025-04-22 08:00:00",AA,211,211,0,0,2.5308056872037916,0.0,8.056872037914692
"2025-04-22 07:00:00","2025-04-22 08:00:00",DL,238,238,0,0,-0.7563025210084033,0.0,4.621848739495798
"2025-04-22 07:00:00","2025-04-22 08:00:00",UA,190,189,0,1,-1.6894736842105262,0.0,6.842105263157895
"2025-04-22 07:00:00","2025-04-22 08:00:00",WN,225,225,0,0,-2.551111111111111,0.0,1.3333333333333333
"2025-04-22 08:00:00","2025-04-22 09:00:00",AA,193,193,0,0,17.70984455958549,0.0,12.435233160621761
"2025-04-22 08:00:00","2025-04-22 09:00:00",DL,192,192,0,0,-0.4895833333333333,0.0,5.729166666666667
"2025-04-22 08:00:00","2025-04-22 09:00:00",UA,157,157,0,0,-2.5605095541401273,0.0,4.45859872611465
"2025-04-22 08:00:00","2025-04-22 09:00:00",WN,290,290,0,0,-0.8,0.0,2.413793103448276
"2025-04-22 09:00:00","2025-04-22 10:00:00",AA,141,141,0,0,5.609929078014185,0.0,12.76595744680851
"2025-04-22 09:00:00","2025-04-22 10:00:00",DL,139,139,0,0,-0.20863309352517986,0.0,7.194244604316546
"2025-04-22 09:00:00","2025-04-22 10:00:00",UA,141,141,0,0,5.829787234042553,0.0,9.929078014184396
"2025-04-22 09:00:00","2025-04-22 10:00:00",WN,194,194,0,0,2.747422680412371,0.0,9.278350515463918
"2025-04-22 10:00:00","2025-04-22 11:00:00",AA,150,150,0,0,6.066666666666666,0.0,17.333333333333332
"2025-04-22 10:00:00","2025-04-22 11:00:00",DL,157,157,0,0,0.012738853503184714,0.0,8.280254777070065
"2025-04-22 10:00:00","2025-04-22 11:00:00",UA,128,128,0,0,0.25,0.0,10.15625
"2025-04-22 10:00:00","2025-04-22 11:00:00",WN,256,256,0,0,1.765625,0.0,6.640625
"2025-04-22 11:00:00","2025-04-22 12:00:00",AA,158,158,0,0,1.5822784810126582,0.0,10.759493670886076
"2025-04-22 11:00:00","2025-04-22 12:00:00",DL,211,211,0,0,-0.981042654028436,0.0,5.687203791469194
"2025-04-22 11:00:00","2025-04-22 12:00:00",UA,119,119,0,0,1.411764705882353,0.0,10.084033613445378
"2025-04-22 11:00:00","2025-04-22 12:00:00",WN,221,220,1,0,4.677272727272728,0.45248868778280543,9.545454545454545
"2025-04-22 12:00:00","2025-04-22 13:00:00",AA,142,142,0,0,5.880281690140845,0.0,9.859154929577464
"2025-04-22 12:00:00","2025-04-22 13:00:00",DL,182,182,0,0,-0.9065934065934066,0.0,5.4945054945054945
"2025-04-22 12:00:00","2025-04-22 13:00:00",UA,119,119,0,0,1.3361344537815125,0.0,8.403361344537815
"2025-04-22 12:00:00","2025-04-22 13:00:00",WN,217,217,0,0,3.175115207373272,0.0,9.67741935483871
"2025-04-22 13:00:00","2025-04-22 14:00:00",AA,143,143,0,0,5.384615384615385,0.0,14.685314685314685
"2025-04-22 13:00:00","2025-04-22 14:00:00",DL,142,142,0,0,-1.1267605633802817,0.0,5.633802816901408
"2025-04-22 13:00:00","2025-04-22 14:00:00",UA,119,119,0,0,6.680672268907563,0.0,13.445378151260504
"2025-04-22 13:00:00","2025-04-22 14:00:00",WN,235,235,0,0,3.595744680851064,0.0,11.48936170212766
"2025-04-22 14:00:00","2025-04-22 15:00:00",AA,143,143,0,0,9.636363636363637,0.0,13.986013986013987
"2025-04-22 14:00:00","2025-04-22 15:00:00",DL,150,150,0,0,0.62,0.0,8.666666666666666
"2025-04-22 14:00:00","2025-04-22 15:00:00",UA,125,125,0,0,2.752,0.0,8.8
"2025-04-22 14:00:00","2025-04-22 15:00:00",WN,220,219,0,1,2.172727272727273,0.0,10.0
"2025-04-22 15:00:00","2025-04-22 16:00:00",AA,136,136,0,0,3.161764705882353,0.0,8.088235294117647
"2025-04-22 15:00:00","2025-04-22 16:00:00",DL,182,182,0,0,0.47802197802197804,0.0,8.791208791208792
"2025-04-22 15:00:00","2025-04-22 16:00:00",UA,95,95,0,0,5.526315789473684,0.0,10.526315789473685
"2025-04-22 15:00:00","2025-04-22 16:00:00",WN,221,221,0,0,5.343891402714932,0.0,14.027149321266968
"2025-04-22 16:00:00","2025-04-22 17:00:00",AA,136,136,0,0,19.301470588235293,0.0,22.058823529411764
"2025-04-22 16:00:00","2025-04-22 17:00:00",DL,127,126,0,1,2.377952755905512,0.0,9.448818897637794
"2025-04-22 16:00:00","2025-04-22 17:00:00",UA,138,138,0,0,5.449275362318841,0.0,10.144927536231885
"2025-04-22 16:00:00","2025-04-22 17:00:00",WN,223,222,1,0,3.581081081081081,0.4484304932735426,11.26126126126126
"2025-04-22 17:00:00","2025-04-22 18:00:00",AA,152,152,0,0,4.506578947368421,0.0,15.131578947368421
"2025-04-22 17:00:00","2025-04-22 18:00:00",DL,175,175,0,0,-0.17142857142857143,0.0,9.714285714285714
"2025-04-22 17:00:00","2025-04-22 18:00:00",UA,124,124,0,0,2.774193548387097,0.0,9.67741935483871
"2025-04-22 17:00:00","2025-04-22 18:00:00",WN,244,244,0,0,5.319672131147541,0.0,16.39344262295082
"2025-04-22 18:00:00","2025-04-22 19:00:00",AA,159,159,0,0,12.213836477987421,0.0,22.641509433962263
"2025-04-22 18:00:00","2025-04-22 19:00:00",DL,162,162,0,0,5.265432098765432,0.0,13.580246913580247
"2025-04-22 18:00:00","2025-04-22 19:00:00",UA,117,117,0,0,6.700854700854701,0.0,15.384615384615385
"2025-04-22 18:00:00","2025-04-22 19:00:00",WN,249,249,0,0,2.7590361445783134,0.0,12.048192771084338
"2025-04-22 19:00:00","2025-04-22 20:00:00",AA,151,150,0,1,9.940397350993377,0.0,17.880794701986755
"2025-04-22 19:00:00","2025-04-22 20:00:00",DL,128,128,0,0,-0.703125,0.0,9.375
"2025-04-22 19:00:00","2025-04-22 20:00:00",UA,127,127,0,0,0.7716535433070866,0.0,11.811023622047244
"2025-04-22 19:00:00","2025-04-22 20:00:00",WN,245,245,0,0,3.2775510204081635,0.0,13.877551020408163
"2025-04-22 20:00:00","2025-04-22 21:00:00",AA,131,130,0,1,8.694656488549619,0.0,19.083969465648856
"2025-04-22 20:00:00","2025-04-22 21:00:00",DL,96,96,0,0,5.15625,0.0,15.625
"2025-04-22 20:00:00","2025-04-22 21:00:00",UA,76,76,0,0,2.486842105263158,0.0,14.473684210526315
"2025-04-22 20:00:00","2025-04-22 21:00:00",WN,186,186,0,0,0.9838709677419355,0.0,8.064516129032258
"2025-04-22 21:00:00","2025-04-22 22:00:00",AA,82,82,0,0,3.9634146341463414,0.0,12.195121951219512
"2025-04-22 21:00:00","2025-04-22 22:00:00",DL,80,80,0,0,1.875,0.0,8.75
"2025-04-22 21:00:00","2025-04-22 22:00:00",UA,36,36,0,0,-2.3055555555555554,0.0,5.555555555555555
"2025-04-22 21:00:00","2025-04-22 22:00:00",WN,95,95,0,0,0.9052631578947369,0.0,6.315789473684211
"2025-04-22 22:00:00","2025-04-22 23:00:00",AA,101,101,0,0,3.7524752475247523,0.0,9.900990099009901
"2025-04-22 22:00:00","2025-04-22 23:00:00",DL,103,103,0,0,1.0485436893203883,0.0,8.737864077669903
"2025-04-22 22:00:00","2025-04-22 23:00:00",UA,33,33,0,0,-3.787878787878788,0.0,6.0606060606060606
"2025-04-22 22:00:00","2025-04-22 23:00:00",WN,6,6,0,0,-1.6666666666666667,0.0,0.0
"2025-04-22 23:00:00","2025-04-23 00:00:00",AA,29,27,0,2,16.586206896551722,0.0,13.793103448275861
"2025-04-22 23:00:00","2025-04-23 00:00:00",DL,29,29,0,0,-3.2758620689655173,0.0,3.4482758620689653
"2025-04-22 23:00:00","2025-04-23 00:00:00",UA,31,31,0,0,3.4193548387096775,0.0,6.451612903225806
"2025-04-22 23:00:00","2025-04-23 00:00:00",WN,6,6,0,0,-1.0,0.0,0.0
"2025-04-23 00:00:00","2025-04-23 01:00:00",AA,7,6,0,1,-3.142857142857143,0.0,0.0
"2025-04-23 00:00:00","2025-04-23 01:00:00",DL,4,4,0,0,3.0,0.0,25.0
"2025-04-23 00:00:00","2025-04-23 01:00:00",UA,7,7,0,0,-3.5714285714285716,0.0,0.0
"2025-04-23 01:00:00","2025-04-23 02:00:00",AA,1,1,0,0,-13.0,0.0,0.0
"2025-04-23 01:00:00","2025-04-23 02:00:00",DL,2,2,0,0,-7.0,0.0,0.0
"2025-04-23 01:00:00","2025-04-23 02:00:00",UA,1,1,0,0,-4.0,0.0,0.0
"2025-04-23 05:00:00","2025-04-23 06:00:00",AA,109,104,0,5,14.330275229357799,0.0,20.18348623853211
"2025-04-23 05:00:00","2025-04-23 06:00:00",DL,74,74,0,0,8.202702702702704,0.0,9.45945945945946
"2025-04-23 05:00:00","2025-04-23 06:00:00",UA,37,37,0,0,-1.8918918918918919,0.0,5.405405405405405
"2025-04-23 05:00:00","2025-04-23 06:00:00",WN,91,90,0,1,2.5604395604395602,0.0,9.89010989010989
"2025-04-23 06:00:00","2025-04-23 07:00:00",AA,195,194,0,1,22.25128205128205,0.0,27.17948717948718
"2025-04-23 06:00:00","2025-04-23 07:00:00",DL,187,187,0,0,0.946524064171123,0.0,4.81283422459893
"2025-04-23 06:00:00","2025-04-23 07:00:00",UA,126,126,0,0,-1.1746031746031746,0.0,4.761904761904762
"2025-04-23 06:00:00","2025-04-23 07:00:00",WN,290,289,0,1,5.7620689655172415,0.0,11.724137931034482
"2025-04-23 07:00:00","2025-04-23 08:00:00",AA,221,221,0,0,19.20361990950226,0.0,26.244343891402714
"2025-04-23 07:00:00","2025-04-23 08:00:00",DL,239,239,0,0,-0.9539748953974896,0.0,5.439330543933054
"2025-04-23 07:00:00","2025-04-23 08:00:00",UA,190,190,0,0,3.6,0.0,10.0
"2025-04-23 07:00:00","2025-04-23 08:00:00",WN,224,224,0,0,4.1875,0.0,11.160714285714286
"2025-04-23 08:00:00","2025-04-23 09:00:00",AA,199,199,0,0,29.522613065326635,0.0,25.628140703517587
"2025-04-23 08:00:00","2025-04-23 09:00:00",DL,190,190,0,0,1.0368421052631578,0.0,6.842105263157895
"2025-04-23 08:00:00","2025-04-23 09:00:00",UA,158,158,0,0,1.1898734177215189,0.0,8.860759493670885
"2025-04-23 08:00:00","2025-04-23 09:00:00",WN,290,290,0,0,4.862068965517241,0.0,10.0
"2025-04-23 09:00:00","2025-04-23 10:00:00",AA,135,135,0,0,19.348148148148148,0.0,27.40740740740741
"2025-04-23 09:00:00","2025-04-23 10:00:00",DL,140,140,0,0,0.5071428571428571,0.0,7.142857142857143
"2025-04-23 09:00:00","2025-04-23 10:00:00",UA,142,142,0,0,4.929577464788732,0.0,13.380281690140846
"2025-04-23 09:00:00","2025-04-23 10:00:00",WN,193,193,0,0,10.958549222797927,0.0,22.27979274611399
"2025-04-23 10:00:00","2025-04-23 11:00:00",AA,155,154,0,1,48.04516129032258,0.0,41.935483870967744
"2025-04-23 10:00:00","2025-04-23 11:00:00",DL,158,158,0,0,-0.11392405063291139,0.0,8.227848101265822
"2025-04-23 10:00:00","2025-04-23 11:00:00",UA,130,130,0,0,10.038461538461538,0.0,13.076923076923077
"2025-04-23 10:00:00","2025-04-23 11:00:00",WN,253,253,0,0,10.292490118577074,0.0,22.134387351778656
"2025-04-23 11:00:00","2025-04-23 12:00:00",AA,162,162,0,0,28.95679012345679,0.0,32.098765432098766
"2025-04-23 11:00:00","2025-04-23 12:00:00",DL,217,217,0,0,4.345622119815668,0.0,13.824884792626728
"2025-04-23 11:00:00","2025-04-23 12:00:00",UA,122,122,0,0,3.1721311475409837,0.0,12.295081967213115
"2025-04-23 11:00:00","2025-04-23 12:00:00",WN,224,224,0,0,15.263392857142858,0.0,29.910714285714285
"2025-04-23 12:00:00","2025-04-23 13:00:00",AA,144,144,0,0,37.798611111111114,0.0,39.583333333333336
"2025-04-23 12:00:00","2025-04-23 13:00:00",DL,179,179,0,0,4.893854748603352,0.0,9.497206703910615
"2025-04-23 12:00:00","2025-04-23 13:00:00",UA,119,118,1,0,8.364406779661017,0.8403361344537815,16.949152542372882
"2025-04-23 12:00:00","2025-04-23 13:00:00",WN,215,213,0,2,11.586046511627908,0.0,25.58139534883721
"2025-04-23 13:00:00","2025-04-23 14:00:00",AA,146,146,0,0,17.21917808219178,0.0,30.136986301369863
"2025-04-23 13:00:00","2025-04-23 14:00:00",DL,154,154,0,0,2.051948051948052,0.0,12.987012987012987
"2025-04-23 13:00:00","2025-04-23 14:00:00",UA,127,127,0,0,1.669291338582677,0.0,10.236220472440944
"2025-04-23 13:00:00","2025-04-23 14:00:00",WN,242,240,1,1,14.219917012448132,0.4132231404958678,28.630705394190873
"2025-04-23 14:00:00","2025-04-23 15:00:00",AA,146,146,0,0,28.13013698630137,0.0,36.3013698630137
"2025-04-23 14:00:00","2025-04-23 15:00:00",DL,150,150,0,0,2.6333333333333333,0.0,12.666666666666666
"2025-04-23 14:00:00","2025-04-23 15:00:00",UA,125,125,0,0,5.72,0.0,16.0
"2025-04-23 14:00:00","2025-04-23 15:00:00",WN,218,216,2,0,19.324074074074073,0.9174311926605505,35.648148148148145
"2025-04-23 15:00:00","2025-04-23 16:00:00",AA,136,136,0,0,25.522058823529413,0.0,31.61764705882353
"2025-04-23 15:00:00","2025-04-23 16:00:00",DL,179,179,0,0,7.240223463687151,0.0,11.1731843575419
"2025-04-23 15:00:00","2025-04-23 16:00:00",UA,95,95,0,0,3.5894736842105264,0.0,11.578947368421053
"2025-04-23 15:00:00","2025-04-23 16:00:00",WN,217,216,0,1,17.903225806451612,0.0,37.327188940092164
"2025-04-23 16:00:00","2025-04-23 17:00:00",AA,149,149,0,0,20.798657718120804,0.0,30.87248322147651
"2025-04-23 16:00:00","2025-04-23 17:00:00",DL,128,128,0,0,8.203125,0.0,13.28125
"2025-04-23 16:00:00","2025-04-23 17:00:00",UA,143,143,0,0,10.342657342657343,0.0,20.97902097902098
"2025-04-23 16:00:00","2025-04-23 17:00:00",WN,226,226,0,0,14.4070796460177,0.0,30.97345132743363
"2025-04-23 17:00:00","2025-04-23 18:00:00",AA,154,154,0,0,19.896103896103895,0.0,31.818181818181817
"2025-04-23 17:00:00","2025-04-23 18:00:00",DL,176,176,0,0,5.653409090909091,0.0,17.045454545454547
"2025-04-23 17:00:00","2025-04-23 18:00:00",UA,127,127,0,0,15.653543307086615,0.0,18.89763779527559
"2025-04-23 17:00:00","2025-04-23 18:00:00",WN,242,242,0,0,17.59504132231405,0.0,31.818181818181817
"2025-04-23 18:00:00","2025-04-23 19:00:00",AA,164,164,0,0,25.067073170731707,0.0,35.97560975609756
"2025-04-23 18:00:00","2025-04-23 19:00:00",DL,168,168,0,0,6.380952380952381,0.0,19.642857142857142
"2025-04-23 18:00:00","2025-04-23 19:00:00",UA,137,137,0,0,8.116788321167883,0.0,18.978102189781023
"2025-04-23 18:00:00","2025-04-23 19:00:00",WN,253,252,1,0,22.154761904761905,0.3952569169960474,40.07936507936508
"2025-04-23 19:00:00","2025-04-23 20:00:00",AA,152,152,0,0,25.94078947368421,0.0,38.1578947368421
"2025-04-23 19:00:00","2025-04-23 20:00:00",DL,127,127,0,0,3.62992125984252,0.0,14.960629921259843
"2025-04-23 19:00:00","2025-04-23 20:00:00",UA,136,136,0,0,6.705882352941177,0.0,19.11764705882353
"2025-04-23 19:00:00","2025-04-23 20:00:00",WN,239,239,0,0,14.317991631799163,0.0,31.380753138075313
"2025-04-23 20:00:00","2025-04-23 21:00:00",AA,128,128,0,0,12.421875,0.0,28.125
"2025-04-23 20:00:00","2025-04-23 21:00:00",DL,95,95,0,0,9.873684210526315,0.0,24.210526315789473
"2025-04-23 20:00:00","2025-04-23 21:00:00",UA,81,81,0,0,14.382716049382717,0.0,27.160493827160494
"2025-04-23 20:00:00","2025-04-23 21:00:00",WN,186,186,0,0,14.446236559139784,0.0,29.56989247311828
"2025-04-23 21:00:00","2025-04-23 22:00:00",AA,86,86,0,0,14.395348837209303,0.0,29.069767441860463
"2025-04-23 21:00:00","2025-04-23 22:00:00",DL,81,81,0,0,2.4444444444444446,0.0,14.814814814814815
"2025-04-23 21:00:00","2025-04-23 22:00:00",UA,54,54,0,0,4.2407407407407405,0.0,14.814814814814815
"2025-04-23 21:00:00","2025-04-23 22:00:00",WN,94,94,0,0,16.24468085106383,0.0,35.1063829787234
"2025-04-23 22:00:00","2025-04-23 23:00:00",AA,108,108,0,0,9.583333333333334,0.0,23.14814814814815
"2025-04-23 22:00:00","2025-04-23 23:00:00",DL,105,105,0,0,6.59047619047619,0.0,12.380952380952381
"2025-04-23 22:00:00","2025-04-23 23:00:00",UA,36,36,0,0,0.05555555555555555,0.0,5.555555555555555
"2025-04-23 22:00:00","2025-04-23 23:00:00",WN,7,7,0,0,2.2857142857142856,0.0,14.285714285714286
"2025-04-23 23:00:00","2025-04-24 00:00:00",AA,31,31,0,0,5.935483870967742,0.0,16.129032258064516
"2025-04-23 23:00:00","2025-04-24 00:00:00",DL,27,27,0,0,-0.14814814814814814,0.0,3.7037037037037037
"2025-04-23 23:00:00","2025-04-24 00:00:00",UA,34,34,0,0,-0.6764705882352942,0.0,11.764705882352942
"2025-04-23 23:00:00","2025-04-24 00:00:00",WN,6,6,0,0,-2.6666666666666665,0.0,0.0
"2025-04-24 00:00:00","2025-04-24 01:00:00",AA,8,8,0,0,-0.5,0.0,12.5
"2025-04-24 00:00:00","2025-04-24 01:00:00",DL,5,5,0,0,6.4,0.0,20.0
"2025-04-24 00:00:00","2025-04-24 01:00:00",UA,7,7,0,0,7.285714285714286,0.0,28.571428571428573
"2025-04-24 01:00:00","2025-04-24 02:00:00",AA,1,1,0,0,-7.0,0.0,0.0
"2025-04-24 01:00:00","2025-04-24 02:00:00",DL,2,2,0,0,-11.5,0.0,0.0
"2025-04-24 01:00:00","2025-04-24 02:00:00",UA,1,1,0,0,-2.0,0.0,0.0
"2025-04-24 05:00:00","2025-04-24 06:00:00",AA,111,109,0,2,9.783783783783784,0.0,16.216216216216218
"2025-04-24 05:00:00","2025-04-24 06:00:00",DL,74,74,0,0,-1.445945945945946,0.0,4.054054054054054
"2025-04-24 05:00:00","2025-04-24 06:00:00",UA,43,43,0,0,-4.162790697674419,0.0,4.651162790697675
"2025-04-24 05:00:00","2025-04-24 06:00:00",WN,204,203,0,1,0.1568627450980392,0.0,2.9411764705882355
"2025-04-24 06:00:00","2025-04-24 07:00:00",AA,195,188,5,2,16.81578947368421,2.5641025641025643,17.894736842105264
"2025-04-24 06:00:00","2025-04-24 07:00:00",DL,188,188,0,0,-2.867021276595745,0.0,4.787234042553192
"2025-04-24 06:00:00","2025-04-24 07:00:00",UA,131,131,0,0,-4.572519083969466,0.0,2.2900763358778624
"2025-04-24 06:00:00","2025-04-24 07:00:00",WN,281,278,3,0,-0.9532374100719424,1.0676156583629892,5.39568345323741
"2025-04-24 07:00:00","2025-04-24 08:00:00",AA,227,213,14,0,7.610328638497653,6.167400881057269,14.553990610328638
"2025-04-24 07:00:00","2025-04-24 08:00:00",DL,241,239,1,1,0.5041666666666667,0.4149377593360996,4.583333333333333
"2025-04-24 07:00:00","2025-04-24 08:00:00",UA,198,198,0,0,1.621212121212121,0.0,10.1010101010101
"2025-04-24 07:00:00","2025-04-24 08:00:00",WN,266,262,1,3,1.3622641509433961,0.37593984962406013,4.150943396226415
"2025-04-24 08:00:00","2025-04-24 09:00:00",AA,202,187,14,1,16.627659574468087,6.930693069306931,17.5531914893617
"2025-04-24 08:00:00","2025-04-24 09:00:00",DL,197,197,0,0,1.0,0.0,5.0761421319796955
"2025-04-24 08:00:00","2025-04-24 09:00:00",UA,162,162,0,0,1.0246913580246915,0.0,8.641975308641975
"2025-04-24 08:00:00","2025-04-24 09:00:00",WN,237,234,3,0,4.786324786324786,1.2658227848101267,10.683760683760683
"2025-04-24 09:00:00","2025-04-24 10:00:00",AA,131,120,11,0,18.616666666666667,8.396946564885496,30.0
"2025-04-24 09:00:00","2025-04-24 10:00:00",DL,129,129,0,0,2.5426356589147288,0.0,10.077519379844961
"2025-04-24 09:00:00","2025-04-24 10:00:00",UA,134,134,0,0,10.365671641791044,0.0,17.91044776119403
"2025-04-24 09:00:00","2025-04-24 10:00:00",WN,231,226,5,0,5.575221238938053,2.1645021645021645,14.601769911504425
"2025-04-24 10:00:00","2025-04-24 11:00:00",AA,159,145,14,0,23.572413793103447,8.80503144654088,28.96551724137931
"2025-04-24 10:00:00","2025-04-24 11:00:00",DL,163,163,0,0,16.94478527607362,0.0,13.496932515337424
"2025-04-24 10:00:00","2025-04-24 11:00:00",UA,130,130,0,0,2.9,0.0,11.538461538461538
"2025-04-24 10:00:00","2025-04-24 11:00:00",WN,239,235,4,0,8.617021276595745,1.6736401673640167,20.425531914893618
"2025-04-24 11:00:00","2025-04-24 12:00:00",AA,165,155,10,0,35.748387096774195,6.0606060606060606,34.193548387096776
"2025-04-24 11:00:00","2025-04-24 12:00:00",DL,214,213,1,0,4.657276995305164,0.4672897196261682,11.737089201877934
"2025-04-24 11:00:00","2025-04-24 12:00:00",UA,124,124,0,0,8.435483870967742,0.0,18.548387096774192
"2025-04-24 11:00:00","2025-04-24 12:00:00",WN,242,237,5,0,14.122362869198312,2.0661157024793386,23.628691983122362
"2025-04-24 12:00:00","2025-04-24 13:00:00",AA,147,134,13,0,41.985074626865675,8.843537414965986,41.791044776119406
"2025-04-24 12:00:00","2025-04-24 13:00:00",DL,183,183,0,0,2.3442622950819674,0.0,9.289617486338798
"2025-04-24 12:00:00","2025-04-24 13:00:00",UA,122,122,0,0,8.01639344262295,0.0,12.295081967213115
"2025-04-24 12:00:00","2025-04-24 13:00:00",WN,235,228,6,1,14.091703056768559,2.5531914893617023,26.637554585152838
"2025-04-24 13:00:00","2025-04-24 14:00:00",AA,146,138,7,1,25.52517985611511,4.794520547945205,35.25179856115108
"2025-04-24 13:00:00","2025-04-24 14:00:00",DL,154,153,0,1,6.058441558441558,0.0,14.285714285714286
"2025-04-24 13:00:00","2025-04-24 14:00:00",UA,126,123,0,3,29.293650793650794,0.0,21.428571428571427
"2025-04-24 13:00:00","2025-04-24 14:00:00",WN,246,241,2,3,18.077868852459016,0.8130081300813008,30.737704918032787
"2025-04-24 14:00:00","2025-04-24 15:00:00",AA,146,135,11,0,28.42222222222222,7.534246575342466,34.81481481481482
"2025-04-24 14:00:00","2025-04-24 15:00:00",DL,151,149,0,2,18.781456953642383,0.0,14.56953642384106
"2025-04-24 14:00:00","2025-04-24 15:00:00",UA,128,124,0,4,20.765625,0.0,25.78125
"2025-04-24 14:00:00","2025-04-24 15:00:00",WN,224,222,0,2,27.620535714285715,0.0,34.82142857142857
"2025-04-24 15:00:00","2025-04-24 16:00:00",AA,140,135,5,0,31.68148148148148,3.5714285714285716,41.48148148148148
"2025-04-24 15:00:00","2025-04-24 16:00:00",DL,190,189,0,1,14.08421052631579,0.0,15.263157894736842
"2025-04-24 15:00:00","2025-04-24 16:00:00",UA,96,90,0,6,32.364583333333336,0.0,29.166666666666668
"2025-04-24 15:00:00","2025-04-24 16:00:00",WN,227,225,1,1,33.57079646017699,0.44052863436123346,43.80530973451327
"2025-04-24 16:00:00","2025-04-24 17:00:00",AA,147,140,7,0,36.45,4.761904761904762,45.0
"2025-04-24 16:00:00","2025-04-24 17:00:00",DL,140,139,1,0,19.223021582733814,0.7142857142857143,20.863309352517987
"2025-04-24 16:00:00","2025-04-24 17:00:00",UA,142,137,0,5,30.746478873239436,0.0,28.169014084507044
"2025-04-24 16:00:00","2025-04-24 17:00:00",WN,227,224,1,2,29.98230088495575,0.44052863436123346,46.017699115044245
"2025-04-24 17:00:00","2025-04-24 18:00:00",AA,159,152,7,0,35.64473684210526,4.40251572327044,38.1578947368421
"2025-04-24 17:00:00","2025-04-24 18:00:00",DL,185,185,0,0,13.762162162162163,0.0,25.405405405405407
"2025-04-24 17:00:00","2025-04-24 18:00:00",UA,132,129,0,3,44.43939393939394,0.0,40.90909090909091
"2025-04-24 17:00:00","2025-04-24 18:00:00",WN,243,242,1,0,41.739669421487605,0.411522633744856,52.06611570247934
"2025-04-24 18:00:00","2025-04-24 19:00:00",AA,170,164,6,0,33.34146341463415,3.5294117647058822,45.73170731707317
"2025-04-24 18:00:00","2025-04-24 19:00:00",DL,171,171,0,0,19.871345029239766,0.0,28.65497076023392
"2025-04-24 18:00:00","2025-04-24 19:00:00",UA,138,137,0,1,28.630434782608695,0.0,36.95652173913044
"2025-04-24 18:00:00","2025-04-24 19:00:00",WN,259,256,3,0,37.265625,1.1583011583011582,51.953125
"2025-04-24 19:00:00","2025-04-24 20:00:00",AA,154,144,10,0,42.0625,6.4935064935064934,45.138888888888886
"2025-04-24 19:00:00","2025-04-24 20:00:00",DL,173,172,0,1,18.387283236994218,0.0,31.213872832369944
"2025-04-24 19:00:00","2025-04-24 20:00:00",UA,142,142,0,0,58.274647887323944,0.0,56.33802816901409
"2025-04-24 19:00:00","2025-04-24 20:00:00",WN,251,249,2,0,51.48192771084337,0.796812749003984,61.84738955823293
"2025-04-24 20:00:00","2025-04-24 21:00:00",AA,134,126,8,0,25.3015873015873,5.970149253731344,40.476190476190474
"2025-04-24 20:00:00","2025-04-24 21:00:00",DL,120,120,0,0,14.033333333333333,0.0,28.333333333333332
"2025-04-24 20:00:00","2025-04-24 21:00:00",UA,81,81,0,0,73.33333333333333,0.0,75.30864197530865
"2025-04-24 20:00:00","2025-04-24 21:00:00",WN,197,193,4,0,26.44559585492228,2.030456852791878,44.55958549222798
"2025-04-24 21:00:00","2025-04-24 22:00:00",AA,86,83,3,0,19.012048192771083,3.488372093023256,33.734939759036145
"2025-04-24 21:00:00","2025-04-24 22:00:00",DL,102,102,0,0,16.637254901960784,0.0,34.31372549019608
"2025-04-24 21:00:00","2025-04-24 22:00:00",UA,59,59,0,0,38.86440677966102,0.0,40.67796610169491
"2025-04-24 21:00:00","2025-04-24 22:00:00",WN,189,188,1,0,47.569148936170215,0.5291005291005291,61.170212765957444
"2025-04-24 22:00:00","2025-04-24 23:00:00",AA,115,108,7,0,17.50925925925926,6.086956521739131,37.03703703703704
"2025-04-24 22:00:00","2025-04-24 23:00:00",DL,112,112,0,0,9.339285714285714,0.0,24.107142857142858
"2025-04-24 22:00:00","2025-04-24 23:00:00",UA,36,36,0,0,17.666666666666668,0.0,41.666666666666664
"2025-04-24 22:00:00","2025-04-24 23:00:00",WN,16,16,0,0,14.625,0.0,25.0
"2025-04-24 23:00:00","2025-04-25 00:00:00",AA,32,30,2,0,17.066666666666666,6.25,33.333333333333336
"2025-04-24 23:00:00","2025-04-25 00:00:00",DL,35,35,0,0,6.714285714285714,0.0,14.285714285714286
"2025-04-24 23:00:00","2025-04-25 00:00:00",UA,36,36,0,0,8.777777777777779,0.0,27.77777777777778
"2025-04-24 23:00:00","2025-04-25 00:00:00",WN,6,6,0,0,30.5,0.0,50.0
"2025-04-25 00:00:00","2025-04-25 01:00:00",AA,9,9,0,0,17.555555555555557,0.0,44.44444444444444
"2025-04-25 00:00:00","2025-04-25 01:00:00",DL,8,8,0,0,6.5,0.0,25.0
"2025-04-25 00:00:00","2025-04-25 01:00:00",UA,8,8,0,0,1.375,0.0,12.5
"2025-04-25 01:00:00","2025-04-25 02:00:00",AA,1,1,0,0,11.0,0.0,0.0
"2025-04-25 01:00:00","2025-04-25 02:00:00",DL,2,2,0,0,-6.5,0.0,0.0
"2025-04-25 01:00:00","2025-04-25 02:00:00",UA,2,2,0,0,20.5,0.0,50.0
"2025-04-25 05:00:00","2025-04-25 06:00:00",AA,111,108,2,1,2.3577981651376145,1.8018018018018018,11.926605504587156
"2025-04-25 05:00:00","2025-04-25 06:00:00",DL,76,76,0,0,-2.1184210526315788,0.0,5.2631578947368425
"2025-04-25 05:00:00","2025-04-25 06:00:00",UA,44,44,0,0,-5.931818181818182,0.0,0.0
"2025-04-25 05:00:00","2025-04-25 06:00:00",WN,209,209,0,0,0.31100478468899523,0.0,3.827751196172249
"2025-04-25 06:00:00","2025-04-25 07:00:00",AA,191,187,4,0,0.42780748663101603,2.094240837696335,8.02139037433155
"2025-04-25 06:00:00","2025-04-25 07:00:00",DL,186,186,0,0,4.155913978494624,0.0,4.838709677419355
"2025-04-25 06:00:00","2025-04-25 07:00:00",UA,133,133,0,0,-1.2781954887218046,0.0,6.015037593984962
"2025-04-25 06:00:00","2025-04-25 07:00:00",WN,278,277,1,0,0.4548736462093863,0.3597122302158273,5.415162454873646
"2025-04-25 07:00:00","2025-04-25 08:00:00",AA,231,228,2,1,2.8602620087336246,0.8658008658008658,9.170305676855895
"2025-04-25 07:00:00","2025-04-25 08:00:00",DL,243,243,0,0,1.3333333333333333,0.0,6.172839506172839
"2025-04-25 07:00:00","2025-04-25 08:00:00",UA,197,197,0,0,0.8426395939086294,0.0,9.137055837563452
"2025-04-25 07:00:00","2025-04-25 08:00:00",WN,273,273,0,0,2.659340659340659,0.0,7.326007326007326
"2025-04-25 08:00:00","2025-04-25 09:00:00",AA,201,199,2,0,18.512562814070353,0.9950248756218906,13.06532663316583
"2025-04-25 08:00:00","2025-04-25 09:00:00",DL,195,195,0,0,2.5435897435897434,0.0,8.205128205128204
"2025-04-25 08:00:00","2025-04-25 09:00:00",UA,162,161,0,1,6.814814814814815,0.0,17.901234567901234
"2025-04-25 08:00:00","2025-04-25 09:00:00",WN,240,240,0,0,8.025,0.0,17.083333333333332
"2025-04-25 09:00:00","2025-04-25 10:00:00",AA,134,134,0,0,9.58955223880597,0.0,17.91044776119403
"2025-04-25 09:00:00","2025-04-25 10:00:00",DL,138,138,0,0,7.043478260869565,0.0,10.144927536231885
"2025-04-25 09:00:00","2025-04-25 10:00:00",UA,140,139,1,0,9.345323741007194,0.7142857142857143,16.546762589928058
"2025-04-25 09:00:00","2025-04-25 10:00:00",WN,236,234,2,0,7.935897435897436,0.847457627118644,17.521367521367523
"2025-04-25 10:00:00","2025-04-25 11:00:00",AA,158,158,0,0,6.177215189873418,0.0,18.9873417721519
"2025-04-25 10:00:00","2025-04-25 11:00:00",DL,159,159,0,0,4.9748427672955975,0.0,16.352201257861637
"2025-04-25 10:00:00","2025-04-25 11:00:00",UA,133,133,0,0,2.255639097744361,0.0,9.774436090225564
"2025-04-25 10:00:00","2025-04-25 11:00:00",WN,236,235,1,0,9.812765957446809,0.423728813559322,20.851063829787233
"2025-04-25 11:00:00","2025-04-25 12:00:00",AA,167,167,0,0,4.047904191616767,0.0,11.377245508982035
"2025-04-25 11:00:00","2025-04-25 12:00:00",DL,218,218,0,0,4.18348623853211,0.0,15.137614678899082
"2025-04-25 11:00:00","2025-04-25 12:00:00",UA,120,119,0,1,21.883333333333333,0.0,31.666666666666668
"2025-04-25 11:00:00","2025-04-25 12:00:00",WN,245,245,0,0,11.036734693877552,0.0,26.53061224489796
"2025-04-25 12:00:00","2025-04-25 13:00:00",AA,144,144,0,0,12.625,0.0,25.0
"2025-04-25 12:00:00","2025-04-25 13:00:00",DL,181,181,0,0,6.12707182320442,0.0,9.94475138121547
"2025-04-25 12:00:00","2025-04-25 13:00:00",UA,122,122,0,0,13.540983606557377,0.0,23.770491803278688
"2025-04-25 12:00:00","2025-04-25 13:00:00",WN,235,235,0,0,16.846808510638297,0.0,37.02127659574468
"2025-04-25 13:00:00","2025-04-25 14:00:00",AA,148,148,0,0,9.993243243243244,0.0,21.62162162162162
"2025-04-25 13:00:00","2025-04-25 14:00:00",DL,154,154,0,0,10.896103896103897,0.0,22.07792207792208
"2025-04-25 13:00:00","2025-04-25 14:00:00",UA,128,128,0,0,25.921875,0.0,39.84375
"2025-04-25 13:00:00","2025-04-25 14:00:00",WN,248,248,0,0,23.657258064516128,0.0,43.95161290322581
"2025-04-25 14:00:00","2025-04-25 15:00:00",AA,149,149,0,0,12.369127516778523,0.0,23.48993288590604
"2025-04-25 14:00:00","2025-04-25 15:00:00",DL,153,151,0,2,7.633986928104576,0.0,15.686274509803921
"2025-04-25 14:00:00","2025-04-25 15:00:00",UA,127,126,1,0,20.976190476190474,0.7874015748031497,35.714285714285715
"2025-04-25 14:00:00","2025-04-25 15:00:00",WN,227,225,2,0,16.493333333333332,0.8810572687224669,35.55555555555556
"2025-04-25 15:00:00","2025-04-25 16:00:00",AA,143,143,0,0,17.32867132867133,0.0,27.272727272727273
"2025-04-25 15:00:00","2025-04-25 16:00:00",DL,194,194,0,0,8.974226804123711,0.0,19.072164948453608
"2025-04-25 15:00:00","2025-04-25 16:00:00",UA,100,100,0,0,35.69,0.0,49.0
"2025-04-25 15:00:00","2025-04-25 16:00:00",WN,229,228,0,1,22.41048034934498,0.0,42.35807860262009
"2025-04-25 16:00:00","2025-04-25 17:00:00",AA,141,141,0,0,12.886524822695035,0.0,31.20567375886525
"2025-04-25 16:00:00","2025-04-25 17:00:00",DL,136,135,0,1,7.264705882352941,0.0,19.11764705882353
"2025-04-25 16:00:00","2025-04-25 17:00:00",UA,142,139,0,3,25.492957746478872,0.0,35.2112676056338
"2025-04-25 16:00:00","2025-04-25 17:00:00",WN,217,216,0,1,19.976958525345623,0.0,44.23963133640553
"2025-04-25 17:00:00","2025-04-25 18:00:00",AA,159,159,0,0,13.69182389937107,0.0,28.30188679245283
"2025-04-25 17:00:00","2025-04-25 18:00:00",DL,182,182,0,0,12.252747252747254,0.0,21.978021978021978
"2025-04-25 17:00:00","2025-04-25 18:00:00",UA,128,128,0,0,28.0234375,0.0,33.59375
"2025-04-25 17:00:00","2025-04-25 18:00:00",WN,236,235,0,1,24.20762711864407,0.0,48.30508474576271
"2025-04-25 18:00:00","2025-04-25 19:00:00",AA,169,169,0,0,16.42603550295858,0.0,32.544378698224854
"2025-04-25 18:00:00","2025-04-25 19:00:00",DL,172,171,0,1,11.761627906976743,0.0,24.41860465116279
"2025-04-25 18:00:00","2025-04-25 19:00:00",UA,140,140,0,0,18.635714285714286,0.0,35.714285714285715
"2025-04-25 18:00:00","2025-04-25 19:00:00",WN,270,270,0,0,20.333333333333332,0.0,41.48148148148148
"2025-04-25 19:00:00","2025-04-25 20:00:00",AA,159,159,0,0,13.037735849056604,0.0,23.89937106918239
"2025-04-25 19:00:00","2025-04-25 20:00:00",DL,171,170,0,1,11.32748538011696,0.0,18.71345029239766
"2025-04-25 19:00:00","2025-04-25 20:00:00",UA,141,141,0,0,33.156028368794324,0.0,43.262411347517734
"2025-04-25 19:00:00","2025-04-25 20:00:00",WN,247,247,0,0,28.79757085020243,0.0,51.417004048582996
"2025-04-25 20:00:00","2025-04-25 21:00:00",AA,134,134,0,0,8.850746268656716,0.0,23.134328358208954
"2025-04-25 20:00:00","2025-04-25 21:00:00",DL,122,121,0,1,12.48360655737705,0.0,24.59016393442623
"2025-04-25 20:00:00","2025-04-25 21:00:00",UA,83,83,0,0,27.096385542168676,0.0,53.01204819277108
"2025-04-25 20:00:00","2025-04-25 21:00:00",WN,200,200,0,0,19.64,0.0,37.0
"2025-04-25 21:00:00","2025-04-25 22:00:00",AA,87,87,0,0,7.160919540229885,0.0,17.24137931034483
"2025-04-25 21:00:00","2025-04-25 22:00:00",DL,102,102,0,0,29.34313725490196,0.0,23.529411764705884
"2025-04-25 21:00:00","2025-04-25 22:00:00",UA,61,61,0,0,15.573770491803279,0.0,32.78688524590164
"2025-04-25 21:00:00","2025-04-25 22:00:00",WN,190,190,0,0,23.942105263157895,0.0,45.78947368421053
"2025-04-25 22:00:00","2025-04-25 23:00:00",AA,113,113,0,0,15.185840707964601,0.0,18.58407079646018
"2025-04-25 22:00:00","2025-04-25 23:00:00",DL,114,114,0,0,37.24561403508772,0.0,51.75438596491228
"2025-04-25 22:00:00","2025-04-25 23:00:00",UA,34,34,0,0,5.529411764705882,0.0,17.647058823529413
"2025-04-25 22:00:00","2025-04-25 23:00:00",WN,16,16,0,0,20.375,0.0,50.0
"2025-04-25 23:00:00","2025-04-26 00:00:00",AA,33,33,0,0,3.1818181818181817,0.0,15.151515151515152
"2025-04-25 23:00:00","2025-04-26 00:00:00",DL,36,36,0,0,14.13888888888889,0.0,27.77777777777778
"2025-04-25 23:00:00","2025-04-26 00:00:00",UA,32,32,0,0,13.21875,0.0,34.375
"2025-04-25 23:00:00","2025-04-26 00:00:00",WN,6,6,0,0,14.166666666666666,0.0,16.666666666666668
"2025-04-26 00:00:00","2025-04-26 01:00:00",AA,9,9,0,0,8.11111111111111,0.0,22.22222222222222
"2025-04-26 00:00:00","2025-04-26 01:00:00",DL,7,7,0,0,20.428571428571427,0.0,14.285714285714286
"2025-04-26 00:00:00","2025-04-26 01:00:00",UA,8,8,0,0,2.375,0.0,12.5
"2025-04-26 01:00:00","2025-04-26 02:00:00",AA,1,1,0,0,-9.0,0.0,0.0
"2025-04-26 01:00:00","2025-04-26 02:00:00",DL,2,2,0,0,-6.0,0.0,0.0
"2025-04-26 01:00:00","2025-04-26 02:00:00",UA,2,2,0,0,-4.0,0.0,0.0
"2025-04-26 05:00:00","2025-04-26 06:00:00",AA,104,104,0,0,6.894230769230769,0.0,10.576923076923077
"2025-04-26 05:00:00","2025-04-26 06:00:00",DL,72,72,0,0,5.680555555555555,0.0,4.166666666666667
"2025-04-26 05:00:00","2025-04-26 06:00:00",UA,44,44,0,0,-1.8181818181818181,0.0,9.090909090909092
"2025-04-26 05:00:00","2025-04-26 06:00:00",WN,120,120,0,0,-1.275,0.0,5.0
"2025-04-26 06:00:00","2025-04-26 07:00:00",AA,185,185,0,0,11.497297297297298,0.0,6.486486486486487
"2025-04-26 06:00:00","2025-04-26 07:00:00",DL,178,178,0,0,8.5,0.0,3.932584269662921
"2025-04-26 06:00:00","2025-04-26 07:00:00",UA,133,132,0,1,4.684210526315789,0.0,6.015037593984962
"2025-04-26 06:00:00","2025-04-26 07:00:00",WN,257,257,0,0,-2.077821011673152,0.0,1.556420233463035
"2025-04-26 07:00:00","2025-04-26 08:00:00",AA,215,215,0,0,3.641860465116279,0.0,8.372093023255815
"2025-04-26 07:00:00","2025-04-26 08:00:00",DL,216,216,0,0,5.476851851851852,0.0,8.333333333333334
"2025-04-26 07:00:00","2025-04-26 08:00:00",UA,182,182,0,0,4.247252747252747,0.0,9.340659340659341
"2025-04-26 07:00:00","2025-04-26 08:00:00",WN,239,239,0,0,0.9623430962343096,0.0,5.02092050209205
"2025-04-26 08:00:00","2025-04-26 09:00:00",AA,195,194,1,0,2.7577319587628866,0.5128205128205128,10.309278350515465
"2025-04-26 08:00:00","2025-04-26 09:00:00",DL,177,177,0,0,0.1016949152542373,0.0,6.779661016949152
"2025-04-26 08:00:00","2025-04-26 09:00:00",UA,155,154,0,1,2.5935483870967744,0.0,7.741935483870968
"2025-04-26 08:00:00","2025-04-26 09:00:00",WN,214,213,1,0,0.676056338028169,0.4672897196261682,7.511737089201878
"2025-04-26 09:00:00","2025-04-26 10:00:00",AA,123,123,0,0,6.4471544715447155,0.0,8.130081300813009
"2025-04-26 09:00:00","2025-04-26 10:00:00",DL,145,143,0,2,2.820689655172414,0.0,12.413793103448276
"2025-04-26 09:00:00","2025-04-26 10:00:00",UA,128,127,1,0,9.086614173228346,0.78125,14.960629921259843
"2025-04-26 09:00:00","2025-04-26 10:00:00",WN,221,221,0,0,6.633484162895928,0.0,11.764705882352942
"2025-04-26 10:00:00","2025-04-26 11:00:00",AA,142,140,0,2,11.838028169014084,0.0,10.56338028169014
"2025-04-26 10:00:00","2025-04-26 11:00:00",DL,128,126,0,2,1.7890625,0.0,8.59375
"2025-04-26 10:00:00","2025-04-26 11:00:00",UA,109,109,0,0,14.917431192660551,0.0,25.68807339449541
"2025-04-26 10:00:00","2025-04-26 11:00:00",WN,201,201,0,0,1.2835820895522387,0.0,6.965174129353234
"2025-04-26 11:00:00","2025-04-26 12:00:00",AA,149,148,0,1,8.711409395973154,0.0,18.120805369127517
"2025-04-26 11:00:00","2025-04-26 12:00:00",DL,198,196,0,2,6.974747474747475,0.0,14.141414141414142
"2025-04-26 11:00:00","2025-04-26 12:00:00",UA,115,115,0,0,12.756521739130434,0.0,21.73913043478261
"2025-04-26 11:00:00","2025-04-26 12:00:00",WN,199,199,0,0,8.768844221105528,0.0,18.09045226130653
"2025-04-26 12:00:00","2025-04-26 13:00:00",AA,134,132,0,2,8.246268656716419,0.0,13.432835820895523
"2025-04-26 12:00:00","2025-04-26 13:00:00",DL,163,163,0,0,3.5460122699386503,0.0,12.883435582822086
"2025-04-26 12:00:00","2025-04-26 13:00:00",UA,111,111,0,0,19.9009009009009,0.0,14.414414414414415
"2025-04-26 12:00:00","2025-04-26 13:00:00",WN,198,198,0,0,3.409090909090909,0.0,10.1010101010101
"2025-04-26 13:00:00","2025-04-26 14:00:00",AA,136,136,0,0,5.625,0.0,15.441176470588236
"2025-04-26 13:00:00","2025-04-26 14:00:00",DL,144,143,0,1,10.340277777777779,0.0,18.75
"2025-04-26 13:00:00","2025-04-26 14:00:00",UA,115,114,1,0,12.692982456140351,0.8695652173913043,18.42105263157895
"2025-04-26 13:00:00","2025-04-26 14:00:00",WN,229,229,0,0,5.25764192139738,0.0,15.283842794759826
"2025-04-26 14:00:00","2025-04-26 15:00:00",AA,123,122,0,1,12.967479674796747,0.0,17.073170731707318
"2025-04-26 14:00:00","2025-04-26 15:00:00",DL,130,130,0,0,13.561538461538461,0.0,13.846153846153847
"2025-04-26 14:00:00","2025-04-26 15:00:00",UA,120,118,0,2,19.216666666666665,0.0,21.666666666666668
"2025-04-26 14:00:00","2025-04-26 15:00:00",WN,201,201,0,0,8.019900497512438,0.0,18.407960199004975
"2025-04-26 15:00:00","2025-04-26 16:00:00",AA,129,129,0,0,7.4186046511627906,0.0,15.503875968992247
"2025-04-26 15:00:00","2025-04-26 16:00:00",DL,182,182,0,0,2.521978021978022,0.0,12.637362637362637
"2025-04-26 15:00:00","2025-04-26 16:00:00",UA,94,93,0,1,38.02127659574468,0.0,28.72340425531915
"2025-04-26 15:00:00","2025-04-26 16:00:00",WN,199,199,0,0,8.015075376884422,0.0,18.09045226130653
"2025-04-26 16:00:00","2025-04-26 17:00:00",AA,129,129,0,0,18.03875968992248,0.0,21.705426356589147
"2025-04-26 16:00:00","2025-04-26 17:00:00",DL,121,121,0,0,11.479338842975206,0.0,14.049586776859504
"2025-04-26 16:00:00","2025-04-26 17:00:00",UA,116,114,1,1,26.078260869565216,0.8620689655172413,21.73913043478261
"2025-04-26 16:00:00","2025-04-26 17:00:00",WN,229,229,0,0,10.65938864628821,0.0,24.017467248908297
"2025-04-26 17:00:00","2025-04-26 18:00:00",AA,148,147,0,1,15.324324324324325,0.0,17.56756756756757
"2025-04-26 17:00:00","2025-04-26 18:00:00",DL,145,145,0,0,3.5586206896551724,0.0,16.551724137931036
"2025-04-26 17:00:00","2025-04-26 18:00:00",UA,123,123,0,0,28.495934959349594,0.0,26.016260162601625
"2025-04-26 17:00:00","2025-04-26 18:00:00",WN,215,215,0,0,11.64186046511628,0.0,25.58139534883721
"2025-04-26 18:00:00","2025-04-26 19:00:00",AA,157,157,0,0,17.987261146496817,0.0,25.477707006369428
"2025-04-26 18:00:00","2025-04-26 19:00:00",DL,143,143,0,0,14.79020979020979,0.0,18.181818181818183
"2025-04-26 18:00:00","2025-04-26 19:00:00",UA,113,113,0,0,34.31858407079646,0.0,23.893805309734514
"2025-04-26 18:00:00","2025-04-26 19:00:00",WN,260,260,0,0,12.288461538461538,0.0,27.307692307692307
"2025-04-26 19:00:00","2025-04-26 20:00:00",AA,126,126,0,0,15.198412698412698,0.0,23.015873015873016
"2025-04-26 19:00:00","2025-04-26 20:00:00",DL,94,94,0,0,10.414893617021276,0.0,17.02127659574468
"2025-04-26 19:00:00","2025-04-26 20:00:00",UA,116,116,0,0,28.353448275862068,0.0,37.06896551724138
"2025-04-26 19:00:00","2025-04-26 20:00:00",WN,157,157,0,0,13.10828025477707,0.0,22.929936305732483
"2025-04-26 20:00:00","2025-04-26 21:00:00",AA,126,126,0,0,16.928571428571427,0.0,23.015873015873016
"2025-04-26 20:00:00","2025-04-26 21:00:00",DL,93,93,0,0,14.03225806451613,0.0,20.43010752688172
"2025-04-26 20:00:00","2025-04-26 21:00:00",UA,69,67,2,0,34.61194029850746,2.898550724637681,34.32835820895522
"2025-04-26 20:00:00","2025-04-26 21:00:00",WN,121,121,0,0,8.057851239669422,0.0,23.140495867768596
"2025-04-26 21:00:00","2025-04-26 22:00:00",AA,84,84,0,0,11.642857142857142,0.0,25.0
"2025-04-26 21:00:00","2025-04-26 22:00:00",DL,85,85,0,0,6.670588235294118,0.0,16.470588235294116
"2025-04-26 21:00:00","2025-04-26 22:00:00",UA,43,43,0,0,52.2093023255814,0.0,41.86046511627907
"2025-04-26 21:00:00","2025-04-26 22:00:00",WN,36,36,0,0,12.527777777777779,0.0,41.666666666666664
"2025-04-26 22:00:00","2025-04-26 23:00:00",AA,78,78,0,0,12.038461538461538,0.0,17.94871794871795
"2025-04-26 22:00:00","2025-04-26 23:00:00",DL,78,78,0,0,0.2948717948717949,0.0,11.538461538461538
"2025-04-26 22:00:00","2025-04-26 23:00:00",UA,36,36,0,0,38.638888888888886,0.0,30.555555555555557
"2025-04-26 22:00:00","2025-04-26 23:00:00",WN,8,8,0,0,1.5,0.0,0.0
"2025-04-26 23:00:00","2025-04-27 00:00:00",AA,30,30,0,0,0.26666666666666666,0.0,10.0
"2025-04-26 23:00:00","2025-04-27 00:00:00",DL,28,28,0,0,-0.21428571428571427,0.0,7.142857142857143
"2025-04-26 23:00:00","2025-04-27 00:00:00",UA,33,33,0,0,46.63636363636363,0.0,21.21212121212121
"2025-04-26 23:00:00","2025-04-27 00:00:00",WN,6,6,0,0,-3.1666666666666665,0.0,0.0
"2025-04-27 00:00:00","2025-04-27 01:00:00",AA,6,6,0,0,1.5,0.0,0.0
"2025-04-27 00:00:00","2025-04-27 01:00:00",DL,4,4,0,0,-2.5,0.0,0.0
"2025-04-27 00:00:00","2025-04-27 01:00:00",UA,7,7,0,0,39.0,0.0,42.857142857142854
"2025-04-27 01:00:00","2025-04-27 02:00:00",AA,1,1,0,0,-3.0,0.0,0.0
"2025-04-27 01:00:00","2025-04-27 02:00:00",DL,2,2,0,0,-10.5,0.0,0.0
"2025-04-27 01:00:00","2025-04-27 02:00:00",UA,1,1,0,0,80.0,0.0,100.0
"2025-04-27 05:00:00","2025-04-27 06:00:00",AA,110,110,0,0,-2.963636363636364,0.0,3.6363636363636362
"2025-04-27 05:00:00","2025-04-27 06:00:00",DL,73,73,0,0,-3.904109589041096,0.0,1.36986301369863
"2025-04-27 05:00:00","2025-04-27 06:00:00",UA,40,40,0,0,-0.05,0.0,5.0
"2025-04-27 05:00:00","2025-04-27 06:00:00",WN,111,111,0,0,-1.9009009009009008,0.0,2.7027027027027026
"2025-04-27 06:00:00","2025-04-27 07:00:00",AA,188,188,0,0,8.202127659574469,0.0,8.51063829787234
"2025-04-27 06:00:00","2025-04-27 07:00:00",DL,180,179,0,1,2.7944444444444443,0.0,4.444444444444445
"2025-04-27 06:00:00","2025-04-27 07:00:00",UA,131,130,1,0,-0.4153846153846154,0.7633587786259542,6.153846153846154
"2025-04-27 06:00:00","2025-04-27 07:00:00",WN,328,328,0,0,-1.125,0.0,4.2682926829268295
"2025-04-27 07:00:00","2025-04-27 08:00:00",AA,228,228,0,0,17.31140350877193,0.0,9.210526315789474
"2025-04-27 07:00:00","2025-04-27 08:00:00",DL,245,245,0,0,0.31020408163265306,0.0,6.122448979591836
"2025-04-27 07:00:00","2025-04-27 08:00:00",UA,194,193,0,1,-0.5773195876288659,0.0,7.731958762886598
"2025-04-27 07:00:00","2025-04-27 08:00:00",WN,224,223,0,1,-2.5892857142857144,0.0,1.7857142857142858
"2025-04-27 08:00:00","2025-04-27 09:00:00",AA,201,201,0,0,12.900497512437811,0.0,13.432835820895523
"2025-04-27 08:00:00","2025-04-27 09:00:00",DL,198,198,0,0,-0.9343434343434344,0.0,6.0606060606060606
"2025-04-27 08:00:00","2025-04-27 09:00:00",UA,161,161,0,0,0.7888198757763976,0.0,8.695652173913043
"2025-04-27 08:00:00","2025-04-27 09:00:00",WN,266,266,0,0,1.4210526315789473,0.0,6.7669172932330826
"2025-04-27 09:00:00","2025-04-27 10:00:00",AA,132,132,0,0,2.356060606060606,0.0,9.848484848484848
"2025-04-27 09:00:00","2025-04-27 10:00:00",DL,141,141,0,0,0.3829787234042553,0.0,7.801418439716312
"2025-04-27 09:00:00","2025-04-27 10:00:00",UA,138,138,0,0,1.9492753623188406,0.0,9.420289855072463
"2025-04-27 09:00:00","2025-04-27 10:00:00",WN,208,207,0,1,1.5961538461538463,0.0,7.6923076923076925
"2025-04-27 10:00:00","2025-04-27 11:00:00",AA,156,156,0,0,5.935897435897436,0.0,16.025641025641026
"2025-04-27 10:00:00","2025-04-27 11:00:00",DL,160,160,0,0,-1.80625,0.0,5.0
"2025-04-27 10:00:00","2025-04-27 11:00:00",UA,126,125,0,1,2.642857142857143,0.0,14.285714285714286
"2025-04-27 10:00:00","2025-04-27 11:00:00",WN,257,257,0,0,2.7859922178988326,0.0,9.33852140077821
"2025-04-27 11:00:00","2025-04-27 12:00:00",AA,165,165,0,0,7.648484848484848,0.0,15.757575757575758
"2025-04-27 11:00:00","2025-04-27 12:00:00",DL,208,208,0,0,-0.23076923076923078,0.0,7.6923076923076925
"2025-04-27 11:00:00","2025-04-27 12:00:00",UA,123,123,0,0,4.861788617886178,0.0,11.382113821138212
"2025-04-27 11:00:00","2025-04-27 12:00:00",WN,209,208,1,0,5.451923076923077,0.4784688995215311,13.942307692307692
"2025-04-27 12:00:00","2025-04-27 13:00:00",AA,150,150,0,0,11.413333333333334,0.0,20.0
"2025-04-27 12:00:00","2025-04-27 13:00:00",DL,183,183,0,0,0.7595628415300546,0.0,8.19672131147541
"2025-04-27 12:00:00","2025-04-27 13:00:00",UA,118,118,0,0,5.3559322033898304,0.0,14.40677966101695
"2025-04-27 12:00:00","2025-04-27 13:00:00",WN,242,242,0,0,5.276859504132231,0.0,12.809917355371901
"2025-04-27 13:00:00","2025-04-27 14:00:00",AA,146,146,0,0,11.198630136986301,0.0,22.602739726027398
"2025-04-27 13:00:00","2025-04-27 14:00:00",DL,152,152,0,0,2.598684210526316,0.0,9.210526315789474
"2025-04-27 13:00:00","2025-04-27 14:00:00",UA,125,125,0,0,2.208,0.0,8.0
"2025-04-27 13:00:00","2025-04-27 14:00:00",WN,245,245,0,0,9.812244897959184,0.0,20.816326530612244
"2025-04-27 14:00:00","2025-04-27 15:00:00",AA,146,146,0,0,21.45205479452055,0.0,19.863013698630137
"2025-04-27 14:00:00","2025-04-27 15:00:00",DL,150,149,0,1,1.76,0.0,7.333333333333333
"2025-04-27 14:00:00","2025-04-27 15:00:00",UA,122,121,0,1,17.71311475409836,0.0,16.39344262295082
"2025-04-27 14:00:00","2025-04-27 15:00:00",WN,213,212,1,0,10.783018867924529,0.4694835680751174,28.30188679245283
"2025-04-27 15:00:00","2025-04-27 16:00:00",AA,143,143,0,0,20.006993006993007,0.0,31.46853146853147
"2025-04-27 15:00:00","2025-04-27 16:00:00",DL,196,195,0,1,5.770408163265306,0.0,14.285714285714286
"2025-04-27 15:00:00","2025-04-27 16:00:00",UA,99,98,0,1,18.92929292929293,0.0,22.22222222222222
"2025-04-27 15:00:00","2025-04-27 16:00:00",WN,251,251,0,0,13.812749003984063,0.0,30.278884462151396
"2025-04-27 16:00:00","2025-04-27 17:00:00",AA,150,150,0,0,11.453333333333333,0.0,24.0
"2025-04-27 16:00:00","2025-04-27 17:00:00",DL,143,143,0,0,5.643356643356643,0.0,13.986013986013987
"2025-04-27 16:00:00","2025-04-27 17:00:00",UA,138,137,0,1,8.384057971014492,0.0,11.594202898550725
"2025-04-27 16:00:00","2025-04-27 17:00:00",WN,234,233,0,1,15.260683760683762,0.0,33.333333333333336
"2025-04-27 17:00:00","2025-04-27 18:00:00",AA,161,161,0,0,20.763975155279503,0.0,26.70807453416149
"2025-04-27 17:00:00","2025-04-27 18:00:00",DL,179,179,0,0,7.810055865921788,0.0,20.670391061452513
"2025-04-27 17:00:00","2025-04-27 18:00:00",UA,133,133,0,0,12.300751879699249,0.0,18.045112781954888
"2025-04-27 17:00:00","2025-04-27 18:00:00",WN,230,230,0,0,16.17391304347826,0.0,37.391304347826086
"2025-04-27 18:00:00","2025-04-27 19:00:00",AA,172,172,0,0,14.598837209302326,0.0,26.162790697674417
"2025-04-27 18:00:00","2025-04-27 19:00:00",DL,177,177,0,0,7.666666666666667,0.0,20.903954802259886
"2025-04-27 18:00:00","2025-04-27 19:00:00",UA,142,141,1,0,19.886524822695037,0.704225352112676,22.69503546099291
"2025-04-27 18:00:00","2025-04-27 19:00:00",WN,243,243,0,0,17.152263374485596,0.0,37.86008230452675
"2025-04-27 19:00:00","2025-04-27 20:00:00",AA,160,159,1,0,16.358490566037737,0.625,29.559748427672957
"2025-04-27 19:00:00","2025-04-27 20:00:00",DL,172,172,0,0,8.488372093023257,0.0,23.25581395348837
"2025-04-27 19:00:00","2025-04-27 20:00:00",UA,137,135,0,2,23.182481751824817,0.0,29.927007299270073
"2025-04-27 19:00:00","2025-04-27 20:00:00",WN,239,238,0,1,18.769874476987447,0.0,41.42259414225941
"2025-04-27 20:00:00","2025-04-27 21:00:00",AA,133,133,0,0,12.962406015037594,0.0,27.81954887218045
"2025-04-27 20:00:00","2025-04-27 21:00:00",DL,119,119,0,0,6.142857142857143,0.0,19.327731092436974
"2025-04-27 20:00:00","2025-04-27 21:00:00",UA,87,86,0,1,31.64367816091954,0.0,29.885057471264368
"2025-04-27 20:00:00","2025-04-27 21:00:00",WN,273,273,0,0,15.91941391941392,0.0,39.56043956043956
"2025-04-27 21:00:00","2025-04-27 22:00:00",AA,86,86,0,0,13.732558139534884,0.0,34.883720930232556
"2025-04-27 21:00:00","2025-04-27 22:00:00",DL,101,101,0,0,9.524752475247524,0.0,21.782178217821784
"2025-04-27 21:00:00","2025-04-27 22:00:00",UA,63,62,1,0,13.161290322580646,1.5873015873015872,24.193548387096776
"2025-04-27 21:00:00","2025-04-27 22:00:00",WN,180,180,0,0,15.072222222222223,0.0,33.333333333333336
"2025-04-27 22:00:00","2025-04-27 23:00:00",AA,115,114,0,1,10.208695652173914,0.0,17.391304347826086
"2025-04-27 22:00:00","2025-04-27 23:00:00",DL,118,118,0,0,4.822033898305085,0.0,16.10169491525424
"2025-04-27 22:00:00","2025-04-27 23:00:00",UA,38,38,0,0,14.131578947368421,0.0,21.05263157894737
"2025-04-27 22:00:00","2025-04-27 23:00:00",WN,142,142,0,0,12.0,0.0,30.985915492957748
"2025-04-27 23:00:00","2025-04-28 00:00:00",AA,31,31,0,0,6.451612903225806,0.0,12.903225806451612
"2025-04-27 23:00:00","2025-04-28 00:00:00",DL,34,34,0,0,7.705882352941177,0.0,26.470588235294116
"2025-04-27 23:00:00","2025-04-28 00:00:00",UA,34,34,0,0,0.4117647058823529,0.0,5.882352941176471
"2025-04-27 23:00:00","2025-04-28 00:00:00",WN,7,7,0,0,3.857142857142857,0.0,14.285714285714286
"2025-04-28 00:00:00","2025-04-28 01:00:00",AA,9,9,0,0,-4.888888888888889,0.0,0.0
"2025-04-28 00:00:00","2025-04-28 01:00:00",DL,8,8,0,0,-1.0,0.0,12.5
"2025-04-28 00:00:00","2025-04-28 01:00:00",UA,8,8,0,0,14.0,0.0,50.0
"2025-04-28 01:00:00","2025-04-28 02:00:00",AA,1,1,0,0,-5.0,0.0,0.0
"2025-04-28 01:00:00","2025-04-28 02:00:00",DL,2,2,0,0,-11.0,0.0,0.0
"2025-04-28 01:00:00","2025-04-28 02:00:00",UA,2,2,0,0,468.5,0.0,100.0
"2025-04-28 05:00:00","2025-04-28 06:00:00",AA,111,111,0,0,6.333333333333333,0.0,10.81081081081081
"2025-04-28 05:00:00","2025-04-28 06:00:00",DL,76,75,0,1,0.23684210526315788,0.0,3.9473684210526314
"2025-04-28 05:00:00","2025-04-28 06:00:00",UA,44,44,0,0,5.159090909090909,0.0,4.545454545454546
"2025-04-28 05:00:00","2025-04-28 06:00:00",WN,213,212,0,1,-2.7464788732394365,0.0,0.9389671361502347
"2025-04-28 06:00:00","2025-04-28 07:00:00",AA,189,189,0,0,-1.7248677248677249,0.0,6.878306878306878
"2025-04-28 06:00:00","2025-04-28 07:00:00",DL,188,188,0,0,-0.32978723404255317,0.0,4.787234042553192
"2025-04-28 06:00:00","2025-04-28 07:00:00",UA,132,130,0,2,-3.1818181818181817,0.0,2.272727272727273
"2025-04-28 06:00:00","2025-04-28 07:00:00",WN,278,277,0,1,-0.7661870503597122,0.0,3.597122302158273
"2025-04-28 07:00:00","2025-04-28 08:00:00",AA,227,225,2,0,3.4,0.8810572687224669,8.444444444444445
"2025-04-28 07:00:00","2025-04-28 08:00:00",DL,242,241,0,1,1.6900826446280992,0.0,6.198347107438017
"2025-04-28 07:00:00","2025-04-28 08:00:00",UA,199,194,1,4,-1.4090909090909092,0.5025125628140703,4.545454545454546
"2025-04-28 07:00:00","2025-04-28 08:00:00",WN,272,271,0,1,-0.6838235294117647,0.0,4.411764705882353
"2025-04-28 08:00:00","2025-04-28 09:00:00",AA,196,195,0,1,5.25,0.0,12.755102040816327
"2025-04-28 08:00:00","2025-04-28 09:00:00",DL,198,198,0,0,0.6717171717171717,0.0,5.05050505050505
"2025-04-28 08:00:00","2025-04-28 09:00:00",UA,160,157,1,2,-1.2578616352201257,0.625,5.660377358490566
"2025-04-28 08:00:00","2025-04-28 09:00:00",WN,235,235,0,0,1.6893617021276597,0.0,5.957446808510638
"2025-04-28 09:00:00","2025-04-28 10:00:00",AA,134,134,0,0,6.432835820895522,0.0,15.671641791044776
"2025-04-28 09:00:00","2025-04-28 10:00:00",DL,135,135,0,0,-0.11851851851851852,0.0,8.148148148148149
"2025-04-28 09:00:00","2025-04-28 10:00:00",UA,140,136,0,4,-0.8928571428571429,0.0,3.5714285714285716
"2025-04-28 09:00:00","2025-04-28 10:00:00",WN,235,234,1,0,2.1452991452991452,0.425531914893617,6.837606837606837
"2025-04-28 10:00:00","2025-04-28 11:00:00",AA,156,156,0,0,4.7243589743589745,0.0,14.102564102564102
"2025-04-28 10:00:00","2025-04-28 11:00:00",DL,159,159,0,0,0.3270440251572327,0.0,8.176100628930818
"2025-04-28 10:00:00","2025-04-28 11:00:00",UA,130,125,2,3,0.9453125,1.5384615384615385,7.8125
"2025-04-28 10:00:00","2025-04-28 11:00:00",WN,239,239,0,0,3.2594142259414225,0.0,10.878661087866108
"2025-04-28 11:00:00","2025-04-28 12:00:00",AA,167,166,0,1,8.32934131736527,0.0,13.77245508982036
"2025-04-28 11:00:00","2025-04-28 12:00:00",DL,214,213,0,1,3.9766355140186915,0.0,10.280373831775702
"2025-04-28 11:00:00","2025-04-28 12:00:00",UA,123,116,2,5,0.049586776859504134,1.6260162601626016,9.090909090909092
"2025-04-28 11:00:00","2025-04-28 12:00:00",WN,245,242,2,1,8.76954732510288,0.8163265306122449,14.814814814814815
"2025-04-28 12:00:00","2025-04-28 13:00:00",AA,139,139,0,0,10.66906474820144,0.0,12.949640287769784
"2025-04-28 12:00:00","2025-04-28 13:00:00",DL,177,176,0,1,0.5254237288135594,0.0,8.474576271186441
"2025-04-28 12:00:00","2025-04-28 13:00:00",UA,121,117,0,4,8.801652892561984,0.0,10.743801652892563
"2025-04-28 12:00:00","2025-04-28 13:00:00",WN,232,230,0,2,7.280172413793103,0.0,16.810344827586206
"2025-04-28 13:00:00","2025-04-28 14:00:00",AA,145,145,0,0,5.393103448275862,0.0,14.482758620689655
"2025-04-28 13:00:00","2025-04-28 14:00:00",DL,154,152,0,2,14.75974025974026,0.0,17.532467532467532
"2025-04-28 13:00:00","2025-04-28 14:00:00",UA,123,123,0,0,11.691056910569106,0.0,10.56910569105691
"2025-04-28 13:00:00","2025-04-28 14:00:00",WN,247,246,0,1,6.5425101214574894,0.0,16.194331983805668
"2025-04-28 14:00:00","2025-04-28 15:00:00",AA,151,151,0,0,17.450331125827816,0.0,15.894039735099337
"2025-04-28 14:00:00","2025-04-28 15:00:00",DL,153,153,0,0,12.823529411764707,0.0,18.30065359477124
"2025-04-28 14:00:00","2025-04-28 15:00:00",UA,128,127,1,0,20.22047244094488,0.78125,18.11023622047244
"2025-04-28 14:00:00","2025-04-28 15:00:00",WN,227,226,0,1,11.022026431718063,0.0,23.788546255506606
"2025-04-28 15:00:00","2025-04-28 16:00:00",AA,139,139,0,0,13.712230215827338,0.0,24.46043165467626
"2025-04-28 15:00:00","2025-04-28 16:00:00",DL,185,183,0,2,9.232432432432432,0.0,15.675675675675675
"2025-04-28 15:00:00","2025-04-28 16:00:00",UA,98,93,5,0,24.86021505376344,5.1020408163265305,24.731182795698924
"2025-04-28 15:00:00","2025-04-28 16:00:00",WN,223,221,1,1,11.297297297297296,0.4484304932735426,26.126126126126128
"2025-04-28 16:00:00","2025-04-28 17:00:00",AA,146,145,1,0,12.50344827586207,0.684931506849315,19.310344827586206
"2025-04-28 16:00:00","2025-04-28 17:00:00",DL,140,140,0,0,9.835714285714285,0.0,14.285714285714286
"2025-04-28 16:00:00","2025-04-28 17:00:00",UA,133,131,2,0,31.0381679389313,1.5037593984962405,25.954198473282442
"2025-04-28 16:00:00","2025-04-28 17:00:00",WN,225,224,0,1,10.977777777777778,0.0,24.444444444444443
"2025-04-28 17:00:00","2025-04-28 18:00:00",AA,160,160,0,0,14.3875,0.0,21.875
"2025-04-28 17:00:00","2025-04-28 18:00:00",DL,179,178,0,1,6.5139664804469275,0.0,11.1731843575419
"2025-04-28 17:00:00","2025-04-28 18:00:00",UA,125,121,4,0,21.570247933884296,3.2,28.925619834710744
"2025-04-28 17:00:00","2025-04-28 18:00:00",WN,235,234,0,1,11.357446808510637,0.0,27.659574468085108
"2025-04-28 18:00:00","2025-04-28 19:00:00",AA,170,170,0,0,17.029411764705884,0.0,20.58823529411765
"2025-04-28 18:00:00","2025-04-28 19:00:00",DL,172,172,0,0,13.273255813953488,0.0,16.86046511627907
"2025-04-28 18:00:00","2025-04-28 19:00:00",UA,134,131,3,0,18.0381679389313,2.2388059701492535,22.137404580152673
"2025-04-28 18:00:00","2025-04-28 19:00:00",WN,272,272,0,0,11.963235294117647,0.0,22.426470588235293
"2025-04-28 19:00:00","2025-04-28 20:00:00",AA,161,160,0,1,15.857142857142858,0.0,24.22360248447205
"2025-04-28 19:00:00","2025-04-28 20:00:00",DL,175,175,0,0,10.82857142857143,0.0,17.142857142857142
"2025-04-28 19:00:00","2025-04-28 20:00:00",UA,138,131,7,0,21.80916030534351,5.072463768115942,25.954198473282442
"2025-04-28 19:00:00","2025-04-28 20:00:00",WN,253,252,0,1,9.58498023715415,0.0,23.320158102766797
"2025-04-28 20:00:00","2025-04-28 21:00:00",AA,134,132,0,2,9.507462686567164,0.0,18.65671641791045
"2025-04-28 20:00:00","2025-04-28 21:00:00",DL,121,121,0,0,10.520661157024794,0.0,24.793388429752067
"2025-04-28 20:00:00","2025-04-28 21:00:00",UA,81,70,11,0,22.52857142857143,13.580246913580247,22.857142857142858
"2025-04-28 20:00:00","2025-04-28 21:00:00",WN,199,197,0,2,8.296482412060302,0.0,23.618090452261306
"2025-04-28 21:00:00","2025-04-28 22:00:00",AA,87,87,0,0,18.67816091954023,0.0,28.735632183908045
"2025-04-28 21:00:00","2025-04-28 22:00:00",DL,101,101,0,0,12.03960396039604,0.0,26.73267326732673
"2025-04-28 21:00:00","2025-04-28 22:00:00",UA,52,48,4,0,14.0625,7.6923076923076925,18.75
"2025-04-28 21:00:00","2025-04-28 22:00:00",WN,189,186,0,3,9.703703703703704,0.0,26.455026455026456
"2025-04-28 22:00:00","2025-04-28 23:00:00",AA,114,114,0,0,24.017543859649123,0.0,21.05263157894737
"2025-04-28 22:00:00","2025-04-28 23:00:00",DL,106,106,0,0,3.0660377358490565,0.0,11.320754716981131
"2025-04-28 22:00:00","2025-04-28 23:00:00",UA,33,29,4,0,19.103448275862068,12.121212121212121,20.689655172413794
"2025-04-28 22:00:00","2025-04-28 23:00:00",WN,16,16,0,0,3.5625,0.0,12.5
"2025-04-28 23:00:00","2025-04-29 00:00:00",AA,33,33,0,0,13.484848484848484,0.0,6.0606060606060606
"2025-04-28 23:00:00","2025-04-29 00:00:00",DL,33,33,0,0,1.0909090909090908,0.0,9.090909090909092
"2025-04-28 23:00:00","2025-04-29 00:00:00",UA,33,33,0,0,4.848484848484849,0.0,24.242424242424242
"2025-04-28 23:00:00","2025-04-29 00:00:00",WN,6,6,0,0,3.0,0.0,16.666666666666668
"2025-04-29 00:00:00","2025-04-29 01:00:00",AA,8,8,0,0,14.625,0.0,50.0
"2025-04-29 00:00:00","2025-04-29 01:00:00",DL,8,8,0,0,-2.0,0.0,0.0
"2025-04-29 00:00:00","2025-04-29 01:00:00",UA,8,8,0,0,-6.375,0.0,0.0
"2025-04-29 01:00:00","2025-04-29 02:00:00",AA,1,1,0,0,-6.0,0.0,0.0
"2025-04-29 01:00:00","2025-04-29 02:00:00",DL,2,2,0,0,-4.0,0.0,0.0
"2025-04-29 01:00:00","2025-04-29 02:00:00",UA,1,1,0,0,649.0,0.0,100.0
"2025-04-29 05:00:00","2025-04-29 06:00:00",AA,104,104,0,0,-6.4326923076923075,0.0,1.9230769230769231
"2025-04-29 05:00:00","2025-04-29 06:00:00",DL,76,76,0,0,-5.894736842105263,0.0,5.2631578947368425
"2025-04-29 05:00:00","2025-04-29 06:00:00",UA,38,37,1,0,3.189189189189189,2.6315789473684212,8.108108108108109
"2025-04-29 05:00:00","2025-04-29 06:00:00",WN,91,91,0,0,-1.6483516483516483,0.0,7.6923076923076925
"2025-04-29 06:00:00","2025-04-29 07:00:00",AA,185,185,0,0,-4.972972972972973,0.0,2.1621621621621623
"2025-04-29 06:00:00","2025-04-29 07:00:00",DL,189,189,0,0,3.7777777777777777,0.0,5.291005291005291
"2025-04-29 06:00:00","2025-04-29 07:00:00",UA,126,122,4,0,4.795081967213115,3.1746031746031744,4.918032786885246
"2025-04-29 06:00:00","2025-04-29 07:00:00",WN,283,283,0,0,-2.604240282685512,0.0,2.8268551236749118
"2025-04-29 07:00:00","2025-04-29 08:00:00",AA,214,214,0,0,5.985981308411215,0.0,6.074766355140187
"2025-04-29 07:00:00","2025-04-29 08:00:00",DL,240,240,0,0,-3.5,0.0,2.9166666666666665
"2025-04-29 07:00:00","2025-04-29 08:00:00",UA,190,188,2,0,-2.50531914893617,1.0526315789473684,5.319148936170213
"2025-04-29 07:00:00","2025-04-29 08:00:00",WN,231,231,0,0,-2.1082251082251084,0.0,2.5974025974025974
"2025-04-29 08:00:00","2025-04-29 09:00:00",AA,199,198,1,0,5.277777777777778,0.5025125628140703,10.1010101010101
"2025-04-29 08:00:00","2025-04-29 09:00:00",DL,194,194,0,0,4.242268041237113,0.0,11.34020618556701
"2025-04-29 08:00:00","2025-04-29 09:00:00",UA,159,159,0,0,-3.220125786163522,0.0,3.7735849056603774
"2025-04-29 08:00:00","2025-04-29 09:00:00",WN,296,296,0,0,-0.47297297297297297,0.0,4.054054054054054
"2025-04-29 09:00:00","2025-04-29 10:00:00",AA,140,139,1,0,-0.08633093525179857,0.7142857142857143,10.071942446043165
"2025-04-29 09:00:00","2025-04-29 10:00:00",DL,139,139,0,0,2.8345323741007196,0.0,7.913669064748201
"2025-04-29 09:00:00","2025-04-29 10:00:00",UA,140,139,1,0,3.8489208633093526,0.7142857142857143,8.633093525179856
"2025-04-29 09:00:00","2025-04-29 10:00:00",WN,191,191,0,0,-0.2356020942408377,0.0,3.6649214659685865
"2025-04-29 10:00:00","2025-04-29 11:00:00",AA,148,147,1,0,1.4081632653061225,0.6756756756756757,8.843537414965986
"2025-04-29 10:00:00","2025-04-29 11:00:00",DL,158,158,0,0,-3.2531645569620253,0.0,4.430379746835443
"2025-04-29 10:00:00","2025-04-29 11:00:00",UA,125,124,1,0,-0.45161290322580644,0.8,8.064516129032258
"2025-04-29 10:00:00","2025-04-29 11:00:00",WN,257,257,0,0,0.8326848249027238,0.0,6.614785992217898
"2025-04-29 11:00:00","2025-04-29 12:00:00",AA,161,161,0,0,2.9565217391304346,0.0,12.422360248447205
"2025-04-29 11:00:00","2025-04-29 12:00:00",DL,211,211,0,0,0.7251184834123223,0.0,7.5829383886255926
"2025-04-29 11:00:00","2025-04-29 12:00:00",UA,122,122,0,0,-0.6967213114754098,0.0,8.19672131147541
"2025-04-29 11:00:00","2025-04-29 12:00:00",WN,225,225,0,0,4.737777777777778,0.0,7.111111111111111
"2025-04-29 12:00:00","2025-04-29 13:00:00",AA,142,141,1,0,8.120567375886525,0.704225352112676,12.76595744680851
"2025-04-29 12:00:00","2025-04-29 13:00:00",DL,180,180,0,0,0.9111111111111111,0.0,7.777777777777778
"2025-04-29 12:00:00","2025-04-29 13:00:00",UA,118,118,0,0,1.88135593220339,0.0,5.084745762711864
"2025-04-29 12:00:00","2025-04-29 13:00:00",WN,218,217,1,0,-0.3225806451612903,0.45871559633027525,4.147465437788019
"2025-04-29 13:00:00","2025-04-29 14:00:00",AA,143,143,0,0,4.125874125874126,0.0,11.888111888111888
"2025-04-29 13:00:00","2025-04-29 14:00:00",DL,142,142,0,0,1.1126760563380282,0.0,7.746478873239437
"2025-04-29 13:00:00","2025-04-29 14:00:00",UA,120,120,0,0,3.066666666666667,0.0,9.166666666666666
"2025-04-29 13:00:00","2025-04-29 14:00:00",WN,234,233,1,0,5.793991416309013,0.42735042735042733,12.875536480686696
"2025-04-29 14:00:00","2025-04-29 15:00:00",AA,144,144,0,0,9.756944444444445,0.0,11.805555555555555
"2025-04-29 14:00:00","2025-04-29 15:00:00",DL,151,151,0,0,0.5960264900662252,0.0,9.933774834437086
"2025-04-29 14:00:00","2025-04-29 15:00:00",UA,126,126,0,0,3.5317460317460316,0.0,13.492063492063492
"2025-04-29 14:00:00","2025-04-29 15:00:00",WN,221,221,0,0,3.7194570135746607,0.0,9.95475113122172
"2025-04-29 15:00:00","2025-04-29 16:00:00",AA,137,137,0,0,13.766423357664234,0.0,10.94890510948905
"2025-04-29 15:00:00","2025-04-29 16:00:00",DL,180,180,0,0,4.544444444444444,0.0,13.88888888888889
"2025-04-29 15:00:00","2025-04-29 16:00:00",UA,92,92,0,0,6.282608695652174,0.0,16.304347826086957
"2025-04-29 15:00:00","2025-04-29 16:00:00",WN,221,221,0,0,6.542986425339366,0.0,17.647058823529413
"2025-04-29 16:00:00","2025-04-29 17:00:00",AA,138,138,0,0,15.927536231884059,0.0,22.463768115942027
"2025-04-29 16:00:00","2025-04-29 17:00:00",DL,121,121,0,0,0.4628099173553719,0.0,12.396694214876034
"2025-04-29 16:00:00","2025-04-29 17:00:00",UA,137,137,0,0,7.153284671532846,0.0,18.248175182481752
"2025-04-29 16:00:00","2025-04-29 17:00:00",WN,224,223,1,0,5.026905829596412,0.44642857142857145,15.695067264573991
"2025-04-29 17:00:00","2025-04-29 18:00:00",AA,153,153,0,0,8.098039215686274,0.0,14.379084967320262
"2025-04-29 17:00:00","2025-04-29 18:00:00",DL,176,176,0,0,1.1875,0.0,11.363636363636363
"2025-04-29 17:00:00","2025-04-29 18:00:00",UA,126,126,0,0,8.19047619047619,0.0,15.079365079365079
"2025-04-29 17:00:00","2025-04-29 18:00:00",WN,248,247,1,0,10.518218623481781,0.4032258064516129,21.86234817813765
"2025-04-29 18:00:00","2025-04-29 19:00:00",AA,157,157,0,0,3.0636942675159236,0.0,11.464968152866241
"2025-04-29 18:00:00","2025-04-29 19:00:00",DL,163,163,0,0,3.374233128834356,0.0,13.496932515337424
"2025-04-29 18:00:00","2025-04-29 19:00:00",UA,118,118,0,0,9.38135593220339,0.0,17.796610169491526
"2025-04-29 18:00:00","2025-04-29 19:00:00",WN,247,247,0,0,3.4534412955465585,0.0,13.360323886639677
"2025-04-29 19:00:00","2025-04-29 20:00:00",AA,150,150,0,0,10.413333333333334,0.0,13.333333333333334
"2025-04-29 19:00:00","2025-04-29 20:00:00",DL,125,125,0,0,-0.12,0.0,12.8
"2025-04-29 19:00:00","2025-04-29 20:00:00",UA,123,122,0,1,10.43089430894309,0.0,22.764227642276424
"2025-04-29 19:00:00","2025-04-29 20:00:00",WN,240,240,0,0,10.3625,0.0,21.666666666666668
"2025-04-29 20:00:00","2025-04-29 21:00:00",AA,132,130,0,2,3.4545454545454546,0.0,13.636363636363637
"2025-04-29 20:00:00","2025-04-29 21:00:00",DL,94,94,0,0,-1.7872340425531914,0.0,8.51063829787234
"2025-04-29 20:00:00","2025-04-29 21:00:00",UA,75,75,0,0,11.866666666666667,0.0,24.0
"2025-04-29 20:00:00","2025-04-29 21:00:00",WN,190,190,0,0,3.542105263157895,0.0,15.789473684210526
"2025-04-29 21:00:00","2025-04-29 22:00:00",AA,80,79,1,0,4.3924050632911396,1.25,13.924050632911392
"2025-04-29 21:00:00","2025-04-29 22:00:00",DL,78,78,0,0,0.5769230769230769,0.0,7.6923076923076925
"2025-04-29 21:00:00","2025-04-29 22:00:00",UA,38,38,0,0,-0.23684210526315788,0.0,10.526315789473685
"2025-04-29 21:00:00","2025-04-29 22:00:00",WN,94,94,0,0,2.882978723404255,0.0,14.893617021276595
"2025-04-29 22:00:00","2025-04-29 23:00:00",AA,97,97,0,0,3.515463917525773,0.0,17.52577319587629
"2025-04-29 22:00:00","2025-04-29 23:00:00",DL,102,102,0,0,-0.7352941176470589,0.0,7.8431372549019605
"2025-04-29 22:00:00","2025-04-29 23:00:00",UA,33,33,0,0,2.878787878787879,0.0,18.181818181818183
"2025-04-29 22:00:00","2025-04-29 23:00:00",WN,7,7,0,0,-0.5714285714285714,0.0,0.0
"2025-04-29 23:00:00","2025-04-30 00:00:00",AA,30,30,0,0,-5.4,0.0,0.0
"2025-04-29 23:00:00","2025-04-30 00:00:00",DL,29,29,0,0,-3.586206896551724,0.0,6.896551724137931
"2025-04-29 23:00:00","2025-04-30 00:00:00",UA,31,31,0,0,4.774193548387097,0.0,12.903225806451612
"2025-04-29 23:00:00","2025-04-30 00:00:00",WN,6,6,0,0,-1.8333333333333333,0.0,0.0
"2025-04-30 00:00:00","2025-04-30 01:00:00",AA,7,7,0,0,-0.8571428571428571,0.0,0.0
"2025-04-30 00:00:00","2025-04-30 01:00:00",DL,4,4,0,0,-6.75,0.0,0.0
"2025-04-30 00:00:00","2025-04-30 01:00:00",UA,7,7,0,0,-2.2857142857142856,0.0,0.0
"2025-04-30 01:00:00","2025-04-30 02:00:00",AA,1,1,0,0,0.0,0.0,0.0
"2025-04-30 01:00:00","2025-04-30 02:00:00",DL,2,2,0,0,24.5,0.0,100.0
"2025-04-30 01:00:00","2025-04-30 02:00:00",UA,1,1,0,0,0.0,0.0,0.0
"2025-04-30 05:00:00","2025-04-30 06:00:00",AA,108,101,2,5,-2.1132075471698113,1.8518518518518519,9.433962264150944
"2025-04-30 05:00:00","2025-04-30 06:00:00",DL,75,75,0,0,23.85333333333333,0.0,5.333333333333333
"2025-04-30 05:00:00","2025-04-30 06:00:00",UA,38,38,0,0,-2.526315789473684,0.0,5.2631578947368425
"2025-04-30 05:00:00","2025-04-30 06:00:00",WN,89,87,0,2,-2.7191011235955056,0.0,1.1235955056179776
"2025-04-30 06:00:00","2025-04-30 07:00:00",AA,193,178,1,14,-2.9739583333333335,0.5181347150259067,4.6875
"2025-04-30 06:00:00","2025-04-30 07:00:00",DL,189,189,0,0,-2.5925925925925926,0.0,2.6455026455026456
"2025-04-30 06:00:00","2025-04-30 07:00:00",UA,128,128,0,0,-1.21875,0.0,7.03125
"2025-04-30 06:00:00","2025-04-30 07:00:00",WN,292,287,0,5,-1.7363013698630136,0.0,3.4246575342465753
"2025-04-30 07:00:00","2025-04-30 08:00:00",AA,222,203,2,17,-0.43636363636363634,0.9009009009009009,7.2727272727272725
"2025-04-30 07:00:00","2025-04-30 08:00:00",DL,236,234,0,2,-1.7076271186440677,0.0,3.8135593220338984
"2025-04-30 07:00:00","2025-04-30 08:00:00",UA,191,190,0,1,-1.8219895287958114,0.0,4.18848167539267
"2025-04-30 07:00:00","2025-04-30 08:00:00",WN,230,226,2,2,0.008771929824561403,0.8695652173913043,3.508771929824561
"2025-04-30 08:00:00","2025-04-30 09:00:00",AA,196,177,6,13,2.305263157894737,3.061224489795918,10.0
"2025-04-30 08:00:00","2025-04-30 09:00:00",DL,192,189,0,3,-1.84375,0.0,4.166666666666667
"2025-04-30 08:00:00","2025-04-30 09:00:00",UA,156,154,0,2,2.282051282051282,0.0,7.051282051282051
"2025-04-30 08:00:00","2025-04-30 09:00:00",WN,291,284,4,3,0.4181184668989547,1.3745704467353952,4.181184668989547
"2025-04-30 09:00:00","2025-04-30 10:00:00",AA,136,111,19,6,21.264957264957264,13.970588235294118,18.803418803418804
"2025-04-30 09:00:00","2025-04-30 10:00:00",DL,139,137,0,2,-1.5035971223021583,0.0,4.316546762589928
"2025-04-30 09:00:00","2025-04-30 10:00:00",UA,140,138,2,0,4.818840579710145,1.4285714285714286,11.594202898550725
"2025-04-30 09:00:00","2025-04-30 10:00:00",WN,193,188,3,2,2.731578947368421,1.5544041450777202,6.315789473684211
"2025-04-30 10:00:00","2025-04-30 11:00:00",AA,158,124,34,0,43.435483870967744,21.518987341772153,22.580645161290324
"2025-04-30 10:00:00","2025-04-30 11:00:00",DL,160,159,0,1,3.25,0.0,9.375
"2025-04-30 10:00:00","2025-04-30 11:00:00",UA,130,129,1,0,16.837209302325583,0.7692307692307693,17.829457364341085
"2025-04-30 10:00:00","2025-04-30 11:00:00",WN,256,244,12,0,7.438524590163935,4.6875,10.245901639344263
"2025-04-30 11:00:00","2025-04-30 12:00:00",AA,164,133,31,0,28.781954887218046,18.902439024390244,23.30827067669173
"2025-04-30 11:00:00","2025-04-30 12:00:00",DL,210,210,0,0,9.476190476190476,0.0,8.095238095238095
"2025-04-30 11:00:00","2025-04-30 12:00:00",UA,123,122,1,0,4.057377049180328,0.8130081300813008,9.01639344262295
"2025-04-30 11:00:00","2025-04-30 12:00:00",WN,222,209,12,1,24.12857142857143,5.405405405405405,22.38095238095238
"2025-04-30 12:00:00","2025-04-30 13:00:00",AA,146,97,49,0,65.44329896907216,33.56164383561644,27.835051546391753
"2025-04-30 12:00:00","2025-04-30 13:00:00",DL,180,179,0,1,11.072222222222223,0.0,8.88888888888889
"2025-04-30 12:00:00","2025-04-30 13:00:00",UA,122,120,1,1,13.396694214876034,0.819672131147541,10.743801652892563
"2025-04-30 12:00:00","2025-04-30 13:00:00",WN,218,199,19,0,21.969849246231156,8.715596330275229,23.115577889447238
"2025-04-30 13:00:00","2025-04-30 14:00:00",AA,141,119,22,0,33.285714285714285,15.602836879432624,25.210084033613445
"2025-04-30 13:00:00","2025-04-30 14:00:00",DL,149,149,0,0,10.06711409395973,0.0,12.080536912751677
"2025-04-30 13:00:00","2025-04-30 14:00:00",UA,126,123,3,0,15.577235772357724,2.380952380952381,17.073170731707318
"2025-04-30 13:00:00","2025-04-30 14:00:00",WN,240,228,12,0,23.030701754385966,5.0,25.0
"2025-04-30 14:00:00","2025-04-30 15:00:00",AA,142,114,27,1,61.243478260869566,19.014084507042252,36.52173913043478
"2025-04-30 14:00:00","2025-04-30 15:00:00",DL,149,149,0,0,10.912751677852349,0.0,13.422818791946309
"2025-04-30 14:00:00","2025-04-30 15:00:00",UA,125,123,1,1,22.758064516129032,0.8,21.774193548387096
"2025-04-30 14:00:00","2025-04-30 15:00:00",WN,214,198,15,1,33.256281407035175,7.009345794392523,32.663316582914575
"2025-04-30 15:00:00","2025-04-30 16:00:00",AA,140,115,25,0,41.947826086956525,17.857142857142858,28.695652173913043
"2025-04-30 15:00:00","2025-04-30 16:00:00",DL,182,182,0,0,7.824175824175824,0.0,16.483516483516482
"2025-04-30 15:00:00","2025-04-30 16:00:00",UA,98,96,1,1,24.412371134020617,1.0204081632653061,26.804123711340207
"2025-04-30 15:00:00","2025-04-30 16:00:00",WN,219,213,6,0,27.718309859154928,2.73972602739726,35.68075117370892
"2025-04-30 16:00:00","2025-04-30 17:00:00",AA,145,123,22,0,47.68292682926829,15.172413793103448,34.146341463414636
"2025-04-30 16:00:00","2025-04-30 17:00:00",DL,125,124,0,1,14.36,0.0,18.4
"2025-04-30 16:00:00","2025-04-30 17:00:00",UA,140,138,0,2,30.085714285714285,0.0,22.142857142857142
"2025-04-30 16:00:00","2025-04-30 17:00:00",WN,217,208,9,0,27.610576923076923,4.147465437788019,35.57692307692308
"2025-04-30 17:00:00","2025-04-30 18:00:00",AA,156,128,27,1,33.348837209302324,17.307692307692307,34.10852713178294
"2025-04-30 17:00:00","2025-04-30 18:00:00",DL,171,171,0,0,6.853801169590644,0.0,11.11111111111111
"2025-04-30 17:00:00","2025-04-30 18:00:00",UA,130,129,1,0,21.26356589147287,0.7692307692307693,27.131782945736433
"2025-04-30 17:00:00","2025-04-30 18:00:00",WN,244,236,8,0,29.716101694915253,3.278688524590164,35.59322033898305
"2025-04-30 18:00:00","2025-04-30 19:00:00",AA,161,136,25,0,33.49264705882353,15.527950310559007,41.911764705882355
"2025-04-30 18:00:00","2025-04-30 19:00:00",DL,163,163,0,0,15.730061349693251,0.0,20.245398773006134
"2025-04-30 18:00:00","2025-04-30 19:00:00",UA,134,129,0,5,17.395522388059703,0.0,19.402985074626866
"2025-04-30 18:00:00","2025-04-30 19:00:00",WN,247,235,12,0,28.80851063829787,4.8582995951417,40.42553191489362
"2025-04-30 19:00:00","2025-04-30 20:00:00",AA,152,130,22,0,55.146153846153844,14.473684210526315,42.30769230769231
"2025-04-30 19:00:00","2025-04-30 20:00:00",DL,126,125,0,1,9.166666666666666,0.0,16.666666666666668
"2025-04-30 19:00:00","2025-04-30 20:00:00",UA,138,133,0,5,34.53623188405797,0.0,39.130434782608695
"2025-04-30 19:00:00","2025-04-30 20:00:00",WN,240,234,5,1,27.472340425531915,2.0833333333333335,39.148936170212764
"2025-04-30 20:00:00","2025-04-30 21:00:00",AA,128,111,17,0,25.2972972972973,13.28125,28.82882882882883
"2025-04-30 20:00:00","2025-04-30 21:00:00",DL,95,95,0,0,10.221052631578948,0.0,21.05263157894737
"2025-04-30 20:00:00","2025-04-30 21:00:00",UA,84,79,0,5,38.904761904761905,0.0,44.04761904761905
"2025-04-30 20:00:00","2025-04-30 21:00:00",WN,184,177,7,0,27.63276836158192,3.8043478260869565,38.4180790960452
"2025-04-30 21:00:00","2025-04-30 22:00:00",AA,87,77,10,0,32.16883116883117,11.494252873563218,31.16883116883117
"2025-04-30 21:00:00","2025-04-30 22:00:00",DL,82,82,0,0,9.451219512195122,0.0,19.51219512195122
"2025-04-30 21:00:00","2025-04-30 22:00:00",UA,57,54,1,2,33.089285714285715,1.7543859649122806,30.357142857142858
"2025-04-30 21:00:00","2025-04-30 22:00:00",WN,93,84,9,0,34.01190476190476,9.67741935483871,57.142857142857146
"2025-04-30 22:00:00","2025-04-30 23:00:00",AA,110,102,8,0,26.46078431372549,7.2727272727272725,28.431372549019606
"2025-04-30 22:00:00","2025-04-30 23:00:00",DL,105,104,0,1,9.752380952380953,0.0,11.428571428571429
"2025-04-30 22:00:00","2025-04-30 23:00:00",UA,37,36,1,0,7.333333333333333,2.7027027027027026,19.444444444444443
"2025-04-30 22:00:00","2025-04-30 23:00:00",WN,7,7,0,0,0.7142857142857143,0.0,0.0
"2025-04-30 23:00:00","2025-05-01 00:00:00",AA,31,29,2,0,23.482758620689655,6.451612903225806,13.793103448275861
"2025-04-30 23:00:00","2025-05-01 00:00:00",DL,28,27,0,1,6.821428571428571,0.0,17.857142857142858
"2025-04-30 23:00:00","2025-05-01 00:00:00",UA,37,37,0,0,27.35135135135135,0.0,27.027027027027028
"2025-04-30 23:00:00","2025-05-01 00:00:00",WN,6,6,0,0,6.0,0.0,33.333333333333336
