window_start,window_end,airline,num_flights,completed,cancelled,diverted,dep_delay_mean,cancellation_rate,late_departure_rate
"2025-01-01 00:00:00","2025-01-01 01:00:00",AA,13,13,0,0,7.384615384615385,0.0,30.76923076923077
"2025-01-01 00:00:00","2025-01-01 01:00:00",DL,1,1,0,0,-6.0,0.0,0.0
"2025-01-01 00:00:00","2025-01-01 01:00:00",UA,7,7,0,0,10.571428571428571,0.0,14.285714285714286
"2025-01-01 01:00:00","2025-01-01 02:00:00",AA,1,1,0,0,-7.0,0.0,0.0
"2025-01-01 01:00:00","2025-01-01 02:00:00",DL,2,2,0,0,-5.0,0.0,0.0
"2025-01-01 01:00:00","2025-01-01 02:00:00",UA,1,1,0,0,-3.0,0.0,0.0
"2025-01-01 02:00:00","2025-01-01 03:00:00",UA,1,1,0,0,1.0,0.0,0.0
"2025-01-01 03:00:00","2025-01-01 04:00:00",DL,1,1,0,0,-2.0,0.0,0.0
"2025-01-01 05:00:00","2025-01-01 06:00:00",AA,95,94,0,1,-2.9473684210526314,0.0,5.2631578947368425
"2025-01-01 05:00:00","2025-01-01 06:00:00",DL,53,53,0,0,-2.8679245283018866,0.0,3.7735849056603774
"2025-01-01 05:00:00","2025-01-01 06:00:00",UA,41,41,0,0,8.414634146341463,0.0,4.878048780487805
"2025-01-01 05:00:00","2025-01-01 06:00:00",WN,15,15,0,0,1.5333333333333334,0.0,6.666666666666667
"2025-01-01 06:00:00","2025-01-01 07:00:00",AA,157,157,0,0,9.414012738853502,0.0,7.006369426751593
"2025-01-01 06:00:00","2025-01-01 07:00:00",DL,169,169,0,0,1.9289940828402368,0.0,5.325443786982248
"2025-01-01 06:00:00","2025-01-01 07:00:00",UA,114,114,0,0,7.114035087719298,0.0,10.526315789473685
"2025-01-01 06:00:00","2025-01-01 07:00:00",WN,184,183,0,1,-0.5163043478260869,0.0,3.8043478260869565
"2025-01-01 07:00:00","2025-01-01 08:00:00",AA,128,127,1,0,5.78740157480315,0.78125,7.874015748031496
"2025-01-01 07:00:00","2025-01-01 08:00:00",DL,186,186,0,0,3.5806451612903225,0.0,10.21505376344086
"2025-01-01 07:00:00","2025-01-01 08:00:00",UA,160,159,1,0,2.5345911949685536,0.625,9.433962264150944
"2025-01-01 07:00:00","2025-01-01 08:00:00",WN,201,200,1,0,0.335,0.4975124378109453,5.0
"2025-01-01 08:00:00","2025-01-01 09:00:00",AA,173,173,0,0,-0.8728323699421965,0.0,5.780346820809249
"2025-01-01 08:00:00","2025-01-01 09:00:00",DL,157,157,0,0,4.426751592356688,0.0,11.464968152866241
"2025-01-01 08:00:00","2025-01-01 09:00:00",UA,166,166,0,0,0.0783132530120482,0.0,7.831325301204819
"2025-01-01 08:00:00","2025-01-01 09:00:00",WN,219,219,0,0,1.1232876712328768,0.0,6.8493150684931505
"2025-01-01 09:00:00","2025-01-01 10:00:00",AA,125,125,0,0,2.232,0.0,7.2
"2025-01-01 09:00:00","2025-01-01 10:00:00",DL,106,106,0,0,3.547169811320755,0.0,6.60377358490566
"2025-01-01 09:00:00","2025-01-01 10:00:00",UA,120,117,2,1,8.754237288135593,1.6666666666666667,21.1864406779661
"2025-01-01 09:00:00","2025-01-01 10:00:00",WN,239,238,1,0,3.365546218487395,0.41841004184100417,10.084033613445378
"2025-01-01 10:00:00","2025-01-01 11:00:00",AA,128,127,0,1,14.453125,0.0,8.59375
"2025-01-01 10:00:00","2025-01-01 11:00:00",DL,127,127,0,0,3.1496062992125986,0.0,11.023622047244094
"2025-01-01 10:00:00","2025-01-01 11:00:00",UA,108,108,0,0,4.5092592592592595,0.0,14.814814814814815
"2025-01-01 10:00:00","2025-01-01 11:00:00",WN,220,220,0,0,2.7454545454545456,0.0,11.363636363636363
"2025-01-01 11:00:00","2025-01-01 12:00:00",AA,127,127,0,0,8.125984251968504,0.0,11.811023622047244
"2025-01-01 11:00:00","2025-01-01 12:00:00",DL,170,170,0,0,0.9117647058823529,0.0,7.0588235294117645
"2025-01-01 11:00:00","2025-01-01 12:00:00",UA,104,104,0,0,8.01923076923077,0.0,19.23076923076923
"2025-01-01 11:00:00","2025-01-01 12:00:00",WN,219,217,2,0,3.71889400921659,0.91324200913242,10.599078341013826
"2025-01-01 12:00:00","2025-01-01 13:00:00",AA,113,113,0,0,6.6371681415929205,0.0,18.58407079646018
"2025-01-01 12:00:00","2025-01-01 13:00:00",DL,116,115,0,1,4.508620689655173,0.0,15.517241379310345
"2025-01-01 12:00:00","2025-01-01 13:00:00",UA,103,103,0,0,7.271844660194175,0.0,16.50485436893204
"2025-01-01 12:00:00","2025-01-01 13:00:00",WN,192,192,0,0,6.776041666666667,0.0,18.229166666666668
"2025-01-01 13:00:00","2025-01-01 14:00:00",AA,135,135,0,0,4.9037037037037035,0.0,14.074074074074074
"2025-01-01 13:00:00","2025-01-01 14:00:00",DL,108,107,0,1,6.824074074074074,0.0,16.666666666666668
"2025-01-01 13:00:00","2025-01-01 14:00:00",UA,124,122,1,1,14.21951219512195,0.8064516129032258,20.32520325203252
"2025-01-01 13:00:00","2025-01-01 14:00:00",WN,234,234,0,0,8.004273504273504,0.0,18.803418803418804
"2025-01-01 14:00:00","2025-01-01 15:00:00",AA,100,100,0,0,7.41,0.0,13.0
"2025-01-01 14:00:00","2025-01-01 15:00:00",DL,111,111,0,0,6.504504504504505,0.0,15.315315315315315
"2025-01-01 14:00:00","2025-01-01 15:00:00",UA,113,112,0,1,13.929203539823009,0.0,20.353982300884955
"2025-01-01 14:00:00","2025-01-01 15:00:00",WN,204,204,0,0,8.044117647058824,0.0,19.607843137254903
"2025-01-01 15:00:00","2025-01-01 16:00:00",AA,114,114,0,0,20.37719298245614,0.0,16.666666666666668
"2025-01-01 15:00:00","2025-01-01 16:00:00",DL,112,112,0,0,7.8125,0.0,16.071428571428573
"2025-01-01 15:00:00","2025-01-01 16:00:00",UA,59,58,1,0,2.9655172413793105,1.694915254237288,12.068965517241379
"2025-01-01 15:00:00","2025-01-01 16:00:00",WN,187,187,0,0,6.81283422459893,0.0,17.112299465240643
"2025-01-01 16:00:00","2025-01-01 17:00:00",AA,125,124,0,1,6.112,0.0,15.2
"2025-01-01 16:00:00","2025-01-01 17:00:00",DL,78,78,0,0,9.935897435897436,0.0,16.666666666666668
"2025-01-01 16:00:00","2025-01-01 17:00:00",UA,127,127,0,0,8.779527559055119,0.0,15.748031496062993
"2025-01-01 16:00:00","2025-01-01 17:00:00",WN,230,230,0,0,8.11304347826087,0.0,20.869565217391305
"2025-01-01 17:00:00","2025-01-01 18:00:00",AA,137,137,0,0,6.992700729927007,0.0,18.978102189781023
"2025-01-01 17:00:00","2025-01-01 18:00:00",DL,129,129,0,0,4.333333333333333,0.0,11.627906976744185
"2025-01-01 17:00:00","2025-01-01 18:00:00",UA,128,127,1,0,14.409448818897637,0.78125,27.559055118110237
"2025-01-01 17:00:00","2025-01-01 18:00:00",WN,204,204,0,0,9.122549019607844,0.0,20.58823529411765
"2025-01-01 18:00:00","2025-01-01 19:00:00",AA,137,137,0,0,10.693430656934307,0.0,20.437956204379564
"2025-01-01 18:00:00","2025-01-01 19:00:00",DL,82,82,0,0,5.695121951219512,0.0,13.414634146341463
"2025-01-01 18:00:00","2025-01-01 19:00:00",UA,141,141,0,0,9.198581560283689,0.0,17.73049645390071
"2025-01-01 18:00:00","2025-01-01 19:00:00",WN,242,242,0,0,8.396694214876034,0.0,21.487603305785125
"2025-01-01 19:00:00","2025-01-01 20:00:00",AA,120,120,0,0,4.875,0.0,18.333333333333332
"2025-01-01 19:00:00","2025-01-01 20:00:00",DL,61,61,0,0,-1.3278688524590163,0.0,1.639344262295082
"2025-01-01 19:00:00","2025-01-01 20:00:00",UA,95,91,3,1,11.391304347826088,3.1578947368421053,14.130434782608695
"2025-01-01 19:00:00","2025-01-01 20:00:00",WN,191,191,0,0,8.256544502617801,0.0,21.98952879581152
"2025-01-01 20:00:00","2025-01-01 21:00:00",AA,128,128,0,0,8.4921875,0.0,17.1875
"2025-01-01 20:00:00","2025-01-01 21:00:00",DL,49,49,0,0,8.816326530612244,0.0,18.367346938775512
"2025-01-01 20:00:00","2025-01-01 21:00:00",UA,116,115,1,0,7.130434782608695,0.8620689655172413,16.52173913043478
"2025-01-01 20:00:00","2025-01-01 21:00:00",WN,167,167,0,0,6.491017964071856,0.0,14.970059880239521
"2025-01-01 21:00:00","2025-01-01 22:00:00",AA,87,87,0,0,11.885057471264368,0.0,19.54022988505747
"2025-01-01 21:00:00","2025-01-01 22:00:00",DL,76,76,0,0,0.47368421052631576,0.0,9.210526315789474
"2025-01-01 21:00:00","2025-01-01 22:00:00",UA,57,57,0,0,6.5964912280701755,0.0,21.05263157894737
"2025-01-01 21:00:00","2025-01-01 22:00:00",WN,23,23,0,0,8.608695652173912,0.0,17.391304347826086
"2025-01-01 22:00:00","2025-01-01 23:00:00",AA,80,80,0,0,5.1875,0.0,7.5
"2025-01-01 22:00:00","2025-01-01 23:00:00",DL,63,63,0,0,1.8095238095238095,0.0,11.11111111111111
"2025-01-01 22:00:00","2025-01-01 23:00:00",UA,45,44,0,1,-0.3333333333333333,0.0,4.444444444444445
"2025-01-01 23:00:00","2025-01-02 00:00:00",AA,33,33,0,0,1.303030303030303,0.0,9.090909090909092
"2025-01-01 23:00:00","2025-01-02 00:00:00",DL,21,21,0,0,-4.380952380952381,0.0,0.0
"2025-01-01 23:00:00","2025-01-02 00:00:00",UA,47,47,0,0,0.8936170212765957,0.0,10.638297872340425
"2025-01-02 00:00:00","2025-01-02 01:00:00",AA,16,16,0,0,-0.4375,0.0,6.25
"2025-01-02 00:00:00","2025-01-02 01:00:00",DL,1,1,0,0,-9.0,0.0,0.0
"2025-01-02 00:00:00","2025-01-02 01:00:00",UA,9,9,0,0,12.0,0.0,33.333333333333336
"2025-01-02 01:00:00","2025-01-02 02:00:00",AA,2,2,0,0,-8.0,0.0,0.0
"2025-01-02 01:00:00","2025-01-02 02:00:00",DL,2,2,0,0,7.0,0.0,50.0
"2025-01-02 01:00:00","2025-01-02 02:00:00",UA,1,1,0,0,-16.0,0.0,0.0
"2025-01-02 02:00:00","2025-01-02 03:00:00",UA,1,1,0,0,-6.0,0.0,0.0
"2025-01-02 03:00:00","2025-01-02 04:00:00",DL,1,1,0,0,-3.0,0.0,0.0
"2025-01-02 05:00:00","2025-01-02 06:00:00",AA,111,110,0,1,-1.9009009009009008,0.0,6.306306306306307
"2025-01-02 05:00:00","2025-01-02 06:00:00",DL,45,45,0,0,-4.688888888888889,0.0,0.0
"2025-01-02 05:00:00","2025-01-02 06:00:00",UA,42,40,2,0,6.875,4.761904761904762,5.0
"2025-01-02 05:00:00","2025-01-02 06:00:00",WN,187,187,0,0,-2.7807486631016043,0.0,1.0695187165775402
"2025-01-02 06:00:00","2025-01-02 07:00:00",AA,170,170,0,0,-0.7294117647058823,0.0,5.294117647058823
"2025-01-02 06:00:00","2025-01-02 07:00:00",DL,170,169,0,1,-0.8235294117647058,0.0,6.470588235294118
"2025-01-02 06:00:00","2025-01-02 07:00:00",UA,129,129,0,0,3.317829457364341,0.0,16.27906976744186
"2025-01-02 06:00:00","2025-01-02 07:00:00",WN,277,277,0,0,-0.05776173285198556,0.0,3.6101083032490973
"2025-01-02 07:00:00","2025-01-02 08:00:00",AA,173,172,0,1,5.289017341040463,0.0,8.092485549132949
"2025-01-02 07:00:00","2025-01-02 08:00:00",DL,219,219,0,0,1.1141552511415524,0.0,9.132420091324201
"2025-01-02 07:00:00","2025-01-02 08:00:00",UA,172,170,1,1,-0.3567251461988304,0.5813953488372093,6.432748538011696
"2025-01-02 07:00:00","2025-01-02 08:00:00",WN,203,197,0,6,-1.2216748768472907,0.0,3.9408866995073892
"2025-01-02 08:00:00","2025-01-02 09:00:00",AA,180,179,0,1,5.8277777777777775,0.0,12.777777777777779
"2025-01-02 08:00:00","2025-01-02 09:00:00",DL,167,165,0,2,2.3233532934131738,0.0,8.982035928143713
"2025-01-02 08:00:00","2025-01-02 09:00:00",UA,177,173,2,2,6.628571428571429,1.1299435028248588,10.857142857142858
"2025-01-02 08:00:00","2025-01-02 09:00:00",WN,255,252,1,2,2.874015748031496,0.39215686274509803,9.448818897637794
"2025-01-02 09:00:00","2025-01-02 10:00:00",AA,117,117,0,0,1.3846153846153846,0.0,11.11111111111111
"2025-01-02 09:00:00","2025-01-02 10:00:00",DL,102,102,0,0,4.107843137254902,0.0,15.686274509803921
"2025-01-02 09:00:00","2025-01-02 10:00:00",UA,112,112,0,0,9.071428571428571,0.0,14.285714285714286
"2025-01-02 09:00:00","2025-01-02 10:00:00",WN,218,218,0,0,7.669724770642202,0.0,11.009174311926605
"2025-01-02 10:00:00","2025-01-02 11:00:00",AA,134,133,0,1,6.298507462686567,0.0,14.925373134328359
"2025-01-02 10:00:00","2025-01-02 11:00:00",DL,135,135,0,0,7.059259259259259,0.0,16.296296296296298
"2025-01-02 10:00:00","2025-01-02 11:00:00",UA,102,101,1,0,5.801980198019802,0.9803921568627451,11.881188118811881
"2025-01-02 10:00:00","2025-01-02 11:00:00",WN,211,210,0,1,6.838862559241706,0.0,12.322274881516588
"2025-01-02 11:00:00","2025-01-02 12:00:00",AA,149,149,0,0,4.261744966442953,0.0,13.422818791946309
"2025-01-02 11:00:00","2025-01-02 12:00:00",DL,181,181,0,0,10.950276243093922,0.0,15.469613259668508
"2025-01-02 11:00:00","2025-01-02 12:00:00",UA,108,106,2,0,6.30188679245283,1.8518518518518519,12.264150943396226
"2025-01-02 11:00:00","2025-01-02 12:00:00",WN,204,204,0,0,7.382352941176471,0.0,14.705882352941176
"2025-01-02 12:00:00","2025-01-02 13:00:00",AA,135,135,0,0,10.437037037037037,0.0,16.296296296296298
"2025-01-02 12:00:00","2025-01-02 13:00:00",DL,155,154,1,0,8.896103896103897,0.6451612903225806,18.83116883116883
"2025-01-02 12:00:00","2025-01-02 13:00:00",UA,109,109,0,0,1.073394495412844,0.0,8.256880733944953
"2025-01-02 12:00:00","2025-01-02 13:00:00",WN,253,251,1,1,11.043650793650794,0.3952569169960474,19.841269841269842
"2025-01-02 13:00:00","2025-01-02 14:00:00",AA,129,129,0,0,19.829457364341085,0.0,17.05426356589147
"2025-01-02 13:00:00","2025-01-02 14:00:00",DL,111,111,0,0,10.423423423423424,0.0,18.91891891891892
"2025-01-02 13:00:00","2025-01-02 14:00:00",UA,115,115,0,0,9.495652173913044,0.0,15.652173913043478
"2025-01-02 13:00:00","2025-01-02 14:00:00",WN,182,182,0,0,10.945054945054945,0.0,20.32967032967033
"2025-01-02 14:00:00","2025-01-02 15:00:00",AA,132,132,0,0,10.272727272727273,0.0,21.21212121212121
"2025-01-02 14:00:00","2025-01-02 15:00:00",DL,141,140,1,0,9.92142857142857,0.7092198581560284,17.857142857142858
"2025-01-02 14:00:00","2025-01-02 15:00:00",UA,121,120,0,1,8.413223140495868,0.0,14.049586776859504
"2025-01-02 14:00:00","2025-01-02 15:00:00",WN,226,224,1,1,12.275555555555556,0.4424778761061947,21.77777777777778
"2025-01-02 15:00:00","2025-01-02 16:00:00",AA,119,119,0,0,21.865546218487395,0.0,22.689075630252102
"2025-01-02 15:00:00","2025-01-02 16:00:00",DL,157,155,1,1,6.288461538461538,0.6369426751592356,18.58974358974359
"2025-01-02 15:00:00","2025-01-02 16:00:00",UA,68,68,0,0,8.073529411764707,0.0,17.647058823529413
"2025-01-02 15:00:00","2025-01-02 16:00:00",WN,230,230,0,0,14.082608695652175,0.0,26.956521739130434
"2025-01-02 16:00:00","2025-01-02 17:00:00",AA,152,152,0,0,11.578947368421053,0.0,19.736842105263158
"2025-01-02 16:00:00","2025-01-02 17:00:00",DL,120,118,1,1,12.512605042016807,0.8333333333333334,25.210084033613445
"2025-01-02 16:00:00","2025-01-02 17:00:00",UA,139,137,1,1,5.2898550724637685,0.7194244604316546,11.594202898550725
"2025-01-02 16:00:00","2025-01-02 17:00:00",WN,222,219,2,1,11.195454545454545,0.9009009009009009,21.818181818181817
"2025-01-02 17:00:00","2025-01-02 18:00:00",AA,144,144,0,0,12.17361111111111,0.0,15.972222222222221
"2025-01-02 17:00:00","2025-01-02 18:00:00",DL,137,136,0,1,9.372262773722628,0.0,19.708029197080293
"2025-01-02 17:00:00","2025-01-02 18:00:00",UA,126,126,0,0,7.785714285714286,0.0,14.285714285714286
"2025-01-02 17:00:00","2025-01-02 18:00:00",WN,185,184,0,1,9.4,0.0,21.62162162162162
"2025-01-02 18:00:00","2025-01-02 19:00:00",AA,158,155,0,3,13.537974683544304,0.0,22.151898734177216
"2025-01-02 18:00:00","2025-01-02 19:00:00",DL,145,145,0,0,14.744827586206897,0.0,19.310344827586206
"2025-01-02 18:00:00","2025-01-02 19:00:00",UA,136,135,0,1,11.580882352941176,0.0,20.58823529411765
"2025-01-02 18:00:00","2025-01-02 19:00:00",WN,229,224,1,4,10.171052631578947,0.4366812227074236,24.12280701754386
"2025-01-02 19:00:00","2025-01-02 20:00:00",AA,146,144,0,2,11.315068493150685,0.0,21.91780821917808
"2025-01-02 19:00:00","2025-01-02 20:00:00",DL,131,128,0,3,5.465648854961832,0.0,24.427480916030536
"2025-01-02 19:00:00","2025-01-02 20:00:00",UA,100,93,0,7,9.84,0.0,21.0
"2025-01-02 19:00:00","2025-01-02 20:00:00",WN,205,186,6,13,11.477386934673367,2.926829268292683,24.623115577889447
"2025-01-02 20:00:00","2025-01-02 21:00:00",AA,130,129,0,1,16.053846153846155,0.0,30.76923076923077
"2025-01-02 20:00:00","2025-01-02 21:00:00",DL,76,75,0,1,5.565789473684211,0.0,23.68421052631579
"2025-01-02 20:00:00","2025-01-02 21:00:00",UA,117,113,0,4,17.264957264957264,0.0,29.914529914529915
"2025-01-02 20:00:00","2025-01-02 21:00:00",WN,276,261,11,4,11.433962264150944,3.9855072463768115,26.79245283018868
"2025-01-02 21:00:00","2025-01-02 22:00:00",AA,79,77,0,2,21.303797468354432,0.0,31.645569620253166
"2025-01-02 21:00:00","2025-01-02 22:00:00",DL,82,81,0,1,18.29268292682927,0.0,24.390243902439025
"2025-01-02 21:00:00","2025-01-02 22:00:00",UA,50,49,0,1,27.46,0.0,28.0
"2025-01-02 21:00:00","2025-01-02 22:00:00",WN,162,149,13,0,11.429530201342281,8.024691358024691,26.845637583892618
"2025-01-02 22:00:00","2025-01-02 23:00:00",AA,88,88,0,0,25.102272727272727,0.0,28.40909090909091
"2025-01-02 22:00:00","2025-01-02 23:00:00",DL,97,97,0,0,29.216494845360824,0.0,16.49484536082474
"2025-01-02 22:00:00","2025-01-02 23:00:00",UA,46,46,0,0,26.543478260869566,0.0,23.91304347826087
"2025-01-02 22:00:00","2025-01-02 23:00:00",WN,121,116,4,1,9.760683760683762,3.3057851239669422,21.367521367521366
"2025-01-02 23:00:00","2025-01-03 00:00:00",AA,40,40,0,0,19.75,0.0,20.0
"2025-01-02 23:00:00","2025-01-03 00:00:00",DL,36,36,0,0,4.916666666666667,0.0,16.666666666666668
"2025-01-02 23:00:00","2025-01-03 00:00:00",UA,49,49,0,0,8.714285714285714,0.0,16.3265306122449
"2025-01-03 00:00:00","2025-01-03 01:00:00",AA,16,16,0,0,8.625,0.0,25.0
"2025-01-03 00:00:00","2025-01-03 01:00:00",DL,2,2,0,0,5.0,0.0,50.0
"2025-01-03 00:00:00","2025-01-03 01:00:00",UA,8,8,0,0,4.875,0.0,12.5
"2025-01-03 01:00:00","2025-01-03 02:00:00",AA,3,3,0,0,-4.666666666666667,0.0,0.0
"2025-01-03 01:00:00","2025-01-03 02:00:00",DL,2,2,0,0,15.0,0.0,50.0
"2025-01-03 01:00:00","2025-01-03 02:00:00",UA,1,1,0,0,-15.0,0.0,0.0
"2025-01-03 02:00:00","2025-01-03 03:00:00",UA,1,1,0,0,-8.0,0.0,0.0
"2025-01-03 03:00:00","2025-01-03 04:00:00",DL,1,1,0,0,-4.0,0.0,0.0
"2025-01-03 05:00:00","2025-01-03 06:00:00",AA,109,109,0,0,5.660550458715596,0.0,4.587155963302752
"2025-01-03 05:00:00","2025-01-03 06:00:00",DL,56,56,0,0,3.6964285714285716,0.0,8.928571428571429
"2025-01-03 05:00:00","2025-01-03 06:00:00",UA,42,42,0,0,-3.119047619047619,0.0,0.0
"2025-01-03 05:00:00","2025-01-03 06:00:00",WN,157,156,0,1,1.3184713375796178,0.0,3.1847133757961785
"2025-01-03 06:00:00","2025-01-03 07:00:00",AA,154,154,0,0,20.655844155844157,0.0,14.935064935064934
"2025-01-03 06:00:00","2025-01-03 07:00:00",DL,164,164,0,0,5.176829268292683,0.0,9.75609756097561
"2025-01-03 06:00:00","2025-01-03 07:00:00",UA,129,129,0,0,11.224806201550388,0.0,10.077519379844961
"2025-01-03 06:00:00","2025-01-03 07:00:00",WN,271,261,10,0,6.490421455938697,3.690036900369004,7.2796934865900385
"2025-01-03 07:00:00","2025-01-03 08:00:00",AA,194,194,0,0,14.52061855670103,0.0,10.309278350515465
"2025-01-03 07:00:00","2025-01-03 08:00:00",DL,222,222,0,0,8.085585585585585,0.0,12.162162162162161
"2025-01-03 07:00:00","2025-01-03 08:00:00",UA,178,177,0,1,22.43258426966292,0.0,21.348314606741575
"2025-01-03 07:00:00","2025-01-03 08:00:00",WN,205,193,12,0,12.803108808290155,5.853658536585366,18.65284974093264
"2025-01-03 08:00:00","2025-01-03 09:00:00",AA,180,179,0,1,9.122222222222222,0.0,10.555555555555555
"2025-01-03 08:00:00","2025-01-03 09:00:00",DL,167,167,0,0,11.497005988023952,0.0,13.173652694610778
"2025-01-03 08:00:00","2025-01-03 09:00:00",UA,178,178,0,0,7.898876404494382,0.0,13.48314606741573
"2025-01-03 08:00:00","2025-01-03 09:00:00",WN,265,258,7,0,12.720930232558139,2.641509433962264,19.767441860465116
"2025-01-03 09:00:00","2025-01-03 10:00:00",AA,115,115,0,0,12.373913043478261,0.0,15.652173913043478
"2025-01-03 09:00:00","2025-01-03 10:00:00",DL,112,112,0,0,6.910714285714286,0.0,15.178571428571429
"2025-01-03 09:00:00","2025-01-03 10:00:00",UA,104,104,0,0,23.125,0.0,27.884615384615383
"2025-01-03 09:00:00","2025-01-03 10:00:00",WN,194,193,0,1,18.943298969072163,0.0,26.288659793814432
"2025-01-03 10:00:00","2025-01-03 11:00:00",AA,129,129,0,0,9.806201550387597,0.0,17.829457364341085
"2025-01-03 10:00:00","2025-01-03 11:00:00",DL,130,130,0,0,10.776923076923078,0.0,17.692307692307693
"2025-01-03 10:00:00","2025-01-03 11:00:00",UA,92,92,0,0,14.08695652173913,0.0,26.08695652173913
"2025-01-03 10:00:00","2025-01-03 11:00:00",WN,207,205,1,1,13.922330097087379,0.4830917874396135,20.87378640776699
"2025-01-03 11:00:00","2025-01-03 12:00:00",AA,150,150,0,0,10.906666666666666,0.0,15.333333333333334
"2025-01-03 11:00:00","2025-01-03 12:00:00",DL,187,187,0,0,8.283422459893048,0.0,14.438502673796792
"2025-01-03 11:00:00","2025-01-03 12:00:00",UA,116,116,0,0,23.29310344827586,0.0,34.48275862068966
"2025-01-03 11:00:00","2025-01-03 12:00:00",WN,223,222,0,1,17.878923766816143,0.0,29.59641255605381
"2025-01-03 12:00:00","2025-01-03 13:00:00",AA,125,125,0,0,11.488,0.0,26.4
"2025-01-03 12:00:00","2025-01-03 13:00:00",DL,142,142,0,0,11.105633802816902,0.0,18.309859154929576
"2025-01-03 12:00:00","2025-01-03 13:00:00",UA,103,103,0,0,18.0,0.0,21.359223300970875
"2025-01-03 12:00:00","2025-01-03 13:00:00",WN,222,222,0,0,21.0,0.0,37.83783783783784
"2025-01-03 13:00:00","2025-01-03 14:00:00",AA,139,139,0,0,12.697841726618705,0.0,19.424460431654676
"2025-01-03 13:00:00","2025-01-03 14:00:00",DL,124,124,0,0,10.556451612903226,0.0,22.580645161290324
"2025-01-03 13:00:00","2025-01-03 14:00:00",UA,123,121,2,0,23.40495867768595,1.6260162601626016,38.84297520661157
"2025-01-03 13:00:00","2025-01-03 14:00:00",WN,225,224,1,0,26.178571428571427,0.4444444444444444,36.160714285714285
"2025-01-03 14:00:00","2025-01-03 15:00:00",AA,117,117,0,0,29.77777777777778,0.0,31.623931623931625
"2025-01-03 14:00:00","2025-01-03 15:00:00",DL,125,125,0,0,22.568,0.0,21.6
"2025-01-03 14:00:00","2025-01-03 15:00:00",UA,108,108,0,0,26.34259259259259,0.0,35.18518518518518
"2025-01-03 14:00:00","2025-01-03 15:00:00",WN,211,211,0,0,27.208530805687204,0.0,44.07582938388626
"2025-01-03 15:00:00","2025-01-03 16:00:00",AA,123,123,0,0,17.0,0.0,29.26829268292683
"2025-01-03 15:00:00","2025-01-03 16:00:00",DL,158,158,0,0,20.462025316455698,0.0,22.78481012658228
"2025-01-03 15:00:00","2025-01-03 16:00:00",UA,72,72,0,0,20.125,0.0,33.333333333333336
"2025-01-03 15:00:00","2025-01-03 16:00:00",WN,222,222,0,0,25.87837837837838,0.0,40.54054054054054
"2025-01-03 16:00:00","2025-01-03 17:00:00",AA,121,121,0,0,19.520661157024794,0.0,27.272727272727273
"2025-01-03 16:00:00","2025-01-03 17:00:00",DL,104,104,0,0,17.884615384615383,0.0,24.03846153846154
"2025-01-03 16:00:00","2025-01-03 17:00:00",UA,127,125,0,2,24.37795275590551,0.0,33.85826771653543
"2025-01-03 16:00:00","2025-01-03 17:00:00",WN,216,215,1,0,27.846511627906978,0.46296296296296297,47.906976744186046
"2025-01-03 17:00:00","2025-01-03 18:00:00",AA,132,132,0,0,13.31060606060606,0.0,25.0
"2025-01-03 17:00:00","2025-01-03 18:00:00",DL,141,141,0,0,9.595744680851064,0.0,17.73049645390071
"2025-01-03 17:00:00","2025-01-03 18:00:00",UA,120,119,1,0,21.907563025210084,0.8333333333333334,34.45378151260504
"2025-01-03 17:00:00","2025-01-03 18:00:00",WN,222,222,0,0,28.45945945945946,0.0,46.3963963963964
"2025-01-03 18:00:00","2025-01-03 19:00:00",AA,150,149,0,1,19.773333333333333,0.0,29.333333333333332
"2025-01-03 18:00:00","2025-01-03 19:00:00",DL,162,162,0,0,13.290123456790123,0.0,21.604938271604937
"2025-01-03 18:00:00","2025-01-03 19:00:00",UA,143,142,1,0,20.225352112676056,0.6993006993006993,31.690140845070424
"2025-01-03 18:00:00","2025-01-03 19:00:00",WN,226,226,0,0,30.809734513274336,0.0,48.230088495575224
"2025-01-03 19:00:00","2025-01-03 20:00:00",AA,123,123,0,0,18.83739837398374,0.0,32.520325203252035
"2025-01-03 19:00:00","2025-01-03 20:00:00",DL,120,120,0,0,13.491666666666667,0.0,29.166666666666668
"2025-01-03 19:00:00","2025-01-03 20:00:00",UA,94,94,0,0,14.96808510638298,0.0,31.914893617021278
"2025-01-03 19:00:00","2025-01-03 20:00:00",WN,203,202,0,1,30.517241379310345,0.0,53.69458128078818
"2025-01-03 20:00:00","2025-01-03 21:00:00",AA,129,129,0,0,13.418604651162791,0.0,26.356589147286822
"2025-01-03 20:00:00","2025-01-03 21:00:00",DL,75,75,0,0,18.026666666666667,0.0,33.333333333333336
"2025-01-03 20:00:00","2025-01-03 21:00:00",UA,113,112,1,0,21.625,0.8849557522123894,36.607142857142854
"2025-01-03 20:00:00","2025-01-03 21:00:00",WN,281,276,2,3,30.910394265232974,0.7117437722419929,51.971326164874554
"2025-01-03 21:00:00","2025-01-03 22:00:00",AA,75,75,0,0,15.026666666666667,0.0,26.666666666666668
"2025-01-03 21:00:00","2025-01-03 22:00:00",DL,79,79,0,0,15.481012658227849,0.0,27.848101265822784
"2025-01-03 21:00:00","2025-01-03 22:00:00",UA,51,51,0,0,17.823529411764707,0.0,29.41176470588235
"2025-01-03 21:00:00","2025-01-03 22:00:00",WN,115,115,0,0,31.669565217391305,0.0,55.65217391304348
"2025-01-03 22:00:00","2025-01-03 23:00:00",AA,70,70,0,0,12.528571428571428,0.0,27.142857142857142
"2025-01-03 22:00:00","2025-01-03 23:00:00",DL,94,94,0,0,5.98936170212766,0.0,22.340425531914892
"2025-01-03 22:00:00","2025-01-03 23:00:00",UA,45,44,1,0,16.65909090909091,2.2222222222222223,38.63636363636363
"2025-01-03 22:00:00","2025-01-03 23:00:00",WN,117,117,0,0,19.71794871794872,0.0,50.427350427350426
"2025-01-03 23:00:00","2025-01-04 00:00:00",AA,32,32,0,0,11.21875,0.0,21.875
"2025-01-03 23:00:00","2025-01-04 00:00:00",DL,34,34,0,0,7.0,0.0,17.647058823529413
"2025-01-03 23:00:00","2025-01-04 00:00:00",UA,49,49,0,0,23.877551020408163,0.0,24.489795918367346
"2025-01-04 00:00:00","2025-01-04 01:00:00",AA,14,14,0,0,7.142857142857143,0.0,21.428571428571427
"2025-01-04 00:00:00","2025-01-04 01:00:00",DL,2,2,0,0,-1.5,0.0,0.0
"2025-01-04 00:00:00","2025-01-04 01:00:00",UA,8,8,0,0,4.875,0.0,25.0
"2025-01-04 01:00:00","2025-01-04 02:00:00",AA,3,3,0,0,-2.6666666666666665,0.0,0.0
"2025-01-04 01:00:00","2025-01-04 02:00:00",DL,2,2,0,0,5.5,0.0,50.0
"2025-01-04 01:00:00","2025-01-04 02:00:00",UA,1,1,0,0,57.0,0.0,100.0
"2025-01-04 02:00:00","2025-01-04 03:00:00",UA,1,1,0,0,1.0,0.0,0.0
"2025-01-04 03:00:00","2025-01-04 04:00:00",DL,1,1,0,0,-7.0,0.0,0.0
"2025-01-04 05:00:00","2025-01-04 06:00:00",AA,93,93,0,0,21.27956989247312,0.0,8.602150537634408
"2025-01-04 05:00:00","2025-01-04 06:00:00",DL,50,50,0,0,4.76,0.0,12.0
"2025-01-04 05:00:00","2025-01-04 06:00:00",UA,48,48,0,0,21.020833333333332,0.0,16.666666666666668
"2025-01-04 05:00:00","2025-01-04 06:00:00",WN,226,226,0,0,-0.48672566371681414,0.0,4.867256637168142
"2025-01-04 06:00:00","2025-01-04 07:00:00",AA,160,157,0,3,12.19375,0.0,9.375
"2025-01-04 06:00:00","2025-01-04 07:00:00",DL,173,173,0,0,6.289017341040463,0.0,10.982658959537572
"2025-01-04 06:00:00","2025-01-04 07:00:00",UA,121,120,1,0,4.566666666666666,0.8264462809917356,11.666666666666666
"2025-01-04 06:00:00","2025-01-04 07:00:00",WN,256,256,0,0,0.06640625,0.0,1.5625
"2025-01-04 07:00:00","2025-01-04 08:00:00",AA,164,164,0,0,4.475609756097561,0.0,9.75609756097561
"2025-01-04 07:00:00","2025-01-04 08:00:00",DL,210,210,0,0,12.571428571428571,0.0,12.380952380952381
"2025-01-04 07:00:00","2025-01-04 08:00:00",UA,172,169,1,2,12.52046783625731,0.5813953488372093,15.2046783625731
"2025-01-04 07:00:00","2025-01-04 08:00:00",WN,238,235,3,0,4.034042553191489,1.2605042016806722,12.76595744680851
"2025-01-04 08:00:00","2025-01-04 09:00:00",AA,151,151,0,0,3.5033112582781456,0.0,11.258278145695364
"2025-01-04 08:00:00","2025-01-04 09:00:00",DL,153,153,0,0,5.431372549019608,0.0,15.032679738562091
"2025-01-04 08:00:00","2025-01-04 09:00:00",UA,153,153,0,0,12.751633986928105,0.0,20.915032679738562
"2025-01-04 08:00:00","2025-01-04 09:00:00",WN,171,169,2,0,4.414201183431953,1.1695906432748537,14.792899408284024
"2025-01-04 09:00:00","2025-01-04 10:00:00",AA,110,109,0,1,6.545454545454546,0.0,12.727272727272727
"2025-01-04 09:00:00","2025-01-04 10:00:00",DL,114,112,0,2,9.157894736842104,0.0,21.05263157894737
"2025-01-04 09:00:00","2025-01-04 10:00:00",UA,110,109,1,0,13.495412844036696,0.9090909090909091,20.18348623853211
"2025-01-04 09:00:00","2025-01-04 10:00:00",WN,235,235,0,0,7.127659574468085,0.0,18.29787234042553
"2025-01-04 10:00:00","2025-01-04 11:00:00",AA,118,118,0,0,8.898305084745763,0.0,15.254237288135593
"2025-01-04 10:00:00","2025-01-04 11:00:00",DL,125,125,0,0,13.344,0.0,22.4
"2025-01-04 10:00:00","2025-01-04 11:00:00",UA,97,96,0,1,10.092783505154639,0.0,20.61855670103093
"2025-01-04 10:00:00","2025-01-04 11:00:00",WN,158,157,0,1,15.063291139240507,0.0,26.582278481012658
"2025-01-04 11:00:00","2025-01-04 12:00:00",AA,122,122,0,0,13.991803278688524,0.0,24.59016393442623
"2025-01-04 11:00:00","2025-01-04 12:00:00",DL,186,186,0,0,14.844086021505376,0.0,26.881720430107528
"2025-01-04 11:00:00","2025-01-04 12:00:00",UA,107,107,0,0,15.429906542056075,0.0,30.8411214953271
"2025-01-04 11:00:00","2025-01-04 12:00:00",WN,201,200,0,1,9.592039800995025,0.0,21.393034825870647
"2025-01-04 12:00:00","2025-01-04 13:00:00",AA,127,127,0,0,28.79527559055118,0.0,29.133858267716537
"2025-01-04 12:00:00","2025-01-04 13:00:00",DL,136,136,0,0,21.558823529411764,0.0,27.205882352941178
"2025-01-04 12:00:00","2025-01-04 13:00:00",UA,94,92,1,1,22.9247311827957,1.0638297872340425,32.25806451612903
"2025-01-04 12:00:00","2025-01-04 13:00:00",WN,208,206,0,2,13.0,0.0,26.923076923076923
"2025-01-04 13:00:00","2025-01-04 14:00:00",AA,118,118,0,0,16.26271186440678,0.0,24.576271186440678
"2025-01-04 13:00:00","2025-01-04 14:00:00",DL,118,117,1,0,35.256410256410255,0.847457627118644,38.46153846153846
"2025-01-04 13:00:00","2025-01-04 14:00:00",UA,110,108,2,0,16.02777777777778,1.8181818181818181,35.18518518518518
"2025-01-04 13:00:00","2025-01-04 14:00:00",WN,190,186,3,1,15.529411764705882,1.5789473684210527,33.155080213903744
"2025-01-04 14:00:00","2025-01-04 15:00:00",AA,113,111,1,1,48.276785714285715,0.8849557522123894,38.392857142857146
"2025-01-04 14:00:00","2025-01-04 15:00:00",DL,126,126,0,0,23.015873015873016,0.0,34.92063492063492
"2025-01-04 14:00:00","2025-01-04 15:00:00",UA,113,113,0,0,28.743362831858406,0.0,38.05309734513274
"2025-01-04 14:00:00","2025-01-04 15:00:00",WN,216,213,2,1,23.864485981308412,0.9259259259259259,40.654205607476634
"2025-01-04 15:00:00","2025-01-04 16:00:00",AA,119,118,1,0,13.533898305084746,0.8403361344537815,24.576271186440678
"2025-01-04 15:00:00","2025-01-04 16:00:00",DL,161,160,1,0,29.3,0.6211180124223602,34.375
"2025-01-04 15:00:00","2025-01-04 16:00:00",UA,71,71,0,0,25.43661971830986,0.0,42.25352112676056
"2025-01-04 15:00:00","2025-01-04 16:00:00",WN,220,218,2,0,30.568807339449542,0.9090909090909091,51.8348623853211
"2025-01-04 16:00:00","2025-01-04 17:00:00",AA,114,113,1,0,24.36283185840708,0.8771929824561403,38.93805309734513
"2025-01-04 16:00:00","2025-01-04 17:00:00",DL,104,102,2,0,20.401960784313726,1.9230769230769231,39.21568627450981
"2025-01-04 16:00:00","2025-01-04 17:00:00",UA,119,118,0,1,20.478991596638654,0.0,35.294117647058826
"2025-01-04 16:00:00","2025-01-04 17:00:00",WN,195,193,2,0,32.73575129533679,1.0256410256410255,52.33160621761658
"2025-01-04 17:00:00","2025-01-04 18:00:00",AA,115,112,3,0,21.642857142857142,2.608695652173913,30.357142857142858
"2025-01-04 17:00:00","2025-01-04 18:00:00",DL,126,123,2,1,29.758064516129032,1.5873015873015872,42.74193548387097
"2025-01-04 17:00:00","2025-01-04 18:00:00",UA,103,98,4,1,25.262626262626263,3.883495145631068,52.525252525252526
"2025-01-04 17:00:00","2025-01-04 18:00:00",WN,194,189,4,1,35.32631578947368,2.0618556701030926,61.05263157894737
"2025-01-04 18:00:00","2025-01-04 19:00:00",AA,142,141,0,1,23.767605633802816,0.0,30.985915492957748
"2025-01-04 18:00:00","2025-01-04 19:00:00",DL,150,149,1,0,21.463087248322147,0.6666666666666666,40.939597315436245
"2025-01-04 18:00:00","2025-01-04 19:00:00",UA,130,127,2,1,23.1796875,1.5384615384615385,39.0625
"2025-01-04 18:00:00","2025-01-04 19:00:00",WN,233,225,7,1,34.63274336283186,3.004291845493562,55.75221238938053
"2025-01-04 19:00:00","2025-01-04 20:00:00",AA,121,119,2,0,22.756302521008404,1.6528925619834711,39.49579831932773
"2025-01-04 19:00:00","2025-01-04 20:00:00",DL,118,117,1,0,30.641025641025642,0.847457627118644,41.88034188034188
"2025-01-04 19:00:00","2025-01-04 20:00:00",UA,89,88,1,0,33.72727272727273,1.1235955056179776,55.68181818181818
"2025-01-04 19:00:00","2025-01-04 20:00:00",WN,206,201,4,1,36.57920792079208,1.941747572815534,57.92079207920792
"2025-01-04 20:00:00","2025-01-04 21:00:00",AA,124,122,2,0,22.729508196721312,1.6129032258064515,42.622950819672134
"2025-01-04 20:00:00","2025-01-04 21:00:00",DL,82,81,1,0,16.77777777777778,1.2195121951219512,35.80246913580247
"2025-01-04 20:00:00","2025-01-04 21:00:00",UA,114,110,4,0,28.563636363636363,3.508771929824561,43.63636363636363
"2025-01-04 20:00:00","2025-01-04 21:00:00",WN,237,232,5,0,37.456896551724135,2.109704641350211,55.172413793103445
"2025-01-04 21:00:00","2025-01-04 22:00:00",AA,82,79,3,0,33.12658227848101,3.658536585365854,45.56962025316456
"2025-01-04 21:00:00","2025-01-04 22:00:00",DL,85,83,2,0,15.843373493975903,2.3529411764705883,28.91566265060241
"2025-01-04 21:00:00","2025-01-04 22:00:00",UA,49,49,0,0,15.10204081632653,0.0,36.734693877551024
"2025-01-04 21:00:00","2025-01-04 22:00:00",WN,160,153,5,2,37.57419354838709,3.125,67.09677419354838
"2025-01-04 22:00:00","2025-01-04 23:00:00",AA,77,77,0,0,28.727272727272727,0.0,29.87012987012987
"2025-01-04 22:00:00","2025-01-04 23:00:00",DL,97,96,1,0,27.364583333333332,1.0309278350515463,29.166666666666668
"2025-01-04 22:00:00","2025-01-04 23:00:00",UA,47,46,0,1,42.38297872340426,0.0,42.5531914893617
"2025-01-04 22:00:00","2025-01-04 23:00:00",WN,106,99,6,1,33.17,5.660377358490566,68.0
"2025-01-04 23:00:00","2025-01-05 00:00:00",AA,38,38,0,0,4.973684210526316,0.0,13.157894736842104
"2025-01-04 23:00:00","2025-01-05 00:00:00",DL,37,36,0,1,15.297297297297296,0.0,43.24324324324324
"2025-01-04 23:00:00","2025-01-05 00:00:00",UA,48,48,0,0,29.104166666666668,0.0,35.416666666666664
"2025-01-05 00:00:00","2025-01-05 01:00:00",AA,14,14,0,0,-0.07142857142857142,0.0,7.142857142857143
"2025-01-05 00:00:00","2025-01-05 01:00:00",DL,3,3,0,0,-7.666666666666667,0.0,0.0
"2025-01-05 00:00:00","2025-01-05 01:00:00",UA,9,9,0,0,17.444444444444443,0.0,33.333333333333336
"2025-01-05 01:00:00","2025-01-05 02:00:00",AA,1,1,0,0,318.0,0.0,100.0
"2025-01-05 01:00:00","2025-01-05 02:00:00",DL,2,2,0,0,-2.0,0.0,0.0
"2025-01-05 01:00:00","2025-01-05 02:00:00",UA,1,1,0,0,4.0,0.0,0.0
"2025-01-05 02:00:00","2025-01-05 03:00:00",UA,1,1,0,0,1.0,0.0,0.0
"2025-01-05 03:00:00","2025-01-05 04:00:00",DL,1,1,0,0,-1.0,0.0,0.0
"2025-01-05 05:00:00","2025-01-05 06:00:00",AA,116,109,7,0,5.660550458715596,6.0344827586206895,7.339449541284404
"2025-01-05 05:00:00","2025-01-05 06:00:00",DL,52,50,2,0,25.72,3.8461538461538463,14.0
"2025-01-05 05:00:00","2025-01-05 06:00:00",UA,44,44,0,0,-1.8863636363636365,0.0,4.545454545454546
"2025-01-05 05:00:00","2025-01-05 06:00:00",WN,190,169,21,0,5.461538461538462,11.052631578947368,10.059171597633137
"2025-01-05 06:00:00","2025-01-05 07:00:00",AA,164,160,2,2,8.290123456790123,1.2195121951219512,11.11111111111111
"2025-01-05 06:00:00","2025-01-05 07:00:00",DL,171,169,2,0,18.23076923076923,1.1695906432748537,18.93491124260355
"2025-01-05 06:00:00","2025-01-05 07:00:00",UA,121,118,2,1,2.5714285714285716,1.6528925619834711,6.722689075630252
"2025-01-05 06:00:00","2025-01-05 07:00:00",WN,263,239,24,0,2.301255230125523,9.125475285171103,7.949790794979079
"2025-01-05 07:00:00","2025-01-05 08:00:00",AA,192,188,4,0,11.71808510638298,2.0833333333333335,16.48936170212766
"2025-01-05 07:00:00","2025-01-05 08:00:00",DL,215,213,2,0,7.098591549295775,0.9302325581395349,12.67605633802817
"2025-01-05 07:00:00","2025-01-05 08:00:00",UA,171,167,2,2,14.1301775147929,1.1695906432748537,10.650887573964496
"2025-01-05 07:00:00","2025-01-05 08:00:00",WN,215,191,24,0,4.596858638743456,11.162790697674419,9.947643979057592
"2025-01-05 08:00:00","2025-01-05 09:00:00",AA,156,152,2,2,29.863636363636363,1.2820512820512822,26.623376623376622
"2025-01-05 08:00:00","2025-01-05 09:00:00",DL,148,144,3,1,12.462068965517242,2.027027027027027,18.620689655172413
"2025-01-05 08:00:00","2025-01-05 09:00:00",UA,149,144,4,1,17.117241379310343,2.684563758389262,21.379310344827587
"2025-01-05 08:00:00","2025-01-05 09:00:00",WN,230,212,16,2,6.462616822429907,6.956521739130435,16.35514018691589
"2025-01-05 09:00:00","2025-01-05 10:00:00",AA,129,124,5,0,23.225806451612904,3.875968992248062,22.580645161290324
"2025-01-05 09:00:00","2025-01-05 10:00:00",DL,120,118,1,1,12.336134453781513,0.8333333333333334,25.210084033613445
"2025-01-05 09:00:00","2025-01-05 10:00:00",UA,110,106,4,0,12.660377358490566,3.6363636363636362,20.754716981132077
"2025-01-05 09:00:00","2025-01-05 10:00:00",WN,220,209,11,0,10.17224880382775,5.0,27.272727272727273
"2025-01-05 10:00:00","2025-01-05 11:00:00",AA,126,122,4,0,46.09836065573771,3.1746031746031744,40.16393442622951
"2025-01-05 10:00:00","2025-01-05 11:00:00",DL,126,121,4,1,16.262295081967213,3.1746031746031744,25.40983606557377
"2025-01-05 10:00:00","2025-01-05 11:00:00",UA,95,90,2,3,13.204301075268818,2.1052631578947367,26.881720430107528
"2025-01-05 10:00:00","2025-01-05 11:00:00",WN,207,187,19,1,9.27659574468085,9.178743961352657,23.404255319148938
"2025-01-05 11:00:00","2025-01-05 12:00:00",AA,158,153,4,1,31.350649350649352,2.5316455696202533,40.90909090909091
"2025-01-05 11:00:00","2025-01-05 12:00:00",DL,190,187,1,2,21.804232804232804,0.5263157894736842,31.21693121693122
"2025-01-05 11:00:00","2025-01-05 12:00:00",UA,116,115,0,1,21.46551724137931,0.0,40.51724137931034
"2025-01-05 11:00:00","2025-01-05 12:00:00",WN,219,202,17,0,14.351485148514852,7.762557077625571,25.742574257425744
"2025-01-05 12:00:00","2025-01-05 13:00:00",AA,125,118,6,1,84.83193277310924,4.8,52.10084033613445
"2025-01-05 12:00:00","2025-01-05 13:00:00",DL,132,128,3,1,16.100775193798448,2.272727272727273,28.68217054263566
"2025-01-05 12:00:00","2025-01-05 13:00:00",UA,97,91,2,4,11.536842105263158,2.0618556701030926,13.68421052631579
"2025-01-05 12:00:00","2025-01-05 13:00:00",WN,240,216,23,1,16.47926267281106,9.583333333333334,33.17972350230415
"2025-01-05 13:00:00","2025-01-05 14:00:00",AA,131,124,6,1,53.8,4.580152671755725,44.8
"2025-01-05 13:00:00","2025-01-05 14:00:00",DL,121,119,2,0,21.03361344537815,1.6528925619834711,31.932773109243698
"2025-01-05 13:00:00","2025-01-05 14:00:00",UA,112,105,5,2,18.130841121495326,4.464285714285714,22.429906542056074
"2025-01-05 13:00:00","2025-01-05 14:00:00",WN,189,173,16,0,18.063583815028903,8.465608465608465,32.947976878612714
"2025-01-05 14:00:00","2025-01-05 15:00:00",AA,130,115,15,0,63.33913043478261,11.538461538461538,50.43478260869565
"2025-01-05 14:00:00","2025-01-05 15:00:00",DL,134,129,5,0,23.426356589147286,3.7313432835820897,39.53488372093023
"2025-01-05 14:00:00","2025-01-05 15:00:00",UA,113,112,1,0,38.544642857142854,0.8849557522123894,33.035714285714285
"2025-01-05 14:00:00","2025-01-05 15:00:00",WN,220,198,21,1,21.587939698492463,9.545454545454545,47.23618090452261
"2025-01-05 15:00:00","2025-01-05 16:00:00",AA,113,101,11,1,91.67647058823529,9.734513274336283,59.80392156862745
"2025-01-05 15:00:00","2025-01-05 16:00:00",DL,142,137,3,2,26.58992805755396,2.112676056338028,42.44604316546763
"2025-01-05 15:00:00","2025-01-05 16:00:00",UA,68,65,2,1,18.136363636363637,2.9411764705882355,30.303030303030305
"2025-01-05 15:00:00","2025-01-05 16:00:00",WN,215,195,19,1,25.882653061224488,8.837209302325581,54.08163265306123
"2025-01-05 16:00:00","2025-01-05 17:00:00",AA,143,120,22,1,34.43801652892562,15.384615384615385,38.84297520661157
"2025-01-05 16:00:00","2025-01-05 17:00:00",DL,116,109,7,0,20.798165137614678,6.0344827586206895,34.862385321100916
"2025-01-05 16:00:00","2025-01-05 17:00:00",UA,123,113,9,1,32.13157894736842,7.317073170731708,35.96491228070175
"2025-01-05 16:00:00","2025-01-05 17:00:00",WN,198,181,17,0,28.49171270718232,8.585858585858587,60.773480662983424
"2025-01-05 17:00:00","2025-01-05 18:00:00",AA,148,124,24,0,48.37096774193548,16.216216216216218,44.354838709677416
"2025-01-05 17:00:00","2025-01-05 18:00:00",DL,129,123,5,1,24.983870967741936,3.875968992248062,38.70967741935484
"2025-01-05 17:00:00","2025-01-05 18:00:00",UA,109,99,8,2,63.742574257425744,7.339449541284404,44.554455445544555
"2025-01-05 17:00:00","2025-01-05 18:00:00",WN,187,174,13,0,29.632183908045977,6.951871657754011,50.57471264367816
"2025-01-05 18:00:00","2025-01-05 19:00:00",AA,162,134,27,1,57.17777777777778,16.666666666666668,52.592592592592595
"2025-01-05 18:00:00","2025-01-05 19:00:00",DL,157,149,8,0,33.15436241610738,5.095541401273885,34.899328859060404
"2025-01-05 18:00:00","2025-01-05 19:00:00",UA,144,131,13,0,48.465648854961835,9.027777777777779,42.74809160305343
"2025-01-05 18:00:00","2025-01-05 19:00:00",WN,243,217,25,1,29.706422018348626,10.2880658436214,57.3394495412844
"2025-01-05 19:00:00","2025-01-05 20:00:00",AA,151,114,37,0,72.86842105263158,24.503311258278146,49.12280701754386
"2025-01-05 19:00:00","2025-01-05 20:00:00",DL,136,130,5,1,21.16030534351145,3.676470588235294,41.98473282442748
"2025-01-05 19:00:00","2025-01-05 20:00:00",UA,103,98,5,0,51.173469387755105,4.854368932038835,39.795918367346935
"2025-01-05 19:00:00","2025-01-05 20:00:00",WN,207,190,17,0,27.026315789473685,8.21256038647343,50.0
"2025-01-05 20:00:00","2025-01-05 21:00:00",AA,137,96,41,0,51.020833333333336,29.927007299270073,51.041666666666664
"2025-01-05 20:00:00","2025-01-05 21:00:00",DL,82,76,6,0,30.039473684210527,7.317073170731708,40.78947368421053
"2025-01-05 20:00:00","2025-01-05 21:00:00",UA,113,100,13,0,37.18,11.504424778761061,45.0
"2025-01-05 20:00:00","2025-01-05 21:00:00",WN,279,246,32,1,34.663967611336034,11.469534050179211,60.32388663967611
"2025-01-05 21:00:00","2025-01-05 22:00:00",AA,100,75,25,0,54.8,25.0,42.666666666666664
"2025-01-05 21:00:00","2025-01-05 22:00:00",DL,96,93,3,0,15.516129032258064,3.125,33.333333333333336
"2025-01-05 21:00:00","2025-01-05 22:00:00",UA,61,53,8,0,57.679245283018865,13.114754098360656,64.15094339622641
"2025-01-05 21:00:00","2025-01-05 22:00:00",WN,185,167,17,1,32.273809523809526,9.18918918918919,60.11904761904762
"2025-01-05 22:00:00","2025-01-05 23:00:00",AA,75,66,8,1,82.29850746268657,10.666666666666666,53.73134328358209
"2025-01-05 22:00:00","2025-01-05 23:00:00",DL,80,77,3,0,21.896103896103895,3.75,35.064935064935064
"2025-01-05 22:00:00","2025-01-05 23:00:00",UA,42,39,2,1,32.9,4.761904761904762,30.0
"2025-01-05 22:00:00","2025-01-05 23:00:00",WN,120,97,23,0,39.07216494845361,19.166666666666668,64.94845360824742
"2025-01-05 23:00:00","2025-01-06 00:00:00",AA,43,41,2,0,40.78048780487805,4.651162790697675,31.70731707317073
"2025-01-05 23:00:00","2025-01-06 00:00:00",DL,35,35,0,0,17.0,0.0,25.714285714285715
"2025-01-05 23:00:00","2025-01-06 00:00:00",UA,46,34,12,0,80.52941176470588,26.08695652173913,29.41176470588235
"2025-01-06 00:00:00","2025-01-06 01:00:00",AA,17,15,2,0,18.066666666666666,11.764705882352942,33.333333333333336
"2025-01-06 00:00:00","2025-01-06 01:00:00",DL,1,1,0,0,2.0,0.0,0.0
"2025-01-06 00:00:00","2025-01-06 01:00:00",UA,8,8,0,0,9.125,0.0,12.5
"2025-01-06 01:00:00","2025-01-06 02:00:00",AA,2,2,0,0,-12.0,0.0,0.0
"2025-01-06 01:00:00","2025-01-06 02:00:00",DL,2,2,0,0,15.5,0.0,50.0
"2025-01-06 01:00:00","2025-01-06 02:00:00",UA,1,1,0,0,29.0,0.0,100.0
"2025-01-06 02:00:00","2025-01-06 03:00:00",UA,1,1,0,0,-9.0,0.0,0.0
"2025-01-06 03:00:00","2025-01-06 04:00:00",DL,1,1,0,0,-3.0,0.0,0.0
"2025-01-06 05:00:00","2025-01-06 06:00:00",AA,109,78,31,0,18.32051282051282,28.440366972477065,16.666666666666668
"2025-01-06 05:00:00","2025-01-06 06:00:00",DL,53,52,1,0,-0.9038461538461539,1.8867924528301887,3.8461538461538463
"2025-01-06 05:00:00","2025-01-06 06:00:00",UA,44,43,1,0,15.930232558139535,2.272727272727273,13.953488372093023
"2025-01-06 05:00:00","2025-01-06 06:00:00",WN,19,15,4,0,1.0,21.05263157894737,6.666666666666667
"2025-01-06 06:00:00","2025-01-06 07:00:00",AA,169,137,31,1,14.702898550724637,18.34319526627219,18.115942028985508
"2025-01-06 06:00:00","2025-01-06 07:00:00",DL,170,154,16,0,10.837662337662337,9.411764705882353,11.688311688311689
"2025-01-06 06:00:00","2025-01-06 07:00:00",UA,127,109,17,1,19.87272727272727,13.385826771653543,18.181818181818183
"2025-01-06 06:00:00","2025-01-06 07:00:00",WN,237,176,61,0,17.619318181818183,25.738396624472575,10.795454545454545
"2025-01-06 07:00:00","2025-01-06 08:00:00",AA,178,157,21,0,19.585987261146496,11.797752808988765,24.840764331210192
"2025-01-06 07:00:00","2025-01-06 08:00:00",DL,198,187,11,0,12.684491978609625,5.555555555555555,18.71657754010695
"2025-01-06 07:00:00","2025-01-06 08:00:00",UA,160,154,5,1,21.16774193548387,3.125,23.870967741935484
"2025-01-06 07:00:00","2025-01-06 08:00:00",WN,216,182,34,0,9.032967032967033,15.74074074074074,10.989010989010989
"2025-01-06 08:00:00","2025-01-06 09:00:00",AA,182,157,23,2,27.433962264150942,12.637362637362637,31.446540880503143
"2025-01-06 08:00:00","2025-01-06 09:00:00",DL,157,150,7,0,13.566666666666666,4.45859872611465,17.333333333333332
"2025-01-06 08:00:00","2025-01-06 09:00:00",UA,176,154,21,1,28.858064516129033,11.931818181818182,29.032258064516128
"2025-01-06 08:00:00","2025-01-06 09:00:00",WN,238,200,38,0,8.285,15.966386554621849,14.5
"2025-01-06 09:00:00","2025-01-06 10:00:00",AA,127,118,9,0,36.45762711864407,7.086614173228346,49.152542372881356
"2025-01-06 09:00:00","2025-01-06 10:00:00",DL,104,101,2,1,24.441176470588236,1.9230769230769231,21.568627450980394
"2025-01-06 09:00:00","2025-01-06 10:00:00",UA,111,106,5,0,29.830188679245282,4.504504504504505,38.679245283018865
"2025-01-06 09:00:00","2025-01-06 10:00:00",WN,220,190,30,0,24.94736842105263,13.636363636363637,26.842105263157894
"2025-01-06 10:00:00","2025-01-06 11:00:00",AA,128,118,10,0,36.28813559322034,7.8125,55.08474576271186
"2025-01-06 10:00:00","2025-01-06 11:00:00",DL,130,128,2,0,11.5390625,1.5384615384615385,18.75
"2025-01-06 10:00:00","2025-01-06 11:00:00",UA,102,101,1,0,32.00990099009901,0.9803921568627451,37.62376237623762
"2025-01-06 10:00:00","2025-01-06 11:00:00",WN,193,160,33,0,18.525,17.098445595854923,30.625
"2025-01-06 11:00:00","2025-01-06 12:00:00",AA,148,135,13,0,31.22222222222222,8.783783783783784,44.44444444444444
"2025-01-06 11:00:00","2025-01-06 12:00:00",DL,173,172,1,0,20.098837209302324,0.5780346820809249,27.325581395348838
"2025-01-06 11:00:00","2025-01-06 12:00:00",UA,114,109,4,1,34.0,3.508771929824561,39.09090909090909
"2025-01-06 11:00:00","2025-01-06 12:00:00",WN,225,198,26,1,26.934673366834172,11.555555555555555,31.155778894472363
"2025-01-06 12:00:00","2025-01-06 13:00:00",AA,127,121,5,1,52.450819672131146,3.937007874015748,54.09836065573771
"2025-01-06 12:00:00","2025-01-06 13:00:00",DL,130,129,1,0,21.589147286821706,0.7692307692307693,31.782945736434108
"2025-01-06 12:00:00","2025-01-06 13:00:00",UA,101,92,8,1,35.38709677419355,7.920792079207921,45.16129032258065
"2025-01-06 12:00:00","2025-01-06 13:00:00",WN,195,178,17,0,34.97191011235955,8.717948717948717,41.57303370786517
"2025-01-06 13:00:00","2025-01-06 14:00:00",AA,133,122,11,0,52.778688524590166,8.270676691729323,52.459016393442624
"2025-01-06 13:00:00","2025-01-06 14:00:00",DL,125,125,0,0,13.912,0.0,24.8
"2025-01-06 13:00:00","2025-01-06 14:00:00",UA,124,117,7,0,42.07692307692308,5.645161290322581,47.863247863247864
"2025-01-06 13:00:00","2025-01-06 14:00:00",WN,221,196,25,0,35.47959183673469,11.312217194570136,42.3469387755102
"2025-01-06 14:00:00","2025-01-06 15:00:00",AA,122,114,7,1,50.13913043478261,5.737704918032787,60.869565217391305
"2025-01-06 14:00:00","2025-01-06 15:00:00",DL,109,107,1,1,21.39814814814815,0.9174311926605505,31.48148148148148
"2025-01-06 14:00:00","2025-01-06 15:00:00",UA,109,107,2,0,46.86915887850467,1.834862385321101,47.66355140186916
"2025-01-06 14:00:00","2025-01-06 15:00:00",WN,218,199,19,0,37.93969849246231,8.715596330275229,44.72361809045226
"2025-01-06 15:00:00","2025-01-06 16:00:00",AA,104,100,4,0,41.81,3.8461538461538463,53.0
"2025-01-06 15:00:00","2025-01-06 16:00:00",DL,144,144,0,0,20.6875,0.0,33.333333333333336
"2025-01-06 15:00:00","2025-01-06 16:00:00",UA,70,68,2,0,33.794117647058826,2.857142857142857,44.11764705882353
"2025-01-06 15:00:00","2025-01-06 16:00:00",WN,184,163,21,0,40.03680981595092,11.41304347826087,52.147239263803684
"2025-01-06 16:00:00","2025-01-06 17:00:00",AA,138,133,5,0,52.255639097744364,3.6231884057971016,52.63157894736842
"2025-01-06 16:00:00","2025-01-06 17:00:00",DL,107,106,1,0,17.61320754716981,0.9345794392523364,35.84905660377358
"2025-01-06 16:00:00","2025-01-06 17:00:00",UA,135,133,2,0,31.165413533834588,1.4814814814814814,43.609022556390975
"2025-01-06 16:00:00","2025-01-06 17:00:00",WN,242,201,41,0,34.56716417910448,16.94214876033058,46.766169154228855
"2025-01-06 17:00:00","2025-01-06 18:00:00",AA,126,116,10,0,45.21551724137931,7.936507936507937,55.172413793103445
"2025-01-06 17:00:00","2025-01-06 18:00:00",DL,136,134,2,0,15.716417910447761,1.4705882352941178,30.597014925373134
"2025-01-06 17:00:00","2025-01-06 18:00:00",UA,109,102,7,0,33.6078431372549,6.422018348623853,45.09803921568628
"2025-01-06 17:00:00","2025-01-06 18:00:00",WN,186,160,26,0,38.99375,13.978494623655914,46.875
"2025-01-06 18:00:00","2025-01-06 19:00:00",AA,149,142,7,0,43.7887323943662,4.697986577181208,59.859154929577464
"2025-01-06 18:00:00","2025-01-06 19:00:00",DL,135,130,4,1,18.076335877862597,2.962962962962963,23.66412213740458
"2025-01-06 18:00:00","2025-01-06 19:00:00",UA,146,137,8,1,45.86231884057971,5.47945205479452,52.17391304347826
"2025-01-06 18:00:00","2025-01-06 19:00:00",WN,248,206,42,0,35.6747572815534,16.93548387096774,50.970873786407765
"2025-01-06 19:00:00","2025-01-06 20:00:00",AA,114,106,8,0,59.339622641509436,7.017543859649122,61.320754716981135
"2025-01-06 19:00:00","2025-01-06 20:00:00",DL,104,102,2,0,33.166666666666664,1.9230769230769231,46.07843137254902
"2025-01-06 19:00:00","2025-01-06 20:00:00",UA,102,97,5,0,37.02061855670103,4.901960784313726,53.608247422680414
"2025-01-06 19:00:00","2025-01-06 20:00:00",WN,188,163,25,0,32.39877300613497,13.297872340425531,51.533742331288344
"2025-01-06 20:00:00","2025-01-06 21:00:00",AA,123,111,10,2,42.07964601769911,8.130081300813009,51.32743362831859
"2025-01-06 20:00:00","2025-01-06 21:00:00",DL,66,62,4,0,26.741935483870968,6.0606060606060606,32.25806451612903
"2025-01-06 20:00:00","2025-01-06 21:00:00",UA,117,116,1,0,44.41379310344828,0.8547008547008547,58.62068965517241
"2025-01-06 20:00:00","2025-01-06 21:00:00",WN,171,143,28,0,39.13986013986014,16.374269005847953,63.63636363636363
"2025-01-06 21:00:00","2025-01-06 22:00:00",AA,82,79,3,0,34.69620253164557,3.658536585365854,55.69620253164557
"2025-01-06 21:00:00","2025-01-06 22:00:00",DL,82,80,2,0,10.275,2.4390243902439024,21.25
"2025-01-06 21:00:00","2025-01-06 22:00:00",UA,59,59,0,0,33.74576271186441,0.0,49.152542372881356
"2025-01-06 21:00:00","2025-01-06 22:00:00",WN,21,12,9,0,29.166666666666668,42.857142857142854,50.0
"2025-01-06 22:00:00","2025-01-06 23:00:00",AA,79,76,3,0,38.46052631578947,3.7974683544303796,42.10526315789474
"2025-01-06 22:00:00","2025-01-06 23:00:00",DL,75,75,0,0,7.653333333333333,0.0,24.0
"2025-01-06 22:00:00","2025-01-06 23:00:00",UA,47,42,5,0,37.95238095238095,10.638297872340425,45.23809523809524
"2025-01-06 23:00:00","2025-01-07 00:00:00",AA,38,38,0,0,27.5,0.0,26.31578947368421
"2025-01-06 23:00:00","2025-01-07 00:00:00",DL,21,21,0,0,15.19047619047619,0.0,19.047619047619047
"2025-01-06 23:00:00","2025-01-07 00:00:00",UA,43,41,2,0,11.682926829268293,4.651162790697675,34.146341463414636
"2025-01-07 00:00:00","2025-01-07 01:00:00",AA,5,5,0,0,20.8,0.0,20.0
"2025-01-07 00:00:00","2025-01-07 01:00:00",DL,1,1,0,0,-4.0,0.0,0.0
"2025-01-07 00:00:00","2025-01-07 01:00:00",UA,4,4,0,0,-1.25,0.0,0.0
"2025-01-07 01:00:00","2025-01-07 02:00:00",DL,2,2,0,0,-6.0,0.0,0.0
"2025-01-07 01:00:00","2025-01-07 02:00:00",UA,1,1,0,0,6.0,0.0,0.0
"2025-01-07 02:00:00","2025-01-07 03:00:00",UA,1,1,0,0,18.0,0.0,100.0
"2025-01-07 05:00:00","2025-01-07 06:00:00",AA,77,70,6,1,18.098591549295776,7.792207792207792,21.12676056338028
"2025-01-07 05:00:00","2025-01-07 06:00:00",DL,55,55,0,0,4.945454545454545,0.0,10.909090909090908
"2025-01-07 05:00:00","2025-01-07 06:00:00",UA,27,27,0,0,43.592592592592595,0.0,18.51851851851852
"2025-01-07 05:00:00","2025-01-07 06:00:00",WN,20,20,0,0,12.8,0.0,15.0
"2025-01-07 06:00:00","2025-01-07 07:00:00",AA,140,132,8,0,5.371212121212121,5.714285714285714,12.878787878787879
"2025-01-07 06:00:00","2025-01-07 07:00:00",DL,165,162,3,0,2.0617283950617282,1.8181818181818181,10.493827160493828
"2025-01-07 06:00:00","2025-01-07 07:00:00",UA,104,100,4,0,2.01,3.8461538461538463,14.0
"2025-01-07 06:00:00","2025-01-07 07:00:00",WN,192,165,27,0,5.9818181818181815,14.0625,11.515151515151516
"2025-01-07 07:00:00","2025-01-07 08:00:00",AA,159,153,6,0,33.51633986928105,3.7735849056603774,10.457516339869281
"2025-01-07 07:00:00","2025-01-07 08:00:00",DL,210,207,2,1,4.4375,0.9523809523809523,12.98076923076923
"2025-01-07 07:00:00","2025-01-07 08:00:00",UA,152,152,0,0,11.875,0.0,16.44736842105263
"2025-01-07 07:00:00","2025-01-07 08:00:00",WN,179,163,15,1,8.341463414634147,8.379888268156424,14.024390243902438
"2025-01-07 08:00:00","2025-01-07 09:00:00",AA,165,161,4,0,13.111801242236025,2.4242424242424243,18.633540372670808
"2025-01-07 08:00:00","2025-01-07 09:00:00",DL,150,149,0,1,4.486666666666666,0.0,12.666666666666666
"2025-01-07 08:00:00","2025-01-07 09:00:00",UA,168,164,3,1,11.042424242424243,1.7857142857142858,26.060606060606062
"2025-01-07 08:00:00","2025-01-07 09:00:00",WN,224,204,20,0,9.534313725490197,8.928571428571429,16.176470588235293
"2025-01-07 09:00:00","2025-01-07 10:00:00",AA,122,120,2,0,6.633333333333334,1.639344262295082,15.0
"2025-01-07 09:00:00","2025-01-07 10:00:00",DL,114,113,1,0,3.088495575221239,0.8771929824561403,12.389380530973451
"2025-01-07 09:00:00","2025-01-07 10:00:00",UA,139,137,1,1,14.246376811594203,0.7194244604316546,26.81159420289855
"2025-01-07 09:00:00","2025-01-07 10:00:00",WN,229,214,13,2,8.907407407407407,5.676855895196507,18.055555555555557
"2025-01-07 10:00:00","2025-01-07 11:00:00",AA,115,114,0,1,9.095652173913043,0.0,16.52173913043478
"2025-01-07 10:00:00","2025-01-07 11:00:00",DL,121,121,0,0,7.652892561983471,0.0,19.00826446280992
"2025-01-07 10:00:00","2025-01-07 11:00:00",UA,97,96,1,0,13.09375,1.0309278350515463,25.0
"2025-01-07 10:00:00","2025-01-07 11:00:00",WN,184,165,18,1,12.650602409638553,9.782608695652174,22.89156626506024
"2025-01-07 11:00:00","2025-01-07 12:00:00",AA,125,124,1,0,7.064516129032258,0.8,17.741935483870968
"2025-01-07 11:00:00","2025-01-07 12:00:00",DL,162,161,0,1,6.709876543209877,0.0,21.604938271604937
"2025-01-07 11:00:00","2025-01-07 12:00:00",UA,103,100,2,1,28.524752475247524,1.941747572815534,38.613861386138616
"2025-01-07 11:00:00","2025-01-07 12:00:00",WN,247,228,19,0,18.74122807017544,7.6923076923076925,33.333333333333336
"2025-01-07 12:00:00","2025-01-07 13:00:00",AA,126,125,1,0,7.72,0.7936507936507936,14.4
"2025-01-07 12:00:00","2025-01-07 13:00:00",DL,141,141,0,0,7.404255319148936,0.0,21.27659574468085
"2025-01-07 12:00:00","2025-01-07 13:00:00",UA,129,128,1,0,8.9765625,0.7751937984496124,20.3125
"2025-01-07 12:00:00","2025-01-07 13:00:00",WN,175,170,5,0,21.764705882352942,2.857142857142857,41.1764705882353
"2025-01-07 13:00:00","2025-01-07 14:00:00",AA,106,105,1,0,9.99047619047619,0.9433962264150944,17.142857142857142
"2025-01-07 13:00:00","2025-01-07 14:00:00",DL,110,109,1,0,1.4128440366972477,0.9090909090909091,13.761467889908257
"2025-01-07 13:00:00","2025-01-07 14:00:00",UA,111,107,4,0,18.49532710280374,3.6036036036036037,36.44859813084112
"2025-01-07 13:00:00","2025-01-07 14:00:00",WN,223,208,13,2,18.50952380952381,5.829596412556054,40.476190476190474
"2025-01-07 14:00:00","2025-01-07 15:00:00",AA,124,124,0,0,7.661290322580645,0.0,18.548387096774192
"2025-01-07 14:00:00","2025-01-07 15:00:00",DL,103,103,0,0,6.155339805825243,0.0,11.650485436893204
"2025-01-07 14:00:00","2025-01-07 15:00:00",UA,111,111,0,0,18.045045045045047,0.0,27.92792792792793
"2025-01-07 14:00:00","2025-01-07 15:00:00",WN,211,198,13,0,22.18686868686869,6.161137440758294,46.464646464646464
"2025-01-07 15:00:00","2025-01-07 16:00:00",AA,104,104,0,0,3.980769230769231,0.0,7.6923076923076925
"2025-01-07 15:00:00","2025-01-07 16:00:00",DL,131,131,0,0,11.694656488549619,0.0,29.00763358778626
"2025-01-07 15:00:00","2025-01-07 16:00:00",UA,71,69,2,0,18.73913043478261,2.816901408450704,26.08695652173913
"2025-01-07 15:00:00","2025-01-07 16:00:00",WN,207,193,14,0,20.310880829015545,6.763285024154589,40.932642487046635
"2025-01-07 16:00:00","2025-01-07 17:00:00",AA,123,122,1,0,3.4262295081967213,0.8130081300813008,14.754098360655737
"2025-01-07 16:00:00","2025-01-07 17:00:00",DL,96,96,0,0,3.625,0.0,13.541666666666666
"2025-01-07 16:00:00","2025-01-07 17:00:00",UA,116,114,2,0,21.37719298245614,1.7241379310344827,30.70175438596491
"2025-01-07 16:00:00","2025-01-07 17:00:00",WN,207,199,8,0,20.959798994974875,3.864734299516908,41.70854271356784
"2025-01-07 17:00:00","2025-01-07 18:00:00",AA,137,136,0,1,6.226277372262774,0.0,22.62773722627737
"2025-01-07 17:00:00","2025-01-07 18:00:00",DL,149,149,0,0,5.275167785234899,0.0,12.751677852348994
"2025-01-07 17:00:00","2025-01-07 18:00:00",UA,123,123,0,0,20.333333333333332,0.0,40.65040650406504
"2025-01-07 17:00:00","2025-01-07 18:00:00",WN,182,171,8,3,21.54022988505747,4.395604395604396,50.57471264367816
"2025-01-07 18:00:00","2025-01-07 19:00:00",AA,130,129,0,1,9.492307692307692,0.0,17.692307692307693
"2025-01-07 18:00:00","2025-01-07 19:00:00",DL,117,117,0,0,6.846153846153846,0.0,23.076923076923077
"2025-01-07 18:00:00","2025-01-07 19:00:00",UA,117,116,0,1,13.0,0.0,23.931623931623932
"2025-01-07 18:00:00","2025-01-07 19:00:00",WN,253,244,9,0,20.983606557377048,3.5573122529644268,45.90163934426229
"2025-01-07 19:00:00","2025-01-07 20:00:00",AA,102,100,1,1,9.544554455445544,0.9803921568627451,24.752475247524753
"2025-01-07 19:00:00","2025-01-07 20:00:00",DL,86,86,0,0,11.872093023255815,0.0,17.441860465116278
"2025-01-07 19:00:00","2025-01-07 20:00:00",UA,94,91,1,2,8.978494623655914,1.0638297872340425,22.580645161290324
"2025-01-07 19:00:00","2025-01-07 20:00:00",WN,117,104,11,2,10.754716981132075,9.401709401709402,29.245283018867923
"2025-01-07 20:00:00","2025-01-07 21:00:00",AA,75,75,0,0,13.853333333333333,0.0,21.333333333333332
"2025-01-07 20:00:00","2025-01-07 21:00:00",DL,68,68,0,0,15.632352941176471,0.0,30.88235294117647
"2025-01-07 20:00:00","2025-01-07 21:00:00",UA,72,71,1,0,10.873239436619718,1.3888888888888888,19.718309859154928
"2025-01-07 20:00:00","2025-01-07 21:00:00",WN,159,143,15,1,20.70138888888889,9.433962264150944,47.22222222222222
"2025-01-07 21:00:00","2025-01-07 22:00:00",AA,67,66,0,1,9.895522388059701,0.0,14.925373134328359
"2025-01-07 21:00:00","2025-01-07 22:00:00",DL,52,50,0,2,22.21153846153846,0.0,34.61538461538461
"2025-01-07 21:00:00","2025-01-07 22:00:00",UA,21,21,0,0,6.904761904761905,0.0,23.80952380952381
"2025-01-07 21:00:00","2025-01-07 22:00:00",WN,16,14,2,0,9.285714285714286,12.5,14.285714285714286
"2025-01-07 22:00:00","2025-01-07 23:00:00",AA,48,48,0,0,14.625,0.0,12.5
"2025-01-07 22:00:00","2025-01-07 23:00:00",DL,67,67,0,0,7.149253731343284,0.0,23.880597014925375
"2025-01-07 22:00:00","2025-01-07 23:00:00",UA,20,20,0,0,9.85,0.0,15.0
"2025-01-07 23:00:00","2025-01-08 00:00:00",AA,19,18,0,1,3.6842105263157894,0.0,15.789473684210526
"2025-01-07 23:00:00","2025-01-08 00:00:00",DL,19,19,0,0,6.684210526315789,0.0,15.789473684210526
"2025-01-07 23:00:00","2025-01-08 00:00:00",UA,25,25,0,0,-0.88,0.0,12.0
"2025-01-08 00:00:00","2025-01-08 01:00:00",AA,5,5,0,0,-0.2,0.0,20.0
"2025-01-08 00:00:00","2025-01-08 01:00:00",DL,1,1,0,0,-13.0,0.0,0.0
"2025-01-08 00:00:00","2025-01-08 01:00:00",UA,3,3,0,0,-0.6666666666666666,0.0,0.0
"2025-01-08 01:00:00","2025-01-08 02:00:00",DL,2,2,0,0,2.5,0.0,0.0
"2025-01-08 01:00:00","2025-01-08 02:00:00",UA,1,1,0,0,12.0,0.0,0.0
"2025-01-08 02:00:00","2025-01-08 03:00:00",UA,1,1,0,0,-6.0,0.0,0.0
"2025-01-08 05:00:00","2025-01-08 06:00:00",AA,79,79,0,0,-3.481012658227848,0.0,3.7974683544303796
"2025-01-08 05:00:00","2025-01-08 06:00:00",DL,60,60,0,0,-3.183333333333333,0.0,5.0
"2025-01-08 05:00:00","2025-01-08 06:00:00",UA,23,22,1,0,1.9090909090909092,4.3478260869565215,4.545454545454546
"2025-01-08 05:00:00","2025-01-08 06:00:00",WN,25,25,0,0,-2.2,0.0,0.0
"2025-01-08 06:00:00","2025-01-08 07:00:00",AA,161,159,1,1,2.8125,0.6211180124223602,6.875
"2025-01-08 06:00:00","2025-01-08 07:00:00",DL,170,170,0,0,13.023529411764706,0.0,5.294117647058823
"2025-01-08 06:00:00","2025-01-08 07:00:00",UA,107,107,0,0,-1.074766355140187,0.0,4.672897196261682
"2025-01-08 06:00:00","2025-01-08 07:00:00",WN,203,198,5,0,0.41919191919191917,2.4630541871921183,4.040404040404041
"2025-01-08 07:00:00","2025-01-08 08:00:00",AA,156,156,0,0,8.762820512820513,0.0,10.256410256410257
"2025-01-08 07:00:00","2025-01-08 08:00:00",DL,207,207,0,0,0.45410628019323673,0.0,6.280193236714976
"2025-01-08 07:00:00","2025-01-08 08:00:00",UA,141,139,2,0,4.784172661870503,1.4184397163120568,9.352517985611511
"2025-01-08 07:00:00","2025-01-08 08:00:00",WN,177,162,14,1,-1.0,7.909604519774011,3.067484662576687
"2025-01-08 08:00:00","2025-01-08 09:00:00",AA,174,174,0,0,5.011494252873563,0.0,12.64367816091954
"2025-01-08 08:00:00","2025-01-08 09:00:00",DL,148,148,0,0,2.060810810810811,0.0,8.108108108108109
"2025-01-08 08:00:00","2025-01-08 09:00:00",UA,157,155,2,0,1.4451612903225806,1.2738853503184713,8.387096774193548
"2025-01-08 08:00:00","2025-01-08 09:00:00",WN,222,217,5,0,0.9447004608294931,2.2522522522522523,7.373271889400922
"2025-01-08 09:00:00","2025-01-08 10:00:00",AA,129,127,0,2,4.263565891472868,0.0,12.4031007751938
"2025-01-08 09:00:00","2025-01-08 10:00:00",DL,112,112,0,0,3.3035714285714284,0.0,11.607142857142858
"2025-01-08 09:00:00","2025-01-08 10:00:00",UA,138,138,0,0,6.130434782608695,0.0,11.594202898550725
"2025-01-08 09:00:00","2025-01-08 10:00:00",WN,228,215,12,1,5.351851851851852,5.2631578947368425,12.5
"2025-01-08 10:00:00","2025-01-08 11:00:00",AA,128,128,0,0,12.5234375,0.0,17.96875
"2025-01-08 10:00:00","2025-01-08 11:00:00",DL,127,127,0,0,2.0393700787401574,0.0,15.748031496062993
"2025-01-08 10:00:00","2025-01-08 11:00:00",UA,107,107,0,0,5.345794392523365,0.0,11.214953271028037
"2025-01-08 10:00:00","2025-01-08 11:00:00",WN,191,184,5,2,2.774193548387097,2.6178010471204187,9.13978494623656
"2025-01-08 11:00:00","2025-01-08 12:00:00",AA,135,134,0,1,10.874074074074073,0.0,15.555555555555555
"2025-01-08 11:00:00","2025-01-08 12:00:00",DL,161,160,0,1,3.540372670807453,0.0,11.801242236024844
"2025-01-08 11:00:00","2025-01-08 12:00:00",UA,110,110,0,0,7.554545454545455,0.0,15.454545454545455
"2025-01-08 11:00:00","2025-01-08 12:00:00",WN,249,245,4,0,6.228571428571429,1.606425702811245,13.877551020408163
"2025-01-08 12:00:00","2025-01-08 13:00:00",AA,118,117,0,1,9.576271186440678,0.0,13.559322033898304
"2025-01-08 12:00:00","2025-01-08 13:00:00",DL,133,133,0,0,2.7969924812030076,0.0,11.278195488721805
"2025-01-08 12:00:00","2025-01-08 13:00:00",UA,122,122,0,0,7.467213114754099,0.0,16.39344262295082
"2025-01-08 12:00:00","2025-01-08 13:00:00",WN,170,169,1,0,5.136094674556213,0.5882352941176471,11.242603550295858
"2025-01-08 13:00:00","2025-01-08 14:00:00",AA,111,111,0,0,13.846846846846846,0.0,15.315315315315315
"2025-01-08 13:00:00","2025-01-08 14:00:00",DL,111,111,0,0,5.675675675675675,0.0,16.216216216216218
"2025-01-08 13:00:00","2025-01-08 14:00:00",UA,118,116,2,0,4.560344827586207,1.694915254237288,12.068965517241379
"2025-01-08 13:00:00","2025-01-08 14:00:00",WN,217,213,3,1,5.247663551401869,1.3824884792626728,15.88785046728972
"2025-01-08 14:00:00","2025-01-08 15:00:00",AA,140,135,5,0,10.74074074074074,3.5714285714285716,20.74074074074074
"2025-01-08 14:00:00","2025-01-08 15:00:00",DL,109,109,0,0,0.3577981651376147,0.0,9.174311926605505
"2025-01-08 14:00:00","2025-01-08 15:00:00",UA,114,114,0,0,1.6754385964912282,0.0,9.649122807017545
"2025-01-08 14:00:00","2025-01-08 15:00:00",WN,215,215,0,0,5.293023255813954,0.0,13.488372093023257
"2025-01-08 15:00:00","2025-01-08 16:00:00",AA,103,96,7,0,4.010416666666667,6.796116504854369,14.583333333333334
"2025-01-08 15:00:00","2025-01-08 16:00:00",DL,138,138,0,0,0.9927536231884058,0.0,10.144927536231885
"2025-01-08 15:00:00","2025-01-08 16:00:00",UA,78,78,0,0,3.717948717948718,0.0,14.102564102564102
"2025-01-08 15:00:00","2025-01-08 16:00:00",WN,213,212,1,0,5.212264150943396,0.4694835680751174,14.622641509433961
"2025-01-08 16:00:00","2025-01-08 17:00:00",AA,119,108,11,0,11.055555555555555,9.243697478991596,19.444444444444443
"2025-01-08 16:00:00","2025-01-08 17:00:00",DL,89,89,0,0,1.9662921348314606,0.0,14.606741573033707
"2025-01-08 16:00:00","2025-01-08 17:00:00",UA,108,108,0,0,7.416666666666667,0.0,13.88888888888889
"2025-01-08 16:00:00","2025-01-08 17:00:00",WN,194,193,1,0,5.528497409326425,0.5154639175257731,14.507772020725389
"2025-01-08 17:00:00","2025-01-08 18:00:00",AA,147,131,16,0,16.82442748091603,10.884353741496598,21.374045801526716
"2025-01-08 17:00:00","2025-01-08 18:00:00",DL,156,156,0,0,-2.2371794871794872,0.0,6.410256410256411
"2025-01-08 17:00:00","2025-01-08 18:00:00",UA,141,140,1,0,6.371428571428571,0.7092198581560284,12.857142857142858
"2025-01-08 17:00:00","2025-01-08 18:00:00",WN,192,188,2,2,7.38421052631579,1.0416666666666667,16.842105263157894
"2025-01-08 18:00:00","2025-01-08 19:00:00",AA,123,116,7,0,11.913793103448276,5.691056910569106,24.137931034482758
"2025-01-08 18:00:00","2025-01-08 19:00:00",DL,116,116,0,0,1.896551724137931,0.0,10.344827586206897
"2025-01-08 18:00:00","2025-01-08 19:00:00",UA,120,120,0,0,7.325,0.0,11.666666666666666
"2025-01-08 18:00:00","2025-01-08 19:00:00",WN,247,246,1,0,6.439024390243903,0.4048582995951417,20.32520325203252
"2025-01-08 19:00:00","2025-01-08 20:00:00",AA,94,90,4,0,21.333333333333332,4.25531914893617,32.22222222222222
"2025-01-08 19:00:00","2025-01-08 20:00:00",DL,90,90,0,0,2.488888888888889,0.0,15.555555555555555
"2025-01-08 19:00:00","2025-01-08 20:00:00",UA,93,93,0,0,3.6129032258064515,0.0,16.129032258064516
"2025-01-08 19:00:00","2025-01-08 20:00:00",WN,111,110,1,0,6.872727272727273,0.9009009009009009,16.363636363636363
"2025-01-08 20:00:00","2025-01-08 21:00:00",AA,74,72,2,0,8.36111111111111,2.7027027027027026,23.61111111111111
"2025-01-08 20:00:00","2025-01-08 21:00:00",DL,66,66,0,0,1.303030303030303,0.0,12.121212121212121
"2025-01-08 20:00:00","2025-01-08 21:00:00",UA,76,75,1,0,4.826666666666667,1.3157894736842106,12.0
"2025-01-08 20:00:00","2025-01-08 21:00:00",WN,154,154,0,0,5.733766233766234,0.0,15.584415584415584
"2025-01-08 21:00:00","2025-01-08 22:00:00",AA,67,62,5,0,19.032258064516128,7.462686567164179,22.580645161290324
"2025-01-08 21:00:00","2025-01-08 22:00:00",DL,58,58,0,0,-0.5689655172413793,0.0,5.172413793103448
"2025-01-08 21:00:00","2025-01-08 22:00:00",UA,26,26,0,0,3.8461538461538463,0.0,15.384615384615385
"2025-01-08 21:00:00","2025-01-08 22:00:00",WN,14,14,0,0,7.428571428571429,0.0,14.285714285714286
"2025-01-08 22:00:00","2025-01-08 23:00:00",AA,48,47,1,0,4.1063829787234045,2.0833333333333335,19.148936170212767
"2025-01-08 22:00:00","2025-01-08 23:00:00",DL,66,66,0,0,-2.0454545454545454,0.0,3.0303030303030303
"2025-01-08 22:00:00","2025-01-08 23:00:00",UA,21,21,0,0,5.809523809523809,0.0,14.285714285714286
"2025-01-08 23:00:00","2025-01-09 00:00:00",AA,20,20,0,0,-0.25,0.0,5.0
"2025-01-08 23:00:00","2025-01-09 00:00:00",DL,21,21,0,0,2.5238095238095237,0.0,14.285714285714286
"2025-01-08 23:00:00","2025-01-09 00:00:00",UA,27,27,0,0,2.4814814814814814,0.0,25.925925925925927
"2025-01-09 00:00:00","2025-01-09 01:00:00",AA,7,7,0,0,2.142857142857143,0.0,14.285714285714286
"2025-01-09 00:00:00","2025-01-09 01:00:00",DL,1,1,0,0,-8.0,0.0,0.0
"2025-01-09 00:00:00","2025-01-09 01:00:00",UA,3,3,0,0,1.3333333333333333,0.0,0.0
"2025-01-09 01:00:00","2025-01-09 02:00:00",DL,2,2,0,0,-9.5,0.0,0.0
"2025-01-09 01:00:00","2025-01-09 02:00:00",UA,1,1,0,0,12.0,0.0,0.0
"2025-01-09 02:00:00","2025-01-09 03:00:00",UA,1,1,0,0,19.0,0.0,100.0
"2025-01-09 05:00:00","2025-01-09 06:00:00",AA,98,81,14,3,3.4761904761904763,14.285714285714286,9.523809523809524
"2025-01-09 05:00:00","2025-01-09 06:00:00",DL,55,55,0,0,-4.218181818181818,0.0,1.8181818181818181
"2025-01-09 05:00:00","2025-01-09 06:00:00",UA,24,24,0,0,-2.7083333333333335,0.0,4.166666666666667
"2025-01-09 05:00:00","2025-01-09 06:00:00",WN,24,24,0,0,-2.0416666666666665,0.0,0.0
"2025-01-09 06:00:00","2025-01-09 07:00:00",AA,172,148,19,5,10.411764705882353,11.046511627906977,5.882352941176471
"2025-01-09 06:00:00","2025-01-09 07:00:00",DL,177,177,0,0,5.022598870056497,0.0,5.084745762711864
"2025-01-09 06:00:00","2025-01-09 07:00:00",UA,110,110,0,0,0.24545454545454545,0.0,10.909090909090908
"2025-01-09 06:00:00","2025-01-09 07:00:00",WN,219,204,14,1,-0.9804878048780488,6.392694063926941,4.390243902439025
"2025-01-09 07:00:00","2025-01-09 08:00:00",AA,205,166,30,9,5.462857142857143,14.634146341463415,7.428571428571429
"2025-01-09 07:00:00","2025-01-09 08:00:00",DL,222,221,1,0,6.538461538461538,0.45045045045045046,9.502262443438914
"2025-01-09 07:00:00","2025-01-09 08:00:00",UA,170,167,3,0,3.095808383233533,1.7647058823529411,10.778443113772456
"2025-01-09 07:00:00","2025-01-09 08:00:00",WN,187,174,12,1,-0.28,6.4171122994652405,6.857142857142857
"2025-01-09 08:00:00","2025-01-09 09:00:00",AA,166,120,37,9,18.124031007751938,22.289156626506024,10.077519379844961
"2025-01-09 08:00:00","2025-01-09 09:00:00",DL,148,144,2,2,5.226027397260274,1.3513513513513513,8.904109589041095
"2025-01-09 08:00:00","2025-01-09 09:00:00",UA,160,156,2,2,7.1265822784810124,1.25,15.189873417721518
"2025-01-09 08:00:00","2025-01-09 09:00:00",WN,223,203,19,1,2.269607843137255,8.52017937219731,9.803921568627452
"2025-01-09 09:00:00","2025-01-09 10:00:00",AA,130,100,26,4,57.48076923076923,20.0,16.346153846153847
"2025-01-09 09:00:00","2025-01-09 10:00:00",DL,122,118,4,0,4.889830508474576,3.278688524590164,16.10169491525424
"2025-01-09 09:00:00","2025-01-09 10:00:00",UA,152,146,4,2,9.702702702702704,2.6315789473684212,22.2972972972973
"2025-01-09 09:00:00","2025-01-09 10:00:00",WN,230,209,21,0,4.349282296650718,9.130434782608695,16.74641148325359
"2025-01-09 10:00:00","2025-01-09 11:00:00",AA,132,76,52,4,22.7125,39.39393939393939,8.75
"2025-01-09 10:00:00","2025-01-09 11:00:00",DL,137,133,4,0,11.18796992481203,2.9197080291970803,19.548872180451127
"2025-01-09 10:00:00","2025-01-09 11:00:00",UA,111,109,2,0,14.660550458715596,1.8018018018018018,27.522935779816514
"2025-01-09 10:00:00","2025-01-09 11:00:00",WN,180,162,18,0,7.12962962962963,10.0,22.22222222222222
"2025-01-09 11:00:00","2025-01-09 12:00:00",AA,139,102,36,1,34.44660194174757,25.899280575539567,27.184466019417474
"2025-01-09 11:00:00","2025-01-09 12:00:00",DL,162,159,3,0,8.70440251572327,1.8518518518518519,18.238993710691823
"2025-01-09 11:00:00","2025-01-09 12:00:00",UA,104,99,4,1,15.06,3.8461538461538463,33.0
"2025-01-09 11:00:00","2025-01-09 12:00:00",WN,241,217,21,3,12.436363636363636,8.71369294605809,22.727272727272727
"2025-01-09 12:00:00","2025-01-09 13:00:00",AA,124,77,47,0,91.46753246753246,37.903225806451616,37.66233766233766
"2025-01-09 12:00:00","2025-01-09 13:00:00",DL,146,142,4,0,25.028169014084508,2.73972602739726,18.309859154929576
"2025-01-09 12:00:00","2025-01-09 13:00:00",UA,131,128,3,0,11.1328125,2.2900763358778624,18.75
"2025-01-09 12:00:00","2025-01-09 13:00:00",WN,175,164,10,1,12.527272727272727,5.714285714285714,24.848484848484848
"2025-01-09 13:00:00","2025-01-09 14:00:00",AA,121,92,29,0,20.032608695652176,23.96694214876033,16.304347826086957
"2025-01-09 13:00:00","2025-01-09 14:00:00",DL,123,120,3,0,10.4,2.4390243902439024,17.5
"2025-01-09 13:00:00","2025-01-09 14:00:00",UA,120,114,5,1,10.626086956521739,4.166666666666667,24.347826086956523
"2025-01-09 13:00:00","2025-01-09 14:00:00",WN,235,203,31,1,20.607843137254903,13.191489361702128,27.941176470588236
"2025-01-09 14:00:00","2025-01-09 15:00:00",AA,153,98,54,1,13.303030303030303,35.294117647058826,22.22222222222222
"2025-01-09 14:00:00","2025-01-09 15:00:00",DL,121,117,4,0,6.47008547008547,3.3057851239669422,12.820512820512821
"2025-01-09 14:00:00","2025-01-09 15:00:00",UA,117,115,2,0,13.295652173913043,1.7094017094017093,26.956521739130434
"2025-01-09 14:00:00","2025-01-09 15:00:00",WN,217,192,22,3,17.205128205128204,10.138248847926267,28.71794871794872
"2025-01-09 15:00:00","2025-01-09 16:00:00",AA,102,54,48,0,36.648148148148145,47.05882352941177,25.925925925925927
"2025-01-09 15:00:00","2025-01-09 16:00:00",DL,152,145,6,1,12.006849315068493,3.9473684210526314,26.027397260273972
"2025-01-09 15:00:00","2025-01-09 16:00:00",UA,80,77,3,0,14.597402597402597,3.75,27.272727272727273
"2025-01-09 15:00:00","2025-01-09 16:00:00",WN,201,184,17,0,26.494565217391305,8.457711442786069,31.52173913043478
"2025-01-09 16:00:00","2025-01-09 17:00:00",AA,137,89,48,0,29.303370786516854,35.03649635036496,29.213483146067414
"2025-01-09 16:00:00","2025-01-09 17:00:00",DL,89,85,4,0,11.694117647058823,4.49438202247191,18.823529411764707
"2025-01-09 16:00:00","2025-01-09 17:00:00",UA,116,111,5,0,15.342342342342342,4.310344827586207,30.63063063063063
"2025-01-09 16:00:00","2025-01-09 17:00:00",WN,191,167,23,1,28.595238095238095,12.041884816753926,33.333333333333336
"2025-01-09 17:00:00","2025-01-09 18:00:00",AA,152,102,50,0,29.284313725490197,32.89473684210526,27.45098039215686
"2025-01-09 17:00:00","2025-01-09 18:00:00",DL,156,150,6,0,17.5,3.8461538461538463,18.666666666666668
"2025-01-09 17:00:00","2025-01-09 18:00:00",UA,142,135,7,0,21.096296296296295,4.929577464788732,29.62962962962963
"2025-01-09 17:00:00","2025-01-09 18:00:00",WN,186,157,28,1,23.879746835443036,15.053763440860216,35.44303797468354
"2025-01-09 18:00:00","2025-01-09 19:00:00",AA,158,106,52,0,15.59433962264151,32.91139240506329,24.528301886792452
"2025-01-09 18:00:00","2025-01-09 19:00:00",DL,132,129,3,0,17.68217054263566,2.272727272727273,24.8062015503876
"2025-01-09 18:00:00","2025-01-09 19:00:00",UA,125,123,1,1,16.18548387096774,0.8,27.419354838709676
"2025-01-09 18:00:00","2025-01-09 19:00:00",WN,232,209,23,0,26.688995215311003,9.913793103448276,37.79904306220096
"2025-01-09 19:00:00","2025-01-09 20:00:00",AA,134,76,58,0,20.36842105263158,43.28358208955224,35.526315789473685
"2025-01-09 19:00:00","2025-01-09 20:00:00",DL,103,98,5,0,24.112244897959183,4.854368932038835,36.734693877551024
"2025-01-09 19:00:00","2025-01-09 20:00:00",UA,93,88,4,1,16.224719101123597,4.301075268817204,25.84269662921348
"2025-01-09 19:00:00","2025-01-09 20:00:00",WN,110,93,15,2,21.28421052631579,13.636363636363637,37.89473684210526
"2025-01-09 20:00:00","2025-01-09 21:00:00",AA,117,77,39,1,13.846153846153847,33.333333333333336,26.923076923076923
"2025-01-09 20:00:00","2025-01-09 21:00:00",DL,64,63,0,1,14.546875,0.0,18.75
"2025-01-09 20:00:00","2025-01-09 21:00:00",UA,81,75,5,1,34.01315789473684,6.172839506172839,44.73684210526316
"2025-01-09 20:00:00","2025-01-09 21:00:00",WN,165,140,24,1,19.418439716312058,14.545454545454545,39.716312056737586
"2025-01-09 21:00:00","2025-01-09 22:00:00",AA,76,53,22,1,20.796296296296298,28.94736842105263,18.51851851851852
"2025-01-09 21:00:00","2025-01-09 22:00:00",DL,69,69,0,0,22.0,0.0,21.73913043478261
"2025-01-09 21:00:00","2025-01-09 22:00:00",UA,28,27,1,0,14.25925925925926,3.5714285714285716,29.62962962962963
"2025-01-09 21:00:00","2025-01-09 22:00:00",WN,14,13,1,0,12.0,7.142857142857143,23.076923076923077
"2025-01-09 22:00:00","2025-01-09 23:00:00",AA,85,58,27,0,18.948275862068964,31.764705882352942,24.137931034482758
"2025-01-09 22:00:00","2025-01-09 23:00:00",DL,74,74,0,0,11.324324324324325,0.0,13.513513513513514
"2025-01-09 22:00:00","2025-01-09 23:00:00",UA,22,22,0,0,18.045454545454547,0.0,22.727272727272727
"2025-01-09 23:00:00","2025-01-10 00:00:00",AA,26,21,5,0,9.666666666666666,19.23076923076923,23.80952380952381
"2025-01-09 23:00:00","2025-01-10 00:00:00",DL,23,23,0,0,9.217391304347826,0.0,17.391304347826086
"2025-01-09 23:00:00","2025-01-10 00:00:00",UA,30,30,0,0,10.666666666666666,0.0,26.666666666666668
"2025-01-10 00:00:00","2025-01-10 01:00:00",AA,8,8,0,0,5.625,0.0,12.5
"2025-01-10 00:00:00","2025-01-10 01:00:00",DL,1,1,0,0,-11.0,0.0,0.0
"2025-01-10 00:00:00","2025-01-10 01:00:00",UA,3,3,0,0,-3.6666666666666665,0.0,0.0
"2025-01-10 01:00:00","2025-01-10 02:00:00",AA,1,1,0,0,-4.0,0.0,0.0
"2025-01-10 01:00:00","2025-01-10 02:00:00",DL,2,2,0,0,-8.0,0.0,0.0
"2025-01-10 01:00:00","2025-01-10 02:00:00",UA,1,1,0,0,101.0,0.0,100.0
"2025-01-10 02:00:00","2025-01-10 03:00:00",UA,1,1,0,0,82.0,0.0,100.0
"2025-01-10 05:00:00","2025-01-10 06:00:00",AA,94,59,35,0,38.389830508474574,37.234042553191486,22.033898305084747
"2025-01-10 05:00:00","2025-01-10 06:00:00",DL,55,42,10,3,53.86666666666667,18.181818181818183,28.88888888888889
"2025-01-10 05:00:00","2025-01-10 06:00:00",UA,23,21,2,0,11.761904761904763,8.695652173913043,14.285714285714286
"2025-01-10 05:00:00","2025-01-10 06:00:00",WN,24,22,1,1,-0.6956521739130435,4.166666666666667,0.0
"2025-01-10 06:00:00","2025-01-10 07:00:00",AA,163,132,31,0,34.79545454545455,19.01840490797546,17.424242424242426
"2025-01-10 06:00:00","2025-01-10 07:00:00",DL,170,138,29,3,43.709219858156025,17.058823529411764,14.893617021276595
"2025-01-10 06:00:00","2025-01-10 07:00:00",UA,107,104,3,0,3.855769230769231,2.803738317757009,9.615384615384615
"2025-01-10 06:00:00","2025-01-10 07:00:00",WN,195,153,42,0,-0.24183006535947713,21.53846153846154,3.2679738562091503
"2025-01-10 07:00:00","2025-01-10 08:00:00",AA,204,147,55,2,23.973154362416107,26.96078431372549,19.463087248322147
"2025-01-10 07:00:00","2025-01-10 08:00:00",DL,220,175,45,0,65.72,20.454545454545453,21.714285714285715
"2025-01-10 07:00:00","2025-01-10 08:00:00",UA,166,155,11,0,6.967741935483871,6.626506024096385,8.387096774193548
"2025-01-10 07:00:00","2025-01-10 08:00:00",WN,185,152,33,0,-2.0723684210526314,17.83783783783784,3.289473684210526
"2025-01-10 08:00:00","2025-01-10 09:00:00",AA,176,135,40,1,23.014705882352942,22.727272727272727,22.794117647058822
"2025-01-10 08:00:00","2025-01-10 09:00:00",DL,151,102,49,0,83.2156862745098,32.450331125827816,28.431372549019606
"2025-01-10 08:00:00","2025-01-10 09:00:00",UA,174,169,5,0,4.964497041420119,2.8735632183908044,7.100591715976331
"2025-01-10 08:00:00","2025-01-10 09:00:00",WN,215,185,30,0,3.254054054054054,13.953488372093023,8.64864864864865
"2025-01-10 09:00:00","2025-01-10 10:00:00",AA,134,109,25,0,25.908256880733944,18.65671641791045,29.357798165137616
"2025-01-10 09:00:00","2025-01-10 10:00:00",DL,119,75,44,0,63.266666666666666,36.97478991596638,25.333333333333332
"2025-01-10 09:00:00","2025-01-10 10:00:00",UA,154,150,4,0,13.453333333333333,2.5974025974025974,18.666666666666668
"2025-01-10 09:00:00","2025-01-10 10:00:00",WN,231,192,37,2,4.788659793814433,16.017316017316016,12.371134020618557
"2025-01-10 10:00:00","2025-01-10 11:00:00",AA,127,92,35,0,32.25,27.559055118110237,40.21739130434783
"2025-01-10 10:00:00","2025-01-10 11:00:00",DL,131,70,60,1,24.830985915492956,45.80152671755725,21.12676056338028
"2025-01-10 10:00:00","2025-01-10 11:00:00",UA,102,94,8,0,6.648936170212766,7.8431372549019605,18.085106382978722
"2025-01-10 10:00:00","2025-01-10 11:00:00",WN,168,150,18,0,2.1,10.714285714285714,8.666666666666666
"2025-01-10 11:00:00","2025-01-10 12:00:00",AA,140,116,24,0,33.39655172413793,17.142857142857142,49.13793103448276
"2025-01-10 11:00:00","2025-01-10 12:00:00",DL,164,94,70,0,44.98936170212766,42.68292682926829,25.53191489361702
"2025-01-10 11:00:00","2025-01-10 12:00:00",UA,107,101,6,0,6.247524752475248,5.607476635514018,14.851485148514852
"2025-01-10 11:00:00","2025-01-10 12:00:00",WN,236,200,36,0,6.95,15.254237288135593,13.0
"2025-01-10 12:00:00","2025-01-10 13:00:00",AA,136,100,36,0,42.53,26.470588235294116,47.0
"2025-01-10 12:00:00","2025-01-10 13:00:00",DL,147,92,55,0,85.01086956521739,37.414965986394556,39.130434782608695
"2025-01-10 12:00:00","2025-01-10 13:00:00",UA,134,129,5,0,12.844961240310077,3.7313432835820897,17.829457364341085
"2025-01-10 12:00:00","2025-01-10 13:00:00",WN,182,162,20,0,5.666666666666667,10.989010989010989,14.814814814814815
"2025-01-10 13:00:00","2025-01-10 14:00:00",AA,112,77,35,0,76.0,31.25,46.753246753246756
"2025-01-10 13:00:00","2025-01-10 14:00:00",DL,117,72,44,1,45.02739726027397,37.60683760683761,26.027397260273972
"2025-01-10 13:00:00","2025-01-10 14:00:00",UA,126,123,3,0,7.609756097560975,2.380952380952381,16.260162601626018
"2025-01-10 13:00:00","2025-01-10 14:00:00",WN,226,211,15,0,7.8246445497630335,6.6371681415929205,18.009478672985782
"2025-01-10 14:00:00","2025-01-10 15:00:00",AA,153,108,45,0,35.31481481481482,29.41176470588235,50.925925925925924
"2025-01-10 14:00:00","2025-01-10 15:00:00",DL,123,67,55,1,86.02941176470588,44.71544715447155,47.05882352941177
"2025-01-10 14:00:00","2025-01-10 15:00:00",UA,115,110,5,0,14.590909090909092,4.3478260869565215,23.636363636363637
"2025-01-10 14:00:00","2025-01-10 15:00:00",WN,218,200,18,0,7.685,8.256880733944953,20.5
"2025-01-10 15:00:00","2025-01-10 16:00:00",AA,106,78,28,0,53.11538461538461,26.41509433962264,56.41025641025641
"2025-01-10 15:00:00","2025-01-10 16:00:00",DL,148,94,54,0,68.72340425531915,36.486486486486484,45.744680851063826
"2025-01-10 15:00:00","2025-01-10 16:00:00",UA,78,75,3,0,12.053333333333333,3.8461538461538463,30.666666666666668
"2025-01-10 15:00:00","2025-01-10 16:00:00",WN,195,179,16,0,7.76536312849162,8.205128205128204,23.463687150837988
"2025-01-10 16:00:00","2025-01-10 17:00:00",AA,121,87,33,1,38.875,27.272727272727273,46.59090909090909
"2025-01-10 16:00:00","2025-01-10 17:00:00",DL,95,54,41,0,99.16666666666667,43.1578947368421,48.148148148148145
"2025-01-10 16:00:00","2025-01-10 17:00:00",UA,113,111,2,0,17.46846846846847,1.7699115044247788,27.92792792792793
"2025-01-10 16:00:00","2025-01-10 17:00:00",WN,190,176,14,0,6.767045454545454,7.368421052631579,18.181818181818183
"2025-01-10 17:00:00","2025-01-10 18:00:00",AA,152,119,33,0,55.529411764705884,21.710526315789473,54.621848739495796
"2025-01-10 17:00:00","2025-01-10 18:00:00",DL,154,109,45,0,100.27522935779817,29.22077922077922,47.706422018348626
"2025-01-10 17:00:00","2025-01-10 18:00:00",UA,135,134,1,0,17.350746268656717,0.7407407407407407,22.388059701492537
"2025-01-10 17:00:00","2025-01-10 18:00:00",WN,188,178,10,0,6.842696629213483,5.319148936170213,20.786516853932586
"2025-01-10 18:00:00","2025-01-10 19:00:00",AA,140,84,56,0,38.26190476190476,40.0,58.333333333333336
"2025-01-10 18:00:00","2025-01-10 19:00:00",DL,131,88,43,0,101.19318181818181,32.82442748091603,54.54545454545455
"2025-01-10 18:00:00","2025-01-10 19:00:00",UA,136,130,6,0,18.953846153846154,4.411764705882353,30.0
"2025-01-10 18:00:00","2025-01-10 19:00:00",WN,257,227,30,0,7.4801762114537445,11.673151750972762,22.46696035242291
"2025-01-10 19:00:00","2025-01-10 20:00:00",AA,113,90,23,0,51.9,20.353982300884955,48.888888888888886
"2025-01-10 19:00:00","2025-01-10 20:00:00",DL,123,73,50,0,63.31506849315068,40.65040650406504,49.31506849315068
"2025-01-10 19:00:00","2025-01-10 20:00:00",UA,101,100,1,0,14.56,0.9900990099009901,27.0
"2025-01-10 19:00:00","2025-01-10 20:00:00",WN,120,109,11,0,4.376146788990826,9.166666666666666,15.596330275229358
"2025-01-10 20:00:00","2025-01-10 21:00:00",AA,75,40,34,1,61.048780487804876,45.333333333333336,48.78048780487805
"2025-01-10 20:00:00","2025-01-10 21:00:00",DL,57,35,22,0,71.91428571428571,38.59649122807018,62.857142857142854
"2025-01-10 20:00:00","2025-01-10 21:00:00",UA,80,80,0,0,17.025,0.0,40.0
"2025-01-10 20:00:00","2025-01-10 21:00:00",WN,148,131,17,0,7.480916030534351,11.486486486486486,21.374045801526716
"2025-01-10 21:00:00","2025-01-10 22:00:00",AA,79,60,19,0,58.68333333333333,24.050632911392405,58.333333333333336
"2025-01-10 21:00:00","2025-01-10 22:00:00",DL,77,41,35,1,84.30952380952381,45.45454545454545,59.523809523809526
"2025-01-10 21:00:00","2025-01-10 22:00:00",UA,29,28,1,0,10.892857142857142,3.4482758620689653,21.428571428571427
"2025-01-10 21:00:00","2025-01-10 22:00:00",WN,15,15,0,0,6.866666666666666,0.0,26.666666666666668
"2025-01-10 22:00:00","2025-01-10 23:00:00",AA,52,26,26,0,13.115384615384615,50.0,26.923076923076923
"2025-01-10 22:00:00","2025-01-10 23:00:00",DL,74,31,43,0,41.25806451612903,58.108108108108105,38.70967741935484
"2025-01-10 22:00:00","2025-01-10 23:00:00",UA,20,20,0,0,16.15,0.0,20.0
"2025-01-10 23:00:00","2025-01-11 00:00:00",AA,21,16,5,0,12.9375,23.80952380952381,18.75
"2025-01-10 23:00:00","2025-01-11 00:00:00",DL,22,18,4,0,17.666666666666668,18.181818181818183,38.888888888888886
"2025-01-10 23:00:00","2025-01-11 00:00:00",UA,30,30,0,0,1.5,0.0,16.666666666666668
"2025-01-11 00:00:00","2025-01-11 01:00:00",AA,5,5,0,0,-0.8,0.0,0.0
"2025-01-11 00:00:00","2025-01-11 01:00:00",DL,1,1,0,0,-6.0,0.0,0.0
"2025-01-11 00:00:00","2025-01-11 01:00:00",UA,3,3,0,0,-2.3333333333333335,0.0,0.0
"2025-01-11 01:00:00","2025-01-11 02:00:00",DL,2,2,0,0,-5.0,0.0,0.0
"2025-01-11 01:00:00","2025-01-11 02:00:00",UA,1,1,0,0,-4.0,0.0,0.0
"2025-01-11 02:00:00","2025-01-11 03:00:00",UA,1,1,0,0,-7.0,0.0,0.0
"2025-01-11 05:00:00","2025-01-11 06:00:00",AA,76,60,16,0,19.0,21.05263157894737,18.333333333333332
"2025-01-11 05:00:00","2025-01-11 06:00:00",DL,50,30,20,0,59.93333333333333,40.0,30.0
"2025-01-11 05:00:00","2025-01-11 06:00:00",UA,22,22,0,0,6.590909090909091,0.0,13.636363636363637
"2025-01-11 05:00:00","2025-01-11 06:00:00",WN,48,48,0,0,-0.4583333333333333,0.0,2.0833333333333335
"2025-01-11 06:00:00","2025-01-11 07:00:00",AA,163,129,33,1,35.8,20.245398773006134,18.46153846153846
"2025-01-11 06:00:00","2025-01-11 07:00:00",DL,164,111,53,0,61.351351351351354,32.31707317073171,36.93693693693694
"2025-01-11 06:00:00","2025-01-11 07:00:00",UA,104,102,2,0,6.676470588235294,1.9230769230769231,10.784313725490197
"2025-01-11 06:00:00","2025-01-11 07:00:00",WN,194,182,12,0,-2.0549450549450547,6.185567010309279,1.098901098901099
"2025-01-11 07:00:00","2025-01-11 08:00:00",AA,148,128,20,0,23.75,13.513513513513514,16.40625
"2025-01-11 07:00:00","2025-01-11 08:00:00",DL,186,147,39,0,38.61904761904762,20.967741935483872,34.01360544217687
"2025-01-11 07:00:00","2025-01-11 08:00:00",UA,152,151,1,0,3.5364238410596025,0.6578947368421053,9.271523178807946
"2025-01-11 07:00:00","2025-01-11 08:00:00",WN,187,180,7,0,-2.3055555555555554,3.7433155080213902,1.1111111111111112
"2025-01-11 08:00:00","2025-01-11 09:00:00",AA,155,136,19,0,23.073529411764707,12.258064516129032,26.470588235294116
"2025-01-11 08:00:00","2025-01-11 09:00:00",DL,133,95,38,0,55.14736842105263,28.571428571428573,48.421052631578945
"2025-01-11 08:00:00","2025-01-11 09:00:00",UA,148,147,1,0,6.9727891156462585,0.6756756756756757,12.92517006802721
"2025-01-11 08:00:00","2025-01-11 09:00:00",WN,212,209,3,0,0.3588516746411483,1.4150943396226414,5.741626794258373
"2025-01-11 09:00:00","2025-01-11 10:00:00",AA,117,110,7,0,22.672727272727272,5.982905982905983,29.09090909090909
"2025-01-11 09:00:00","2025-01-11 10:00:00",DL,119,92,27,0,54.69565217391305,22.689075630252102,43.47826086956522
"2025-01-11 09:00:00","2025-01-11 10:00:00",UA,131,131,0,0,12.083969465648854,0.0,17.557251908396946
"2025-01-11 09:00:00","2025-01-11 10:00:00",WN,219,216,3,0,2.7037037037037037,1.36986301369863,9.25925925925926
"2025-01-11 10:00:00","2025-01-11 11:00:00",AA,118,108,9,1,36.908256880733944,7.627118644067797,44.95412844036697
"2025-01-11 10:00:00","2025-01-11 11:00:00",DL,119,88,31,0,58.0,26.050420168067227,60.22727272727273
"2025-01-11 10:00:00","2025-01-11 11:00:00",UA,104,104,0,0,10.201923076923077,0.0,19.23076923076923
"2025-01-11 10:00:00","2025-01-11 11:00:00",WN,193,193,0,0,6.0932642487046635,0.0,12.953367875647668
"2025-01-11 11:00:00","2025-01-11 12:00:00",AA,123,114,9,0,27.50877192982456,7.317073170731708,41.228070175438596
"2025-01-11 11:00:00","2025-01-11 12:00:00",DL,158,128,30,0,68.375,18.9873417721519,64.0625
"2025-01-11 11:00:00","2025-01-11 12:00:00",UA,105,105,0,0,8.771428571428572,0.0,17.142857142857142
"2025-01-11 11:00:00","2025-01-11 12:00:00",WN,209,208,1,0,7.5625,0.4784688995215311,17.78846153846154
"2025-01-11 12:00:00","2025-01-11 13:00:00",AA,114,108,6,0,24.055555555555557,5.2631578947368425,35.18518518518518
"2025-01-11 12:00:00","2025-01-11 13:00:00",DL,135,118,17,0,81.98305084745763,12.592592592592593,68.64406779661017
"2025-01-11 12:00:00","2025-01-11 13:00:00",UA,110,110,0,0,7.4,0.0,19.09090909090909
"2025-01-11 12:00:00","2025-01-11 13:00:00",WN,188,187,1,0,4.855614973262032,0.5319148936170213,16.0427807486631
"2025-01-11 13:00:00","2025-01-11 14:00:00",AA,108,104,4,0,31.528846153846153,3.7037037037037037,32.69230769230769
"2025-01-11 13:00:00","2025-01-11 14:00:00",DL,112,101,11,0,67.36633663366337,9.821428571428571,59.40594059405941
"2025-01-11 13:00:00","2025-01-11 14:00:00",UA,110,110,0,0,15.6,0.0,24.545454545454547
"2025-01-11 13:00:00","2025-01-11 14:00:00",WN,191,191,0,0,5.324607329842932,0.0,15.18324607329843
"2025-01-11 14:00:00","2025-01-11 15:00:00",AA,126,121,5,0,25.115702479338843,3.9682539682539684,42.97520661157025
"2025-01-11 14:00:00","2025-01-11 15:00:00",DL,115,104,10,1,85.76190476190476,8.695652173913043,69.52380952380952
"2025-01-11 14:00:00","2025-01-11 15:00:00",UA,107,106,1,0,11.952830188679245,0.9345794392523364,18.867924528301888
"2025-01-11 14:00:00","2025-01-11 15:00:00",WN,233,233,0,0,7.351931330472103,0.0,15.450643776824034
"2025-01-11 15:00:00","2025-01-11 16:00:00",AA,104,103,1,0,30.844660194174757,0.9615384615384616,33.980582524271846
"2025-01-11 15:00:00","2025-01-11 16:00:00",DL,121,117,4,0,55.70940170940171,3.3057851239669422,61.53846153846154
"2025-01-11 15:00:00","2025-01-11 16:00:00",UA,69,69,0,0,16.47826086956522,0.0,26.08695652173913
"2025-01-11 15:00:00","2025-01-11 16:00:00",WN,172,172,0,0,5.563953488372093,0.0,19.767441860465116
"2025-01-11 16:00:00","2025-01-11 17:00:00",AA,117,114,2,1,11.008695652173913,1.7094017094017093,25.217391304347824
"2025-01-11 16:00:00","2025-01-11 17:00:00",DL,88,83,5,0,89.36144578313252,5.681818181818182,67.46987951807229
"2025-01-11 16:00:00","2025-01-11 17:00:00",UA,100,100,0,0,7.54,0.0,16.0
"2025-01-11 16:00:00","2025-01-11 17:00:00",WN,198,198,0,0,5.161616161616162,0.0,14.646464646464647
"2025-01-11 17:00:00","2025-01-11 18:00:00",AA,139,136,3,0,13.330882352941176,2.158273381294964,26.470588235294116
"2025-01-11 17:00:00","2025-01-11 18:00:00",DL,145,136,8,1,50.02189781021898,5.517241379310345,51.824817518248175
"2025-01-11 17:00:00","2025-01-11 18:00:00",UA,126,125,1,0,11.488,0.7936507936507936,24.8
"2025-01-11 17:00:00","2025-01-11 18:00:00",WN,186,186,0,0,5.704301075268817,0.0,19.35483870967742
"2025-01-11 18:00:00","2025-01-11 19:00:00",AA,129,127,2,0,18.362204724409448,1.550387596899225,33.07086614173228
"2025-01-11 18:00:00","2025-01-11 19:00:00",DL,99,97,2,0,73.36082474226804,2.0202020202020203,61.855670103092784
"2025-01-11 18:00:00","2025-01-11 19:00:00",UA,96,94,1,1,12.368421052631579,1.0416666666666667,20.0
"2025-01-11 18:00:00","2025-01-11 19:00:00",WN,133,133,0,0,4.30827067669173,0.0,11.278195488721805
"2025-01-11 19:00:00","2025-01-11 20:00:00",AA,93,92,1,0,20.76086956521739,1.075268817204301,31.52173913043478
"2025-01-11 19:00:00","2025-01-11 20:00:00",DL,75,71,4,0,90.2394366197183,5.333333333333333,71.83098591549296
"2025-01-11 19:00:00","2025-01-11 20:00:00",UA,78,76,0,2,8.153846153846153,0.0,24.358974358974358
"2025-01-11 19:00:00","2025-01-11 20:00:00",WN,77,77,0,0,8.480519480519481,0.0,23.376623376623378
"2025-01-11 20:00:00","2025-01-11 21:00:00",AA,70,68,2,0,7.323529411764706,2.857142857142857,17.647058823529413
"2025-01-11 20:00:00","2025-01-11 21:00:00",DL,56,53,3,0,37.075471698113205,5.357142857142857,50.943396226415096
"2025-01-11 20:00:00","2025-01-11 21:00:00",UA,67,67,0,0,7.552238805970149,0.0,22.388059701492537
"2025-01-11 20:00:00","2025-01-11 21:00:00",WN,30,30,0,0,12.466666666666667,0.0,33.333333333333336
"2025-01-11 21:00:00","2025-01-11 22:00:00",AA,75,74,0,1,21.093333333333334,0.0,32.0
"2025-01-11 21:00:00","2025-01-11 22:00:00",DL,59,58,1,0,45.189655172413794,1.694915254237288,48.275862068965516
"2025-01-11 21:00:00","2025-01-11 22:00:00",UA,21,21,0,0,4.476190476190476,0.0,19.047619047619047
"2025-01-11 21:00:00","2025-01-11 22:00:00",WN,3,3,0,0,1.0,0.0,0.0
"2025-01-11 22:00:00","2025-01-11 23:00:00",AA,49,48,1,0,9.6875,2.0408163265306123,14.583333333333334
"2025-01-11 22:00:00","2025-01-11 23:00:00",DL,50,48,2,0,89.875,4.0,60.416666666666664
"2025-01-11 22:00:00","2025-01-11 23:00:00",UA,20,20,0,0,-1.15,0.0,5.0
"2025-01-11 23:00:00","2025-01-12 00:00:00",AA,21,20,1,0,-0.45,4.761904761904762,5.0
"2025-01-11 23:00:00","2025-01-12 00:00:00",DL,19,19,0,0,14.789473684210526,0.0,21.05263157894737
"2025-01-11 23:00:00","2025-01-12 00:00:00",UA,26,26,0,0,0.6153846153846154,0.0,7.6923076923076925
"2025-01-12 00:00:00","2025-01-12 01:00:00",AA,6,6,0,0,-6.833333333333333,0.0,0.0
"2025-01-12 00:00:00","2025-01-12 01:00:00",DL,1,1,0,0,-9.0,0.0,0.0
"2025-01-12 00:00:00","2025-01-12 01:00:00",UA,3,3,0,0,-4.666666666666667,0.0,0.0
"2025-01-12 01:00:00","2025-01-12 02:00:00",DL,2,2,0,0,42.5,0.0,50.0
"2025-01-12 01:00:00","2025-01-12 02:00:00",UA,1,1,0,0,-1.0,0.0,0.0
"2025-01-12 02:00:00","2025-01-12 03:00:00",UA,1,1,0,0,-7.0,0.0,0.0
"2025-01-12 05:00:00","2025-01-12 06:00:00",AA,77,77,0,0,10.532467532467532,0.0,11.688311688311689
"2025-01-12 05:00:00","2025-01-12 06:00:00",DL,56,56,0,0,62.089285714285715,0.0,26.785714285714285
"2025-01-12 05:00:00","2025-01-12 06:00:00",UA,21,21,0,0,13.761904761904763,0.0,4.761904761904762
"2025-01-12 05:00:00","2025-01-12 06:00:00",WN,75,75,0,0,-1.2933333333333332,0.0,1.3333333333333333
"2025-01-12 06:00:00","2025-01-12 07:00:00",AA,167,166,0,1,2.407185628742515,0.0,8.982035928143713
"2025-01-12 06:00:00","2025-01-12 07:00:00",DL,168,165,3,0,14.145454545454545,1.7857142857142858,19.393939393939394
"2025-01-12 06:00:00","2025-01-12 07:00:00",UA,110,110,0,0,4.818181818181818,0.0,6.363636363636363
"2025-01-12 06:00:00","2025-01-12 07:00:00",WN,289,289,0,0,-2.982698961937716,0.0,2.0761245674740483
"2025-01-12 07:00:00","2025-01-12 08:00:00",AA,164,164,0,0,12.158536585365853,0.0,10.975609756097562
"2025-01-12 07:00:00","2025-01-12 08:00:00",DL,209,207,2,0,22.594202898550726,0.9569377990430622,23.67149758454106
"2025-01-12 07:00:00","2025-01-12 08:00:00",UA,155,155,0,0,2.361290322580645,0.0,7.741935483870968
"2025-01-12 07:00:00","2025-01-12 08:00:00",WN,194,194,0,0,-1.6958762886597938,0.0,5.154639175257732
"2025-01-12 08:00:00","2025-01-12 09:00:00",AA,162,161,0,1,6.290123456790123,0.0,16.049382716049383
"2025-01-12 08:00:00","2025-01-12 09:00:00",DL,149,147,2,0,23.517006802721088,1.342281879194631,26.53061224489796
"2025-01-12 08:00:00","2025-01-12 09:00:00",UA,159,158,1,0,2.4556962025316458,0.6289308176100629,6.962025316455696
"2025-01-12 08:00:00","2025-01-12 09:00:00",WN,230,230,0,0,-0.4434782608695652,0.0,4.782608695652174
"2025-01-12 09:00:00","2025-01-12 10:00:00",AA,133,133,0,0,20.36842105263158,0.0,18.796992481203006
"2025-01-12 09:00:00","2025-01-12 10:00:00",DL,119,115,3,1,28.198275862068964,2.5210084033613445,40.51724137931034
"2025-01-12 09:00:00","2025-01-12 10:00:00",UA,142,141,0,1,7.450704225352113,0.0,14.788732394366198
"2025-01-12 09:00:00","2025-01-12 10:00:00",WN,212,212,0,0,1.8632075471698113,0.0,9.433962264150944
"2025-01-12 10:00:00","2025-01-12 11:00:00",AA,124,124,0,0,16.516129032258064,0.0,20.967741935483872
"2025-01-12 10:00:00","2025-01-12 11:00:00",DL,133,133,0,0,33.3984962406015,0.0,44.3609022556391
"2025-01-12 10:00:00","2025-01-12 11:00:00",UA,109,109,0,0,11.926605504587156,0.0,19.26605504587156
"2025-01-12 10:00:00","2025-01-12 11:00:00",WN,207,207,0,0,2.570048309178744,0.0,10.628019323671497
"2025-01-12 11:00:00","2025-01-12 12:00:00",AA,153,153,0,0,14.516339869281046,0.0,26.797385620915033
"2025-01-12 11:00:00","2025-01-12 12:00:00",DL,181,180,1,0,50.26111111111111,0.5524861878453039,51.666666666666664
"2025-01-12 11:00:00","2025-01-12 12:00:00",UA,115,115,0,0,9.947826086956521,0.0,17.391304347826086
"2025-01-12 11:00:00","2025-01-12 12:00:00",WN,220,220,0,0,3.7772727272727273,0.0,12.272727272727273
"2025-01-12 12:00:00","2025-01-12 13:00:00",AA,124,124,0,0,20.306451612903224,0.0,25.806451612903224
"2025-01-12 12:00:00","2025-01-12 13:00:00",DL,136,134,2,0,42.11194029850746,1.4705882352941178,54.47761194029851
"2025-01-12 12:00:00","2025-01-12 13:00:00",UA,117,115,0,2,7.410256410256411,0.0,12.820512820512821
"2025-01-12 12:00:00","2025-01-12 13:00:00",WN,206,206,0,0,6.063106796116505,0.0,16.50485436893204
"2025-01-12 13:00:00","2025-01-12 14:00:00",AA,131,131,0,0,12.633587786259541,0.0,20.610687022900763
"2025-01-12 13:00:00","2025-01-12 14:00:00",DL,124,122,2,0,39.795081967213115,1.6129032258064515,50.81967213114754
"2025-01-12 13:00:00","2025-01-12 14:00:00",UA,120,119,0,1,8.433333333333334,0.0,16.666666666666668
"2025-01-12 13:00:00","2025-01-12 14:00:00",WN,233,233,0,0,7.32618025751073,0.0,19.313304721030043
"2025-01-12 14:00:00","2025-01-12 15:00:00",AA,153,153,0,0,14.026143790849673,0.0,22.875816993464053
"2025-01-12 14:00:00","2025-01-12 15:00:00",DL,119,117,2,0,34.35897435897436,1.680672268907563,55.55555555555556
"2025-01-12 14:00:00","2025-01-12 15:00:00",UA,114,114,0,0,9.74561403508772,0.0,17.54385964912281
"2025-01-12 14:00:00","2025-01-12 15:00:00",WN,215,215,0,0,5.953488372093023,0.0,17.209302325581394
"2025-01-12 15:00:00","2025-01-12 16:00:00",AA,98,98,0,0,15.704081632653061,0.0,30.612244897959183
"2025-01-12 15:00:00","2025-01-12 16:00:00",DL,143,141,1,1,38.21830985915493,0.6993006993006993,55.63380281690141
"2025-01-12 15:00:00","2025-01-12 16:00:00",UA,81,81,0,0,7.91358024691358,0.0,19.753086419753085
"2025-01-12 15:00:00","2025-01-12 16:00:00",WN,211,211,0,0,8.52132701421801,0.0,22.274881516587676
"2025-01-12 16:00:00","2025-01-12 17:00:00",AA,140,140,0,0,11.564285714285715,0.0,17.142857142857142
"2025-01-12 16:00:00","2025-01-12 17:00:00",DL,101,98,0,3,30.15841584158416,0.0,46.53465346534654
"2025-01-12 16:00:00","2025-01-12 17:00:00",UA,117,115,1,1,11.741379310344827,0.8547008547008547,18.96551724137931
"2025-01-12 16:00:00","2025-01-12 17:00:00",WN,205,205,0,0,10.61951219512195,0.0,25.365853658536587
"2025-01-12 17:00:00","2025-01-12 18:00:00",AA,153,153,0,0,13.758169934640524,0.0,24.18300653594771
"2025-01-12 17:00:00","2025-01-12 18:00:00",DL,156,155,1,0,25.851612903225806,0.6410256410256411,41.935483870967744
"2025-01-12 17:00:00","2025-01-12 18:00:00",UA,143,143,0,0,5.559440559440559,0.0,13.286713286713287
"2025-01-12 17:00:00","2025-01-12 18:00:00",WN,216,216,0,0,7.185185185185185,0.0,22.22222222222222
"2025-01-12 18:00:00","2025-01-12 19:00:00",AA,152,152,0,0,13.776315789473685,0.0,25.657894736842106
"2025-01-12 18:00:00","2025-01-12 19:00:00",DL,128,128,0,0,32.3671875,0.0,46.875
"2025-01-12 18:00:00","2025-01-12 19:00:00",UA,129,129,0,0,7.325581395348837,0.0,21.705426356589147
"2025-01-12 18:00:00","2025-01-12 19:00:00",WN,203,203,0,0,8.733990147783251,0.0,25.123152709359605
"2025-01-12 19:00:00","2025-01-12 20:00:00",AA,139,139,0,0,13.633093525179856,0.0,25.179856115107913
"2025-01-12 19:00:00","2025-01-12 20:00:00",DL,107,107,0,0,27.88785046728972,0.0,40.18691588785047
"2025-01-12 19:00:00","2025-01-12 20:00:00",UA,95,95,0,0,8.48421052631579,0.0,14.736842105263158
"2025-01-12 19:00:00","2025-01-12 20:00:00",WN,247,247,0,0,2.3724696356275303,0.0,11.740890688259109
"2025-01-12 20:00:00","2025-01-12 21:00:00",AA,108,108,0,0,8.25925925925926,0.0,19.444444444444443
"2025-01-12 20:00:00","2025-01-12 21:00:00",DL,59,59,0,0,28.491525423728813,0.0,55.932203389830505
"2025-01-12 20:00:00","2025-01-12 21:00:00",UA,83,83,0,0,10.493975903614459,0.0,21.686746987951807
"2025-01-12 20:00:00","2025-01-12 21:00:00",WN,168,168,0,0,4.398809523809524,0.0,14.285714285714286
"2025-01-12 21:00:00","2025-01-12 22:00:00",AA,76,76,0,0,4.342105263157895,0.0,15.789473684210526
"2025-01-12 21:00:00","2025-01-12 22:00:00",DL,70,70,0,0,12.442857142857143,0.0,30.0
"2025-01-12 21:00:00","2025-01-12 22:00:00",UA,29,29,0,0,6.931034482758621,0.0,10.344827586206897
"2025-01-12 21:00:00","2025-01-12 22:00:00",WN,137,137,0,0,2.0948905109489053,0.0,9.489051094890511
"2025-01-12 22:00:00","2025-01-12 23:00:00",AA,78,78,0,0,8.85897435897436,0.0,20.512820512820515
"2025-01-12 22:00:00","2025-01-12 23:00:00",DL,69,69,0,0,14.492753623188406,0.0,34.78260869565217
"2025-01-12 22:00:00","2025-01-12 23:00:00",UA,23,23,0,0,-1.8695652173913044,0.0,8.695652173913043
"2025-01-12 22:00:00","2025-01-12 23:00:00",WN,3,3,0,0,5.333333333333333,0.0,0.0
"2025-01-12 23:00:00","2025-01-13 00:00:00",AA,26,26,0,0,5.423076923076923,0.0,15.384615384615385
"2025-01-12 23:00:00","2025-01-13 00:00:00",DL,20,20,0,0,11.55,0.0,30.0
"2025-01-12 23:00:00","2025-01-13 00:00:00",UA,33,33,0,0,2.121212121212121,0.0,12.121212121212121
"2025-01-13 00:00:00","2025-01-13 01:00:00",AA,8,8,0,0,-3.5,0.0,0.0
"2025-01-13 00:00:00","2025-01-13 01:00:00",DL,1,1,0,0,-9.0,0.0,0.0
"2025-01-13 00:00:00","2025-01-13 01:00:00",UA,3,3,0,0,-6.333333333333333,0.0,0.0
"2025-01-13 01:00:00","2025-01-13 02:00:00",AA,1,1,0,0,-7.0,0.0,0.0
"2025-01-13 01:00:00","2025-01-13 02:00:00",DL,2,2,0,0,-6.0,0.0,0.0
"2025-01-13 01:00:00","2025-01-13 02:00:00",UA,1,1,0,0,-7.0,0.0,0.0
"2025-01-13 02:00:00","2025-01-13 03:00:00",UA,1,1,0,0,92.0,0.0,100.0
"2025-01-13 05:00:00","2025-01-13 06:00:00",AA,96,96,0,0,-4.385416666666667,0.0,1.0416666666666667
"2025-01-13 05:00:00","2025-01-13 06:00:00",DL,55,55,0,0,3.1818181818181817,0.0,9.090909090909092
"2025-01-13 05:00:00","2025-01-13 06:00:00",UA,23,22,1,0,-6.136363636363637,4.3478260869565215,0.0
"2025-01-13 05:00:00","2025-01-13 06:00:00",WN,25,25,0,0,-4.16,0.0,0.0
"2025-01-13 06:00:00","2025-01-13 07:00:00",AA,179,179,0,0,12.759776536312849,0.0,4.4692737430167595
"2025-01-13 06:00:00","2025-01-13 07:00:00",DL,175,175,0,0,12.09142857142857,0.0,11.428571428571429
"2025-01-13 06:00:00","2025-01-13 07:00:00",UA,110,110,0,0,-0.8272727272727273,0.0,6.363636363636363
"2025-01-13 06:00:00","2025-01-13 07:00:00",WN,219,219,0,0,-2.767123287671233,0.0,1.36986301369863
"2025-01-13 07:00:00","2025-01-13 08:00:00",AA,200,199,1,0,1.221105527638191,0.5,7.035175879396985
"2025-01-13 07:00:00","2025-01-13 08:00:00",DL,217,217,0,0,0.5576036866359447,0.0,6.912442396313364
"2025-01-13 07:00:00","2025-01-13 08:00:00",UA,160,160,0,0,-2.6125,0.0,5.0
"2025-01-13 07:00:00","2025-01-13 08:00:00",WN,169,169,0,0,-2.4792899408284024,0.0,3.5502958579881656
"2025-01-13 08:00:00","2025-01-13 09:00:00",AA,173,173,0,0,3.1965317919075145,0.0,10.404624277456648
"2025-01-13 08:00:00","2025-01-13 09:00:00",DL,150,149,0,1,4.28,0.0,15.333333333333334
"2025-01-13 08:00:00","2025-01-13 09:00:00",UA,173,172,1,0,-1.0930232558139534,0.5780346820809249,5.813953488372093
"2025-01-13 08:00:00","2025-01-13 09:00:00",WN,218,218,0,0,1.2293577981651376,0.0,4.128440366972477
"2025-01-13 09:00:00","2025-01-13 10:00:00",AA,125,125,0,0,5.56,0.0,9.6
"2025-01-13 09:00:00","2025-01-13 10:00:00",DL,102,102,0,0,4.892156862745098,0.0,17.647058823529413
"2025-01-13 09:00:00","2025-01-13 10:00:00",UA,135,135,0,0,5.948148148148148,0.0,11.11111111111111
"2025-01-13 09:00:00","2025-01-13 10:00:00",WN,213,213,0,0,-1.807511737089202,0.0,2.816901408450704
"2025-01-13 10:00:00","2025-01-13 11:00:00",AA,131,130,1,0,4.946153846153846,0.7633587786259542,10.76923076923077
"2025-01-13 10:00:00","2025-01-13 11:00:00",DL,146,146,0,0,13.534246575342467,0.0,17.80821917808219
"2025-01-13 10:00:00","2025-01-13 11:00:00",UA,115,115,0,0,-1.2173913043478262,0.0,5.217391304347826
"2025-01-13 10:00:00","2025-01-13 11:00:00",WN,198,197,1,0,-0.14213197969543148,0.5050505050505051,6.598984771573604
"2025-01-13 11:00:00","2025-01-13 12:00:00",AA,150,150,0,0,10.086666666666666,0.0,11.333333333333334
"2025-01-13 11:00:00","2025-01-13 12:00:00",DL,170,170,0,0,5.029411764705882,0.0,17.058823529411764
"2025-01-13 11:00:00","2025-01-13 12:00:00",UA,113,112,0,1,2.0,0.0,9.734513274336283
"2025-01-13 11:00:00","2025-01-13 12:00:00",WN,250,250,0,0,1.628,0.0,6.0
"2025-01-13 12:00:00","2025-01-13 13:00:00",AA,134,134,0,0,7.440298507462686,0.0,15.671641791044776
"2025-01-13 12:00:00","2025-01-13 13:00:00",DL,152,151,1,0,3.4304635761589406,0.6578947368421053,16.556291390728475
"2025-01-13 12:00:00","2025-01-13 13:00:00",UA,129,129,0,0,4.75968992248062,0.0,10.077519379844961
"2025-01-13 12:00:00","2025-01-13 13:00:00",WN,179,179,0,0,-0.7877094972067039,0.0,5.58659217877095
"2025-01-13 13:00:00","2025-01-13 14:00:00",AA,116,116,0,0,13.318965517241379,0.0,18.96551724137931
"2025-01-13 13:00:00","2025-01-13 14:00:00",DL,117,117,0,0,5.897435897435898,0.0,14.52991452991453
"2025-01-13 13:00:00","2025-01-13 14:00:00",UA,118,118,0,0,4.288135593220339,0.0,13.559322033898304
"2025-01-13 13:00:00","2025-01-13 14:00:00",WN,221,221,0,0,-0.16289592760180996,0.0,4.524886877828054
"2025-01-13 14:00:00","2025-01-13 15:00:00",AA,143,142,0,1,21.321678321678323,0.0,17.482517482517483
"2025-01-13 14:00:00","2025-01-13 15:00:00",DL,121,121,0,0,2.9008264462809916,0.0,13.223140495867769
"2025-01-13 14:00:00","2025-01-13 15:00:00",UA,109,109,0,0,2.8440366972477062,0.0,10.091743119266056
"2025-01-13 14:00:00","2025-01-13 15:00:00",WN,210,208,1,1,0.5454545454545454,0.47619047619047616,7.177033492822966
"2025-01-13 15:00:00","2025-01-13 16:00:00",AA,109,109,0,0,-0.22935779816513763,0.0,7.339449541284404
"2025-01-13 15:00:00","2025-01-13 16:00:00",DL,153,152,1,0,8.743421052631579,0.6535947712418301,19.736842105263158
"2025-01-13 15:00:00","2025-01-13 16:00:00",UA,87,87,0,0,3.781609195402299,0.0,12.64367816091954
"2025-01-13 15:00:00","2025-01-13 16:00:00",WN,206,206,0,0,-0.8300970873786407,0.0,7.281553398058253
"2025-01-13 16:00:00","2025-01-13 17:00:00",AA,122,121,0,1,32.28688524590164,0.0,19.672131147540984
"2025-01-13 16:00:00","2025-01-13 17:00:00",DL,99,99,0,0,4.242424242424242,0.0,13.131313131313131
"2025-01-13 16:00:00","2025-01-13 17:00:00",UA,111,111,0,0,2.225225225225225,0.0,9.90990990990991
"2025-01-13 16:00:00","2025-01-13 17:00:00",WN,184,184,0,0,-1.4728260869565217,0.0,5.978260869565218
"2025-01-13 17:00:00","2025-01-13 18:00:00",AA,152,150,0,2,7.842105263157895,0.0,16.44736842105263
"2025-01-13 17:00:00","2025-01-13 18:00:00",DL,159,159,0,0,1.0880503144654088,0.0,11.949685534591195
"2025-01-13 17:00:00","2025-01-13 18:00:00",UA,135,135,0,0,3.066666666666667,0.0,11.11111111111111
"2025-01-13 17:00:00","2025-01-13 18:00:00",WN,188,188,0,0,-2.228723404255319,0.0,3.1914893617021276
"2025-01-13 18:00:00","2025-01-13 19:00:00",AA,127,127,0,0,4.9763779527559056,0.0,14.173228346456693
"2025-01-13 18:00:00","2025-01-13 19:00:00",DL,132,132,0,0,8.537878787878787,0.0,12.878787878787879
"2025-01-13 18:00:00","2025-01-13 19:00:00",UA,128,128,0,0,7.0546875,0.0,17.1875
"2025-01-13 18:00:00","2025-01-13 19:00:00",WN,242,242,0,0,-1.8140495867768596,0.0,3.3057851239669422
"2025-01-13 19:00:00","2025-01-13 20:00:00",AA,108,106,0,2,5.157407407407407,0.0,12.037037037037036
"2025-01-13 19:00:00","2025-01-13 20:00:00",DL,122,122,0,0,-0.30327868852459017,0.0,9.01639344262295
"2025-01-13 19:00:00","2025-01-13 20:00:00",UA,98,98,0,0,0.9285714285714286,0.0,7.142857142857143
"2025-01-13 19:00:00","2025-01-13 20:00:00",WN,119,119,0,0,-4.294117647058823,0.0,4.201680672268908
"2025-01-13 20:00:00","2025-01-13 21:00:00",AA,77,75,0,2,7.922077922077922,0.0,16.883116883116884
"2025-01-13 20:00:00","2025-01-13 21:00:00",DL,63,63,0,0,0.6666666666666666,0.0,12.698412698412698
"2025-01-13 20:00:00","2025-01-13 21:00:00",UA,74,74,0,0,9.756756756756756,0.0,16.216216216216218
"2025-01-13 20:00:00","2025-01-13 21:00:00",WN,147,147,0,0,-1.7414965986394557,0.0,5.442176870748299
"2025-01-13 21:00:00","2025-01-13 22:00:00",AA,78,76,0,2,12.307692307692308,0.0,21.794871794871796
"2025-01-13 21:00:00","2025-01-13 22:00:00",DL,73,70,1,2,-2.7083333333333335,1.36986301369863,5.555555555555555
"2025-01-13 21:00:00","2025-01-13 22:00:00",UA,29,29,0,0,0.7931034482758621,0.0,13.793103448275861
"2025-01-13 21:00:00","2025-01-13 22:00:00",WN,15,15,0,0,-3.6,0.0,6.666666666666667
"2025-01-13 22:00:00","2025-01-13 23:00:00",AA,48,48,0,0,6.979166666666667,0.0,8.333333333333334
"2025-01-13 22:00:00","2025-01-13 23:00:00",DL,74,73,0,1,-5.608108108108108,0.0,1.3513513513513513
"2025-01-13 22:00:00","2025-01-13 23:00:00",UA,21,21,0,0,-4.476190476190476,0.0,4.761904761904762
"2025-01-13 23:00:00","2025-01-14 00:00:00",AA,20,20,0,0,-3.45,0.0,5.0
"2025-01-13 23:00:00","2025-01-14 00:00:00",DL,21,21,0,0,0.7142857142857143,0.0,9.523809523809524
"2025-01-13 23:00:00","2025-01-14 00:00:00",UA,27,27,0,0,17.814814814814813,0.0,7.407407407407407
"2025-01-14 00:00:00","2025-01-14 01:00:00",AA,4,4,0,0,-7.5,0.0,0.0
"2025-01-14 00:00:00","2025-01-14 01:00:00",DL,1,1,0,0,-19.0,0.0,0.0
"2025-01-14 00:00:00","2025-01-14 01:00:00",UA,3,3,0,0,-10.0,0.0,0.0
"2025-01-14 01:00:00","2025-01-14 02:00:00",DL,2,2,0,0,-3.5,0.0,0.0
"2025-01-14 01:00:00","2025-01-14 02:00:00",UA,1,1,0,0,4.0,0.0,0.0
"2025-01-14 02:00:00","2025-01-14 03:00:00",UA,1,1,0,0,-11.0,0.0,0.0
"2025-01-14 05:00:00","2025-01-14 06:00:00",AA,72,72,0,0,0.625,0.0,5.555555555555555
"2025-01-14 05:00:00","2025-01-14 06:00:00",DL,50,50,0,0,2.04,0.0,10.0
"2025-01-14 05:00:00","2025-01-14 06:00:00",UA,23,23,0,0,3.4347826086956523,0.0,8.695652173913043
"2025-01-14 05:00:00","2025-01-14 06:00:00",WN,25,25,0,0,-3.0,0.0,0.0
"2025-01-14 06:00:00","2025-01-14 07:00:00",AA,170,170,0,0,6.3,0.0,8.823529411764707
"2025-01-14 06:00:00","2025-01-14 07:00:00",DL,178,178,0,0,-0.17415730337078653,0.0,3.3707865168539324
"2025-01-14 06:00:00","2025-01-14 07:00:00",UA,107,107,0,0,-0.5887850467289719,0.0,1.8691588785046729
"2025-01-14 06:00:00","2025-01-14 07:00:00",WN,220,220,0,0,-3.309090909090909,0.0,1.8181818181818181
"2025-01-14 07:00:00","2025-01-14 08:00:00",AA,151,151,0,0,9.019867549668874,0.0,4.635761589403973
"2025-01-14 07:00:00","2025-01-14 08:00:00",DL,206,206,0,0,-0.470873786407767,0.0,7.766990291262136
"2025-01-14 07:00:00","2025-01-14 08:00:00",UA,133,133,0,0,-2.3157894736842106,0.0,4.511278195488722
"2025-01-14 07:00:00","2025-01-14 08:00:00",WN,172,172,0,0,-2.1744186046511627,0.0,4.069767441860465
"2025-01-14 08:00:00","2025-01-14 09:00:00",AA,181,181,0,0,0.425414364640884,0.0,12.154696132596685
"2025-01-14 08:00:00","2025-01-14 09:00:00",DL,155,155,0,0,1.5612903225806452,0.0,7.741935483870968
"2025-01-14 08:00:00","2025-01-14 09:00:00",UA,170,169,1,0,-0.8165680473372781,0.5882352941176471,3.5502958579881656
"2025-01-14 08:00:00","2025-01-14 09:00:00",WN,235,235,0,0,0.2170212765957447,0.0,6.382978723404255
"2025-01-14 09:00:00","2025-01-14 10:00:00",AA,122,122,0,0,2.598360655737705,0.0,9.01639344262295
"2025-01-14 09:00:00","2025-01-14 10:00:00",DL,117,117,0,0,0.3504273504273504,0.0,8.547008547008547
"2025-01-14 09:00:00","2025-01-14 10:00:00",UA,137,136,1,0,6.367647058823529,0.7299270072992701,15.441176470588236
"2025-01-14 09:00:00","2025-01-14 10:00:00",WN,230,230,0,0,0.7391304347826086,0.0,7.391304347826087
"2025-01-14 10:00:00","2025-01-14 11:00:00",AA,121,121,0,0,8.520661157024794,0.0,12.396694214876034
"2025-01-14 10:00:00","2025-01-14 11:00:00",DL,123,123,0,0,3.658536585365854,0.0,8.94308943089431
"2025-01-14 10:00:00","2025-01-14 11:00:00",UA,102,102,0,0,1.8333333333333333,0.0,5.882352941176471
"2025-01-14 10:00:00","2025-01-14 11:00:00",WN,178,177,1,0,-0.9774011299435028,0.5617977528089888,6.214689265536723
"2025-01-14 11:00:00","2025-01-14 12:00:00",AA,144,144,0,0,1.0763888888888888,0.0,5.555555555555555
"2025-01-14 11:00:00","2025-01-14 12:00:00",DL,166,166,0,0,-0.29518072289156627,0.0,8.433734939759036
"2025-01-14 11:00:00","2025-01-14 12:00:00",UA,113,113,0,0,0.1592920353982301,0.0,7.964601769911504
"2025-01-14 11:00:00","2025-01-14 12:00:00",WN,260,260,0,0,-1.7,0.0,4.230769230769231
"2025-01-14 12:00:00","2025-01-14 13:00:00",AA,118,118,0,0,3.1610169491525424,0.0,8.474576271186441
"2025-01-14 12:00:00","2025-01-14 13:00:00",DL,131,131,0,0,-0.1297709923664122,0.0,9.923664122137405
"2025-01-14 12:00:00","2025-01-14 13:00:00",UA,122,122,0,0,-2.262295081967213,0.0,5.737704918032787
"2025-01-14 12:00:00","2025-01-14 13:00:00",WN,156,156,0,0,1.685897435897436,0.0,10.897435897435898
"2025-01-14 13:00:00","2025-01-14 14:00:00",AA,107,107,0,0,2.317757009345794,0.0,9.345794392523365
"2025-01-14 13:00:00","2025-01-14 14:00:00",DL,119,119,0,0,2.0840336134453783,0.0,9.243697478991596
"2025-01-14 13:00:00","2025-01-14 14:00:00",UA,119,118,0,1,0.7310924369747899,0.0,7.563025210084033
"2025-01-14 13:00:00","2025-01-14 14:00:00",WN,227,227,0,0,-0.5242290748898678,0.0,7.929515418502203
"2025-01-14 14:00:00","2025-01-14 15:00:00",AA,130,130,0,0,8.307692307692308,0.0,10.0
"2025-01-14 14:00:00","2025-01-14 15:00:00",DL,110,109,1,0,9.458715596330276,0.9090909090909091,5.504587155963303
"2025-01-14 14:00:00","2025-01-14 15:00:00",UA,111,110,1,0,1.9727272727272727,0.9009009009009009,8.181818181818182
"2025-01-14 14:00:00","2025-01-14 15:00:00",WN,216,216,0,0,0.10648148148148148,0.0,8.333333333333334
"2025-01-14 15:00:00","2025-01-14 16:00:00",AA,111,111,0,0,-0.7657657657657657,0.0,8.108108108108109
"2025-01-14 15:00:00","2025-01-14 16:00:00",DL,143,143,0,0,0.993006993006993,0.0,9.79020979020979
"2025-01-14 15:00:00","2025-01-14 16:00:00",UA,68,68,0,0,-0.35294117647058826,0.0,7.352941176470588
"2025-01-14 15:00:00","2025-01-14 16:00:00",WN,210,210,0,0,-1.6761904761904762,0.0,4.285714285714286
"2025-01-14 16:00:00","2025-01-14 17:00:00",AA,116,115,0,1,10.232758620689655,0.0,10.344827586206897
"2025-01-14 16:00:00","2025-01-14 17:00:00",DL,88,88,0,0,1.75,0.0,11.363636363636363
"2025-01-14 16:00:00","2025-01-14 17:00:00",UA,109,109,0,0,-1.146788990825688,0.0,7.339449541284404
"2025-01-14 16:00:00","2025-01-14 17:00:00",WN,197,197,0,0,-0.6294416243654822,0.0,5.0761421319796955
"2025-01-14 17:00:00","2025-01-14 18:00:00",AA,138,138,0,0,0.7898550724637681,0.0,8.695652173913043
"2025-01-14 17:00:00","2025-01-14 18:00:00",DL,158,158,0,0,-0.12658227848101267,0.0,8.227848101265822
"2025-01-14 17:00:00","2025-01-14 18:00:00",UA,126,126,0,0,-0.06349206349206349,0.0,8.73015873015873
"2025-01-14 17:00:00","2025-01-14 18:00:00",WN,190,190,0,0,-0.4473684210526316,0.0,8.421052631578947
"2025-01-14 18:00:00","2025-01-14 19:00:00",AA,116,116,0,0,-0.45689655172413796,0.0,6.0344827586206895
"2025-01-14 18:00:00","2025-01-14 19:00:00",DL,112,112,0,0,1.1607142857142858,0.0,10.714285714285714
"2025-01-14 18:00:00","2025-01-14 19:00:00",UA,102,102,0,0,-1.4411764705882353,0.0,7.8431372549019605
"2025-01-14 18:00:00","2025-01-14 19:00:00",WN,237,237,0,0,-0.22362869198312235,0.0,8.016877637130802
"2025-01-14 19:00:00","2025-01-14 20:00:00",AA,99,99,0,0,1.2222222222222223,0.0,9.090909090909092
"2025-01-14 19:00:00","2025-01-14 20:00:00",DL,89,89,0,0,0.9550561797752809,0.0,10.112359550561798
"2025-01-14 19:00:00","2025-01-14 20:00:00",UA,93,93,0,0,-0.043010752688172046,0.0,11.827956989247312
"2025-01-14 19:00:00","2025-01-14 20:00:00",WN,117,117,0,0,-2.905982905982906,0.0,2.5641025641025643
"2025-01-14 20:00:00","2025-01-14 21:00:00",AA,68,67,0,1,-2.2794117647058822,0.0,5.882352941176471
"2025-01-14 20:00:00","2025-01-14 21:00:00",DL,58,58,0,0,0.5517241379310345,0.0,10.344827586206897
"2025-01-14 20:00:00","2025-01-14 21:00:00",UA,69,69,0,0,-0.5362318840579711,0.0,5.797101449275362
"2025-01-14 20:00:00","2025-01-14 21:00:00",WN,150,150,0,0,-2.1533333333333333,0.0,4.0
"2025-01-14 21:00:00","2025-01-14 22:00:00",AA,73,73,0,0,0.8904109589041096,0.0,9.58904109589041
"2025-01-14 21:00:00","2025-01-14 22:00:00",DL,58,58,0,0,1.5344827586206897,0.0,6.896551724137931
"2025-01-14 21:00:00","2025-01-14 22:00:00",UA,18,18,0,0,-1.0,0.0,11.11111111111111
"2025-01-14 21:00:00","2025-01-14 22:00:00",WN,14,14,0,0,-3.9285714285714284,0.0,7.142857142857143
"2025-01-14 22:00:00","2025-01-14 23:00:00",AA,47,47,0,0,-5.361702127659575,0.0,2.127659574468085
"2025-01-14 22:00:00","2025-01-14 23:00:00",DL,69,69,0,0,-1.0869565217391304,0.0,5.797101449275362
"2025-01-14 22:00:00","2025-01-14 23:00:00",UA,18,18,0,0,-5.333333333333333,0.0,0.0
"2025-01-14 23:00:00","2025-01-15 00:00:00",AA,17,17,0,0,54.64705882352941,0.0,5.882352941176471
"2025-01-14 23:00:00","2025-01-15 00:00:00",DL,19,19,0,0,2.1578947368421053,0.0,15.789473684210526
"2025-01-14 23:00:00","2025-01-15 00:00:00",UA,24,24,0,0,-6.458333333333333,0.0,0.0
"2025-01-15 00:00:00","2025-01-15 01:00:00",AA,5,5,0,0,-2.2,0.0,0.0
"2025-01-15 00:00:00","2025-01-15 01:00:00",DL,1,1,0,0,-16.0,0.0,0.0
"2025-01-15 00:00:00","2025-01-15 01:00:00",UA,3,3,0,0,-7.0,0.0,0.0
"2025-01-15 01:00:00","2025-01-15 02:00:00",DL,2,2,0,0,-11.0,0.0,0.0
"2025-01-15 01:00:00","2025-01-15 02:00:00",UA,1,1,0,0,3.0,0.0,0.0
"2025-01-15 02:00:00","2025-01-15 03:00:00",UA,1,1,0,0,23.0,0.0,100.0
"2025-01-15 05:00:00","2025-01-15 06:00:00",AA,78,78,0,0,-2.0,0.0,8.974358974358974
"2025-01-15 05:00:00","2025-01-15 06:00:00",DL,62,62,0,0,3.0,0.0,4.838709677419355
"2025-01-15 05:00:00","2025-01-15 06:00:00",UA,25,25,0,0,-2.04,0.0,12.0
"2025-01-15 05:00:00","2025-01-15 06:00:00",WN,25,25,0,0,-2.36,0.0,4.0
"2025-01-15 06:00:00","2025-01-15 07:00:00",AA,167,167,0,0,-1.8502994011976048,0.0,5.389221556886228
"2025-01-15 06:00:00","2025-01-15 07:00:00",DL,170,169,1,0,-2.9763313609467454,0.5882352941176471,4.733727810650888
"2025-01-15 06:00:00","2025-01-15 07:00:00",UA,110,110,0,0,-3.1636363636363636,0.0,3.6363636363636362
"2025-01-15 06:00:00","2025-01-15 07:00:00",WN,223,223,0,0,-0.6412556053811659,0.0,4.0358744394618835
"2025-01-15 07:00:00","2025-01-15 08:00:00",AA,147,146,1,0,4.280821917808219,0.6802721088435374,8.219178082191782
"2025-01-15 07:00:00","2025-01-15 08:00:00",DL,197,197,0,0,-0.3147208121827411,0.0,5.583756345177665
"2025-01-15 07:00:00","2025-01-15 08:00:00",UA,141,141,0,0,-2.120567375886525,0.0,5.673758865248227
"2025-01-15 07:00:00","2025-01-15 08:00:00",WN,167,167,0,0,-0.7005988023952096,0.0,2.9940119760479043
"2025-01-15 08:00:00","2025-01-15 09:00:00",AA,179,179,0,0,10.64245810055866,0.0,6.70391061452514
"2025-01-15 08:00:00","2025-01-15 09:00:00",DL,149,149,0,0,-2.530201342281879,0.0,4.697986577181208
"2025-01-15 08:00:00","2025-01-15 09:00:00",UA,170,170,0,0,-0.6176470588235294,0.0,5.882352941176471
"2025-01-15 08:00:00","2025-01-15 09:00:00",WN,222,222,0,0,-1.3333333333333333,0.0,3.6036036036036037
"2025-01-15 09:00:00","2025-01-15 10:00:00",AA,124,124,0,0,15.637096774193548,0.0,6.451612903225806
"2025-01-15 09:00:00","2025-01-15 10:00:00",DL,106,106,0,0,-2.339622641509434,0.0,4.716981132075472
"2025-01-15 09:00:00","2025-01-15 10:00:00",UA,129,129,0,0,0.8837209302325582,0.0,8.527131782945736
"2025-01-15 09:00:00","2025-01-15 10:00:00",WN,227,227,0,0,-0.3524229074889868,0.0,6.607929515418502
"2025-01-15 10:00:00","2025-01-15 11:00:00",AA,123,123,0,0,-2.6341463414634148,0.0,4.878048780487805
"2025-01-15 10:00:00","2025-01-15 11:00:00",DL,128,128,0,0,-0.15625,0.0,8.59375
"2025-01-15 10:00:00","2025-01-15 11:00:00",UA,106,105,0,1,-3.30188679245283,0.0,6.60377358490566
"2025-01-15 10:00:00","2025-01-15 11:00:00",WN,187,187,0,0,-1.2085561497326203,0.0,3.2085561497326203
"2025-01-15 11:00:00","2025-01-15 12:00:00",AA,139,139,0,0,16.928057553956833,0.0,10.79136690647482
"2025-01-15 11:00:00","2025-01-15 12:00:00",DL,167,167,0,0,1.1377245508982037,0.0,10.778443113772456
"2025-01-15 11:00:00","2025-01-15 12:00:00",UA,111,111,0,0,2.09009009009009,0.0,7.207207207207207
"2025-01-15 11:00:00","2025-01-15 12:00:00",WN,256,256,0,0,0.72265625,0.0,5.859375
"2025-01-15 12:00:00","2025-01-15 13:00:00",AA,128,128,0,0,-1.78125,0.0,4.6875
"2025-01-15 12:00:00","2025-01-15 13:00:00",DL,129,129,0,0,-1.9534883720930232,0.0,6.2015503875969
"2025-01-15 12:00:00","2025-01-15 13:00:00",UA,122,122,0,0,-1.221311475409836,0.0,5.737704918032787
"2025-01-15 12:00:00","2025-01-15 13:00:00",WN,163,163,0,0,1.2822085889570551,0.0,6.748466257668712
"2025-01-15 13:00:00","2025-01-15 14:00:00",AA,112,112,0,0,-1.5535714285714286,0.0,4.464285714285714
"2025-01-15 13:00:00","2025-01-15 14:00:00",DL,121,121,0,0,-1.859504132231405,0.0,6.6115702479338845
"2025-01-15 13:00:00","2025-01-15 14:00:00",UA,114,113,1,0,-0.17699115044247787,0.8771929824561403,6.1946902654867255
"2025-01-15 13:00:00","2025-01-15 14:00:00",WN,223,223,0,0,1.663677130044843,0.0,10.31390134529148
"2025-01-15 14:00:00","2025-01-15 15:00:00",AA,136,136,0,0,-0.2426470588235294,0.0,7.352941176470588
"2025-01-15 14:00:00","2025-01-15 15:00:00",DL,114,114,0,0,1.6491228070175439,0.0,7.894736842105263
"2025-01-15 14:00:00","2025-01-15 15:00:00",UA,110,110,0,0,-0.5727272727272728,0.0,6.363636363636363
"2025-01-15 14:00:00","2025-01-15 15:00:00",WN,217,217,0,0,0.4055299539170507,0.0,6.451612903225806
"2025-01-15 15:00:00","2025-01-15 16:00:00",AA,104,104,0,0,-0.5096153846153846,0.0,8.653846153846153
"2025-01-15 15:00:00","2025-01-15 16:00:00",DL,137,137,0,0,1.3430656934306568,0.0,6.569343065693431
"2025-01-15 15:00:00","2025-01-15 16:00:00",UA,79,79,0,0,-2.3037974683544302,0.0,8.860759493670885
"2025-01-15 15:00:00","2025-01-15 16:00:00",WN,208,208,0,0,-1.0721153846153846,0.0,5.288461538461538
"2025-01-15 16:00:00","2025-01-15 17:00:00",AA,117,116,0,1,0.23076923076923078,0.0,8.547008547008547
"2025-01-15 16:00:00","2025-01-15 17:00:00",DL,88,88,0,0,-1.4090909090909092,0.0,3.409090909090909
"2025-01-15 16:00:00","2025-01-15 17:00:00",UA,103,103,0,0,2.0,0.0,5.825242718446602
"2025-01-15 16:00:00","2025-01-15 17:00:00",WN,191,190,0,1,1.4240837696335078,0.0,6.806282722513089
"2025-01-15 17:00:00","2025-01-15 18:00:00",AA,149,149,0,0,0.12751677852348994,0.0,9.395973154362416
"2025-01-15 17:00:00","2025-01-15 18:00:00",DL,158,158,0,0,1.240506329113924,0.0,6.962025316455696
"2025-01-15 17:00:00","2025-01-15 18:00:00",UA,143,143,0,0,-0.5734265734265734,0.0,6.293706293706293
"2025-01-15 17:00:00","2025-01-15 18:00:00",WN,189,189,0,0,0.047619047619047616,0.0,6.349206349206349
"2025-01-15 18:00:00","2025-01-15 19:00:00",AA,123,123,0,0,-0.35772357723577236,0.0,8.94308943089431
"2025-01-15 18:00:00","2025-01-15 19:00:00",DL,115,115,0,0,3.008695652173913,0.0,13.043478260869565
"2025-01-15 18:00:00","2025-01-15 19:00:00",UA,117,117,0,0,1.2136752136752136,0.0,6.837606837606837
"2025-01-15 18:00:00","2025-01-15 19:00:00",WN,242,242,0,0,-0.30578512396694213,0.0,5.371900826446281
"2025-01-15 19:00:00","2025-01-15 20:00:00",AA,103,103,0,0,0.5048543689320388,0.0,6.796116504854369
"2025-01-15 19:00:00","2025-01-15 20:00:00",DL,91,91,0,0,0.38461538461538464,0.0,7.6923076923076925
"2025-01-15 19:00:00","2025-01-15 20:00:00",UA,97,97,0,0,-2.8350515463917527,0.0,7.216494845360825
"2025-01-15 19:00:00","2025-01-15 20:00:00",WN,118,118,0,0,-1.61864406779661,0.0,4.237288135593221
"2025-01-15 20:00:00","2025-01-15 21:00:00",AA,70,70,0,0,0.44285714285714284,0.0,7.142857142857143
"2025-01-15 20:00:00","2025-01-15 21:00:00",DL,65,65,0,0,-1.8,0.0,7.6923076923076925
"2025-01-15 20:00:00","2025-01-15 21:00:00",UA,77,77,0,0,2.220779220779221,0.0,10.38961038961039
"2025-01-15 20:00:00","2025-01-15 21:00:00",WN,154,154,0,0,-1.5974025974025974,0.0,4.545454545454546
"2025-01-15 21:00:00","2025-01-15 22:00:00",AA,74,74,0,0,-0.3783783783783784,0.0,5.405405405405405
"2025-01-15 21:00:00","2025-01-15 22:00:00",DL,61,61,0,0,-3.540983606557377,0.0,4.918032786885246
"2025-01-15 21:00:00","2025-01-15 22:00:00",UA,25,25,0,0,-0.24,0.0,12.0
"2025-01-15 21:00:00","2025-01-15 22:00:00",WN,15,15,0,0,-2.8,0.0,6.666666666666667
"2025-01-15 22:00:00","2025-01-15 23:00:00",AA,51,51,0,0,-4.294117647058823,0.0,3.9215686274509802
"2025-01-15 22:00:00","2025-01-15 23:00:00",DL,75,75,0,0,0.32,0.0,5.333333333333333
"2025-01-15 22:00:00","2025-01-15 23:00:00",UA,25,25,0,0,-2.68,0.0,8.0
"2025-01-15 23:00:00","2025-01-16 00:00:00",AA,20,20,0,0,3.6,0.0,10.0
"2025-01-15 23:00:00","2025-01-16 00:00:00",DL,20,20,0,0,-0.7,0.0,0.0
"2025-01-15 23:00:00","2025-01-16 00:00:00",UA,27,27,0,0,-2.074074074074074,0.0,3.7037037037037037
"2025-01-16 00:00:00","2025-01-16 01:00:00",AA,7,7,0,0,-5.285714285714286,0.0,0.0
"2025-01-16 00:00:00","2025-01-16 01:00:00",DL,1,1,0,0,-8.0,0.0,0.0
"2025-01-16 00:00:00","2025-01-16 01:00:00",UA,3,3,0,0,-1.6666666666666667,0.0,0.0
"2025-01-16 01:00:00","2025-01-16 02:00:00",DL,2,2,0,0,-4.5,0.0,0.0
"2025-01-16 01:00:00","2025-01-16 02:00:00",UA,1,1,0,0,8.0,0.0,0.0
"2025-01-16 02:00:00","2025-01-16 03:00:00",UA,1,1,0,0,-14.0,0.0,0.0
"2025-01-16 05:00:00","2025-01-16 06:00:00",AA,94,94,0,0,0.6170212765957447,0.0,6.382978723404255
"2025-01-16 05:00:00","2025-01-16 06:00:00",DL,50,50,0,0,2.12,0.0,6.0
"2025-01-16 05:00:00","2025-01-16 06:00:00",UA,23,23,0,0,-4.391304347826087,0.0,4.3478260869565215
"2025-01-16 05:00:00","2025-01-16 06:00:00",WN,81,80,1,0,-1.2625,1.2345679012345678,2.5
"2025-01-16 06:00:00","2025-01-16 07:00:00",AA,172,172,0,0,2.988372093023256,0.0,6.976744186046512
"2025-01-16 06:00:00","2025-01-16 07:00:00",DL,180,180,0,0,-2.7777777777777777,0.0,5.0
"2025-01-16 06:00:00","2025-01-16 07:00:00",UA,113,113,0,0,3.52212389380531,0.0,7.079646017699115
"2025-01-16 06:00:00","2025-01-16 07:00:00",WN,301,301,0,0,-2.2956810631229234,0.0,1.6611295681063123
"2025-01-16 07:00:00","2025-01-16 08:00:00",AA,192,192,0,0,3.8541666666666665,0.0,7.8125
"2025-01-16 07:00:00","2025-01-16 08:00:00",DL,211,211,0,0,0.2796208530805687,0.0,8.056872037914692
"2025-01-16 07:00:00","2025-01-16 08:00:00",UA,155,153,1,1,-1.2467532467532467,0.6451612903225806,3.896103896103896
"2025-01-16 07:00:00","2025-01-16 08:00:00",WN,189,188,1,0,-0.7819148936170213,0.5291005291005291,3.723404255319149
"2025-01-16 08:00:00","2025-01-16 09:00:00",AA,178,176,0,2,-1.2696629213483146,0.0,4.49438202247191
"2025-01-16 08:00:00","2025-01-16 09:00:00",DL,151,149,0,2,-0.3509933774834437,0.0,3.9735099337748343
"2025-01-16 08:00:00","2025-01-16 09:00:00",UA,168,167,0,1,-0.9761904761904762,0.0,4.761904761904762
"2025-01-16 08:00:00","2025-01-16 09:00:00",WN,244,244,0,0,0.4016393442622951,0.0,4.918032786885246
"2025-01-16 09:00:00","2025-01-16 10:00:00",AA,120,120,0,0,1.55,0.0,10.833333333333334
"2025-01-16 09:00:00","2025-01-16 10:00:00",DL,112,112,0,0,1.0446428571428572,0.0,9.821428571428571
"2025-01-16 09:00:00","2025-01-16 10:00:00",UA,140,137,0,3,0.3357142857142857,0.0,6.428571428571429
"2025-01-16 09:00:00","2025-01-16 10:00:00",WN,200,199,0,1,0.015,0.0,5.0
"2025-01-16 10:00:00","2025-01-16 11:00:00",AA,127,126,0,1,1.5826771653543308,0.0,11.023622047244094
"2025-01-16 10:00:00","2025-01-16 11:00:00",DL,137,136,0,1,0.5693430656934306,0.0,10.218978102189782
"2025-01-16 10:00:00","2025-01-16 11:00:00",UA,113,113,0,0,1.238938053097345,0.0,7.964601769911504
"2025-01-16 10:00:00","2025-01-16 11:00:00",WN,202,202,0,0,0.16831683168316833,0.0,3.4653465346534653
"2025-01-16 11:00:00","2025-01-16 12:00:00",AA,153,152,0,1,3.69281045751634,0.0,9.15032679738562
"2025-01-16 11:00:00","2025-01-16 12:00:00",DL,179,179,0,0,5.089385474860335,0.0,11.1731843575419
"2025-01-16 11:00:00","2025-01-16 12:00:00",UA,117,117,0,0,9.803418803418804,0.0,11.11111111111111
"2025-01-16 11:00:00","2025-01-16 12:00:00",WN,215,213,1,1,4.542056074766355,0.46511627906976744,7.94392523364486
"2025-01-16 12:00:00","2025-01-16 13:00:00",AA,120,119,0,1,4.358333333333333,0.0,7.5
"2025-01-16 12:00:00","2025-01-16 13:00:00",DL,145,145,0,0,1.089655172413793,0.0,9.655172413793103
"2025-01-16 12:00:00","2025-01-16 13:00:00",UA,118,118,0,0,2.110169491525424,0.0,4.237288135593221
"2025-01-16 12:00:00","2025-01-16 13:00:00",WN,205,204,0,1,0.6390243902439025,0.0,4.878048780487805
"2025-01-16 13:00:00","2025-01-16 14:00:00",AA,130,130,0,0,13.223076923076922,0.0,11.538461538461538
"2025-01-16 13:00:00","2025-01-16 14:00:00",DL,127,127,0,0,1.1574803149606299,0.0,13.385826771653543
"2025-01-16 13:00:00","2025-01-16 14:00:00",UA,122,122,0,0,4.385245901639344,0.0,11.475409836065573
"2025-01-16 13:00:00","2025-01-16 14:00:00",WN,226,225,0,1,3.327433628318584,0.0,8.849557522123893
"2025-01-16 14:00:00","2025-01-16 15:00:00",AA,155,155,0,0,10.522580645161291,0.0,15.483870967741936
"2025-01-16 14:00:00","2025-01-16 15:00:00",DL,122,122,0,0,9.71311475409836,0.0,13.934426229508198
"2025-01-16 14:00:00","2025-01-16 15:00:00",UA,114,114,0,0,7.684210526315789,0.0,14.912280701754385
"2025-01-16 14:00:00","2025-01-16 15:00:00",WN,216,216,0,0,3.2777777777777777,0.0,7.87037037037037
"2025-01-16 15:00:00","2025-01-16 16:00:00",AA,105,105,0,0,7.571428571428571,0.0,13.333333333333334
"2025-01-16 15:00:00","2025-01-16 16:00:00",DL,150,149,1,0,7.1879194630872485,0.6666666666666666,16.107382550335572
"2025-01-16 15:00:00","2025-01-16 16:00:00",UA,78,78,0,0,4.423076923076923,0.0,8.974358974358974
"2025-01-16 15:00:00","2025-01-16 16:00:00",WN,198,198,0,0,5.51010101010101,0.0,8.585858585858587
"2025-01-16 16:00:00","2025-01-16 17:00:00",AA,142,140,0,2,11.014084507042254,0.0,14.788732394366198
"2025-01-16 16:00:00","2025-01-16 17:00:00",DL,109,107,1,1,11.101851851851851,0.9174311926605505,20.37037037037037
"2025-01-16 16:00:00","2025-01-16 17:00:00",UA,116,116,0,0,8.224137931034482,0.0,9.482758620689655
"2025-01-16 16:00:00","2025-01-16 17:00:00",WN,213,213,0,0,7.652582159624413,0.0,17.370892018779344
"2025-01-16 17:00:00","2025-01-16 18:00:00",AA,156,156,0,0,10.346153846153847,0.0,20.512820512820515
"2025-01-16 17:00:00","2025-01-16 18:00:00",DL,165,165,0,0,2.878787878787879,0.0,12.727272727272727
"2025-01-16 17:00:00","2025-01-16 18:00:00",UA,146,144,1,1,4.248275862068965,0.684931506849315,6.896551724137931
"2025-01-16 17:00:00","2025-01-16 18:00:00",WN,220,218,0,2,3.7454545454545456,0.0,8.636363636363637
"2025-01-16 18:00:00","2025-01-16 19:00:00",AA,160,159,0,1,25.2,0.0,21.875
"2025-01-16 18:00:00","2025-01-16 19:00:00",DL,138,138,0,0,7.311594202898551,0.0,15.217391304347826
"2025-01-16 18:00:00","2025-01-16 19:00:00",UA,135,135,0,0,10.296296296296296,0.0,14.814814814814815
"2025-01-16 18:00:00","2025-01-16 19:00:00",WN,207,207,0,0,5.357487922705314,0.0,15.942028985507246
"2025-01-16 19:00:00","2025-01-16 20:00:00",AA,147,147,0,0,17.979591836734695,0.0,21.768707482993197
"2025-01-16 19:00:00","2025-01-16 20:00:00",DL,127,127,0,0,11.48031496062992,0.0,23.62204724409449
"2025-01-16 19:00:00","2025-01-16 20:00:00",UA,103,103,0,0,3.1067961165048543,0.0,11.650485436893204
"2025-01-16 19:00:00","2025-01-16 20:00:00",WN,265,265,0,0,5.233962264150944,0.0,14.716981132075471
"2025-01-16 20:00:00","2025-01-16 21:00:00",AA,107,107,0,0,17.953271028037385,0.0,25.233644859813083
"2025-01-16 20:00:00","2025-01-16 21:00:00",DL,65,65,0,0,9.96923076923077,0.0,24.615384615384617
"2025-01-16 20:00:00","2025-01-16 21:00:00",UA,76,76,0,0,3.013157894736842,0.0,10.526315789473685
"2025-01-16 20:00:00","2025-01-16 21:00:00",WN,163,163,0,0,5.098159509202454,0.0,15.337423312883436
"2025-01-16 21:00:00","2025-01-16 22:00:00",AA,78,78,0,0,4.717948717948718,0.0,16.666666666666668
"2025-01-16 21:00:00","2025-01-16 22:00:00",DL,82,82,0,0,2.792682926829268,0.0,14.634146341463415
"2025-01-16 21:00:00","2025-01-16 22:00:00",UA,31,31,0,0,13.419354838709678,0.0,16.129032258064516
"2025-01-16 21:00:00","2025-01-16 22:00:00",WN,143,143,0,0,5.881118881118881,0.0,15.384615384615385
"2025-01-16 22:00:00","2025-01-16 23:00:00",AA,84,84,0,0,23.035714285714285,0.0,17.857142857142858
"2025-01-16 22:00:00","2025-01-16 23:00:00",DL,78,77,1,0,0.6233766233766234,1.2820512820512822,5.194805194805195
"2025-01-16 22:00:00","2025-01-16 23:00:00",UA,24,24,0,0,-2.125,0.0,4.166666666666667
"2025-01-16 22:00:00","2025-01-16 23:00:00",WN,3,3,0,0,-3.3333333333333335,0.0,0.0
"2025-01-16 23:00:00","2025-01-17 00:00:00",AA,27,27,0,0,2.4444444444444446,0.0,11.11111111111111
"2025-01-16 23:00:00","2025-01-17 00:00:00",DL,25,24,1,0,0.4166666666666667,4.0,8.333333333333334
"2025-01-16 23:00:00","2025-01-17 00:00:00",UA,30,30,0,0,1.3,0.0,10.0
"2025-01-17 00:00:00","2025-01-17 01:00:00",AA,8,8,0,0,70.125,0.0,25.0
"2025-01-17 00:00:00","2025-01-17 01:00:00",DL,2,2,0,0,-10.5,0.0,0.0
"2025-01-17 00:00:00","2025-01-17 01:00:00",UA,3,3,0,0,5.0,0.0,33.333333333333336
"2025-01-17 01:00:00","2025-01-17 02:00:00",AA,1,1,0,0,-6.0,0.0,0.0
"2025-01-17 01:00:00","2025-01-17 02:00:00",DL,2,2,0,0,9.0,0.0,50.0
"2025-01-17 01:00:00","2025-01-17 02:00:00",UA,1,1,0,0,5.0,0.0,0.0
"2025-01-17 02:00:00","2025-01-17 03:00:00",UA,1,1,0,0,-10.0,0.0,0.0
"2025-01-17 05:00:00","2025-01-17 06:00:00",AA,98,98,0,0,24.285714285714285,0.0,8.16326530612245
"2025-01-17 05:00:00","2025-01-17 06:00:00",DL,59,59,0,0,5.830508474576271,0.0,5.084745762711864
"2025-01-17 05:00:00","2025-01-17 06:00:00",UA,23,23,0,0,-4.043478260869565,0.0,0.0
"2025-01-17 05:00:00","2025-01-17 06:00:00",WN,80,80,0,0,-1.3125,0.0,3.75
"2025-01-17 06:00:00","2025-01-17 07:00:00",AA,169,169,0,0,6.420118343195266,0.0,8.284023668639053
"2025-01-17 06:00:00","2025-01-17 07:00:00",DL,172,172,0,0,-0.6802325581395349,0.0,4.651162790697675
"2025-01-17 06:00:00","2025-01-17 07:00:00",UA,107,107,0,0,-3.7196261682242993,0.0,0.9345794392523364
"2025-01-17 06:00:00","2025-01-17 07:00:00",WN,291,290,0,1,-0.44329896907216493,0.0,4.810996563573883
"2025-01-17 07:00:00","2025-01-17 08:00:00",AA,203,203,0,0,13.472906403940886,0.0,8.866995073891626
"2025-01-17 07:00:00","2025-01-17 08:00:00",DL,215,215,0,0,2.744186046511628,0.0,6.046511627906977
"2025-01-17 07:00:00","2025-01-17 08:00:00",UA,164,163,1,0,5.785276073619632,0.6097560975609756,4.9079754601226995
"2025-01-17 07:00:00","2025-01-17 08:00:00",WN,204,204,0,0,0.5392156862745098,0.0,2.9411764705882355
"2025-01-17 08:00:00","2025-01-17 09:00:00",AA,171,171,0,0,2.9883040935672516,0.0,9.941520467836257
"2025-01-17 08:00:00","2025-01-17 09:00:00",DL,150,150,0,0,3.3466666666666667,0.0,8.666666666666666
"2025-01-17 08:00:00","2025-01-17 09:00:00",UA,166,165,1,0,-0.5212121212121212,0.6024096385542169,4.848484848484849
"2025-01-17 08:00:00","2025-01-17 09:00:00",WN,244,244,0,0,-0.38524590163934425,0.0,3.6885245901639343
"2025-01-17 09:00:00","2025-01-17 10:00:00",AA,133,132,0,1,6.203007518796992,0.0,7.518796992481203
"2025-01-17 09:00:00","2025-01-17 10:00:00",DL,125,125,0,0,-0.856,0.0,5.6
"2025-01-17 09:00:00","2025-01-17 10:00:00",UA,155,154,0,1,0.1032258064516129,0.0,4.516129032258065
"2025-01-17 09:00:00","2025-01-17 10:00:00",WN,214,214,0,0,0.6635514018691588,0.0,5.140186915887851
"2025-01-17 10:00:00","2025-01-17 11:00:00",AA,125,125,0,0,3.464,0.0,10.4
"2025-01-17 10:00:00","2025-01-17 11:00:00",DL,130,130,0,0,2.4,0.0,14.615384615384615
"2025-01-17 10:00:00","2025-01-17 11:00:00",UA,103,103,0,0,-1.0679611650485437,0.0,5.825242718446602
"2025-01-17 10:00:00","2025-01-17 11:00:00",WN,198,198,0,0,0.51010101010101,0.0,4.040404040404041
"2025-01-17 11:00:00","2025-01-17 12:00:00",AA,158,158,0,0,8.177215189873417,0.0,15.822784810126583
"2025-01-17 11:00:00","2025-01-17 12:00:00",DL,182,181,0,1,3.2252747252747254,0.0,8.791208791208792
"2025-01-17 11:00:00","2025-01-17 12:00:00",UA,118,118,0,0,-0.4915254237288136,0.0,5.084745762711864
"2025-01-17 11:00:00","2025-01-17 12:00:00",WN,221,221,0,0,1.4524886877828054,0.0,9.95475113122172
"2025-01-17 12:00:00","2025-01-17 13:00:00",AA,118,118,0,0,10.652542372881356,0.0,21.1864406779661
"2025-01-17 12:00:00","2025-01-17 13:00:00",DL,140,140,0,0,1.8357142857142856,0.0,12.857142857142858
"2025-01-17 12:00:00","2025-01-17 13:00:00",UA,118,118,0,0,1.923728813559322,0.0,7.627118644067797
"2025-01-17 12:00:00","2025-01-17 13:00:00",WN,190,190,0,0,5.78421052631579,0.0,10.526315789473685
"2025-01-17 13:00:00","2025-01-17 14:00:00",AA,119,119,0,0,8.915966386554622,0.0,21.008403361344538
"2025-01-17 13:00:00","2025-01-17 14:00:00",DL,116,116,0,0,2.75,0.0,11.206896551724139
"2025-01-17 13:00:00","2025-01-17 14:00:00",UA,119,119,0,0,3.1596638655462184,0.0,8.403361344537815
"2025-01-17 13:00:00","2025-01-17 14:00:00",WN,220,219,1,0,3.9863013698630136,0.45454545454545453,9.58904109589041
"2025-01-17 14:00:00","2025-01-17 15:00:00",AA,145,145,0,0,6.537931034482758,0.0,16.551724137931036
"2025-01-17 14:00:00","2025-01-17 15:00:00",DL,125,125,0,0,7.784,0.0,13.6
"2025-01-17 14:00:00","2025-01-17 15:00:00",UA,114,114,0,0,0.956140350877193,0.0,7.017543859649122
"2025-01-17 14:00:00","2025-01-17 15:00:00",WN,218,218,0,0,3.3577981651376145,0.0,10.091743119266056
"2025-01-17 15:00:00","2025-01-17 16:00:00",AA,110,110,0,0,22.554545454545455,0.0,26.363636363636363
"2025-01-17 15:00:00","2025-01-17 16:00:00",DL,157,157,0,0,4.350318471337579,0.0,14.64968152866242
"2025-01-17 15:00:00","2025-01-17 16:00:00",UA,87,87,0,0,2.3448275862068964,0.0,11.494252873563218
"2025-01-17 15:00:00","2025-01-17 16:00:00",WN,215,215,0,0,6.469767441860465,0.0,15.348837209302326
"2025-01-17 16:00:00","2025-01-17 17:00:00",AA,139,138,0,1,6.503597122302159,0.0,15.827338129496402
"2025-01-17 16:00:00","2025-01-17 17:00:00",DL,113,113,0,0,4.20353982300885,0.0,15.044247787610619
"2025-01-17 16:00:00","2025-01-17 17:00:00",UA,122,122,0,0,6.89344262295082,0.0,14.754098360655737
"2025-01-17 16:00:00","2025-01-17 17:00:00",WN,214,214,0,0,4.233644859813084,0.0,14.018691588785046
"2025-01-17 17:00:00","2025-01-17 18:00:00",AA,152,152,0,0,2.9078947368421053,0.0,12.5
"2025-01-17 17:00:00","2025-01-17 18:00:00",DL,164,164,0,0,10.335365853658537,0.0,15.24390243902439
"2025-01-17 17:00:00","2025-01-17 18:00:00",UA,145,145,0,0,2.7655172413793103,0.0,11.03448275862069
"2025-01-17 17:00:00","2025-01-17 18:00:00",WN,224,224,0,0,3.924107142857143,0.0,12.5
"2025-01-17 18:00:00","2025-01-17 19:00:00",AA,133,133,0,0,11.586466165413533,0.0,21.804511278195488
"2025-01-17 18:00:00","2025-01-17 19:00:00",DL,135,135,0,0,6.488888888888889,0.0,14.814814814814815
"2025-01-17 18:00:00","2025-01-17 19:00:00",UA,124,124,0,0,2.185483870967742,0.0,9.67741935483871
"2025-01-17 18:00:00","2025-01-17 19:00:00",WN,194,194,0,0,4.355670103092783,0.0,12.88659793814433
"2025-01-17 19:00:00","2025-01-17 20:00:00",AA,111,111,0,0,22.26126126126126,0.0,20.72072072072072
"2025-01-17 19:00:00","2025-01-17 20:00:00",DL,129,129,0,0,3.310077519379845,0.0,13.178294573643411
"2025-01-17 19:00:00","2025-01-17 20:00:00",UA,101,101,0,0,5.118811881188119,0.0,13.861386138613861
"2025-01-17 19:00:00","2025-01-17 20:00:00",WN,265,265,0,0,2.6188679245283017,0.0,9.433962264150944
"2025-01-17 20:00:00","2025-01-17 21:00:00",AA,74,74,0,0,1.4594594594594594,0.0,12.162162162162161
"2025-01-17 20:00:00","2025-01-17 21:00:00",DL,65,65,0,0,4.461538461538462,0.0,16.923076923076923
"2025-01-17 20:00:00","2025-01-17 21:00:00",UA,79,79,0,0,8.962025316455696,0.0,16.455696202531644
"2025-01-17 20:00:00","2025-01-17 21:00:00",WN,167,167,0,0,3.089820359281437,0.0,14.970059880239521
"2025-01-17 21:00:00","2025-01-17 22:00:00",AA,77,77,0,0,13.792207792207792,0.0,31.16883116883117
"2025-01-17 21:00:00","2025-01-17 22:00:00",DL,75,75,0,0,2.7466666666666666,0.0,16.0
"2025-01-17 21:00:00","2025-01-17 22:00:00",UA,26,26,0,0,-2.3846153846153846,0.0,3.8461538461538463
"2025-01-17 21:00:00","2025-01-17 22:00:00",WN,138,138,0,0,3.3840579710144927,0.0,13.768115942028986
"2025-01-17 22:00:00","2025-01-17 23:00:00",AA,53,51,1,1,2.7115384615384617,1.8867924528301887,9.615384615384615
"2025-01-17 22:00:00","2025-01-17 23:00:00",DL,82,82,0,0,-0.4024390243902439,0.0,6.097560975609756
"2025-01-17 22:00:00","2025-01-17 23:00:00",UA,21,21,0,0,2.4285714285714284,0.0,9.523809523809524
"2025-01-17 22:00:00","2025-01-17 23:00:00",WN,3,3,0,0,-5.666666666666667,0.0,0.0
"2025-01-17 23:00:00","2025-01-18 00:00:00",AA,19,19,0,0,31.42105263157895,0.0,15.789473684210526
"2025-01-17 23:00:00","2025-01-18 00:00:00",DL,24,24,0,0,-0.4166666666666667,0.0,4.166666666666667
"2025-01-17 23:00:00","2025-01-18 00:00:00",UA,29,29,0,0,2.3448275862068964,0.0,10.344827586206897
"2025-01-18 00:00:00","2025-01-18 01:00:00",AA,5,5,0,0,-1.0,0.0,0.0
"2025-01-18 00:00:00","2025-01-18 01:00:00",DL,2,2,0,0,-14.0,0.0,0.0
"2025-01-18 00:00:00","2025-01-18 01:00:00",UA,3,3,0,0,-7.333333333333333,0.0,0.0
"2025-01-18 01:00:00","2025-01-18 02:00:00",DL,2,2,0,0,-1.0,0.0,0.0
"2025-01-18 01:00:00","2025-01-18 02:00:00",UA,1,1,0,0,9.0,0.0,0.0
"2025-01-18 02:00:00","2025-01-18 03:00:00",UA,1,1,0,0,-3.0,0.0,0.0
"2025-01-18 05:00:00","2025-01-18 06:00:00",AA,72,72,0,0,4.888888888888889,0.0,5.555555555555555
"2025-01-18 05:00:00","2025-01-18 06:00:00",DL,47,47,0,0,32.4468085106383,0.0,6.382978723404255
"2025-01-18 05:00:00","2025-01-18 06:00:00",UA,22,22,0,0,11.136363636363637,0.0,9.090909090909092
"2025-01-18 05:00:00","2025-01-18 06:00:00",WN,50,50,0,0,-2.54,0.0,0.0
"2025-01-18 06:00:00","2025-01-18 07:00:00",AA,156,156,0,0,1.358974358974359,0.0,3.2051282051282053
"2025-01-18 06:00:00","2025-01-18 07:00:00",DL,164,164,0,0,-1.6219512195121952,0.0,6.097560975609756
"2025-01-18 06:00:00","2025-01-18 07:00:00",UA,106,105,0,1,4.783018867924528,0.0,6.60377358490566
"2025-01-18 06:00:00","2025-01-18 07:00:00",WN,185,184,0,1,0.4756756756756757,0.0,4.324324324324325
"2025-01-18 07:00:00","2025-01-18 08:00:00",AA,144,144,0,0,2.6875,0.0,6.25
"2025-01-18 07:00:00","2025-01-18 08:00:00",DL,197,196,1,0,1.2448979591836735,0.5076142131979695,7.142857142857143
"2025-01-18 07:00:00","2025-01-18 08:00:00",UA,159,158,0,1,1.79874213836478,0.0,10.062893081761006
"2025-01-18 07:00:00","2025-01-18 08:00:00",WN,180,180,0,0,0.011111111111111112,0.0,5.0
"2025-01-18 08:00:00","2025-01-18 09:00:00",AA,162,162,0,0,1.4506172839506173,0.0,5.555555555555555
"2025-01-18 08:00:00","2025-01-18 09:00:00",DL,142,142,0,0,2.1056338028169015,0.0,7.042253521126761
"2025-01-18 08:00:00","2025-01-18 09:00:00",UA,150,150,0,0,1.32,0.0,10.0
"2025-01-18 08:00:00","2025-01-18 09:00:00",WN,214,213,0,1,-0.5233644859813084,0.0,3.7383177570093458
"2025-01-18 09:00:00","2025-01-18 10:00:00",AA,110,110,0,0,3.6,0.0,11.818181818181818
"2025-01-18 09:00:00","2025-01-18 10:00:00",DL,99,99,0,0,5.03030303030303,0.0,10.1010101010101
"2025-01-18 09:00:00","2025-01-18 10:00:00",UA,117,116,0,1,10.487179487179487,0.0,13.675213675213675
"2025-01-18 09:00:00","2025-01-18 10:00:00",WN,209,208,0,1,1.2679425837320575,0.0,7.177033492822966
"2025-01-18 10:00:00","2025-01-18 11:00:00",AA,108,108,0,0,3.0185185185185186,0.0,8.333333333333334
"2025-01-18 10:00:00","2025-01-18 11:00:00",DL,118,118,0,0,3.983050847457627,0.0,11.016949152542374
"2025-01-18 10:00:00","2025-01-18 11:00:00",UA,106,106,0,0,9.150943396226415,0.0,12.264150943396226
"2025-01-18 10:00:00","2025-01-18 11:00:00",WN,197,197,0,0,4.370558375634518,0.0,10.65989847715736
"2025-01-18 11:00:00","2025-01-18 12:00:00",AA,132,132,0,0,4.007575757575758,0.0,13.636363636363637
"2025-01-18 11:00:00","2025-01-18 12:00:00",DL,169,169,0,0,2.8816568047337277,0.0,11.242603550295858
"2025-01-18 11:00:00","2025-01-18 12:00:00",UA,108,108,0,0,9.157407407407407,0.0,23.14814814814815
"2025-01-18 11:00:00","2025-01-18 12:00:00",WN,224,224,0,0,2.830357142857143,0.0,10.267857142857142
"2025-01-18 12:00:00","2025-01-18 13:00:00",AA,112,112,0,0,5.9375,0.0,12.5
"2025-01-18 12:00:00","2025-01-18 13:00:00",DL,139,138,0,1,5.503597122302159,0.0,13.66906474820144
"2025-01-18 12:00:00","2025-01-18 13:00:00",UA,113,113,0,0,-0.035398230088495575,0.0,7.964601769911504
"2025-01-18 12:00:00","2025-01-18 13:00:00",WN,186,186,0,0,3.629032258064516,0.0,12.365591397849462
"2025-01-18 13:00:00","2025-01-18 14:00:00",AA,98,98,0,0,2.5816326530612246,0.0,11.224489795918368
"2025-01-18 13:00:00","2025-01-18 14:00:00",DL,113,113,0,0,4.1415929203539825,0.0,15.929203539823009
"2025-01-18 13:00:00","2025-01-18 14:00:00",UA,104,104,0,0,11.192307692307692,0.0,24.03846153846154
"2025-01-18 13:00:00","2025-01-18 14:00:00",WN,170,170,0,0,5.435294117647059,0.0,15.294117647058824
"2025-01-18 14:00:00","2025-01-18 15:00:00",AA,119,119,0,0,1.915966386554622,0.0,10.084033613445378
"2025-01-18 14:00:00","2025-01-18 15:00:00",DL,112,112,0,0,4.491071428571429,0.0,13.392857142857142
"2025-01-18 14:00:00","2025-01-18 15:00:00",UA,106,106,0,0,12.764150943396226,0.0,21.69811320754717
"2025-01-18 14:00:00","2025-01-18 15:00:00",WN,231,231,0,0,4.878787878787879,0.0,13.852813852813853
"2025-01-18 15:00:00","2025-01-18 16:00:00",AA,85,85,0,0,2.8705882352941177,0.0,8.235294117647058
"2025-01-18 15:00:00","2025-01-18 16:00:00",DL,120,120,0,0,5.25,0.0,10.0
"2025-01-18 15:00:00","2025-01-18 16:00:00",UA,68,68,0,0,7.367647058823529,0.0,16.176470588235293
"2025-01-18 15:00:00","2025-01-18 16:00:00",WN,162,162,0,0,5.203703703703703,0.0,11.728395061728396
"2025-01-18 16:00:00","2025-01-18 17:00:00",AA,115,115,0,0,1.982608695652174,0.0,9.565217391304348
"2025-01-18 16:00:00","2025-01-18 17:00:00",DL,99,98,0,1,2.515151515151515,0.0,12.121212121212121
"2025-01-18 16:00:00","2025-01-18 17:00:00",UA,102,102,0,0,9.509803921568627,0.0,17.647058823529413
"2025-01-18 16:00:00","2025-01-18 17:00:00",WN,173,173,0,0,4.5491329479768785,0.0,17.341040462427745
"2025-01-18 17:00:00","2025-01-18 18:00:00",AA,115,115,0,0,4.060869565217391,0.0,11.304347826086957
"2025-01-18 17:00:00","2025-01-18 18:00:00",DL,132,132,0,0,1.9318181818181819,0.0,12.121212121212121
"2025-01-18 17:00:00","2025-01-18 18:00:00",UA,114,114,0,0,6.026315789473684,0.0,16.666666666666668
"2025-01-18 17:00:00","2025-01-18 18:00:00",WN,146,146,0,0,7.417808219178082,0.0,21.232876712328768
"2025-01-18 18:00:00","2025-01-18 19:00:00",AA,120,120,0,0,2.225,0.0,10.0
"2025-01-18 18:00:00","2025-01-18 19:00:00",DL,88,88,0,0,4.306818181818182,0.0,11.363636363636363
"2025-01-18 18:00:00","2025-01-18 19:00:00",UA,98,97,0,1,10.520408163265307,0.0,21.428571428571427
"2025-01-18 18:00:00","2025-01-18 19:00:00",WN,123,123,0,0,0.959349593495935,0.0,9.75609756097561
"2025-01-18 19:00:00","2025-01-18 20:00:00",AA,94,94,0,0,2.882978723404255,0.0,10.638297872340425
"2025-01-18 19:00:00","2025-01-18 20:00:00",DL,84,84,0,0,5.5476190476190474,0.0,17.857142857142858
"2025-01-18 19:00:00","2025-01-18 20:00:00",UA,80,80,0,0,10.35,0.0,27.5
"2025-01-18 19:00:00","2025-01-18 20:00:00",WN,66,66,0,0,3.4393939393939394,0.0,15.151515151515152
"2025-01-18 20:00:00","2025-01-18 21:00:00",AA,61,61,0,0,10.360655737704919,0.0,4.918032786885246
"2025-01-18 20:00:00","2025-01-18 21:00:00",DL,55,54,1,0,2.7037037037037037,1.8181818181818181,18.51851851851852
"2025-01-18 20:00:00","2025-01-18 21:00:00",UA,73,73,0,0,6.301369863013699,0.0,17.80821917808219
"2025-01-18 20:00:00","2025-01-18 21:00:00",WN,29,29,0,0,9.379310344827585,0.0,24.137931034482758
"2025-01-18 21:00:00","2025-01-18 22:00:00",AA,68,68,0,0,11.088235294117647,0.0,23.529411764705884
"2025-01-18 21:00:00","2025-01-18 22:00:00",DL,58,58,0,0,1.5862068965517242,0.0,15.517241379310345
"2025-01-18 21:00:00","2025-01-18 22:00:00",UA,22,22,0,0,3.3636363636363638,0.0,22.727272727272727
"2025-01-18 21:00:00","2025-01-18 22:00:00",WN,3,3,0,0,11.666666666666666,0.0,33.333333333333336
"2025-01-18 22:00:00","2025-01-18 23:00:00",AA,55,55,0,0,10.290909090909091,0.0,5.454545454545454
"2025-01-18 22:00:00","2025-01-18 23:00:00",DL,63,63,0,0,3.0634920634920637,0.0,9.523809523809524
"2025-01-18 22:00:00","2025-01-18 23:00:00",UA,20,20,0,0,-0.85,0.0,5.0
"2025-01-18 23:00:00","2025-01-19 00:00:00",AA,17,17,0,0,-1.3529411764705883,0.0,0.0
"2025-01-18 23:00:00","2025-01-19 00:00:00",DL,19,19,0,0,-1.0526315789473684,0.0,5.2631578947368425
"2025-01-18 23:00:00","2025-01-19 00:00:00",UA,26,26,0,0,6.846153846153846,0.0,19.23076923076923
"2025-01-19 00:00:00","2025-01-19 01:00:00",AA,5,5,0,0,-1.4,0.0,0.0
"2025-01-19 00:00:00","2025-01-19 01:00:00",DL,1,1,0,0,-9.0,0.0,0.0
"2025-01-19 00:00:00","2025-01-19 01:00:00",UA,2,2,0,0,-8.0,0.0,0.0
"2025-01-19 01:00:00","2025-01-19 02:00:00",DL,2,2,0,0,-5.5,0.0,0.0
"2025-01-19 01:00:00","2025-01-19 02:00:00",UA,1,1,0,0,8.0,0.0,0.0
"2025-01-19 02:00:00","2025-01-19 03:00:00",UA,1,1,0,0,-1.0,0.0,0.0
"2025-01-19 05:00:00","2025-01-19 06:00:00",AA,68,68,0,0,-1.25,0.0,4.411764705882353
"2025-01-19 05:00:00","2025-01-19 06:00:00",DL,48,48,0,0,5.916666666666667,0.0,8.333333333333334
"2025-01-19 05:00:00","2025-01-19 06:00:00",UA,21,21,0,0,-3.380952380952381,0.0,0.0
"2025-01-19 05:00:00","2025-01-19 06:00:00",WN,25,24,1,0,8.75,4.0,4.166666666666667
"2025-01-19 06:00:00","2025-01-19 07:00:00",AA,156,156,0,0,3.0961538461538463,0.0,3.8461538461538463
"2025-01-19 06:00:00","2025-01-19 07:00:00",DL,162,162,0,0,0.7222222222222222,0.0,8.641975308641975
"2025-01-19 06:00:00","2025-01-19 07:00:00",UA,108,107,1,0,5.4766355140186915,0.9259259259259259,9.345794392523365
"2025-01-19 06:00:00","2025-01-19 07:00:00",WN,179,178,1,0,-1.9550561797752808,0.5586592178770949,2.808988764044944
"2025-01-19 07:00:00","2025-01-19 08:00:00",AA,151,150,0,1,5.569536423841059,0.0,8.609271523178808
"2025-01-19 07:00:00","2025-01-19 08:00:00",DL,192,192,0,0,5.088541666666667,0.0,7.8125
"2025-01-19 07:00:00","2025-01-19 08:00:00",UA,149,148,1,0,3.581081081081081,0.6711409395973155,6.756756756756757
"2025-01-19 07:00:00","2025-01-19 08:00:00",WN,136,136,0,0,0.8602941176470589,0.0,7.352941176470588
"2025-01-19 08:00:00","2025-01-19 09:00:00",AA,157,156,0,1,6.929936305732484,0.0,10.19108280254777
"2025-01-19 08:00:00","2025-01-19 09:00:00",DL,144,143,0,1,1.3541666666666667,0.0,6.25
"2025-01-19 08:00:00","2025-01-19 09:00:00",UA,152,150,2,0,4.98,1.3157894736842106,9.333333333333334
"2025-01-19 08:00:00","2025-01-19 09:00:00",WN,203,203,0,0,0.6403940886699507,0.0,7.389162561576355
"2025-01-19 09:00:00","2025-01-19 10:00:00",AA,123,122,0,1,8.804878048780488,0.0,12.195121951219512
"2025-01-19 09:00:00","2025-01-19 10:00:00",DL,112,112,0,0,3.5714285714285716,0.0,12.5
"2025-01-19 09:00:00","2025-01-19 10:00:00",UA,136,135,0,1,8.485294117647058,0.0,16.91176470588235
"2025-01-19 09:00:00","2025-01-19 10:00:00",WN,228,228,0,0,1.394736842105263,0.0,9.649122807017545
"2025-01-19 10:00:00","2025-01-19 11:00:00",AA,118,116,0,2,14.313559322033898,0.0,20.338983050847457
"2025-01-19 10:00:00","2025-01-19 11:00:00",DL,116,116,0,0,2.4827586206896552,0.0,15.517241379310345
"2025-01-19 10:00:00","2025-01-19 11:00:00",UA,102,101,1,0,4.4950495049504955,0.9803921568627451,12.871287128712872
"2025-01-19 10:00:00","2025-01-19 11:00:00",WN,178,178,0,0,2.443820224719101,0.0,7.865168539325842
"2025-01-19 11:00:00","2025-01-19 12:00:00",AA,144,144,0,0,6.354166666666667,0.0,14.583333333333334
"2025-01-19 11:00:00","2025-01-19 12:00:00",DL,161,160,0,1,9.198757763975156,0.0,19.875776397515526
"2025-01-19 11:00:00","2025-01-19 12:00:00",UA,113,109,4,0,14.009174311926605,3.5398230088495577,24.770642201834864
"2025-01-19 11:00:00","2025-01-19 12:00:00",WN,255,254,1,0,4.602362204724409,0.39215686274509803,14.173228346456693
"2025-01-19 12:00:00","2025-01-19 13:00:00",AA,122,120,0,2,11.172131147540984,0.0,19.672131147540984
"2025-01-19 12:00:00","2025-01-19 13:00:00",DL,148,146,0,2,4.905405405405405,0.0,15.54054054054054
"2025-01-19 12:00:00","2025-01-19 13:00:00",UA,132,128,3,1,11.046511627906977,2.272727272727273,14.728682170542635
"2025-01-19 12:00:00","2025-01-19 13:00:00",WN,186,183,2,1,7.4728260869565215,1.075268817204301,15.76086956521739
"2025-01-19 13:00:00","2025-01-19 14:00:00",AA,123,122,0,1,10.528455284552846,0.0,16.260162601626018
"2025-01-19 13:00:00","2025-01-19 14:00:00",DL,116,115,1,0,6.6347826086956525,0.8620689655172413,17.391304347826086
"2025-01-19 13:00:00","2025-01-19 14:00:00",UA,115,112,3,0,10.017857142857142,2.608695652173913,18.75
"2025-01-19 13:00:00","2025-01-19 14:00:00",WN,226,222,4,0,9.085585585585585,1.7699115044247788,18.46846846846847
"2025-01-19 14:00:00","2025-01-19 15:00:00",AA,149,147,2,0,18.238095238095237,1.342281879194631,27.210884353741495
"2025-01-19 14:00:00","2025-01-19 15:00:00",DL,110,108,0,2,11.10909090909091,0.0,16.363636363636363
"2025-01-19 14:00:00","2025-01-19 15:00:00",UA,112,106,4,2,10.38888888888889,3.5714285714285716,18.51851851851852
"2025-01-19 14:00:00","2025-01-19 15:00:00",WN,214,210,4,0,9.1,1.8691588785046729,18.571428571428573
"2025-01-19 15:00:00","2025-01-19 16:00:00",AA,106,103,0,3,14.877358490566039,0.0,30.18867924528302
"2025-01-19 15:00:00","2025-01-19 16:00:00",DL,133,130,0,3,25.045112781954888,0.0,29.32330827067669
"2025-01-19 15:00:00","2025-01-19 16:00:00",UA,77,69,8,0,10.231884057971014,10.38961038961039,17.391304347826086
"2025-01-19 15:00:00","2025-01-19 16:00:00",WN,217,209,8,0,10.75598086124402,3.686635944700461,24.880382775119617
"2025-01-19 16:00:00","2025-01-19 17:00:00",AA,147,143,0,4,19.047619047619047,0.0,26.53061224489796
"2025-01-19 16:00:00","2025-01-19 17:00:00",DL,101,99,0,2,12.405940594059405,0.0,19.801980198019802
"2025-01-19 16:00:00","2025-01-19 17:00:00",UA,111,102,8,1,22.009708737864077,7.207207207207207,22.33009708737864
"2025-01-19 16:00:00","2025-01-19 17:00:00",WN,205,201,3,1,10.03960396039604,1.4634146341463414,23.762376237623762
"2025-01-19 17:00:00","2025-01-19 18:00:00",AA,132,128,3,1,25.930232558139537,2.272727272727273,34.883720930232556
"2025-01-19 17:00:00","2025-01-19 18:00:00",DL,129,126,0,3,3.310077519379845,0.0,14.728682170542635
"2025-01-19 17:00:00","2025-01-19 18:00:00",UA,126,117,8,1,16.61864406779661,6.349206349206349,23.728813559322035
"2025-01-19 17:00:00","2025-01-19 18:00:00",WN,182,179,2,1,18.444444444444443,1.098901098901099,29.444444444444443
"2025-01-19 18:00:00","2025-01-19 19:00:00",AA,141,137,3,1,44.1231884057971,2.127659574468085,40.57971014492754
"2025-01-19 18:00:00","2025-01-19 19:00:00",DL,94,91,1,2,35.32258064516129,1.0638297872340425,24.731182795698924
"2025-01-19 18:00:00","2025-01-19 19:00:00",UA,113,93,20,0,6.709677419354839,17.699115044247787,11.827956989247312
"2025-01-19 18:00:00","2025-01-19 19:00:00",WN,238,230,7,1,13.913419913419913,2.9411764705882355,29.004329004329005
"2025-01-19 19:00:00","2025-01-19 20:00:00",AA,126,117,8,1,27.203389830508474,6.349206349206349,34.74576271186441
"2025-01-19 19:00:00","2025-01-19 20:00:00",DL,94,89,5,0,59.79775280898876,5.319148936170213,47.19101123595506
"2025-01-19 19:00:00","2025-01-19 20:00:00",UA,95,88,7,0,25.727272727272727,7.368421052631579,29.545454545454547
"2025-01-19 19:00:00","2025-01-19 20:00:00",WN,119,114,5,0,13.921052631578947,4.201680672268908,28.07017543859649
"2025-01-19 20:00:00","2025-01-19 21:00:00",AA,105,98,6,1,30.181818181818183,5.714285714285714,42.42424242424242
"2025-01-19 20:00:00","2025-01-19 21:00:00",DL,52,50,2,0,28.98,3.8461538461538463,30.0
"2025-01-19 20:00:00","2025-01-19 21:00:00",UA,74,68,6,0,18.308823529411764,8.108108108108109,36.76470588235294
"2025-01-19 20:00:00","2025-01-19 21:00:00",WN,153,150,3,0,20.726666666666667,1.9607843137254901,43.333333333333336
"2025-01-19 21:00:00","2025-01-19 22:00:00",AA,73,71,2,0,19.070422535211268,2.73972602739726,40.84507042253521
"2025-01-19 21:00:00","2025-01-19 22:00:00",DL,64,63,1,0,10.507936507936508,1.5625,17.46031746031746
"2025-01-19 21:00:00","2025-01-19 22:00:00",UA,26,25,1,0,15.2,3.8461538461538463,24.0
"2025-01-19 21:00:00","2025-01-19 22:00:00",WN,15,14,1,0,48.357142857142854,6.666666666666667,71.42857142857143
"2025-01-19 22:00:00","2025-01-19 23:00:00",AA,80,77,3,0,10.142857142857142,3.75,22.07792207792208
"2025-01-19 22:00:00","2025-01-19 23:00:00",DL,65,65,0,0,20.06153846153846,0.0,21.53846153846154
"2025-01-19 22:00:00","2025-01-19 23:00:00",UA,21,20,1,0,15.5,4.761904761904762,35.0
"2025-01-19 23:00:00","2025-01-20 00:00:00",AA,26,26,0,0,6.038461538461538,0.0,11.538461538461538
"2025-01-19 23:00:00","2025-01-20 00:00:00",DL,20,20,0,0,16.2,0.0,30.0
"2025-01-19 23:00:00","2025-01-20 00:00:00",UA,30,29,1,0,5.586206896551724,3.3333333333333335,17.24137931034483
"2025-01-20 00:00:00","2025-01-20 01:00:00",AA,7,7,0,0,3.142857142857143,0.0,14.285714285714286
"2025-01-20 00:00:00","2025-01-20 01:00:00",DL,1,1,0,0,30.0,0.0,100.0
"2025-01-20 00:00:00","2025-01-20 01:00:00",UA,3,3,0,0,-2.6666666666666665,0.0,0.0
"2025-01-20 01:00:00","2025-01-20 02:00:00",AA,1,1,0,0,-5.0,0.0,0.0
"2025-01-20 01:00:00","2025-01-20 02:00:00",DL,2,2,0,0,-8.5,0.0,0.0
"2025-01-20 01:00:00","2025-01-20 02:00:00",UA,1,1,0,0,67.0,0.0,100.0
"2025-01-20 02:00:00","2025-01-20 03:00:00",UA,1,1,0,0,-3.0,0.0,0.0
"2025-01-20 05:00:00","2025-01-20 06:00:00",AA,95,92,3,0,4.173913043478261,3.1578947368421053,13.043478260869565
"2025-01-20 05:00:00","2025-01-20 06:00:00",DL,55,55,0,0,18.87272727272727,0.0,14.545454545454545
"2025-01-20 05:00:00","2025-01-20 06:00:00",UA,21,20,1,0,-0.65,4.761904761904762,10.0
"2025-01-20 05:00:00","2025-01-20 06:00:00",WN,79,79,0,0,3.7721518987341773,0.0,7.594936708860759
"2025-01-20 06:00:00","2025-01-20 07:00:00",AA,174,168,6,0,31.05952380952381,3.4482758620689653,11.904761904761905
"2025-01-20 06:00:00","2025-01-20 07:00:00",DL,180,178,2,0,11.808988764044944,1.1111111111111112,17.97752808988764
"2025-01-20 06:00:00","2025-01-20 07:00:00",UA,109,103,6,0,7.203883495145631,5.504587155963303,13.592233009708737
"2025-01-20 06:00:00","2025-01-20 07:00:00",WN,299,292,7,0,0.7363013698630136,2.3411371237458196,6.506849315068493
"2025-01-20 07:00:00","2025-01-20 08:00:00",AA,194,189,5,0,19.391534391534393,2.577319587628866,12.698412698412698
"2025-01-20 07:00:00","2025-01-20 08:00:00",DL,215,205,9,1,9.242718446601941,4.186046511627907,20.388349514563107
"2025-01-20 07:00:00","2025-01-20 08:00:00",UA,159,155,4,0,5.04516129032258,2.5157232704402515,10.32258064516129
"2025-01-20 07:00:00","2025-01-20 08:00:00",WN,194,193,1,0,0.8341968911917098,0.5154639175257731,6.7357512953367875
"2025-01-20 08:00:00","2025-01-20 09:00:00",AA,179,173,6,0,8.601156069364162,3.35195530726257,13.294797687861271
"2025-01-20 08:00:00","2025-01-20 09:00:00",DL,164,163,1,0,14.957055214723926,0.6097560975609756,24.539877300613497
"2025-01-20 08:00:00","2025-01-20 09:00:00",UA,173,171,1,1,7.534883720930233,0.5780346820809249,10.465116279069768
"2025-01-20 08:00:00","2025-01-20 09:00:00",WN,256,254,0,2,8.22265625,0.0,16.015625
"2025-01-20 09:00:00","2025-01-20 10:00:00",AA,130,127,3,0,11.417322834645669,2.3076923076923075,22.834645669291337
"2025-01-20 09:00:00","2025-01-20 10:00:00",DL,124,123,1,0,21.479674796747968,0.8064516129032258,30.08130081300813
"2025-01-20 09:00:00","2025-01-20 10:00:00",UA,147,145,2,0,9.068965517241379,1.3605442176870748,22.06896551724138
"2025-01-20 09:00:00","2025-01-20 10:00:00",WN,214,214,0,0,5.841121495327103,0.0,15.42056074766355
"2025-01-20 10:00:00","2025-01-20 11:00:00",AA,130,130,0,0,13.7,0.0,23.076923076923077
"2025-01-20 10:00:00","2025-01-20 11:00:00",DL,149,149,0,0,20.644295302013422,0.0,31.543624161073826
"2025-01-20 10:00:00","2025-01-20 11:00:00",UA,111,110,1,0,18.990909090909092,0.9009009009009009,29.09090909090909
"2025-01-20 10:00:00","2025-01-20 11:00:00",WN,212,212,0,0,13.721698113207546,0.0,23.58490566037736
"2025-01-20 11:00:00","2025-01-20 12:00:00",AA,152,152,0,0,14.796052631578947,0.0,26.973684210526315
"2025-01-20 11:00:00","2025-01-20 12:00:00",DL,179,178,1,0,23.6123595505618,0.5586592178770949,38.764044943820224
"2025-01-20 11:00:00","2025-01-20 12:00:00",UA,114,114,0,0,14.447368421052632,0.0,29.82456140350877
"2025-01-20 11:00:00","2025-01-20 12:00:00",WN,211,211,0,0,17.29383886255924,0.0,30.805687203791468
"2025-01-20 12:00:00","2025-01-20 13:00:00",AA,135,135,0,0,16.348148148148148,0.0,31.85185185185185
"2025-01-20 12:00:00","2025-01-20 13:00:00",DL,175,174,1,0,23.379310344827587,0.5714285714285714,29.885057471264368
"2025-01-20 12:00:00","2025-01-20 13:00:00",UA,134,134,0,0,9.873134328358208,0.0,23.880597014925375
"2025-01-20 12:00:00","2025-01-20 13:00:00",WN,225,225,0,0,20.186666666666667,0.0,39.55555555555556
"2025-01-20 13:00:00","2025-01-20 14:00:00",AA,133,133,0,0,17.8796992481203,0.0,28.571428571428573
"2025-01-20 13:00:00","2025-01-20 14:00:00",DL,140,140,0,0,22.84285714285714,0.0,30.0
"2025-01-20 13:00:00","2025-01-20 14:00:00",UA,129,129,0,0,13.589147286821705,0.0,24.031007751937985
"2025-01-20 13:00:00","2025-01-20 14:00:00",WN,232,232,0,0,21.711206896551722,0.0,39.224137931034484
"2025-01-20 14:00:00","2025-01-20 15:00:00",AA,145,145,0,0,18.482758620689655,0.0,30.344827586206897
"2025-01-20 14:00:00","2025-01-20 15:00:00",DL,133,132,1,0,24.848484848484848,0.7518796992481203,36.36363636363637
"2025-01-20 14:00:00","2025-01-20 15:00:00",UA,116,115,1,0,13.660869565217391,0.8620689655172413,25.217391304347824
"2025-01-20 14:00:00","2025-01-20 15:00:00",WN,221,219,2,0,24.301369863013697,0.9049773755656109,48.401826484018265
"2025-01-20 15:00:00","2025-01-20 16:00:00",AA,105,104,1,0,17.10576923076923,0.9523809523809523,29.807692307692307
"2025-01-20 15:00:00","2025-01-20 16:00:00",DL,166,166,0,0,25.83132530120482,0.0,37.95180722891566
"2025-01-20 15:00:00","2025-01-20 16:00:00",UA,85,82,3,0,21.5,3.5294117647058822,28.048780487804876
"2025-01-20 15:00:00","2025-01-20 16:00:00",WN,206,202,4,0,26.465346534653467,1.941747572815534,50.0
"2025-01-20 16:00:00","2025-01-20 17:00:00",AA,138,137,1,0,10.416058394160585,0.7246376811594203,22.62773722627737
"2025-01-20 16:00:00","2025-01-20 17:00:00",DL,134,134,0,0,18.425373134328357,0.0,33.582089552238806
"2025-01-20 16:00:00","2025-01-20 17:00:00",UA,118,114,4,0,14.74561403508772,3.389830508474576,28.07017543859649
"2025-01-20 16:00:00","2025-01-20 17:00:00",WN,217,215,1,1,27.916666666666668,0.4608294930875576,48.148148148148145
"2025-01-20 17:00:00","2025-01-20 18:00:00",AA,140,136,4,0,25.330882352941178,2.857142857142857,33.8235294117647
"2025-01-20 17:00:00","2025-01-20 18:00:00",DL,152,150,2,0,26.32,1.3157894736842106,40.666666666666664
"2025-01-20 17:00:00","2025-01-20 18:00:00",UA,129,125,4,0,20.744,3.10077519379845,31.2
"2025-01-20 17:00:00","2025-01-20 18:00:00",WN,207,207,0,0,33.265700483091784,0.0,53.6231884057971
"2025-01-20 18:00:00","2025-01-20 19:00:00",AA,136,131,5,0,19.114503816793892,3.676470588235294,29.770992366412212
"2025-01-20 18:00:00","2025-01-20 19:00:00",DL,151,146,5,0,26.71917808219178,3.3112582781456954,36.986301369863014
"2025-01-20 18:00:00","2025-01-20 19:00:00",UA,138,134,4,0,16.16417910447761,2.898550724637681,26.865671641791046
"2025-01-20 18:00:00","2025-01-20 19:00:00",WN,209,198,11,0,32.62626262626262,5.2631578947368425,56.56565656565657
"2025-01-20 19:00:00","2025-01-20 20:00:00",AA,107,103,4,0,18.883495145631066,3.7383177570093458,34.95145631067961
"2025-01-20 19:00:00","2025-01-20 20:00:00",DL,161,155,6,0,30.587096774193547,3.7267080745341614,41.935483870967744
"2025-01-20 19:00:00","2025-01-20 20:00:00",UA,101,97,4,0,19.556701030927837,3.9603960396039604,41.23711340206186
"2025-01-20 19:00:00","2025-01-20 20:00:00",WN,264,246,18,0,27.91869918699187,6.818181818181818,52.4390243902439
"2025-01-20 20:00:00","2025-01-20 21:00:00",AA,74,70,4,0,24.771428571428572,5.405405405405405,28.571428571428573
"2025-01-20 20:00:00","2025-01-20 21:00:00",DL,90,86,4,0,34.08139534883721,4.444444444444445,45.348837209302324
"2025-01-20 20:00:00","2025-01-20 21:00:00",UA,78,69,9,0,16.44927536231884,11.538461538461538,34.78260869565217
"2025-01-20 20:00:00","2025-01-20 21:00:00",WN,162,152,10,0,34.23026315789474,6.172839506172839,52.63157894736842
"2025-01-20 21:00:00","2025-01-20 22:00:00",AA,78,73,5,0,30.424657534246574,6.410256410256411,34.24657534246575
"2025-01-20 21:00:00","2025-01-20 22:00:00",DL,88,86,2,0,40.325581395348834,2.272727272727273,31.3953488372093
"2025-01-20 21:00:00","2025-01-20 22:00:00",UA,32,29,2,1,17.666666666666668,6.25,36.666666666666664
"2025-01-20 21:00:00","2025-01-20 22:00:00",WN,146,127,19,0,33.511811023622045,13.013698630136986,59.05511811023622
"2025-01-20 22:00:00","2025-01-20 23:00:00",AA,51,50,1,0,31.38,1.9607843137254901,20.0
"2025-01-20 22:00:00","2025-01-20 23:00:00",DL,77,74,3,0,21.64864864864865,3.896103896103896,20.27027027027027
"2025-01-20 22:00:00","2025-01-20 23:00:00",UA,19,17,2,0,18.823529411764707,10.526315789473685,35.294117647058826
"2025-01-20 22:00:00","2025-01-20 23:00:00",WN,3,3,0,0,16.0,0.0,33.333333333333336
"2025-01-20 23:00:00","2025-01-21 00:00:00",AA,20,20,0,0,1.0,0.0,10.0
"2025-01-20 23:00:00","2025-01-21 00:00:00",DL,27,27,0,0,4.666666666666667,0.0,22.22222222222222
"2025-01-20 23:00:00","2025-01-21 00:00:00",UA,32,31,1,0,4.935483870967742,3.125,12.903225806451612
"2025-01-21 00:00:00","2025-01-21 01:00:00",AA,5,5,0,0,-3.6,0.0,0.0
"2025-01-21 00:00:00","2025-01-21 01:00:00",DL,4,4,0,0,-5.25,0.0,0.0
"2025-01-21 00:00:00","2025-01-21 01:00:00",UA,3,1,2,0,80.0,66.66666666666667,100.0
"2025-01-21 01:00:00","2025-01-21 02:00:00",DL,2,2,0,0,58.0,0.0,50.0
"2025-01-21 01:00:00","2025-01-21 02:00:00",UA,1,1,0,0,6.0,0.0,0.0
"2025-01-21 02:00:00","2025-01-21 03:00:00",UA,1,1,0,0,-8.0,0.0,0.0
"2025-01-21 05:00:00","2025-01-21 06:00:00",AA,74,70,4,0,2.242857142857143,5.405405405405405,10.0
"2025-01-21 05:00:00","2025-01-21 06:00:00",DL,56,50,6,0,10.16,10.714285714285714,14.0
"2025-01-21 05:00:00","2025-01-21 06:00:00",UA,23,16,7,0,-5.875,30.434782608695652,0.0
"2025-01-21 05:00:00","2025-01-21 06:00:00",WN,24,23,1,0,-2.739130434782609,4.166666666666667,0.0
"2025-01-21 06:00:00","2025-01-21 07:00:00",AA,169,157,12,0,1.8089171974522293,7.100591715976331,7.006369426751593
"2025-01-21 06:00:00","2025-01-21 07:00:00",DL,181,169,11,1,20.3,6.077348066298343,15.294117647058824
"2025-01-21 06:00:00","2025-01-21 07:00:00",UA,111,85,26,0,-2.211764705882353,23.423423423423422,7.0588235294117645
"2025-01-21 06:00:00","2025-01-21 07:00:00",WN,220,179,41,0,0.12849162011173185,18.636363636363637,3.910614525139665
"2025-01-21 07:00:00","2025-01-21 08:00:00",AA,150,141,9,0,2.780141843971631,6.0,8.51063829787234
"2025-01-21 07:00:00","2025-01-21 08:00:00",DL,216,206,10,0,9.694174757281553,4.62962962962963,16.990291262135923
"2025-01-21 07:00:00","2025-01-21 08:00:00",UA,143,101,42,0,3.782178217821782,29.37062937062937,7.920792079207921
"2025-01-21 07:00:00","2025-01-21 08:00:00",WN,174,156,18,0,5.038461538461538,10.344827586206897,12.820512820512821
"2025-01-21 08:00:00","2025-01-21 09:00:00",AA,179,172,7,0,4.965116279069767,3.910614525139665,11.046511627906977
"2025-01-21 08:00:00","2025-01-21 09:00:00",DL,171,158,12,1,10.559748427672956,7.017543859649122,15.09433962264151
"2025-01-21 08:00:00","2025-01-21 09:00:00",UA,174,150,24,0,4.8,13.793103448275861,12.0
"2025-01-21 08:00:00","2025-01-21 09:00:00",WN,234,202,31,1,6.669950738916256,13.247863247863247,14.285714285714286
"2025-01-21 09:00:00","2025-01-21 10:00:00",AA,113,106,7,0,5.754716981132075,6.1946902654867255,10.377358490566039
"2025-01-21 09:00:00","2025-01-21 10:00:00",DL,101,99,1,1,15.23,0.9900990099009901,25.0
"2025-01-21 09:00:00","2025-01-21 10:00:00",UA,130,100,30,0,5.4,23.076923076923077,11.0
"2025-01-21 09:00:00","2025-01-21 10:00:00",WN,218,195,23,0,9.2,10.55045871559633,17.435897435897434
"2025-01-21 10:00:00","2025-01-21 11:00:00",AA,127,123,4,0,10.626016260162602,3.1496062992125986,20.32520325203252
"2025-01-21 10:00:00","2025-01-21 11:00:00",DL,139,131,8,0,16.732824427480917,5.755395683453237,27.480916030534353
"2025-01-21 10:00:00","2025-01-21 11:00:00",UA,110,98,12,0,3.2142857142857144,10.909090909090908,11.224489795918368
"2025-01-21 10:00:00","2025-01-21 11:00:00",WN,194,177,17,0,9.932203389830509,8.762886597938145,22.033898305084747
"2025-01-21 11:00:00","2025-01-21 12:00:00",AA,141,135,5,1,16.735294117647058,3.5460992907801416,13.235294117647058
"2025-01-21 11:00:00","2025-01-21 12:00:00",DL,172,162,10,0,17.419753086419753,5.813953488372093,29.012345679012345
"2025-01-21 11:00:00","2025-01-21 12:00:00",UA,118,100,18,0,3.6,15.254237288135593,11.0
"2025-01-21 11:00:00","2025-01-21 12:00:00",WN,266,235,31,0,8.36595744680851,11.654135338345865,17.872340425531913
"2025-01-21 12:00:00","2025-01-21 13:00:00",AA,118,114,4,0,5.684210526315789,3.389830508474576,15.789473684210526
"2025-01-21 12:00:00","2025-01-21 13:00:00",DL,156,150,6,0,17.16,3.8461538461538463,30.0
"2025-01-21 12:00:00","2025-01-21 13:00:00",UA,119,79,40,0,8.164556962025317,33.61344537815126,15.189873417721518
"2025-01-21 12:00:00","2025-01-21 13:00:00",WN,176,159,17,0,8.59119496855346,9.659090909090908,17.61006289308176
"2025-01-21 13:00:00","2025-01-21 14:00:00",AA,122,118,4,0,16.110169491525422,3.278688524590164,14.40677966101695
"2025-01-21 13:00:00","2025-01-21 14:00:00",DL,125,118,7,0,13.720338983050848,5.6,25.423728813559322
"2025-01-21 13:00:00","2025-01-21 14:00:00",UA,118,101,17,0,6.96039603960396,14.40677966101695,14.851485148514852
"2025-01-21 13:00:00","2025-01-21 14:00:00",WN,238,213,25,0,8.267605633802816,10.504201680672269,18.779342723004696
"2025-01-21 14:00:00","2025-01-21 15:00:00",AA,120,114,6,0,5.605263157894737,5.0,16.666666666666668
"2025-01-21 14:00:00","2025-01-21 15:00:00",DL,113,107,5,1,13.194444444444445,4.424778761061947,25.925925925925927
"2025-01-21 14:00:00","2025-01-21 15:00:00",UA,113,82,31,0,4.5,27.43362831858407,13.414634146341463
"2025-01-21 14:00:00","2025-01-21 15:00:00",WN,215,186,29,0,9.059139784946236,13.488372093023257,17.204301075268816
"2025-01-21 15:00:00","2025-01-21 16:00:00",AA,112,109,3,0,5.972477064220183,2.6785714285714284,13.761467889908257
"2025-01-21 15:00:00","2025-01-21 16:00:00",DL,159,151,8,0,33.29139072847682,5.031446540880503,35.76158940397351
"2025-01-21 15:00:00","2025-01-21 16:00:00",UA,68,57,11,0,7.859649122807017,16.176470588235293,21.05263157894737
"2025-01-21 15:00:00","2025-01-21 16:00:00",WN,214,196,18,0,7.683673469387755,8.411214953271028,21.428571428571427
"2025-01-21 16:00:00","2025-01-21 17:00:00",AA,125,119,6,0,9.722689075630251,4.8,10.084033613445378
"2025-01-21 16:00:00","2025-01-21 17:00:00",DL,117,99,18,0,53.898989898989896,15.384615384615385,45.45454545454545
"2025-01-21 16:00:00","2025-01-21 17:00:00",UA,116,87,29,0,11.471264367816092,25.0,10.344827586206897
"2025-01-21 16:00:00","2025-01-21 17:00:00",WN,206,182,24,0,12.401098901098901,11.650485436893204,22.52747252747253
"2025-01-21 17:00:00","2025-01-21 18:00:00",AA,138,132,6,0,25.886363636363637,4.3478260869565215,15.909090909090908
"2025-01-21 17:00:00","2025-01-21 18:00:00",DL,142,118,24,0,67.41525423728814,16.901408450704224,41.52542372881356
"2025-01-21 17:00:00","2025-01-21 18:00:00",UA,126,105,21,0,5.542857142857143,16.666666666666668,15.238095238095237
"2025-01-21 17:00:00","2025-01-21 18:00:00",WN,170,148,22,0,13.25,12.941176470588236,25.0
"2025-01-21 18:00:00","2025-01-21 19:00:00",AA,119,109,10,0,22.724770642201836,8.403361344537815,29.357798165137616
"2025-01-21 18:00:00","2025-01-21 19:00:00",DL,122,103,18,1,117.67307692307692,14.754098360655737,59.61538461538461
"2025-01-21 18:00:00","2025-01-21 19:00:00",UA,104,74,30,0,1.2027027027027026,28.846153846153847,9.45945945945946
"2025-01-21 18:00:00","2025-01-21 19:00:00",WN,242,199,43,0,9.055276381909549,17.768595041322314,15.577889447236181
"2025-01-21 19:00:00","2025-01-21 20:00:00",AA,96,88,7,1,18.685393258426966,7.291666666666667,21.348314606741575
"2025-01-21 19:00:00","2025-01-21 20:00:00",DL,100,80,19,1,92.96296296296296,19.0,60.49382716049383
"2025-01-21 19:00:00","2025-01-21 20:00:00",UA,89,77,12,0,8.64935064935065,13.48314606741573,15.584415584415584
"2025-01-21 19:00:00","2025-01-21 20:00:00",WN,115,106,9,0,7.245283018867925,7.826086956521739,18.867924528301888
"2025-01-21 20:00:00","2025-01-21 21:00:00",AA,70,66,4,0,21.318181818181817,5.714285714285714,39.39393939393939
"2025-01-21 20:00:00","2025-01-21 21:00:00",DL,68,62,6,0,65.24193548387096,8.823529411764707,53.225806451612904
"2025-01-21 20:00:00","2025-01-21 21:00:00",UA,70,41,29,0,25.78048780487805,41.42857142857143,34.146341463414636
"2025-01-21 20:00:00","2025-01-21 21:00:00",WN,145,121,24,0,15.148760330578513,16.551724137931036,30.578512396694215
"2025-01-21 21:00:00","2025-01-21 22:00:00",AA,76,68,8,0,13.323529411764707,10.526315789473685,19.11764705882353
"2025-01-21 21:00:00","2025-01-21 22:00:00",DL,66,51,15,0,62.19607843137255,22.727272727272727,50.98039215686274
"2025-01-21 21:00:00","2025-01-21 22:00:00",UA,22,20,2,0,-3.2,9.090909090909092,5.0
"2025-01-21 21:00:00","2025-01-21 22:00:00",WN,15,13,2,0,15.538461538461538,13.333333333333334,30.76923076923077
"2025-01-21 22:00:00","2025-01-21 23:00:00",AA,47,36,11,0,12.86111111111111,23.404255319148938,38.888888888888886
"2025-01-21 22:00:00","2025-01-21 23:00:00",DL,71,56,14,1,109.75438596491227,19.718309859154928,56.14035087719298
"2025-01-21 22:00:00","2025-01-21 23:00:00",UA,18,15,3,0,4.066666666666666,16.666666666666668,20.0
"2025-01-21 23:00:00","2025-01-22 00:00:00",AA,19,19,0,0,9.157894736842104,0.0,26.31578947368421
"2025-01-21 23:00:00","2025-01-22 00:00:00",DL,20,20,0,0,6.8,0.0,15.0
"2025-01-21 23:00:00","2025-01-22 00:00:00",UA,24,23,1,0,-3.869565217391304,4.166666666666667,4.3478260869565215
"2025-01-22 00:00:00","2025-01-22 01:00:00",AA,5,5,0,0,-5.6,0.0,0.0
"2025-01-22 00:00:00","2025-01-22 01:00:00",DL,2,2,0,0,-11.5,0.0,0.0
"2025-01-22 00:00:00","2025-01-22 01:00:00",UA,3,1,2,0,35.0,66.66666666666667,100.0
"2025-01-22 01:00:00","2025-01-22 02:00:00",DL,2,2,0,0,33.0,0.0,50.0
"2025-01-22 01:00:00","2025-01-22 02:00:00",UA,1,1,0,0,1.0,0.0,0.0
"2025-01-22 02:00:00","2025-01-22 03:00:00",UA,1,1,0,0,-6.0,0.0,0.0
"2025-01-22 05:00:00","2025-01-22 06:00:00",AA,73,61,12,0,3.262295081967213,16.438356164383563,4.918032786885246
"2025-01-22 05:00:00","2025-01-22 06:00:00",DL,59,51,8,0,29.92156862745098,13.559322033898304,19.607843137254903
"2025-01-22 05:00:00","2025-01-22 06:00:00",UA,21,17,4,0,10.294117647058824,19.047619047619047,11.764705882352942
"2025-01-22 05:00:00","2025-01-22 06:00:00",WN,21,19,2,0,-2.9473684210526314,9.523809523809524,5.2631578947368425
"2025-01-22 06:00:00","2025-01-22 07:00:00",AA,167,146,21,0,20.246575342465754,12.574850299401197,12.32876712328767
"2025-01-22 06:00:00","2025-01-22 07:00:00",DL,179,148,28,3,26.37748344370861,15.64245810055866,19.205298013245034
"2025-01-22 06:00:00","2025-01-22 07:00:00",UA,110,94,16,0,13.553191489361701,14.545454545454545,12.76595744680851
"2025-01-22 06:00:00","2025-01-22 07:00:00",WN,220,186,34,0,2.827956989247312,15.454545454545455,9.13978494623656
"2025-01-22 07:00:00","2025-01-22 08:00:00",AA,149,134,15,0,8.85820895522388,10.06711409395973,15.671641791044776
"2025-01-22 07:00:00","2025-01-22 08:00:00",DL,218,185,29,4,34.92063492063492,13.302752293577981,28.571428571428573
"2025-01-22 07:00:00","2025-01-22 08:00:00",UA,146,117,29,0,10.145299145299145,19.863013698630137,11.965811965811966
"2025-01-22 07:00:00","2025-01-22 08:00:00",WN,174,157,17,0,4.191082802547771,9.770114942528735,10.828025477707007
"2025-01-22 08:00:00","2025-01-22 09:00:00",AA,182,174,8,0,7.275862068965517,4.395604395604396,14.942528735632184
"2025-01-22 08:00:00","2025-01-22 09:00:00",DL,169,140,29,0,51.15,17.159763313609467,47.857142857142854
"2025-01-22 08:00:00","2025-01-22 09:00:00",UA,172,161,11,0,10.813664596273291,6.395348837209302,16.770186335403725
"2025-01-22 08:00:00","2025-01-22 09:00:00",WN,237,204,33,0,0.8235294117647058,13.924050632911392,6.862745098039215
"2025-01-22 09:00:00","2025-01-22 10:00:00",AA,107,93,14,0,8.0,13.08411214953271,17.204301075268816
"2025-01-22 09:00:00","2025-01-22 10:00:00",DL,107,87,20,0,38.18390804597701,18.69158878504673,42.52873563218391
"2025-01-22 09:00:00","2025-01-22 10:00:00",UA,133,119,14,0,22.41176470588235,10.526315789473685,26.89075630252101
"2025-01-22 09:00:00","2025-01-22 10:00:00",WN,217,195,22,0,0.4,10.138248847926267,5.641025641025641
"2025-01-22 10:00:00","2025-01-22 11:00:00",AA,122,115,7,0,12.434782608695652,5.737704918032787,15.652173913043478
"2025-01-22 10:00:00","2025-01-22 11:00:00",DL,140,111,29,0,82.35135135135135,20.714285714285715,57.65765765765766
"2025-01-22 10:00:00","2025-01-22 11:00:00",UA,106,101,5,0,10.722772277227723,4.716981132075472,12.871287128712872
"2025-01-22 10:00:00","2025-01-22 11:00:00",WN,188,172,16,0,1.1046511627906976,8.51063829787234,7.558139534883721
"2025-01-22 11:00:00","2025-01-22 12:00:00",AA,142,131,11,0,6.7251908396946565,7.746478873239437,12.977099236641221
"2025-01-22 11:00:00","2025-01-22 12:00:00",DL,173,141,32,0,52.59574468085106,18.497109826589597,43.97163120567376
"2025-01-22 11:00:00","2025-01-22 12:00:00",UA,115,103,12,0,5.398058252427185,10.434782608695652,11.650485436893204
"2025-01-22 11:00:00","2025-01-22 12:00:00",WN,264,236,28,0,4.906779661016949,10.606060606060606,10.59322033898305
"2025-01-22 12:00:00","2025-01-22 13:00:00",AA,119,116,3,0,14.456896551724139,2.5210084033613445,20.689655172413794
"2025-01-22 12:00:00","2025-01-22 13:00:00",DL,153,124,29,0,60.37096774193548,18.954248366013072,51.61290322580645
"2025-01-22 12:00:00","2025-01-22 13:00:00",UA,111,99,12,0,18.505050505050505,10.81081081081081,28.282828282828284
"2025-01-22 12:00:00","2025-01-22 13:00:00",WN,159,148,11,0,4.668918918918919,6.918238993710692,14.864864864864865
"2025-01-22 13:00:00","2025-01-22 14:00:00",AA,117,114,3,0,8.93859649122807,2.5641025641025643,19.29824561403509
"2025-01-22 13:00:00","2025-01-22 14:00:00",DL,139,112,27,0,50.267857142857146,19.424460431654676,41.964285714285715
"2025-01-22 13:00:00","2025-01-22 14:00:00",UA,123,119,4,0,8.042016806722689,3.252032520325203,14.285714285714286
"2025-01-22 13:00:00","2025-01-22 14:00:00",WN,232,221,11,0,2.9457013574660635,4.741379310344827,10.85972850678733
"2025-01-22 14:00:00","2025-01-22 15:00:00",AA,118,114,4,0,6.482456140350878,3.389830508474576,16.666666666666668
"2025-01-22 14:00:00","2025-01-22 15:00:00",DL,107,90,17,0,49.77777777777778,15.88785046728972,51.111111111111114
"2025-01-22 14:00:00","2025-01-22 15:00:00",UA,104,94,10,0,11.73404255319149,9.615384615384615,21.27659574468085
"2025-01-22 14:00:00","2025-01-22 15:00:00",WN,195,181,14,0,1.7569060773480663,7.17948717948718,7.734806629834254
"2025-01-22 15:00:00","2025-01-22 16:00:00",AA,107,105,2,0,3.914285714285714,1.8691588785046729,17.142857142857142
"2025-01-22 15:00:00","2025-01-22 16:00:00",DL,157,143,14,0,50.97202797202797,8.9171974522293,53.14685314685315
"2025-01-22 15:00:00","2025-01-22 16:00:00",UA,75,72,3,0,5.111111111111111,4.0,12.5
"2025-01-22 15:00:00","2025-01-22 16:00:00",WN,207,195,12,0,1.794871794871795,5.797101449275362,9.743589743589743
"2025-01-22 16:00:00","2025-01-22 17:00:00",AA,124,119,5,0,10.38655462184874,4.032258064516129,15.966386554621849
"2025-01-22 16:00:00","2025-01-22 17:00:00",DL,114,100,14,0,49.1,12.280701754385966,51.0
"2025-01-22 16:00:00","2025-01-22 17:00:00",UA,117,111,6,0,5.324324324324325,5.128205128205129,20.72072072072072
"2025-01-22 16:00:00","2025-01-22 17:00:00",WN,203,193,10,0,0.844559585492228,4.926108374384237,6.7357512953367875
"2025-01-22 17:00:00","2025-01-22 18:00:00",AA,137,133,4,0,8.902255639097744,2.9197080291970803,16.541353383458645
"2025-01-22 17:00:00","2025-01-22 18:00:00",DL,134,123,11,0,38.67479674796748,8.208955223880597,37.39837398373984
"2025-01-22 17:00:00","2025-01-22 18:00:00",UA,123,119,4,0,10.697478991596638,3.252032520325203,14.285714285714286
"2025-01-22 17:00:00","2025-01-22 18:00:00",WN,174,164,10,0,1.329268292682927,5.747126436781609,6.7073170731707314
"2025-01-22 18:00:00","2025-01-22 19:00:00",AA,131,126,5,0,10.603174603174603,3.816793893129771,19.047619047619047
"2025-01-22 18:00:00","2025-01-22 19:00:00",DL,136,131,5,0,38.908396946564885,3.676470588235294,50.38167938931298
"2025-01-22 18:00:00","2025-01-22 19:00:00",UA,122,119,3,0,13.764705882352942,2.459016393442623,22.689075630252102
"2025-01-22 18:00:00","2025-01-22 19:00:00",WN,253,237,16,0,-0.1308016877637131,6.324110671936759,7.172995780590718
"2025-01-22 19:00:00","2025-01-22 20:00:00",AA,107,105,2,0,3.4857142857142858,1.8691588785046729,13.333333333333334
"2025-01-22 19:00:00","2025-01-22 20:00:00",DL,116,108,8,0,55.99074074074074,6.896551724137931,53.7037037037037
"2025-01-22 19:00:00","2025-01-22 20:00:00",UA,97,93,4,0,6.946236559139785,4.123711340206185,15.053763440860216
"2025-01-22 19:00:00","2025-01-22 20:00:00",WN,119,114,5,0,-1.219298245614035,4.201680672268908,7.017543859649122
"2025-01-22 20:00:00","2025-01-22 21:00:00",AA,70,68,2,0,2.485294117647059,2.857142857142857,13.235294117647058
"2025-01-22 20:00:00","2025-01-22 21:00:00",DL,62,60,2,0,28.033333333333335,3.225806451612903,45.0
"2025-01-22 20:00:00","2025-01-22 21:00:00",UA,77,75,2,0,7.8133333333333335,2.5974025974025974,18.666666666666668
"2025-01-22 20:00:00","2025-01-22 21:00:00",WN,147,142,5,0,-0.6408450704225352,3.401360544217687,6.338028169014085
"2025-01-22 21:00:00","2025-01-22 22:00:00",AA,76,72,4,0,6.930555555555555,5.2631578947368425,15.277777777777779
"2025-01-22 21:00:00","2025-01-22 22:00:00",DL,68,66,2,0,25.40909090909091,2.9411764705882355,40.90909090909091
"2025-01-22 21:00:00","2025-01-22 22:00:00",UA,26,25,1,0,-3.4,3.8461538461538463,4.0
"2025-01-22 21:00:00","2025-01-22 22:00:00",WN,15,15,0,0,-2.0,0.0,6.666666666666667
"2025-01-22 22:00:00","2025-01-22 23:00:00",AA,50,48,2,0,13.708333333333334,4.0,14.583333333333334
"2025-01-22 22:00:00","2025-01-22 23:00:00",DL,75,70,5,0,36.7,6.666666666666667,37.142857142857146
"2025-01-22 22:00:00","2025-01-22 23:00:00",UA,23,22,1,0,-3.0,4.3478260869565215,4.545454545454546
"2025-01-22 23:00:00","2025-01-23 00:00:00",AA,20,19,1,0,-2.526315789473684,5.0,10.526315789473685
"2025-01-22 23:00:00","2025-01-23 00:00:00",DL,19,19,0,0,19.68421052631579,0.0,31.57894736842105
"2025-01-22 23:00:00","2025-01-23 00:00:00",UA,27,26,0,1,-5.703703703703703,0.0,0.0
"2025-01-23 00:00:00","2025-01-23 01:00:00",AA,7,7,0,0,-0.42857142857142855,0.0,14.285714285714286
"2025-01-23 00:00:00","2025-01-23 01:00:00",DL,2,2,0,0,-7.0,0.0,0.0
"2025-01-23 00:00:00","2025-01-23 01:00:00",UA,3,3,0,0,-5.0,0.0,0.0
"2025-01-23 01:00:00","2025-01-23 02:00:00",DL,2,2,0,0,-9.5,0.0,0.0
"2025-01-23 01:00:00","2025-01-23 02:00:00",UA,1,1,0,0,17.0,0.0,100.0
"2025-01-23 02:00:00","2025-01-23 03:00:00",UA,1,1,0,0,-8.0,0.0,0.0
"2025-01-23 05:00:00","2025-01-23 06:00:00",AA,102,98,4,0,6.755102040816326,3.9215686274509802,5.1020408163265305
"2025-01-23 05:00:00","2025-01-23 06:00:00",DL,64,61,3,0,6.983606557377049,4.6875,14.754098360655737
"2025-01-23 05:00:00","2025-01-23 06:00:00",UA,25,24,1,0,-5.708333333333333,4.0,0.0
"2025-01-23 05:00:00","2025-01-23 06:00:00",WN,27,27,0,0,4.37037037037037,0.0,7.407407407407407
"2025-01-23 06:00:00","2025-01-23 07:00:00",AA,157,149,7,1,3.2066666666666666,4.45859872611465,3.3333333333333335
"2025-01-23 06:00:00","2025-01-23 07:00:00",DL,173,163,9,1,5.9817073170731705,5.202312138728324,10.975609756097562
"2025-01-23 06:00:00","2025-01-23 07:00:00",UA,102,101,1,0,-1.99009900990099,0.9803921568627451,6.930693069306931
"2025-01-23 06:00:00","2025-01-23 07:00:00",WN,188,182,6,0,-2.2142857142857144,3.1914893617021276,3.2967032967032965
"2025-01-23 07:00:00","2025-01-23 08:00:00",AA,186,183,2,1,8.369565217391305,1.075268817204301,7.608695652173913
"2025-01-23 07:00:00","2025-01-23 08:00:00",DL,211,205,6,0,5.712195121951219,2.843601895734597,9.268292682926829
"2025-01-23 07:00:00","2025-01-23 08:00:00",UA,160,154,6,0,2.8181818181818183,3.75,5.8441558441558445
"2025-01-23 07:00:00","2025-01-23 08:00:00",WN,172,161,11,0,-1.1180124223602483,6.395348837209302,6.832298136645963
"2025-01-23 08:00:00","2025-01-23 09:00:00",AA,180,178,2,0,14.49438202247191,1.1111111111111112,10.674157303370787
"2025-01-23 08:00:00","2025-01-23 09:00:00",DL,166,157,9,0,8.101910828025478,5.421686746987952,16.56050955414013
"2025-01-23 08:00:00","2025-01-23 09:00:00",UA,170,167,3,0,2.7724550898203595,1.7647058823529411,5.9880239520958085
"2025-01-23 08:00:00","2025-01-23 09:00:00",WN,221,209,12,0,0.1674641148325359,5.429864253393665,6.220095693779904
"2025-01-23 09:00:00","2025-01-23 10:00:00",AA,126,123,3,0,6.813008130081301,2.380952380952381,13.008130081300813
"2025-01-23 09:00:00","2025-01-23 10:00:00",DL,117,113,3,1,4.5,2.5641025641025643,16.666666666666668
"2025-01-23 09:00:00","2025-01-23 10:00:00",UA,145,140,4,1,6.546099290780142,2.7586206896551726,10.638297872340425
"2025-01-23 09:00:00","2025-01-23 10:00:00",WN,215,205,9,1,1.5194174757281553,4.186046511627907,7.766990291262136
"2025-01-23 10:00:00","2025-01-23 11:00:00",AA,125,122,1,2,13.161290322580646,0.8,15.32258064516129
"2025-01-23 10:00:00","2025-01-23 11:00:00",DL,144,135,9,0,5.37037037037037,6.25,18.51851851851852
"2025-01-23 10:00:00","2025-01-23 11:00:00",UA,104,100,4,0,2.14,3.8461538461538463,11.0
"2025-01-23 10:00:00","2025-01-23 11:00:00",WN,177,171,6,0,1.4619883040935673,3.389830508474576,7.017543859649122
"2025-01-23 11:00:00","2025-01-23 12:00:00",AA,151,147,3,1,4.75,1.9867549668874172,11.486486486486486
"2025-01-23 11:00:00","2025-01-23 12:00:00",DL,175,169,6,0,17.207100591715978,3.4285714285714284,27.218934911242602
"2025-01-23 11:00:00","2025-01-23 12:00:00",UA,112,108,3,1,6.045871559633028,2.6785714285714284,11.926605504587156
"2025-01-23 11:00:00","2025-01-23 12:00:00",WN,245,232,13,0,3.918103448275862,5.3061224489795915,9.913793103448276
"2025-01-23 12:00:00","2025-01-23 13:00:00",AA,129,128,1,0,37.1484375,0.7751937984496124,29.6875
"2025-01-23 12:00:00","2025-01-23 13:00:00",DL,175,169,6,0,15.059171597633137,3.4285714285714284,22.485207100591715
"2025-01-23 12:00:00","2025-01-23 13:00:00",UA,135,131,3,1,8.075757575757576,2.2222222222222223,14.393939393939394
"2025-01-23 12:00:00","2025-01-23 13:00:00",WN,179,172,7,0,4.691860465116279,3.910614525139665,9.883720930232558
"2025-01-23 13:00:00","2025-01-23 14:00:00",AA,131,129,2,0,19.45736434108527,1.5267175572519085,20.930232558139537
"2025-01-23 13:00:00","2025-01-23 14:00:00",DL,134,131,3,0,12.702290076335878,2.2388059701492535,25.19083969465649
"2025-01-23 13:00:00","2025-01-23 14:00:00",UA,126,126,0,0,8.88888888888889,0.0,11.11111111111111
"2025-01-23 13:00:00","2025-01-23 14:00:00",WN,229,221,6,2,5.896860986547085,2.6200873362445414,15.246636771300448
"2025-01-23 14:00:00","2025-01-23 15:00:00",AA,153,153,0,0,28.33986928104575,0.0,30.065359477124183
"2025-01-23 14:00:00","2025-01-23 15:00:00",DL,133,128,5,0,16.671875,3.7593984962406015,27.34375
"2025-01-23 14:00:00","2025-01-23 15:00:00",UA,116,114,2,0,3.7982456140350878,1.7241379310344827,14.912280701754385
"2025-01-23 14:00:00","2025-01-23 15:00:00",WN,218,212,6,0,10.745283018867925,2.7522935779816513,17.452830188679247
"2025-01-23 15:00:00","2025-01-23 16:00:00",AA,110,107,3,0,15.74766355140187,2.727272727272727,21.49532710280374
"2025-01-23 15:00:00","2025-01-23 16:00:00",DL,169,167,2,0,17.904191616766468,1.183431952662722,31.736526946107784
"2025-01-23 15:00:00","2025-01-23 16:00:00",UA,89,88,1,0,4.318181818181818,1.1235955056179776,11.363636363636363
"2025-01-23 15:00:00","2025-01-23 16:00:00",WN,219,218,1,0,16.55504587155963,0.45662100456621,25.68807339449541
"2025-01-23 16:00:00","2025-01-23 17:00:00",AA,151,145,6,0,19.53103448275862,3.9735099337748343,31.03448275862069
"2025-01-23 16:00:00","2025-01-23 17:00:00",DL,135,132,3,0,19.810606060606062,2.2222222222222223,28.03030303030303
"2025-01-23 16:00:00","2025-01-23 17:00:00",UA,123,120,2,1,24.694214876033058,1.6260162601626016,19.00826446280992
"2025-01-23 16:00:00","2025-01-23 17:00:00",WN,200,199,0,1,14.12,0.0,23.0
"2025-01-23 17:00:00","2025-01-23 18:00:00",AA,140,139,1,0,22.115107913669064,0.7142857142857143,31.654676258992804
"2025-01-23 17:00:00","2025-01-23 18:00:00",DL,149,146,3,0,15.876712328767123,2.0134228187919465,24.65753424657534
"2025-01-23 17:00:00","2025-01-23 18:00:00",UA,130,129,1,0,13.333333333333334,0.7692307692307693,19.37984496124031
"2025-01-23 17:00:00","2025-01-23 18:00:00",WN,178,177,1,0,16.15819209039548,0.5617977528089888,27.683615819209038
"2025-01-23 18:00:00","2025-01-23 19:00:00",AA,142,138,4,0,21.094202898550726,2.816901408450704,28.985507246376812
"2025-01-23 18:00:00","2025-01-23 19:00:00",DL,143,143,0,0,19.0,0.0,30.06993006993007
"2025-01-23 18:00:00","2025-01-23 19:00:00",UA,129,129,0,0,11.364341085271318,0.0,24.031007751937985
"2025-01-23 18:00:00","2025-01-23 19:00:00",WN,242,241,1,0,14.070539419087137,0.4132231404958678,25.311203319502074
"2025-01-23 19:00:00","2025-01-23 20:00:00",AA,147,141,6,0,11.843971631205674,4.081632653061225,24.113475177304963
"2025-01-23 19:00:00","2025-01-23 20:00:00",DL,164,161,3,0,35.20496894409938,1.829268292682927,37.267080745341616
"2025-01-23 19:00:00","2025-01-23 20:00:00",UA,103,103,0,0,4.990291262135922,0.0,12.62135922330097
"2025-01-23 19:00:00","2025-01-23 20:00:00",WN,118,118,0,0,12.94915254237288,0.0,25.423728813559322
"2025-01-23 20:00:00","2025-01-23 21:00:00",AA,109,106,3,0,25.830188679245282,2.7522935779816513,31.132075471698112
"2025-01-23 20:00:00","2025-01-23 21:00:00",DL,95,94,0,1,14.357894736842105,0.0,23.157894736842106
"2025-01-23 20:00:00","2025-01-23 21:00:00",UA,78,78,0,0,14.615384615384615,0.0,28.205128205128204
"2025-01-23 20:00:00","2025-01-23 21:00:00",WN,149,149,0,0,12.87248322147651,0.0,32.88590604026846
"2025-01-23 21:00:00","2025-01-23 22:00:00",AA,80,78,2,0,21.935897435897434,2.5,34.61538461538461
"2025-01-23 21:00:00","2025-01-23 22:00:00",DL,92,91,1,0,12.824175824175825,1.0869565217391304,15.384615384615385
"2025-01-23 21:00:00","2025-01-23 22:00:00",UA,30,30,0,0,-0.9333333333333333,0.0,6.666666666666667
"2025-01-23 21:00:00","2025-01-23 22:00:00",WN,15,15,0,0,3.933333333333333,0.0,13.333333333333334
"2025-01-23 22:00:00","2025-01-23 23:00:00",AA,76,74,2,0,13.013513513513514,2.6315789473684212,22.972972972972972
"2025-01-23 22:00:00","2025-01-23 23:00:00",DL,76,75,1,0,13.186666666666667,1.3157894736842106,21.333333333333332
"2025-01-23 22:00:00","2025-01-23 23:00:00",UA,23,22,1,0,-1.0,4.3478260869565215,13.636363636363637
"2025-01-23 23:00:00","2025-01-24 00:00:00",AA,27,25,1,1,-2.5,3.7037037037037037,0.0
"2025-01-23 23:00:00","2025-01-24 00:00:00",DL,27,27,0,0,4.666666666666667,0.0,11.11111111111111
"2025-01-23 23:00:00","2025-01-24 00:00:00",UA,30,30,0,0,0.8333333333333334,0.0,10.0
"2025-01-24 00:00:00","2025-01-24 01:00:00",AA,8,8,0,0,-2.5,0.0,0.0
"2025-01-24 00:00:00","2025-01-24 01:00:00",DL,3,3,0,0,-13.666666666666666,0.0,0.0
"2025-01-24 00:00:00","2025-01-24 01:00:00",UA,2,2,0,0,-6.0,0.0,0.0
"2025-01-24 01:00:00","2025-01-24 02:00:00",AA,1,1,0,0,-6.0,0.0,0.0
"2025-01-24 01:00:00","2025-01-24 02:00:00",DL,2,2,0,0,40.0,0.0,50.0
"2025-01-24 01:00:00","2025-01-24 02:00:00",UA,1,1,0,0,-3.0,0.0,0.0
"2025-01-24 02:00:00","2025-01-24 03:00:00",UA,1,1,0,0,-4.0,0.0,0.0
"2025-01-24 05:00:00","2025-01-24 06:00:00",AA,88,86,2,0,10.209302325581396,2.272727272727273,6.976744186046512
"2025-01-24 05:00:00","2025-01-24 06:00:00",DL,57,56,1,0,1.8214285714285714,1.7543859649122806,7.142857142857143
"2025-01-24 05:00:00","2025-01-24 06:00:00",UA,24,22,2,0,-4.909090909090909,8.333333333333334,0.0
"2025-01-24 05:00:00","2025-01-24 06:00:00",WN,22,22,0,0,-2.227272727272727,0.0,0.0
"2025-01-24 06:00:00","2025-01-24 07:00:00",AA,175,168,7,0,2.3511904761904763,4.0,5.9523809523809526
"2025-01-24 06:00:00","2025-01-24 07:00:00",DL,181,180,1,0,8.183333333333334,0.5524861878453039,7.777777777777778
"2025-01-24 06:00:00","2025-01-24 07:00:00",UA,110,108,2,0,1.8148148148148149,1.8181818181818181,2.7777777777777777
"2025-01-24 06:00:00","2025-01-24 07:00:00",WN,205,204,1,0,0.4362745098039216,0.4878048780487805,5.392156862745098
"2025-01-24 07:00:00","2025-01-24 08:00:00",AA,201,201,0,0,4.243781094527363,0.0,7.462686567164179
"2025-01-24 07:00:00","2025-01-24 08:00:00",DL,229,229,0,0,6.5152838427947595,0.0,10.480349344978166
"2025-01-24 07:00:00","2025-01-24 08:00:00",UA,164,164,0,0,4.347560975609756,0.0,5.487804878048781
"2025-01-24 07:00:00","2025-01-24 08:00:00",WN,172,171,1,0,0.8245614035087719,0.5813953488372093,4.678362573099415
"2025-01-24 08:00:00","2025-01-24 09:00:00",AA,189,188,1,0,17.595744680851062,0.5291005291005291,14.361702127659575
"2025-01-24 08:00:00","2025-01-24 09:00:00",DL,168,165,3,0,2.8545454545454545,1.7857142857142858,8.484848484848484
"2025-01-24 08:00:00","2025-01-24 09:00:00",UA,178,176,2,0,0.3465909090909091,1.1235955056179776,7.954545454545454
"2025-01-24 08:00:00","2025-01-24 09:00:00",WN,242,242,0,0,0.6528925619834711,0.0,4.545454545454546
"2025-01-24 09:00:00","2025-01-24 10:00:00",AA,124,124,0,0,2.838709677419355,0.0,12.096774193548388
"2025-01-24 09:00:00","2025-01-24 10:00:00",DL,113,113,0,0,5.548672566371682,0.0,13.274336283185841
"2025-01-24 09:00:00","2025-01-24 10:00:00",UA,143,143,0,0,11.244755244755245,0.0,13.986013986013987
"2025-01-24 09:00:00","2025-01-24 10:00:00",WN,215,215,0,0,1.0325581395348837,0.0,6.046511627906977
"2025-01-24 10:00:00","2025-01-24 11:00:00",AA,133,133,0,0,4.571428571428571,0.0,14.285714285714286
"2025-01-24 10:00:00","2025-01-24 11:00:00",DL,152,151,1,0,8.317880794701987,0.6578947368421053,24.503311258278146
"2025-01-24 10:00:00","2025-01-24 11:00:00",UA,101,100,0,1,-0.5148514851485149,0.0,8.910891089108912
"2025-01-24 10:00:00","2025-01-24 11:00:00",WN,191,191,0,0,4.099476439790576,0.0,10.471204188481675
"2025-01-24 11:00:00","2025-01-24 12:00:00",AA,156,156,0,0,11.192307692307692,0.0,19.871794871794872
"2025-01-24 11:00:00","2025-01-24 12:00:00",DL,182,182,0,0,11.18131868131868,0.0,20.87912087912088
"2025-01-24 11:00:00","2025-01-24 12:00:00",UA,115,115,0,0,0.5217391304347826,0.0,6.956521739130435
"2025-01-24 11:00:00","2025-01-24 12:00:00",WN,264,264,0,0,2.2613636363636362,0.0,9.090909090909092
"2025-01-24 12:00:00","2025-01-24 13:00:00",AA,125,124,1,0,5.040322580645161,0.8,12.096774193548388
"2025-01-24 12:00:00","2025-01-24 13:00:00",DL,157,157,0,0,13.54140127388535,0.0,19.745222929936304
"2025-01-24 12:00:00","2025-01-24 13:00:00",UA,116,113,2,1,7.350877192982456,1.7241379310344827,15.789473684210526
"2025-01-24 12:00:00","2025-01-24 13:00:00",WN,166,166,0,0,2.5963855421686746,0.0,12.650602409638553
"2025-01-24 13:00:00","2025-01-24 14:00:00",AA,131,131,0,0,17.732824427480917,0.0,25.954198473282442
"2025-01-24 13:00:00","2025-01-24 14:00:00",DL,144,144,0,0,10.180555555555555,0.0,21.52777777777778
"2025-01-24 13:00:00","2025-01-24 14:00:00",UA,127,126,0,1,0.3937007874015748,0.0,8.661417322834646
"2025-01-24 13:00:00","2025-01-24 14:00:00",WN,237,237,0,0,2.7848101265822787,0.0,8.860759493670885
"2025-01-24 14:00:00","2025-01-24 15:00:00",AA,137,137,0,0,11.094890510948906,0.0,24.817518248175183
"2025-01-24 14:00:00","2025-01-24 15:00:00",DL,123,123,0,0,11.40650406504065,0.0,25.203252032520325
"2025-01-24 14:00:00","2025-01-24 15:00:00",UA,104,104,0,0,5.701923076923077,0.0,12.5
"2025-01-24 14:00:00","2025-01-24 15:00:00",WN,200,200,0,0,7.11,0.0,16.5
"2025-01-24 15:00:00","2025-01-24 16:00:00",AA,108,108,0,0,8.564814814814815,0.0,21.296296296296298
"2025-01-24 15:00:00","2025-01-24 16:00:00",DL,165,165,0,0,12.272727272727273,0.0,29.696969696969695
"2025-01-24 15:00:00","2025-01-24 16:00:00",UA,83,83,0,0,5.0843373493975905,0.0,15.662650602409638
"2025-01-24 15:00:00","2025-01-24 16:00:00",WN,215,215,0,0,3.572093023255814,0.0,13.488372093023257
"2025-01-24 16:00:00","2025-01-24 17:00:00",AA,129,128,1,0,8.84375,0.7751937984496124,19.53125
"2025-01-24 16:00:00","2025-01-24 17:00:00",DL,125,125,0,0,4.84,0.0,20.8
"2025-01-24 16:00:00","2025-01-24 17:00:00",UA,117,117,0,0,6.418803418803419,0.0,14.52991452991453
"2025-01-24 16:00:00","2025-01-24 17:00:00",WN,191,190,1,0,3.8684210526315788,0.5235602094240838,12.631578947368421
"2025-01-24 17:00:00","2025-01-24 18:00:00",AA,148,148,0,0,9.364864864864865,0.0,22.2972972972973
"2025-01-24 17:00:00","2025-01-24 18:00:00",DL,168,168,0,0,11.369047619047619,0.0,22.61904761904762
"2025-01-24 17:00:00","2025-01-24 18:00:00",UA,144,144,0,0,0.6111111111111112,0.0,7.638888888888889
"2025-01-24 17:00:00","2025-01-24 18:00:00",WN,192,192,0,0,2.4270833333333335,0.0,11.979166666666666
"2025-01-24 18:00:00","2025-01-24 19:00:00",AA,130,130,0,0,8.761538461538462,0.0,19.23076923076923
"2025-01-24 18:00:00","2025-01-24 19:00:00",DL,145,145,0,0,9.26206896551724,0.0,22.06896551724138
"2025-01-24 18:00:00","2025-01-24 19:00:00",UA,130,130,0,0,1.6846153846153846,0.0,10.76923076923077
"2025-01-24 18:00:00","2025-01-24 19:00:00",WN,240,239,0,1,3.720833333333333,0.0,10.0
"2025-01-24 19:00:00","2025-01-24 20:00:00",AA,111,111,0,0,7.054054054054054,0.0,18.91891891891892
"2025-01-24 19:00:00","2025-01-24 20:00:00",DL,164,164,0,0,7.335365853658536,0.0,23.78048780487805
"2025-01-24 19:00:00","2025-01-24 20:00:00",UA,100,100,0,0,6.01,0.0,15.0
"2025-01-24 19:00:00","2025-01-24 20:00:00",WN,118,118,0,0,3.6016949152542375,0.0,15.254237288135593
"2025-01-24 20:00:00","2025-01-24 21:00:00",AA,75,75,0,0,12.813333333333333,0.0,20.0
"2025-01-24 20:00:00","2025-01-24 21:00:00",DL,84,84,0,0,8.19047619047619,0.0,15.476190476190476
"2025-01-24 20:00:00","2025-01-24 21:00:00",UA,78,77,0,1,4.410256410256411,0.0,11.538461538461538
"2025-01-24 20:00:00","2025-01-24 21:00:00",WN,138,138,0,0,2.869565217391304,0.0,10.144927536231885
"2025-01-24 21:00:00","2025-01-24 22:00:00",AA,79,79,0,0,5.8354430379746836,0.0,15.189873417721518
"2025-01-24 21:00:00","2025-01-24 22:00:00",DL,93,93,0,0,0.6129032258064516,0.0,11.827956989247312
"2025-01-24 21:00:00","2025-01-24 22:00:00",UA,30,30,0,0,-3.2,0.0,10.0
"2025-01-24 21:00:00","2025-01-24 22:00:00",WN,15,15,0,0,-4.133333333333334,0.0,0.0
"2025-01-24 22:00:00","2025-01-24 23:00:00",AA,50,50,0,0,2.5,0.0,6.0
"2025-01-24 22:00:00","2025-01-24 23:00:00",DL,76,76,0,0,1.2105263157894737,0.0,11.842105263157896
"2025-01-24 22:00:00","2025-01-24 23:00:00",UA,21,21,0,0,-2.0476190476190474,0.0,4.761904761904762
"2025-01-24 23:00:00","2025-01-25 00:00:00",AA,21,21,0,0,1.2380952380952381,0.0,9.523809523809524
"2025-01-24 23:00:00","2025-01-25 00:00:00",DL,26,26,0,0,3.6923076923076925,0.0,11.538461538461538
"2025-01-24 23:00:00","2025-01-25 00:00:00",UA,30,30,0,0,-2.933333333333333,0.0,6.666666666666667
"2025-01-25 00:00:00","2025-01-25 01:00:00",AA,5,5,0,0,46.4,0.0,20.0
"2025-01-25 00:00:00","2025-01-25 01:00:00",DL,4,4,0,0,-8.25,0.0,0.0
"2025-01-25 00:00:00","2025-01-25 01:00:00",UA,3,3,0,0,7.666666666666667,0.0,33.333333333333336
"2025-01-25 01:00:00","2025-01-25 02:00:00",DL,2,2,0,0,42.5,0.0,100.0
"2025-01-25 01:00:00","2025-01-25 02:00:00",UA,1,1,0,0,14.0,0.0,0.0
"2025-01-25 02:00:00","2025-01-25 03:00:00",UA,1,1,0,0,7.0,0.0,0.0
"2025-01-25 05:00:00","2025-01-25 06:00:00",AA,80,80,0,0,-3.8875,0.0,6.25
"2025-01-25 05:00:00","2025-01-25 06:00:00",DL,56,56,0,0,7.107142857142857,0.0,8.928571428571429
"2025-01-25 05:00:00","2025-01-25 06:00:00",UA,25,25,0,0,-1.0,0.0,8.0
"2025-01-25 05:00:00","2025-01-25 06:00:00",WN,53,53,0,0,-3.339622641509434,0.0,0.0
"2025-01-25 06:00:00","2025-01-25 07:00:00",AA,161,161,0,0,2.484472049689441,0.0,8.695652173913043
"2025-01-25 06:00:00","2025-01-25 07:00:00",DL,168,168,0,0,1.5178571428571428,0.0,7.738095238095238
"2025-01-25 06:00:00","2025-01-25 07:00:00",UA,106,105,0,1,-1.6037735849056605,0.0,5.660377358490566
"2025-01-25 06:00:00","2025-01-25 07:00:00",WN,183,183,0,0,-3.6448087431693987,0.0,1.639344262295082
"2025-01-25 07:00:00","2025-01-25 08:00:00",AA,149,148,0,1,-0.2751677852348993,0.0,6.7114093959731544
"2025-01-25 07:00:00","2025-01-25 08:00:00",DL,196,196,0,0,0.10204081632653061,0.0,9.693877551020408
"2025-01-25 07:00:00","2025-01-25 08:00:00",UA,158,154,1,3,2.751592356687898,0.6329113924050633,7.643312101910828
"2025-01-25 07:00:00","2025-01-25 08:00:00",WN,197,197,0,0,-0.8375634517766497,0.0,3.553299492385787
"2025-01-25 08:00:00","2025-01-25 09:00:00",AA,175,175,0,0,3.617142857142857,0.0,9.714285714285714
"2025-01-25 08:00:00","2025-01-25 09:00:00",DL,150,150,0,0,6.96,0.0,11.333333333333334
"2025-01-25 08:00:00","2025-01-25 09:00:00",UA,161,161,0,0,4.881987577639752,0.0,12.422360248447205
"2025-01-25 08:00:00","2025-01-25 09:00:00",WN,231,231,0,0,-0.3333333333333333,0.0,5.194805194805195
"2025-01-25 09:00:00","2025-01-25 10:00:00",AA,109,109,0,0,0.11009174311926606,0.0,5.504587155963303
"2025-01-25 09:00:00","2025-01-25 10:00:00",DL,111,111,0,0,1.5315315315315314,0.0,11.711711711711711
"2025-01-25 09:00:00","2025-01-25 10:00:00",UA,122,122,0,0,15.639344262295081,0.0,20.491803278688526
"2025-01-25 09:00:00","2025-01-25 10:00:00",WN,210,210,0,0,3.033333333333333,0.0,11.428571428571429
"2025-01-25 10:00:00","2025-01-25 11:00:00",AA,110,110,0,0,5.9,0.0,14.545454545454545
"2025-01-25 10:00:00","2025-01-25 11:00:00",DL,117,117,0,0,1.4957264957264957,0.0,11.965811965811966
"2025-01-25 10:00:00","2025-01-25 11:00:00",UA,105,103,0,2,15.047619047619047,0.0,24.761904761904763
"2025-01-25 10:00:00","2025-01-25 11:00:00",WN,200,200,0,0,2.175,0.0,10.0
"2025-01-25 11:00:00","2025-01-25 12:00:00",AA,119,119,0,0,4.764705882352941,0.0,15.126050420168067
"2025-01-25 11:00:00","2025-01-25 12:00:00",DL,153,153,0,0,4.601307189542483,0.0,15.686274509803921
"2025-01-25 11:00:00","2025-01-25 12:00:00",UA,103,102,0,1,25.067961165048544,0.0,33.00970873786408
"2025-01-25 11:00:00","2025-01-25 12:00:00",WN,209,208,0,1,8.248803827751196,0.0,19.138755980861244
"2025-01-25 12:00:00","2025-01-25 13:00:00",AA,103,103,0,0,8.16504854368932,0.0,18.446601941747574
"2025-01-25 12:00:00","2025-01-25 13:00:00",DL,129,128,0,1,3.5968992248062017,0.0,14.728682170542635
"2025-01-25 12:00:00","2025-01-25 13:00:00",UA,100,100,0,0,4.29,0.0,13.0
"2025-01-25 12:00:00","2025-01-25 13:00:00",WN,168,168,0,0,6.845238095238095,0.0,17.857142857142858
"2025-01-25 13:00:00","2025-01-25 14:00:00",AA,112,109,0,3,5.785714285714286,0.0,13.392857142857142
"2025-01-25 13:00:00","2025-01-25 14:00:00",DL,127,127,0,0,2.905511811023622,0.0,14.960629921259843
"2025-01-25 13:00:00","2025-01-25 14:00:00",UA,120,118,1,1,22.386554621848738,0.8333333333333334,32.773109243697476
"2025-01-25 13:00:00","2025-01-25 14:00:00",WN,197,197,0,0,10.060913705583756,0.0,19.289340101522843
"2025-01-25 14:00:00","2025-01-25 15:00:00",AA,110,110,0,0,1.7545454545454546,0.0,10.0
"2025-01-25 14:00:00","2025-01-25 15:00:00",DL,102,102,0,0,2.6176470588235294,0.0,15.686274509803921
"2025-01-25 14:00:00","2025-01-25 15:00:00",UA,102,101,1,0,17.435643564356436,0.9803921568627451,24.752475247524753
"2025-01-25 14:00:00","2025-01-25 15:00:00",WN,213,213,0,0,9.446009389671362,0.0,22.535211267605632
"2025-01-25 15:00:00","2025-01-25 16:00:00",AA,104,104,0,0,3.4326923076923075,0.0,10.576923076923077
"2025-01-25 15:00:00","2025-01-25 16:00:00",DL,141,141,0,0,0.2765957446808511,0.0,9.929078014184396
"2025-01-25 15:00:00","2025-01-25 16:00:00",UA,69,69,0,0,13.101449275362318,0.0,28.985507246376812
"2025-01-25 15:00:00","2025-01-25 16:00:00",WN,167,167,0,0,8.149700598802395,0.0,20.35928143712575
"2025-01-25 16:00:00","2025-01-25 17:00:00",AA,123,123,0,0,3.3008130081300813,0.0,13.008130081300813
"2025-01-25 16:00:00","2025-01-25 17:00:00",DL,100,99,1,0,0.9191919191919192,1.0,6.0606060606060606
"2025-01-25 16:00:00","2025-01-25 17:00:00",UA,106,106,0,0,12.650943396226415,0.0,25.471698113207548
"2025-01-25 16:00:00","2025-01-25 17:00:00",WN,199,198,0,1,9.095477386934673,0.0,21.105527638190956
"2025-01-25 17:00:00","2025-01-25 18:00:00",AA,123,122,0,1,6.699186991869919,0.0,17.88617886178862
"2025-01-25 17:00:00","2025-01-25 18:00:00",DL,140,140,0,0,4.821428571428571,0.0,12.857142857142858
"2025-01-25 17:00:00","2025-01-25 18:00:00",UA,115,114,1,0,13.491228070175438,0.8695652173913043,25.43859649122807
"2025-01-25 17:00:00","2025-01-25 18:00:00",WN,166,166,0,0,5.771084337349397,0.0,20.481927710843372
"2025-01-25 18:00:00","2025-01-25 19:00:00",AA,133,133,0,0,11.030075187969924,0.0,13.533834586466165
"2025-01-25 18:00:00","2025-01-25 19:00:00",DL,102,102,0,0,0.6568627450980392,0.0,16.666666666666668
"2025-01-25 18:00:00","2025-01-25 19:00:00",UA,107,107,0,0,5.420560747663552,0.0,20.560747663551403
"2025-01-25 18:00:00","2025-01-25 19:00:00",WN,147,147,0,0,5.612244897959184,0.0,17.006802721088434
"2025-01-25 19:00:00","2025-01-25 20:00:00",AA,90,89,0,1,6.733333333333333,0.0,13.333333333333334
"2025-01-25 19:00:00","2025-01-25 20:00:00",DL,73,71,0,2,2.3972602739726026,0.0,13.698630136986301
"2025-01-25 19:00:00","2025-01-25 20:00:00",UA,71,71,0,0,3.507042253521127,0.0,21.12676056338028
"2025-01-25 19:00:00","2025-01-25 20:00:00",WN,70,69,0,1,11.428571428571429,0.0,32.857142857142854
"2025-01-25 20:00:00","2025-01-25 21:00:00",AA,70,70,0,0,8.3,0.0,22.857142857142858
"2025-01-25 20:00:00","2025-01-25 21:00:00",DL,56,56,0,0,0.9464285714285714,0.0,12.5
"2025-01-25 20:00:00","2025-01-25 21:00:00",UA,62,62,0,0,10.258064516129032,0.0,17.741935483870968
"2025-01-25 20:00:00","2025-01-25 21:00:00",WN,31,31,0,0,-1.064516129032258,0.0,6.451612903225806
"2025-01-25 21:00:00","2025-01-25 22:00:00",AA,76,76,0,0,8.486842105263158,0.0,19.736842105263158
"2025-01-25 21:00:00","2025-01-25 22:00:00",DL,61,61,0,0,-0.5245901639344263,0.0,8.19672131147541
"2025-01-25 21:00:00","2025-01-25 22:00:00",UA,22,21,0,1,5.409090909090909,0.0,13.636363636363637
"2025-01-25 21:00:00","2025-01-25 22:00:00",WN,3,3,0,0,8.0,0.0,33.333333333333336
"2025-01-25 22:00:00","2025-01-25 23:00:00",AA,50,50,0,0,4.56,0.0,18.0
"2025-01-25 22:00:00","2025-01-25 23:00:00",DL,54,54,0,0,4.12962962962963,0.0,9.25925925925926
"2025-01-25 22:00:00","2025-01-25 23:00:00",UA,19,19,0,0,-2.6842105263157894,0.0,5.2631578947368425
"2025-01-25 23:00:00","2025-01-26 00:00:00",AA,21,20,0,1,11.523809523809524,0.0,28.571428571428573
"2025-01-25 23:00:00","2025-01-26 00:00:00",DL,19,19,0,0,1.263157894736842,0.0,10.526315789473685
"2025-01-25 23:00:00","2025-01-26 00:00:00",UA,26,26,0,0,26.653846153846153,0.0,15.384615384615385
"2025-01-26 00:00:00","2025-01-26 01:00:00",AA,6,6,0,0,0.16666666666666666,0.0,16.666666666666668
"2025-01-26 00:00:00","2025-01-26 01:00:00",DL,1,1,0,0,-10.0,0.0,0.0
"2025-01-26 00:00:00","2025-01-26 01:00:00",UA,2,2,0,0,-1.0,0.0,0.0
"2025-01-26 01:00:00","2025-01-26 02:00:00",DL,2,2,0,0,-11.5,0.0,0.0
"2025-01-26 01:00:00","2025-01-26 02:00:00",UA,1,1,0,0,-10.0,0.0,0.0
"2025-01-26 02:00:00","2025-01-26 03:00:00",UA,1,1,0,0,-8.0,0.0,0.0
"2025-01-26 05:00:00","2025-01-26 06:00:00",AA,84,83,0,1,8.75,0.0,4.761904761904762
"2025-01-26 05:00:00","2025-01-26 06:00:00",DL,65,65,0,0,-5.6,0.0,1.5384615384615385
"2025-01-26 05:00:00","2025-01-26 06:00:00",UA,24,24,0,0,-3.125,0.0,4.166666666666667
"2025-01-26 05:00:00","2025-01-26 06:00:00",WN,86,85,1,0,0.3176470588235294,1.1627906976744187,5.882352941176471
"2025-01-26 06:00:00","2025-01-26 07:00:00",AA,160,159,0,1,14.0625,0.0,10.625
"2025-01-26 06:00:00","2025-01-26 07:00:00",DL,167,167,0,0,-0.9520958083832335,0.0,4.790419161676646
"2025-01-26 06:00:00","2025-01-26 07:00:00",UA,107,107,0,0,-3.308411214953271,0.0,4.672897196261682
"2025-01-26 06:00:00","2025-01-26 07:00:00",WN,274,274,0,0,-1.7153284671532847,0.0,2.5547445255474455
"2025-01-26 07:00:00","2025-01-26 08:00:00",AA,158,158,0,0,-1.4556962025316456,0.0,6.329113924050633
"2025-01-26 07:00:00","2025-01-26 08:00:00",DL,211,211,0,0,-2.4360189573459716,0.0,5.213270142180095
"2025-01-26 07:00:00","2025-01-26 08:00:00",UA,148,148,0,0,-1.7837837837837838,0.0,5.405405405405405
"2025-01-26 07:00:00","2025-01-26 08:00:00",WN,194,193,0,1,0.18041237113402062,0.0,4.123711340206185
"2025-01-26 08:00:00","2025-01-26 09:00:00",AA,167,165,1,1,10.234939759036145,0.5988023952095808,12.048192771084338
"2025-01-26 08:00:00","2025-01-26 09:00:00",DL,160,160,0,0,-1.11875,0.0,8.125
"2025-01-26 08:00:00","2025-01-26 09:00:00",UA,166,166,0,0,1.5662650602409638,0.0,7.228915662650603
"2025-01-26 08:00:00","2025-01-26 09:00:00",WN,249,248,0,1,-0.5100401606425703,0.0,5.220883534136546
"2025-01-26 09:00:00","2025-01-26 10:00:00",AA,128,128,0,0,10.09375,0.0,9.375
"2025-01-26 09:00:00","2025-01-26 10:00:00",DL,116,116,0,0,-0.896551724137931,0.0,2.586206896551724
"2025-01-26 09:00:00","2025-01-26 10:00:00",UA,140,139,1,0,4.661870503597123,0.7142857142857143,10.79136690647482
"2025-01-26 09:00:00","2025-01-26 10:00:00",WN,204,204,0,0,2.9362745098039214,0.0,8.333333333333334
"2025-01-26 10:00:00","2025-01-26 11:00:00",AA,123,123,0,0,3.5853658536585367,0.0,17.073170731707318
"2025-01-26 10:00:00","2025-01-26 11:00:00",DL,144,144,0,0,2.4027777777777777,0.0,9.722222222222221
"2025-01-26 10:00:00","2025-01-26 11:00:00",UA,108,108,0,0,0.3148148148148148,0.0,8.333333333333334
"2025-01-26 10:00:00","2025-01-26 11:00:00",WN,209,208,0,1,1.325358851674641,0.0,6.220095693779904
"2025-01-26 11:00:00","2025-01-26 12:00:00",AA,153,153,0,0,8.470588235294118,0.0,9.15032679738562
"2025-01-26 11:00:00","2025-01-26 12:00:00",DL,179,179,0,0,-0.9664804469273743,0.0,7.262569832402234
"2025-01-26 11:00:00","2025-01-26 12:00:00",UA,111,111,0,0,4.387387387387387,0.0,9.90990990990991
"2025-01-26 11:00:00","2025-01-26 12:00:00",WN,218,218,0,0,4.793577981651376,0.0,11.009174311926605
"2025-01-26 12:00:00","2025-01-26 13:00:00",AA,114,113,1,0,9.902654867256636,0.8771929824561403,16.8141592920354
"2025-01-26 12:00:00","2025-01-26 13:00:00",DL,152,152,0,0,9.06578947368421,0.0,12.5
"2025-01-26 12:00:00","2025-01-26 13:00:00",UA,118,118,0,0,2.669491525423729,0.0,5.932203389830509
"2025-01-26 12:00:00","2025-01-26 13:00:00",WN,207,207,0,0,4.811594202898551,0.0,13.043478260869565
"2025-01-26 13:00:00","2025-01-26 14:00:00",AA,127,127,0,0,10.637795275590552,0.0,15.748031496062993
"2025-01-26 13:00:00","2025-01-26 14:00:00",DL,123,123,0,0,4.08130081300813,0.0,12.195121951219512
"2025-01-26 13:00:00","2025-01-26 14:00:00",UA,117,116,0,1,5.102564102564102,0.0,11.965811965811966
"2025-01-26 13:00:00","2025-01-26 14:00:00",WN,216,216,0,0,6.523148148148148,0.0,16.203703703703702
"2025-01-26 14:00:00","2025-01-26 15:00:00",AA,151,151,0,0,7.701986754966887,0.0,19.867549668874172
"2025-01-26 14:00:00","2025-01-26 15:00:00",DL,127,127,0,0,6.834645669291339,0.0,10.236220472440944
"2025-01-26 14:00:00","2025-01-26 15:00:00",UA,111,111,0,0,2.234234234234234,0.0,7.207207207207207
"2025-01-26 14:00:00","2025-01-26 15:00:00",WN,213,211,2,0,7.644549763033176,0.9389671361502347,16.113744075829384
"2025-01-26 15:00:00","2025-01-26 16:00:00",AA,111,111,0,0,11.927927927927929,0.0,20.72072072072072
"2025-01-26 15:00:00","2025-01-26 16:00:00",DL,175,175,0,0,4.851428571428571,0.0,13.142857142857142
"2025-01-26 15:00:00","2025-01-26 16:00:00",UA,89,89,0,0,2.0224719101123596,0.0,6.741573033707865
"2025-01-26 15:00:00","2025-01-26 16:00:00",WN,220,219,0,1,6.327272727272727,0.0,18.636363636363637
"2025-01-26 16:00:00","2025-01-26 17:00:00",AA,132,132,0,0,12.325757575757576,0.0,16.666666666666668
"2025-01-26 16:00:00","2025-01-26 17:00:00",DL,134,133,1,0,5.413533834586466,0.746268656716418,15.037593984962406
"2025-01-26 16:00:00","2025-01-26 17:00:00",UA,107,107,0,0,0.9439252336448598,0.0,5.607476635514018
"2025-01-26 16:00:00","2025-01-26 17:00:00",WN,200,200,0,0,7.47,0.0,19.5
"2025-01-26 17:00:00","2025-01-26 18:00:00",AA,148,148,0,0,14.162162162162161,0.0,20.945945945945947
"2025-01-26 17:00:00","2025-01-26 18:00:00",DL,153,153,0,0,2.045751633986928,0.0,9.803921568627452
"2025-01-26 17:00:00","2025-01-26 18:00:00",UA,135,133,0,2,-1.8444444444444446,0.0,2.962962962962963
"2025-01-26 17:00:00","2025-01-26 18:00:00",WN,205,205,0,0,6.741463414634146,0.0,17.5609756097561
"2025-01-26 18:00:00","2025-01-26 19:00:00",AA,164,162,0,2,9.097560975609756,0.0,18.902439024390244
"2025-01-26 18:00:00","2025-01-26 19:00:00",DL,155,152,1,2,8.337662337662337,0.6451612903225806,11.688311688311689
"2025-01-26 18:00:00","2025-01-26 19:00:00",UA,139,137,0,2,5.467625899280575,0.0,12.23021582733813
"2025-01-26 18:00:00","2025-01-26 19:00:00",WN,218,218,0,0,8.568807339449542,0.0,22.93577981651376
"2025-01-26 19:00:00","2025-01-26 20:00:00",AA,147,146,0,1,9.197278911564625,0.0,19.047619047619047
"2025-01-26 19:00:00","2025-01-26 20:00:00",DL,158,158,0,0,4.772151898734177,0.0,18.9873417721519
"2025-01-26 19:00:00","2025-01-26 20:00:00",UA,106,105,0,1,0.42452830188679247,0.0,7.547169811320755
"2025-01-26 19:00:00","2025-01-26 20:00:00",WN,267,267,0,0,6.411985018726591,0.0,14.9812734082397
"2025-01-26 20:00:00","2025-01-26 21:00:00",AA,106,106,0,0,15.528301886792454,0.0,19.81132075471698
"2025-01-26 20:00:00","2025-01-26 21:00:00",DL,88,88,0,0,7.829545454545454,0.0,19.318181818181817
"2025-01-26 20:00:00","2025-01-26 21:00:00",UA,80,79,0,1,10.5,0.0,18.75
"2025-01-26 20:00:00","2025-01-26 21:00:00",WN,161,161,0,0,3.2236024844720497,0.0,11.801242236024844
"2025-01-26 21:00:00","2025-01-26 22:00:00",AA,81,81,0,0,14.938271604938272,0.0,16.049382716049383
"2025-01-26 21:00:00","2025-01-26 22:00:00",DL,95,95,0,0,20.757894736842104,0.0,18.94736842105263
"2025-01-26 21:00:00","2025-01-26 22:00:00",UA,34,34,0,0,2.676470588235294,0.0,8.823529411764707
"2025-01-26 21:00:00","2025-01-26 22:00:00",WN,148,147,0,1,1.7837837837837838,0.0,12.162162162162161
"2025-01-26 22:00:00","2025-01-26 23:00:00",AA,80,80,0,0,3.775,0.0,16.25
"2025-01-26 22:00:00","2025-01-26 23:00:00",DL,80,80,0,0,6.1875,0.0,12.5
"2025-01-26 22:00:00","2025-01-26 23:00:00",UA,23,23,0,0,16.608695652173914,0.0,8.695652173913043
"2025-01-26 22:00:00","2025-01-26 23:00:00",WN,3,3,0,0,-4.666666666666667,0.0,0.0
"2025-01-26 23:00:00","2025-01-27 00:00:00",AA,27,27,0,0,3.6296296296296298,0.0,22.22222222222222
"2025-01-26 23:00:00","2025-01-27 00:00:00",DL,26,26,0,0,15.576923076923077,0.0,26.923076923076923
"2025-01-26 23:00:00","2025-01-27 00:00:00",UA,33,33,0,0,-3.757575757575758,0.0,6.0606060606060606
"2025-01-27 00:00:00","2025-01-27 01:00:00",AA,8,8,0,0,-3.375,0.0,12.5
"2025-01-27 00:00:00","2025-01-27 01:00:00",DL,4,4,0,0,-10.0,0.0,0.0
"2025-01-27 00:00:00","2025-01-27 01:00:00",UA,3,3,0,0,15.333333333333334,0.0,33.333333333333336
"2025-01-27 01:00:00","2025-01-27 02:00:00",AA,1,1,0,0,22.0,0.0,100.0
"2025-01-27 01:00:00","2025-01-27 02:00:00",DL,2,2,0,0,-6.5,0.0,0.0
"2025-01-27 01:00:00","2025-01-27 02:00:00",UA,1,1,0,0,-15.0,0.0,0.0
"2025-01-27 02:00:00","2025-01-27 03:00:00",UA,1,1,0,0,-8.0,0.0,0.0
"2025-01-27 05:00:00","2025-01-27 06:00:00",AA,101,101,0,0,-2.108910891089109,0.0,5.9405940594059405
"2025-01-27 05:00:00","2025-01-27 06:00:00",DL,64,64,0,0,0.515625,0.0,4.6875
"2025-01-27 05:00:00","2025-01-27 06:00:00",UA,25,25,0,0,-5.88,0.0,0.0
"2025-01-27 05:00:00","2025-01-27 06:00:00",WN,29,29,0,0,-4.689655172413793,0.0,0.0
"2025-01-27 06:00:00","2025-01-27 07:00:00",AA,160,159,1,0,-2.842767295597484,0.625,4.40251572327044
"2025-01-27 06:00:00","2025-01-27 07:00:00",DL,170,170,0,0,-0.36470588235294116,0.0,5.882352941176471
"2025-01-27 06:00:00","2025-01-27 07:00:00",UA,104,103,1,0,-5.359223300970874,0.9615384615384616,2.912621359223301
"2025-01-27 06:00:00","2025-01-27 07:00:00",WN,200,200,0,0,0.56,0.0,2.5
"2025-01-27 07:00:00","2025-01-27 08:00:00",AA,194,194,0,0,4.43298969072165,0.0,7.216494845360825
"2025-01-27 07:00:00","2025-01-27 08:00:00",DL,212,211,0,1,3.7877358490566038,0.0,8.018867924528301
"2025-01-27 07:00:00","2025-01-27 08:00:00",UA,163,161,1,1,-1.6049382716049383,0.6134969325153374,2.4691358024691357
"2025-01-27 07:00:00","2025-01-27 08:00:00",WN,178,178,0,0,-1.196629213483146,0.0,4.49438202247191
"2025-01-27 08:00:00","2025-01-27 09:00:00",AA,190,190,0,0,4.7631578947368425,0.0,10.526315789473685
"2025-01-27 08:00:00","2025-01-27 09:00:00",DL,174,174,0,0,1.6896551724137931,0.0,6.32183908045977
"2025-01-27 08:00:00","2025-01-27 09:00:00",UA,181,181,0,0,0.27071823204419887,0.0,5.524861878453039
"2025-01-27 08:00:00","2025-01-27 09:00:00",WN,244,244,0,0,0.5163934426229508,0.0,5.737704918032787
"2025-01-27 09:00:00","2025-01-27 10:00:00",AA,115,115,0,0,3.347826086956522,0.0,8.695652173913043
"2025-01-27 09:00:00","2025-01-27 10:00:00",DL,110,110,0,0,1.990909090909091,0.0,9.090909090909092
"2025-01-27 09:00:00","2025-01-27 10:00:00",UA,136,136,0,0,2.7426470588235294,0.0,7.352941176470588
"2025-01-27 09:00:00","2025-01-27 10:00:00",WN,210,210,0,0,0.023809523809523808,0.0,3.3333333333333335
"2025-01-27 10:00:00","2025-01-27 11:00:00",AA,124,124,0,0,6.379032258064516,0.0,17.741935483870968
"2025-01-27 10:00:00","2025-01-27 11:00:00",DL,150,149,0,1,4.333333333333333,0.0,13.333333333333334
"2025-01-27 10:00:00","2025-01-27 11:00:00",UA,111,111,0,0,0.1981981981981982,0.0,7.207207207207207
"2025-01-27 10:00:00","2025-01-27 11:00:00",WN,180,180,0,0,3.311111111111111,0.0,10.0
"2025-01-27 11:00:00","2025-01-27 12:00:00",AA,149,149,0,0,18.684563758389263,0.0,16.778523489932887
"2025-01-27 11:00:00","2025-01-27 12:00:00",DL,178,178,0,0,3.657303370786517,0.0,9.55056179775281
"2025-01-27 11:00:00","2025-01-27 12:00:00",UA,115,115,0,0,-0.9652173913043478,0.0,5.217391304347826
"2025-01-27 11:00:00","2025-01-27 12:00:00",WN,244,244,0,0,1.901639344262295,0.0,8.19672131147541
"2025-01-27 12:00:00","2025-01-27 13:00:00",AA,124,124,0,0,4.564516129032258,0.0,12.903225806451612
"2025-01-27 12:00:00","2025-01-27 13:00:00",DL,155,155,0,0,-0.36774193548387096,0.0,9.03225806451613
"2025-01-27 12:00:00","2025-01-27 13:00:00",UA,122,122,0,0,5.155737704918033,0.0,10.655737704918034
"2025-01-27 12:00:00","2025-01-27 13:00:00",WN,165,165,0,0,2.303030303030303,0.0,12.121212121212121
"2025-01-27 13:00:00","2025-01-27 14:00:00",AA,127,127,0,0,8.5748031496063,0.0,18.89763779527559
"2025-01-27 13:00:00","2025-01-27 14:00:00",DL,145,145,0,0,2.731034482758621,0.0,10.344827586206897
"2025-01-27 13:00:00","2025-01-27 14:00:00",UA,128,128,0,0,-0.578125,0.0,6.25
"2025-01-27 13:00:00","2025-01-27 14:00:00",WN,235,235,0,0,1.1531914893617021,0.0,8.51063829787234
"2025-01-27 14:00:00","2025-01-27 15:00:00",AA,125,124,0,1,3.104,0.0,15.2
"2025-01-27 14:00:00","2025-01-27 15:00:00",DL,123,123,0,0,0.04065040650406504,0.0,8.130081300813009
"2025-01-27 14:00:00","2025-01-27 15:00:00",UA,109,107,1,1,2.388888888888889,0.9174311926605505,10.185185185185185
"2025-01-27 14:00:00","2025-01-27 15:00:00",WN,195,195,0,0,2.4512820512820515,0.0,11.282051282051283
"2025-01-27 15:00:00","2025-01-27 16:00:00",AA,106,106,0,0,5.452830188679245,0.0,11.320754716981131
"2025-01-27 15:00:00","2025-01-27 16:00:00",DL,166,166,0,0,3.2951807228915664,0.0,10.843373493975903
"2025-01-27 15:00:00","2025-01-27 16:00:00",UA,80,80,0,0,-1.2625,0.0,10.0
"2025-01-27 15:00:00","2025-01-27 16:00:00",WN,209,208,0,1,0.11004784688995216,0.0,6.220095693779904
"2025-01-27 16:00:00","2025-01-27 17:00:00",AA,139,139,0,0,4.266187050359712,0.0,12.949640287769784
"2025-01-27 16:00:00","2025-01-27 17:00:00",DL,129,129,0,0,0.046511627906976744,0.0,7.751937984496124
"2025-01-27 16:00:00","2025-01-27 17:00:00",UA,118,118,0,0,1.576271186440678,0.0,9.322033898305085
"2025-01-27 16:00:00","2025-01-27 17:00:00",WN,203,203,0,0,0.6108374384236454,0.0,8.374384236453203
"2025-01-27 17:00:00","2025-01-27 18:00:00",AA,141,141,0,0,8.836879432624114,0.0,13.47517730496454
"2025-01-27 17:00:00","2025-01-27 18:00:00",DL,152,151,0,1,-0.6710526315789473,0.0,7.894736842105263
"2025-01-27 17:00:00","2025-01-27 18:00:00",UA,123,123,0,0,-0.17886178861788618,0.0,6.504065040650406
"2025-01-27 17:00:00","2025-01-27 18:00:00",WN,178,178,0,0,0.651685393258427,0.0,7.303370786516854
"2025-01-27 18:00:00","2025-01-27 19:00:00",AA,141,141,0,0,10.645390070921986,0.0,17.02127659574468
"2025-01-27 18:00:00","2025-01-27 19:00:00",DL,142,142,0,0,8.366197183098592,0.0,11.267605633802816
"2025-01-27 18:00:00","2025-01-27 19:00:00",UA,134,133,0,1,-2.529850746268657,0.0,3.7313432835820897
"2025-01-27 18:00:00","2025-01-27 19:00:00",WN,254,253,0,1,-0.2047244094488189,0.0,8.26771653543307
"2025-01-27 19:00:00","2025-01-27 20:00:00",AA,110,110,0,0,7.863636363636363,0.0,16.363636363636363
"2025-01-27 19:00:00","2025-01-27 20:00:00",DL,141,141,0,0,-0.5460992907801419,0.0,9.21985815602837
"2025-01-27 19:00:00","2025-01-27 20:00:00",UA,98,98,0,0,-2.142857142857143,0.0,8.16326530612245
"2025-01-27 19:00:00","2025-01-27 20:00:00",WN,116,116,0,0,-0.9137931034482759,0.0,9.482758620689655
"2025-01-27 20:00:00","2025-01-27 21:00:00",AA,73,73,0,0,7.054794520547945,0.0,12.32876712328767
"2025-01-27 20:00:00","2025-01-27 21:00:00",DL,82,82,0,0,0.5609756097560976,0.0,9.75609756097561
"2025-01-27 20:00:00","2025-01-27 21:00:00",UA,76,76,0,0,0.4605263157894737,0.0,9.210526315789474
"2025-01-27 20:00:00","2025-01-27 21:00:00",WN,132,131,0,1,0.5378787878787878,0.0,8.333333333333334
"2025-01-27 21:00:00","2025-01-27 22:00:00",AA,81,81,0,0,5.555555555555555,0.0,17.28395061728395
"2025-01-27 21:00:00","2025-01-27 22:00:00",DL,81,81,0,0,-2.7160493827160495,0.0,6.172839506172839
"2025-01-27 21:00:00","2025-01-27 22:00:00",UA,30,30,0,0,-6.3,0.0,3.3333333333333335
"2025-01-27 21:00:00","2025-01-27 22:00:00",WN,15,15,0,0,1.6,0.0,6.666666666666667
"2025-01-27 22:00:00","2025-01-27 23:00:00",AA,46,46,0,0,3.8043478260869565,0.0,15.217391304347826
"2025-01-27 22:00:00","2025-01-27 23:00:00",DL,75,75,0,0,2.8,0.0,8.0
"2025-01-27 22:00:00","2025-01-27 23:00:00",UA,17,17,0,0,-6.647058823529412,0.0,0.0
"2025-01-27 23:00:00","2025-01-28 00:00:00",AA,21,21,0,0,-1.0476190476190477,0.0,14.285714285714286
"2025-01-27 23:00:00","2025-01-28 00:00:00",DL,25,25,0,0,-7.8,0.0,0.0
"2025-01-27 23:00:00","2025-01-28 00:00:00",UA,28,28,0,0,-1.7142857142857142,0.0,10.714285714285714
"2025-01-28 00:00:00","2025-01-28 01:00:00",AA,4,4,0,0,-2.0,0.0,0.0
"2025-01-28 00:00:00","2025-01-28 01:00:00",DL,1,1,0,0,-5.0,0.0,0.0
"2025-01-28 00:00:00","2025-01-28 01:00:00",UA,3,3,0,0,-7.666666666666667,0.0,0.0
"2025-01-28 01:00:00","2025-01-28 02:00:00",DL,2,2,0,0,-7.5,0.0,0.0
"2025-01-28 01:00:00","2025-01-28 02:00:00",UA,1,1,0,0,-14.0,0.0,0.0
"2025-01-28 02:00:00","2025-01-28 03:00:00",UA,1,1,0,0,-7.0,0.0,0.0
"2025-01-28 05:00:00","2025-01-28 06:00:00",AA,73,73,0,0,-5.712328767123288,0.0,1.36986301369863
"2025-01-28 05:00:00","2025-01-28 06:00:00",DL,59,59,0,0,-5.8474576271186445,0.0,5.084745762711864
"2025-01-28 05:00:00","2025-01-28 06:00:00",UA,21,21,0,0,1.8095238095238095,0.0,9.523809523809524
"2025-01-28 05:00:00","2025-01-28 06:00:00",WN,22,22,0,0,-4.681818181818182,0.0,0.0
"2025-01-28 06:00:00","2025-01-28 07:00:00",AA,165,165,0,0,-2.4424242424242424,0.0,4.848484848484849
"2025-01-28 06:00:00","2025-01-28 07:00:00",DL,176,176,0,0,-3.335227272727273,0.0,3.977272727272727
"2025-01-28 06:00:00","2025-01-28 07:00:00",UA,108,108,0,0,0.28703703703703703,0.0,8.333333333333334
"2025-01-28 06:00:00","2025-01-28 07:00:00",WN,213,213,0,0,-4.511737089201878,0.0,1.408450704225352
"2025-01-28 07:00:00","2025-01-28 08:00:00",AA,155,155,0,0,-4.483870967741935,0.0,3.870967741935484
"2025-01-28 07:00:00","2025-01-28 08:00:00",DL,206,206,0,0,-0.0048543689320388345,0.0,6.310679611650485
"2025-01-28 07:00:00","2025-01-28 08:00:00",UA,143,143,0,0,0.5244755244755245,0.0,5.594405594405594
"2025-01-28 07:00:00","2025-01-28 08:00:00",WN,179,178,1,0,-4.786516853932584,0.5586592178770949,0.5617977528089888
"2025-01-28 08:00:00","2025-01-28 09:00:00",AA,182,182,0,0,-2.28021978021978,0.0,6.043956043956044
"2025-01-28 08:00:00","2025-01-28 09:00:00",DL,171,170,0,1,5.356725146198831,0.0,9.35672514619883
"2025-01-28 08:00:00","2025-01-28 09:00:00",UA,173,173,0,0,0.48554913294797686,0.0,5.780346820809249
"2025-01-28 08:00:00","2025-01-28 09:00:00",WN,244,244,0,0,-1.8073770491803278,0.0,4.508196721311475
"2025-01-28 09:00:00","2025-01-28 10:00:00",AA,125,124,0,1,2.616,0.0,8.8
"2025-01-28 09:00:00","2025-01-28 10:00:00",DL,116,116,0,0,2.706896551724138,0.0,10.344827586206897
"2025-01-28 09:00:00","2025-01-28 10:00:00",UA,132,131,0,1,-0.9166666666666666,0.0,7.575757575757576
"2025-01-28 09:00:00","2025-01-28 10:00:00",WN,226,226,0,0,-2.7123893805309733,0.0,3.0973451327433628
"2025-01-28 10:00:00","2025-01-28 11:00:00",AA,129,129,0,0,26.852713178294575,0.0,10.852713178294573
"2025-01-28 10:00:00","2025-01-28 11:00:00",DL,145,145,0,0,5.917241379310345,0.0,16.551724137931036
"2025-01-28 10:00:00","2025-01-28 11:00:00",UA,109,109,0,0,-1.5045871559633028,0.0,7.339449541284404
"2025-01-28 10:00:00","2025-01-28 11:00:00",WN,199,199,0,0,-1.5577889447236182,0.0,4.522613065326633
"2025-01-28 11:00:00","2025-01-28 12:00:00",AA,122,122,0,0,-2.4754098360655736,0.0,3.278688524590164
"2025-01-28 11:00:00","2025-01-28 12:00:00",DL,162,162,0,0,1.2345679012345678,0.0,11.11111111111111
"2025-01-28 11:00:00","2025-01-28 12:00:00",UA,106,106,0,0,-1.2735849056603774,0.0,8.49056603773585
"2025-01-28 11:00:00","2025-01-28 12:00:00",WN,244,244,0,0,-2.8688524590163933,0.0,2.8688524590163933
"2025-01-28 12:00:00","2025-01-28 13:00:00",AA,114,114,0,0,2.3947368421052633,0.0,10.526315789473685
"2025-01-28 12:00:00","2025-01-28 13:00:00",DL,145,145,0,0,2.296551724137931,0.0,11.724137931034482
"2025-01-28 12:00:00","2025-01-28 13:00:00",UA,121,120,0,1,-3.7107438016528924,0.0,3.3057851239669422
"2025-01-28 12:00:00","2025-01-28 13:00:00",WN,164,164,0,0,-2.3658536585365852,0.0,3.658536585365854
"2025-01-28 13:00:00","2025-01-28 14:00:00",AA,122,122,0,0,-0.8278688524590164,0.0,8.19672131147541
"2025-01-28 13:00:00","2025-01-28 14:00:00",DL,131,131,0,0,2.0,0.0,11.450381679389313
"2025-01-28 13:00:00","2025-01-28 14:00:00",UA,122,121,1,0,0.7851239669421488,0.819672131147541,7.43801652892562
"2025-01-28 13:00:00","2025-01-28 14:00:00",WN,240,238,0,2,-1.6791666666666667,0.0,5.416666666666667
"2025-01-28 14:00:00","2025-01-28 15:00:00",AA,112,112,0,0,1.4196428571428572,0.0,9.821428571428571
"2025-01-28 14:00:00","2025-01-28 15:00:00",DL,103,103,0,0,-1.029126213592233,0.0,7.766990291262136
"2025-01-28 14:00:00","2025-01-28 15:00:00",UA,100,99,1,0,-3.9494949494949494,1.0,5.05050505050505
"2025-01-28 14:00:00","2025-01-28 15:00:00",WN,196,196,0,0,-3.372448979591837,0.0,3.5714285714285716
"2025-01-28 15:00:00","2025-01-28 16:00:00",AA,104,104,0,0,-1.9134615384615385,0.0,5.769230769230769
"2025-01-28 15:00:00","2025-01-28 16:00:00",DL,157,156,0,1,-0.6624203821656051,0.0,8.280254777070065
"2025-01-28 15:00:00","2025-01-28 16:00:00",UA,71,71,0,0,-2.436619718309859,0.0,8.450704225352112
"2025-01-28 15:00:00","2025-01-28 16:00:00",WN,205,205,0,0,-3.1414634146341465,0.0,3.4146341463414633
"2025-01-28 16:00:00","2025-01-28 17:00:00",AA,123,123,0,0,-1.7073170731707317,0.0,4.878048780487805
"2025-01-28 16:00:00","2025-01-28 17:00:00",DL,113,113,0,0,-1.3628318584070795,0.0,7.964601769911504
"2025-01-28 16:00:00","2025-01-28 17:00:00",UA,114,114,0,0,-2.8596491228070176,0.0,5.2631578947368425
"2025-01-28 16:00:00","2025-01-28 17:00:00",WN,207,207,0,0,-1.2318840579710144,0.0,6.763285024154589
"2025-01-28 17:00:00","2025-01-28 18:00:00",AA,134,134,0,0,-0.7985074626865671,0.0,8.208955223880597
"2025-01-28 17:00:00","2025-01-28 18:00:00",DL,155,155,0,0,-3.4387096774193546,0.0,5.806451612903226
"2025-01-28 17:00:00","2025-01-28 18:00:00",UA,126,126,0,0,0.8809523809523809,0.0,7.936507936507937
"2025-01-28 17:00:00","2025-01-28 18:00:00",WN,184,184,0,0,-2.217391304347826,0.0,7.065217391304348
"2025-01-28 18:00:00","2025-01-28 19:00:00",AA,137,137,0,0,10.496350364963504,0.0,10.218978102189782
"2025-01-28 18:00:00","2025-01-28 19:00:00",DL,137,137,0,0,-3.1751824817518246,0.0,5.109489051094891
"2025-01-28 18:00:00","2025-01-28 19:00:00",UA,117,117,0,0,-0.24786324786324787,0.0,8.547008547008547
"2025-01-28 18:00:00","2025-01-28 19:00:00",WN,259,259,0,0,-3.5714285714285716,0.0,1.9305019305019304
"2025-01-28 19:00:00","2025-01-28 20:00:00",AA,86,86,0,0,10.69767441860465,0.0,15.116279069767442
"2025-01-28 19:00:00","2025-01-28 20:00:00",DL,95,95,0,0,-5.105263157894737,0.0,6.315789473684211
"2025-01-28 19:00:00","2025-01-28 20:00:00",UA,79,79,0,0,-2.1139240506329116,0.0,7.594936708860759
"2025-01-28 19:00:00","2025-01-28 20:00:00",WN,110,110,0,0,-2.0636363636363635,0.0,7.2727272727272725
"2025-01-28 20:00:00","2025-01-28 21:00:00",AA,67,67,0,0,8.074626865671641,0.0,7.462686567164179
"2025-01-28 20:00:00","2025-01-28 21:00:00",DL,59,59,0,0,0.23728813559322035,0.0,10.169491525423728
"2025-01-28 20:00:00","2025-01-28 21:00:00",UA,72,72,0,0,-4.319444444444445,0.0,4.166666666666667
"2025-01-28 20:00:00","2025-01-28 21:00:00",WN,148,148,0,0,-4.668918918918919,0.0,1.3513513513513513
"2025-01-28 21:00:00","2025-01-28 22:00:00",AA,76,76,0,0,2.960526315789474,0.0,15.789473684210526
"2025-01-28 21:00:00","2025-01-28 22:00:00",DL,63,63,0,0,-1.5714285714285714,0.0,11.11111111111111
"2025-01-28 21:00:00","2025-01-28 22:00:00",UA,23,23,0,0,-1.7391304347826086,0.0,4.3478260869565215
"2025-01-28 21:00:00","2025-01-28 22:00:00",WN,15,15,0,0,8.266666666666667,0.0,26.666666666666668
"2025-01-28 22:00:00","2025-01-28 23:00:00",AA,51,51,0,0,-6.254901960784314,0.0,1.9607843137254901
"2025-01-28 22:00:00","2025-01-28 23:00:00",DL,70,70,0,0,-4.942857142857143,0.0,2.857142857142857
"2025-01-28 22:00:00","2025-01-28 23:00:00",UA,16,16,0,0,5.9375,0.0,18.75
"2025-01-28 23:00:00","2025-01-29 00:00:00",AA,19,19,0,0,2.8947368421052633,0.0,21.05263157894737
"2025-01-28 23:00:00","2025-01-29 00:00:00",DL,18,18,0,0,-7.333333333333333,0.0,0.0
"2025-01-28 23:00:00","2025-01-29 00:00:00",UA,23,23,0,0,-2.0434782608695654,0.0,13.043478260869565
"2025-01-29 00:00:00","2025-01-29 01:00:00",AA,5,5,0,0,-3.8,0.0,0.0
"2025-01-29 00:00:00","2025-01-29 01:00:00",DL,1,1,0,0,-10.0,0.0,0.0
"2025-01-29 00:00:00","2025-01-29 01:00:00",UA,3,3,0,0,-3.6666666666666665,0.0,0.0
"2025-01-29 01:00:00","2025-01-29 02:00:00",DL,2,2,0,0,1.0,0.0,0.0
"2025-01-29 01:00:00","2025-01-29 02:00:00",UA,1,1,0,0,4.0,0.0,0.0
"2025-01-29 02:00:00","2025-01-29 03:00:00",UA,1,1,0,0,-9.0,0.0,0.0
"2025-01-29 05:00:00","2025-01-29 06:00:00",AA,78,78,0,0,-3.230769230769231,0.0,7.6923076923076925
"2025-01-29 05:00:00","2025-01-29 06:00:00",DL,63,63,0,0,-1.253968253968254,0.0,7.936507936507937
"2025-01-29 05:00:00","2025-01-29 06:00:00",UA,25,25,0,0,1.4,0.0,8.0
"2025-01-29 05:00:00","2025-01-29 06:00:00",WN,29,29,0,0,-4.379310344827586,0.0,0.0
"2025-01-29 06:00:00","2025-01-29 07:00:00",AA,168,168,0,0,4.636904761904762,0.0,7.142857142857143
"2025-01-29 06:00:00","2025-01-29 07:00:00",DL,175,174,0,1,-4.622857142857143,0.0,4.0
"2025-01-29 06:00:00","2025-01-29 07:00:00",UA,106,106,0,0,-1.830188679245283,0.0,7.547169811320755
"2025-01-29 06:00:00","2025-01-29 07:00:00",WN,218,217,1,0,-4.170506912442396,0.45871559633027525,0.9216589861751152
"2025-01-29 07:00:00","2025-01-29 08:00:00",AA,144,143,1,0,2.937062937062937,0.6944444444444444,6.993006993006993
"2025-01-29 07:00:00","2025-01-29 08:00:00",DL,196,195,0,1,-2.7091836734693877,0.0,4.591836734693878
"2025-01-29 07:00:00","2025-01-29 08:00:00",UA,139,138,0,1,-1.5107913669064748,0.0,5.0359712230215825
"2025-01-29 07:00:00","2025-01-29 08:00:00",WN,171,169,0,2,-2.543859649122807,0.0,2.3391812865497075
"2025-01-29 08:00:00","2025-01-29 09:00:00",AA,183,182,1,0,1.0879120879120878,0.546448087431694,4.945054945054945
"2025-01-29 08:00:00","2025-01-29 09:00:00",DL,174,173,0,1,-2.6724137931034484,0.0,6.896551724137931
"2025-01-29 08:00:00","2025-01-29 09:00:00",UA,175,175,0,0,-2.702857142857143,0.0,4.571428571428571
"2025-01-29 08:00:00","2025-01-29 09:00:00",WN,244,244,0,0,-2.557377049180328,0.0,3.278688524590164
"2025-01-29 09:00:00","2025-01-29 10:00:00",AA,120,120,0,0,-1.0083333333333333,0.0,7.5
"2025-01-29 09:00:00","2025-01-29 10:00:00",DL,111,111,0,0,3.774774774774775,0.0,9.00900900900901
"2025-01-29 09:00:00","2025-01-29 10:00:00",UA,132,132,0,0,0.5681818181818182,0.0,6.818181818181818
"2025-01-29 09:00:00","2025-01-29 10:00:00",WN,222,222,0,0,-2.09009009009009,0.0,2.7027027027027026
"2025-01-29 10:00:00","2025-01-29 11:00:00",AA,117,117,0,0,3.5982905982905984,0.0,10.256410256410257
"2025-01-29 10:00:00","2025-01-29 11:00:00",DL,136,135,1,0,1.0518518518518518,0.7352941176470589,6.666666666666667
"2025-01-29 10:00:00","2025-01-29 11:00:00",UA,95,95,0,0,0.8210526315789474,0.0,11.578947368421053
"2025-01-29 10:00:00","2025-01-29 11:00:00",WN,173,173,0,0,-1.2196531791907514,0.0,3.468208092485549
"2025-01-29 11:00:00","2025-01-29 12:00:00",AA,137,136,1,0,1.9779411764705883,0.7299270072992701,9.558823529411764
"2025-01-29 11:00:00","2025-01-29 12:00:00",DL,168,168,0,0,-1.8928571428571428,0.0,6.5476190476190474
"2025-01-29 11:00:00","2025-01-29 12:00:00",UA,106,106,0,0,-0.7358490566037735,0.0,6.60377358490566
"2025-01-29 11:00:00","2025-01-29 12:00:00",WN,251,251,0,0,0.3466135458167331,0.0,5.9760956175298805
"2025-01-29 12:00:00","2025-01-29 13:00:00",AA,126,126,0,0,2.126984126984127,0.0,10.317460317460318
"2025-01-29 12:00:00","2025-01-29 13:00:00",DL,149,149,0,0,-0.785234899328859,0.0,8.053691275167786
"2025-01-29 12:00:00","2025-01-29 13:00:00",UA,119,119,0,0,1.7142857142857142,0.0,12.605042016806722
"2025-01-29 12:00:00","2025-01-29 13:00:00",WN,169,169,0,0,-0.1893491124260355,0.0,5.325443786982248
"2025-01-29 13:00:00","2025-01-29 14:00:00",AA,110,110,0,0,1.9181818181818182,0.0,7.2727272727272725
"2025-01-29 13:00:00","2025-01-29 14:00:00",DL,132,132,0,0,-0.5833333333333334,0.0,6.818181818181818
"2025-01-29 13:00:00","2025-01-29 14:00:00",UA,123,123,0,0,6.186991869918699,0.0,12.195121951219512
"2025-01-29 13:00:00","2025-01-29 14:00:00",WN,231,231,0,0,-0.9307359307359307,0.0,4.329004329004329
"2025-01-29 14:00:00","2025-01-29 15:00:00",AA,131,129,0,2,0.5038167938931297,0.0,8.396946564885496
"2025-01-29 14:00:00","2025-01-29 15:00:00",DL,118,118,0,0,-2.5084745762711864,0.0,7.627118644067797
"2025-01-29 14:00:00","2025-01-29 15:00:00",UA,115,115,0,0,3.0,0.0,13.91304347826087
"2025-01-29 14:00:00","2025-01-29 15:00:00",WN,212,212,0,0,-1.2452830188679245,0.0,4.716981132075472
"2025-01-29 15:00:00","2025-01-29 16:00:00",AA,105,104,0,1,4.619047619047619,0.0,12.380952380952381
"2025-01-29 15:00:00","2025-01-29 16:00:00",DL,142,142,0,0,2.880281690140845,0.0,10.56338028169014
"2025-01-29 15:00:00","2025-01-29 16:00:00",UA,73,73,0,0,1.4246575342465753,0.0,13.698630136986301
"2025-01-29 15:00:00","2025-01-29 16:00:00",WN,206,205,0,1,-2.9514563106796117,0.0,1.4563106796116505
"2025-01-29 16:00:00","2025-01-29 17:00:00",AA,122,117,2,3,1.2916666666666667,1.639344262295082,10.833333333333334
"2025-01-29 16:00:00","2025-01-29 17:00:00",DL,105,105,0,0,3.1714285714285713,0.0,9.523809523809524
"2025-01-29 16:00:00","2025-01-29 17:00:00",UA,112,112,0,0,-2.4017857142857144,0.0,6.25
"2025-01-29 16:00:00","2025-01-29 17:00:00",WN,198,198,0,0,-0.8636363636363636,0.0,7.070707070707071
"2025-01-29 17:00:00","2025-01-29 18:00:00",AA,151,146,1,4,4.1866666666666665,0.6622516556291391,11.333333333333334
"2025-01-29 17:00:00","2025-01-29 18:00:00",DL,163,162,0,1,4.515337423312883,0.0,7.975460122699387
"2025-01-29 17:00:00","2025-01-29 18:00:00",UA,137,137,0,0,3.0291970802919708,0.0,10.94890510948905
"2025-01-29 17:00:00","2025-01-29 18:00:00",WN,193,193,0,0,1.2590673575129534,0.0,6.7357512953367875
"2025-01-29 18:00:00","2025-01-29 19:00:00",AA,134,125,3,6,16.46564885496183,2.2388059701492535,13.740458015267176
"2025-01-29 18:00:00","2025-01-29 19:00:00",DL,137,135,0,2,0.16058394160583941,0.0,8.75912408759124
"2025-01-29 18:00:00","2025-01-29 19:00:00",UA,125,124,0,1,-2.808,0.0,4.8
"2025-01-29 18:00:00","2025-01-29 19:00:00",WN,258,256,0,2,-0.4728682170542636,0.0,6.976744186046512
"2025-01-29 19:00:00","2025-01-29 20:00:00",AA,99,86,7,6,24.815217391304348,7.070707070707071,25.0
"2025-01-29 19:00:00","2025-01-29 20:00:00",DL,95,92,0,3,9.947368421052632,0.0,12.631578947368421
"2025-01-29 19:00:00","2025-01-29 20:00:00",UA,86,86,0,0,0.9418604651162791,0.0,8.13953488372093
"2025-01-29 19:00:00","2025-01-29 20:00:00",WN,111,107,2,2,-0.47706422018348627,1.8018018018018018,8.256880733944953
"2025-01-29 20:00:00","2025-01-29 21:00:00",AA,71,66,5,0,10.515151515151516,7.042253521126761,19.696969696969695
"2025-01-29 20:00:00","2025-01-29 21:00:00",DL,62,58,3,1,0.8305084745762712,4.838709677419355,11.864406779661017
"2025-01-29 20:00:00","2025-01-29 21:00:00",UA,75,75,0,0,2.4133333333333336,0.0,8.0
"2025-01-29 20:00:00","2025-01-29 21:00:00",WN,144,139,3,2,1.297872340425532,2.0833333333333335,10.638297872340425
"2025-01-29 21:00:00","2025-01-29 22:00:00",AA,78,58,20,0,34.706896551724135,25.641025641025642,43.10344827586207
"2025-01-29 21:00:00","2025-01-29 22:00:00",DL,66,64,1,1,16.876923076923077,1.5151515151515151,12.307692307692308
"2025-01-29 21:00:00","2025-01-29 22:00:00",UA,27,26,0,1,1.2222222222222223,0.0,11.11111111111111
"2025-01-29 21:00:00","2025-01-29 22:00:00",WN,14,13,1,0,7.153846153846154,7.142857142857143,15.384615384615385
"2025-01-29 22:00:00","2025-01-29 23:00:00",AA,48,43,5,0,5.511627906976744,10.416666666666666,16.27906976744186
"2025-01-29 22:00:00","2025-01-29 23:00:00",DL,66,66,0,0,-1.4393939393939394,0.0,6.0606060606060606
"2025-01-29 22:00:00","2025-01-29 23:00:00",UA,24,24,0,0,-5.875,0.0,0.0
"2025-01-29 23:00:00","2025-01-30 00:00:00",AA,20,18,2,0,0.5,10.0,5.555555555555555
"2025-01-29 23:00:00","2025-01-30 00:00:00",DL,20,20,0,0,-1.4,0.0,5.0
"2025-01-29 23:00:00","2025-01-30 00:00:00",UA,26,26,0,0,-5.115384615384615,0.0,7.6923076923076925
"2025-01-30 00:00:00","2025-01-30 01:00:00",AA,7,6,1,0,0.6666666666666666,14.285714285714286,16.666666666666668
"2025-01-30 00:00:00","2025-01-30 01:00:00",DL,1,1,0,0,-9.0,0.0,0.0
"2025-01-30 00:00:00","2025-01-30 01:00:00",UA,3,3,0,0,-3.0,0.0,0.0
"2025-01-30 01:00:00","2025-01-30 02:00:00",DL,2,2,0,0,31.0,0.0,50.0
"2025-01-30 01:00:00","2025-01-30 02:00:00",UA,1,1,0,0,-9.0,0.0,0.0
"2025-01-30 02:00:00","2025-01-30 03:00:00",UA,1,1,0,0,3.0,0.0,0.0
"2025-01-30 05:00:00","2025-01-30 06:00:00",AA,94,67,27,0,42.97014925373134,28.72340425531915,13.432835820895523
"2025-01-30 05:00:00","2025-01-30 06:00:00",DL,55,55,0,0,3.981818181818182,0.0,3.6363636363636362
"2025-01-30 05:00:00","2025-01-30 06:00:00",UA,25,25,0,0,-5.2,0.0,4.0
"2025-01-30 05:00:00","2025-01-30 06:00:00",WN,23,23,0,0,2.3043478260869565,0.0,4.3478260869565215
"2025-01-30 06:00:00","2025-01-30 07:00:00",AA,171,153,18,0,8.65359477124183,10.526315789473685,5.882352941176471
"2025-01-30 06:00:00","2025-01-30 07:00:00",DL,177,173,4,0,-0.6820809248554913,2.2598870056497176,6.358381502890174
"2025-01-30 06:00:00","2025-01-30 07:00:00",UA,113,110,3,0,-4.781818181818182,2.6548672566371683,3.6363636363636362
"2025-01-30 06:00:00","2025-01-30 07:00:00",WN,218,210,8,0,-0.3047619047619048,3.669724770642202,1.9047619047619047
"2025-01-30 07:00:00","2025-01-30 08:00:00",AA,201,173,28,0,5.3526011560693645,13.930348258706468,8.670520231213873
"2025-01-30 07:00:00","2025-01-30 08:00:00",DL,215,210,3,2,3.44811320754717,1.3953488372093024,5.660377358490566
"2025-01-30 07:00:00","2025-01-30 08:00:00",UA,165,164,1,0,-3.0548780487804876,0.6060606060606061,2.4390243902439024
"2025-01-30 07:00:00","2025-01-30 08:00:00",WN,173,165,4,4,-0.30177514792899407,2.3121387283236996,4.1420118343195265
"2025-01-30 08:00:00","2025-01-30 09:00:00",AA,182,153,28,1,9.7012987012987,15.384615384615385,7.792207792207792
"2025-01-30 08:00:00","2025-01-30 09:00:00",DL,167,165,0,2,3.125748502994012,0.0,6.586826347305389
"2025-01-30 08:00:00","2025-01-30 09:00:00",UA,174,172,2,0,-1.7325581395348837,1.1494252873563218,5.813953488372093
"2025-01-30 08:00:00","2025-01-30 09:00:00",WN,234,231,3,0,0.09956709956709957,1.2820512820512822,7.792207792207792
"2025-01-30 09:00:00","2025-01-30 10:00:00",AA,121,110,11,0,17.936363636363637,9.090909090909092,13.636363636363637
"2025-01-30 09:00:00","2025-01-30 10:00:00",DL,111,109,2,0,2.3944954128440368,1.8018018018018018,7.339449541284404
"2025-01-30 09:00:00","2025-01-30 10:00:00",UA,131,130,0,1,3.2213740458015265,0.0,14.50381679389313
"2025-01-30 09:00:00","2025-01-30 10:00:00",WN,219,216,1,2,3.408256880733945,0.45662100456621,8.715596330275229
"2025-01-30 10:00:00","2025-01-30 11:00:00",AA,132,121,11,0,13.685950413223141,8.333333333333334,22.31404958677686
"2025-01-30 10:00:00","2025-01-30 11:00:00",DL,150,149,0,1,0.35333333333333333,0.0,8.0
"2025-01-30 10:00:00","2025-01-30 11:00:00",UA,111,111,0,0,3.3333333333333335,0.0,7.207207207207207
"2025-01-30 10:00:00","2025-01-30 11:00:00",WN,187,185,2,0,4.7405405405405405,1.0695187165775402,12.432432432432432
"2025-01-30 11:00:00","2025-01-30 12:00:00",AA,142,132,9,1,14.135338345864662,6.338028169014085,21.804511278195488
"2025-01-30 11:00:00","2025-01-30 12:00:00",DL,169,169,0,0,4.745562130177515,0.0,10.650887573964496
"2025-01-30 11:00:00","2025-01-30 12:00:00",UA,111,110,1,0,0.5454545454545454,0.9009009009009009,8.181818181818182
"2025-01-30 11:00:00","2025-01-30 12:00:00",WN,236,230,5,1,3.7316017316017316,2.1186440677966103,11.688311688311689
"2025-01-30 12:00:00","2025-01-30 13:00:00",AA,118,114,4,0,13.289473684210526,3.389830508474576,23.68421052631579
"2025-01-30 12:00:00","2025-01-30 13:00:00",DL,158,156,2,0,7.115384615384615,1.2658227848101267,17.94871794871795
"2025-01-30 12:00:00","2025-01-30 13:00:00",UA,119,119,0,0,6.588235294117647,0.0,15.126050420168067
"2025-01-30 12:00:00","2025-01-30 13:00:00",WN,162,160,1,1,5.6770186335403725,0.6172839506172839,10.559006211180124
"2025-01-30 13:00:00","2025-01-30 14:00:00",AA,129,123,6,0,14.861788617886178,4.651162790697675,23.577235772357724
"2025-01-30 13:00:00","2025-01-30 14:00:00",DL,128,127,0,1,8.9296875,0.0,12.5
"2025-01-30 13:00:00","2025-01-30 14:00:00",UA,121,120,0,1,5.198347107438017,0.0,16.52892561983471
"2025-01-30 13:00:00","2025-01-30 14:00:00",WN,220,217,3,0,4.797235023041475,1.3636363636363635,10.599078341013826
"2025-01-30 14:00:00","2025-01-30 15:00:00",AA,152,150,2,0,9.56,1.3157894736842106,22.0
"2025-01-30 14:00:00","2025-01-30 15:00:00",DL,130,128,1,1,1.5968992248062015,0.7692307692307693,10.852713178294573
"2025-01-30 14:00:00","2025-01-30 15:00:00",UA,115,115,0,0,7.321739130434783,0.0,13.91304347826087
"2025-01-30 14:00:00","2025-01-30 15:00:00",WN,216,212,4,0,6.778301886792453,1.8518518518518519,16.037735849056602
"2025-01-30 15:00:00","2025-01-30 16:00:00",AA,112,108,4,0,15.212962962962964,3.5714285714285716,26.85185185185185
"2025-01-30 15:00:00","2025-01-30 16:00:00",DL,178,175,3,0,5.668571428571428,1.6853932584269662,15.428571428571429
"2025-01-30 15:00:00","2025-01-30 16:00:00",UA,89,89,0,0,2.752808988764045,0.0,13.48314606741573
"2025-01-30 15:00:00","2025-01-30 16:00:00",WN,219,216,3,0,5.356481481481482,1.36986301369863,14.351851851851851
"2025-01-30 16:00:00","2025-01-30 17:00:00",AA,134,131,3,0,25.51145038167939,2.2388059701492535,28.244274809160306
"2025-01-30 16:00:00","2025-01-30 17:00:00",DL,109,109,0,0,3.81651376146789,0.0,13.761467889908257
"2025-01-30 16:00:00","2025-01-30 17:00:00",UA,117,115,0,2,9.871794871794872,0.0,18.803418803418804
"2025-01-30 16:00:00","2025-01-30 17:00:00",WN,188,184,4,0,7.043478260869565,2.127659574468085,15.76086956521739
"2025-01-30 17:00:00","2025-01-30 18:00:00",AA,153,151,2,0,20.033112582781456,1.3071895424836601,30.4635761589404
"2025-01-30 17:00:00","2025-01-30 18:00:00",DL,159,156,3,0,0.6410256410256411,1.8867924528301887,12.179487179487179
"2025-01-30 17:00:00","2025-01-30 18:00:00",UA,133,131,2,0,9.213740458015268,1.5037593984962405,13.740458015267176
"2025-01-30 17:00:00","2025-01-30 18:00:00",WN,179,176,3,0,8.301136363636363,1.675977653631285,22.15909090909091
"2025-01-30 18:00:00","2025-01-30 19:00:00",AA,159,159,0,0,12.968553459119496,0.0,25.78616352201258
"2025-01-30 18:00:00","2025-01-30 19:00:00",DL,154,154,0,0,18.564935064935064,0.0,14.935064935064934
"2025-01-30 18:00:00","2025-01-30 19:00:00",UA,137,136,0,1,4.423357664233577,0.0,12.408759124087592
"2025-01-30 18:00:00","2025-01-30 19:00:00",WN,262,260,2,0,5.880769230769231,0.7633587786259542,13.076923076923077
"2025-01-30 19:00:00","2025-01-30 20:00:00",AA,138,138,0,0,12.065217391304348,0.0,31.884057971014492
"2025-01-30 19:00:00","2025-01-30 20:00:00",DL,124,124,0,0,3.1451612903225805,0.0,12.903225806451612
"2025-01-30 19:00:00","2025-01-30 20:00:00",UA,93,93,0,0,1.4946236559139785,0.0,7.526881720430108
"2025-01-30 19:00:00","2025-01-30 20:00:00",WN,107,100,6,1,2.3069306930693068,5.607476635514018,9.900990099009901
"2025-01-30 20:00:00","2025-01-30 21:00:00",AA,101,100,1,0,14.71,0.9900990099009901,26.0
"2025-01-30 20:00:00","2025-01-30 21:00:00",DL,79,79,0,0,1.3924050632911393,0.0,10.126582278481013
"2025-01-30 20:00:00","2025-01-30 21:00:00",UA,67,67,0,0,6.358208955223881,0.0,17.91044776119403
"2025-01-30 20:00:00","2025-01-30 21:00:00",WN,149,147,2,0,4.496598639455782,1.342281879194631,17.006802721088434
"2025-01-30 21:00:00","2025-01-30 22:00:00",AA,78,75,1,2,9.454545454545455,1.2820512820512822,20.77922077922078
"2025-01-30 21:00:00","2025-01-30 22:00:00",DL,78,74,4,0,4.702702702702703,5.128205128205129,9.45945945945946
"2025-01-30 21:00:00","2025-01-30 22:00:00",UA,31,30,1,0,6.833333333333333,3.225806451612903,20.0
"2025-01-30 21:00:00","2025-01-30 22:00:00",WN,15,15,0,0,9.333333333333334,0.0,26.666666666666668
"2025-01-30 22:00:00","2025-01-30 23:00:00",AA,76,75,1,0,12.76,1.3157894736842106,21.333333333333332
"2025-01-30 22:00:00","2025-01-30 23:00:00",DL,77,76,1,0,0.5921052631578947,1.2987012987012987,11.842105263157896
"2025-01-30 22:00:00","2025-01-30 23:00:00",UA,24,23,1,0,-1.3478260869565217,4.166666666666667,8.695652173913043
"2025-01-30 23:00:00","2025-01-31 00:00:00",AA,24,24,0,0,0.25,0.0,8.333333333333334
"2025-01-30 23:00:00","2025-01-31 00:00:00",DL,25,24,1,0,36.083333333333336,4.0,8.333333333333334
"2025-01-30 23:00:00","2025-01-31 00:00:00",UA,29,29,0,0,2.2758620689655173,0.0,6.896551724137931
"2025-01-31 00:00:00","2025-01-31 01:00:00",AA,8,8,0,0,-0.75,0.0,0.0
"2025-01-31 00:00:00","2025-01-31 01:00:00",DL,1,1,0,0,-15.0,0.0,0.0
"2025-01-31 00:00:00","2025-01-31 01:00:00",UA,3,3,0,0,-8.666666666666666,0.0,0.0
"2025-01-31 01:00:00","2025-01-31 02:00:00",AA,1,1,0,0,13.0,0.0,0.0
"2025-01-31 01:00:00","2025-01-31 02:00:00",DL,2,2,0,0,-4.5,0.0,0.0
"2025-01-31 01:00:00","2025-01-31 02:00:00",UA,1,1,0,0,-14.0,0.0,0.0
"2025-01-31 02:00:00","2025-01-31 03:00:00",UA,1,1,0,0,-14.0,0.0,0.0
"2025-01-31 05:00:00","2025-01-31 06:00:00",AA,96,96,0,0,5.989583333333333,0.0,8.333333333333334
"2025-01-31 05:00:00","2025-01-31 06:00:00",DL,61,61,0,0,-0.819672131147541,0.0,4.918032786885246
"2025-01-31 05:00:00","2025-01-31 06:00:00",UA,25,25,0,0,13.28,0.0,12.0
"2025-01-31 05:00:00","2025-01-31 06:00:00",WN,27,26,0,1,4.555555555555555,0.0,7.407407407407407
"2025-01-31 06:00:00","2025-01-31 07:00:00",AA,167,167,0,0,9.431137724550899,0.0,11.976047904191617
"2025-01-31 06:00:00","2025-01-31 07:00:00",DL,174,174,0,0,0.8620689655172413,0.0,8.620689655172415
"2025-01-31 06:00:00","2025-01-31 07:00:00",UA,109,109,0,0,-1.4587155963302751,0.0,3.669724770642202
"2025-01-31 06:00:00","2025-01-31 07:00:00",WN,197,193,3,1,4.84020618556701,1.5228426395939085,9.793814432989691
"2025-01-31 07:00:00","2025-01-31 08:00:00",AA,192,192,0,0,1.203125,0.0,5.729166666666667
"2025-01-31 07:00:00","2025-01-31 08:00:00",DL,212,212,0,0,6.495283018867925,0.0,10.377358490566039
"2025-01-31 07:00:00","2025-01-31 08:00:00",UA,158,157,1,0,-2.56687898089172,0.6329113924050633,5.095541401273885
"2025-01-31 07:00:00","2025-01-31 08:00:00",WN,180,180,0,0,4.144444444444445,0.0,11.11111111111111
"2025-01-31 08:00:00","2025-01-31 09:00:00",AA,188,188,0,0,2.9680851063829787,0.0,9.574468085106384
"2025-01-31 08:00:00","2025-01-31 09:00:00",DL,167,167,0,0,8.425149700598803,0.0,10.778443113772456
"2025-01-31 08:00:00","2025-01-31 09:00:00",UA,175,173,2,0,0.5895953757225434,1.1428571428571428,3.468208092485549
"2025-01-31 08:00:00","2025-01-31 09:00:00",WN,236,232,4,0,4.237068965517241,1.694915254237288,10.344827586206897
"2025-01-31 09:00:00","2025-01-31 10:00:00",AA,125,125,0,0,4.392,0.0,12.0
"2025-01-31 09:00:00","2025-01-31 10:00:00",DL,114,114,0,0,2.763157894736842,0.0,8.771929824561404
"2025-01-31 09:00:00","2025-01-31 10:00:00",UA,151,151,0,0,3.6953642384105962,0.0,11.920529801324504
"2025-01-31 09:00:00","2025-01-31 10:00:00",WN,224,223,1,0,1.6905829596412556,0.44642857142857145,6.726457399103139
"2025-01-31 10:00:00","2025-01-31 11:00:00",AA,131,131,0,0,1.6259541984732824,0.0,6.106870229007634
"2025-01-31 10:00:00","2025-01-31 11:00:00",DL,150,149,1,0,1.3355704697986577,0.6666666666666666,9.395973154362416
"2025-01-31 10:00:00","2025-01-31 11:00:00",UA,111,111,0,0,5.738738738738738,0.0,16.216216216216218
"2025-01-31 10:00:00","2025-01-31 11:00:00",WN,194,193,1,0,5.170984455958549,0.5154639175257731,14.507772020725389
"2025-01-31 11:00:00","2025-01-31 12:00:00",AA,148,148,0,0,13.986486486486486,0.0,16.216216216216218
"2025-01-31 11:00:00","2025-01-31 12:00:00",DL,180,180,0,0,3.35,0.0,8.88888888888889
"2025-01-31 11:00:00","2025-01-31 12:00:00",UA,115,115,0,0,3.5652173913043477,0.0,12.173913043478262
"2025-01-31 11:00:00","2025-01-31 12:00:00",WN,249,248,0,1,1.6465863453815262,0.0,6.827309236947791
"2025-01-31 12:00:00","2025-01-31 13:00:00",AA,124,124,0,0,8.774193548387096,0.0,20.161290322580644
"2025-01-31 12:00:00","2025-01-31 13:00:00",DL,147,147,0,0,10.258503401360544,0.0,15.646258503401361
"2025-01-31 12:00:00","2025-01-31 13:00:00",UA,118,118,0,0,5.237288135593221,0.0,16.10169491525424
"2025-01-31 12:00:00","2025-01-31 13:00:00",WN,167,166,1,0,5.951807228915663,0.5988023952095808,11.44578313253012
"2025-01-31 13:00:00","2025-01-31 14:00:00",AA,125,124,0,1,9.688,0.0,16.8
"2025-01-31 13:00:00","2025-01-31 14:00:00",DL,135,135,0,0,4.162962962962963,0.0,14.074074074074074
"2025-01-31 13:00:00","2025-01-31 14:00:00",UA,115,115,0,0,7.530434782608696,0.0,20.0
"2025-01-31 13:00:00","2025-01-31 14:00:00",WN,228,226,0,2,5.592105263157895,0.0,15.789473684210526
"2025-01-31 14:00:00","2025-01-31 15:00:00",AA,141,141,0,0,5.531914893617022,0.0,12.056737588652481
"2025-01-31 14:00:00","2025-01-31 15:00:00",DL,128,128,0,0,3.1796875,0.0,15.625
"2025-01-31 14:00:00","2025-01-31 15:00:00",UA,113,113,0,0,2.734513274336283,0.0,13.274336283185841
"2025-01-31 14:00:00","2025-01-31 15:00:00",WN,214,214,0,0,6.710280373831775,0.0,17.757009345794394
"2025-01-31 15:00:00","2025-01-31 16:00:00",AA,117,117,0,0,10.854700854700855,0.0,16.23931623931624
"2025-01-31 15:00:00","2025-01-31 16:00:00",DL,176,175,0,1,5.948863636363637,0.0,17.045454545454547
"2025-01-31 15:00:00","2025-01-31 16:00:00",UA,91,91,0,0,6.637362637362638,0.0,17.582417582417584
"2025-01-31 15:00:00","2025-01-31 16:00:00",WN,222,221,0,1,7.941441441441442,0.0,16.666666666666668
"2025-01-31 16:00:00","2025-01-31 17:00:00",AA,130,129,0,1,2.6538461538461537,0.0,10.76923076923077
"2025-01-31 16:00:00","2025-01-31 17:00:00",DL,120,120,0,0,14.516666666666667,0.0,25.833333333333332
"2025-01-31 16:00:00","2025-01-31 17:00:00",UA,114,113,0,1,4.973684210526316,0.0,7.894736842105263
"2025-01-31 16:00:00","2025-01-31 17:00:00",WN,198,198,0,0,7.545454545454546,0.0,17.171717171717173
"2025-01-31 17:00:00","2025-01-31 18:00:00",AA,145,145,0,0,4.36551724137931,0.0,13.793103448275861
"2025-01-31 17:00:00","2025-01-31 18:00:00",DL,143,142,0,1,18.321678321678323,0.0,19.58041958041958
"2025-01-31 17:00:00","2025-01-31 18:00:00",UA,125,125,0,0,5.696,0.0,16.0
"2025-01-31 17:00:00","2025-01-31 18:00:00",WN,176,176,0,0,5.420454545454546,0.0,11.931818181818182
"2025-01-31 18:00:00","2025-01-31 19:00:00",AA,136,136,0,0,2.4558823529411766,0.0,11.029411764705882
"2025-01-31 18:00:00","2025-01-31 19:00:00",DL,151,151,0,0,9.788079470198676,0.0,23.178807947019866
"2025-01-31 18:00:00","2025-01-31 19:00:00",UA,138,138,0,0,7.130434782608695,0.0,23.18840579710145
"2025-01-31 18:00:00","2025-01-31 19:00:00",WN,260,260,0,0,7.415384615384616,0.0,20.0
"2025-01-31 19:00:00","2025-01-31 20:00:00",AA,101,101,0,0,6.821782178217822,0.0,14.851485148514852
"2025-01-31 19:00:00","2025-01-31 20:00:00",DL,123,122,1,0,14.721311475409836,0.8130081300813008,25.40983606557377
"2025-01-31 19:00:00","2025-01-31 20:00:00",UA,89,88,0,1,1.9662921348314606,0.0,12.359550561797754
"2025-01-31 19:00:00","2025-01-31 20:00:00",WN,103,103,0,0,7.854368932038835,0.0,18.446601941747574
"2025-01-31 20:00:00","2025-01-31 21:00:00",AA,79,79,0,0,11.177215189873417,0.0,24.050632911392405
"2025-01-31 20:00:00","2025-01-31 21:00:00",DL,85,85,0,0,3.823529411764706,0.0,16.470588235294116
"2025-01-31 20:00:00","2025-01-31 21:00:00",UA,78,78,0,0,3.141025641025641,0.0,14.102564102564102
"2025-01-31 20:00:00","2025-01-31 21:00:00",WN,153,153,0,0,2.7973856209150325,0.0,11.11111111111111
"2025-01-31 21:00:00","2025-01-31 22:00:00",AA,81,81,0,0,7.320987654320987,0.0,18.51851851851852
"2025-01-31 21:00:00","2025-01-31 22:00:00",DL,84,83,1,0,6.048192771084337,1.1904761904761905,18.072289156626507
"2025-01-31 21:00:00","2025-01-31 22:00:00",UA,29,29,0,0,10.241379310344827,0.0,13.793103448275861
"2025-01-31 21:00:00","2025-01-31 22:00:00",WN,15,15,0,0,8.2,0.0,26.666666666666668
"2025-01-31 22:00:00","2025-01-31 23:00:00",AA,45,45,0,0,15.622222222222222,0.0,17.77777777777778
"2025-01-31 22:00:00","2025-01-31 23:00:00",DL,76,76,0,0,2.763157894736842,0.0,11.842105263157896
"2025-01-31 22:00:00","2025-01-31 23:00:00",UA,22,22,0,0,-2.3636363636363638,0.0,0.0
"2025-01-31 23:00:00","2025-02-01 00:00:00",AA,20,20,0,0,7.05,0.0,15.0
"2025-01-31 23:00:00","2025-02-01 00:00:00",DL,25,25,0,0,1.52,0.0,12.0
"2025-01-31 23:00:00","2025-02-01 00:00:00",UA,29,29,0,0,1.2413793103448276,0.0,6.896551724137931
"2025-02-01 00:00:00","2025-02-01 01:00:00",AA,5,5,0,0,-2.0,0.0,0.0
"2025-02-01 00:00:00","2025-02-01 01:00:00",DL,1,1,0,0,-11.0,0.0,0.0
"2025-02-01 00:00:00","2025-02-01 01:00:00",UA,3,3,0,0,17.666666666666668,0.0,33.333333333333336
"2025-02-01 01:00:00","2025-02-01 02:00:00",DL,2,2,0,0,-8.5,0.0,0.0
"2025-02-01 01:00:00","2025-02-01 02:00:00",UA,1,1,0,0,-8.0,0.0,0.0
"2025-02-01 02:00:00","2025-02-01 03:00:00",UA,1,1,0,0,4.0,0.0,0.0
"2025-02-01 05:00:00","2025-02-01 06:00:00",AA,81,81,0,0,-0.32098765432098764,0.0,7.407407407407407
"2025-02-01 05:00:00","2025-02-01 06:00:00",DL,58,57,0,1,10.758620689655173,0.0,6.896551724137931
"2025-02-01 05:00:00","2025-02-01 06:00:00",UA,24,24,0,0,3.375,0.0,8.333333333333334
"2025-02-01 05:00:00","2025-02-01 06:00:00",WN,55,55,0,0,-0.14545454545454545,0.0,7.2727272727272725
"2025-02-01 06:00:00","2025-02-01 07:00:00",AA,155,155,0,0,-0.2838709677419355,0.0,4.516129032258065
"2025-02-01 06:00:00","2025-02-01 07:00:00",DL,165,165,0,0,3.4727272727272727,0.0,5.454545454545454
"2025-02-01 06:00:00","2025-02-01 07:00:00",UA,103,103,0,0,10.640776699029127,0.0,13.592233009708737
"2025-02-01 06:00:00","2025-02-01 07:00:00",WN,170,170,0,0,-2.7823529411764705,0.0,4.117647058823529
"2025-02-01 07:00:00","2025-02-01 08:00:00",AA,155,154,0,1,0.7354838709677419,0.0,6.451612903225806
"2025-02-01 07:00:00","2025-02-01 08:00:00",DL,188,188,0,0,3.117021276595745,0.0,8.51063829787234
"2025-02-01 07:00:00","2025-02-01 08:00:00",UA,154,154,0,0,-0.16883116883116883,0.0,6.4935064935064934
"2025-02-01 07:00:00","2025-02-01 08:00:00",WN,193,192,0,1,-0.7979274611398963,0.0,3.1088082901554404
"2025-02-01 08:00:00","2025-02-01 09:00:00",AA,169,169,0,0,22.19526627218935,0.0,13.017751479289942
"2025-02-01 08:00:00","2025-02-01 09:00:00",DL,144,144,0,0,1.1111111111111112,0.0,7.638888888888889
"2025-02-01 08:00:00","2025-02-01 09:00:00",UA,153,153,0,0,4.300653594771242,0.0,7.8431372549019605
"2025-02-01 08:00:00","2025-02-01 09:00:00",WN,214,214,0,0,-0.3411214953271028,0.0,3.7383177570093458
"2025-02-01 09:00:00","2025-02-01 10:00:00",AA,114,113,0,1,12.991228070175438,0.0,9.649122807017545
"2025-02-01 09:00:00","2025-02-01 10:00:00",DL,105,105,0,0,2.638095238095238,0.0,11.428571428571429
"2025-02-01 09:00:00","2025-02-01 10:00:00",UA,126,125,0,1,7.214285714285714,0.0,10.317460317460318
"2025-02-01 09:00:00","2025-02-01 10:00:00",WN,208,208,0,0,0.19230769230769232,0.0,6.730769230769231
"2025-02-01 10:00:00","2025-02-01 11:00:00",AA,107,107,0,0,4.738317757009346,0.0,8.411214953271028
"2025-02-01 10:00:00","2025-02-01 11:00:00",DL,119,119,0,0,9.487394957983193,0.0,12.605042016806722
"2025-02-01 10:00:00","2025-02-01 11:00:00",UA,98,97,0,1,4.36734693877551,0.0,13.26530612244898
"2025-02-01 10:00:00","2025-02-01 11:00:00",WN,189,189,0,0,-1.3386243386243386,0.0,4.761904761904762
"2025-02-01 11:00:00","2025-02-01 12:00:00",AA,131,131,0,0,1.9389312977099236,0.0,7.633587786259542
"2025-02-01 11:00:00","2025-02-01 12:00:00",DL,164,163,0,1,7.128048780487805,0.0,14.634146341463415
"2025-02-01 11:00:00","2025-02-01 12:00:00",UA,105,104,0,1,2.295238095238095,0.0,12.380952380952381
"2025-02-01 11:00:00","2025-02-01 12:00:00",WN,220,220,0,0,1.209090909090909,0.0,8.181818181818182
"2025-02-01 12:00:00","2025-02-01 13:00:00",AA,101,101,0,0,5.475247524752476,0.0,10.891089108910892
"2025-02-01 12:00:00","2025-02-01 13:00:00",DL,132,132,0,0,4.401515151515151,0.0,12.878787878787879
"2025-02-01 12:00:00","2025-02-01 13:00:00",UA,102,101,0,1,5.931372549019608,0.0,18.627450980392158
"2025-02-01 12:00:00","2025-02-01 13:00:00",WN,176,175,0,1,1.1590909090909092,0.0,7.386363636363637
"2025-02-01 13:00:00","2025-02-01 14:00:00",AA,113,113,0,0,14.026548672566372,0.0,9.734513274336283
"2025-02-01 13:00:00","2025-02-01 14:00:00",DL,125,125,0,0,5.384,0.0,18.4
"2025-02-01 13:00:00","2025-02-01 14:00:00",UA,115,115,0,0,8.71304347826087,0.0,17.391304347826086
"2025-02-01 13:00:00","2025-02-01 14:00:00",WN,196,196,0,0,1.566326530612245,0.0,9.183673469387756
"2025-02-01 14:00:00","2025-02-01 15:00:00",AA,113,113,0,0,-0.46017699115044247,0.0,7.964601769911504
"2025-02-01 14:00:00","2025-02-01 15:00:00",DL,106,106,0,0,4.59433962264151,0.0,16.037735849056602
"2025-02-01 14:00:00","2025-02-01 15:00:00",UA,99,99,0,0,3.757575757575758,0.0,10.1010101010101
"2025-02-01 14:00:00","2025-02-01 15:00:00",WN,215,215,0,0,1.1116279069767443,0.0,10.69767441860465
"2025-02-01 15:00:00","2025-02-01 16:00:00",AA,95,95,0,0,8.810526315789474,0.0,21.05263157894737
"2025-02-01 15:00:00","2025-02-01 16:00:00",DL,130,130,0,0,5.346153846153846,0.0,14.615384615384615
"2025-02-01 15:00:00","2025-02-01 16:00:00",UA,70,70,0,0,6.4714285714285715,0.0,14.285714285714286
"2025-02-01 15:00:00","2025-02-01 16:00:00",WN,166,166,0,0,4.072289156626506,0.0,10.843373493975903
"2025-02-01 16:00:00","2025-02-01 17:00:00",AA,127,127,0,0,1.0,0.0,8.661417322834646
"2025-02-01 16:00:00","2025-02-01 17:00:00",DL,102,102,0,0,4.372549019607843,0.0,11.764705882352942
"2025-02-01 16:00:00","2025-02-01 17:00:00",UA,108,107,0,1,13.00925925925926,0.0,18.51851851851852
"2025-02-01 16:00:00","2025-02-01 17:00:00",WN,207,207,0,0,-0.18840579710144928,0.0,6.763285024154589
"2025-02-01 17:00:00","2025-02-01 18:00:00",AA,134,134,0,0,-0.5,0.0,7.462686567164179
"2025-02-01 17:00:00","2025-02-01 18:00:00",DL,152,152,0,0,-1.7828947368421053,0.0,9.868421052631579
"2025-02-01 17:00:00","2025-02-01 18:00:00",UA,123,123,0,0,-0.5691056910569106,0.0,8.130081300813009
"2025-02-01 17:00:00","2025-02-01 18:00:00",WN,179,179,0,0,2.787709497206704,0.0,12.849162011173185
"2025-02-01 18:00:00","2025-02-01 19:00:00",AA,130,130,0,0,4.223076923076923,0.0,11.538461538461538
"2025-02-01 18:00:00","2025-02-01 19:00:00",DL,101,101,0,0,2.891089108910891,0.0,12.871287128712872
"2025-02-01 18:00:00","2025-02-01 19:00:00",UA,107,107,0,0,2.869158878504673,0.0,14.953271028037383
"2025-02-01 18:00:00","2025-02-01 19:00:00",WN,148,148,0,0,-1.5337837837837838,0.0,6.756756756756757
"2025-02-01 19:00:00","2025-02-01 20:00:00",AA,92,92,0,0,0.9891304347826086,0.0,9.782608695652174
"2025-02-01 19:00:00","2025-02-01 20:00:00",DL,68,68,0,0,-1.6323529411764706,0.0,4.411764705882353
"2025-02-01 19:00:00","2025-02-01 20:00:00",UA,70,70,0,0,1.0714285714285714,0.0,8.571428571428571
"2025-02-01 19:00:00","2025-02-01 20:00:00",WN,69,69,0,0,-0.42028985507246375,0.0,8.695652173913043
"2025-02-01 20:00:00","2025-02-01 21:00:00",AA,75,75,0,0,2.6533333333333333,0.0,13.333333333333334
"2025-02-01 20:00:00","2025-02-01 21:00:00",DL,61,61,0,0,-2.3442622950819674,0.0,3.278688524590164
"2025-02-01 20:00:00","2025-02-01 21:00:00",UA,68,68,0,0,7.485294117647059,0.0,11.764705882352942
"2025-02-01 20:00:00","2025-02-01 21:00:00",WN,32,32,0,0,-3.53125,0.0,0.0
"2025-02-01 21:00:00","2025-02-01 22:00:00",AA,77,76,1,0,4.907894736842105,1.2987012987012987,9.210526315789474
"2025-02-01 21:00:00","2025-02-01 22:00:00",DL,64,64,0,0,1.296875,0.0,9.375
"2025-02-01 21:00:00","2025-02-01 22:00:00",UA,22,22,0,0,-3.727272727272727,0.0,0.0
"2025-02-01 21:00:00","2025-02-01 22:00:00",WN,3,3,0,0,-1.6666666666666667,0.0,0.0
"2025-02-01 22:00:00","2025-02-01 23:00:00",AA,43,43,0,0,-2.186046511627907,0.0,6.976744186046512
"2025-02-01 22:00:00","2025-02-01 23:00:00",DL,51,51,0,0,-2.0784313725490198,0.0,1.9607843137254901
"2025-02-01 22:00:00","2025-02-01 23:00:00",UA,21,21,0,0,5.714285714285714,0.0,23.80952380952381
"2025-02-01 23:00:00","2025-02-02 00:00:00",AA,21,21,0,0,2.4761904761904763,0.0,4.761904761904762
"2025-02-01 23:00:00","2025-02-02 00:00:00",DL,19,19,0,0,5.2105263157894735,0.0,26.31578947368421
"2025-02-01 23:00:00","2025-02-02 00:00:00",UA,25,25,0,0,0.88,0.0,20.0
"2025-02-02 00:00:00","2025-02-02 01:00:00",AA,6,6,0,0,7.166666666666667,0.0,16.666666666666668
"2025-02-02 00:00:00","2025-02-02 01:00:00",DL,1,1,0,0,-9.0,0.0,0.0
"2025-02-02 00:00:00","2025-02-02 01:00:00",UA,3,3,0,0,-1.3333333333333333,0.0,0.0
"2025-02-02 01:00:00","2025-02-02 02:00:00",DL,2,2,0,0,32.0,0.0,50.0
"2025-02-02 01:00:00","2025-02-02 02:00:00",UA,1,1,0,0,-12.0,0.0,0.0
"2025-02-02 02:00:00","2025-02-02 03:00:00",UA,1,1,0,0,-8.0,0.0,0.0
"2025-02-02 05:00:00","2025-02-02 06:00:00",AA,87,86,1,0,1.0,1.1494252873563218,8.13953488372093
"2025-02-02 05:00:00","2025-02-02 06:00:00",DL,60,60,0,0,4.033333333333333,0.0,10.0
"2025-02-02 05:00:00","2025-02-02 06:00:00",UA,23,23,0,0,1.2608695652173914,0.0,8.695652173913043
"2025-02-02 05:00:00","2025-02-02 06:00:00",WN,91,91,0,0,-3.7472527472527473,0.0,0.0
"2025-02-02 06:00:00","2025-02-02 07:00:00",AA,155,155,0,0,0.025806451612903226,0.0,6.451612903225806
"2025-02-02 06:00:00","2025-02-02 07:00:00",DL,167,167,0,0,-1.0419161676646707,0.0,4.790419161676646
"2025-02-02 06:00:00","2025-02-02 07:00:00",UA,104,104,0,0,2.625,0.0,9.615384615384615
"2025-02-02 06:00:00","2025-02-02 07:00:00",WN,275,274,1,0,-0.9598540145985401,0.36363636363636365,3.6496350364963503
"2025-02-02 07:00:00","2025-02-02 08:00:00",AA,167,167,0,0,11.107784431137725,0.0,8.383233532934131
"2025-02-02 07:00:00","2025-02-02 08:00:00",DL,217,217,0,0,5.43778801843318,0.0,5.529953917050691
"2025-02-02 07:00:00","2025-02-02 08:00:00",UA,157,157,0,0,5.0,0.0,9.554140127388536
"2025-02-02 07:00:00","2025-02-02 08:00:00",WN,197,194,0,3,-3.1116751269035534,0.0,2.5380710659898478
"2025-02-02 08:00:00","2025-02-02 09:00:00",AA,191,190,0,1,0.010471204188481676,0.0,9.947643979057592
"2025-02-02 08:00:00","2025-02-02 09:00:00",DL,176,176,0,0,4.0625,0.0,10.795454545454545
"2025-02-02 08:00:00","2025-02-02 09:00:00",UA,175,174,1,0,3.810344827586207,0.5714285714285714,9.195402298850574
"2025-02-02 08:00:00","2025-02-02 09:00:00",WN,267,265,0,2,3.853932584269663,0.0,8.239700374531836
"2025-02-02 09:00:00","2025-02-02 10:00:00",AA,119,119,0,0,5.2100840336134455,0.0,10.084033613445378
"2025-02-02 09:00:00","2025-02-02 10:00:00",DL,102,102,0,0,0.28431372549019607,0.0,4.901960784313726
"2025-02-02 09:00:00","2025-02-02 10:00:00",UA,127,126,0,1,2.9133858267716537,0.0,8.661417322834646
"2025-02-02 09:00:00","2025-02-02 10:00:00",WN,196,193,0,3,4.433673469387755,0.0,7.653061224489796
"2025-02-02 10:00:00","2025-02-02 11:00:00",AA,118,118,0,0,2.4152542372881354,0.0,9.322033898305085
"2025-02-02 10:00:00","2025-02-02 11:00:00",DL,139,139,0,0,3.7841726618705036,0.0,10.79136690647482
"2025-02-02 10:00:00","2025-02-02 11:00:00",UA,102,101,1,0,2.227722772277228,0.9803921568627451,12.871287128712872
"2025-02-02 10:00:00","2025-02-02 11:00:00",WN,207,203,4,0,1.6354679802955665,1.932367149758454,8.374384236453203
"2025-02-02 11:00:00","2025-02-02 12:00:00",AA,146,146,0,0,17.123287671232877,0.0,13.698630136986301
"2025-02-02 11:00:00","2025-02-02 12:00:00",DL,182,180,1,1,4.193370165745856,0.5494505494505495,11.602209944751381
"2025-02-02 11:00:00","2025-02-02 12:00:00",UA,111,111,0,0,5.882882882882883,0.0,12.612612612612613
"2025-02-02 11:00:00","2025-02-02 12:00:00",WN,215,213,2,0,2.863849765258216,0.9302325581395349,9.859154929577464
"2025-02-02 12:00:00","2025-02-02 13:00:00",AA,117,115,0,2,5.777777777777778,0.0,12.820512820512821
"2025-02-02 12:00:00","2025-02-02 13:00:00",DL,154,154,0,0,1.6883116883116882,0.0,6.4935064935064934
"2025-02-02 12:00:00","2025-02-02 13:00:00",UA,120,120,0,0,5.558333333333334,0.0,10.0
"2025-02-02 12:00:00","2025-02-02 13:00:00",WN,194,192,2,0,5.229166666666667,1.0309278350515463,14.583333333333334
"2025-02-02 13:00:00","2025-02-02 14:00:00",AA,137,136,0,1,9.875912408759124,0.0,13.138686131386862
"2025-02-02 13:00:00","2025-02-02 14:00:00",DL,145,145,0,0,6.110344827586207,0.0,15.862068965517242
"2025-02-02 13:00:00","2025-02-02 14:00:00",UA,129,129,0,0,15.085271317829458,0.0,23.25581395348837
"2025-02-02 13:00:00","2025-02-02 14:00:00",WN,243,240,3,0,6.504166666666666,1.2345679012345678,15.416666666666666
"2025-02-02 14:00:00","2025-02-02 15:00:00",AA,142,140,0,2,15.0,0.0,12.67605633802817
"2025-02-02 14:00:00","2025-02-02 15:00:00",DL,120,119,1,0,7.176470588235294,0.8333333333333334,17.647058823529413
"2025-02-02 14:00:00","2025-02-02 15:00:00",UA,101,101,0,0,12.514851485148515,0.0,14.851485148514852
"2025-02-02 14:00:00","2025-02-02 15:00:00",WN,199,198,1,0,7.893939393939394,0.5025125628140703,19.19191919191919
"2025-02-02 15:00:00","2025-02-02 16:00:00",AA,97,97,0,0,5.989690721649485,0.0,18.556701030927837
"2025-02-02 15:00:00","2025-02-02 16:00:00",DL,168,168,0,0,10.642857142857142,0.0,20.833333333333332
"2025-02-02 15:00:00","2025-02-02 16:00:00",UA,80,80,0,0,3.5,0.0,17.5
"2025-02-02 15:00:00","2025-02-02 16:00:00",WN,203,199,4,0,9.5678391959799,1.9704433497536946,21.105527638190956
"2025-02-02 16:00:00","2025-02-02 17:00:00",AA,153,153,0,0,6.026143790849673,0.0,13.071895424836601
"2025-02-02 16:00:00","2025-02-02 17:00:00",DL,122,121,1,0,10.0,0.819672131147541,17.355371900826448
"2025-02-02 16:00:00","2025-02-02 17:00:00",UA,123,123,0,0,9.59349593495935,0.0,15.447154471544716
"2025-02-02 16:00:00","2025-02-02 17:00:00",WN,214,211,3,0,12.369668246445498,1.4018691588785046,24.644549763033176
"2025-02-02 17:00:00","2025-02-02 18:00:00",AA,142,142,0,0,9.112676056338028,0.0,23.943661971830984
"2025-02-02 17:00:00","2025-02-02 18:00:00",DL,147,146,0,1,5.965986394557823,0.0,14.965986394557824
"2025-02-02 17:00:00","2025-02-02 18:00:00",UA,127,127,0,0,17.007874015748033,0.0,18.11023622047244
"2025-02-02 17:00:00","2025-02-02 18:00:00",WN,196,193,2,1,9.525773195876289,1.0204081632653061,22.164948453608247
"2025-02-02 18:00:00","2025-02-02 19:00:00",AA,149,149,0,0,5.912751677852349,0.0,16.778523489932887
"2025-02-02 18:00:00","2025-02-02 19:00:00",DL,141,140,0,1,8.702127659574469,0.0,20.56737588652482
"2025-02-02 18:00:00","2025-02-02 19:00:00",UA,134,134,0,0,19.05223880597015,0.0,26.119402985074625
"2025-02-02 18:00:00","2025-02-02 19:00:00",WN,198,194,3,1,13.487179487179487,1.5151515151515151,25.128205128205128
"2025-02-02 19:00:00","2025-02-02 20:00:00",AA,148,148,0,0,6.716216216216216,0.0,16.216216216216218
"2025-02-02 19:00:00","2025-02-02 20:00:00",DL,142,141,0,1,28.253521126760564,0.0,22.535211267605632
"2025-02-02 19:00:00","2025-02-02 20:00:00",UA,103,102,1,0,11.549019607843137,0.970873786407767,23.529411764705884
"2025-02-02 19:00:00","2025-02-02 20:00:00",WN,263,258,5,0,8.294573643410853,1.9011406844106464,18.992248062015506
"2025-02-02 20:00:00","2025-02-02 21:00:00",AA,108,108,0,0,4.777777777777778,0.0,12.962962962962964
"2025-02-02 20:00:00","2025-02-02 21:00:00",DL,80,80,0,0,16.8875,0.0,22.5
"2025-02-02 20:00:00","2025-02-02 21:00:00",UA,80,80,0,0,14.4125,0.0,21.25
"2025-02-02 20:00:00","2025-02-02 21:00:00",WN,161,157,4,0,12.248407643312103,2.484472049689441,24.840764331210192
"2025-02-02 21:00:00","2025-02-02 22:00:00",AA,79,79,0,0,3.3417721518987342,0.0,13.924050632911392
"2025-02-02 21:00:00","2025-02-02 22:00:00",DL,86,86,0,0,4.4186046511627906,0.0,18.6046511627907
"2025-02-02 21:00:00","2025-02-02 22:00:00",UA,32,31,1,0,7.064516129032258,3.125,19.35483870967742
"2025-02-02 21:00:00","2025-02-02 22:00:00",WN,144,142,2,0,8.929577464788732,1.3888888888888888,20.422535211267604
"2025-02-02 22:00:00","2025-02-02 23:00:00",AA,79,79,0,0,9.177215189873417,0.0,12.658227848101266
"2025-02-02 22:00:00","2025-02-02 23:00:00",DL,82,81,0,1,5.073170731707317,0.0,14.634146341463415
"2025-02-02 22:00:00","2025-02-02 23:00:00",UA,22,22,0,0,2.8636363636363638,0.0,27.272727272727273
"2025-02-02 22:00:00","2025-02-02 23:00:00",WN,3,3,0,0,-6.666666666666667,0.0,0.0
"2025-02-02 23:00:00","2025-02-03 00:00:00",AA,25,25,0,0,2.76,0.0,12.0
"2025-02-02 23:00:00","2025-02-03 00:00:00",DL,24,24,0,0,12.5,0.0,25.0
"2025-02-02 23:00:00","2025-02-03 00:00:00",UA,32,32,0,0,3.5625,0.0,18.75
"2025-02-03 00:00:00","2025-02-03 01:00:00",AA,7,7,0,0,-3.142857142857143,0.0,14.285714285714286
"2025-02-03 00:00:00","2025-02-03 01:00:00",DL,1,1,0,0,-7.0,0.0,0.0
"2025-02-03 00:00:00","2025-02-03 01:00:00",UA,3,3,0,0,7.0,0.0,33.333333333333336
"2025-02-03 01:00:00","2025-02-03 02:00:00",AA,1,1,0,0,7.0,0.0,0.0
"2025-02-03 01:00:00","2025-02-03 02:00:00",DL,2,2,0,0,34.0,0.0,50.0
"2025-02-03 01:00:00","2025-02-03 02:00:00",UA,1,1,0,0,7.0,0.0,0.0
"2025-02-03 02:00:00","2025-02-03 03:00:00",UA,1,1,0,0,8.0,0.0,0.0
"2025-02-03 05:00:00","2025-02-03 06:00:00",AA,103,103,0,0,1.7184466019417475,0.0,7.766990291262136
"2025-02-03 05:00:00","2025-02-03 06:00:00",DL,67,67,0,0,21.46268656716418,0.0,10.447761194029852
"2025-02-03 05:00:00","2025-02-03 06:00:00",UA,24,24,0,0,-4.916666666666667,0.0,0.0
"2025-02-03 05:00:00","2025-02-03 06:00:00",WN,26,24,2,0,0.4583333333333333,7.6923076923076925,4.166666666666667
"2025-02-03 06:00:00","2025-02-03 07:00:00",AA,153,152,0,1,-1.5163398692810457,0.0,5.882352941176471
"2025-02-03 06:00:00","2025-02-03 07:00:00",DL,167,167,0,0,4.664670658682635,0.0,9.580838323353293
"2025-02-03 06:00:00","2025-02-03 07:00:00",UA,105,105,0,0,9.4,0.0,7.619047619047619
"2025-02-03 06:00:00","2025-02-03 07:00:00",WN,186,185,1,0,-2.254054054054054,0.5376344086021505,3.2432432432432434
"2025-02-03 07:00:00","2025-02-03 08:00:00",AA,203,203,0,0,4.6600985221674875,0.0,6.403940886699507
"2025-02-03 07:00:00","2025-02-03 08:00:00",DL,218,218,0,0,1.7477064220183487,0.0,8.715596330275229
"2025-02-03 07:00:00","2025-02-03 08:00:00",UA,162,162,0,0,0.7716049382716049,0.0,10.493827160493828
"2025-02-03 07:00:00","2025-02-03 08:00:00",WN,181,180,1,0,1.4722222222222223,0.5524861878453039,6.111111111111111
"2025-02-03 08:00:00","2025-02-03 09:00:00",AA,177,176,0,1,6.870056497175141,0.0,9.03954802259887
"2025-02-03 08:00:00","2025-02-03 09:00:00",DL,153,151,0,2,5.5816993464052285,0.0,13.72549019607843
"2025-02-03 08:00:00","2025-02-03 09:00:00",UA,158,156,1,1,5.828025477707007,0.6329113924050633,11.464968152866241
"2025-02-03 08:00:00","2025-02-03 09:00:00",WN,209,206,3,0,5.786407766990291,1.4354066985645932,11.650485436893204
"2025-02-03 09:00:00","2025-02-03 10:00:00",AA,115,115,0,0,19.973913043478262,0.0,12.173913043478262
"2025-02-03 09:00:00","2025-02-03 10:00:00",DL,119,119,0,0,5.46218487394958,0.0,16.80672268907563
"2025-02-03 09:00:00","2025-02-03 10:00:00",UA,146,145,1,0,2.9793103448275864,0.684931506849315,10.344827586206897
"2025-02-03 09:00:00","2025-02-03 10:00:00",WN,222,221,0,1,4.175675675675675,0.0,10.81081081081081
"2025-02-03 10:00:00","2025-02-03 11:00:00",AA,132,132,0,0,0.6439393939393939,0.0,6.818181818181818
"2025-02-03 10:00:00","2025-02-03 11:00:00",DL,153,152,0,1,6.03921568627451,0.0,16.33986928104575
"2025-02-03 10:00:00","2025-02-03 11:00:00",UA,116,115,1,0,10.365217391304348,0.8620689655172413,20.0
"2025-02-03 10:00:00","2025-02-03 11:00:00",WN,190,188,2,0,7.037234042553192,1.0526315789473684,14.893617021276595
"2025-02-03 11:00:00","2025-02-03 12:00:00",AA,141,139,0,2,9.134751773049645,0.0,10.638297872340425
"2025-02-03 11:00:00","2025-02-03 12:00:00",DL,166,164,1,1,10.387878787878789,0.6024096385542169,24.242424242424242
"2025-02-03 11:00:00","2025-02-03 12:00:00",UA,108,108,0,0,3.1203703703703702,0.0,12.037037037037036
"2025-02-03 11:00:00","2025-02-03 12:00:00",WN,242,240,2,0,3.25,0.8264462809917356,10.0
"2025-02-03 12:00:00","2025-02-03 13:00:00",AA,125,124,0,1,6.192,0.0,16.0
"2025-02-03 12:00:00","2025-02-03 13:00:00",DL,153,153,0,0,8.437908496732026,0.0,24.836601307189543
"2025-02-03 12:00:00","2025-02-03 13:00:00",UA,118,117,1,0,6.957264957264957,0.847457627118644,11.11111111111111
"2025-02-03 12:00:00","2025-02-03 13:00:00",WN,164,160,4,0,5.06875,2.4390243902439024,13.125
"2025-02-03 13:00:00","2025-02-03 14:00:00",AA,124,122,0,2,5.669354838709677,0.0,14.516129032258064
"2025-02-03 13:00:00","2025-02-03 14:00:00",DL,141,141,0,0,13.056737588652481,0.0,22.69503546099291
"2025-02-03 13:00:00","2025-02-03 14:00:00",UA,123,122,1,0,7.844262295081967,0.8130081300813008,18.852459016393443
"2025-02-03 13:00:00","2025-02-03 14:00:00",WN,226,222,4,0,4.2342342342342345,1.7699115044247788,12.162162162162161
"2025-02-03 14:00:00","2025-02-03 15:00:00",AA,137,137,0,0,13.700729927007298,0.0,10.94890510948905
"2025-02-03 14:00:00","2025-02-03 15:00:00",DL,121,121,0,0,7.421487603305785,0.0,22.31404958677686
"2025-02-03 14:00:00","2025-02-03 15:00:00",UA,109,109,0,0,8.724770642201834,0.0,14.678899082568808
"2025-02-03 14:00:00","2025-02-03 15:00:00",WN,211,208,3,0,2.230769230769231,1.4218009478672986,8.173076923076923
"2025-02-03 15:00:00","2025-02-03 16:00:00",AA,112,112,0,0,9.223214285714286,0.0,13.392857142857142
"2025-02-03 15:00:00","2025-02-03 16:00:00",DL,170,170,0,0,8.005882352941176,0.0,21.764705882352942
"2025-02-03 15:00:00","2025-02-03 16:00:00",UA,87,87,0,0,11.39080459770115,0.0,20.689655172413794
"2025-02-03 15:00:00","2025-02-03 16:00:00",WN,218,216,2,0,4.226851851851852,0.9174311926605505,12.5
"2025-02-03 16:00:00","2025-02-03 17:00:00",AA,127,127,0,0,8.204724409448819,0.0,13.385826771653543
"2025-02-03 16:00:00","2025-02-03 17:00:00",DL,121,121,0,0,8.438016528925619,0.0,19.00826446280992
"2025-02-03 16:00:00","2025-02-03 17:00:00",UA,110,110,0,0,2.172727272727273,0.0,13.636363636363637
"2025-02-03 16:00:00","2025-02-03 17:00:00",WN,186,185,1,0,1.7891891891891891,0.5376344086021505,10.81081081081081
"2025-02-03 17:00:00","2025-02-03 18:00:00",AA,133,133,0,0,15.436090225563909,0.0,16.541353383458645
"2025-02-03 17:00:00","2025-02-03 18:00:00",DL,152,152,0,0,12.125,0.0,22.36842105263158
"2025-02-03 17:00:00","2025-02-03 18:00:00",UA,124,123,0,1,5.604838709677419,0.0,13.709677419354838
"2025-02-03 17:00:00","2025-02-03 18:00:00",WN,170,167,3,0,4.550898203592815,1.7647058823529411,14.970059880239521
"2025-02-03 18:00:00","2025-02-03 19:00:00",AA,142,142,0,0,1.056338028169014,0.0,9.859154929577464
"2025-02-03 18:00:00","2025-02-03 19:00:00",DL,153,152,0,1,8.65359477124183,0.0,21.568627450980394
"2025-02-03 18:00:00","2025-02-03 19:00:00",UA,140,140,0,0,8.785714285714286,0.0,18.571428571428573
"2025-02-03 18:00:00","2025-02-03 19:00:00",WN,260,259,1,0,3.8455598455598454,0.38461538461538464,13.127413127413128
"2025-02-03 19:00:00","2025-02-03 20:00:00",AA,102,102,0,0,4.490196078431373,0.0,14.705882352941176
"2025-02-03 19:00:00","2025-02-03 20:00:00",DL,120,120,0,0,11.758333333333333,0.0,15.0
"2025-02-03 19:00:00","2025-02-03 20:00:00",UA,92,90,2,0,11.3,2.1739130434782608,22.22222222222222
"2025-02-03 19:00:00","2025-02-03 20:00:00",WN,108,108,0,0,8.046296296296296,0.0,25.0
"2025-02-03 20:00:00","2025-02-03 21:00:00",AA,79,79,0,0,0.20253164556962025,0.0,6.329113924050633
"2025-02-03 20:00:00","2025-02-03 21:00:00",DL,81,81,0,0,7.493827160493828,0.0,23.45679012345679
"2025-02-03 20:00:00","2025-02-03 21:00:00",UA,77,77,0,0,10.454545454545455,0.0,15.584415584415584
"2025-02-03 20:00:00","2025-02-03 21:00:00",WN,144,142,2,0,1.6126760563380282,1.3888888888888888,9.859154929577464
"2025-02-03 21:00:00","2025-02-03 22:00:00",AA,76,76,0,0,3.776315789473684,0.0,11.842105263157896
"2025-02-03 21:00:00","2025-02-03 22:00:00",DL,77,77,0,0,0.2077922077922078,0.0,10.38961038961039
"2025-02-03 21:00:00","2025-02-03 22:00:00",UA,28,28,0,0,-4.285714285714286,0.0,3.5714285714285716
"2025-02-03 21:00:00","2025-02-03 22:00:00",WN,15,15,0,0,11.266666666666667,0.0,13.333333333333334
"2025-02-03 22:00:00","2025-02-03 23:00:00",AA,51,51,0,0,4.901960784313726,0.0,7.8431372549019605
"2025-02-03 22:00:00","2025-02-03 23:00:00",DL,84,84,0,0,2.4761904761904763,0.0,9.523809523809524
"2025-02-03 22:00:00","2025-02-03 23:00:00",UA,18,18,0,0,-0.3888888888888889,0.0,11.11111111111111
"2025-02-03 23:00:00","2025-02-04 00:00:00",AA,21,21,0,0,-2.238095238095238,0.0,4.761904761904762
"2025-02-03 23:00:00","2025-02-04 00:00:00",DL,24,24,0,0,-0.4166666666666667,0.0,8.333333333333334
"2025-02-03 23:00:00","2025-02-04 00:00:00",UA,28,28,0,0,2.9285714285714284,0.0,17.857142857142858
"2025-02-04 00:00:00","2025-02-04 01:00:00",AA,5,5,0,0,-7.6,0.0,0.0
"2025-02-04 00:00:00","2025-02-04 01:00:00",DL,1,1,0,0,-10.0,0.0,0.0
"2025-02-04 00:00:00","2025-02-04 01:00:00",UA,2,2,0,0,-4.5,0.0,0.0
"2025-02-04 01:00:00","2025-02-04 02:00:00",DL,2,2,0,0,-7.0,0.0,0.0
"2025-02-04 01:00:00","2025-02-04 02:00:00",UA,1,1,0,0,-6.0,0.0,0.0
"2025-02-04 02:00:00","2025-02-04 03:00:00",UA,1,1,0,0,-9.0,0.0,0.0
"2025-02-04 05:00:00","2025-02-04 06:00:00",AA,79,79,0,0,-0.12658227848101267,0.0,8.860759493670885
"2025-02-04 05:00:00","2025-02-04 06:00:00",DL,66,66,0,0,6.833333333333333,0.0,4.545454545454546
"2025-02-04 05:00:00","2025-02-04 06:00:00",UA,22,21,1,0,-4.095238095238095,4.545454545454546,0.0
"2025-02-04 05:00:00","2025-02-04 06:00:00",WN,28,26,2,0,-4.076923076923077,7.142857142857143,0.0
"2025-02-04 06:00:00","2025-02-04 07:00:00",AA,161,160,0,1,5.043478260869565,0.0,4.3478260869565215
"2025-02-04 06:00:00","2025-02-04 07:00:00",DL,176,176,0,0,4.4772727272727275,0.0,6.25
"2025-02-04 06:00:00","2025-02-04 07:00:00",UA,103,102,1,0,0.9509803921568627,0.970873786407767,6.862745098039215
"2025-02-04 06:00:00","2025-02-04 07:00:00",WN,204,202,2,0,-3.608910891089109,0.9803921568627451,1.4851485148514851
"2025-02-04 07:00:00","2025-02-04 08:00:00",AA,155,155,0,0,-3.1161290322580646,0.0,3.870967741935484
"2025-02-04 07:00:00","2025-02-04 08:00:00",DL,207,207,0,0,-3.7681159420289854,0.0,1.932367149758454
"2025-02-04 07:00:00","2025-02-04 08:00:00",UA,144,144,0,0,-2.75,0.0,7.638888888888889
"2025-02-04 07:00:00","2025-02-04 08:00:00",WN,177,175,1,1,-2.414772727272727,0.5649717514124294,6.25
"2025-02-04 08:00:00","2025-02-04 09:00:00",AA,177,177,0,0,6.672316384180791,0.0,5.649717514124294
"2025-02-04 08:00:00","2025-02-04 09:00:00",DL,170,170,0,0,0.4411764705882353,0.0,10.0
"2025-02-04 08:00:00","2025-02-04 09:00:00",UA,166,165,0,1,-1.8072289156626506,0.0,5.421686746987952
"2025-02-04 08:00:00","2025-02-04 09:00:00",WN,229,227,2,0,-1.171806167400881,0.8733624454148472,3.5242290748898677
"2025-02-04 09:00:00","2025-02-04 10:00:00",AA,114,114,0,0,-0.2982456140350877,0.0,6.140350877192983
"2025-02-04 09:00:00","2025-02-04 10:00:00",DL,105,105,0,0,-0.6761904761904762,0.0,6.666666666666667
"2025-02-04 09:00:00","2025-02-04 10:00:00",UA,134,134,0,0,0.291044776119403,0.0,9.701492537313433
"2025-02-04 09:00:00","2025-02-04 10:00:00",WN,208,207,0,1,0.8125,0.0,6.730769230769231
"2025-02-04 10:00:00","2025-02-04 11:00:00",AA,128,127,0,1,0.5546875,0.0,9.375
"2025-02-04 10:00:00","2025-02-04 11:00:00",DL,143,143,0,0,-3.5944055944055946,0.0,4.895104895104895
"2025-02-04 10:00:00","2025-02-04 11:00:00",UA,107,107,0,0,2.7476635514018692,0.0,14.953271028037383
"2025-02-04 10:00:00","2025-02-04 11:00:00",WN,201,200,0,1,0.01990049751243781,0.0,7.960199004975125
"2025-02-04 11:00:00","2025-02-04 12:00:00",AA,132,132,0,0,2.9696969696969697,0.0,10.606060606060606
"2025-02-04 11:00:00","2025-02-04 12:00:00",DL,160,160,0,0,1.675,0.0,8.125
"2025-02-04 11:00:00","2025-02-04 12:00:00",UA,108,108,0,0,3.7777777777777777,0.0,10.185185185185185
"2025-02-04 11:00:00","2025-02-04 12:00:00",WN,250,250,0,0,0.528,0.0,6.8
"2025-02-04 12:00:00","2025-02-04 13:00:00",AA,121,121,0,0,2.4958677685950414,0.0,9.917355371900827
"2025-02-04 12:00:00","2025-02-04 13:00:00",DL,139,139,0,0,-5.151079136690647,0.0,2.8776978417266186
"2025-02-04 12:00:00","2025-02-04 13:00:00",UA,119,119,0,0,-2.8739495798319328,0.0,5.042016806722689
"2025-02-04 12:00:00","2025-02-04 13:00:00",WN,166,166,0,0,-1.6204819277108433,0.0,4.819277108433735
"2025-02-04 13:00:00","2025-02-04 14:00:00",AA,122,122,0,0,-1.2950819672131149,0.0,7.377049180327869
"2025-02-04 13:00:00","2025-02-04 14:00:00",DL,130,130,0,0,3.9461538461538463,0.0,10.76923076923077
"2025-02-04 13:00:00","2025-02-04 14:00:00",UA,125,125,0,0,-0.768,0.0,6.4
"2025-02-04 13:00:00","2025-02-04 14:00:00",WN,240,240,0,0,0.43333333333333335,0.0,10.416666666666666
"2025-02-04 14:00:00","2025-02-04 15:00:00",AA,116,116,0,0,3.6206896551724137,0.0,9.482758620689655
"2025-02-04 14:00:00","2025-02-04 15:00:00",DL,104,104,0,0,-3.605769230769231,0.0,5.769230769230769
"2025-02-04 14:00:00","2025-02-04 15:00:00",UA,103,102,1,0,7.068627450980392,0.970873786407767,11.764705882352942
"2025-02-04 14:00:00","2025-02-04 15:00:00",WN,197,197,0,0,-0.9035532994923858,0.0,6.091370558375634
"2025-02-04 15:00:00","2025-02-04 16:00:00",AA,111,111,0,0,-0.35135135135135137,0.0,8.108108108108109
"2025-02-04 15:00:00","2025-02-04 16:00:00",DL,156,156,0,0,7.846153846153846,0.0,10.256410256410257
"2025-02-04 15:00:00","2025-02-04 16:00:00",UA,74,74,0,0,-1.945945945945946,0.0,8.108108108108109
"2025-02-04 15:00:00","2025-02-04 16:00:00",WN,213,213,0,0,0.12206572769953052,0.0,5.633802816901408
"2025-02-04 16:00:00","2025-02-04 17:00:00",AA,111,111,0,0,-2.279279279279279,0.0,4.504504504504505
"2025-02-04 16:00:00","2025-02-04 17:00:00",DL,106,106,0,0,-3.2358490566037736,0.0,4.716981132075472
"2025-02-04 16:00:00","2025-02-04 17:00:00",UA,107,107,0,0,4.289719626168225,0.0,9.345794392523365
"2025-02-04 16:00:00","2025-02-04 17:00:00",WN,190,189,0,1,-0.7736842105263158,0.0,7.894736842105263
"2025-02-04 17:00:00","2025-02-04 18:00:00",AA,131,131,0,0,6.603053435114504,0.0,9.923664122137405
"2025-02-04 17:00:00","2025-02-04 18:00:00",DL,151,151,0,0,0.1390728476821192,0.0,9.271523178807946
"2025-02-04 17:00:00","2025-02-04 18:00:00",UA,124,123,0,1,-0.11290322580645161,0.0,7.258064516129032
"2025-02-04 17:00:00","2025-02-04 18:00:00",WN,181,181,0,0,-1.5193370165745856,0.0,6.077348066298343
"2025-02-04 18:00:00","2025-02-04 19:00:00",AA,134,133,0,1,1.5820895522388059,0.0,6.7164179104477615
"2025-02-04 18:00:00","2025-02-04 19:00:00",DL,138,138,0,0,-2.579710144927536,0.0,7.246376811594203
"2025-02-04 18:00:00","2025-02-04 19:00:00",UA,116,116,0,0,0.5775862068965517,0.0,11.206896551724139
"2025-02-04 18:00:00","2025-02-04 19:00:00",WN,262,262,0,0,-2.435114503816794,0.0,4.961832061068702
"2025-02-04 19:00:00","2025-02-04 20:00:00",AA,89,88,1,0,1.8295454545454546,1.1235955056179776,9.090909090909092
"2025-02-04 19:00:00","2025-02-04 20:00:00",DL,85,85,0,0,-5.4941176470588236,0.0,2.3529411764705883
"2025-02-04 19:00:00","2025-02-04 20:00:00",UA,82,80,0,2,7.109756097560975,0.0,12.195121951219512
"2025-02-04 19:00:00","2025-02-04 20:00:00",WN,103,103,0,0,-1.5242718446601942,0.0,10.679611650485437
"2025-02-04 20:00:00","2025-02-04 21:00:00",AA,73,73,0,0,-3.1095890410958904,0.0,5.47945205479452
"2025-02-04 20:00:00","2025-02-04 21:00:00",DL,62,62,0,0,-3.725806451612903,0.0,3.225806451612903
"2025-02-04 20:00:00","2025-02-04 21:00:00",UA,67,67,0,0,4.014925373134329,0.0,10.447761194029852
"2025-02-04 20:00:00","2025-02-04 21:00:00",WN,145,144,0,1,-2.268965517241379,0.0,4.827586206896552
"2025-02-04 21:00:00","2025-02-04 22:00:00",AA,74,74,0,0,-4.135135135135135,0.0,2.7027027027027026
"2025-02-04 21:00:00","2025-02-04 22:00:00",DL,61,60,0,1,6.918032786885246,0.0,11.475409836065573
"2025-02-04 21:00:00","2025-02-04 22:00:00",UA,21,21,0,0,-8.761904761904763,0.0,0.0
"2025-02-04 21:00:00","2025-02-04 22:00:00",WN,15,15,0,0,3.0,0.0,6.666666666666667
"2025-02-04 22:00:00","2025-02-04 23:00:00",AA,51,51,0,0,-0.6274509803921569,0.0,5.882352941176471
"2025-02-04 22:00:00","2025-02-04 23:00:00",DL,69,69,0,0,-6.0144927536231885,0.0,2.898550724637681
"2025-02-04 22:00:00","2025-02-04 23:00:00",UA,21,20,1,0,2.85,4.761904761904762,20.0
"2025-02-04 23:00:00","2025-02-05 00:00:00",AA,17,17,0,0,-6.588235294117647,0.0,0.0
"2025-02-04 23:00:00","2025-02-05 00:00:00",DL,16,16,0,0,0.375,0.0,6.25
"2025-02-04 23:00:00","2025-02-05 00:00:00",UA,22,22,0,0,0.5909090909090909,0.0,9.090909090909092
"2025-02-05 00:00:00","2025-02-05 01:00:00",AA,4,4,0,0,29.75,0.0,50.0
"2025-02-05 00:00:00","2025-02-05 01:00:00",UA,3,3,0,0,-4.333333333333333,0.0,0.0
"2025-02-05 01:00:00","2025-02-05 02:00:00",DL,2,2,0,0,61.5,0.0,50.0
"2025-02-05 01:00:00","2025-02-05 02:00:00",UA,1,1,0,0,-14.0,0.0,0.0
"2025-02-05 02:00:00","2025-02-05 03:00:00",UA,1,1,0,0,-12.0,0.0,0.0
"2025-02-05 05:00:00","2025-02-05 06:00:00",AA,73,73,0,0,6.136986301369863,0.0,1.36986301369863
"2025-02-05 05:00:00","2025-02-05 06:00:00",DL,57,57,0,0,-2.7017543859649122,0.0,3.508771929824561
"2025-02-05 05:00:00","2025-02-05 06:00:00",UA,23,23,0,0,41.78260869565217,0.0,17.391304347826086
"2025-02-05 05:00:00","2025-02-05 06:00:00",WN,27,27,0,0,-1.4074074074074074,0.0,3.7037037037037037
"2025-02-05 06:00:00","2025-02-05 07:00:00",AA,163,162,0,1,-1.8895705521472392,0.0,6.134969325153374
"2025-02-05 06:00:00","2025-02-05 07:00:00",DL,176,176,0,0,0.17613636363636365,0.0,5.113636363636363
"2025-02-05 06:00:00","2025-02-05 07:00:00",UA,111,111,0,0,3.4774774774774775,0.0,4.504504504504505
"2025-02-05 06:00:00","2025-02-05 07:00:00",WN,216,216,0,0,-3.5416666666666665,0.0,1.3888888888888888
"2025-02-05 07:00:00","2025-02-05 08:00:00",AA,158,158,0,0,8.417721518987342,0.0,7.594936708860759
"2025-02-05 07:00:00","2025-02-05 08:00:00",DL,210,210,0,0,-1.5333333333333334,0.0,5.238095238095238
"2025-02-05 07:00:00","2025-02-05 08:00:00",UA,148,148,0,0,-4.006756756756757,0.0,3.3783783783783785
"2025-02-05 07:00:00","2025-02-05 08:00:00",WN,186,186,0,0,-2.2688172043010755,0.0,3.763440860215054
"2025-02-05 08:00:00","2025-02-05 09:00:00",AA,172,171,0,1,-2.1686046511627906,0.0,4.651162790697675
"2025-02-05 08:00:00","2025-02-05 09:00:00",DL,164,164,0,0,-0.4817073170731707,0.0,6.097560975609756
"2025-02-05 08:00:00","2025-02-05 09:00:00",UA,164,164,0,0,0.9085365853658537,0.0,5.487804878048781
"2025-02-05 08:00:00","2025-02-05 09:00:00",WN,216,216,0,0,-2.550925925925926,0.0,3.240740740740741
"2025-02-05 09:00:00","2025-02-05 10:00:00",AA,119,118,0,1,3.176470588235294,0.0,5.882352941176471
"2025-02-05 09:00:00","2025-02-05 10:00:00",DL,114,114,0,0,-1.9473684210526316,0.0,6.140350877192983
"2025-02-05 09:00:00","2025-02-05 10:00:00",UA,129,128,0,1,2.503875968992248,0.0,11.627906976744185
"2025-02-05 09:00:00","2025-02-05 10:00:00",WN,211,209,1,1,-1.2619047619047619,0.47393364928909953,2.380952380952381
"2025-02-05 10:00:00","2025-02-05 11:00:00",AA,130,130,0,0,0.0,0.0,7.6923076923076925
"2025-02-05 10:00:00","2025-02-05 11:00:00",DL,146,146,0,0,1.0410958904109588,0.0,9.58904109589041
"2025-02-05 10:00:00","2025-02-05 11:00:00",UA,111,111,0,0,4.4324324324324325,0.0,9.90990990990991
"2025-02-05 10:00:00","2025-02-05 11:00:00",WN,197,196,0,1,-0.9796954314720813,0.0,4.568527918781726
"2025-02-05 11:00:00","2025-02-05 12:00:00",AA,129,128,0,1,26.68217054263566,0.0,13.953488372093023
"2025-02-05 11:00:00","2025-02-05 12:00:00",DL,165,165,0,0,-0.17575757575757575,0.0,8.484848484848484
"2025-02-05 11:00:00","2025-02-05 12:00:00",UA,104,103,0,1,5.778846153846154,0.0,14.423076923076923
"2025-02-05 11:00:00","2025-02-05 12:00:00",WN,242,241,0,1,0.39669421487603307,0.0,6.6115702479338845
"2025-02-05 12:00:00","2025-02-05 13:00:00",AA,126,126,0,0,4.634920634920635,0.0,15.873015873015873
"2025-02-05 12:00:00","2025-02-05 13:00:00",DL,152,151,1,0,-2.622516556291391,0.6578947368421053,5.960264900662252
"2025-02-05 12:00:00","2025-02-05 13:00:00",UA,127,127,0,0,2.409448818897638,0.0,7.874015748031496
"2025-02-05 12:00:00","2025-02-05 13:00:00",WN,172,172,0,0,0.046511627906976744,0.0,5.813953488372093
"2025-02-05 13:00:00","2025-02-05 14:00:00",AA,121,121,0,0,13.264462809917354,0.0,7.43801652892562
"2025-02-05 13:00:00","2025-02-05 14:00:00",DL,137,137,0,0,3.1094890510948905,0.0,10.94890510948905
"2025-02-05 13:00:00","2025-02-05 14:00:00",UA,128,127,1,0,13.551181102362206,0.78125,18.11023622047244
"2025-02-05 13:00:00","2025-02-05 14:00:00",WN,236,236,0,0,1.9533898305084745,0.0,8.474576271186441
"2025-02-05 14:00:00","2025-02-05 15:00:00",AA,123,123,0,0,8.235772357723578,0.0,8.130081300813009
"2025-02-05 14:00:00","2025-02-05 15:00:00",DL,107,107,0,0,-1.1962616822429906,0.0,9.345794392523365
"2025-02-05 14:00:00","2025-02-05 15:00:00",UA,101,101,0,0,16.96039603960396,0.0,14.851485148514852
"2025-02-05 14:00:00","2025-02-05 15:00:00",WN,183,183,0,0,0.6502732240437158,0.0,7.6502732240437155
"2025-02-05 15:00:00","2025-02-05 16:00:00",AA,113,112,1,0,4.955357142857143,0.8849557522123894,10.714285714285714
"2025-02-05 15:00:00","2025-02-05 16:00:00",DL,166,166,0,0,0.7710843373493976,0.0,9.63855421686747
"2025-02-05 15:00:00","2025-02-05 16:00:00",UA,81,81,0,0,8.123456790123457,0.0,13.580246913580247
"2025-02-05 15:00:00","2025-02-05 16:00:00",WN,227,227,0,0,6.136563876651983,0.0,14.977973568281937
"2025-02-05 16:00:00","2025-02-05 17:00:00",AA,114,114,0,0,0.6140350877192983,0.0,9.649122807017545
"2025-02-05 16:00:00","2025-02-05 17:00:00",DL,110,110,0,0,2.827272727272727,0.0,8.181818181818182
"2025-02-05 16:00:00","2025-02-05 17:00:00",UA,112,112,0,0,4.571428571428571,0.0,16.071428571428573
"2025-02-05 16:00:00","2025-02-05 17:00:00",WN,192,192,0,0,5.6875,0.0,14.0625
"2025-02-05 17:00:00","2025-02-05 18:00:00",AA,141,140,1,0,0.2857142857142857,0.7092198581560284,6.428571428571429
"2025-02-05 17:00:00","2025-02-05 18:00:00",DL,150,150,0,0,-0.3933333333333333,0.0,10.666666666666666
"2025-02-05 17:00:00","2025-02-05 18:00:00",UA,129,129,0,0,3.10077519379845,0.0,12.4031007751938
"2025-02-05 17:00:00","2025-02-05 18:00:00",WN,182,182,0,0,7.241758241758242,0.0,19.78021978021978
"2025-02-05 18:00:00","2025-02-05 19:00:00",AA,134,129,4,1,6.569230769230769,2.985074626865672,10.0
"2025-02-05 18:00:00","2025-02-05 19:00:00",DL,131,130,1,0,2.1384615384615384,0.7633587786259542,12.307692307692308
"2025-02-05 18:00:00","2025-02-05 19:00:00",UA,122,122,0,0,3.1557377049180326,0.0,12.295081967213115
"2025-02-05 18:00:00","2025-02-05 19:00:00",WN,252,251,0,1,4.48015873015873,0.0,15.873015873015873
"2025-02-05 19:00:00","2025-02-05 20:00:00",AA,101,98,3,0,13.561224489795919,2.9702970297029703,13.26530612244898
"2025-02-05 19:00:00","2025-02-05 20:00:00",DL,95,93,2,0,0.7634408602150538,2.1052631578947367,8.602150537634408
"2025-02-05 19:00:00","2025-02-05 20:00:00",UA,96,96,0,0,3.9270833333333335,0.0,16.666666666666668
"2025-02-05 19:00:00","2025-02-05 20:00:00",WN,102,102,0,0,3.892156862745098,0.0,14.705882352941176
"2025-02-05 20:00:00","2025-02-05 21:00:00",AA,79,77,2,0,9.623376623376624,2.5316455696202533,14.285714285714286
"2025-02-05 20:00:00","2025-02-05 21:00:00",DL,66,65,1,0,15.215384615384615,1.5151515151515151,7.6923076923076925
"2025-02-05 20:00:00","2025-02-05 21:00:00",UA,79,79,0,0,3.4050632911392404,0.0,10.126582278481013
"2025-02-05 20:00:00","2025-02-05 21:00:00",WN,157,155,0,2,3.089171974522293,0.0,14.012738853503185
"2025-02-05 21:00:00","2025-02-05 22:00:00",AA,74,73,1,0,22.164383561643834,1.3513513513513513,19.17808219178082
"2025-02-05 21:00:00","2025-02-05 22:00:00",DL,57,56,1,0,8.535714285714286,1.7543859649122806,7.142857142857143
"2025-02-05 21:00:00","2025-02-05 22:00:00",UA,25,25,0,0,-4.04,0.0,4.0
"2025-02-05 21:00:00","2025-02-05 22:00:00",WN,15,15,0,0,-2.533333333333333,0.0,0.0
"2025-02-05 22:00:00","2025-02-05 23:00:00",AA,51,49,2,0,-2.326530612244898,3.9215686274509802,6.122448979591836
"2025-02-05 22:00:00","2025-02-05 23:00:00",DL,77,73,0,4,5.077922077922078,0.0,3.896103896103896
"2025-02-05 22:00:00","2025-02-05 23:00:00",UA,20,20,0,0,-6.35,0.0,0.0
"2025-02-05 23:00:00","2025-02-06 00:00:00",AA,20,15,5,0,2.4,25.0,13.333333333333334
"2025-02-05 23:00:00","2025-02-06 00:00:00",DL,19,18,0,1,-3.0526315789473686,0.0,5.2631578947368425
"2025-02-05 23:00:00","2025-02-06 00:00:00",UA,27,27,0,0,-2.3333333333333335,0.0,3.7037037037037037
"2025-02-06 00:00:00","2025-02-06 01:00:00",AA,7,6,1,0,-1.5,14.285714285714286,0.0
"2025-02-06 00:00:00","2025-02-06 01:00:00",DL,1,1,0,0,-6.0,0.0,0.0
"2025-02-06 00:00:00","2025-02-06 01:00:00",UA,3,3,0,0,25.0,0.0,33.333333333333336
"2025-02-06 01:00:00","2025-02-06 02:00:00",DL,2,2,0,0,21.5,0.0,50.0
"2025-02-06 01:00:00","2025-02-06 02:00:00",UA,1,1,0,0,-16.0,0.0,0.0
"2025-02-06 02:00:00","2025-02-06 03:00:00",UA,1,1,0,0,1.0,0.0,0.0
"2025-02-06 05:00:00","2025-02-06 06:00:00",AA,98,95,3,0,1.6736842105263159,3.061224489795918,7.368421052631579
"2025-02-06 05:00:00","2025-02-06 06:00:00",DL,62,62,0,0,14.935483870967742,0.0,6.451612903225806
"2025-02-06 05:00:00","2025-02-06 06:00:00",UA,23,23,0,0,4.739130434782608,0.0,13.043478260869565
"2025-02-06 05:00:00","2025-02-06 06:00:00",WN,85,84,1,0,-0.9404761904761905,1.1764705882352942,2.380952380952381
"2025-02-06 06:00:00","2025-02-06 07:00:00",AA,163,147,16,0,12.700680272108844,9.815950920245399,8.16326530612245
"2025-02-06 06:00:00","2025-02-06 07:00:00",DL,176,173,3,0,12.514450867052023,1.7045454545454546,10.982658959537572
"2025-02-06 06:00:00","2025-02-06 07:00:00",UA,108,107,1,0,4.88785046728972,0.9259259259259259,10.280373831775702
"2025-02-06 06:00:00","2025-02-06 07:00:00",WN,279,276,2,1,2.4259927797833933,0.7168458781362007,11.191335740072201
"2025-02-06 07:00:00","2025-02-06 08:00:00",AA,199,189,9,1,2.4894736842105263,4.522613065326633,9.473684210526315
"2025-02-06 07:00:00","2025-02-06 08:00:00",DL,223,220,3,0,5.709090909090909,1.345291479820628,8.636363636363637
"2025-02-06 07:00:00","2025-02-06 08:00:00",UA,169,169,0,0,5.958579881656805,0.0,15.976331360946746
"2025-02-06 07:00:00","2025-02-06 08:00:00",WN,205,204,0,1,3.297560975609756,0.0,6.829268292682927
"2025-02-06 08:00:00","2025-02-06 09:00:00",AA,184,169,15,0,7.674556213017752,8.152173913043478,17.159763313609467
"2025-02-06 08:00:00","2025-02-06 09:00:00",DL,170,168,2,0,13.351190476190476,1.1764705882352942,19.047619047619047
"2025-02-06 08:00:00","2025-02-06 09:00:00",UA,180,179,1,0,13.251396648044693,0.5555555555555556,22.3463687150838
"2025-02-06 08:00:00","2025-02-06 09:00:00",WN,251,248,3,0,4.209677419354839,1.1952191235059761,13.306451612903226
"2025-02-06 09:00:00","2025-02-06 10:00:00",AA,112,105,7,0,11.40952380952381,6.25,16.19047619047619
"2025-02-06 09:00:00","2025-02-06 10:00:00",DL,118,118,0,0,2.6186440677966103,0.0,10.169491525423728
"2025-02-06 09:00:00","2025-02-06 10:00:00",UA,140,139,1,0,15.29496402877698,0.7142857142857143,23.02158273381295
"2025-02-06 09:00:00","2025-02-06 10:00:00",WN,197,197,0,0,6.025380710659898,0.0,18.781725888324875
"2025-02-06 10:00:00","2025-02-06 11:00:00",AA,140,134,6,0,8.634328358208956,4.285714285714286,20.149253731343283
"2025-02-06 10:00:00","2025-02-06 11:00:00",DL,158,158,0,0,12.183544303797468,0.0,23.417721518987342
"2025-02-06 10:00:00","2025-02-06 11:00:00",UA,115,114,1,0,23.31578947368421,0.8695652173913043,33.333333333333336
"2025-02-06 10:00:00","2025-02-06 11:00:00",WN,232,232,0,0,4.918103448275862,0.0,12.5
"2025-02-06 11:00:00","2025-02-06 12:00:00",AA,145,141,4,0,14.553191489361701,2.7586206896551726,21.98581560283688
"2025-02-06 11:00:00","2025-02-06 12:00:00",DL,166,166,0,0,11.265060240963855,0.0,30.72289156626506
"2025-02-06 11:00:00","2025-02-06 12:00:00",UA,104,103,1,0,19.37864077669903,0.9615384615384616,37.86407766990291
"2025-02-06 11:00:00","2025-02-06 12:00:00",WN,192,191,0,1,8.25,0.0,18.75
"2025-02-06 12:00:00","2025-02-06 13:00:00",AA,116,112,4,0,21.955357142857142,3.4482758620689653,20.535714285714285
"2025-02-06 12:00:00","2025-02-06 13:00:00",DL,159,155,4,0,17.496774193548386,2.5157232704402515,34.193548387096776
"2025-02-06 12:00:00","2025-02-06 13:00:00",UA,123,123,0,0,20.951219512195124,0.0,34.146341463414636
"2025-02-06 12:00:00","2025-02-06 13:00:00",WN,199,198,1,0,8.631313131313131,0.5025125628140703,18.181818181818183
"2025-02-06 13:00:00","2025-02-06 14:00:00",AA,137,135,2,0,18.57037037037037,1.4598540145985401,25.185185185185187
"2025-02-06 13:00:00","2025-02-06 14:00:00",DL,144,144,0,0,14.430555555555555,0.0,27.083333333333332
"2025-02-06 13:00:00","2025-02-06 14:00:00",UA,131,130,1,0,22.015384615384615,0.7633587786259542,33.84615384615385
"2025-02-06 13:00:00","2025-02-06 14:00:00",WN,239,239,0,0,6.953974895397489,0.0,18.410041841004183
"2025-02-06 14:00:00","2025-02-06 15:00:00",AA,147,146,1,0,10.136986301369863,0.6802721088435374,27.397260273972602
"2025-02-06 14:00:00","2025-02-06 15:00:00",DL,124,124,0,0,14.387096774193548,0.0,28.225806451612904
"2025-02-06 14:00:00","2025-02-06 15:00:00",UA,113,113,0,0,27.353982300884955,0.0,36.283185840707965
"2025-02-06 14:00:00","2025-02-06 15:00:00",WN,212,210,1,1,8.777251184834123,0.4716981132075472,19.90521327014218
"2025-02-06 15:00:00","2025-02-06 16:00:00",AA,118,117,1,0,15.897435897435898,0.847457627118644,21.367521367521366
"2025-02-06 15:00:00","2025-02-06 16:00:00",DL,180,178,0,2,18.983333333333334,0.0,35.55555555555556
"2025-02-06 15:00:00","2025-02-06 16:00:00",UA,91,91,0,0,36.69230769230769,0.0,40.65934065934066
"2025-02-06 15:00:00","2025-02-06 16:00:00",WN,221,221,0,0,12.538461538461538,0.0,19.90950226244344
"2025-02-06 16:00:00","2025-02-06 17:00:00",AA,139,138,1,0,15.971014492753623,0.7194244604316546,27.536231884057973
"2025-02-06 16:00:00","2025-02-06 17:00:00",DL,123,122,1,0,15.89344262295082,0.8130081300813008,23.770491803278688
"2025-02-06 16:00:00","2025-02-06 17:00:00",UA,120,117,1,2,16.478991596638654,0.8333333333333334,21.84873949579832
"2025-02-06 16:00:00","2025-02-06 17:00:00",WN,193,191,0,2,13.637305699481866,0.0,19.689119170984455
"2025-02-06 17:00:00","2025-02-06 18:00:00",AA,137,137,0,0,13.408759124087592,0.0,23.357664233576642
"2025-02-06 17:00:00","2025-02-06 18:00:00",DL,148,148,0,0,20.60810810810811,0.0,31.08108108108108
"2025-02-06 17:00:00","2025-02-06 18:00:00",UA,132,131,1,0,23.412213740458014,0.7575757575757576,24.427480916030536
"2025-02-06 17:00:00","2025-02-06 18:00:00",WN,200,198,2,0,8.88888888888889,1.0,15.656565656565656
"2025-02-06 18:00:00","2025-02-06 19:00:00",AA,168,168,0,0,15.517857142857142,0.0,17.261904761904763
"2025-02-06 18:00:00","2025-02-06 19:00:00",DL,153,153,0,0,16.856209150326798,0.0,30.065359477124183
"2025-02-06 18:00:00","2025-02-06 19:00:00",UA,139,138,0,1,32.69064748201439,0.0,43.884892086330936
"2025-02-06 18:00:00","2025-02-06 19:00:00",WN,221,221,0,0,13.438914027149321,0.0,20.361990950226243
"2025-02-06 19:00:00","2025-02-06 20:00:00",AA,137,137,0,0,9.941605839416058,0.0,21.16788321167883
"2025-02-06 19:00:00","2025-02-06 20:00:00",DL,130,130,0,0,15.238461538461538,0.0,27.692307692307693
"2025-02-06 19:00:00","2025-02-06 20:00:00",UA,98,96,1,1,34.63917525773196,1.0204081632653061,48.45360824742268
"2025-02-06 19:00:00","2025-02-06 20:00:00",WN,256,256,0,0,12.02734375,0.0,21.875
"2025-02-06 20:00:00","2025-02-06 21:00:00",AA,116,116,0,0,8.077586206896552,0.0,18.96551724137931
"2025-02-06 20:00:00","2025-02-06 21:00:00",DL,92,91,0,1,15.173913043478262,0.0,27.17391304347826
"2025-02-06 20:00:00","2025-02-06 21:00:00",UA,84,84,0,0,25.178571428571427,0.0,41.666666666666664
"2025-02-06 20:00:00","2025-02-06 21:00:00",WN,169,168,1,0,10.898809523809524,0.591715976331361,20.833333333333332
"2025-02-06 21:00:00","2025-02-06 22:00:00",AA,74,72,0,2,15.567567567567568,0.0,25.675675675675677
"2025-02-06 21:00:00","2025-02-06 22:00:00",DL,72,72,0,0,20.958333333333332,0.0,33.333333333333336
"2025-02-06 21:00:00","2025-02-06 22:00:00",UA,31,31,0,0,26.967741935483872,0.0,54.83870967741935
"2025-02-06 21:00:00","2025-02-06 22:00:00",WN,145,144,1,0,8.569444444444445,0.6896551724137931,14.583333333333334
"2025-02-06 22:00:00","2025-02-06 23:00:00",AA,76,76,0,0,15.421052631578947,0.0,18.42105263157895
"2025-02-06 22:00:00","2025-02-06 23:00:00",DL,74,74,0,0,12.364864864864865,0.0,14.864864864864865
"2025-02-06 22:00:00","2025-02-06 23:00:00",UA,24,24,0,0,29.291666666666668,0.0,41.666666666666664
"2025-02-06 22:00:00","2025-02-06 23:00:00",WN,3,3,0,0,2.6666666666666665,0.0,33.333333333333336
"2025-02-06 23:00:00","2025-02-07 00:00:00",AA,27,27,0,0,38.74074074074074,0.0,29.62962962962963
"2025-02-06 23:00:00","2025-02-07 00:00:00",DL,24,24,0,0,1.0416666666666667,0.0,12.5
"2025-02-06 23:00:00","2025-02-07 00:00:00",UA,29,29,0,0,7.827586206896552,0.0,24.137931034482758
"2025-02-07 00:00:00","2025-02-07 01:00:00",AA,8,8,0,0,0.375,0.0,12.5
"2025-02-07 00:00:00","2025-02-07 01:00:00",DL,1,1,0,0,-6.0,0.0,0.0
"2025-02-07 00:00:00","2025-02-07 01:00:00",UA,3,3,0,0,19.666666666666668,0.0,66.66666666666667
"2025-02-07 01:00:00","2025-02-07 02:00:00",AA,1,1,0,0,6.0,0.0,0.0
"2025-02-07 01:00:00","2025-02-07 02:00:00",DL,2,2,0,0,-6.5,0.0,0.0
"2025-02-07 01:00:00","2025-02-07 02:00:00",UA,1,1,0,0,0.0,0.0,0.0
"2025-02-07 02:00:00","2025-02-07 03:00:00",UA,1,1,0,0,-11.0,0.0,0.0
"2025-02-07 05:00:00","2025-02-07 06:00:00",AA,100,99,1,0,-4.040404040404041,1.0,2.0202020202020203
"2025-02-07 05:00:00","2025-02-07 06:00:00",DL,61,61,0,0,14.475409836065573,0.0,8.19672131147541
"2025-02-07 05:00:00","2025-02-07 06:00:00",UA,23,23,0,0,-2.869565217391304,0.0,4.3478260869565215
"2025-02-07 05:00:00","2025-02-07 06:00:00",WN,96,96,0,0,0.5,0.0,1.0416666666666667
"2025-02-07 06:00:00","2025-02-07 07:00:00",AA,167,167,0,0,13.461077844311378,0.0,4.790419161676646
"2025-02-07 06:00:00","2025-02-07 07:00:00",DL,174,173,1,0,2.6820809248554913,0.5747126436781609,8.092485549132949
"2025-02-07 06:00:00","2025-02-07 07:00:00",UA,107,107,0,0,-5.0,0.0,0.9345794392523364
"2025-02-07 06:00:00","2025-02-07 07:00:00",WN,267,263,4,0,-1.8479087452471483,1.4981273408239701,3.802281368821293
"2025-02-07 07:00:00","2025-02-07 08:00:00",AA,200,200,0,0,6.2,0.0,8.0
"2025-02-07 07:00:00","2025-02-07 08:00:00",DL,221,221,0,0,1.4751131221719458,0.0,6.334841628959276
"2025-02-07 07:00:00","2025-02-07 08:00:00",UA,158,158,0,0,7.2974683544303796,0.0,6.962025316455696
"2025-02-07 07:00:00","2025-02-07 08:00:00",WN,200,200,0,0,-1.395,0.0,3.0
"2025-02-07 08:00:00","2025-02-07 09:00:00",AA,196,194,0,2,2.0153061224489797,0.0,11.224489795918368
"2025-02-07 08:00:00","2025-02-07 09:00:00",DL,175,174,1,0,2.0057471264367814,0.5714285714285714,8.045977011494253
"2025-02-07 08:00:00","2025-02-07 09:00:00",UA,186,186,0,0,5.048387096774194,0.0,9.13978494623656
"2025-02-07 08:00:00","2025-02-07 09:00:00",WN,268,266,2,0,3.601503759398496,0.746268656716418,7.142857142857143
"2025-02-07 09:00:00","2025-02-07 10:00:00",AA,122,122,0,0,7.827868852459017,0.0,9.01639344262295
"2025-02-07 09:00:00","2025-02-07 10:00:00",DL,118,118,0,0,-0.4067796610169492,0.0,8.474576271186441
"2025-02-07 09:00:00","2025-02-07 10:00:00",UA,147,146,1,0,-0.6301369863013698,0.6802721088435374,4.794520547945205
"2025-02-07 09:00:00","2025-02-07 10:00:00",WN,205,204,1,0,0.6323529411764706,0.4878048780487805,7.8431372549019605
"2025-02-07 10:00:00","2025-02-07 11:00:00",AA,138,138,0,0,1.3115942028985508,0.0,5.072463768115942
"2025-02-07 10:00:00","2025-02-07 11:00:00",DL,154,154,0,0,3.5974025974025974,0.0,14.285714285714286
"2025-02-07 10:00:00","2025-02-07 11:00:00",UA,119,119,0,0,0.0,0.0,5.882352941176471
"2025-02-07 10:00:00","2025-02-07 11:00:00",WN,229,228,1,0,2.8464912280701755,0.4366812227074236,11.842105263157896
"2025-02-07 11:00:00","2025-02-07 12:00:00",AA,145,145,0,0,5.0137931034482754,0.0,10.344827586206897
"2025-02-07 11:00:00","2025-02-07 12:00:00",DL,177,177,0,0,7.47457627118644,0.0,12.429378531073446
"2025-02-07 11:00:00","2025-02-07 12:00:00",UA,112,111,0,1,3.1517857142857144,0.0,8.928571428571429
"2025-02-07 11:00:00","2025-02-07 12:00:00",WN,216,216,0,0,2.138888888888889,0.0,6.944444444444445
"2025-02-07 12:00:00","2025-02-07 13:00:00",AA,129,129,0,0,29.813953488372093,0.0,14.728682170542635
"2025-02-07 12:00:00","2025-02-07 13:00:00",DL,167,166,0,1,5.3053892215568865,0.0,12.574850299401197
"2025-02-07 12:00:00","2025-02-07 13:00:00",UA,128,126,2,0,1.1746031746031746,1.5625,7.936507936507937
"2025-02-07 12:00:00","2025-02-07 13:00:00",WN,214,214,0,0,3.953271028037383,0.0,12.616822429906541
"2025-02-07 13:00:00","2025-02-07 14:00:00",AA,121,121,0,0,11.96694214876033,0.0,16.52892561983471
"2025-02-07 13:00:00","2025-02-07 14:00:00",DL,138,138,0,0,8.123188405797102,0.0,17.391304347826086
"2025-02-07 13:00:00","2025-02-07 14:00:00",UA,128,128,0,0,5.5625,0.0,9.375
"2025-02-07 13:00:00","2025-02-07 14:00:00",WN,237,236,0,1,5.219409282700422,0.0,15.611814345991561
"2025-02-07 14:00:00","2025-02-07 15:00:00",AA,133,133,0,0,14.428571428571429,0.0,15.037593984962406
"2025-02-07 14:00:00","2025-02-07 15:00:00",DL,120,120,0,0,4.925,0.0,16.666666666666668
"2025-02-07 14:00:00","2025-02-07 15:00:00",UA,108,108,0,0,-0.3425925925925926,0.0,7.407407407407407
"2025-02-07 14:00:00","2025-02-07 15:00:00",WN,193,193,0,0,6.575129533678757,0.0,18.134715025906736
"2025-02-07 15:00:00","2025-02-07 16:00:00",AA,113,113,0,0,10.389380530973451,0.0,13.274336283185841
"2025-02-07 15:00:00","2025-02-07 16:00:00",DL,168,168,0,0,4.053571428571429,0.0,13.095238095238095
"2025-02-07 15:00:00","2025-02-07 16:00:00",UA,87,87,0,0,-0.3448275862068966,0.0,8.045977011494253
"2025-02-07 15:00:00","2025-02-07 16:00:00",WN,220,220,0,0,8.25909090909091,0.0,23.181818181818183
"2025-02-07 16:00:00","2025-02-07 17:00:00",AA,123,123,0,0,4.032520325203252,0.0,15.447154471544716
"2025-02-07 16:00:00","2025-02-07 17:00:00",DL,122,122,0,0,4.491803278688525,0.0,15.573770491803279
"2025-02-07 16:00:00","2025-02-07 17:00:00",UA,116,116,0,0,4.181034482758621,0.0,12.931034482758621
"2025-02-07 16:00:00","2025-02-07 17:00:00",WN,204,204,0,0,8.588235294117647,0.0,25.0
"2025-02-07 17:00:00","2025-02-07 18:00:00",AA,144,144,0,0,3.5347222222222223,0.0,12.5
"2025-02-07 17:00:00","2025-02-07 18:00:00",DL,155,155,0,0,6.083870967741936,0.0,16.129032258064516
"2025-02-07 17:00:00","2025-02-07 18:00:00",UA,130,130,0,0,2.546153846153846,0.0,13.076923076923077
"2025-02-07 17:00:00","2025-02-07 18:00:00",WN,208,207,0,1,8.057692307692308,0.0,20.673076923076923
"2025-02-07 18:00:00","2025-02-07 19:00:00",AA,147,147,0,0,1.5850340136054422,0.0,9.523809523809524
"2025-02-07 18:00:00","2025-02-07 19:00:00",DL,156,156,0,0,1.3333333333333333,0.0,10.256410256410257
"2025-02-07 18:00:00","2025-02-07 19:00:00",UA,140,139,0,1,0.3142857142857143,0.0,9.285714285714286
"2025-02-07 18:00:00","2025-02-07 19:00:00",WN,222,222,0,0,5.400900900900901,0.0,15.765765765765765
"2025-02-07 19:00:00","2025-02-07 20:00:00",AA,106,106,0,0,1.9339622641509433,0.0,15.09433962264151
"2025-02-07 19:00:00","2025-02-07 20:00:00",DL,132,132,0,0,0.9242424242424242,0.0,12.121212121212121
"2025-02-07 19:00:00","2025-02-07 20:00:00",UA,101,100,0,1,0.5445544554455446,0.0,6.930693069306931
"2025-02-07 19:00:00","2025-02-07 20:00:00",WN,260,260,0,0,6.2384615384615385,0.0,17.307692307692307
"2025-02-07 20:00:00","2025-02-07 21:00:00",AA,81,81,0,0,1.9135802469135803,0.0,11.11111111111111
"2025-02-07 20:00:00","2025-02-07 21:00:00",DL,92,92,0,0,0.5760869565217391,0.0,8.695652173913043
"2025-02-07 20:00:00","2025-02-07 21:00:00",UA,83,83,0,0,12.578313253012048,0.0,8.433734939759036
"2025-02-07 20:00:00","2025-02-07 21:00:00",WN,168,168,0,0,4.934523809523809,0.0,19.047619047619047
"2025-02-07 21:00:00","2025-02-07 22:00:00",AA,75,75,0,0,5.026666666666666,0.0,13.333333333333334
"2025-02-07 21:00:00","2025-02-07 22:00:00",DL,74,73,1,0,0.4657534246575342,1.3513513513513513,6.8493150684931505
"2025-02-07 21:00:00","2025-02-07 22:00:00",UA,29,29,0,0,6.241379310344827,0.0,3.4482758620689653
"2025-02-07 21:00:00","2025-02-07 22:00:00",WN,133,132,0,1,1.699248120300752,0.0,13.533834586466165
"2025-02-07 22:00:00","2025-02-07 23:00:00",AA,46,46,0,0,-0.21739130434782608,0.0,13.043478260869565
"2025-02-07 22:00:00","2025-02-07 23:00:00",DL,84,84,0,0,-1.0357142857142858,0.0,10.714285714285714
"2025-02-07 22:00:00","2025-02-07 23:00:00",UA,22,22,0,0,-0.5454545454545454,0.0,13.636363636363637
"2025-02-07 22:00:00","2025-02-07 23:00:00",WN,2,2,0,0,-6.5,0.0,0.0
"2025-02-07 23:00:00","2025-02-08 00:00:00",AA,22,22,0,0,41.59090909090909,0.0,9.090909090909092
"2025-02-07 23:00:00","2025-02-08 00:00:00",DL,24,24,0,0,2.0833333333333335,0.0,16.666666666666668
"2025-02-07 23:00:00","2025-02-08 00:00:00",UA,30,30,0,0,-1.5,0.0,6.666666666666667
"2025-02-08 00:00:00","2025-02-08 01:00:00",AA,5,5,0,0,-3.6,0.0,0.0
"2025-02-08 00:00:00","2025-02-08 01:00:00",DL,1,1,0,0,-13.0,0.0,0.0
"2025-02-08 00:00:00","2025-02-08 01:00:00",UA,3,3,0,0,-5.0,0.0,0.0
"2025-02-08 01:00:00","2025-02-08 02:00:00",DL,2,2,0,0,6.0,0.0,0.0
"2025-02-08 01:00:00","2025-02-08 02:00:00",UA,1,1,0,0,-2.0,0.0,0.0
"2025-02-08 02:00:00","2025-02-08 03:00:00",UA,1,1,0,0,-10.0,0.0,0.0
"2025-02-08 05:00:00","2025-02-08 06:00:00",AA,76,76,0,0,2.3026315789473686,0.0,9.210526315789474
"2025-02-08 05:00:00","2025-02-08 06:00:00",DL,55,55,0,0,1.5636363636363637,0.0,9.090909090909092
"2025-02-08 05:00:00","2025-02-08 06:00:00",UA,24,24,0,0,-3.9583333333333335,0.0,4.166666666666667
"2025-02-08 05:00:00","2025-02-08 06:00:00",WN,55,55,0,0,-2.2545454545454544,0.0,1.8181818181818181
"2025-02-08 06:00:00","2025-02-08 07:00:00",AA,159,157,0,2,0.4779874213836478,0.0,6.918238993710692
"2025-02-08 06:00:00","2025-02-08 07:00:00",DL,162,162,0,0,-2.314814814814815,0.0,3.0864197530864197
"2025-02-08 06:00:00","2025-02-08 07:00:00",UA,108,108,0,0,-5.4907407407407405,0.0,0.9259259259259259
"2025-02-08 06:00:00","2025-02-08 07:00:00",WN,180,180,0,0,-0.8777777777777778,0.0,3.888888888888889
"2025-02-08 07:00:00","2025-02-08 08:00:00",AA,147,146,1,0,0.3698630136986301,0.6802721088435374,8.904109589041095
"2025-02-08 07:00:00","2025-02-08 08:00:00",DL,189,189,0,0,-1.4550264550264551,0.0,6.878306878306878
"2025-02-08 07:00:00","2025-02-08 08:00:00",UA,148,148,0,0,1.0675675675675675,0.0,7.4324324324324325
"2025-02-08 07:00:00","2025-02-08 08:00:00",WN,190,190,0,0,-0.7105263157894737,0.0,2.6315789473684212
"2025-02-08 08:00:00","2025-02-08 09:00:00",AA,159,159,0,0,0.4276729559748428,0.0,6.918238993710692
"2025-02-08 08:00:00","2025-02-08 09:00:00",DL,138,138,0,0,5.463768115942029,0.0,10.869565217391305
"2025-02-08 08:00:00","2025-02-08 09:00:00",UA,152,152,0,0,-2.3421052631578947,0.0,2.6315789473684212
"2025-02-08 08:00:00","2025-02-08 09:00:00",WN,215,214,0,1,-1.1767441860465115,0.0,3.7209302325581395
"2025-02-08 09:00:00","2025-02-08 10:00:00",AA,115,114,1,0,17.49122807017544,0.8695652173913043,12.280701754385966
"2025-02-08 09:00:00","2025-02-08 10:00:00",DL,118,118,0,0,4.864406779661017,0.0,10.169491525423728
"2025-02-08 09:00:00","2025-02-08 10:00:00",UA,127,127,0,0,-0.9763779527559056,0.0,4.724409448818897
"2025-02-08 09:00:00","2025-02-08 10:00:00",WN,217,216,1,0,-1.4907407407407407,0.4608294930875576,4.166666666666667
"2025-02-08 10:00:00","2025-02-08 11:00:00",AA,120,120,0,0,1.175,0.0,10.0
"2025-02-08 10:00:00","2025-02-08 11:00:00",DL,121,121,0,0,0.9586776859504132,0.0,8.264462809917354
"2025-02-08 10:00:00","2025-02-08 11:00:00",UA,106,106,0,0,2.509433962264151,0.0,11.320754716981131
"2025-02-08 10:00:00","2025-02-08 11:00:00",WN,200,200,0,0,-0.355,0.0,5.5
"2025-02-08 11:00:00","2025-02-08 12:00:00",AA,135,133,2,0,5.353383458646617,1.4814814814814814,12.781954887218046
"2025-02-08 11:00:00","2025-02-08 12:00:00",DL,166,166,0,0,6.36144578313253,0.0,15.662650602409638
"2025-02-08 11:00:00","2025-02-08 12:00:00",UA,106,106,0,0,6.60377358490566,0.0,10.377358490566039
"2025-02-08 11:00:00","2025-02-08 12:00:00",WN,227,226,1,0,1.1150442477876106,0.44052863436123346,6.6371681415929205
"2025-02-08 12:00:00","2025-02-08 13:00:00",AA,103,103,0,0,17.699029126213592,0.0,8.737864077669903
"2025-02-08 12:00:00","2025-02-08 13:00:00",DL,132,132,0,0,15.295454545454545,0.0,18.939393939393938
"2025-02-08 12:00:00","2025-02-08 13:00:00",UA,108,107,1,0,1.1121495327102804,0.9259259259259259,9.345794392523365
"2025-02-08 12:00:00","2025-02-08 13:00:00",WN,176,175,1,0,0.5828571428571429,0.5681818181818182,6.857142857142857
"2025-02-08 13:00:00","2025-02-08 14:00:00",AA,110,108,2,0,8.296296296296296,1.8181818181818181,18.51851851851852
"2025-02-08 13:00:00","2025-02-08 14:00:00",DL,117,117,0,0,3.7777777777777777,0.0,11.965811965811966
"2025-02-08 13:00:00","2025-02-08 14:00:00",UA,113,113,0,0,2.106194690265487,0.0,9.734513274336283
"2025-02-08 13:00:00","2025-02-08 14:00:00",WN,184,184,0,0,3.1630434782608696,0.0,10.326086956521738
"2025-02-08 14:00:00","2025-02-08 15:00:00",AA,106,103,3,0,3.70873786407767,2.830188679245283,15.533980582524272
"2025-02-08 14:00:00","2025-02-08 15:00:00",DL,97,96,0,1,4.22680412371134,0.0,18.556701030927837
"2025-02-08 14:00:00","2025-02-08 15:00:00",UA,93,93,0,0,0.5161290322580645,0.0,7.526881720430108
"2025-02-08 14:00:00","2025-02-08 15:00:00",WN,203,203,0,0,2.7142857142857144,0.0,9.852216748768473
"2025-02-08 15:00:00","2025-02-08 16:00:00",AA,101,97,4,0,-0.31958762886597936,3.9603960396039604,9.278350515463918
"2025-02-08 15:00:00","2025-02-08 16:00:00",DL,129,128,0,1,4.62015503875969,0.0,14.728682170542635
"2025-02-08 15:00:00","2025-02-08 16:00:00",UA,67,67,0,0,5.731343283582089,0.0,19.402985074626866
"2025-02-08 15:00:00","2025-02-08 16:00:00",WN,181,181,0,0,6.392265193370166,0.0,16.022099447513813
"2025-02-08 16:00:00","2025-02-08 17:00:00",AA,112,103,9,0,1.3106796116504855,8.035714285714286,10.679611650485437
"2025-02-08 16:00:00","2025-02-08 17:00:00",DL,92,91,0,1,0.14130434782608695,0.0,8.695652173913043
"2025-02-08 16:00:00","2025-02-08 17:00:00",UA,93,93,0,0,2.78494623655914,0.0,12.903225806451612
"2025-02-08 16:00:00","2025-02-08 17:00:00",WN,181,181,0,0,3.5193370165745854,0.0,14.917127071823204
"2025-02-08 17:00:00","2025-02-08 18:00:00",AA,144,130,13,1,5.351145038167939,9.027777777777779,17.557251908396946
"2025-02-08 17:00:00","2025-02-08 18:00:00",DL,151,150,0,1,18.556291390728475,0.0,22.516556291390728
"2025-02-08 17:00:00","2025-02-08 18:00:00",UA,126,124,1,1,4.432,0.7936507936507936,15.2
"2025-02-08 17:00:00","2025-02-08 18:00:00",WN,189,188,0,1,3.878306878306878,0.0,16.402116402116402
"2025-02-08 18:00:00","2025-02-08 19:00:00",AA,138,119,18,1,13.075,13.043478260869565,7.5
"2025-02-08 18:00:00","2025-02-08 19:00:00",DL,104,104,0,0,12.576923076923077,0.0,14.423076923076923
"2025-02-08 18:00:00","2025-02-08 19:00:00",UA,106,103,2,1,7.903846153846154,1.8867924528301887,21.153846153846153
"2025-02-08 18:00:00","2025-02-08 19:00:00",WN,151,151,0,0,7.483443708609271,0.0,19.205298013245034
"2025-02-08 19:00:00","2025-02-08 20:00:00",AA,94,76,18,0,15.25,19.148936170212767,17.105263157894736
"2025-02-08 19:00:00","2025-02-08 20:00:00",DL,76,74,1,1,38.04,1.3157894736842106,16.0
"2025-02-08 19:00:00","2025-02-08 20:00:00",UA,75,75,0,0,0.9733333333333334,0.0,16.0
"2025-02-08 19:00:00","2025-02-08 20:00:00",WN,76,76,0,0,11.394736842105264,0.0,36.8421052631579
"2025-02-08 20:00:00","2025-02-08 21:00:00",AA,77,67,9,1,3.926470588235294,11.688311688311689,11.764705882352942
"2025-02-08 20:00:00","2025-02-08 21:00:00",DL,59,56,3,0,25.392857142857142,5.084745762711864,16.071428571428573
"2025-02-08 20:00:00","2025-02-08 21:00:00",UA,74,69,4,1,12.285714285714286,5.405405405405405,25.714285714285715
"2025-02-08 20:00:00","2025-02-08 21:00:00",WN,35,35,0,0,4.714285714285714,0.0,11.428571428571429
"2025-02-08 21:00:00","2025-02-08 22:00:00",AA,78,71,6,1,1.4305555555555556,7.6923076923076925,9.722222222222221
"2025-02-08 21:00:00","2025-02-08 22:00:00",DL,64,64,0,0,23.0625,0.0,15.625
"2025-02-08 21:00:00","2025-02-08 22:00:00",UA,22,20,2,0,126.15,9.090909090909092,55.0
"2025-02-08 21:00:00","2025-02-08 22:00:00",WN,3,3,0,0,-5.666666666666667,0.0,0.0
"2025-02-08 22:00:00","2025-02-08 23:00:00",AA,59,52,7,0,6.730769230769231,11.864406779661017,9.615384615384615
"2025-02-08 22:00:00","2025-02-08 23:00:00",DL,65,65,0,0,22.338461538461537,0.0,12.307692307692308
"2025-02-08 22:00:00","2025-02-08 23:00:00",UA,23,22,1,0,8.272727272727273,4.3478260869565215,13.636363636363637
"2025-02-08 23:00:00","2025-02-09 00:00:00",AA,22,18,4,0,0.2222222222222222,18.181818181818183,11.11111111111111
"2025-02-08 23:00:00","2025-02-09 00:00:00",DL,19,19,0,0,2.8421052631578947,0.0,10.526315789473685
"2025-02-08 23:00:00","2025-02-09 00:00:00",UA,26,24,0,2,18.115384615384617,0.0,23.076923076923077
"2025-02-09 00:00:00","2025-02-09 01:00:00",AA,6,6,0,0,-4.5,0.0,0.0
"2025-02-09 00:00:00","2025-02-09 01:00:00",DL,1,1,0,0,-9.0,0.0,0.0
"2025-02-09 00:00:00","2025-02-09 01:00:00",UA,3,3,0,0,27.666666666666668,0.0,33.333333333333336
"2025-02-09 01:00:00","2025-02-09 02:00:00",DL,2,2,0,0,-11.5,0.0,0.0
"2025-02-09 01:00:00","2025-02-09 02:00:00",UA,1,1,0,0,3.0,0.0,0.0
"2025-02-09 02:00:00","2025-02-09 03:00:00",UA,1,1,0,0,-7.0,0.0,0.0
"2025-02-09 05:00:00","2025-02-09 06:00:00",AA,87,77,10,0,7.51948051948052,11.494252873563218,9.090909090909092
"2025-02-09 05:00:00","2025-02-09 06:00:00",DL,56,56,0,0,17.821428571428573,0.0,14.285714285714286
"2025-02-09 05:00:00","2025-02-09 06:00:00",UA,24,23,1,0,-1.9130434782608696,4.166666666666667,4.3478260869565215
"2025-02-09 05:00:00","2025-02-09 06:00:00",WN,28,27,1,0,-1.5555555555555556,3.5714285714285716,0.0
"2025-02-09 06:00:00","2025-02-09 07:00:00",AA,163,151,12,0,5.960264900662252,7.361963190184049,5.960264900662252
"2025-02-09 06:00:00","2025-02-09 07:00:00",DL,162,160,2,0,8.61875,1.2345679012345678,8.75
"2025-02-09 06:00:00","2025-02-09 07:00:00",UA,109,103,6,0,6.0,5.504587155963303,16.50485436893204
"2025-02-09 06:00:00","2025-02-09 07:00:00",WN,208,204,4,0,-3.5588235294117645,1.9230769230769231,1.4705882352941178
"2025-02-09 07:00:00","2025-02-09 08:00:00",AA,170,157,13,0,2.5286624203821657,7.647058823529412,10.19108280254777
"2025-02-09 07:00:00","2025-02-09 08:00:00",DL,200,198,2,0,11.030303030303031,1.0,11.616161616161616
"2025-02-09 07:00:00","2025-02-09 08:00:00",UA,163,160,3,0,-0.84375,1.8404907975460123,6.875
"2025-02-09 07:00:00","2025-02-09 08:00:00",WN,184,182,2,0,-3.302197802197802,1.0869565217391304,2.7472527472527473
"2025-02-09 08:00:00","2025-02-09 09:00:00",AA,172,161,11,0,4.546583850931677,6.395348837209302,12.422360248447205
"2025-02-09 08:00:00","2025-02-09 09:00:00",DL,146,145,0,1,4.109589041095891,0.0,13.698630136986301
"2025-02-09 08:00:00","2025-02-09 09:00:00",UA,161,160,1,0,5.175,0.6211180124223602,13.75
"2025-02-09 08:00:00","2025-02-09 09:00:00",WN,203,203,0,0,0.24630541871921183,0.0,6.896551724137931
"2025-02-09 09:00:00","2025-02-09 10:00:00",AA,114,107,7,0,13.97196261682243,6.140350877192983,15.88785046728972
"2025-02-09 09:00:00","2025-02-09 10:00:00",DL,108,108,0,0,8.768518518518519,0.0,14.814814814814815
"2025-02-09 09:00:00","2025-02-09 10:00:00",UA,130,130,0,0,9.2,0.0,13.846153846153847
"2025-02-09 09:00:00","2025-02-09 10:00:00",WN,208,207,1,0,-1.0724637681159421,0.4807692307692308,3.3816425120772946
"2025-02-09 10:00:00","2025-02-09 11:00:00",AA,136,134,2,0,13.723880597014926,1.4705882352941178,17.91044776119403
"2025-02-09 10:00:00","2025-02-09 11:00:00",DL,123,123,0,0,5.7560975609756095,0.0,16.260162601626018
"2025-02-09 10:00:00","2025-02-09 11:00:00",UA,116,116,0,0,10.568965517241379,0.0,18.103448275862068
"2025-02-09 10:00:00","2025-02-09 11:00:00",WN,194,194,0,0,2.5463917525773194,0.0,7.731958762886598
"2025-02-09 11:00:00","2025-02-09 12:00:00",AA,142,142,0,0,7.76056338028169,0.0,17.6056338028169
"2025-02-09 11:00:00","2025-02-09 12:00:00",DL,155,155,0,0,11.30967741935484,0.0,27.741935483870968
"2025-02-09 11:00:00","2025-02-09 12:00:00",UA,100,99,1,0,11.535353535353535,1.0,22.22222222222222
"2025-02-09 11:00:00","2025-02-09 12:00:00",WN,233,232,1,0,2.3793103448275863,0.4291845493562232,9.051724137931034
"2025-02-09 12:00:00","2025-02-09 13:00:00",AA,119,118,1,0,18.703389830508474,0.8403361344537815,21.1864406779661
"2025-02-09 12:00:00","2025-02-09 13:00:00",DL,137,137,0,0,8.846715328467154,0.0,18.978102189781023
"2025-02-09 12:00:00","2025-02-09 13:00:00",UA,115,115,0,0,8.660869565217391,0.0,20.0
"2025-02-09 12:00:00","2025-02-09 13:00:00",WN,165,165,0,0,2.1575757575757577,0.0,12.727272727272727
"2025-02-09 13:00:00","2025-02-09 14:00:00",AA,121,121,0,0,13.59504132231405,0.0,20.66115702479339
"2025-02-09 13:00:00","2025-02-09 14:00:00",DL,112,112,0,0,14.357142857142858,0.0,22.321428571428573
"2025-02-09 13:00:00","2025-02-09 14:00:00",UA,114,114,0,0,11.192982456140351,0.0,17.54385964912281
"2025-02-09 13:00:00","2025-02-09 14:00:00",WN,219,219,0,0,4.497716894977169,0.0,14.61187214611872
"2025-02-09 14:00:00","2025-02-09 15:00:00",AA,158,158,0,0,14.974683544303797,0.0,15.822784810126583
"2025-02-09 14:00:00","2025-02-09 15:00:00",DL,112,112,0,0,5.723214285714286,0.0,15.178571428571429
"2025-02-09 14:00:00","2025-02-09 15:00:00",UA,111,111,0,0,8.747747747747749,0.0,16.216216216216218
"2025-02-09 14:00:00","2025-02-09 15:00:00",WN,211,211,0,0,2.3933649289099526,0.0,10.42654028436019
"2025-02-09 15:00:00","2025-02-09 16:00:00",AA,107,106,0,1,17.542056074766354,0.0,23.364485981308412
"2025-02-09 15:00:00","2025-02-09 16:00:00",DL,134,134,0,0,10.619402985074627,0.0,22.388059701492537
"2025-02-09 15:00:00","2025-02-09 16:00:00",UA,81,80,1,0,7.725,1.2345679012345678,13.75
"2025-02-09 15:00:00","2025-02-09 16:00:00",WN,213,212,0,1,1.488262910798122,0.0,9.859154929577464
"2025-02-09 16:00:00","2025-02-09 17:00:00",AA,141,140,1,0,8.728571428571428,0.7092198581560284,17.857142857142858
"2025-02-09 16:00:00","2025-02-09 17:00:00",DL,96,96,0,0,3.5729166666666665,0.0,13.541666666666666
"2025-02-09 16:00:00","2025-02-09 17:00:00",UA,114,114,0,0,6.4035087719298245,0.0,15.789473684210526
"2025-02-09 16:00:00","2025-02-09 17:00:00",WN,189,189,0,0,0.08994708994708994,0.0,5.291005291005291
"2025-02-09 17:00:00","2025-02-09 18:00:00",AA,147,147,0,0,18.714285714285715,0.0,23.80952380952381
"2025-02-09 17:00:00","2025-02-09 18:00:00",DL,141,141,0,0,2.5319148936170213,0.0,12.056737588652481
"2025-02-09 17:00:00","2025-02-09 18:00:00",UA,133,133,0,0,9.781954887218046,0.0,15.789473684210526
"2025-02-09 17:00:00","2025-02-09 18:00:00",WN,167,167,0,0,3.053892215568862,0.0,13.173652694610778
"2025-02-09 18:00:00","2025-02-09 19:00:00",AA,163,163,0,0,9.773006134969325,0.0,18.404907975460123
"2025-02-09 18:00:00","2025-02-09 19:00:00",DL,112,112,0,0,10.785714285714286,0.0,17.857142857142858
"2025-02-09 18:00:00","2025-02-09 19:00:00",UA,139,138,0,1,4.136690647482014,0.0,12.23021582733813
"2025-02-09 18:00:00","2025-02-09 19:00:00",WN,239,239,0,0,0.698744769874477,0.0,7.112970711297071
"2025-02-09 19:00:00","2025-02-09 20:00:00",AA,149,149,0,0,20.187919463087248,0.0,16.778523489932887
"2025-02-09 19:00:00","2025-02-09 20:00:00",DL,101,101,0,0,12.465346534653465,0.0,17.821782178217823
"2025-02-09 19:00:00","2025-02-09 20:00:00",UA,106,106,0,0,9.716981132075471,0.0,20.754716981132077
"2025-02-09 19:00:00","2025-02-09 20:00:00",WN,108,108,0,0,2.6481481481481484,0.0,12.037037037037036
"2025-02-09 20:00:00","2025-02-09 21:00:00",AA,122,122,0,0,9.770491803278688,0.0,22.131147540983605
"2025-02-09 20:00:00","2025-02-09 21:00:00",DL,60,60,0,0,12.583333333333334,0.0,23.333333333333332
"2025-02-09 20:00:00","2025-02-09 21:00:00",UA,87,87,0,0,7.2298850574712645,0.0,17.24137931034483
"2025-02-09 20:00:00","2025-02-09 21:00:00",WN,159,159,0,0,2.0251572327044025,0.0,10.062893081761006
"2025-02-09 21:00:00","2025-02-09 22:00:00",AA,84,84,0,0,10.238095238095237,0.0,17.857142857142858
"2025-02-09 21:00:00","2025-02-09 22:00:00",DL,73,73,0,0,-1.7123287671232876,0.0,8.219178082191782
"2025-02-09 21:00:00","2025-02-09 22:00:00",UA,33,32,1,0,9.78125,3.0303030303030303,18.75
"2025-02-09 21:00:00","2025-02-09 22:00:00",WN,14,14,0,0,7.214285714285714,0.0,14.285714285714286
"2025-02-09 22:00:00","2025-02-09 23:00:00",AA,89,89,0,0,1.8426966292134832,0.0,12.359550561797754
"2025-02-09 22:00:00","2025-02-09 23:00:00",DL,65,65,0,0,1.646153846153846,0.0,10.76923076923077
"2025-02-09 22:00:00","2025-02-09 23:00:00",UA,25,25,0,0,-3.36,0.0,4.0
"2025-02-09 23:00:00","2025-02-10 00:00:00",AA,28,28,0,0,2.6785714285714284,0.0,14.285714285714286
"2025-02-09 23:00:00","2025-02-10 00:00:00",DL,20,20,0,0,3.4,0.0,15.0
"2025-02-09 23:00:00","2025-02-10 00:00:00",UA,34,33,0,1,0.14705882352941177,0.0,17.647058823529413
"2025-02-10 00:00:00","2025-02-10 01:00:00",AA,8,8,0,0,-3.625,0.0,0.0
"2025-02-10 00:00:00","2025-02-10 01:00:00",DL,1,1,0,0,-4.0,0.0,0.0
"2025-02-10 00:00:00","2025-02-10 01:00:00",UA,5,5,0,0,7.2,0.0,20.0
"2025-02-10 01:00:00","2025-02-10 02:00:00",AA,1,1,0,0,-2.0,0.0,0.0
"2025-02-10 01:00:00","2025-02-10 02:00:00",DL,2,2,0,0,-3.0,0.0,0.0
"2025-02-10 01:00:00","2025-02-10 02:00:00",UA,1,0,1,0,,100.0,
"2025-02-10 02:00:00","2025-02-10 03:00:00",UA,3,3,0,0,7.333333333333333,0.0,33.333333333333336
"2025-02-10 05:00:00","2025-02-10 06:00:00",AA,104,104,0,0,-0.3942307692307692,0.0,5.769230769230769
"2025-02-10 05:00:00","2025-02-10 06:00:00",DL,68,68,0,0,-0.23529411764705882,0.0,8.823529411764707
"2025-02-10 05:00:00","2025-02-10 06:00:00",UA,28,28,0,0,-2.0357142857142856,0.0,7.142857142857143
"2025-02-10 05:00:00","2025-02-10 06:00:00",WN,97,97,0,0,-1.3814432989690721,0.0,3.0927835051546393
"2025-02-10 06:00:00","2025-02-10 07:00:00",AA,163,163,0,0,0.7791411042944786,0.0,7.361963190184049
"2025-02-10 06:00:00","2025-02-10 07:00:00",DL,174,174,0,0,-0.3218390804597701,0.0,4.597701149425287
"2025-02-10 06:00:00","2025-02-10 07:00:00",UA,107,107,0,0,1.3364485981308412,0.0,6.542056074766355
"2025-02-10 06:00:00","2025-02-10 07:00:00",WN,267,264,1,2,-0.7255639097744361,0.37453183520599254,3.7593984962406015
"2025-02-10 07:00:00","2025-02-10 08:00:00",AA,197,196,1,0,16.556122448979593,0.5076142131979695,13.26530612244898
"2025-02-10 07:00:00","2025-02-10 08:00:00",DL,212,212,0,0,-1.0235849056603774,0.0,4.245283018867925
"2025-02-10 07:00:00","2025-02-10 08:00:00",UA,165,163,1,1,-1.646341463414634,0.6060606060606061,4.878048780487805
"2025-02-10 07:00:00","2025-02-10 08:00:00",WN,194,193,1,0,0.0051813471502590676,0.5154639175257731,8.290155440414507
"2025-02-10 08:00:00","2025-02-10 09:00:00",AA,185,185,0,0,5.151351351351352,0.0,10.81081081081081
"2025-02-10 08:00:00","2025-02-10 09:00:00",DL,165,165,0,0,0.40606060606060607,0.0,6.666666666666667
"2025-02-10 08:00:00","2025-02-10 09:00:00",UA,170,170,0,0,1.2470588235294118,0.0,10.0
"2025-02-10 08:00:00","2025-02-10 09:00:00",WN,248,247,1,0,1.9797570850202428,0.4032258064516129,11.336032388663968
"2025-02-10 09:00:00","2025-02-10 10:00:00",AA,125,125,0,0,3.656,0.0,11.2
"2025-02-10 09:00:00","2025-02-10 10:00:00",DL,112,112,0,0,3.0982142857142856,0.0,10.714285714285714
"2025-02-10 09:00:00","2025-02-10 10:00:00",UA,142,142,0,0,1.4859154929577465,0.0,9.859154929577464
"2025-02-10 09:00:00","2025-02-10 10:00:00",WN,211,211,0,0,6.592417061611374,0.0,15.639810426540285
"2025-02-10 10:00:00","2025-02-10 11:00:00",AA,138,138,0,0,8.246376811594203,0.0,15.942028985507246
"2025-02-10 10:00:00","2025-02-10 11:00:00",DL,157,156,0,1,1.1146496815286624,0.0,11.464968152866241
"2025-02-10 10:00:00","2025-02-10 11:00:00",UA,125,125,0,0,5.112,0.0,14.4
"2025-02-10 10:00:00","2025-02-10 11:00:00",WN,230,230,0,0,5.008695652173913,0.0,14.347826086956522
"2025-02-10 11:00:00","2025-02-10 12:00:00",AA,145,145,0,0,11.931034482758621,0.0,21.379310344827587
"2025-02-10 11:00:00","2025-02-10 12:00:00",DL,176,176,0,0,5.255681818181818,0.0,13.068181818181818
"2025-02-10 11:00:00","2025-02-10 12:00:00",UA,114,114,0,0,11.06140350877193,0.0,14.035087719298245
"2025-02-10 11:00:00","2025-02-10 12:00:00",WN,210,209,1,0,7.6124401913875595,0.47619047619047616,18.181818181818183
"2025-02-10 12:00:00","2025-02-10 13:00:00",AA,111,111,0,0,22.47747747747748,0.0,18.01801801801802
"2025-02-10 12:00:00","2025-02-10 13:00:00",DL,146,146,0,0,5.6506849315068495,0.0,10.273972602739725
"2025-02-10 12:00:00","2025-02-10 13:00:00",UA,120,120,0,0,11.816666666666666,0.0,17.5
"2025-02-10 12:00:00","2025-02-10 13:00:00",WN,202,201,1,0,8.149253731343284,0.49504950495049505,18.90547263681592
"2025-02-10 13:00:00","2025-02-10 14:00:00",AA,128,128,0,0,18.9140625,0.0,23.4375
"2025-02-10 13:00:00","2025-02-10 14:00:00",DL,130,130,0,0,6.592307692307692,0.0,10.76923076923077
"2025-02-10 13:00:00","2025-02-10 14:00:00",UA,121,119,1,1,4.225,0.8264462809917356,13.333333333333334
"2025-02-10 13:00:00","2025-02-10 14:00:00",WN,216,215,1,0,7.111627906976744,0.46296296296296297,18.13953488372093
"2025-02-10 14:00:00","2025-02-10 15:00:00",AA,138,138,0,0,11.891304347826088,0.0,20.28985507246377
"2025-02-10 14:00:00","2025-02-10 15:00:00",DL,127,127,0,0,4.377952755905512,0.0,11.023622047244094
"2025-02-10 14:00:00","2025-02-10 15:00:00",UA,113,113,0,0,5.017699115044247,0.0,16.8141592920354
"2025-02-10 14:00:00","2025-02-10 15:00:00",WN,211,210,1,0,10.4,0.47393364928909953,20.476190476190474
"2025-02-10 15:00:00","2025-02-10 16:00:00",AA,105,104,0,1,6.4,0.0,19.047619047619047
"2025-02-10 15:00:00","2025-02-10 16:00:00",DL,157,157,0,0,8.40764331210191,0.0,15.92356687898089
"2025-02-10 15:00:00","2025-02-10 16:00:00",UA,80,80,0,0,3.55,0.0,15.0
"2025-02-10 15:00:00","2025-02-10 16:00:00",WN,197,197,0,0,16.20304568527919,0.0,28.934010152284262
"2025-02-10 16:00:00","2025-02-10 17:00:00",AA,127,127,0,0,17.68503937007874,0.0,22.834645669291337
"2025-02-10 16:00:00","2025-02-10 17:00:00",DL,121,121,0,0,1.3057851239669422,0.0,8.264462809917354
"2025-02-10 16:00:00","2025-02-10 17:00:00",UA,111,111,0,0,8.693693693693694,0.0,16.216216216216218
"2025-02-10 16:00:00","2025-02-10 17:00:00",WN,213,213,0,0,11.699530516431924,0.0,20.187793427230048
"2025-02-10 17:00:00","2025-02-10 18:00:00",AA,141,141,0,0,13.02836879432624,0.0,19.148936170212767
"2025-02-10 17:00:00","2025-02-10 18:00:00",DL,146,146,0,0,-0.1095890410958904,0.0,8.904109589041095
"2025-02-10 17:00:00","2025-02-10 18:00:00",UA,123,123,0,0,2.203252032520325,0.0,12.195121951219512
"2025-02-10 17:00:00","2025-02-10 18:00:00",WN,200,200,0,0,14.715,0.0,25.5
"2025-02-10 18:00:00","2025-02-10 19:00:00",AA,130,130,0,0,15.723076923076922,0.0,26.923076923076923
"2025-02-10 18:00:00","2025-02-10 19:00:00",DL,145,145,0,0,7.151724137931034,0.0,19.310344827586206
"2025-02-10 18:00:00","2025-02-10 19:00:00",UA,134,134,0,0,3.7611940298507465,0.0,14.925373134328359
"2025-02-10 18:00:00","2025-02-10 19:00:00",WN,208,206,1,1,9.429951690821255,0.4807692307692308,22.705314009661837
"2025-02-10 19:00:00","2025-02-10 20:00:00",AA,107,107,0,0,6.327102803738318,0.0,18.69158878504673
"2025-02-10 19:00:00","2025-02-10 20:00:00",DL,138,138,0,0,6.659420289855072,0.0,15.217391304347826
"2025-02-10 19:00:00","2025-02-10 20:00:00",UA,98,98,0,0,3.2244897959183674,0.0,14.285714285714286
"2025-02-10 19:00:00","2025-02-10 20:00:00",WN,252,251,1,0,12.625498007968128,0.3968253968253968,25.099601593625497
"2025-02-10 20:00:00","2025-02-10 21:00:00",AA,83,83,0,0,1.2771084337349397,0.0,8.433734939759036
"2025-02-10 20:00:00","2025-02-10 21:00:00",DL,91,88,1,2,8.733333333333333,1.098901098901099,21.11111111111111
"2025-02-10 20:00:00","2025-02-10 21:00:00",UA,82,82,0,0,2.951219512195122,0.0,15.853658536585366
"2025-02-10 20:00:00","2025-02-10 21:00:00",WN,180,180,0,0,10.272222222222222,0.0,21.666666666666668
"2025-02-10 21:00:00","2025-02-10 22:00:00",AA,80,79,0,1,7.8125,0.0,13.75
"2025-02-10 21:00:00","2025-02-10 22:00:00",DL,87,87,0,0,1.5057471264367817,0.0,14.942528735632184
"2025-02-10 21:00:00","2025-02-10 22:00:00",UA,29,29,0,0,3.5517241379310347,0.0,20.689655172413794
"2025-02-10 21:00:00","2025-02-10 22:00:00",WN,147,147,0,0,9.768707482993197,0.0,23.80952380952381
"2025-02-10 22:00:00","2025-02-10 23:00:00",AA,56,56,0,0,-0.48214285714285715,0.0,3.5714285714285716
"2025-02-10 22:00:00","2025-02-10 23:00:00",DL,92,92,0,0,10.032608695652174,0.0,9.782608695652174
"2025-02-10 22:00:00","2025-02-10 23:00:00",UA,23,23,0,0,1.5217391304347827,0.0,8.695652173913043
"2025-02-10 22:00:00","2025-02-10 23:00:00",WN,3,3,0,0,-6.0,0.0,0.0
"2025-02-10 23:00:00","2025-02-11 00:00:00",AA,22,22,0,0,-0.9090909090909091,0.0,9.090909090909092
"2025-02-10 23:00:00","2025-02-11 00:00:00",DL,25,25,0,0,-1.08,0.0,8.0
"2025-02-10 23:00:00","2025-02-11 00:00:00",UA,28,28,0,0,-3.642857142857143,0.0,3.5714285714285716
"2025-02-11 00:00:00","2025-02-11 01:00:00",AA,5,5,0,0,-7.2,0.0,0.0
"2025-02-11 00:00:00","2025-02-11 01:00:00",DL,1,1,0,0,-10.0,0.0,0.0
"2025-02-11 00:00:00","2025-02-11 01:00:00",UA,3,3,0,0,-4.333333333333333,0.0,0.0
"2025-02-11 01:00:00","2025-02-11 02:00:00",DL,2,2,0,0,-7.0,0.0,0.0
"2025-02-11 01:00:00","2025-02-11 02:00:00",UA,1,1,0,0,-18.0,0.0,0.0
"2025-02-11 02:00:00","2025-02-11 03:00:00",UA,1,1,0,0,-10.0,0.0,0.0
"2025-02-11 05:00:00","2025-02-11 06:00:00",AA,71,71,0,0,-4.338028169014085,0.0,4.225352112676056
"2025-02-11 05:00:00","2025-02-11 06:00:00",DL,50,50,0,0,-4.84,0.0,2.0
"2025-02-11 05:00:00","2025-02-11 06:00:00",UA,19,19,0,0,-0.8947368421052632,0.0,5.2631578947368425
"2025-02-11 05:00:00","2025-02-11 06:00:00",WN,25,25,0,0,-3.52,0.0,0.0
"2025-02-11 06:00:00","2025-02-11 07:00:00",AA,162,162,0,0,7.753086419753086,0.0,5.555555555555555
"2025-02-11 06:00:00","2025-02-11 07:00:00",DL,173,173,0,0,7.219653179190751,0.0,5.202312138728324
"2025-02-11 06:00:00","2025-02-11 07:00:00",UA,107,107,0,0,-3.691588785046729,0.0,4.672897196261682
"2025-02-11 06:00:00","2025-02-11 07:00:00",WN,206,206,0,0,0.2766990291262136,0.0,2.912621359223301
"2025-02-11 07:00:00","2025-02-11 08:00:00",AA,152,152,0,0,3.486842105263158,0.0,6.578947368421052
"2025-02-11 07:00:00","2025-02-11 08:00:00",DL,210,210,0,0,1.5,0.0,5.714285714285714
"2025-02-11 07:00:00","2025-02-11 08:00:00",UA,142,140,0,2,-2.4295774647887325,0.0,4.225352112676056
"2025-02-11 07:00:00","2025-02-11 08:00:00",WN,168,167,0,1,-2.0,0.0,1.7857142857142858
"2025-02-11 08:00:00","2025-02-11 09:00:00",AA,185,183,0,2,-1.6054054054054054,0.0,6.486486486486487
"2025-02-11 08:00:00","2025-02-11 09:00:00",DL,162,162,0,0,1.0061728395061729,0.0,7.407407407407407
"2025-02-11 08:00:00","2025-02-11 09:00:00",UA,166,164,0,2,-1.2710843373493976,0.0,4.819277108433735
"2025-02-11 08:00:00","2025-02-11 09:00:00",WN,233,232,1,0,-0.33620689655172414,0.4291845493562232,4.741379310344827
"2025-02-11 09:00:00","2025-02-11 10:00:00",AA,115,115,0,0,1.008695652173913,0.0,6.956521739130435
"2025-02-11 09:00:00","2025-02-11 10:00:00",DL,107,107,0,0,1.6635514018691588,0.0,11.214953271028037
"2025-02-11 09:00:00","2025-02-11 10:00:00",UA,132,131,0,1,14.719696969696969,0.0,23.484848484848484
"2025-02-11 09:00:00","2025-02-11 10:00:00",WN,216,213,1,2,1.213953488372093,0.46296296296296297,7.441860465116279
"2025-02-11 10:00:00","2025-02-11 11:00:00",AA,118,117,1,0,6.085470085470085,0.847457627118644,11.965811965811966
"2025-02-11 10:00:00","2025-02-11 11:00:00",DL,143,143,0,0,0.972027972027972,0.0,11.188811188811188
"2025-02-11 10:00:00","2025-02-11 11:00:00",UA,102,102,0,0,5.647058823529412,0.0,14.705882352941176
"2025-02-11 10:00:00","2025-02-11 11:00:00",WN,189,189,0,0,6.015873015873016,0.0,14.285714285714286
"2025-02-11 11:00:00","2025-02-11 12:00:00",AA,137,137,0,0,3.7737226277372264,0.0,10.218978102189782
"2025-02-11 11:00:00","2025-02-11 12:00:00",DL,156,156,0,0,0.9615384615384616,0.0,10.897435897435898
"2025-02-11 11:00:00","2025-02-11 12:00:00",UA,106,106,0,0,15.160377358490566,0.0,15.09433962264151
"2025-02-11 11:00:00","2025-02-11 12:00:00",WN,244,242,2,0,8.735537190082646,0.819672131147541,18.59504132231405
"2025-02-11 12:00:00","2025-02-11 13:00:00",AA,122,122,0,0,13.10655737704918,0.0,12.295081967213115
"2025-02-11 12:00:00","2025-02-11 13:00:00",DL,151,151,0,0,2.370860927152318,0.0,13.907284768211921
"2025-02-11 12:00:00","2025-02-11 13:00:00",UA,120,119,0,1,29.108333333333334,0.0,30.0
"2025-02-11 12:00:00","2025-02-11 13:00:00",WN,174,172,2,0,5.563953488372093,1.1494252873563218,12.790697674418604
"2025-02-11 13:00:00","2025-02-11 14:00:00",AA,115,115,0,0,6.782608695652174,0.0,13.043478260869565
"2025-02-11 13:00:00","2025-02-11 14:00:00",DL,121,121,0,0,4.3884297520661155,0.0,11.570247933884298
"2025-02-11 13:00:00","2025-02-11 14:00:00",UA,113,113,0,0,7.734513274336283,0.0,19.469026548672566
"2025-02-11 13:00:00","2025-02-11 14:00:00",WN,221,219,1,1,7.6863636363636365,0.45248868778280543,20.0
"2025-02-11 14:00:00","2025-02-11 15:00:00",AA,117,117,0,0,3.1196581196581197,0.0,5.982905982905983
"2025-02-11 14:00:00","2025-02-11 15:00:00",DL,99,99,0,0,-0.6262626262626263,0.0,10.1010101010101
"2025-02-11 14:00:00","2025-02-11 15:00:00",UA,106,106,0,0,25.68867924528302,0.0,26.41509433962264
"2025-02-11 14:00:00","2025-02-11 15:00:00",WN,199,197,1,1,10.641414141414142,0.5025125628140703,24.747474747474747
"2025-02-11 15:00:00","2025-02-11 16:00:00",AA,112,112,0,0,1.8571428571428572,0.0,14.285714285714286
"2025-02-11 15:00:00","2025-02-11 16:00:00",DL,166,166,0,0,1.927710843373494,0.0,12.650602409638553
"2025-02-11 15:00:00","2025-02-11 16:00:00",UA,75,75,0,0,5.666666666666667,0.0,17.333333333333332
"2025-02-11 15:00:00","2025-02-11 16:00:00",WN,220,219,1,0,14.789954337899543,0.45454545454545453,26.940639269406393
"2025-02-11 16:00:00","2025-02-11 17:00:00",AA,118,118,0,0,-0.05084745762711865,0.0,5.084745762711864
"2025-02-11 16:00:00","2025-02-11 17:00:00",DL,107,107,0,0,5.233644859813084,0.0,14.018691588785046
"2025-02-11 16:00:00","2025-02-11 17:00:00",UA,112,110,1,1,23.34234234234234,0.8928571428571429,27.92792792792793
"2025-02-11 16:00:00","2025-02-11 17:00:00",WN,194,194,0,0,17.577319587628867,0.0,29.896907216494846
"2025-02-11 17:00:00","2025-02-11 18:00:00",AA,126,124,2,0,14.483870967741936,1.5873015873015872,16.93548387096774
"2025-02-11 17:00:00","2025-02-11 18:00:00",DL,147,147,0,0,18.727891156462587,0.0,18.367346938775512
"2025-02-11 17:00:00","2025-02-11 18:00:00",UA,120,119,1,0,25.49579831932773,0.8333333333333334,31.932773109243698
"2025-02-11 17:00:00","2025-02-11 18:00:00",WN,182,178,1,3,21.906077348066297,0.5494505494505495,34.806629834254146
"2025-02-11 18:00:00","2025-02-11 19:00:00",AA,129,126,3,0,2.7142857142857144,2.3255813953488373,9.523809523809524
"2025-02-11 18:00:00","2025-02-11 19:00:00",DL,132,130,1,1,7.442748091603053,0.7575757575757576,16.793893129770993
"2025-02-11 18:00:00","2025-02-11 19:00:00",UA,111,109,1,1,17.745454545454546,0.9009009009009009,27.272727272727273
"2025-02-11 18:00:00","2025-02-11 19:00:00",WN,251,250,1,0,25.884,0.398406374501992,41.6
"2025-02-11 19:00:00","2025-02-11 20:00:00",AA,91,80,11,0,25.175,12.087912087912088,22.5
"2025-02-11 19:00:00","2025-02-11 20:00:00",DL,85,83,1,1,6.630952380952381,1.1764705882352942,16.666666666666668
"2025-02-11 19:00:00","2025-02-11 20:00:00",UA,84,82,2,0,18.76829268292683,2.380952380952381,31.70731707317073
"2025-02-11 19:00:00","2025-02-11 20:00:00",WN,108,105,3,0,19.39047619047619,2.7777777777777777,31.428571428571427
"2025-02-11 20:00:00","2025-02-11 21:00:00",AA,74,71,3,0,16.281690140845072,4.054054054054054,23.943661971830984
"2025-02-11 20:00:00","2025-02-11 21:00:00",DL,61,61,0,0,18.0,0.0,13.114754098360656
"2025-02-11 20:00:00","2025-02-11 21:00:00",UA,73,73,0,0,14.191780821917808,0.0,36.986301369863014
"2025-02-11 20:00:00","2025-02-11 21:00:00",WN,159,157,2,0,20.726114649681527,1.2578616352201257,40.12738853503185
"2025-02-11 21:00:00","2025-02-11 22:00:00",AA,70,67,3,0,9.985074626865671,4.285714285714286,11.940298507462687
"2025-02-11 21:00:00","2025-02-11 22:00:00",DL,59,57,1,1,8.10344827586207,1.694915254237288,27.586206896551722
"2025-02-11 21:00:00","2025-02-11 22:00:00",UA,20,19,1,0,0.10526315789473684,5.0,5.2631578947368425
"2025-02-11 21:00:00","2025-02-11 22:00:00",WN,15,14,1,0,108.92857142857143,6.666666666666667,85.71428571428571
"2025-02-11 22:00:00","2025-02-11 23:00:00",AA,51,48,3,0,4.708333333333333,5.882352941176471,22.916666666666668
"2025-02-11 22:00:00","2025-02-11 23:00:00",DL,77,77,0,0,0.07792207792207792,0.0,6.4935064935064934
"2025-02-11 22:00:00","2025-02-11 23:00:00",UA,20,20,0,0,6.9,0.0,20.0
"2025-02-11 23:00:00","2025-02-12 00:00:00",AA,18,18,0,0,-4.222222222222222,0.0,0.0
"2025-02-11 23:00:00","2025-02-12 00:00:00",DL,18,18,0,0,-5.555555555555555,0.0,0.0
"2025-02-11 23:00:00","2025-02-12 00:00:00",UA,22,22,0,0,-0.3181818181818182,0.0,4.545454545454546
"2025-02-12 00:00:00","2025-02-12 01:00:00",AA,4,3,1,0,1.0,25.0,0.0
"2025-02-12 00:00:00","2025-02-12 01:00:00",DL,1,1,0,0,-11.0,0.0,0.0
"2025-02-12 00:00:00","2025-02-12 01:00:00",UA,3,3,0,0,-4.333333333333333,0.0,0.0
"2025-02-12 01:00:00","2025-02-12 02:00:00",DL,2,2,0,0,-10.0,0.0,0.0
"2025-02-12 01:00:00","2025-02-12 02:00:00",UA,1,1,0,0,-11.0,0.0,0.0
"2025-02-12 02:00:00","2025-02-12 03:00:00",UA,1,1,0,0,-5.0,0.0,0.0
"2025-02-12 05:00:00","2025-02-12 06:00:00",AA,75,72,3,0,11.333333333333334,4.0,15.277777777777779
"2025-02-12 05:00:00","2025-02-12 06:00:00",DL,61,61,0,0,4.983606557377049,0.0,9.836065573770492
"2025-02-12 05:00:00","2025-02-12 06:00:00",UA,23,23,0,0,5.956521739130435,0.0,4.3478260869565215
"2025-02-12 05:00:00","2025-02-12 06:00:00",WN,29,29,0,0,2.206896551724138,0.0,3.4482758620689653
"2025-02-12 06:00:00","2025-02-12 07:00:00",AA,158,153,5,0,8.267973856209151,3.1645569620253164,6.5359477124183005
"2025-02-12 06:00:00","2025-02-12 07:00:00",DL,165,163,2,0,1.9202453987730062,1.2121212121212122,7.361963190184049
"2025-02-12 06:00:00","2025-02-12 07:00:00",UA,102,101,1,0,5.099009900990099,0.9803921568627451,11.881188118811881
"2025-02-12 06:00:00","2025-02-12 07:00:00",WN,204,198,6,0,0.7575757575757576,2.9411764705882355,6.565656565656566
"2025-02-12 07:00:00","2025-02-12 08:00:00",AA,162,161,1,0,5.192546583850931,0.6172839506172839,11.801242236024844
"2025-02-12 07:00:00","2025-02-12 08:00:00",DL,213,212,1,0,9.377358490566039,0.4694835680751174,14.622641509433961
"2025-02-12 07:00:00","2025-02-12 08:00:00",UA,152,150,1,1,5.225165562913907,0.6578947368421053,8.609271523178808
"2025-02-12 07:00:00","2025-02-12 08:00:00",WN,187,181,5,1,0.23626373626373626,2.6737967914438503,7.142857142857143
"2025-02-12 08:00:00","2025-02-12 09:00:00",AA,179,175,3,1,7.073863636363637,1.675977653631285,13.636363636363637
"2025-02-12 08:00:00","2025-02-12 09:00:00",DL,156,156,0,0,4.641025641025641,0.0,15.384615384615385
"2025-02-12 08:00:00","2025-02-12 09:00:00",UA,161,159,2,0,5.735849056603773,1.2422360248447204,8.176100628930818
"2025-02-12 08:00:00","2025-02-12 09:00:00",WN,219,215,4,0,3.818604651162791,1.82648401826484,10.69767441860465
"2025-02-12 09:00:00","2025-02-12 10:00:00",AA,122,121,1,0,11.727272727272727,0.819672131147541,17.355371900826448
"2025-02-12 09:00:00","2025-02-12 10:00:00",DL,106,106,0,0,8.283018867924529,0.0,19.81132075471698
"2025-02-12 09:00:00","2025-02-12 10:00:00",UA,131,131,0,0,14.389312977099237,0.0,22.137404580152673
"2025-02-12 09:00:00","2025-02-12 10:00:00",WN,227,217,9,1,4.839449541284404,3.9647577092511015,15.137614678899082
"2025-02-12 10:00:00","2025-02-12 11:00:00",AA,117,117,0,0,17.042735042735043,0.0,33.333333333333336
"2025-02-12 10:00:00","2025-02-12 11:00:00",DL,143,143,0,0,11.454545454545455,0.0,26.573426573426573
"2025-02-12 10:00:00","2025-02-12 11:00:00",UA,102,101,0,1,16.147058823529413,0.0,17.647058823529413
"2025-02-12 10:00:00","2025-02-12 11:00:00",WN,181,179,2,0,6.754189944134078,1.1049723756906078,22.905027932960895
"2025-02-12 11:00:00","2025-02-12 12:00:00",AA,146,146,0,0,18.17808219178082,0.0,27.397260273972602
"2025-02-12 11:00:00","2025-02-12 12:00:00",DL,176,176,0,0,11.965909090909092,0.0,29.545454545454547
"2025-02-12 11:00:00","2025-02-12 12:00:00",UA,117,117,0,0,20.931623931623932,0.0,29.914529914529915
"2025-02-12 11:00:00","2025-02-12 12:00:00",WN,265,251,14,0,10.091633466135459,5.283018867924528,25.49800796812749
"2025-02-12 12:00:00","2025-02-12 13:00:00",AA,116,115,0,1,18.24137931034483,0.0,31.03448275862069
"2025-02-12 12:00:00","2025-02-12 13:00:00",DL,142,142,0,0,23.239436619718308,0.0,33.098591549295776
"2025-02-12 12:00:00","2025-02-12 13:00:00",UA,120,120,0,0,22.591666666666665,0.0,31.666666666666668
"2025-02-12 12:00:00","2025-02-12 13:00:00",WN,161,157,4,0,12.140127388535031,2.484472049689441,28.02547770700637
"2025-02-12 13:00:00","2025-02-12 14:00:00",AA,119,119,0,0,11.428571428571429,0.0,24.369747899159663
"2025-02-12 13:00:00","2025-02-12 14:00:00",DL,134,134,0,0,15.604477611940299,0.0,30.597014925373134
"2025-02-12 13:00:00","2025-02-12 14:00:00",UA,123,123,0,0,19.528455284552845,0.0,31.70731707317073
"2025-02-12 13:00:00","2025-02-12 14:00:00",WN,232,225,6,1,14.469026548672566,2.586206896551724,28.761061946902654
"2025-02-12 14:00:00","2025-02-12 15:00:00",AA,116,116,0,0,20.31896551724138,0.0,25.862068965517242
"2025-02-12 14:00:00","2025-02-12 15:00:00",DL,102,102,0,0,16.323529411764707,0.0,30.392156862745097
"2025-02-12 14:00:00","2025-02-12 15:00:00",UA,103,102,1,0,29.352941176470587,0.970873786407767,38.23529411764706
"2025-02-12 14:00:00","2025-02-12 15:00:00",WN,197,189,8,0,12.894179894179894,4.060913705583756,23.80952380952381
"2025-02-12 15:00:00","2025-02-12 16:00:00",AA,109,109,0,0,8.431192660550458,0.0,18.34862385321101
"2025-02-12 15:00:00","2025-02-12 16:00:00",DL,164,163,0,1,16.036585365853657,0.0,32.926829268292686
"2025-02-12 15:00:00","2025-02-12 16:00:00",UA,76,76,0,0,29.342105263157894,0.0,34.21052631578947
"2025-02-12 15:00:00","2025-02-12 16:00:00",WN,217,213,4,0,14.71830985915493,1.8433179723502304,27.699530516431924
"2025-02-12 16:00:00","2025-02-12 17:00:00",AA,128,127,1,0,14.094488188976378,0.78125,25.19685039370079
"2025-02-12 16:00:00","2025-02-12 17:00:00",DL,101,100,0,1,22.297029702970296,0.0,35.64356435643565
"2025-02-12 16:00:00","2025-02-12 17:00:00",UA,112,112,0,0,26.5,0.0,33.035714285714285
"2025-02-12 16:00:00","2025-02-12 17:00:00",WN,199,195,4,0,13.374358974358975,2.0100502512562812,27.17948717948718
"2025-02-12 17:00:00","2025-02-12 18:00:00",AA,132,131,1,0,16.564885496183205,0.7575757575757576,26.717557251908396
"2025-02-12 17:00:00","2025-02-12 18:00:00",DL,139,137,1,1,24.528985507246375,0.7194244604316546,37.68115942028985
"2025-02-12 17:00:00","2025-02-12 18:00:00",UA,131,131,0,0,29.893129770992367,0.0,32.06106870229008
"2025-02-12 17:00:00","2025-02-12 18:00:00",WN,171,169,2,0,15.91715976331361,1.1695906432748537,34.319526627218934
"2025-02-12 18:00:00","2025-02-12 19:00:00",AA,134,134,0,0,20.69402985074627,0.0,34.32835820895522
"2025-02-12 18:00:00","2025-02-12 19:00:00",DL,133,133,0,0,32.390977443609025,0.0,42.10526315789474
"2025-02-12 18:00:00","2025-02-12 19:00:00",UA,127,127,0,0,33.77952755905512,0.0,33.07086614173228
"2025-02-12 18:00:00","2025-02-12 19:00:00",WN,249,243,6,0,13.23045267489712,2.4096385542168677,33.74485596707819
"2025-02-12 19:00:00","2025-02-12 20:00:00",AA,96,96,0,0,14.46875,0.0,23.958333333333332
"2025-02-12 19:00:00","2025-02-12 20:00:00",DL,91,91,0,0,31.560439560439562,0.0,31.86813186813187
"2025-02-12 19:00:00","2025-02-12 20:00:00",UA,93,93,0,0,28.365591397849464,0.0,35.483870967741936
"2025-02-12 19:00:00","2025-02-12 20:00:00",WN,116,115,0,1,17.120689655172413,0.0,31.896551724137932
"2025-02-12 20:00:00","2025-02-12 21:00:00",AA,74,74,0,0,36.5945945945946,0.0,39.189189189189186
"2025-02-12 20:00:00","2025-02-12 21:00:00",DL,68,67,0,1,36.38235294117647,0.0,42.64705882352941
"2025-02-12 20:00:00","2025-02-12 21:00:00",UA,77,77,0,0,31.48051948051948,0.0,31.16883116883117
"2025-02-12 20:00:00","2025-02-12 21:00:00",WN,160,158,2,0,17.949367088607595,1.25,39.87341772151899
"2025-02-12 21:00:00","2025-02-12 22:00:00",AA,68,68,0,0,6.044117647058823,0.0,22.058823529411764
"2025-02-12 21:00:00","2025-02-12 22:00:00",DL,62,61,0,1,64.20967741935483,0.0,40.32258064516129
"2025-02-12 21:00:00","2025-02-12 22:00:00",UA,21,21,0,0,18.142857142857142,0.0,28.571428571428573
"2025-02-12 21:00:00","2025-02-12 22:00:00",WN,15,14,1,0,19.714285714285715,6.666666666666667,42.857142857142854
"2025-02-12 22:00:00","2025-02-12 23:00:00",AA,51,51,0,0,13.411764705882353,0.0,19.607843137254903
"2025-02-12 22:00:00","2025-02-12 23:00:00",DL,73,73,0,0,22.643835616438356,0.0,27.397260273972602
"2025-02-12 22:00:00","2025-02-12 23:00:00",UA,25,24,1,0,7.25,4.0,25.0
"2025-02-12 23:00:00","2025-02-13 00:00:00",AA,22,22,0,0,14.181818181818182,0.0,27.272727272727273
"2025-02-12 23:00:00","2025-02-13 00:00:00",DL,19,19,0,0,4.7368421052631575,0.0,10.526315789473685
"2025-02-12 23:00:00","2025-02-13 00:00:00",UA,26,26,0,0,8.923076923076923,0.0,19.23076923076923
"2025-02-13 00:00:00","2025-02-13 01:00:00",AA,8,8,0,0,-1.625,0.0,12.5
"2025-02-13 00:00:00","2025-02-13 01:00:00",DL,2,2,0,0,-5.5,0.0,0.0
"2025-02-13 00:00:00","2025-02-13 01:00:00",UA,2,2,0,0,4.5,0.0,0.0
"2025-02-13 01:00:00","2025-02-13 02:00:00",DL,2,2,0,0,8.0,0.0,50.0
"2025-02-13 01:00:00","2025-02-13 02:00:00",UA,1,1,0,0,8.0,0.0,0.0
"2025-02-13 02:00:00","2025-02-13 03:00:00",UA,1,1,0,0,-10.0,0.0,0.0
"2025-02-13 05:00:00","2025-02-13 06:00:00",AA,96,96,0,0,14.479166666666666,0.0,6.25
"2025-02-13 05:00:00","2025-02-13 06:00:00",DL,63,63,0,0,12.968253968253968,0.0,7.936507936507937
"2025-02-13 05:00:00","2025-02-13 06:00:00",UA,29,29,0,0,12.344827586206897,0.0,6.896551724137931
"2025-02-13 05:00:00","2025-02-13 06:00:00",WN,159,158,0,1,6.9245283018867925,0.0,6.918238993710692
"2025-02-13 06:00:00","2025-02-13 07:00:00",AA,159,155,2,2,12.0828025477707,1.2578616352201257,6.369426751592357
"2025-02-13 06:00:00","2025-02-13 07:00:00",DL,172,172,0,0,17.03488372093023,0.0,12.209302325581396
"2025-02-13 06:00:00","2025-02-13 07:00:00",UA,123,120,2,1,13.834710743801653,1.6260162601626016,9.917355371900827
"2025-02-13 06:00:00","2025-02-13 07:00:00",WN,268,266,1,1,3.4831460674157304,0.373134328358209,7.49063670411985
"2025-02-13 07:00:00","2025-02-13 08:00:00",AA,197,195,0,2,3.548223350253807,0.0,7.106598984771574
"2025-02-13 07:00:00","2025-02-13 08:00:00",DL,217,217,0,0,8.110599078341014,0.0,13.36405529953917
"2025-02-13 07:00:00","2025-02-13 08:00:00",UA,177,177,0,0,-0.8305084745762712,0.0,6.779661016949152
"2025-02-13 07:00:00","2025-02-13 08:00:00",WN,178,175,2,1,3.0056818181818183,1.1235955056179776,10.227272727272727
"2025-02-13 08:00:00","2025-02-13 09:00:00",AA,182,180,1,1,34.607734806629836,0.5494505494505495,20.441988950276244
"2025-02-13 08:00:00","2025-02-13 09:00:00",DL,171,171,0,0,14.549707602339181,0.0,25.146198830409357
"2025-02-13 08:00:00","2025-02-13 09:00:00",UA,182,179,2,1,9.5,1.098901098901099,15.555555555555555
"2025-02-13 08:00:00","2025-02-13 09:00:00",WN,253,251,1,1,8.742063492063492,0.3952569169960474,23.41269841269841
"2025-02-13 09:00:00","2025-02-13 10:00:00",AA,121,120,0,1,11.421487603305785,0.0,23.140495867768596
"2025-02-13 09:00:00","2025-02-13 10:00:00",DL,117,117,0,0,21.11111111111111,0.0,28.205128205128204
"2025-02-13 09:00:00","2025-02-13 10:00:00",UA,130,130,0,0,18.93846153846154,0.0,20.76923076923077
"2025-02-13 09:00:00","2025-02-13 10:00:00",WN,205,203,2,0,15.443349753694582,0.975609756097561,25.61576354679803
"2025-02-13 10:00:00","2025-02-13 11:00:00",AA,135,134,0,1,10.362962962962962,0.0,18.51851851851852
"2025-02-13 10:00:00","2025-02-13 11:00:00",DL,153,153,0,0,17.862745098039216,0.0,33.333333333333336
"2025-02-13 10:00:00","2025-02-13 11:00:00",UA,115,113,1,1,13.587719298245615,0.8695652173913043,21.92982456140351
"2025-02-13 10:00:00","2025-02-13 11:00:00",WN,225,224,1,0,16.794642857142858,0.4444444444444444,29.464285714285715
"2025-02-13 11:00:00","2025-02-13 12:00:00",AA,169,169,0,0,22.23076923076923,0.0,33.72781065088758
"2025-02-13 11:00:00","2025-02-13 12:00:00",DL,185,184,0,1,24.14054054054054,0.0,40.0
"2025-02-13 11:00:00","2025-02-13 12:00:00",UA,128,127,0,1,31.71875,0.0,34.375
"2025-02-13 11:00:00","2025-02-13 12:00:00",WN,217,215,2,0,24.93953488372093,0.9216589861751152,28.837209302325583
"2025-02-13 12:00:00","2025-02-13 13:00:00",AA,137,135,0,2,24.83941605839416,0.0,37.956204379562045
"2025-02-13 12:00:00","2025-02-13 13:00:00",DL,180,180,0,0,23.266666666666666,0.0,40.0
"2025-02-13 12:00:00","2025-02-13 13:00:00",UA,123,122,1,0,26.549180327868854,0.8130081300813008,33.60655737704918
"2025-02-13 12:00:00","2025-02-13 13:00:00",WN,235,233,1,1,30.28205128205128,0.425531914893617,40.17094017094017
"2025-02-13 13:00:00","2025-02-13 14:00:00",AA,125,124,0,1,24.168,0.0,38.4
"2025-02-13 13:00:00","2025-02-13 14:00:00",DL,118,117,0,1,32.483050847457626,0.0,50.0
"2025-02-13 13:00:00","2025-02-13 14:00:00",UA,121,121,0,0,41.264462809917354,0.0,39.66942148760331
"2025-02-13 13:00:00","2025-02-13 14:00:00",WN,192,184,6,2,47.38709677419355,3.125,49.46236559139785
"2025-02-13 14:00:00","2025-02-13 15:00:00",AA,146,143,2,1,24.40277777777778,1.36986301369863,34.72222222222222
"2025-02-13 14:00:00","2025-02-13 15:00:00",DL,129,129,0,0,22.73643410852713,0.0,40.310077519379846
"2025-02-13 14:00:00","2025-02-13 15:00:00",UA,125,124,1,0,31.06451612903226,0.8,37.096774193548384
"2025-02-13 14:00:00","2025-02-13 15:00:00",WN,219,215,1,3,42.73853211009175,0.45662100456621,49.08256880733945
"2025-02-13 15:00:00","2025-02-13 16:00:00",AA,121,121,0,0,28.68595041322314,0.0,46.28099173553719
"2025-02-13 15:00:00","2025-02-13 16:00:00",DL,177,177,0,0,36.69491525423729,0.0,48.0225988700565
"2025-02-13 15:00:00","2025-02-13 16:00:00",UA,88,86,1,1,39.05747126436781,1.1363636363636365,42.52873563218391
"2025-02-13 15:00:00","2025-02-13 16:00:00",WN,234,229,4,1,46.926086956521736,1.7094017094017093,53.91304347826087
"2025-02-13 16:00:00","2025-02-13 17:00:00",AA,140,138,0,2,36.7,0.0,45.0
"2025-02-13 16:00:00","2025-02-13 17:00:00",DL,132,131,0,1,28.0,0.0,45.45454545454545
"2025-02-13 16:00:00","2025-02-13 17:00:00",UA,127,126,1,0,44.73015873015873,0.7874015748031497,42.857142857142854
"2025-02-13 16:00:00","2025-02-13 17:00:00",WN,193,184,8,1,47.21081081081081,4.1450777202072535,61.08108108108108
"2025-02-13 17:00:00","2025-02-13 18:00:00",AA,150,149,1,0,58.06711409395973,0.6666666666666666,42.95302013422819
"2025-02-13 17:00:00","2025-02-13 18:00:00",DL,162,161,0,1,41.97530864197531,0.0,50.617283950617285
"2025-02-13 17:00:00","2025-02-13 18:00:00",UA,133,131,0,2,31.293233082706767,0.0,38.34586466165413
"2025-02-13 17:00:00","2025-02-13 18:00:00",WN,218,203,14,1,48.53431372549019,6.422018348623853,56.86274509803921
"2025-02-13 18:00:00","2025-02-13 19:00:00",AA,159,159,0,0,42.283018867924525,0.0,47.79874213836478
"2025-02-13 18:00:00","2025-02-13 19:00:00",DL,152,152,0,0,41.64473684210526,0.0,48.68421052631579
"2025-02-13 18:00:00","2025-02-13 19:00:00",UA,150,148,1,1,31.315436241610737,0.6666666666666666,32.88590604026846
"2025-02-13 18:00:00","2025-02-13 19:00:00",WN,198,187,10,1,56.91489361702128,5.05050505050505,64.8936170212766
"2025-02-13 19:00:00","2025-02-13 20:00:00",AA,141,140,1,0,56.41428571428571,0.7092198581560284,51.42857142857143
"2025-02-13 19:00:00","2025-02-13 20:00:00",DL,136,136,0,0,39.529411764705884,0.0,58.8235294117647
"2025-02-13 19:00:00","2025-02-13 20:00:00",UA,113,113,0,0,45.07079646017699,0.0,50.442477876106196
"2025-02-13 19:00:00","2025-02-13 20:00:00",WN,210,194,16,0,57.13917525773196,7.619047619047619,60.824742268041234
"2025-02-13 20:00:00","2025-02-13 21:00:00",AA,119,119,0,0,55.403361344537814,0.0,53.78151260504202
"2025-02-13 20:00:00","2025-02-13 21:00:00",DL,90,90,0,0,30.288888888888888,0.0,52.22222222222222
"2025-02-13 20:00:00","2025-02-13 21:00:00",UA,78,78,0,0,31.0,0.0,46.15384615384615
"2025-02-13 20:00:00","2025-02-13 21:00:00",WN,249,238,11,0,45.90756302521008,4.417670682730924,60.08403361344538
"2025-02-13 21:00:00","2025-02-13 22:00:00",AA,85,84,0,1,34.56470588235294,0.0,42.35294117647059
"2025-02-13 21:00:00","2025-02-13 22:00:00",DL,81,81,0,0,27.641975308641975,0.0,39.50617283950617
"2025-02-13 21:00:00","2025-02-13 22:00:00",UA,40,40,0,0,51.925,0.0,57.5
"2025-02-13 21:00:00","2025-02-13 22:00:00",WN,131,119,12,0,57.33613445378151,9.16030534351145,68.90756302521008
"2025-02-13 22:00:00","2025-02-13 23:00:00",AA,90,90,0,0,45.44444444444444,0.0,40.0
"2025-02-13 22:00:00","2025-02-13 23:00:00",DL,78,78,0,0,41.61538461538461,0.0,42.30769230769231
"2025-02-13 22:00:00","2025-02-13 23:00:00",UA,29,28,1,0,18.821428571428573,3.4482758620689653,32.142857142857146
"2025-02-13 22:00:00","2025-02-13 23:00:00",WN,127,123,4,0,41.983739837398375,3.1496062992125986,60.16260162601626
"2025-02-13 23:00:00","2025-02-14 00:00:00",AA,29,29,0,0,12.206896551724139,0.0,24.137931034482758
"2025-02-13 23:00:00","2025-02-14 00:00:00",DL,25,25,0,0,39.4,0.0,52.0
"2025-02-13 23:00:00","2025-02-14 00:00:00",UA,33,32,1,0,18.875,3.0303030303030303,46.875
"2025-02-13 23:00:00","2025-02-14 00:00:00",WN,3,3,0,0,36.333333333333336,0.0,33.333333333333336
"2025-02-14 00:00:00","2025-02-14 01:00:00",AA,11,11,0,0,41.54545454545455,0.0,9.090909090909092
"2025-02-14 00:00:00","2025-02-14 01:00:00",DL,4,4,0,0,49.5,0.0,75.0
"2025-02-14 00:00:00","2025-02-14 01:00:00",UA,3,3,0,0,58.0,0.0,100.0
"2025-02-14 01:00:00","2025-02-14 02:00:00",DL,2,2,0,0,141.5,0.0,50.0
"2025-02-14 01:00:00","2025-02-14 02:00:00",UA,1,1,0,0,2.0,0.0,0.0
"2025-02-14 02:00:00","2025-02-14 03:00:00",UA,1,1,0,0,7.0,0.0,0.0
"2025-02-14 05:00:00","2025-02-14 06:00:00",AA,98,97,0,1,10.183673469387756,0.0,12.244897959183673
"2025-02-14 05:00:00","2025-02-14 06:00:00",DL,66,66,0,0,18.727272727272727,0.0,15.151515151515152
"2025-02-14 05:00:00","2025-02-14 06:00:00",UA,31,31,0,0,22.967741935483872,0.0,6.451612903225806
"2025-02-14 05:00:00","2025-02-14 06:00:00",WN,175,173,1,1,1.2988505747126438,0.5714285714285714,8.045977011494253
"2025-02-14 06:00:00","2025-02-14 07:00:00",AA,186,184,2,0,3.7282608695652173,1.075268817204301,9.782608695652174
"2025-02-14 06:00:00","2025-02-14 07:00:00",DL,180,180,0,0,8.422222222222222,0.0,10.0
"2025-02-14 06:00:00","2025-02-14 07:00:00",UA,124,123,1,0,6.195121951219512,0.8064516129032258,7.317073170731708
"2025-02-14 06:00:00","2025-02-14 07:00:00",WN,283,278,5,0,2.212230215827338,1.7667844522968197,8.992805755395683
"2025-02-14 07:00:00","2025-02-14 08:00:00",AA,199,199,0,0,14.266331658291458,0.0,11.557788944723619
"2025-02-14 07:00:00","2025-02-14 08:00:00",DL,223,223,0,0,7.551569506726457,0.0,10.762331838565023
"2025-02-14 07:00:00","2025-02-14 08:00:00",UA,190,189,0,1,5.08421052631579,0.0,9.473684210526315
"2025-02-14 07:00:00","2025-02-14 08:00:00",WN,183,182,1,0,1.3736263736263736,0.546448087431694,5.4945054945054945
"2025-02-14 08:00:00","2025-02-14 09:00:00",AA,184,184,0,0,10.032608695652174,0.0,17.391304347826086
"2025-02-14 08:00:00","2025-02-14 09:00:00",DL,164,162,0,2,12.841463414634147,0.0,13.414634146341463
"2025-02-14 08:00:00","2025-02-14 09:00:00",UA,183,183,0,0,10.103825136612022,0.0,14.207650273224044
"2025-02-14 08:00:00","2025-02-14 09:00:00",WN,253,252,1,0,3.496031746031746,0.3952569169960474,10.317460317460318
"2025-02-14 09:00:00","2025-02-14 10:00:00",AA,116,116,0,0,9.75,0.0,13.793103448275861
"2025-02-14 09:00:00","2025-02-14 10:00:00",DL,113,113,0,0,13.52212389380531,0.0,30.088495575221238
"2025-02-14 09:00:00","2025-02-14 10:00:00",UA,127,127,0,0,2.968503937007874,0.0,13.385826771653543
"2025-02-14 09:00:00","2025-02-14 10:00:00",WN,194,194,0,0,9.04639175257732,0.0,18.04123711340206
"2025-02-14 10:00:00","2025-02-14 11:00:00",AA,145,143,0,2,8.662068965517241,0.0,17.93103448275862
"2025-02-14 10:00:00","2025-02-14 11:00:00",DL,162,162,0,0,19.5,0.0,34.5679012345679
"2025-02-14 10:00:00","2025-02-14 11:00:00",UA,121,120,1,0,11.966666666666667,0.8264462809917356,17.5
"2025-02-14 10:00:00","2025-02-14 11:00:00",WN,229,229,0,0,6.0,0.0,14.410480349344978
"2025-02-14 11:00:00","2025-02-14 12:00:00",AA,155,153,0,2,12.006451612903225,0.0,21.93548387096774
"2025-02-14 11:00:00","2025-02-14 12:00:00",DL,182,182,0,0,23.208791208791208,0.0,34.61538461538461
"2025-02-14 11:00:00","2025-02-14 12:00:00",UA,122,121,1,0,11.198347107438016,0.819672131147541,19.834710743801654
"2025-02-14 11:00:00","2025-02-14 12:00:00",WN,205,204,1,0,11.647058823529411,0.4878048780487805,19.607843137254903
"2025-02-14 12:00:00","2025-02-14 13:00:00",AA,130,129,0,1,25.192307692307693,0.0,21.53846153846154
"2025-02-14 12:00:00","2025-02-14 13:00:00",DL,166,166,0,0,15.403614457831326,0.0,32.53012048192771
"2025-02-14 12:00:00","2025-02-14 13:00:00",UA,119,119,0,0,8.84873949579832,0.0,19.327731092436974
"2025-02-14 12:00:00","2025-02-14 13:00:00",WN,226,225,1,0,10.115555555555556,0.4424778761061947,21.333333333333332
"2025-02-14 13:00:00","2025-02-14 14:00:00",AA,135,133,0,2,27.674074074074074,0.0,28.88888888888889
"2025-02-14 13:00:00","2025-02-14 14:00:00",DL,134,133,1,0,26.571428571428573,0.746268656716418,35.338345864661655
"2025-02-14 13:00:00","2025-02-14 14:00:00",UA,131,131,0,0,11.442748091603054,0.0,18.3206106870229
"2025-02-14 13:00:00","2025-02-14 14:00:00",WN,206,206,0,0,13.684466019417476,0.0,25.24271844660194
"2025-02-14 14:00:00","2025-02-14 15:00:00",AA,148,147,1,0,15.204081632653061,0.6756756756756757,24.489795918367346
"2025-02-14 14:00:00","2025-02-14 15:00:00",DL,134,132,0,2,23.850746268656717,0.0,38.059701492537314
"2025-02-14 14:00:00","2025-02-14 15:00:00",UA,130,130,0,0,10.953846153846154,0.0,21.53846153846154
"2025-02-14 14:00:00","2025-02-14 15:00:00",WN,224,224,0,0,17.040178571428573,0.0,36.160714285714285
"2025-02-14 15:00:00","2025-02-14 16:00:00",AA,116,116,0,0,23.974137931034484,0.0,31.896551724137932
"2025-02-14 15:00:00","2025-02-14 16:00:00",DL,172,172,0,0,26.203488372093023,0.0,40.116279069767444
"2025-02-14 15:00:00","2025-02-14 16:00:00",UA,80,80,0,0,11.825,0.0,23.75
"2025-02-14 15:00:00","2025-02-14 16:00:00",WN,222,222,0,0,21.923423423423422,0.0,37.83783783783784
"2025-02-14 16:00:00","2025-02-14 17:00:00",AA,139,138,0,1,13.985611510791367,0.0,28.776978417266186
"2025-02-14 16:00:00","2025-02-14 17:00:00",DL,136,136,0,0,38.411764705882355,0.0,42.64705882352941
"2025-02-14 16:00:00","2025-02-14 17:00:00",UA,134,133,0,1,14.037313432835822,0.0,17.16417910447761
"2025-02-14 16:00:00","2025-02-14 17:00:00",WN,204,204,0,0,20.25,0.0,36.27450980392157
"2025-02-14 17:00:00","2025-02-14 18:00:00",AA,155,155,0,0,36.483870967741936,0.0,35.483870967741936
"2025-02-14 17:00:00","2025-02-14 18:00:00",DL,162,162,0,0,24.808641975308642,0.0,40.74074074074074
"2025-02-14 17:00:00","2025-02-14 18:00:00",UA,134,134,0,0,8.328358208955224,0.0,20.895522388059703
"2025-02-14 17:00:00","2025-02-14 18:00:00",WN,220,217,0,3,21.977272727272727,0.0,41.81818181818182
"2025-02-14 18:00:00","2025-02-14 19:00:00",AA,139,139,0,0,20.60431654676259,0.0,30.215827338129497
"2025-02-14 18:00:00","2025-02-14 19:00:00",DL,138,138,0,0,35.094202898550726,0.0,48.55072463768116
"2025-02-14 18:00:00","2025-02-14 19:00:00",UA,132,132,0,0,24.12121212121212,0.0,31.060606060606062
"2025-02-14 18:00:00","2025-02-14 19:00:00",WN,177,175,0,2,23.005649717514125,0.0,44.632768361581924
"2025-02-14 19:00:00","2025-02-14 20:00:00",AA,151,151,0,0,26.980132450331126,0.0,33.11258278145695
"2025-02-14 19:00:00","2025-02-14 20:00:00",DL,151,150,0,1,24.185430463576157,0.0,40.397350993377486
"2025-02-14 19:00:00","2025-02-14 20:00:00",UA,122,122,0,0,27.5,0.0,36.0655737704918
"2025-02-14 19:00:00","2025-02-14 20:00:00",WN,222,221,0,1,22.594594594594593,0.0,36.486486486486484
"2025-02-14 20:00:00","2025-02-14 21:00:00",AA,122,122,0,0,42.221311475409834,0.0,45.08196721311475
"2025-02-14 20:00:00","2025-02-14 21:00:00",DL,98,98,0,0,27.520408163265305,0.0,44.89795918367347
"2025-02-14 20:00:00","2025-02-14 21:00:00",UA,79,78,1,0,29.666666666666668,1.2658227848101267,37.17948717948718
"2025-02-14 20:00:00","2025-02-14 21:00:00",WN,257,257,0,0,29.330739299610894,0.0,44.3579766536965
"2025-02-14 21:00:00","2025-02-14 22:00:00",AA,83,82,0,1,27.63855421686747,0.0,27.710843373493976
"2025-02-14 21:00:00","2025-02-14 22:00:00",DL,87,87,0,0,26.977011494252874,0.0,40.229885057471265
"2025-02-14 21:00:00","2025-02-14 22:00:00",UA,36,36,0,0,31.86111111111111,0.0,41.666666666666664
"2025-02-14 21:00:00","2025-02-14 22:00:00",WN,135,135,0,0,25.637037037037036,0.0,47.407407407407405
"2025-02-14 22:00:00","2025-02-14 23:00:00",AA,89,88,0,1,25.853932584269664,0.0,24.719101123595507
"2025-02-14 22:00:00","2025-02-14 23:00:00",DL,78,78,0,0,46.73076923076923,0.0,43.58974358974359
"2025-02-14 22:00:00","2025-02-14 23:00:00",UA,26,26,0,0,9.115384615384615,0.0,11.538461538461538
"2025-02-14 22:00:00","2025-02-14 23:00:00",WN,125,125,0,0,23.416,0.0,41.6
"2025-02-14 23:00:00","2025-02-15 00:00:00",AA,28,28,0,0,5.857142857142857,0.0,25.0
"2025-02-14 23:00:00","2025-02-15 00:00:00",DL,25,25,0,0,40.84,0.0,24.0
"2025-02-14 23:00:00","2025-02-15 00:00:00",UA,36,36,0,0,4.805555555555555,0.0,11.11111111111111
"2025-02-14 23:00:00","2025-02-15 00:00:00",WN,3,3,0,0,6.333333333333333,0.0,33.333333333333336
"2025-02-15 00:00:00","2025-02-15 01:00:00",AA,11,11,0,0,1.9090909090909092,0.0,9.090909090909092
"2025-02-15 00:00:00","2025-02-15 01:00:00",DL,4,4,0,0,1.5,0.0,0.0
"2025-02-15 00:00:00","2025-02-15 01:00:00",UA,3,3,0,0,-8.333333333333334,0.0,0.0
"2025-02-15 01:00:00","2025-02-15 02:00:00",DL,2,2,0,0,15.0,0.0,50.0
"2025-02-15 01:00:00","2025-02-15 02:00:00",UA,1,1,0,0,7.0,0.0,0.0
"2025-02-15 02:00:00","2025-02-15 03:00:00",UA,1,1,0,0,-6.0,0.0,0.0
"2025-02-15 05:00:00","2025-02-15 06:00:00",AA,75,75,0,0,14.746666666666666,0.0,9.333333333333334
"2025-02-15 05:00:00","2025-02-15 06:00:00",DL,54,54,0,0,4.314814814814815,0.0,14.814814814814815
"2025-02-15 05:00:00","2025-02-15 06:00:00",UA,27,27,0,0,5.148148148148148,0.0,3.7037037037037037
"2025-02-15 05:00:00","2025-02-15 06:00:00",WN,106,106,0,0,4.2075471698113205,0.0,7.547169811320755
"2025-02-15 06:00:00","2025-02-15 07:00:00",AA,154,154,0,0,6.064935064935065,0.0,12.987012987012987
"2025-02-15 06:00:00","2025-02-15 07:00:00",DL,159,157,1,1,6.689873417721519,0.6289308176100629,14.556962025316455
"2025-02-15 06:00:00","2025-02-15 07:00:00",UA,117,117,0,0,3.452991452991453,0.0,7.6923076923076925
"2025-02-15 06:00:00","2025-02-15 07:00:00",WN,249,249,0,0,2.4096385542168677,0.0,7.6305220883534135
"2025-02-15 07:00:00","2025-02-15 08:00:00",AA,161,160,0,1,5.074534161490683,0.0,10.559006211180124
"2025-02-15 07:00:00","2025-02-15 08:00:00",DL,187,187,0,0,6.5133689839572195,0.0,13.368983957219251
"2025-02-15 07:00:00","2025-02-15 08:00:00",UA,170,167,2,1,4.226190476190476,1.1764705882352942,12.5
"2025-02-15 07:00:00","2025-02-15 08:00:00",WN,196,195,1,0,2.4461538461538463,0.5102040816326531,8.717948717948717
"2025-02-15 08:00:00","2025-02-15 09:00:00",AA,177,177,0,0,14.361581920903955,0.0,16.949152542372882
"2025-02-15 08:00:00","2025-02-15 09:00:00",DL,140,140,0,0,14.935714285714285,0.0,29.285714285714285
"2025-02-15 08:00:00","2025-02-15 09:00:00",UA,160,160,0,0,4.175,0.0,13.75
"2025-02-15 08:00:00","2025-02-15 09:00:00",WN,234,234,0,0,9.354700854700855,0.0,20.512820512820515
"2025-02-15 09:00:00","2025-02-15 10:00:00",AA,103,103,0,0,10.262135922330097,0.0,19.41747572815534
"2025-02-15 09:00:00","2025-02-15 10:00:00",DL,119,118,0,1,24.067226890756302,0.0,35.294117647058826
"2025-02-15 09:00:00","2025-02-15 10:00:00",UA,119,117,0,2,8.571428571428571,0.0,20.168067226890756
"2025-02-15 09:00:00","2025-02-15 10:00:00",WN,173,173,0,0,7.491329479768786,0.0,17.341040462427745
"2025-02-15 10:00:00","2025-02-15 11:00:00",AA,113,113,0,0,7.938053097345133,0.0,21.238938053097346
"2025-02-15 10:00:00","2025-02-15 11:00:00",DL,116,113,1,2,29.68695652173913,0.8620689655172413,35.65217391304348
"2025-02-15 10:00:00","2025-02-15 11:00:00",UA,114,114,0,0,6.464912280701754,0.0,14.912280701754385
"2025-02-15 10:00:00","2025-02-15 11:00:00",WN,224,222,1,1,8.690582959641256,0.44642857142857145,24.2152466367713
"2025-02-15 11:00:00","2025-02-15 12:00:00",AA,127,126,0,1,18.47244094488189,0.0,27.559055118110237
"2025-02-15 11:00:00","2025-02-15 12:00:00",DL,150,147,1,2,15.120805369127517,0.6666666666666666,34.899328859060404
"2025-02-15 11:00:00","2025-02-15 12:00:00",UA,97,96,1,0,17.770833333333332,1.0309278350515463,33.333333333333336
"2025-02-15 11:00:00","2025-02-15 12:00:00",WN,187,186,0,1,17.294117647058822,0.0,26.203208556149733
"2025-02-15 12:00:00","2025-02-15 13:00:00",AA,125,124,0,1,29.08,0.0,26.4
"2025-02-15 12:00:00","2025-02-15 13:00:00",DL,146,145,1,0,29.744827586206895,0.684931506849315,42.758620689655174
"2025-02-15 12:00:00","2025-02-15 13:00:00",UA,98,96,0,2,12.877551020408163,0.0,16.3265306122449
"2025-02-15 12:00:00","2025-02-15 13:00:00",WN,189,187,0,2,15.084656084656086,0.0,37.03703703703704
"2025-02-15 13:00:00","2025-02-15 14:00:00",AA,110,110,0,0,20.2,0.0,26.363636363636363
"2025-02-15 13:00:00","2025-02-15 14:00:00",DL,117,116,0,1,26.256410256410255,0.0,38.46153846153846
"2025-02-15 13:00:00","2025-02-15 14:00:00",UA,111,110,0,1,24.82882882882883,0.0,26.126126126126128
"2025-02-15 13:00:00","2025-02-15 14:00:00",WN,175,174,1,0,17.304597701149426,0.5714285714285714,27.011494252873565
"2025-02-15 14:00:00","2025-02-15 15:00:00",AA,133,133,0,0,23.909774436090224,0.0,34.58646616541353
"2025-02-15 14:00:00","2025-02-15 15:00:00",DL,113,113,0,0,38.743362831858406,0.0,51.32743362831859
"2025-02-15 14:00:00","2025-02-15 15:00:00",UA,117,117,0,0,26.299145299145298,0.0,32.47863247863248
"2025-02-15 14:00:00","2025-02-15 15:00:00",WN,208,207,0,1,24.514423076923077,0.0,36.05769230769231
"2025-02-15 15:00:00","2025-02-15 16:00:00",AA,107,107,0,0,26.27102803738318,0.0,26.16822429906542
"2025-02-15 15:00:00","2025-02-15 16:00:00",DL,137,137,0,0,39.22627737226277,0.0,40.87591240875913
"2025-02-15 15:00:00","2025-02-15 16:00:00",UA,73,73,0,0,35.534246575342465,0.0,31.506849315068493
"2025-02-15 15:00:00","2025-02-15 16:00:00",WN,203,202,1,0,22.935643564356436,0.49261083743842365,43.56435643564357
"2025-02-15 16:00:00","2025-02-15 17:00:00",AA,124,123,0,1,24.298387096774192,0.0,32.25806451612903
"2025-02-15 16:00:00","2025-02-15 17:00:00",DL,95,94,0,1,36.357894736842105,0.0,48.421052631578945
"2025-02-15 16:00:00","2025-02-15 17:00:00",UA,104,104,0,0,39.84615384615385,0.0,35.57692307692308
"2025-02-15 16:00:00","2025-02-15 17:00:00",WN,172,172,0,0,26.38372093023256,0.0,37.2093023255814
"2025-02-15 17:00:00","2025-02-15 18:00:00",AA,130,126,4,0,38.53174603174603,3.076923076923077,34.12698412698413
"2025-02-15 17:00:00","2025-02-15 18:00:00",DL,136,135,1,0,43.0,0.7352941176470589,37.77777777777778
"2025-02-15 17:00:00","2025-02-15 18:00:00",UA,116,113,2,1,36.37719298245614,1.7241379310344827,35.08771929824562
"2025-02-15 17:00:00","2025-02-15 18:00:00",WN,204,204,0,0,23.30392156862745,0.0,37.254901960784316
"2025-02-15 18:00:00","2025-02-15 19:00:00",AA,128,127,1,0,27.385826771653544,0.78125,33.07086614173228
"2025-02-15 18:00:00","2025-02-15 19:00:00",DL,116,116,0,0,54.62068965517241,0.0,57.758620689655174
"2025-02-15 18:00:00","2025-02-15 19:00:00",UA,109,109,0,0,20.53211009174312,0.0,33.027522935779814
"2025-02-15 18:00:00","2025-02-15 19:00:00",WN,217,215,0,2,38.45161290322581,0.0,46.54377880184332
"2025-02-15 19:00:00","2025-02-15 20:00:00",AA,101,98,3,0,32.10204081632653,2.9702970297029703,36.734693877551024
"2025-02-15 19:00:00","2025-02-15 20:00:00",DL,82,82,0,0,53.78048780487805,0.0,57.31707317073171
"2025-02-15 19:00:00","2025-02-15 20:00:00",UA,89,87,2,0,35.2183908045977,2.247191011235955,52.87356321839081
"2025-02-15 19:00:00","2025-02-15 20:00:00",WN,203,200,2,1,25.72636815920398,0.9852216748768473,45.77114427860697
"2025-02-15 20:00:00","2025-02-15 21:00:00",AA,98,94,3,1,30.178947368421053,3.061224489795918,34.73684210526316
"2025-02-15 20:00:00","2025-02-15 21:00:00",DL,64,63,0,1,43.796875,0.0,51.5625
"2025-02-15 20:00:00","2025-02-15 21:00:00",UA,62,61,1,0,35.77049180327869,1.6129032258064515,45.90163934426229
"2025-02-15 20:00:00","2025-02-15 21:00:00",WN,145,144,0,1,32.06896551724138,0.0,49.6551724137931
"2025-02-15 21:00:00","2025-02-15 22:00:00",AA,73,70,1,2,47.125,1.36986301369863,37.5
"2025-02-15 21:00:00","2025-02-15 22:00:00",DL,54,53,0,1,26.59259259259259,0.0,22.22222222222222
"2025-02-15 21:00:00","2025-02-15 22:00:00",UA,24,24,0,0,16.541666666666668,0.0,41.666666666666664
"2025-02-15 21:00:00","2025-02-15 22:00:00",WN,97,97,0,0,31.515463917525775,0.0,55.670103092783506
"2025-02-15 22:00:00","2025-02-15 23:00:00",AA,57,56,1,0,19.0,1.7543859649122806,33.92857142857143
"2025-02-15 22:00:00","2025-02-15 23:00:00",DL,63,60,0,3,77.19047619047619,0.0,47.61904761904762
"2025-02-15 22:00:00","2025-02-15 23:00:00",UA,28,27,1,0,6.407407407407407,3.5714285714285716,11.11111111111111
"2025-02-15 22:00:00","2025-02-15 23:00:00",WN,5,5,0,0,8.6,0.0,20.0
"2025-02-15 23:00:00","2025-02-16 00:00:00",AA,21,21,0,0,1.1904761904761905,0.0,14.285714285714286
"2025-02-15 23:00:00","2025-02-16 00:00:00",DL,19,19,0,0,12.263157894736842,0.0,36.8421052631579
"2025-02-15 23:00:00","2025-02-16 00:00:00",UA,24,24,0,0,9.125,0.0,25.0
"2025-02-15 23:00:00","2025-02-16 00:00:00",WN,2,2,0,0,-3.0,0.0,0.0
"2025-02-16 00:00:00","2025-02-16 01:00:00",AA,9,9,0,0,8.0,0.0,22.22222222222222
"2025-02-16 00:00:00","2025-02-16 01:00:00",DL,1,1,0,0,69.0,0.0,100.0
"2025-02-16 00:00:00","2025-02-16 01:00:00",UA,4,4,0,0,-3.5,0.0,0.0
"2025-02-16 01:00:00","2025-02-16 02:00:00",DL,2,2,0,0,3.0,0.0,50.0
"2025-02-16 01:00:00","2025-02-16 02:00:00",UA,1,1,0,0,43.0,0.0,100.0
"2025-02-16 02:00:00","2025-02-16 03:00:00",UA,1,1,0,0,49.0,0.0,100.0
"2025-02-16 05:00:00","2025-02-16 06:00:00",AA,97,94,3,0,31.0531914893617,3.0927835051546393,15.957446808510639
"2025-02-16 05:00:00","2025-02-16 06:00:00",DL,51,51,0,0,34.666666666666664,0.0,17.647058823529413
"2025-02-16 05:00:00","2025-02-16 06:00:00",UA,28,27,1,0,-3.888888888888889,3.5714285714285716,3.7037037037037037
"2025-02-16 05:00:00","2025-02-16 06:00:00",WN,152,150,2,0,6.553333333333334,1.3157894736842106,10.0
"2025-02-16 06:00:00","2025-02-16 07:00:00",AA,169,162,5,2,15.207317073170731,2.9585798816568047,12.804878048780488
"2025-02-16 06:00:00","2025-02-16 07:00:00",DL,159,158,1,0,34.77215189873418,0.6289308176100629,22.151898734177216
"2025-02-16 06:00:00","2025-02-16 07:00:00",UA,116,115,1,0,16.043478260869566,0.8620689655172413,15.652173913043478
"2025-02-16 06:00:00","2025-02-16 07:00:00",WN,266,262,4,0,10.553435114503817,1.5037593984962405,11.068702290076336
"2025-02-16 07:00:00","2025-02-16 08:00:00",AA,201,195,5,1,35.16836734693877,2.487562189054726,24.489795918367346
"2025-02-16 07:00:00","2025-02-16 08:00:00",DL,202,200,1,1,28.766169154228855,0.49504950495049505,25.870646766169155
"2025-02-16 07:00:00","2025-02-16 08:00:00",UA,191,190,1,0,23.53157894736842,0.5235602094240838,16.31578947368421
"2025-02-16 07:00:00","2025-02-16 08:00:00",WN,192,186,6,0,7.478494623655914,3.125,12.903225806451612
"2025-02-16 08:00:00","2025-02-16 09:00:00",AA,181,172,9,0,22.790697674418606,4.972375690607735,28.488372093023255
"2025-02-16 08:00:00","2025-02-16 09:00:00",DL,148,146,1,1,42.04761904761905,0.6756756756756757,43.53741496598639
"2025-02-16 08:00:00","2025-02-16 09:00:00",UA,171,166,3,2,21.011904761904763,1.7543859649122806,22.023809523809526
"2025-02-16 08:00:00","2025-02-16 09:00:00",WN,255,246,9,0,16.86178861788618,3.5294117647058822,18.69918699186992
"2025-02-16 09:00:00","2025-02-16 10:00:00",AA,118,108,8,2,27.054545454545455,6.779661016949152,30.0
"2025-02-16 09:00:00","2025-02-16 10:00:00",DL,114,113,1,0,38.0353982300885,0.8771929824561403,38.05309734513274
"2025-02-16 09:00:00","2025-02-16 10:00:00",UA,118,116,1,1,28.905982905982906,0.847457627118644,28.205128205128204
"2025-02-16 09:00:00","2025-02-16 10:00:00",WN,199,191,8,0,11.801047120418849,4.0201005025125625,20.94240837696335
"2025-02-16 10:00:00","2025-02-16 11:00:00",AA,139,131,6,2,25.954887218045112,4.316546762589928,37.59398496240601
"2025-02-16 10:00:00","2025-02-16 11:00:00",DL,109,108,0,1,49.22935779816514,0.0,48.62385321100918
"2025-02-16 10:00:00","2025-02-16 11:00:00",UA,115,114,0,1,33.48695652173913,0.0,35.65217391304348
"2025-02-16 10:00:00","2025-02-16 11:00:00",WN,224,214,8,2,20.74537037037037,3.5714285714285716,25.0
"2025-02-16 11:00:00","2025-02-16 12:00:00",AA,164,148,14,2,31.28,8.536585365853659,38.0
"2025-02-16 11:00:00","2025-02-16 12:00:00",DL,173,168,3,2,54.205882352941174,1.7341040462427746,57.64705882352941
"2025-02-16 11:00:00","2025-02-16 12:00:00",UA,126,126,0,0,39.74603174603175,0.0,43.65079365079365
"2025-02-16 11:00:00","2025-02-16 12:00:00",WN,220,216,3,1,27.428571428571427,1.3636363636363635,32.25806451612903
"2025-02-16 12:00:00","2025-02-16 13:00:00",AA,122,109,9,4,34.04424778761062,7.377049180327869,34.51327433628319
"2025-02-16 12:00:00","2025-02-16 13:00:00",DL,140,138,2,0,68.26086956521739,1.4285714285714286,58.69565217391305
"2025-02-16 12:00:00","2025-02-16 13:00:00",UA,106,103,0,3,48.839622641509436,0.0,38.679245283018865
"2025-02-16 12:00:00","2025-02-16 13:00:00",WN,204,195,6,3,32.71212121212121,2.9411764705882355,36.36363636363637
"2025-02-16 13:00:00","2025-02-16 14:00:00",AA,139,127,6,6,33.35338345864662,4.316546762589928,41.35338345864662
"2025-02-16 13:00:00","2025-02-16 14:00:00",DL,136,131,1,4,50.837037037037035,0.7352941176470589,54.074074074074076
"2025-02-16 13:00:00","2025-02-16 14:00:00",UA,142,135,5,2,33.67153284671533,3.5211267605633805,36.496350364963504
"2025-02-16 13:00:00","2025-02-16 14:00:00",WN,227,222,4,1,37.10762331838565,1.7621145374449338,42.600896860986545
"2025-02-16 14:00:00","2025-02-16 15:00:00",AA,143,131,9,3,43.507462686567166,6.293706293706293,43.28358208955224
"2025-02-16 14:00:00","2025-02-16 15:00:00",DL,102,100,1,1,78.5940594059406,0.9803921568627451,64.35643564356435
"2025-02-16 14:00:00","2025-02-16 15:00:00",UA,116,114,2,0,46.833333333333336,1.7241379310344827,41.228070175438596
"2025-02-16 14:00:00","2025-02-16 15:00:00",WN,209,205,4,0,39.47317073170732,1.9138755980861244,42.4390243902439
"2025-02-16 15:00:00","2025-02-16 16:00:00",AA,119,111,8,0,41.18018018018018,6.722689075630252,45.04504504504504
"2025-02-16 15:00:00","2025-02-16 16:00:00",DL,150,144,5,1,62.813793103448276,3.3333333333333335,64.13793103448276
"2025-02-16 15:00:00","2025-02-16 16:00:00",UA,74,71,3,0,48.774647887323944,4.054054054054054,45.070422535211264
"2025-02-16 15:00:00","2025-02-16 16:00:00",WN,224,218,4,2,39.99545454545454,1.7857142857142858,43.63636363636363
"2025-02-16 16:00:00","2025-02-16 17:00:00",AA,130,121,7,2,49.75609756097561,5.384615384615385,49.59349593495935
"2025-02-16 16:00:00","2025-02-16 17:00:00",DL,96,94,2,0,77.73404255319149,2.0833333333333335,62.765957446808514
"2025-02-16 16:00:00","2025-02-16 17:00:00",UA,125,125,0,0,57.608,0.0,49.6
"2025-02-16 16:00:00","2025-02-16 17:00:00",WN,196,192,4,0,46.708333333333336,2.0408163265306123,51.041666666666664
"2025-02-16 17:00:00","2025-02-16 18:00:00",AA,152,139,12,1,80.3,7.894736842105263,56.42857142857143
"2025-02-16 17:00:00","2025-02-16 18:00:00",DL,138,136,2,0,68.6029411764706,1.4492753623188406,47.794117647058826
"2025-02-16 17:00:00","2025-02-16 18:00:00",UA,132,128,4,0,59.9453125,3.0303030303030303,53.125
"2025-02-16 17:00:00","2025-02-16 18:00:00",WN,224,220,4,0,39.57272727272727,1.7857142857142858,45.45454545454545
"2025-02-16 18:00:00","2025-02-16 19:00:00",AA,150,138,12,0,53.05797101449275,8.0,50.72463768115942
"2025-02-16 18:00:00","2025-02-16 19:00:00",DL,108,105,3,0,60.714285714285715,2.7777777777777777,62.857142857142854
"2025-02-16 18:00:00","2025-02-16 19:00:00",UA,141,136,5,0,65.3529411764706,3.5460992907801416,48.529411764705884
"2025-02-16 18:00:00","2025-02-16 19:00:00",WN,190,185,5,0,46.432432432432435,2.6315789473684212,52.432432432432435
"2025-02-16 19:00:00","2025-02-16 20:00:00",AA,147,137,10,0,49.43795620437956,6.802721088435374,45.25547445255474
"2025-02-16 19:00:00","2025-02-16 20:00:00",DL,92,81,11,0,71.92592592592592,11.956521739130435,67.90123456790124
"2025-02-16 19:00:00","2025-02-16 20:00:00",UA,112,109,3,0,45.79816513761468,2.6785714285714284,44.95412844036697
"2025-02-16 19:00:00","2025-02-16 20:00:00",WN,218,217,0,1,44.403669724770644,0.0,48.1651376146789
"2025-02-16 20:00:00","2025-02-16 21:00:00",AA,120,114,6,0,40.175438596491226,5.0,49.12280701754386
"2025-02-16 20:00:00","2025-02-16 21:00:00",DL,61,57,4,0,51.824561403508774,6.557377049180328,52.63157894736842
"2025-02-16 20:00:00","2025-02-16 21:00:00",UA,79,75,4,0,57.12,5.063291139240507,66.66666666666667
"2025-02-16 20:00:00","2025-02-16 21:00:00",WN,262,259,3,0,39.397683397683394,1.1450381679389312,45.173745173745175
"2025-02-16 21:00:00","2025-02-16 22:00:00",AA,88,85,3,0,61.07058823529412,3.409090909090909,51.76470588235294
"2025-02-16 21:00:00","2025-02-16 22:00:00",DL,64,63,1,0,45.41269841269841,1.5625,44.44444444444444
"2025-02-16 21:00:00","2025-02-16 22:00:00",UA,41,39,1,1,48.025,2.4390243902439024,62.5
"2025-02-16 21:00:00","2025-02-16 22:00:00",WN,130,130,0,0,39.66923076923077,0.0,50.0
"2025-02-16 22:00:00","2025-02-16 23:00:00",AA,87,83,4,0,51.18072289156626,4.597701149425287,36.144578313253014
"2025-02-16 22:00:00","2025-02-16 23:00:00",DL,59,59,0,0,46.40677966101695,0.0,45.76271186440678
"2025-02-16 22:00:00","2025-02-16 23:00:00",UA,25,25,0,0,18.6,0.0,36.0
"2025-02-16 22:00:00","2025-02-16 23:00:00",WN,128,125,3,0,45.832,2.34375,56.8
"2025-02-16 23:00:00","2025-02-17 00:00:00",AA,27,26,1,0,12.576923076923077,3.7037037037037037,30.76923076923077
"2025-02-16 23:00:00","2025-02-17 00:00:00",DL,16,15,1,0,70.0,6.25,26.666666666666668
"2025-02-16 23:00:00","2025-02-17 00:00:00",UA,33,33,0,0,11.878787878787879,0.0,24.242424242424242
"2025-02-16 23:00:00","2025-02-17 00:00:00",WN,3,3,0,0,-1.0,0.0,0.0
"2025-02-17 00:00:00","2025-02-17 01:00:00",AA,12,12,0,0,11.75,0.0,33.333333333333336
"2025-02-17 00:00:00","2025-02-17 01:00:00",DL,2,2,0,0,1.0,0.0,0.0
"2025-02-17 00:00:00","2025-02-17 01:00:00",UA,3,3,0,0,22.0,0.0,66.66666666666667
"2025-02-17 01:00:00","2025-02-17 02:00:00",DL,2,2,0,0,-9.5,0.0,0.0
"2025-02-17 01:00:00","2025-02-17 02:00:00",UA,1,1,0,0,46.0,0.0,100.0
"2025-02-17 02:00:00","2025-02-17 03:00:00",UA,1,1,0,0,74.0,0.0,100.0
"2025-02-17 05:00:00","2025-02-17 06:00:00",AA,91,84,7,0,16.297619047619047,7.6923076923076925,4.761904761904762
"2025-02-17 05:00:00","2025-02-17 06:00:00",DL,56,56,0,0,8.910714285714286,0.0,17.857142857142858
"2025-02-17 05:00:00","2025-02-17 06:00:00",UA,31,30,1,0,-4.366666666666666,3.225806451612903,0.0
"2025-02-17 05:00:00","2025-02-17 06:00:00",WN,158,155,3,0,5.309677419354839,1.8987341772151898,7.741935483870968
"2025-02-17 06:00:00","2025-02-17 07:00:00",AA,179,172,7,0,18.546511627906977,3.910614525139665,11.627906976744185
"2025-02-17 06:00:00","2025-02-17 07:00:00",DL,167,163,4,0,20.625766871165645,2.395209580838323,19.01840490797546
"2025-02-17 06:00:00","2025-02-17 07:00:00",UA,119,117,2,0,7.572649572649572,1.680672268907563,11.965811965811966
"2025-02-17 06:00:00","2025-02-17 07:00:00",WN,261,260,1,0,11.053846153846154,0.3831417624521073,11.153846153846153
"2025-02-17 07:00:00","2025-02-17 08:00:00",AA,205,196,9,0,8.744897959183673,4.390243902439025,13.26530612244898
"2025-02-17 07:00:00","2025-02-17 08:00:00",DL,228,219,9,0,20.767123287671232,3.9473684210526314,24.65753424657534
"2025-02-17 07:00:00","2025-02-17 08:00:00",UA,195,193,1,1,10.22680412371134,0.5128205128205128,11.855670103092784
"2025-02-17 07:00:00","2025-02-17 08:00:00",WN,193,193,0,0,6.430051813471502,0.0,14.507772020725389
"2025-02-17 08:00:00","2025-02-17 09:00:00",AA,171,165,6,0,13.587878787878788,3.508771929824561,20.0
"2025-02-17 08:00:00","2025-02-17 09:00:00",DL,162,161,0,1,21.123456790123456,0.0,23.45679012345679
"2025-02-17 08:00:00","2025-02-17 09:00:00",UA,175,174,1,0,12.454022988505747,0.5714285714285714,13.793103448275861
"2025-02-17 08:00:00","2025-02-17 09:00:00",WN,252,250,1,1,6.043824701195219,0.3968253968253968,17.529880478087648
"2025-02-17 09:00:00","2025-02-17 10:00:00",AA,114,113,0,1,5.894736842105263,0.0,14.912280701754385
"2025-02-17 09:00:00","2025-02-17 10:00:00",DL,112,112,0,0,16.928571428571427,0.0,22.321428571428573
"2025-02-17 09:00:00","2025-02-17 10:00:00",UA,123,122,1,0,14.491803278688524,0.8130081300813008,18.0327868852459
"2025-02-17 09:00:00","2025-02-17 10:00:00",WN,189,189,0,0,12.137566137566138,0.0,21.164021164021165
"2025-02-17 10:00:00","2025-02-17 11:00:00",AA,146,144,2,0,11.729166666666666,1.36986301369863,19.444444444444443
"2025-02-17 10:00:00","2025-02-17 11:00:00",DL,160,155,3,2,15.292993630573248,1.875,29.29936305732484
"2025-02-17 10:00:00","2025-02-17 11:00:00",UA,128,128,0,0,15.1796875,0.0,21.875
"2025-02-17 10:00:00","2025-02-17 11:00:00",WN,232,232,0,0,13.849137931034482,0.0,22.413793103448278
"2025-02-17 11:00:00","2025-02-17 12:00:00",AA,136,134,2,0,17.98507462686567,1.4705882352941178,25.37313432835821
"2025-02-17 11:00:00","2025-02-17 12:00:00",DL,171,170,1,0,23.470588235294116,0.5847953216374269,36.470588235294116
"2025-02-17 11:00:00","2025-02-17 12:00:00",UA,120,120,0,0,22.416666666666668,0.0,25.833333333333332
"2025-02-17 11:00:00","2025-02-17 12:00:00",WN,201,201,0,0,16.432835820895523,0.0,29.850746268656717
"2025-02-17 12:00:00","2025-02-17 13:00:00",AA,132,132,0,0,27.189393939393938,0.0,31.060606060606062
"2025-02-17 12:00:00","2025-02-17 13:00:00",DL,173,170,3,0,28.49411764705882,1.7341040462427746,40.0
"2025-02-17 12:00:00","2025-02-17 13:00:00",UA,117,116,1,0,21.094827586206897,0.8547008547008547,31.03448275862069
"2025-02-17 12:00:00","2025-02-17 13:00:00",WN,224,222,1,1,20.219730941704036,0.44642857142857145,31.838565022421523
"2025-02-17 13:00:00","2025-02-17 14:00:00",AA,131,131,0,0,15.083969465648854,0.0,31.297709923664122
"2025-02-17 13:00:00","2025-02-17 14:00:00",DL,126,123,3,0,30.0,2.380952380952381,39.02439024390244
"2025-02-17 13:00:00","2025-02-17 14:00:00",UA,124,124,0,0,19.370967741935484,0.0,29.838709677419356
"2025-02-17 13:00:00","2025-02-17 14:00:00",WN,200,198,0,2,16.895,0.0,38.0
"2025-02-17 14:00:00","2025-02-17 15:00:00",AA,144,144,0,0,25.166666666666668,0.0,39.583333333333336
"2025-02-17 14:00:00","2025-02-17 15:00:00",DL,130,128,2,0,32.8046875,1.5384615384615385,35.15625
"2025-02-17 14:00:00","2025-02-17 15:00:00",UA,124,124,0,0,22.18548387096774,0.0,29.838709677419356
"2025-02-17 14:00:00","2025-02-17 15:00:00",WN,219,219,0,0,27.771689497716896,0.0,43.37899543378995
"2025-02-17 15:00:00","2025-02-17 16:00:00",AA,117,117,0,0,23.735042735042736,0.0,43.58974358974359
"2025-02-17 15:00:00","2025-02-17 16:00:00",DL,167,165,2,0,38.8,1.1976047904191616,52.72727272727273
"2025-02-17 15:00:00","2025-02-17 16:00:00",UA,80,80,0,0,34.375,0.0,50.0
"2025-02-17 15:00:00","2025-02-17 16:00:00",WN,218,217,1,0,36.244239631336406,0.45871559633027525,50.23041474654378
"2025-02-17 16:00:00","2025-02-17 17:00:00",AA,126,124,2,0,25.443548387096776,1.5873015873015872,39.516129032258064
"2025-02-17 16:00:00","2025-02-17 17:00:00",DL,126,125,1,0,48.544,0.7936507936507936,52.8
"2025-02-17 16:00:00","2025-02-17 17:00:00",UA,132,132,0,0,28.272727272727273,0.0,40.15151515151515
"2025-02-17 16:00:00","2025-02-17 17:00:00",WN,208,208,0,0,37.1875,0.0,56.25
"2025-02-17 17:00:00","2025-02-17 18:00:00",AA,164,163,1,0,28.42331288343558,0.6097560975609756,49.079754601226995
"2025-02-17 17:00:00","2025-02-17 18:00:00",DL,168,167,1,0,36.29940119760479,0.5952380952380952,42.51497005988024
"2025-02-17 17:00:00","2025-02-17 18:00:00",UA,143,142,1,0,28.112676056338028,0.6993006993006993,38.028169014084504
"2025-02-17 17:00:00","2025-02-17 18:00:00",WN,240,240,0,0,35.5,0.0,58.333333333333336
"2025-02-17 18:00:00","2025-02-17 19:00:00",AA,142,142,0,0,30.295774647887324,0.0,39.436619718309856
"2025-02-17 18:00:00","2025-02-17 19:00:00",DL,144,143,1,0,46.38461538461539,0.6944444444444444,56.64335664335665
"2025-02-17 18:00:00","2025-02-17 19:00:00",UA,139,139,0,0,33.093525179856115,0.0,49.64028776978417
"2025-02-17 18:00:00","2025-02-17 19:00:00",WN,189,189,0,0,41.3068783068783,0.0,59.78835978835979
"2025-02-17 19:00:00","2025-02-17 20:00:00",AA,154,154,0,0,34.31818181818182,0.0,46.753246753246756
"2025-02-17 19:00:00","2025-02-17 20:00:00",DL,143,143,0,0,48.08391608391609,0.0,59.44055944055944
"2025-02-17 19:00:00","2025-02-17 20:00:00",UA,118,118,0,0,26.661016949152543,0.0,44.91525423728814
"2025-02-17 19:00:00","2025-02-17 20:00:00",WN,227,227,0,0,36.819383259911895,0.0,55.06607929515418
"2025-02-17 20:00:00","2025-02-17 21:00:00",AA,115,115,0,0,34.13913043478261,0.0,47.82608695652174
"2025-02-17 20:00:00","2025-02-17 21:00:00",DL,98,98,0,0,54.96938775510204,0.0,62.244897959183675
"2025-02-17 20:00:00","2025-02-17 21:00:00",UA,77,77,0,0,30.181818181818183,0.0,49.35064935064935
"2025-02-17 20:00:00","2025-02-17 21:00:00",WN,252,251,1,0,45.79681274900398,0.3968253968253968,62.94820717131474
"2025-02-17 21:00:00","2025-02-17 22:00:00",AA,83,82,0,1,63.433734939759034,0.0,43.373493975903614
"2025-02-17 21:00:00","2025-02-17 22:00:00",DL,73,73,0,0,41.3013698630137,0.0,46.57534246575342
"2025-02-17 21:00:00","2025-02-17 22:00:00",UA,36,36,0,0,24.833333333333332,0.0,44.44444444444444
"2025-02-17 21:00:00","2025-02-17 22:00:00",WN,129,129,0,0,48.263565891472865,0.0,69.76744186046511
"2025-02-17 22:00:00","2025-02-17 23:00:00",AA,80,80,0,0,29.075,0.0,47.5
"2025-02-17 22:00:00","2025-02-17 23:00:00",DL,75,75,0,0,33.72,0.0,50.666666666666664
"2025-02-17 22:00:00","2025-02-17 23:00:00",UA,31,31,0,0,2.4516129032258065,0.0,12.903225806451612
"2025-02-17 22:00:00","2025-02-17 23:00:00",WN,119,116,2,1,42.12820512820513,1.680672268907563,72.64957264957265
"2025-02-17 23:00:00","2025-02-18 00:00:00",AA,29,29,0,0,34.724137931034484,0.0,31.03448275862069
"2025-02-17 23:00:00","2025-02-18 00:00:00",DL,24,24,0,0,25.333333333333332,0.0,50.0
"2025-02-17 23:00:00","2025-02-18 00:00:00",UA,33,33,0,0,3.9393939393939394,0.0,15.151515151515152
"2025-02-17 23:00:00","2025-02-18 00:00:00",WN,3,3,0,0,13.333333333333334,0.0,66.66666666666667
"2025-02-18 00:00:00","2025-02-18 01:00:00",AA,11,11,0,0,12.272727272727273,0.0,27.272727272727273
"2025-02-18 00:00:00","2025-02-18 01:00:00",DL,4,4,0,0,18.25,0.0,50.0
"2025-02-18 00:00:00","2025-02-18 01:00:00",UA,3,3,0,0,-1.6666666666666667,0.0,0.0
"2025-02-18 01:00:00","2025-02-18 02:00:00",DL,2,2,0,0,-8.0,0.0,0.0
"2025-02-18 01:00:00","2025-02-18 02:00:00",UA,1,1,0,0,-7.0,0.0,0.0
"2025-02-18 02:00:00","2025-02-18 03:00:00",UA,1,1,0,0,-5.0,0.0,0.0
"2025-02-18 05:00:00","2025-02-18 06:00:00",AA,79,79,0,0,1.759493670886076,0.0,15.189873417721518
"2025-02-18 05:00:00","2025-02-18 06:00:00",DL,66,66,0,0,4.2272727272727275,0.0,10.606060606060606
"2025-02-18 05:00:00","2025-02-18 06:00:00",UA,28,28,0,0,8.535714285714286,0.0,7.142857142857143
"2025-02-18 05:00:00","2025-02-18 06:00:00",WN,85,83,2,0,-0.3614457831325301,2.3529411764705883,4.819277108433735
"2025-02-18 06:00:00","2025-02-18 07:00:00",AA,165,164,1,0,11.71951219512195,0.6060606060606061,14.024390243902438
"2025-02-18 06:00:00","2025-02-18 07:00:00",DL,177,176,0,1,17.3954802259887,0.0,17.51412429378531
"2025-02-18 06:00:00","2025-02-18 07:00:00",UA,117,117,0,0,-0.6666666666666666,0.0,6.837606837606837
"2025-02-18 06:00:00","2025-02-18 07:00:00",WN,283,280,3,0,2.807142857142857,1.0600706713780919,7.5
"2025-02-18 07:00:00","2025-02-18 08:00:00",AA,167,167,0,0,8.508982035928144,0.0,10.778443113772456
"2025-02-18 07:00:00","2025-02-18 08:00:00",DL,221,219,1,1,12.322727272727272,0.45248868778280543,15.454545454545455
"2025-02-18 07:00:00","2025-02-18 08:00:00",UA,173,173,0,0,-0.44508670520231214,0.0,7.514450867052023
"2025-02-18 07:00:00","2025-02-18 08:00:00",WN,205,203,2,0,5.167487684729064,0.975609756097561,8.866995073891626
"2025-02-18 08:00:00","2025-02-18 09:00:00",AA,177,175,2,0,6.1257142857142854,1.1299435028248588,8.571428571428571
"2025-02-18 08:00:00","2025-02-18 09:00:00",DL,150,150,0,0,9.9,0.0,18.666666666666668
"2025-02-18 08:00:00","2025-02-18 09:00:00",UA,166,166,0,0,5.975903614457831,0.0,11.44578313253012
"2025-02-18 08:00:00","2025-02-18 09:00:00",WN,240,238,2,0,6.5210084033613445,0.8333333333333334,16.80672268907563
"2025-02-18 09:00:00","2025-02-18 10:00:00",AA,132,132,0,0,5.916666666666667,0.0,12.878787878787879
"2025-02-18 09:00:00","2025-02-18 10:00:00",DL,118,118,0,0,11.610169491525424,0.0,24.576271186440678
"2025-02-18 09:00:00","2025-02-18 10:00:00",UA,129,128,1,0,8.6328125,0.7751937984496124,17.1875
"2025-02-18 09:00:00","2025-02-18 10:00:00",WN,213,211,2,0,7.672985781990521,0.9389671361502347,17.061611374407583
"2025-02-18 10:00:00","2025-02-18 11:00:00",AA,126,125,1,0,11.248,0.7936507936507936,16.8
"2025-02-18 10:00:00","2025-02-18 11:00:00",DL,141,141,0,0,18.31205673758865,0.0,27.659574468085108
"2025-02-18 10:00:00","2025-02-18 11:00:00",UA,111,111,0,0,8.198198198198199,0.0,14.414414414414415
"2025-02-18 10:00:00","2025-02-18 11:00:00",WN,210,209,1,0,10.569377990430622,0.47619047619047616,23.444976076555022
"2025-02-18 11:00:00","2025-02-18 12:00:00",AA,145,143,1,1,8.965277777777779,0.6896551724137931,13.88888888888889
"2025-02-18 11:00:00","2025-02-18 12:00:00",DL,173,173,0,0,17.976878612716764,0.0,30.057803468208093
"2025-02-18 11:00:00","2025-02-18 12:00:00",UA,119,119,0,0,14.789915966386555,0.0,22.689075630252102
"2025-02-18 11:00:00","2025-02-18 12:00:00",WN,208,206,2,0,11.601941747572816,0.9615384615384616,23.78640776699029
"2025-02-18 12:00:00","2025-02-18 13:00:00",AA,126,126,0,0,23.896825396825395,0.0,16.666666666666668
"2025-02-18 12:00:00","2025-02-18 13:00:00",DL,166,165,0,1,14.355421686746988,0.0,25.903614457831324
"2025-02-18 12:00:00","2025-02-18 13:00:00",UA,111,111,0,0,3.81981981981982,0.0,13.513513513513514
"2025-02-18 12:00:00","2025-02-18 13:00:00",WN,221,218,3,0,14.243119266055047,1.3574660633484164,28.89908256880734
"2025-02-18 13:00:00","2025-02-18 14:00:00",AA,134,134,0,0,20.17910447761194,0.0,23.134328358208954
"2025-02-18 13:00:00","2025-02-18 14:00:00",DL,127,127,0,0,15.362204724409448,0.0,25.984251968503937
"2025-02-18 13:00:00","2025-02-18 14:00:00",UA,127,127,0,0,7.464566929133858,0.0,17.322834645669293
"2025-02-18 13:00:00","2025-02-18 14:00:00",WN,228,226,2,0,14.942477876106194,0.8771929824561403,31.858407079646017
"2025-02-18 14:00:00","2025-02-18 15:00:00",AA,135,133,2,0,11.533834586466165,1.4814814814814814,26.31578947368421
"2025-02-18 14:00:00","2025-02-18 15:00:00",DL,115,115,0,0,21.530434782608694,0.0,29.565217391304348
"2025-02-18 14:00:00","2025-02-18 15:00:00",UA,117,115,1,1,5.793103448275862,0.8547008547008547,18.96551724137931
"2025-02-18 14:00:00","2025-02-18 15:00:00",WN,214,214,0,0,15.369158878504672,0.0,30.8411214953271
"2025-02-18 15:00:00","2025-02-18 16:00:00",AA,106,104,2,0,12.528846153846153,1.8867924528301887,23.076923076923077
"2025-02-18 15:00:00","2025-02-18 16:00:00",DL,155,155,0,0,15.561290322580644,0.0,27.096774193548388
"2025-02-18 15:00:00","2025-02-18 16:00:00",UA,75,74,0,1,6.2,0.0,17.333333333333332
"2025-02-18 15:00:00","2025-02-18 16:00:00",WN,206,206,0,0,18.199029126213592,0.0,37.37864077669903
"2025-02-18 16:00:00","2025-02-18 17:00:00",AA,127,120,7,0,16.133333333333333,5.511811023622047,16.666666666666668
"2025-02-18 16:00:00","2025-02-18 17:00:00",DL,107,107,0,0,11.476635514018692,0.0,23.364485981308412
"2025-02-18 16:00:00","2025-02-18 17:00:00",UA,118,118,0,0,6.694915254237288,0.0,17.796610169491526
"2025-02-18 16:00:00","2025-02-18 17:00:00",WN,208,208,0,0,18.10576923076923,0.0,36.05769230769231
"2025-02-18 17:00:00","2025-02-18 18:00:00",AA,132,121,11,0,10.181818181818182,8.333333333333334,21.487603305785125
"2025-02-18 17:00:00","2025-02-18 18:00:00",DL,158,157,0,1,24.234177215189874,0.0,22.151898734177216
"2025-02-18 17:00:00","2025-02-18 18:00:00",UA,131,129,1,1,16.43076923076923,0.7633587786259542,26.923076923076923
"2025-02-18 17:00:00","2025-02-18 18:00:00",WN,214,214,0,0,17.2803738317757,0.0,30.8411214953271
"2025-02-18 18:00:00","2025-02-18 19:00:00",AA,128,119,9,0,19.714285714285715,7.03125,26.050420168067227
"2025-02-18 18:00:00","2025-02-18 19:00:00",DL,126,124,1,1,14.416,0.7936507936507936,32.0
"2025-02-18 18:00:00","2025-02-18 19:00:00",UA,117,116,0,1,22.35042735042735,0.0,35.042735042735046
"2025-02-18 18:00:00","2025-02-18 19:00:00",WN,202,201,1,0,21.37313432835821,0.49504950495049505,38.80597014925373
"2025-02-18 19:00:00","2025-02-18 20:00:00",AA,105,97,8,0,24.577319587628867,7.619047619047619,28.8659793814433
"2025-02-18 19:00:00","2025-02-18 20:00:00",DL,101,100,0,1,25.77227722772277,0.0,37.62376237623762
"2025-02-18 19:00:00","2025-02-18 20:00:00",UA,100,99,1,0,18.232323232323232,1.0,42.42424242424242
"2025-02-18 19:00:00","2025-02-18 20:00:00",WN,234,234,0,0,14.692307692307692,0.0,32.47863247863248
"2025-02-18 20:00:00","2025-02-18 21:00:00",AA,106,90,16,0,27.522222222222222,15.09433962264151,27.77777777777778
"2025-02-18 20:00:00","2025-02-18 21:00:00",DL,69,69,0,0,15.840579710144928,0.0,33.333333333333336
"2025-02-18 20:00:00","2025-02-18 21:00:00",UA,62,62,0,0,25.274193548387096,0.0,41.935483870967744
"2025-02-18 20:00:00","2025-02-18 21:00:00",WN,167,163,4,0,16.79754601226994,2.395209580838323,34.969325153374236
"2025-02-18 21:00:00","2025-02-18 22:00:00",AA,70,60,10,0,29.966666666666665,14.285714285714286,26.666666666666668
"2025-02-18 21:00:00","2025-02-18 22:00:00",DL,60,60,0,0,6.316666666666666,0.0,21.666666666666668
"2025-02-18 21:00:00","2025-02-18 22:00:00",UA,27,27,0,0,9.925925925925926,0.0,22.22222222222222
"2025-02-18 21:00:00","2025-02-18 22:00:00",WN,138,135,2,1,19.205882352941178,1.4492753623188406,41.1764705882353
"2025-02-18 22:00:00","2025-02-18 23:00:00",AA,58,57,1,0,5.631578947368421,1.7241379310344827,17.54385964912281
"2025-02-18 22:00:00","2025-02-18 23:00:00",DL,76,76,0,0,31.0,0.0,28.94736842105263
"2025-02-18 22:00:00","2025-02-18 23:00:00",UA,26,26,0,0,1.7692307692307692,0.0,15.384615384615385
"2025-02-18 22:00:00","2025-02-18 23:00:00",WN,5,5,0,0,12.4,0.0,40.0
"2025-02-18 23:00:00","2025-02-19 00:00:00",AA,20,20,0,0,4.0,0.0,20.0
"2025-02-18 23:00:00","2025-02-19 00:00:00",DL,20,20,0,0,-0.75,0.0,10.0
"2025-02-18 23:00:00","2025-02-19 00:00:00",UA,25,25,0,0,-1.52,0.0,12.0
"2025-02-18 23:00:00","2025-02-19 00:00:00",WN,2,2,0,0,-8.5,0.0,0.0
"2025-02-19 00:00:00","2025-02-19 01:00:00",AA,9,9,0,0,8.555555555555555,0.0,11.11111111111111
"2025-02-19 00:00:00","2025-02-19 01:00:00",DL,2,2,0,0,-10.5,0.0,0.0
"2025-02-19 00:00:00","2025-02-19 01:00:00",UA,2,2,0,0,-10.0,0.0,0.0
"2025-02-19 01:00:00","2025-02-19 02:00:00",DL,2,2,0,0,-11.5,0.0,0.0
"2025-02-19 01:00:00","2025-02-19 02:00:00",UA,1,1,0,0,-9.0,0.0,0.0
"2025-02-19 02:00:00","2025-02-19 03:00:00",UA,1,1,0,0,-10.0,0.0,0.0
"2025-02-19 05:00:00","2025-02-19 06:00:00",AA,71,60,11,0,7.766666666666667,15.492957746478874,18.333333333333332
"2025-02-19 05:00:00","2025-02-19 06:00:00",DL,60,60,0,0,10.766666666666667,0.0,10.0
"2025-02-19 05:00:00","2025-02-19 06:00:00",UA,26,26,0,0,11.307692307692308,0.0,3.8461538461538463
"2025-02-19 05:00:00","2025-02-19 06:00:00",WN,21,21,0,0,-0.5238095238095238,0.0,0.0
"2025-02-19 06:00:00","2025-02-19 07:00:00",AA,167,157,10,0,3.5987261146496814,5.9880239520958085,12.738853503184714
"2025-02-19 06:00:00","2025-02-19 07:00:00",DL,170,169,1,0,9.698224852071005,0.5882352941176471,10.059171597633137
"2025-02-19 06:00:00","2025-02-19 07:00:00",UA,114,114,0,0,2.5789473684210527,0.0,10.526315789473685
"2025-02-19 06:00:00","2025-02-19 07:00:00",WN,192,186,6,0,-0.9032258064516129,3.125,3.225806451612903
"2025-02-19 07:00:00","2025-02-19 08:00:00",AA,166,152,12,2,9.38961038961039,7.228915662650603,12.337662337662337
"2025-02-19 07:00:00","2025-02-19 08:00:00",DL,216,216,0,0,11.800925925925926,0.0,12.962962962962964
"2025-02-19 07:00:00","2025-02-19 08:00:00",UA,173,173,0,0,-0.15606936416184972,0.0,5.202312138728324
"2025-02-19 07:00:00","2025-02-19 08:00:00",WN,174,168,6,0,-1.505952380952381,3.4482758620689653,2.380952380952381
"2025-02-19 08:00:00","2025-02-19 09:00:00",AA,186,177,8,1,9.893258426966293,4.301075268817204,16.292134831460675
"2025-02-19 08:00:00","2025-02-19 09:00:00",DL,167,166,0,1,5.880239520958084,0.0,12.574850299401197
"2025-02-19 08:00:00","2025-02-19 09:00:00",UA,178,177,1,0,3.9604519774011298,0.5617977528089888,9.6045197740113
"2025-02-19 08:00:00","2025-02-19 09:00:00",WN,218,213,5,0,2.272300469483568,2.293577981651376,7.511737089201878
"2025-02-19 09:00:00","2025-02-19 10:00:00",AA,124,114,9,1,34.22608695652174,7.258064516129032,21.73913043478261
"2025-02-19 09:00:00","2025-02-19 10:00:00",DL,114,113,1,0,6.477876106194691,0.8771929824561403,18.58407079646018
"2025-02-19 09:00:00","2025-02-19 10:00:00",UA,133,132,1,0,5.106060606060606,0.7518796992481203,16.666666666666668
"2025-02-19 09:00:00","2025-02-19 10:00:00",WN,220,215,5,0,4.102325581395349,2.272727272727273,9.767441860465116
"2025-02-19 10:00:00","2025-02-19 11:00:00",AA,120,113,5,2,39.48695652173913,4.166666666666667,43.47826086956522
"2025-02-19 10:00:00","2025-02-19 11:00:00",DL,138,138,0,0,18.891304347826086,0.0,25.36231884057971
"2025-02-19 10:00:00","2025-02-19 11:00:00",UA,109,109,0,0,11.853211009174313,0.0,14.678899082568808
"2025-02-19 10:00:00","2025-02-19 11:00:00",WN,179,175,4,0,4.542857142857143,2.2346368715083798,11.428571428571429
"2025-02-19 11:00:00","2025-02-19 12:00:00",AA,145,130,14,1,22.893129770992367,9.655172413793103,32.82442748091603
"2025-02-19 11:00:00","2025-02-19 12:00:00",DL,164,163,1,0,13.331288343558283,0.6097560975609756,26.380368098159508
"2025-02-19 11:00:00","2025-02-19 12:00:00",UA,117,116,1,0,11.293103448275861,0.8547008547008547,19.82758620689655
"2025-02-19 11:00:00","2025-02-19 12:00:00",WN,235,234,1,0,12.893162393162394,0.425531914893617,24.358974358974358
"2025-02-19 12:00:00","2025-02-19 13:00:00",AA,121,106,15,0,43.924528301886795,12.396694214876034,52.83018867924528
"2025-02-19 12:00:00","2025-02-19 13:00:00",DL,167,167,0,0,18.81437125748503,0.0,26.94610778443114
"2025-02-19 12:00:00","2025-02-19 13:00:00",UA,118,118,0,0,7.991525423728813,0.0,14.40677966101695
"2025-02-19 12:00:00","2025-02-19 13:00:00",WN,180,176,4,0,9.670454545454545,2.2222222222222223,23.863636363636363
"2025-02-19 13:00:00","2025-02-19 14:00:00",AA,133,107,25,1,31.73148148148148,18.796992481203006,41.666666666666664
"2025-02-19 13:00:00","2025-02-19 14:00:00",DL,133,130,3,0,16.676923076923078,2.255639097744361,33.84615384615385
"2025-02-19 13:00:00","2025-02-19 14:00:00",UA,134,134,0,0,9.253731343283581,0.0,13.432835820895523
"2025-02-19 13:00:00","2025-02-19 14:00:00",WN,224,223,1,0,9.614349775784753,0.44642857142857145,21.076233183856502
"2025-02-19 14:00:00","2025-02-19 15:00:00",AA,128,108,20,0,30.62962962962963,15.625,44.44444444444444
"2025-02-19 14:00:00","2025-02-19 15:00:00",DL,110,110,0,0,19.30909090909091,0.0,27.272727272727273
"2025-02-19 14:00:00","2025-02-19 15:00:00",UA,116,115,0,1,7.206896551724138,0.0,19.82758620689655
"2025-02-19 14:00:00","2025-02-19 15:00:00",WN,200,199,1,0,14.291457286432161,0.5,31.155778894472363
"2025-02-19 15:00:00","2025-02-19 16:00:00",AA,108,92,16,0,38.56521739130435,14.814814814814815,41.30434782608695
"2025-02-19 15:00:00","2025-02-19 16:00:00",DL,170,169,1,0,14.668639053254438,0.5882352941176471,30.17751479289941
"2025-02-19 15:00:00","2025-02-19 16:00:00",UA,86,86,0,0,7.127906976744186,0.0,19.767441860465116
"2025-02-19 15:00:00","2025-02-19 16:00:00",WN,212,212,0,0,14.339622641509434,0.0,28.30188679245283
"2025-02-19 16:00:00","2025-02-19 17:00:00",AA,126,116,10,0,27.353448275862068,7.936507936507937,39.6551724137931
"2025-02-19 16:00:00","2025-02-19 17:00:00",DL,112,109,3,0,14.036697247706423,2.6785714285714284,23.853211009174313
"2025-02-19 16:00:00","2025-02-19 17:00:00",UA,130,127,1,2,11.093023255813954,0.7692307692307693,13.178294573643411
"2025-02-19 16:00:00","2025-02-19 17:00:00",WN,196,196,0,0,15.311224489795919,0.0,28.571428571428573
"2025-02-19 17:00:00","2025-02-19 18:00:00",AA,147,140,7,0,32.892857142857146,4.761904761904762,55.0
"2025-02-19 17:00:00","2025-02-19 18:00:00",DL,160,160,0,0,14.16875,0.0,28.75
"2025-02-19 17:00:00","2025-02-19 18:00:00",UA,130,130,0,0,10.438461538461539,0.0,19.23076923076923
"2025-02-19 17:00:00","2025-02-19 18:00:00",WN,194,193,1,0,14.430051813471502,0.5154639175257731,32.12435233160622
"2025-02-19 18:00:00","2025-02-19 19:00:00",AA,141,132,8,1,33.92481203007519,5.673758865248227,45.86466165413534
"2025-02-19 18:00:00","2025-02-19 19:00:00",DL,136,133,2,1,21.55223880597015,1.4705882352941178,43.28358208955224
"2025-02-19 18:00:00","2025-02-19 19:00:00",UA,134,133,1,0,14.593984962406015,0.746268656716418,19.548872180451127
"2025-02-19 18:00:00","2025-02-19 19:00:00",WN,252,250,2,0,12.744,0.7936507936507936,26.8
"2025-02-19 19:00:00","2025-02-19 20:00:00",AA,107,99,8,0,30.696969696969695,7.4766355140186915,50.505050505050505
"2025-02-19 19:00:00","2025-02-19 20:00:00",DL,96,95,1,0,25.242105263157896,1.0416666666666667,28.42105263157895
"2025-02-19 19:00:00","2025-02-19 20:00:00",UA,112,111,1,0,19.684684684684683,0.8928571428571429,24.324324324324323
"2025-02-19 19:00:00","2025-02-19 20:00:00",WN,111,111,0,0,16.72072072072072,0.0,35.13513513513514
"2025-02-19 20:00:00","2025-02-19 21:00:00",AA,107,103,4,0,38.89320388349515,3.7383177570093458,49.51456310679612
"2025-02-19 20:00:00","2025-02-19 21:00:00",DL,70,68,2,0,26.83823529411765,2.857142857142857,30.88235294117647
"2025-02-19 20:00:00","2025-02-19 21:00:00",UA,72,72,0,0,6.236111111111111,0.0,13.88888888888889
"2025-02-19 20:00:00","2025-02-19 21:00:00",WN,155,154,1,0,12.0,0.6451612903225806,26.623376623376622
"2025-02-19 21:00:00","2025-02-19 22:00:00",AA,76,69,7,0,57.42028985507246,9.210526315789474,57.971014492753625
"2025-02-19 21:00:00","2025-02-19 22:00:00",DL,58,58,0,0,25.224137931034484,0.0,27.586206896551722
"2025-02-19 21:00:00","2025-02-19 22:00:00",UA,32,32,0,0,0.78125,0.0,6.25
"2025-02-19 21:00:00","2025-02-19 22:00:00",WN,16,16,0,0,19.75,0.0,25.0
"2025-02-19 22:00:00","2025-02-19 23:00:00",AA,62,56,5,1,38.73684210526316,8.064516129032258,33.333333333333336
"2025-02-19 22:00:00","2025-02-19 23:00:00",DL,74,73,0,1,17.22972972972973,0.0,14.864864864864865
"2025-02-19 22:00:00","2025-02-19 23:00:00",UA,28,28,0,0,8.392857142857142,0.0,10.714285714285714
"2025-02-19 22:00:00","2025-02-19 23:00:00",WN,2,2,0,0,-2.5,0.0,0.0
"2025-02-19 23:00:00","2025-02-20 00:00:00",AA,24,23,1,0,8.347826086956522,4.166666666666667,17.391304347826086
"2025-02-19 23:00:00","2025-02-20 00:00:00",DL,19,19,0,0,4.157894736842105,0.0,15.789473684210526
"2025-02-19 23:00:00","2025-02-20 00:00:00",UA,32,31,0,1,-6.0,0.0,0.0
"2025-02-19 23:00:00","2025-02-20 00:00:00",WN,2,2,0,0,3.5,0.0,0.0
"2025-02-20 00:00:00","2025-02-20 01:00:00",AA,9,9,0,0,10.777777777777779,0.0,11.11111111111111
"2025-02-20 00:00:00","2025-02-20 01:00:00",DL,2,2,0,0,-9.5,0.0,0.0
"2025-02-20 00:00:00","2025-02-20 01:00:00",UA,1,1,0,0,-6.0,0.0,0.0
"2025-02-20 01:00:00","2025-02-20 02:00:00",DL,2,2,0,0,-11.0,0.0,0.0
"2025-02-20 01:00:00","2025-02-20 02:00:00",UA,1,1,0,0,-5.0,0.0,0.0
"2025-02-20 02:00:00","2025-02-20 03:00:00",UA,1,1,0,0,-10.0,0.0,0.0
"2025-02-20 05:00:00","2025-02-20 06:00:00",AA,95,85,10,0,3.8705882352941177,10.526315789473685,9.411764705882353
"2025-02-20 05:00:00","2025-02-20 06:00:00",DL,64,63,1,0,-3.5873015873015874,1.5625,3.1746031746031744
"2025-02-20 05:00:00","2025-02-20 06:00:00",UA,29,29,0,0,7.068965517241379,0.0,3.4482758620689653
"2025-02-20 05:00:00","2025-02-20 06:00:00",WN,85,85,0,0,1.9176470588235295,0.0,7.0588235294117645
"2025-02-20 06:00:00","2025-02-20 07:00:00",AA,176,163,13,0,6.883435582822086,7.386363636363637,11.656441717791411
"2025-02-20 06:00:00","2025-02-20 07:00:00",DL,180,178,2,0,8.92134831460674,1.1111111111111112,9.55056179775281
"2025-02-20 06:00:00","2025-02-20 07:00:00",UA,124,122,2,0,0.8524590163934426,1.6129032258064515,8.19672131147541
"2025-02-20 06:00:00","2025-02-20 07:00:00",WN,296,291,5,0,-0.24398625429553264,1.6891891891891893,5.498281786941581
"2025-02-20 07:00:00","2025-02-20 08:00:00",AA,197,186,11,0,10.908602150537634,5.583756345177665,16.666666666666668
"2025-02-20 07:00:00","2025-02-20 08:00:00",DL,217,217,0,0,5.594470046082949,0.0,9.216589861751151
"2025-02-20 07:00:00","2025-02-20 08:00:00",UA,187,185,1,1,-1.4408602150537635,0.5347593582887701,5.376344086021505
"2025-02-20 07:00:00","2025-02-20 08:00:00",WN,198,196,2,0,6.229591836734694,1.0101010101010102,10.714285714285714
"2025-02-20 08:00:00","2025-02-20 09:00:00",AA,177,171,6,0,7.187134502923977,3.389830508474576,19.29824561403509
"2025-02-20 08:00:00","2025-02-20 09:00:00",DL,161,161,0,0,8.335403726708075,0.0,16.770186335403725
"2025-02-20 08:00:00","2025-02-20 09:00:00",UA,173,171,0,2,5.3526011560693645,0.0,9.826589595375722
"2025-02-20 08:00:00","2025-02-20 09:00:00",WN,242,240,2,0,9.445833333333333,0.8264462809917356,20.0
"2025-02-20 09:00:00","2025-02-20 10:00:00",AA,117,104,13,0,12.846153846153847,11.11111111111111,25.0
"2025-02-20 09:00:00","2025-02-20 10:00:00",DL,113,113,0,0,9.938053097345133,0.0,21.238938053097346
"2025-02-20 09:00:00","2025-02-20 10:00:00",UA,124,124,0,0,10.03225806451613,0.0,17.741935483870968
"2025-02-20 09:00:00","2025-02-20 10:00:00",WN,205,204,1,0,11.661764705882353,0.4878048780487805,21.07843137254902
"2025-02-20 10:00:00","2025-02-20 11:00:00",AA,142,136,6,0,15.470588235294118,4.225352112676056,23.529411764705884
"2025-02-20 10:00:00","2025-02-20 11:00:00",DL,155,155,0,0,16.61935483870968,0.0,25.161290322580644
"2025-02-20 10:00:00","2025-02-20 11:00:00",UA,118,118,0,0,0.4491525423728814,0.0,8.474576271186441
"2025-02-20 10:00:00","2025-02-20 11:00:00",WN,219,219,0,0,8.273972602739725,0.0,18.72146118721461
"2025-02-20 11:00:00","2025-02-20 12:00:00",AA,150,139,11,0,25.302158273381295,7.333333333333333,41.726618705035975
"2025-02-20 11:00:00","2025-02-20 12:00:00",DL,176,176,0,0,19.15340909090909,0.0,29.545454545454547
"2025-02-20 11:00:00","2025-02-20 12:00:00",UA,112,112,0,0,8.741071428571429,0.0,17.857142857142858
"2025-02-20 11:00:00","2025-02-20 12:00:00",WN,211,211,0,0,9.890995260663507,0.0,20.85308056872038
"2025-02-20 12:00:00","2025-02-20 13:00:00",AA,131,127,4,0,21.448818897637796,3.053435114503817,37.79527559055118
"2025-02-20 12:00:00","2025-02-20 13:00:00",DL,174,174,0,0,14.839080459770114,0.0,29.310344827586206
"2025-02-20 12:00:00","2025-02-20 13:00:00",UA,117,117,0,0,9.0,0.0,14.52991452991453
"2025-02-20 12:00:00","2025-02-20 13:00:00",WN,224,222,1,1,12.071748878923767,0.44642857142857145,22.869955156950674
"2025-02-20 13:00:00","2025-02-20 14:00:00",AA,133,127,5,1,23.6015625,3.7593984962406015,39.0625
"2025-02-20 13:00:00","2025-02-20 14:00:00",DL,138,138,0,0,24.717391304347824,0.0,33.333333333333336
"2025-02-20 13:00:00","2025-02-20 14:00:00",UA,133,133,0,0,9.977443609022556,0.0,18.045112781954888
"2025-02-20 13:00:00","2025-02-20 14:00:00",WN,234,233,1,0,13.583690987124463,0.42735042735042733,30.042918454935624
"2025-02-20 14:00:00","2025-02-20 15:00:00",AA,129,122,7,0,39.86065573770492,5.426356589147287,41.80327868852459
"2025-02-20 14:00:00","2025-02-20 15:00:00",DL,121,121,0,0,16.43801652892562,0.0,36.36363636363637
"2025-02-20 14:00:00","2025-02-20 15:00:00",UA,116,115,0,1,8.310344827586206,0.0,18.96551724137931
"2025-02-20 14:00:00","2025-02-20 15:00:00",WN,204,203,0,1,13.5,0.0,30.88235294117647
"2025-02-20 15:00:00","2025-02-20 16:00:00",AA,124,122,2,0,19.12295081967213,1.6129032258064515,32.78688524590164
"2025-02-20 15:00:00","2025-02-20 16:00:00",DL,170,170,0,0,18.376470588235293,0.0,34.705882352941174
"2025-02-20 15:00:00","2025-02-20 16:00:00",UA,85,85,0,0,7.270588235294118,0.0,18.823529411764707
"2025-02-20 15:00:00","2025-02-20 16:00:00",WN,212,211,1,0,16.55924170616114,0.4716981132075472,32.70142180094787
"2025-02-20 16:00:00","2025-02-20 17:00:00",AA,139,135,3,1,31.41176470588235,2.158273381294964,40.44117647058823
"2025-02-20 16:00:00","2025-02-20 17:00:00",DL,133,133,0,0,21.31578947368421,0.0,45.11278195488722
"2025-02-20 16:00:00","2025-02-20 17:00:00",UA,133,133,0,0,9.849624060150376,0.0,18.796992481203006
"2025-02-20 16:00:00","2025-02-20 17:00:00",WN,212,212,0,0,16.20754716981132,0.0,33.0188679245283
"2025-02-20 17:00:00","2025-02-20 18:00:00",AA,149,148,1,0,32.32432432432432,0.6711409395973155,37.83783783783784
"2025-02-20 17:00:00","2025-02-20 18:00:00",DL,163,162,0,1,28.78527607361963,0.0,44.785276073619634
"2025-02-20 17:00:00","2025-02-20 18:00:00",UA,131,129,1,1,10.569230769230769,0.7633587786259542,19.23076923076923
"2025-02-20 17:00:00","2025-02-20 18:00:00",WN,212,212,0,0,17.42924528301887,0.0,35.37735849056604
"2025-02-20 18:00:00","2025-02-20 19:00:00",AA,160,154,3,3,24.751592356687897,1.875,43.94904458598726
"2025-02-20 18:00:00","2025-02-20 19:00:00",DL,151,150,1,0,21.486666666666668,0.6622516556291391,36.666666666666664
"2025-02-20 18:00:00","2025-02-20 19:00:00",UA,151,151,0,0,9.56953642384106,0.0,20.52980132450331
"2025-02-20 18:00:00","2025-02-20 19:00:00",WN,222,220,1,1,16.855203619909503,0.45045045045045046,33.0316742081448
"2025-02-20 19:00:00","2025-02-20 20:00:00",AA,152,152,0,0,33.328947368421055,0.0,38.81578947368421
"2025-02-20 19:00:00","2025-02-20 20:00:00",DL,152,150,0,2,18.532894736842106,0.0,41.44736842105263
"2025-02-20 19:00:00","2025-02-20 20:00:00",UA,120,120,0,0,12.883333333333333,0.0,25.0
"2025-02-20 19:00:00","2025-02-20 20:00:00",WN,252,251,1,0,19.89641434262948,0.3968253968253968,39.8406374501992
"2025-02-20 20:00:00","2025-02-20 21:00:00",AA,113,111,2,0,33.108108108108105,1.7699115044247788,37.83783783783784
"2025-02-20 20:00:00","2025-02-20 21:00:00",DL,95,95,0,0,22.757894736842104,0.0,49.473684210526315
"2025-02-20 20:00:00","2025-02-20 21:00:00",UA,76,75,1,0,10.96,1.3157894736842106,24.0
"2025-02-20 20:00:00","2025-02-20 21:00:00",WN,166,166,0,0,16.566265060240966,0.0,30.72289156626506
"2025-02-20 21:00:00","2025-02-20 22:00:00",AA,91,91,0,0,31.89010989010989,0.0,38.46153846153846
"2025-02-20 21:00:00","2025-02-20 22:00:00",DL,90,90,0,0,17.18888888888889,0.0,34.44444444444444
"2025-02-20 21:00:00","2025-02-20 22:00:00",UA,41,40,0,1,5.7560975609756095,0.0,19.51219512195122
"2025-02-20 21:00:00","2025-02-20 22:00:00",WN,142,142,0,0,17.190140845070424,0.0,35.91549295774648
"2025-02-20 22:00:00","2025-02-20 23:00:00",AA,90,89,1,0,40.146067415730336,1.1111111111111112,43.82022471910113
"2025-02-20 22:00:00","2025-02-20 23:00:00",DL,83,83,0,0,16.253012048192772,0.0,34.93975903614458
"2025-02-20 22:00:00","2025-02-20 23:00:00",UA,30,30,0,0,1.5333333333333334,0.0,13.333333333333334
"2025-02-20 22:00:00","2025-02-20 23:00:00",WN,4,4,0,0,-1.0,0.0,0.0
"2025-02-20 23:00:00","2025-02-21 00:00:00",AA,29,29,0,0,14.620689655172415,0.0,20.689655172413794
"2025-02-20 23:00:00","2025-02-21 00:00:00",DL,25,25,0,0,6.52,0.0,24.0
"2025-02-20 23:00:00","2025-02-21 00:00:00",UA,35,35,0,0,1.9428571428571428,0.0,14.285714285714286
"2025-02-20 23:00:00","2025-02-21 00:00:00",WN,2,2,0,0,15.5,0.0,50.0
"2025-02-21 00:00:00","2025-02-21 01:00:00",AA,12,12,0,0,0.3333333333333333,0.0,8.333333333333334
"2025-02-21 00:00:00","2025-02-21 01:00:00",DL,4,4,0,0,2.75,0.0,25.0
"2025-02-21 00:00:00","2025-02-21 01:00:00",UA,3,3,0,0,12.333333333333334,0.0,66.66666666666667
"2025-02-21 01:00:00","2025-02-21 02:00:00",DL,2,2,0,0,34.5,0.0,50.0
"2025-02-21 01:00:00","2025-02-21 02:00:00",UA,1,1,0,0,13.0,0.0,0.0
"2025-02-21 02:00:00","2025-02-21 03:00:00",UA,1,1,0,0,15.0,0.0,0.0
"2025-02-21 05:00:00","2025-02-21 06:00:00",AA,99,99,0,0,35.464646464646464,0.0,10.1010101010101
"2025-02-21 05:00:00","2025-02-21 06:00:00",DL,57,57,0,0,1.7543859649122806,0.0,8.771929824561404
"2025-02-21 05:00:00","2025-02-21 06:00:00",UA,28,28,0,0,0.2857142857142857,0.0,10.714285714285714
"2025-02-21 05:00:00","2025-02-21 06:00:00",WN,166,165,1,0,-0.6606060606060606,0.6024096385542169,5.454545454545454
"2025-02-21 06:00:00","2025-02-21 07:00:00",AA,172,172,0,0,8.668604651162791,0.0,11.627906976744185
"2025-02-21 06:00:00","2025-02-21 07:00:00",DL,176,176,0,0,6.375,0.0,8.522727272727273
"2025-02-21 06:00:00","2025-02-21 07:00:00",UA,119,119,0,0,1.2605042016806722,0.0,10.92436974789916
"2025-02-21 06:00:00","2025-02-21 07:00:00",WN,274,274,0,0,2.321167883211679,0.0,5.474452554744525
"2025-02-21 07:00:00","2025-02-21 08:00:00",AA,206,206,0,0,16.12621359223301,0.0,11.650485436893204
"2025-02-21 07:00:00","2025-02-21 08:00:00",DL,230,229,1,0,2.8253275109170306,0.43478260869565216,10.480349344978166
"2025-02-21 07:00:00","2025-02-21 08:00:00",UA,195,195,0,0,1.523076923076923,0.0,10.76923076923077
"2025-02-21 07:00:00","2025-02-21 08:00:00",WN,192,191,1,0,1.5968586387434556,0.5208333333333334,5.2356020942408374
"2025-02-21 08:00:00","2025-02-21 09:00:00",AA,169,169,0,0,3.5502958579881656,0.0,14.201183431952662
"2025-02-21 08:00:00","2025-02-21 09:00:00",DL,156,156,0,0,2.5641025641025643,0.0,8.974358974358974
"2025-02-21 08:00:00","2025-02-21 09:00:00",UA,167,167,0,0,6.622754491017964,0.0,13.77245508982036
"2025-02-21 08:00:00","2025-02-21 09:00:00",WN,240,240,0,0,3.745833333333333,0.0,9.166666666666666
"2025-02-21 09:00:00","2025-02-21 10:00:00",AA,122,122,0,0,6.532786885245901,0.0,16.39344262295082
"2025-02-21 09:00:00","2025-02-21 10:00:00",DL,115,115,0,0,10.26086956521739,0.0,20.0
"2025-02-21 09:00:00","2025-02-21 10:00:00",UA,124,124,0,0,4.685483870967742,0.0,13.709677419354838
"2025-02-21 09:00:00","2025-02-21 10:00:00",WN,202,201,1,0,6.074626865671642,0.49504950495049505,13.432835820895523
"2025-02-21 10:00:00","2025-02-21 11:00:00",AA,135,135,0,0,18.31111111111111,0.0,17.037037037037038
"2025-02-21 10:00:00","2025-02-21 11:00:00",DL,142,141,1,0,4.602836879432624,0.704225352112676,14.893617021276595
"2025-02-21 10:00:00","2025-02-21 11:00:00",UA,108,108,0,0,0.9259259259259259,0.0,11.11111111111111
"2025-02-21 10:00:00","2025-02-21 11:00:00",WN,207,207,0,0,5.144927536231884,0.0,15.458937198067632
"2025-02-21 11:00:00","2025-02-21 12:00:00",AA,145,144,0,1,18.951724137931034,0.0,17.24137931034483
"2025-02-21 11:00:00","2025-02-21 12:00:00",DL,179,179,0,0,10.82122905027933,0.0,15.64245810055866
"2025-02-21 11:00:00","2025-02-21 12:00:00",UA,114,114,0,0,3.4298245614035086,0.0,10.526315789473685
"2025-02-21 11:00:00","2025-02-21 12:00:00",WN,196,196,0,0,8.285714285714286,0.0,17.346938775510203
"2025-02-21 12:00:00","2025-02-21 13:00:00",AA,134,134,0,0,28.33582089552239,0.0,22.388059701492537
"2025-02-21 12:00:00","2025-02-21 13:00:00",DL,165,165,0,0,9.727272727272727,0.0,21.21212121212121
"2025-02-21 12:00:00","2025-02-21 13:00:00",UA,109,109,0,0,1.8623853211009174,0.0,11.926605504587156
"2025-02-21 12:00:00","2025-02-21 13:00:00",WN,213,213,0,0,7.23943661971831,0.0,19.248826291079812
"2025-02-21 13:00:00","2025-02-21 14:00:00",AA,141,141,0,0,10.035460992907801,0.0,24.113475177304963
"2025-02-21 13:00:00","2025-02-21 14:00:00",DL,141,141,0,0,8.865248226950355,0.0,18.43971631205674
"2025-02-21 13:00:00","2025-02-21 14:00:00",UA,141,141,0,0,0.7588652482269503,0.0,4.964539007092198
"2025-02-21 13:00:00","2025-02-21 14:00:00",WN,222,221,1,0,8.552036199095022,0.45045045045045046,20.81447963800905
"2025-02-21 14:00:00","2025-02-21 15:00:00",AA,153,153,0,0,11.137254901960784,0.0,18.30065359477124
"2025-02-21 14:00:00","2025-02-21 15:00:00",DL,136,136,0,0,9.338235294117647,0.0,19.852941176470587
"2025-02-21 14:00:00","2025-02-21 15:00:00",UA,133,131,1,1,-0.23484848484848486,0.7518796992481203,5.303030303030303
"2025-02-21 14:00:00","2025-02-21 15:00:00",WN,229,228,0,1,8.441048034934498,0.0,17.03056768558952
"2025-02-21 15:00:00","2025-02-21 16:00:00",AA,119,119,0,0,10.478991596638656,0.0,21.008403361344538
"2025-02-21 15:00:00","2025-02-21 16:00:00",DL,170,169,1,0,10.591715976331361,0.5882352941176471,23.668639053254438
"2025-02-21 15:00:00","2025-02-21 16:00:00",UA,81,81,0,0,0.8888888888888888,0.0,8.641975308641975
"2025-02-21 15:00:00","2025-02-21 16:00:00",WN,221,221,0,0,9.67420814479638,0.0,19.004524886877828
"2025-02-21 16:00:00","2025-02-21 17:00:00",AA,137,137,0,0,7.233576642335766,0.0,15.328467153284672
"2025-02-21 16:00:00","2025-02-21 17:00:00",DL,126,126,0,0,9.563492063492063,0.0,23.015873015873016
"2025-02-21 16:00:00","2025-02-21 17:00:00",UA,130,130,0,0,4.323076923076923,0.0,13.846153846153847
"2025-02-21 16:00:00","2025-02-21 17:00:00",WN,188,188,0,0,9.707446808510639,0.0,20.74468085106383
"2025-02-21 17:00:00","2025-02-21 18:00:00",AA,159,159,0,0,16.257861635220127,0.0,27.67295597484277
"2025-02-21 17:00:00","2025-02-21 18:00:00",DL,161,161,0,0,7.111801242236025,0.0,17.391304347826086
"2025-02-21 17:00:00","2025-02-21 18:00:00",UA,135,134,1,0,2.1641791044776117,0.7407407407407407,13.432835820895523
"2025-02-21 17:00:00","2025-02-21 18:00:00",WN,225,224,1,0,9.441964285714286,0.4444444444444444,22.767857142857142
"2025-02-21 18:00:00","2025-02-21 19:00:00",AA,147,147,0,0,18.64625850340136,0.0,25.170068027210885
"2025-02-21 18:00:00","2025-02-21 19:00:00",DL,142,142,0,0,12.56338028169014,0.0,23.943661971830984
"2025-02-21 18:00:00","2025-02-21 19:00:00",UA,140,140,0,0,3.157142857142857,0.0,11.428571428571429
"2025-02-21 18:00:00","2025-02-21 19:00:00",WN,184,184,0,0,6.043478260869565,0.0,16.847826086956523
"2025-02-21 19:00:00","2025-02-21 20:00:00",AA,155,155,0,0,13.064516129032258,0.0,20.0
"2025-02-21 19:00:00","2025-02-21 20:00:00",DL,157,157,0,0,8.273885350318471,0.0,22.929936305732483
"2025-02-21 19:00:00","2025-02-21 20:00:00",UA,130,130,0,0,4.361538461538461,0.0,13.076923076923077
"2025-02-21 19:00:00","2025-02-21 20:00:00",WN,224,223,0,1,8.071428571428571,0.0,21.875
"2025-02-21 20:00:00","2025-02-21 21:00:00",AA,114,114,0,0,11.18421052631579,0.0,21.92982456140351
"2025-02-21 20:00:00","2025-02-21 21:00:00",DL,88,88,0,0,13.477272727272727,0.0,22.727272727272727
"2025-02-21 20:00:00","2025-02-21 21:00:00",UA,77,77,0,0,3.142857142857143,0.0,12.987012987012987
"2025-02-21 20:00:00","2025-02-21 21:00:00",WN,254,254,0,0,3.6023622047244093,0.0,14.566929133858268
"2025-02-21 21:00:00","2025-02-21 22:00:00",AA,86,85,0,1,26.22093023255814,0.0,23.25581395348837
"2025-02-21 21:00:00","2025-02-21 22:00:00",DL,88,87,1,0,4.35632183908046,1.1363636363636365,18.39080459770115
"2025-02-21 21:00:00","2025-02-21 22:00:00",UA,36,36,0,0,-1.3611111111111112,0.0,8.333333333333334
"2025-02-21 21:00:00","2025-02-21 22:00:00",WN,135,134,0,1,3.7925925925925927,0.0,14.814814814814815
"2025-02-21 22:00:00","2025-02-21 23:00:00",AA,85,85,0,0,13.388235294117647,0.0,22.352941176470587
"2025-02-21 22:00:00","2025-02-21 23:00:00",DL,82,82,0,0,9.463414634146341,0.0,13.414634146341463
"2025-02-21 22:00:00","2025-02-21 23:00:00",UA,31,31,0,0,-3.3548387096774195,0.0,3.225806451612903
"2025-02-21 22:00:00","2025-02-21 23:00:00",WN,128,128,0,0,0.6484375,0.0,7.8125
"2025-02-21 23:00:00","2025-02-22 00:00:00",AA,29,29,0,0,-0.7931034482758621,0.0,6.896551724137931
"2025-02-21 23:00:00","2025-02-22 00:00:00",DL,24,24,0,0,11.583333333333334,0.0,20.833333333333332
"2025-02-21 23:00:00","2025-02-22 00:00:00",UA,35,35,0,0,-4.3428571428571425,0.0,2.857142857142857
"2025-02-21 23:00:00","2025-02-22 00:00:00",WN,3,3,0,0,-5.666666666666667,0.0,0.0
"2025-02-22 00:00:00","2025-02-22 01:00:00",AA,9,9,0,0,1.3333333333333333,0.0,22.22222222222222
"2025-02-22 00:00:00","2025-02-22 01:00:00",DL,4,4,0,0,-11.25,0.0,0.0
"2025-02-22 00:00:00","2025-02-22 01:00:00",UA,1,1,0,0,-10.0,0.0,0.0
"2025-02-22 01:00:00","2025-02-22 02:00:00",DL,2,2,0,0,-3.5,0.0,0.0
"2025-02-22 01:00:00","2025-02-22 02:00:00",UA,1,1,0,0,-12.0,0.0,0.0
"2025-02-22 02:00:00","2025-02-22 03:00:00",UA,1,1,0,0,-4.0,0.0,0.0
"2025-02-22 05:00:00","2025-02-22 06:00:00",AA,80,80,0,0,0.7625,0.0,8.75
"2025-02-22 05:00:00","2025-02-22 06:00:00",DL,53,53,0,0,17.07547169811321,0.0,15.09433962264151
"2025-02-22 05:00:00","2025-02-22 06:00:00",UA,28,28,0,0,-2.642857142857143,0.0,7.142857142857143
"2025-02-22 05:00:00","2025-02-22 06:00:00",WN,128,128,0,0,-1.4765625,0.0,3.90625
"2025-02-22 06:00:00","2025-02-22 07:00:00",AA,157,157,0,0,1.6751592356687899,0.0,8.280254777070065
"2025-02-22 06:00:00","2025-02-22 07:00:00",DL,167,167,0,0,3.934131736526946,0.0,10.778443113772456
"2025-02-22 06:00:00","2025-02-22 07:00:00",UA,121,121,0,0,0.6198347107438017,0.0,4.958677685950414
"2025-02-22 06:00:00","2025-02-22 07:00:00",WN,261,261,0,0,-0.210727969348659,0.0,4.21455938697318
"2025-02-22 07:00:00","2025-02-22 08:00:00",AA,167,167,0,0,1.3293413173652695,0.0,4.790419161676646
"2025-02-22 07:00:00","2025-02-22 08:00:00",DL,195,195,0,0,2.1435897435897435,0.0,8.205128205128204
"2025-02-22 07:00:00","2025-02-22 08:00:00",UA,176,175,0,1,0.26136363636363635,0.0,7.386363636363637
"2025-02-22 07:00:00","2025-02-22 08:00:00",WN,197,195,1,1,-1.2959183673469388,0.5076142131979695,3.5714285714285716
"2025-02-22 08:00:00","2025-02-22 09:00:00",AA,159,159,0,0,7.943396226415095,0.0,14.465408805031446
"2025-02-22 08:00:00","2025-02-22 09:00:00",DL,134,134,0,0,6.940298507462686,0.0,11.940298507462687
"2025-02-22 08:00:00","2025-02-22 09:00:00",UA,151,150,0,1,2.006622516556291,0.0,8.609271523178808
"2025-02-22 08:00:00","2025-02-22 09:00:00",WN,211,209,2,0,2.971291866028708,0.9478672985781991,8.61244019138756
"2025-02-22 09:00:00","2025-02-22 10:00:00",AA,113,113,0,0,21.27433628318584,0.0,12.389380530973451
"2025-02-22 09:00:00","2025-02-22 10:00:00",DL,119,119,0,0,2.504201680672269,0.0,9.243697478991596
"2025-02-22 09:00:00","2025-02-22 10:00:00",UA,124,124,0,0,1.4435483870967742,0.0,5.645161290322581
"2025-02-22 09:00:00","2025-02-22 10:00:00",WN,187,186,1,0,1.2150537634408602,0.5347593582887701,6.451612903225806
"2025-02-22 10:00:00","2025-02-22 11:00:00",AA,107,107,0,0,9.74766355140187,0.0,18.69158878504673
"2025-02-22 10:00:00","2025-02-22 11:00:00",DL,111,111,0,0,1.4234234234234233,0.0,9.90990990990991
"2025-02-22 10:00:00","2025-02-22 11:00:00",UA,100,100,0,0,4.62,0.0,11.0
"2025-02-22 10:00:00","2025-02-22 11:00:00",WN,201,201,0,0,2.283582089552239,0.0,9.950248756218905
"2025-02-22 11:00:00","2025-02-22 12:00:00",AA,128,128,0,0,3.8046875,0.0,11.71875
"2025-02-22 11:00:00","2025-02-22 12:00:00",DL,155,155,0,0,3.0129032258064514,0.0,12.258064516129032
"2025-02-22 11:00:00","2025-02-22 12:00:00",UA,109,109,0,0,8.220183486238533,0.0,9.174311926605505
"2025-02-22 11:00:00","2025-02-22 12:00:00",WN,197,197,0,0,1.3096446700507614,0.0,7.106598984771574
"2025-02-22 12:00:00","2025-02-22 13:00:00",AA,127,127,0,0,6.984251968503937,0.0,17.322834645669293
"2025-02-22 12:00:00","2025-02-22 13:00:00",DL,146,146,0,0,5.7534246575342465,0.0,10.95890410958904
"2025-02-22 12:00:00","2025-02-22 13:00:00",UA,100,100,0,0,2.68,0.0,9.0
"2025-02-22 12:00:00","2025-02-22 13:00:00",WN,194,194,0,0,4.515463917525773,0.0,11.34020618556701
"2025-02-22 13:00:00","2025-02-22 14:00:00",AA,99,99,0,0,18.535353535353536,0.0,17.171717171717173
"2025-02-22 13:00:00","2025-02-22 14:00:00",DL,103,103,0,0,3.9223300970873787,0.0,15.533980582524272
"2025-02-22 13:00:00","2025-02-22 14:00:00",UA,103,103,0,0,0.27184466019417475,0.0,5.825242718446602
"2025-02-22 13:00:00","2025-02-22 14:00:00",WN,178,176,0,2,6.033707865168539,0.0,12.92134831460674
"2025-02-22 14:00:00","2025-02-22 15:00:00",AA,132,132,0,0,15.659090909090908,0.0,17.424242424242426
"2025-02-22 14:00:00","2025-02-22 15:00:00",DL,111,111,0,0,10.054054054054054,0.0,15.315315315315315
"2025-02-22 14:00:00","2025-02-22 15:00:00",UA,110,110,0,0,12.39090909090909,0.0,13.636363636363637
"2025-02-22 14:00:00","2025-02-22 15:00:00",WN,213,210,1,2,6.382075471698113,0.4694835680751174,18.39622641509434
"2025-02-22 15:00:00","2025-02-22 16:00:00",AA,103,103,0,0,12.135922330097088,0.0,21.359223300970875
"2025-02-22 15:00:00","2025-02-22 16:00:00",DL,136,136,0,0,6.977941176470588,0.0,14.705882352941176
"2025-02-22 15:00:00","2025-02-22 16:00:00",UA,68,68,0,0,0.7205882352941176,0.0,11.764705882352942
"2025-02-22 15:00:00","2025-02-22 16:00:00",WN,191,191,0,0,7.853403141361256,0.0,17.277486910994764
"2025-02-22 16:00:00","2025-02-22 17:00:00",AA,133,133,0,0,6.87218045112782,0.0,17.293233082706767
"2025-02-22 16:00:00","2025-02-22 17:00:00",DL,95,95,0,0,13.136842105263158,0.0,15.789473684210526
"2025-02-22 16:00:00","2025-02-22 17:00:00",UA,110,110,0,0,1.1090909090909091,0.0,8.181818181818182
"2025-02-22 16:00:00","2025-02-22 17:00:00",WN,175,175,0,0,7.788571428571428,0.0,20.571428571428573
"2025-02-22 17:00:00","2025-02-22 18:00:00",AA,128,128,0,0,11.828125,0.0,23.4375
"2025-02-22 17:00:00","2025-02-22 18:00:00",DL,147,147,0,0,3.306122448979592,0.0,9.523809523809524
"2025-02-22 17:00:00","2025-02-22 18:00:00",UA,122,122,0,0,6.180327868852459,0.0,11.475409836065573
"2025-02-22 17:00:00","2025-02-22 18:00:00",WN,211,211,0,0,8.62085308056872,0.0,18.95734597156398
"2025-02-22 18:00:00","2025-02-22 19:00:00",AA,116,115,0,1,7.706896551724138,0.0,21.551724137931036
"2025-02-22 18:00:00","2025-02-22 19:00:00",DL,99,99,0,0,3.8686868686868685,0.0,14.141414141414142
"2025-02-22 18:00:00","2025-02-22 19:00:00",UA,106,105,1,0,6.933333333333334,0.9433962264150944,20.0
"2025-02-22 18:00:00","2025-02-22 19:00:00",WN,205,205,0,0,6.1658536585365855,0.0,18.048780487804876
"2025-02-22 19:00:00","2025-02-22 20:00:00",AA,104,104,0,0,9.903846153846153,0.0,22.115384615384617
"2025-02-22 19:00:00","2025-02-22 20:00:00",DL,81,81,0,0,6.432098765432099,0.0,16.049382716049383
"2025-02-22 19:00:00","2025-02-22 20:00:00",UA,89,89,0,0,6.674157303370786,0.0,15.730337078651685
"2025-02-22 19:00:00","2025-02-22 20:00:00",WN,213,213,0,0,5.751173708920188,0.0,16.431924882629108
"2025-02-22 20:00:00","2025-02-22 21:00:00",AA,98,98,0,0,10.051020408163266,0.0,20.408163265306122
"2025-02-22 20:00:00","2025-02-22 21:00:00",DL,65,65,0,0,-1.3692307692307693,0.0,7.6923076923076925
"2025-02-22 20:00:00","2025-02-22 21:00:00",UA,61,61,0,0,9.344262295081966,0.0,24.59016393442623
"2025-02-22 20:00:00","2025-02-22 21:00:00",WN,145,144,0,1,5.3517241379310345,0.0,17.24137931034483
"2025-02-22 21:00:00","2025-02-22 22:00:00",AA,71,70,1,0,9.528571428571428,1.408450704225352,25.714285714285715
"2025-02-22 21:00:00","2025-02-22 22:00:00",DL,53,53,0,0,1.830188679245283,0.0,9.433962264150944
"2025-02-22 21:00:00","2025-02-22 22:00:00",UA,23,23,0,0,7.695652173913044,0.0,13.043478260869565
"2025-02-22 21:00:00","2025-02-22 22:00:00",WN,93,93,0,0,7.881720430107527,0.0,16.129032258064516
"2025-02-22 22:00:00","2025-02-22 23:00:00",AA,62,62,0,0,4.435483870967742,0.0,14.516129032258064
"2025-02-22 22:00:00","2025-02-22 23:00:00",DL,63,63,0,0,3.6507936507936507,0.0,17.46031746031746
"2025-02-22 22:00:00","2025-02-22 23:00:00",UA,24,24,0,0,-2.3333333333333335,0.0,8.333333333333334
"2025-02-22 22:00:00","2025-02-22 23:00:00",WN,4,4,0,0,2.25,0.0,0.0
"2025-02-22 23:00:00","2025-02-23 00:00:00",AA,21,21,0,0,31.571428571428573,0.0,9.523809523809524
"2025-02-22 23:00:00","2025-02-23 00:00:00",DL,19,19,0,0,1.5789473684210527,0.0,10.526315789473685
"2025-02-22 23:00:00","2025-02-23 00:00:00",UA,26,25,1,0,8.72,3.8461538461538463,12.0
"2025-02-22 23:00:00","2025-02-23 00:00:00",WN,2,1,1,0,15.0,50.0,0.0
"2025-02-23 00:00:00","2025-02-23 01:00:00",AA,9,9,0,0,27.11111111111111,0.0,22.22222222222222
"2025-02-23 00:00:00","2025-02-23 01:00:00",DL,1,1,0,0,-4.0,0.0,0.0
"2025-02-23 00:00:00","2025-02-23 01:00:00",UA,4,4,0,0,-1.25,0.0,0.0
"2025-02-23 01:00:00","2025-02-23 02:00:00",DL,2,2,0,0,-9.0,0.0,0.0
"2025-02-23 01:00:00","2025-02-23 02:00:00",UA,1,1,0,0,-14.0,0.0,0.0
"2025-02-23 02:00:00","2025-02-23 03:00:00",UA,1,1,0,0,-8.0,0.0,0.0
"2025-02-23 05:00:00","2025-02-23 06:00:00",AA,97,96,1,0,-4.520833333333333,1.0309278350515463,3.125
"2025-02-23 05:00:00","2025-02-23 06:00:00",DL,54,54,0,0,-4.2592592592592595,0.0,1.8518518518518519
"2025-02-23 05:00:00","2025-02-23 06:00:00",UA,28,28,0,0,-4.107142857142857,0.0,3.5714285714285716
"2025-02-23 05:00:00","2025-02-23 06:00:00",WN,161,161,0,0,-0.4782608695652174,0.0,3.7267080745341614
"2025-02-23 06:00:00","2025-02-23 07:00:00",AA,173,173,0,0,2.121387283236994,0.0,5.202312138728324
"2025-02-23 06:00:00","2025-02-23 07:00:00",DL,163,163,0,0,0.754601226993865,0.0,7.361963190184049
"2025-02-23 06:00:00","2025-02-23 07:00:00",UA,117,117,0,0,-2.230769230769231,0.0,4.273504273504273
"2025-02-23 06:00:00","2025-02-23 07:00:00",WN,277,277,0,0,-1.2671480144404332,0.0,3.6101083032490973
"2025-02-23 07:00:00","2025-02-23 08:00:00",AA,192,192,0,0,2.6927083333333335,0.0,6.25
"2025-02-23 07:00:00","2025-02-23 08:00:00",DL,214,214,0,0,1.1635514018691588,0.0,7.009345794392523
"2025-02-23 07:00:00","2025-02-23 08:00:00",UA,187,186,0,1,0.19786096256684493,0.0,5.347593582887701
"2025-02-23 07:00:00","2025-02-23 08:00:00",WN,182,182,0,0,-1.945054945054945,0.0,3.2967032967032965
"2025-02-23 08:00:00","2025-02-23 09:00:00",AA,195,195,0,0,0.14871794871794872,0.0,6.666666666666667
"2025-02-23 08:00:00","2025-02-23 09:00:00",DL,180,180,0,0,1.6666666666666667,0.0,9.444444444444445
"2025-02-23 08:00:00","2025-02-23 09:00:00",UA,176,176,0,0,4.056818181818182,0.0,7.954545454545454
"2025-02-23 08:00:00","2025-02-23 09:00:00",WN,268,268,0,0,-1.578358208955224,0.0,4.104477611940299
"2025-02-23 09:00:00","2025-02-23 10:00:00",AA,125,125,0,0,3.08,0.0,9.6
"2025-02-23 09:00:00","2025-02-23 10:00:00",DL,115,115,0,0,1.2,0.0,10.434782608695652
"2025-02-23 09:00:00","2025-02-23 10:00:00",UA,128,127,0,1,4.53125,0.0,9.375
"2025-02-23 09:00:00","2025-02-23 10:00:00",WN,202,202,0,0,0.599009900990099,0.0,6.435643564356436
"2025-02-23 10:00:00","2025-02-23 11:00:00",AA,143,143,0,0,2.93006993006993,0.0,7.6923076923076925
"2025-02-23 10:00:00","2025-02-23 11:00:00",DL,154,154,0,0,0.7077922077922078,0.0,8.441558441558442
"2025-02-23 10:00:00","2025-02-23 11:00:00",UA,122,122,0,0,1.6475409836065573,0.0,11.475409836065573
"2025-02-23 10:00:00","2025-02-23 11:00:00",WN,223,223,0,0,3.2511210762331837,0.0,7.174887892376682
"2025-02-23 11:00:00","2025-02-23 12:00:00",AA,163,163,0,0,4.668711656441718,0.0,12.269938650306749
"2025-02-23 11:00:00","2025-02-23 12:00:00",DL,179,179,0,0,-0.0782122905027933,0.0,8.379888268156424
"2025-02-23 11:00:00","2025-02-23 12:00:00",UA,123,123,0,0,3.5609756097560976,0.0,12.195121951219512
"2025-02-23 11:00:00","2025-02-23 12:00:00",WN,211,210,0,1,1.7251184834123223,0.0,9.95260663507109
"2025-02-23 12:00:00","2025-02-23 13:00:00",AA,130,130,0,0,10.8,0.0,16.153846153846153
"2025-02-23 12:00:00","2025-02-23 13:00:00",DL,171,171,0,0,6.730994152046784,0.0,10.526315789473685
"2025-02-23 12:00:00","2025-02-23 13:00:00",UA,111,111,0,0,6.207207207207207,0.0,16.216216216216218
"2025-02-23 12:00:00","2025-02-23 13:00:00",WN,227,227,0,0,6.378854625550661,0.0,14.537444933920705
"2025-02-23 13:00:00","2025-02-23 14:00:00",AA,135,135,0,0,12.644444444444444,0.0,15.555555555555555
"2025-02-23 13:00:00","2025-02-23 14:00:00",DL,131,131,0,0,14.80916030534351,0.0,15.267175572519085
"2025-02-23 13:00:00","2025-02-23 14:00:00",UA,135,135,0,0,6.407407407407407,0.0,14.074074074074074
"2025-02-23 13:00:00","2025-02-23 14:00:00",WN,211,211,0,0,5.725118483412322,0.0,13.270142180094787
"2025-02-23 14:00:00","2025-02-23 15:00:00",AA,148,148,0,0,8.29054054054054,0.0,14.864864864864865
"2025-02-23 14:00:00","2025-02-23 15:00:00",DL,131,131,0,0,7.709923664122138,0.0,16.03053435114504
"2025-02-23 14:00:00","2025-02-23 15:00:00",UA,114,114,0,0,7.56140350877193,0.0,14.035087719298245
"2025-02-23 14:00:00","2025-02-23 15:00:00",WN,219,219,0,0,8.689497716894977,0.0,17.80821917808219
"2025-02-23 15:00:00","2025-02-23 16:00:00",AA,115,115,0,0,15.634782608695652,0.0,26.08695652173913
"2025-02-23 15:00:00","2025-02-23 16:00:00",DL,169,169,0,0,2.0236686390532546,0.0,11.242603550295858
"2025-02-23 15:00:00","2025-02-23 16:00:00",UA,72,72,0,0,7.222222222222222,0.0,15.277777777777779
"2025-02-23 15:00:00","2025-02-23 16:00:00",WN,216,216,0,0,9.00925925925926,0.0,20.833333333333332
"2025-02-23 16:00:00","2025-02-23 17:00:00",AA,132,132,0,0,8.204545454545455,0.0,16.666666666666668
"2025-02-23 16:00:00","2025-02-23 17:00:00",DL,129,129,0,0,1.054263565891473,0.0,11.627906976744185
"2025-02-23 16:00:00","2025-02-23 17:00:00",UA,120,120,0,0,5.441666666666666,0.0,13.333333333333334
"2025-02-23 16:00:00","2025-02-23 17:00:00",WN,187,187,0,0,8.401069518716577,0.0,20.32085561497326
"2025-02-23 17:00:00","2025-02-23 18:00:00",AA,152,152,0,0,14.381578947368421,0.0,22.36842105263158
"2025-02-23 17:00:00","2025-02-23 18:00:00",DL,159,158,1,0,10.791139240506329,0.6289308176100629,16.455696202531644
"2025-02-23 17:00:00","2025-02-23 18:00:00",UA,127,125,2,0,6.776,1.5748031496062993,16.0
"2025-02-23 17:00:00","2025-02-23 18:00:00",WN,219,219,0,0,9.02283105022831,0.0,19.634703196347033
"2025-02-23 18:00:00","2025-02-23 19:00:00",AA,161,160,1,0,20.49375,0.6211180124223602,26.875
"2025-02-23 18:00:00","2025-02-23 19:00:00",DL,154,154,0,0,5.1558441558441555,0.0,15.584415584415584
"2025-02-23 18:00:00","2025-02-23 19:00:00",UA,153,153,0,0,8.176470588235293,0.0,22.22222222222222
"2025-02-23 18:00:00","2025-02-23 19:00:00",WN,203,203,0,0,6.246305418719212,0.0,17.733990147783253
"2025-02-23 19:00:00","2025-02-23 20:00:00",AA,146,146,0,0,7.931506849315069,0.0,21.232876712328768
"2025-02-23 19:00:00","2025-02-23 20:00:00",DL,147,147,0,0,6.428571428571429,0.0,19.047619047619047
"2025-02-23 19:00:00","2025-02-23 20:00:00",UA,124,124,0,0,6.645161290322581,0.0,14.516129032258064
"2025-02-23 19:00:00","2025-02-23 20:00:00",WN,225,225,0,0,7.151111111111111,0.0,19.555555555555557
"2025-02-23 20:00:00","2025-02-23 21:00:00",AA,126,126,0,0,19.38888888888889,0.0,34.12698412698413
"2025-02-23 20:00:00","2025-02-23 21:00:00",DL,103,103,0,0,6.592233009708738,0.0,21.359223300970875
"2025-02-23 20:00:00","2025-02-23 21:00:00",UA,81,81,0,0,12.641975308641975,0.0,12.345679012345679
"2025-02-23 20:00:00","2025-02-23 21:00:00",WN,261,261,0,0,7.969348659003831,0.0,18.773946360153257
"2025-02-23 21:00:00","2025-02-23 22:00:00",AA,80,80,0,0,11.1375,0.0,23.75
"2025-02-23 21:00:00","2025-02-23 22:00:00",DL,77,77,0,0,9.571428571428571,0.0,18.181818181818183
"2025-02-23 21:00:00","2025-02-23 22:00:00",UA,42,42,0,0,4.785714285714286,0.0,16.666666666666668
"2025-02-23 21:00:00","2025-02-23 22:00:00",WN,117,117,0,0,4.982905982905983,0.0,13.675213675213675
"2025-02-23 22:00:00","2025-02-23 23:00:00",AA,88,88,0,0,14.159090909090908,0.0,20.454545454545453
"2025-02-23 22:00:00","2025-02-23 23:00:00",DL,75,75,0,0,1.4666666666666666,0.0,12.0
"2025-02-23 22:00:00","2025-02-23 23:00:00",UA,26,26,0,0,1.6538461538461537,0.0,3.8461538461538463
"2025-02-23 22:00:00","2025-02-23 23:00:00",WN,128,127,1,0,3.2755905511811023,0.78125,18.89763779527559
"2025-02-23 23:00:00","2025-02-24 00:00:00",AA,30,30,0,0,22.1,0.0,16.666666666666668
"2025-02-23 23:00:00","2025-02-24 00:00:00",DL,24,24,0,0,37.375,0.0,16.666666666666668
"2025-02-23 23:00:00","2025-02-24 00:00:00",UA,33,32,1,0,-2.28125,3.0303030303030303,3.125
"2025-02-23 23:00:00","2025-02-24 00:00:00",WN,3,3,0,0,-6.666666666666667,0.0,0.0
"2025-02-24 00:00:00","2025-02-24 01:00:00",AA,11,10,1,0,-3.4,9.090909090909092,0.0
"2025-02-24 00:00:00","2025-02-24 01:00:00",DL,4,4,0,0,-5.0,0.0,0.0
"2025-02-24 00:00:00","2025-02-24 01:00:00",UA,3,3,0,0,-3.3333333333333335,0.0,0.0
"2025-02-24 01:00:00","2025-02-24 02:00:00",DL,2,2,0,0,-7.5,0.0,0.0
"2025-02-24 01:00:00","2025-02-24 02:00:00",UA,1,1,0,0,-10.0,0.0,0.0
"2025-02-24 02:00:00","2025-02-24 03:00:00",UA,1,1,0,0,1.0,0.0,0.0
"2025-02-24 05:00:00","2025-02-24 06:00:00",AA,94,94,0,0,9.97872340425532,0.0,9.574468085106384
"2025-02-24 05:00:00","2025-02-24 06:00:00",DL,61,61,0,0,3.6065573770491803,0.0,8.19672131147541
"2025-02-24 05:00:00","2025-02-24 06:00:00",UA,30,30,0,0,1.7666666666666666,0.0,6.666666666666667
"2025-02-24 05:00:00","2025-02-24 06:00:00",WN,90,90,0,0,-2.4,0.0,2.2222222222222223
"2025-02-24 06:00:00","2025-02-24 07:00:00",AA,180,180,0,0,18.02777777777778,0.0,6.111111111111111
"2025-02-24 06:00:00","2025-02-24 07:00:00",DL,175,175,0,0,-1.9714285714285715,0.0,4.571428571428571
"2025-02-24 06:00:00","2025-02-24 07:00:00",UA,123,122,0,1,-3.5365853658536586,0.0,5.691056910569106
"2025-02-24 06:00:00","2025-02-24 07:00:00",WN,285,283,0,2,-0.010526315789473684,0.0,3.508771929824561
"2025-02-24 07:00:00","2025-02-24 08:00:00",AA,201,201,0,0,6.203980099502488,0.0,11.442786069651742
"2025-02-24 07:00:00","2025-02-24 08:00:00",DL,217,217,0,0,3.557603686635945,0.0,8.294930875576037
"2025-02-24 07:00:00","2025-02-24 08:00:00",UA,184,184,0,0,-1.9782608695652173,0.0,4.3478260869565215
"2025-02-24 07:00:00","2025-02-24 08:00:00",WN,195,195,0,0,-0.8051282051282052,0.0,5.128205128205129
"2025-02-24 08:00:00","2025-02-24 09:00:00",AA,184,184,0,0,2.8043478260869565,0.0,9.23913043478261
"2025-02-24 08:00:00","2025-02-24 09:00:00",DL,162,162,0,0,1.771604938271605,0.0,7.407407407407407
"2025-02-24 08:00:00","2025-02-24 09:00:00",UA,179,178,0,1,-0.0335195530726257,0.0,5.027932960893855
"2025-02-24 08:00:00","2025-02-24 09:00:00",WN,246,246,0,0,-0.2886178861788618,0.0,4.878048780487805
"2025-02-24 09:00:00","2025-02-24 10:00:00",AA,131,131,0,0,6.900763358778626,0.0,12.977099236641221
"2025-02-24 09:00:00","2025-02-24 10:00:00",DL,120,118,0,2,1.3666666666666667,0.0,10.833333333333334
"2025-02-24 09:00:00","2025-02-24 10:00:00",UA,134,134,0,0,0.7164179104477612,0.0,10.447761194029852
"2025-02-24 09:00:00","2025-02-24 10:00:00",WN,214,214,0,0,0.677570093457944,0.0,6.074766355140187
"2025-02-24 10:00:00","2025-02-24 11:00:00",AA,136,136,0,0,6.492647058823529,0.0,17.647058823529413
"2025-02-24 10:00:00","2025-02-24 11:00:00",DL,147,147,0,0,1.3333333333333333,0.0,8.843537414965986
"2025-02-24 10:00:00","2025-02-24 11:00:00",UA,120,119,0,1,0.9583333333333334,0.0,8.333333333333334
"2025-02-24 10:00:00","2025-02-24 11:00:00",WN,213,213,0,0,1.107981220657277,0.0,6.103286384976526
"2025-02-24 11:00:00","2025-02-24 12:00:00",AA,157,157,0,0,6.496815286624204,0.0,12.101910828025478
"2025-02-24 11:00:00","2025-02-24 12:00:00",DL,168,167,1,0,4.0359281437125745,0.5952380952380952,12.574850299401197
"2025-02-24 11:00:00","2025-02-24 12:00:00",UA,119,118,1,0,-0.19491525423728814,0.8403361344537815,6.779661016949152
"2025-02-24 11:00:00","2025-02-24 12:00:00",WN,211,210,1,0,2.1285714285714286,0.47393364928909953,7.142857142857143
"2025-02-24 12:00:00","2025-02-24 13:00:00",AA,132,131,0,1,11.174242424242424,0.0,18.939393939393938
"2025-02-24 12:00:00","2025-02-24 13:00:00",DL,178,178,0,0,8.915730337078651,0.0,17.97752808988764
"2025-02-24 12:00:00","2025-02-24 13:00:00",UA,119,119,0,0,0.008403361344537815,0.0,6.722689075630252
"2025-02-24 12:00:00","2025-02-24 13:00:00",WN,225,224,1,0,5.3125,0.4444444444444444,10.714285714285714
"2025-02-24 13:00:00","2025-02-24 14:00:00",AA,134,134,0,0,10.791044776119403,0.0,20.895522388059703
"2025-02-24 13:00:00","2025-02-24 14:00:00",DL,135,135,0,0,7.807407407407408,0.0,17.037037037037038
"2025-02-24 13:00:00","2025-02-24 14:00:00",UA,136,136,0,0,4.360294117647059,0.0,15.441176470588236
"2025-02-24 13:00:00","2025-02-24 14:00:00",WN,225,225,0,0,4.524444444444445,0.0,12.88888888888889
"2025-02-24 14:00:00","2025-02-24 15:00:00",AA,145,145,0,0,5.827586206896552,0.0,17.93103448275862
"2025-02-24 14:00:00","2025-02-24 15:00:00",DL,126,126,0,0,10.785714285714286,0.0,16.666666666666668
"2025-02-24 14:00:00","2025-02-24 15:00:00",UA,127,126,1,0,3.8095238095238093,0.7874015748031497,10.317460317460318
"2025-02-24 14:00:00","2025-02-24 15:00:00",WN,218,217,1,0,3.1705069124423964,0.45871559633027525,11.059907834101383
"2025-02-24 15:00:00","2025-02-24 16:00:00",AA,110,110,0,0,13.736363636363636,0.0,26.363636363636363
"2025-02-24 15:00:00","2025-02-24 16:00:00",DL,161,160,1,0,5.54375,0.6211180124223602,20.0
"2025-02-24 15:00:00","2025-02-24 16:00:00",UA,77,77,0,0,7.987012987012987,0.0,11.688311688311689
"2025-02-24 15:00:00","2025-02-24 16:00:00",WN,197,197,0,0,6.939086294416244,0.0,17.258883248730964
"2025-02-24 16:00:00","2025-02-24 17:00:00",AA,131,131,0,0,29.83969465648855,0.0,19.84732824427481
"2025-02-24 16:00:00","2025-02-24 17:00:00",DL,130,130,0,0,6.469230769230769,0.0,16.153846153846153
"2025-02-24 16:00:00","2025-02-24 17:00:00",UA,133,133,0,0,0.23308270676691728,0.0,9.022556390977444
"2025-02-24 16:00:00","2025-02-24 17:00:00",WN,214,214,0,0,4.074766355140187,0.0,14.018691588785046
"2025-02-24 17:00:00","2025-02-24 18:00:00",AA,149,149,0,0,10.21476510067114,0.0,21.476510067114095
"2025-02-24 17:00:00","2025-02-24 18:00:00",DL,153,153,0,0,4.915032679738562,0.0,16.99346405228758
"2025-02-24 17:00:00","2025-02-24 18:00:00",UA,141,141,0,0,3.404255319148936,0.0,9.21985815602837
"2025-02-24 17:00:00","2025-02-24 18:00:00",WN,206,206,0,0,3.2427184466019416,0.0,11.650485436893204
"2025-02-24 18:00:00","2025-02-24 19:00:00",AA,132,132,0,0,14.522727272727273,0.0,19.696969696969695
"2025-02-24 18:00:00","2025-02-24 19:00:00",DL,139,139,0,0,4.942446043165468,0.0,17.985611510791365
"2025-02-24 18:00:00","2025-02-24 19:00:00",UA,149,149,0,0,2.1543624161073827,0.0,9.395973154362416
"2025-02-24 18:00:00","2025-02-24 19:00:00",WN,195,195,0,0,2.753846153846154,0.0,13.846153846153847
"2025-02-24 19:00:00","2025-02-24 20:00:00",AA,119,117,0,2,16.857142857142858,0.0,22.689075630252102
"2025-02-24 19:00:00","2025-02-24 20:00:00",DL,149,149,0,0,5.590604026845638,0.0,16.778523489932887
"2025-02-24 19:00:00","2025-02-24 20:00:00",UA,116,116,0,0,0.7327586206896551,0.0,7.758620689655173
"2025-02-24 19:00:00","2025-02-24 20:00:00",WN,254,252,0,2,3.751968503937008,0.0,14.566929133858268
"2025-02-24 20:00:00","2025-02-24 21:00:00",AA,109,109,0,0,16.908256880733944,0.0,22.93577981651376
"2025-02-24 20:00:00","2025-02-24 21:00:00",DL,95,95,0,0,3.3157894736842106,0.0,16.842105263157894
"2025-02-24 20:00:00","2025-02-24 21:00:00",UA,78,78,0,0,1.0897435897435896,0.0,8.974358974358974
"2025-02-24 20:00:00","2025-02-24 21:00:00",WN,171,171,0,0,0.9649122807017544,0.0,11.11111111111111
"2025-02-24 21:00:00","2025-02-24 22:00:00",AA,75,75,0,0,12.933333333333334,0.0,18.666666666666668
"2025-02-24 21:00:00","2025-02-24 22:00:00",DL,77,76,0,1,6.961038961038961,0.0,19.48051948051948
"2025-02-24 21:00:00","2025-02-24 22:00:00",UA,37,37,0,0,-1.5135135135135136,0.0,10.81081081081081
"2025-02-24 21:00:00","2025-02-24 22:00:00",WN,132,132,0,0,-1.8181818181818181,0.0,3.787878787878788
"2025-02-24 22:00:00","2025-02-24 23:00:00",AA,68,67,0,1,11.308823529411764,0.0,13.235294117647058
"2025-02-24 22:00:00","2025-02-24 23:00:00",DL,81,81,0,0,1.6049382716049383,0.0,12.345679012345679
"2025-02-24 22:00:00","2025-02-24 23:00:00",UA,32,32,0,0,-1.375,0.0,15.625
"2025-02-24 22:00:00","2025-02-24 23:00:00",WN,4,4,0,0,-6.5,0.0,0.0
"2025-02-24 23:00:00","2025-02-25 00:00:00",AA,27,27,0,0,-4.333333333333333,0.0,0.0
"2025-02-24 23:00:00","2025-02-25 00:00:00",DL,25,25,0,0,-0.84,0.0,8.0
"2025-02-24 23:00:00","2025-02-25 00:00:00",UA,31,31,0,0,-5.935483870967742,0.0,0.0
"2025-02-24 23:00:00","2025-02-25 00:00:00",WN,2,2,0,0,-6.5,0.0,0.0
"2025-02-25 00:00:00","2025-02-25 01:00:00",AA,9,9,0,0,-9.0,0.0,0.0
"2025-02-25 00:00:00","2025-02-25 01:00:00",DL,4,4,0,0,-9.25,0.0,0.0
"2025-02-25 00:00:00","2025-02-25 01:00:00",UA,3,3,0,0,-6.0,0.0,0.0
"2025-02-25 01:00:00","2025-02-25 02:00:00",DL,2,2,0,0,-7.5,0.0,0.0
"2025-02-25 01:00:00","2025-02-25 02:00:00",UA,1,1,0,0,3.0,0.0,0.0
"2025-02-25 02:00:00","2025-02-25 03:00:00",UA,1,1,0,0,3.0,0.0,0.0
"2025-02-25 05:00:00","2025-02-25 06:00:00",AA,79,79,0,0,33.30379746835443,0.0,10.126582278481013
"2025-02-25 05:00:00","2025-02-25 06:00:00",DL,58,58,0,0,-4.206896551724138,0.0,5.172413793103448
"2025-02-25 05:00:00","2025-02-25 06:00:00",UA,27,27,0,0,-2.2222222222222223,0.0,11.11111111111111
"2025-02-25 05:00:00","2025-02-25 06:00:00",WN,24,23,1,0,-3.260869565217391,4.166666666666667,0.0
"2025-02-25 06:00:00","2025-02-25 07:00:00",AA,174,174,0,0,-1.7873563218390804,0.0,5.747126436781609
"2025-02-25 06:00:00","2025-02-25 07:00:00",DL,175,175,0,0,0.41714285714285715,0.0,5.142857142857143
"2025-02-25 06:00:00","2025-02-25 07:00:00",UA,111,110,0,1,-5.675675675675675,0.0,2.7027027027027026
"2025-02-25 06:00:00","2025-02-25 07:00:00",WN,204,202,0,2,-3.0049019607843137,0.0,2.450980392156863
"2025-02-25 07:00:00","2025-02-25 08:00:00",AA,171,170,0,1,4.502923976608187,0.0,4.678362573099415
"2025-02-25 07:00:00","2025-02-25 08:00:00",DL,224,224,0,0,1.6339285714285714,0.0,6.25
"2025-02-25 07:00:00","2025-02-25 08:00:00",UA,170,169,0,1,-3.041176470588235,0.0,5.294117647058823
"2025-02-25 07:00:00","2025-02-25 08:00:00",WN,186,186,0,0,-2.2096774193548385,0.0,4.838709677419355
"2025-02-25 08:00:00","2025-02-25 09:00:00",AA,179,179,0,0,2.64804469273743,0.0,6.145251396648045
"2025-02-25 08:00:00","2025-02-25 09:00:00",DL,161,161,0,0,-3.0434782608695654,0.0,3.7267080745341614
"2025-02-25 08:00:00","2025-02-25 09:00:00",UA,173,173,0,0,-3.485549132947977,0.0,4.624277456647399
"2025-02-25 08:00:00","2025-02-25 09:00:00",WN,225,225,0,0,-0.8266666666666667,0.0,5.333333333333333
"2025-02-25 09:00:00","2025-02-25 10:00:00",AA,128,128,0,0,3.5859375,0.0,9.375
"2025-02-25 09:00:00","2025-02-25 10:00:00",DL,108,108,0,0,-0.8055555555555556,0.0,8.333333333333334
"2025-02-25 09:00:00","2025-02-25 10:00:00",UA,124,124,0,0,-1.2661290322580645,0.0,4.032258064516129
"2025-02-25 09:00:00","2025-02-25 10:00:00",WN,219,219,0,0,3.319634703196347,0.0,7.30593607305936
"2025-02-25 10:00:00","2025-02-25 11:00:00",AA,130,130,0,0,1.0615384615384615,0.0,10.0
"2025-02-25 10:00:00","2025-02-25 11:00:00",DL,143,143,0,0,0.6223776223776224,0.0,6.293706293706293
"2025-02-25 10:00:00","2025-02-25 11:00:00",UA,116,116,0,0,1.6810344827586208,0.0,9.482758620689655
"2025-02-25 10:00:00","2025-02-25 11:00:00",WN,185,185,0,0,-0.06486486486486487,0.0,5.945945945945946
"2025-02-25 11:00:00","2025-02-25 12:00:00",AA,153,153,0,0,2.183006535947712,0.0,7.8431372549019605
"2025-02-25 11:00:00","2025-02-25 12:00:00",DL,176,176,0,0,4.619318181818182,0.0,13.068181818181818
"2025-02-25 11:00:00","2025-02-25 12:00:00",UA,119,118,1,0,-0.5847457627118644,0.8403361344537815,1.694915254237288
"2025-02-25 11:00:00","2025-02-25 12:00:00",WN,251,249,1,1,1.364,0.398406374501992,8.4
"2025-02-25 12:00:00","2025-02-25 13:00:00",AA,120,119,1,0,0.6218487394957983,0.8333333333333334,8.403361344537815
"2025-02-25 12:00:00","2025-02-25 13:00:00",DL,164,164,0,0,-2.1951219512195124,0.0,5.487804878048781
"2025-02-25 12:00:00","2025-02-25 13:00:00",UA,114,114,0,0,-2.263157894736842,0.0,4.385964912280702
"2025-02-25 12:00:00","2025-02-25 13:00:00",WN,176,176,0,0,1.5738636363636365,0.0,10.795454545454545
"2025-02-25 13:00:00","2025-02-25 14:00:00",AA,128,127,0,1,4.3984375,0.0,10.15625
"2025-02-25 13:00:00","2025-02-25 14:00:00",DL,121,121,0,0,-0.7851239669421488,0.0,8.264462809917354
"2025-02-25 13:00:00","2025-02-25 14:00:00",UA,122,122,0,0,2.319672131147541,0.0,7.377049180327869
"2025-02-25 13:00:00","2025-02-25 14:00:00",WN,216,213,3,0,1.1220657276995305,1.3888888888888888,5.633802816901408
"2025-02-25 14:00:00","2025-02-25 15:00:00",AA,138,138,0,0,5.050724637681159,0.0,13.043478260869565
"2025-02-25 14:00:00","2025-02-25 15:00:00",DL,114,114,0,0,-2.412280701754386,0.0,5.2631578947368425
"2025-02-25 14:00:00","2025-02-25 15:00:00",UA,119,118,1,0,1.7203389830508475,0.8403361344537815,8.474576271186441
"2025-02-25 14:00:00","2025-02-25 15:00:00",WN,207,207,0,0,2.2946859903381642,0.0,7.729468599033816
"2025-02-25 15:00:00","2025-02-25 16:00:00",AA,115,115,0,0,13.678260869565218,0.0,11.304347826086957
"2025-02-25 15:00:00","2025-02-25 16:00:00",DL,171,171,0,0,0.4444444444444444,0.0,8.187134502923977
"2025-02-25 15:00:00","2025-02-25 16:00:00",UA,83,83,0,0,5.421686746987952,0.0,8.433734939759036
"2025-02-25 15:00:00","2025-02-25 16:00:00",WN,223,223,0,0,2.2062780269058297,0.0,12.556053811659194
"2025-02-25 16:00:00","2025-02-25 17:00:00",AA,127,127,0,0,7.732283464566929,0.0,11.023622047244094
"2025-02-25 16:00:00","2025-02-25 17:00:00",DL,112,112,0,0,-1.0089285714285714,0.0,8.035714285714286
"2025-02-25 16:00:00","2025-02-25 17:00:00",UA,118,117,1,0,0.3504273504273504,0.847457627118644,5.128205128205129
"2025-02-25 16:00:00","2025-02-25 17:00:00",WN,193,193,0,0,2.7979274611398965,0.0,8.290155440414507
"2025-02-25 17:00:00","2025-02-25 18:00:00",AA,136,136,0,0,6.764705882352941,0.0,17.647058823529413
"2025-02-25 17:00:00","2025-02-25 18:00:00",DL,155,155,0,0,-2.6516129032258067,0.0,5.806451612903226
"2025-02-25 17:00:00","2025-02-25 18:00:00",UA,129,129,0,0,2.891472868217054,0.0,12.4031007751938
"2025-02-25 17:00:00","2025-02-25 18:00:00",WN,188,187,0,1,3.6382978723404253,0.0,17.02127659574468
"2025-02-25 18:00:00","2025-02-25 19:00:00",AA,137,137,0,0,7.408759124087592,0.0,15.328467153284672
"2025-02-25 18:00:00","2025-02-25 19:00:00",DL,141,141,0,0,-2.078014184397163,0.0,8.51063829787234
"2025-02-25 18:00:00","2025-02-25 19:00:00",UA,129,128,1,0,2.9765625,0.7751937984496124,14.0625
"2025-02-25 18:00:00","2025-02-25 19:00:00",WN,259,259,0,0,1.8185328185328185,0.0,10.038610038610038
"2025-02-25 19:00:00","2025-02-25 20:00:00",AA,113,113,0,0,8.309734513274336,0.0,15.044247787610619
"2025-02-25 19:00:00","2025-02-25 20:00:00",DL,116,115,0,1,-3.8189655172413794,0.0,5.172413793103448
"2025-02-25 19:00:00","2025-02-25 20:00:00",UA,111,111,0,0,1.6846846846846846,0.0,10.81081081081081
"2025-02-25 19:00:00","2025-02-25 20:00:00",WN,121,120,0,1,-0.2892561983471074,0.0,7.43801652892562
"2025-02-25 20:00:00","2025-02-25 21:00:00",AA,88,88,0,0,4.795454545454546,0.0,14.772727272727273
"2025-02-25 20:00:00","2025-02-25 21:00:00",DL,62,62,0,0,-0.3387096774193548,0.0,9.67741935483871
"2025-02-25 20:00:00","2025-02-25 21:00:00",UA,58,58,0,0,-1.0517241379310345,0.0,3.4482758620689653
"2025-02-25 20:00:00","2025-02-25 21:00:00",WN,142,142,0,0,-1.0492957746478873,0.0,6.338028169014085
"2025-02-25 21:00:00","2025-02-25 22:00:00",AA,66,65,0,1,10.742424242424242,0.0,10.606060606060606
"2025-02-25 21:00:00","2025-02-25 22:00:00",DL,54,54,0,0,2.7222222222222223,0.0,11.11111111111111
"2025-02-25 21:00:00","2025-02-25 22:00:00",UA,28,28,0,0,-1.3571428571428572,0.0,7.142857142857143
"2025-02-25 21:00:00","2025-02-25 22:00:00",WN,16,16,0,0,3.1875,0.0,6.25
"2025-02-25 22:00:00","2025-02-25 23:00:00",AA,55,55,0,0,5.581818181818182,0.0,18.181818181818183
"2025-02-25 22:00:00","2025-02-25 23:00:00",DL,68,68,0,0,-3.1911764705882355,0.0,4.411764705882353
"2025-02-25 22:00:00","2025-02-25 23:00:00",UA,24,24,0,0,-7.208333333333333,0.0,0.0
"2025-02-25 22:00:00","2025-02-25 23:00:00",WN,2,2,0,0,-2.0,0.0,0.0
"2025-02-25 23:00:00","2025-02-26 00:00:00",AA,18,18,0,0,2.5,0.0,11.11111111111111
"2025-02-25 23:00:00","2025-02-26 00:00:00",DL,20,20,0,0,-5.9,0.0,0.0
"2025-02-25 23:00:00","2025-02-26 00:00:00",UA,24,23,1,0,-3.391304347826087,4.166666666666667,8.695652173913043
"2025-02-25 23:00:00","2025-02-26 00:00:00",WN,2,2,0,0,-5.5,0.0,0.0
"2025-02-26 00:00:00","2025-02-26 01:00:00",AA,9,9,0,0,-4.111111111111111,0.0,0.0
"2025-02-26 00:00:00","2025-02-26 01:00:00",DL,1,1,0,0,-7.0,0.0,0.0
"2025-02-26 00:00:00","2025-02-26 01:00:00",UA,2,2,0,0,-9.5,0.0,0.0
"2025-02-26 01:00:00","2025-02-26 02:00:00",DL,2,2,0,0,-4.0,0.0,0.0
"2025-02-26 01:00:00","2025-02-26 02:00:00",UA,1,1,0,0,12.0,0.0,0.0
"2025-02-26 02:00:00","2025-02-26 03:00:00",UA,1,1,0,0,-12.0,0.0,0.0
"2025-02-26 05:00:00","2025-02-26 06:00:00",AA,76,76,0,0,-1.5657894736842106,0.0,2.6315789473684212
"2025-02-26 05:00:00","2025-02-26 06:00:00",DL,61,61,0,0,8.147540983606557,0.0,3.278688524590164
"2025-02-26 05:00:00","2025-02-26 06:00:00",UA,26,26,0,0,-6.076923076923077,0.0,0.0
"2025-02-26 05:00:00","2025-02-26 06:00:00",WN,21,21,0,0,-3.238095238095238,0.0,0.0
"2025-02-26 06:00:00","2025-02-26 07:00:00",AA,170,170,0,0,-2.9411764705882355,0.0,3.5294117647058822
"2025-02-26 06:00:00","2025-02-26 07:00:00",DL,180,179,1,0,-4.156424581005586,0.5555555555555556,3.910614525139665
"2025-02-26 06:00:00","2025-02-26 07:00:00",UA,118,117,1,0,-4.829059829059829,0.847457627118644,2.5641025641025643
"2025-02-26 06:00:00","2025-02-26 07:00:00",WN,211,211,0,0,-1.7014218009478672,0.0,4.265402843601896
"2025-02-26 07:00:00","2025-02-26 08:00:00",AA,158,158,0,0,-0.8417721518987342,0.0,6.329113924050633
"2025-02-26 07:00:00","2025-02-26 08:00:00",DL,212,212,0,0,-0.5566037735849056,0.0,3.7735849056603774
"2025-02-26 07:00:00","2025-02-26 08:00:00",UA,166,166,0,0,-2.36144578313253,0.0,3.6144578313253013
"2025-02-26 07:00:00","2025-02-26 08:00:00",WN,179,179,0,0,-2.4078212290502794,0.0,3.910614525139665
"2025-02-26 08:00:00","2025-02-26 09:00:00",AA,169,167,0,2,2.8698224852071004,0.0,8.875739644970414
"2025-02-26 08:00:00","2025-02-26 09:00:00",DL,159,158,0,1,-1.0,0.0,3.1446540880503147
"2025-02-26 08:00:00","2025-02-26 09:00:00",UA,172,172,0,0,-3.7674418604651163,0.0,2.9069767441860463
"2025-02-26 08:00:00","2025-02-26 09:00:00",WN,222,222,0,0,-0.1981981981981982,0.0,4.954954954954955
"2025-02-26 09:00:00","2025-02-26 10:00:00",AA,130,130,0,0,2.646153846153846,0.0,6.153846153846154
"2025-02-26 09:00:00","2025-02-26 10:00:00",DL,120,120,0,0,1.1916666666666667,0.0,7.5
"2025-02-26 09:00:00","2025-02-26 10:00:00",UA,133,133,0,0,5.390977443609023,0.0,10.526315789473685
"2025-02-26 09:00:00","2025-02-26 10:00:00",WN,232,231,0,1,-0.25862068965517243,0.0,2.586206896551724
"2025-02-26 10:00:00","2025-02-26 11:00:00",AA,124,124,0,0,12.637096774193548,0.0,8.064516129032258
"2025-02-26 10:00:00","2025-02-26 11:00:00",DL,143,142,0,1,4.048951048951049,0.0,6.293706293706293
"2025-02-26 10:00:00","2025-02-26 11:00:00",UA,106,106,0,0,1.1320754716981132,0.0,9.433962264150944
"2025-02-26 10:00:00","2025-02-26 11:00:00",WN,180,180,0,0,-0.005555555555555556,0.0,4.444444444444445
"2025-02-26 11:00:00","2025-02-26 12:00:00",AA,152,151,1,0,4.231788079470198,0.6578947368421053,11.258278145695364
"2025-02-26 11:00:00","2025-02-26 12:00:00",DL,175,175,0,0,3.822857142857143,0.0,6.857142857142857
"2025-02-26 11:00:00","2025-02-26 12:00:00",UA,125,125,0,0,0.144,0.0,6.4
"2025-02-26 11:00:00","2025-02-26 12:00:00",WN,246,246,0,0,0.6056910569105691,0.0,7.317073170731708
"2025-02-26 12:00:00","2025-02-26 13:00:00",AA,112,112,0,0,19.821428571428573,0.0,16.964285714285715
"2025-02-26 12:00:00","2025-02-26 13:00:00",DL,157,157,0,0,3.6878980891719744,0.0,10.828025477707007
"2025-02-26 12:00:00","2025-02-26 13:00:00",UA,109,109,0,0,4.577981651376147,0.0,8.256880733944953
"2025-02-26 12:00:00","2025-02-26 13:00:00",WN,161,161,0,0,0.8819875776397516,0.0,8.695652173913043
"2025-02-26 13:00:00","2025-02-26 14:00:00",AA,134,134,0,0,10.582089552238806,0.0,8.955223880597014
"2025-02-26 13:00:00","2025-02-26 14:00:00",DL,129,129,0,0,-1.426356589147287,0.0,6.976744186046512
"2025-02-26 13:00:00","2025-02-26 14:00:00",UA,136,136,0,0,5.705882352941177,0.0,6.617647058823529
"2025-02-26 13:00:00","2025-02-26 14:00:00",WN,229,229,0,0,1.755458515283843,0.0,11.353711790393014
"2025-02-26 14:00:00","2025-02-26 15:00:00",AA,135,135,0,0,8.214814814814815,0.0,15.555555555555555
"2025-02-26 14:00:00","2025-02-26 15:00:00",DL,117,117,0,0,0.9230769230769231,0.0,9.401709401709402
"2025-02-26 14:00:00","2025-02-26 15:00:00",UA,120,120,0,0,-0.19166666666666668,0.0,6.666666666666667
"2025-02-26 14:00:00","2025-02-26 15:00:00",WN,211,209,1,1,3.2714285714285714,0.47393364928909953,13.80952380952381
"2025-02-26 15:00:00","2025-02-26 16:00:00",AA,106,106,0,0,21.867924528301888,0.0,16.9811320754717
"2025-02-26 15:00:00","2025-02-26 16:00:00",DL,157,157,0,0,2.5796178343949046,0.0,7.643312101910828
"2025-02-26 15:00:00","2025-02-26 16:00:00",UA,76,76,0,0,2.723684210526316,0.0,13.157894736842104
"2025-02-26 15:00:00","2025-02-26 16:00:00",WN,209,209,0,0,1.1818181818181819,0.0,7.655502392344498
"2025-02-26 16:00:00","2025-02-26 17:00:00",AA,137,136,0,1,14.226277372262773,0.0,11.678832116788321
"2025-02-26 16:00:00","2025-02-26 17:00:00",DL,114,114,0,0,3.7982456140350878,0.0,10.526315789473685
"2025-02-26 16:00:00","2025-02-26 17:00:00",UA,125,125,0,0,2.192,0.0,7.2
"2025-02-26 16:00:00","2025-02-26 17:00:00",WN,200,200,0,0,2.405,0.0,11.0
"2025-02-26 17:00:00","2025-02-26 18:00:00",AA,135,135,0,0,11.207407407407407,0.0,14.814814814814815
"2025-02-26 17:00:00","2025-02-26 18:00:00",DL,151,151,0,0,-0.046357615894039736,0.0,9.933774834437086
"2025-02-26 17:00:00","2025-02-26 18:00:00",UA,130,130,0,0,3.6076923076923078,0.0,9.23076923076923
"2025-02-26 17:00:00","2025-02-26 18:00:00",WN,180,180,0,0,3.6222222222222222,0.0,10.0
"2025-02-26 18:00:00","2025-02-26 19:00:00",AA,145,145,0,0,-0.23448275862068965,0.0,6.206896551724138
"2025-02-26 18:00:00","2025-02-26 19:00:00",DL,132,132,0,0,11.053030303030303,0.0,11.363636363636363
"2025-02-26 18:00:00","2025-02-26 19:00:00",UA,127,127,0,0,6.574803149606299,0.0,17.322834645669293
"2025-02-26 18:00:00","2025-02-26 19:00:00",WN,247,247,0,0,1.0040485829959513,0.0,10.526315789473685
"2025-02-26 19:00:00","2025-02-26 20:00:00",AA,119,119,0,0,2.966386554621849,0.0,10.084033613445378
"2025-02-26 19:00:00","2025-02-26 20:00:00",DL,111,109,0,2,-1.018018018018018,0.0,8.108108108108109
"2025-02-26 19:00:00","2025-02-26 20:00:00",UA,117,117,0,0,1.7606837606837606,0.0,6.837606837606837
"2025-02-26 19:00:00","2025-02-26 20:00:00",WN,112,112,0,0,2.3660714285714284,0.0,11.607142857142858
"2025-02-26 20:00:00","2025-02-26 21:00:00",AA,100,99,0,1,3.16,0.0,12.0
"2025-02-26 20:00:00","2025-02-26 21:00:00",DL,70,70,0,0,2.9571428571428573,0.0,14.285714285714286
"2025-02-26 20:00:00","2025-02-26 21:00:00",UA,71,71,0,0,-0.5633802816901409,0.0,12.67605633802817
"2025-02-26 20:00:00","2025-02-26 21:00:00",WN,147,147,0,0,0.08843537414965986,0.0,8.16326530612245
"2025-02-26 21:00:00","2025-02-26 22:00:00",AA,77,77,0,0,-0.07792207792207792,0.0,5.194805194805195
"2025-02-26 21:00:00","2025-02-26 22:00:00",DL,64,64,0,0,-2.859375,0.0,4.6875
"2025-02-26 21:00:00","2025-02-26 22:00:00",UA,29,29,0,0,-2.7586206896551726,0.0,3.4482758620689653
"2025-02-26 21:00:00","2025-02-26 22:00:00",WN,15,15,0,0,-0.9333333333333333,0.0,6.666666666666667
"2025-02-26 22:00:00","2025-02-26 23:00:00",AA,59,58,0,1,20.728813559322035,0.0,11.864406779661017
"2025-02-26 22:00:00","2025-02-26 23:00:00",DL,75,74,0,1,14.72,0.0,13.333333333333334
"2025-02-26 22:00:00","2025-02-26 23:00:00",UA,26,25,0,1,-2.4615384615384617,0.0,3.8461538461538463
"2025-02-26 22:00:00","2025-02-26 23:00:00",WN,2,2,0,0,0.5,0.0,0.0
"2025-02-26 23:00:00","2025-02-27 00:00:00",AA,24,24,0,0,-0.6666666666666666,0.0,8.333333333333334
"2025-02-26 23:00:00","2025-02-27 00:00:00",DL,19,19,0,0,5.421052631578948,0.0,21.05263157894737
"2025-02-26 23:00:00","2025-02-27 00:00:00",UA,29,29,0,0,-5.896551724137931,0.0,0.0
"2025-02-26 23:00:00","2025-02-27 00:00:00",WN,2,2,0,0,-5.0,0.0,0.0
"2025-02-27 00:00:00","2025-02-27 01:00:00",AA,9,9,0,0,-5.0,0.0,0.0
"2025-02-27 00:00:00","2025-02-27 01:00:00",DL,2,2,0,0,11.5,0.0,50.0
"2025-02-27 00:00:00","2025-02-27 01:00:00",UA,2,2,0,0,-2.0,0.0,0.0
"2025-02-27 01:00:00","2025-02-27 02:00:00",DL,2,2,0,0,-3.0,0.0,0.0
"2025-02-27 01:00:00","2025-02-27 02:00:00",UA,1,1,0,0,4.0,0.0,0.0
"2025-02-27 02:00:00","2025-02-27 03:00:00",UA,1,1,0,0,-8.0,0.0,0.0
"2025-02-27 05:00:00","2025-02-27 06:00:00",AA,92,92,0,0,7.239130434782608,0.0,5.434782608695652
"2025-02-27 05:00:00","2025-02-27 06:00:00",DL,61,61,0,0,-2.442622950819672,0.0,4.918032786885246
"2025-02-27 05:00:00","2025-02-27 06:00:00",UA,30,30,0,0,-3.6666666666666665,0.0,6.666666666666667
"2025-02-27 05:00:00","2025-02-27 06:00:00",WN,168,167,1,0,0.059880239520958084,0.5952380952380952,3.592814371257485
"2025-02-27 06:00:00","2025-02-27 07:00:00",AA,179,179,0,0,1.1396648044692737,0.0,5.58659217877095
"2025-02-27 06:00:00","2025-02-27 07:00:00",DL,185,185,0,0,2.4918918918918918,0.0,4.864864864864865
"2025-02-27 06:00:00","2025-02-27 07:00:00",UA,129,129,0,0,-1.62015503875969,0.0,6.2015503875969
"2025-02-27 06:00:00","2025-02-27 07:00:00",WN,291,290,1,0,-2.0551724137931036,0.3436426116838488,2.0689655172413794
"2025-02-27 07:00:00","2025-02-27 08:00:00",AA,198,197,1,0,2.984771573604061,0.5050505050505051,7.106598984771574
"2025-02-27 07:00:00","2025-02-27 08:00:00",DL,221,221,0,0,3.565610859728507,0.0,8.597285067873303
"2025-02-27 07:00:00","2025-02-27 08:00:00",UA,195,195,0,0,-0.2512820512820513,0.0,3.58974358974359
"2025-02-27 07:00:00","2025-02-27 08:00:00",WN,181,181,0,0,-2.0662983425414363,0.0,2.2099447513812156
"2025-02-27 08:00:00","2025-02-27 09:00:00",AA,181,179,1,1,1.7055555555555555,0.5524861878453039,6.111111111111111
"2025-02-27 08:00:00","2025-02-27 09:00:00",DL,168,168,0,0,1.2023809523809523,0.0,7.738095238095238
"2025-02-27 08:00:00","2025-02-27 09:00:00",UA,179,177,1,1,4.769662921348314,0.5586592178770949,6.741573033707865
"2025-02-27 08:00:00","2025-02-27 09:00:00",WN,258,257,1,0,-0.4669260700389105,0.3875968992248062,3.8910505836575875
"2025-02-27 09:00:00","2025-02-27 10:00:00",AA,126,125,1,0,14.84,0.7936507936507936,12.0
"2025-02-27 09:00:00","2025-02-27 10:00:00",DL,119,119,0,0,-0.865546218487395,0.0,5.882352941176471
"2025-02-27 09:00:00","2025-02-27 10:00:00",UA,134,134,0,0,11.462686567164178,0.0,8.955223880597014
"2025-02-27 09:00:00","2025-02-27 10:00:00",WN,211,210,0,1,1.061611374407583,0.0,8.056872037914692
"2025-02-27 10:00:00","2025-02-27 11:00:00",AA,138,137,1,0,18.51824817518248,0.7246376811594203,17.51824817518248
"2025-02-27 10:00:00","2025-02-27 11:00:00",DL,149,149,0,0,7.583892617449664,0.0,8.724832214765101
"2025-02-27 10:00:00","2025-02-27 11:00:00",UA,115,115,0,0,-0.10434782608695652,0.0,6.956521739130435
"2025-02-27 10:00:00","2025-02-27 11:00:00",WN,209,209,0,0,2.84688995215311,0.0,8.61244019138756
"2025-02-27 11:00:00","2025-02-27 12:00:00",AA,151,151,0,0,16.86092715231788,0.0,23.178807947019866
"2025-02-27 11:00:00","2025-02-27 12:00:00",DL,187,186,0,1,4.005347593582887,0.0,8.02139037433155
"2025-02-27 11:00:00","2025-02-27 12:00:00",UA,122,122,0,0,2.581967213114754,0.0,10.655737704918034
"2025-02-27 11:00:00","2025-02-27 12:00:00",WN,215,215,0,0,4.158139534883721,0.0,11.162790697674419
"2025-02-27 12:00:00","2025-02-27 13:00:00",AA,126,126,0,0,6.2063492063492065,0.0,16.666666666666668
"2025-02-27 12:00:00","2025-02-27 13:00:00",DL,156,156,0,0,5.346153846153846,0.0,10.897435897435898
"2025-02-27 12:00:00","2025-02-27 13:00:00",UA,112,112,0,0,2.6875,0.0,4.464285714285714
"2025-02-27 12:00:00","2025-02-27 13:00:00",WN,211,211,0,0,6.14218009478673,0.0,15.639810426540285
"2025-02-27 13:00:00","2025-02-27 14:00:00",AA,125,125,0,0,25.704,0.0,21.6
"2025-02-27 13:00:00","2025-02-27 14:00:00",DL,131,131,0,0,8.16793893129771,0.0,9.923664122137405
"2025-02-27 13:00:00","2025-02-27 14:00:00",UA,131,131,0,0,4.351145038167939,0.0,12.977099236641221
"2025-02-27 13:00:00","2025-02-27 14:00:00",WN,205,205,0,0,9.409756097560976,0.0,21.951219512195124
"2025-02-27 14:00:00","2025-02-27 15:00:00",AA,149,147,1,1,15.783783783783784,0.6711409395973155,23.64864864864865
"2025-02-27 14:00:00","2025-02-27 15:00:00",DL,133,133,0,0,4.654135338345864,0.0,18.045112781954888
"2025-02-27 14:00:00","2025-02-27 15:00:00",UA,127,126,1,0,3.119047619047619,0.7874015748031497,13.492063492063492
"2025-02-27 14:00:00","2025-02-27 15:00:00",WN,220,220,0,0,8.040909090909091,0.0,19.545454545454547
"2025-02-27 15:00:00","2025-02-27 16:00:00",AA,120,120,0,0,25.566666666666666,0.0,21.666666666666668
"2025-02-27 15:00:00","2025-02-27 16:00:00",DL,168,168,0,0,6.458333333333333,0.0,16.071428571428573
"2025-02-27 15:00:00","2025-02-27 16:00:00",UA,81,81,0,0,1.8888888888888888,0.0,9.876543209876543
"2025-02-27 15:00:00","2025-02-27 16:00:00",WN,223,223,0,0,9.372197309417041,0.0,21.973094170403588
"2025-02-27 16:00:00","2025-02-27 17:00:00",AA,139,139,0,0,20.510791366906474,0.0,24.46043165467626
"2025-02-27 16:00:00","2025-02-27 17:00:00",DL,133,133,0,0,17.270676691729324,0.0,21.05263157894737
"2025-02-27 16:00:00","2025-02-27 17:00:00",UA,126,126,0,0,6.2063492063492065,0.0,10.317460317460318
"2025-02-27 16:00:00","2025-02-27 17:00:00",WN,206,206,0,0,10.160194174757281,0.0,24.75728155339806
"2025-02-27 17:00:00","2025-02-27 18:00:00",AA,156,156,0,0,13.64102564102564,0.0,28.205128205128204
"2025-02-27 17:00:00","2025-02-27 18:00:00",DL,162,162,0,0,5.728395061728395,0.0,13.580246913580247
"2025-02-27 17:00:00","2025-02-27 18:00:00",UA,136,136,0,0,4.9411764705882355,0.0,11.764705882352942
"2025-02-27 17:00:00","2025-02-27 18:00:00",WN,223,223,0,0,10.174887892376681,0.0,26.905829596412556
"2025-02-27 18:00:00","2025-02-27 19:00:00",AA,161,161,0,0,25.770186335403725,0.0,32.91925465838509
"2025-02-27 18:00:00","2025-02-27 19:00:00",DL,160,160,0,0,7.73125,0.0,16.875
"2025-02-27 18:00:00","2025-02-27 19:00:00",UA,152,152,0,0,2.710526315789474,0.0,11.18421052631579
"2025-02-27 18:00:00","2025-02-27 19:00:00",WN,202,202,0,0,10.138613861386139,0.0,24.257425742574256
"2025-02-27 19:00:00","2025-02-27 20:00:00",AA,157,157,0,0,21.29936305732484,0.0,35.031847133757964
"2025-02-27 19:00:00","2025-02-27 20:00:00",DL,155,155,0,0,8.025806451612903,0.0,20.64516129032258
"2025-02-27 19:00:00","2025-02-27 20:00:00",UA,123,123,0,0,4.252032520325203,0.0,14.634146341463415
"2025-02-27 19:00:00","2025-02-27 20:00:00",WN,227,227,0,0,8.140969162995594,0.0,23.348017621145374
"2025-02-27 20:00:00","2025-02-27 21:00:00",AA,107,107,0,0,19.88785046728972,0.0,29.906542056074766
"2025-02-27 20:00:00","2025-02-27 21:00:00",DL,89,88,0,1,16.04494382022472,0.0,17.97752808988764
"2025-02-27 20:00:00","2025-02-27 21:00:00",UA,75,75,0,0,4.453333333333333,0.0,14.666666666666666
"2025-02-27 20:00:00","2025-02-27 21:00:00",WN,232,232,0,0,7.771551724137931,0.0,20.689655172413794
"2025-02-27 21:00:00","2025-02-27 22:00:00",AA,83,83,0,0,8.132530120481928,0.0,24.096385542168676
"2025-02-27 21:00:00","2025-02-27 22:00:00",DL,83,83,0,0,3.9397590361445785,0.0,20.481927710843372
"2025-02-27 21:00:00","2025-02-27 22:00:00",UA,37,37,0,0,-0.5405405405405406,0.0,8.108108108108109
"2025-02-27 21:00:00","2025-02-27 22:00:00",WN,133,133,0,0,5.2180451127819545,0.0,16.541353383458645
"2025-02-27 22:00:00","2025-02-27 23:00:00",AA,88,88,0,0,8.886363636363637,0.0,22.727272727272727
"2025-02-27 22:00:00","2025-02-27 23:00:00",DL,82,82,0,0,5.634146341463414,0.0,12.195121951219512
"2025-02-27 22:00:00","2025-02-27 23:00:00",UA,30,30,0,0,-0.06666666666666667,0.0,10.0
"2025-02-27 22:00:00","2025-02-27 23:00:00",WN,136,136,0,0,1.3235294117647058,0.0,11.764705882352942
"2025-02-27 23:00:00","2025-02-28 00:00:00",AA,28,28,0,0,3.3214285714285716,0.0,14.285714285714286
"2025-02-27 23:00:00","2025-02-28 00:00:00",DL,25,25,0,0,6.32,0.0,12.0
"2025-02-27 23:00:00","2025-02-28 00:00:00",UA,32,32,0,0,-4.15625,0.0,0.0
"2025-02-27 23:00:00","2025-02-28 00:00:00",WN,2,2,0,0,4.0,0.0,0.0
"2025-02-28 00:00:00","2025-02-28 01:00:00",AA,10,10,0,0,5.0,0.0,10.0
"2025-02-28 00:00:00","2025-02-28 01:00:00",DL,4,4,0,0,-5.5,0.0,0.0
"2025-02-28 00:00:00","2025-02-28 01:00:00",UA,3,3,0,0,-5.333333333333333,0.0,0.0
"2025-02-28 01:00:00","2025-02-28 02:00:00",DL,2,2,0,0,-5.5,0.0,0.0
"2025-02-28 01:00:00","2025-02-28 02:00:00",UA,1,1,0,0,-12.0,0.0,0.0
"2025-02-28 02:00:00","2025-02-28 03:00:00",UA,1,1,0,0,82.0,0.0,100.0
"2025-02-28 05:00:00","2025-02-28 06:00:00",AA,95,95,0,0,-0.16842105263157894,0.0,6.315789473684211
"2025-02-28 05:00:00","2025-02-28 06:00:00",DL,59,59,0,0,-3.1864406779661016,0.0,3.389830508474576
"2025-02-28 05:00:00","2025-02-28 06:00:00",UA,31,31,0,0,-3.967741935483871,0.0,0.0
"2025-02-28 05:00:00","2025-02-28 06:00:00",WN,157,157,0,0,-0.6496815286624203,0.0,4.45859872611465
"2025-02-28 06:00:00","2025-02-28 07:00:00",AA,183,183,0,0,24.994535519125684,0.0,7.103825136612022
"2025-02-28 06:00:00","2025-02-28 07:00:00",DL,181,181,0,0,0.7955801104972375,0.0,4.419889502762431
"2025-02-28 06:00:00","2025-02-28 07:00:00",UA,126,126,0,0,1.7301587301587302,0.0,7.936507936507937
"2025-02-28 06:00:00","2025-02-28 07:00:00",WN,285,285,0,0,-1.3298245614035087,0.0,2.1052631578947367
"2025-02-28 07:00:00","2025-02-28 08:00:00",AA,199,199,0,0,4.778894472361809,0.0,8.542713567839195
"2025-02-28 07:00:00","2025-02-28 08:00:00",DL,223,222,0,1,8.475336322869955,0.0,8.071748878923767
"2025-02-28 07:00:00","2025-02-28 08:00:00",UA,181,181,0,0,-0.5414364640883977,0.0,4.419889502762431
"2025-02-28 07:00:00","2025-02-28 08:00:00",WN,174,174,0,0,-1.0057471264367817,0.0,4.597701149425287
"2025-02-28 08:00:00","2025-02-28 09:00:00",AA,179,179,0,0,2.553072625698324,0.0,7.82122905027933
"2025-02-28 08:00:00","2025-02-28 09:00:00",DL,160,159,0,1,0.3625,0.0,6.25
"2025-02-28 08:00:00","2025-02-28 09:00:00",UA,182,181,0,1,-0.4010989010989011,0.0,5.4945054945054945
"2025-02-28 08:00:00","2025-02-28 09:00:00",WN,237,236,0,1,1.109704641350211,0.0,5.9071729957805905
"2025-02-28 09:00:00","2025-02-28 10:00:00",AA,124,123,0,1,3.064516129032258,0.0,8.064516129032258
"2025-02-28 09:00:00","2025-02-28 10:00:00",DL,118,118,0,0,-0.8898305084745762,0.0,3.389830508474576
"2025-02-28 09:00:00","2025-02-28 10:00:00",UA,122,121,1,0,1.1239669421487604,0.819672131147541,9.090909090909092
"2025-02-28 09:00:00","2025-02-28 10:00:00",WN,205,205,0,0,0.32195121951219513,0.0,5.365853658536586
"2025-02-28 10:00:00","2025-02-28 11:00:00",AA,139,139,0,0,1.669064748201439,0.0,7.913669064748201
"2025-02-28 10:00:00","2025-02-28 11:00:00",DL,146,146,0,0,3.184931506849315,0.0,9.58904109589041
"2025-02-28 10:00:00","2025-02-28 11:00:00",UA,113,113,0,0,-1.6814159292035398,0.0,7.079646017699115
"2025-02-28 10:00:00","2025-02-28 11:00:00",WN,209,209,0,0,3.937799043062201,0.0,9.569377990430622
"2025-02-28 11:00:00","2025-02-28 12:00:00",AA,151,150,0,1,16.192052980132452,0.0,15.2317880794702
"2025-02-28 11:00:00","2025-02-28 12:00:00",DL,178,178,0,0,-0.15730337078651685,0.0,6.179775280898877
"2025-02-28 11:00:00","2025-02-28 12:00:00",UA,116,116,0,0,-1.2586206896551724,0.0,3.4482758620689653
"2025-02-28 11:00:00","2025-02-28 12:00:00",WN,200,200,0,0,1.96,0.0,6.5
"2025-02-28 12:00:00","2025-02-28 13:00:00",AA,135,135,0,0,2.762962962962963,0.0,10.37037037037037
"2025-02-28 12:00:00","2025-02-28 13:00:00",DL,172,172,0,0,0.31976744186046513,0.0,8.13953488372093
"2025-02-28 12:00:00","2025-02-28 13:00:00",UA,120,120,0,0,4.283333333333333,0.0,10.833333333333334
"2025-02-28 12:00:00","2025-02-28 13:00:00",WN,228,228,0,0,2.0,0.0,6.578947368421052
"2025-02-28 13:00:00","2025-02-28 14:00:00",AA,133,132,0,1,8.864661654135338,0.0,12.781954887218046
"2025-02-28 13:00:00","2025-02-28 14:00:00",DL,132,132,0,0,6.818181818181818,0.0,12.878787878787879
"2025-02-28 13:00:00","2025-02-28 14:00:00",UA,140,139,1,0,-1.0431654676258992,0.7142857142857143,2.8776978417266186
"2025-02-28 13:00:00","2025-02-28 14:00:00",WN,217,217,0,0,2.9723502304147464,0.0,9.67741935483871
"2025-02-28 14:00:00","2025-02-28 15:00:00",AA,150,149,0,1,3.98,0.0,10.666666666666666
"2025-02-28 14:00:00","2025-02-28 15:00:00",DL,133,133,0,0,2.5338345864661656,0.0,12.030075187969924
"2025-02-28 14:00:00","2025-02-28 15:00:00",UA,131,130,0,1,2.3053435114503817,0.0,9.16030534351145
"2025-02-28 14:00:00","2025-02-28 15:00:00",WN,222,222,0,0,4.418918918918919,0.0,13.963963963963964
"2025-02-28 15:00:00","2025-02-28 16:00:00",AA,114,114,0,0,12.535087719298245,0.0,16.666666666666668
"2025-02-28 15:00:00","2025-02-28 16:00:00",DL,171,170,0,1,4.0701754385964914,0.0,16.374269005847953
"2025-02-28 15:00:00","2025-02-28 16:00:00",UA,79,79,0,0,1.7088607594936709,0.0,8.860759493670885
"2025-02-28 15:00:00","2025-02-28 16:00:00",WN,219,219,0,0,6.063926940639269,0.0,15.068493150684931
"2025-02-28 16:00:00","2025-02-28 17:00:00",AA,130,130,0,0,5.707692307692308,0.0,16.923076923076923
"2025-02-28 16:00:00","2025-02-28 17:00:00",DL,122,122,0,0,8.0,0.0,19.672131147540984
"2025-02-28 16:00:00","2025-02-28 17:00:00",UA,127,127,0,0,5.551181102362205,0.0,13.385826771653543
"2025-02-28 16:00:00","2025-02-28 17:00:00",WN,194,194,0,0,5.814432989690721,0.0,16.49484536082474
"2025-02-28 17:00:00","2025-02-28 18:00:00",AA,156,156,0,0,12.320512820512821,0.0,23.076923076923077
"2025-02-28 17:00:00","2025-02-28 18:00:00",DL,162,162,0,0,4.382716049382716,0.0,13.580246913580247
"2025-02-28 17:00:00","2025-02-28 18:00:00",UA,128,128,0,0,5.15625,0.0,13.28125
"2025-02-28 17:00:00","2025-02-28 18:00:00",WN,220,220,0,0,4.5636363636363635,0.0,12.272727272727273
"2025-02-28 18:00:00","2025-02-28 19:00:00",AA,144,144,0,0,14.305555555555555,0.0,21.52777777777778
"2025-02-28 18:00:00","2025-02-28 19:00:00",DL,147,147,0,0,7.782312925170068,0.0,18.367346938775512
"2025-02-28 18:00:00","2025-02-28 19:00:00",UA,138,138,0,0,3.3333333333333335,0.0,9.420289855072463
"2025-02-28 18:00:00","2025-02-28 19:00:00",WN,196,196,0,0,3.688775510204082,0.0,9.183673469387756
"2025-02-28 19:00:00","2025-02-28 20:00:00",AA,153,153,0,0,12.57516339869281,0.0,23.529411764705884
"2025-02-28 19:00:00","2025-02-28 20:00:00",DL,154,154,0,0,5.12987012987013,0.0,16.233766233766232
"2025-02-28 19:00:00","2025-02-28 20:00:00",UA,128,128,0,0,1.4375,0.0,10.15625
"2025-02-28 19:00:00","2025-02-28 20:00:00",WN,229,229,0,0,3.7074235807860263,0.0,13.973799126637555
"2025-02-28 20:00:00","2025-02-28 21:00:00",AA,113,113,0,0,12.070796460176991,0.0,21.238938053097346
"2025-02-28 20:00:00","2025-02-28 21:00:00",DL,89,89,0,0,3.5168539325842696,0.0,13.48314606741573
"2025-02-28 20:00:00","2025-02-28 21:00:00",UA,73,73,0,0,10.32876712328767,0.0,23.28767123287671
"2025-02-28 20:00:00","2025-02-28 21:00:00",WN,238,238,0,0,2.8403361344537816,0.0,13.025210084033613
"2025-02-28 21:00:00","2025-02-28 22:00:00",AA,84,84,0,0,11.857142857142858,0.0,14.285714285714286
"2025-02-28 21:00:00","2025-02-28 22:00:00",DL,78,78,0,0,5.602564102564102,0.0,16.666666666666668
"2025-02-28 21:00:00","2025-02-28 22:00:00",UA,39,39,0,0,3.2564102564102564,0.0,12.820512820512821
"2025-02-28 21:00:00","2025-02-28 22:00:00",WN,127,127,0,0,-0.5118110236220472,0.0,5.511811023622047
"2025-02-28 22:00:00","2025-02-28 23:00:00",AA,92,92,0,0,11.967391304347826,0.0,19.565217391304348
"2025-02-28 22:00:00","2025-02-28 23:00:00",DL,90,90,0,0,1.9555555555555555,0.0,14.444444444444445
"2025-02-28 22:00:00","2025-02-28 23:00:00",UA,29,29,0,0,2.310344827586207,0.0,10.344827586206897
"2025-02-28 22:00:00","2025-02-28 23:00:00",WN,132,131,1,0,-0.5648854961832062,0.7575757575757576,7.633587786259542
"2025-02-28 23:00:00","2025-03-01 00:00:00",AA,28,28,0,0,3.0357142857142856,0.0,10.714285714285714
"2025-02-28 23:00:00","2025-03-01 00:00:00",DL,25,25,0,0,-3.2,0.0,4.0
"2025-02-28 23:00:00","2025-03-01 00:00:00",UA,34,34,0,0,-3.764705882352941,0.0,2.9411764705882355
"2025-02-28 23:00:00","2025-03-01 00:00:00",WN,3,3,0,0,-6.333333333333333,0.0,0.0
"2025-03-01 00:00:00","2025-03-01 01:00:00",AA,11,11,0,0,-4.454545454545454,0.0,0.0
"2025-03-01 00:00:00","2025-03-01 01:00:00",DL,4,4,0,0,-13.5,0.0,0.0
"2025-03-01 00:00:00","2025-03-01 01:00:00",UA,3,3,0,0,-7.666666666666667,0.0,0.0
"2025-03-01 01:00:00","2025-03-01 02:00:00",DL,2,2,0,0,-5.5,0.0,0.0
"2025-03-01 01:00:00","2025-03-01 02:00:00",UA,1,1,0,0,-2.0,0.0,0.0
"2025-03-01 02:00:00","2025-03-01 03:00:00",UA,1,1,0,0,-9.0,0.0,0.0
"2025-03-01 05:00:00","2025-03-01 06:00:00",AA,77,77,0,0,1.4155844155844155,0.0,3.896103896103896
"2025-03-01 05:00:00","2025-03-01 06:00:00",DL,50,50,0,0,4.92,0.0,6.0
"2025-03-01 05:00:00","2025-03-01 06:00:00",UA,29,29,0,0,-2.413793103448276,0.0,3.4482758620689653
"2025-03-01 05:00:00","2025-03-01 06:00:00",WN,113,113,0,0,-0.1504424778761062,0.0,4.424778761061947
"2025-03-01 06:00:00","2025-03-01 07:00:00",AA,150,150,0,0,6.026666666666666,0.0,7.333333333333333
"2025-03-01 06:00:00","2025-03-01 07:00:00",DL,163,158,0,5,0.6012269938650306,0.0,4.294478527607362
"2025-03-01 06:00:00","2025-03-01 07:00:00",UA,115,113,2,0,-1.7256637168141593,1.7391304347826086,5.3097345132743365
"2025-03-01 06:00:00","2025-03-01 07:00:00",WN,244,242,1,1,0.024691358024691357,0.4098360655737705,3.7037037037037037
"2025-03-01 07:00:00","2025-03-01 08:00:00",AA,169,169,0,0,-0.35502958579881655,0.0,6.508875739644971
"2025-03-01 07:00:00","2025-03-01 08:00:00",DL,208,204,0,4,1.2644230769230769,0.0,6.730769230769231
"2025-03-01 07:00:00","2025-03-01 08:00:00",UA,181,179,2,0,5.268156424581005,1.1049723756906078,7.262569832402234
"2025-03-01 07:00:00","2025-03-01 08:00:00",WN,205,205,0,0,-1.9560975609756097,0.0,3.4146341463414633
"2025-03-01 08:00:00","2025-03-01 09:00:00",AA,163,163,0,0,1.0674846625766872,0.0,8.588957055214724
"2025-03-01 08:00:00","2025-03-01 09:00:00",DL,139,139,0,0,6.733812949640288,0.0,10.79136690647482
"2025-03-01 08:00:00","2025-03-01 09:00:00",UA,151,151,0,0,2.1390728476821192,0.0,5.298013245033113
"2025-03-01 08:00:00","2025-03-01 09:00:00",WN,220,220,0,0,-0.55,0.0,5.454545454545454
"2025-03-01 09:00:00","2025-03-01 10:00:00",AA,112,112,0,0,7.116071428571429,0.0,10.714285714285714
"2025-03-01 09:00:00","2025-03-01 10:00:00",DL,108,108,0,0,2.9722222222222223,0.0,10.185185185185185
"2025-03-01 09:00:00","2025-03-01 10:00:00",UA,120,119,1,0,4.445378151260504,0.8333333333333334,7.563025210084033
"2025-03-01 09:00:00","2025-03-01 10:00:00",WN,178,178,0,0,0.4157303370786517,0.0,5.056179775280899
"2025-03-01 10:00:00","2025-03-01 11:00:00",AA,111,111,0,0,3.1621621621621623,0.0,12.612612612612613
"2025-03-01 10:00:00","2025-03-01 11:00:00",DL,115,115,0,0,7.356521739130435,0.0,15.652173913043478
"2025-03-01 10:00:00","2025-03-01 11:00:00",UA,107,106,0,1,3.308411214953271,0.0,9.345794392523365
"2025-03-01 10:00:00","2025-03-01 11:00:00",WN,213,213,0,0,1.3615023474178405,0.0,6.103286384976526
"2025-03-01 11:00:00","2025-03-01 12:00:00",AA,139,139,0,0,-1.3237410071942446,0.0,6.474820143884892
"2025-03-01 11:00:00","2025-03-01 12:00:00",DL,164,164,0,0,1.079268292682927,0.0,8.536585365853659
"2025-03-01 11:00:00","2025-03-01 12:00:00",UA,106,106,0,0,6.990566037735849,0.0,14.150943396226415
"2025-03-01 11:00:00","2025-03-01 12:00:00",WN,196,196,0,0,1.4642857142857142,0.0,8.673469387755102
"2025-03-01 12:00:00","2025-03-01 13:00:00",AA,129,129,0,0,18.93798449612403,0.0,12.4031007751938
"2025-03-01 12:00:00","2025-03-01 13:00:00",DL,150,150,0,0,5.166666666666667,0.0,12.0
"2025-03-01 12:00:00","2025-03-01 13:00:00",UA,94,94,0,0,11.308510638297872,0.0,14.893617021276595
"2025-03-01 12:00:00","2025-03-01 13:00:00",WN,192,192,0,0,3.0833333333333335,0.0,9.895833333333334
"2025-03-01 13:00:00","2025-03-01 14:00:00",AA,109,108,0,1,6.064220183486238,0.0,17.431192660550458
"2025-03-01 13:00:00","2025-03-01 14:00:00",DL,109,109,0,0,8.220183486238533,0.0,17.431192660550458
"2025-03-01 13:00:00","2025-03-01 14:00:00",UA,114,114,0,0,0.9385964912280702,0.0,7.017543859649122
"2025-03-01 13:00:00","2025-03-01 14:00:00",WN,176,176,0,0,4.5,0.0,11.363636363636363
"2025-03-01 14:00:00","2025-03-01 15:00:00",AA,122,122,0,0,6.672131147540983,0.0,16.39344262295082
"2025-03-01 14:00:00","2025-03-01 15:00:00",DL,110,109,0,1,7.7272727272727275,0.0,13.636363636363637
"2025-03-01 14:00:00","2025-03-01 15:00:00",UA,112,112,0,0,10.419642857142858,0.0,16.964285714285715
"2025-03-01 14:00:00","2025-03-01 15:00:00",WN,206,206,0,0,3.5533980582524274,0.0,14.563106796116505
"2025-03-01 15:00:00","2025-03-01 16:00:00",AA,103,103,0,0,7.572815533980583,0.0,17.475728155339805
"2025-03-01 15:00:00","2025-03-01 16:00:00",DL,129,129,0,0,5.782945736434108,0.0,8.527131782945736
"2025-03-01 15:00:00","2025-03-01 16:00:00",UA,65,64,0,1,23.615384615384617,0.0,21.53846153846154
"2025-03-01 15:00:00","2025-03-01 16:00:00",WN,200,198,1,1,6.301507537688442,0.5,18.09045226130653
"2025-03-01 16:00:00","2025-03-01 17:00:00",AA,128,128,0,0,7.1875,0.0,19.53125
"2025-03-01 16:00:00","2025-03-01 17:00:00",DL,94,93,0,1,11.712765957446809,0.0,14.893617021276595
"2025-03-01 16:00:00","2025-03-01 17:00:00",UA,119,118,1,0,10.576271186440678,0.8403361344537815,16.949152542372882
"2025-03-01 16:00:00","2025-03-01 17:00:00",WN,178,177,1,0,7.11864406779661,0.5617977528089888,14.689265536723164
"2025-03-01 17:00:00","2025-03-01 18:00:00",AA,127,127,0,0,8.834645669291339,0.0,14.960629921259843
"2025-03-01 17:00:00","2025-03-01 18:00:00",DL,146,145,1,0,0.12413793103448276,0.684931506849315,11.724137931034482
"2025-03-01 17:00:00","2025-03-01 18:00:00",UA,108,108,0,0,7.157407407407407,0.0,16.666666666666668
"2025-03-01 17:00:00","2025-03-01 18:00:00",WN,209,209,0,0,6.861244019138756,0.0,16.267942583732058
"2025-03-01 18:00:00","2025-03-01 19:00:00",AA,121,121,0,0,13.438016528925619,0.0,18.181818181818183
"2025-03-01 18:00:00","2025-03-01 19:00:00",DL,101,100,1,0,4.24,0.9900990099009901,19.0
"2025-03-01 18:00:00","2025-03-01 19:00:00",UA,97,97,0,0,6.525773195876289,0.0,14.43298969072165
"2025-03-01 18:00:00","2025-03-01 19:00:00",WN,207,207,0,0,4.463768115942029,0.0,12.560386473429952
"2025-03-01 19:00:00","2025-03-01 20:00:00",AA,103,103,0,0,8.194174757281553,0.0,20.388349514563107
"2025-03-01 19:00:00","2025-03-01 20:00:00",DL,81,81,0,0,0.7160493827160493,0.0,11.11111111111111
"2025-03-01 19:00:00","2025-03-01 20:00:00",UA,99,99,0,0,7.98989898989899,0.0,14.141414141414142
"2025-03-01 19:00:00","2025-03-01 20:00:00",WN,223,222,1,0,4.95945945945946,0.4484304932735426,15.315315315315315
"2025-03-01 20:00:00","2025-03-01 21:00:00",AA,96,96,0,0,6.0,0.0,16.666666666666668
"2025-03-01 20:00:00","2025-03-01 21:00:00",DL,54,54,0,0,2.574074074074074,0.0,9.25925925925926
"2025-03-01 20:00:00","2025-03-01 21:00:00",UA,59,59,0,0,8.220338983050848,0.0,20.338983050847457
"2025-03-01 20:00:00","2025-03-01 21:00:00",WN,133,133,0,0,1.9097744360902256,0.0,12.030075187969924
"2025-03-01 21:00:00","2025-03-01 22:00:00",AA,73,73,0,0,19.616438356164384,0.0,23.28767123287671
"2025-03-01 21:00:00","2025-03-01 22:00:00",DL,54,54,0,0,0.35185185185185186,0.0,5.555555555555555
"2025-03-01 21:00:00","2025-03-01 22:00:00",UA,23,22,0,1,2.5217391304347827,0.0,17.391304347826086
"2025-03-01 21:00:00","2025-03-01 22:00:00",WN,92,92,0,0,3.717391304347826,0.0,9.782608695652174
"2025-03-01 22:00:00","2025-03-01 23:00:00",AA,57,57,0,0,22.49122807017544,0.0,8.771929824561404
"2025-03-01 22:00:00","2025-03-01 23:00:00",DL,63,63,0,0,1.1904761904761905,0.0,9.523809523809524
"2025-03-01 22:00:00","2025-03-01 23:00:00",UA,29,29,0,0,-0.034482758620689655,0.0,3.4482758620689653
"2025-03-01 22:00:00","2025-03-01 23:00:00",WN,5,5,0,0,-2.0,0.0,0.0
"2025-03-01 23:00:00","2025-03-02 00:00:00",AA,18,18,0,0,-2.0555555555555554,0.0,5.555555555555555
"2025-03-01 23:00:00","2025-03-02 00:00:00",DL,17,17,0,0,-3.176470588235294,0.0,0.0
"2025-03-01 23:00:00","2025-03-02 00:00:00",UA,24,24,0,0,1.125,0.0,4.166666666666667
"2025-03-01 23:00:00","2025-03-02 00:00:00",WN,2,2,0,0,-2.0,0.0,0.0
"2025-03-02 00:00:00","2025-03-02 01:00:00",AA,9,9,0,0,-1.1111111111111112,0.0,11.11111111111111
"2025-03-02 00:00:00","2025-03-02 01:00:00",DL,1,1,0,0,-11.0,0.0,0.0
"2025-03-02 00:00:00","2025-03-02 01:00:00",UA,4,4,0,0,-3.5,0.0,0.0
"2025-03-02 01:00:00","2025-03-02 02:00:00",DL,2,2,0,0,-8.0,0.0,0.0
"2025-03-02 01:00:00","2025-03-02 02:00:00",UA,1,0,0,1,152.0,0.0,100.0
"2025-03-02 02:00:00","2025-03-02 03:00:00",UA,1,1,0,0,77.0,0.0,100.0
"2025-03-02 05:00:00","2025-03-02 06:00:00",AA,95,95,0,0,23.25263157894737,0.0,7.368421052631579
"2025-03-02 05:00:00","2025-03-02 06:00:00",DL,54,54,0,0,0.5555555555555556,0.0,7.407407407407407
"2025-03-02 05:00:00","2025-03-02 06:00:00",UA,28,28,0,0,27.642857142857142,0.0,10.714285714285714
"2025-03-02 05:00:00","2025-03-02 06:00:00",WN,160,159,0,1,1.4,0.0,3.125
"2025-03-02 06:00:00","2025-03-02 07:00:00",AA,175,175,0,0,3.0628571428571427,0.0,9.714285714285714
"2025-03-02 06:00:00","2025-03-02 07:00:00",DL,168,168,0,0,3.982142857142857,0.0,6.5476190476190474
"2025-03-02 06:00:00","2025-03-02 07:00:00",UA,121,121,0,0,-2.3057851239669422,0.0,6.6115702479338845
"2025-03-02 06:00:00","2025-03-02 07:00:00",WN,282,282,0,0,-3.017730496453901,0.0,1.7730496453900708
"2025-03-02 07:00:00","2025-03-02 08:00:00",AA,189,188,0,1,8.724867724867725,0.0,7.936507936507937
"2025-03-02 07:00:00","2025-03-02 08:00:00",DL,218,218,0,0,-0.17889908256880735,0.0,5.504587155963303
"2025-03-02 07:00:00","2025-03-02 08:00:00",UA,184,184,0,0,2.217391304347826,0.0,5.978260869565218
"2025-03-02 07:00:00","2025-03-02 08:00:00",WN,178,178,0,0,-1.404494382022472,0.0,3.3707865168539324
"2025-03-02 08:00:00","2025-03-02 09:00:00",AA,180,178,1,1,2.82122905027933,0.5555555555555556,10.05586592178771
"2025-03-02 08:00:00","2025-03-02 09:00:00",DL,166,165,1,0,2.4909090909090907,0.6024096385542169,6.666666666666667
"2025-03-02 08:00:00","2025-03-02 09:00:00",UA,171,169,1,1,0.7294117647058823,0.5847953216374269,8.235294117647058
"2025-03-02 08:00:00","2025-03-02 09:00:00",WN,254,252,1,1,-0.15810276679841898,0.3937007874015748,5.928853754940712
"2025-03-02 09:00:00","2025-03-02 10:00:00",AA,123,123,0,0,21.317073170731707,0.0,10.56910569105691
"2025-03-02 09:00:00","2025-03-02 10:00:00",DL,113,112,0,1,-0.9203539823008849,0.0,7.079646017699115
"2025-03-02 09:00:00","2025-03-02 10:00:00",UA,127,126,1,0,4.698412698412699,0.7874015748031497,10.317460317460318
"2025-03-02 09:00:00","2025-03-02 10:00:00",WN,205,204,0,1,-0.7268292682926829,0.0,3.902439024390244
"2025-03-02 10:00:00","2025-03-02 11:00:00",AA,139,139,0,0,0.9064748201438849,0.0,10.071942446043165
"2025-03-02 10:00:00","2025-03-02 11:00:00",DL,148,148,0,0,5.391891891891892,0.0,10.135135135135135
"2025-03-02 10:00:00","2025-03-02 11:00:00",UA,112,112,0,0,0.9642857142857143,0.0,4.464285714285714
"2025-03-02 10:00:00","2025-03-02 11:00:00",WN,214,214,0,0,1.9299065420560748,0.0,6.074766355140187
"2025-03-02 11:00:00","2025-03-02 12:00:00",AA,157,156,1,0,5.544871794871795,0.6369426751592356,12.179487179487179
"2025-03-02 11:00:00","2025-03-02 12:00:00",DL,180,180,0,0,1.961111111111111,0.0,8.333333333333334
"2025-03-02 11:00:00","2025-03-02 12:00:00",UA,121,120,1,0,1.3083333333333333,0.8264462809917356,9.166666666666666
"2025-03-02 11:00:00","2025-03-02 12:00:00",WN,205,204,0,1,1.0926829268292684,0.0,6.341463414634147
"2025-03-02 12:00:00","2025-03-02 13:00:00",AA,126,126,0,0,8.26984126984127,0.0,15.079365079365079
"2025-03-02 12:00:00","2025-03-02 13:00:00",DL,159,159,0,0,5.150943396226415,0.0,11.949685534591195
"2025-03-02 12:00:00","2025-03-02 13:00:00",UA,105,105,0,0,3.4380952380952383,0.0,15.238095238095237
"2025-03-02 12:00:00","2025-03-02 13:00:00",WN,207,207,0,0,1.0241545893719808,0.0,8.21256038647343
"2025-03-02 13:00:00","2025-03-02 14:00:00",AA,128,128,0,0,5.9375,0.0,13.28125
"2025-03-02 13:00:00","2025-03-02 14:00:00",DL,129,129,0,0,2.89922480620155,0.0,13.178294573643411
"2025-03-02 13:00:00","2025-03-02 14:00:00",UA,132,132,0,0,4.757575757575758,0.0,9.848484848484848
"2025-03-02 13:00:00","2025-03-02 14:00:00",WN,202,201,0,1,3.628712871287129,0.0,11.386138613861386
"2025-03-02 14:00:00","2025-03-02 15:00:00",AA,146,146,0,0,10.773972602739725,0.0,19.17808219178082
"2025-03-02 14:00:00","2025-03-02 15:00:00",DL,121,121,0,0,6.983471074380165,0.0,16.52892561983471
"2025-03-02 14:00:00","2025-03-02 15:00:00",UA,116,116,0,0,2.0086206896551726,0.0,12.931034482758621
"2025-03-02 14:00:00","2025-03-02 15:00:00",WN,205,205,0,0,6.282926829268293,0.0,15.121951219512194
"2025-03-02 15:00:00","2025-03-02 16:00:00",AA,116,116,0,0,11.922413793103448,0.0,31.03448275862069
"2025-03-02 15:00:00","2025-03-02 16:00:00",DL,169,168,0,1,8.349112426035504,0.0,15.976331360946746
"2025-03-02 15:00:00","2025-03-02 16:00:00",UA,77,77,0,0,3.3896103896103895,0.0,7.792207792207792
"2025-03-02 15:00:00","2025-03-02 16:00:00",WN,222,222,0,0,9.256756756756756,0.0,26.126126126126128
"2025-03-02 16:00:00","2025-03-02 17:00:00",AA,119,118,0,1,14.361344537815127,0.0,22.689075630252102
"2025-03-02 16:00:00","2025-03-02 17:00:00",DL,121,121,0,0,3.7768595041322315,0.0,17.355371900826448
"2025-03-02 16:00:00","2025-03-02 17:00:00",UA,123,123,0,0,6.682926829268292,0.0,16.260162601626018
"2025-03-02 16:00:00","2025-03-02 17:00:00",WN,187,187,0,0,7.021390374331551,0.0,17.647058823529413
"2025-03-02 17:00:00","2025-03-02 18:00:00",AA,152,152,0,0,19.94736842105263,0.0,32.89473684210526
"2025-03-02 17:00:00","2025-03-02 18:00:00",DL,166,165,1,0,6.921212121212121,0.6024096385542169,15.151515151515152
"2025-03-02 17:00:00","2025-03-02 18:00:00",UA,127,127,0,0,0.33858267716535434,0.0,9.448818897637794
"2025-03-02 17:00:00","2025-03-02 18:00:00",WN,225,225,0,0,12.866666666666667,0.0,28.88888888888889
"2025-03-02 18:00:00","2025-03-02 19:00:00",AA,142,141,0,1,21.070422535211268,0.0,34.50704225352113
"2025-03-02 18:00:00","2025-03-02 19:00:00",DL,135,135,0,0,16.362962962962964,0.0,19.25925925925926
"2025-03-02 18:00:00","2025-03-02 19:00:00",UA,130,129,0,1,4.2846153846153845,0.0,12.307692307692308
"2025-03-02 18:00:00","2025-03-02 19:00:00",WN,191,191,0,0,12.230366492146597,0.0,26.701570680628272
"2025-03-02 19:00:00","2025-03-02 20:00:00",AA,159,159,0,0,21.69811320754717,0.0,35.22012578616352
"2025-03-02 19:00:00","2025-03-02 20:00:00",DL,162,162,0,0,5.944444444444445,0.0,20.987654320987655
"2025-03-02 19:00:00","2025-03-02 20:00:00",UA,127,127,0,0,6.244094488188976,0.0,13.385826771653543
"2025-03-02 19:00:00","2025-03-02 20:00:00",WN,228,228,0,0,8.776315789473685,0.0,23.24561403508772
"2025-03-02 20:00:00","2025-03-02 21:00:00",AA,115,115,0,0,22.495652173913044,0.0,33.91304347826087
"2025-03-02 20:00:00","2025-03-02 21:00:00",DL,89,89,0,0,8.415730337078651,0.0,25.84269662921348
"2025-03-02 20:00:00","2025-03-02 21:00:00",UA,75,74,0,1,4.266666666666667,0.0,8.0
"2025-03-02 20:00:00","2025-03-02 21:00:00",WN,241,241,0,0,8.319502074688797,0.0,24.896265560165975
"2025-03-02 21:00:00","2025-03-02 22:00:00",AA,91,91,0,0,22.835164835164836,0.0,35.16483516483517
"2025-03-02 21:00:00","2025-03-02 22:00:00",DL,87,87,0,0,19.586206896551722,0.0,21.839080459770116
"2025-03-02 21:00:00","2025-03-02 22:00:00",UA,47,47,0,0,5.1063829787234045,0.0,10.638297872340425
"2025-03-02 21:00:00","2025-03-02 22:00:00",WN,135,135,0,0,5.948148148148148,0.0,17.77777777777778
"2025-03-02 22:00:00","2025-03-02 23:00:00",AA,88,88,0,0,16.795454545454547,0.0,34.09090909090909
"2025-03-02 22:00:00","2025-03-02 23:00:00",DL,76,76,0,0,3.4210526315789473,0.0,9.210526315789474
"2025-03-02 22:00:00","2025-03-02 23:00:00",UA,25,25,0,0,-3.28,0.0,4.0
"2025-03-02 22:00:00","2025-03-02 23:00:00",WN,127,127,0,0,4.047244094488189,0.0,16.53543307086614
"2025-03-02 23:00:00","2025-03-03 00:00:00",AA,31,31,0,0,0.7741935483870968,0.0,12.903225806451612
"2025-03-02 23:00:00","2025-03-03 00:00:00",DL,26,26,0,0,-0.6538461538461539,0.0,3.8461538461538463
"2025-03-02 23:00:00","2025-03-03 00:00:00",UA,36,36,0,0,-2.6944444444444446,0.0,11.11111111111111
"2025-03-02 23:00:00","2025-03-03 00:00:00",WN,3,3,0,0,1.3333333333333333,0.0,0.0
"2025-03-03 00:00:00","2025-03-03 01:00:00",AA,12,12,0,0,-0.5,0.0,16.666666666666668
"2025-03-03 00:00:00","2025-03-03 01:00:00",DL,4,4,0,0,-9.0,0.0,0.0
"2025-03-03 00:00:00","2025-03-03 01:00:00",UA,3,3,0,0,-4.666666666666667,0.0,0.0
"2025-03-03 01:00:00","2025-03-03 02:00:00",DL,2,2,0,0,-3.0,0.0,0.0
"2025-03-03 01:00:00","2025-03-03 02:00:00",UA,1,1,0,0,1.0,0.0,0.0
"2025-03-03 02:00:00","2025-03-03 03:00:00",UA,1,1,0,0,-8.0,0.0,0.0
"2025-03-03 05:00:00","2025-03-03 06:00:00",AA,98,98,0,0,0.1326530612244898,0.0,8.16326530612245
"2025-03-03 05:00:00","2025-03-03 06:00:00",DL,60,60,0,0,-5.283333333333333,0.0,1.6666666666666667
"2025-03-03 05:00:00","2025-03-03 06:00:00",UA,31,31,0,0,-6.193548387096774,0.0,0.0
"2025-03-03 05:00:00","2025-03-03 06:00:00",WN,87,86,0,1,-2.6206896551724137,0.0,2.2988505747126435
"2025-03-03 06:00:00","2025-03-03 07:00:00",AA,175,175,0,0,1.497142857142857,0.0,8.0
"2025-03-03 06:00:00","2025-03-03 07:00:00",DL,175,174,0,1,-1.7657142857142858,0.0,4.571428571428571
"2025-03-03 06:00:00","2025-03-03 07:00:00",UA,117,117,0,0,-3.3333333333333335,0.0,4.273504273504273
"2025-03-03 06:00:00","2025-03-03 07:00:00",WN,275,270,0,5,-0.45454545454545453,0.0,3.272727272727273
"2025-03-03 07:00:00","2025-03-03 08:00:00",AA,195,194,0,1,2.2,0.0,9.23076923076923
"2025-03-03 07:00:00","2025-03-03 08:00:00",DL,219,219,0,0,1.1369863013698631,0.0,8.219178082191782
"2025-03-03 07:00:00","2025-03-03 08:00:00",UA,182,182,0,0,4.8791208791208796,0.0,8.241758241758241
"2025-03-03 07:00:00","2025-03-03 08:00:00",WN,192,183,2,7,5.657894736842105,1.0416666666666667,6.842105263157895
"2025-03-03 08:00:00","2025-03-03 09:00:00",AA,183,183,0,0,3.939890710382514,0.0,10.92896174863388
"2025-03-03 08:00:00","2025-03-03 09:00:00",DL,167,166,0,1,1.341317365269461,0.0,8.982035928143713
"2025-03-03 08:00:00","2025-03-03 09:00:00",UA,181,181,0,0,-0.12154696132596685,0.0,5.524861878453039
"2025-03-03 08:00:00","2025-03-03 09:00:00",WN,245,242,3,0,22.43801652892562,1.2244897959183674,15.702479338842975
"2025-03-03 09:00:00","2025-03-03 10:00:00",AA,128,128,0,0,7.171875,0.0,11.71875
"2025-03-03 09:00:00","2025-03-03 10:00:00",DL,120,120,0,0,-0.5083333333333333,0.0,9.166666666666666
"2025-03-03 09:00:00","2025-03-03 10:00:00",UA,134,134,0,0,0.29850746268656714,0.0,9.701492537313433
"2025-03-03 09:00:00","2025-03-03 10:00:00",WN,206,203,3,0,32.251231527093594,1.4563106796116505,21.182266009852217
"2025-03-03 10:00:00","2025-03-03 11:00:00",AA,125,125,0,0,5.208,0.0,12.0
"2025-03-03 10:00:00","2025-03-03 11:00:00",DL,140,140,0,0,4.4,0.0,9.285714285714286
"2025-03-03 10:00:00","2025-03-03 11:00:00",UA,110,110,0,0,-1.6363636363636365,0.0,5.454545454545454
"2025-03-03 10:00:00","2025-03-03 11:00:00",WN,211,203,7,1,12.607843137254902,3.3175355450236967,17.647058823529413
"2025-03-03 11:00:00","2025-03-03 12:00:00",AA,157,157,0,0,6.770700636942675,0.0,14.012738853503185
"2025-03-03 11:00:00","2025-03-03 12:00:00",DL,174,174,0,0,0.7931034482758621,0.0,6.32183908045977
"2025-03-03 11:00:00","2025-03-03 12:00:00",UA,118,118,0,0,-1.305084745762712,0.0,3.389830508474576
"2025-03-03 11:00:00","2025-03-03 12:00:00",WN,205,190,15,0,34.310526315789474,7.317073170731708,25.263157894736842
"2025-03-03 12:00:00","2025-03-03 13:00:00",AA,131,131,0,0,7.297709923664122,0.0,10.687022900763358
"2025-03-03 12:00:00","2025-03-03 13:00:00",DL,175,175,0,0,1.36,0.0,9.714285714285714
"2025-03-03 12:00:00","2025-03-03 13:00:00",UA,122,122,0,0,0.4918032786885246,0.0,6.557377049180328
"2025-03-03 12:00:00","2025-03-03 13:00:00",WN,227,221,6,0,24.647058823529413,2.643171806167401,24.8868778280543
"2025-03-03 13:00:00","2025-03-03 14:00:00",AA,126,126,0,0,8.396825396825397,0.0,13.492063492063492
"2025-03-03 13:00:00","2025-03-03 14:00:00",DL,125,125,0,0,1.688,0.0,11.2
"2025-03-03 13:00:00","2025-03-03 14:00:00",UA,129,127,1,1,-1.1953125,0.7751937984496124,6.25
"2025-03-03 13:00:00","2025-03-03 14:00:00",WN,217,206,11,0,20.75728155339806,5.0691244239631335,22.815533980582526
"2025-03-03 14:00:00","2025-03-03 15:00:00",AA,140,140,0,0,7.664285714285715,0.0,12.857142857142858
"2025-03-03 14:00:00","2025-03-03 15:00:00",DL,131,131,0,0,2.4580152671755724,0.0,9.923664122137405
"2025-03-03 14:00:00","2025-03-03 15:00:00",UA,120,120,0,0,4.241666666666666,0.0,12.5
"2025-03-03 14:00:00","2025-03-03 15:00:00",WN,215,212,3,0,20.12735849056604,1.3953488372093024,23.58490566037736
"2025-03-03 15:00:00","2025-03-03 16:00:00",AA,111,111,0,0,7.108108108108108,0.0,15.315315315315315
"2025-03-03 15:00:00","2025-03-03 16:00:00",DL,165,165,0,0,5.163636363636364,0.0,13.333333333333334
"2025-03-03 15:00:00","2025-03-03 16:00:00",UA,82,82,0,0,2.8658536585365852,0.0,10.975609756097562
"2025-03-03 15:00:00","2025-03-03 16:00:00",WN,198,195,3,0,20.23076923076923,1.5151515151515151,26.153846153846153
"2025-03-03 16:00:00","2025-03-03 17:00:00",AA,135,135,0,0,7.481481481481482,0.0,16.296296296296298
"2025-03-03 16:00:00","2025-03-03 17:00:00",DL,123,122,0,1,0.5365853658536586,0.0,7.317073170731708
"2025-03-03 16:00:00","2025-03-03 17:00:00",UA,135,135,0,0,1.4666666666666666,0.0,8.88888888888889
"2025-03-03 16:00:00","2025-03-03 17:00:00",WN,209,207,2,0,23.893719806763286,0.9569377990430622,27.053140096618357
"2025-03-03 17:00:00","2025-03-03 18:00:00",AA,152,152,0,0,1.7894736842105263,0.0,9.868421052631579
"2025-03-03 17:00:00","2025-03-03 18:00:00",DL,163,163,0,0,3.6012269938650308,0.0,9.815950920245399
"2025-03-03 17:00:00","2025-03-03 18:00:00",UA,131,131,0,0,6.763358778625954,0.0,16.03053435114504
"2025-03-03 17:00:00","2025-03-03 18:00:00",WN,208,208,0,0,16.76923076923077,0.0,28.846153846153847
"2025-03-03 18:00:00","2025-03-03 19:00:00",AA,142,142,0,0,9.943661971830986,0.0,21.12676056338028
"2025-03-03 18:00:00","2025-03-03 19:00:00",DL,152,152,0,0,2.723684210526316,0.0,12.5
"2025-03-03 18:00:00","2025-03-03 19:00:00",UA,150,150,0,0,4.473333333333334,0.0,12.666666666666666
"2025-03-03 18:00:00","2025-03-03 19:00:00",WN,214,214,0,0,17.22429906542056,0.0,26.16822429906542
"2025-03-03 19:00:00","2025-03-03 20:00:00",AA,122,121,0,1,7.950819672131147,0.0,21.311475409836067
"2025-03-03 19:00:00","2025-03-03 20:00:00",DL,155,155,0,0,-1.238709677419355,0.0,7.096774193548387
"2025-03-03 19:00:00","2025-03-03 20:00:00",UA,122,121,0,1,8.549180327868852,0.0,17.21311475409836
"2025-03-03 19:00:00","2025-03-03 20:00:00",WN,256,254,2,0,16.976377952755904,0.78125,25.984251968503937
"2025-03-03 20:00:00","2025-03-03 21:00:00",AA,102,102,0,0,9.049019607843137,0.0,20.58823529411765
"2025-03-03 20:00:00","2025-03-03 21:00:00",DL,88,88,0,0,-0.10227272727272728,0.0,5.681818181818182
"2025-03-03 20:00:00","2025-03-03 21:00:00",UA,71,71,0,0,5.225352112676056,0.0,22.535211267605632
"2025-03-03 20:00:00","2025-03-03 21:00:00",WN,168,168,0,0,16.208333333333332,0.0,28.571428571428573
"2025-03-03 21:00:00","2025-03-03 22:00:00",AA,80,80,0,0,4.75,0.0,13.75
"2025-03-03 21:00:00","2025-03-03 22:00:00",DL,93,93,0,0,3.6236559139784945,0.0,10.75268817204301
"2025-03-03 21:00:00","2025-03-03 22:00:00",UA,41,41,0,0,-1.3902439024390243,0.0,12.195121951219512
"2025-03-03 21:00:00","2025-03-03 22:00:00",WN,145,145,0,0,12.937931034482759,0.0,27.586206896551722
"2025-03-03 22:00:00","2025-03-03 23:00:00",AA,71,71,0,0,6.690140845070423,0.0,12.67605633802817
"2025-03-03 22:00:00","2025-03-03 23:00:00",DL,94,94,0,0,0.3404255319148936,0.0,8.51063829787234
"2025-03-03 22:00:00","2025-03-03 23:00:00",UA,33,33,0,0,-3.1818181818181817,0.0,3.0303030303030303
"2025-03-03 22:00:00","2025-03-03 23:00:00",WN,6,6,0,0,16.333333333333332,0.0,16.666666666666668
"2025-03-03 23:00:00","2025-03-04 00:00:00",AA,25,25,0,0,-4.88,0.0,4.0
"2025-03-03 23:00:00","2025-03-04 00:00:00",DL,25,24,1,0,-5.125,4.0,4.166666666666667
"2025-03-03 23:00:00","2025-03-04 00:00:00",UA,33,33,0,0,-3.696969696969697,0.0,9.090909090909092
"2025-03-03 23:00:00","2025-03-04 00:00:00",WN,2,2,0,0,3.0,0.0,0.0
"2025-03-04 00:00:00","2025-03-04 01:00:00",AA,9,9,0,0,-6.222222222222222,0.0,0.0
"2025-03-04 00:00:00","2025-03-04 01:00:00",DL,4,4,0,0,-10.5,0.0,0.0
"2025-03-04 00:00:00","2025-03-04 01:00:00",UA,3,3,0,0,-7.666666666666667,0.0,0.0
"2025-03-04 01:00:00","2025-03-04 02:00:00",DL,2,2,0,0,-6.5,0.0,0.0
"2025-03-04 01:00:00","2025-03-04 02:00:00",UA,1,1,0,0,-6.0,0.0,0.0
"2025-03-04 02:00:00","2025-03-04 03:00:00",UA,1,1,0,0,-9.0,0.0,0.0
"2025-03-04 05:00:00","2025-03-04 06:00:00",AA,77,74,3,0,-2.027027027027027,3.896103896103896,9.45945945945946
"2025-03-04 05:00:00","2025-03-04 06:00:00",DL,57,57,0,0,-5.9298245614035086,0.0,1.7543859649122806
"2025-03-04 05:00:00","2025-03-04 06:00:00",UA,26,26,0,0,1.9230769230769231,0.0,11.538461538461538
"2025-03-04 05:00:00","2025-03-04 06:00:00",WN,27,27,0,0,-3.7037037037037037,0.0,0.0
"2025-03-04 06:00:00","2025-03-04 07:00:00",AA,170,152,17,1,4.790849673202614,10.0,19.607843137254903
"2025-03-04 06:00:00","2025-03-04 07:00:00",DL,179,178,1,0,1.5898876404494382,0.5586592178770949,7.303370786516854
"2025-03-04 06:00:00","2025-03-04 07:00:00",UA,115,114,0,1,-5.878260869565217,0.0,2.608695652173913
"2025-03-04 06:00:00","2025-03-04 07:00:00",WN,207,203,4,0,9.083743842364532,1.932367149758454,10.344827586206897
"2025-03-04 07:00:00","2025-03-04 08:00:00",AA,167,155,10,2,0.10191082802547771,5.9880239520958085,12.738853503184714
"2025-03-04 07:00:00","2025-03-04 08:00:00",DL,225,225,0,0,-0.37777777777777777,0.0,4.0
"2025-03-04 07:00:00","2025-03-04 08:00:00",UA,171,170,1,0,-1.4588235294117646,0.5847953216374269,7.647058823529412
"2025-03-04 07:00:00","2025-03-04 08:00:00",WN,186,182,4,0,6.516483516483516,2.150537634408602,8.791208791208792
"2025-03-04 08:00:00","2025-03-04 09:00:00",AA,190,179,6,5,9.98913043478261,3.1578947368421053,19.02173913043478
"2025-03-04 08:00:00","2025-03-04 09:00:00",DL,170,170,0,0,-1.8352941176470587,0.0,4.117647058823529
"2025-03-04 08:00:00","2025-03-04 09:00:00",UA,180,179,1,0,-0.4692737430167598,0.5555555555555556,5.58659217877095
"2025-03-04 08:00:00","2025-03-04 09:00:00",WN,238,229,7,2,6.242424242424242,2.9411764705882355,6.926406926406926
"2025-03-04 09:00:00","2025-03-04 10:00:00",AA,120,114,1,5,9.084033613445378,0.8333333333333334,14.285714285714286
"2025-03-04 09:00:00","2025-03-04 10:00:00",DL,114,110,0,4,5.350877192982456,0.0,12.280701754385966
"2025-03-04 09:00:00","2025-03-04 10:00:00",UA,124,123,0,1,7.016129032258065,0.0,12.096774193548388
"2025-03-04 09:00:00","2025-03-04 10:00:00",WN,218,207,10,1,10.629807692307692,4.587155963302752,10.096153846153847
"2025-03-04 10:00:00","2025-03-04 11:00:00",AA,117,103,9,5,13.851851851851851,7.6923076923076925,24.074074074074073
"2025-03-04 10:00:00","2025-03-04 11:00:00",DL,149,146,0,3,2.8322147651006713,0.0,9.395973154362416
"2025-03-04 10:00:00","2025-03-04 11:00:00",UA,107,105,0,2,-1.5700934579439252,0.0,7.4766355140186915
"2025-03-04 10:00:00","2025-03-04 11:00:00",WN,176,171,5,0,9.865497076023392,2.840909090909091,12.280701754385966
"2025-03-04 11:00:00","2025-03-04 12:00:00",AA,147,131,5,11,15.394366197183098,3.401360544217687,22.535211267605632
"2025-03-04 11:00:00","2025-03-04 12:00:00",DL,178,177,0,1,0.5730337078651685,0.0,5.617977528089888
"2025-03-04 11:00:00","2025-03-04 12:00:00",UA,121,121,0,0,2.760330578512397,0.0,9.090909090909092
"2025-03-04 11:00:00","2025-03-04 12:00:00",WN,254,234,15,5,8.866108786610878,5.905511811023622,11.297071129707113
"2025-03-04 12:00:00","2025-03-04 13:00:00",AA,116,98,9,9,89.75700934579439,7.758620689655173,37.38317757009346
"2025-03-04 12:00:00","2025-03-04 13:00:00",DL,155,150,3,2,9.592105263157896,1.935483870967742,15.789473684210526
"2025-03-04 12:00:00","2025-03-04 13:00:00",UA,112,112,0,0,7.785714285714286,0.0,11.607142857142858
"2025-03-04 12:00:00","2025-03-04 13:00:00",WN,158,147,7,4,7.602649006622516,4.430379746835443,12.582781456953642
"2025-03-04 13:00:00","2025-03-04 14:00:00",AA,123,110,8,5,38.4,6.504065040650406,24.347826086956523
"2025-03-04 13:00:00","2025-03-04 14:00:00",DL,123,121,0,2,8.463414634146341,0.0,13.008130081300813
"2025-03-04 13:00:00","2025-03-04 14:00:00",UA,123,123,0,0,12.097560975609756,0.0,14.634146341463415
"2025-03-04 13:00:00","2025-03-04 14:00:00",WN,224,216,7,1,14.571428571428571,3.125,18.433179723502302
"2025-03-04 14:00:00","2025-03-04 15:00:00",AA,133,107,26,0,44.11214953271028,19.548872180451127,28.97196261682243
"2025-03-04 14:00:00","2025-03-04 15:00:00",DL,112,112,0,0,15.955357142857142,0.0,18.75
"2025-03-04 14:00:00","2025-03-04 15:00:00",UA,117,116,0,1,3.8974358974358974,0.0,8.547008547008547
"2025-03-04 14:00:00","2025-03-04 15:00:00",WN,204,198,5,1,23.79396984924623,2.450980392156863,22.613065326633166
"2025-03-04 15:00:00","2025-03-04 16:00:00",AA,112,91,21,0,88.81318681318682,18.75,37.362637362637365
"2025-03-04 15:00:00","2025-03-04 16:00:00",DL,165,162,2,1,12.39877300613497,1.2121212121212122,14.110429447852761
"2025-03-04 15:00:00","2025-03-04 16:00:00",UA,73,73,0,0,8.191780821917808,0.0,15.068493150684931
"2025-03-04 15:00:00","2025-03-04 16:00:00",WN,204,201,2,1,14.762376237623762,0.9803921568627451,20.792079207920793
"2025-03-04 16:00:00","2025-03-04 17:00:00",AA,131,107,24,0,55.42056074766355,18.3206106870229,30.8411214953271
"2025-03-04 16:00:00","2025-03-04 17:00:00",DL,114,113,1,0,14.584070796460177,0.8771929824561403,14.15929203539823
"2025-03-04 16:00:00","2025-03-04 17:00:00",UA,124,123,1,0,20.073170731707318,0.8064516129032258,13.821138211382113
"2025-03-04 16:00:00","2025-03-04 17:00:00",WN,198,195,3,0,12.405128205128205,1.5151515151515151,25.128205128205128
"2025-03-04 17:00:00","2025-03-04 18:00:00",AA,132,100,31,1,82.7128712871287,23.484848484848484,35.64356435643565
"2025-03-04 17:00:00","2025-03-04 18:00:00",DL,163,160,1,2,12.87037037037037,0.6134969325153374,16.049382716049383
"2025-03-04 17:00:00","2025-03-04 18:00:00",UA,130,129,1,0,18.46511627906977,0.7692307692307693,14.728682170542635
"2025-03-04 17:00:00","2025-03-04 18:00:00",WN,188,187,0,1,10.77127659574468,0.0,15.957446808510639
"2025-03-04 18:00:00","2025-03-04 19:00:00",AA,128,102,26,0,47.59803921568628,20.3125,29.41176470588235
"2025-03-04 18:00:00","2025-03-04 19:00:00",DL,122,121,1,0,35.256198347107436,0.819672131147541,23.96694214876033
"2025-03-04 18:00:00","2025-03-04 19:00:00",UA,118,117,1,0,13.504273504273504,0.847457627118644,18.803418803418804
"2025-03-04 18:00:00","2025-03-04 19:00:00",WN,232,226,5,1,16.409691629955947,2.1551724137931036,22.90748898678414
"2025-03-04 19:00:00","2025-03-04 20:00:00",AA,112,93,19,0,59.086021505376344,16.964285714285715,36.55913978494624
"2025-03-04 19:00:00","2025-03-04 20:00:00",DL,111,107,3,1,13.481481481481481,2.7027027027027026,23.14814814814815
"2025-03-04 19:00:00","2025-03-04 20:00:00",UA,111,109,2,0,27.68807339449541,1.8018018018018018,16.513761467889907
"2025-03-04 19:00:00","2025-03-04 20:00:00",WN,117,117,0,0,15.401709401709402,0.0,24.786324786324787
"2025-03-04 20:00:00","2025-03-04 21:00:00",AA,88,74,14,0,31.72972972972973,15.909090909090908,29.72972972972973
"2025-03-04 20:00:00","2025-03-04 21:00:00",DL,63,63,0,0,24.476190476190474,0.0,31.746031746031747
"2025-03-04 20:00:00","2025-03-04 21:00:00",UA,59,59,0,0,18.847457627118644,0.0,33.898305084745765
"2025-03-04 20:00:00","2025-03-04 21:00:00",WN,142,136,6,0,7.529411764705882,4.225352112676056,16.176470588235293
"2025-03-04 21:00:00","2025-03-04 22:00:00",AA,72,55,17,0,38.72727272727273,23.61111111111111,32.72727272727273
"2025-03-04 21:00:00","2025-03-04 22:00:00",DL,60,60,0,0,18.433333333333334,0.0,23.333333333333332
"2025-03-04 21:00:00","2025-03-04 22:00:00",UA,29,29,0,0,-4.862068965517241,0.0,0.0
"2025-03-04 21:00:00","2025-03-04 22:00:00",WN,14,14,0,0,19.357142857142858,0.0,21.428571428571427
"2025-03-04 22:00:00","2025-03-04 23:00:00",AA,46,46,0,0,24.391304347826086,0.0,21.73913043478261
"2025-03-04 22:00:00","2025-03-04 23:00:00",DL,73,72,0,1,24.684931506849313,0.0,15.068493150684931
"2025-03-04 22:00:00","2025-03-04 23:00:00",UA,21,21,0,0,-4.571428571428571,0.0,0.0
"2025-03-04 22:00:00","2025-03-04 23:00:00",WN,2,2,0,0,-5.0,0.0,0.0
"2025-03-04 23:00:00","2025-03-05 00:00:00",AA,20,20,0,0,-1.5,0.0,5.0
"2025-03-04 23:00:00","2025-03-05 00:00:00",DL,20,20,0,0,-5.35,0.0,0.0
"2025-03-04 23:00:00","2025-03-05 00:00:00",UA,25,25,0,0,2.96,0.0,12.0
"2025-03-04 23:00:00","2025-03-05 00:00:00",WN,2,2,0,0,0.5,0.0,0.0
"2025-03-05 00:00:00","2025-03-05 01:00:00",AA,9,9,0,0,4.0,0.0,22.22222222222222
"2025-03-05 00:00:00","2025-03-05 01:00:00",DL,2,2,0,0,-10.5,0.0,0.0
"2025-03-05 00:00:00","2025-03-05 01:00:00",UA,2,2,0,0,-4.5,0.0,0.0
"2025-03-05 01:00:00","2025-03-05 02:00:00",AA,1,1,0,0,-5.0,0.0,0.0
"2025-03-05 01:00:00","2025-03-05 02:00:00",DL,2,2,0,0,-3.0,0.0,0.0
"2025-03-05 01:00:00","2025-03-05 02:00:00",UA,1,1,0,0,1.0,0.0,0.0
"2025-03-05 02:00:00","2025-03-05 03:00:00",UA,1,1,0,0,-13.0,0.0,0.0
"2025-03-05 05:00:00","2025-03-05 06:00:00",AA,77,64,13,0,54.078125,16.883116883116884,18.75
"2025-03-05 05:00:00","2025-03-05 06:00:00",DL,59,59,0,0,27.1864406779661,0.0,15.254237288135593
"2025-03-05 05:00:00","2025-03-05 06:00:00",UA,28,27,1,0,2.259259259259259,3.5714285714285716,14.814814814814815
"2025-03-05 05:00:00","2025-03-05 06:00:00",WN,23,23,0,0,-3.0869565217391304,0.0,4.3478260869565215
"2025-03-05 06:00:00","2025-03-05 07:00:00",AA,167,138,26,3,26.141843971631207,15.568862275449101,14.184397163120567
"2025-03-05 06:00:00","2025-03-05 07:00:00",DL,170,169,0,1,13.129411764705882,0.0,12.941176470588236
"2025-03-05 06:00:00","2025-03-05 07:00:00",UA,120,120,0,0,10.366666666666667,0.0,8.333333333333334
"2025-03-05 06:00:00","2025-03-05 07:00:00",WN,199,187,9,3,1.1263157894736842,4.522613065326633,5.7894736842105265
"2025-03-05 07:00:00","2025-03-05 08:00:00",AA,164,153,11,0,10.30718954248366,6.7073170731707314,15.686274509803921
"2025-03-05 07:00:00","2025-03-05 08:00:00",DL,218,216,2,0,9.75925925925926,0.9174311926605505,12.5
"2025-03-05 07:00:00","2025-03-05 08:00:00",UA,168,167,1,0,-2.4910179640718564,0.5952380952380952,5.9880239520958085
"2025-03-05 07:00:00","2025-03-05 08:00:00",WN,180,179,1,0,5.860335195530726,0.5555555555555556,6.145251396648045
"2025-03-05 08:00:00","2025-03-05 09:00:00",AA,183,166,15,2,10.773809523809524,8.19672131147541,15.476190476190476
"2025-03-05 08:00:00","2025-03-05 09:00:00",DL,161,161,0,0,20.347826086956523,0.0,18.012422360248447
"2025-03-05 08:00:00","2025-03-05 09:00:00",UA,175,171,4,0,1.1754385964912282,2.2857142857142856,9.941520467836257
"2025-03-05 08:00:00","2025-03-05 09:00:00",WN,226,209,12,5,3.364485981308411,5.3097345132743365,7.94392523364486
"2025-03-05 09:00:00","2025-03-05 10:00:00",AA,131,115,15,1,8.793103448275861,11.450381679389313,20.689655172413794
"2025-03-05 09:00:00","2025-03-05 10:00:00",DL,124,122,2,0,15.836065573770492,1.6129032258064515,22.950819672131146
"2025-03-05 09:00:00","2025-03-05 10:00:00",UA,136,133,3,0,-0.12030075187969924,2.2058823529411766,6.015037593984962
"2025-03-05 09:00:00","2025-03-05 10:00:00",WN,235,227,5,3,4.730434782608696,2.127659574468085,9.565217391304348
"2025-03-05 10:00:00","2025-03-05 11:00:00",AA,124,120,3,1,14.0,2.4193548387096775,22.31404958677686
"2025-03-05 10:00:00","2025-03-05 11:00:00",DL,148,147,0,1,16.41891891891892,0.0,24.324324324324323
"2025-03-05 10:00:00","2025-03-05 11:00:00",UA,116,115,0,1,5.008620689655173,0.0,16.379310344827587
"2025-03-05 10:00:00","2025-03-05 11:00:00",WN,185,182,3,0,4.313186813186813,1.6216216216216217,14.835164835164836
"2025-03-05 11:00:00","2025-03-05 12:00:00",AA,144,140,3,1,8.446808510638299,2.0833333333333335,18.43971631205674
"2025-03-05 11:00:00","2025-03-05 12:00:00",DL,176,173,0,3,23.232954545454547,0.0,25.568181818181817
"2025-03-05 11:00:00","2025-03-05 12:00:00",UA,117,115,2,0,3.739130434782609,1.7094017094017093,12.173913043478262
"2025-03-05 11:00:00","2025-03-05 12:00:00",WN,247,235,12,0,9.719148936170212,4.8582995951417,17.4468085106383
"2025-03-05 12:00:00","2025-03-05 13:00:00",AA,105,102,3,0,13.362745098039216,2.857142857142857,25.49019607843137
"2025-03-05 12:00:00","2025-03-05 13:00:00",DL,151,150,1,0,25.326666666666668,0.6622516556291391,31.333333333333332
"2025-03-05 12:00:00","2025-03-05 13:00:00",UA,112,111,1,0,3.7567567567567566,0.8928571428571429,9.90990990990991
"2025-03-05 12:00:00","2025-03-05 13:00:00",WN,167,161,4,2,6.245398773006135,2.395209580838323,14.723926380368098
"2025-03-05 13:00:00","2025-03-05 14:00:00",AA,132,130,1,1,17.923664122137403,0.7575757575757576,25.954198473282442
"2025-03-05 13:00:00","2025-03-05 14:00:00",DL,131,130,0,1,21.34351145038168,0.0,31.297709923664122
"2025-03-05 13:00:00","2025-03-05 14:00:00",UA,138,136,1,1,5.766423357664234,0.7246376811594203,12.408759124087592
"2025-03-05 13:00:00","2025-03-05 14:00:00",WN,229,222,4,3,12.942222222222222,1.7467248908296944,24.88888888888889
"2025-03-05 14:00:00","2025-03-05 15:00:00",AA,133,128,3,2,15.838461538461539,2.255639097744361,25.384615384615383
"2025-03-05 14:00:00","2025-03-05 15:00:00",DL,114,113,0,1,23.412280701754387,0.0,36.8421052631579
"2025-03-05 14:00:00","2025-03-05 15:00:00",UA,119,119,0,0,9.07563025210084,0.0,18.48739495798319
"2025-03-05 14:00:00","2025-03-05 15:00:00",WN,195,193,1,1,10.84020618556701,0.5128205128205128,20.103092783505154
"2025-03-05 15:00:00","2025-03-05 16:00:00",AA,103,101,2,0,25.287128712871286,1.941747572815534,35.64356435643565
"2025-03-05 15:00:00","2025-03-05 16:00:00",DL,164,163,0,1,36.0,0.0,40.853658536585364
"2025-03-05 15:00:00","2025-03-05 16:00:00",UA,78,78,0,0,13.538461538461538,0.0,21.794871794871796
"2025-03-05 15:00:00","2025-03-05 16:00:00",WN,200,195,5,0,10.8,2.5,23.58974358974359
"2025-03-05 16:00:00","2025-03-05 17:00:00",AA,139,139,0,0,18.928057553956833,0.0,26.618705035971225
"2025-03-05 16:00:00","2025-03-05 17:00:00",DL,119,117,1,1,26.296610169491526,0.8403361344537815,35.59322033898305
"2025-03-05 16:00:00","2025-03-05 17:00:00",UA,134,134,0,0,14.41044776119403,0.0,20.895522388059703
"2025-03-05 16:00:00","2025-03-05 17:00:00",WN,205,198,5,2,19.055,2.4390243902439024,31.0
"2025-03-05 17:00:00","2025-03-05 18:00:00",AA,141,140,1,0,23.914285714285715,0.7092198581560284,34.285714285714285
"2025-03-05 17:00:00","2025-03-05 18:00:00",DL,161,159,2,0,29.59748427672956,1.2422360248447204,33.9622641509434
"2025-03-05 17:00:00","2025-03-05 18:00:00",UA,127,124,3,0,14.048387096774194,2.3622047244094486,21.774193548387096
"2025-03-05 17:00:00","2025-03-05 18:00:00",WN,192,191,0,1,12.130208333333334,0.0,24.479166666666668
"2025-03-05 18:00:00","2025-03-05 19:00:00",AA,134,134,0,0,26.634328358208954,0.0,34.32835820895522
"2025-03-05 18:00:00","2025-03-05 19:00:00",DL,131,131,0,0,26.870229007633586,0.0,44.274809160305345
"2025-03-05 18:00:00","2025-03-05 19:00:00",UA,128,127,1,0,15.354330708661417,0.78125,26.771653543307085
"2025-03-05 18:00:00","2025-03-05 19:00:00",WN,248,245,3,0,17.379591836734694,1.2096774193548387,35.10204081632653
"2025-03-05 19:00:00","2025-03-05 20:00:00",AA,123,122,0,1,24.8130081300813,0.0,33.333333333333336
"2025-03-05 19:00:00","2025-03-05 20:00:00",DL,114,113,0,1,40.39473684210526,0.0,52.63157894736842
"2025-03-05 19:00:00","2025-03-05 20:00:00",UA,117,116,1,0,18.68103448275862,0.8547008547008547,25.862068965517242
"2025-03-05 19:00:00","2025-03-05 20:00:00",WN,115,112,0,3,15.31304347826087,0.0,29.565217391304348
"2025-03-05 20:00:00","2025-03-05 21:00:00",AA,105,103,2,0,14.310679611650485,1.9047619047619047,30.097087378640776
"2025-03-05 20:00:00","2025-03-05 21:00:00",DL,65,64,0,1,38.07692307692308,0.0,49.23076923076923
"2025-03-05 20:00:00","2025-03-05 21:00:00",UA,71,70,1,0,15.857142857142858,1.408450704225352,22.857142857142858
"2025-03-05 20:00:00","2025-03-05 21:00:00",WN,140,140,0,0,14.842857142857143,0.0,32.857142857142854
"2025-03-05 21:00:00","2025-03-05 22:00:00",AA,78,77,1,0,11.714285714285714,1.2820512820512822,18.181818181818183
"2025-03-05 21:00:00","2025-03-05 22:00:00",DL,60,59,1,0,18.406779661016948,1.6666666666666667,35.59322033898305
"2025-03-05 21:00:00","2025-03-05 22:00:00",UA,33,33,0,0,20.939393939393938,0.0,24.242424242424242
"2025-03-05 21:00:00","2025-03-05 22:00:00",WN,16,16,0,0,18.0,0.0,31.25
"2025-03-05 22:00:00","2025-03-05 23:00:00",AA,58,58,0,0,2.5344827586206895,0.0,10.344827586206897
"2025-03-05 22:00:00","2025-03-05 23:00:00",DL,68,68,0,0,12.676470588235293,0.0,14.705882352941176
"2025-03-05 22:00:00","2025-03-05 23:00:00",UA,30,30,0,0,-0.6333333333333333,0.0,6.666666666666667
"2025-03-05 22:00:00","2025-03-05 23:00:00",WN,2,2,0,0,4.5,0.0,50.0
"2025-03-05 23:00:00","2025-03-06 00:00:00",AA,23,23,0,0,5.608695652173913,0.0,17.391304347826086
"2025-03-05 23:00:00","2025-03-06 00:00:00",DL,20,20,0,0,3.55,0.0,15.0
"2025-03-05 23:00:00","2025-03-06 00:00:00",UA,37,37,0,0,-4.702702702702703,0.0,8.108108108108109
"2025-03-05 23:00:00","2025-03-06 00:00:00",WN,2,2,0,0,-6.5,0.0,0.0
"2025-03-06 00:00:00","2025-03-06 01:00:00",AA,9,9,0,0,49.44444444444444,0.0,11.11111111111111
"2025-03-06 00:00:00","2025-03-06 01:00:00",DL,1,1,0,0,19.0,0.0,100.0
"2025-03-06 00:00:00","2025-03-06 01:00:00",UA,5,5,0,0,-7.8,0.0,0.0
"2025-03-06 01:00:00","2025-03-06 02:00:00",AA,1,1,0,0,-8.0,0.0,0.0
"2025-03-06 01:00:00","2025-03-06 02:00:00",DL,2,2,0,0,-11.5,0.0,0.0
"2025-03-06 01:00:00","2025-03-06 02:00:00",UA,2,2,0,0,48.5,0.0,50.0
"2025-03-06 02:00:00","2025-03-06 03:00:00",UA,1,1,0,0,-9.0,0.0,0.0
"2025-03-06 05:00:00","2025-03-06 06:00:00",AA,100,99,1,0,6.151515151515151,1.0,7.070707070707071
"2025-03-06 05:00:00","2025-03-06 06:00:00",DL,60,60,0,0,-1.3166666666666667,0.0,6.666666666666667
"2025-03-06 05:00:00","2025-03-06 06:00:00",UA,36,35,1,0,6.285714285714286,2.7777777777777777,5.714285714285714
"2025-03-06 05:00:00","2025-03-06 06:00:00",WN,156,156,0,0,0.44871794871794873,0.0,3.8461538461538463
"2025-03-06 06:00:00","2025-03-06 07:00:00",AA,182,181,1,0,4.475138121546961,0.5494505494505495,7.18232044198895
"2025-03-06 06:00:00","2025-03-06 07:00:00",DL,179,178,1,0,4.831460674157303,0.5586592178770949,10.674157303370787
"2025-03-06 06:00:00","2025-03-06 07:00:00",UA,136,136,0,0,-1.9485294117647058,0.0,2.2058823529411766
"2025-03-06 06:00:00","2025-03-06 07:00:00",WN,288,288,0,0,-0.0763888888888889,0.0,6.597222222222222
"2025-03-06 07:00:00","2025-03-06 08:00:00",AA,188,187,1,0,2.6042780748663104,0.5319148936170213,5.882352941176471
"2025-03-06 07:00:00","2025-03-06 08:00:00",DL,217,217,0,0,7.0691244239631335,0.0,10.138248847926267
"2025-03-06 07:00:00","2025-03-06 08:00:00",UA,180,180,0,0,-3.6055555555555556,0.0,3.888888888888889
"2025-03-06 07:00:00","2025-03-06 08:00:00",WN,212,212,0,0,0.7688679245283019,0.0,7.0754716981132075
"2025-03-06 08:00:00","2025-03-06 09:00:00",AA,180,179,0,1,3.1666666666666665,0.0,7.777777777777778
"2025-03-06 08:00:00","2025-03-06 09:00:00",DL,160,160,0,0,4.06875,0.0,12.5
"2025-03-06 08:00:00","2025-03-06 09:00:00",UA,164,164,0,0,0.9024390243902439,0.0,9.146341463414634
"2025-03-06 08:00:00","2025-03-06 09:00:00",WN,232,232,0,0,2.2413793103448274,0.0,9.482758620689655
"2025-03-06 09:00:00","2025-03-06 10:00:00",AA,118,118,0,0,7.008474576271187,0.0,11.016949152542374
"2025-03-06 09:00:00","2025-03-06 10:00:00",DL,110,110,0,0,3.1545454545454548,0.0,10.0
"2025-03-06 09:00:00","2025-03-06 10:00:00",UA,112,112,0,0,-1.6517857142857142,0.0,5.357142857142857
"2025-03-06 09:00:00","2025-03-06 10:00:00",WN,221,220,0,1,3.4434389140271495,0.0,10.407239819004525
"2025-03-06 10:00:00","2025-03-06 11:00:00",AA,131,131,0,0,8.48091603053435,0.0,12.977099236641221
"2025-03-06 10:00:00","2025-03-06 11:00:00",DL,152,150,1,1,1.2119205298013245,0.6578947368421053,9.933774834437086
"2025-03-06 10:00:00","2025-03-06 11:00:00",UA,118,118,0,0,8.228813559322035,0.0,13.559322033898304
"2025-03-06 10:00:00","2025-03-06 11:00:00",WN,228,228,0,0,2.824561403508772,0.0,11.403508771929825
"2025-03-06 11:00:00","2025-03-06 12:00:00",AA,147,147,0,0,13.142857142857142,0.0,10.884353741496598
"2025-03-06 11:00:00","2025-03-06 12:00:00",DL,175,175,0,0,3.32,0.0,10.285714285714286
"2025-03-06 11:00:00","2025-03-06 12:00:00",UA,116,116,0,0,2.1982758620689653,0.0,10.344827586206897
"2025-03-06 11:00:00","2025-03-06 12:00:00",WN,206,205,1,0,5.204878048780488,0.4854368932038835,17.073170731707318
"2025-03-06 12:00:00","2025-03-06 13:00:00",AA,132,132,0,0,10.393939393939394,0.0,17.424242424242426
"2025-03-06 12:00:00","2025-03-06 13:00:00",DL,160,160,0,0,4.225,0.0,16.25
"2025-03-06 12:00:00","2025-03-06 13:00:00",UA,124,123,0,1,1.2983870967741935,0.0,8.064516129032258
"2025-03-06 12:00:00","2025-03-06 13:00:00",WN,210,210,0,0,6.833333333333333,0.0,18.095238095238095
"2025-03-06 13:00:00","2025-03-06 14:00:00",AA,134,133,0,1,4.425373134328358,0.0,12.686567164179104
"2025-03-06 13:00:00","2025-03-06 14:00:00",DL,133,133,0,0,3.172932330827068,0.0,14.285714285714286
"2025-03-06 13:00:00","2025-03-06 14:00:00",UA,126,125,1,0,2.832,0.7936507936507936,12.8
"2025-03-06 13:00:00","2025-03-06 14:00:00",WN,227,222,5,0,13.617117117117116,2.202643171806167,25.675675675675677
"2025-03-06 14:00:00","2025-03-06 15:00:00",AA,149,149,0,0,4.724832214765101,0.0,15.436241610738255
"2025-03-06 14:00:00","2025-03-06 15:00:00",DL,133,132,0,1,8.74436090225564,0.0,14.285714285714286
"2025-03-06 14:00:00","2025-03-06 15:00:00",UA,123,122,0,1,4.699186991869919,0.0,10.56910569105691
"2025-03-06 14:00:00","2025-03-06 15:00:00",WN,246,242,2,2,11.676229508196721,0.8130081300813008,29.098360655737704
"2025-03-06 15:00:00","2025-03-06 16:00:00",AA,98,97,1,0,11.422680412371134,1.0204081632653061,17.52577319587629
"2025-03-06 15:00:00","2025-03-06 16:00:00",DL,154,154,0,0,7.038961038961039,0.0,20.12987012987013
"2025-03-06 15:00:00","2025-03-06 16:00:00",UA,78,76,2,0,6.947368421052632,2.5641025641025643,13.157894736842104
"2025-03-06 15:00:00","2025-03-06 16:00:00",WN,185,183,2,0,11.114754098360656,1.0810810810810811,28.961748633879782
"2025-03-06 16:00:00","2025-03-06 17:00:00",AA,156,153,0,3,12.346153846153847,0.0,18.58974358974359
"2025-03-06 16:00:00","2025-03-06 17:00:00",DL,136,135,0,1,11.066176470588236,0.0,23.529411764705884
"2025-03-06 16:00:00","2025-03-06 17:00:00",UA,138,138,0,0,6.579710144927536,0.0,10.144927536231885
"2025-03-06 16:00:00","2025-03-06 17:00:00",WN,225,219,4,2,12.506787330316742,1.7777777777777777,30.76923076923077
"2025-03-06 17:00:00","2025-03-06 18:00:00",AA,152,150,1,1,16.99337748344371,0.6578947368421053,20.52980132450331
"2025-03-06 17:00:00","2025-03-06 18:00:00",DL,173,171,0,2,4.682080924855492,0.0,11.560693641618498
"2025-03-06 17:00:00","2025-03-06 18:00:00",UA,144,144,0,0,7.381944444444445,0.0,12.5
"2025-03-06 17:00:00","2025-03-06 18:00:00",WN,247,244,1,2,14.43089430894309,0.4048582995951417,32.113821138211385
"2025-03-06 18:00:00","2025-03-06 19:00:00",AA,160,159,0,1,11.31875,0.0,18.125
"2025-03-06 18:00:00","2025-03-06 19:00:00",DL,137,136,0,1,3.875912408759124,0.0,14.598540145985401
"2025-03-06 18:00:00","2025-03-06 19:00:00",UA,140,140,0,0,5.521428571428571,0.0,13.571428571428571
"2025-03-06 18:00:00","2025-03-06 19:00:00",WN,226,220,3,3,15.825112107623319,1.3274336283185841,33.18385650224215
"2025-03-06 19:00:00","2025-03-06 20:00:00",AA,159,159,0,0,19.20125786163522,0.0,30.81761006289308
"2025-03-06 19:00:00","2025-03-06 20:00:00",DL,161,160,0,1,8.763975155279503,0.0,22.981366459627328
"2025-03-06 19:00:00","2025-03-06 20:00:00",UA,128,127,1,0,5.188976377952756,0.78125,12.598425196850394
"2025-03-06 19:00:00","2025-03-06 20:00:00",WN,211,203,4,4,15.714975845410628,1.8957345971563981,33.333333333333336
"2025-03-06 20:00:00","2025-03-06 21:00:00",AA,108,108,0,0,3.7962962962962963,0.0,15.74074074074074
"2025-03-06 20:00:00","2025-03-06 21:00:00",DL,92,92,0,0,8.673913043478262,0.0,22.82608695652174
"2025-03-06 20:00:00","2025-03-06 21:00:00",UA,99,99,0,0,13.383838383838384,0.0,22.22222222222222
"2025-03-06 20:00:00","2025-03-06 21:00:00",WN,249,248,1,0,16.088709677419356,0.40160642570281124,30.64516129032258
"2025-03-06 21:00:00","2025-03-06 22:00:00",AA,91,91,0,0,21.0989010989011,0.0,34.065934065934066
"2025-03-06 21:00:00","2025-03-06 22:00:00",DL,89,89,0,0,8.348314606741573,0.0,22.471910112359552
"2025-03-06 21:00:00","2025-03-06 22:00:00",UA,58,57,0,1,8.241379310344827,0.0,18.96551724137931
"2025-03-06 21:00:00","2025-03-06 22:00:00",WN,152,148,4,0,22.013513513513512,2.6315789473684212,33.78378378378378
"2025-03-06 22:00:00","2025-03-06 23:00:00",AA,88,88,0,0,24.056818181818183,0.0,20.454545454545453
"2025-03-06 22:00:00","2025-03-06 23:00:00",DL,69,69,0,0,25.0,0.0,20.28985507246377
"2025-03-06 22:00:00","2025-03-06 23:00:00",UA,28,28,0,0,6.571428571428571,0.0,17.857142857142858
"2025-03-06 22:00:00","2025-03-06 23:00:00",WN,127,124,3,0,12.629032258064516,2.3622047244094486,29.032258064516128
"2025-03-06 23:00:00","2025-03-07 00:00:00",AA,30,30,0,0,5.166666666666667,0.0,23.333333333333332
"2025-03-06 23:00:00","2025-03-07 00:00:00",DL,26,26,0,0,8.26923076923077,0.0,23.076923076923077
"2025-03-06 23:00:00","2025-03-07 00:00:00",UA,39,38,1,0,-0.6842105263157895,2.5641025641025643,10.526315789473685
"2025-03-06 23:00:00","2025-03-07 00:00:00",WN,17,16,1,0,14.375,5.882352941176471,31.25
"2025-03-07 00:00:00","2025-03-07 01:00:00",AA,14,14,0,0,-2.5714285714285716,0.0,7.142857142857143
"2025-03-07 00:00:00","2025-03-07 01:00:00",DL,4,4,0,0,-11.25,0.0,0.0
"2025-03-07 00:00:00","2025-03-07 01:00:00",UA,9,9,0,0,10.0,0.0,11.11111111111111
"2025-03-07 01:00:00","2025-03-07 02:00:00",AA,1,1,0,0,1.0,0.0,0.0
"2025-03-07 01:00:00","2025-03-07 02:00:00",DL,2,2,0,0,-9.5,0.0,0.0
"2025-03-07 01:00:00","2025-03-07 02:00:00",UA,2,2,0,0,16.5,0.0,50.0
"2025-03-07 02:00:00","2025-03-07 03:00:00",UA,1,1,0,0,-9.0,0.0,0.0
"2025-03-07 05:00:00","2025-03-07 06:00:00",AA,106,106,0,0,4.4245283018867925,0.0,6.60377358490566
"2025-03-07 05:00:00","2025-03-07 06:00:00",DL,57,57,0,0,-3.0350877192982457,0.0,5.2631578947368425
"2025-03-07 05:00:00","2025-03-07 06:00:00",UA,38,38,0,0,4.368421052631579,0.0,10.526315789473685
"2025-03-07 05:00:00","2025-03-07 06:00:00",WN,164,163,1,0,-2.5337423312883436,0.6097560975609756,1.8404907975460123
"2025-03-07 06:00:00","2025-03-07 07:00:00",AA,171,170,0,1,2.6198830409356724,0.0,9.35672514619883
"2025-03-07 06:00:00","2025-03-07 07:00:00",DL,180,180,0,0,-0.8777777777777778,0.0,5.555555555555555
"2025-03-07 06:00:00","2025-03-07 07:00:00",UA,141,141,0,0,-3.4468085106382977,0.0,3.5460992907801416
"2025-03-07 06:00:00","2025-03-07 07:00:00",WN,291,289,2,0,1.1176470588235294,0.6872852233676976,6.228373702422146
"2025-03-07 07:00:00","2025-03-07 08:00:00",AA,202,201,1,0,3.7860696517412937,0.49504950495049505,11.442786069651742
"2025-03-07 07:00:00","2025-03-07 08:00:00",DL,222,222,0,0,-0.7747747747747747,0.0,5.8558558558558556
"2025-03-07 07:00:00","2025-03-07 08:00:00",UA,192,192,0,0,-3.2864583333333335,0.0,4.6875
"2025-03-07 07:00:00","2025-03-07 08:00:00",WN,213,213,0,0,0.20657276995305165,0.0,5.633802816901408
"2025-03-07 08:00:00","2025-03-07 09:00:00",AA,181,181,0,0,3.287292817679558,0.0,11.602209944751381
"2025-03-07 08:00:00","2025-03-07 09:00:00",DL,162,162,0,0,0.6358024691358025,0.0,8.024691358024691
"2025-03-07 08:00:00","2025-03-07 09:00:00",UA,165,165,0,0,3.5393939393939395,0.0,11.515151515151516
"2025-03-07 08:00:00","2025-03-07 09:00:00",WN,232,230,1,1,5.48051948051948,0.43103448275862066,14.285714285714286
"2025-03-07 09:00:00","2025-03-07 10:00:00",AA,127,126,1,0,14.603174603174603,0.7874015748031497,17.46031746031746
"2025-03-07 09:00:00","2025-03-07 10:00:00",DL,115,115,0,0,-1.1652173913043478,0.0,6.956521739130435
"2025-03-07 09:00:00","2025-03-07 10:00:00",UA,126,126,0,0,3.388888888888889,0.0,11.904761904761905
"2025-03-07 09:00:00","2025-03-07 10:00:00",WN,246,244,2,0,7.545081967213115,0.8130081300813008,18.0327868852459
"2025-03-07 10:00:00","2025-03-07 11:00:00",AA,126,126,0,0,5.579365079365079,0.0,12.698412698412698
"2025-03-07 10:00:00","2025-03-07 11:00:00",DL,147,147,0,0,4.687074829931973,0.0,14.285714285714286
"2025-03-07 10:00:00","2025-03-07 11:00:00",UA,107,107,0,0,5.308411214953271,0.0,13.08411214953271
"2025-03-07 10:00:00","2025-03-07 11:00:00",WN,209,207,1,1,8.413461538461538,0.4784688995215311,19.71153846153846
"2025-03-07 11:00:00","2025-03-07 12:00:00",AA,145,145,0,0,3.0482758620689654,0.0,14.482758620689655
"2025-03-07 11:00:00","2025-03-07 12:00:00",DL,168,167,0,1,3.3392857142857144,0.0,10.714285714285714
"2025-03-07 11:00:00","2025-03-07 12:00:00",UA,112,112,0,0,7.321428571428571,0.0,16.964285714285715
"2025-03-07 11:00:00","2025-03-07 12:00:00",WN,220,218,2,0,11.302752293577981,0.9090909090909091,24.31192660550459
"2025-03-07 12:00:00","2025-03-07 13:00:00",AA,144,143,1,0,14.482517482517483,0.6944444444444444,25.874125874125873
"2025-03-07 12:00:00","2025-03-07 13:00:00",DL,173,171,0,2,3.479768786127168,0.0,16.76300578034682
"2025-03-07 12:00:00","2025-03-07 13:00:00",UA,126,125,1,0,1.232,0.7936507936507936,10.4
"2025-03-07 12:00:00","2025-03-07 13:00:00",WN,220,218,1,1,15.73972602739726,0.45454545454545453,28.767123287671232
"2025-03-07 13:00:00","2025-03-07 14:00:00",AA,114,114,0,0,7.140350877192983,0.0,20.17543859649123
"2025-03-07 13:00:00","2025-03-07 14:00:00",DL,128,128,0,0,6.6796875,0.0,12.5
"2025-03-07 13:00:00","2025-03-07 14:00:00",UA,104,104,0,0,6.221153846153846,0.0,13.461538461538462
"2025-03-07 13:00:00","2025-03-07 14:00:00",WN,200,198,0,2,17.84,0.0,35.0
"2025-03-07 14:00:00","2025-03-07 15:00:00",AA,150,149,0,1,8.186666666666667,0.0,21.333333333333332
"2025-03-07 14:00:00","2025-03-07 15:00:00",DL,128,128,0,0,6.3984375,0.0,14.0625
"2025-03-07 14:00:00","2025-03-07 15:00:00",UA,132,132,0,0,13.083333333333334,0.0,27.272727272727273
"2025-03-07 14:00:00","2025-03-07 15:00:00",WN,248,246,2,0,19.552845528455286,0.8064516129032258,34.959349593495936
"2025-03-07 15:00:00","2025-03-07 16:00:00",AA,104,103,0,1,25.91346153846154,0.0,24.03846153846154
"2025-03-07 15:00:00","2025-03-07 16:00:00",DL,165,165,0,0,8.975757575757576,0.0,20.0
"2025-03-07 15:00:00","2025-03-07 16:00:00",UA,82,82,0,0,10.085365853658537,0.0,24.390243902439025
"2025-03-07 15:00:00","2025-03-07 16:00:00",WN,196,196,0,0,24.739795918367346,0.0,40.816326530612244
"2025-03-07 16:00:00","2025-03-07 17:00:00",AA,130,130,0,0,16.83076923076923,0.0,26.923076923076923
"2025-03-07 16:00:00","2025-03-07 17:00:00",DL,123,123,0,0,7.097560975609756,0.0,20.32520325203252
"2025-03-07 16:00:00","2025-03-07 17:00:00",UA,126,126,0,0,11.658730158730158,0.0,19.841269841269842
"2025-03-07 16:00:00","2025-03-07 17:00:00",WN,204,203,1,0,25.665024630541872,0.49019607843137253,40.88669950738916
"2025-03-07 17:00:00","2025-03-07 18:00:00",AA,140,140,0,0,11.942857142857143,0.0,16.428571428571427
"2025-03-07 17:00:00","2025-03-07 18:00:00",DL,161,161,0,0,6.024844720496894,0.0,16.149068322981368
"2025-03-07 17:00:00","2025-03-07 18:00:00",UA,130,130,0,0,12.3,0.0,26.153846153846153
"2025-03-07 17:00:00","2025-03-07 18:00:00",WN,232,231,1,0,24.662337662337663,0.43103448275862066,40.25974025974026
"2025-03-07 18:00:00","2025-03-07 19:00:00",AA,155,155,0,0,20.46451612903226,0.0,33.54838709677419
"2025-03-07 18:00:00","2025-03-07 19:00:00",DL,138,138,0,0,21.985507246376812,0.0,25.36231884057971
"2025-03-07 18:00:00","2025-03-07 19:00:00",UA,141,141,0,0,13.333333333333334,0.0,25.53191489361702
"2025-03-07 18:00:00","2025-03-07 19:00:00",WN,220,219,1,0,22.59360730593607,0.45454545454545453,38.35616438356164
"2025-03-07 19:00:00","2025-03-07 20:00:00",AA,155,155,0,0,16.051612903225806,0.0,29.677419354838708
"2025-03-07 19:00:00","2025-03-07 20:00:00",DL,154,154,0,0,9.474025974025974,0.0,21.428571428571427
"2025-03-07 19:00:00","2025-03-07 20:00:00",UA,125,125,0,0,7.048,0.0,18.4
"2025-03-07 19:00:00","2025-03-07 20:00:00",WN,212,212,0,0,22.22641509433962,0.0,40.56603773584906
"2025-03-07 20:00:00","2025-03-07 21:00:00",AA,114,114,0,0,16.473684210526315,0.0,22.80701754385965
"2025-03-07 20:00:00","2025-03-07 21:00:00",DL,94,94,0,0,10.585106382978724,0.0,26.595744680851062
"2025-03-07 20:00:00","2025-03-07 21:00:00",UA,96,96,0,0,11.5,0.0,29.166666666666668
"2025-03-07 20:00:00","2025-03-07 21:00:00",WN,265,265,0,0,21.150943396226417,0.0,41.132075471698116
"2025-03-07 21:00:00","2025-03-07 22:00:00",AA,91,91,0,0,21.681318681318682,0.0,24.175824175824175
"2025-03-07 21:00:00","2025-03-07 22:00:00",DL,83,83,0,0,1.7469879518072289,0.0,10.843373493975903
"2025-03-07 21:00:00","2025-03-07 22:00:00",UA,57,57,0,0,9.421052631578947,0.0,28.07017543859649
"2025-03-07 21:00:00","2025-03-07 22:00:00",WN,156,156,0,0,18.083333333333332,0.0,37.82051282051282
"2025-03-07 22:00:00","2025-03-07 23:00:00",AA,98,98,0,0,17.581632653061224,0.0,29.591836734693878
"2025-03-07 22:00:00","2025-03-07 23:00:00",DL,87,87,0,0,1.206896551724138,0.0,12.64367816091954
"2025-03-07 22:00:00","2025-03-07 23:00:00",UA,33,33,0,0,4.515151515151516,0.0,21.21212121212121
"2025-03-07 22:00:00","2025-03-07 23:00:00",WN,136,136,0,0,18.022058823529413,0.0,33.8235294117647
"2025-03-07 23:00:00","2025-03-08 00:00:00",AA,27,27,0,0,4.925925925925926,0.0,11.11111111111111
"2025-03-07 23:00:00","2025-03-08 00:00:00",DL,23,23,0,0,-0.13043478260869565,0.0,8.695652173913043
"2025-03-07 23:00:00","2025-03-08 00:00:00",UA,36,36,0,0,-1.9444444444444444,0.0,8.333333333333334
"2025-03-07 23:00:00","2025-03-08 00:00:00",WN,17,17,0,0,9.588235294117647,0.0,23.529411764705884
"2025-03-08 00:00:00","2025-03-08 01:00:00",AA,14,14,0,0,-6.214285714285714,0.0,0.0
"2025-03-08 00:00:00","2025-03-08 01:00:00",DL,3,3,0,0,-10.0,0.0,0.0
"2025-03-08 00:00:00","2025-03-08 01:00:00",UA,8,8,0,0,-1.75,0.0,0.0
"2025-03-08 01:00:00","2025-03-08 02:00:00",AA,1,1,0,0,3.0,0.0,0.0
"2025-03-08 01:00:00","2025-03-08 02:00:00",DL,2,2,0,0,-3.0,0.0,0.0
"2025-03-08 01:00:00","2025-03-08 02:00:00",UA,1,1,0,0,-21.0,0.0,0.0
"2025-03-08 02:00:00","2025-03-08 03:00:00",UA,1,1,0,0,-9.0,0.0,0.0
"2025-03-08 05:00:00","2025-03-08 06:00:00",AA,96,95,0,1,14.395833333333334,0.0,11.458333333333334
"2025-03-08 05:00:00","2025-03-08 06:00:00",DL,51,51,0,0,-1.1176470588235294,0.0,3.9215686274509802
"2025-03-08 05:00:00","2025-03-08 06:00:00",UA,45,45,0,0,-4.822222222222222,0.0,0.0
"2025-03-08 05:00:00","2025-03-08 06:00:00",WN,161,159,0,2,-0.3167701863354037,0.0,4.968944099378882
"2025-03-08 06:00:00","2025-03-08 07:00:00",AA,164,164,0,0,12.353658536585366,0.0,10.975609756097562
"2025-03-08 06:00:00","2025-03-08 07:00:00",DL,165,164,0,1,1.4424242424242424,0.0,6.0606060606060606
"2025-03-08 06:00:00","2025-03-08 07:00:00",UA,137,136,0,1,-2.9562043795620436,0.0,3.6496350364963503
"2025-03-08 06:00:00","2025-03-08 07:00:00",WN,247,243,3,1,2.4918032786885247,1.214574898785425,8.19672131147541
"2025-03-08 07:00:00","2025-03-08 08:00:00",AA,190,189,1,0,13.354497354497354,0.5263157894736842,10.582010582010582
"2025-03-08 07:00:00","2025-03-08 08:00:00",DL,206,206,0,0,-2.8398058252427183,0.0,5.339805825242719
"2025-03-08 07:00:00","2025-03-08 08:00:00",UA,174,173,1,0,-2.739884393063584,0.5747126436781609,5.202312138728324
"2025-03-08 07:00:00","2025-03-08 08:00:00",WN,208,206,1,1,0.21256038647342995,0.4807692307692308,7.729468599033816
"2025-03-08 08:00:00","2025-03-08 09:00:00",AA,173,173,0,0,22.6878612716763,0.0,19.653179190751445
"2025-03-08 08:00:00","2025-03-08 09:00:00",DL,144,144,0,0,1.3402777777777777,0.0,6.25
"2025-03-08 08:00:00","2025-03-08 09:00:00",UA,145,145,0,0,-3.0413793103448277,0.0,4.827586206896552
"2025-03-08 08:00:00","2025-03-08 09:00:00",WN,199,199,0,0,0.9849246231155779,0.0,9.547738693467336
"2025-03-08 09:00:00","2025-03-08 10:00:00",AA,110,110,0,0,12.754545454545454,0.0,18.181818181818183
"2025-03-08 09:00:00","2025-03-08 10:00:00",DL,115,115,0,0,-0.09565217391304348,0.0,6.086956521739131
"2025-03-08 09:00:00","2025-03-08 10:00:00",UA,108,108,0,0,-1.3240740740740742,0.0,4.62962962962963
"2025-03-08 09:00:00","2025-03-08 10:00:00",WN,194,193,1,0,5.83419689119171,0.5154639175257731,10.362694300518134
"2025-03-08 10:00:00","2025-03-08 11:00:00",AA,114,114,0,0,7.964912280701754,0.0,19.29824561403509
"2025-03-08 10:00:00","2025-03-08 11:00:00",DL,120,120,0,0,-2.075,0.0,5.833333333333333
"2025-03-08 10:00:00","2025-03-08 11:00:00",UA,110,110,0,0,3.418181818181818,0.0,9.090909090909092
"2025-03-08 10:00:00","2025-03-08 11:00:00",WN,166,166,0,0,5.692771084337349,0.0,10.240963855421686
"2025-03-08 11:00:00","2025-03-08 12:00:00",AA,145,144,0,1,14.744827586206897,0.0,22.75862068965517
"2025-03-08 11:00:00","2025-03-08 12:00:00",DL,167,167,0,0,1.0538922155688624,0.0,9.580838323353293
"2025-03-08 11:00:00","2025-03-08 12:00:00",UA,102,102,0,0,0.11764705882352941,0.0,6.862745098039215
"2025-03-08 11:00:00","2025-03-08 12:00:00",WN,202,202,0,0,4.292079207920792,0.0,12.871287128712872
"2025-03-08 12:00:00","2025-03-08 13:00:00",AA,113,112,0,1,21.778761061946902,0.0,32.743362831858406
"2025-03-08 12:00:00","2025-03-08 13:00:00",DL,130,130,0,0,1.2076923076923076,0.0,8.461538461538462
"2025-03-08 12:00:00","2025-03-08 13:00:00",UA,93,92,0,1,7.860215053763441,0.0,15.053763440860216
"2025-03-08 12:00:00","2025-03-08 13:00:00",WN,177,175,1,1,5.630681818181818,0.5649717514124294,13.068181818181818
"2025-03-08 13:00:00","2025-03-08 14:00:00",AA,123,123,0,0,19.951219512195124,0.0,26.829268292682926
"2025-03-08 13:00:00","2025-03-08 14:00:00",DL,116,115,0,1,3.5517241379310347,0.0,8.620689655172415
"2025-03-08 13:00:00","2025-03-08 14:00:00",UA,107,107,0,0,1.7009345794392523,0.0,9.345794392523365
"2025-03-08 13:00:00","2025-03-08 14:00:00",WN,221,220,1,0,11.954545454545455,0.45248868778280543,17.272727272727273
"2025-03-08 14:00:00","2025-03-08 15:00:00",AA,125,124,0,1,23.44,0.0,34.4
"2025-03-08 14:00:00","2025-03-08 15:00:00",DL,108,108,0,0,4.574074074074074,0.0,13.88888888888889
"2025-03-08 14:00:00","2025-03-08 15:00:00",UA,105,104,1,0,1.4134615384615385,0.9523809523809523,8.653846153846153
"2025-03-08 14:00:00","2025-03-08 15:00:00",WN,170,170,0,0,7.311764705882353,0.0,15.294117647058824
"2025-03-08 15:00:00","2025-03-08 16:00:00",AA,101,101,0,0,34.62376237623762,0.0,44.554455445544555
"2025-03-08 15:00:00","2025-03-08 16:00:00",DL,143,143,0,0,3.6083916083916083,0.0,9.090909090909092
"2025-03-08 15:00:00","2025-03-08 16:00:00",UA,76,76,0,0,2.736842105263158,0.0,6.578947368421052
"2025-03-08 15:00:00","2025-03-08 16:00:00",WN,209,209,0,0,9.68421052631579,0.0,28.229665071770334
"2025-03-08 16:00:00","2025-03-08 17:00:00",AA,143,143,0,0,18.902097902097903,0.0,33.56643356643357
"2025-03-08 16:00:00","2025-03-08 17:00:00",DL,100,100,0,0,2.84,0.0,10.0
"2025-03-08 16:00:00","2025-03-08 17:00:00",UA,119,119,0,0,5.638655462184874,0.0,13.445378151260504
"2025-03-08 16:00:00","2025-03-08 17:00:00",WN,188,186,1,1,9.518716577540108,0.5319148936170213,21.925133689839573
"2025-03-08 17:00:00","2025-03-08 18:00:00",AA,133,133,0,0,36.43609022556391,0.0,36.090225563909776
"2025-03-08 17:00:00","2025-03-08 18:00:00",DL,137,136,1,0,0.8676470588235294,0.7299270072992701,7.352941176470588
"2025-03-08 17:00:00","2025-03-08 18:00:00",UA,101,100,1,0,1.27,0.9900990099009901,9.0
"2025-03-08 17:00:00","2025-03-08 18:00:00",WN,203,202,1,0,9.57920792079208,0.49261083743842365,25.742574257425744
"2025-03-08 18:00:00","2025-03-08 19:00:00",AA,138,137,1,0,33.948905109489054,0.7246376811594203,47.44525547445255
"2025-03-08 18:00:00","2025-03-08 19:00:00",DL,101,101,0,0,6.366336633663367,0.0,16.831683168316832
"2025-03-08 18:00:00","2025-03-08 19:00:00",UA,109,109,0,0,6.825688073394495,0.0,16.513761467889907
"2025-03-08 18:00:00","2025-03-08 19:00:00",WN,198,197,1,0,7.091370558375634,0.5050505050505051,19.79695431472081
"2025-03-08 19:00:00","2025-03-08 20:00:00",AA,138,138,0,0,26.065217391304348,0.0,45.65217391304348
"2025-03-08 19:00:00","2025-03-08 20:00:00",DL,83,83,0,0,6.9397590361445785,0.0,14.457831325301205
"2025-03-08 19:00:00","2025-03-08 20:00:00",UA,117,117,0,0,5.085470085470085,0.0,14.52991452991453
"2025-03-08 19:00:00","2025-03-08 20:00:00",WN,218,218,0,0,6.862385321100917,0.0,17.431192660550458
"2025-03-08 20:00:00","2025-03-08 21:00:00",AA,104,103,0,1,27.91346153846154,0.0,44.23076923076923
"2025-03-08 20:00:00","2025-03-08 21:00:00",DL,66,66,0,0,-2.893939393939394,0.0,7.575757575757576
"2025-03-08 20:00:00","2025-03-08 21:00:00",UA,76,75,1,0,12.693333333333333,1.3157894736842106,36.0
"2025-03-08 20:00:00","2025-03-08 21:00:00",WN,205,205,0,0,8.37560975609756,0.0,21.951219512195124
"2025-03-08 21:00:00","2025-03-08 22:00:00",AA,103,103,0,0,15.893203883495145,0.0,24.271844660194176
"2025-03-08 21:00:00","2025-03-08 22:00:00",DL,64,64,0,0,-1.375,0.0,6.25
"2025-03-08 21:00:00","2025-03-08 22:00:00",UA,46,46,0,0,9.608695652173912,0.0,23.91304347826087
"2025-03-08 21:00:00","2025-03-08 22:00:00",WN,165,165,0,0,3.9212121212121214,0.0,13.93939393939394
"2025-03-08 22:00:00","2025-03-08 23:00:00",AA,96,96,0,0,15.90625,0.0,34.375
"2025-03-08 22:00:00","2025-03-08 23:00:00",DL,65,65,0,0,-0.015384615384615385,0.0,10.76923076923077
"2025-03-08 22:00:00","2025-03-08 23:00:00",UA,39,39,0,0,-0.20512820512820512,0.0,7.6923076923076925
"2025-03-08 22:00:00","2025-03-08 23:00:00",WN,98,98,0,0,2.183673469387755,0.0,10.204081632653061
"2025-03-08 23:00:00","2025-03-09 00:00:00",AA,20,20,0,0,9.5,0.0,20.0
"2025-03-08 23:00:00","2025-03-09 00:00:00",DL,12,12,0,0,10.416666666666666,0.0,16.666666666666668
"2025-03-08 23:00:00","2025-03-09 00:00:00",UA,30,30,0,0,-0.5333333333333333,0.0,13.333333333333334
"2025-03-08 23:00:00","2025-03-09 00:00:00",WN,17,17,0,0,-0.11764705882352941,0.0,11.764705882352942
"2025-03-09 00:00:00","2025-03-09 01:00:00",AA,11,11,0,0,-0.36363636363636365,0.0,9.090909090909092
"2025-03-09 00:00:00","2025-03-09 01:00:00",DL,6,6,0,0,-6.166666666666667,0.0,0.0
"2025-03-09 00:00:00","2025-03-09 01:00:00",UA,9,9,0,0,-5.444444444444445,0.0,0.0
"2025-03-09 01:00:00","2025-03-09 02:00:00",UA,1,1,0,0,-7.0,0.0,0.0
"2025-03-09 02:00:00","2025-03-09 03:00:00",UA,1,1,0,0,16.0,0.0,100.0
"2025-03-09 05:00:00","2025-03-09 06:00:00",AA,105,105,0,0,24.047619047619047,0.0,5.714285714285714
"2025-03-09 05:00:00","2025-03-09 06:00:00",DL,60,60,0,0,-2.783333333333333,0.0,3.3333333333333335
"2025-03-09 05:00:00","2025-03-09 06:00:00",UA,35,34,1,0,-3.4705882352941178,2.857142857142857,0.0
"2025-03-09 05:00:00","2025-03-09 06:00:00",WN,171,168,1,2,0.6176470588235294,0.5847953216374269,4.117647058823529
"2025-03-09 06:00:00","2025-03-09 07:00:00",AA,182,182,0,0,6.961538461538462,0.0,7.6923076923076925
"2025-03-09 06:00:00","2025-03-09 07:00:00",DL,174,174,0,0,0.5459770114942529,0.0,5.172413793103448
"2025-03-09 06:00:00","2025-03-09 07:00:00",UA,138,134,3,1,-3.4,2.1739130434782608,4.444444444444445
"2025-03-09 06:00:00","2025-03-09 07:00:00",WN,279,276,1,2,0.4712230215827338,0.35842293906810035,5.0359712230215825
"2025-03-09 07:00:00","2025-03-09 08:00:00",AA,205,204,1,0,1.8529411764705883,0.4878048780487805,8.333333333333334
"2025-03-09 07:00:00","2025-03-09 08:00:00",DL,237,233,1,3,-0.4364406779661017,0.4219409282700422,7.627118644067797
"2025-03-09 07:00:00","2025-03-09 08:00:00",UA,188,187,1,0,4.197860962566845,0.5319148936170213,7.4866310160427805
"2025-03-09 07:00:00","2025-03-09 08:00:00",WN,216,216,0,0,1.2638888888888888,0.0,9.25925925925926
"2025-03-09 08:00:00","2025-03-09 09:00:00",AA,184,183,1,0,8.62295081967213,0.5434782608695652,14.207650273224044
"2025-03-09 08:00:00","2025-03-09 09:00:00",DL,174,173,0,1,5.896551724137931,0.0,9.770114942528735
"2025-03-09 08:00:00","2025-03-09 09:00:00",UA,155,155,0,0,-1.1741935483870967,0.0,8.387096774193548
"2025-03-09 08:00:00","2025-03-09 09:00:00",WN,227,227,0,0,3.647577092511013,0.0,9.251101321585903
"2025-03-09 09:00:00","2025-03-09 10:00:00",AA,130,128,2,0,14.328125,1.5384615384615385,12.5
"2025-03-09 09:00:00","2025-03-09 10:00:00",DL,121,121,0,0,4.107438016528926,0.0,10.743801652892563
"2025-03-09 09:00:00","2025-03-09 10:00:00",UA,117,114,2,1,1.0695652173913044,1.7094017094017093,8.695652173913043
"2025-03-09 09:00:00","2025-03-09 10:00:00",WN,190,190,0,0,6.247368421052632,0.0,12.631578947368421
"2025-03-09 10:00:00","2025-03-09 11:00:00",AA,136,136,0,0,7.022058823529412,0.0,18.38235294117647
"2025-03-09 10:00:00","2025-03-09 11:00:00",DL,157,156,0,1,6.490445859872612,0.0,11.464968152866241
"2025-03-09 10:00:00","2025-03-09 11:00:00",UA,119,117,1,1,6.288135593220339,0.8403361344537815,12.711864406779661
"2025-03-09 10:00:00","2025-03-09 11:00:00",WN,230,230,0,0,7.773913043478261,0.0,16.08695652173913
"2025-03-09 11:00:00","2025-03-09 12:00:00",AA,149,149,0,0,8.684563758389261,0.0,21.476510067114095
"2025-03-09 11:00:00","2025-03-09 12:00:00",DL,194,194,0,0,14.288659793814434,0.0,18.556701030927837
"2025-03-09 11:00:00","2025-03-09 12:00:00",UA,114,114,0,0,8.973684210526315,0.0,17.54385964912281
"2025-03-09 11:00:00","2025-03-09 12:00:00",WN,194,194,0,0,11.587628865979381,0.0,24.22680412371134
"2025-03-09 12:00:00","2025-03-09 13:00:00",AA,137,136,0,1,15.218978102189782,0.0,16.78832116788321
"2025-03-09 12:00:00","2025-03-09 13:00:00",DL,155,154,1,0,5.142857142857143,0.6451612903225806,19.48051948051948
"2025-03-09 12:00:00","2025-03-09 13:00:00",UA,108,108,0,0,7.333333333333333,0.0,17.59259259259259
"2025-03-09 12:00:00","2025-03-09 13:00:00",WN,205,203,2,0,12.354679802955665,0.975609756097561,20.689655172413794
"2025-03-09 13:00:00","2025-03-09 14:00:00",AA,139,139,0,0,22.446043165467625,0.0,26.618705035971225
"2025-03-09 13:00:00","2025-03-09 14:00:00",DL,153,153,0,0,10.411764705882353,0.0,18.30065359477124
"2025-03-09 13:00:00","2025-03-09 14:00:00",UA,135,135,0,0,3.8074074074074074,0.0,10.37037037037037
"2025-03-09 13:00:00","2025-03-09 14:00:00",WN,229,227,1,1,12.578947368421053,0.4366812227074236,23.68421052631579
"2025-03-09 14:00:00","2025-03-09 15:00:00",AA,129,129,0,0,11.69767441860465,0.0,24.031007751937985
"2025-03-09 14:00:00","2025-03-09 15:00:00",DL,148,148,0,0,10.675675675675675,0.0,18.243243243243242
"2025-03-09 14:00:00","2025-03-09 15:00:00",UA,120,119,1,0,11.016806722689076,0.8333333333333334,16.80672268907563
"2025-03-09 14:00:00","2025-03-09 15:00:00",WN,204,203,1,0,12.19704433497537,0.49019607843137253,27.586206896551722
"2025-03-09 15:00:00","2025-03-09 16:00:00",AA,130,129,0,1,23.884615384615383,0.0,27.692307692307693
"2025-03-09 15:00:00","2025-03-09 16:00:00",DL,165,165,0,0,13.206060606060607,0.0,22.424242424242426
"2025-03-09 15:00:00","2025-03-09 16:00:00",UA,80,80,0,0,10.325,0.0,17.5
"2025-03-09 15:00:00","2025-03-09 16:00:00",WN,209,208,1,0,13.39423076923077,0.4784688995215311,25.48076923076923
"2025-03-09 16:00:00","2025-03-09 17:00:00",AA,140,140,0,0,12.55,0.0,25.714285714285715
"2025-03-09 16:00:00","2025-03-09 17:00:00",DL,129,128,1,0,18.953125,0.7751937984496124,22.65625
"2025-03-09 16:00:00","2025-03-09 17:00:00",UA,136,135,1,0,8.311111111111112,0.7352941176470589,16.296296296296298
"2025-03-09 16:00:00","2025-03-09 17:00:00",WN,223,223,0,0,15.094170403587444,0.0,31.390134529147982
"2025-03-09 17:00:00","2025-03-09 18:00:00",AA,138,137,0,1,17.384057971014492,0.0,30.434782608695652
"2025-03-09 17:00:00","2025-03-09 18:00:00",DL,164,164,0,0,6.896341463414634,0.0,20.73170731707317
"2025-03-09 17:00:00","2025-03-09 18:00:00",UA,118,118,0,0,5.805084745762712,0.0,15.254237288135593
"2025-03-09 17:00:00","2025-03-09 18:00:00",WN,223,222,0,1,21.506726457399104,0.0,39.46188340807175
"2025-03-09 18:00:00","2025-03-09 19:00:00",AA,153,152,1,0,13.368421052631579,0.6535947712418301,23.026315789473685
"2025-03-09 18:00:00","2025-03-09 19:00:00",DL,147,147,0,0,17.102040816326532,0.0,23.12925170068027
"2025-03-09 18:00:00","2025-03-09 19:00:00",UA,137,137,0,0,6.37956204379562,0.0,16.05839416058394
"2025-03-09 18:00:00","2025-03-09 19:00:00",WN,207,207,0,0,17.835748792270532,0.0,34.29951690821256
"2025-03-09 19:00:00","2025-03-09 20:00:00",AA,142,142,0,0,22.12676056338028,0.0,30.985915492957748
"2025-03-09 19:00:00","2025-03-09 20:00:00",DL,145,145,0,0,21.448275862068964,0.0,46.206896551724135
"2025-03-09 19:00:00","2025-03-09 20:00:00",UA,120,118,2,0,8.101694915254237,1.6666666666666667,18.64406779661017
"2025-03-09 19:00:00","2025-03-09 20:00:00",WN,216,216,0,0,13.148148148148149,0.0,31.48148148148148
"2025-03-09 20:00:00","2025-03-09 21:00:00",AA,123,123,0,0,21.585365853658537,0.0,26.016260162601625
"2025-03-09 20:00:00","2025-03-09 21:00:00",DL,112,112,0,0,14.767857142857142,0.0,28.571428571428573
"2025-03-09 20:00:00","2025-03-09 21:00:00",UA,95,95,0,0,11.31578947368421,0.0,25.263157894736842
"2025-03-09 20:00:00","2025-03-09 21:00:00",WN,231,230,1,0,13.873913043478261,0.4329004329004329,29.565217391304348
"2025-03-09 21:00:00","2025-03-09 22:00:00",AA,95,93,1,1,14.393617021276595,1.0526315789473684,21.27659574468085
"2025-03-09 21:00:00","2025-03-09 22:00:00",DL,91,91,0,0,12.296703296703297,0.0,27.47252747252747
"2025-03-09 21:00:00","2025-03-09 22:00:00",UA,58,58,0,0,5.137931034482759,0.0,13.793103448275861
"2025-03-09 21:00:00","2025-03-09 22:00:00",WN,170,170,0,0,16.929411764705883,0.0,32.94117647058823
"2025-03-09 22:00:00","2025-03-09 23:00:00",AA,97,97,0,0,9.8659793814433,0.0,19.587628865979383
"2025-03-09 22:00:00","2025-03-09 23:00:00",DL,97,97,0,0,15.309278350515465,0.0,27.835051546391753
"2025-03-09 22:00:00","2025-03-09 23:00:00",UA,32,32,0,0,2.5,0.0,18.75
"2025-03-09 22:00:00","2025-03-09 23:00:00",WN,143,143,0,0,14.51048951048951,0.0,36.36363636363637
"2025-03-09 23:00:00","2025-03-10 00:00:00",AA,33,33,0,0,1.7272727272727273,0.0,9.090909090909092
"2025-03-09 23:00:00","2025-03-10 00:00:00",DL,32,32,0,0,4.09375,0.0,9.375
"2025-03-09 23:00:00","2025-03-10 00:00:00",UA,40,40,0,0,-2.75,0.0,7.5
"2025-03-09 23:00:00","2025-03-10 00:00:00",WN,8,8,0,0,-0.625,0.0,0.0
"2025-03-10 00:00:00","2025-03-10 01:00:00",AA,13,12,1,0,-8.916666666666666,7.6923076923076925,0.0
"2025-03-10 00:00:00","2025-03-10 01:00:00",DL,6,6,0,0,-6.666666666666667,0.0,0.0
"2025-03-10 00:00:00","2025-03-10 01:00:00",UA,8,8,0,0,3.0,0.0,12.5
"2025-03-10 01:00:00","2025-03-10 02:00:00",DL,2,2,0,0,29.0,0.0,50.0
"2025-03-10 01:00:00","2025-03-10 02:00:00",UA,1,1,0,0,18.0,0.0,100.0
"2025-03-10 05:00:00","2025-03-10 06:00:00",AA,100,100,0,0,-3.84,0.0,3.0
"2025-03-10 05:00:00","2025-03-10 06:00:00",DL,56,56,0,0,3.357142857142857,0.0,10.714285714285714
"2025-03-10 05:00:00","2025-03-10 06:00:00",UA,39,39,0,0,-2.717948717948718,0.0,7.6923076923076925
"2025-03-10 05:00:00","2025-03-10 06:00:00",WN,171,170,1,0,-3.3294117647058825,0.5847953216374269,0.5882352941176471
"2025-03-10 06:00:00","2025-03-10 07:00:00",AA,187,184,2,1,3.0432432432432432,1.0695187165775402,8.108108108108109
"2025-03-10 06:00:00","2025-03-10 07:00:00",DL,185,185,0,0,-2.7783783783783784,0.0,2.7027027027027026
"2025-03-10 06:00:00","2025-03-10 07:00:00",UA,136,136,0,0,0.5882352941176471,0.0,7.352941176470588
"2025-03-10 06:00:00","2025-03-10 07:00:00",WN,300,300,0,0,-2.8433333333333333,0.0,1.0
"2025-03-10 07:00:00","2025-03-10 08:00:00",AA,205,205,0,0,8.804878048780488,0.0,8.292682926829269
"2025-03-10 07:00:00","2025-03-10 08:00:00",DL,220,220,0,0,2.731818181818182,0.0,7.2727272727272725
"2025-03-10 07:00:00","2025-03-10 08:00:00",UA,183,183,0,0,-2.568306010928962,0.0,2.73224043715847
"2025-03-10 07:00:00","2025-03-10 08:00:00",WN,203,203,0,0,-0.42857142857142855,0.0,4.926108374384237
"2025-03-10 08:00:00","2025-03-10 09:00:00",AA,180,180,0,0,12.783333333333333,0.0,15.0
"2025-03-10 08:00:00","2025-03-10 09:00:00",DL,168,168,0,0,2.732142857142857,0.0,10.714285714285714
"2025-03-10 08:00:00","2025-03-10 09:00:00",UA,161,161,0,0,-0.20496894409937888,0.0,4.3478260869565215
"2025-03-10 08:00:00","2025-03-10 09:00:00",WN,236,236,0,0,0.3389830508474576,0.0,5.932203389830509
"2025-03-10 09:00:00","2025-03-10 10:00:00",AA,128,128,0,0,7.1796875,0.0,14.84375
"2025-03-10 09:00:00","2025-03-10 10:00:00",DL,122,122,0,0,2.6311475409836067,0.0,12.295081967213115
"2025-03-10 09:00:00","2025-03-10 10:00:00",UA,124,124,0,0,0.04838709677419355,0.0,6.451612903225806
"2025-03-10 09:00:00","2025-03-10 10:00:00",WN,214,213,1,0,3.1549295774647885,0.4672897196261682,12.67605633802817
"2025-03-10 10:00:00","2025-03-10 11:00:00",AA,127,127,0,0,12.236220472440944,0.0,18.11023622047244
"2025-03-10 10:00:00","2025-03-10 11:00:00",DL,149,149,0,0,6.3624161073825505,0.0,14.765100671140939
"2025-03-10 10:00:00","2025-03-10 11:00:00",UA,116,115,1,0,1.1478260869565218,0.8620689655172413,11.304347826086957
"2025-03-10 10:00:00","2025-03-10 11:00:00",WN,204,203,1,0,2.8029556650246303,0.49019607843137253,9.852216748768473
"2025-03-10 11:00:00","2025-03-10 12:00:00",AA,160,157,3,0,16.445859872611464,1.875,21.656050955414013
"2025-03-10 11:00:00","2025-03-10 12:00:00",DL,199,199,0,0,10.77889447236181,0.0,23.115577889447238
"2025-03-10 11:00:00","2025-03-10 12:00:00",UA,122,122,0,0,3.1475409836065573,0.0,9.836065573770492
"2025-03-10 11:00:00","2025-03-10 12:00:00",WN,229,227,2,0,4.246696035242291,0.8733624454148472,12.775330396475772
"2025-03-10 12:00:00","2025-03-10 13:00:00",AA,126,126,0,0,8.404761904761905,0.0,19.047619047619047
"2025-03-10 12:00:00","2025-03-10 13:00:00",DL,143,143,0,0,7.811188811188811,0.0,20.27972027972028
"2025-03-10 12:00:00","2025-03-10 13:00:00",UA,112,112,0,0,2.7142857142857144,0.0,10.714285714285714
"2025-03-10 12:00:00","2025-03-10 13:00:00",WN,201,200,1,0,4.675,0.4975124378109453,16.0
"2025-03-10 13:00:00","2025-03-10 14:00:00",AA,123,122,1,0,17.081967213114755,0.8130081300813008,22.131147540983605
"2025-03-10 13:00:00","2025-03-10 14:00:00",DL,133,132,1,0,10.5,0.7518796992481203,15.151515151515152
"2025-03-10 13:00:00","2025-03-10 14:00:00",UA,111,110,0,1,1.009009009009009,0.0,9.90990990990991
"2025-03-10 13:00:00","2025-03-10 14:00:00",WN,206,206,0,0,8.635922330097088,0.0,19.41747572815534
"2025-03-10 14:00:00","2025-03-10 15:00:00",AA,142,142,0,0,21.697183098591548,0.0,34.50704225352113
"2025-03-10 14:00:00","2025-03-10 15:00:00",DL,154,154,0,0,9.019480519480519,0.0,17.532467532467532
"2025-03-10 14:00:00","2025-03-10 15:00:00",UA,126,126,0,0,9.023809523809524,0.0,9.523809523809524
"2025-03-10 14:00:00","2025-03-10 15:00:00",WN,243,242,1,0,7.256198347107438,0.411522633744856,19.834710743801654
"2025-03-10 15:00:00","2025-03-10 16:00:00",AA,132,129,2,1,26.20769230769231,1.5151515151515151,34.61538461538461
"2025-03-10 15:00:00","2025-03-10 16:00:00",DL,167,167,0,0,20.79640718562874,0.0,29.940119760479043
"2025-03-10 15:00:00","2025-03-10 16:00:00",UA,88,88,0,0,1.5568181818181819,0.0,13.636363636363637
"2025-03-10 15:00:00","2025-03-10 16:00:00",WN,198,196,1,1,6.893401015228426,0.5050505050505051,18.781725888324875
"2025-03-10 16:00:00","2025-03-10 17:00:00",AA,137,136,1,0,22.227941176470587,0.7299270072992701,34.55882352941177
"2025-03-10 16:00:00","2025-03-10 17:00:00",DL,133,133,0,0,13.706766917293233,0.0,22.55639097744361
"2025-03-10 16:00:00","2025-03-10 17:00:00",UA,134,134,0,0,3.9029850746268657,0.0,13.432835820895523
"2025-03-10 16:00:00","2025-03-10 17:00:00",WN,224,223,1,0,7.228699551569507,0.44642857142857145,20.179372197309416
"2025-03-10 17:00:00","2025-03-10 18:00:00",AA,140,139,1,0,36.69064748201439,0.7142857142857143,26.618705035971225
"2025-03-10 17:00:00","2025-03-10 18:00:00",DL,156,156,0,0,9.826923076923077,0.0,26.923076923076923
"2025-03-10 17:00:00","2025-03-10 18:00:00",UA,123,122,1,0,0.1557377049180328,0.8130081300813008,7.377049180327869
"2025-03-10 17:00:00","2025-03-10 18:00:00",WN,214,214,0,0,10.177570093457945,0.0,21.02803738317757
"2025-03-10 18:00:00","2025-03-10 19:00:00",AA,146,146,0,0,28.993150684931507,0.0,36.986301369863014
"2025-03-10 18:00:00","2025-03-10 19:00:00",DL,144,144,0,0,12.083333333333334,0.0,28.47222222222222
"2025-03-10 18:00:00","2025-03-10 19:00:00",UA,129,129,0,0,3.6666666666666665,0.0,10.852713178294573
"2025-03-10 18:00:00","2025-03-10 19:00:00",WN,221,221,0,0,5.574660633484163,0.0,17.647058823529413
"2025-03-10 19:00:00","2025-03-10 20:00:00",AA,160,159,1,0,22.465408805031448,0.625,31.446540880503143
"2025-03-10 19:00:00","2025-03-10 20:00:00",DL,155,155,0,0,15.593548387096774,0.0,31.612903225806452
"2025-03-10 19:00:00","2025-03-10 20:00:00",UA,126,126,0,0,-0.753968253968254,0.0,7.936507936507937
"2025-03-10 19:00:00","2025-03-10 20:00:00",WN,215,215,0,0,3.046511627906977,0.0,11.162790697674419
"2025-03-10 20:00:00","2025-03-10 21:00:00",AA,115,115,0,0,17.0,0.0,30.434782608695652
"2025-03-10 20:00:00","2025-03-10 21:00:00",DL,103,103,0,0,13.359223300970873,0.0,30.097087378640776
"2025-03-10 20:00:00","2025-03-10 21:00:00",UA,84,84,0,0,4.0,0.0,14.285714285714286
"2025-03-10 20:00:00","2025-03-10 21:00:00",WN,239,239,0,0,5.167364016736402,0.0,18.828451882845187
"2025-03-10 21:00:00","2025-03-10 22:00:00",AA,78,76,2,0,13.105263157894736,2.5641025641025643,28.94736842105263
"2025-03-10 21:00:00","2025-03-10 22:00:00",DL,96,96,0,0,3.2708333333333335,0.0,16.666666666666668
"2025-03-10 21:00:00","2025-03-10 22:00:00",UA,52,52,0,0,-4.653846153846154,0.0,5.769230769230769
"2025-03-10 21:00:00","2025-03-10 22:00:00",WN,155,154,1,0,2.909090909090909,0.6451612903225806,14.935064935064934
"2025-03-10 22:00:00","2025-03-10 23:00:00",AA,91,90,1,0,19.677777777777777,1.098901098901099,26.666666666666668
"2025-03-10 22:00:00","2025-03-10 23:00:00",DL,88,88,0,0,2.5,0.0,9.090909090909092
"2025-03-10 22:00:00","2025-03-10 23:00:00",UA,33,33,0,0,-3.696969696969697,0.0,6.0606060606060606
"2025-03-10 22:00:00","2025-03-10 23:00:00",WN,130,130,0,0,2.3615384615384616,0.0,15.384615384615385
"2025-03-10 23:00:00","2025-03-11 00:00:00",AA,20,20,0,0,2.1,0.0,20.0
"2025-03-10 23:00:00","2025-03-11 00:00:00",DL,35,35,0,0,-1.9142857142857144,0.0,8.571428571428571
"2025-03-10 23:00:00","2025-03-11 00:00:00",UA,34,33,1,0,7.03030303030303,2.9411764705882355,6.0606060606060606
"2025-03-10 23:00:00","2025-03-11 00:00:00",WN,9,9,0,0,-7.111111111111111,0.0,0.0
"2025-03-11 00:00:00","2025-03-11 01:00:00",AA,9,8,1,0,-9.625,11.11111111111111,0.0
"2025-03-11 00:00:00","2025-03-11 01:00:00",DL,6,6,0,0,-10.833333333333334,0.0,0.0
"2025-03-11 00:00:00","2025-03-11 01:00:00",UA,6,6,0,0,-3.8333333333333335,0.0,0.0
"2025-03-11 01:00:00","2025-03-11 02:00:00",DL,2,2,0,0,-5.5,0.0,0.0
"2025-03-11 01:00:00","2025-03-11 02:00:00",UA,1,1,0,0,-11.0,0.0,0.0
"2025-03-11 05:00:00","2025-03-11 06:00:00",AA,101,101,0,0,-0.43564356435643564,0.0,7.920792079207921
"2025-03-11 05:00:00","2025-03-11 06:00:00",DL,50,50,0,0,2.42,0.0,6.0
"2025-03-11 05:00:00","2025-03-11 06:00:00",UA,36,36,0,0,6.722222222222222,0.0,2.7777777777777777
"2025-03-11 05:00:00","2025-03-11 06:00:00",WN,88,87,1,0,-0.5517241379310345,1.1363636363636365,1.1494252873563218
"2025-03-11 06:00:00","2025-03-11 07:00:00",AA,181,180,1,0,2.488888888888889,0.5524861878453039,6.666666666666667
"2025-03-11 06:00:00","2025-03-11 07:00:00",DL,183,182,1,0,-3.769230769230769,0.546448087431694,2.197802197802198
"2025-03-11 06:00:00","2025-03-11 07:00:00",UA,127,126,1,0,-7.714285714285714,0.7874015748031497,0.7936507936507936
"2025-03-11 06:00:00","2025-03-11 07:00:00",WN,289,288,1,0,-3.4652777777777777,0.3460207612456747,2.4305555555555554
"2025-03-11 07:00:00","2025-03-11 08:00:00",AA,213,213,0,0,0.5023474178403756,0.0,7.042253521126761
"2025-03-11 07:00:00","2025-03-11 08:00:00",DL,235,235,0,0,-2.251063829787234,0.0,4.680851063829787
"2025-03-11 07:00:00","2025-03-11 08:00:00",UA,185,185,0,0,-3.4918918918918918,0.0,4.864864864864865
"2025-03-11 07:00:00","2025-03-11 08:00:00",WN,231,229,2,0,-3.0087336244541483,0.8658008658008658,1.7467248908296944
"2025-03-11 08:00:00","2025-03-11 09:00:00",AA,191,190,0,1,1.8115183246073299,0.0,7.329842931937173
"2025-03-11 08:00:00","2025-03-11 09:00:00",DL,174,174,0,0,-1.735632183908046,0.0,4.597701149425287
"2025-03-11 08:00:00","2025-03-11 09:00:00",UA,163,163,0,0,-4.680981595092025,0.0,4.294478527607362
"2025-03-11 08:00:00","2025-03-11 09:00:00",WN,259,258,0,1,-0.6447876447876448,0.0,3.474903474903475
"2025-03-11 09:00:00","2025-03-11 10:00:00",AA,119,117,1,1,11.296610169491526,0.8403361344537815,10.169491525423728
"2025-03-11 09:00:00","2025-03-11 10:00:00",DL,115,115,0,0,0.3739130434782609,0.0,6.086956521739131
"2025-03-11 09:00:00","2025-03-11 10:00:00",UA,115,115,0,0,-2.982608695652174,0.0,4.3478260869565215
"2025-03-11 09:00:00","2025-03-11 10:00:00",WN,185,184,1,0,0.7010869565217391,0.5405405405405406,5.978260869565218
"2025-03-11 10:00:00","2025-03-11 11:00:00",AA,134,133,1,0,2.917293233082707,0.746268656716418,9.022556390977444
"2025-03-11 10:00:00","2025-03-11 11:00:00",DL,150,150,0,0,-0.7933333333333333,0.0,8.0
"2025-03-11 10:00:00","2025-03-11 11:00:00",UA,117,117,0,0,-2.7094017094017095,0.0,5.128205128205129
"2025-03-11 10:00:00","2025-03-11 11:00:00",WN,237,235,2,0,1.2170212765957447,0.8438818565400844,5.957446808510638
"2025-03-11 11:00:00","2025-03-11 12:00:00",AA,156,156,0,0,2.4935897435897436,0.0,10.256410256410257
"2025-03-11 11:00:00","2025-03-11 12:00:00",DL,190,190,0,0,-1.4736842105263157,0.0,5.7894736842105265
"2025-03-11 11:00:00","2025-03-11 12:00:00",UA,112,112,0,0,0.11607142857142858,0.0,9.821428571428571
"2025-03-11 11:00:00","2025-03-11 12:00:00",WN,214,211,3,0,3.914691943127962,1.4018691588785046,11.374407582938389
"2025-03-11 12:00:00","2025-03-11 13:00:00",AA,128,127,1,0,1.3228346456692914,0.78125,9.448818897637794
"2025-03-11 12:00:00","2025-03-11 13:00:00",DL,141,141,0,0,-1.3829787234042554,0.0,7.801418439716312
"2025-03-11 12:00:00","2025-03-11 13:00:00",UA,112,112,0,0,-2.4910714285714284,0.0,7.142857142857143
"2025-03-11 12:00:00","2025-03-11 13:00:00",WN,207,207,0,0,6.1980676328502415,0.0,14.97584541062802
"2025-03-11 13:00:00","2025-03-11 14:00:00",AA,140,139,0,1,2.7071428571428573,0.0,9.285714285714286
"2025-03-11 13:00:00","2025-03-11 14:00:00",DL,140,140,0,0,1.0214285714285714,0.0,12.142857142857142
"2025-03-11 13:00:00","2025-03-11 14:00:00",UA,133,133,0,0,-2.075187969924812,0.0,6.015037593984962
"2025-03-11 13:00:00","2025-03-11 14:00:00",WN,224,224,0,0,-0.11607142857142858,0.0,6.696428571428571
"2025-03-11 14:00:00","2025-03-11 15:00:00",AA,122,122,0,0,4.991803278688525,0.0,12.295081967213115
"2025-03-11 14:00:00","2025-03-11 15:00:00",DL,130,130,0,0,2.6076923076923078,0.0,13.846153846153847
"2025-03-11 14:00:00","2025-03-11 15:00:00",UA,110,110,0,0,-2.2636363636363637,0.0,6.363636363636363
"2025-03-11 14:00:00","2025-03-11 15:00:00",WN,199,199,0,0,4.236180904522613,0.0,13.06532663316583
"2025-03-11 15:00:00","2025-03-11 16:00:00",AA,124,124,0,0,-1.0887096774193548,0.0,11.290322580645162
"2025-03-11 15:00:00","2025-03-11 16:00:00",DL,149,149,0,0,0.040268456375838924,0.0,10.738255033557047
"2025-03-11 15:00:00","2025-03-11 16:00:00",UA,78,78,0,0,-3.1538461538461537,0.0,3.8461538461538463
"2025-03-11 15:00:00","2025-03-11 16:00:00",WN,192,191,1,0,1.968586387434555,0.5208333333333334,4.712041884816754
"2025-03-11 16:00:00","2025-03-11 17:00:00",AA,135,135,0,0,0.6,0.0,9.62962962962963
"2025-03-11 16:00:00","2025-03-11 17:00:00",DL,126,126,0,0,3.4126984126984126,0.0,14.285714285714286
"2025-03-11 16:00:00","2025-03-11 17:00:00",UA,131,131,0,0,-1.5648854961832062,0.0,6.106870229007634
"2025-03-11 16:00:00","2025-03-11 17:00:00",WN,232,230,1,1,3.1645021645021645,0.43103448275862066,12.554112554112555
"2025-03-11 17:00:00","2025-03-11 18:00:00",AA,151,151,0,0,1.2450331125827814,0.0,11.258278145695364
"2025-03-11 17:00:00","2025-03-11 18:00:00",DL,162,162,0,0,0.2654320987654321,0.0,12.962962962962964
"2025-03-11 17:00:00","2025-03-11 18:00:00",UA,120,119,0,1,1.6916666666666667,0.0,10.833333333333334
"2025-03-11 17:00:00","2025-03-11 18:00:00",WN,212,211,0,1,3.9150943396226414,0.0,12.264150943396226
"2025-03-11 18:00:00","2025-03-11 19:00:00",AA,149,149,0,0,3.4295302013422817,0.0,11.409395973154362
"2025-03-11 18:00:00","2025-03-11 19:00:00",DL,139,139,0,0,2.237410071942446,0.0,13.66906474820144
"2025-03-11 18:00:00","2025-03-11 19:00:00",UA,124,124,0,0,3.838709677419355,0.0,5.645161290322581
"2025-03-11 18:00:00","2025-03-11 19:00:00",WN,208,208,0,0,0.4375,0.0,6.730769230769231
"2025-03-11 19:00:00","2025-03-11 20:00:00",AA,157,157,0,0,2.7070063694267517,0.0,10.828025477707007
"2025-03-11 19:00:00","2025-03-11 20:00:00",DL,123,123,0,0,8.902439024390244,0.0,14.634146341463415
"2025-03-11 19:00:00","2025-03-11 20:00:00",UA,113,113,0,0,-3.911504424778761,0.0,2.6548672566371683
"2025-03-11 19:00:00","2025-03-11 20:00:00",WN,277,274,1,2,0.17391304347826086,0.36101083032490977,8.695652173913043
"2025-03-11 20:00:00","2025-03-11 21:00:00",AA,111,111,0,0,3.7837837837837838,0.0,15.315315315315315
"2025-03-11 20:00:00","2025-03-11 21:00:00",DL,88,88,0,0,1.4772727272727273,0.0,13.636363636363637
"2025-03-11 20:00:00","2025-03-11 21:00:00",UA,81,81,0,0,0.012345679012345678,0.0,11.11111111111111
"2025-03-11 20:00:00","2025-03-11 21:00:00",WN,164,164,0,0,2.201219512195122,0.0,11.585365853658537
"2025-03-11 21:00:00","2025-03-11 22:00:00",AA,82,82,0,0,2.341463414634146,0.0,15.853658536585366
"2025-03-11 21:00:00","2025-03-11 22:00:00",DL,71,71,0,0,0.9014084507042254,0.0,5.633802816901408
"2025-03-11 21:00:00","2025-03-11 22:00:00",UA,40,40,0,0,-0.275,0.0,7.5
"2025-03-11 21:00:00","2025-03-11 22:00:00",WN,156,156,0,0,2.358974358974359,0.0,10.256410256410257
"2025-03-11 22:00:00","2025-03-11 23:00:00",AA,92,92,0,0,4.0978260869565215,0.0,10.869565217391305
"2025-03-11 22:00:00","2025-03-11 23:00:00",DL,81,81,0,0,-1.7037037037037037,0.0,8.641975308641975
"2025-03-11 22:00:00","2025-03-11 23:00:00",UA,30,30,0,0,3.0,0.0,10.0
"2025-03-11 22:00:00","2025-03-11 23:00:00",WN,10,10,0,0,12.1,0.0,30.0
"2025-03-11 23:00:00","2025-03-12 00:00:00",AA,26,26,0,0,1.6538461538461537,0.0,11.538461538461538
"2025-03-11 23:00:00","2025-03-12 00:00:00",DL,29,29,0,0,-3.9655172413793105,0.0,6.896551724137931
"2025-03-11 23:00:00","2025-03-12 00:00:00",UA,30,30,0,0,-8.866666666666667,0.0,0.0
"2025-03-11 23:00:00","2025-03-12 00:00:00",WN,9,9,0,0,-6.111111111111111,0.0,0.0
"2025-03-12 00:00:00","2025-03-12 01:00:00",AA,8,8,0,0,-6.5,0.0,0.0
"2025-03-12 00:00:00","2025-03-12 01:00:00",DL,4,4,0,0,-8.5,0.0,0.0
"2025-03-12 00:00:00","2025-03-12 01:00:00",UA,3,3,0,0,-10.666666666666666,0.0,0.0
"2025-03-12 01:00:00","2025-03-12 02:00:00",DL,2,2,0,0,-10.5,0.0,0.0
"2025-03-12 01:00:00","2025-03-12 02:00:00",UA,1,1,0,0,-6.0,0.0,0.0
"2025-03-12 05:00:00","2025-03-12 06:00:00",AA,106,106,0,0,-4.584905660377358,0.0,4.716981132075472
"2025-03-12 05:00:00","2025-03-12 06:00:00",DL,59,59,0,0,3.2033898305084745,0.0,1.694915254237288
"2025-03-12 05:00:00","2025-03-12 06:00:00",UA,35,35,0,0,-6.485714285714286,0.0,2.857142857142857
"2025-03-12 05:00:00","2025-03-12 06:00:00",WN,99,98,1,0,-1.7551020408163265,1.0101010101010102,4.081632653061225
"2025-03-12 06:00:00","2025-03-12 07:00:00",AA,173,173,0,0,-2.9826589595375723,0.0,4.624277456647399
"2025-03-12 06:00:00","2025-03-12 07:00:00",DL,178,178,0,0,-3.949438202247191,0.0,1.6853932584269662
"2025-03-12 06:00:00","2025-03-12 07:00:00",UA,125,125,0,0,-3.544,0.0,3.2
"2025-03-12 06:00:00","2025-03-12 07:00:00",WN,284,284,0,0,-2.862676056338028,0.0,1.408450704225352
"2025-03-12 07:00:00","2025-03-12 08:00:00",AA,211,211,0,0,3.090047393364929,0.0,6.6350710900473935
"2025-03-12 07:00:00","2025-03-12 08:00:00",DL,230,230,0,0,-3.0217391304347827,0.0,5.217391304347826
"2025-03-12 07:00:00","2025-03-12 08:00:00",UA,184,183,0,1,0.22826086956521738,0.0,7.608695652173913
"2025-03-12 07:00:00","2025-03-12 08:00:00",WN,211,210,1,0,-2.4285714285714284,0.47393364928909953,3.3333333333333335
"2025-03-12 08:00:00","2025-03-12 09:00:00",AA,186,186,0,0,5.349462365591398,0.0,9.67741935483871
"2025-03-12 08:00:00","2025-03-12 09:00:00",DL,174,174,0,0,-2.8045977011494254,0.0,5.747126436781609
"2025-03-12 08:00:00","2025-03-12 09:00:00",UA,160,159,0,1,3.9375,0.0,8.75
"2025-03-12 08:00:00","2025-03-12 09:00:00",WN,253,251,1,1,-1.1071428571428572,0.3952569169960474,3.5714285714285716
"2025-03-12 09:00:00","2025-03-12 10:00:00",AA,116,116,0,0,1.1724137931034482,0.0,8.620689655172415
"2025-03-12 09:00:00","2025-03-12 10:00:00",DL,117,117,0,0,1.2222222222222223,0.0,11.11111111111111
"2025-03-12 09:00:00","2025-03-12 10:00:00",UA,116,115,0,1,2.939655172413793,0.0,8.620689655172415
"2025-03-12 09:00:00","2025-03-12 10:00:00",WN,182,181,0,1,0.32967032967032966,0.0,6.593406593406593
"2025-03-12 10:00:00","2025-03-12 11:00:00",AA,128,128,0,0,3.3984375,0.0,7.03125
"2025-03-12 10:00:00","2025-03-12 11:00:00",DL,146,146,0,0,-2.6232876712328768,0.0,4.109589041095891
"2025-03-12 10:00:00","2025-03-12 11:00:00",UA,106,105,0,1,4.518867924528302,0.0,17.92452830188679
"2025-03-12 10:00:00","2025-03-12 11:00:00",WN,220,219,1,0,0.7214611872146118,0.45454545454545453,7.30593607305936
"2025-03-12 11:00:00","2025-03-12 12:00:00",AA,159,159,0,0,6.955974842767295,0.0,9.433962264150944
"2025-03-12 11:00:00","2025-03-12 12:00:00",DL,205,205,0,0,0.23902439024390243,0.0,7.317073170731708
"2025-03-12 11:00:00","2025-03-12 12:00:00",UA,122,122,0,0,4.778688524590164,0.0,17.21311475409836
"2025-03-12 11:00:00","2025-03-12 12:00:00",WN,214,213,1,0,1.483568075117371,0.4672897196261682,7.981220657276995
"2025-03-12 12:00:00","2025-03-12 13:00:00",AA,135,134,0,1,11.718518518518518,0.0,14.814814814814815
"2025-03-12 12:00:00","2025-03-12 13:00:00",DL,154,154,0,0,0.5909090909090909,0.0,8.441558441558442
"2025-03-12 12:00:00","2025-03-12 13:00:00",UA,114,114,0,0,7.807017543859649,0.0,15.789473684210526
"2025-03-12 12:00:00","2025-03-12 13:00:00",WN,216,215,1,0,2.5953488372093023,0.46296296296296297,8.837209302325581
"2025-03-12 13:00:00","2025-03-12 14:00:00",AA,143,142,0,1,5.475524475524476,0.0,11.188811188811188
"2025-03-12 13:00:00","2025-03-12 14:00:00",DL,147,147,0,0,2.4693877551020407,0.0,11.564625850340136
"2025-03-12 13:00:00","2025-03-12 14:00:00",UA,131,131,0,0,9.007633587786259,0.0,18.3206106870229
"2025-03-12 13:00:00","2025-03-12 14:00:00",WN,229,229,0,0,4.895196506550218,0.0,13.100436681222707
"2025-03-12 14:00:00","2025-03-12 15:00:00",AA,113,113,0,0,7.079646017699115,0.0,15.929203539823009
"2025-03-12 14:00:00","2025-03-12 15:00:00",DL,130,130,0,0,2.769230769230769,0.0,10.0
"2025-03-12 14:00:00","2025-03-12 15:00:00",UA,118,118,0,0,12.398305084745763,0.0,21.1864406779661
"2025-03-12 14:00:00","2025-03-12 15:00:00",WN,203,201,0,2,3.12807881773399,0.0,8.866995073891626
"2025-03-12 15:00:00","2025-03-12 16:00:00",AA,128,128,0,0,10.0703125,0.0,20.3125
"2025-03-12 15:00:00","2025-03-12 16:00:00",DL,162,162,0,0,4.567901234567901,0.0,10.493827160493828
"2025-03-12 15:00:00","2025-03-12 16:00:00",UA,83,83,0,0,8.048192771084338,0.0,13.25301204819277
"2025-03-12 15:00:00","2025-03-12 16:00:00",WN,202,202,0,0,6.841584158415841,0.0,15.841584158415841
"2025-03-12 16:00:00","2025-03-12 17:00:00",AA,141,141,0,0,8.21985815602837,0.0,16.31205673758865
"2025-03-12 16:00:00","2025-03-12 17:00:00",DL,129,129,0,0,4.612403100775194,0.0,17.829457364341085
"2025-03-12 16:00:00","2025-03-12 17:00:00",UA,133,133,0,0,8.639097744360901,0.0,15.789473684210526
"2025-03-12 16:00:00","2025-03-12 17:00:00",WN,229,228,1,0,6.337719298245614,0.4366812227074236,15.789473684210526
"2025-03-12 17:00:00","2025-03-12 18:00:00",AA,125,125,0,0,5.024,0.0,13.6
"2025-03-12 17:00:00","2025-03-12 18:00:00",DL,148,148,0,0,6.9391891891891895,0.0,16.216216216216218
"2025-03-12 17:00:00","2025-03-12 18:00:00",UA,119,118,1,0,14.398305084745763,0.8403361344537815,21.1864406779661
"2025-03-12 17:00:00","2025-03-12 18:00:00",WN,197,197,0,0,5.385786802030457,0.0,11.6751269035533
"2025-03-12 18:00:00","2025-03-12 19:00:00",AA,147,147,0,0,22.45578231292517,0.0,21.768707482993197
"2025-03-12 18:00:00","2025-03-12 19:00:00",DL,135,135,0,0,5.311111111111111,0.0,14.074074074074074
"2025-03-12 18:00:00","2025-03-12 19:00:00",UA,130,130,0,0,11.484615384615385,0.0,16.153846153846153
"2025-03-12 18:00:00","2025-03-12 19:00:00",WN,188,187,1,0,4.550802139037433,0.5319148936170213,14.438502673796792
"2025-03-12 19:00:00","2025-03-12 20:00:00",AA,154,154,0,0,9.435064935064934,0.0,24.025974025974026
"2025-03-12 19:00:00","2025-03-12 20:00:00",DL,124,124,0,0,5.419354838709677,0.0,12.096774193548388
"2025-03-12 19:00:00","2025-03-12 20:00:00",UA,119,119,0,0,5.873949579831932,0.0,15.966386554621849
"2025-03-12 19:00:00","2025-03-12 20:00:00",WN,266,266,0,0,4.6992481203007515,0.0,15.413533834586467
"2025-03-12 20:00:00","2025-03-12 21:00:00",AA,122,122,0,0,7.368852459016393,0.0,14.754098360655737
"2025-03-12 20:00:00","2025-03-12 21:00:00",DL,91,91,0,0,2.6923076923076925,0.0,14.285714285714286
"2025-03-12 20:00:00","2025-03-12 21:00:00",UA,98,98,0,0,15.63265306122449,0.0,18.367346938775512
"2025-03-12 20:00:00","2025-03-12 21:00:00",WN,171,171,0,0,4.333333333333333,0.0,18.71345029239766
"2025-03-12 21:00:00","2025-03-12 22:00:00",AA,79,79,0,0,5.253164556962025,0.0,18.9873417721519
"2025-03-12 21:00:00","2025-03-12 22:00:00",DL,74,73,0,1,5.95945945945946,0.0,16.216216216216218
"2025-03-12 21:00:00","2025-03-12 22:00:00",UA,55,55,0,0,4.381818181818182,0.0,14.545454545454545
"2025-03-12 21:00:00","2025-03-12 22:00:00",WN,150,150,0,0,3.42,0.0,14.666666666666666
"2025-03-12 22:00:00","2025-03-12 23:00:00",AA,90,90,0,0,8.633333333333333,0.0,14.444444444444445
"2025-03-12 22:00:00","2025-03-12 23:00:00",DL,79,79,0,0,5.012658227848101,0.0,8.860759493670885
"2025-03-12 22:00:00","2025-03-12 23:00:00",UA,32,32,0,0,4.96875,0.0,21.875
"2025-03-12 22:00:00","2025-03-12 23:00:00",WN,9,9,0,0,-4.333333333333333,0.0,0.0
"2025-03-12 23:00:00","2025-03-13 00:00:00",AA,26,26,0,0,29.53846153846154,0.0,11.538461538461538
"2025-03-12 23:00:00","2025-03-13 00:00:00",DL,34,34,0,0,2.2941176470588234,0.0,11.764705882352942
"2025-03-12 23:00:00","2025-03-13 00:00:00",UA,44,44,0,0,0.5,0.0,9.090909090909092
"2025-03-12 23:00:00","2025-03-13 00:00:00",WN,8,8,0,0,-1.875,0.0,0.0
"2025-03-13 00:00:00","2025-03-13 01:00:00",AA,9,9,0,0,-4.0,0.0,0.0
"2025-03-13 00:00:00","2025-03-13 01:00:00",DL,3,3,0,0,-9.666666666666666,0.0,0.0
"2025-03-13 00:00:00","2025-03-13 01:00:00",UA,6,6,0,0,1.5,0.0,0.0
"2025-03-13 01:00:00","2025-03-13 02:00:00",DL,2,2,0,0,-3.0,0.0,0.0
"2025-03-13 01:00:00","2025-03-13 02:00:00",UA,1,1,0,0,-10.0,0.0,0.0
"2025-03-13 05:00:00","2025-03-13 06:00:00",AA,106,106,0,0,-3.641509433962264,0.0,4.716981132075472
"2025-03-13 05:00:00","2025-03-13 06:00:00",DL,61,61,0,0,-3.8360655737704916,0.0,3.278688524590164
"2025-03-13 05:00:00","2025-03-13 06:00:00",UA,39,39,0,0,0.0,0.0,5.128205128205129
"2025-03-13 05:00:00","2025-03-13 06:00:00",WN,171,171,0,0,-0.1286549707602339,0.0,1.1695906432748537
"2025-03-13 06:00:00","2025-03-13 07:00:00",AA,179,179,0,0,1.910614525139665,0.0,7.82122905027933
"2025-03-13 06:00:00","2025-03-13 07:00:00",DL,187,187,0,0,-4.2994652406417115,0.0,3.2085561497326203
"2025-03-13 06:00:00","2025-03-13 07:00:00",UA,140,140,0,0,-1.457142857142857,0.0,8.571428571428571
"2025-03-13 06:00:00","2025-03-13 07:00:00",WN,299,296,3,0,-1.6587837837837838,1.0033444816053512,3.3783783783783785
"2025-03-13 07:00:00","2025-03-13 08:00:00",AA,210,210,0,0,-2.0476190476190474,0.0,3.8095238095238093
"2025-03-13 07:00:00","2025-03-13 08:00:00",DL,236,235,0,1,-1.021186440677966,0.0,3.8135593220338984
"2025-03-13 07:00:00","2025-03-13 08:00:00",UA,187,185,2,0,-0.14594594594594595,1.0695187165775402,5.945945945945946
"2025-03-13 07:00:00","2025-03-13 08:00:00",WN,211,208,1,2,-0.3,0.47393364928909953,5.714285714285714
"2025-03-13 08:00:00","2025-03-13 09:00:00",AA,191,190,1,0,11.436842105263159,0.5235602094240838,13.68421052631579
"2025-03-13 08:00:00","2025-03-13 09:00:00",DL,172,171,1,0,3.0994152046783627,0.5813953488372093,6.432748538011696
"2025-03-13 08:00:00","2025-03-13 09:00:00",UA,164,163,1,0,-0.17177914110429449,0.6097560975609756,6.134969325153374
"2025-03-13 08:00:00","2025-03-13 09:00:00",WN,248,240,7,1,0.8796680497925311,2.8225806451612905,7.053941908713693
"2025-03-13 09:00:00","2025-03-13 10:00:00",AA,111,111,0,0,10.36036036036036,0.0,13.513513513513514
"2025-03-13 09:00:00","2025-03-13 10:00:00",DL,115,115,0,0,3.4347826086956523,0.0,8.695652173913043
"2025-03-13 09:00:00","2025-03-13 10:00:00",UA,121,121,0,0,2.4710743801652892,0.0,11.570247933884298
"2025-03-13 09:00:00","2025-03-13 10:00:00",WN,205,203,2,0,1.935960591133005,0.975609756097561,9.852216748768473
"2025-03-13 10:00:00","2025-03-13 11:00:00",AA,135,135,0,0,7.088888888888889,0.0,15.555555555555555
"2025-03-13 10:00:00","2025-03-13 11:00:00",DL,155,155,0,0,0.14193548387096774,0.0,5.806451612903226
"2025-03-13 10:00:00","2025-03-13 11:00:00",UA,118,118,0,0,4.067796610169491,0.0,11.016949152542374
"2025-03-13 10:00:00","2025-03-13 11:00:00",WN,208,201,7,0,9.945273631840797,3.3653846153846154,16.915422885572138
"2025-03-13 11:00:00","2025-03-13 12:00:00",AA,147,147,0,0,7.034013605442177,0.0,14.965986394557824
"2025-03-13 11:00:00","2025-03-13 12:00:00",DL,200,200,0,0,3.115,0.0,12.0
"2025-03-13 11:00:00","2025-03-13 12:00:00",UA,117,116,1,0,5.75,0.8547008547008547,13.793103448275861
"2025-03-13 11:00:00","2025-03-13 12:00:00",WN,223,217,6,0,9.31336405529954,2.690582959641256,16.589861751152075
"2025-03-13 12:00:00","2025-03-13 13:00:00",AA,132,132,0,0,6.696969696969697,0.0,18.181818181818183
"2025-03-13 12:00:00","2025-03-13 13:00:00",DL,149,148,0,1,2.5167785234899327,0.0,14.765100671140939
"2025-03-13 12:00:00","2025-03-13 13:00:00",UA,119,117,1,1,6.567796610169491,0.8403361344537815,11.864406779661017
"2025-03-13 12:00:00","2025-03-13 13:00:00",WN,207,201,6,0,12.064676616915422,2.898550724637681,23.383084577114428
"2025-03-13 13:00:00","2025-03-13 14:00:00",AA,141,138,0,3,11.49645390070922,0.0,17.73049645390071
"2025-03-13 13:00:00","2025-03-13 14:00:00",DL,147,147,0,0,6.673469387755102,0.0,14.965986394557824
"2025-03-13 13:00:00","2025-03-13 14:00:00",UA,134,132,0,2,8.940298507462687,0.0,14.925373134328359
"2025-03-13 13:00:00","2025-03-13 14:00:00",WN,237,233,4,0,15.802575107296137,1.6877637130801688,27.467811158798284
"2025-03-13 14:00:00","2025-03-13 15:00:00",AA,122,122,0,0,18.065573770491802,0.0,16.39344262295082
"2025-03-13 14:00:00","2025-03-13 15:00:00",DL,135,134,1,0,8.373134328358208,0.7407407407407407,17.91044776119403
"2025-03-13 14:00:00","2025-03-13 15:00:00",UA,116,116,0,0,7.422413793103448,0.0,9.482758620689655
"2025-03-13 14:00:00","2025-03-13 15:00:00",WN,215,210,5,0,18.847619047619048,2.3255813953488373,30.952380952380953
"2025-03-13 15:00:00","2025-03-13 16:00:00",AA,127,127,0,0,10.614173228346457,0.0,19.68503937007874
"2025-03-13 15:00:00","2025-03-13 16:00:00",DL,162,161,0,1,10.654320987654321,0.0,22.839506172839506
"2025-03-13 15:00:00","2025-03-13 16:00:00",UA,90,89,0,1,10.988888888888889,0.0,15.555555555555555
"2025-03-13 15:00:00","2025-03-13 16:00:00",WN,202,200,2,0,16.225,0.9900990099009901,31.0
"2025-03-13 16:00:00","2025-03-13 17:00:00",AA,130,129,0,1,14.807692307692308,0.0,26.923076923076923
"2025-03-13 16:00:00","2025-03-13 17:00:00",DL,127,127,0,0,7.968503937007874,0.0,21.25984251968504
"2025-03-13 16:00:00","2025-03-13 17:00:00",UA,128,128,0,0,13.34375,0.0,25.0
"2025-03-13 16:00:00","2025-03-13 17:00:00",WN,212,209,2,1,19.51904761904762,0.9433962264150944,33.80952380952381
"2025-03-13 17:00:00","2025-03-13 18:00:00",AA,151,151,0,0,12.596026490066226,0.0,25.165562913907284
"2025-03-13 17:00:00","2025-03-13 18:00:00",DL,176,176,0,0,9.301136363636363,0.0,21.022727272727273
"2025-03-13 17:00:00","2025-03-13 18:00:00",UA,121,121,0,0,6.6115702479338845,0.0,12.396694214876034
"2025-03-13 17:00:00","2025-03-13 18:00:00",WN,235,234,1,0,19.418803418803417,0.425531914893617,32.05128205128205
"2025-03-13 18:00:00","2025-03-13 19:00:00",AA,148,148,0,0,12.391891891891891,0.0,26.35135135135135
"2025-03-13 18:00:00","2025-03-13 19:00:00",DL,156,156,0,0,13.326923076923077,0.0,30.128205128205128
"2025-03-13 18:00:00","2025-03-13 19:00:00",UA,137,137,0,0,6.321167883211679,0.0,19.708029197080293
"2025-03-13 18:00:00","2025-03-13 19:00:00",WN,236,236,0,0,27.14406779661017,0.0,44.91525423728814
"2025-03-13 19:00:00","2025-03-13 20:00:00",AA,155,153,1,1,22.714285714285715,0.6451612903225806,28.571428571428573
"2025-03-13 19:00:00","2025-03-13 20:00:00",DL,159,159,0,0,5.80503144654088,0.0,14.465408805031446
"2025-03-13 19:00:00","2025-03-13 20:00:00",UA,131,131,0,0,12.923664122137405,0.0,25.19083969465649
"2025-03-13 19:00:00","2025-03-13 20:00:00",WN,215,215,0,0,22.23720930232558,0.0,42.7906976744186
"2025-03-13 20:00:00","2025-03-13 21:00:00",AA,117,117,0,0,22.76923076923077,0.0,32.47863247863248
"2025-03-13 20:00:00","2025-03-13 21:00:00",DL,110,109,0,1,12.872727272727273,0.0,25.454545454545453
"2025-03-13 20:00:00","2025-03-13 21:00:00",UA,93,93,0,0,17.06451612903226,0.0,30.107526881720432
"2025-03-13 20:00:00","2025-03-13 21:00:00",WN,253,253,0,0,19.699604743083004,0.0,34.78260869565217
"2025-03-13 21:00:00","2025-03-13 22:00:00",AA,81,81,0,0,18.296296296296298,0.0,33.333333333333336
"2025-03-13 21:00:00","2025-03-13 22:00:00",DL,94,93,0,1,8.46808510638298,0.0,21.27659574468085
"2025-03-13 21:00:00","2025-03-13 22:00:00",UA,60,60,0,0,5.833333333333333,0.0,16.666666666666668
"2025-03-13 21:00:00","2025-03-13 22:00:00",WN,164,163,1,0,21.312883435582823,0.6097560975609756,40.49079754601227
"2025-03-13 22:00:00","2025-03-13 23:00:00",AA,90,90,0,0,7.844444444444444,0.0,15.555555555555555
"2025-03-13 22:00:00","2025-03-13 23:00:00",DL,85,85,0,0,5.776470588235294,0.0,17.647058823529413
"2025-03-13 22:00:00","2025-03-13 23:00:00",UA,30,30,0,0,-0.06666666666666667,0.0,13.333333333333334
"2025-03-13 22:00:00","2025-03-13 23:00:00",WN,123,123,0,0,11.284552845528456,0.0,29.26829268292683
"2025-03-13 23:00:00","2025-03-14 00:00:00",AA,29,29,0,0,8.379310344827585,0.0,34.48275862068966
"2025-03-13 23:00:00","2025-03-14 00:00:00",DL,38,38,0,0,5.0,0.0,13.157894736842104
"2025-03-13 23:00:00","2025-03-14 00:00:00",UA,39,39,0,0,2.2051282051282053,0.0,10.256410256410257
"2025-03-13 23:00:00","2025-03-14 00:00:00",WN,8,8,0,0,5.5,0.0,12.5
"2025-03-14 00:00:00","2025-03-14 01:00:00",AA,10,10,0,0,1.9,0.0,10.0
"2025-03-14 00:00:00","2025-03-14 01:00:00",DL,7,7,0,0,33.857142857142854,0.0,57.142857142857146
"2025-03-14 00:00:00","2025-03-14 01:00:00",UA,7,7,0,0,16.428571428571427,0.0,14.285714285714286
"2025-03-14 01:00:00","2025-03-14 02:00:00",DL,2,2,0,0,-2.5,0.0,0.0
"2025-03-14 01:00:00","2025-03-14 02:00:00",UA,1,1,0,0,-2.0,0.0,0.0
"2025-03-14 05:00:00","2025-03-14 06:00:00",AA,105,105,0,0,3.295238095238095,0.0,6.666666666666667
"2025-03-14 05:00:00","2025-03-14 06:00:00",DL,57,57,0,0,-3.1052631578947367,0.0,5.2631578947368425
"2025-03-14 05:00:00","2025-03-14 06:00:00",UA,40,40,0,0,-2.325,0.0,2.5
"2025-03-14 05:00:00","2025-03-14 06:00:00",WN,163,162,1,0,-0.9938271604938271,0.6134969325153374,1.8518518518518519
"2025-03-14 06:00:00","2025-03-14 07:00:00",AA,172,172,0,0,2.122093023255814,0.0,6.395348837209302
"2025-03-14 06:00:00","2025-03-14 07:00:00",DL,173,173,0,0,3.8554913294797686,0.0,5.202312138728324
"2025-03-14 06:00:00","2025-03-14 07:00:00",UA,128,128,0,0,-0.5234375,0.0,6.25
"2025-03-14 06:00:00","2025-03-14 07:00:00",WN,266,266,0,0,2.2481203007518795,0.0,6.015037593984962
"2025-03-14 07:00:00","2025-03-14 08:00:00",AA,215,211,3,1,0.7594339622641509,1.3953488372093024,8.018867924528301
"2025-03-14 07:00:00","2025-03-14 08:00:00",DL,239,238,0,1,-0.25523012552301255,0.0,4.184100418410042
"2025-03-14 07:00:00","2025-03-14 08:00:00",UA,193,191,1,1,2.359375,0.5181347150259067,10.416666666666666
"2025-03-14 07:00:00","2025-03-14 08:00:00",WN,218,217,1,0,0.45161290322580644,0.45871559633027525,5.0691244239631335
"2025-03-14 08:00:00","2025-03-14 09:00:00",AA,169,154,14,1,8.464516129032258,8.284023668639053,10.96774193548387
"2025-03-14 08:00:00","2025-03-14 09:00:00",DL,163,162,0,1,0.9693251533742331,0.0,8.588957055214724
"2025-03-14 08:00:00","2025-03-14 09:00:00",UA,150,148,1,1,3.8053691275167787,0.6666666666666666,12.080536912751677
"2025-03-14 08:00:00","2025-03-14 09:00:00",WN,239,238,1,0,2.73109243697479,0.41841004184100417,7.983193277310924
"2025-03-14 09:00:00","2025-03-14 10:00:00",AA,128,119,8,1,3.4916666666666667,6.25,15.0
"2025-03-14 09:00:00","2025-03-14 10:00:00",DL,129,129,0,0,1.248062015503876,0.0,10.852713178294573
"2025-03-14 09:00:00","2025-03-14 10:00:00",UA,128,127,1,0,7.039370078740157,0.78125,14.173228346456693
"2025-03-14 09:00:00","2025-03-14 10:00:00",WN,229,227,2,0,5.546255506607929,0.8733624454148472,11.45374449339207
"2025-03-14 10:00:00","2025-03-14 11:00:00",AA,126,114,12,0,9.18421052631579,9.523809523809524,15.789473684210526
"2025-03-14 10:00:00","2025-03-14 11:00:00",DL,148,147,0,1,5.087837837837838,0.0,12.837837837837839
"2025-03-14 10:00:00","2025-03-14 11:00:00",UA,110,110,0,0,14.954545454545455,0.0,18.181818181818183
"2025-03-14 10:00:00","2025-03-14 11:00:00",WN,212,210,2,0,4.533333333333333,0.9433962264150944,10.952380952380953
"2025-03-14 11:00:00","2025-03-14 12:00:00",AA,157,135,22,0,16.42962962962963,14.012738853503185,17.037037037037038
"2025-03-14 11:00:00","2025-03-14 12:00:00",DL,197,197,0,0,5.817258883248731,0.0,16.243654822335024
"2025-03-14 11:00:00","2025-03-14 12:00:00",UA,124,124,0,0,12.588709677419354,0.0,21.774193548387096
"2025-03-14 11:00:00","2025-03-14 12:00:00",WN,230,230,0,0,6.991304347826087,0.0,17.391304347826086
"2025-03-14 12:00:00","2025-03-14 13:00:00",AA,133,107,26,0,19.327102803738317,19.548872180451127,22.429906542056074
"2025-03-14 12:00:00","2025-03-14 13:00:00",DL,152,152,0,0,10.072368421052632,0.0,16.44736842105263
"2025-03-14 12:00:00","2025-03-14 13:00:00",UA,115,115,0,0,4.078260869565217,0.0,15.652173913043478
"2025-03-14 12:00:00","2025-03-14 13:00:00",WN,203,199,4,0,10.64321608040201,1.9704433497536946,21.105527638190956
"2025-03-14 13:00:00","2025-03-14 14:00:00",AA,137,119,18,0,6.873949579831932,13.138686131386862,15.966386554621849
"2025-03-14 13:00:00","2025-03-14 14:00:00",DL,149,149,0,0,17.355704697986578,0.0,16.778523489932887
"2025-03-14 13:00:00","2025-03-14 14:00:00",UA,134,134,0,0,13.022388059701493,0.0,20.149253731343283
"2025-03-14 13:00:00","2025-03-14 14:00:00",WN,235,233,2,0,12.871244635193133,0.851063829787234,26.609442060085836
"2025-03-14 14:00:00","2025-03-14 15:00:00",AA,128,106,22,0,13.69811320754717,17.1875,24.528301886792452
"2025-03-14 14:00:00","2025-03-14 15:00:00",DL,146,144,1,1,11.462068965517242,0.684931506849315,18.620689655172413
"2025-03-14 14:00:00","2025-03-14 15:00:00",UA,123,123,0,0,12.56910569105691,0.0,21.951219512195124
"2025-03-14 14:00:00","2025-03-14 15:00:00",WN,235,231,4,0,16.64069264069264,1.702127659574468,35.497835497835496
"2025-03-14 15:00:00","2025-03-14 16:00:00",AA,131,110,21,0,15.172727272727272,16.03053435114504,22.727272727272727
"2025-03-14 15:00:00","2025-03-14 16:00:00",DL,164,163,1,0,6.576687116564417,0.6097560975609756,19.631901840490798
"2025-03-14 15:00:00","2025-03-14 16:00:00",UA,80,80,0,0,13.675,0.0,30.0
"2025-03-14 15:00:00","2025-03-14 16:00:00",WN,202,200,1,1,16.45273631840796,0.49504950495049505,36.318407960199
"2025-03-14 16:00:00","2025-03-14 17:00:00",AA,134,114,19,1,8.6,14.17910447761194,18.26086956521739
"2025-03-14 16:00:00","2025-03-14 17:00:00",DL,131,130,0,1,9.251908396946565,0.0,20.610687022900763
"2025-03-14 16:00:00","2025-03-14 17:00:00",UA,136,136,0,0,11.191176470588236,0.0,24.264705882352942
"2025-03-14 16:00:00","2025-03-14 17:00:00",WN,222,220,1,1,18.398190045248867,0.45045045045045046,35.294117647058826
"2025-03-14 17:00:00","2025-03-14 18:00:00",AA,145,128,17,0,24.6953125,11.724137931034482,28.125
"2025-03-14 17:00:00","2025-03-14 18:00:00",DL,163,162,1,0,11.401234567901234,0.6134969325153374,22.22222222222222
"2025-03-14 17:00:00","2025-03-14 18:00:00",UA,124,123,1,0,9.382113821138212,0.8064516129032258,20.32520325203252
"2025-03-14 17:00:00","2025-03-14 18:00:00",WN,224,223,1,0,16.457399103139014,0.44642857142857145,30.493273542600896
"2025-03-14 18:00:00","2025-03-14 19:00:00",AA,156,141,15,0,21.45390070921986,9.615384615384615,26.24113475177305
"2025-03-14 18:00:00","2025-03-14 19:00:00",DL,153,153,0,0,9.411764705882353,0.0,19.607843137254903
"2025-03-14 18:00:00","2025-03-14 19:00:00",UA,140,140,0,0,15.192857142857143,0.0,23.571428571428573
"2025-03-14 18:00:00","2025-03-14 19:00:00",WN,229,227,1,1,22.105263157894736,0.4366812227074236,41.666666666666664
"2025-03-14 19:00:00","2025-03-14 20:00:00",AA,159,139,20,0,15.417266187050359,12.578616352201259,30.215827338129497
"2025-03-14 19:00:00","2025-03-14 20:00:00",DL,161,160,1,0,10.9875,0.6211180124223602,25.625
"2025-03-14 19:00:00","2025-03-14 20:00:00",UA,130,130,0,0,9.553846153846154,0.0,23.076923076923077
"2025-03-14 19:00:00","2025-03-14 20:00:00",WN,219,219,0,0,20.52054794520548,0.0,36.073059360730596
"2025-03-14 20:00:00","2025-03-14 21:00:00",AA,126,124,2,0,25.048387096774192,1.5873015873015872,32.25806451612903
"2025-03-14 20:00:00","2025-03-14 21:00:00",DL,119,119,0,0,13.831932773109244,0.0,28.571428571428573
"2025-03-14 20:00:00","2025-03-14 21:00:00",UA,97,96,0,1,17.0,0.0,30.927835051546392
"2025-03-14 20:00:00","2025-03-14 21:00:00",WN,265,265,0,0,20.958490566037735,0.0,35.84905660377358
"2025-03-14 21:00:00","2025-03-14 22:00:00",AA,85,81,4,0,29.395061728395063,4.705882352941177,34.5679012345679
"2025-03-14 21:00:00","2025-03-14 22:00:00",DL,90,90,0,0,5.344444444444444,0.0,16.666666666666668
"2025-03-14 21:00:00","2025-03-14 22:00:00",UA,55,55,0,0,8.381818181818181,0.0,23.636363636363637
"2025-03-14 21:00:00","2025-03-14 22:00:00",WN,159,158,0,1,22.333333333333332,0.0,45.283018867924525
"2025-03-14 22:00:00","2025-03-14 23:00:00",AA,102,101,1,0,8.188118811881187,0.9803921568627451,19.801980198019802
"2025-03-14 22:00:00","2025-03-14 23:00:00",DL,101,101,0,0,9.178217821782178,0.0,26.73267326732673
"2025-03-14 22:00:00","2025-03-14 23:00:00",UA,33,32,0,1,4.0,0.0,9.090909090909092
"2025-03-14 22:00:00","2025-03-14 23:00:00",WN,134,132,0,2,18.417910447761194,0.0,35.07462686567164
"2025-03-14 23:00:00","2025-03-15 00:00:00",AA,29,29,0,0,6.0,0.0,24.137931034482758
"2025-03-14 23:00:00","2025-03-15 00:00:00",DL,40,40,0,0,7.875,0.0,12.5
"2025-03-14 23:00:00","2025-03-15 00:00:00",UA,46,46,0,0,4.0,0.0,17.391304347826086
"2025-03-14 23:00:00","2025-03-15 00:00:00",WN,9,9,0,0,9.11111111111111,0.0,33.333333333333336
"2025-03-15 00:00:00","2025-03-15 01:00:00",AA,10,10,0,0,-4.7,0.0,0.0
"2025-03-15 00:00:00","2025-03-15 01:00:00",DL,6,6,0,0,-2.3333333333333335,0.0,16.666666666666668
"2025-03-15 00:00:00","2025-03-15 01:00:00",UA,7,7,0,0,10.0,0.0,28.571428571428573
"2025-03-15 01:00:00","2025-03-15 02:00:00",DL,2,2,0,0,9.0,0.0,50.0
"2025-03-15 01:00:00","2025-03-15 02:00:00",UA,1,1,0,0,40.0,0.0,100.0
"2025-03-15 05:00:00","2025-03-15 06:00:00",AA,104,104,0,0,16.432692307692307,0.0,10.576923076923077
"2025-03-15 05:00:00","2025-03-15 06:00:00",DL,64,64,0,0,21.03125,0.0,14.0625
"2025-03-15 05:00:00","2025-03-15 06:00:00",UA,50,50,0,0,5.44,0.0,12.0
"2025-03-15 05:00:00","2025-03-15 06:00:00",WN,180,180,0,0,0.8055555555555556,0.0,7.222222222222222
"2025-03-15 06:00:00","2025-03-15 07:00:00",AA,177,177,0,0,13.05084745762712,0.0,11.864406779661017
"2025-03-15 06:00:00","2025-03-15 07:00:00",DL,170,170,0,0,3.0647058823529414,0.0,8.823529411764707
"2025-03-15 06:00:00","2025-03-15 07:00:00",UA,144,144,0,0,8.347222222222221,0.0,16.666666666666668
"2025-03-15 06:00:00","2025-03-15 07:00:00",WN,266,266,0,0,0.5939849624060151,0.0,5.639097744360902
"2025-03-15 07:00:00","2025-03-15 08:00:00",AA,196,196,0,0,5.714285714285714,0.0,14.795918367346939
"2025-03-15 07:00:00","2025-03-15 08:00:00",DL,207,207,0,0,4.763285024154589,0.0,13.526570048309178
"2025-03-15 07:00:00","2025-03-15 08:00:00",UA,174,174,0,0,22.086206896551722,0.0,29.310344827586206
"2025-03-15 07:00:00","2025-03-15 08:00:00",WN,210,209,0,1,4.619047619047619,0.0,11.904761904761905
"2025-03-15 08:00:00","2025-03-15 09:00:00",AA,176,176,0,0,12.988636363636363,0.0,17.613636363636363
"2025-03-15 08:00:00","2025-03-15 09:00:00",DL,160,158,0,2,9.125,0.0,18.125
"2025-03-15 08:00:00","2025-03-15 09:00:00",UA,152,151,1,0,21.43046357615894,0.6578947368421053,29.13907284768212
"2025-03-15 08:00:00","2025-03-15 09:00:00",WN,213,212,0,1,9.070422535211268,0.0,15.96244131455399
"2025-03-15 09:00:00","2025-03-15 10:00:00",AA,110,109,1,0,15.119266055045872,0.9090909090909091,25.68807339449541
"2025-03-15 09:00:00","2025-03-15 10:00:00",DL,129,129,0,0,8.868217054263566,0.0,19.37984496124031
"2025-03-15 09:00:00","2025-03-15 10:00:00",UA,105,105,0,0,16.933333333333334,0.0,27.61904761904762
"2025-03-15 09:00:00","2025-03-15 10:00:00",WN,177,177,0,0,10.717514124293785,0.0,18.07909604519774
"2025-03-15 10:00:00","2025-03-15 11:00:00",AA,122,122,0,0,10.795081967213115,0.0,19.672131147540984
"2025-03-15 10:00:00","2025-03-15 11:00:00",DL,125,125,0,0,16.84,0.0,29.6
"2025-03-15 10:00:00","2025-03-15 11:00:00",UA,112,112,0,0,33.089285714285715,0.0,43.75
"2025-03-15 10:00:00","2025-03-15 11:00:00",WN,176,175,0,1,20.022727272727273,0.0,30.113636363636363
"2025-03-15 11:00:00","2025-03-15 12:00:00",AA,133,132,0,1,18.142857142857142,0.0,25.56390977443609
"2025-03-15 11:00:00","2025-03-15 12:00:00",DL,169,168,0,1,9.195266272189349,0.0,23.076923076923077
"2025-03-15 11:00:00","2025-03-15 12:00:00",UA,100,98,2,0,40.16326530612245,2.0,40.816326530612244
"2025-03-15 11:00:00","2025-03-15 12:00:00",WN,202,202,0,0,17.816831683168317,0.0,33.663366336633665
"2025-03-15 12:00:00","2025-03-15 13:00:00",AA,114,113,1,0,22.699115044247787,0.8771929824561403,38.05309734513274
"2025-03-15 12:00:00","2025-03-15 13:00:00",DL,132,131,1,0,15.84732824427481,0.7575757575757576,33.587786259541986
"2025-03-15 12:00:00","2025-03-15 13:00:00",UA,94,93,1,0,41.53763440860215,1.0638297872340425,49.46236559139785
"2025-03-15 12:00:00","2025-03-15 13:00:00",WN,167,165,0,2,23.44311377245509,0.0,37.724550898203596
"2025-03-15 13:00:00","2025-03-15 14:00:00",AA,124,124,0,0,30.43548387096774,0.0,35.483870967741936
"2025-03-15 13:00:00","2025-03-15 14:00:00",DL,126,125,1,0,32.48,0.7936507936507936,35.2
"2025-03-15 13:00:00","2025-03-15 14:00:00",UA,124,123,0,1,21.177419354838708,0.0,29.838709677419356
"2025-03-15 13:00:00","2025-03-15 14:00:00",WN,227,226,1,0,21.672566371681416,0.44052863436123346,38.05309734513274
"2025-03-15 14:00:00","2025-03-15 15:00:00",AA,113,112,0,1,28.008849557522122,0.0,36.283185840707965
"2025-03-15 14:00:00","2025-03-15 15:00:00",DL,107,106,1,0,21.91509433962264,0.9345794392523364,33.0188679245283
"2025-03-15 14:00:00","2025-03-15 15:00:00",UA,106,103,3,0,59.84466019417476,2.830188679245283,61.16504854368932
"2025-03-15 14:00:00","2025-03-15 15:00:00",WN,157,156,0,1,35.35668789808917,0.0,41.40127388535032
"2025-03-15 15:00:00","2025-03-15 16:00:00",AA,118,118,0,0,38.779661016949156,0.0,44.91525423728814
"2025-03-15 15:00:00","2025-03-15 16:00:00",DL,152,151,0,1,31.00657894736842,0.0,47.36842105263158
"2025-03-15 15:00:00","2025-03-15 16:00:00",UA,76,75,1,0,49.013333333333335,1.3157894736842106,49.333333333333336
"2025-03-15 15:00:00","2025-03-15 16:00:00",WN,212,211,1,0,28.540284360189574,0.4716981132075472,47.39336492890995
"2025-03-15 16:00:00","2025-03-15 17:00:00",AA,119,118,0,1,39.0672268907563,0.0,45.378151260504204
"2025-03-15 16:00:00","2025-03-15 17:00:00",DL,104,103,1,0,26.689320388349515,0.9615384615384616,42.71844660194175
"2025-03-15 16:00:00","2025-03-15 17:00:00",UA,116,116,0,0,44.043103448275865,0.0,48.275862068965516
"2025-03-15 16:00:00","2025-03-15 17:00:00",WN,184,184,0,0,29.244565217391305,0.0,41.30434782608695
"2025-03-15 17:00:00","2025-03-15 18:00:00",AA,136,135,1,0,46.48148148148148,0.7352941176470589,49.629629629629626
"2025-03-15 17:00:00","2025-03-15 18:00:00",DL,137,133,3,1,25.20149253731343,2.18978102189781,39.55223880597015
"2025-03-15 17:00:00","2025-03-15 18:00:00",UA,110,110,0,0,37.63636363636363,0.0,38.18181818181818
"2025-03-15 17:00:00","2025-03-15 18:00:00",WN,204,201,2,1,38.757425742574256,0.9803921568627451,53.46534653465346
"2025-03-15 18:00:00","2025-03-15 19:00:00",AA,139,138,1,0,34.34057971014493,0.7194244604316546,48.55072463768116
"2025-03-15 18:00:00","2025-03-15 19:00:00",DL,130,130,0,0,32.16923076923077,0.0,48.46153846153846
"2025-03-15 18:00:00","2025-03-15 19:00:00",UA,116,116,0,0,52.63793103448276,0.0,57.758620689655174
"2025-03-15 18:00:00","2025-03-15 19:00:00",WN,205,204,0,1,30.819512195121952,0.0,43.41463414634146
"2025-03-15 19:00:00","2025-03-15 20:00:00",AA,147,147,0,0,40.476190476190474,0.0,54.42176870748299
"2025-03-15 19:00:00","2025-03-15 20:00:00",DL,85,85,0,0,18.658823529411766,0.0,30.58823529411765
"2025-03-15 19:00:00","2025-03-15 20:00:00",UA,121,120,1,0,25.3,0.8264462809917356,45.833333333333336
"2025-03-15 19:00:00","2025-03-15 20:00:00",WN,216,213,2,1,34.77570093457944,0.9259259259259259,49.532710280373834
"2025-03-15 20:00:00","2025-03-15 21:00:00",AA,105,105,0,0,26.438095238095237,0.0,45.714285714285715
"2025-03-15 20:00:00","2025-03-15 21:00:00",DL,75,75,0,0,41.52,0.0,50.666666666666664
"2025-03-15 20:00:00","2025-03-15 21:00:00",UA,78,78,0,0,64.97435897435898,0.0,62.82051282051282
"2025-03-15 20:00:00","2025-03-15 21:00:00",WN,213,210,1,2,37.490566037735846,0.4694835680751174,52.35849056603774
"2025-03-15 21:00:00","2025-03-15 22:00:00",AA,89,89,0,0,39.056179775280896,0.0,46.06741573033708
"2025-03-15 21:00:00","2025-03-15 22:00:00",DL,83,81,2,0,37.04938271604938,2.4096385542168677,45.67901234567901
"2025-03-15 21:00:00","2025-03-15 22:00:00",UA,47,47,0,0,24.914893617021278,0.0,40.42553191489362
"2025-03-15 21:00:00","2025-03-15 22:00:00",WN,166,165,0,1,38.05421686746988,0.0,57.2289156626506
"2025-03-15 22:00:00","2025-03-15 23:00:00",AA,94,94,0,0,27.840425531914892,0.0,41.48936170212766
"2025-03-15 22:00:00","2025-03-15 23:00:00",DL,68,54,14,0,40.25925925925926,20.58823529411765,33.333333333333336
"2025-03-15 22:00:00","2025-03-15 23:00:00",UA,34,32,2,0,17.6875,5.882352941176471,31.25
"2025-03-15 22:00:00","2025-03-15 23:00:00",WN,101,100,0,1,36.504950495049506,0.0,70.29702970297029
"2025-03-15 23:00:00","2025-03-16 00:00:00",AA,25,25,0,0,20.92,0.0,40.0
"2025-03-15 23:00:00","2025-03-16 00:00:00",DL,24,24,0,0,41.791666666666664,0.0,37.5
"2025-03-15 23:00:00","2025-03-16 00:00:00",UA,36,36,0,0,8.805555555555555,0.0,13.88888888888889
"2025-03-15 23:00:00","2025-03-16 00:00:00",WN,8,8,0,0,1.375,0.0,0.0
"2025-03-16 00:00:00","2025-03-16 01:00:00",AA,8,8,0,0,0.0,0.0,12.5
"2025-03-16 00:00:00","2025-03-16 01:00:00",DL,4,4,0,0,16.0,0.0,25.0
"2025-03-16 00:00:00","2025-03-16 01:00:00",UA,5,5,0,0,5.4,0.0,20.0
"2025-03-16 01:00:00","2025-03-16 02:00:00",DL,2,2,0,0,-7.0,0.0,0.0
"2025-03-16 01:00:00","2025-03-16 02:00:00",UA,2,2,0,0,39.5,0.0,100.0
"2025-03-16 05:00:00","2025-03-16 06:00:00",AA,109,108,1,0,11.11111111111111,0.9174311926605505,11.11111111111111
"2025-03-16 05:00:00","2025-03-16 06:00:00",DL,65,55,10,0,20.763636363636362,15.384615384615385,12.727272727272727
"2025-03-16 05:00:00","2025-03-16 06:00:00",UA,39,38,1,0,-1.3421052631578947,2.5641025641025643,7.894736842105263
"2025-03-16 05:00:00","2025-03-16 06:00:00",WN,186,186,0,0,0.07526881720430108,0.0,8.064516129032258
"2025-03-16 06:00:00","2025-03-16 07:00:00",AA,175,168,7,0,7.636904761904762,4.0,14.285714285714286
"2025-03-16 06:00:00","2025-03-16 07:00:00",DL,172,168,4,0,9.577380952380953,2.3255813953488373,11.904761904761905
"2025-03-16 06:00:00","2025-03-16 07:00:00",UA,136,135,0,1,2.7279411764705883,0.0,13.235294117647058
"2025-03-16 06:00:00","2025-03-16 07:00:00",WN,270,270,0,0,2.477777777777778,0.0,6.296296296296297
"2025-03-16 07:00:00","2025-03-16 08:00:00",AA,211,198,12,1,10.296482412060302,5.687203791469194,14.57286432160804
"2025-03-16 07:00:00","2025-03-16 08:00:00",DL,235,231,4,0,11.852813852813853,1.702127659574468,13.41991341991342
"2025-03-16 07:00:00","2025-03-16 08:00:00",UA,187,187,0,0,5.807486631016043,0.0,14.438502673796792
"2025-03-16 07:00:00","2025-03-16 08:00:00",WN,208,208,0,0,9.95673076923077,0.0,11.057692307692308
"2025-03-16 08:00:00","2025-03-16 09:00:00",AA,183,175,7,1,20.78409090909091,3.8251366120218577,21.022727272727273
"2025-03-16 08:00:00","2025-03-16 09:00:00",DL,177,175,2,0,15.0,1.1299435028248588,24.571428571428573
"2025-03-16 08:00:00","2025-03-16 09:00:00",UA,156,154,2,0,15.87012987012987,1.2820512820512822,20.77922077922078
"2025-03-16 08:00:00","2025-03-16 09:00:00",WN,229,226,2,1,6.352422907488987,0.8733624454148472,15.418502202643172
"2025-03-16 09:00:00","2025-03-16 10:00:00",AA,129,120,9,0,25.333333333333332,6.976744186046512,25.0
"2025-03-16 09:00:00","2025-03-16 10:00:00",DL,125,125,0,0,28.792,0.0,41.6
"2025-03-16 09:00:00","2025-03-16 10:00:00",UA,126,123,2,1,23.18548387096774,1.5873015873015872,26.612903225806452
"2025-03-16 09:00:00","2025-03-16 10:00:00",WN,194,191,2,1,6.854166666666667,1.0309278350515463,14.0625
"2025-03-16 10:00:00","2025-03-16 11:00:00",AA,129,128,1,0,17.9609375,0.7751937984496124,29.6875
"2025-03-16 10:00:00","2025-03-16 11:00:00",DL,151,147,3,1,21.87162162162162,1.9867549668874172,39.86486486486486
"2025-03-16 10:00:00","2025-03-16 11:00:00",UA,108,108,0,0,28.333333333333332,0.0,33.333333333333336
"2025-03-16 10:00:00","2025-03-16 11:00:00",WN,213,207,6,0,23.632850241545892,2.816901408450704,25.603864734299517
"2025-03-16 11:00:00","2025-03-16 12:00:00",AA,154,147,3,4,47.65562913907285,1.948051948051948,43.70860927152318
"2025-03-16 11:00:00","2025-03-16 12:00:00",DL,200,194,5,1,35.753846153846155,2.5,44.61538461538461
"2025-03-16 11:00:00","2025-03-16 12:00:00",UA,115,111,2,2,30.31858407079646,1.7391304347826086,35.39823008849557
"2025-03-16 11:00:00","2025-03-16 12:00:00",WN,208,200,6,2,26.742574257425744,2.8846153846153846,29.207920792079207
"2025-03-16 12:00:00","2025-03-16 13:00:00",AA,131,126,4,1,59.13385826771653,3.053435114503817,46.45669291338583
"2025-03-16 12:00:00","2025-03-16 13:00:00",DL,144,144,0,0,45.77777777777778,0.0,56.94444444444444
"2025-03-16 12:00:00","2025-03-16 13:00:00",UA,108,104,3,1,52.523809523809526,2.7777777777777777,44.76190476190476
"2025-03-16 12:00:00","2025-03-16 13:00:00",WN,190,178,12,0,28.078651685393258,6.315789473684211,37.640449438202246
"2025-03-16 13:00:00","2025-03-16 14:00:00",AA,141,133,6,2,73.2,4.25531914893617,52.592592592592595
"2025-03-16 13:00:00","2025-03-16 14:00:00",DL,158,153,5,0,58.39869281045752,3.1645569620253164,59.47712418300654
"2025-03-16 13:00:00","2025-03-16 14:00:00",UA,136,134,2,0,33.1044776119403,1.4705882352941178,38.80597014925373
"2025-03-16 13:00:00","2025-03-16 14:00:00",WN,240,225,14,1,41.969026548672566,5.833333333333333,40.70796460176991
"2025-03-16 14:00:00","2025-03-16 15:00:00",AA,121,118,1,2,63.75833333333333,0.8264462809917356,54.166666666666664
"2025-03-16 14:00:00","2025-03-16 15:00:00",DL,143,136,6,1,51.09489051094891,4.195804195804196,59.85401459854015
"2025-03-16 14:00:00","2025-03-16 15:00:00",UA,116,113,1,2,54.356521739130436,0.8620689655172413,47.82608695652174
"2025-03-16 14:00:00","2025-03-16 15:00:00",WN,193,183,9,1,38.46195652173913,4.66321243523316,42.391304347826086
"2025-03-16 15:00:00","2025-03-16 16:00:00",AA,120,112,7,1,65.42477876106194,5.833333333333333,53.097345132743364
"2025-03-16 15:00:00","2025-03-16 16:00:00",DL,160,155,5,0,57.9741935483871,3.125,56.774193548387096
"2025-03-16 15:00:00","2025-03-16 16:00:00",UA,79,77,2,0,50.5974025974026,2.5316455696202533,48.05194805194805
"2025-03-16 15:00:00","2025-03-16 16:00:00",WN,205,194,10,1,46.676923076923075,4.878048780487805,51.794871794871796
"2025-03-16 16:00:00","2025-03-16 17:00:00",AA,135,128,7,0,72.28125,5.185185185185185,53.90625
"2025-03-16 16:00:00","2025-03-16 17:00:00",DL,130,123,5,2,67.104,3.8461538461538463,68.8
"2025-03-16 16:00:00","2025-03-16 17:00:00",UA,128,124,3,1,68.6,2.34375,60.8
"2025-03-16 16:00:00","2025-03-16 17:00:00",WN,213,194,17,2,45.744897959183675,7.981220657276995,55.61224489795919
"2025-03-16 17:00:00","2025-03-16 18:00:00",AA,151,142,8,1,75.65034965034965,5.298013245033113,60.13986013986014
"2025-03-16 17:00:00","2025-03-16 18:00:00",DL,181,177,3,1,73.38202247191012,1.6574585635359116,65.1685393258427
"2025-03-16 17:00:00","2025-03-16 18:00:00",UA,123,117,6,0,54.11965811965812,4.878048780487805,51.282051282051285
"2025-03-16 17:00:00","2025-03-16 18:00:00",WN,237,222,15,0,51.45495495495496,6.329113924050633,63.513513513513516
"2025-03-16 18:00:00","2025-03-16 19:00:00",AA,158,144,11,3,64.9047619047619,6.962025316455696,61.224489795918366
"2025-03-16 18:00:00","2025-03-16 19:00:00",DL,149,141,7,1,67.34507042253522,4.697986577181208,72.53521126760563
"2025-03-16 18:00:00","2025-03-16 19:00:00",UA,144,140,3,1,80.13475177304964,2.0833333333333335,60.99290780141844
"2025-03-16 18:00:00","2025-03-16 19:00:00",WN,211,194,14,3,60.47208121827411,6.6350710900473935,64.46700507614213
"2025-03-16 19:00:00","2025-03-16 20:00:00",AA,153,137,14,2,85.4820143884892,9.15032679738562,57.55395683453237
"2025-03-16 19:00:00","2025-03-16 20:00:00",DL,156,138,18,0,102.85507246376811,11.538461538461538,73.18840579710145
"2025-03-16 19:00:00","2025-03-16 20:00:00",UA,122,118,3,1,66.11764705882354,2.459016393442623,57.142857142857146
"2025-03-16 19:00:00","2025-03-16 20:00:00",WN,230,214,16,0,65.8411214953271,6.956521739130435,66.35514018691589
"2025-03-16 20:00:00","2025-03-16 21:00:00",AA,120,114,6,0,90.14912280701755,5.0,60.526315789473685
"2025-03-16 20:00:00","2025-03-16 21:00:00",DL,113,106,6,1,78.73831775700934,5.3097345132743365,65.42056074766356
"2025-03-16 20:00:00","2025-03-16 21:00:00",UA,93,90,3,0,58.87777777777778,3.225806451612903,70.0
"2025-03-16 20:00:00","2025-03-16 21:00:00",WN,233,213,20,0,59.53051643192488,8.583690987124463,66.66666666666667
"2025-03-16 21:00:00","2025-03-16 22:00:00",AA,95,88,7,0,83.54545454545455,7.368421052631579,55.68181818181818
"2025-03-16 21:00:00","2025-03-16 22:00:00",DL,91,83,8,0,80.19277108433735,8.791208791208792,66.26506024096386
"2025-03-16 21:00:00","2025-03-16 22:00:00",UA,59,57,1,1,59.08620689655172,1.694915254237288,67.24137931034483
"2025-03-16 21:00:00","2025-03-16 22:00:00",WN,190,175,15,0,66.04,7.894736842105263,67.42857142857143
"2025-03-16 22:00:00","2025-03-16 23:00:00",AA,92,84,8,0,49.392857142857146,8.695652173913043,51.19047619047619
"2025-03-16 22:00:00","2025-03-16 23:00:00",DL,94,89,5,0,56.37078651685393,5.319148936170213,64.04494382022472
"2025-03-16 22:00:00","2025-03-16 23:00:00",UA,31,31,0,0,64.2258064516129,0.0,74.19354838709677
"2025-03-16 22:00:00","2025-03-16 23:00:00",WN,148,134,14,0,71.05970149253731,9.45945945945946,82.08955223880596
"2025-03-16 23:00:00","2025-03-17 00:00:00",AA,30,26,4,0,24.884615384615383,13.333333333333334,38.46153846153846
"2025-03-16 23:00:00","2025-03-17 00:00:00",DL,38,35,1,2,40.891891891891895,2.6315789473684212,64.86486486486487
"2025-03-16 23:00:00","2025-03-17 00:00:00",UA,41,41,0,0,29.975609756097562,0.0,48.78048780487805
"2025-03-16 23:00:00","2025-03-17 00:00:00",WN,7,7,0,0,13.857142857142858,0.0,57.142857142857146
"2025-03-17 00:00:00","2025-03-17 01:00:00",AA,11,10,1,0,143.3,9.090909090909092,50.0
"2025-03-17 00:00:00","2025-03-17 01:00:00",DL,6,6,0,0,8.166666666666666,0.0,16.666666666666668
"2025-03-17 00:00:00","2025-03-17 01:00:00",UA,8,7,1,0,31.285714285714285,12.5,71.42857142857143
"2025-03-17 01:00:00","2025-03-17 02:00:00",DL,2,1,1,0,-14.0,50.0,0.0
"2025-03-17 01:00:00","2025-03-17 02:00:00",UA,1,1,0,0,15.0,0.0,0.0
"2025-03-17 05:00:00","2025-03-17 06:00:00",AA,106,100,6,0,13.25,5.660377358490566,15.0
"2025-03-17 05:00:00","2025-03-17 06:00:00",DL,53,50,3,0,2.26,5.660377358490566,6.0
"2025-03-17 05:00:00","2025-03-17 06:00:00",UA,39,39,0,0,3.948717948717949,0.0,12.820512820512821
"2025-03-17 05:00:00","2025-03-17 06:00:00",WN,163,157,6,0,8.573248407643312,3.6809815950920246,11.464968152866241
"2025-03-17 06:00:00","2025-03-17 07:00:00",AA,186,173,13,0,12.734104046242775,6.989247311827957,13.872832369942197
"2025-03-17 06:00:00","2025-03-17 07:00:00",DL,187,177,10,0,10.64406779661017,5.347593582887701,14.124293785310735
"2025-03-17 06:00:00","2025-03-17 07:00:00",UA,137,136,1,0,7.213235294117647,0.7299270072992701,14.705882352941176
"2025-03-17 06:00:00","2025-03-17 07:00:00",WN,290,284,6,0,12.144366197183098,2.0689655172413794,13.732394366197184
"2025-03-17 07:00:00","2025-03-17 08:00:00",AA,212,198,14,0,20.353535353535353,6.60377358490566,14.646464646464647
"2025-03-17 07:00:00","2025-03-17 08:00:00",DL,237,225,12,0,21.244444444444444,5.063291139240507,18.666666666666668
"2025-03-17 07:00:00","2025-03-17 08:00:00",UA,200,199,1,0,4.010050251256281,0.5,10.050251256281408
"2025-03-17 07:00:00","2025-03-17 08:00:00",WN,220,213,7,0,17.87323943661972,3.1818181818181817,21.5962441314554
"2025-03-17 08:00:00","2025-03-17 09:00:00",AA,198,189,9,0,18.746031746031747,4.545454545454546,19.047619047619047
"2025-03-17 08:00:00","2025-03-17 09:00:00",DL,184,176,8,0,10.8125,4.3478260869565215,17.045454545454547
"2025-03-17 08:00:00","2025-03-17 09:00:00",UA,171,169,2,0,9.218934911242604,1.1695906432748537,13.609467455621301
"2025-03-17 08:00:00","2025-03-17 09:00:00",WN,266,262,4,0,13.736641221374045,1.5037593984962405,22.519083969465647
"2025-03-17 09:00:00","2025-03-17 10:00:00",AA,114,111,2,1,22.598214285714285,1.7543859649122806,27.678571428571427
"2025-03-17 09:00:00","2025-03-17 10:00:00",DL,120,117,1,2,17.025210084033613,0.8333333333333334,22.689075630252102
"2025-03-17 09:00:00","2025-03-17 10:00:00",UA,120,120,0,0,6.316666666666666,0.0,13.333333333333334
"2025-03-17 09:00:00","2025-03-17 10:00:00",WN,208,204,4,0,14.607843137254902,1.9230769230769231,30.392156862745097
"2025-03-17 10:00:00","2025-03-17 11:00:00",AA,128,125,3,0,16.392,2.34375,18.4
"2025-03-17 10:00:00","2025-03-17 11:00:00",DL,152,151,1,0,12.3841059602649,0.6578947368421053,19.205298013245034
"2025-03-17 10:00:00","2025-03-17 11:00:00",UA,116,116,0,0,8.379310344827585,0.0,19.82758620689655
"2025-03-17 10:00:00","2025-03-17 11:00:00",WN,220,217,2,1,17.908256880733944,0.9090909090909091,27.522935779816514
"2025-03-17 11:00:00","2025-03-17 12:00:00",AA,155,155,0,0,29.787096774193547,0.0,34.193548387096776
"2025-03-17 11:00:00","2025-03-17 12:00:00",DL,197,195,2,0,20.974358974358974,1.015228426395939,34.87179487179487
"2025-03-17 11:00:00","2025-03-17 12:00:00",UA,116,114,1,1,9.747826086956522,0.8620689655172413,19.130434782608695
"2025-03-17 11:00:00","2025-03-17 12:00:00",WN,219,217,2,0,18.451612903225808,0.91324200913242,33.17972350230415
"2025-03-17 12:00:00","2025-03-17 13:00:00",AA,124,124,0,0,28.169354838709676,0.0,31.451612903225808
"2025-03-17 12:00:00","2025-03-17 13:00:00",DL,139,138,0,1,15.446043165467627,0.0,28.057553956834532
"2025-03-17 12:00:00","2025-03-17 13:00:00",UA,108,108,0,0,7.398148148148148,0.0,13.88888888888889
"2025-03-17 12:00:00","2025-03-17 13:00:00",WN,194,193,1,0,25.300518134715027,0.5154639175257731,36.26943005181347
"2025-03-17 13:00:00","2025-03-17 14:00:00",AA,135,135,0,0,32.074074074074076,0.0,28.14814814814815
"2025-03-17 13:00:00","2025-03-17 14:00:00",DL,144,144,0,0,16.930555555555557,0.0,31.25
"2025-03-17 13:00:00","2025-03-17 14:00:00",UA,128,128,0,0,10.6328125,0.0,24.21875
"2025-03-17 13:00:00","2025-03-17 14:00:00",WN,221,220,1,0,20.504545454545454,0.45248868778280543,36.81818181818182
"2025-03-17 14:00:00","2025-03-17 15:00:00",AA,135,134,1,0,21.30597014925373,0.7407407407407407,30.597014925373134
"2025-03-17 14:00:00","2025-03-17 15:00:00",DL,138,137,1,0,14.445255474452555,0.7246376811594203,28.467153284671532
"2025-03-17 14:00:00","2025-03-17 15:00:00",UA,124,124,0,0,11.879032258064516,0.0,21.774193548387096
"2025-03-17 14:00:00","2025-03-17 15:00:00",WN,235,234,1,0,30.675213675213676,0.425531914893617,48.717948717948715
"2025-03-17 15:00:00","2025-03-17 16:00:00",AA,139,139,0,0,20.050359712230215,0.0,29.496402877697843
"2025-03-17 15:00:00","2025-03-17 16:00:00",DL,178,176,2,0,28.142045454545453,1.1235955056179776,38.63636363636363
"2025-03-17 15:00:00","2025-03-17 16:00:00",UA,93,93,0,0,13.720430107526882,0.0,32.25806451612903
"2025-03-17 15:00:00","2025-03-17 16:00:00",WN,212,211,1,0,24.971563981042653,0.4716981132075472,46.44549763033175
"2025-03-17 16:00:00","2025-03-17 17:00:00",AA,125,123,1,1,24.056451612903224,0.8,34.67741935483871
"2025-03-17 16:00:00","2025-03-17 17:00:00",DL,128,128,0,0,21.203125,0.0,33.59375
"2025-03-17 16:00:00","2025-03-17 17:00:00",UA,130,129,0,1,11.492307692307692,0.0,21.53846153846154
"2025-03-17 16:00:00","2025-03-17 17:00:00",WN,218,218,0,0,28.922018348623855,0.0,58.71559633027523
"2025-03-17 17:00:00","2025-03-17 18:00:00",AA,150,150,0,0,14.926666666666666,0.0,29.333333333333332
"2025-03-17 17:00:00","2025-03-17 18:00:00",DL,176,176,0,0,17.426136363636363,0.0,34.65909090909091
"2025-03-17 17:00:00","2025-03-17 18:00:00",UA,139,139,0,0,19.151079136690647,0.0,31.654676258992804
"2025-03-17 17:00:00","2025-03-17 18:00:00",WN,237,236,0,1,26.679324894514767,0.0,47.257383966244724
"2025-03-17 18:00:00","2025-03-17 19:00:00",AA,153,152,1,0,19.07236842105263,0.6535947712418301,34.86842105263158
"2025-03-17 18:00:00","2025-03-17 19:00:00",DL,161,160,1,0,31.675,0.6211180124223602,43.125
"2025-03-17 18:00:00","2025-03-17 19:00:00",UA,144,144,0,0,11.340277777777779,0.0,23.61111111111111
"2025-03-17 18:00:00","2025-03-17 19:00:00",WN,233,231,1,1,31.857758620689655,0.4291845493562232,57.758620689655174
"2025-03-17 19:00:00","2025-03-17 20:00:00",AA,154,154,0,0,20.33116883116883,0.0,33.76623376623377
"2025-03-17 19:00:00","2025-03-17 20:00:00",DL,151,150,1,0,23.32,0.6622516556291391,43.333333333333336
"2025-03-17 19:00:00","2025-03-17 20:00:00",UA,114,114,0,0,15.956140350877194,0.0,30.70175438596491
"2025-03-17 19:00:00","2025-03-17 20:00:00",WN,203,202,1,0,25.356435643564357,0.49261083743842365,48.51485148514851
"2025-03-17 20:00:00","2025-03-17 21:00:00",AA,126,125,0,1,26.03174603174603,0.0,35.714285714285715
"2025-03-17 20:00:00","2025-03-17 21:00:00",DL,116,116,0,0,19.974137931034484,0.0,36.206896551724135
"2025-03-17 20:00:00","2025-03-17 21:00:00",UA,96,95,1,0,15.736842105263158,1.0416666666666667,27.36842105263158
"2025-03-17 20:00:00","2025-03-17 21:00:00",WN,270,267,1,2,28.17472118959108,0.37037037037037035,48.3271375464684
"2025-03-17 21:00:00","2025-03-17 22:00:00",AA,86,86,0,0,14.767441860465116,0.0,24.41860465116279
"2025-03-17 21:00:00","2025-03-17 22:00:00",DL,102,100,1,1,23.673267326732674,0.9803921568627451,43.56435643564357
"2025-03-17 21:00:00","2025-03-17 22:00:00",UA,54,54,0,0,8.555555555555555,0.0,24.074074074074073
"2025-03-17 21:00:00","2025-03-17 22:00:00",WN,163,163,0,0,29.607361963190183,0.0,58.282208588957054
"2025-03-17 22:00:00","2025-03-17 23:00:00",AA,94,94,0,0,18.77659574468085,0.0,28.72340425531915
"2025-03-17 22:00:00","2025-03-17 23:00:00",DL,90,90,0,0,13.733333333333333,0.0,33.333333333333336
"2025-03-17 22:00:00","2025-03-17 23:00:00",UA,34,34,0,0,7.323529411764706,0.0,23.529411764705884
"2025-03-17 22:00:00","2025-03-17 23:00:00",WN,118,117,1,0,17.299145299145298,0.847457627118644,46.15384615384615
"2025-03-17 23:00:00","2025-03-18 00:00:00",AA,27,26,1,0,0.3076923076923077,3.7037037037037037,7.6923076923076925
"2025-03-17 23:00:00","2025-03-18 00:00:00",DL,36,36,0,0,11.36111111111111,0.0,38.888888888888886
"2025-03-17 23:00:00","2025-03-18 00:00:00",UA,38,37,1,0,3.081081081081081,2.6315789473684212,13.513513513513514
"2025-03-17 23:00:00","2025-03-18 00:00:00",WN,8,8,0,0,11.875,0.0,37.5
"2025-03-18 00:00:00","2025-03-18 01:00:00",AA,10,10,0,0,24.4,0.0,40.0
"2025-03-18 00:00:00","2025-03-18 01:00:00",DL,7,7,0,0,11.428571428571429,0.0,28.571428571428573
"2025-03-18 00:00:00","2025-03-18 01:00:00",UA,6,6,0,0,-1.8333333333333333,0.0,0.0
"2025-03-18 01:00:00","2025-03-18 02:00:00",DL,2,2,0,0,-5.5,0.0,0.0
"2025-03-18 01:00:00","2025-03-18 02:00:00",UA,1,1,0,0,5.0,0.0,0.0
"2025-03-18 05:00:00","2025-03-18 06:00:00",AA,106,106,0,0,11.839622641509434,0.0,6.60377358490566
"2025-03-18 05:00:00","2025-03-18 06:00:00",DL,62,62,0,0,-3.629032258064516,0.0,3.225806451612903
"2025-03-18 05:00:00","2025-03-18 06:00:00",UA,33,33,0,0,-2.090909090909091,0.0,9.090909090909092
"2025-03-18 05:00:00","2025-03-18 06:00:00",WN,94,94,0,0,-1.7340425531914894,0.0,2.127659574468085
"2025-03-18 06:00:00","2025-03-18 07:00:00",AA,175,175,0,0,13.022857142857143,0.0,5.714285714285714
"2025-03-18 06:00:00","2025-03-18 07:00:00",DL,177,177,0,0,-0.5932203389830508,0.0,5.084745762711864
"2025-03-18 06:00:00","2025-03-18 07:00:00",UA,124,123,1,0,2.178861788617886,0.8064516129032258,1.6260162601626016
"2025-03-18 06:00:00","2025-03-18 07:00:00",WN,271,270,1,0,-1.1185185185185185,0.36900369003690037,2.5925925925925926
"2025-03-18 07:00:00","2025-03-18 08:00:00",AA,204,204,0,0,2.6911764705882355,0.0,6.862745098039215
"2025-03-18 07:00:00","2025-03-18 08:00:00",DL,224,224,0,0,-0.33035714285714285,0.0,6.25
"2025-03-18 07:00:00","2025-03-18 08:00:00",UA,172,168,4,0,3.857142857142857,2.3255813953488373,2.9761904761904763
"2025-03-18 07:00:00","2025-03-18 08:00:00",WN,217,217,0,0,0.10599078341013825,0.0,3.225806451612903
"2025-03-18 08:00:00","2025-03-18 09:00:00",AA,194,194,0,0,7.649484536082475,0.0,12.88659793814433
"2025-03-18 08:00:00","2025-03-18 09:00:00",DL,176,176,0,0,0.4147727272727273,0.0,7.386363636363637
"2025-03-18 08:00:00","2025-03-18 09:00:00",UA,168,167,0,1,0.35119047619047616,0.0,4.761904761904762
"2025-03-18 08:00:00","2025-03-18 09:00:00",WN,268,267,1,0,0.9700374531835206,0.373134328358209,6.367041198501872
"2025-03-18 09:00:00","2025-03-18 10:00:00",AA,121,121,0,0,10.561983471074381,0.0,12.396694214876034
"2025-03-18 09:00:00","2025-03-18 10:00:00",DL,121,121,0,0,2.43801652892562,0.0,6.6115702479338845
"2025-03-18 09:00:00","2025-03-18 10:00:00",UA,110,110,0,0,3.727272727272727,0.0,8.181818181818182
"2025-03-18 09:00:00","2025-03-18 10:00:00",WN,181,179,1,1,0.7055555555555556,0.5524861878453039,6.666666666666667
"2025-03-18 10:00:00","2025-03-18 11:00:00",AA,128,128,0,0,10.71875,0.0,18.75
"2025-03-18 10:00:00","2025-03-18 11:00:00",DL,142,142,0,0,4.457746478873239,0.0,10.56338028169014
"2025-03-18 10:00:00","2025-03-18 11:00:00",UA,113,113,0,0,9.52212389380531,0.0,10.619469026548673
"2025-03-18 10:00:00","2025-03-18 11:00:00",WN,229,228,1,0,-0.11842105263157894,0.4366812227074236,4.824561403508772
"2025-03-18 11:00:00","2025-03-18 12:00:00",AA,162,161,0,1,5.055555555555555,0.0,14.814814814814815
"2025-03-18 11:00:00","2025-03-18 12:00:00",DL,198,197,0,1,3.378787878787879,0.0,12.121212121212121
"2025-03-18 11:00:00","2025-03-18 12:00:00",UA,119,118,1,0,4.779661016949152,0.8403361344537815,8.474576271186441
"2025-03-18 11:00:00","2025-03-18 12:00:00",WN,225,221,0,4,4.711111111111111,0.0,10.666666666666666
"2025-03-18 12:00:00","2025-03-18 13:00:00",AA,130,130,0,0,11.9,0.0,23.846153846153847
"2025-03-18 12:00:00","2025-03-18 13:00:00",DL,146,145,0,1,0.9041095890410958,0.0,10.273972602739725
"2025-03-18 12:00:00","2025-03-18 13:00:00",UA,113,112,0,1,3.646017699115044,0.0,7.964601769911504
"2025-03-18 12:00:00","2025-03-18 13:00:00",WN,219,217,0,2,3.5707762557077625,0.0,14.155251141552512
"2025-03-18 13:00:00","2025-03-18 14:00:00",AA,139,139,0,0,9.16546762589928,0.0,14.388489208633093
"2025-03-18 13:00:00","2025-03-18 14:00:00",DL,136,135,0,1,13.852941176470589,0.0,14.705882352941176
"2025-03-18 13:00:00","2025-03-18 14:00:00",UA,125,123,2,0,5.260162601626016,1.6,12.195121951219512
"2025-03-18 13:00:00","2025-03-18 14:00:00",WN,219,217,1,1,1.591743119266055,0.45662100456621,7.798165137614679
"2025-03-18 14:00:00","2025-03-18 15:00:00",AA,125,125,0,0,11.552,0.0,20.0
"2025-03-18 14:00:00","2025-03-18 15:00:00",DL,127,126,0,1,5.590551181102362,0.0,14.173228346456693
"2025-03-18 14:00:00","2025-03-18 15:00:00",UA,111,110,0,1,3.4144144144144146,0.0,13.513513513513514
"2025-03-18 14:00:00","2025-03-18 15:00:00",WN,197,192,4,1,10.295336787564766,2.030456852791878,14.507772020725389
"2025-03-18 15:00:00","2025-03-18 16:00:00",AA,131,129,0,2,16.96946564885496,0.0,25.19083969465649
"2025-03-18 15:00:00","2025-03-18 16:00:00",DL,160,159,0,1,13.1625,0.0,18.75
"2025-03-18 15:00:00","2025-03-18 16:00:00",UA,79,78,1,0,4.769230769230769,1.2658227848101267,16.666666666666668
"2025-03-18 15:00:00","2025-03-18 16:00:00",WN,198,194,4,0,13.850515463917526,2.0202020202020203,17.010309278350515
"2025-03-18 16:00:00","2025-03-18 17:00:00",AA,126,126,0,0,17.96825396825397,0.0,23.80952380952381
"2025-03-18 16:00:00","2025-03-18 17:00:00",DL,122,122,0,0,11.204918032786885,0.0,18.0327868852459
"2025-03-18 16:00:00","2025-03-18 17:00:00",UA,133,132,1,0,8.378787878787879,0.7518796992481203,17.424242424242426
"2025-03-18 16:00:00","2025-03-18 17:00:00",WN,221,220,1,0,7.036363636363636,0.45248868778280543,13.636363636363637
"2025-03-18 17:00:00","2025-03-18 18:00:00",AA,136,136,0,0,21.272058823529413,0.0,25.0
"2025-03-18 17:00:00","2025-03-18 18:00:00",DL,161,161,0,0,3.5217391304347827,0.0,13.664596273291925
"2025-03-18 17:00:00","2025-03-18 18:00:00",UA,122,122,0,0,10.549180327868852,0.0,18.852459016393443
"2025-03-18 17:00:00","2025-03-18 18:00:00",WN,209,203,6,0,7.403940886699507,2.8708133971291865,17.733990147783253
"2025-03-18 18:00:00","2025-03-18 19:00:00",AA,160,160,0,0,14.7625,0.0,23.125
"2025-03-18 18:00:00","2025-03-18 19:00:00",DL,143,143,0,0,6.874125874125874,0.0,17.482517482517483
"2025-03-18 18:00:00","2025-03-18 19:00:00",UA,130,130,0,0,4.823076923076923,0.0,10.0
"2025-03-18 18:00:00","2025-03-18 19:00:00",WN,205,203,2,0,10.817733990147783,0.975609756097561,19.211822660098523
"2025-03-18 19:00:00","2025-03-18 20:00:00",AA,150,150,0,0,16.64,0.0,30.0
"2025-03-18 19:00:00","2025-03-18 20:00:00",DL,115,114,1,0,2.5526315789473686,0.8695652173913043,9.649122807017545
"2025-03-18 19:00:00","2025-03-18 20:00:00",UA,101,100,1,0,17.5,0.9900990099009901,22.0
"2025-03-18 19:00:00","2025-03-18 20:00:00",WN,266,263,3,0,9.269961977186313,1.1278195488721805,20.91254752851711
"2025-03-18 20:00:00","2025-03-18 21:00:00",AA,113,113,0,0,14.769911504424778,0.0,16.8141592920354
"2025-03-18 20:00:00","2025-03-18 21:00:00",DL,83,83,0,0,3.5783132530120483,0.0,13.25301204819277
"2025-03-18 20:00:00","2025-03-18 21:00:00",UA,87,87,0,0,9.03448275862069,0.0,18.39080459770115
"2025-03-18 20:00:00","2025-03-18 21:00:00",WN,158,157,1,0,10.07643312101911,0.6329113924050633,22.929936305732483
"2025-03-18 21:00:00","2025-03-18 22:00:00",AA,78,78,0,0,35.05128205128205,0.0,24.358974358974358
"2025-03-18 21:00:00","2025-03-18 22:00:00",DL,69,69,0,0,3.7971014492753623,0.0,15.942028985507246
"2025-03-18 21:00:00","2025-03-18 22:00:00",UA,38,38,0,0,2.526315789473684,0.0,7.894736842105263
"2025-03-18 21:00:00","2025-03-18 22:00:00",WN,146,146,0,0,10.465753424657533,0.0,30.136986301369863
"2025-03-18 22:00:00","2025-03-18 23:00:00",AA,84,84,0,0,9.214285714285714,0.0,16.666666666666668
"2025-03-18 22:00:00","2025-03-18 23:00:00",DL,83,83,0,0,-0.927710843373494,0.0,8.433734939759036
"2025-03-18 22:00:00","2025-03-18 23:00:00",UA,24,24,0,0,0.16666666666666666,0.0,8.333333333333334
"2025-03-18 22:00:00","2025-03-18 23:00:00",WN,9,9,0,0,18.555555555555557,0.0,22.22222222222222
"2025-03-18 23:00:00","2025-03-19 00:00:00",AA,25,25,0,0,2.76,0.0,16.0
"2025-03-18 23:00:00","2025-03-19 00:00:00",DL,32,32,0,0,-2.1875,0.0,12.5
"2025-03-18 23:00:00","2025-03-19 00:00:00",UA,32,32,0,0,-2.75,0.0,6.25
"2025-03-18 23:00:00","2025-03-19 00:00:00",WN,8,8,0,0,1.875,0.0,25.0
"2025-03-19 00:00:00","2025-03-19 01:00:00",AA,9,9,0,0,-0.6666666666666666,0.0,11.11111111111111
"2025-03-19 00:00:00","2025-03-19 01:00:00",DL,4,4,0,0,8.0,0.0,25.0
"2025-03-19 00:00:00","2025-03-19 01:00:00",UA,4,4,0,0,3.5,0.0,25.0
"2025-03-19 01:00:00","2025-03-19 02:00:00",DL,2,2,0,0,-5.0,0.0,0.0
"2025-03-19 01:00:00","2025-03-19 02:00:00",UA,1,1,0,0,-5.0,0.0,0.0
"2025-03-19 05:00:00","2025-03-19 06:00:00",AA,104,103,0,1,18.201923076923077,0.0,9.615384615384615
"2025-03-19 05:00:00","2025-03-19 06:00:00",DL,62,62,0,0,9.096774193548388,0.0,4.838709677419355
"2025-03-19 05:00:00","2025-03-19 06:00:00",UA,33,33,0,0,-4.909090909090909,0.0,3.0303030303030303
"2025-03-19 05:00:00","2025-03-19 06:00:00",WN,86,85,1,0,0.38823529411764707,1.1627906976744187,1.1764705882352942
"2025-03-19 06:00:00","2025-03-19 07:00:00",AA,179,177,1,1,2.0224719101123596,0.5586592178770949,8.426966292134832
"2025-03-19 06:00:00","2025-03-19 07:00:00",DL,179,179,0,0,-1.5363128491620113,0.0,2.2346368715083798
"2025-03-19 06:00:00","2025-03-19 07:00:00",UA,126,123,2,1,-4.5,1.5873015873015872,0.8064516129032258
"2025-03-19 06:00:00","2025-03-19 07:00:00",WN,287,284,3,0,0.49295774647887325,1.0452961672473868,5.633802816901408
"2025-03-19 07:00:00","2025-03-19 08:00:00",AA,208,205,1,2,15.806763285024154,0.4807692307692308,9.66183574879227
"2025-03-19 07:00:00","2025-03-19 08:00:00",DL,231,230,1,0,1.934782608695652,0.4329004329004329,4.782608695652174
"2025-03-19 07:00:00","2025-03-19 08:00:00",UA,183,182,0,1,0.3224043715846995,0.0,3.8251366120218577
"2025-03-19 07:00:00","2025-03-19 08:00:00",WN,229,225,4,0,-2.471111111111111,1.7467248908296944,2.2222222222222223
"2025-03-19 08:00:00","2025-03-19 09:00:00",AA,186,184,2,0,12.21195652173913,1.075268817204301,10.326086956521738
"2025-03-19 08:00:00","2025-03-19 09:00:00",DL,173,172,0,1,0.4277456647398844,0.0,6.358381502890174
"2025-03-19 08:00:00","2025-03-19 09:00:00",UA,166,165,1,0,-2.721212121212121,0.6024096385542169,4.242424242424242
"2025-03-19 08:00:00","2025-03-19 09:00:00",WN,260,256,4,0,1.1640625,1.5384615384615385,5.46875
"2025-03-19 09:00:00","2025-03-19 10:00:00",AA,115,114,1,0,17.82456140350877,0.8695652173913043,14.035087719298245
"2025-03-19 09:00:00","2025-03-19 10:00:00",DL,113,112,1,0,-1.8482142857142858,0.8849557522123894,4.464285714285714
"2025-03-19 09:00:00","2025-03-19 10:00:00",UA,109,107,2,0,-1.5420560747663552,1.834862385321101,5.607476635514018
"2025-03-19 09:00:00","2025-03-19 10:00:00",WN,172,171,1,0,1.4970760233918128,0.5813953488372093,7.60233918128655
"2025-03-19 10:00:00","2025-03-19 11:00:00",AA,134,134,0,0,9.276119402985074,0.0,17.16417910447761
"2025-03-19 10:00:00","2025-03-19 11:00:00",DL,153,153,0,0,0.6928104575163399,0.0,7.189542483660131
"2025-03-19 10:00:00","2025-03-19 11:00:00",UA,117,117,0,0,2.034188034188034,0.0,9.401709401709402
"2025-03-19 10:00:00","2025-03-19 11:00:00",WN,242,237,5,0,1.5780590717299579,2.0661157024793386,8.016877637130802
"2025-03-19 11:00:00","2025-03-19 12:00:00",AA,165,163,0,2,11.903030303030302,0.0,19.393939393939394
"2025-03-19 11:00:00","2025-03-19 12:00:00",DL,203,202,1,0,2.6881188118811883,0.49261083743842365,7.425742574257426
"2025-03-19 11:00:00","2025-03-19 12:00:00",UA,123,121,1,1,2.9262295081967213,0.8130081300813008,9.01639344262295
"2025-03-19 11:00:00","2025-03-19 12:00:00",WN,221,212,6,3,2.516279069767442,2.7149321266968327,10.69767441860465
"2025-03-19 12:00:00","2025-03-19 13:00:00",AA,125,121,2,2,26.943089430894307,1.6,28.45528455284553
"2025-03-19 12:00:00","2025-03-19 13:00:00",DL,147,146,1,0,0.10273972602739725,0.6802721088435374,6.164383561643835
"2025-03-19 12:00:00","2025-03-19 13:00:00",UA,102,101,1,0,0.7524752475247525,0.9803921568627451,6.930693069306931
"2025-03-19 12:00:00","2025-03-19 13:00:00",WN,214,206,6,2,3.235576923076923,2.803738317757009,9.134615384615385
"2025-03-19 13:00:00","2025-03-19 14:00:00",AA,136,135,0,1,21.801470588235293,0.0,25.735294117647058
"2025-03-19 13:00:00","2025-03-19 14:00:00",DL,140,138,1,1,5.100719424460432,0.7142857142857143,14.388489208633093
"2025-03-19 13:00:00","2025-03-19 14:00:00",UA,128,124,2,2,5.253968253968254,1.5625,11.904761904761905
"2025-03-19 13:00:00","2025-03-19 14:00:00",WN,214,210,4,0,5.0095238095238095,1.8691588785046729,13.333333333333334
"2025-03-19 14:00:00","2025-03-19 15:00:00",AA,132,126,5,1,20.11023622047244,3.787878787878788,29.921259842519685
"2025-03-19 14:00:00","2025-03-19 15:00:00",DL,133,131,1,1,6.068181818181818,0.7518796992481203,14.393939393939394
"2025-03-19 14:00:00","2025-03-19 15:00:00",UA,118,113,0,5,14.161016949152541,0.0,23.728813559322035
"2025-03-19 14:00:00","2025-03-19 15:00:00",WN,204,201,3,0,6.731343283582089,1.4705882352941178,12.437810945273633
"2025-03-19 15:00:00","2025-03-19 16:00:00",AA,131,131,0,0,24.519083969465647,0.0,45.038167938931295
"2025-03-19 15:00:00","2025-03-19 16:00:00",DL,157,156,0,1,8.063694267515924,0.0,15.92356687898089
"2025-03-19 15:00:00","2025-03-19 16:00:00",UA,85,82,2,1,12.0,2.3529411764705883,19.27710843373494
"2025-03-19 15:00:00","2025-03-19 16:00:00",WN,200,188,9,3,6.0837696335078535,4.5,18.32460732984293
"2025-03-19 16:00:00","2025-03-19 17:00:00",AA,141,137,3,1,47.72463768115942,2.127659574468085,42.028985507246375
"2025-03-19 16:00:00","2025-03-19 17:00:00",DL,128,125,1,2,13.84251968503937,0.78125,16.53543307086614
"2025-03-19 16:00:00","2025-03-19 17:00:00",UA,131,130,1,0,29.43076923076923,0.7633587786259542,32.30769230769231
"2025-03-19 16:00:00","2025-03-19 17:00:00",WN,223,215,6,2,6.654377880184332,2.690582959641256,16.129032258064516
"2025-03-19 17:00:00","2025-03-19 18:00:00",AA,146,145,1,0,35.324137931034485,0.684931506849315,44.827586206896555
"2025-03-19 17:00:00","2025-03-19 18:00:00",DL,164,163,1,0,9.52760736196319,0.6097560975609756,15.950920245398773
"2025-03-19 17:00:00","2025-03-19 18:00:00",UA,120,118,1,1,29.142857142857142,0.8333333333333334,30.252100840336134
"2025-03-19 17:00:00","2025-03-19 18:00:00",WN,217,212,5,0,7.278301886792453,2.304147465437788,13.20754716981132
"2025-03-19 18:00:00","2025-03-19 19:00:00",AA,153,150,3,0,37.28666666666667,1.9607843137254901,38.666666666666664
"2025-03-19 18:00:00","2025-03-19 19:00:00",DL,142,140,1,1,11.98581560283688,0.704225352112676,17.73049645390071
"2025-03-19 18:00:00","2025-03-19 19:00:00",UA,140,138,2,0,33.17391304347826,1.4285714285714286,36.95652173913044
"2025-03-19 18:00:00","2025-03-19 19:00:00",WN,212,208,3,1,11.45933014354067,1.4150943396226414,22.00956937799043
"2025-03-19 19:00:00","2025-03-19 20:00:00",AA,156,151,5,0,38.9271523178808,3.2051282051282053,48.34437086092715
"2025-03-19 19:00:00","2025-03-19 20:00:00",DL,133,133,0,0,5.909774436090226,0.0,20.30075187969925
"2025-03-19 19:00:00","2025-03-19 20:00:00",UA,125,124,0,1,26.552,0.0,27.2
"2025-03-19 19:00:00","2025-03-19 20:00:00",WN,276,258,18,0,8.224806201550388,6.521739130434782,18.217054263565892
"2025-03-19 20:00:00","2025-03-19 21:00:00",AA,123,121,2,0,39.14876033057851,1.6260162601626016,38.84297520661157
"2025-03-19 20:00:00","2025-03-19 21:00:00",DL,92,92,0,0,11.858695652173912,0.0,21.73913043478261
"2025-03-19 20:00:00","2025-03-19 21:00:00",UA,93,89,3,1,38.62222222222222,3.225806451612903,43.333333333333336
"2025-03-19 20:00:00","2025-03-19 21:00:00",WN,170,167,3,0,8.335329341317365,1.7647058823529411,19.161676646706585
"2025-03-19 21:00:00","2025-03-19 22:00:00",AA,80,78,2,0,19.756410256410255,2.5,32.05128205128205
"2025-03-19 21:00:00","2025-03-19 22:00:00",DL,72,72,0,0,16.59722222222222,0.0,27.77777777777778
"2025-03-19 21:00:00","2025-03-19 22:00:00",UA,55,55,0,0,20.490909090909092,0.0,27.272727272727273
"2025-03-19 21:00:00","2025-03-19 22:00:00",WN,150,148,1,1,8.704697986577182,0.6666666666666666,21.476510067114095
"2025-03-19 22:00:00","2025-03-19 23:00:00",AA,87,87,0,0,29.333333333333332,0.0,37.93103448275862
"2025-03-19 22:00:00","2025-03-19 23:00:00",DL,73,73,0,0,0.3698630136986301,0.0,10.95890410958904
"2025-03-19 22:00:00","2025-03-19 23:00:00",UA,33,33,0,0,2.3636363636363638,0.0,9.090909090909092
"2025-03-19 22:00:00","2025-03-19 23:00:00",WN,9,9,0,0,4.555555555555555,0.0,11.11111111111111
"2025-03-19 23:00:00","2025-03-20 00:00:00",AA,26,25,0,1,9.692307692307692,0.0,23.076923076923077
"2025-03-19 23:00:00","2025-03-20 00:00:00",DL,33,32,0,1,-1.7878787878787878,0.0,9.090909090909092
"2025-03-19 23:00:00","2025-03-20 00:00:00",UA,44,43,1,0,28.837209302325583,2.272727272727273,20.930232558139537
"2025-03-19 23:00:00","2025-03-20 00:00:00",WN,9,9,0,0,10.0,0.0,22.22222222222222
"2025-03-20 00:00:00","2025-03-20 01:00:00",AA,8,8,0,0,8.375,0.0,25.0
"2025-03-20 00:00:00","2025-03-20 01:00:00",DL,3,3,0,0,10.0,0.0,33.333333333333336
"2025-03-20 00:00:00","2025-03-20 01:00:00",UA,6,6,0,0,0.3333333333333333,0.0,0.0
"2025-03-20 01:00:00","2025-03-20 02:00:00",DL,2,2,0,0,-9.0,0.0,0.0
"2025-03-20 01:00:00","2025-03-20 02:00:00",UA,1,1,0,0,-4.0,0.0,0.0
"2025-03-20 05:00:00","2025-03-20 06:00:00",AA,107,106,1,0,31.858490566037737,0.9345794392523364,13.20754716981132
"2025-03-20 05:00:00","2025-03-20 06:00:00",DL,59,59,0,0,1.8135593220338984,0.0,8.474576271186441
"2025-03-20 05:00:00","2025-03-20 06:00:00",UA,40,40,0,0,3.875,0.0,7.5
"2025-03-20 05:00:00","2025-03-20 06:00:00",WN,179,179,0,0,-2.078212290502793,0.0,0.5586592178770949
"2025-03-20 06:00:00","2025-03-20 07:00:00",AA,173,171,1,1,7.069767441860465,0.5780346820809249,8.13953488372093
"2025-03-20 06:00:00","2025-03-20 07:00:00",DL,175,175,0,0,6.417142857142857,0.0,5.714285714285714
"2025-03-20 06:00:00","2025-03-20 07:00:00",UA,131,131,0,0,4.99236641221374,0.0,6.870229007633588
"2025-03-20 06:00:00","2025-03-20 07:00:00",WN,273,272,1,0,-2.514705882352941,0.3663003663003663,0.7352941176470589
"2025-03-20 07:00:00","2025-03-20 08:00:00",AA,214,210,3,1,8.227488151658768,1.4018691588785046,13.270142180094787
"2025-03-20 07:00:00","2025-03-20 08:00:00",DL,238,238,0,0,3.2436974789915967,0.0,13.025210084033613
"2025-03-20 07:00:00","2025-03-20 08:00:00",UA,202,200,1,1,3.8656716417910446,0.49504950495049505,13.432835820895523
"2025-03-20 07:00:00","2025-03-20 08:00:00",WN,225,225,0,0,0.17333333333333334,0.0,4.444444444444445
"2025-03-20 08:00:00","2025-03-20 09:00:00",AA,196,196,0,0,9.525510204081632,0.0,17.857142857142858
"2025-03-20 08:00:00","2025-03-20 09:00:00",DL,177,177,0,0,6.785310734463277,0.0,13.559322033898304
"2025-03-20 08:00:00","2025-03-20 09:00:00",UA,168,168,0,0,7.333333333333333,0.0,15.476190476190476
"2025-03-20 08:00:00","2025-03-20 09:00:00",WN,261,261,0,0,0.7662835249042146,0.0,5.363984674329502
"2025-03-20 09:00:00","2025-03-20 10:00:00",AA,119,119,0,0,8.109243697478991,0.0,15.126050420168067
"2025-03-20 09:00:00","2025-03-20 10:00:00",DL,113,113,0,0,6.300884955752212,0.0,15.044247787610619
"2025-03-20 09:00:00","2025-03-20 10:00:00",UA,119,119,0,0,8.974789915966387,0.0,18.48739495798319
"2025-03-20 09:00:00","2025-03-20 10:00:00",WN,207,207,0,0,2.8840579710144927,0.0,10.628019323671497
"2025-03-20 10:00:00","2025-03-20 11:00:00",AA,136,135,0,1,11.632352941176471,0.0,21.323529411764707
"2025-03-20 10:00:00","2025-03-20 11:00:00",DL,153,153,0,0,4.437908496732026,0.0,13.071895424836601
"2025-03-20 10:00:00","2025-03-20 11:00:00",UA,114,114,0,0,13.333333333333334,0.0,21.92982456140351
"2025-03-20 10:00:00","2025-03-20 11:00:00",WN,207,207,0,0,5.285024154589372,0.0,12.560386473429952
"2025-03-20 11:00:00","2025-03-20 12:00:00",AA,160,160,0,0,9.2125,0.0,20.625
"2025-03-20 11:00:00","2025-03-20 12:00:00",DL,197,196,0,1,6.918781725888325,0.0,12.690355329949238
"2025-03-20 11:00:00","2025-03-20 12:00:00",UA,119,119,0,0,16.176470588235293,0.0,22.689075630252102
"2025-03-20 11:00:00","2025-03-20 12:00:00",WN,222,220,2,0,7.304545454545455,0.9009009009009009,16.363636363636363
"2025-03-20 12:00:00","2025-03-20 13:00:00",AA,135,135,0,0,17.666666666666668,0.0,26.666666666666668
"2025-03-20 12:00:00","2025-03-20 13:00:00",DL,155,155,0,0,12.04516129032258,0.0,17.419354838709676
"2025-03-20 12:00:00","2025-03-20 13:00:00",UA,115,114,1,0,21.17543859649123,0.8695652173913043,30.70175438596491
"2025-03-20 12:00:00","2025-03-20 13:00:00",WN,203,202,1,0,6.178217821782178,0.49261083743842365,14.356435643564357
"2025-03-20 13:00:00","2025-03-20 14:00:00",AA,148,148,0,0,18.58783783783784,0.0,25.675675675675677
"2025-03-20 13:00:00","2025-03-20 14:00:00",DL,156,156,0,0,6.076923076923077,0.0,16.025641025641026
"2025-03-20 13:00:00","2025-03-20 14:00:00",UA,136,136,0,0,10.308823529411764,0.0,17.647058823529413
"2025-03-20 13:00:00","2025-03-20 14:00:00",WN,245,245,0,0,8.03265306122449,0.0,17.959183673469386
"2025-03-20 14:00:00","2025-03-20 15:00:00",AA,123,123,0,0,19.6260162601626,0.0,29.26829268292683
"2025-03-20 14:00:00","2025-03-20 15:00:00",DL,141,139,0,2,7.7304964539007095,0.0,17.02127659574468
"2025-03-20 14:00:00","2025-03-20 15:00:00",UA,111,111,0,0,20.792792792792792,0.0,25.225225225225227
"2025-03-20 14:00:00","2025-03-20 15:00:00",WN,221,216,4,1,10.80184331797235,1.8099547511312217,23.04147465437788
"2025-03-20 15:00:00","2025-03-20 16:00:00",AA,132,130,0,2,18.196969696969695,0.0,31.060606060606062
"2025-03-20 15:00:00","2025-03-20 16:00:00",DL,158,158,0,0,13.810126582278482,0.0,20.88607594936709
"2025-03-20 15:00:00","2025-03-20 16:00:00",UA,88,88,0,0,12.465909090909092,0.0,23.863636363636363
"2025-03-20 15:00:00","2025-03-20 16:00:00",WN,205,205,0,0,10.336585365853658,0.0,25.365853658536587
"2025-03-20 16:00:00","2025-03-20 17:00:00",AA,139,139,0,0,19.546762589928058,0.0,30.93525179856115
"2025-03-20 16:00:00","2025-03-20 17:00:00",DL,136,136,0,0,14.955882352941176,0.0,20.58823529411765
"2025-03-20 16:00:00","2025-03-20 17:00:00",UA,137,137,0,0,9.197080291970803,0.0,20.437956204379564
"2025-03-20 16:00:00","2025-03-20 17:00:00",WN,227,226,0,1,9.405286343612335,0.0,19.823788546255507
"2025-03-20 17:00:00","2025-03-20 18:00:00",AA,132,131,0,1,17.507575757575758,0.0,27.272727272727273
"2025-03-20 17:00:00","2025-03-20 18:00:00",DL,162,162,0,0,14.37037037037037,0.0,19.753086419753085
"2025-03-20 17:00:00","2025-03-20 18:00:00",UA,114,114,0,0,14.81578947368421,0.0,23.68421052631579
"2025-03-20 17:00:00","2025-03-20 18:00:00",WN,223,221,1,1,16.243243243243242,0.4484304932735426,24.324324324324323
"2025-03-20 18:00:00","2025-03-20 19:00:00",AA,165,165,0,0,28.23030303030303,0.0,33.93939393939394
"2025-03-20 18:00:00","2025-03-20 19:00:00",DL,167,167,0,0,21.862275449101798,0.0,26.94610778443114
"2025-03-20 18:00:00","2025-03-20 19:00:00",UA,151,151,0,0,13.298013245033113,0.0,23.841059602649008
"2025-03-20 18:00:00","2025-03-20 19:00:00",WN,240,240,0,0,12.816666666666666,0.0,22.916666666666668
"2025-03-20 19:00:00","2025-03-20 20:00:00",AA,155,155,0,0,26.096774193548388,0.0,34.83870967741935
"2025-03-20 19:00:00","2025-03-20 20:00:00",DL,153,153,0,0,19.934640522875817,0.0,33.333333333333336
"2025-03-20 19:00:00","2025-03-20 20:00:00",UA,132,132,0,0,9.371212121212121,0.0,20.454545454545453
"2025-03-20 19:00:00","2025-03-20 20:00:00",WN,215,215,0,0,13.353488372093024,0.0,24.651162790697676
"2025-03-20 20:00:00","2025-03-20 21:00:00",AA,123,123,0,0,18.83739837398374,0.0,32.520325203252035
"2025-03-20 20:00:00","2025-03-20 21:00:00",DL,116,116,0,0,20.43103448275862,0.0,25.862068965517242
"2025-03-20 20:00:00","2025-03-20 21:00:00",UA,94,94,0,0,23.925531914893618,0.0,30.851063829787233
"2025-03-20 20:00:00","2025-03-20 21:00:00",WN,257,256,0,1,15.778210116731518,0.0,28.01556420233463
"2025-03-20 21:00:00","2025-03-20 22:00:00",AA,83,82,0,1,11.566265060240964,0.0,27.710843373493976
"2025-03-20 21:00:00","2025-03-20 22:00:00",DL,100,100,0,0,19.06,0.0,23.0
"2025-03-20 21:00:00","2025-03-20 22:00:00",UA,61,61,0,0,9.311475409836065,0.0,22.950819672131146
"2025-03-20 21:00:00","2025-03-20 22:00:00",WN,155,155,0,0,16.129032258064516,0.0,31.612903225806452
"2025-03-20 22:00:00","2025-03-20 23:00:00",AA,85,85,0,0,10.647058823529411,0.0,20.0
"2025-03-20 22:00:00","2025-03-20 23:00:00",DL,86,86,0,0,7.569767441860465,0.0,18.6046511627907
"2025-03-20 22:00:00","2025-03-20 23:00:00",UA,34,33,0,1,11.852941176470589,0.0,14.705882352941176
"2025-03-20 22:00:00","2025-03-20 23:00:00",WN,126,126,0,0,13.492063492063492,0.0,24.603174603174605
"2025-03-20 23:00:00","2025-03-21 00:00:00",AA,27,27,0,0,4.962962962962963,0.0,14.814814814814815
"2025-03-20 23:00:00","2025-03-21 00:00:00",DL,38,38,0,0,4.894736842105263,0.0,10.526315789473685
"2025-03-20 23:00:00","2025-03-21 00:00:00",UA,43,43,0,0,3.953488372093023,0.0,13.953488372093023
"2025-03-20 23:00:00","2025-03-21 00:00:00",WN,9,9,0,0,3.5555555555555554,0.0,11.11111111111111
"2025-03-21 00:00:00","2025-03-21 01:00:00",AA,10,10,0,0,0.0,0.0,10.0
"2025-03-21 00:00:00","2025-03-21 01:00:00",DL,7,7,0,0,-4.857142857142857,0.0,0.0
"2025-03-21 00:00:00","2025-03-21 01:00:00",UA,8,8,0,0,11.375,0.0,37.5
"2025-03-21 01:00:00","2025-03-21 02:00:00",DL,2,2,0,0,-10.0,0.0,0.0
"2025-03-21 01:00:00","2025-03-21 02:00:00",UA,1,1,0,0,-5.0,0.0,0.0
"2025-03-21 05:00:00","2025-03-21 06:00:00",AA,107,106,0,1,13.663551401869158,0.0,6.542056074766355
"2025-03-21 05:00:00","2025-03-21 06:00:00",DL,62,62,0,0,22.725806451612904,0.0,14.516129032258064
"2025-03-21 05:00:00","2025-03-21 06:00:00",UA,39,39,0,0,-3.6666666666666665,0.0,2.5641025641025643
"2025-03-21 05:00:00","2025-03-21 06:00:00",WN,184,184,0,0,-0.5489130434782609,0.0,5.978260869565218
"2025-03-21 06:00:00","2025-03-21 07:00:00",AA,170,170,0,0,5.2823529411764705,0.0,7.0588235294117645
"2025-03-21 06:00:00","2025-03-21 07:00:00",DL,178,178,0,0,-0.33146067415730335,0.0,3.932584269662921
"2025-03-21 06:00:00","2025-03-21 07:00:00",UA,135,134,1,0,-3.462686567164179,0.7407407407407407,5.223880597014926
"2025-03-21 06:00:00","2025-03-21 07:00:00",WN,270,269,0,1,-0.4703703703703704,0.0,4.444444444444445
"2025-03-21 07:00:00","2025-03-21 08:00:00",AA,199,199,0,0,1.8241206030150754,0.0,7.035175879396985
"2025-03-21 07:00:00","2025-03-21 08:00:00",DL,226,225,1,0,5.48,0.4424778761061947,9.777777777777779
"2025-03-21 07:00:00","2025-03-21 08:00:00",UA,187,186,0,1,5.229946524064171,0.0,6.951871657754011
"2025-03-21 07:00:00","2025-03-21 08:00:00",WN,211,211,0,0,1.4075829383886256,0.0,7.5829383886255926
"2025-03-21 08:00:00","2025-03-21 09:00:00",AA,198,198,0,0,15.55050505050505,0.0,11.616161616161616
"2025-03-21 08:00:00","2025-03-21 09:00:00",DL,181,180,0,1,5.469613259668508,0.0,7.734806629834254
"2025-03-21 08:00:00","2025-03-21 09:00:00",UA,172,172,0,0,1.1046511627906976,0.0,9.883720930232558
"2025-03-21 08:00:00","2025-03-21 09:00:00",WN,265,265,0,0,1.0037735849056604,0.0,4.90566037735849
"2025-03-21 09:00:00","2025-03-21 10:00:00",AA,118,118,0,0,10.177966101694915,0.0,14.40677966101695
"2025-03-21 09:00:00","2025-03-21 10:00:00",DL,116,115,0,1,8.387931034482758,0.0,18.103448275862068
"2025-03-21 09:00:00","2025-03-21 10:00:00",UA,122,122,0,0,0.4918032786885246,0.0,8.19672131147541
"2025-03-21 09:00:00","2025-03-21 10:00:00",WN,202,202,0,0,3.9603960396039604,0.0,9.900990099009901
"2025-03-21 10:00:00","2025-03-21 11:00:00",AA,136,134,2,0,16.26865671641791,1.4705882352941178,21.64179104477612
"2025-03-21 10:00:00","2025-03-21 11:00:00",DL,157,157,0,0,7.974522292993631,0.0,18.471337579617835
"2025-03-21 10:00:00","2025-03-21 11:00:00",UA,118,118,0,0,-0.00847457627118644,0.0,8.474576271186441
"2025-03-21 10:00:00","2025-03-21 11:00:00",WN,216,215,1,0,2.1069767441860465,0.46296296296296297,8.837209302325581
"2025-03-21 11:00:00","2025-03-21 12:00:00",AA,163,163,0,0,11.773006134969325,0.0,15.950920245398773
"2025-03-21 11:00:00","2025-03-21 12:00:00",DL,202,200,2,0,19.16,0.9900990099009901,24.0
"2025-03-21 11:00:00","2025-03-21 12:00:00",UA,126,126,0,0,8.865079365079366,0.0,14.285714285714286
"2025-03-21 11:00:00","2025-03-21 12:00:00",WN,234,234,0,0,5.136752136752137,0.0,12.393162393162394
"2025-03-21 12:00:00","2025-03-21 13:00:00",AA,126,126,0,0,20.91269841269841,0.0,21.428571428571427
"2025-03-21 12:00:00","2025-03-21 13:00:00",DL,147,147,0,0,6.64625850340136,0.0,14.965986394557824
"2025-03-21 12:00:00","2025-03-21 13:00:00",UA,119,119,0,0,3.042016806722689,0.0,9.243697478991596
"2025-03-21 12:00:00","2025-03-21 13:00:00",WN,202,202,0,0,8.217821782178218,0.0,16.336633663366335
"2025-03-21 13:00:00","2025-03-21 14:00:00",AA,132,132,0,0,11.424242424242424,0.0,21.21212121212121
"2025-03-21 13:00:00","2025-03-21 14:00:00",DL,137,137,0,0,16.386861313868614,0.0,21.8978102189781
"2025-03-21 13:00:00","2025-03-21 14:00:00",UA,122,122,0,0,9.368852459016393,0.0,10.655737704918034
"2025-03-21 13:00:00","2025-03-21 14:00:00",WN,218,218,0,0,5.229357798165138,0.0,13.761467889908257
"2025-03-21 14:00:00","2025-03-21 15:00:00",AA,142,141,1,0,21.95744680851064,0.704225352112676,28.368794326241133
"2025-03-21 14:00:00","2025-03-21 15:00:00",DL,153,152,1,0,9.019736842105264,0.6535947712418301,21.710526315789473
"2025-03-21 14:00:00","2025-03-21 15:00:00",UA,129,129,0,0,14.643410852713178,0.0,16.27906976744186
"2025-03-21 14:00:00","2025-03-21 15:00:00",WN,245,245,0,0,10.208163265306123,0.0,21.224489795918366
"2025-03-21 15:00:00","2025-03-21 16:00:00",AA,125,125,0,0,23.136,0.0,28.0
"2025-03-21 15:00:00","2025-03-21 16:00:00",DL,161,158,2,1,16.08176100628931,1.2422360248447204,32.075471698113205
"2025-03-21 15:00:00","2025-03-21 16:00:00",UA,80,80,0,0,12.125,0.0,21.25
"2025-03-21 15:00:00","2025-03-21 16:00:00",WN,189,189,0,0,9.333333333333334,0.0,18.51851851851852
"2025-03-21 16:00:00","2025-03-21 17:00:00",AA,140,139,1,0,20.8705035971223,0.7142857142857143,26.618705035971225
"2025-03-21 16:00:00","2025-03-21 17:00:00",DL,133,132,0,1,12.390977443609023,0.0,27.06766917293233
"2025-03-21 16:00:00","2025-03-21 17:00:00",UA,144,144,0,0,6.375,0.0,15.277777777777779
"2025-03-21 16:00:00","2025-03-21 17:00:00",WN,229,229,0,0,10.030567685589519,0.0,18.34061135371179
"2025-03-21 17:00:00","2025-03-21 18:00:00",AA,140,140,0,0,17.12857142857143,0.0,28.571428571428573
"2025-03-21 17:00:00","2025-03-21 18:00:00",DL,173,173,0,0,22.745664739884393,0.0,28.90173410404624
"2025-03-21 17:00:00","2025-03-21 18:00:00",UA,125,125,0,0,7.976,0.0,20.0
"2025-03-21 17:00:00","2025-03-21 18:00:00",WN,223,223,0,0,10.116591928251122,0.0,21.076233183856502
"2025-03-21 18:00:00","2025-03-21 19:00:00",AA,161,161,0,0,25.242236024844722,0.0,32.298136645962735
"2025-03-21 18:00:00","2025-03-21 19:00:00",DL,152,151,1,0,7.8344370860927155,0.6578947368421053,20.52980132450331
"2025-03-21 18:00:00","2025-03-21 19:00:00",UA,143,142,1,0,6.429577464788732,0.6993006993006993,17.6056338028169
"2025-03-21 18:00:00","2025-03-21 19:00:00",WN,233,233,0,0,11.291845493562231,0.0,23.605150214592275
"2025-03-21 19:00:00","2025-03-21 20:00:00",AA,159,159,0,0,20.238993710691823,0.0,28.930817610062892
"2025-03-21 19:00:00","2025-03-21 20:00:00",DL,160,160,0,0,17.56875,0.0,29.375
"2025-03-21 19:00:00","2025-03-21 20:00:00",UA,133,133,0,0,9.451127819548873,0.0,18.796992481203006
"2025-03-21 19:00:00","2025-03-21 20:00:00",WN,204,204,0,0,8.362745098039216,0.0,19.607843137254903
"2025-03-21 20:00:00","2025-03-21 21:00:00",AA,122,122,0,0,13.631147540983607,0.0,26.229508196721312
"2025-03-21 20:00:00","2025-03-21 21:00:00",DL,110,110,0,0,12.581818181818182,0.0,25.454545454545453
"2025-03-21 20:00:00","2025-03-21 21:00:00",UA,91,90,1,0,13.255555555555556,1.098901098901099,26.666666666666668
"2025-03-21 20:00:00","2025-03-21 21:00:00",WN,249,249,0,0,7.947791164658635,0.0,19.27710843373494
"2025-03-21 21:00:00","2025-03-21 22:00:00",AA,81,81,0,0,34.60493827160494,0.0,27.160493827160494
"2025-03-21 21:00:00","2025-03-21 22:00:00",DL,92,91,0,1,5.228260869565218,0.0,15.217391304347826
"2025-03-21 21:00:00","2025-03-21 22:00:00",UA,59,59,0,0,9.542372881355933,0.0,23.728813559322035
"2025-03-21 21:00:00","2025-03-21 22:00:00",WN,149,149,0,0,11.805369127516778,0.0,24.161073825503355
"2025-03-21 22:00:00","2025-03-21 23:00:00",AA,88,88,0,0,11.465909090909092,0.0,17.045454545454547
"2025-03-21 22:00:00","2025-03-21 23:00:00",DL,84,84,0,0,14.095238095238095,0.0,21.428571428571427
"2025-03-21 22:00:00","2025-03-21 23:00:00",UA,28,28,0,0,6.857142857142857,0.0,10.714285714285714
"2025-03-21 22:00:00","2025-03-21 23:00:00",WN,115,115,0,0,2.9217391304347826,0.0,13.91304347826087
"2025-03-21 23:00:00","2025-03-22 00:00:00",AA,29,29,0,0,32.3448275862069,0.0,27.586206896551722
"2025-03-21 23:00:00","2025-03-22 00:00:00",DL,37,37,0,0,11.945945945945946,0.0,24.324324324324323
"2025-03-21 23:00:00","2025-03-22 00:00:00",UA,43,43,0,0,1.8372093023255813,0.0,13.953488372093023
"2025-03-21 23:00:00","2025-03-22 00:00:00",WN,9,9,0,0,0.0,0.0,0.0
"2025-03-22 00:00:00","2025-03-22 01:00:00",AA,10,10,0,0,-2.6,0.0,0.0
"2025-03-22 00:00:00","2025-03-22 01:00:00",DL,7,7,0,0,5.714285714285714,0.0,14.285714285714286
"2025-03-22 00:00:00","2025-03-22 01:00:00",UA,6,6,0,0,0.16666666666666666,0.0,0.0
"2025-03-22 01:00:00","2025-03-22 02:00:00",DL,2,2,0,0,-5.5,0.0,0.0
"2025-03-22 01:00:00","2025-03-22 02:00:00",UA,1,1,0,0,-6.0,0.0,0.0
"2025-03-22 05:00:00","2025-03-22 06:00:00",AA,109,109,0,0,18.65137614678899,0.0,6.422018348623853
"2025-03-22 05:00:00","2025-03-22 06:00:00",DL,70,70,0,0,0.9714285714285714,0.0,8.571428571428571
"2025-03-22 05:00:00","2025-03-22 06:00:00",UA,52,52,0,0,-5.096153846153846,0.0,0.0
"2025-03-22 05:00:00","2025-03-22 06:00:00",WN,193,193,0,0,-1.3212435233160622,0.0,2.0725388601036268
"2025-03-22 06:00:00","2025-03-22 07:00:00",AA,169,169,0,0,10.763313609467456,0.0,10.650887573964496
"2025-03-22 06:00:00","2025-03-22 07:00:00",DL,166,166,0,0,7.126506024096385,0.0,9.036144578313253
"2025-03-22 06:00:00","2025-03-22 07:00:00",UA,134,134,0,0,-2.2686567164179103,0.0,3.7313432835820897
"2025-03-22 06:00:00","2025-03-22 07:00:00",WN,250,249,1,0,-1.5823293172690762,0.4,2.4096385542168677
"2025-03-22 07:00:00","2025-03-22 08:00:00",AA,184,184,0,0,2.8043478260869565,0.0,5.978260869565218
"2025-03-22 07:00:00","2025-03-22 08:00:00",DL,199,199,0,0,-1.3919597989949748,0.0,6.532663316582915
"2025-03-22 07:00:00","2025-03-22 08:00:00",UA,162,162,0,0,0.7777777777777778,0.0,3.0864197530864197
"2025-03-22 07:00:00","2025-03-22 08:00:00",WN,201,201,0,0,-0.6169154228855721,0.0,1.9900497512437811
"2025-03-22 08:00:00","2025-03-22 09:00:00",AA,168,168,0,0,7.0,0.0,7.142857142857143
"2025-03-22 08:00:00","2025-03-22 09:00:00",DL,153,153,0,0,0.5294117647058824,0.0,9.803921568627452
"2025-03-22 08:00:00","2025-03-22 09:00:00",UA,144,144,0,0,-0.5763888888888888,0.0,4.861111111111111
"2025-03-22 08:00:00","2025-03-22 09:00:00",WN,202,202,0,0,-0.3564356435643564,0.0,2.9702970297029703
"2025-03-22 09:00:00","2025-03-22 10:00:00",AA,98,98,0,0,8.306122448979592,0.0,13.26530612244898
"2025-03-22 09:00:00","2025-03-22 10:00:00",DL,120,120,0,0,4.85,0.0,7.5
"2025-03-22 09:00:00","2025-03-22 10:00:00",UA,100,100,0,0,4.93,0.0,7.0
"2025-03-22 09:00:00","2025-03-22 10:00:00",WN,176,176,0,0,-0.5227272727272727,0.0,3.409090909090909
"2025-03-22 10:00:00","2025-03-22 11:00:00",AA,122,122,0,0,22.868852459016395,0.0,14.754098360655737
"2025-03-22 10:00:00","2025-03-22 11:00:00",DL,124,124,0,0,7.354838709677419,0.0,7.258064516129032
"2025-03-22 10:00:00","2025-03-22 11:00:00",UA,112,112,0,0,2.107142857142857,0.0,12.5
"2025-03-22 10:00:00","2025-03-22 11:00:00",WN,171,171,0,0,4.2105263157894735,0.0,4.093567251461988
"2025-03-22 11:00:00","2025-03-22 12:00:00",AA,133,133,0,0,18.616541353383457,0.0,15.789473684210526
"2025-03-22 11:00:00","2025-03-22 12:00:00",DL,181,181,0,0,1.441988950276243,0.0,9.392265193370166
"2025-03-22 11:00:00","2025-03-22 12:00:00",UA,101,101,0,0,3.4455445544554455,0.0,9.900990099009901
"2025-03-22 11:00:00","2025-03-22 12:00:00",WN,208,208,0,0,2.4326923076923075,0.0,8.653846153846153
"2025-03-22 12:00:00","2025-03-22 13:00:00",AA,114,113,0,1,8.675438596491228,0.0,16.666666666666668
"2025-03-22 12:00:00","2025-03-22 13:00:00",DL,130,130,0,0,2.5076923076923077,0.0,10.76923076923077
"2025-03-22 12:00:00","2025-03-22 13:00:00",UA,97,97,0,0,2.3195876288659796,0.0,8.24742268041237
"2025-03-22 12:00:00","2025-03-22 13:00:00",WN,162,161,1,0,2.906832298136646,0.6172839506172839,12.422360248447205
"2025-03-22 13:00:00","2025-03-22 14:00:00",AA,126,125,0,1,18.69047619047619,0.0,16.666666666666668
"2025-03-22 13:00:00","2025-03-22 14:00:00",DL,131,131,0,0,8.114503816793894,0.0,16.03053435114504
"2025-03-22 13:00:00","2025-03-22 14:00:00",UA,123,123,0,0,3.658536585365854,0.0,12.195121951219512
"2025-03-22 13:00:00","2025-03-22 14:00:00",WN,227,227,0,0,3.458149779735683,0.0,10.13215859030837
"2025-03-22 14:00:00","2025-03-22 15:00:00",AA,122,122,0,0,15.311475409836065,0.0,21.311475409836067
"2025-03-22 14:00:00","2025-03-22 15:00:00",DL,117,117,0,0,3.675213675213675,0.0,12.820512820512821
"2025-03-22 14:00:00","2025-03-22 15:00:00",UA,109,109,0,0,17.46788990825688,0.0,14.678899082568808
"2025-03-22 14:00:00","2025-03-22 15:00:00",WN,180,180,0,0,3.227777777777778,0.0,8.88888888888889
"2025-03-22 15:00:00","2025-03-22 16:00:00",AA,129,129,0,0,14.333333333333334,0.0,16.27906976744186
"2025-03-22 15:00:00","2025-03-22 16:00:00",DL,156,155,0,1,9.5,0.0,20.512820512820515
"2025-03-22 15:00:00","2025-03-22 16:00:00",UA,79,79,0,0,2.2151898734177213,0.0,12.658227848101266
"2025-03-22 15:00:00","2025-03-22 16:00:00",WN,205,203,2,0,6.266009852216749,0.975609756097561,16.748768472906406
"2025-03-22 16:00:00","2025-03-22 17:00:00",AA,107,107,0,0,13.383177570093459,0.0,27.102803738317757
"2025-03-22 16:00:00","2025-03-22 17:00:00",DL,98,98,0,0,6.23469387755102,0.0,15.306122448979592
"2025-03-22 16:00:00","2025-03-22 17:00:00",UA,114,113,1,0,9.831858407079647,0.8771929824561403,17.699115044247787
"2025-03-22 16:00:00","2025-03-22 17:00:00",WN,178,178,0,0,7.662921348314606,0.0,16.292134831460675
"2025-03-22 17:00:00","2025-03-22 18:00:00",AA,138,138,0,0,12.789855072463768,0.0,25.36231884057971
"2025-03-22 17:00:00","2025-03-22 18:00:00",DL,132,132,0,0,11.06060606060606,0.0,20.454545454545453
"2025-03-22 17:00:00","2025-03-22 18:00:00",UA,97,96,0,1,5.865979381443299,0.0,14.43298969072165
"2025-03-22 17:00:00","2025-03-22 18:00:00",WN,192,192,0,0,7.197916666666667,0.0,14.583333333333334
"2025-03-22 18:00:00","2025-03-22 19:00:00",AA,146,146,0,0,11.417808219178083,0.0,23.28767123287671
"2025-03-22 18:00:00","2025-03-22 19:00:00",DL,133,133,0,0,7.503759398496241,0.0,19.548872180451127
"2025-03-22 18:00:00","2025-03-22 19:00:00",UA,119,118,1,0,8.161016949152541,0.8403361344537815,19.491525423728813
"2025-03-22 18:00:00","2025-03-22 19:00:00",WN,211,211,0,0,5.388625592417061,0.0,16.587677725118482
"2025-03-22 19:00:00","2025-03-22 20:00:00",AA,145,145,0,0,22.71034482758621,0.0,28.96551724137931
"2025-03-22 19:00:00","2025-03-22 20:00:00",DL,73,73,0,0,1.3287671232876712,0.0,12.32876712328767
"2025-03-22 19:00:00","2025-03-22 20:00:00",UA,113,113,0,0,11.628318584070797,0.0,20.353982300884955
"2025-03-22 19:00:00","2025-03-22 20:00:00",WN,204,204,0,0,7.215686274509804,0.0,20.58823529411765
"2025-03-22 20:00:00","2025-03-22 21:00:00",AA,113,113,0,0,15.610619469026549,0.0,31.858407079646017
"2025-03-22 20:00:00","2025-03-22 21:00:00",DL,83,83,0,0,11.55421686746988,0.0,27.710843373493976
"2025-03-22 20:00:00","2025-03-22 21:00:00",UA,74,74,0,0,19.905405405405407,0.0,27.027027027027028
"2025-03-22 20:00:00","2025-03-22 21:00:00",WN,207,207,0,0,9.304347826086957,0.0,21.256038647342994
"2025-03-22 21:00:00","2025-03-22 22:00:00",AA,88,88,0,0,29.511363636363637,0.0,31.818181818181817
"2025-03-22 21:00:00","2025-03-22 22:00:00",DL,83,83,0,0,2.433734939759036,0.0,13.25301204819277
"2025-03-22 21:00:00","2025-03-22 22:00:00",UA,45,45,0,0,14.333333333333334,0.0,28.88888888888889
"2025-03-22 21:00:00","2025-03-22 22:00:00",WN,159,159,0,0,7.251572327044025,0.0,19.49685534591195
"2025-03-22 22:00:00","2025-03-22 23:00:00",AA,90,90,0,0,11.244444444444444,0.0,18.88888888888889
"2025-03-22 22:00:00","2025-03-22 23:00:00",DL,63,63,0,0,3.9206349206349205,0.0,14.285714285714286
"2025-03-22 22:00:00","2025-03-22 23:00:00",UA,32,32,0,0,1.34375,0.0,9.375
"2025-03-22 22:00:00","2025-03-22 23:00:00",WN,88,88,0,0,10.488636363636363,0.0,26.136363636363637
"2025-03-22 23:00:00","2025-03-23 00:00:00",AA,26,26,0,0,4.846153846153846,0.0,23.076923076923077
"2025-03-22 23:00:00","2025-03-23 00:00:00",DL,23,23,0,0,-0.6521739130434783,0.0,13.043478260869565
"2025-03-22 23:00:00","2025-03-23 00:00:00",UA,40,40,0,0,-0.275,0.0,5.0
"2025-03-22 23:00:00","2025-03-23 00:00:00",WN,9,9,0,0,8.444444444444445,0.0,11.11111111111111
"2025-03-23 00:00:00","2025-03-23 01:00:00",AA,8,8,0,0,-1.25,0.0,12.5
"2025-03-23 00:00:00","2025-03-23 01:00:00",DL,4,4,0,0,6.25,0.0,25.0
"2025-03-23 00:00:00","2025-03-23 01:00:00",UA,5,4,0,1,-5.0,0.0,0.0
"2025-03-23 01:00:00","2025-03-23 02:00:00",DL,2,2,0,0,-8.0,0.0,0.0
"2025-03-23 01:00:00","2025-03-23 02:00:00",UA,2,2,0,0,-6.0,0.0,0.0
"2025-03-23 05:00:00","2025-03-23 06:00:00",AA,101,101,0,0,1.108910891089109,0.0,7.920792079207921
"2025-03-23 05:00:00","2025-03-23 06:00:00",DL,56,56,0,0,5.910714285714286,0.0,5.357142857142857
"2025-03-23 05:00:00","2025-03-23 06:00:00",UA,33,33,0,0,4.757575757575758,0.0,3.0303030303030303
"2025-03-23 05:00:00","2025-03-23 06:00:00",WN,172,172,0,0,-0.9244186046511628,0.0,2.3255813953488373
"2025-03-23 06:00:00","2025-03-23 07:00:00",AA,169,169,0,0,7.236686390532545,0.0,7.6923076923076925
"2025-03-23 06:00:00","2025-03-23 07:00:00",DL,170,170,0,0,-1.9529411764705882,0.0,5.882352941176471
"2025-03-23 06:00:00","2025-03-23 07:00:00",UA,142,142,0,0,-2.8309859154929575,0.0,3.5211267605633805
"2025-03-23 06:00:00","2025-03-23 07:00:00",WN,276,276,0,0,-0.4746376811594203,0.0,2.898550724637681
"2025-03-23 07:00:00","2025-03-23 08:00:00",AA,215,215,0,0,8.772093023255813,0.0,7.441860465116279
"2025-03-23 07:00:00","2025-03-23 08:00:00",DL,240,239,0,1,3.5541666666666667,0.0,7.916666666666667
"2025-03-23 07:00:00","2025-03-23 08:00:00",UA,194,194,0,0,-2.304123711340206,0.0,4.639175257731959
"2025-03-23 07:00:00","2025-03-23 08:00:00",WN,218,218,0,0,0.41743119266055045,0.0,5.045871559633028
"2025-03-23 08:00:00","2025-03-23 09:00:00",AA,198,198,0,0,6.040404040404041,0.0,13.131313131313131
"2025-03-23 08:00:00","2025-03-23 09:00:00",DL,185,185,0,0,0.20540540540540542,0.0,7.5675675675675675
"2025-03-23 08:00:00","2025-03-23 09:00:00",UA,165,165,0,0,3.5636363636363635,0.0,10.909090909090908
"2025-03-23 08:00:00","2025-03-23 09:00:00",WN,242,242,0,0,0.9132231404958677,0.0,7.43801652892562
"2025-03-23 09:00:00","2025-03-23 10:00:00",AA,120,120,0,0,7.766666666666667,0.0,10.0
"2025-03-23 09:00:00","2025-03-23 10:00:00",DL,120,120,0,0,3.783333333333333,0.0,11.666666666666666
"2025-03-23 09:00:00","2025-03-23 10:00:00",UA,114,113,0,1,2.0789473684210527,0.0,10.526315789473685
"2025-03-23 09:00:00","2025-03-23 10:00:00",WN,175,175,0,0,1.7485714285714287,0.0,6.857142857142857
"2025-03-23 10:00:00","2025-03-23 11:00:00",AA,130,130,0,0,15.107692307692307,0.0,18.46153846153846
"2025-03-23 10:00:00","2025-03-23 11:00:00",DL,153,153,0,0,3.973856209150327,0.0,16.33986928104575
"2025-03-23 10:00:00","2025-03-23 11:00:00",UA,119,118,1,0,6.61864406779661,0.8403361344537815,10.169491525423728
"2025-03-23 10:00:00","2025-03-23 11:00:00",WN,215,215,0,0,2.9069767441860463,0.0,8.837209302325581
"2025-03-23 11:00:00","2025-03-23 12:00:00",AA,141,141,0,0,3.1702127659574466,0.0,12.76595744680851
"2025-03-23 11:00:00","2025-03-23 12:00:00",DL,189,189,0,0,11.793650793650794,0.0,19.047619047619047
"2025-03-23 11:00:00","2025-03-23 12:00:00",UA,107,107,0,0,2.5700934579439254,0.0,9.345794392523365
"2025-03-23 11:00:00","2025-03-23 12:00:00",WN,192,192,0,0,4.890625,0.0,9.375
"2025-03-23 12:00:00","2025-03-23 13:00:00",AA,136,135,0,1,13.360294117647058,0.0,18.38235294117647
"2025-03-23 12:00:00","2025-03-23 13:00:00",DL,145,145,0,0,5.2620689655172415,0.0,15.862068965517242
"2025-03-23 12:00:00","2025-03-23 13:00:00",UA,111,111,0,0,4.225225225225225,0.0,13.513513513513514
"2025-03-23 12:00:00","2025-03-23 13:00:00",WN,197,196,1,0,5.13265306122449,0.5076142131979695,15.816326530612244
"2025-03-23 13:00:00","2025-03-23 14:00:00",AA,144,144,0,0,11.625,0.0,16.666666666666668
"2025-03-23 13:00:00","2025-03-23 14:00:00",DL,146,145,0,1,3.664383561643836,0.0,13.013698630136986
"2025-03-23 13:00:00","2025-03-23 14:00:00",UA,134,134,0,0,11.097014925373134,0.0,17.91044776119403
"2025-03-23 13:00:00","2025-03-23 14:00:00",WN,236,233,1,2,6.178723404255319,0.423728813559322,17.02127659574468
"2025-03-23 14:00:00","2025-03-23 15:00:00",AA,133,133,0,0,8.398496240601503,0.0,14.285714285714286
"2025-03-23 14:00:00","2025-03-23 15:00:00",DL,143,143,0,0,16.083916083916083,0.0,18.88111888111888
"2025-03-23 14:00:00","2025-03-23 15:00:00",UA,115,113,2,0,8.008849557522124,1.7391304347826086,17.699115044247787
"2025-03-23 14:00:00","2025-03-23 15:00:00",WN,196,196,0,0,8.75,0.0,18.877551020408163
"2025-03-23 15:00:00","2025-03-23 16:00:00",AA,138,138,0,0,17.72463768115942,0.0,25.36231884057971
"2025-03-23 15:00:00","2025-03-23 16:00:00",DL,162,162,0,0,11.24074074074074,0.0,17.901234567901234
"2025-03-23 15:00:00","2025-03-23 16:00:00",UA,78,77,0,1,1.5769230769230769,0.0,7.6923076923076925
"2025-03-23 15:00:00","2025-03-23 16:00:00",WN,208,208,0,0,7.533653846153846,0.0,18.75
"2025-03-23 16:00:00","2025-03-23 17:00:00",AA,129,129,0,0,15.286821705426357,0.0,23.25581395348837
"2025-03-23 16:00:00","2025-03-23 17:00:00",DL,126,126,0,0,10.238095238095237,0.0,22.22222222222222
"2025-03-23 16:00:00","2025-03-23 17:00:00",UA,135,134,1,0,8.977611940298507,0.7407407407407407,15.671641791044776
"2025-03-23 16:00:00","2025-03-23 17:00:00",WN,221,219,0,2,8.592760180995475,0.0,20.361990950226243
"2025-03-23 17:00:00","2025-03-23 18:00:00",AA,138,138,0,0,20.115942028985508,0.0,22.463768115942027
"2025-03-23 17:00:00","2025-03-23 18:00:00",DL,166,165,0,1,10.849397590361447,0.0,19.27710843373494
"2025-03-23 17:00:00","2025-03-23 18:00:00",UA,116,115,0,1,9.017241379310345,0.0,17.24137931034483
"2025-03-23 17:00:00","2025-03-23 18:00:00",WN,223,221,0,2,12.183856502242152,0.0,26.00896860986547
"2025-03-23 18:00:00","2025-03-23 19:00:00",AA,158,157,0,1,10.310126582278482,0.0,24.050632911392405
"2025-03-23 18:00:00","2025-03-23 19:00:00",DL,152,151,0,1,10.197368421052632,0.0,24.342105263157894
"2025-03-23 18:00:00","2025-03-23 19:00:00",UA,136,134,0,2,6.213235294117647,0.0,14.705882352941176
"2025-03-23 18:00:00","2025-03-23 19:00:00",WN,211,210,0,1,9.137440758293838,0.0,25.592417061611375
"2025-03-23 19:00:00","2025-03-23 20:00:00",AA,158,157,0,1,12.360759493670885,0.0,23.417721518987342
"2025-03-23 19:00:00","2025-03-23 20:00:00",DL,166,166,0,0,16.8855421686747,0.0,30.120481927710845
"2025-03-23 19:00:00","2025-03-23 20:00:00",UA,132,132,0,0,10.371212121212121,0.0,22.727272727272727
"2025-03-23 19:00:00","2025-03-23 20:00:00",WN,237,236,0,1,11.970464135021096,0.0,24.89451476793249
"2025-03-23 20:00:00","2025-03-23 21:00:00",AA,126,125,0,1,14.38888888888889,0.0,26.19047619047619
"2025-03-23 20:00:00","2025-03-23 21:00:00",DL,115,113,0,2,13.695652173913043,0.0,26.956521739130434
"2025-03-23 20:00:00","2025-03-23 21:00:00",UA,99,99,0,0,13.151515151515152,0.0,24.242424242424242
"2025-03-23 20:00:00","2025-03-23 21:00:00",WN,243,242,0,1,15.720164609053498,0.0,28.80658436213992
"2025-03-23 21:00:00","2025-03-23 22:00:00",AA,78,76,0,2,9.166666666666666,0.0,20.512820512820515
"2025-03-23 21:00:00","2025-03-23 22:00:00",DL,84,83,0,1,8.202380952380953,0.0,20.238095238095237
"2025-03-23 21:00:00","2025-03-23 22:00:00",UA,57,57,0,0,5.912280701754386,0.0,22.80701754385965
"2025-03-23 21:00:00","2025-03-23 22:00:00",WN,175,174,0,1,15.817142857142857,0.0,32.0
"2025-03-23 22:00:00","2025-03-23 23:00:00",AA,83,83,0,0,19.325301204819276,0.0,31.325301204819276
"2025-03-23 22:00:00","2025-03-23 23:00:00",DL,82,82,0,0,10.890243902439025,0.0,29.26829268292683
"2025-03-23 22:00:00","2025-03-23 23:00:00",UA,30,30,0,0,1.7333333333333334,0.0,6.666666666666667
"2025-03-23 22:00:00","2025-03-23 23:00:00",WN,137,137,0,0,18.248175182481752,0.0,35.03649635036496
"2025-03-23 23:00:00","2025-03-24 00:00:00",AA,26,26,0,0,9.576923076923077,0.0,23.076923076923077
"2025-03-23 23:00:00","2025-03-24 00:00:00",DL,37,37,0,0,33.21621621621622,0.0,24.324324324324323
"2025-03-23 23:00:00","2025-03-24 00:00:00",UA,44,44,0,0,-0.22727272727272727,0.0,11.363636363636363
"2025-03-23 23:00:00","2025-03-24 00:00:00",WN,9,9,0,0,4.333333333333333,0.0,11.11111111111111
"2025-03-24 00:00:00","2025-03-24 01:00:00",AA,9,9,0,0,-1.6666666666666667,0.0,11.11111111111111
"2025-03-24 00:00:00","2025-03-24 01:00:00",DL,5,5,0,0,0.6,0.0,20.0
"2025-03-24 00:00:00","2025-03-24 01:00:00",UA,7,7,0,0,18.0,0.0,14.285714285714286
"2025-03-24 01:00:00","2025-03-24 02:00:00",DL,2,2,0,0,-14.0,0.0,0.0
"2025-03-24 01:00:00","2025-03-24 02:00:00",UA,1,1,0,0,39.0,0.0,100.0
"2025-03-24 05:00:00","2025-03-24 06:00:00",AA,107,107,0,0,0.037383177570093455,0.0,3.7383177570093458
"2025-03-24 05:00:00","2025-03-24 06:00:00",DL,66,66,0,0,4.2727272727272725,0.0,7.575757575757576
"2025-03-24 05:00:00","2025-03-24 06:00:00",UA,42,42,0,0,-4.0,0.0,0.0
"2025-03-24 05:00:00","2025-03-24 06:00:00",WN,183,182,0,1,-2.568306010928962,0.0,2.73224043715847
"2025-03-24 06:00:00","2025-03-24 07:00:00",AA,172,172,0,0,-1.2325581395348837,0.0,6.395348837209302
"2025-03-24 06:00:00","2025-03-24 07:00:00",DL,180,179,0,1,1.6722222222222223,0.0,5.555555555555555
"2025-03-24 06:00:00","2025-03-24 07:00:00",UA,132,132,0,0,0.5681818181818182,0.0,6.0606060606060606
"2025-03-24 06:00:00","2025-03-24 07:00:00",WN,270,270,0,0,-0.6592592592592592,0.0,4.814814814814815
"2025-03-24 07:00:00","2025-03-24 08:00:00",AA,217,216,0,1,0.7511520737327189,0.0,9.216589861751151
"2025-03-24 07:00:00","2025-03-24 08:00:00",DL,239,239,0,0,4.669456066945607,0.0,8.786610878661088
"2025-03-24 07:00:00","2025-03-24 08:00:00",UA,197,197,0,0,4.228426395939087,0.0,6.091370558375634
"2025-03-24 07:00:00","2025-03-24 08:00:00",WN,217,217,0,0,2.8617511520737327,0.0,7.373271889400922
"2025-03-24 08:00:00","2025-03-24 09:00:00",AA,192,192,0,0,24.28125,0.0,8.854166666666666
"2025-03-24 08:00:00","2025-03-24 09:00:00",DL,174,173,0,1,4.057471264367816,0.0,7.471264367816092
"2025-03-24 08:00:00","2025-03-24 09:00:00",UA,159,158,1,0,3.088607594936709,0.6289308176100629,7.594936708860759
"2025-03-24 08:00:00","2025-03-24 09:00:00",WN,258,257,0,1,2.7248062015503876,0.0,6.589147286821706
"2025-03-24 09:00:00","2025-03-24 10:00:00",AA,117,116,0,1,9.051282051282051,0.0,9.401709401709402
"2025-03-24 09:00:00","2025-03-24 10:00:00",DL,123,122,0,1,17.211382113821138,0.0,21.13821138211382
"2025-03-24 09:00:00","2025-03-24 10:00:00",UA,117,117,0,0,8.632478632478632,0.0,7.6923076923076925
"2025-03-24 09:00:00","2025-03-24 10:00:00",WN,213,213,0,0,4.63849765258216,0.0,11.267605633802816
"2025-03-24 10:00:00","2025-03-24 11:00:00",AA,134,134,0,0,6.208955223880597,0.0,11.940298507462687
"2025-03-24 10:00:00","2025-03-24 11:00:00",DL,154,154,0,0,5.9480519480519485,0.0,17.532467532467532
"2025-03-24 10:00:00","2025-03-24 11:00:00",UA,119,119,0,0,5.033613445378151,0.0,12.605042016806722
"2025-03-24 10:00:00","2025-03-24 11:00:00",WN,219,218,1,0,2.3440366972477062,0.45662100456621,8.256880733944953
"2025-03-24 11:00:00","2025-03-24 12:00:00",AA,141,141,0,0,21.75886524822695,0.0,18.43971631205674
"2025-03-24 11:00:00","2025-03-24 12:00:00",DL,178,178,0,0,12.932584269662922,0.0,22.471910112359552
"2025-03-24 11:00:00","2025-03-24 12:00:00",UA,108,107,0,1,1.3888888888888888,0.0,9.25925925925926
"2025-03-24 11:00:00","2025-03-24 12:00:00",WN,203,203,0,0,5.985221674876847,0.0,15.763546798029557
"2025-03-24 12:00:00","2025-03-24 13:00:00",AA,140,140,0,0,9.55,0.0,17.857142857142858
"2025-03-24 12:00:00","2025-03-24 13:00:00",DL,158,158,0,0,13.316455696202532,0.0,23.417721518987342
"2025-03-24 12:00:00","2025-03-24 13:00:00",UA,127,127,0,0,4.338582677165355,0.0,14.960629921259843
"2025-03-24 12:00:00","2025-03-24 13:00:00",WN,215,215,0,0,7.8279069767441865,0.0,17.674418604651162
"2025-03-24 13:00:00","2025-03-24 14:00:00",AA,138,138,0,0,8.971014492753623,0.0,17.391304347826086
"2025-03-24 13:00:00","2025-03-24 14:00:00",DL,142,142,0,0,15.492957746478874,0.0,23.943661971830984
"2025-03-24 13:00:00","2025-03-24 14:00:00",UA,125,125,0,0,6.656,0.0,8.8
"2025-03-24 13:00:00","2025-03-24 14:00:00",WN,226,226,0,0,7.048672566371682,0.0,20.353982300884955
"2025-03-24 14:00:00","2025-03-24 15:00:00",AA,129,129,0,0,14.69767441860465,0.0,20.155038759689923
"2025-03-24 14:00:00","2025-03-24 15:00:00",DL,137,137,0,0,16.64963503649635,0.0,26.277372262773724
"2025-03-24 14:00:00","2025-03-24 15:00:00",UA,116,116,0,0,5.724137931034483,0.0,17.24137931034483
"2025-03-24 14:00:00","2025-03-24 15:00:00",WN,222,222,0,0,11.427927927927929,0.0,26.576576576576578
"2025-03-24 15:00:00","2025-03-24 16:00:00",AA,137,137,0,0,10.569343065693431,0.0,20.437956204379564
"2025-03-24 15:00:00","2025-03-24 16:00:00",DL,162,162,0,0,14.271604938271604,0.0,28.395061728395063
"2025-03-24 15:00:00","2025-03-24 16:00:00",UA,91,91,0,0,12.945054945054945,0.0,25.274725274725274
"2025-03-24 15:00:00","2025-03-24 16:00:00",WN,205,205,0,0,8.526829268292683,0.0,19.51219512195122
"2025-03-24 16:00:00","2025-03-24 17:00:00",AA,133,133,0,0,31.31578947368421,0.0,30.075187969924812
"2025-03-24 16:00:00","2025-03-24 17:00:00",DL,125,125,0,0,20.488,0.0,32.0
"2025-03-24 16:00:00","2025-03-24 17:00:00",UA,131,130,1,0,9.415384615384616,0.7633587786259542,26.923076923076923
"2025-03-24 16:00:00","2025-03-24 17:00:00",WN,216,214,1,1,10.083720930232559,0.46296296296296297,24.651162790697676
"2025-03-24 17:00:00","2025-03-24 18:00:00",AA,146,146,0,0,22.027397260273972,0.0,27.397260273972602
"2025-03-24 17:00:00","2025-03-24 18:00:00",DL,175,175,0,0,16.611428571428572,0.0,32.57142857142857
"2025-03-24 17:00:00","2025-03-24 18:00:00",UA,133,133,0,0,9.052631578947368,0.0,22.55639097744361
"2025-03-24 17:00:00","2025-03-24 18:00:00",WN,218,218,0,0,13.119266055045872,0.0,28.89908256880734
"2025-03-24 18:00:00","2025-03-24 19:00:00",AA,150,150,0,0,10.086666666666666,0.0,21.333333333333332
"2025-03-24 18:00:00","2025-03-24 19:00:00",DL,152,152,0,0,8.828947368421053,0.0,23.68421052631579
"2025-03-24 18:00:00","2025-03-24 19:00:00",UA,134,134,0,0,8.440298507462687,0.0,17.16417910447761
"2025-03-24 18:00:00","2025-03-24 19:00:00",WN,221,220,1,0,8.931818181818182,0.45248868778280543,23.181818181818183
"2025-03-24 19:00:00","2025-03-24 20:00:00",AA,160,160,0,0,17.34375,0.0,26.875
"2025-03-24 19:00:00","2025-03-24 20:00:00",DL,158,158,0,0,20.60759493670886,0.0,36.70886075949367
"2025-03-24 19:00:00","2025-03-24 20:00:00",UA,124,124,0,0,7.17741935483871,0.0,16.93548387096774
"2025-03-24 19:00:00","2025-03-24 20:00:00",WN,214,214,0,0,8.845794392523365,0.0,21.02803738317757
"2025-03-24 20:00:00","2025-03-24 21:00:00",AA,114,114,0,0,9.5,0.0,21.92982456140351
"2025-03-24 20:00:00","2025-03-24 21:00:00",DL,113,113,0,0,7.592920353982301,0.0,23.008849557522122
"2025-03-24 20:00:00","2025-03-24 21:00:00",UA,92,92,0,0,9.978260869565217,0.0,22.82608695652174
"2025-03-24 20:00:00","2025-03-24 21:00:00",WN,240,240,0,0,8.208333333333334,0.0,22.5
"2025-03-24 21:00:00","2025-03-24 22:00:00",AA,83,83,0,0,6.156626506024097,0.0,20.481927710843372
"2025-03-24 21:00:00","2025-03-24 22:00:00",DL,91,91,0,0,11.538461538461538,0.0,25.274725274725274
"2025-03-24 21:00:00","2025-03-24 22:00:00",UA,55,55,0,0,1.8909090909090909,0.0,7.2727272727272725
"2025-03-24 21:00:00","2025-03-24 22:00:00",WN,152,152,0,0,5.980263157894737,0.0,16.44736842105263
"2025-03-24 22:00:00","2025-03-24 23:00:00",AA,91,91,0,0,8.164835164835164,0.0,20.87912087912088
"2025-03-24 22:00:00","2025-03-24 23:00:00",DL,91,91,0,0,5.208791208791209,0.0,14.285714285714286
"2025-03-24 22:00:00","2025-03-24 23:00:00",UA,32,32,0,0,0.34375,0.0,9.375
"2025-03-24 22:00:00","2025-03-24 23:00:00",WN,119,119,0,0,5.773109243697479,0.0,16.80672268907563
"2025-03-24 23:00:00","2025-03-25 00:00:00",AA,27,27,0,0,-0.6666666666666666,0.0,7.407407407407407
"2025-03-24 23:00:00","2025-03-25 00:00:00",DL,35,35,0,0,-0.02857142857142857,0.0,11.428571428571429
"2025-03-24 23:00:00","2025-03-25 00:00:00",UA,35,35,0,0,1.0857142857142856,0.0,11.428571428571429
"2025-03-24 23:00:00","2025-03-25 00:00:00",WN,9,9,0,0,0.7777777777777778,0.0,0.0
"2025-03-25 00:00:00","2025-03-25 01:00:00",AA,10,10,0,0,-7.4,0.0,0.0
"2025-03-25 00:00:00","2025-03-25 01:00:00",DL,7,7,0,0,-10.714285714285714,0.0,0.0
"2025-03-25 00:00:00","2025-03-25 01:00:00",UA,6,6,0,0,0.3333333333333333,0.0,16.666666666666668
"2025-03-25 01:00:00","2025-03-25 02:00:00",DL,2,2,0,0,-2.5,0.0,0.0
"2025-03-25 01:00:00","2025-03-25 02:00:00",UA,1,1,0,0,-6.0,0.0,0.0
"2025-03-25 05:00:00","2025-03-25 06:00:00",AA,109,109,0,0,-5.027522935779817,0.0,4.587155963302752
"2025-03-25 05:00:00","2025-03-25 06:00:00",DL,66,66,0,0,-5.075757575757576,0.0,6.0606060606060606
"2025-03-25 05:00:00","2025-03-25 06:00:00",UA,33,33,0,0,-6.393939393939394,0.0,0.0
"2025-03-25 05:00:00","2025-03-25 06:00:00",WN,102,102,0,0,-3.784313725490196,0.0,0.0
"2025-03-25 06:00:00","2025-03-25 07:00:00",AA,172,172,0,0,-4.255813953488372,0.0,1.1627906976744187
"2025-03-25 06:00:00","2025-03-25 07:00:00",DL,175,175,0,0,1.5142857142857142,0.0,4.571428571428571
"2025-03-25 06:00:00","2025-03-25 07:00:00",UA,121,121,0,0,-3.834710743801653,0.0,4.132231404958677
"2025-03-25 06:00:00","2025-03-25 07:00:00",WN,260,260,0,0,-1.3153846153846154,0.0,2.3076923076923075
"2025-03-25 07:00:00","2025-03-25 08:00:00",AA,210,210,0,0,4.571428571428571,0.0,5.714285714285714
"2025-03-25 07:00:00","2025-03-25 08:00:00",DL,229,229,0,0,-1.388646288209607,0.0,5.676855895196507
"2025-03-25 07:00:00","2025-03-25 08:00:00",UA,182,181,1,0,-0.7845303867403315,0.5494505494505495,6.077348066298343
"2025-03-25 07:00:00","2025-03-25 08:00:00",WN,224,224,0,0,-1.53125,0.0,4.464285714285714
"2025-03-25 08:00:00","2025-03-25 09:00:00",AA,167,167,0,0,-0.281437125748503,0.0,4.790419161676646
"2025-03-25 08:00:00","2025-03-25 09:00:00",DL,158,158,0,0,-2.8734177215189876,0.0,4.430379746835443
"2025-03-25 08:00:00","2025-03-25 09:00:00",UA,145,145,0,0,-0.2,0.0,6.896551724137931
"2025-03-25 08:00:00","2025-03-25 09:00:00",WN,229,229,0,0,-1.5065502183406114,0.0,4.366812227074236
"2025-03-25 09:00:00","2025-03-25 10:00:00",AA,127,126,1,0,0.7777777777777778,0.7874015748031497,13.492063492063492
"2025-03-25 09:00:00","2025-03-25 10:00:00",DL,128,128,0,0,-0.8671875,0.0,4.6875
"2025-03-25 09:00:00","2025-03-25 10:00:00",UA,125,125,0,0,-1.0,0.0,5.6
"2025-03-25 09:00:00","2025-03-25 10:00:00",WN,190,189,1,0,-0.015873015873015872,0.5263157894736842,6.349206349206349
"2025-03-25 10:00:00","2025-03-25 11:00:00",AA,128,127,1,0,8.637795275590552,0.78125,14.960629921259843
"2025-03-25 10:00:00","2025-03-25 11:00:00",DL,141,141,0,0,-0.7659574468085106,0.0,6.382978723404255
"2025-03-25 10:00:00","2025-03-25 11:00:00",UA,113,111,1,1,-0.8482142857142857,0.8849557522123894,7.142857142857143
"2025-03-25 10:00:00","2025-03-25 11:00:00",WN,222,220,2,0,1.259090909090909,0.9009009009009009,10.909090909090908
"2025-03-25 11:00:00","2025-03-25 12:00:00",AA,140,140,0,0,14.435714285714285,0.0,22.857142857142858
"2025-03-25 11:00:00","2025-03-25 12:00:00",DL,184,184,0,0,1.059782608695652,0.0,9.23913043478261
"2025-03-25 11:00:00","2025-03-25 12:00:00",UA,109,109,0,0,-1.944954128440367,0.0,4.587155963302752
"2025-03-25 11:00:00","2025-03-25 12:00:00",WN,205,205,0,0,2.5414634146341464,0.0,7.317073170731708
"2025-03-25 12:00:00","2025-03-25 13:00:00",AA,125,125,0,0,4.864,0.0,10.4
"2025-03-25 12:00:00","2025-03-25 13:00:00",DL,135,135,0,0,3.1703703703703705,0.0,8.148148148148149
"2025-03-25 12:00:00","2025-03-25 13:00:00",UA,116,116,0,0,4.568965517241379,0.0,11.206896551724139
"2025-03-25 12:00:00","2025-03-25 13:00:00",WN,211,209,1,1,2.9714285714285715,0.47393364928909953,8.095238095238095
"2025-03-25 13:00:00","2025-03-25 14:00:00",AA,144,144,0,0,5.895833333333333,0.0,13.88888888888889
"2025-03-25 13:00:00","2025-03-25 14:00:00",DL,146,146,0,0,1.082191780821918,0.0,7.534246575342466
"2025-03-25 13:00:00","2025-03-25 14:00:00",UA,132,132,0,0,8.007575757575758,0.0,11.363636363636363
"2025-03-25 13:00:00","2025-03-25 14:00:00",WN,235,234,1,0,1.1495726495726495,0.425531914893617,8.974358974358974
"2025-03-25 14:00:00","2025-03-25 15:00:00",AA,127,127,0,0,15.0,0.0,22.834645669291337
"2025-03-25 14:00:00","2025-03-25 15:00:00",DL,130,130,0,0,1.0846153846153845,0.0,10.0
"2025-03-25 14:00:00","2025-03-25 15:00:00",UA,112,112,0,0,1.7589285714285714,0.0,8.928571428571429
"2025-03-25 14:00:00","2025-03-25 15:00:00",WN,203,203,0,0,2.4729064039408866,0.0,8.866995073891626
"2025-03-25 15:00:00","2025-03-25 16:00:00",AA,133,131,0,2,16.586466165413533,0.0,27.81954887218045
"2025-03-25 15:00:00","2025-03-25 16:00:00",DL,167,167,0,0,8.167664670658683,0.0,11.377245508982035
"2025-03-25 15:00:00","2025-03-25 16:00:00",UA,82,82,0,0,1.0975609756097562,0.0,9.75609756097561
"2025-03-25 15:00:00","2025-03-25 16:00:00",WN,204,204,0,0,5.245098039215686,0.0,13.235294117647058
"2025-03-25 16:00:00","2025-03-25 17:00:00",AA,137,137,0,0,9.204379562043796,0.0,22.62773722627737
"2025-03-25 16:00:00","2025-03-25 17:00:00",DL,122,122,0,0,5.598360655737705,0.0,12.295081967213115
"2025-03-25 16:00:00","2025-03-25 17:00:00",UA,137,136,1,0,3.5441176470588234,0.7299270072992701,12.5
"2025-03-25 16:00:00","2025-03-25 17:00:00",WN,229,229,0,0,1.0480349344978166,0.0,10.480349344978166
"2025-03-25 17:00:00","2025-03-25 18:00:00",AA,123,121,0,2,17.3739837398374,0.0,29.26829268292683
"2025-03-25 17:00:00","2025-03-25 18:00:00",DL,138,137,1,0,1.1532846715328466,0.7246376811594203,8.75912408759124
"2025-03-25 17:00:00","2025-03-25 18:00:00",UA,104,103,1,0,1.5339805825242718,0.9615384615384616,9.70873786407767
"2025-03-25 17:00:00","2025-03-25 18:00:00",WN,199,197,0,2,4.467336683417085,0.0,13.5678391959799
"2025-03-25 18:00:00","2025-03-25 19:00:00",AA,163,162,0,1,31.374233128834355,0.0,28.220858895705522
"2025-03-25 18:00:00","2025-03-25 19:00:00",DL,147,147,0,0,-1.1904761904761905,0.0,8.843537414965986
"2025-03-25 18:00:00","2025-03-25 19:00:00",UA,130,129,0,1,7.938461538461539,0.0,16.153846153846153
"2025-03-25 18:00:00","2025-03-25 19:00:00",WN,214,209,0,5,2.4158878504672896,0.0,8.878504672897197
"2025-03-25 19:00:00","2025-03-25 20:00:00",AA,141,141,0,0,23.53191489361702,0.0,36.170212765957444
"2025-03-25 19:00:00","2025-03-25 20:00:00",DL,115,115,0,0,12.878260869565217,0.0,18.26086956521739
"2025-03-25 19:00:00","2025-03-25 20:00:00",UA,100,100,0,0,-0.14,0.0,9.0
"2025-03-25 19:00:00","2025-03-25 20:00:00",WN,249,248,0,1,5.843373493975903,0.0,15.662650602409638
"2025-03-25 20:00:00","2025-03-25 21:00:00",AA,127,127,0,0,26.881889763779526,0.0,29.921259842519685
"2025-03-25 20:00:00","2025-03-25 21:00:00",DL,94,94,0,0,6.840425531914893,0.0,14.893617021276595
"2025-03-25 20:00:00","2025-03-25 21:00:00",UA,91,91,0,0,6.989010989010989,0.0,15.384615384615385
"2025-03-25 20:00:00","2025-03-25 21:00:00",WN,180,180,0,0,14.472222222222221,0.0,25.555555555555557
"2025-03-25 21:00:00","2025-03-25 22:00:00",AA,87,87,0,0,25.17241379310345,0.0,41.37931034482759
"2025-03-25 21:00:00","2025-03-25 22:00:00",DL,76,75,0,1,1.013157894736842,0.0,9.210526315789474
"2025-03-25 21:00:00","2025-03-25 22:00:00",UA,42,42,0,0,-0.3333333333333333,0.0,7.142857142857143
"2025-03-25 21:00:00","2025-03-25 22:00:00",WN,160,160,0,0,8.3,0.0,18.125
"2025-03-25 22:00:00","2025-03-25 23:00:00",AA,89,88,1,0,18.727272727272727,1.1235955056179776,30.681818181818183
"2025-03-25 22:00:00","2025-03-25 23:00:00",DL,84,84,0,0,-3.5238095238095237,0.0,3.5714285714285716
"2025-03-25 22:00:00","2025-03-25 23:00:00",UA,25,25,0,0,-2.88,0.0,4.0
"2025-03-25 22:00:00","2025-03-25 23:00:00",WN,9,9,0,0,10.777777777777779,0.0,22.22222222222222
"2025-03-25 23:00:00","2025-03-26 00:00:00",AA,26,26,0,0,4.923076923076923,0.0,15.384615384615385
"2025-03-25 23:00:00","2025-03-26 00:00:00",DL,30,30,0,0,-1.3666666666666667,0.0,6.666666666666667
"2025-03-25 23:00:00","2025-03-26 00:00:00",UA,33,33,0,0,-5.303030303030303,0.0,3.0303030303030303
"2025-03-25 23:00:00","2025-03-26 00:00:00",WN,9,9,0,0,-2.2222222222222223,0.0,0.0
"2025-03-26 00:00:00","2025-03-26 01:00:00",AA,8,8,0,0,-4.25,0.0,0.0
"2025-03-26 00:00:00","2025-03-26 01:00:00",DL,3,3,0,0,-6.0,0.0,0.0
"2025-03-26 00:00:00","2025-03-26 01:00:00",UA,4,4,0,0,-3.5,0.0,0.0
"2025-03-26 01:00:00","2025-03-26 02:00:00",DL,2,2,0,0,-9.0,0.0,0.0
"2025-03-26 01:00:00","2025-03-26 02:00:00",UA,1,1,0,0,-4.0,0.0,0.0
"2025-03-26 05:00:00","2025-03-26 06:00:00",AA,103,102,1,0,5.6568627450980395,0.970873786407767,4.901960784313726
"2025-03-26 05:00:00","2025-03-26 06:00:00",DL,63,63,0,0,-0.12698412698412698,0.0,3.1746031746031744
"2025-03-26 05:00:00","2025-03-26 06:00:00",UA,35,35,0,0,-0.6571428571428571,0.0,5.714285714285714
"2025-03-26 05:00:00","2025-03-26 06:00:00",WN,97,97,0,0,-3.051546391752577,0.0,2.0618556701030926
"2025-03-26 06:00:00","2025-03-26 07:00:00",AA,180,180,0,0,-3.3666666666666667,0.0,4.444444444444445
"2025-03-26 06:00:00","2025-03-26 07:00:00",DL,174,174,0,0,-6.137931034482759,0.0,0.5747126436781609
"2025-03-26 06:00:00","2025-03-26 07:00:00",UA,127,127,0,0,-5.826771653543307,0.0,3.1496062992125986
"2025-03-26 06:00:00","2025-03-26 07:00:00",WN,274,274,0,0,-2.8503649635036497,0.0,2.9197080291970803
"2025-03-26 07:00:00","2025-03-26 08:00:00",AA,220,220,0,0,4.345454545454546,0.0,8.181818181818182
"2025-03-26 07:00:00","2025-03-26 08:00:00",DL,241,241,0,0,2.08298755186722,0.0,4.564315352697095
"2025-03-26 07:00:00","2025-03-26 08:00:00",UA,191,191,0,0,-2.5340314136125652,0.0,4.712041884816754
"2025-03-26 07:00:00","2025-03-26 08:00:00",WN,239,239,0,0,-1.9246861924686192,0.0,2.928870292887029
"2025-03-26 08:00:00","2025-03-26 09:00:00",AA,170,170,0,0,6.858823529411764,0.0,10.0
"2025-03-26 08:00:00","2025-03-26 09:00:00",DL,153,152,0,1,1.7189542483660132,0.0,5.882352941176471
"2025-03-26 08:00:00","2025-03-26 09:00:00",UA,143,143,0,0,-2.8811188811188813,0.0,3.4965034965034967
"2025-03-26 08:00:00","2025-03-26 09:00:00",WN,234,234,0,0,-1.8461538461538463,0.0,1.2820512820512822
"2025-03-26 09:00:00","2025-03-26 10:00:00",AA,125,125,0,0,10.496,0.0,12.8
"2025-03-26 09:00:00","2025-03-26 10:00:00",DL,123,123,0,0,0.3089430894308943,0.0,5.691056910569106
"2025-03-26 09:00:00","2025-03-26 10:00:00",UA,119,119,0,0,-0.865546218487395,0.0,5.042016806722689
"2025-03-26 09:00:00","2025-03-26 10:00:00",WN,191,191,0,0,-0.837696335078534,0.0,4.18848167539267
"2025-03-26 10:00:00","2025-03-26 11:00:00",AA,131,131,0,0,6.229007633587786,0.0,12.213740458015268
"2025-03-26 10:00:00","2025-03-26 11:00:00",DL,151,151,0,0,1.0397350993377483,0.0,5.298013245033113
"2025-03-26 10:00:00","2025-03-26 11:00:00",UA,123,123,0,0,-1.4796747967479675,0.0,4.878048780487805
"2025-03-26 10:00:00","2025-03-26 11:00:00",WN,244,244,0,0,-0.22540983606557377,0.0,4.098360655737705
"2025-03-26 11:00:00","2025-03-26 12:00:00",AA,139,138,0,1,2.093525179856115,0.0,10.071942446043165
"2025-03-26 11:00:00","2025-03-26 12:00:00",DL,186,185,0,1,3.650537634408602,0.0,7.526881720430108
"2025-03-26 11:00:00","2025-03-26 12:00:00",UA,112,112,0,0,-3.3125,0.0,1.7857142857142858
"2025-03-26 11:00:00","2025-03-26 12:00:00",WN,195,193,1,1,2.216494845360825,0.5128205128205128,7.216494845360825
"2025-03-26 12:00:00","2025-03-26 13:00:00",AA,140,140,0,0,8.764285714285714,0.0,17.857142857142858
"2025-03-26 12:00:00","2025-03-26 13:00:00",DL,156,155,1,0,2.096774193548387,0.6410256410256411,9.03225806451613
"2025-03-26 12:00:00","2025-03-26 13:00:00",UA,119,119,0,0,0.6470588235294118,0.0,6.722689075630252
"2025-03-26 12:00:00","2025-03-26 13:00:00",WN,230,227,3,0,1.5859030837004404,1.3043478260869565,5.726872246696035
"2025-03-26 13:00:00","2025-03-26 14:00:00",AA,137,137,0,0,5.868613138686132,0.0,13.138686131386862
"2025-03-26 13:00:00","2025-03-26 14:00:00",DL,145,145,0,0,4.0,0.0,15.172413793103448
"2025-03-26 13:00:00","2025-03-26 14:00:00",UA,127,127,0,0,2.874015748031496,0.0,11.023622047244094
"2025-03-26 13:00:00","2025-03-26 14:00:00",WN,220,219,1,0,4.557077625570776,0.45454545454545453,10.95890410958904
"2025-03-26 14:00:00","2025-03-26 15:00:00",AA,128,128,0,0,9.828125,0.0,18.75
"2025-03-26 14:00:00","2025-03-26 15:00:00",DL,134,134,0,0,8.805970149253731,0.0,11.940298507462687
"2025-03-26 14:00:00","2025-03-26 15:00:00",UA,114,114,0,0,0.3508771929824561,0.0,7.894736842105263
"2025-03-26 14:00:00","2025-03-26 15:00:00",WN,199,199,0,0,3.1256281407035176,0.0,11.055276381909549
"2025-03-26 15:00:00","2025-03-26 16:00:00",AA,132,132,0,0,9.151515151515152,0.0,18.939393939393938
"2025-03-26 15:00:00","2025-03-26 16:00:00",DL,165,165,0,0,7.915151515151515,0.0,16.96969696969697
"2025-03-26 15:00:00","2025-03-26 16:00:00",UA,83,83,0,0,1.783132530120482,0.0,7.228915662650603
"2025-03-26 15:00:00","2025-03-26 16:00:00",WN,192,191,1,0,6.69109947643979,0.5208333333333334,14.136125654450261
"2025-03-26 16:00:00","2025-03-26 17:00:00",AA,139,139,0,0,7.575539568345324,0.0,18.705035971223023
"2025-03-26 16:00:00","2025-03-26 17:00:00",DL,121,120,0,1,2.4628099173553717,0.0,9.917355371900827
"2025-03-26 16:00:00","2025-03-26 17:00:00",UA,128,128,0,0,6.109375,0.0,10.15625
"2025-03-26 16:00:00","2025-03-26 17:00:00",WN,233,233,0,0,5.373390557939914,0.0,10.729613733905579
"2025-03-26 17:00:00","2025-03-26 18:00:00",AA,143,143,0,0,13.909090909090908,0.0,24.475524475524477
"2025-03-26 17:00:00","2025-03-26 18:00:00",DL,171,171,0,0,7.345029239766082,0.0,16.95906432748538
"2025-03-26 17:00:00","2025-03-26 18:00:00",UA,124,124,0,0,8.596774193548388,0.0,18.548387096774192
"2025-03-26 17:00:00","2025-03-26 18:00:00",WN,208,208,0,0,6.9326923076923075,0.0,15.384615384615385
"2025-03-26 18:00:00","2025-03-26 19:00:00",AA,146,146,0,0,11.616438356164384,0.0,25.34246575342466
"2025-03-26 18:00:00","2025-03-26 19:00:00",DL,148,148,0,0,4.364864864864865,0.0,15.54054054054054
"2025-03-26 18:00:00","2025-03-26 19:00:00",UA,138,138,0,0,10.231884057971014,0.0,21.014492753623188
"2025-03-26 18:00:00","2025-03-26 19:00:00",WN,207,207,0,0,8.043478260869565,0.0,14.492753623188406
"2025-03-26 19:00:00","2025-03-26 20:00:00",AA,152,152,0,0,9.842105263157896,0.0,23.026315789473685
"2025-03-26 19:00:00","2025-03-26 20:00:00",DL,123,123,0,0,7.138211382113822,0.0,21.13821138211382
"2025-03-26 19:00:00","2025-03-26 20:00:00",UA,121,121,0,0,15.71900826446281,0.0,19.00826446280992
"2025-03-26 19:00:00","2025-03-26 20:00:00",WN,267,267,0,0,4.692883895131086,0.0,15.355805243445692
"2025-03-26 20:00:00","2025-03-26 21:00:00",AA,117,117,0,0,6.316239316239316,0.0,17.094017094017094
"2025-03-26 20:00:00","2025-03-26 21:00:00",DL,89,89,0,0,5.247191011235955,0.0,19.10112359550562
"2025-03-26 20:00:00","2025-03-26 21:00:00",UA,95,95,0,0,7.336842105263158,0.0,13.68421052631579
"2025-03-26 20:00:00","2025-03-26 21:00:00",WN,167,167,0,0,5.916167664670659,0.0,14.970059880239521
"2025-03-26 21:00:00","2025-03-26 22:00:00",AA,75,75,0,0,10.386666666666667,0.0,22.666666666666668
"2025-03-26 21:00:00","2025-03-26 22:00:00",DL,65,65,0,0,5.907692307692308,0.0,13.846153846153847
"2025-03-26 21:00:00","2025-03-26 22:00:00",UA,51,51,0,0,9.07843137254902,0.0,21.568627450980394
"2025-03-26 21:00:00","2025-03-26 22:00:00",WN,144,144,0,0,3.9583333333333335,0.0,11.805555555555555
"2025-03-26 22:00:00","2025-03-26 23:00:00",AA,80,80,0,0,3.1625,0.0,7.5
"2025-03-26 22:00:00","2025-03-26 23:00:00",DL,78,78,0,0,-0.2948717948717949,0.0,10.256410256410257
"2025-03-26 22:00:00","2025-03-26 23:00:00",UA,33,33,0,0,4.212121212121212,0.0,12.121212121212121
"2025-03-26 22:00:00","2025-03-26 23:00:00",WN,10,10,0,0,12.3,0.0,10.0
"2025-03-26 23:00:00","2025-03-27 00:00:00",AA,26,25,0,1,1.8846153846153846,0.0,7.6923076923076925
"2025-03-26 23:00:00","2025-03-27 00:00:00",DL,32,32,0,0,-4.28125,0.0,0.0
"2025-03-26 23:00:00","2025-03-27 00:00:00",UA,42,42,0,0,2.1904761904761907,0.0,14.285714285714286
"2025-03-26 23:00:00","2025-03-27 00:00:00",WN,9,9,0,0,1.1111111111111112,0.0,0.0
"2025-03-27 00:00:00","2025-03-27 01:00:00",AA,9,9,0,0,1.8888888888888888,0.0,11.11111111111111
"2025-03-27 00:00:00","2025-03-27 01:00:00",DL,4,4,0,0,-5.5,0.0,0.0
"2025-03-27 00:00:00","2025-03-27 01:00:00",UA,6,6,0,0,8.333333333333334,0.0,16.666666666666668
"2025-03-27 01:00:00","2025-03-27 02:00:00",DL,2,2,0,0,-1.5,0.0,0.0
"2025-03-27 01:00:00","2025-03-27 02:00:00",UA,1,1,0,0,29.0,0.0,100.0
"2025-03-27 05:00:00","2025-03-27 06:00:00",AA,103,102,1,0,-2.2745098039215685,0.970873786407767,3.9215686274509802
"2025-03-27 05:00:00","2025-03-27 06:00:00",DL,55,55,0,0,4.909090909090909,0.0,7.2727272727272725
"2025-03-27 05:00:00","2025-03-27 06:00:00",UA,40,40,0,0,-1.75,0.0,2.5
"2025-03-27 05:00:00","2025-03-27 06:00:00",WN,178,177,0,1,-0.7471910112359551,0.0,3.3707865168539324
"2025-03-27 06:00:00","2025-03-27 07:00:00",AA,176,175,1,0,-2.4057142857142857,0.5681818181818182,5.142857142857143
"2025-03-27 06:00:00","2025-03-27 07:00:00",DL,177,177,0,0,-1.4067796610169492,0.0,5.084745762711864
"2025-03-27 06:00:00","2025-03-27 07:00:00",UA,133,130,1,2,1.4166666666666667,0.7518796992481203,6.818181818181818
"2025-03-27 06:00:00","2025-03-27 07:00:00",WN,277,276,0,1,-0.5234657039711191,0.0,3.6101083032490973
"2025-03-27 07:00:00","2025-03-27 08:00:00",AA,207,207,0,0,-1.6908212560386473,0.0,5.797101449275362
"2025-03-27 07:00:00","2025-03-27 08:00:00",DL,231,229,0,2,1.0173160173160174,0.0,7.359307359307359
"2025-03-27 07:00:00","2025-03-27 08:00:00",UA,186,185,0,1,-2.360215053763441,0.0,2.150537634408602
"2025-03-27 07:00:00","2025-03-27 08:00:00",WN,225,224,1,0,-1.8526785714285714,0.4444444444444444,2.232142857142857
"2025-03-27 08:00:00","2025-03-27 09:00:00",AA,195,195,0,0,8.112820512820512,0.0,13.846153846153847
"2025-03-27 08:00:00","2025-03-27 09:00:00",DL,180,179,0,1,-1.3888888888888888,0.0,8.333333333333334
"2025-03-27 08:00:00","2025-03-27 09:00:00",UA,173,173,0,0,4.138728323699422,0.0,9.826589595375722
"2025-03-27 08:00:00","2025-03-27 09:00:00",WN,263,263,0,0,-0.06844106463878327,0.0,4.182509505703422
"2025-03-27 09:00:00","2025-03-27 10:00:00",AA,117,116,0,1,11.521367521367521,0.0,10.256410256410257
"2025-03-27 09:00:00","2025-03-27 10:00:00",DL,120,120,0,0,7.116666666666666,0.0,10.833333333333334
"2025-03-27 09:00:00","2025-03-27 10:00:00",UA,120,120,0,0,3.691666666666667,0.0,5.833333333333333
"2025-03-27 09:00:00","2025-03-27 10:00:00",WN,208,208,0,0,0.5673076923076923,0.0,3.3653846153846154
"2025-03-27 10:00:00","2025-03-27 11:00:00",AA,129,129,0,0,4.9147286821705425,0.0,10.852713178294573
"2025-03-27 10:00:00","2025-03-27 11:00:00",DL,147,147,0,0,-0.5374149659863946,0.0,6.802721088435374
"2025-03-27 10:00:00","2025-03-27 11:00:00",UA,108,108,0,0,3.2685185185185186,0.0,6.481481481481482
"2025-03-27 10:00:00","2025-03-27 11:00:00",WN,215,215,0,0,0.037209302325581395,0.0,6.511627906976744
"2025-03-27 11:00:00","2025-03-27 12:00:00",AA,156,156,0,0,6.685897435897436,0.0,16.666666666666668
"2025-03-27 11:00:00","2025-03-27 12:00:00",DL,188,188,0,0,2.882978723404255,0.0,10.106382978723405
"2025-03-27 11:00:00","2025-03-27 12:00:00",UA,118,118,0,0,1.7966101694915255,0.0,10.169491525423728
"2025-03-27 11:00:00","2025-03-27 12:00:00",WN,214,213,0,1,1.7570093457943925,0.0,6.542056074766355
"2025-03-27 12:00:00","2025-03-27 13:00:00",AA,124,124,0,0,4.056451612903226,0.0,13.709677419354838
"2025-03-27 12:00:00","2025-03-27 13:00:00",DL,148,148,0,0,3.175675675675676,0.0,9.45945945945946
"2025-03-27 12:00:00","2025-03-27 13:00:00",UA,116,116,0,0,-1.8017241379310345,0.0,6.896551724137931
"2025-03-27 12:00:00","2025-03-27 13:00:00",WN,207,207,0,0,3.21256038647343,0.0,11.594202898550725
"2025-03-27 13:00:00","2025-03-27 14:00:00",AA,147,146,0,1,9.605442176870747,0.0,12.92517006802721
"2025-03-27 13:00:00","2025-03-27 14:00:00",DL,157,157,0,0,4.375796178343949,0.0,10.828025477707007
"2025-03-27 13:00:00","2025-03-27 14:00:00",UA,139,139,0,0,2.7482014388489207,0.0,11.510791366906474
"2025-03-27 13:00:00","2025-03-27 14:00:00",WN,246,245,0,1,4.439024390243903,0.0,13.821138211382113
"2025-03-27 14:00:00","2025-03-27 15:00:00",AA,127,127,0,0,9.89763779527559,0.0,18.11023622047244
"2025-03-27 14:00:00","2025-03-27 15:00:00",DL,137,137,0,0,2.9927007299270074,0.0,10.218978102189782
"2025-03-27 14:00:00","2025-03-27 15:00:00",UA,115,115,0,0,3.034782608695652,0.0,9.565217391304348
"2025-03-27 14:00:00","2025-03-27 15:00:00",WN,221,221,0,0,7.081447963800905,0.0,18.099547511312217
"2025-03-27 15:00:00","2025-03-27 16:00:00",AA,125,125,0,0,9.888,0.0,23.2
"2025-03-27 15:00:00","2025-03-27 16:00:00",DL,155,155,0,0,7.483870967741935,0.0,12.903225806451612
"2025-03-27 15:00:00","2025-03-27 16:00:00",UA,82,82,0,0,6.841463414634147,0.0,13.414634146341463
"2025-03-27 15:00:00","2025-03-27 16:00:00",WN,190,189,1,0,9.100529100529101,0.5263157894736842,21.164021164021165
"2025-03-27 16:00:00","2025-03-27 17:00:00",AA,134,133,0,1,8.656716417910447,0.0,19.402985074626866
"2025-03-27 16:00:00","2025-03-27 17:00:00",DL,135,135,0,0,4.4,0.0,14.814814814814815
"2025-03-27 16:00:00","2025-03-27 17:00:00",UA,138,138,0,0,3.9855072463768115,0.0,9.420289855072463
"2025-03-27 16:00:00","2025-03-27 17:00:00",WN,232,232,0,0,6.935344827586207,0.0,20.25862068965517
"2025-03-27 17:00:00","2025-03-27 18:00:00",AA,137,137,0,0,15.693430656934307,0.0,31.386861313868614
"2025-03-27 17:00:00","2025-03-27 18:00:00",DL,154,154,0,0,7.181818181818182,0.0,14.935064935064934
"2025-03-27 17:00:00","2025-03-27 18:00:00",UA,120,120,0,0,9.216666666666667,0.0,15.833333333333334
"2025-03-27 17:00:00","2025-03-27 18:00:00",WN,216,216,0,0,10.101851851851851,0.0,23.14814814814815
"2025-03-27 18:00:00","2025-03-27 19:00:00",AA,141,141,0,0,7.092198581560283,0.0,19.858156028368793
"2025-03-27 18:00:00","2025-03-27 19:00:00",DL,147,147,0,0,4.591836734693878,0.0,14.965986394557824
"2025-03-27 18:00:00","2025-03-27 19:00:00",UA,132,132,0,0,8.0,0.0,14.393939393939394
"2025-03-27 18:00:00","2025-03-27 19:00:00",WN,217,215,1,1,9.86574074074074,0.4608294930875576,27.77777777777778
"2025-03-27 19:00:00","2025-03-27 20:00:00",AA,159,159,0,0,13.062893081761006,0.0,28.30188679245283
"2025-03-27 19:00:00","2025-03-27 20:00:00",DL,159,159,0,0,5.320754716981132,0.0,16.352201257861637
"2025-03-27 19:00:00","2025-03-27 20:00:00",UA,133,133,0,0,6.330827067669173,0.0,18.796992481203006
"2025-03-27 19:00:00","2025-03-27 20:00:00",WN,214,214,0,0,9.551401869158878,0.0,20.560747663551403
"2025-03-27 20:00:00","2025-03-27 21:00:00",AA,107,107,0,0,8.299065420560748,0.0,24.299065420560748
"2025-03-27 20:00:00","2025-03-27 21:00:00",DL,101,101,0,0,3.6930693069306932,0.0,16.831683168316832
"2025-03-27 20:00:00","2025-03-27 21:00:00",UA,86,86,0,0,9.930232558139535,0.0,18.6046511627907
"2025-03-27 20:00:00","2025-03-27 21:00:00",WN,238,237,1,0,5.637130801687764,0.42016806722689076,15.611814345991561
"2025-03-27 21:00:00","2025-03-27 22:00:00",AA,87,87,0,0,8.71264367816092,0.0,25.28735632183908
"2025-03-27 21:00:00","2025-03-27 22:00:00",DL,99,99,0,0,0.3939393939393939,0.0,7.070707070707071
"2025-03-27 21:00:00","2025-03-27 22:00:00",UA,60,60,0,0,4.45,0.0,13.333333333333334
"2025-03-27 21:00:00","2025-03-27 22:00:00",WN,159,156,3,0,5.871794871794871,1.8867924528301887,20.512820512820515
"2025-03-27 22:00:00","2025-03-27 23:00:00",AA,90,90,0,0,22.31111111111111,0.0,24.444444444444443
"2025-03-27 22:00:00","2025-03-27 23:00:00",DL,90,90,0,0,3.5444444444444443,0.0,13.333333333333334
"2025-03-27 22:00:00","2025-03-27 23:00:00",UA,28,28,0,0,0.7142857142857143,0.0,3.5714285714285716
"2025-03-27 22:00:00","2025-03-27 23:00:00",WN,119,118,1,0,4.059322033898305,0.8403361344537815,18.64406779661017
"2025-03-27 23:00:00","2025-03-28 00:00:00",AA,27,27,0,0,0.8148148148148148,0.0,7.407407407407407
"2025-03-27 23:00:00","2025-03-28 00:00:00",DL,39,39,0,0,-2.3333333333333335,0.0,5.128205128205129
"2025-03-27 23:00:00","2025-03-28 00:00:00",UA,42,42,0,0,6.071428571428571,0.0,14.285714285714286
"2025-03-27 23:00:00","2025-03-28 00:00:00",WN,9,8,0,1,7.555555555555555,0.0,33.333333333333336
"2025-03-28 00:00:00","2025-03-28 01:00:00",AA,9,9,0,0,-3.888888888888889,0.0,0.0
"2025-03-28 00:00:00","2025-03-28 01:00:00",DL,7,7,0,0,-7.142857142857143,0.0,0.0
"2025-03-28 00:00:00","2025-03-28 01:00:00",UA,7,7,0,0,-6.428571428571429,0.0,0.0
"2025-03-28 01:00:00","2025-03-28 02:00:00",DL,2,2,0,0,-6.0,0.0,0.0
"2025-03-28 01:00:00","2025-03-28 02:00:00",UA,1,1,0,0,-7.0,0.0,0.0
"2025-03-28 05:00:00","2025-03-28 06:00:00",AA,106,106,0,0,2.9245283018867925,0.0,5.660377358490566
"2025-03-28 05:00:00","2025-03-28 06:00:00",DL,63,63,0,0,-4.063492063492063,0.0,3.1746031746031744
"2025-03-28 05:00:00","2025-03-28 06:00:00",UA,41,41,0,0,-5.121951219512195,0.0,2.4390243902439024
"2025-03-28 05:00:00","2025-03-28 06:00:00",WN,175,174,0,1,4.822857142857143,0.0,8.571428571428571
"2025-03-28 06:00:00","2025-03-28 07:00:00",AA,174,173,0,1,3.2758620689655173,0.0,8.045977011494253
"2025-03-28 06:00:00","2025-03-28 07:00:00",DL,180,180,0,0,-0.03888888888888889,0.0,5.0
"2025-03-28 06:00:00","2025-03-28 07:00:00",UA,140,138,0,2,1.1,0.0,9.285714285714286
"2025-03-28 06:00:00","2025-03-28 07:00:00",WN,282,280,2,0,1.8607142857142858,0.7092198581560284,7.5
"2025-03-28 07:00:00","2025-03-28 08:00:00",AA,214,214,0,0,-1.0327102803738317,0.0,7.4766355140186915
"2025-03-28 07:00:00","2025-03-28 08:00:00",DL,240,240,0,0,0.525,0.0,6.25
"2025-03-28 07:00:00","2025-03-28 08:00:00",UA,190,190,0,0,2.278947368421053,0.0,9.473684210526315
"2025-03-28 07:00:00","2025-03-28 08:00:00",WN,225,224,1,0,0.7008928571428571,0.4444444444444444,6.25
"2025-03-28 08:00:00","2025-03-28 09:00:00",AA,194,194,0,0,9.463917525773196,0.0,11.855670103092784
"2025-03-28 08:00:00","2025-03-28 09:00:00",DL,178,177,1,0,11.64406779661017,0.5617977528089888,9.6045197740113
"2025-03-28 08:00:00","2025-03-28 09:00:00",UA,168,168,0,0,6.815476190476191,0.0,10.119047619047619
"2025-03-28 08:00:00","2025-03-28 09:00:00",WN,262,261,1,0,4.363984674329502,0.3816793893129771,12.64367816091954
"2025-03-28 09:00:00","2025-03-28 10:00:00",AA,117,117,0,0,2.111111111111111,0.0,8.547008547008547
"2025-03-28 09:00:00","2025-03-28 10:00:00",DL,123,123,0,0,2.048780487804878,0.0,8.94308943089431
"2025-03-28 09:00:00","2025-03-28 10:00:00",UA,126,126,0,0,7.642857142857143,0.0,15.873015873015873
"2025-03-28 09:00:00","2025-03-28 10:00:00",WN,216,213,1,2,4.6,0.46296296296296297,11.162790697674419
"2025-03-28 10:00:00","2025-03-28 11:00:00",AA,134,134,0,0,13.694029850746269,0.0,19.402985074626866
"2025-03-28 10:00:00","2025-03-28 11:00:00",DL,160,157,2,1,3.3417721518987342,1.25,12.025316455696203
"2025-03-28 10:00:00","2025-03-28 11:00:00",UA,124,124,0,0,10.241935483870968,0.0,18.548387096774192
"2025-03-28 10:00:00","2025-03-28 11:00:00",WN,230,225,4,1,2.1194690265486726,1.7391304347826086,5.752212389380531
"2025-03-28 11:00:00","2025-03-28 12:00:00",AA,145,145,0,0,7.317241379310345,0.0,16.551724137931036
"2025-03-28 11:00:00","2025-03-28 12:00:00",DL,181,181,0,0,8.475138121546962,0.0,14.3646408839779
"2025-03-28 11:00:00","2025-03-28 12:00:00",UA,116,116,0,0,11.327586206896552,0.0,17.24137931034483
"2025-03-28 11:00:00","2025-03-28 12:00:00",WN,211,207,2,2,7.55023923444976,0.9478672985781991,16.267942583732058
"2025-03-28 12:00:00","2025-03-28 13:00:00",AA,128,128,0,0,6.75,0.0,17.96875
"2025-03-28 12:00:00","2025-03-28 13:00:00",DL,146,146,0,0,3.6095890410958904,0.0,10.273972602739725
"2025-03-28 12:00:00","2025-03-28 13:00:00",UA,115,115,0,0,6.982608695652174,0.0,11.304347826086957
"2025-03-28 12:00:00","2025-03-28 13:00:00",WN,195,192,2,1,5.72020725388601,1.0256410256410255,15.025906735751295
"2025-03-28 13:00:00","2025-03-28 14:00:00",AA,127,127,0,0,18.866141732283463,0.0,19.68503937007874
"2025-03-28 13:00:00","2025-03-28 14:00:00",DL,142,142,0,0,0.09154929577464789,0.0,11.267605633802816
"2025-03-28 13:00:00","2025-03-28 14:00:00",UA,134,133,0,1,5.626865671641791,0.0,10.447761194029852
"2025-03-28 13:00:00","2025-03-28 14:00:00",WN,229,227,1,1,9.49561403508772,0.4366812227074236,18.859649122807017
"2025-03-28 14:00:00","2025-03-28 15:00:00",AA,135,135,0,0,19.807407407407407,0.0,19.25925925925926
"2025-03-28 14:00:00","2025-03-28 15:00:00",DL,147,146,1,0,8.061643835616438,0.6802721088435374,15.068493150684931
"2025-03-28 14:00:00","2025-03-28 15:00:00",UA,124,123,0,1,6.233870967741935,0.0,17.741935483870968
"2025-03-28 14:00:00","2025-03-28 15:00:00",WN,232,231,1,0,15.9004329004329,0.43103448275862066,25.541125541125542
"2025-03-28 15:00:00","2025-03-28 16:00:00",AA,130,130,0,0,12.546153846153846,0.0,19.23076923076923
"2025-03-28 15:00:00","2025-03-28 16:00:00",DL,167,166,0,1,13.52694610778443,0.0,19.161676646706585
"2025-03-28 15:00:00","2025-03-28 16:00:00",UA,80,80,0,0,17.775,0.0,21.25
"2025-03-28 15:00:00","2025-03-28 16:00:00",WN,203,201,2,0,13.925373134328359,0.9852216748768473,21.890547263681594
"2025-03-28 16:00:00","2025-03-28 17:00:00",AA,133,133,0,0,15.556390977443609,0.0,26.31578947368421
"2025-03-28 16:00:00","2025-03-28 17:00:00",DL,133,133,0,0,7.947368421052632,0.0,17.293233082706767
"2025-03-28 16:00:00","2025-03-28 17:00:00",UA,134,133,1,0,7.43609022556391,0.746268656716418,19.548872180451127
"2025-03-28 16:00:00","2025-03-28 17:00:00",WN,215,214,1,0,16.92056074766355,0.46511627906976744,28.50467289719626
"2025-03-28 17:00:00","2025-03-28 18:00:00",AA,145,144,1,0,12.479166666666666,0.6896551724137931,17.36111111111111
"2025-03-28 17:00:00","2025-03-28 18:00:00",DL,177,177,0,0,6.418079096045198,0.0,18.64406779661017
"2025-03-28 17:00:00","2025-03-28 18:00:00",UA,120,119,0,1,11.775,0.0,23.333333333333332
"2025-03-28 17:00:00","2025-03-28 18:00:00",WN,222,221,1,0,19.040723981900452,0.45045045045045046,26.244343891402714
"2025-03-28 18:00:00","2025-03-28 19:00:00",AA,149,148,0,1,12.751677852348994,0.0,21.476510067114095
"2025-03-28 18:00:00","2025-03-28 19:00:00",DL,148,145,0,3,7.97972972972973,0.0,20.27027027027027
"2025-03-28 18:00:00","2025-03-28 19:00:00",UA,135,135,0,0,11.62962962962963,0.0,17.77777777777778
"2025-03-28 18:00:00","2025-03-28 19:00:00",WN,222,222,0,0,15.234234234234235,0.0,27.027027027027028
"2025-03-28 19:00:00","2025-03-28 20:00:00",AA,160,160,0,0,13.8875,0.0,23.125
"2025-03-28 19:00:00","2025-03-28 20:00:00",DL,159,159,0,0,7.213836477987422,0.0,20.12578616352201
"2025-03-28 19:00:00","2025-03-28 20:00:00",UA,136,136,0,0,7.595588235294118,0.0,16.91176470588235
"2025-03-28 19:00:00","2025-03-28 20:00:00",WN,215,214,1,0,14.83177570093458,0.46511627906976744,24.299065420560748
"2025-03-28 20:00:00","2025-03-28 21:00:00",AA,124,124,0,0,6.346774193548387,0.0,19.35483870967742
"2025-03-28 20:00:00","2025-03-28 21:00:00",DL,119,119,0,0,10.361344537815127,0.0,21.008403361344538
"2025-03-28 20:00:00","2025-03-28 21:00:00",UA,96,96,0,0,8.520833333333334,0.0,20.833333333333332
"2025-03-28 20:00:00","2025-03-28 21:00:00",WN,267,267,0,0,11.92134831460674,0.0,26.217228464419474
"2025-03-28 21:00:00","2025-03-28 22:00:00",AA,89,89,0,0,9.52808988764045,0.0,22.471910112359552
"2025-03-28 21:00:00","2025-03-28 22:00:00",DL,93,93,0,0,13.86021505376344,0.0,12.903225806451612
"2025-03-28 21:00:00","2025-03-28 22:00:00",UA,59,59,0,0,0.6610169491525424,0.0,11.864406779661017
"2025-03-28 21:00:00","2025-03-28 22:00:00",WN,163,162,1,0,7.6234567901234565,0.6134969325153374,17.901234567901234
"2025-03-28 22:00:00","2025-03-28 23:00:00",AA,88,87,0,1,10.363636363636363,0.0,17.045454545454547
"2025-03-28 22:00:00","2025-03-28 23:00:00",DL,93,93,0,0,3.5806451612903225,0.0,12.903225806451612
"2025-03-28 22:00:00","2025-03-28 23:00:00",UA,29,29,0,0,-3.206896551724138,0.0,3.4482758620689653
"2025-03-28 22:00:00","2025-03-28 23:00:00",WN,115,114,1,0,8.149122807017545,0.8695652173913043,21.05263157894737
"2025-03-28 23:00:00","2025-03-29 00:00:00",AA,26,26,0,0,4.769230769230769,0.0,15.384615384615385
"2025-03-28 23:00:00","2025-03-29 00:00:00",DL,39,39,0,0,1.9487179487179487,0.0,12.820512820512821
"2025-03-28 23:00:00","2025-03-29 00:00:00",UA,41,41,0,0,-0.6097560975609756,0.0,7.317073170731708
"2025-03-28 23:00:00","2025-03-29 00:00:00",WN,8,8,0,0,1.625,0.0,0.0
"2025-03-29 00:00:00","2025-03-29 01:00:00",AA,9,9,0,0,53.666666666666664,0.0,22.22222222222222
"2025-03-29 00:00:00","2025-03-29 01:00:00",DL,7,7,0,0,-5.571428571428571,0.0,0.0
"2025-03-29 00:00:00","2025-03-29 01:00:00",UA,7,7,0,0,-4.571428571428571,0.0,0.0
"2025-03-29 01:00:00","2025-03-29 02:00:00",DL,2,2,0,0,-10.5,0.0,0.0
"2025-03-29 01:00:00","2025-03-29 02:00:00",UA,1,1,0,0,-6.0,0.0,0.0
"2025-03-29 05:00:00","2025-03-29 06:00:00",AA,102,102,0,0,-1.2254901960784315,0.0,6.862745098039215
"2025-03-29 05:00:00","2025-03-29 06:00:00",DL,58,58,0,0,2.310344827586207,0.0,6.896551724137931
"2025-03-29 05:00:00","2025-03-29 06:00:00",UA,48,47,1,0,-2.765957446808511,2.0833333333333335,2.127659574468085
"2025-03-29 05:00:00","2025-03-29 06:00:00",WN,173,173,0,0,-0.630057803468208,0.0,1.7341040462427746
"2025-03-29 06:00:00","2025-03-29 07:00:00",AA,167,167,0,0,-1.1377245508982037,0.0,6.586826347305389
"2025-03-29 06:00:00","2025-03-29 07:00:00",DL,168,168,0,0,2.3214285714285716,0.0,5.9523809523809526
"2025-03-29 06:00:00","2025-03-29 07:00:00",UA,137,137,0,0,-2.5474452554744524,0.0,5.109489051094891
"2025-03-29 06:00:00","2025-03-29 07:00:00",WN,270,269,0,1,-0.5925925925925926,0.0,2.962962962962963
"2025-03-29 07:00:00","2025-03-29 08:00:00",AA,200,200,0,0,6.95,0.0,6.5
"2025-03-29 07:00:00","2025-03-29 08:00:00",DL,216,215,0,1,-1.5231481481481481,0.0,5.555555555555555
"2025-03-29 07:00:00","2025-03-29 08:00:00",UA,176,176,0,0,-3.6193181818181817,0.0,2.840909090909091
"2025-03-29 07:00:00","2025-03-29 08:00:00",WN,220,219,1,0,-1.8538812785388128,0.45454545454545453,2.73972602739726
"2025-03-29 08:00:00","2025-03-29 09:00:00",AA,164,164,0,0,15.75609756097561,0.0,15.24390243902439
"2025-03-29 08:00:00","2025-03-29 09:00:00",DL,153,153,0,0,-2.6013071895424837,0.0,4.57516339869281
"2025-03-29 08:00:00","2025-03-29 09:00:00",UA,150,150,0,0,-0.5133333333333333,0.0,6.666666666666667
"2025-03-29 08:00:00","2025-03-29 09:00:00",WN,202,202,0,0,-0.9554455445544554,0.0,4.455445544554456
"2025-03-29 09:00:00","2025-03-29 10:00:00",AA,103,103,0,0,0.883495145631068,0.0,9.70873786407767
"2025-03-29 09:00:00","2025-03-29 10:00:00",DL,131,131,0,0,2.954198473282443,0.0,9.16030534351145
"2025-03-29 09:00:00","2025-03-29 10:00:00",UA,103,102,0,1,0.11650485436893204,0.0,10.679611650485437
"2025-03-29 09:00:00","2025-03-29 10:00:00",WN,183,183,0,0,1.6830601092896176,0.0,7.103825136612022
"2025-03-29 10:00:00","2025-03-29 11:00:00",AA,119,118,0,1,7.65546218487395,0.0,15.966386554621849
"2025-03-29 10:00:00","2025-03-29 11:00:00",DL,123,122,1,0,-0.9426229508196722,0.8130081300813008,9.01639344262295
"2025-03-29 10:00:00","2025-03-29 11:00:00",UA,113,112,0,1,0.1415929203539823,0.0,7.964601769911504
"2025-03-29 10:00:00","2025-03-29 11:00:00",WN,176,175,1,0,1.2342857142857142,0.5681818181818182,9.142857142857142
"2025-03-29 11:00:00","2025-03-29 12:00:00",AA,141,141,0,0,15.595744680851064,0.0,13.47517730496454
"2025-03-29 11:00:00","2025-03-29 12:00:00",DL,183,182,0,1,2.0765027322404372,0.0,11.475409836065573
"2025-03-29 11:00:00","2025-03-29 12:00:00",UA,102,102,0,0,1.4607843137254901,0.0,6.862745098039215
"2025-03-29 11:00:00","2025-03-29 12:00:00",WN,214,213,0,1,1.7710280373831775,0.0,7.4766355140186915
"2025-03-29 12:00:00","2025-03-29 13:00:00",AA,116,116,0,0,21.93103448275862,0.0,26.724137931034484
"2025-03-29 12:00:00","2025-03-29 13:00:00",DL,138,138,0,0,3.9927536231884058,0.0,10.144927536231885
"2025-03-29 12:00:00","2025-03-29 13:00:00",UA,100,100,0,0,5.22,0.0,11.0
"2025-03-29 12:00:00","2025-03-29 13:00:00",WN,171,169,1,1,2.947058823529412,0.5847953216374269,12.352941176470589
"2025-03-29 13:00:00","2025-03-29 14:00:00",AA,117,117,0,0,11.777777777777779,0.0,18.803418803418804
"2025-03-29 13:00:00","2025-03-29 14:00:00",DL,116,114,1,1,10.513043478260869,0.8620689655172413,14.782608695652174
"2025-03-29 13:00:00","2025-03-29 14:00:00",UA,112,111,0,1,5.928571428571429,0.0,8.035714285714286
"2025-03-29 13:00:00","2025-03-29 14:00:00",WN,221,220,0,1,5.53393665158371,0.0,13.122171945701357
"2025-03-29 14:00:00","2025-03-29 15:00:00",AA,122,122,0,0,12.229508196721312,0.0,19.672131147540984
"2025-03-29 14:00:00","2025-03-29 15:00:00",DL,115,115,0,0,4.660869565217391,0.0,11.304347826086957
"2025-03-29 14:00:00","2025-03-29 15:00:00",UA,103,103,0,0,-2.6019417475728157,0.0,3.883495145631068
"2025-03-29 14:00:00","2025-03-29 15:00:00",WN,182,181,0,1,7.324175824175824,0.0,18.681318681318682
"2025-03-29 15:00:00","2025-03-29 16:00:00",AA,129,127,0,2,11.193798449612403,0.0,20.155038759689923
"2025-03-29 15:00:00","2025-03-29 16:00:00",DL,150,149,0,1,2.546666666666667,0.0,14.0
"2025-03-29 15:00:00","2025-03-29 16:00:00",UA,76,75,1,0,8.933333333333334,1.3157894736842106,16.0
"2025-03-29 15:00:00","2025-03-29 16:00:00",WN,210,209,0,1,10.209523809523809,0.0,18.571428571428573
"2025-03-29 16:00:00","2025-03-29 17:00:00",AA,119,119,0,0,39.36974789915966,0.0,22.689075630252102
"2025-03-29 16:00:00","2025-03-29 17:00:00",DL,93,93,0,0,2.6989247311827955,0.0,7.526881720430108
"2025-03-29 16:00:00","2025-03-29 17:00:00",UA,116,115,0,1,14.767241379310345,0.0,21.551724137931036
"2025-03-29 16:00:00","2025-03-29 17:00:00",WN,177,177,0,0,14.440677966101696,0.0,22.033898305084747
"2025-03-29 17:00:00","2025-03-29 18:00:00",AA,139,139,0,0,22.62589928057554,0.0,24.46043165467626
"2025-03-29 17:00:00","2025-03-29 18:00:00",DL,136,135,0,1,4.147058823529412,0.0,17.647058823529413
"2025-03-29 17:00:00","2025-03-29 18:00:00",UA,106,105,0,1,11.066037735849056,0.0,16.9811320754717
"2025-03-29 17:00:00","2025-03-29 18:00:00",WN,205,205,0,0,14.204878048780488,0.0,23.414634146341463
"2025-03-29 18:00:00","2025-03-29 19:00:00",AA,139,137,0,2,33.89208633093525,0.0,28.776978417266186
"2025-03-29 18:00:00","2025-03-29 19:00:00",DL,127,126,0,1,8.755905511811024,0.0,18.89763779527559
"2025-03-29 18:00:00","2025-03-29 19:00:00",UA,123,122,0,1,11.967479674796747,0.0,25.203252032520325
"2025-03-29 18:00:00","2025-03-29 19:00:00",WN,206,205,1,0,14.253658536585366,0.4854368932038835,24.878048780487806
"2025-03-29 19:00:00","2025-03-29 20:00:00",AA,141,140,1,0,24.678571428571427,0.7092198581560284,36.42857142857143
"2025-03-29 19:00:00","2025-03-29 20:00:00",DL,72,72,0,0,7.847222222222222,0.0,15.277777777777779
"2025-03-29 19:00:00","2025-03-29 20:00:00",UA,108,108,0,0,9.231481481481481,0.0,20.37037037037037
"2025-03-29 19:00:00","2025-03-29 20:00:00",WN,196,195,0,1,22.260204081632654,0.0,30.612244897959183
"2025-03-29 20:00:00","2025-03-29 21:00:00",AA,118,117,0,1,19.47457627118644,0.0,33.05084745762712
"2025-03-29 20:00:00","2025-03-29 21:00:00",DL,83,83,0,0,7.337349397590361,0.0,21.686746987951807
"2025-03-29 20:00:00","2025-03-29 21:00:00",UA,82,82,0,0,19.70731707317073,0.0,28.048780487804876
"2025-03-29 20:00:00","2025-03-29 21:00:00",WN,223,222,0,1,12.905829596412556,0.0,24.663677130044842
"2025-03-29 21:00:00","2025-03-29 22:00:00",AA,88,88,0,0,21.84090909090909,0.0,22.727272727272727
"2025-03-29 21:00:00","2025-03-29 22:00:00",DL,83,83,0,0,3.253012048192771,0.0,12.048192771084338
"2025-03-29 21:00:00","2025-03-29 22:00:00",UA,47,47,0,0,12.25531914893617,0.0,27.659574468085108
"2025-03-29 21:00:00","2025-03-29 22:00:00",WN,153,151,1,1,13.980263157894736,0.6535947712418301,30.92105263157895
"2025-03-29 22:00:00","2025-03-29 23:00:00",AA,90,90,0,0,18.92222222222222,0.0,28.88888888888889
"2025-03-29 22:00:00","2025-03-29 23:00:00",DL,64,64,0,0,17.328125,0.0,28.125
"2025-03-29 22:00:00","2025-03-29 23:00:00",UA,34,34,0,0,12.264705882352942,0.0,14.705882352941176
"2025-03-29 22:00:00","2025-03-29 23:00:00",WN,103,102,1,0,15.676470588235293,0.970873786407767,26.470588235294116
"2025-03-29 23:00:00","2025-03-30 00:00:00",AA,28,28,0,0,10.357142857142858,0.0,17.857142857142858
"2025-03-29 23:00:00","2025-03-30 00:00:00",DL,25,25,0,0,1.64,0.0,4.0
"2025-03-29 23:00:00","2025-03-30 00:00:00",UA,41,41,0,0,9.512195121951219,0.0,17.073170731707318
"2025-03-29 23:00:00","2025-03-30 00:00:00",WN,9,9,0,0,0.5555555555555556,0.0,0.0
"2025-03-30 00:00:00","2025-03-30 01:00:00",AA,8,8,0,0,2.625,0.0,12.5
"2025-03-30 00:00:00","2025-03-30 01:00:00",DL,3,3,0,0,-0.3333333333333333,0.0,0.0
"2025-03-30 00:00:00","2025-03-30 01:00:00",UA,8,7,0,1,19.125,0.0,25.0
"2025-03-30 01:00:00","2025-03-30 02:00:00",DL,2,2,0,0,-8.5,0.0,0.0
"2025-03-30 01:00:00","2025-03-30 02:00:00",UA,1,1,0,0,58.0,0.0,100.0
"2025-03-30 05:00:00","2025-03-30 06:00:00",AA,102,102,0,0,-0.5,0.0,5.882352941176471
"2025-03-30 05:00:00","2025-03-30 06:00:00",DL,59,59,0,0,7.084745762711864,0.0,6.779661016949152
"2025-03-30 05:00:00","2025-03-30 06:00:00",UA,39,39,0,0,4.6923076923076925,0.0,12.820512820512821
"2025-03-30 05:00:00","2025-03-30 06:00:00",WN,168,168,0,0,-0.6547619047619048,0.0,6.5476190476190474
"2025-03-30 06:00:00","2025-03-30 07:00:00",AA,178,177,0,1,9.573033707865168,0.0,7.303370786516854
"2025-03-30 06:00:00","2025-03-30 07:00:00",DL,174,174,0,0,-1.9942528735632183,0.0,5.172413793103448
"2025-03-30 06:00:00","2025-03-30 07:00:00",UA,134,133,1,0,8.74436090225564,0.746268656716418,9.774436090225564
"2025-03-30 06:00:00","2025-03-30 07:00:00",WN,288,287,1,0,0.15331010452961671,0.3472222222222222,5.574912891986063
"2025-03-30 07:00:00","2025-03-30 08:00:00",AA,217,216,0,1,9.55299539170507,0.0,11.059907834101383
"2025-03-30 07:00:00","2025-03-30 08:00:00",DL,235,235,0,0,4.6553191489361705,0.0,9.361702127659575
"2025-03-30 07:00:00","2025-03-30 08:00:00",UA,177,176,0,1,9.64406779661017,0.0,14.124293785310735
"2025-03-30 07:00:00","2025-03-30 08:00:00",WN,216,215,1,0,2.4976744186046513,0.46296296296296297,9.767441860465116
"2025-03-30 08:00:00","2025-03-30 09:00:00",AA,175,172,0,3,4.377142857142857,0.0,14.857142857142858
"2025-03-30 08:00:00","2025-03-30 09:00:00",DL,166,166,0,0,1.3855421686746987,0.0,7.228915662650603
"2025-03-30 08:00:00","2025-03-30 09:00:00",UA,143,142,0,1,4.188811188811189,0.0,11.888111888111888
"2025-03-30 08:00:00","2025-03-30 09:00:00",WN,214,213,1,0,3.211267605633803,0.4672897196261682,15.492957746478874
"2025-03-30 09:00:00","2025-03-30 10:00:00",AA,124,124,0,0,11.64516129032258,0.0,16.93548387096774
"2025-03-30 09:00:00","2025-03-30 10:00:00",DL,126,124,0,2,6.888888888888889,0.0,12.698412698412698
"2025-03-30 09:00:00","2025-03-30 10:00:00",UA,139,138,0,1,10.309352517985612,0.0,24.46043165467626
"2025-03-30 09:00:00","2025-03-30 10:00:00",WN,188,188,0,0,7.175531914893617,0.0,18.085106382978722
"2025-03-30 10:00:00","2025-03-30 11:00:00",AA,128,127,1,0,13.724409448818898,0.78125,18.89763779527559
"2025-03-30 10:00:00","2025-03-30 11:00:00",DL,138,137,1,0,6.978102189781022,0.7246376811594203,13.138686131386862
"2025-03-30 10:00:00","2025-03-30 11:00:00",UA,110,108,1,1,7.394495412844036,0.9090909090909091,21.10091743119266
"2025-03-30 10:00:00","2025-03-30 11:00:00",WN,203,200,1,2,9.856435643564357,0.49261083743842365,19.306930693069308
"2025-03-30 11:00:00","2025-03-30 12:00:00",AA,157,151,1,5,21.833333333333332,0.6369426751592356,22.435897435897434
"2025-03-30 11:00:00","2025-03-30 12:00:00",DL,193,192,0,1,12.678756476683938,0.0,18.65284974093264
"2025-03-30 11:00:00","2025-03-30 12:00:00",UA,110,109,0,1,15.39090909090909,0.0,22.727272727272727
"2025-03-30 11:00:00","2025-03-30 12:00:00",WN,215,213,0,2,12.748837209302325,0.0,27.906976744186046
"2025-03-30 12:00:00","2025-03-30 13:00:00",AA,122,117,0,5,40.39344262295082,0.0,33.60655737704918
"2025-03-30 12:00:00","2025-03-30 13:00:00",DL,142,138,0,4,11.169014084507042,0.0,20.422535211267604
"2025-03-30 12:00:00","2025-03-30 13:00:00",UA,97,93,0,4,14.309278350515465,0.0,23.711340206185568
"2025-03-30 12:00:00","2025-03-30 13:00:00",WN,183,174,0,9,17.80327868852459,0.0,30.05464480874317
"2025-03-30 13:00:00","2025-03-30 14:00:00",AA,126,118,1,7,21.472,0.7936507936507936,34.4
"2025-03-30 13:00:00","2025-03-30 14:00:00",DL,133,125,1,7,14.977272727272727,0.7518796992481203,21.21212121212121
"2025-03-30 13:00:00","2025-03-30 14:00:00",UA,110,107,0,3,18.045454545454547,0.0,36.36363636363637
"2025-03-30 13:00:00","2025-03-30 14:00:00",WN,211,205,0,6,28.658767772511847,0.0,38.388625592417064
"2025-03-30 14:00:00","2025-03-30 15:00:00",AA,143,138,4,1,39.47482014388489,2.797202797202797,43.884892086330936
"2025-03-30 14:00:00","2025-03-30 15:00:00",DL,152,148,1,3,42.17218543046358,0.6578947368421053,25.165562913907284
"2025-03-30 14:00:00","2025-03-30 15:00:00",UA,124,122,0,2,37.21774193548387,0.0,46.774193548387096
"2025-03-30 14:00:00","2025-03-30 15:00:00",WN,214,206,2,6,32.471698113207545,0.9345794392523364,38.679245283018865
"2025-03-30 15:00:00","2025-03-30 16:00:00",AA,120,112,6,2,46.57017543859649,5.0,37.719298245614034
"2025-03-30 15:00:00","2025-03-30 16:00:00",DL,165,161,2,2,28.920245398773005,1.2121212121212122,39.877300613496935
"2025-03-30 15:00:00","2025-03-30 16:00:00",UA,85,84,0,1,46.258823529411764,0.0,51.76470588235294
"2025-03-30 15:00:00","2025-03-30 16:00:00",WN,199,194,2,3,34.45685279187817,1.0050251256281406,48.223350253807105
"2025-03-30 16:00:00","2025-03-30 17:00:00",AA,131,120,9,2,47.74590163934426,6.870229007633588,46.721311475409834
"2025-03-30 16:00:00","2025-03-30 17:00:00",DL,133,131,2,0,37.63358778625954,1.5037593984962405,35.87786259541985
"2025-03-30 16:00:00","2025-03-30 17:00:00",UA,127,126,0,1,58.267716535433074,0.0,56.69291338582677
"2025-03-30 16:00:00","2025-03-30 17:00:00",WN,213,207,4,2,50.464114832535884,1.8779342723004695,54.54545454545455
"2025-03-30 17:00:00","2025-03-30 18:00:00",AA,148,125,22,1,87.23809523809524,14.864864864864865,54.76190476190476
"2025-03-30 17:00:00","2025-03-30 18:00:00",DL,179,175,2,2,33.81920903954802,1.1173184357541899,37.28813559322034
"2025-03-30 17:00:00","2025-03-30 18:00:00",UA,131,131,0,0,52.93893129770992,0.0,55.725190839694655
"2025-03-30 17:00:00","2025-03-30 18:00:00",WN,238,235,2,1,51.66525423728814,0.8403361344537815,60.16949152542373
"2025-03-30 18:00:00","2025-03-30 19:00:00",AA,139,115,24,0,85.13913043478261,17.26618705035971,49.56521739130435
"2025-03-30 18:00:00","2025-03-30 19:00:00",DL,134,131,1,2,55.93984962406015,0.746268656716418,45.86466165413534
"2025-03-30 18:00:00","2025-03-30 19:00:00",UA,125,125,0,0,69.568,0.0,57.6
"2025-03-30 18:00:00","2025-03-30 19:00:00",WN,195,187,8,0,49.35294117647059,4.102564102564102,59.893048128342244
"2025-03-30 19:00:00","2025-03-30 20:00:00",AA,149,130,19,0,85.66153846153846,12.751677852348994,64.61538461538461
"2025-03-30 19:00:00","2025-03-30 20:00:00",DL,157,149,3,5,66.16883116883118,1.910828025477707,56.493506493506494
"2025-03-30 19:00:00","2025-03-30 20:00:00",UA,125,124,1,0,73.73387096774194,0.8,69.35483870967742
"2025-03-30 19:00:00","2025-03-30 20:00:00",WN,220,212,6,2,59.46261682242991,2.727272727272727,62.61682242990654
"2025-03-30 20:00:00","2025-03-30 21:00:00",AA,122,102,19,1,67.23300970873787,15.573770491803279,53.398058252427184
"2025-03-30 20:00:00","2025-03-30 21:00:00",DL,116,112,1,3,49.504347826086956,0.8620689655172413,61.73913043478261
"2025-03-30 20:00:00","2025-03-30 21:00:00",UA,83,81,1,1,56.41463414634146,1.2048192771084338,60.97560975609756
"2025-03-30 20:00:00","2025-03-30 21:00:00",WN,245,237,7,1,58.49159663865546,2.857142857142857,61.34453781512605
"2025-03-30 21:00:00","2025-03-30 22:00:00",AA,85,70,15,0,81.35714285714286,17.647058823529413,64.28571428571429
"2025-03-30 21:00:00","2025-03-30 22:00:00",DL,86,83,3,0,42.34939759036145,3.488372093023256,53.01204819277108
"2025-03-30 21:00:00","2025-03-30 22:00:00",UA,58,58,0,0,43.741379310344826,0.0,67.24137931034483
"2025-03-30 21:00:00","2025-03-30 22:00:00",WN,174,164,10,0,65.51219512195122,5.747126436781609,65.2439024390244
"2025-03-30 22:00:00","2025-03-30 23:00:00",AA,97,86,11,0,37.44186046511628,11.34020618556701,41.86046511627907
"2025-03-30 22:00:00","2025-03-30 23:00:00",DL,94,91,2,1,36.59782608695652,2.127659574468085,41.30434782608695
"2025-03-30 22:00:00","2025-03-30 23:00:00",UA,35,34,1,0,28.176470588235293,2.857142857142857,38.23529411764706
"2025-03-30 22:00:00","2025-03-30 23:00:00",WN,154,147,7,0,67.04761904761905,4.545454545454546,71.42857142857143
"2025-03-30 23:00:00","2025-03-31 00:00:00",AA,29,26,3,0,42.11538461538461,10.344827586206897,53.84615384615385
"2025-03-30 23:00:00","2025-03-31 00:00:00",DL,41,41,0,0,42.46341463414634,0.0,39.02439024390244
"2025-03-30 23:00:00","2025-03-31 00:00:00",UA,36,36,0,0,31.77777777777778,0.0,38.888888888888886
"2025-03-30 23:00:00","2025-03-31 00:00:00",WN,8,8,0,0,12.625,0.0,25.0
"2025-03-31 00:00:00","2025-03-31 01:00:00",AA,10,9,1,0,6.666666666666667,10.0,11.11111111111111
"2025-03-31 00:00:00","2025-03-31 01:00:00",DL,6,6,0,0,2.0,0.0,16.666666666666668
"2025-03-31 00:00:00","2025-03-31 01:00:00",UA,8,8,0,0,15.125,0.0,25.0
"2025-03-31 01:00:00","2025-03-31 02:00:00",DL,2,2,0,0,-11.0,0.0,0.0
"2025-03-31 01:00:00","2025-03-31 02:00:00",UA,2,2,0,0,1.5,0.0,0.0
"2025-03-31 05:00:00","2025-03-31 06:00:00",AA,100,91,9,0,8.989010989010989,9.0,6.593406593406593
"2025-03-31 05:00:00","2025-03-31 06:00:00",DL,60,59,1,0,10.067796610169491,1.6666666666666667,8.474576271186441
"2025-03-31 05:00:00","2025-03-31 06:00:00",UA,38,38,0,0,6.7368421052631575,0.0,5.2631578947368425
"2025-03-31 05:00:00","2025-03-31 06:00:00",WN,169,165,3,1,7.271084337349397,1.7751479289940828,8.433734939759036
"2025-03-31 06:00:00","2025-03-31 07:00:00",AA,170,156,14,0,13.307692307692308,8.235294117647058,12.820512820512821
"2025-03-31 06:00:00","2025-03-31 07:00:00",DL,181,179,1,1,17.166666666666668,0.5524861878453039,8.333333333333334
"2025-03-31 06:00:00","2025-03-31 07:00:00",UA,129,129,0,0,3.945736434108527,0.0,10.077519379844961
"2025-03-31 06:00:00","2025-03-31 07:00:00",WN,283,279,4,0,3.910394265232975,1.4134275618374559,6.451612903225806
"2025-03-31 07:00:00","2025-03-31 08:00:00",AA,205,194,11,0,15.603092783505154,5.365853658536586,10.824742268041238
"2025-03-31 07:00:00","2025-03-31 08:00:00",DL,230,224,4,2,18.07079646017699,1.7391304347826086,16.8141592920354
"2025-03-31 07:00:00","2025-03-31 08:00:00",UA,185,184,0,1,6.772972972972973,0.0,16.756756756756758
"2025-03-31 07:00:00","2025-03-31 08:00:00",WN,195,192,2,1,8.958549222797927,1.0256410256410255,15.025906735751295
"2025-03-31 08:00:00","2025-03-31 09:00:00",AA,194,186,8,0,24.155913978494624,4.123711340206185,27.419354838709676
"2025-03-31 08:00:00","2025-03-31 09:00:00",DL,182,177,3,2,17.106145251396647,1.6483516483516483,20.11173184357542
"2025-03-31 08:00:00","2025-03-31 09:00:00",UA,160,159,1,0,10.59748427672956,0.625,15.723270440251572
"2025-03-31 08:00:00","2025-03-31 09:00:00",WN,267,261,5,1,8.854961832061068,1.8726591760299625,17.938931297709924
"2025-03-31 09:00:00","2025-03-31 10:00:00",AA,125,122,3,0,19.975409836065573,2.4,22.950819672131146
"2025-03-31 09:00:00","2025-03-31 10:00:00",DL,125,121,1,3,19.669354838709676,0.8,31.451612903225808
"2025-03-31 09:00:00","2025-03-31 10:00:00",UA,136,136,0,0,9.698529411764707,0.0,20.58823529411765
"2025-03-31 09:00:00","2025-03-31 10:00:00",WN,220,217,2,1,16.059633027522935,0.9090909090909091,25.229357798165136
"2025-03-31 10:00:00","2025-03-31 11:00:00",AA,124,124,0,0,25.596774193548388,0.0,27.419354838709676
"2025-03-31 10:00:00","2025-03-31 11:00:00",DL,152,149,3,0,21.322147651006713,1.9736842105263157,32.214765100671144
"2025-03-31 10:00:00","2025-03-31 11:00:00",UA,117,116,1,0,12.689655172413794,0.8547008547008547,23.275862068965516
"2025-03-31 10:00:00","2025-03-31 11:00:00",WN,217,213,2,2,20.455813953488374,0.9216589861751152,29.302325581395348
"2025-03-31 11:00:00","2025-03-31 12:00:00",AA,153,150,2,1,28.66887417218543,1.3071895424836601,36.42384105960265
"2025-03-31 11:00:00","2025-03-31 12:00:00",DL,195,189,5,1,48.02105263157895,2.5641025641025643,44.21052631578947
"2025-03-31 11:00:00","2025-03-31 12:00:00",UA,110,110,0,0,11.5,0.0,26.363636363636363
"2025-03-31 11:00:00","2025-03-31 12:00:00",WN,225,220,4,1,26.108597285067873,1.7777777777777777,32.57918552036199
"2025-03-31 12:00:00","2025-03-31 13:00:00",AA,136,129,3,4,32.18796992481203,2.2058823529411766,41.35338345864662
"2025-03-31 12:00:00","2025-03-31 13:00:00",DL,157,151,3,3,48.798701298701296,1.910828025477707,43.506493506493506
"2025-03-31 12:00:00","2025-03-31 13:00:00",UA,110,103,0,7,24.136363636363637,0.0,25.454545454545453
"2025-03-31 12:00:00","2025-03-31 13:00:00",WN,205,197,7,1,27.36868686868687,3.4146341463414633,34.343434343434346
"2025-03-31 13:00:00","2025-03-31 14:00:00",AA,144,136,6,2,40.094202898550726,4.166666666666667,40.57971014492754
"2025-03-31 13:00:00","2025-03-31 14:00:00",DL,156,145,7,4,47.758389261744966,4.487179487179487,55.033557046979865
"2025-03-31 13:00:00","2025-03-31 14:00:00",UA,125,118,0,7,12.872,0.0,26.4
"2025-03-31 13:00:00","2025-03-31 14:00:00",WN,245,242,2,1,34.218106995884774,0.8163265306122449,48.97119341563786
"2025-03-31 14:00:00","2025-03-31 15:00:00",AA,133,124,9,0,38.483870967741936,6.7669172932330826,45.16129032258065
"2025-03-31 14:00:00","2025-03-31 15:00:00",DL,142,134,6,2,64.875,4.225352112676056,59.55882352941177
"2025-03-31 14:00:00","2025-03-31 15:00:00",UA,129,120,0,9,30.96124031007752,0.0,30.232558139534884
"2025-03-31 14:00:00","2025-03-31 15:00:00",WN,234,221,9,4,42.81333333333333,3.8461538461538463,48.44444444444444
"2025-03-31 15:00:00","2025-03-31 16:00:00",AA,125,118,5,2,54.03333333333333,4.0,55.833333333333336
"2025-03-31 15:00:00","2025-03-31 16:00:00",DL,170,156,12,2,81.43037974683544,7.0588235294117645,65.18987341772151
"2025-03-31 15:00:00","2025-03-31 16:00:00",UA,88,83,2,3,50.56976744186046,2.272727272727273,39.53488372093023
"2025-03-31 15:00:00","2025-03-31 16:00:00",WN,200,190,6,4,40.93298969072165,3.0,51.54639175257732
"2025-03-31 16:00:00","2025-03-31 17:00:00",AA,131,116,12,3,63.7563025210084,9.16030534351145,64.70588235294117
"2025-03-31 16:00:00","2025-03-31 17:00:00",DL,121,114,5,2,110.46551724137932,4.132231404958677,73.27586206896552
"2025-03-31 16:00:00","2025-03-31 17:00:00",UA,125,117,1,7,57.814516129032256,0.8,44.354838709677416
"2025-03-31 16:00:00","2025-03-31 17:00:00",WN,215,205,9,1,49.22330097087379,4.186046511627907,63.592233009708735
"2025-03-31 17:00:00","2025-03-31 18:00:00",AA,134,117,13,4,62.892561983471076,9.701492537313433,49.586776859504134
"2025-03-31 17:00:00","2025-03-31 18:00:00",DL,155,144,9,2,70.78082191780823,5.806451612903226,60.273972602739725
"2025-03-31 17:00:00","2025-03-31 18:00:00",UA,118,113,2,3,59.12068965517241,1.694915254237288,52.58620689655172
"2025-03-31 17:00:00","2025-03-31 18:00:00",WN,217,195,15,7,51.772277227722775,6.912442396313364,60.396039603960396
"2025-03-31 18:00:00","2025-03-31 19:00:00",AA,163,134,28,1,74.06666666666666,17.177914110429448,64.44444444444444
"2025-03-31 18:00:00","2025-03-31 19:00:00",DL,168,150,16,2,85.80263157894737,9.523809523809524,73.6842105263158
"2025-03-31 18:00:00","2025-03-31 19:00:00",UA,133,127,2,4,59.93129770992366,1.5037593984962405,51.14503816793893
"2025-03-31 18:00:00","2025-03-31 19:00:00",WN,240,226,11,3,47.34934497816594,4.583333333333333,56.33187772925764
"2025-03-31 19:00:00","2025-03-31 20:00:00",AA,150,130,19,1,71.80152671755725,12.666666666666666,55.725190839694655
"2025-03-31 19:00:00","2025-03-31 20:00:00",DL,148,125,21,2,92.76377952755905,14.18918918918919,72.44094488188976
"2025-03-31 19:00:00","2025-03-31 20:00:00",UA,127,124,3,0,44.806451612903224,2.3622047244094486,46.774193548387096
"2025-03-31 19:00:00","2025-03-31 20:00:00",WN,203,190,13,0,54.294736842105266,6.403940886699507,56.8421052631579
"2025-03-31 20:00:00","2025-03-31 21:00:00",AA,129,115,14,0,48.78260869565217,10.852713178294573,61.73913043478261
"2025-03-31 20:00:00","2025-03-31 21:00:00",DL,118,102,16,0,80.23529411764706,13.559322033898304,69.6078431372549
"2025-03-31 20:00:00","2025-03-31 21:00:00",UA,76,69,7,0,73.84057971014492,9.210526315789474,56.52173913043478
"2025-03-31 20:00:00","2025-03-31 21:00:00",WN,265,246,19,0,53.11788617886179,7.169811320754717,62.60162601626016
"2025-03-31 21:00:00","2025-03-31 22:00:00",AA,84,76,8,0,59.9078947368421,9.523809523809524,57.89473684210526
"2025-03-31 21:00:00","2025-03-31 22:00:00",DL,92,85,7,0,71.11764705882354,7.608695652173913,71.76470588235294
"2025-03-31 21:00:00","2025-03-31 22:00:00",UA,46,43,3,0,48.83720930232558,6.521739130434782,46.51162790697674
"2025-03-31 21:00:00","2025-03-31 22:00:00",WN,146,139,7,0,60.37410071942446,4.794520547945205,66.90647482014388
"2025-03-31 22:00:00","2025-03-31 23:00:00",AA,82,69,13,0,40.507246376811594,15.853658536585366,50.72463768115942
"2025-03-31 22:00:00","2025-03-31 23:00:00",DL,83,76,7,0,64.64473684210526,8.433734939759036,68.42105263157895
"2025-03-31 22:00:00","2025-03-31 23:00:00",UA,24,23,1,0,28.91304347826087,4.166666666666667,34.78260869565217
"2025-03-31 22:00:00","2025-03-31 23:00:00",WN,114,106,7,1,51.06542056074766,6.140350877192983,66.35514018691589
"2025-03-31 23:00:00","2025-04-01 00:00:00",AA,26,23,3,0,36.69565217391305,11.538461538461538,56.52173913043478
"2025-03-31 23:00:00","2025-04-01 00:00:00",DL,36,32,4,0,68.09375,11.11111111111111,56.25
"2025-03-31 23:00:00","2025-04-01 00:00:00",UA,34,33,1,0,24.515151515151516,2.9411764705882355,33.333333333333336
"2025-03-31 23:00:00","2025-04-01 00:00:00",WN,9,9,0,0,9.88888888888889,0.0,33.333333333333336
"2025-04-01 00:00:00","2025-04-01 01:00:00",AA,9,8,1,0,28.25,11.11111111111111,50.0
"2025-04-01 00:00:00","2025-04-01 01:00:00",DL,7,7,0,0,-0.2857142857142857,0.0,14.285714285714286
"2025-04-01 00:00:00","2025-04-01 01:00:00",UA,7,7,0,0,86.71428571428571,0.0,28.571428571428573
"2025-04-01 01:00:00","2025-04-01 02:00:00",DL,2,2,0,0,-4.0,0.0,0.0
"2025-04-01 01:00:00","2025-04-01 02:00:00",UA,1,1,0,0,13.0,0.0,0.0
"2025-04-01 05:00:00","2025-04-01 06:00:00",AA,103,93,10,0,6.096774193548387,9.70873786407767,9.67741935483871
"2025-04-01 05:00:00","2025-04-01 06:00:00",DL,53,51,2,0,17.980392156862745,3.7735849056603774,13.72549019607843
"2025-04-01 05:00:00","2025-04-01 06:00:00",UA,32,32,0,0,2.15625,0.0,3.125
"2025-04-01 05:00:00","2025-04-01 06:00:00",WN,86,84,2,0,-0.9880952380952381,2.3255813953488373,3.5714285714285716
"2025-04-01 06:00:00","2025-04-01 07:00:00",AA,182,173,9,0,34.17341040462428,4.945054945054945,17.341040462427745
"2025-04-01 06:00:00","2025-04-01 07:00:00",DL,180,166,13,1,6.149700598802395,7.222222222222222,11.976047904191617
"2025-04-01 06:00:00","2025-04-01 07:00:00",UA,113,108,5,0,6.898148148148148,4.424778761061947,9.25925925925926
"2025-04-01 06:00:00","2025-04-01 07:00:00",WN,275,275,0,0,-1.0581818181818181,0.0,5.090909090909091
"2025-04-01 07:00:00","2025-04-01 08:00:00",AA,211,198,13,0,5.5606060606060606,6.161137440758294,12.121212121212121
"2025-04-01 07:00:00","2025-04-01 08:00:00",DL,238,212,26,0,15.825471698113208,10.92436974789916,16.50943396226415
"2025-04-01 07:00:00","2025-04-01 08:00:00",UA,186,181,5,0,3.0,2.6881720430107525,8.287292817679559
"2025-04-01 07:00:00","2025-04-01 08:00:00",WN,234,234,0,0,7.700854700854701,0.0,11.965811965811966
"2025-04-01 08:00:00","2025-04-01 09:00:00",AA,175,167,7,1,32.767857142857146,4.0,15.476190476190476
"2025-04-01 08:00:00","2025-04-01 09:00:00",DL,168,158,9,1,15.861635220125786,5.357142857142857,27.67295597484277
"2025-04-01 08:00:00","2025-04-01 09:00:00",UA,142,141,1,0,1.1063829787234043,0.704225352112676,7.092198581560283
"2025-04-01 08:00:00","2025-04-01 09:00:00",WN,225,224,0,1,3.7244444444444444,0.0,9.777777777777779
"2025-04-01 09:00:00","2025-04-01 10:00:00",AA,123,122,1,0,20.278688524590162,0.8130081300813008,15.573770491803279
"2025-04-01 09:00:00","2025-04-01 10:00:00",DL,122,118,4,0,14.754237288135593,3.278688524590164,26.271186440677965
"2025-04-01 09:00:00","2025-04-01 10:00:00",UA,133,133,0,0,6.195488721804511,0.0,12.030075187969924
"2025-04-01 09:00:00","2025-04-01 10:00:00",WN,196,196,0,0,5.5,0.0,14.795918367346939
"2025-04-01 10:00:00","2025-04-01 11:00:00",AA,129,128,1,0,20.5,0.7751937984496124,23.4375
"2025-04-01 10:00:00","2025-04-01 11:00:00",DL,148,145,2,1,9.91095890410959,1.3513513513513513,26.71232876712329
"2025-04-01 10:00:00","2025-04-01 11:00:00",UA,113,113,0,0,5.221238938053097,0.0,15.044247787610619
"2025-04-01 10:00:00","2025-04-01 11:00:00",WN,216,215,1,0,9.95813953488372,0.46296296296296297,14.883720930232558
"2025-04-01 11:00:00","2025-04-01 12:00:00",AA,158,158,0,0,13.594936708860759,0.0,20.88607594936709
"2025-04-01 11:00:00","2025-04-01 12:00:00",DL,195,193,2,0,16.098445595854923,1.0256410256410255,27.979274611398964
"2025-04-01 11:00:00","2025-04-01 12:00:00",UA,119,119,0,0,0.14285714285714285,0.0,6.722689075630252
"2025-04-01 11:00:00","2025-04-01 12:00:00",WN,217,217,0,0,8.377880184331797,0.0,21.19815668202765
"2025-04-01 12:00:00","2025-04-01 13:00:00",AA,135,133,2,0,12.037593984962406,1.4814814814814814,25.56390977443609
"2025-04-01 12:00:00","2025-04-01 13:00:00",DL,145,141,3,1,22.119718309859156,2.0689655172413794,31.690140845070424
"2025-04-01 12:00:00","2025-04-01 13:00:00",UA,108,106,1,1,-0.14953271028037382,0.9259259259259259,7.4766355140186915
"2025-04-01 12:00:00","2025-04-01 13:00:00",WN,215,215,0,0,7.195348837209302,0.0,20.930232558139537
"2025-04-01 13:00:00","2025-04-01 14:00:00",AA,140,140,0,0,24.957142857142856,0.0,28.571428571428573
"2025-04-01 13:00:00","2025-04-01 14:00:00",DL,134,132,2,0,10.893939393939394,1.492537313432836,23.484848484848484
"2025-04-01 13:00:00","2025-04-01 14:00:00",UA,114,114,0,0,0.6403508771929824,0.0,7.894736842105263
"2025-04-01 13:00:00","2025-04-01 14:00:00",WN,223,223,0,0,6.4708520179372195,0.0,18.385650224215247
"2025-04-01 14:00:00","2025-04-01 15:00:00",AA,132,132,0,0,15.06060606060606,0.0,25.757575757575758
"2025-04-01 14:00:00","2025-04-01 15:00:00",DL,122,120,2,0,20.158333333333335,1.639344262295082,25.833333333333332
"2025-04-01 14:00:00","2025-04-01 15:00:00",UA,115,115,0,0,0.5391304347826087,0.0,9.565217391304348
"2025-04-01 14:00:00","2025-04-01 15:00:00",WN,203,203,0,0,10.70935960591133,0.0,23.645320197044335
"2025-04-01 15:00:00","2025-04-01 16:00:00",AA,136,136,0,0,13.022058823529411,0.0,29.41176470588235
"2025-04-01 15:00:00","2025-04-01 16:00:00",DL,177,175,1,1,15.056818181818182,0.5649717514124294,27.84090909090909
"2025-04-01 15:00:00","2025-04-01 16:00:00",UA,94,94,0,0,5.159574468085107,0.0,12.76595744680851
"2025-04-01 15:00:00","2025-04-01 16:00:00",WN,210,210,0,0,8.966666666666667,0.0,24.761904761904763
"2025-04-01 16:00:00","2025-04-01 17:00:00",AA,134,134,0,0,21.432835820895523,0.0,27.611940298507463
"2025-04-01 16:00:00","2025-04-01 17:00:00",DL,118,118,0,0,17.110169491525422,0.0,31.35593220338983
"2025-04-01 16:00:00","2025-04-01 17:00:00",UA,135,135,0,0,2.5925925925925926,0.0,13.333333333333334
"2025-04-01 16:00:00","2025-04-01 17:00:00",WN,228,225,1,2,6.977973568281938,0.43859649122807015,20.26431718061674
"2025-04-01 17:00:00","2025-04-01 18:00:00",AA,130,129,1,0,20.558139534883722,0.7692307692307693,29.45736434108527
"2025-04-01 17:00:00","2025-04-01 18:00:00",DL,152,151,1,0,12.178807947019868,0.6578947368421053,19.867549668874172
"2025-04-01 17:00:00","2025-04-01 18:00:00",UA,118,118,0,0,5.330508474576271,0.0,16.10169491525424
"2025-04-01 17:00:00","2025-04-01 18:00:00",WN,212,211,0,1,8.68867924528302,0.0,24.056603773584907
"2025-04-01 18:00:00","2025-04-01 19:00:00",AA,160,156,1,3,35.509433962264154,0.625,28.30188679245283
"2025-04-01 18:00:00","2025-04-01 19:00:00",DL,153,152,0,1,10.816993464052288,0.0,26.797385620915033
"2025-04-01 18:00:00","2025-04-01 19:00:00",UA,116,116,0,0,4.560344827586207,0.0,12.931034482758621
"2025-04-01 18:00:00","2025-04-01 19:00:00",WN,206,205,0,1,6.825242718446602,0.0,23.300970873786408
"2025-04-01 19:00:00","2025-04-01 20:00:00",AA,154,151,0,3,13.824675324675324,0.0,25.324675324675326
"2025-04-01 19:00:00","2025-04-01 20:00:00",DL,123,122,0,1,20.585365853658537,0.0,35.77235772357724
"2025-04-01 19:00:00","2025-04-01 20:00:00",UA,123,123,0,0,5.821138211382114,0.0,13.008130081300813
"2025-04-01 19:00:00","2025-04-01 20:00:00",WN,278,269,2,7,8.76086956521739,0.7194244604316546,21.73913043478261
"2025-04-01 20:00:00","2025-04-01 21:00:00",AA,114,111,1,2,23.5929203539823,0.8771929824561403,26.548672566371682
"2025-04-01 20:00:00","2025-04-01 21:00:00",DL,83,82,1,0,17.085365853658537,1.2048192771084338,18.29268292682927
"2025-04-01 20:00:00","2025-04-01 21:00:00",UA,69,69,0,0,1.144927536231884,0.0,11.594202898550725
"2025-04-01 20:00:00","2025-04-01 21:00:00",WN,168,166,0,2,6.625,0.0,17.261904761904763
"2025-04-01 21:00:00","2025-04-01 22:00:00",AA,83,83,0,0,13.80722891566265,0.0,27.710843373493976
"2025-04-01 21:00:00","2025-04-01 22:00:00",DL,67,67,0,0,17.208955223880597,0.0,26.865671641791046
"2025-04-01 21:00:00","2025-04-01 22:00:00",UA,37,37,0,0,-6.135135135135135,0.0,0.0
"2025-04-01 21:00:00","2025-04-01 22:00:00",WN,147,147,0,0,13.197278911564625,0.0,25.85034013605442
"2025-04-01 22:00:00","2025-04-01 23:00:00",AA,90,90,0,0,6.033333333333333,0.0,20.0
"2025-04-01 22:00:00","2025-04-01 23:00:00",DL,90,89,0,1,3.6222222222222222,0.0,15.555555555555555
"2025-04-01 22:00:00","2025-04-01 23:00:00",UA,30,30,0,0,0.7,0.0,13.333333333333334
"2025-04-01 22:00:00","2025-04-01 23:00:00",WN,9,9,0,0,-1.8888888888888888,0.0,11.11111111111111
"2025-04-01 23:00:00","2025-04-02 00:00:00",AA,25,25,0,0,38.76,0.0,32.0
"2025-04-01 23:00:00","2025-04-02 00:00:00",DL,33,32,0,1,18.484848484848484,0.0,12.121212121212121
"2025-04-01 23:00:00","2025-04-02 00:00:00",UA,32,32,0,0,-3.75,0.0,3.125
"2025-04-01 23:00:00","2025-04-02 00:00:00",WN,8,6,0,2,-1.5,0.0,0.0
"2025-04-02 00:00:00","2025-04-02 01:00:00",AA,5,4,0,1,4.4,0.0,20.0
"2025-04-02 00:00:00","2025-04-02 01:00:00",DL,4,3,1,0,-10.0,25.0,0.0
"2025-04-02 00:00:00","2025-04-02 01:00:00",UA,7,7,0,0,-4.714285714285714,0.0,0.0
"2025-04-02 01:00:00","2025-04-02 02:00:00",DL,2,2,0,0,79.5,0.0,100.0
"2025-04-02 01:00:00","2025-04-02 02:00:00",UA,1,1,0,0,-8.0,0.0,0.0
"2025-04-02 05:00:00","2025-04-02 06:00:00",AA,106,105,0,1,13.89622641509434,0.0,22.641509433962263
"2025-04-02 05:00:00","2025-04-02 06:00:00",DL,59,59,0,0,-1.9830508474576272,0.0,6.779661016949152
"2025-04-02 05:00:00","2025-04-02 06:00:00",UA,36,36,0,0,-1.0833333333333333,0.0,2.7777777777777777
"2025-04-02 05:00:00","2025-04-02 06:00:00",WN,89,88,1,0,2.590909090909091,1.1235955056179776,9.090909090909092
"2025-04-02 06:00:00","2025-04-02 07:00:00",AA,170,165,2,3,7.208333333333333,1.1764705882352942,13.095238095238095
"2025-04-02 06:00:00","2025-04-02 07:00:00",DL,168,166,2,0,3.6265060240963853,1.1904761904761905,7.228915662650603
"2025-04-02 06:00:00","2025-04-02 07:00:00",UA,119,118,0,1,8.621848739495798,0.0,15.966386554621849
"2025-04-02 06:00:00","2025-04-02 07:00:00",WN,282,272,7,3,3.232727272727273,2.482269503546099,9.454545454545455
"2025-04-02 07:00:00","2025-04-02 08:00:00",AA,216,210,4,2,6.7075471698113205,1.8518518518518519,14.622641509433961
"2025-04-02 07:00:00","2025-04-02 08:00:00",DL,239,239,0,0,7.414225941422594,0.0,14.644351464435147
"2025-04-02 07:00:00","2025-04-02 08:00:00",UA,190,187,1,2,23.58730158730159,0.5263157894736842,20.634920634920636
"2025-04-02 07:00:00","2025-04-02 08:00:00",WN,239,231,7,1,4.116379310344827,2.928870292887029,11.206896551724139
"2025-04-02 08:00:00","2025-04-02 09:00:00",AA,177,172,1,4,17.511363636363637,0.5649717514124294,23.295454545454547
"2025-04-02 08:00:00","2025-04-02 09:00:00",DL,164,164,0,0,6.012195121951219,0.0,6.7073170731707314
"2025-04-02 08:00:00","2025-04-02 09:00:00",UA,148,145,1,2,22.1156462585034,0.6756756756756757,16.3265306122449
"2025-04-02 08:00:00","2025-04-02 09:00:00",WN,242,231,10,1,9.543103448275861,4.132231404958677,16.810344827586206
"2025-04-02 09:00:00","2025-04-02 10:00:00",AA,116,113,2,1,23.017543859649123,1.7241379310344827,28.94736842105263
"2025-04-02 09:00:00","2025-04-02 10:00:00",DL,124,123,0,1,6.129032258064516,0.0,13.709677419354838
"2025-04-02 09:00:00","2025-04-02 10:00:00",UA,130,128,1,1,24.906976744186046,0.7692307692307693,24.8062015503876
"2025-04-02 09:00:00","2025-04-02 10:00:00",WN,184,177,6,1,9.269662921348315,3.260869565217391,22.471910112359552
"2025-04-02 10:00:00","2025-04-02 11:00:00",AA,127,126,0,1,43.8503937007874,0.0,38.58267716535433
"2025-04-02 10:00:00","2025-04-02 11:00:00",DL,144,144,0,0,9.402777777777779,0.0,22.22222222222222
"2025-04-02 10:00:00","2025-04-02 11:00:00",UA,118,115,3,0,50.17391304347826,2.542372881355932,38.26086956521739
"2025-04-02 10:00:00","2025-04-02 11:00:00",WN,230,221,8,1,12.747747747747749,3.4782608695652173,22.07207207207207
"2025-04-02 11:00:00","2025-04-02 12:00:00",AA,148,142,3,3,34.00689655172414,2.027027027027027,41.37931034482759
"2025-04-02 11:00:00","2025-04-02 12:00:00",DL,188,187,0,1,11.324468085106384,0.0,23.404255319148938
"2025-04-02 11:00:00","2025-04-02 12:00:00",UA,119,115,3,1,53.560344827586206,2.5210084033613445,34.48275862068966
"2025-04-02 11:00:00","2025-04-02 12:00:00",WN,214,210,4,0,16.080952380952382,1.8691588785046729,26.19047619047619
"2025-04-02 12:00:00","2025-04-02 13:00:00",AA,125,120,4,1,38.31404958677686,3.2,50.413223140495866
"2025-04-02 12:00:00","2025-04-02 13:00:00",DL,150,150,0,0,14.786666666666667,0.0,27.333333333333332
"2025-04-02 12:00:00","2025-04-02 13:00:00",UA,107,103,3,1,37.21153846153846,2.803738317757009,38.46153846153846
"2025-04-02 12:00:00","2025-04-02 13:00:00",WN,215,214,1,0,23.649532710280372,0.46511627906976744,39.25233644859813
"2025-04-02 13:00:00","2025-04-02 14:00:00",AA,131,128,3,0,41.8359375,2.2900763358778624,46.09375
"2025-04-02 13:00:00","2025-04-02 14:00:00",DL,140,138,1,1,9.964028776978417,0.7142857142857143,17.26618705035971
"2025-04-02 13:00:00","2025-04-02 14:00:00",UA,120,116,4,0,22.5,3.3333333333333335,22.413793103448278
"2025-04-02 13:00:00","2025-04-02 14:00:00",WN,226,222,4,0,23.40990990990991,1.7699115044247788,33.333333333333336
"2025-04-02 14:00:00","2025-04-02 15:00:00",AA,129,125,4,0,36.176,3.10077519379845,42.4
"2025-04-02 14:00:00","2025-04-02 15:00:00",DL,129,129,0,0,17.3953488372093,0.0,26.356589147286822
"2025-04-02 14:00:00","2025-04-02 15:00:00",UA,129,116,11,2,41.36440677966102,8.527131782945736,38.13559322033898
"2025-04-02 14:00:00","2025-04-02 15:00:00",WN,206,206,0,0,26.703883495145632,0.0,48.05825242718446
"2025-04-02 15:00:00","2025-04-02 16:00:00",AA,128,124,3,1,47.976,2.34375,50.4
"2025-04-02 15:00:00","2025-04-02 16:00:00",DL,172,170,1,1,12.75438596491228,0.5813953488372093,21.637426900584796
"2025-04-02 15:00:00","2025-04-02 16:00:00",UA,95,89,6,0,34.752808988764045,6.315789473684211,31.46067415730337
"2025-04-02 15:00:00","2025-04-02 16:00:00",WN,205,204,1,0,25.254901960784313,0.4878048780487805,39.705882352941174
"2025-04-02 16:00:00","2025-04-02 17:00:00",AA,120,111,9,0,49.54054054054054,7.5,50.450450450450454
"2025-04-02 16:00:00","2025-04-02 17:00:00",DL,114,113,0,1,10.885964912280702,0.0,22.80701754385965
"2025-04-02 16:00:00","2025-04-02 17:00:00",UA,126,117,8,1,60.644067796610166,6.349206349206349,44.91525423728814
"2025-04-02 16:00:00","2025-04-02 17:00:00",WN,211,210,1,0,30.857142857142858,0.47393364928909953,45.714285714285715
"2025-04-02 17:00:00","2025-04-02 18:00:00",AA,142,130,11,1,74.83969465648855,7.746478873239437,49.61832061068702
"2025-04-02 17:00:00","2025-04-02 18:00:00",DL,158,154,1,3,16.980891719745223,0.6329113924050633,22.29299363057325
"2025-04-02 17:00:00","2025-04-02 18:00:00",UA,117,112,4,1,55.29203539823009,3.4188034188034186,35.39823008849557
"2025-04-02 17:00:00","2025-04-02 18:00:00",WN,219,218,1,0,27.321100917431192,0.45662100456621,38.53211009174312
"2025-04-02 18:00:00","2025-04-02 19:00:00",AA,159,136,21,2,42.70289855072464,13.20754716981132,50.72463768115942
"2025-04-02 18:00:00","2025-04-02 19:00:00",DL,150,148,1,1,17.818791946308725,0.6666666666666666,34.899328859060404
"2025-04-02 18:00:00","2025-04-02 19:00:00",UA,131,110,21,0,50.472727272727276,16.03053435114504,36.36363636363637
"2025-04-02 18:00:00","2025-04-02 19:00:00",WN,211,210,0,1,28.350710900473935,0.0,41.70616113744076
"2025-04-02 19:00:00","2025-04-02 20:00:00",AA,140,123,17,0,63.577235772357724,12.142857142857142,55.28455284552845
"2025-04-02 19:00:00","2025-04-02 20:00:00",DL,125,123,1,1,13.790322580645162,0.8,20.967741935483872
"2025-04-02 19:00:00","2025-04-02 20:00:00",UA,127,120,7,0,45.55833333333333,5.511811023622047,40.833333333333336
"2025-04-02 19:00:00","2025-04-02 20:00:00",WN,259,256,1,2,26.782945736434108,0.3861003861003861,43.02325581395349
"2025-04-02 20:00:00","2025-04-02 21:00:00",AA,124,109,13,2,33.207207207207205,10.483870967741936,54.95495495495496
"2025-04-02 20:00:00","2025-04-02 21:00:00",DL,88,82,3,3,18.36470588235294,3.409090909090909,15.294117647058824
"2025-04-02 20:00:00","2025-04-02 21:00:00",UA,74,69,5,0,34.666666666666664,6.756756756756757,39.130434782608695
"2025-04-02 20:00:00","2025-04-02 21:00:00",WN,157,157,0,0,30.03184713375796,0.0,47.13375796178344
"2025-04-02 21:00:00","2025-04-02 22:00:00",AA,80,69,11,0,36.43478260869565,13.75,46.3768115942029
"2025-04-02 21:00:00","2025-04-02 22:00:00",DL,72,72,0,0,12.777777777777779,0.0,31.944444444444443
"2025-04-02 21:00:00","2025-04-02 22:00:00",UA,52,48,4,0,35.854166666666664,7.6923076923076925,41.666666666666664
"2025-04-02 21:00:00","2025-04-02 22:00:00",WN,145,140,4,1,30.19858156028369,2.7586206896551726,46.808510638297875
"2025-04-02 22:00:00","2025-04-02 23:00:00",AA,88,78,10,0,34.11538461538461,11.363636363636363,48.717948717948715
"2025-04-02 22:00:00","2025-04-02 23:00:00",DL,83,81,1,1,11.195121951219512,1.2048192771084338,19.51219512195122
"2025-04-02 22:00:00","2025-04-02 23:00:00",UA,29,28,1,0,12.0,3.4482758620689653,25.0
"2025-04-02 22:00:00","2025-04-02 23:00:00",WN,10,10,0,0,0.5,0.0,0.0
"2025-04-02 23:00:00","2025-04-03 00:00:00",AA,27,21,5,1,47.04545454545455,18.51851851851852,31.818181818181817
"2025-04-02 23:00:00","2025-04-03 00:00:00",DL,36,35,1,0,8.571428571428571,2.7777777777777777,17.142857142857142
"2025-04-02 23:00:00","2025-04-03 00:00:00",UA,37,37,0,0,7.405405405405405,0.0,29.72972972972973
"2025-04-02 23:00:00","2025-04-03 00:00:00",WN,9,9,0,0,-1.8888888888888888,0.0,0.0
"2025-04-03 00:00:00","2025-04-03 01:00:00",AA,8,6,2,0,8.0,25.0,16.666666666666668
"2025-04-03 00:00:00","2025-04-03 01:00:00",DL,3,3,0,0,24.0,0.0,66.66666666666667
"2025-04-03 00:00:00","2025-04-03 01:00:00",UA,7,7,0,0,6.285714285714286,0.0,14.285714285714286
"2025-04-03 01:00:00","2025-04-03 02:00:00",DL,2,2,0,0,10.0,0.0,50.0
"2025-04-03 01:00:00","2025-04-03 02:00:00",UA,1,1,0,0,-8.0,0.0,0.0
"2025-04-03 05:00:00","2025-04-03 06:00:00",AA,104,92,12,0,32.17391304347826,11.538461538461538,18.47826086956522
"2025-04-03 05:00:00","2025-04-03 06:00:00",DL,53,53,0,0,20.849056603773583,0.0,13.20754716981132
"2025-04-03 05:00:00","2025-04-03 06:00:00",UA,38,38,0,0,-1.8421052631578947,0.0,5.2631578947368425
"2025-04-03 05:00:00","2025-04-03 06:00:00",WN,166,158,8,0,3.2025316455696204,4.819277108433735,8.227848101265822
"2025-04-03 06:00:00","2025-04-03 07:00:00",AA,176,156,20,0,20.455128205128204,11.363636363636363,13.461538461538462
"2025-04-03 06:00:00","2025-04-03 07:00:00",DL,176,172,4,0,8.5,2.272727272727273,5.813953488372093
"2025-04-03 06:00:00","2025-04-03 07:00:00",UA,125,113,12,0,3.3185840707964602,9.6,11.504424778761061
"2025-04-03 06:00:00","2025-04-03 07:00:00",WN,272,260,12,0,1.823076923076923,4.411764705882353,6.538461538461538
"2025-04-03 07:00:00","2025-04-03 08:00:00",AA,217,200,16,1,14.567164179104477,7.373271889400922,18.90547263681592
"2025-04-03 07:00:00","2025-04-03 08:00:00",DL,243,242,1,0,8.057851239669422,0.411522633744856,8.677685950413224
"2025-04-03 07:00:00","2025-04-03 08:00:00",UA,194,183,11,0,3.442622950819672,5.670103092783505,14.207650273224044
"2025-04-03 07:00:00","2025-04-03 08:00:00",WN,223,211,12,0,6.118483412322274,5.381165919282512,15.165876777251185
"2025-04-03 08:00:00","2025-04-03 09:00:00",AA,169,157,12,0,13.312101910828025,7.100591715976331,21.019108280254777
"2025-04-03 08:00:00","2025-04-03 09:00:00",DL,155,154,1,0,6.103896103896104,0.6451612903225806,11.03896103896104
"2025-04-03 08:00:00","2025-04-03 09:00:00",UA,147,140,7,0,5.078571428571428,4.761904761904762,14.285714285714286
"2025-04-03 08:00:00","2025-04-03 09:00:00",WN,239,232,7,0,4.732758620689655,2.928870292887029,10.344827586206897
"2025-04-03 09:00:00","2025-04-03 10:00:00",AA,125,114,11,0,11.649122807017545,8.8,25.43859649122807
"2025-04-03 09:00:00","2025-04-03 10:00:00",DL,126,124,1,1,8.816,0.7936507936507936,15.2
"2025-04-03 09:00:00","2025-04-03 10:00:00",UA,136,133,3,0,5.2781954887218046,2.2058823529411766,17.293233082706767
"2025-04-03 09:00:00","2025-04-03 10:00:00",WN,226,215,10,1,10.032407407407407,4.424778761061947,19.90740740740741
"2025-04-03 10:00:00","2025-04-03 11:00:00",AA,135,124,10,1,21.616,7.407407407407407,34.4
"2025-04-03 10:00:00","2025-04-03 11:00:00",DL,152,152,0,0,6.375,0.0,16.44736842105263
"2025-04-03 10:00:00","2025-04-03 11:00:00",UA,120,118,2,0,9.279661016949152,1.6666666666666667,21.1864406779661
"2025-04-03 10:00:00","2025-04-03 11:00:00",WN,229,225,3,1,13.920353982300885,1.3100436681222707,26.548672566371682
"2025-04-03 11:00:00","2025-04-03 12:00:00",AA,161,157,4,0,25.146496815286625,2.484472049689441,31.84713375796178
"2025-04-03 11:00:00","2025-04-03 12:00:00",DL,202,202,0,0,12.099009900990099,0.0,22.277227722772277
"2025-04-03 11:00:00","2025-04-03 12:00:00",UA,125,124,1,0,10.629032258064516,0.8,21.774193548387096
"2025-04-03 11:00:00","2025-04-03 12:00:00",WN,236,233,3,0,13.48068669527897,1.271186440677966,22.746781115879827
"2025-04-03 12:00:00","2025-04-03 13:00:00",AA,121,116,5,0,21.017241379310345,4.132231404958677,40.51724137931034
"2025-04-03 12:00:00","2025-04-03 13:00:00",DL,150,150,0,0,14.36,0.0,22.666666666666668
"2025-04-03 12:00:00","2025-04-03 13:00:00",UA,107,107,0,0,6.981308411214953,0.0,17.757009345794394
"2025-04-03 12:00:00","2025-04-03 13:00:00",WN,204,199,5,0,14.095477386934673,2.450980392156863,24.623115577889447
"2025-04-03 13:00:00","2025-04-03 14:00:00",AA,135,131,4,0,24.48854961832061,2.962962962962963,37.404580152671755
"2025-04-03 13:00:00","2025-04-03 14:00:00",DL,148,148,0,0,18.54054054054054,0.0,29.72972972972973
"2025-04-03 13:00:00","2025-04-03 14:00:00",UA,119,118,1,0,18.771186440677965,0.8403361344537815,27.966101694915253
"2025-04-03 13:00:00","2025-04-03 14:00:00",WN,223,218,4,1,15.223744292237443,1.7937219730941705,33.789954337899545
"2025-04-03 14:00:00","2025-04-03 15:00:00",AA,136,134,1,1,26.733333333333334,0.7352941176470589,42.96296296296296
"2025-04-03 14:00:00","2025-04-03 15:00:00",DL,136,136,0,0,14.448529411764707,0.0,27.941176470588236
"2025-04-03 14:00:00","2025-04-03 15:00:00",UA,125,124,0,1,22.072,0.0,33.6
"2025-04-03 14:00:00","2025-04-03 15:00:00",WN,242,238,4,0,23.928571428571427,1.6528925619834711,32.35294117647059
"2025-04-03 15:00:00","2025-04-03 16:00:00",AA,136,134,2,0,29.895522388059703,1.4705882352941178,38.80597014925373
"2025-04-03 15:00:00","2025-04-03 16:00:00",DL,176,176,0,0,23.22159090909091,0.0,25.568181818181817
"2025-04-03 15:00:00","2025-04-03 16:00:00",UA,96,95,1,0,20.105263157894736,1.0416666666666667,31.57894736842105
"2025-04-03 15:00:00","2025-04-03 16:00:00",WN,211,209,1,1,24.48095238095238,0.47393364928909953,43.80952380952381
"2025-04-03 16:00:00","2025-04-03 17:00:00",AA,133,131,2,0,33.49618320610687,1.5037593984962405,47.32824427480916
"2025-04-03 16:00:00","2025-04-03 17:00:00",DL,130,130,0,0,29.0,0.0,37.69230769230769
"2025-04-03 16:00:00","2025-04-03 17:00:00",UA,138,138,0,0,28.333333333333332,0.0,36.95652173913044
"2025-04-03 16:00:00","2025-04-03 17:00:00",WN,226,225,1,0,31.648888888888887,0.4424778761061947,44.44444444444444
"2025-04-03 17:00:00","2025-04-03 18:00:00",AA,146,143,1,2,43.186206896551724,0.684931506849315,51.724137931034484
"2025-04-03 17:00:00","2025-04-03 18:00:00",DL,179,179,0,0,18.12849162011173,0.0,32.960893854748605
"2025-04-03 17:00:00","2025-04-03 18:00:00",UA,131,131,0,0,29.16793893129771,0.0,41.221374045801525
"2025-04-03 17:00:00","2025-04-03 18:00:00",WN,236,235,1,0,39.263829787234044,0.423728813559322,54.46808510638298
"2025-04-03 18:00:00","2025-04-03 19:00:00",AA,139,137,2,0,29.233576642335766,1.4388489208633093,47.44525547445255
"2025-04-03 18:00:00","2025-04-03 19:00:00",DL,135,134,0,1,27.725925925925925,0.0,39.25925925925926
"2025-04-03 18:00:00","2025-04-03 19:00:00",UA,121,121,0,0,19.710743801652892,0.0,28.925619834710744
"2025-04-03 18:00:00","2025-04-03 19:00:00",WN,217,217,0,0,33.0184331797235,0.0,50.69124423963134
"2025-04-03 19:00:00","2025-04-03 20:00:00",AA,156,155,1,0,44.225806451612904,0.6410256410256411,57.41935483870968
"2025-04-03 19:00:00","2025-04-03 20:00:00",DL,167,167,0,0,32.22754491017964,0.0,39.52095808383233
"2025-04-03 19:00:00","2025-04-03 20:00:00",UA,140,140,0,0,29.2,0.0,35.714285714285715
"2025-04-03 19:00:00","2025-04-03 20:00:00",WN,217,216,1,0,39.81018518518518,0.4608294930875576,48.148148148148145
"2025-04-03 20:00:00","2025-04-03 21:00:00",AA,121,119,1,1,29.35,0.8264462809917356,41.666666666666664
"2025-04-03 20:00:00","2025-04-03 21:00:00",DL,114,114,0,0,13.06140350877193,0.0,26.31578947368421
"2025-04-03 20:00:00","2025-04-03 21:00:00",UA,82,82,0,0,26.865853658536587,0.0,28.048780487804876
"2025-04-03 20:00:00","2025-04-03 21:00:00",WN,263,263,0,0,33.053231939163496,0.0,53.2319391634981
"2025-04-03 21:00:00","2025-04-03 22:00:00",AA,84,84,0,0,72.60714285714286,0.0,63.095238095238095
"2025-04-03 21:00:00","2025-04-03 22:00:00",DL,102,102,0,0,17.774509803921568,0.0,33.333333333333336
"2025-04-03 21:00:00","2025-04-03 22:00:00",UA,60,59,0,1,15.333333333333334,0.0,30.0
"2025-04-03 21:00:00","2025-04-03 22:00:00",WN,162,159,3,0,33.540880503144656,1.8518518518518519,49.056603773584904
"2025-04-03 22:00:00","2025-04-03 23:00:00",AA,86,85,1,0,31.647058823529413,1.1627906976744187,28.235294117647058
"2025-04-03 22:00:00","2025-04-03 23:00:00",DL,89,88,0,1,17.359550561797754,0.0,30.337078651685392
"2025-04-03 22:00:00","2025-04-03 23:00:00",UA,32,32,0,0,21.46875,0.0,12.5
"2025-04-03 22:00:00","2025-04-03 23:00:00",WN,123,123,0,0,28.260162601626018,0.0,48.78048780487805
"2025-04-03 23:00:00","2025-04-04 00:00:00",AA,30,30,0,0,5.166666666666667,0.0,23.333333333333332
"2025-04-03 23:00:00","2025-04-04 00:00:00",DL,41,41,0,0,13.463414634146341,0.0,24.390243902439025
"2025-04-03 23:00:00","2025-04-04 00:00:00",UA,34,33,0,1,10.558823529411764,0.0,20.58823529411765
"2025-04-03 23:00:00","2025-04-04 00:00:00",WN,9,9,0,0,10.11111111111111,0.0,33.333333333333336
"2025-04-04 00:00:00","2025-04-04 01:00:00",AA,6,6,0,0,1.1666666666666667,0.0,16.666666666666668
"2025-04-04 00:00:00","2025-04-04 01:00:00",DL,7,7,0,0,10.571428571428571,0.0,28.571428571428573
"2025-04-04 00:00:00","2025-04-04 01:00:00",UA,8,8,0,0,1.875,0.0,12.5
"2025-04-04 01:00:00","2025-04-04 02:00:00",DL,2,2,0,0,-3.5,0.0,0.0
"2025-04-04 01:00:00","2025-04-04 02:00:00",UA,2,2,0,0,-4.5,0.0,0.0
"2025-04-04 05:00:00","2025-04-04 06:00:00",AA,107,107,0,0,13.700934579439252,0.0,14.018691588785046
"2025-04-04 05:00:00","2025-04-04 06:00:00",DL,60,60,0,0,-2.1,0.0,1.6666666666666667
"2025-04-04 05:00:00","2025-04-04 06:00:00",UA,43,43,0,0,-2.2790697674418605,0.0,4.651162790697675
"2025-04-04 05:00:00","2025-04-04 06:00:00",WN,169,168,1,0,1.2738095238095237,0.591715976331361,5.9523809523809526
"2025-04-04 06:00:00","2025-04-04 07:00:00",AA,179,178,0,1,6.810055865921788,0.0,11.731843575418994
"2025-04-04 06:00:00","2025-04-04 07:00:00",DL,185,185,0,0,0.3027027027027027,0.0,7.5675675675675675
"2025-04-04 06:00:00","2025-04-04 07:00:00",UA,128,128,0,0,-1.921875,0.0,7.03125
"2025-04-04 06:00:00","2025-04-04 07:00:00",WN,293,292,1,0,0.9417808219178082,0.3412969283276451,6.164383561643835
"2025-04-04 07:00:00","2025-04-04 08:00:00",AA,213,212,0,1,14.868544600938968,0.0,13.145539906103286
"2025-04-04 07:00:00","2025-04-04 08:00:00",DL,238,238,0,0,7.415966386554622,0.0,11.344537815126051
"2025-04-04 07:00:00","2025-04-04 08:00:00",UA,199,198,1,0,9.363636363636363,0.5025125628140703,8.585858585858587
"2025-04-04 07:00:00","2025-04-04 08:00:00",WN,227,227,0,0,4.506607929515418,0.0,12.775330396475772
"2025-04-04 08:00:00","2025-04-04 09:00:00",AA,166,165,1,0,17.466666666666665,0.6024096385542169,24.242424242424242
"2025-04-04 08:00:00","2025-04-04 09:00:00",DL,168,168,0,0,2.9107142857142856,0.0,10.119047619047619
"2025-04-04 08:00:00","2025-04-04 09:00:00",UA,148,148,0,0,8.337837837837839,0.0,10.81081081081081
"2025-04-04 08:00:00","2025-04-04 09:00:00",WN,238,236,2,0,5.36864406779661,0.8403361344537815,16.10169491525424
"2025-04-04 09:00:00","2025-04-04 10:00:00",AA,127,125,2,0,17.088,1.5748031496062993,28.0
"2025-04-04 09:00:00","2025-04-04 10:00:00",DL,117,117,0,0,3.7777777777777777,0.0,12.820512820512821
"2025-04-04 09:00:00","2025-04-04 10:00:00",UA,130,129,1,0,8.248062015503876,0.7692307692307693,22.48062015503876
"2025-04-04 09:00:00","2025-04-04 10:00:00",WN,218,216,2,0,5.675925925925926,0.9174311926605505,14.814814814814815
"2025-04-04 10:00:00","2025-04-04 11:00:00",AA,156,154,1,1,22.98709677419355,0.6410256410256411,29.677419354838708
"2025-04-04 10:00:00","2025-04-04 11:00:00",DL,157,157,0,0,5.503184713375796,0.0,14.012738853503185
"2025-04-04 10:00:00","2025-04-04 11:00:00",UA,133,133,0,0,2.2330827067669174,0.0,9.774436090225564
"2025-04-04 10:00:00","2025-04-04 11:00:00",WN,236,233,2,1,13.905982905982906,0.847457627118644,29.487179487179485
"2025-04-04 11:00:00","2025-04-04 12:00:00",AA,150,150,0,0,28.58,0.0,34.666666666666664
"2025-04-04 11:00:00","2025-04-04 12:00:00",DL,193,193,0,0,8.937823834196891,0.0,24.352331606217618
"2025-04-04 11:00:00","2025-04-04 12:00:00",UA,119,119,0,0,7.9411764705882355,0.0,21.008403361344538
"2025-04-04 11:00:00","2025-04-04 12:00:00",WN,223,220,3,0,15.472727272727273,1.345291479820628,30.0
"2025-04-04 12:00:00","2025-04-04 13:00:00",AA,134,133,1,0,26.654135338345863,0.746268656716418,35.338345864661655
"2025-04-04 12:00:00","2025-04-04 13:00:00",DL,146,146,0,0,8.952054794520548,0.0,23.28767123287671
"2025-04-04 12:00:00","2025-04-04 13:00:00",UA,111,111,0,0,2.5855855855855854,0.0,9.90990990990991
"2025-04-04 12:00:00","2025-04-04 13:00:00",WN,208,206,2,0,22.703883495145632,0.9615384615384616,33.00970873786408
"2025-04-04 13:00:00","2025-04-04 14:00:00",AA,139,138,1,0,25.442028985507246,0.7194244604316546,31.159420289855074
"2025-04-04 13:00:00","2025-04-04 14:00:00",DL,149,149,0,0,6.375838926174497,0.0,19.463087248322147
"2025-04-04 13:00:00","2025-04-04 14:00:00",UA,124,123,0,1,23.346774193548388,0.0,32.25806451612903
"2025-04-04 13:00:00","2025-04-04 14:00:00",WN,234,230,4,0,27.408695652173915,1.7094017094017093,38.69565217391305
"2025-04-04 14:00:00","2025-04-04 15:00:00",AA,143,142,1,0,33.57746478873239,0.6993006993006993,38.732394366197184
"2025-04-04 14:00:00","2025-04-04 15:00:00",DL,143,143,0,0,9.783216783216783,0.0,21.678321678321677
"2025-04-04 14:00:00","2025-04-04 15:00:00",UA,131,130,0,1,16.374045801526716,0.0,22.137404580152673
"2025-04-04 14:00:00","2025-04-04 15:00:00",WN,231,224,5,2,32.030973451327434,2.1645021645021645,41.150442477876105
"2025-04-04 15:00:00","2025-04-04 16:00:00",AA,129,128,1,0,38.125,0.7751937984496124,43.75
"2025-04-04 15:00:00","2025-04-04 16:00:00",DL,168,167,1,0,17.964071856287426,0.5952380952380952,29.940119760479043
"2025-04-04 15:00:00","2025-04-04 16:00:00",UA,90,90,0,0,23.844444444444445,0.0,33.333333333333336
"2025-04-04 15:00:00","2025-04-04 16:00:00",WN,200,197,3,0,32.390862944162436,1.5,42.63959390862944
"2025-04-04 16:00:00","2025-04-04 17:00:00",AA,137,137,0,0,35.175182481751825,0.0,43.065693430656935
"2025-04-04 16:00:00","2025-04-04 17:00:00",DL,120,120,0,0,8.85,0.0,25.833333333333332
"2025-04-04 16:00:00","2025-04-04 17:00:00",UA,131,131,0,0,22.34351145038168,0.0,26.717557251908396
"2025-04-04 16:00:00","2025-04-04 17:00:00",WN,217,217,0,0,39.41935483870968,0.0,54.3778801843318
"2025-04-04 17:00:00","2025-04-04 18:00:00",AA,150,148,0,2,30.24,0.0,45.333333333333336
"2025-04-04 17:00:00","2025-04-04 18:00:00",DL,171,171,0,0,13.87719298245614,0.0,22.22222222222222
"2025-04-04 17:00:00","2025-04-04 18:00:00",UA,121,121,0,0,20.735537190082646,0.0,33.88429752066116
"2025-04-04 17:00:00","2025-04-04 18:00:00",WN,227,226,1,0,33.85398230088496,0.44052863436123346,50.88495575221239
"2025-04-04 18:00:00","2025-04-04 19:00:00",AA,167,166,1,0,37.463855421686745,0.5988023952095808,46.98795180722892
"2025-04-04 18:00:00","2025-04-04 19:00:00",DL,159,158,0,1,11.446540880503145,0.0,25.78616352201258
"2025-04-04 18:00:00","2025-04-04 19:00:00",UA,142,142,0,0,15.0,0.0,26.760563380281692
"2025-04-04 18:00:00","2025-04-04 19:00:00",WN,243,243,0,0,41.27160493827161,0.0,60.08230452674897
"2025-04-04 19:00:00","2025-04-04 20:00:00",AA,143,140,3,0,48.65714285714286,2.097902097902098,58.57142857142857
"2025-04-04 19:00:00","2025-04-04 20:00:00",DL,146,146,0,0,7.86986301369863,0.0,21.232876712328768
"2025-04-04 19:00:00","2025-04-04 20:00:00",UA,116,116,0,0,16.689655172413794,0.0,27.586206896551722
"2025-04-04 19:00:00","2025-04-04 20:00:00",WN,190,190,0,0,36.07368421052632,0.0,50.526315789473685
"2025-04-04 20:00:00","2025-04-04 21:00:00",AA,132,126,5,1,38.71653543307087,3.787878787878788,47.24409448818898
"2025-04-04 20:00:00","2025-04-04 21:00:00",DL,114,114,0,0,6.543859649122807,0.0,15.789473684210526
"2025-04-04 20:00:00","2025-04-04 21:00:00",UA,85,85,0,0,13.541176470588235,0.0,27.058823529411764
"2025-04-04 20:00:00","2025-04-04 21:00:00",WN,259,258,1,0,32.17054263565891,0.3861003861003861,53.87596899224806
"2025-04-04 21:00:00","2025-04-04 22:00:00",AA,85,84,1,0,40.0,1.1764705882352942,44.04761904761905
"2025-04-04 21:00:00","2025-04-04 22:00:00",DL,96,96,0,0,7.489583333333333,0.0,20.833333333333332
"2025-04-04 21:00:00","2025-04-04 22:00:00",UA,58,58,0,0,4.775862068965517,0.0,17.24137931034483
"2025-04-04 21:00:00","2025-04-04 22:00:00",WN,163,161,1,1,42.148148148148145,0.6134969325153374,62.34567901234568
"2025-04-04 22:00:00","2025-04-04 23:00:00",AA,108,106,2,0,42.320754716981135,1.8518518518518519,46.22641509433962
"2025-04-04 22:00:00","2025-04-04 23:00:00",DL,96,95,1,0,4.2631578947368425,1.0416666666666667,12.631578947368421
"2025-04-04 22:00:00","2025-04-04 23:00:00",UA,33,33,0,0,3.212121212121212,0.0,18.181818181818183
"2025-04-04 22:00:00","2025-04-04 23:00:00",WN,124,121,3,0,33.29752066115702,2.4193548387096775,53.71900826446281
"2025-04-04 23:00:00","2025-04-05 00:00:00",AA,29,24,0,5,19.724137931034484,0.0,41.37931034482759
"2025-04-04 23:00:00","2025-04-05 00:00:00",DL,37,37,0,0,3.5135135135135136,0.0,24.324324324324323
"2025-04-04 23:00:00","2025-04-05 00:00:00",UA,32,32,0,0,3.3125,0.0,15.625
"2025-04-04 23:00:00","2025-04-05 00:00:00",WN,7,6,0,1,29.857142857142858,0.0,42.857142857142854
"2025-04-05 00:00:00","2025-04-05 01:00:00",AA,8,8,0,0,25.5,0.0,25.0
"2025-04-05 00:00:00","2025-04-05 01:00:00",DL,7,7,0,0,0.8571428571428571,0.0,14.285714285714286
"2025-04-05 00:00:00","2025-04-05 01:00:00",UA,8,8,0,0,-3.625,0.0,0.0
"2025-04-05 01:00:00","2025-04-05 02:00:00",AA,1,1,0,0,-6.0,0.0,0.0
"2025-04-05 01:00:00","2025-04-05 02:00:00",DL,2,2,0,0,-16.5,0.0,0.0
"2025-04-05 01:00:00","2025-04-05 02:00:00",UA,2,2,0,0,-7.0,0.0,0.0
"2025-04-05 05:00:00","2025-04-05 06:00:00",AA,96,83,13,0,39.44578313253012,13.541666666666666,38.55421686746988
"2025-04-05 05:00:00","2025-04-05 06:00:00",DL,52,52,0,0,7.769230769230769,0.0,7.6923076923076925
"2025-04-05 05:00:00","2025-04-05 06:00:00",UA,39,39,0,0,-1.7692307692307692,0.0,7.6923076923076925
"2025-04-05 05:00:00","2025-04-05 06:00:00",WN,162,158,4,0,1.1455696202531647,2.4691358024691357,3.7974683544303796
"2025-04-05 06:00:00","2025-04-05 07:00:00",AA,171,167,3,1,37.392857142857146,1.7543859649122806,30.357142857142858
"2025-04-05 06:00:00","2025-04-05 07:00:00",DL,163,163,0,0,2.374233128834356,0.0,6.748466257668712
"2025-04-05 06:00:00","2025-04-05 07:00:00",UA,121,121,0,0,-2.2644628099173554,0.0,6.6115702479338845
"2025-04-05 06:00:00","2025-04-05 07:00:00",WN,255,247,7,1,4.036290322580645,2.7450980392156863,8.870967741935484
"2025-04-05 07:00:00","2025-04-05 08:00:00",AA,209,202,7,0,23.435643564356436,3.349282296650718,34.65346534653465
"2025-04-05 07:00:00","2025-04-05 08:00:00",DL,215,215,0,0,9.553488372093023,0.0,12.55813953488372
"2025-04-05 07:00:00","2025-04-05 08:00:00",UA,178,178,0,0,4.898876404494382,0.0,10.112359550561798
"2025-04-05 07:00:00","2025-04-05 08:00:00",WN,213,206,7,0,3.058252427184466,3.2863849765258215,8.737864077669903
"2025-04-05 08:00:00","2025-04-05 09:00:00",AA,178,154,23,1,21.56774193548387,12.92134831460674,30.322580645161292
"2025-04-05 08:00:00","2025-04-05 09:00:00",DL,144,144,0,0,2.1944444444444446,0.0,6.944444444444445
"2025-04-05 08:00:00","2025-04-05 09:00:00",UA,138,136,2,0,5.161764705882353,1.4492753623188406,11.029411764705882
"2025-04-05 08:00:00","2025-04-05 09:00:00",WN,189,179,10,0,5.608938547486034,5.291005291005291,15.083798882681565
"2025-04-05 09:00:00","2025-04-05 10:00:00",AA,109,103,6,0,28.359223300970875,5.504587155963303,31.067961165048544
"2025-04-05 09:00:00","2025-04-05 10:00:00",DL,124,124,0,0,5.524193548387097,0.0,15.32258064516129
"2025-04-05 09:00:00","2025-04-05 10:00:00",UA,119,119,0,0,12.470588235294118,0.0,17.647058823529413
"2025-04-05 09:00:00","2025-04-05 10:00:00",WN,185,178,7,0,6.662921348314606,3.7837837837837838,16.853932584269664
"2025-04-05 10:00:00","2025-04-05 11:00:00",AA,134,110,23,1,28.99099099099099,17.16417910447761,33.333333333333336
"2025-04-05 10:00:00","2025-04-05 11:00:00",DL,124,123,1,0,8.040650406504065,0.8064516129032258,15.447154471544716
"2025-04-05 10:00:00","2025-04-05 11:00:00",UA,101,100,0,1,7.227722772277228,0.0,15.841584158415841
"2025-04-05 10:00:00","2025-04-05 11:00:00",WN,177,174,3,0,8.086206896551724,1.694915254237288,18.96551724137931
"2025-04-05 11:00:00","2025-04-05 12:00:00",AA,132,123,9,0,22.601626016260163,6.818181818181818,36.58536585365854
"2025-04-05 11:00:00","2025-04-05 12:00:00",DL,164,163,0,1,12.408536585365853,0.0,22.5609756097561
"2025-04-05 11:00:00","2025-04-05 12:00:00",UA,110,110,0,0,11.718181818181819,0.0,19.09090909090909
"2025-04-05 11:00:00","2025-04-05 12:00:00",WN,214,209,4,1,12.41904761904762,1.8691588785046729,28.095238095238095
"2025-04-05 12:00:00","2025-04-05 13:00:00",AA,110,98,10,2,37.86,9.090909090909092,40.0
"2025-04-05 12:00:00","2025-04-05 13:00:00",DL,134,134,0,0,7.470149253731344,0.0,18.65671641791045
"2025-04-05 12:00:00","2025-04-05 13:00:00",UA,98,98,0,0,11.224489795918368,0.0,17.346938775510203
"2025-04-05 12:00:00","2025-04-05 13:00:00",WN,157,156,0,1,12.67515923566879,0.0,29.29936305732484
"2025-04-05 13:00:00","2025-04-05 14:00:00",AA,124,117,6,1,42.17796610169491,4.838709677419355,34.74576271186441
"2025-04-05 13:00:00","2025-04-05 14:00:00",DL,117,117,0,0,7.017094017094017,0.0,21.367521367521366
"2025-04-05 13:00:00","2025-04-05 14:00:00",UA,115,112,2,1,15.486725663716815,1.7391304347826086,23.008849557522122
"2025-04-05 13:00:00","2025-04-05 14:00:00",WN,220,214,5,1,16.488372093023255,2.272727272727273,37.674418604651166
"2025-04-05 14:00:00","2025-04-05 15:00:00",AA,113,105,8,0,27.438095238095237,7.079646017699115,45.714285714285715
"2025-04-05 14:00:00","2025-04-05 15:00:00",DL,110,110,0,0,18.70909090909091,0.0,30.90909090909091
"2025-04-05 14:00:00","2025-04-05 15:00:00",UA,117,116,1,0,17.00862068965517,0.8547008547008547,21.551724137931036
"2025-04-05 14:00:00","2025-04-05 15:00:00",WN,178,176,1,1,18.293785310734464,0.5617977528089888,35.02824858757062
"2025-04-05 15:00:00","2025-04-05 16:00:00",AA,118,109,9,0,31.256880733944953,7.627118644067797,34.862385321100916
"2025-04-05 15:00:00","2025-04-05 16:00:00",DL,156,155,0,1,16.685897435897434,0.0,23.71794871794872
"2025-04-05 15:00:00","2025-04-05 16:00:00",UA,83,83,0,0,29.879518072289155,0.0,22.89156626506024
"2025-04-05 15:00:00","2025-04-05 16:00:00",WN,201,197,1,3,23.675,0.4975124378109453,44.5
"2025-04-05 16:00:00","2025-04-05 17:00:00",AA,118,111,7,0,32.34234234234234,5.932203389830509,43.24324324324324
"2025-04-05 16:00:00","2025-04-05 17:00:00",DL,99,98,0,1,15.494949494949495,0.0,32.323232323232325
"2025-04-05 16:00:00","2025-04-05 17:00:00",UA,108,108,0,0,29.805555555555557,0.0,34.25925925925926
"2025-04-05 16:00:00","2025-04-05 17:00:00",WN,189,186,1,2,17.27659574468085,0.5291005291005291,32.4468085106383
"2025-04-05 17:00:00","2025-04-05 18:00:00",AA,138,127,11,0,30.503937007874015,7.971014492753623,43.30708661417323
"2025-04-05 17:00:00","2025-04-05 18:00:00",DL,136,136,0,0,10.992647058823529,0.0,22.058823529411764
"2025-04-05 17:00:00","2025-04-05 18:00:00",UA,120,120,0,0,20.991666666666667,0.0,35.0
"2025-04-05 17:00:00","2025-04-05 18:00:00",WN,206,202,4,0,30.504950495049506,1.941747572815534,45.54455445544554
"2025-04-05 18:00:00","2025-04-05 19:00:00",AA,157,149,8,0,51.53691275167785,5.095541401273885,44.29530201342282
"2025-04-05 18:00:00","2025-04-05 19:00:00",DL,131,131,0,0,18.81679389312977,0.0,34.35114503816794
"2025-04-05 18:00:00","2025-04-05 19:00:00",UA,114,114,0,0,38.324561403508774,0.0,41.228070175438596
"2025-04-05 18:00:00","2025-04-05 19:00:00",WN,217,214,3,0,24.80373831775701,1.3824884792626728,38.78504672897196
"2025-04-05 19:00:00","2025-04-05 20:00:00",AA,120,113,6,1,22.219298245614034,5.0,35.96491228070175
"2025-04-05 19:00:00","2025-04-05 20:00:00",DL,79,79,0,0,25.88607594936709,0.0,32.91139240506329
"2025-04-05 19:00:00","2025-04-05 20:00:00",UA,103,103,0,0,14.611650485436893,0.0,26.21359223300971
"2025-04-05 19:00:00","2025-04-05 20:00:00",WN,210,206,2,2,23.485576923076923,0.9523809523809523,36.05769230769231
"2025-04-05 20:00:00","2025-04-05 21:00:00",AA,109,105,4,0,28.714285714285715,3.669724770642202,40.95238095238095
"2025-04-05 20:00:00","2025-04-05 21:00:00",DL,84,83,1,0,11.397590361445783,1.1904761904761905,25.301204819277107
"2025-04-05 20:00:00","2025-04-05 21:00:00",UA,65,65,0,0,39.33846153846154,0.0,55.38461538461539
"2025-04-05 20:00:00","2025-04-05 21:00:00",WN,201,196,4,1,26.67005076142132,1.9900497512437811,47.71573604060914
"2025-04-05 21:00:00","2025-04-05 22:00:00",AA,77,74,3,0,41.91891891891892,3.896103896103896,54.054054054054056
"2025-04-05 21:00:00","2025-04-05 22:00:00",DL,78,78,0,0,14.961538461538462,0.0,19.23076923076923
"2025-04-05 21:00:00","2025-04-05 22:00:00",UA,35,35,0,0,17.228571428571428,0.0,28.571428571428573
"2025-04-05 21:00:00","2025-04-05 22:00:00",WN,157,151,6,0,25.576158940397352,3.821656050955414,39.735099337748345
"2025-04-05 22:00:00","2025-04-05 23:00:00",AA,68,68,0,0,25.705882352941178,0.0,35.294117647058826
"2025-04-05 22:00:00","2025-04-05 23:00:00",DL,71,70,1,0,20.2,1.408450704225352,27.142857142857142
"2025-04-05 22:00:00","2025-04-05 23:00:00",UA,32,32,0,0,5.375,0.0,18.75
"2025-04-05 22:00:00","2025-04-05 23:00:00",WN,94,93,1,0,18.236559139784948,1.0638297872340425,38.70967741935484
"2025-04-05 23:00:00","2025-04-06 00:00:00",AA,28,28,0,0,14.464285714285714,0.0,25.0
"2025-04-05 23:00:00","2025-04-06 00:00:00",DL,25,24,0,1,29.96,0.0,16.0
"2025-04-05 23:00:00","2025-04-06 00:00:00",UA,27,26,1,0,2.0384615384615383,3.7037037037037037,19.23076923076923
"2025-04-05 23:00:00","2025-04-06 00:00:00",WN,9,9,0,0,1.0,0.0,0.0
"2025-04-06 00:00:00","2025-04-06 01:00:00",AA,8,7,1,0,-1.4285714285714286,12.5,14.285714285714286
"2025-04-06 00:00:00","2025-04-06 01:00:00",DL,4,4,0,0,7.25,0.0,25.0
"2025-04-06 00:00:00","2025-04-06 01:00:00",UA,7,7,0,0,-3.2857142857142856,0.0,0.0
"2025-04-06 01:00:00","2025-04-06 02:00:00",AA,1,1,0,0,16.0,0.0,100.0
"2025-04-06 01:00:00","2025-04-06 02:00:00",DL,2,2,0,0,-8.5,0.0,0.0
"2025-04-06 01:00:00","2025-04-06 02:00:00",UA,1,1,0,0,6.0,0.0,0.0
"2025-04-06 05:00:00","2025-04-06 06:00:00",AA,99,92,7,0,8.902173913043478,7.070707070707071,9.782608695652174
"2025-04-06 05:00:00","2025-04-06 06:00:00",DL,56,56,0,0,-0.17857142857142858,0.0,5.357142857142857
"2025-04-06 05:00:00","2025-04-06 06:00:00",UA,40,40,0,0,-0.85,0.0,5.0
"2025-04-06 05:00:00","2025-04-06 06:00:00",WN,166,165,0,1,3.0,0.0,4.819277108433735
"2025-04-06 06:00:00","2025-04-06 07:00:00",AA,179,168,10,1,2.8106508875739644,5.58659217877095,8.284023668639053
"2025-04-06 06:00:00","2025-04-06 07:00:00",DL,177,172,0,5,5.146892655367232,0.0,7.344632768361582
"2025-04-06 06:00:00","2025-04-06 07:00:00",UA,129,129,0,0,-0.3333333333333333,0.0,1.550387596899225
"2025-04-06 06:00:00","2025-04-06 07:00:00",WN,285,285,0,0,3.024561403508772,0.0,5.614035087719298
"2025-04-06 07:00:00","2025-04-06 08:00:00",AA,208,202,6,0,16.58910891089109,2.8846153846153846,17.326732673267326
"2025-04-06 07:00:00","2025-04-06 08:00:00",DL,230,228,1,1,14.965065502183407,0.43478260869565216,13.100436681222707
"2025-04-06 07:00:00","2025-04-06 08:00:00",UA,181,181,0,0,7.740331491712707,0.0,13.259668508287293
"2025-04-06 07:00:00","2025-04-06 08:00:00",WN,215,214,1,0,1.6214953271028036,0.46511627906976744,6.542056074766355
"2025-04-06 08:00:00","2025-04-06 09:00:00",AA,183,181,2,0,13.348066298342541,1.092896174863388,17.12707182320442
"2025-04-06 08:00:00","2025-04-06 09:00:00",DL,168,167,0,1,-1.3928571428571428,0.0,5.357142857142857
"2025-04-06 08:00:00","2025-04-06 09:00:00",UA,142,141,1,0,6.546099290780142,0.704225352112676,9.929078014184396
"2025-04-06 08:00:00","2025-04-06 09:00:00",WN,231,228,2,1,4.218340611353712,0.8658008658008658,10.480349344978166
"2025-04-06 09:00:00","2025-04-06 10:00:00",AA,126,126,0,0,32.285714285714285,0.0,26.984126984126984
"2025-04-06 09:00:00","2025-04-06 10:00:00",DL,120,120,0,0,12.691666666666666,0.0,16.666666666666668
"2025-04-06 09:00:00","2025-04-06 10:00:00",UA,135,135,0,0,8.851851851851851,0.0,14.814814814814815
"2025-04-06 09:00:00","2025-04-06 10:00:00",WN,192,191,1,0,4.848167539267016,0.5208333333333334,13.612565445026178
"2025-04-06 10:00:00","2025-04-06 11:00:00",AA,151,150,0,1,12.483443708609272,0.0,21.85430463576159
"2025-04-06 10:00:00","2025-04-06 11:00:00",DL,148,142,1,5,18.102040816326532,0.6756756756756757,17.687074829931973
"2025-04-06 10:00:00","2025-04-06 11:00:00",UA,109,108,0,1,5.256880733944954,0.0,11.926605504587156
"2025-04-06 10:00:00","2025-04-06 11:00:00",WN,217,216,0,1,10.331797235023041,0.0,16.129032258064516
"2025-04-06 11:00:00","2025-04-06 12:00:00",AA,159,159,0,0,17.91194968553459,0.0,19.49685534591195
"2025-04-06 11:00:00","2025-04-06 12:00:00",DL,192,189,0,3,19.161458333333332,0.0,17.708333333333332
"2025-04-06 11:00:00","2025-04-06 12:00:00",UA,119,119,0,0,16.88235294117647,0.0,20.168067226890756
"2025-04-06 11:00:00","2025-04-06 12:00:00",WN,207,204,1,2,17.485436893203882,0.4830917874396135,25.24271844660194
"2025-04-06 12:00:00","2025-04-06 13:00:00",AA,133,133,0,0,19.872180451127818,0.0,30.827067669172934
"2025-04-06 12:00:00","2025-04-06 13:00:00",DL,152,143,3,6,27.93959731543624,1.9736842105263157,28.187919463087248
"2025-04-06 12:00:00","2025-04-06 13:00:00",UA,106,106,0,0,12.68867924528302,0.0,16.9811320754717
"2025-04-06 12:00:00","2025-04-06 13:00:00",WN,192,189,2,1,15.789473684210526,1.0416666666666667,25.263157894736842
"2025-04-06 13:00:00","2025-04-06 14:00:00",AA,121,121,0,0,39.64462809917355,0.0,33.88429752066116
"2025-04-06 13:00:00","2025-04-06 14:00:00",DL,138,127,3,8,43.28888888888889,2.1739130434782608,49.629629629629626
"2025-04-06 13:00:00","2025-04-06 14:00:00",UA,115,115,0,0,5.208695652173913,0.0,15.652173913043478
"2025-04-06 13:00:00","2025-04-06 14:00:00",WN,224,222,1,1,15.5695067264574,0.44642857142857145,27.3542600896861
"2025-04-06 14:00:00","2025-04-06 15:00:00",AA,137,137,0,0,27.963503649635037,0.0,26.277372262773724
"2025-04-06 14:00:00","2025-04-06 15:00:00",DL,143,134,5,4,42.072463768115945,3.4965034965034967,42.7536231884058
"2025-04-06 14:00:00","2025-04-06 15:00:00",UA,124,124,0,0,13.411290322580646,0.0,20.161290322580644
"2025-04-06 14:00:00","2025-04-06 15:00:00",WN,204,203,0,1,27.416666666666668,0.0,44.11764705882353
"2025-04-06 15:00:00","2025-04-06 16:00:00",AA,121,121,0,0,23.983471074380166,0.0,39.66942148760331
"2025-04-06 15:00:00","2025-04-06 16:00:00",DL,157,142,14,1,60.55244755244755,8.9171974522293,54.54545454545455
"2025-04-06 15:00:00","2025-04-06 16:00:00",UA,86,86,0,0,20.976744186046513,0.0,24.41860465116279
"2025-04-06 15:00:00","2025-04-06 16:00:00",WN,204,203,1,0,29.47783251231527,0.49019607843137253,43.34975369458128
"2025-04-06 16:00:00","2025-04-06 17:00:00",AA,130,130,0,0,21.307692307692307,0.0,32.30769230769231
"2025-04-06 16:00:00","2025-04-06 17:00:00",DL,126,117,9,0,74.83760683760684,7.142857142857143,60.68376068376068
"2025-04-06 16:00:00","2025-04-06 17:00:00",UA,123,123,0,0,10.24390243902439,0.0,17.88617886178862
"2025-04-06 16:00:00","2025-04-06 17:00:00",WN,216,216,0,0,29.24074074074074,0.0,42.592592592592595
"2025-04-06 17:00:00","2025-04-06 18:00:00",AA,152,151,1,0,25.75496688741722,0.6578947368421053,38.41059602649007
"2025-04-06 17:00:00","2025-04-06 18:00:00",DL,167,156,11,0,77.01923076923077,6.586826347305389,55.12820512820513
"2025-04-06 17:00:00","2025-04-06 18:00:00",UA,120,120,0,0,7.316666666666666,0.0,14.166666666666666
"2025-04-06 17:00:00","2025-04-06 18:00:00",WN,234,234,0,0,27.175213675213676,0.0,49.572649572649574
"2025-04-06 18:00:00","2025-04-06 19:00:00",AA,173,173,0,0,26.08670520231214,0.0,41.040462427745666
"2025-04-06 18:00:00","2025-04-06 19:00:00",DL,163,147,16,0,68.19047619047619,9.815950920245399,59.863945578231295
"2025-04-06 18:00:00","2025-04-06 19:00:00",UA,143,143,0,0,10.832167832167832,0.0,24.475524475524477
"2025-04-06 18:00:00","2025-04-06 19:00:00",WN,229,229,0,0,29.427947598253276,0.0,42.79475982532751
"2025-04-06 19:00:00","2025-04-06 20:00:00",AA,152,152,0,0,25.19736842105263,0.0,43.421052631578945
"2025-04-06 19:00:00","2025-04-06 20:00:00",DL,149,135,14,0,82.66666666666667,9.395973154362416,65.18518518518519
"2025-04-06 19:00:00","2025-04-06 20:00:00",UA,126,126,0,0,13.126984126984127,0.0,23.80952380952381
"2025-04-06 19:00:00","2025-04-06 20:00:00",WN,222,220,1,1,23.475113122171944,0.45045045045045046,38.914027149321264
"2025-04-06 20:00:00","2025-04-06 21:00:00",AA,136,135,0,1,27.860294117647058,0.0,46.3235294117647
"2025-04-06 20:00:00","2025-04-06 21:00:00",DL,118,103,15,0,78.69902912621359,12.711864406779661,55.33980582524272
"2025-04-06 20:00:00","2025-04-06 21:00:00",UA,87,87,0,0,19.632183908045977,0.0,34.48275862068966
"2025-04-06 20:00:00","2025-04-06 21:00:00",WN,251,250,1,0,30.92,0.398406374501992,46.0
"2025-04-06 21:00:00","2025-04-06 22:00:00",AA,86,86,0,0,27.453488372093023,0.0,43.02325581395349
"2025-04-06 21:00:00","2025-04-06 22:00:00",DL,97,88,9,0,95.0,9.278350515463918,68.18181818181819
"2025-04-06 21:00:00","2025-04-06 22:00:00",UA,57,57,0,0,2.824561403508772,0.0,15.789473684210526
"2025-04-06 21:00:00","2025-04-06 22:00:00",WN,175,175,0,0,30.897142857142857,0.0,52.57142857142857
"2025-04-06 22:00:00","2025-04-06 23:00:00",AA,94,94,0,0,22.159574468085108,0.0,51.06382978723404
"2025-04-06 22:00:00","2025-04-06 23:00:00",DL,80,63,17,0,63.95238095238095,21.25,49.20634920634921
"2025-04-06 22:00:00","2025-04-06 23:00:00",UA,34,34,0,0,8.852941176470589,0.0,17.647058823529413
"2025-04-06 22:00:00","2025-04-06 23:00:00",WN,141,141,0,0,24.99290780141844,0.0,46.09929078014184
"2025-04-06 23:00:00","2025-04-07 00:00:00",AA,32,32,0,0,15.34375,0.0,31.25
"2025-04-06 23:00:00","2025-04-07 00:00:00",DL,42,39,3,0,21.384615384615383,7.142857142857143,30.76923076923077
"2025-04-06 23:00:00","2025-04-07 00:00:00",UA,34,34,0,0,-3.3529411764705883,0.0,0.0
"2025-04-06 23:00:00","2025-04-07 00:00:00",WN,9,9,0,0,1.4444444444444444,0.0,11.11111111111111
"2025-04-07 00:00:00","2025-04-07 01:00:00",AA,8,8,0,0,4.625,0.0,12.5
"2025-04-07 00:00:00","2025-04-07 01:00:00",DL,5,5,0,0,-5.2,0.0,0.0
"2025-04-07 00:00:00","2025-04-07 01:00:00",UA,6,6,0,0,-7.333333333333333,0.0,0.0
"2025-04-07 01:00:00","2025-04-07 02:00:00",AA,1,1,0,0,-4.0,0.0,0.0
"2025-04-07 01:00:00","2025-04-07 02:00:00",DL,2,2,0,0,-7.5,0.0,0.0
"2025-04-07 01:00:00","2025-04-07 02:00:00",UA,2,2,0,0,-8.5,0.0,0.0
"2025-04-07 05:00:00","2025-04-07 06:00:00",AA,107,107,0,0,-2.897196261682243,0.0,3.7383177570093458
"2025-04-07 05:00:00","2025-04-07 06:00:00",DL,62,54,8,0,8.333333333333334,12.903225806451612,14.814814814814815
"2025-04-07 05:00:00","2025-04-07 06:00:00",UA,43,43,0,0,-5.8604651162790695,0.0,0.0
"2025-04-07 05:00:00","2025-04-07 06:00:00",WN,167,167,0,0,-1.8562874251497006,0.0,4.191616766467066
"2025-04-07 06:00:00","2025-04-07 07:00:00",AA,186,186,0,0,7.295698924731183,0.0,7.526881720430108
"2025-04-07 06:00:00","2025-04-07 07:00:00",DL,182,165,17,0,13.66060606060606,9.340659340659341,13.333333333333334
"2025-04-07 06:00:00","2025-04-07 07:00:00",UA,123,122,0,1,6.333333333333333,0.0,8.130081300813009
"2025-04-07 06:00:00","2025-04-07 07:00:00",WN,278,277,1,0,-0.44765342960288806,0.3597122302158273,4.332129963898917
"2025-04-07 07:00:00","2025-04-07 08:00:00",AA,227,226,1,0,14.964601769911505,0.44052863436123346,10.619469026548673
"2025-04-07 07:00:00","2025-04-07 08:00:00",DL,246,236,10,0,14.23728813559322,4.065040650406504,20.76271186440678
"2025-04-07 07:00:00","2025-04-07 08:00:00",UA,197,197,0,0,0.7309644670050761,0.0,8.121827411167512
"2025-04-07 07:00:00","2025-04-07 08:00:00",WN,233,232,1,0,1.918103448275862,0.4291845493562232,8.620689655172415
"2025-04-07 08:00:00","2025-04-07 09:00:00",AA,186,183,3,0,9.229508196721312,1.6129032258064515,13.114754098360656
"2025-04-07 08:00:00","2025-04-07 09:00:00",DL,165,160,5,0,16.4125,3.0303030303030303,30.625
"2025-04-07 08:00:00","2025-04-07 09:00:00",UA,147,147,0,0,-1.6326530612244898,0.0,4.761904761904762
"2025-04-07 08:00:00","2025-04-07 09:00:00",WN,240,239,0,1,2.7333333333333334,0.0,8.75
"2025-04-07 09:00:00","2025-04-07 10:00:00",AA,117,116,1,0,14.543103448275861,0.8547008547008547,18.96551724137931
"2025-04-07 09:00:00","2025-04-07 10:00:00",DL,120,120,0,0,27.908333333333335,0.0,40.0
"2025-04-07 09:00:00","2025-04-07 10:00:00",UA,127,127,0,0,0.6850393700787402,0.0,7.874015748031496
"2025-04-07 09:00:00","2025-04-07 10:00:00",WN,207,207,0,0,5.101449275362318,0.0,14.97584541062802
"2025-04-07 10:00:00","2025-04-07 11:00:00",AA,154,152,2,0,7.467105263157895,1.2987012987012987,18.42105263157895
"2025-04-07 10:00:00","2025-04-07 11:00:00",DL,150,149,1,0,27.79194630872483,0.6666666666666666,44.966442953020135
"2025-04-07 10:00:00","2025-04-07 11:00:00",UA,122,122,0,0,2.8934426229508197,0.0,12.295081967213115
"2025-04-07 10:00:00","2025-04-07 11:00:00",WN,225,223,2,0,6.452914798206278,0.8888888888888888,17.937219730941703
"2025-04-07 11:00:00","2025-04-07 12:00:00",AA,156,154,2,0,7.422077922077922,1.2820512820512822,18.83116883116883
"2025-04-07 11:00:00","2025-04-07 12:00:00",DL,195,193,2,0,19.797927461139896,1.0256410256410255,35.233160621761655
"2025-04-07 11:00:00","2025-04-07 12:00:00",UA,121,121,0,0,1.2892561983471074,0.0,11.570247933884298
"2025-04-07 11:00:00","2025-04-07 12:00:00",WN,226,225,1,0,9.568888888888889,0.4424778761061947,17.333333333333332
"2025-04-07 12:00:00","2025-04-07 13:00:00",AA,142,141,1,0,12.205673758865249,0.704225352112676,26.95035460992908
"2025-04-07 12:00:00","2025-04-07 13:00:00",DL,162,160,1,1,39.68944099378882,0.6172839506172839,44.099378881987576
"2025-04-07 12:00:00","2025-04-07 13:00:00",UA,118,118,0,0,9.254237288135593,0.0,14.40677966101695
"2025-04-07 12:00:00","2025-04-07 13:00:00",WN,226,226,0,0,10.424778761061948,0.0,23.451327433628318
"2025-04-07 13:00:00","2025-04-07 14:00:00",AA,127,127,0,0,23.15748031496063,0.0,28.346456692913385
"2025-04-07 13:00:00","2025-04-07 14:00:00",DL,145,144,1,0,27.61111111111111,0.6896551724137931,41.666666666666664
"2025-04-07 13:00:00","2025-04-07 14:00:00",UA,117,117,0,0,5.9914529914529915,0.0,9.401709401709402
"2025-04-07 13:00:00","2025-04-07 14:00:00",WN,227,226,1,0,10.632743362831858,0.44052863436123346,21.238938053097346
"2025-04-07 14:00:00","2025-04-07 15:00:00",AA,131,131,0,0,33.20610687022901,0.0,34.35114503816794
"2025-04-07 14:00:00","2025-04-07 15:00:00",DL,132,131,1,0,37.19847328244275,0.7575757575757576,45.038167938931295
"2025-04-07 14:00:00","2025-04-07 15:00:00",UA,131,131,0,0,17.0381679389313,0.0,22.137404580152673
"2025-04-07 14:00:00","2025-04-07 15:00:00",WN,219,218,0,1,13.881278538812785,0.0,28.310502283105023
"2025-04-07 15:00:00","2025-04-07 16:00:00",AA,141,141,0,0,24.148936170212767,0.0,41.13475177304964
"2025-04-07 15:00:00","2025-04-07 16:00:00",DL,188,186,2,0,33.204301075268816,1.0638297872340425,47.31182795698925
"2025-04-07 15:00:00","2025-04-07 16:00:00",UA,101,101,0,0,15.306930693069306,0.0,16.831683168316832
"2025-04-07 15:00:00","2025-04-07 16:00:00",WN,214,213,1,0,13.2018779342723,0.4672897196261682,30.046948356807512
"2025-04-07 16:00:00","2025-04-07 17:00:00",AA,123,123,0,0,29.422764227642276,0.0,38.21138211382114
"2025-04-07 16:00:00","2025-04-07 17:00:00",DL,124,123,1,0,37.642276422764226,0.8064516129032258,56.09756097560975
"2025-04-07 16:00:00","2025-04-07 17:00:00",UA,124,123,1,0,13.845528455284553,0.8064516129032258,17.88617886178862
"2025-04-07 16:00:00","2025-04-07 17:00:00",WN,204,204,0,0,12.799019607843137,0.0,24.50980392156863
"2025-04-07 17:00:00","2025-04-07 18:00:00",AA,155,155,0,0,25.038709677419355,0.0,37.41935483870968
"2025-04-07 17:00:00","2025-04-07 18:00:00",DL,179,178,1,0,36.337078651685395,0.5586592178770949,50.0
"2025-04-07 17:00:00","2025-04-07 18:00:00",UA,129,129,0,0,12.147286821705427,0.0,19.37984496124031
"2025-04-07 17:00:00","2025-04-07 18:00:00",WN,234,232,0,2,11.709401709401709,0.0,24.358974358974358
"2025-04-07 18:00:00","2025-04-07 19:00:00",AA,155,155,0,0,34.14193548387097,0.0,45.806451612903224
"2025-04-07 18:00:00","2025-04-07 19:00:00",DL,152,152,0,0,36.13157894736842,0.0,49.3421052631579
"2025-04-07 18:00:00","2025-04-07 19:00:00",UA,125,125,0,0,16.504,0.0,28.8
"2025-04-07 18:00:00","2025-04-07 19:00:00",WN,228,228,0,0,8.271929824561404,0.0,18.859649122807017
"2025-04-07 19:00:00","2025-04-07 20:00:00",AA,156,156,0,0,26.692307692307693,0.0,42.30769230769231
"2025-04-07 19:00:00","2025-04-07 20:00:00",DL,159,158,1,0,32.677215189873415,0.6289308176100629,52.53164556962025
"2025-04-07 19:00:00","2025-04-07 20:00:00",UA,133,133,0,0,12.428571428571429,0.0,27.81954887218045
"2025-04-07 19:00:00","2025-04-07 20:00:00",WN,209,209,0,0,10.344497607655502,0.0,23.923444976076556
"2025-04-07 20:00:00","2025-04-07 21:00:00",AA,109,109,0,0,18.642201834862384,0.0,36.69724770642202
"2025-04-07 20:00:00","2025-04-07 21:00:00",DL,102,101,1,0,37.05940594059406,0.9803921568627451,46.53465346534654
"2025-04-07 20:00:00","2025-04-07 21:00:00",UA,74,73,1,0,19.328767123287673,1.3513513513513513,27.397260273972602
"2025-04-07 20:00:00","2025-04-07 21:00:00",WN,239,239,0,0,8.552301255230125,0.0,22.175732217573223
"2025-04-07 21:00:00","2025-04-07 22:00:00",AA,85,85,0,0,24.023529411764706,0.0,44.705882352941174
"2025-04-07 21:00:00","2025-04-07 22:00:00",DL,92,91,1,0,36.7032967032967,1.0869565217391304,51.64835164835165
"2025-04-07 21:00:00","2025-04-07 22:00:00",UA,51,51,0,0,7.098039215686274,0.0,13.72549019607843
"2025-04-07 21:00:00","2025-04-07 22:00:00",WN,154,154,0,0,6.337662337662338,0.0,21.428571428571427
"2025-04-07 22:00:00","2025-04-07 23:00:00",AA,106,106,0,0,37.06603773584906,0.0,34.905660377358494
"2025-04-07 22:00:00","2025-04-07 23:00:00",DL,89,88,1,0,24.079545454545453,1.1235955056179776,44.31818181818182
"2025-04-07 22:00:00","2025-04-07 23:00:00",UA,28,28,0,0,3.2857142857142856,0.0,17.857142857142858
"2025-04-07 22:00:00","2025-04-07 23:00:00",WN,126,126,0,0,8.738095238095237,0.0,17.46031746031746
"2025-04-07 23:00:00","2025-04-08 00:00:00",AA,33,33,0,0,8.575757575757576,0.0,21.21212121212121
"2025-04-07 23:00:00","2025-04-08 00:00:00",DL,39,39,0,0,9.666666666666666,0.0,23.076923076923077
"2025-04-07 23:00:00","2025-04-08 00:00:00",UA,32,32,0,0,-4.28125,0.0,6.25
"2025-04-07 23:00:00","2025-04-08 00:00:00",WN,9,9,0,0,-3.888888888888889,0.0,0.0
"2025-04-08 00:00:00","2025-04-08 01:00:00",AA,6,6,0,0,5.666666666666667,0.0,33.333333333333336
"2025-04-08 00:00:00","2025-04-08 01:00:00",DL,5,5,0,0,5.2,0.0,20.0
"2025-04-08 00:00:00","2025-04-08 01:00:00",UA,6,6,0,0,-4.333333333333333,0.0,0.0
"2025-04-08 01:00:00","2025-04-08 02:00:00",AA,1,1,0,0,-13.0,0.0,0.0
"2025-04-08 01:00:00","2025-04-08 02:00:00",DL,2,2,0,0,-6.0,0.0,0.0
"2025-04-08 01:00:00","2025-04-08 02:00:00",UA,1,1,0,0,-10.0,0.0,0.0
"2025-04-08 05:00:00","2025-04-08 06:00:00",AA,95,94,1,0,-2.6808510638297873,1.0526315789473684,7.446808510638298
"2025-04-08 05:00:00","2025-04-08 06:00:00",DL,58,57,1,0,-0.2982456140350877,1.7241379310344827,7.017543859649122
"2025-04-08 05:00:00","2025-04-08 06:00:00",UA,35,35,0,0,-7.085714285714285,0.0,0.0
"2025-04-08 05:00:00","2025-04-08 06:00:00",WN,71,71,0,0,-1.2112676056338028,0.0,5.633802816901408
"2025-04-08 06:00:00","2025-04-08 07:00:00",AA,173,173,0,0,6.757225433526012,0.0,10.982658959537572
"2025-04-08 06:00:00","2025-04-08 07:00:00",DL,184,184,0,0,-0.32608695652173914,0.0,5.434782608695652
"2025-04-08 06:00:00","2025-04-08 07:00:00",UA,122,120,2,0,-7.175,1.639344262295082,0.0
"2025-04-08 06:00:00","2025-04-08 07:00:00",WN,259,259,0,0,-2.1196911196911197,0.0,3.474903474903475
"2025-04-08 07:00:00","2025-04-08 08:00:00",AA,203,203,0,0,-1.3103448275862069,0.0,6.403940886699507
"2025-04-08 07:00:00","2025-04-08 08:00:00",DL,240,238,1,1,0.029288702928870293,0.4166666666666667,9.623430962343097
"2025-04-08 07:00:00","2025-04-08 08:00:00",UA,186,185,0,1,-1.7741935483870968,0.0,4.838709677419355
"2025-04-08 07:00:00","2025-04-08 08:00:00",WN,217,217,0,0,-1.2857142857142858,0.0,3.225806451612903
"2025-04-08 08:00:00","2025-04-08 09:00:00",AA,183,177,0,6,3.8469945355191255,0.0,13.66120218579235
"2025-04-08 08:00:00","2025-04-08 09:00:00",DL,163,162,0,1,5.184049079754601,0.0,8.588957055214724
"2025-04-08 08:00:00","2025-04-08 09:00:00",UA,151,151,0,0,-1.9867549668874172,0.0,4.635761589403973
"2025-04-08 08:00:00","2025-04-08 09:00:00",WN,272,271,0,1,-0.5477941176470589,0.0,4.779411764705882
"2025-04-08 09:00:00","2025-04-08 10:00:00",AA,130,127,0,3,1.8307692307692307,0.0,7.6923076923076925
"2025-04-08 09:00:00","2025-04-08 10:00:00",DL,123,121,1,1,-2.19672131147541,0.8130081300813008,4.098360655737705
"2025-04-08 09:00:00","2025-04-08 10:00:00",UA,129,128,0,1,-2.4108527131782944,0.0,3.875968992248062
"2025-04-08 09:00:00","2025-04-08 10:00:00",WN,184,182,0,2,1.4565217391304348,0.0,7.608695652173913
"2025-04-08 10:00:00","2025-04-08 11:00:00",AA,137,136,0,1,14.175182481751825,0.0,18.978102189781023
"2025-04-08 10:00:00","2025-04-08 11:00:00",DL,145,142,0,3,1.8689655172413793,0.0,10.344827586206897
"2025-04-08 10:00:00","2025-04-08 11:00:00",UA,115,114,1,0,-1.2280701754385965,0.8695652173913043,4.385964912280702
"2025-04-08 10:00:00","2025-04-08 11:00:00",WN,231,231,0,0,0.6623376623376623,0.0,6.0606060606060606
"2025-04-08 11:00:00","2025-04-08 12:00:00",AA,152,151,1,0,11.907284768211921,0.6578947368421053,17.880794701986755
"2025-04-08 11:00:00","2025-04-08 12:00:00",DL,190,189,0,1,16.926315789473684,0.0,21.05263157894737
"2025-04-08 11:00:00","2025-04-08 12:00:00",UA,119,118,0,1,6.201680672268908,0.0,13.445378151260504
"2025-04-08 11:00:00","2025-04-08 12:00:00",WN,215,214,1,0,6.345794392523365,0.46511627906976744,9.345794392523365
"2025-04-08 12:00:00","2025-04-08 13:00:00",AA,127,125,1,1,36.34920634920635,0.7874015748031497,22.22222222222222
"2025-04-08 12:00:00","2025-04-08 13:00:00",DL,138,138,0,0,11.27536231884058,0.0,15.942028985507246
"2025-04-08 12:00:00","2025-04-08 13:00:00",UA,104,104,0,0,-0.09615384615384616,0.0,8.653846153846153
"2025-04-08 12:00:00","2025-04-08 13:00:00",WN,199,198,0,1,4.874371859296482,0.0,9.045226130653266
"2025-04-08 13:00:00","2025-04-08 14:00:00",AA,138,133,3,2,19.696296296296296,2.1739130434782608,20.0
"2025-04-08 13:00:00","2025-04-08 14:00:00",DL,143,142,1,0,8.901408450704226,0.6993006993006993,14.788732394366198
"2025-04-08 13:00:00","2025-04-08 14:00:00",UA,118,118,0,0,10.694915254237289,0.0,12.711864406779661
"2025-04-08 13:00:00","2025-04-08 14:00:00",WN,227,226,1,0,3.2079646017699117,0.44052863436123346,8.4070796460177
"2025-04-08 14:00:00","2025-04-08 15:00:00",AA,124,122,2,0,15.663934426229508,1.6129032258064515,18.852459016393443
"2025-04-08 14:00:00","2025-04-08 15:00:00",DL,122,122,0,0,19.524590163934427,0.0,18.852459016393443
"2025-04-08 14:00:00","2025-04-08 15:00:00",UA,121,121,0,0,5.768595041322314,0.0,15.702479338842975
"2025-04-08 14:00:00","2025-04-08 15:00:00",WN,200,200,0,0,6.13,0.0,14.0
"2025-04-08 15:00:00","2025-04-08 16:00:00",AA,126,119,7,0,14.529411764705882,5.555555555555555,23.529411764705884
"2025-04-08 15:00:00","2025-04-08 16:00:00",DL,181,181,0,0,20.635359116022098,0.0,24.861878453038674
"2025-04-08 15:00:00","2025-04-08 16:00:00",UA,91,91,0,0,6.868131868131868,0.0,14.285714285714286
"2025-04-08 15:00:00","2025-04-08 16:00:00",WN,216,216,0,0,4.962962962962963,0.0,11.574074074074074
"2025-04-08 16:00:00","2025-04-08 17:00:00",AA,136,135,1,0,19.503703703703703,0.7352941176470589,26.666666666666668
"2025-04-08 16:00:00","2025-04-08 17:00:00",DL,115,115,0,0,14.643478260869566,0.0,26.08695652173913
"2025-04-08 16:00:00","2025-04-08 17:00:00",UA,128,128,0,0,5.125,0.0,17.1875
"2025-04-08 16:00:00","2025-04-08 17:00:00",WN,210,210,0,0,6.223809523809524,0.0,11.904761904761905
"2025-04-08 17:00:00","2025-04-08 18:00:00",AA,128,119,9,0,18.907563025210084,7.03125,30.252100840336134
"2025-04-08 17:00:00","2025-04-08 18:00:00",DL,149,149,0,0,14.302013422818792,0.0,19.463087248322147
"2025-04-08 17:00:00","2025-04-08 18:00:00",UA,111,111,0,0,7.702702702702703,0.0,16.216216216216218
"2025-04-08 17:00:00","2025-04-08 18:00:00",WN,204,204,0,0,8.696078431372548,0.0,17.15686274509804
"2025-04-08 18:00:00","2025-04-08 19:00:00",AA,148,141,7,0,17.47517730496454,4.72972972972973,26.24113475177305
"2025-04-08 18:00:00","2025-04-08 19:00:00",DL,140,140,0,0,19.84285714285714,0.0,27.142857142857142
"2025-04-08 18:00:00","2025-04-08 19:00:00",UA,115,115,0,0,11.965217391304348,0.0,19.130434782608695
"2025-04-08 18:00:00","2025-04-08 19:00:00",WN,230,230,0,0,6.043478260869565,0.0,13.478260869565217
"2025-04-08 19:00:00","2025-04-08 20:00:00",AA,148,145,3,0,20.406896551724138,2.027027027027027,31.724137931034484
"2025-04-08 19:00:00","2025-04-08 20:00:00",DL,123,123,0,0,39.41463414634146,0.0,41.46341463414634
"2025-04-08 19:00:00","2025-04-08 20:00:00",UA,120,120,0,0,6.8,0.0,16.666666666666668
"2025-04-08 19:00:00","2025-04-08 20:00:00",WN,232,232,0,0,2.7672413793103448,0.0,13.362068965517242
"2025-04-08 20:00:00","2025-04-08 21:00:00",AA,118,115,3,0,17.234782608695653,2.542372881355932,24.347826086956523
"2025-04-08 20:00:00","2025-04-08 21:00:00",DL,85,85,0,0,15.68235294117647,0.0,23.529411764705884
"2025-04-08 20:00:00","2025-04-08 21:00:00",UA,70,70,0,0,3.9857142857142858,0.0,14.285714285714286
"2025-04-08 20:00:00","2025-04-08 21:00:00",WN,164,164,0,0,2.475609756097561,0.0,13.414634146341463
"2025-04-08 21:00:00","2025-04-08 22:00:00",AA,77,73,4,0,29.246575342465754,5.194805194805195,34.24657534246575
"2025-04-08 21:00:00","2025-04-08 22:00:00",DL,69,69,0,0,14.956521739130435,0.0,18.840579710144926
"2025-04-08 21:00:00","2025-04-08 22:00:00",UA,38,38,0,0,0.23684210526315788,0.0,13.157894736842104
"2025-04-08 21:00:00","2025-04-08 22:00:00",WN,91,91,0,0,6.043956043956044,0.0,16.483516483516482
"2025-04-08 22:00:00","2025-04-08 23:00:00",AA,92,89,3,0,14.067415730337078,3.260869565217391,15.730337078651685
"2025-04-08 22:00:00","2025-04-08 23:00:00",DL,81,81,0,0,28.679012345679013,0.0,17.28395061728395
"2025-04-08 22:00:00","2025-04-08 23:00:00",UA,27,27,0,0,-4.2592592592592595,0.0,0.0
"2025-04-08 22:00:00","2025-04-08 23:00:00",WN,6,6,0,0,-2.6666666666666665,0.0,0.0
"2025-04-08 23:00:00","2025-04-09 00:00:00",AA,30,30,0,0,5.033333333333333,0.0,20.0
"2025-04-08 23:00:00","2025-04-09 00:00:00",DL,32,32,0,0,2.84375,0.0,12.5
"2025-04-08 23:00:00","2025-04-09 00:00:00",UA,30,30,0,0,-5.133333333333334,0.0,3.3333333333333335
"2025-04-08 23:00:00","2025-04-09 00:00:00",WN,6,6,0,0,-5.833333333333333,0.0,0.0
"2025-04-09 00:00:00","2025-04-09 01:00:00",AA,5,4,1,0,-7.0,20.0,0.0
"2025-04-09 00:00:00","2025-04-09 01:00:00",DL,4,4,0,0,-2.25,0.0,25.0
"2025-04-09 00:00:00","2025-04-09 01:00:00",UA,7,7,0,0,-5.285714285714286,0.0,0.0
"2025-04-09 01:00:00","2025-04-09 02:00:00",AA,1,1,0,0,-11.0,0.0,0.0
"2025-04-09 01:00:00","2025-04-09 02:00:00",DL,2,2,0,0,-17.0,0.0,0.0
"2025-04-09 01:00:00","2025-04-09 02:00:00",UA,1,1,0,0,-8.0,0.0,0.0
"2025-04-09 05:00:00","2025-04-09 06:00:00",AA,102,101,1,0,-1.3267326732673268,0.9803921568627451,7.920792079207921
"2025-04-09 05:00:00","2025-04-09 06:00:00",DL,59,59,0,0,4.9491525423728815,0.0,5.084745762711864
"2025-04-09 05:00:00","2025-04-09 06:00:00",UA,38,38,0,0,-6.078947368421052,0.0,0.0
"2025-04-09 05:00:00","2025-04-09 06:00:00",WN,78,78,0,0,-3.6153846153846154,0.0,0.0
"2025-04-09 06:00:00","2025-04-09 07:00:00",AA,190,187,3,0,14.192513368983958,1.5789473684210527,8.02139037433155
"2025-04-09 06:00:00","2025-04-09 07:00:00",DL,174,174,0,0,0.8390804597701149,0.0,3.4482758620689653
"2025-04-09 06:00:00","2025-04-09 07:00:00",UA,120,120,0,0,-6.308333333333334,0.0,1.6666666666666667
"2025-04-09 06:00:00","2025-04-09 07:00:00",WN,264,264,0,0,-2.977272727272727,0.0,3.0303030303030303
"2025-04-09 07:00:00","2025-04-09 08:00:00",AA,200,198,2,0,-0.3383838383838384,1.0,7.575757575757576
"2025-04-09 07:00:00","2025-04-09 08:00:00",DL,230,230,0,0,2.4521739130434783,0.0,7.391304347826087
"2025-04-09 07:00:00","2025-04-09 08:00:00",UA,179,179,0,0,-4.150837988826815,0.0,3.35195530726257
"2025-04-09 07:00:00","2025-04-09 08:00:00",WN,208,208,0,0,0.14423076923076922,0.0,5.288461538461538
"2025-04-09 08:00:00","2025-04-09 09:00:00",AA,197,197,0,0,13.182741116751268,0.0,10.65989847715736
"2025-04-09 08:00:00","2025-04-09 09:00:00",DL,174,174,0,0,2.632183908045977,0.0,9.195402298850574
"2025-04-09 08:00:00","2025-04-09 09:00:00",UA,157,157,0,0,0.12738853503184713,0.0,7.643312101910828
"2025-04-09 08:00:00","2025-04-09 09:00:00",WN,290,289,1,0,-0.020761245674740483,0.3448275862068966,6.57439446366782
"2025-04-09 09:00:00","2025-04-09 10:00:00",AA,129,127,2,0,6.181102362204724,1.550387596899225,14.173228346456693
"2025-04-09 09:00:00","2025-04-09 10:00:00",DL,128,128,0,0,-1.5390625,0.0,5.46875
"2025-04-09 09:00:00","2025-04-09 10:00:00",UA,141,140,1,0,-3.4214285714285713,0.7092198581560284,2.142857142857143
"2025-04-09 09:00:00","2025-04-09 10:00:00",WN,186,186,0,0,1.2150537634408602,0.0,9.13978494623656
"2025-04-09 10:00:00","2025-04-09 11:00:00",AA,142,142,0,0,5.133802816901408,0.0,13.380281690140846
"2025-04-09 10:00:00","2025-04-09 11:00:00",DL,147,147,0,0,-1.435374149659864,0.0,4.761904761904762
"2025-04-09 10:00:00","2025-04-09 11:00:00",UA,116,116,0,0,4.775862068965517,0.0,6.896551724137931
"2025-04-09 10:00:00","2025-04-09 11:00:00",WN,228,228,0,0,1.530701754385965,0.0,7.894736842105263
"2025-04-09 11:00:00","2025-04-09 12:00:00",AA,158,158,0,0,9.044303797468354,0.0,14.556962025316455
"2025-04-09 11:00:00","2025-04-09 12:00:00",DL,193,193,0,0,7.051813471502591,0.0,10.880829015544041
"2025-04-09 11:00:00","2025-04-09 12:00:00",UA,121,121,0,0,0.5867768595041323,0.0,7.43801652892562
"2025-04-09 11:00:00","2025-04-09 12:00:00",WN,217,216,1,0,3.2175925925925926,0.4608294930875576,11.11111111111111
"2025-04-09 12:00:00","2025-04-09 13:00:00",AA,126,125,1,0,4.096,0.7936507936507936,10.4
"2025-04-09 12:00:00","2025-04-09 13:00:00",DL,146,146,0,0,2.671232876712329,0.0,9.58904109589041
"2025-04-09 12:00:00","2025-04-09 13:00:00",UA,107,106,1,0,-1.4811320754716981,0.9345794392523364,4.716981132075472
"2025-04-09 12:00:00","2025-04-09 13:00:00",WN,192,191,1,0,2.74869109947644,0.5208333333333334,11.518324607329843
"2025-04-09 13:00:00","2025-04-09 14:00:00",AA,125,125,0,0,3.84,0.0,12.8
"2025-04-09 13:00:00","2025-04-09 14:00:00",DL,137,137,0,0,-0.1678832116788321,0.0,8.02919708029197
"2025-04-09 13:00:00","2025-04-09 14:00:00",UA,118,118,0,0,7.288135593220339,0.0,11.864406779661017
"2025-04-09 13:00:00","2025-04-09 14:00:00",WN,222,222,0,0,4.238738738738738,0.0,12.612612612612613
"2025-04-09 14:00:00","2025-04-09 15:00:00",AA,142,142,0,0,12.394366197183098,0.0,16.197183098591548
"2025-04-09 14:00:00","2025-04-09 15:00:00",DL,133,133,0,0,1.368421052631579,0.0,9.774436090225564
"2025-04-09 14:00:00","2025-04-09 15:00:00",UA,126,126,0,0,7.222222222222222,0.0,15.873015873015873
"2025-04-09 14:00:00","2025-04-09 15:00:00",WN,214,213,1,0,2.408450704225352,0.4672897196261682,11.737089201877934
"2025-04-09 15:00:00","2025-04-09 16:00:00",AA,125,125,0,0,10.056,0.0,17.6
"2025-04-09 15:00:00","2025-04-09 16:00:00",DL,169,169,0,0,4.6982248520710055,0.0,9.467455621301776
"2025-04-09 15:00:00","2025-04-09 16:00:00",UA,87,86,1,0,7.011627906976744,1.1494252873563218,12.790697674418604
"2025-04-09 15:00:00","2025-04-09 16:00:00",WN,212,211,1,0,3.3981042654028437,0.4716981132075472,10.42654028436019
"2025-04-09 16:00:00","2025-04-09 17:00:00",AA,130,129,0,1,8.353846153846154,0.0,14.615384615384615
"2025-04-09 16:00:00","2025-04-09 17:00:00",DL,104,104,0,0,-0.5192307692307693,0.0,8.653846153846153
"2025-04-09 16:00:00","2025-04-09 17:00:00",UA,118,118,0,0,9.364406779661017,0.0,14.40677966101695
"2025-04-09 16:00:00","2025-04-09 17:00:00",WN,208,208,0,0,2.3413461538461537,0.0,12.01923076923077
"2025-04-09 17:00:00","2025-04-09 18:00:00",AA,157,157,0,0,10.89171974522293,0.0,21.019108280254777
"2025-04-09 17:00:00","2025-04-09 18:00:00",DL,178,178,0,0,5.230337078651686,0.0,13.48314606741573
"2025-04-09 17:00:00","2025-04-09 18:00:00",UA,131,131,0,0,6.244274809160306,0.0,11.450381679389313
"2025-04-09 17:00:00","2025-04-09 18:00:00",WN,248,248,0,0,5.5,0.0,12.903225806451612
"2025-04-09 18:00:00","2025-04-09 19:00:00",AA,151,151,0,0,11.708609271523178,0.0,20.52980132450331
"2025-04-09 18:00:00","2025-04-09 19:00:00",DL,143,143,0,0,2.3286713286713288,0.0,9.090909090909092
"2025-04-09 18:00:00","2025-04-09 19:00:00",UA,133,133,0,0,4.30827067669173,0.0,11.278195488721805
"2025-04-09 18:00:00","2025-04-09 19:00:00",WN,241,241,0,0,1.941908713692946,0.0,11.203319502074688
"2025-04-09 19:00:00","2025-04-09 20:00:00",AA,153,153,0,0,14.522875816993464,0.0,23.529411764705884
"2025-04-09 19:00:00","2025-04-09 20:00:00",DL,127,126,0,1,1.7874015748031495,0.0,11.811023622047244
"2025-04-09 19:00:00","2025-04-09 20:00:00",UA,132,132,0,0,2.7803030303030303,0.0,10.606060606060606
"2025-04-09 19:00:00","2025-04-09 20:00:00",WN,233,233,0,0,2.188841201716738,0.0,12.017167381974248
"2025-04-09 20:00:00","2025-04-09 21:00:00",AA,112,112,0,0,10.723214285714286,0.0,20.535714285714285
"2025-04-09 20:00:00","2025-04-09 21:00:00",DL,83,83,0,0,0.3253012048192771,0.0,8.433734939759036
"2025-04-09 20:00:00","2025-04-09 21:00:00",UA,74,74,0,0,6.27027027027027,0.0,16.216216216216218
"2025-04-09 20:00:00","2025-04-09 21:00:00",WN,161,161,0,0,0.9316770186335404,0.0,8.695652173913043
"2025-04-09 21:00:00","2025-04-09 22:00:00",AA,81,81,0,0,17.765432098765434,0.0,28.395061728395063
"2025-04-09 21:00:00","2025-04-09 22:00:00",DL,75,75,0,0,1.56,0.0,12.0
"2025-04-09 21:00:00","2025-04-09 22:00:00",UA,52,52,0,0,-1.9038461538461537,0.0,7.6923076923076925
"2025-04-09 21:00:00","2025-04-09 22:00:00",WN,85,85,0,0,-1.3294117647058823,0.0,4.705882352941177
"2025-04-09 22:00:00","2025-04-09 23:00:00",AA,105,105,0,0,7.142857142857143,0.0,18.095238095238095
"2025-04-09 22:00:00","2025-04-09 23:00:00",DL,88,88,0,0,3.3181818181818183,0.0,10.227272727272727
"2025-04-09 22:00:00","2025-04-09 23:00:00",UA,30,30,0,0,1.6,0.0,13.333333333333334
"2025-04-09 22:00:00","2025-04-09 23:00:00",WN,7,7,0,0,-3.0,0.0,0.0
"2025-04-09 23:00:00","2025-04-10 00:00:00",AA,28,28,0,0,8.964285714285714,0.0,28.571428571428573
"2025-04-09 23:00:00","2025-04-10 00:00:00",DL,36,36,0,0,-3.0555555555555554,0.0,5.555555555555555
"2025-04-09 23:00:00","2025-04-10 00:00:00",UA,36,36,0,0,-3.5277777777777777,0.0,2.7777777777777777
"2025-04-09 23:00:00","2025-04-10 00:00:00",WN,5,5,0,0,-4.0,0.0,0.0
"2025-04-10 00:00:00","2025-04-10 01:00:00",AA,8,8,0,0,-3.25,0.0,0.0
"2025-04-10 00:00:00","2025-04-10 01:00:00",DL,3,3,0,0,1.3333333333333333,0.0,0.0
"2025-04-10 00:00:00","2025-04-10 01:00:00",UA,6,6,0,0,21.5,0.0,33.333333333333336
"2025-04-10 01:00:00","2025-04-10 02:00:00",AA,1,1,0,0,10.0,0.0,0.0
"2025-04-10 01:00:00","2025-04-10 02:00:00",DL,2,2,0,0,36.5,0.0,50.0
"2025-04-10 01:00:00","2025-04-10 02:00:00",UA,1,1,0,0,77.0,0.0,100.0
"2025-04-10 05:00:00","2025-04-10 06:00:00",AA,107,107,0,0,-2.130841121495327,0.0,3.7383177570093458
"2025-04-10 05:00:00","2025-04-10 06:00:00",DL,60,60,0,0,7.433333333333334,0.0,6.666666666666667
"2025-04-10 05:00:00","2025-04-10 06:00:00",UA,42,42,0,0,-3.9047619047619047,0.0,4.761904761904762
"2025-04-10 05:00:00","2025-04-10 06:00:00",WN,186,185,1,0,-2.481081081081081,0.5376344086021505,3.2432432432432434
"2025-04-10 06:00:00","2025-04-10 07:00:00",AA,187,187,0,0,12.577540106951872,0.0,5.347593582887701
"2025-04-10 06:00:00","2025-04-10 07:00:00",DL,181,181,0,0,-1.0497237569060773,0.0,2.7624309392265194
"2025-04-10 06:00:00","2025-04-10 07:00:00",UA,125,125,0,0,-4.496,0.0,2.4
"2025-04-10 06:00:00","2025-04-10 07:00:00",WN,271,268,1,2,1.3,0.36900369003690037,6.296296296296297
"2025-04-10 07:00:00","2025-04-10 08:00:00",AA,212,211,0,1,10.330188679245284,0.0,8.49056603773585
"2025-04-10 07:00:00","2025-04-10 08:00:00",DL,239,238,0,1,0.41841004184100417,0.0,5.857740585774058
"2025-04-10 07:00:00","2025-04-10 08:00:00",UA,190,189,1,0,0.37037037037037035,0.5263157894736842,5.8201058201058204
"2025-04-10 07:00:00","2025-04-10 08:00:00",WN,256,255,1,0,0.6745098039215687,0.390625,6.666666666666667
"2025-04-10 08:00:00","2025-04-10 09:00:00",AA,194,194,0,0,7.505154639175258,0.0,8.762886597938145
"2025-04-10 08:00:00","2025-04-10 09:00:00",DL,167,167,0,0,2.2934131736526946,0.0,7.7844311377245505
"2025-04-10 08:00:00","2025-04-10 09:00:00",UA,153,153,0,0,1.2679738562091503,0.0,5.882352941176471
"2025-04-10 08:00:00","2025-04-10 09:00:00",WN,233,232,1,0,6.181034482758621,0.4291845493562232,10.775862068965518
"2025-04-10 09:00:00","2025-04-10 10:00:00",AA,128,128,0,0,6.0078125,0.0,13.28125
"2025-04-10 09:00:00","2025-04-10 10:00:00",DL,120,120,0,0,0.6333333333333333,0.0,8.333333333333334
"2025-04-10 09:00:00","2025-04-10 10:00:00",UA,134,134,0,0,-0.2835820895522388,0.0,5.970149253731344
"2025-04-10 09:00:00","2025-04-10 10:00:00",WN,217,216,1,0,4.5092592592592595,0.4608294930875576,10.185185185185185
"2025-04-10 10:00:00","2025-04-10 11:00:00",AA,151,151,0,0,4.993377483443709,0.0,14.56953642384106
"2025-04-10 10:00:00","2025-04-10 11:00:00",DL,145,145,0,0,7.813793103448276,0.0,9.655172413793103
"2025-04-10 10:00:00","2025-04-10 11:00:00",UA,124,124,0,0,0.7338709677419355,0.0,8.870967741935484
"2025-04-10 10:00:00","2025-04-10 11:00:00",WN,216,215,0,1,6.930555555555555,0.0,13.425925925925926
"2025-04-10 11:00:00","2025-04-10 12:00:00",AA,148,148,0,0,10.22972972972973,0.0,16.216216216216218
"2025-04-10 11:00:00","2025-04-10 12:00:00",DL,190,190,0,0,4.457894736842105,0.0,9.473684210526315
"2025-04-10 11:00:00","2025-04-10 12:00:00",UA,115,115,0,0,3.6695652173913045,0.0,13.043478260869565
"2025-04-10 11:00:00","2025-04-10 12:00:00",WN,226,226,0,0,11.743362831858407,0.0,18.141592920353983
"2025-04-10 12:00:00","2025-04-10 13:00:00",AA,137,137,0,0,28.10948905109489,0.0,17.51824817518248
"2025-04-10 12:00:00","2025-04-10 13:00:00",DL,152,151,0,1,12.125,0.0,18.42105263157895
"2025-04-10 12:00:00","2025-04-10 13:00:00",UA,104,104,0,0,-2.2211538461538463,0.0,1.9230769230769231
"2025-04-10 12:00:00","2025-04-10 13:00:00",WN,213,213,0,0,6.596244131455399,0.0,16.431924882629108
"2025-04-10 13:00:00","2025-04-10 14:00:00",AA,138,138,0,0,8.659420289855072,0.0,24.63768115942029
"2025-04-10 13:00:00","2025-04-10 14:00:00",DL,149,148,0,1,13.812080536912752,0.0,16.107382550335572
"2025-04-10 13:00:00","2025-04-10 14:00:00",UA,121,121,0,0,2.958677685950413,0.0,8.264462809917354
"2025-04-10 13:00:00","2025-04-10 14:00:00",WN,230,230,0,0,14.043478260869565,0.0,22.17391304347826
"2025-04-10 14:00:00","2025-04-10 15:00:00",AA,123,123,0,0,9.609756097560975,0.0,23.577235772357724
"2025-04-10 14:00:00","2025-04-10 15:00:00",DL,130,128,1,1,5.558139534883721,0.7692307692307693,17.829457364341085
"2025-04-10 14:00:00","2025-04-10 15:00:00",UA,115,114,0,1,6.452173913043478,0.0,13.043478260869565
"2025-04-10 14:00:00","2025-04-10 15:00:00",WN,193,192,1,0,11.171875,0.5181347150259067,27.083333333333332
"2025-04-10 15:00:00","2025-04-10 16:00:00",AA,138,136,0,2,18.05072463768116,0.0,28.985507246376812
"2025-04-10 15:00:00","2025-04-10 16:00:00",DL,182,178,0,4,13.483516483516484,0.0,18.13186813186813
"2025-04-10 15:00:00","2025-04-10 16:00:00",UA,98,97,0,1,1.989795918367347,0.0,12.244897959183673
"2025-04-10 15:00:00","2025-04-10 16:00:00",WN,226,226,0,0,14.601769911504425,0.0,27.876106194690266
"2025-04-10 16:00:00","2025-04-10 17:00:00",AA,133,132,0,1,9.157894736842104,0.0,22.55639097744361
"2025-04-10 16:00:00","2025-04-10 17:00:00",DL,126,122,0,4,26.563492063492063,0.0,27.77777777777778
"2025-04-10 16:00:00","2025-04-10 17:00:00",UA,130,130,0,0,7.561538461538461,0.0,10.76923076923077
"2025-04-10 16:00:00","2025-04-10 17:00:00",WN,209,207,0,2,13.559808612440191,0.0,29.1866028708134
"2025-04-10 17:00:00","2025-04-10 18:00:00",AA,150,149,0,1,21.446666666666665,0.0,30.0
"2025-04-10 17:00:00","2025-04-10 18:00:00",DL,169,166,0,3,13.976331360946746,0.0,19.526627218934912
"2025-04-10 17:00:00","2025-04-10 18:00:00",UA,123,123,0,0,3.7398373983739837,0.0,8.130081300813009
"2025-04-10 17:00:00","2025-04-10 18:00:00",WN,223,220,0,3,14.04932735426009,0.0,29.59641255605381
"2025-04-10 18:00:00","2025-04-10 19:00:00",AA,166,164,0,2,22.08433734939759,0.0,35.54216867469879
"2025-04-10 18:00:00","2025-04-10 19:00:00",DL,159,143,0,16,14.125786163522013,0.0,25.78616352201258
"2025-04-10 18:00:00","2025-04-10 19:00:00",UA,136,135,0,1,4.9411764705882355,0.0,13.235294117647058
"2025-04-10 18:00:00","2025-04-10 19:00:00",WN,260,258,1,1,19.45945945945946,0.38461538461538464,34.74903474903475
"2025-04-10 19:00:00","2025-04-10 20:00:00",AA,145,145,0,0,26.013793103448275,0.0,40.0
"2025-04-10 19:00:00","2025-04-10 20:00:00",DL,147,140,3,4,42.0,2.0408163265306123,34.72222222222222
"2025-04-10 19:00:00","2025-04-10 20:00:00",UA,129,129,0,0,8.550387596899224,0.0,13.178294573643411
"2025-04-10 19:00:00","2025-04-10 20:00:00",WN,232,231,0,1,18.896551724137932,0.0,32.758620689655174
"2025-04-10 20:00:00","2025-04-10 21:00:00",AA,135,135,0,0,13.592592592592593,0.0,26.666666666666668
"2025-04-10 20:00:00","2025-04-10 21:00:00",DL,112,111,0,1,41.32142857142857,0.0,41.07142857142857
"2025-04-10 20:00:00","2025-04-10 21:00:00",UA,82,82,0,0,3.7804878048780486,0.0,14.634146341463415
"2025-04-10 20:00:00","2025-04-10 21:00:00",WN,195,195,0,0,17.456410256410255,0.0,34.35897435897436
"2025-04-10 21:00:00","2025-04-10 22:00:00",AA,85,85,0,0,14.129411764705882,0.0,31.764705882352942
"2025-04-10 21:00:00","2025-04-10 22:00:00",DL,98,91,7,0,48.23076923076923,7.142857142857143,53.84615384615385
"2025-04-10 21:00:00","2025-04-10 22:00:00",UA,55,55,0,0,4.709090909090909,0.0,20.0
"2025-04-10 21:00:00","2025-04-10 22:00:00",WN,187,187,0,0,16.90374331550802,0.0,29.946524064171122
"2025-04-10 22:00:00","2025-04-10 23:00:00",AA,97,97,0,0,19.948453608247423,0.0,31.95876288659794
"2025-04-10 22:00:00","2025-04-10 23:00:00",DL,89,71,18,0,56.816901408450704,20.224719101123597,38.028169014084504
"2025-04-10 22:00:00","2025-04-10 23:00:00",UA,32,32,0,0,-1.375,0.0,6.25
"2025-04-10 22:00:00","2025-04-10 23:00:00",WN,16,16,0,0,11.8125,0.0,25.0
"2025-04-10 23:00:00","2025-04-11 00:00:00",AA,27,27,0,0,23.37037037037037,0.0,22.22222222222222
"2025-04-10 23:00:00","2025-04-11 00:00:00",DL,38,36,2,0,46.44444444444444,5.2631578947368425,25.0
"2025-04-10 23:00:00","2025-04-11 00:00:00",UA,35,35,0,0,0.45714285714285713,0.0,8.571428571428571
"2025-04-10 23:00:00","2025-04-11 00:00:00",WN,6,6,0,0,11.166666666666666,0.0,16.666666666666668
"2025-04-11 00:00:00","2025-04-11 01:00:00",AA,7,7,0,0,-3.142857142857143,0.0,0.0
"2025-04-11 00:00:00","2025-04-11 01:00:00",DL,6,6,0,0,27.833333333333332,0.0,50.0
"2025-04-11 00:00:00","2025-04-11 01:00:00",UA,8,8,0,0,-4.25,0.0,0.0
"2025-04-11 01:00:00","2025-04-11 02:00:00",AA,1,1,0,0,-16.0,0.0,0.0
"2025-04-11 01:00:00","2025-04-11 02:00:00",DL,2,2,0,0,-7.0,0.0,0.0
"2025-04-11 01:00:00","2025-04-11 02:00:00",UA,2,2,0,0,-6.5,0.0,0.0
"2025-04-11 05:00:00","2025-04-11 06:00:00",AA,102,102,0,0,0.2647058823529412,0.0,4.901960784313726
"2025-04-11 05:00:00","2025-04-11 06:00:00",DL,61,54,7,0,12.11111111111111,11.475409836065573,11.11111111111111
"2025-04-11 05:00:00","2025-04-11 06:00:00",UA,42,42,0,0,-6.0476190476190474,0.0,0.0
"2025-04-11 05:00:00","2025-04-11 06:00:00",WN,183,182,1,0,-2.5164835164835164,0.546448087431694,1.6483516483516483
"2025-04-11 06:00:00","2025-04-11 07:00:00",AA,180,179,1,0,1.005586592178771,0.5555555555555556,7.82122905027933
"2025-04-11 06:00:00","2025-04-11 07:00:00",DL,176,167,9,0,12.658682634730539,5.113636363636363,10.179640718562874
"2025-04-11 06:00:00","2025-04-11 07:00:00",UA,123,123,0,0,-2.097560975609756,0.0,4.878048780487805
"2025-04-11 06:00:00","2025-04-11 07:00:00",WN,258,258,0,0,-0.26356589147286824,0.0,3.488372093023256
"2025-04-11 07:00:00","2025-04-11 08:00:00",AA,211,211,0,0,10.14691943127962,0.0,8.530805687203792
"2025-04-11 07:00:00","2025-04-11 08:00:00",DL,229,218,11,0,10.252293577981652,4.8034934497816595,11.46788990825688
"2025-04-11 07:00:00","2025-04-11 08:00:00",UA,195,194,0,1,0.23076923076923078,0.0,4.102564102564102
"2025-04-11 07:00:00","2025-04-11 08:00:00",WN,235,235,0,0,2.9957446808510637,0.0,6.808510638297872
"2025-04-11 08:00:00","2025-04-11 09:00:00",AA,187,187,0,0,6.807486631016043,0.0,15.508021390374331
"2025-04-11 08:00:00","2025-04-11 09:00:00",DL,169,161,8,0,5.782608695652174,4.733727810650888,14.906832298136646
"2025-04-11 08:00:00","2025-04-11 09:00:00",UA,154,154,0,0,8.396103896103897,0.0,10.38961038961039
"2025-04-11 08:00:00","2025-04-11 09:00:00",WN,224,223,1,0,6.632286995515695,0.44642857142857145,12.556053811659194
"2025-04-11 09:00:00","2025-04-11 10:00:00",AA,126,126,0,0,13.031746031746032,0.0,16.666666666666668
"2025-04-11 09:00:00","2025-04-11 10:00:00",DL,125,119,6,0,10.756302521008404,4.8,23.529411764705884
"2025-04-11 09:00:00","2025-04-11 10:00:00",UA,133,132,1,0,-0.022727272727272728,0.7518796992481203,3.787878787878788
"2025-04-11 09:00:00","2025-04-11 10:00:00",WN,226,226,0,0,8.47787610619469,0.0,11.946902654867257
"2025-04-11 10:00:00","2025-04-11 11:00:00",AA,159,159,0,0,11.70440251572327,0.0,24.528301886792452
"2025-04-11 10:00:00","2025-04-11 11:00:00",DL,157,154,3,0,8.987012987012987,1.910828025477707,17.532467532467532
"2025-04-11 10:00:00","2025-04-11 11:00:00",UA,133,132,1,0,-0.6893939393939394,0.7518796992481203,6.818181818181818
"2025-04-11 10:00:00","2025-04-11 11:00:00",WN,235,235,0,0,7.804255319148936,0.0,12.76595744680851
"2025-04-11 11:00:00","2025-04-11 12:00:00",AA,158,158,0,0,6.487341772151899,0.0,18.9873417721519
"2025-04-11 11:00:00","2025-04-11 12:00:00",DL,193,186,7,0,14.096774193548388,3.626943005181347,25.806451612903224
"2025-04-11 11:00:00","2025-04-11 12:00:00",UA,122,122,0,0,12.90983606557377,0.0,13.114754098360656
"2025-04-11 11:00:00","2025-04-11 12:00:00",WN,238,238,0,0,13.071428571428571,0.0,21.428571428571427
"2025-04-11 12:00:00","2025-04-11 13:00:00",AA,145,145,0,0,14.751724137931035,0.0,26.896551724137932
"2025-04-11 12:00:00","2025-04-11 13:00:00",DL,162,161,1,0,14.863354037267081,0.6172839506172839,26.70807453416149
"2025-04-11 12:00:00","2025-04-11 13:00:00",UA,115,115,0,0,1.1304347826086956,0.0,10.434782608695652
"2025-04-11 12:00:00","2025-04-11 13:00:00",WN,236,236,0,0,10.228813559322035,0.0,20.338983050847457
"2025-04-11 13:00:00","2025-04-11 14:00:00",AA,124,124,0,0,23.669354838709676,0.0,30.64516129032258
"2025-04-11 13:00:00","2025-04-11 14:00:00",DL,146,143,2,1,18.479166666666668,1.36986301369863,30.555555555555557
"2025-04-11 13:00:00","2025-04-11 14:00:00",UA,122,121,1,0,2.7024793388429753,0.819672131147541,10.743801652892563
"2025-04-11 13:00:00","2025-04-11 14:00:00",WN,226,225,1,0,14.515555555555556,0.4424778761061947,24.444444444444443
"2025-04-11 14:00:00","2025-04-11 15:00:00",AA,149,149,0,0,17.161073825503355,0.0,34.899328859060404
"2025-04-11 14:00:00","2025-04-11 15:00:00",DL,145,143,2,0,16.06993006993007,1.3793103448275863,35.66433566433567
"2025-04-11 14:00:00","2025-04-11 15:00:00",UA,132,132,0,0,8.257575757575758,0.0,16.666666666666668
"2025-04-11 14:00:00","2025-04-11 15:00:00",WN,226,225,0,1,13.964601769911505,0.0,28.31858407079646
"2025-04-11 15:00:00","2025-04-11 16:00:00",AA,131,131,0,0,25.984732824427482,0.0,36.6412213740458
"2025-04-11 15:00:00","2025-04-11 16:00:00",DL,168,166,1,1,15.317365269461078,0.5952380952380952,31.137724550898202
"2025-04-11 15:00:00","2025-04-11 16:00:00",UA,89,88,0,1,4.853932584269663,0.0,13.48314606741573
"2025-04-11 15:00:00","2025-04-11 16:00:00",WN,213,213,0,0,13.413145539906104,0.0,25.821596244131456
"2025-04-11 16:00:00","2025-04-11 17:00:00",AA,132,132,0,0,41.07575757575758,0.0,41.666666666666664
"2025-04-11 16:00:00","2025-04-11 17:00:00",DL,128,127,1,0,20.007874015748033,0.78125,29.921259842519685
"2025-04-11 16:00:00","2025-04-11 17:00:00",UA,133,133,0,0,6.481203007518797,0.0,14.285714285714286
"2025-04-11 16:00:00","2025-04-11 17:00:00",WN,206,206,0,0,14.970873786407767,0.0,29.12621359223301
"2025-04-11 17:00:00","2025-04-11 18:00:00",AA,148,148,0,0,22.31756756756757,0.0,43.24324324324324
"2025-04-11 17:00:00","2025-04-11 18:00:00",DL,158,157,1,0,13.993630573248408,0.6329113924050633,29.29936305732484
"2025-04-11 17:00:00","2025-04-11 18:00:00",UA,115,114,0,1,6.956521739130435,0.0,13.91304347826087
"2025-04-11 17:00:00","2025-04-11 18:00:00",WN,205,205,0,0,20.014634146341464,0.0,38.53658536585366
"2025-04-11 18:00:00","2025-04-11 19:00:00",AA,156,155,0,1,30.737179487179485,0.0,43.58974358974359
"2025-04-11 18:00:00","2025-04-11 19:00:00",DL,150,149,1,0,21.731543624161073,0.6666666666666666,35.57046979865772
"2025-04-11 18:00:00","2025-04-11 19:00:00",UA,138,137,1,0,12.452554744525548,0.7246376811594203,24.087591240875913
"2025-04-11 18:00:00","2025-04-11 19:00:00",WN,249,249,0,0,15.461847389558233,0.0,30.120481927710845
"2025-04-11 19:00:00","2025-04-11 20:00:00",AA,152,152,0,0,25.55263157894737,0.0,45.39473684210526
"2025-04-11 19:00:00","2025-04-11 20:00:00",DL,152,151,1,0,17.456953642384107,0.6578947368421053,29.13907284768212
"2025-04-11 19:00:00","2025-04-11 20:00:00",UA,135,135,0,0,5.111111111111111,0.0,17.77777777777778
"2025-04-11 19:00:00","2025-04-11 20:00:00",WN,238,238,0,0,19.873949579831933,0.0,36.134453781512605
"2025-04-11 20:00:00","2025-04-11 21:00:00",AA,123,123,0,0,25.821138211382113,0.0,35.77235772357724
"2025-04-11 20:00:00","2025-04-11 21:00:00",DL,103,102,1,0,21.558823529411764,0.970873786407767,33.333333333333336
"2025-04-11 20:00:00","2025-04-11 21:00:00",UA,79,79,0,0,6.265822784810126,0.0,16.455696202531644
"2025-04-11 20:00:00","2025-04-11 21:00:00",WN,175,175,0,0,15.651428571428571,0.0,30.857142857142858
"2025-04-11 21:00:00","2025-04-11 22:00:00",AA,83,83,0,0,25.710843373493976,0.0,37.34939759036145
"2025-04-11 21:00:00","2025-04-11 22:00:00",DL,97,96,1,0,18.760416666666668,1.0309278350515463,30.208333333333332
"2025-04-11 21:00:00","2025-04-11 22:00:00",UA,58,58,0,0,3.2586206896551726,0.0,13.793103448275861
"2025-04-11 21:00:00","2025-04-11 22:00:00",WN,185,185,0,0,18.924324324324324,0.0,34.5945945945946
"2025-04-11 22:00:00","2025-04-11 23:00:00",AA,94,93,0,1,11.53191489361702,0.0,24.46808510638298
"2025-04-11 22:00:00","2025-04-11 23:00:00",DL,86,81,5,0,15.580246913580247,5.813953488372093,29.62962962962963
"2025-04-11 22:00:00","2025-04-11 23:00:00",UA,29,29,0,0,2.896551724137931,0.0,10.344827586206897
"2025-04-11 22:00:00","2025-04-11 23:00:00",WN,16,16,0,0,6.3125,0.0,18.75
"2025-04-11 23:00:00","2025-04-12 00:00:00",AA,29,29,0,0,3.103448275862069,0.0,17.24137931034483
"2025-04-11 23:00:00","2025-04-12 00:00:00",DL,41,41,0,0,4.902439024390244,0.0,17.073170731707318
"2025-04-11 23:00:00","2025-04-12 00:00:00",UA,32,32,0,0,4.8125,0.0,12.5
"2025-04-11 23:00:00","2025-04-12 00:00:00",WN,6,6,0,0,21.333333333333332,0.0,33.333333333333336
"2025-04-12 00:00:00","2025-04-12 01:00:00",AA,9,9,0,0,-3.111111111111111,0.0,11.11111111111111
"2025-04-12 00:00:00","2025-04-12 01:00:00",DL,7,6,1,0,-5.166666666666667,14.285714285714286,0.0
"2025-04-12 00:00:00","2025-04-12 01:00:00",UA,8,8,0,0,-7.75,0.0,0.0
"2025-04-12 01:00:00","2025-04-12 02:00:00",AA,1,1,0,0,-5.0,0.0,0.0
"2025-04-12 01:00:00","2025-04-12 02:00:00",DL,2,2,0,0,-13.5,0.0,0.0
"2025-04-12 01:00:00","2025-04-12 02:00:00",UA,2,2,0,0,1.0,0.0,0.0
"2025-04-12 05:00:00","2025-04-12 06:00:00",AA,100,100,0,0,-3.39,0.0,3.0
"2025-04-12 05:00:00","2025-04-12 06:00:00",DL,58,53,5,0,5.60377358490566,8.620689655172415,11.320754716981131
"2025-04-12 05:00:00","2025-04-12 06:00:00",UA,40,40,0,0,-0.425,0.0,7.5
"2025-04-12 05:00:00","2025-04-12 06:00:00",WN,106,106,0,0,-1.0943396226415094,0.0,1.8867924528301887
"2025-04-12 06:00:00","2025-04-12 07:00:00",AA,179,178,0,1,1.0335195530726258,0.0,6.70391061452514
"2025-04-12 06:00:00","2025-04-12 07:00:00",DL,175,175,0,0,4.154285714285714,0.0,7.428571428571429
"2025-04-12 06:00:00","2025-04-12 07:00:00",UA,129,129,0,0,-0.4186046511627907,0.0,6.2015503875969
"2025-04-12 06:00:00","2025-04-12 07:00:00",WN,245,245,0,0,-1.0775510204081633,0.0,2.857142857142857
"2025-04-12 07:00:00","2025-04-12 08:00:00",AA,201,201,0,0,-0.40298507462686567,0.0,4.975124378109452
"2025-04-12 07:00:00","2025-04-12 08:00:00",DL,209,209,0,0,0.5550239234449761,0.0,9.569377990430622
"2025-04-12 07:00:00","2025-04-12 08:00:00",UA,180,180,0,0,0.10555555555555556,0.0,7.777777777777778
"2025-04-12 07:00:00","2025-04-12 08:00:00",WN,225,225,0,0,2.062222222222222,0.0,6.666666666666667
"2025-04-12 08:00:00","2025-04-12 09:00:00",AA,192,191,0,1,10.473958333333334,0.0,10.416666666666666
"2025-04-12 08:00:00","2025-04-12 09:00:00",DL,147,146,1,0,2.2054794520547945,0.6802721088435374,8.219178082191782
"2025-04-12 08:00:00","2025-04-12 09:00:00",UA,148,148,0,0,2.4324324324324325,0.0,8.783783783783784
"2025-04-12 08:00:00","2025-04-12 09:00:00",WN,201,201,0,0,-0.7761194029850746,0.0,5.970149253731344
"2025-04-12 09:00:00","2025-04-12 10:00:00",AA,118,117,1,0,17.641025641025642,0.847457627118644,15.384615384615385
"2025-04-12 09:00:00","2025-04-12 10:00:00",DL,131,131,0,0,8.725190839694656,0.0,16.793893129770993
"2025-04-12 09:00:00","2025-04-12 10:00:00",UA,125,124,1,0,1.6129032258064515,0.8,10.483870967741936
"2025-04-12 09:00:00","2025-04-12 10:00:00",WN,215,215,0,0,1.4232558139534883,0.0,7.441860465116279
"2025-04-12 10:00:00","2025-04-12 11:00:00",AA,132,132,0,0,6.454545454545454,0.0,14.393939393939394
"2025-04-12 10:00:00","2025-04-12 11:00:00",DL,119,119,0,0,6.815126050420168,0.0,14.285714285714286
"2025-04-12 10:00:00","2025-04-12 11:00:00",UA,99,99,0,0,-2.01010101010101,0.0,5.05050505050505
"2025-04-12 10:00:00","2025-04-12 11:00:00",WN,188,188,0,0,2.5372340425531914,0.0,7.9787234042553195
"2025-04-12 11:00:00","2025-04-12 12:00:00",AA,139,139,0,0,3.6690647482014387,0.0,9.352517985611511
"2025-04-12 11:00:00","2025-04-12 12:00:00",DL,174,174,0,0,6.344827586206897,0.0,14.942528735632184
"2025-04-12 11:00:00","2025-04-12 12:00:00",UA,111,111,0,0,2.3783783783783785,0.0,9.00900900900901
"2025-04-12 11:00:00","2025-04-12 12:00:00",WN,194,194,0,0,2.577319587628866,0.0,9.278350515463918
"2025-04-12 12:00:00","2025-04-12 13:00:00",AA,115,115,0,0,6.7043478260869565,0.0,10.434782608695652
"2025-04-12 12:00:00","2025-04-12 13:00:00",DL,135,135,0,0,8.807407407407407,0.0,19.25925925925926
"2025-04-12 12:00:00","2025-04-12 13:00:00",UA,97,97,0,0,0.7835051546391752,0.0,6.185567010309279
"2025-04-12 12:00:00","2025-04-12 13:00:00",WN,179,179,0,0,2.1508379888268156,0.0,10.05586592178771
"2025-04-12 13:00:00","2025-04-12 14:00:00",AA,128,128,0,0,9.703125,0.0,17.1875
"2025-04-12 13:00:00","2025-04-12 14:00:00",DL,124,123,1,0,3.089430894308943,0.8064516129032258,14.634146341463415
"2025-04-12 13:00:00","2025-04-12 14:00:00",UA,111,110,1,0,2.018181818181818,0.9009009009009009,11.818181818181818
"2025-04-12 13:00:00","2025-04-12 14:00:00",WN,222,222,0,0,2.563063063063063,0.0,9.00900900900901
"2025-04-12 14:00:00","2025-04-12 15:00:00",AA,104,104,0,0,12.711538461538462,0.0,23.076923076923077
"2025-04-12 14:00:00","2025-04-12 15:00:00",DL,105,105,0,0,11.39047619047619,0.0,23.80952380952381
"2025-04-12 14:00:00","2025-04-12 15:00:00",UA,105,105,0,0,0.4666666666666667,0.0,8.571428571428571
"2025-04-12 14:00:00","2025-04-12 15:00:00",WN,187,187,0,0,7.44385026737968,0.0,14.438502673796792
"2025-04-12 15:00:00","2025-04-12 16:00:00",AA,124,124,0,0,8.806451612903226,0.0,21.774193548387096
"2025-04-12 15:00:00","2025-04-12 16:00:00",DL,153,151,2,0,5.841059602649007,1.3071895424836601,17.880794701986755
"2025-04-12 15:00:00","2025-04-12 16:00:00",UA,86,85,0,1,2.8488372093023258,0.0,10.465116279069768
"2025-04-12 15:00:00","2025-04-12 16:00:00",WN,195,195,0,0,6.641025641025641,0.0,20.0
"2025-04-12 16:00:00","2025-04-12 17:00:00",AA,128,127,1,0,9.543307086614174,0.78125,13.385826771653543
"2025-04-12 16:00:00","2025-04-12 17:00:00",DL,103,103,0,0,6.252427184466019,0.0,20.388349514563107
"2025-04-12 16:00:00","2025-04-12 17:00:00",UA,111,111,0,0,-1.5405405405405406,0.0,4.504504504504505
"2025-04-12 16:00:00","2025-04-12 17:00:00",WN,213,213,0,0,5.291079812206573,0.0,15.492957746478874
"2025-04-12 17:00:00","2025-04-12 18:00:00",AA,134,134,0,0,9.671641791044776,0.0,14.925373134328359
"2025-04-12 17:00:00","2025-04-12 18:00:00",DL,130,130,0,0,1.5384615384615385,0.0,14.615384615384615
"2025-04-12 17:00:00","2025-04-12 18:00:00",UA,110,109,1,0,2.0275229357798166,0.9090909090909091,11.926605504587156
"2025-04-12 17:00:00","2025-04-12 18:00:00",WN,198,198,0,0,3.202020202020202,0.0,14.141414141414142
"2025-04-12 18:00:00","2025-04-12 19:00:00",AA,144,144,0,0,17.23611111111111,0.0,31.944444444444443
"2025-04-12 18:00:00","2025-04-12 19:00:00",DL,116,116,0,0,5.120689655172414,0.0,19.82758620689655
"2025-04-12 18:00:00","2025-04-12 19:00:00",UA,103,103,0,0,5.922330097087379,0.0,16.50485436893204
"2025-04-12 18:00:00","2025-04-12 19:00:00",WN,237,237,0,0,3.80168776371308,0.0,15.611814345991561
"2025-04-12 19:00:00","2025-04-12 20:00:00",AA,119,119,0,0,12.53781512605042,0.0,22.689075630252102
"2025-04-12 19:00:00","2025-04-12 20:00:00",DL,84,84,0,0,6.75,0.0,17.857142857142858
"2025-04-12 19:00:00","2025-04-12 20:00:00",UA,107,107,0,0,3.4205607476635516,0.0,10.280373831775702
"2025-04-12 19:00:00","2025-04-12 20:00:00",WN,154,154,0,0,5.935064935064935,0.0,16.883116883116884
"2025-04-12 20:00:00","2025-04-12 21:00:00",AA,113,113,0,0,9.610619469026549,0.0,25.663716814159294
"2025-04-12 20:00:00","2025-04-12 21:00:00",DL,81,81,0,0,1.2469135802469136,0.0,7.407407407407407
"2025-04-12 20:00:00","2025-04-12 21:00:00",UA,67,67,0,0,5.313432835820896,0.0,19.402985074626866
"2025-04-12 20:00:00","2025-04-12 21:00:00",WN,116,116,0,0,1.8362068965517242,0.0,12.068965517241379
"2025-04-12 21:00:00","2025-04-12 22:00:00",AA,81,81,0,0,20.308641975308642,0.0,28.395061728395063
"2025-04-12 21:00:00","2025-04-12 22:00:00",DL,82,82,0,0,-0.25609756097560976,0.0,10.975609756097562
"2025-04-12 21:00:00","2025-04-12 22:00:00",UA,41,41,0,0,1.0975609756097562,0.0,12.195121951219512
"2025-04-12 21:00:00","2025-04-12 22:00:00",WN,35,35,0,0,13.028571428571428,0.0,28.571428571428573
"2025-04-12 22:00:00","2025-04-12 23:00:00",AA,62,62,0,0,8.629032258064516,0.0,17.741935483870968
"2025-04-12 22:00:00","2025-04-12 23:00:00",DL,68,68,0,0,8.397058823529411,0.0,11.764705882352942
"2025-04-12 22:00:00","2025-04-12 23:00:00",UA,33,33,0,0,-0.36363636363636365,0.0,6.0606060606060606
"2025-04-12 22:00:00","2025-04-12 23:00:00",WN,7,7,0,0,-0.14285714285714285,0.0,0.0
"2025-04-12 23:00:00","2025-04-13 00:00:00",AA,29,28,0,1,0.6896551724137931,0.0,6.896551724137931
"2025-04-12 23:00:00","2025-04-13 00:00:00",DL,25,25,0,0,-0.84,0.0,4.0
"2025-04-12 23:00:00","2025-04-13 00:00:00",UA,32,32,0,0,3.5,0.0,12.5
"2025-04-12 23:00:00","2025-04-13 00:00:00",WN,6,6,0,0,-4.5,0.0,0.0
"2025-04-13 00:00:00","2025-04-13 01:00:00",AA,6,6,0,0,21.833333333333332,0.0,50.0
"2025-04-13 00:00:00","2025-04-13 01:00:00",DL,4,4,0,0,8.5,0.0,25.0
"2025-04-13 00:00:00","2025-04-13 01:00:00",UA,5,5,0,0,-5.0,0.0,0.0
"2025-04-13 01:00:00","2025-04-13 02:00:00",AA,1,1,0,0,-9.0,0.0,0.0
"2025-04-13 01:00:00","2025-04-13 02:00:00",DL,2,2,0,0,-10.0,0.0,0.0
"2025-04-13 01:00:00","2025-04-13 02:00:00",UA,1,1,0,0,16.0,0.0,100.0
"2025-04-13 05:00:00","2025-04-13 06:00:00",AA,107,107,0,0,9.037383177570094,0.0,11.214953271028037
"2025-04-13 05:00:00","2025-04-13 06:00:00",DL,60,59,0,1,2.783333333333333,0.0,6.666666666666667
"2025-04-13 05:00:00","2025-04-13 06:00:00",UA,38,38,0,0,-3.1578947368421053,0.0,2.6315789473684212
"2025-04-13 05:00:00","2025-04-13 06:00:00",WN,93,93,0,0,-2.870967741935484,0.0,1.075268817204301
"2025-04-13 06:00:00","2025-04-13 07:00:00",AA,177,177,0,0,11.491525423728813,0.0,3.389830508474576
"2025-04-13 06:00:00","2025-04-13 07:00:00",DL,175,175,0,0,0.7828571428571428,0.0,6.857142857142857
"2025-04-13 06:00:00","2025-04-13 07:00:00",UA,124,124,0,0,-3.967741935483871,0.0,4.032258064516129
"2025-04-13 06:00:00","2025-04-13 07:00:00",WN,299,299,0,0,-2.3745819397993313,0.0,3.0100334448160537
"2025-04-13 07:00:00","2025-04-13 08:00:00",AA,212,212,0,0,3.8349056603773586,0.0,8.49056603773585
"2025-04-13 07:00:00","2025-04-13 08:00:00",DL,238,238,0,0,1.3991596638655461,0.0,7.563025210084033
"2025-04-13 07:00:00","2025-04-13 08:00:00",UA,192,191,0,1,-2.9583333333333335,0.0,4.166666666666667
"2025-04-13 07:00:00","2025-04-13 08:00:00",WN,218,218,0,0,-1.8669724770642202,0.0,2.7522935779816513
"2025-04-13 08:00:00","2025-04-13 09:00:00",AA,200,199,1,0,8.341708542713567,0.5,11.055276381909549
"2025-04-13 08:00:00","2025-04-13 09:00:00",DL,177,177,0,0,1.2598870056497176,0.0,7.344632768361582
"2025-04-13 08:00:00","2025-04-13 09:00:00",UA,157,157,0,0,0.06369426751592357,0.0,7.006369426751593
"2025-04-13 08:00:00","2025-04-13 09:00:00",WN,258,258,0,0,-0.13565891472868216,0.0,5.038759689922481
"2025-04-13 09:00:00","2025-04-13 10:00:00",AA,124,124,0,0,15.862903225806452,0.0,14.516129032258064
"2025-04-13 09:00:00","2025-04-13 10:00:00",DL,126,126,0,0,2.1825396825396823,0.0,11.11111111111111
"2025-04-13 09:00:00","2025-04-13 10:00:00",UA,134,134,0,0,-1.328358208955224,0.0,7.462686567164179
"2025-04-13 09:00:00","2025-04-13 10:00:00",WN,194,194,0,0,0.3402061855670103,0.0,3.6082474226804124
"2025-04-13 10:00:00","2025-04-13 11:00:00",AA,142,142,0,0,8.084507042253522,0.0,15.492957746478874
"2025-04-13 10:00:00","2025-04-13 11:00:00",DL,143,143,0,0,0.7202797202797203,0.0,7.6923076923076925
"2025-04-13 10:00:00","2025-04-13 11:00:00",UA,115,115,0,0,-1.1304347826086956,0.0,7.826086956521739
"2025-04-13 10:00:00","2025-04-13 11:00:00",WN,238,238,0,0,3.7899159663865545,0.0,10.92436974789916
"2025-04-13 11:00:00","2025-04-13 12:00:00",AA,148,148,0,0,10.20945945945946,0.0,20.945945945945947
"2025-04-13 11:00:00","2025-04-13 12:00:00",DL,189,189,0,0,2.306878306878307,0.0,14.285714285714286
"2025-04-13 11:00:00","2025-04-13 12:00:00",UA,114,114,0,0,0.8421052631578947,0.0,9.649122807017545
"2025-04-13 11:00:00","2025-04-13 12:00:00",WN,196,196,0,0,2.0510204081632653,0.0,7.142857142857143
"2025-04-13 12:00:00","2025-04-13 13:00:00",AA,140,140,0,0,15.371428571428572,0.0,21.428571428571427
"2025-04-13 12:00:00","2025-04-13 13:00:00",DL,157,157,0,0,5.095541401273885,0.0,14.012738853503185
"2025-04-13 12:00:00","2025-04-13 13:00:00",UA,109,108,1,0,2.7777777777777777,0.9174311926605505,9.25925925925926
"2025-04-13 12:00:00","2025-04-13 13:00:00",WN,230,230,0,0,2.8130434782608695,0.0,9.130434782608695
"2025-04-13 13:00:00","2025-04-13 14:00:00",AA,130,130,0,0,13.515384615384615,0.0,16.923076923076923
"2025-04-13 13:00:00","2025-04-13 14:00:00",DL,142,142,0,0,4.669014084507042,0.0,11.971830985915492
"2025-04-13 13:00:00","2025-04-13 14:00:00",UA,121,120,0,1,1.2727272727272727,0.0,8.264462809917354
"2025-04-13 13:00:00","2025-04-13 14:00:00",WN,232,232,0,0,5.267241379310345,0.0,16.379310344827587
"2025-04-13 14:00:00","2025-04-13 15:00:00",AA,148,148,0,0,22.85135135135135,0.0,23.64864864864865
"2025-04-13 14:00:00","2025-04-13 15:00:00",DL,139,139,0,0,5.827338129496403,0.0,17.26618705035971
"2025-04-13 14:00:00","2025-04-13 15:00:00",UA,121,121,0,0,2.115702479338843,0.0,10.743801652892563
"2025-04-13 14:00:00","2025-04-13 15:00:00",WN,203,203,0,0,7.428571428571429,0.0,11.330049261083744
"2025-04-13 15:00:00","2025-04-13 16:00:00",AA,130,130,0,0,15.23076923076923,0.0,21.53846153846154
"2025-04-13 15:00:00","2025-04-13 16:00:00",DL,169,169,0,0,7.165680473372781,0.0,14.201183431952662
"2025-04-13 15:00:00","2025-04-13 16:00:00",UA,98,98,0,0,1.336734693877551,0.0,7.142857142857143
"2025-04-13 15:00:00","2025-04-13 16:00:00",WN,240,239,0,1,10.841666666666667,0.0,18.333333333333332
"2025-04-13 16:00:00","2025-04-13 17:00:00",AA,137,137,0,0,20.970802919708028,0.0,22.62773722627737
"2025-04-13 16:00:00","2025-04-13 17:00:00",DL,118,118,0,0,9.330508474576272,0.0,22.033898305084747
"2025-04-13 16:00:00","2025-04-13 17:00:00",UA,129,129,0,0,6.395348837209302,0.0,13.953488372093023
"2025-04-13 16:00:00","2025-04-13 17:00:00",WN,209,209,0,0,8.4688995215311,0.0,20.095693779904305
"2025-04-13 17:00:00","2025-04-13 18:00:00",AA,151,151,0,0,15.278145695364238,0.0,23.178807947019866
"2025-04-13 17:00:00","2025-04-13 18:00:00",DL,162,162,0,0,3.45679012345679,0.0,14.814814814814815
"2025-04-13 17:00:00","2025-04-13 18:00:00",UA,121,121,0,0,5.909090909090909,0.0,9.917355371900827
"2025-04-13 17:00:00","2025-04-13 18:00:00",WN,215,214,0,1,12.902325581395349,0.0,26.511627906976745
"2025-04-13 18:00:00","2025-04-13 19:00:00",AA,169,168,1,0,28.011904761904763,0.591715976331361,27.38095238095238
"2025-04-13 18:00:00","2025-04-13 19:00:00",DL,159,159,0,0,8.628930817610064,0.0,17.61006289308176
"2025-04-13 18:00:00","2025-04-13 19:00:00",UA,143,143,0,0,-1.3776223776223777,0.0,5.594405594405594
"2025-04-13 18:00:00","2025-04-13 19:00:00",WN,241,241,0,0,15.12863070539419,0.0,28.21576763485477
"2025-04-13 19:00:00","2025-04-13 20:00:00",AA,151,151,0,0,19.37748344370861,0.0,25.827814569536425
"2025-04-13 19:00:00","2025-04-13 20:00:00",DL,163,163,0,0,8.16564417177914,0.0,22.085889570552148
"2025-04-13 19:00:00","2025-04-13 20:00:00",UA,133,133,0,0,2.2030075187969924,0.0,8.270676691729323
"2025-04-13 19:00:00","2025-04-13 20:00:00",WN,224,224,0,0,11.513392857142858,0.0,26.785714285714285
"2025-04-13 20:00:00","2025-04-13 21:00:00",AA,108,108,0,0,21.064814814814813,0.0,29.62962962962963
"2025-04-13 20:00:00","2025-04-13 21:00:00",DL,97,96,0,1,17.61855670103093,0.0,21.649484536082475
"2025-04-13 20:00:00","2025-04-13 21:00:00",UA,74,74,0,0,2.689189189189189,0.0,10.81081081081081
"2025-04-13 20:00:00","2025-04-13 21:00:00",WN,245,245,0,0,10.016326530612245,0.0,23.26530612244898
"2025-04-13 21:00:00","2025-04-13 22:00:00",AA,88,88,0,0,22.34090909090909,0.0,25.0
"2025-04-13 21:00:00","2025-04-13 22:00:00",DL,108,108,0,0,2.490740740740741,0.0,11.11111111111111
"2025-04-13 21:00:00","2025-04-13 22:00:00",UA,63,63,0,0,4.619047619047619,0.0,17.46031746031746
"2025-04-13 21:00:00","2025-04-13 22:00:00",WN,172,172,0,0,12.081395348837209,0.0,20.930232558139537
"2025-04-13 22:00:00","2025-04-13 23:00:00",AA,101,101,0,0,24.18811881188119,0.0,28.712871287128714
"2025-04-13 22:00:00","2025-04-13 23:00:00",DL,88,88,0,0,1.9090909090909092,0.0,12.5
"2025-04-13 22:00:00","2025-04-13 23:00:00",UA,29,29,0,0,0.7586206896551724,0.0,6.896551724137931
"2025-04-13 22:00:00","2025-04-13 23:00:00",WN,125,125,0,0,5.48,0.0,19.2
"2025-04-13 23:00:00","2025-04-14 00:00:00",AA,33,33,0,0,23.09090909090909,0.0,24.242424242424242
"2025-04-13 23:00:00","2025-04-14 00:00:00",DL,41,41,0,0,0.926829268292683,0.0,14.634146341463415
"2025-04-13 23:00:00","2025-04-14 00:00:00",UA,33,32,1,0,-2.09375,3.0303030303030303,3.125
"2025-04-13 23:00:00","2025-04-14 00:00:00",WN,7,7,0,0,4.0,0.0,14.285714285714286
"2025-04-14 00:00:00","2025-04-14 01:00:00",AA,9,9,0,0,-3.4444444444444446,0.0,11.11111111111111
"2025-04-14 00:00:00","2025-04-14 01:00:00",DL,6,6,0,0,-4.0,0.0,0.0
"2025-04-14 00:00:00","2025-04-14 01:00:00",UA,7,7,0,0,-4.142857142857143,0.0,0.0
"2025-04-14 01:00:00","2025-04-14 02:00:00",AA,1,1,0,0,-9.0,0.0,0.0
"2025-04-14 01:00:00","2025-04-14 02:00:00",DL,2,2,0,0,-12.5,0.0,0.0
"2025-04-14 01:00:00","2025-04-14 02:00:00",UA,2,2,0,0,-7.5,0.0,0.0
"2025-04-14 05:00:00","2025-04-14 06:00:00",AA,107,107,0,0,1.8598130841121496,0.0,5.607476635514018
"2025-04-14 05:00:00","2025-04-14 06:00:00",DL,62,62,0,0,-4.467741935483871,0.0,1.6129032258064515
"2025-04-14 05:00:00","2025-04-14 06:00:00",UA,37,37,0,0,-4.72972972972973,0.0,0.0
"2025-04-14 05:00:00","2025-04-14 06:00:00",WN,177,177,0,0,0.7627118644067796,0.0,3.9548022598870056
"2025-04-14 06:00:00","2025-04-14 07:00:00",AA,183,183,0,0,2.0765027322404372,0.0,4.918032786885246
"2025-04-14 06:00:00","2025-04-14 07:00:00",DL,182,182,0,0,2.5054945054945055,0.0,5.4945054945054945
"2025-04-14 06:00:00","2025-04-14 07:00:00",UA,127,127,0,0,-4.7795275590551185,0.0,1.5748031496062993
"2025-04-14 06:00:00","2025-04-14 07:00:00",WN,259,259,0,0,-1.8494208494208495,0.0,3.861003861003861
"2025-04-14 07:00:00","2025-04-14 08:00:00",AA,215,215,0,0,1.4837209302325582,0.0,7.906976744186046
"2025-04-14 07:00:00","2025-04-14 08:00:00",DL,229,229,0,0,0.1615720524017467,0.0,4.366812227074236
"2025-04-14 07:00:00","2025-04-14 08:00:00",UA,185,185,0,0,0.12972972972972974,0.0,5.405405405405405
"2025-04-14 07:00:00","2025-04-14 08:00:00",WN,245,245,0,0,0.2530612244897959,0.0,4.081632653061225
"2025-04-14 08:00:00","2025-04-14 09:00:00",AA,199,199,0,0,9.512562814070352,0.0,11.055276381909549
"2025-04-14 08:00:00","2025-04-14 09:00:00",DL,189,188,1,0,1.047872340425532,0.5291005291005291,6.382978723404255
"2025-04-14 08:00:00","2025-04-14 09:00:00",UA,161,161,0,0,1.7018633540372672,0.0,4.3478260869565215
"2025-04-14 08:00:00","2025-04-14 09:00:00",WN,236,236,0,0,2.5889830508474576,0.0,6.779661016949152
"2025-04-14 09:00:00","2025-04-14 10:00:00",AA,126,126,0,0,4.698412698412699,0.0,9.523809523809524
"2025-04-14 09:00:00","2025-04-14 10:00:00",DL,116,116,0,0,1.1896551724137931,0.0,6.0344827586206895
"2025-04-14 09:00:00","2025-04-14 10:00:00",UA,122,122,0,0,-2.581967213114754,0.0,4.098360655737705
"2025-04-14 09:00:00","2025-04-14 10:00:00",WN,209,207,2,0,1.4057971014492754,0.9569377990430622,6.763285024154589
"2025-04-14 10:00:00","2025-04-14 11:00:00",AA,146,145,1,0,5.86896551724138,0.684931506849315,13.10344827586207
"2025-04-14 10:00:00","2025-04-14 11:00:00",DL,148,147,0,1,4.094594594594595,0.0,8.783783783783784
"2025-04-14 10:00:00","2025-04-14 11:00:00",UA,124,124,0,0,-0.18548387096774194,0.0,7.258064516129032
"2025-04-14 10:00:00","2025-04-14 11:00:00",WN,215,213,2,0,4.854460093896714,0.9302325581395349,9.859154929577464
"2025-04-14 11:00:00","2025-04-14 12:00:00",AA,163,163,0,0,15.54601226993865,0.0,15.337423312883436
"2025-04-14 11:00:00","2025-04-14 12:00:00",DL,206,205,0,1,6.990291262135922,0.0,10.679611650485437
"2025-04-14 11:00:00","2025-04-14 12:00:00",UA,123,123,0,0,-1.6666666666666667,0.0,5.691056910569106
"2025-04-14 11:00:00","2025-04-14 12:00:00",WN,237,235,2,0,4.808510638297872,0.8438818565400844,16.170212765957448
"2025-04-14 12:00:00","2025-04-14 13:00:00",AA,126,126,0,0,7.984126984126984,0.0,16.666666666666668
"2025-04-14 12:00:00","2025-04-14 13:00:00",DL,162,160,2,0,8.4625,1.2345679012345678,16.25
"2025-04-14 12:00:00","2025-04-14 13:00:00",UA,104,104,0,0,-1.5288461538461537,0.0,4.8076923076923075
"2025-04-14 12:00:00","2025-04-14 13:00:00",WN,213,212,1,0,7.839622641509434,0.4694835680751174,17.92452830188679
"2025-04-14 13:00:00","2025-04-14 14:00:00",AA,139,138,0,1,7.985611510791367,0.0,16.546762589928058
"2025-04-14 13:00:00","2025-04-14 14:00:00",DL,139,139,0,0,9.050359712230216,0.0,15.107913669064748
"2025-04-14 13:00:00","2025-04-14 14:00:00",UA,114,114,0,0,2.245614035087719,0.0,8.771929824561404
"2025-04-14 13:00:00","2025-04-14 14:00:00",WN,232,232,0,0,5.724137931034483,0.0,13.793103448275861
"2025-04-14 14:00:00","2025-04-14 15:00:00",AA,138,138,0,0,8.73913043478261,0.0,17.391304347826086
"2025-04-14 14:00:00","2025-04-14 15:00:00",DL,141,141,0,0,8.46808510638298,0.0,21.27659574468085
"2025-04-14 14:00:00","2025-04-14 15:00:00",UA,130,130,0,0,0.6846153846153846,0.0,7.6923076923076925
"2025-04-14 14:00:00","2025-04-14 15:00:00",WN,209,207,2,0,9.826086956521738,0.9569377990430622,21.73913043478261
"2025-04-14 15:00:00","2025-04-14 16:00:00",AA,134,134,0,0,10.708955223880597,0.0,21.64179104477612
"2025-04-14 15:00:00","2025-04-14 16:00:00",DL,175,175,0,0,6.148571428571429,0.0,20.571428571428573
"2025-04-14 15:00:00","2025-04-14 16:00:00",UA,91,91,0,0,-1.120879120879121,0.0,5.4945054945054945
"2025-04-14 15:00:00","2025-04-14 16:00:00",WN,207,206,1,0,8.733009708737864,0.4830917874396135,21.844660194174757
"2025-04-14 16:00:00","2025-04-14 17:00:00",AA,139,139,0,0,17.906474820143885,0.0,25.179856115107913
"2025-04-14 16:00:00","2025-04-14 17:00:00",DL,135,134,0,1,10.311111111111112,0.0,20.74074074074074
"2025-04-14 16:00:00","2025-04-14 17:00:00",UA,135,135,0,0,2.3407407407407406,0.0,11.851851851851851
"2025-04-14 16:00:00","2025-04-14 17:00:00",WN,223,222,0,1,13.367713004484305,0.0,24.663677130044842
"2025-04-14 17:00:00","2025-04-14 18:00:00",AA,142,142,0,0,14.93661971830986,0.0,22.535211267605632
"2025-04-14 17:00:00","2025-04-14 18:00:00",DL,168,167,1,0,7.347305389221557,0.5952380952380952,11.377245508982035
"2025-04-14 17:00:00","2025-04-14 18:00:00",UA,123,123,0,0,0.3821138211382114,0.0,8.94308943089431
"2025-04-14 17:00:00","2025-04-14 18:00:00",WN,234,234,0,0,8.217948717948717,0.0,21.367521367521366
"2025-04-14 18:00:00","2025-04-14 19:00:00",AA,161,160,1,0,23.08125,0.6211180124223602,26.25
"2025-04-14 18:00:00","2025-04-14 19:00:00",DL,164,164,0,0,11.524390243902438,0.0,28.048780487804876
"2025-04-14 18:00:00","2025-04-14 19:00:00",UA,126,126,0,0,0.6031746031746031,0.0,8.73015873015873
"2025-04-14 18:00:00","2025-04-14 19:00:00",WN,256,256,0,0,8.39453125,0.0,19.53125
"2025-04-14 19:00:00","2025-04-14 20:00:00",AA,160,160,0,0,19.675,0.0,20.625
"2025-04-14 19:00:00","2025-04-14 20:00:00",DL,177,177,0,0,3.937853107344633,0.0,12.994350282485875
"2025-04-14 19:00:00","2025-04-14 20:00:00",UA,137,137,0,0,0.9343065693430657,0.0,13.138686131386862
"2025-04-14 19:00:00","2025-04-14 20:00:00",WN,252,251,1,0,11.139442231075698,0.3968253968253968,20.318725099601593
"2025-04-14 20:00:00","2025-04-14 21:00:00",AA,115,115,0,0,15.921739130434782,0.0,22.608695652173914
"2025-04-14 20:00:00","2025-04-14 21:00:00",DL,112,110,1,1,9.486486486486486,0.8928571428571429,21.62162162162162
"2025-04-14 20:00:00","2025-04-14 21:00:00",UA,72,71,0,1,3.0,0.0,13.88888888888889
"2025-04-14 20:00:00","2025-04-14 21:00:00",WN,173,173,0,0,6.867052023121388,0.0,16.76300578034682
"2025-04-14 21:00:00","2025-04-14 22:00:00",AA,86,86,0,0,6.593023255813954,0.0,17.441860465116278
"2025-04-14 21:00:00","2025-04-14 22:00:00",DL,98,98,0,0,4.163265306122449,0.0,15.306122448979592
"2025-04-14 21:00:00","2025-04-14 22:00:00",UA,51,51,0,0,0.7843137254901961,0.0,13.72549019607843
"2025-04-14 21:00:00","2025-04-14 22:00:00",WN,183,183,0,0,7.830601092896175,0.0,22.404371584699454
"2025-04-14 22:00:00","2025-04-14 23:00:00",AA,100,100,0,0,9.72,0.0,21.0
"2025-04-14 22:00:00","2025-04-14 23:00:00",DL,95,95,0,0,1.8105263157894738,0.0,13.68421052631579
"2025-04-14 22:00:00","2025-04-14 23:00:00",UA,29,29,0,0,1.4137931034482758,0.0,13.793103448275861
"2025-04-14 22:00:00","2025-04-14 23:00:00",WN,16,16,0,0,1.8125,0.0,12.5
"2025-04-14 23:00:00","2025-04-15 00:00:00",AA,29,29,0,0,-3.2413793103448274,0.0,10.344827586206897
"2025-04-14 23:00:00","2025-04-15 00:00:00",DL,31,30,1,0,-6.233333333333333,3.225806451612903,0.0
"2025-04-14 23:00:00","2025-04-15 00:00:00",UA,32,32,0,0,-1.4375,0.0,9.375
"2025-04-14 23:00:00","2025-04-15 00:00:00",WN,6,6,0,0,-2.8333333333333335,0.0,0.0
"2025-04-15 00:00:00","2025-04-15 01:00:00",AA,9,9,0,0,-8.11111111111111,0.0,0.0
"2025-04-15 00:00:00","2025-04-15 01:00:00",DL,8,8,0,0,3.0,0.0,25.0
"2025-04-15 00:00:00","2025-04-15 01:00:00",UA,7,7,0,0,-6.857142857142857,0.0,0.0
"2025-04-15 01:00:00","2025-04-15 02:00:00",AA,1,1,0,0,-16.0,0.0,0.0
"2025-04-15 01:00:00","2025-04-15 02:00:00",DL,2,2,0,0,-15.0,0.0,0.0
"2025-04-15 01:00:00","2025-04-15 02:00:00",UA,1,1,0,0,22.0,0.0,100.0
"2025-04-15 05:00:00","2025-04-15 06:00:00",AA,98,98,0,0,4.744897959183674,0.0,10.204081632653061
"2025-04-15 05:00:00","2025-04-15 06:00:00",DL,73,73,0,0,-5.684931506849315,0.0,2.73972602739726
"2025-04-15 05:00:00","2025-04-15 06:00:00",UA,33,33,0,0,-3.0,0.0,3.0303030303030303
"2025-04-15 05:00:00","2025-04-15 06:00:00",WN,76,76,0,0,-2.223684210526316,0.0,3.9473684210526314
"2025-04-15 06:00:00","2025-04-15 07:00:00",AA,168,167,1,0,2.3652694610778444,0.5952380952380952,7.18562874251497
"2025-04-15 06:00:00","2025-04-15 07:00:00",DL,177,177,0,0,-1.0621468926553672,0.0,4.519774011299435
"2025-04-15 06:00:00","2025-04-15 07:00:00",UA,115,115,0,0,-4.086956521739131,0.0,5.217391304347826
"2025-04-15 06:00:00","2025-04-15 07:00:00",WN,253,253,0,0,-2.6482213438735176,0.0,1.976284584980237
"2025-04-15 07:00:00","2025-04-15 08:00:00",AA,195,194,0,1,-1.3487179487179488,0.0,8.205128205128204
"2025-04-15 07:00:00","2025-04-15 08:00:00",DL,232,232,0,0,-1.978448275862069,0.0,5.172413793103448
"2025-04-15 07:00:00","2025-04-15 08:00:00",UA,179,179,0,0,-3.1731843575418996,0.0,4.4692737430167595
"2025-04-15 07:00:00","2025-04-15 08:00:00",WN,212,211,0,1,-2.5283018867924527,0.0,4.245283018867925
"2025-04-15 08:00:00","2025-04-15 09:00:00",AA,193,193,0,0,0.7616580310880829,0.0,8.290155440414507
"2025-04-15 08:00:00","2025-04-15 09:00:00",DL,182,182,0,0,-1.5769230769230769,0.0,5.4945054945054945
"2025-04-15 08:00:00","2025-04-15 09:00:00",UA,144,144,0,0,-0.3541666666666667,0.0,6.944444444444445
"2025-04-15 08:00:00","2025-04-15 09:00:00",WN,277,275,2,0,-1.7636363636363637,0.7220216606498195,3.272727272727273
"2025-04-15 09:00:00","2025-04-15 10:00:00",AA,127,126,1,0,3.6587301587301586,0.7874015748031497,11.904761904761905
"2025-04-15 09:00:00","2025-04-15 10:00:00",DL,119,119,0,0,-2.9747899159663866,0.0,6.722689075630252
"2025-04-15 09:00:00","2025-04-15 10:00:00",UA,128,128,0,0,0.71875,0.0,7.8125
"2025-04-15 09:00:00","2025-04-15 10:00:00",WN,178,178,0,0,-0.10674157303370786,0.0,5.617977528089888
"2025-04-15 10:00:00","2025-04-15 11:00:00",AA,144,144,0,0,4.923611111111111,0.0,12.5
"2025-04-15 10:00:00","2025-04-15 11:00:00",DL,153,153,0,0,-4.0,0.0,3.2679738562091503
"2025-04-15 10:00:00","2025-04-15 11:00:00",UA,114,114,0,0,4.412280701754386,0.0,11.403508771929825
"2025-04-15 10:00:00","2025-04-15 11:00:00",WN,233,231,2,0,0.021645021645021644,0.8583690987124464,5.194805194805195
"2025-04-15 11:00:00","2025-04-15 12:00:00",AA,153,153,0,0,0.37254901960784315,0.0,5.882352941176471
"2025-04-15 11:00:00","2025-04-15 12:00:00",DL,194,194,0,0,-1.1546391752577319,0.0,6.185567010309279
"2025-04-15 11:00:00","2025-04-15 12:00:00",UA,120,120,0,0,0.9916666666666667,0.0,7.5
"2025-04-15 11:00:00","2025-04-15 12:00:00",WN,212,212,0,0,1.3820754716981132,0.0,7.547169811320755
"2025-04-15 12:00:00","2025-04-15 13:00:00",AA,131,131,0,0,17.290076335877863,0.0,15.267175572519085
"2025-04-15 12:00:00","2025-04-15 13:00:00",DL,167,167,0,0,10.203592814371257,0.0,7.18562874251497
"2025-04-15 12:00:00","2025-04-15 13:00:00",UA,113,113,0,0,0.672566371681416,0.0,9.734513274336283
"2025-04-15 12:00:00","2025-04-15 13:00:00",WN,199,198,0,1,0.9346733668341709,0.0,6.532663316582915
"2025-04-15 13:00:00","2025-04-15 14:00:00",AA,130,128,1,1,4.263565891472868,0.7692307692307693,16.27906976744186
"2025-04-15 13:00:00","2025-04-15 14:00:00",DL,135,135,0,0,-3.22962962962963,0.0,5.925925925925926
"2025-04-15 13:00:00","2025-04-15 14:00:00",UA,117,117,0,0,1.0512820512820513,0.0,10.256410256410257
"2025-04-15 13:00:00","2025-04-15 14:00:00",WN,232,231,1,0,2.29004329004329,0.43103448275862066,8.658008658008658
"2025-04-15 14:00:00","2025-04-15 15:00:00",AA,123,123,0,0,4.138211382113822,0.0,12.195121951219512
"2025-04-15 14:00:00","2025-04-15 15:00:00",DL,132,132,0,0,2.3257575757575757,0.0,9.090909090909092
"2025-04-15 14:00:00","2025-04-15 15:00:00",UA,116,116,0,0,4.758620689655173,0.0,12.931034482758621
"2025-04-15 14:00:00","2025-04-15 15:00:00",WN,199,198,0,1,3.201005025125628,0.0,9.547738693467336
"2025-04-15 15:00:00","2025-04-15 16:00:00",AA,132,132,0,0,6.4772727272727275,0.0,18.181818181818183
"2025-04-15 15:00:00","2025-04-15 16:00:00",DL,175,175,0,0,6.045714285714285,0.0,11.428571428571429
"2025-04-15 15:00:00","2025-04-15 16:00:00",UA,93,93,0,0,10.365591397849462,0.0,6.451612903225806
"2025-04-15 15:00:00","2025-04-15 16:00:00",WN,207,207,0,0,1.497584541062802,0.0,10.144927536231885
"2025-04-15 16:00:00","2025-04-15 17:00:00",AA,135,135,0,0,6.266666666666667,0.0,13.333333333333334
"2025-04-15 16:00:00","2025-04-15 17:00:00",DL,119,119,0,0,0.9915966386554622,0.0,7.563025210084033
"2025-04-15 16:00:00","2025-04-15 17:00:00",UA,127,127,0,0,1.3385826771653544,0.0,9.448818897637794
"2025-04-15 16:00:00","2025-04-15 17:00:00",WN,218,217,1,0,6.695852534562212,0.45871559633027525,16.129032258064516
"2025-04-15 17:00:00","2025-04-15 18:00:00",AA,146,146,0,0,8.54109589041096,0.0,15.068493150684931
"2025-04-15 17:00:00","2025-04-15 18:00:00",DL,163,163,0,0,1.3006134969325154,0.0,11.656441717791411
"2025-04-15 17:00:00","2025-04-15 18:00:00",UA,115,115,0,0,6.243478260869566,0.0,17.391304347826086
"2025-04-15 17:00:00","2025-04-15 18:00:00",WN,238,238,0,0,6.323529411764706,0.0,14.705882352941176
"2025-04-15 18:00:00","2025-04-15 19:00:00",AA,140,140,0,0,13.67142857142857,0.0,15.0
"2025-04-15 18:00:00","2025-04-15 19:00:00",DL,142,142,0,0,-0.2112676056338028,0.0,10.56338028169014
"2025-04-15 18:00:00","2025-04-15 19:00:00",UA,113,113,0,0,4.920353982300885,0.0,15.044247787610619
"2025-04-15 18:00:00","2025-04-15 19:00:00",WN,220,219,0,1,0.9409090909090909,0.0,7.7272727272727275
"2025-04-15 19:00:00","2025-04-15 20:00:00",AA,148,147,0,1,3.695945945945946,0.0,16.89189189189189
"2025-04-15 19:00:00","2025-04-15 20:00:00",DL,125,124,0,1,4.704,0.0,20.0
"2025-04-15 19:00:00","2025-04-15 20:00:00",UA,124,124,0,0,3.5,0.0,16.129032258064516
"2025-04-15 19:00:00","2025-04-15 20:00:00",WN,229,229,0,0,3.7117903930131004,0.0,13.537117903930131
"2025-04-15 20:00:00","2025-04-15 21:00:00",AA,127,127,0,0,4.4015748031496065,0.0,11.811023622047244
"2025-04-15 20:00:00","2025-04-15 21:00:00",DL,90,90,0,0,12.78888888888889,0.0,14.444444444444445
"2025-04-15 20:00:00","2025-04-15 21:00:00",UA,73,73,0,0,5.4520547945205475,0.0,24.65753424657534
"2025-04-15 20:00:00","2025-04-15 21:00:00",WN,184,184,0,0,2.2119565217391304,0.0,11.41304347826087
"2025-04-15 21:00:00","2025-04-15 22:00:00",AA,82,82,0,0,1.975609756097561,0.0,9.75609756097561
"2025-04-15 21:00:00","2025-04-15 22:00:00",DL,80,80,0,0,-1.175,0.0,5.0
"2025-04-15 21:00:00","2025-04-15 22:00:00",UA,38,38,0,0,0.6052631578947368,0.0,10.526315789473685
"2025-04-15 21:00:00","2025-04-15 22:00:00",WN,95,95,0,0,1.9157894736842105,0.0,11.578947368421053
"2025-04-15 22:00:00","2025-04-15 23:00:00",AA,94,94,0,0,5.26595744680851,0.0,13.829787234042554
"2025-04-15 22:00:00","2025-04-15 23:00:00",DL,88,88,0,0,-1.4545454545454546,0.0,3.409090909090909
"2025-04-15 22:00:00","2025-04-15 23:00:00",UA,30,30,0,0,6.833333333333333,0.0,16.666666666666668
"2025-04-15 22:00:00","2025-04-15 23:00:00",WN,6,6,0,0,-7.0,0.0,0.0
"2025-04-15 23:00:00","2025-04-16 00:00:00",AA,24,24,0,0,-7.791666666666667,0.0,0.0
"2025-04-15 23:00:00","2025-04-16 00:00:00",DL,26,26,0,0,-5.3076923076923075,0.0,3.8461538461538463
"2025-04-15 23:00:00","2025-04-16 00:00:00",UA,28,28,0,0,-4.178571428571429,0.0,7.142857142857143
"2025-04-15 23:00:00","2025-04-16 00:00:00",WN,6,6,0,0,-2.0,0.0,16.666666666666668
"2025-04-16 00:00:00","2025-04-16 01:00:00",AA,7,7,0,0,-8.142857142857142,0.0,0.0
"2025-04-16 00:00:00","2025-04-16 01:00:00",DL,3,3,0,0,25.0,0.0,33.333333333333336
"2025-04-16 00:00:00","2025-04-16 01:00:00",UA,7,7,0,0,-0.2857142857142857,0.0,14.285714285714286
"2025-04-16 01:00:00","2025-04-16 02:00:00",AA,1,1,0,0,-13.0,0.0,0.0
"2025-04-16 01:00:00","2025-04-16 02:00:00",DL,2,2,0,0,6.0,0.0,0.0
"2025-04-16 01:00:00","2025-04-16 02:00:00",UA,1,1,0,0,6.0,0.0,0.0
"2025-04-16 05:00:00","2025-04-16 06:00:00",AA,100,100,0,0,-3.36,0.0,4.0
"2025-04-16 05:00:00","2025-04-16 06:00:00",DL,69,69,0,0,-0.18840579710144928,0.0,4.3478260869565215
"2025-04-16 05:00:00","2025-04-16 06:00:00",UA,38,38,0,0,-6.5,0.0,0.0
"2025-04-16 05:00:00","2025-04-16 06:00:00",WN,78,78,0,0,-2.3846153846153846,0.0,2.5641025641025643
"2025-04-16 06:00:00","2025-04-16 07:00:00",AA,184,183,0,1,-2.0706521739130435,0.0,4.3478260869565215
"2025-04-16 06:00:00","2025-04-16 07:00:00",DL,176,176,0,0,1.4886363636363635,0.0,5.113636363636363
"2025-04-16 06:00:00","2025-04-16 07:00:00",UA,116,116,0,0,-3.2327586206896552,0.0,2.586206896551724
"2025-04-16 06:00:00","2025-04-16 07:00:00",WN,256,256,0,0,-2.93359375,0.0,1.953125
"2025-04-16 07:00:00","2025-04-16 08:00:00",AA,211,211,0,0,-0.7725118483412322,0.0,6.6350710900473935
"2025-04-16 07:00:00","2025-04-16 08:00:00",DL,220,220,0,0,-2.559090909090909,0.0,4.545454545454546
"2025-04-16 07:00:00","2025-04-16 08:00:00",UA,183,183,0,0,-1.5573770491803278,0.0,6.0109289617486334
"2025-04-16 07:00:00","2025-04-16 08:00:00",WN,216,216,0,0,-2.138888888888889,0.0,2.314814814814815
"2025-04-16 08:00:00","2025-04-16 09:00:00",AA,193,193,0,0,7.528497409326425,0.0,9.32642487046632
"2025-04-16 08:00:00","2025-04-16 09:00:00",DL,184,184,0,0,-1.9945652173913044,0.0,5.434782608695652
"2025-04-16 08:00:00","2025-04-16 09:00:00",UA,150,149,1,0,-1.476510067114094,0.6666666666666666,6.040268456375839
"2025-04-16 08:00:00","2025-04-16 09:00:00",WN,274,274,0,0,-2.4927007299270074,0.0,3.2846715328467155
"2025-04-16 09:00:00","2025-04-16 10:00:00",AA,123,123,0,0,3.7642276422764227,0.0,8.94308943089431
"2025-04-16 09:00:00","2025-04-16 10:00:00",DL,117,117,0,0,-4.444444444444445,0.0,0.8547008547008547
"2025-04-16 09:00:00","2025-04-16 10:00:00",UA,130,130,0,0,-2.5538461538461537,0.0,2.3076923076923075
"2025-04-16 09:00:00","2025-04-16 10:00:00",WN,177,177,0,0,0.9322033898305084,0.0,4.519774011299435
"2025-04-16 10:00:00","2025-04-16 11:00:00",AA,142,142,0,0,9.549295774647888,0.0,13.380281690140846
"2025-04-16 10:00:00","2025-04-16 11:00:00",DL,147,147,0,0,2.197278911564626,0.0,5.442176870748299
"2025-04-16 10:00:00","2025-04-16 11:00:00",UA,119,119,0,0,-0.17647058823529413,0.0,8.403361344537815
"2025-04-16 10:00:00","2025-04-16 11:00:00",WN,237,236,1,0,0.6016949152542372,0.4219409282700422,6.3559322033898304
"2025-04-16 11:00:00","2025-04-16 12:00:00",AA,154,153,1,0,4.973856209150327,0.6493506493506493,13.071895424836601
"2025-04-16 11:00:00","2025-04-16 12:00:00",DL,195,194,0,1,-0.05128205128205128,0.0,8.205128205128204
"2025-04-16 11:00:00","2025-04-16 12:00:00",UA,117,117,0,0,0.1282051282051282,0.0,5.128205128205129
"2025-04-16 11:00:00","2025-04-16 12:00:00",WN,203,203,0,0,1.8571428571428572,0.0,6.896551724137931
"2025-04-16 12:00:00","2025-04-16 13:00:00",AA,137,137,0,0,8.91970802919708,0.0,13.138686131386862
"2025-04-16 12:00:00","2025-04-16 13:00:00",DL,178,178,0,0,4.601123595505618,0.0,8.426966292134832
"2025-04-16 12:00:00","2025-04-16 13:00:00",UA,117,116,0,1,0.4444444444444444,0.0,5.982905982905983
"2025-04-16 12:00:00","2025-04-16 13:00:00",WN,210,209,1,0,1.6889952153110048,0.47619047619047616,7.177033492822966
"2025-04-16 13:00:00","2025-04-16 14:00:00",AA,137,137,0,0,14.875912408759124,0.0,16.78832116788321
"2025-04-16 13:00:00","2025-04-16 14:00:00",DL,138,137,0,1,11.565217391304348,0.0,13.768115942028986
"2025-04-16 13:00:00","2025-04-16 14:00:00",UA,122,120,0,2,1.7377049180327868,0.0,8.19672131147541
"2025-04-16 13:00:00","2025-04-16 14:00:00",WN,237,237,0,0,2.911392405063291,0.0,8.438818565400844
"2025-04-16 14:00:00","2025-04-16 15:00:00",AA,131,131,0,0,8.564885496183207,0.0,16.03053435114504
"2025-04-16 14:00:00","2025-04-16 15:00:00",DL,132,132,0,0,4.553030303030303,0.0,11.363636363636363
"2025-04-16 14:00:00","2025-04-16 15:00:00",UA,118,115,0,3,1.4830508474576272,0.0,9.322033898305085
"2025-04-16 14:00:00","2025-04-16 15:00:00",WN,200,199,1,0,3.6884422110552766,0.5,10.552763819095478
"2025-04-16 15:00:00","2025-04-16 16:00:00",AA,135,135,0,0,19.71851851851852,0.0,24.444444444444443
"2025-04-16 15:00:00","2025-04-16 16:00:00",DL,170,168,0,2,6.229411764705882,0.0,14.117647058823529
"2025-04-16 15:00:00","2025-04-16 16:00:00",UA,97,89,0,8,5.649484536082475,0.0,17.52577319587629
"2025-04-16 15:00:00","2025-04-16 16:00:00",WN,213,211,1,1,9.36320754716981,0.4694835680751174,14.150943396226415
"2025-04-16 16:00:00","2025-04-16 17:00:00",AA,144,144,0,0,12.652777777777779,0.0,18.75
"2025-04-16 16:00:00","2025-04-16 17:00:00",DL,123,123,0,0,3.7560975609756095,0.0,15.447154471544716
"2025-04-16 16:00:00","2025-04-16 17:00:00",UA,138,135,0,3,6.13768115942029,0.0,11.594202898550725
"2025-04-16 16:00:00","2025-04-16 17:00:00",WN,222,220,0,2,7.175675675675675,0.0,16.666666666666668
"2025-04-16 17:00:00","2025-04-16 18:00:00",AA,151,151,0,0,8.913907284768213,0.0,17.880794701986755
"2025-04-16 17:00:00","2025-04-16 18:00:00",DL,161,160,0,1,7.248447204968944,0.0,19.25465838509317
"2025-04-16 17:00:00","2025-04-16 18:00:00",UA,114,113,0,1,16.403508771929825,0.0,18.42105263157895
"2025-04-16 17:00:00","2025-04-16 18:00:00",WN,231,231,0,0,10.904761904761905,0.0,22.51082251082251
"2025-04-16 18:00:00","2025-04-16 19:00:00",AA,147,147,0,0,12.945578231292517,0.0,17.687074829931973
"2025-04-16 18:00:00","2025-04-16 19:00:00",DL,145,145,0,0,11.2,0.0,16.551724137931036
"2025-04-16 18:00:00","2025-04-16 19:00:00",UA,121,121,0,0,8.355371900826446,0.0,17.355371900826448
"2025-04-16 18:00:00","2025-04-16 19:00:00",WN,214,214,0,0,7.163551401869159,0.0,18.69158878504673
"2025-04-16 19:00:00","2025-04-16 20:00:00",AA,146,146,0,0,17.23972602739726,0.0,23.28767123287671
"2025-04-16 19:00:00","2025-04-16 20:00:00",DL,128,128,0,0,14.90625,0.0,19.53125
"2025-04-16 19:00:00","2025-04-16 20:00:00",UA,136,136,0,0,19.779411764705884,0.0,29.41176470588235
"2025-04-16 19:00:00","2025-04-16 20:00:00",WN,240,240,0,0,14.729166666666666,0.0,22.916666666666668
"2025-04-16 20:00:00","2025-04-16 21:00:00",AA,114,114,0,0,24.587719298245613,0.0,22.80701754385965
"2025-04-16 20:00:00","2025-04-16 21:00:00",DL,88,88,0,0,4.625,0.0,14.772727272727273
"2025-04-16 20:00:00","2025-04-16 21:00:00",UA,72,72,0,0,10.25,0.0,20.833333333333332
"2025-04-16 20:00:00","2025-04-16 21:00:00",WN,173,173,0,0,5.722543352601156,0.0,17.341040462427745
"2025-04-16 21:00:00","2025-04-16 22:00:00",AA,87,87,0,0,8.25287356321839,0.0,14.942528735632184
"2025-04-16 21:00:00","2025-04-16 22:00:00",DL,76,76,0,0,1.855263157894737,0.0,7.894736842105263
"2025-04-16 21:00:00","2025-04-16 22:00:00",UA,53,53,0,0,4.283018867924528,0.0,15.09433962264151
"2025-04-16 21:00:00","2025-04-16 22:00:00",WN,92,92,0,0,11.684782608695652,0.0,21.73913043478261
"2025-04-16 22:00:00","2025-04-16 23:00:00",AA,99,99,0,0,11.919191919191919,0.0,20.2020202020202
"2025-04-16 22:00:00","2025-04-16 23:00:00",DL,93,93,0,0,-1.1505376344086022,0.0,5.376344086021505
"2025-04-16 22:00:00","2025-04-16 23:00:00",UA,33,33,0,0,-0.15151515151515152,0.0,6.0606060606060606
"2025-04-16 22:00:00","2025-04-16 23:00:00",WN,7,7,0,0,-1.7142857142857142,0.0,0.0
"2025-04-16 23:00:00","2025-04-17 00:00:00",AA,28,28,0,0,-1.3571428571428572,0.0,0.0
"2025-04-16 23:00:00","2025-04-17 00:00:00",DL,27,27,0,0,-1.5185185185185186,0.0,14.814814814814815
"2025-04-16 23:00:00","2025-04-17 00:00:00",UA,36,36,0,0,8.25,0.0,25.0
"2025-04-16 23:00:00","2025-04-17 00:00:00",WN,6,6,0,0,0.0,0.0,0.0
"2025-04-17 00:00:00","2025-04-17 01:00:00",AA,7,7,0,0,4.714285714285714,0.0,14.285714285714286
"2025-04-17 00:00:00","2025-04-17 01:00:00",DL,3,3,0,0,-1.0,0.0,0.0
"2025-04-17 00:00:00","2025-04-17 01:00:00",UA,7,7,0,0,17.285714285714285,0.0,28.571428571428573
"2025-04-17 01:00:00","2025-04-17 02:00:00",AA,1,1,0,0,-5.0,0.0,0.0
"2025-04-17 01:00:00","2025-04-17 02:00:00",DL,2,2,0,0,-2.0,0.0,0.0
"2025-04-17 01:00:00","2025-04-17 02:00:00",UA,1,1,0,0,-1.0,0.0,0.0
"2025-04-17 05:00:00","2025-04-17 06:00:00",AA,109,109,0,0,-1.110091743119266,0.0,3.669724770642202
"2025-04-17 05:00:00","2025-04-17 06:00:00",DL,69,69,0,0,2.5217391304347827,0.0,5.797101449275362
"2025-04-17 05:00:00","2025-04-17 06:00:00",UA,41,41,0,0,-3.268292682926829,0.0,2.4390243902439024
"2025-04-17 05:00:00","2025-04-17 06:00:00",WN,205,204,0,1,-1.497560975609756,0.0,1.951219512195122
"2025-04-17 06:00:00","2025-04-17 07:00:00",AA,177,177,0,0,-0.9943502824858758,0.0,5.649717514124294
"2025-04-17 06:00:00","2025-04-17 07:00:00",DL,174,174,0,0,-3.9942528735632186,0.0,1.7241379310344827
"2025-04-17 06:00:00","2025-04-17 07:00:00",UA,126,126,0,0,0.21428571428571427,0.0,2.380952380952381
"2025-04-17 06:00:00","2025-04-17 07:00:00",WN,249,248,1,0,-2.1653225806451615,0.40160642570281124,2.8225806451612905
"2025-04-17 07:00:00","2025-04-17 08:00:00",AA,217,217,0,0,1.9953917050691243,0.0,8.294930875576037
"2025-04-17 07:00:00","2025-04-17 08:00:00",DL,231,231,0,0,-0.8095238095238095,0.0,5.194805194805195
"2025-04-17 07:00:00","2025-04-17 08:00:00",UA,199,198,0,1,-2.130653266331658,0.0,5.025125628140704
"2025-04-17 07:00:00","2025-04-17 08:00:00",WN,261,259,0,2,0.8659003831417624,0.0,6.896551724137931
"2025-04-17 08:00:00","2025-04-17 09:00:00",AA,198,198,0,0,12.474747474747474,0.0,13.636363636363637
"2025-04-17 08:00:00","2025-04-17 09:00:00",DL,185,185,0,0,2.0324324324324325,0.0,9.18918918918919
"2025-04-17 08:00:00","2025-04-17 09:00:00",UA,151,150,1,0,1.7466666666666666,0.6622516556291391,10.0
"2025-04-17 08:00:00","2025-04-17 09:00:00",WN,232,232,0,0,0.04741379310344827,0.0,6.0344827586206895
"2025-04-17 09:00:00","2025-04-17 10:00:00",AA,133,133,0,0,12.917293233082706,0.0,15.037593984962406
"2025-04-17 09:00:00","2025-04-17 10:00:00",DL,137,136,0,1,1.0656934306569343,0.0,7.299270072992701
"2025-04-17 09:00:00","2025-04-17 10:00:00",UA,142,142,0,0,9.774647887323944,0.0,13.380281690140846
"2025-04-17 09:00:00","2025-04-17 10:00:00",WN,233,231,1,1,1.668103448275862,0.4291845493562232,8.620689655172415
"2025-04-17 10:00:00","2025-04-17 11:00:00",AA,144,144,0,0,3.3402777777777777,0.0,11.805555555555555
"2025-04-17 10:00:00","2025-04-17 11:00:00",DL,148,148,0,0,5.114864864864865,0.0,10.135135135135135
"2025-04-17 10:00:00","2025-04-17 11:00:00",UA,114,113,0,1,3.6403508771929824,0.0,8.771929824561404
"2025-04-17 10:00:00","2025-04-17 11:00:00",WN,217,213,0,4,2.5668202764976957,0.0,11.059907834101383
"2025-04-17 11:00:00","2025-04-17 12:00:00",AA,159,158,0,1,15.578616352201259,0.0,20.12578616352201
"2025-04-17 11:00:00","2025-04-17 12:00:00",DL,206,205,0,1,5.169902912621359,0.0,14.077669902912621
"2025-04-17 11:00:00","2025-04-17 12:00:00",UA,121,120,0,1,10.84297520661157,0.0,18.181818181818183
"2025-04-17 11:00:00","2025-04-17 12:00:00",WN,239,234,0,5,6.799163179916318,0.0,17.15481171548117
"2025-04-17 12:00:00","2025-04-17 13:00:00",AA,126,126,0,0,12.865079365079366,0.0,17.46031746031746
"2025-04-17 12:00:00","2025-04-17 13:00:00",DL,160,160,0,0,8.23125,0.0,17.5
"2025-04-17 12:00:00","2025-04-17 13:00:00",UA,101,101,0,0,11.92079207920792,0.0,15.841584158415841
"2025-04-17 12:00:00","2025-04-17 13:00:00",WN,214,211,1,2,10.112676056338028,0.4672897196261682,19.718309859154928
"2025-04-17 13:00:00","2025-04-17 14:00:00",AA,125,125,0,0,27.824,0.0,24.8
"2025-04-17 13:00:00","2025-04-17 14:00:00",DL,133,133,0,0,9.25563909774436,0.0,21.804511278195488
"2025-04-17 13:00:00","2025-04-17 14:00:00",UA,113,112,0,1,8.823008849557523,0.0,15.929203539823009
"2025-04-17 13:00:00","2025-04-17 14:00:00",WN,216,216,0,0,8.907407407407407,0.0,18.98148148148148
"2025-04-17 14:00:00","2025-04-17 15:00:00",AA,144,143,0,1,13.520833333333334,0.0,22.916666666666668
"2025-04-17 14:00:00","2025-04-17 15:00:00",DL,149,146,0,3,14.208053691275168,0.0,22.14765100671141
"2025-04-17 14:00:00","2025-04-17 15:00:00",UA,130,130,0,0,12.76923076923077,0.0,22.307692307692307
"2025-04-17 14:00:00","2025-04-17 15:00:00",WN,220,219,0,1,16.145454545454545,0.0,30.454545454545453
"2025-04-17 15:00:00","2025-04-17 16:00:00",AA,117,117,0,0,15.88888888888889,0.0,25.641025641025642
"2025-04-17 15:00:00","2025-04-17 16:00:00",DL,167,166,0,1,9.946107784431138,0.0,16.167664670658684
"2025-04-17 15:00:00","2025-04-17 16:00:00",UA,81,81,0,0,23.506172839506174,0.0,34.5679012345679
"2025-04-17 15:00:00","2025-04-17 16:00:00",WN,202,202,0,0,21.301980198019802,0.0,43.06930693069307
"2025-04-17 16:00:00","2025-04-17 17:00:00",AA,135,135,0,0,10.814814814814815,0.0,16.296296296296298
"2025-04-17 16:00:00","2025-04-17 17:00:00",DL,129,129,0,0,5.976744186046512,0.0,18.6046511627907
"2025-04-17 16:00:00","2025-04-17 17:00:00",UA,131,131,0,0,22.80916030534351,0.0,30.53435114503817
"2025-04-17 16:00:00","2025-04-17 17:00:00",WN,213,213,0,0,14.497652582159624,0.0,30.516431924882628
"2025-04-17 17:00:00","2025-04-17 18:00:00",AA,147,147,0,0,34.30612244897959,0.0,30.612244897959183
"2025-04-17 17:00:00","2025-04-17 18:00:00",DL,174,174,0,0,13.482758620689655,0.0,26.436781609195403
"2025-04-17 17:00:00","2025-04-17 18:00:00",UA,121,121,0,0,19.96694214876033,0.0,30.578512396694215
"2025-04-17 17:00:00","2025-04-17 18:00:00",WN,230,230,0,0,26.565217391304348,0.0,47.391304347826086
"2025-04-17 18:00:00","2025-04-17 19:00:00",AA,159,158,0,1,13.70440251572327,0.0,31.446540880503143
"2025-04-17 18:00:00","2025-04-17 19:00:00",DL,162,161,0,1,14.32716049382716,0.0,26.54320987654321
"2025-04-17 18:00:00","2025-04-17 19:00:00",UA,134,134,0,0,19.865671641791046,0.0,30.597014925373134
"2025-04-17 18:00:00","2025-04-17 19:00:00",WN,255,255,0,0,18.133333333333333,0.0,41.568627450980394
"2025-04-17 19:00:00","2025-04-17 20:00:00",AA,154,154,0,0,24.844155844155843,0.0,36.36363636363637
"2025-04-17 19:00:00","2025-04-17 20:00:00",DL,167,167,0,0,14.934131736526947,0.0,24.550898203592816
"2025-04-17 19:00:00","2025-04-17 20:00:00",UA,139,139,0,0,17.848920863309353,0.0,33.81294964028777
"2025-04-17 19:00:00","2025-04-17 20:00:00",WN,241,241,0,0,21.896265560165975,0.0,46.058091286307054
"2025-04-17 20:00:00","2025-04-17 21:00:00",AA,128,127,0,1,9.703125,0.0,22.65625
"2025-04-17 20:00:00","2025-04-17 21:00:00",DL,112,112,0,0,10.848214285714286,0.0,21.428571428571427
"2025-04-17 20:00:00","2025-04-17 21:00:00",UA,80,80,0,0,23.2625,0.0,33.75
"2025-04-17 20:00:00","2025-04-17 21:00:00",WN,190,190,0,0,16.678947368421053,0.0,36.8421052631579
"2025-04-17 21:00:00","2025-04-17 22:00:00",AA,87,87,0,0,18.95402298850575,0.0,28.735632183908045
"2025-04-17 21:00:00","2025-04-17 22:00:00",DL,100,100,0,0,15.38,0.0,16.0
"2025-04-17 21:00:00","2025-04-17 22:00:00",UA,59,59,0,0,10.203389830508474,0.0,20.338983050847457
"2025-04-17 21:00:00","2025-04-17 22:00:00",WN,186,186,0,0,20.182795698924732,0.0,43.54838709677419
"2025-04-17 22:00:00","2025-04-17 23:00:00",AA,95,94,0,1,9.968421052631578,0.0,24.210526315789473
"2025-04-17 22:00:00","2025-04-17 23:00:00",DL,93,93,0,0,7.817204301075269,0.0,22.580645161290324
"2025-04-17 22:00:00","2025-04-17 23:00:00",UA,31,31,0,0,4.548387096774194,0.0,9.67741935483871
"2025-04-17 22:00:00","2025-04-17 23:00:00",WN,16,16,0,0,20.9375,0.0,50.0
"2025-04-17 23:00:00","2025-04-18 00:00:00",AA,30,30,0,0,9.1,0.0,23.333333333333332
"2025-04-17 23:00:00","2025-04-18 00:00:00",DL,33,33,0,0,11.848484848484848,0.0,24.242424242424242
"2025-04-17 23:00:00","2025-04-18 00:00:00",UA,37,37,0,0,4.405405405405405,0.0,10.81081081081081
"2025-04-17 23:00:00","2025-04-18 00:00:00",WN,6,6,0,0,5.666666666666667,0.0,16.666666666666668
"2025-04-18 00:00:00","2025-04-18 01:00:00",AA,8,8,0,0,-3.875,0.0,0.0
"2025-04-18 00:00:00","2025-04-18 01:00:00",DL,8,8,0,0,-0.75,0.0,12.5
"2025-04-18 00:00:00","2025-04-18 01:00:00",UA,8,8,0,0,16.25,0.0,25.0
"2025-04-18 01:00:00","2025-04-18 02:00:00",AA,1,1,0,0,-9.0,0.0,0.0
"2025-04-18 01:00:00","2025-04-18 02:00:00",DL,2,2,0,0,-12.0,0.0,0.0
"2025-04-18 01:00:00","2025-04-18 02:00:00",UA,2,2,0,0,2.0,0.0,0.0
"2025-04-18 05:00:00","2025-04-18 06:00:00",AA,106,106,0,0,-3.1226415094339623,0.0,4.716981132075472
"2025-04-18 05:00:00","2025-04-18 06:00:00",DL,65,65,0,0,0.5076923076923077,0.0,6.153846153846154
"2025-04-18 05:00:00","2025-04-18 06:00:00",UA,44,44,0,0,-3.8181818181818183,0.0,2.272727272727273
"2025-04-18 05:00:00","2025-04-18 06:00:00",WN,208,207,0,1,0.6538461538461539,0.0,3.3653846153846154
"2025-04-18 06:00:00","2025-04-18 07:00:00",AA,178,178,0,0,-1.2640449438202248,0.0,5.056179775280899
"2025-04-18 06:00:00","2025-04-18 07:00:00",DL,185,185,0,0,0.02702702702702703,0.0,5.405405405405405
"2025-04-18 06:00:00","2025-04-18 07:00:00",UA,126,126,0,0,1.4365079365079365,0.0,5.555555555555555
"2025-04-18 06:00:00","2025-04-18 07:00:00",WN,260,259,1,0,-0.4594594594594595,0.38461538461538464,2.7027027027027026
"2025-04-18 07:00:00","2025-04-18 08:00:00",AA,219,218,1,0,4.256880733944954,0.45662100456621,7.339449541284404
"2025-04-18 07:00:00","2025-04-18 08:00:00",DL,233,233,0,0,-1.8669527896995708,0.0,2.575107296137339
"2025-04-18 07:00:00","2025-04-18 08:00:00",UA,196,196,0,0,3.326530612244898,0.0,9.183673469387756
"2025-04-18 07:00:00","2025-04-18 08:00:00",WN,255,254,1,0,4.1299212598425195,0.39215686274509803,8.661417322834646
"2025-04-18 08:00:00","2025-04-18 09:00:00",AA,189,189,0,0,9.158730158730158,0.0,16.402116402116402
"2025-04-18 08:00:00","2025-04-18 09:00:00",DL,188,188,0,0,0.9893617021276596,0.0,7.9787234042553195
"2025-04-18 08:00:00","2025-04-18 09:00:00",UA,155,155,0,0,11.503225806451614,0.0,14.193548387096774
"2025-04-18 08:00:00","2025-04-18 09:00:00",WN,233,232,1,0,5.711206896551724,0.4291845493562232,11.637931034482758
"2025-04-18 09:00:00","2025-04-18 10:00:00",AA,124,124,0,0,3.225806451612903,0.0,13.709677419354838
"2025-04-18 09:00:00","2025-04-18 10:00:00",DL,116,116,0,0,12.982758620689655,0.0,12.068965517241379
"2025-04-18 09:00:00","2025-04-18 10:00:00",UA,131,131,0,0,20.053435114503817,0.0,26.717557251908396
"2025-04-18 09:00:00","2025-04-18 10:00:00",WN,216,215,1,0,9.553488372093023,0.46296296296296297,17.209302325581394
"2025-04-18 10:00:00","2025-04-18 11:00:00",AA,147,147,0,0,4.319727891156463,0.0,15.646258503401361
"2025-04-18 10:00:00","2025-04-18 11:00:00",DL,144,144,0,0,-0.4166666666666667,0.0,9.027777777777779
"2025-04-18 10:00:00","2025-04-18 11:00:00",UA,117,117,0,0,11.162393162393162,0.0,18.803418803418804
"2025-04-18 10:00:00","2025-04-18 11:00:00",WN,214,213,1,0,22.314553990610328,0.4672897196261682,28.63849765258216
"2025-04-18 11:00:00","2025-04-18 12:00:00",AA,164,164,0,0,4.5182926829268295,0.0,13.414634146341463
"2025-04-18 11:00:00","2025-04-18 12:00:00",DL,210,210,0,0,0.36666666666666664,0.0,9.523809523809524
"2025-04-18 11:00:00","2025-04-18 12:00:00",UA,121,120,1,0,21.75,0.8264462809917356,24.166666666666668
"2025-04-18 11:00:00","2025-04-18 12:00:00",WN,241,238,3,0,14.042016806722689,1.2448132780082988,23.529411764705884
"2025-04-18 12:00:00","2025-04-18 13:00:00",AA,141,141,0,0,9.304964539007091,0.0,18.43971631205674
"2025-04-18 12:00:00","2025-04-18 13:00:00",DL,174,174,0,0,4.2701149425287355,0.0,13.218390804597702
"2025-04-18 12:00:00","2025-04-18 13:00:00",UA,112,112,0,0,21.133928571428573,0.0,18.75
"2025-04-18 12:00:00","2025-04-18 13:00:00",WN,223,220,3,0,19.76818181818182,1.345291479820628,28.636363636363637
"2025-04-18 13:00:00","2025-04-18 14:00:00",AA,138,138,0,0,9.282608695652174,0.0,18.115942028985508
"2025-04-18 13:00:00","2025-04-18 14:00:00",DL,137,137,0,0,2.6423357664233578,0.0,10.218978102189782
"2025-04-18 13:00:00","2025-04-18 14:00:00",UA,119,118,1,0,58.144067796610166,0.8403361344537815,41.52542372881356
"2025-04-18 13:00:00","2025-04-18 14:00:00",WN,232,230,2,0,34.07826086956522,0.8620689655172413,36.52173913043478
"2025-04-18 14:00:00","2025-04-18 15:00:00",AA,128,128,0,0,7.5546875,0.0,17.1875
"2025-04-18 14:00:00","2025-04-18 15:00:00",DL,134,134,0,0,7.067164179104478,0.0,17.16417910447761
"2025-04-18 14:00:00","2025-04-18 15:00:00",UA,112,111,1,0,32.13513513513514,0.8928571428571429,26.126126126126128
"2025-04-18 14:00:00","2025-04-18 15:00:00",WN,202,200,1,1,22.925373134328357,0.49504950495049505,33.830845771144276
"2025-04-18 15:00:00","2025-04-18 16:00:00",AA,131,131,0,0,31.076335877862597,0.0,24.427480916030536
"2025-04-18 15:00:00","2025-04-18 16:00:00",DL,185,185,0,0,5.313513513513514,0.0,15.135135135135135
"2025-04-18 15:00:00","2025-04-18 16:00:00",UA,90,88,2,0,64.72727272727273,2.2222222222222223,39.77272727272727
"2025-04-18 15:00:00","2025-04-18 16:00:00",WN,199,194,5,0,43.71649484536083,2.512562814070352,41.75257731958763
"2025-04-18 16:00:00","2025-04-18 17:00:00",AA,139,139,0,0,11.640287769784173,0.0,25.179856115107913
"2025-04-18 16:00:00","2025-04-18 17:00:00",DL,135,135,0,0,8.474074074074075,0.0,17.037037037037038
"2025-04-18 16:00:00","2025-04-18 17:00:00",UA,131,128,3,0,54.09375,2.2900763358778624,37.5
"2025-04-18 16:00:00","2025-04-18 17:00:00",WN,220,220,0,0,26.313636363636363,0.0,31.818181818181817
"2025-04-18 17:00:00","2025-04-18 18:00:00",AA,150,150,0,0,7.653333333333333,0.0,19.333333333333332
"2025-04-18 17:00:00","2025-04-18 18:00:00",DL,172,172,0,0,3.2151162790697674,0.0,11.046511627906977
"2025-04-18 17:00:00","2025-04-18 18:00:00",UA,130,128,1,1,68.55038759689923,0.7692307692307693,47.286821705426355
"2025-04-18 17:00:00","2025-04-18 18:00:00",WN,234,228,5,1,39.917030567685586,2.1367521367521367,39.301310043668124
"2025-04-18 18:00:00","2025-04-18 19:00:00",AA,160,160,0,0,9.34375,0.0,20.625
"2025-04-18 18:00:00","2025-04-18 19:00:00",DL,155,155,0,0,3.9741935483870967,0.0,16.774193548387096
"2025-04-18 18:00:00","2025-04-18 19:00:00",UA,131,129,2,0,36.248062015503876,1.5267175572519085,31.782945736434108
"2025-04-18 18:00:00","2025-04-18 19:00:00",WN,239,236,3,0,34.809322033898304,1.2552301255230125,37.71186440677966
"2025-04-18 19:00:00","2025-04-18 20:00:00",AA,159,159,0,0,11.918238993710691,0.0,24.528301886792452
"2025-04-18 19:00:00","2025-04-18 20:00:00",DL,172,172,0,0,5.284883720930233,0.0,16.86046511627907
"2025-04-18 19:00:00","2025-04-18 20:00:00",UA,143,142,1,0,53.65492957746479,0.6993006993006993,46.478873239436616
"2025-04-18 19:00:00","2025-04-18 20:00:00",WN,251,242,9,0,40.049586776859506,3.585657370517928,39.66942148760331
"2025-04-18 20:00:00","2025-04-18 21:00:00",AA,118,117,0,1,13.516949152542374,0.0,21.1864406779661
"2025-04-18 20:00:00","2025-04-18 21:00:00",DL,104,104,0,0,4.461538461538462,0.0,17.307692307692307
"2025-04-18 20:00:00","2025-04-18 21:00:00",UA,71,70,1,0,28.557142857142857,1.408450704225352,31.428571428571427
"2025-04-18 20:00:00","2025-04-18 21:00:00",WN,167,166,1,0,28.09036144578313,0.5988023952095808,33.734939759036145
"2025-04-18 21:00:00","2025-04-18 22:00:00",AA,84,84,0,0,14.726190476190476,0.0,19.047619047619047
"2025-04-18 21:00:00","2025-04-18 22:00:00",DL,94,92,0,2,9.53191489361702,0.0,7.446808510638298
"2025-04-18 21:00:00","2025-04-18 22:00:00",UA,62,62,0,0,25.241935483870968,0.0,35.483870967741936
"2025-04-18 21:00:00","2025-04-18 22:00:00",WN,176,171,5,0,31.28654970760234,2.840909090909091,34.50292397660819
"2025-04-18 22:00:00","2025-04-18 23:00:00",AA,102,102,0,0,9.715686274509803,0.0,18.627450980392158
"2025-04-18 22:00:00","2025-04-18 23:00:00",DL,96,96,0,0,0.125,0.0,9.375
"2025-04-18 22:00:00","2025-04-18 23:00:00",UA,29,29,0,0,-0.3793103448275862,0.0,3.4482758620689653
"2025-04-18 22:00:00","2025-04-18 23:00:00",WN,16,16,0,0,10.6875,0.0,25.0
"2025-04-18 23:00:00","2025-04-19 00:00:00",AA,32,29,0,3,10.5625,0.0,25.0
"2025-04-18 23:00:00","2025-04-19 00:00:00",DL,32,32,0,0,5.1875,0.0,12.5
"2025-04-18 23:00:00","2025-04-19 00:00:00",UA,34,34,0,0,8.029411764705882,0.0,17.647058823529413
"2025-04-18 23:00:00","2025-04-19 00:00:00",WN,6,6,0,0,18.0,0.0,16.666666666666668
"2025-04-19 00:00:00","2025-04-19 01:00:00",AA,9,7,0,2,-3.888888888888889,0.0,0.0
"2025-04-19 00:00:00","2025-04-19 01:00:00",DL,8,8,0,0,-1.25,0.0,12.5
"2025-04-19 00:00:00","2025-04-19 01:00:00",UA,7,7,0,0,3.0,0.0,14.285714285714286
"2025-04-19 01:00:00","2025-04-19 02:00:00",AA,1,1,0,0,-7.0,0.0,0.0
"2025-04-19 01:00:00","2025-04-19 02:00:00",DL,2,2,0,0,-10.5,0.0,0.0
"2025-04-19 01:00:00","2025-04-19 02:00:00",UA,2,2,0,0,31.0,0.0,50.0
"2025-04-19 05:00:00","2025-04-19 06:00:00",AA,102,98,0,4,12.519607843137255,0.0,12.745098039215685
"2025-04-19 05:00:00","2025-04-19 06:00:00",DL,66,66,0,0,3.621212121212121,0.0,6.0606060606060606
"2025-04-19 05:00:00","2025-04-19 06:00:00",UA,42,42,0,0,0.47619047619047616,0.0,7.142857142857143
"2025-04-19 05:00:00","2025-04-19 06:00:00",WN,116,116,0,0,1.4827586206896552,0.0,5.172413793103448
"2025-04-19 06:00:00","2025-04-19 07:00:00",AA,169,168,0,1,18.80473372781065,0.0,21.893491124260354
"2025-04-19 06:00:00","2025-04-19 07:00:00",DL,167,166,0,1,3.1497005988023954,0.0,3.592814371257485
"2025-04-19 06:00:00","2025-04-19 07:00:00",UA,125,125,0,0,-2.048,0.0,5.6
"2025-04-19 06:00:00","2025-04-19 07:00:00",WN,240,239,1,0,1.9330543933054394,0.4166666666666667,3.7656903765690375
"2025-04-19 07:00:00","2025-04-19 08:00:00",AA,208,203,5,0,20.99014778325123,2.4038461538461537,18.7192118226601
"2025-04-19 07:00:00","2025-04-19 08:00:00",DL,210,209,0,1,5.438095238095238,0.0,10.0
"2025-04-19 07:00:00","2025-04-19 08:00:00",UA,182,180,2,0,-3.088888888888889,1.098901098901099,3.888888888888889
"2025-04-19 07:00:00","2025-04-19 08:00:00",WN,230,230,0,0,4.947826086956522,0.0,10.434782608695652
"2025-04-19 08:00:00","2025-04-19 09:00:00",AA,183,176,7,0,19.84659090909091,3.8251366120218577,27.84090909090909
"2025-04-19 08:00:00","2025-04-19 09:00:00",DL,163,163,0,0,0.3558282208588957,0.0,6.748466257668712
"2025-04-19 08:00:00","2025-04-19 09:00:00",UA,144,143,1,0,3.104895104895105,0.6944444444444444,6.993006993006993
"2025-04-19 08:00:00","2025-04-19 09:00:00",WN,204,204,0,0,1.5098039215686274,0.0,6.862745098039215
"2025-04-19 09:00:00","2025-04-19 10:00:00",AA,105,99,6,0,20.707070707070706,5.714285714285714,22.22222222222222
"2025-04-19 09:00:00","2025-04-19 10:00:00",DL,132,132,0,0,1.3484848484848484,0.0,12.121212121212121
"2025-04-19 09:00:00","2025-04-19 10:00:00",UA,118,118,0,0,3.2033898305084745,0.0,11.864406779661017
"2025-04-19 09:00:00","2025-04-19 10:00:00",WN,200,200,0,0,5.08,0.0,11.0
"2025-04-19 10:00:00","2025-04-19 11:00:00",AA,139,131,8,0,25.893129770992367,5.755395683453237,35.87786259541985
"2025-04-19 10:00:00","2025-04-19 11:00:00",DL,123,123,0,0,5.813008130081301,0.0,17.073170731707318
"2025-04-19 10:00:00","2025-04-19 11:00:00",UA,102,102,0,0,1.196078431372549,0.0,10.784313725490197
"2025-04-19 10:00:00","2025-04-19 11:00:00",WN,193,193,0,0,7.564766839378239,0.0,13.471502590673575
"2025-04-19 11:00:00","2025-04-19 12:00:00",AA,126,123,3,0,31.284552845528456,2.380952380952381,35.77235772357724
"2025-04-19 11:00:00","2025-04-19 12:00:00",DL,170,170,0,0,4.523529411764706,0.0,13.529411764705882
"2025-04-19 11:00:00","2025-04-19 12:00:00",UA,99,99,0,0,0.8888888888888888,0.0,10.1010101010101
"2025-04-19 11:00:00","2025-04-19 12:00:00",WN,176,176,0,0,6.903409090909091,0.0,18.181818181818183
"2025-04-19 12:00:00","2025-04-19 13:00:00",AA,132,129,3,0,27.48062015503876,2.272727272727273,31.007751937984494
"2025-04-19 12:00:00","2025-04-19 13:00:00",DL,161,161,0,0,9.037267080745341,0.0,9.937888198757763
"2025-04-19 12:00:00","2025-04-19 13:00:00",UA,108,108,0,0,2.1481481481481484,0.0,9.25925925925926
"2025-04-19 12:00:00","2025-04-19 13:00:00",WN,194,192,2,0,7.901041666666667,1.0309278350515463,14.0625
"2025-04-19 13:00:00","2025-04-19 14:00:00",AA,130,129,1,0,20.3953488372093,0.7692307692307693,28.68217054263566
"2025-04-19 13:00:00","2025-04-19 14:00:00",DL,141,141,0,0,8.652482269503546,0.0,14.184397163120567
"2025-04-19 13:00:00","2025-04-19 14:00:00",UA,114,114,0,0,3.4649122807017543,0.0,10.526315789473685
"2025-04-19 13:00:00","2025-04-19 14:00:00",WN,229,228,0,1,6.8384279475982535,0.0,18.777292576419214
"2025-04-19 14:00:00","2025-04-19 15:00:00",AA,109,107,1,1,13.925925925925926,0.9174311926605505,24.074074074074073
"2025-04-19 14:00:00","2025-04-19 15:00:00",DL,114,114,0,0,15.666666666666666,0.0,21.05263157894737
"2025-04-19 14:00:00","2025-04-19 15:00:00",UA,113,113,0,0,4.6902654867256635,0.0,8.849557522123893
"2025-04-19 14:00:00","2025-04-19 15:00:00",WN,183,182,1,0,5.736263736263736,0.546448087431694,14.835164835164836
"2025-04-19 15:00:00","2025-04-19 16:00:00",AA,120,120,0,0,20.316666666666666,0.0,30.0
"2025-04-19 15:00:00","2025-04-19 16:00:00",DL,169,169,0,0,3.5562130177514795,0.0,11.242603550295858
"2025-04-19 15:00:00","2025-04-19 16:00:00",UA,88,88,0,0,1.7840909090909092,0.0,6.818181818181818
"2025-04-19 15:00:00","2025-04-19 16:00:00",WN,173,173,0,0,6.416184971098266,0.0,16.76300578034682
"2025-04-19 16:00:00","2025-04-19 17:00:00",AA,127,127,0,0,15.417322834645669,0.0,25.984251968503937
"2025-04-19 16:00:00","2025-04-19 17:00:00",DL,114,114,0,0,4.666666666666667,0.0,14.912280701754385
"2025-04-19 16:00:00","2025-04-19 17:00:00",UA,114,112,0,2,-0.7105263157894737,0.0,8.771929824561404
"2025-04-19 16:00:00","2025-04-19 17:00:00",WN,229,229,0,0,8.59825327510917,0.0,18.777292576419214
"2025-04-19 17:00:00","2025-04-19 18:00:00",AA,128,127,1,0,20.30708661417323,0.78125,26.771653543307085
"2025-04-19 17:00:00","2025-04-19 18:00:00",DL,124,124,0,0,7.524193548387097,0.0,16.93548387096774
"2025-04-19 17:00:00","2025-04-19 18:00:00",UA,101,101,0,0,2.900990099009901,0.0,10.891089108910892
"2025-04-19 17:00:00","2025-04-19 18:00:00",WN,175,175,0,0,6.1257142857142854,0.0,17.714285714285715
"2025-04-19 18:00:00","2025-04-19 19:00:00",AA,157,156,0,1,17.598726114649683,0.0,27.388535031847134
"2025-04-19 18:00:00","2025-04-19 19:00:00",DL,145,145,0,0,4.2,0.0,15.862068965517242
"2025-04-19 18:00:00","2025-04-19 19:00:00",UA,110,110,0,0,4.036363636363636,0.0,12.727272727272727
"2025-04-19 18:00:00","2025-04-19 19:00:00",WN,251,251,0,0,4.227091633466135,0.0,15.139442231075698
"2025-04-19 19:00:00","2025-04-19 20:00:00",AA,116,115,1,0,14.28695652173913,0.8620689655172413,28.695652173913043
"2025-04-19 19:00:00","2025-04-19 20:00:00",DL,85,85,0,0,4.541176470588235,0.0,18.823529411764707
"2025-04-19 19:00:00","2025-04-19 20:00:00",UA,107,106,0,1,4.186915887850467,0.0,12.149532710280374
"2025-04-19 19:00:00","2025-04-19 20:00:00",WN,144,144,0,0,5.986111111111111,0.0,14.583333333333334
"2025-04-19 20:00:00","2025-04-19 21:00:00",AA,114,114,0,0,21.19298245614035,0.0,35.08771929824562
"2025-04-19 20:00:00","2025-04-19 21:00:00",DL,84,84,0,0,4.559523809523809,0.0,15.476190476190476
"2025-04-19 20:00:00","2025-04-19 21:00:00",UA,64,63,1,0,0.8412698412698413,1.5625,14.285714285714286
"2025-04-19 20:00:00","2025-04-19 21:00:00",WN,111,111,0,0,7.828828828828829,0.0,24.324324324324323
"2025-04-19 21:00:00","2025-04-19 22:00:00",AA,79,79,0,0,9.848101265822784,0.0,15.189873417721518
"2025-04-19 21:00:00","2025-04-19 22:00:00",DL,77,77,0,0,5.623376623376624,0.0,14.285714285714286
"2025-04-19 21:00:00","2025-04-19 22:00:00",UA,38,38,0,0,-0.6842105263157895,0.0,5.2631578947368425
"2025-04-19 21:00:00","2025-04-19 22:00:00",WN,25,25,0,0,5.28,0.0,24.0
"2025-04-19 22:00:00","2025-04-19 23:00:00",AA,75,75,0,0,1.24,0.0,10.666666666666666
"2025-04-19 22:00:00","2025-04-19 23:00:00",DL,65,65,0,0,0.12307692307692308,0.0,6.153846153846154
"2025-04-19 22:00:00","2025-04-19 23:00:00",UA,29,29,0,0,0.1724137931034483,0.0,10.344827586206897
"2025-04-19 22:00:00","2025-04-19 23:00:00",WN,8,8,0,0,-5.125,0.0,0.0
"2025-04-19 23:00:00","2025-04-20 00:00:00",AA,28,27,1,0,20.814814814814813,3.5714285714285716,37.03703703703704
"2025-04-19 23:00:00","2025-04-20 00:00:00",DL,28,28,0,0,21.285714285714285,0.0,21.428571428571427
"2025-04-19 23:00:00","2025-04-20 00:00:00",UA,34,34,0,0,14.205882352941176,0.0,8.823529411764707
"2025-04-19 23:00:00","2025-04-20 00:00:00",WN,6,6,0,0,-6.0,0.0,0.0
"2025-04-20 00:00:00","2025-04-20 01:00:00",AA,9,9,0,0,5.888888888888889,0.0,33.333333333333336
"2025-04-20 00:00:00","2025-04-20 01:00:00",DL,4,4,0,0,1.25,0.0,25.0
"2025-04-20 00:00:00","2025-04-20 01:00:00",UA,7,7,0,0,-7.0,0.0,0.0
"2025-04-20 01:00:00","2025-04-20 02:00:00",DL,2,2,0,0,-10.0,0.0,0.0
"2025-04-20 01:00:00","2025-04-20 02:00:00",UA,1,1,0,0,-7.0,0.0,0.0
"2025-04-20 05:00:00","2025-04-20 06:00:00",AA,94,93,0,1,4.212765957446808,0.0,15.957446808510639
"2025-04-20 05:00:00","2025-04-20 06:00:00",DL,69,69,0,0,3.7971014492753623,0.0,4.3478260869565215
"2025-04-20 05:00:00","2025-04-20 06:00:00",UA,42,42,0,0,5.833333333333333,0.0,14.285714285714286
"2025-04-20 05:00:00","2025-04-20 06:00:00",WN,110,110,0,0,-3.272727272727273,0.0,1.8181818181818181
"2025-04-20 06:00:00","2025-04-20 07:00:00",AA,168,168,0,0,20.386904761904763,0.0,18.452380952380953
"2025-04-20 06:00:00","2025-04-20 07:00:00",DL,170,169,1,0,4.284023668639053,0.5882352941176471,7.100591715976331
"2025-04-20 06:00:00","2025-04-20 07:00:00",UA,122,121,1,0,-4.190082644628099,0.819672131147541,0.8264462809917356
"2025-04-20 06:00:00","2025-04-20 07:00:00",WN,285,284,0,1,-1.8771929824561404,0.0,3.508771929824561
"2025-04-20 07:00:00","2025-04-20 08:00:00",AA,191,189,2,0,8.73015873015873,1.0471204188481675,19.047619047619047
"2025-04-20 07:00:00","2025-04-20 08:00:00",DL,241,241,0,0,1.058091286307054,0.0,7.8838174273858925
"2025-04-20 07:00:00","2025-04-20 08:00:00",UA,184,182,1,1,1.8633879781420766,0.5434782608695652,7.103825136612022
"2025-04-20 07:00:00","2025-04-20 08:00:00",WN,208,207,1,0,-0.8888888888888888,0.4807692307692308,5.797101449275362
"2025-04-20 08:00:00","2025-04-20 09:00:00",AA,207,203,3,1,8.093137254901961,1.4492753623188406,15.196078431372548
"2025-04-20 08:00:00","2025-04-20 09:00:00",DL,192,192,0,0,5.026041666666667,0.0,13.020833333333334
"2025-04-20 08:00:00","2025-04-20 09:00:00",UA,162,162,0,0,4.382716049382716,0.0,9.876543209876543
"2025-04-20 08:00:00","2025-04-20 09:00:00",WN,266,266,0,0,-0.3007518796992481,0.0,6.015037593984962
"2025-04-20 09:00:00","2025-04-20 10:00:00",AA,119,117,2,0,7.957264957264957,1.680672268907563,17.94871794871795
"2025-04-20 09:00:00","2025-04-20 10:00:00",DL,130,130,0,0,6.7846153846153845,0.0,10.0
"2025-04-20 09:00:00","2025-04-20 10:00:00",UA,129,128,1,0,9.078125,0.7751937984496124,11.71875
"2025-04-20 09:00:00","2025-04-20 10:00:00",WN,196,196,0,0,0.47959183673469385,0.0,8.16326530612245
"2025-04-20 10:00:00","2025-04-20 11:00:00",AA,152,150,1,1,22.218543046357617,0.6578947368421053,30.4635761589404
"2025-04-20 10:00:00","2025-04-20 11:00:00",DL,155,155,0,0,2.0516129032258066,0.0,8.387096774193548
"2025-04-20 10:00:00","2025-04-20 11:00:00",UA,123,122,0,1,18.84552845528455,0.0,20.32520325203252
"2025-04-20 10:00:00","2025-04-20 11:00:00",WN,244,244,0,0,4.954918032786885,0.0,10.245901639344263
"2025-04-20 11:00:00","2025-04-20 12:00:00",AA,147,146,1,0,8.972602739726028,0.6802721088435374,19.17808219178082
"2025-04-20 11:00:00","2025-04-20 12:00:00",DL,203,203,0,0,5.891625615763547,0.0,15.763546798029557
"2025-04-20 11:00:00","2025-04-20 12:00:00",UA,114,114,0,0,27.973684210526315,0.0,21.92982456140351
"2025-04-20 11:00:00","2025-04-20 12:00:00",WN,196,196,0,0,3.2244897959183674,0.0,8.16326530612245
"2025-04-20 12:00:00","2025-04-20 13:00:00",AA,130,129,1,0,20.31782945736434,0.7692307692307693,21.705426356589147
"2025-04-20 12:00:00","2025-04-20 13:00:00",DL,150,150,0,0,6.093333333333334,0.0,10.0
"2025-04-20 12:00:00","2025-04-20 13:00:00",UA,104,98,1,5,31.553398058252426,0.9615384615384616,16.50485436893204
"2025-04-20 12:00:00","2025-04-20 13:00:00",WN,220,219,1,0,4.735159817351598,0.45454545454545453,11.872146118721462
"2025-04-20 13:00:00","2025-04-20 14:00:00",AA,146,144,1,1,12.944827586206896,0.684931506849315,20.689655172413794
"2025-04-20 13:00:00","2025-04-20 14:00:00",DL,142,142,0,0,7.97887323943662,0.0,17.6056338028169
"2025-04-20 13:00:00","2025-04-20 14:00:00",UA,121,119,0,2,12.173553719008265,0.0,12.396694214876034
"2025-04-20 13:00:00","2025-04-20 14:00:00",WN,251,251,0,0,2.912350597609562,0.0,11.155378486055778
"2025-04-20 14:00:00","2025-04-20 15:00:00",AA,129,128,0,1,20.767441860465116,0.0,22.48062015503876
"2025-04-20 14:00:00","2025-04-20 15:00:00",DL,133,133,0,0,3.4210526315789473,0.0,12.030075187969924
"2025-04-20 14:00:00","2025-04-20 15:00:00",UA,119,113,0,6,32.60504201680672,0.0,36.134453781512605
"2025-04-20 14:00:00","2025-04-20 15:00:00",WN,204,204,0,0,5.397058823529412,0.0,11.764705882352942
"2025-04-20 15:00:00","2025-04-20 16:00:00",AA,130,129,0,1,15.715384615384615,0.0,27.692307692307693
"2025-04-20 15:00:00","2025-04-20 16:00:00",DL,185,184,0,1,7.632432432432433,0.0,15.135135135135135
"2025-04-20 15:00:00","2025-04-20 16:00:00",UA,96,94,0,2,43.958333333333336,0.0,29.166666666666668
"2025-04-20 15:00:00","2025-04-20 16:00:00",WN,244,243,1,0,4.724279835390947,0.4098360655737705,14.814814814814815
"2025-04-20 16:00:00","2025-04-20 17:00:00",AA,131,130,0,1,28.740458015267176,0.0,29.770992366412212
"2025-04-20 16:00:00","2025-04-20 17:00:00",DL,132,132,0,0,8.234848484848484,0.0,17.424242424242426
"2025-04-20 16:00:00","2025-04-20 17:00:00",UA,129,127,1,1,32.8046875,0.7751937984496124,24.21875
"2025-04-20 16:00:00","2025-04-20 17:00:00",WN,212,212,0,0,6.6084905660377355,0.0,12.735849056603774
"2025-04-20 17:00:00","2025-04-20 18:00:00",AA,148,148,0,0,19.614864864864863,0.0,31.756756756756758
"2025-04-20 17:00:00","2025-04-20 18:00:00",DL,163,163,0,0,10.098159509202453,0.0,18.404907975460123
"2025-04-20 17:00:00","2025-04-20 18:00:00",UA,115,113,1,1,11.850877192982455,0.8695652173913043,22.80701754385965
"2025-04-20 17:00:00","2025-04-20 18:00:00",WN,211,211,0,0,9.369668246445498,0.0,19.90521327014218
"2025-04-20 18:00:00","2025-04-20 19:00:00",AA,161,161,0,0,23.459627329192546,0.0,27.950310559006212
"2025-04-20 18:00:00","2025-04-20 19:00:00",DL,161,161,0,0,10.944099378881987,0.0,15.527950310559007
"2025-04-20 18:00:00","2025-04-20 19:00:00",UA,137,137,0,0,25.824817518248175,0.0,28.467153284671532
"2025-04-20 18:00:00","2025-04-20 19:00:00",WN,224,223,0,1,13.339285714285714,0.0,23.214285714285715
"2025-04-20 19:00:00","2025-04-20 20:00:00",AA,152,152,0,0,34.78947368421053,0.0,29.605263157894736
"2025-04-20 19:00:00","2025-04-20 20:00:00",DL,160,160,0,0,9.9125,0.0,22.5
"2025-04-20 19:00:00","2025-04-20 20:00:00",UA,122,122,0,0,34.86065573770492,0.0,36.885245901639344
"2025-04-20 19:00:00","2025-04-20 20:00:00",WN,220,219,0,1,14.763636363636364,0.0,26.363636363636363
"2025-04-20 20:00:00","2025-04-20 21:00:00",AA,132,132,0,0,28.863636363636363,0.0,34.09090909090909
"2025-04-20 20:00:00","2025-04-20 21:00:00",DL,114,113,1,0,6.522123893805309,0.8771929824561403,19.469026548672566
"2025-04-20 20:00:00","2025-04-20 21:00:00",UA,82,81,1,0,64.28395061728395,1.2195121951219512,59.25925925925926
"2025-04-20 20:00:00","2025-04-20 21:00:00",WN,266,266,0,0,10.571428571428571,0.0,20.67669172932331
"2025-04-20 21:00:00","2025-04-20 22:00:00",AA,79,78,0,1,19.759493670886076,0.0,31.645569620253166
"2025-04-20 21:00:00","2025-04-20 22:00:00",DL,90,90,0,0,5.466666666666667,0.0,13.333333333333334
"2025-04-20 21:00:00","2025-04-20 22:00:00",UA,59,59,0,0,31.084745762711865,0.0,37.28813559322034
"2025-04-20 21:00:00","2025-04-20 22:00:00",WN,166,166,0,0,15.331325301204819,0.0,29.518072289156628
"2025-04-20 22:00:00","2025-04-20 23:00:00",AA,104,104,0,0,20.76923076923077,0.0,21.153846153846153
"2025-04-20 22:00:00","2025-04-20 23:00:00",DL,99,99,0,0,3.606060606060606,0.0,13.131313131313131
"2025-04-20 22:00:00","2025-04-20 23:00:00",UA,35,35,0,0,42.48571428571429,0.0,28.571428571428573
"2025-04-20 22:00:00","2025-04-20 23:00:00",WN,130,130,0,0,9.884615384615385,0.0,22.307692307692307
"2025-04-20 23:00:00","2025-04-21 00:00:00",AA,29,29,0,0,11.96551724137931,0.0,31.03448275862069
"2025-04-20 23:00:00","2025-04-21 00:00:00",DL,33,33,0,0,-1.393939393939394,0.0,6.0606060606060606
"2025-04-20 23:00:00","2025-04-21 00:00:00",UA,33,33,0,0,3.696969696969697,0.0,12.121212121212121
"2025-04-20 23:00:00","2025-04-21 00:00:00",WN,7,7,0,0,0.8571428571428571,0.0,14.285714285714286
"2025-04-21 00:00:00","2025-04-21 01:00:00",AA,9,9,0,0,3.7777777777777777,0.0,22.22222222222222
"2025-04-21 00:00:00","2025-04-21 01:00:00",DL,8,8,0,0,-1.25,0.0,12.5
"2025-04-21 00:00:00","2025-04-21 01:00:00",UA,8,8,0,0,7.625,0.0,25.0
"2025-04-21 01:00:00","2025-04-21 02:00:00",AA,1,1,0,0,-4.0,0.0,0.0
"2025-04-21 01:00:00","2025-04-21 02:00:00",DL,2,2,0,0,-20.0,0.0,0.0
"2025-04-21 01:00:00","2025-04-21 02:00:00",UA,2,2,0,0,22.0,0.0,50.0
"2025-04-21 05:00:00","2025-04-21 06:00:00",AA,104,104,0,0,17.346153846153847,0.0,10.576923076923077
"2025-04-21 05:00:00","2025-04-21 06:00:00",DL,64,64,0,0,11.65625,0.0,7.8125
"2025-04-21 05:00:00","2025-04-21 06:00:00",UA,42,42,0,0,19.30952380952381,0.0,16.666666666666668
"2025-04-21 05:00:00","2025-04-21 06:00:00",WN,199,194,0,5,-0.9346733668341709,0.0,3.5175879396984926
"2025-04-21 06:00:00","2025-04-21 07:00:00",AA,174,174,0,0,9.735632183908047,0.0,9.770114942528735
"2025-04-21 06:00:00","2025-04-21 07:00:00",DL,171,171,0,0,-0.43859649122807015,0.0,4.678362573099415
"2025-04-21 06:00:00","2025-04-21 07:00:00",UA,123,122,1,0,6.614754098360656,0.8130081300813008,11.475409836065573
"2025-04-21 06:00:00","2025-04-21 07:00:00",WN,256,251,0,5,0.38671875,0.0,3.90625
"2025-04-21 07:00:00","2025-04-21 08:00:00",AA,222,222,0,0,7.837837837837838,0.0,10.81081081081081
"2025-04-21 07:00:00","2025-04-21 08:00:00",DL,230,230,0,0,0.391304347826087,0.0,6.956521739130435
"2025-04-21 07:00:00","2025-04-21 08:00:00",UA,191,190,0,1,15.680628272251308,0.0,17.801047120418847
"2025-04-21 07:00:00","2025-04-21 08:00:00",WN,247,244,0,3,10.809716599190283,0.0,8.906882591093117
"2025-04-21 08:00:00","2025-04-21 09:00:00",AA,200,200,0,0,4.79,0.0,13.0
"2025-04-21 08:00:00","2025-04-21 09:00:00",DL,192,191,0,1,2.6302083333333335,0.0,8.333333333333334
"2025-04-21 08:00:00","2025-04-21 09:00:00",UA,160,160,0,0,9.75,0.0,14.375
"2025-04-21 08:00:00","2025-04-21 09:00:00",WN,235,234,1,0,18.03846153846154,0.425531914893617,13.675213675213675
"2025-04-21 09:00:00","2025-04-21 10:00:00",AA,116,116,0,0,13.008620689655173,0.0,18.103448275862068
"2025-04-21 09:00:00","2025-04-21 10:00:00",DL,121,121,0,0,0.5619834710743802,0.0,8.264462809917354
"2025-04-21 09:00:00","2025-04-21 10:00:00",UA,124,124,0,0,16.298387096774192,0.0,25.0
"2025-04-21 09:00:00","2025-04-21 10:00:00",WN,208,208,0,0,15.557692307692308,0.0,14.903846153846153
"2025-04-21 10:00:00","2025-04-21 11:00:00",AA,148,148,0,0,9.20945945945946,0.0,19.594594594594593
"2025-04-21 10:00:00","2025-04-21 11:00:00",DL,155,155,0,0,1.6258064516129032,0.0,10.32258064516129
"2025-04-21 10:00:00","2025-04-21 11:00:00",UA,117,116,1,0,16.655172413793103,0.8547008547008547,27.586206896551722
"2025-04-21 10:00:00","2025-04-21 11:00:00",WN,223,220,3,0,24.37727272727273,1.345291479820628,21.363636363636363
"2025-04-21 11:00:00","2025-04-21 12:00:00",AA,161,161,0,0,12.857142857142858,0.0,22.981366459627328
"2025-04-21 11:00:00","2025-04-21 12:00:00",DL,210,209,1,0,4.55023923444976,0.47619047619047616,14.832535885167465
"2025-04-21 11:00:00","2025-04-21 12:00:00",UA,122,121,1,0,20.975206611570247,0.819672131147541,27.272727272727273
"2025-04-21 11:00:00","2025-04-21 12:00:00",WN,235,231,4,0,21.476190476190474,1.702127659574468,22.51082251082251
"2025-04-21 12:00:00","2025-04-21 13:00:00",AA,138,138,0,0,10.594202898550725,0.0,21.73913043478261
"2025-04-21 12:00:00","2025-04-21 13:00:00",DL,170,170,0,0,9.288235294117648,0.0,15.294117647058824
"2025-04-21 12:00:00","2025-04-21 13:00:00",UA,107,107,0,0,25.065420560747665,0.0,31.77570093457944
"2025-04-21 12:00:00","2025-04-21 13:00:00",WN,217,212,4,1,23.399061032863848,1.8433179723502304,24.413145539906104
"2025-04-21 13:00:00","2025-04-21 14:00:00",AA,141,140,0,1,22.624113475177303,0.0,22.69503546099291
"2025-04-21 13:00:00","2025-04-21 14:00:00",DL,140,139,0,1,2.414285714285714,0.0,8.571428571428571
"2025-04-21 13:00:00","2025-04-21 14:00:00",UA,116,116,0,0,12.96551724137931,0.0,18.96551724137931
"2025-04-21 13:00:00","2025-04-21 14:00:00",WN,226,226,0,0,22.43362831858407,0.0,26.106194690265486
"2025-04-21 14:00:00","2025-04-21 15:00:00",AA,133,133,0,0,10.842105263157896,0.0,25.56390977443609
"2025-04-21 14:00:00","2025-04-21 15:00:00",DL,140,139,0,1,11.835714285714285,0.0,17.142857142857142
"2025-04-21 14:00:00","2025-04-21 15:00:00",UA,116,116,0,0,23.43103448275862,0.0,31.896551724137932
"2025-04-21 14:00:00","2025-04-21 15:00:00",WN,213,213,0,0,23.366197183098592,0.0,29.107981220657276
"2025-04-21 15:00:00","2025-04-21 16:00:00",AA,141,141,0,0,20.30496453900709,0.0,34.04255319148936
"2025-04-21 15:00:00","2025-04-21 16:00:00",DL,183,183,0,0,10.71584699453552,0.0,15.846994535519126
"2025-04-21 15:00:00","2025-04-21 16:00:00",UA,100,99,0,1,18.28,0.0,22.0
"2025-04-21 15:00:00","2025-04-21 16:00:00",WN,223,223,0,0,27.457399103139014,0.0,34.97757847533632
"2025-04-21 16:00:00","2025-04-21 17:00:00",AA,121,121,0,0,23.25619834710744,0.0,29.75206611570248
"2025-04-21 16:00:00","2025-04-21 17:00:00",DL,120,120,0,0,10.283333333333333,0.0,17.5
"2025-04-21 16:00:00","2025-04-21 17:00:00",UA,123,123,0,0,19.008130081300813,0.0,27.642276422764226
"2025-04-21 16:00:00","2025-04-21 17:00:00",WN,194,194,0,0,31.757731958762886,0.0,38.65979381443299
"2025-04-21 17:00:00","2025-04-21 18:00:00",AA,149,149,0,0,17.563758389261746,0.0,25.503355704697988
"2025-04-21 17:00:00","2025-04-21 18:00:00",DL,167,167,0,0,6.11377245508982,0.0,15.568862275449101
"2025-04-21 17:00:00","2025-04-21 18:00:00",UA,119,119,0,0,17.596638655462186,0.0,24.369747899159663
"2025-04-21 17:00:00","2025-04-21 18:00:00",WN,221,220,1,0,28.686363636363637,0.45248868778280543,38.63636363636363
"2025-04-21 18:00:00","2025-04-21 19:00:00",AA,158,157,0,1,20.227848101265824,0.0,31.0126582278481
"2025-04-21 18:00:00","2025-04-21 19:00:00",DL,166,166,0,0,9.493975903614459,0.0,24.096385542168676
"2025-04-21 18:00:00","2025-04-21 19:00:00",UA,128,127,1,0,26.488188976377952,0.78125,29.133858267716537
"2025-04-21 18:00:00","2025-04-21 19:00:00",WN,262,261,1,0,24.60153256704981,0.3816793893129771,36.015325670498086
"2025-04-21 19:00:00","2025-04-21 20:00:00",AA,146,146,0,0,14.89041095890411,0.0,30.82191780821918
"2025-04-21 19:00:00","2025-04-21 20:00:00",DL,146,146,0,0,14.842465753424657,0.0,26.027397260273972
"2025-04-21 19:00:00","2025-04-21 20:00:00",UA,123,123,0,0,15.821138211382113,0.0,29.26829268292683
"2025-04-21 19:00:00","2025-04-21 20:00:00",WN,226,225,1,0,28.404444444444444,0.4424778761061947,35.111111111111114
"2025-04-21 20:00:00","2025-04-21 21:00:00",AA,123,123,0,0,18.24390243902439,0.0,27.642276422764226
"2025-04-21 20:00:00","2025-04-21 21:00:00",DL,104,104,0,0,8.317307692307692,0.0,20.192307692307693
"2025-04-21 20:00:00","2025-04-21 21:00:00",UA,74,74,0,0,23.08108108108108,0.0,36.486486486486484
"2025-04-21 20:00:00","2025-04-21 21:00:00",WN,170,170,0,0,25.63529411764706,0.0,33.529411764705884
"2025-04-21 21:00:00","2025-04-21 22:00:00",AA,80,80,0,0,18.85,0.0,28.75
"2025-04-21 21:00:00","2025-04-21 22:00:00",DL,99,99,0,0,8.767676767676768,0.0,25.252525252525253
"2025-04-21 21:00:00","2025-04-21 22:00:00",UA,54,54,0,0,6.851851851851852,0.0,22.22222222222222
"2025-04-21 21:00:00","2025-04-21 22:00:00",WN,189,189,0,0,21.767195767195766,0.0,39.682539682539684
"2025-04-21 22:00:00","2025-04-21 23:00:00",AA,97,97,0,0,11.742268041237113,0.0,20.61855670103093
"2025-04-21 22:00:00","2025-04-21 23:00:00",DL,104,104,0,0,5.778846153846154,0.0,19.23076923076923
"2025-04-21 22:00:00","2025-04-21 23:00:00",UA,31,31,0,0,3.6774193548387095,0.0,16.129032258064516
"2025-04-21 22:00:00","2025-04-21 23:00:00",WN,16,16,0,0,9.0625,0.0,31.25
"2025-04-21 23:00:00","2025-04-22 00:00:00",AA,31,31,0,0,2.774193548387097,0.0,9.67741935483871
"2025-04-21 23:00:00","2025-04-22 00:00:00",DL,32,32,0,0,6.1875,0.0,21.875
"2025-04-21 23:00:00","2025-04-22 00:00:00",UA,30,30,0,0,4.233333333333333,0.0,10.0
"2025-04-21 23:00:00","2025-04-22 00:00:00",WN,6,6,0,0,-1.5,0.0,0.0
"2025-04-22 00:00:00","2025-04-22 01:00:00",AA,9,9,0,0,1.0,0.0,11.11111111111111
"2025-04-22 00:00:00","2025-04-22 01:00:00",DL,8,8,0,0,-3.75,0.0,12.5
"2025-04-22 00:00:00","2025-04-22 01:00:00",UA,8,8,0,0,1.25,0.0,12.5
"2025-04-22 01:00:00","2025-04-22 02:00:00",AA,1,1,0,0,2.0,0.0,0.0
"2025-04-22 01:00:00","2025-04-22 02:00:00",DL,2,2,0,0,11.5,0.0,50.0
"2025-04-22 01:00:00","2025-04-22 02:00:00",UA,1,1,0,0,22.0,0.0,100.0
"2025-04-22 05:00:00","2025-04-22 06:00:00",AA,100,100,0,0,28.58,0.0,9.0
"2025-04-22 05:00:00","2025-04-22 06:00:00",DL,70,70,0,0,-5.285714285714286,0.0,1.4285714285714286
"2025-04-22 05:00:00","2025-04-22 06:00:00",UA,36,36,0,0,-2.9444444444444446,0.0,2.7777777777777777
"2025-04-22 05:00:00","2025-04-22 06:00:00",WN,79,79,0,0,-3.151898734177215,0.0,0.0
"2025-04-22 06:00:00","2025-04-22 07:00:00",AA,175,175,0,0,6.72,0.0,2.857142857142857
"2025-04-22 06:00:00","2025-04-22 07:00:00",DL,173,173,0,0,-2.040462427745665,0.0,4.046242774566474
"2025-04-22 06:00:00","2025-04-22 07:00:00",UA,114,114,0,0,1.0614035087719298,0.0,8.771929824561404
"2025-04-22 06:00:00","2025-04-22 07:00:00",WN,255,255,0,0,-1.780392156862745,0.0,2.3529411764705883
"2025-04-22 07:00:00","2025-04-22 08:00:00",AA,192,192,0,0,2.9375,0.0,8.333333333333334
"2025-04-22 07:00:00","2025-04-22 08:00:00",DL,226,226,0,0,-0.46017699115044247,0.0,4.867256637168142
"2025-04-22 07:00:00","2025-04-22 08:00:00",UA,179,178,0,1,-1.7094972067039107,0.0,6.70391061452514
"2025-04-22 07:00:00","2025-04-22 08:00:00",WN,212,212,0,0,-2.5849056603773586,0.0,0.9433962264150944
"2025-04-22 08:00:00","2025-04-22 09:00:00",AA,192,192,0,0,17.364583333333332,0.0,11.458333333333334
"2025-04-22 08:00:00","2025-04-22 09:00:00",DL,191,191,0,0,-0.450261780104712,0.0,5.7591623036649215
"2025-04-22 08:00:00","2025-04-22 09:00:00",UA,158,158,0,0,-2.3227848101265822,0.0,5.063291139240507
"2025-04-22 08:00:00","2025-04-22 09:00:00",WN,289,289,0,0,-0.9134948096885813,0.0,2.0761245674740483
"2025-04-22 09:00:00","2025-04-22 10:00:00",AA,121,121,0,0,6.371900826446281,0.0,12.396694214876034
"2025-04-22 09:00:00","2025-04-22 10:00:00",DL,119,119,0,0,0.29411764705882354,0.0,7.563025210084033
"2025-04-22 09:00:00","2025-04-22 10:00:00",UA,124,124,0,0,4.870967741935484,0.0,8.064516129032258
"2025-04-22 09:00:00","2025-04-22 10:00:00",WN,177,177,0,0,1.96045197740113,0.0,7.344632768361582
"2025-04-22 10:00:00","2025-04-22 11:00:00",AA,149,149,0,0,6.154362416107382,0.0,17.449664429530202
"2025-04-22 10:00:00","2025-04-22 11:00:00",DL,154,154,0,0,0.06493506493506493,0.0,8.441558441558442
"2025-04-22 10:00:00","2025-04-22 11:00:00",UA,120,120,0,0,0.18333333333333332,0.0,10.0
"2025-04-22 10:00:00","2025-04-22 11:00:00",WN,252,252,0,0,1.7936507936507937,0.0,6.746031746031746
"2025-04-22 11:00:00","2025-04-22 12:00:00",AA,147,147,0,0,1.9183673469387754,0.0,11.564625850340136
"2025-04-22 11:00:00","2025-04-22 12:00:00",DL,202,202,0,0,-1.0544554455445545,0.0,5.445544554455446
"2025-04-22 11:00:00","2025-04-22 12:00:00",UA,113,113,0,0,0.5929203539823009,0.0,8.849557522123893
"2025-04-22 11:00:00","2025-04-22 12:00:00",WN,214,213,1,0,4.835680751173709,0.4672897196261682,9.859154929577464
"2025-04-22 12:00:00","2025-04-22 13:00:00",AA,136,136,0,0,6.235294117647059,0.0,10.294117647058824
"2025-04-22 12:00:00","2025-04-22 13:00:00",DL,176,176,0,0,-0.9147727272727273,0.0,5.681818181818182
"2025-04-22 12:00:00","2025-04-22 13:00:00",UA,117,117,0,0,1.4700854700854702,0.0,8.547008547008547
"2025-04-22 12:00:00","2025-04-22 13:00:00",WN,215,215,0,0,3.1906976744186046,0.0,9.767441860465116
"2025-04-22 13:00:00","2025-04-22 14:00:00",AA,142,142,0,0,5.47887323943662,0.0,14.788732394366198
"2025-04-22 13:00:00","2025-04-22 14:00:00",DL,140,140,0,0,-1.457142857142857,0.0,5.0
"2025-04-22 13:00:00","2025-04-22 14:00:00",UA,115,115,0,0,6.8,0.0,13.91304347826087
"2025-04-22 13:00:00","2025-04-22 14:00:00",WN,232,232,0,0,3.7241379310344827,0.0,11.637931034482758
"2025-04-22 14:00:00","2025-04-22 15:00:00",AA,123,123,0,0,10.373983739837398,0.0,13.008130081300813
"2025-04-22 14:00:00","2025-04-22 15:00:00",DL,139,139,0,0,0.7553956834532374,0.0,8.633093525179856
"2025-04-22 14:00:00","2025-04-22 15:00:00",UA,112,112,0,0,3.4107142857142856,0.0,9.821428571428571
"2025-04-22 14:00:00","2025-04-22 15:00:00",WN,203,202,0,1,2.394088669950739,0.0,10.344827586206897
"2025-04-22 15:00:00","2025-04-22 16:00:00",AA,133,133,0,0,3.300751879699248,0.0,8.270676691729323
"2025-04-22 15:00:00","2025-04-22 16:00:00",DL,181,181,0,0,0.46408839779005523,0.0,8.839779005524862
"2025-04-22 15:00:00","2025-04-22 16:00:00",UA,95,95,0,0,5.505263157894737,0.0,10.526315789473685
"2025-04-22 15:00:00","2025-04-22 16:00:00",WN,207,207,0,0,5.545893719806763,0.0,14.009661835748792
"2025-04-22 16:00:00","2025-04-22 17:00:00",AA,125,125,0,0,17.792,0.0,21.6
"2025-04-22 16:00:00","2025-04-22 17:00:00",DL,122,121,0,1,2.6065573770491803,0.0,9.836065573770492
"2025-04-22 16:00:00","2025-04-22 17:00:00",UA,132,132,0,0,5.583333333333333,0.0,9.848484848484848
"2025-04-22 16:00:00","2025-04-22 17:00:00",WN,206,205,1,0,3.546341463414634,0.4854368932038835,10.24390243902439
"2025-04-22 17:00:00","2025-04-22 18:00:00",AA,139,139,0,0,4.39568345323741,0.0,15.107913669064748
"2025-04-22 17:00:00","2025-04-22 18:00:00",DL,155,155,0,0,-0.4129032258064516,0.0,8.387096774193548
"2025-04-22 17:00:00","2025-04-22 18:00:00",UA,102,102,0,0,2.9215686274509802,0.0,10.784313725490197
"2025-04-22 17:00:00","2025-04-22 18:00:00",WN,220,220,0,0,5.5590909090909095,0.0,16.363636363636363
"2025-04-22 18:00:00","2025-04-22 19:00:00",AA,143,143,0,0,13.671328671328672,0.0,24.475524475524477
"2025-04-22 18:00:00","2025-04-22 19:00:00",DL,145,145,0,0,2.924137931034483,0.0,12.413793103448276
"2025-04-22 18:00:00","2025-04-22 19:00:00",UA,106,106,0,0,6.773584905660377,0.0,16.037735849056602
"2025-04-22 18:00:00","2025-04-22 19:00:00",WN,226,226,0,0,3.0486725663716814,0.0,11.946902654867257
"2025-04-22 19:00:00","2025-04-22 20:00:00",AA,139,138,0,1,9.76978417266187,0.0,17.26618705035971
"2025-04-22 19:00:00","2025-04-22 20:00:00",DL,109,109,0,0,-0.6697247706422018,0.0,9.174311926605505
"2025-04-22 19:00:00","2025-04-22 20:00:00",UA,114,114,0,0,0.37719298245614036,0.0,9.649122807017545
"2025-04-22 19:00:00","2025-04-22 20:00:00",WN,220,220,0,0,3.309090909090909,0.0,13.181818181818182
"2025-04-22 20:00:00","2025-04-22 21:00:00",AA,122,121,0,1,8.475409836065573,0.0,19.672131147540984
"2025-04-22 20:00:00","2025-04-22 21:00:00",DL,91,91,0,0,5.923076923076923,0.0,16.483516483516482
"2025-04-22 20:00:00","2025-04-22 21:00:00",UA,75,75,0,0,2.6133333333333333,0.0,14.666666666666666
"2025-04-22 20:00:00","2025-04-22 21:00:00",WN,171,171,0,0,0.7894736842105263,0.0,7.60233918128655
"2025-04-22 21:00:00","2025-04-22 22:00:00",AA,82,82,0,0,3.9634146341463414,0.0,12.195121951219512
"2025-04-22 21:00:00","2025-04-22 22:00:00",DL,78,78,0,0,2.08974358974359,0.0,8.974358974358974
"2025-04-22 21:00:00","2025-04-22 22:00:00",UA,38,38,0,0,1.5,0.0,7.894736842105263
"2025-04-22 21:00:00","2025-04-22 22:00:00",WN,94,94,0,0,0.9574468085106383,0.0,6.382978723404255
"2025-04-22 22:00:00","2025-04-22 23:00:00",AA,97,97,0,0,2.2371134020618557,0.0,9.278350515463918
"2025-04-22 22:00:00","2025-04-22 23:00:00",DL,96,96,0,0,0.8854166666666666,0.0,8.333333333333334
"2025-04-22 22:00:00","2025-04-22 23:00:00",UA,31,31,0,0,-3.806451612903226,0.0,6.451612903225806
"2025-04-22 22:00:00","2025-04-22 23:00:00",WN,6,6,0,0,-1.6666666666666667,0.0,0.0
"2025-04-22 23:00:00","2025-04-23 00:00:00",AA,29,27,0,2,16.586206896551722,0.0,13.793103448275861
"2025-04-22 23:00:00","2025-04-23 00:00:00",DL,27,27,0,0,-3.259259259259259,0.0,3.7037037037037037
"2025-04-22 23:00:00","2025-04-23 00:00:00",UA,31,31,0,0,3.4193548387096775,0.0,6.451612903225806
"2025-04-22 23:00:00","2025-04-23 00:00:00",WN,5,5,0,0,-1.2,0.0,0.0
"2025-04-23 00:00:00","2025-04-23 01:00:00",AA,6,5,0,1,-2.0,0.0,0.0
"2025-04-23 00:00:00","2025-04-23 01:00:00",DL,4,4,0,0,3.0,0.0,25.0
"2025-04-23 00:00:00","2025-04-23 01:00:00",UA,7,7,0,0,-3.5714285714285716,0.0,0.0
"2025-04-23 01:00:00","2025-04-23 02:00:00",AA,1,1,0,0,-13.0,0.0,0.0
"2025-04-23 01:00:00","2025-04-23 02:00:00",DL,2,2,0,0,-7.0,0.0,0.0
"2025-04-23 01:00:00","2025-04-23 02:00:00",UA,1,1,0,0,-4.0,0.0,0.0
"2025-04-23 05:00:00","2025-04-23 06:00:00",AA,107,102,0,5,14.710280373831775,0.0,20.560747663551403
"2025-04-23 05:00:00","2025-04-23 06:00:00",DL,68,68,0,0,9.323529411764707,0.0,10.294117647058824
"2025-04-23 05:00:00","2025-04-23 06:00:00",UA,37,37,0,0,-5.0,0.0,2.7027027027027026
"2025-04-23 05:00:00","2025-04-23 06:00:00",WN,83,82,0,1,3.0963855421686746,0.0,10.843373493975903
"2025-04-23 06:00:00","2025-04-23 07:00:00",AA,183,182,0,1,23.240437158469945,0.0,27.868852459016395
"2025-04-23 06:00:00","2025-04-23 07:00:00",DL,179,179,0,0,0.7262569832402235,0.0,4.4692737430167595
"2025-04-23 06:00:00","2025-04-23 07:00:00",UA,119,119,0,0,-0.8991596638655462,0.0,5.042016806722689
"2025-04-23 06:00:00","2025-04-23 07:00:00",WN,283,282,0,1,5.706713780918728,0.0,11.66077738515901
"2025-04-23 07:00:00","2025-04-23 08:00:00",AA,210,210,0,0,18.37142857142857,0.0,25.238095238095237
"2025-04-23 07:00:00","2025-04-23 08:00:00",DL,222,222,0,0,-0.6621621621621622,0.0,5.8558558558558556
"2025-04-23 07:00:00","2025-04-23 08:00:00",UA,174,174,0,0,3.9770114942528734,0.0,9.770114942528735
"2025-04-23 07:00:00","2025-04-23 08:00:00",WN,199,199,0,0,4.482412060301508,0.0,12.06030150753769
"2025-04-23 08:00:00","2025-04-23 09:00:00",AA,183,183,0,0,30.098360655737704,0.0,26.229508196721312
"2025-04-23 08:00:00","2025-04-23 09:00:00",DL,169,169,0,0,1.7810650887573964,0.0,7.6923076923076925
"2025-04-23 08:00:00","2025-04-23 09:00:00",UA,144,144,0,0,1.5694444444444444,0.0,9.722222222222221
"2025-04-23 08:00:00","2025-04-23 09:00:00",WN,265,265,0,0,5.29433962264151,0.0,10.18867924528302
"2025-04-23 09:00:00","2025-04-23 10:00:00",AA,131,131,0,0,19.954198473282442,0.0,28.244274809160306
"2025-04-23 09:00:00","2025-04-23 10:00:00",DL,139,139,0,0,0.5467625899280576,0.0,7.194244604316546
"2025-04-23 09:00:00","2025-04-23 10:00:00",UA,138,138,0,0,5.108695652173913,0.0,13.768115942028986
"2025-04-23 09:00:00","2025-04-23 10:00:00",WN,193,193,0,0,10.974093264248705,0.0,22.27979274611399
"2025-04-23 10:00:00","2025-04-23 11:00:00",AA,146,145,0,1,51.07534246575342,0.0,43.83561643835616
"2025-04-23 10:00:00","2025-04-23 11:00:00",DL,145,145,0,0,-0.7862068965517242,0.0,7.586206896551724
"2025-04-23 10:00:00","2025-04-23 11:00:00",UA,120,120,0,0,9.95,0.0,12.5
"2025-04-23 10:00:00","2025-04-23 11:00:00",WN,234,234,0,0,10.132478632478632,0.0,21.794871794871796
"2025-04-23 11:00:00","2025-04-23 12:00:00",AA,147,147,0,0,30.60544217687075,0.0,33.333333333333336
"2025-04-23 11:00:00","2025-04-23 12:00:00",DL,196,196,0,0,4.1020408163265305,0.0,13.26530612244898
"2025-04-23 11:00:00","2025-04-23 12:00:00",UA,112,112,0,0,3.4375,0.0,12.5
"2025-04-23 11:00:00","2025-04-23 12:00:00",WN,206,206,0,0,15.563106796116505,0.0,29.611650485436893
"2025-04-23 12:00:00","2025-04-23 13:00:00",AA,140,140,0,0,38.957142857142856,0.0,40.0
"2025-04-23 12:00:00","2025-04-23 13:00:00",DL,169,169,0,0,5.029585798816568,0.0,9.467455621301776
"2025-04-23 12:00:00","2025-04-23 13:00:00",UA,113,112,1,0,8.705357142857142,0.8849557522123894,16.964285714285715
"2025-04-23 12:00:00","2025-04-23 13:00:00",WN,205,203,0,2,10.726829268292683,0.0,23.902439024390244
"2025-04-23 13:00:00","2025-04-23 14:00:00",AA,137,137,0,0,15.86861313868613,0.0,28.467153284671532
"2025-04-23 13:00:00","2025-04-23 14:00:00",DL,138,138,0,0,2.0869565217391304,0.0,12.318840579710145
"2025-04-23 13:00:00","2025-04-23 14:00:00",UA,120,120,0,0,1.7833333333333334,0.0,10.0
"2025-04-23 13:00:00","2025-04-23 14:00:00",WN,234,232,1,1,14.626609442060087,0.42735042735042733,29.613733905579398
"2025-04-23 14:00:00","2025-04-23 15:00:00",AA,147,147,0,0,27.952380952380953,0.0,36.054421768707485
"2025-04-23 14:00:00","2025-04-23 15:00:00",DL,149,149,0,0,2.7315436241610738,0.0,12.751677852348994
"2025-04-23 14:00:00","2025-04-23 15:00:00",UA,125,125,0,0,5.72,0.0,16.0
"2025-04-23 14:00:00","2025-04-23 15:00:00",WN,220,218,2,0,19.022935779816514,0.9090909090909091,34.862385321100916
"2025-04-23 15:00:00","2025-04-23 16:00:00",AA,136,136,0,0,26.794117647058822,0.0,33.8235294117647
"2025-04-23 15:00:00","2025-04-23 16:00:00",DL,176,176,0,0,7.9602272727272725,0.0,11.931818181818182
"2025-04-23 15:00:00","2025-04-23 16:00:00",UA,94,94,0,0,3.372340425531915,0.0,10.638297872340425
"2025-04-23 15:00:00","2025-04-23 16:00:00",WN,217,216,0,1,18.663594470046082,0.0,37.78801843317972
"2025-04-23 16:00:00","2025-04-23 17:00:00",AA,124,124,0,0,21.79032258064516,0.0,31.451612903225808
"2025-04-23 16:00:00","2025-04-23 17:00:00",DL,107,107,0,0,9.878504672897197,0.0,14.018691588785046
"2025-04-23 16:00:00","2025-04-23 17:00:00",UA,119,119,0,0,12.630252100840336,0.0,23.529411764705884
"2025-04-23 16:00:00","2025-04-23 17:00:00",WN,203,203,0,0,14.862068965517242,0.0,32.01970443349754
"2025-04-23 17:00:00","2025-04-23 18:00:00",AA,152,152,0,0,19.80921052631579,0.0,31.57894736842105
"2025-04-23 17:00:00","2025-04-23 18:00:00",DL,176,176,0,0,5.579545454545454,0.0,16.477272727272727
"2025-04-23 17:00:00","2025-04-23 18:00:00",UA,127,127,0,0,15.653543307086615,0.0,18.89763779527559
"2025-04-23 17:00:00","2025-04-23 18:00:00",WN,240,240,0,0,17.3125,0.0,31.666666666666668
"2025-04-23 18:00:00","2025-04-23 19:00:00",AA,148,148,0,0,25.70945945945946,0.0,35.810810810810814
"2025-04-23 18:00:00","2025-04-23 19:00:00",DL,155,155,0,0,6.638709677419355,0.0,20.0
"2025-04-23 18:00:00","2025-04-23 19:00:00",UA,123,123,0,0,7.861788617886178,0.0,17.88617886178862
"2025-04-23 18:00:00","2025-04-23 19:00:00",WN,234,233,1,0,22.742489270386265,0.42735042735042733,40.772532188841204
"2025-04-23 19:00:00","2025-04-23 20:00:00",AA,152,152,0,0,26.789473684210527,0.0,38.1578947368421
"2025-04-23 19:00:00","2025-04-23 20:00:00",DL,127,127,0,0,3.874015748031496,0.0,14.960629921259843
"2025-04-23 19:00:00","2025-04-23 20:00:00",UA,131,131,0,0,5.396946564885496,0.0,18.3206106870229
"2025-04-23 19:00:00","2025-04-23 20:00:00",WN,244,244,0,0,15.245901639344263,0.0,31.9672131147541
"2025-04-23 20:00:00","2025-04-23 21:00:00",AA,118,118,0,0,10.5,0.0,24.576271186440678
"2025-04-23 20:00:00","2025-04-23 21:00:00",DL,89,89,0,0,9.98876404494382,0.0,23.59550561797753
"2025-04-23 20:00:00","2025-04-23 21:00:00",UA,74,74,0,0,14.594594594594595,0.0,27.027027027027028
"2025-04-23 20:00:00","2025-04-23 21:00:00",WN,171,171,0,0,14.146198830409357,0.0,29.239766081871345
"2025-04-23 21:00:00","2025-04-23 22:00:00",AA,87,87,0,0,14.28735632183908,0.0,28.735632183908045
"2025-04-23 21:00:00","2025-04-23 22:00:00",DL,82,82,0,0,2.3048780487804876,0.0,14.634146341463415
"2025-04-23 21:00:00","2025-04-23 22:00:00",UA,55,55,0,0,4.181818181818182,0.0,14.545454545454545
"2025-04-23 21:00:00","2025-04-23 22:00:00",WN,93,93,0,0,16.021505376344088,0.0,34.40860215053763
"2025-04-23 22:00:00","2025-04-23 23:00:00",AA,95,95,0,0,9.357894736842105,0.0,23.157894736842106
"2025-04-23 22:00:00","2025-04-23 23:00:00",DL,89,89,0,0,7.730337078651686,0.0,13.48314606741573
"2025-04-23 22:00:00","2025-04-23 23:00:00",UA,35,35,0,0,-0.17142857142857143,0.0,5.714285714285714
"2025-04-23 22:00:00","2025-04-23 23:00:00",WN,6,6,0,0,-1.3333333333333333,0.0,0.0
"2025-04-23 23:00:00","2025-04-24 00:00:00",AA,30,30,0,0,5.166666666666667,0.0,13.333333333333334
"2025-04-23 23:00:00","2025-04-24 00:00:00",DL,27,27,0,0,-0.37037037037037035,0.0,3.7037037037037037
"2025-04-23 23:00:00","2025-04-24 00:00:00",UA,33,33,0,0,-1.3333333333333333,0.0,9.090909090909092
"2025-04-23 23:00:00","2025-04-24 00:00:00",WN,6,6,0,0,-2.6666666666666665,0.0,0.0
"2025-04-24 00:00:00","2025-04-24 01:00:00",AA,7,7,0,0,0.42857142857142855,0.0,14.285714285714286
"2025-04-24 00:00:00","2025-04-24 01:00:00",DL,4,4,0,0,-5.25,0.0,0.0
"2025-04-24 00:00:00","2025-04-24 01:00:00",UA,7,7,0,0,7.285714285714286,0.0,28.571428571428573
"2025-04-24 01:00:00","2025-04-24 02:00:00",AA,1,1,0,0,-7.0,0.0,0.0
"2025-04-24 01:00:00","2025-04-24 02:00:00",DL,2,2,0,0,-11.5,0.0,0.0
"2025-04-24 01:00:00","2025-04-24 02:00:00",UA,1,1,0,0,-2.0,0.0,0.0
"2025-04-24 05:00:00","2025-04-24 06:00:00",AA,108,106,0,2,9.601851851851851,0.0,15.74074074074074
"2025-04-24 05:00:00","2025-04-24 06:00:00",DL,62,62,0,0,-1.8387096774193548,0.0,3.225806451612903
"2025-04-24 05:00:00","2025-04-24 06:00:00",UA,43,43,0,0,-4.162790697674419,0.0,4.651162790697675
"2025-04-24 05:00:00","2025-04-24 06:00:00",WN,186,185,0,1,0.478494623655914,0.0,3.225806451612903
"2025-04-24 06:00:00","2025-04-24 07:00:00",AA,179,172,5,2,18.597701149425287,2.793296089385475,19.54022988505747
"2025-04-24 06:00:00","2025-04-24 07:00:00",DL,174,174,0,0,-2.8275862068965516,0.0,4.022988505747127
"2025-04-24 06:00:00","2025-04-24 07:00:00",UA,119,119,0,0,-4.394957983193278,0.0,2.5210084033613445
"2025-04-24 06:00:00","2025-04-24 07:00:00",WN,259,256,3,0,-0.96875,1.1583011583011582,5.46875
"2025-04-24 07:00:00","2025-04-24 08:00:00",AA,203,190,13,0,8.057894736842105,6.403940886699507,14.736842105263158
"2025-04-24 07:00:00","2025-04-24 08:00:00",DL,228,226,1,1,0.7709251101321586,0.43859649122807015,4.845814977973569
"2025-04-24 07:00:00","2025-04-24 08:00:00",UA,190,190,0,0,1.8736842105263158,0.0,10.526315789473685
"2025-04-24 07:00:00","2025-04-24 08:00:00",WN,225,221,1,3,1.71875,0.4444444444444444,4.464285714285714
"2025-04-24 08:00:00","2025-04-24 09:00:00",AA,191,177,13,1,17.331460674157302,6.806282722513089,17.97752808988764
"2025-04-24 08:00:00","2025-04-24 09:00:00",DL,185,185,0,0,0.9621621621621622,0.0,4.324324324324325
"2025-04-24 08:00:00","2025-04-24 09:00:00",UA,151,151,0,0,1.1523178807947019,0.0,8.609271523178808
"2025-04-24 08:00:00","2025-04-24 09:00:00",WN,222,219,3,0,4.890410958904109,1.3513513513513513,10.502283105022832
"2025-04-24 09:00:00","2025-04-24 10:00:00",AA,121,110,11,0,18.3,9.090909090909092,30.0
"2025-04-24 09:00:00","2025-04-24 10:00:00",DL,116,116,0,0,2.8620689655172415,0.0,11.206896551724139
"2025-04-24 09:00:00","2025-04-24 10:00:00",UA,129,129,0,0,10.62015503875969,0.0,17.829457364341085
"2025-04-24 09:00:00","2025-04-24 10:00:00",WN,212,208,4,0,5.8076923076923075,1.8867924528301887,15.384615384615385
"2025-04-24 10:00:00","2025-04-24 11:00:00",AA,150,137,13,0,23.503649635036496,8.666666666666666,29.927007299270073
"2025-04-24 10:00:00","2025-04-24 11:00:00",DL,155,155,0,0,11.8,0.0,11.612903225806452
"2025-04-24 10:00:00","2025-04-24 11:00:00",UA,118,118,0,0,2.542372881355932,0.0,9.322033898305085
"2025-04-24 10:00:00","2025-04-24 11:00:00",WN,229,225,4,0,8.822222222222223,1.7467248908296944,20.444444444444443
"2025-04-24 11:00:00","2025-04-24 12:00:00",AA,137,129,8,0,25.852713178294575,5.839416058394161,34.10852713178294
"2025-04-24 11:00:00","2025-04-24 12:00:00",DL,185,184,1,0,4.510869565217392,0.5405405405405406,11.41304347826087
"2025-04-24 11:00:00","2025-04-24 12:00:00",UA,110,110,0,0,9.181818181818182,0.0,20.0
"2025-04-24 11:00:00","2025-04-24 12:00:00",WN,214,209,5,0,13.488038277511961,2.336448598130841,24.401913875598087
"2025-04-24 12:00:00","2025-04-24 13:00:00",AA,137,124,13,0,39.79032258064516,9.489051094890511,41.935483870967744
"2025-04-24 12:00:00","2025-04-24 13:00:00",DL,176,176,0,0,0.9659090909090909,0.0,9.090909090909092
"2025-04-24 12:00:00","2025-04-24 13:00:00",UA,114,114,0,0,8.342105263157896,0.0,12.280701754385966
"2025-04-24 12:00:00","2025-04-24 13:00:00",WN,225,219,5,1,14.254545454545454,2.2222222222222223,26.363636363636363
"2025-04-24 13:00:00","2025-04-24 14:00:00",AA,137,129,7,1,24.984615384615385,5.109489051094891,34.61538461538461
"2025-04-24 13:00:00","2025-04-24 14:00:00",DL,145,144,0,1,3.6758620689655173,0.0,13.793103448275861
"2025-04-24 13:00:00","2025-04-24 14:00:00",UA,121,118,0,3,28.074380165289256,0.0,19.00826446280992
"2025-04-24 13:00:00","2025-04-24 14:00:00",WN,234,230,2,2,18.629310344827587,0.8547008547008547,31.03448275862069
"2025-04-24 14:00:00","2025-04-24 15:00:00",AA,140,130,10,0,28.50769230769231,7.142857142857143,34.61538461538461
"2025-04-24 14:00:00","2025-04-24 15:00:00",DL,147,145,0,2,19.1156462585034,0.0,14.285714285714286
"2025-04-24 14:00:00","2025-04-24 15:00:00",UA,123,119,0,4,19.788617886178862,0.0,25.203252032520325
"2025-04-24 14:00:00","2025-04-24 15:00:00",WN,212,210,0,2,27.547169811320753,0.0,34.43396226415094
"2025-04-24 15:00:00","2025-04-24 16:00:00",AA,137,133,4,0,30.94736842105263,2.9197080291970803,40.6015037593985
"2025-04-24 15:00:00","2025-04-24 16:00:00",DL,192,191,0,1,13.895833333333334,0.0,15.104166666666666
"2025-04-24 15:00:00","2025-04-24 16:00:00",UA,92,86,0,6,33.23913043478261,0.0,29.347826086956523
"2025-04-24 15:00:00","2025-04-24 16:00:00",WN,221,219,1,1,33.58181818181818,0.45248868778280543,42.27272727272727
"2025-04-24 16:00:00","2025-04-24 17:00:00",AA,149,142,7,0,36.70422535211268,4.697986577181208,45.774647887323944
"2025-04-24 16:00:00","2025-04-24 17:00:00",DL,141,140,1,0,19.064285714285713,0.7092198581560284,20.714285714285715
"2025-04-24 16:00:00","2025-04-24 17:00:00",UA,142,137,0,5,30.711267605633804,0.0,28.169014084507044
"2025-04-24 16:00:00","2025-04-24 17:00:00",WN,224,221,1,2,30.269058295964125,0.44642857142857145,46.18834080717489
"2025-04-24 17:00:00","2025-04-24 18:00:00",AA,146,139,7,0,35.9136690647482,4.794520547945205,38.1294964028777
"2025-04-24 17:00:00","2025-04-24 18:00:00",DL,168,168,0,0,14.25,0.0,25.595238095238095
"2025-04-24 17:00:00","2025-04-24 18:00:00",UA,124,121,0,3,45.725806451612904,0.0,41.935483870967744
"2025-04-24 17:00:00","2025-04-24 18:00:00",WN,223,222,1,0,42.4054054054054,0.4484304932735426,51.351351351351354
"2025-04-24 18:00:00","2025-04-24 19:00:00",AA,162,156,6,0,34.044871794871796,3.7037037037037037,46.794871794871796
"2025-04-24 18:00:00","2025-04-24 19:00:00",DL,169,169,0,0,26.201183431952664,0.0,29.585798816568047
"2025-04-24 18:00:00","2025-04-24 19:00:00",UA,136,135,0,1,29.323529411764707,0.0,37.5
"2025-04-24 18:00:00","2025-04-24 19:00:00",WN,263,260,3,0,37.9,1.1406844106463878,51.92307692307692
"2025-04-24 19:00:00","2025-04-24 20:00:00",AA,146,136,10,0,43.4264705882353,6.8493150684931505,47.05882352941177
"2025-04-24 19:00:00","2025-04-24 20:00:00",DL,153,152,0,1,18.830065359477125,0.0,32.02614379084967
"2025-04-24 19:00:00","2025-04-24 20:00:00",UA,126,126,0,0,59.84920634920635,0.0,57.93650793650794
"2025-04-24 19:00:00","2025-04-24 20:00:00",WN,221,219,2,0,49.3013698630137,0.9049773755656109,60.730593607305934
"2025-04-24 20:00:00","2025-04-24 21:00:00",AA,128,121,7,0,24.876033057851238,5.46875,40.49586776859504
"2025-04-24 20:00:00","2025-04-24 21:00:00",DL,120,120,0,0,13.733333333333333,0.0,27.5
"2025-04-24 20:00:00","2025-04-24 21:00:00",UA,78,78,0,0,76.56410256410257,0.0,75.64102564102564
"2025-04-24 20:00:00","2025-04-24 21:00:00",WN,186,182,4,0,26.12087912087912,2.150537634408602,42.857142857142854
"2025-04-24 21:00:00","2025-04-24 22:00:00",AA,81,78,3,0,18.294871794871796,3.7037037037037037,32.05128205128205
"2025-04-24 21:00:00","2025-04-24 22:00:00",DL,88,88,0,0,17.96590909090909,0.0,35.22727272727273
"2025-04-24 21:00:00","2025-04-24 22:00:00",UA,56,56,0,0,40.535714285714285,0.0,41.07142857142857
"2025-04-24 21:00:00","2025-04-24 22:00:00",WN,168,167,1,0,46.49700598802395,0.5952380952380952,61.07784431137725
"2025-04-24 22:00:00","2025-04-24 23:00:00",AA,103,98,5,0,16.06122448979592,4.854368932038835,35.714285714285715
"2025-04-24 22:00:00","2025-04-24 23:00:00",DL,95,95,0,0,9.8,0.0,25.263157894736842
"2025-04-24 22:00:00","2025-04-24 23:00:00",UA,35,35,0,0,17.771428571428572,0.0,42.857142857142854
"2025-04-24 22:00:00","2025-04-24 23:00:00",WN,16,16,0,0,14.625,0.0,25.0
"2025-04-24 23:00:00","2025-04-25 00:00:00",AA,31,30,1,0,13.966666666666667,3.225806451612903,33.333333333333336
"2025-04-24 23:00:00","2025-04-25 00:00:00",DL,32,32,0,0,6.25,0.0,12.5
"2025-04-24 23:00:00","2025-04-25 00:00:00",UA,33,33,0,0,9.424242424242424,0.0,30.303030303030305
"2025-04-24 23:00:00","2025-04-25 00:00:00",WN,6,6,0,0,30.5,0.0,50.0
"2025-04-25 00:00:00","2025-04-25 01:00:00",AA,9,9,0,0,17.555555555555557,0.0,44.44444444444444
"2025-04-25 00:00:00","2025-04-25 01:00:00",DL,8,8,0,0,6.5,0.0,25.0
"2025-04-25 00:00:00","2025-04-25 01:00:00",UA,8,8,0,0,1.375,0.0,12.5
"2025-04-25 01:00:00","2025-04-25 02:00:00",AA,1,1,0,0,11.0,0.0,0.0
"2025-04-25 01:00:00","2025-04-25 02:00:00",DL,2,2,0,0,-6.5,0.0,0.0
"2025-04-25 01:00:00","2025-04-25 02:00:00",UA,2,2,0,0,20.5,0.0,50.0
"2025-04-25 05:00:00","2025-04-25 06:00:00",AA,106,104,1,1,2.323809523809524,0.9433962264150944,11.428571428571429
"2025-04-25 05:00:00","2025-04-25 06:00:00",DL,63,63,0,0,-2.380952380952381,0.0,4.761904761904762
"2025-04-25 05:00:00","2025-04-25 06:00:00",UA,40,40,0,0,-6.1,0.0,0.0
"2025-04-25 05:00:00","2025-04-25 06:00:00",WN,180,180,0,0,-0.2833333333333333,0.0,3.888888888888889
"2025-04-25 06:00:00","2025-04-25 07:00:00",AA,168,165,3,0,-0.07272727272727272,1.7857142857142858,7.878787878787879
"2025-04-25 06:00:00","2025-04-25 07:00:00",DL,179,179,0,0,4.424581005586592,0.0,5.027932960893855
"2025-04-25 06:00:00","2025-04-25 07:00:00",UA,117,117,0,0,-1.1965811965811965,0.0,5.982905982905983
"2025-04-25 06:00:00","2025-04-25 07:00:00",WN,249,248,1,0,0.5725806451612904,0.40160642570281124,5.645161290322581
"2025-04-25 07:00:00","2025-04-25 08:00:00",AA,220,217,2,1,2.6055045871559632,0.9090909090909091,9.174311926605505
"2025-04-25 07:00:00","2025-04-25 08:00:00",DL,226,226,0,0,1.4867256637168142,0.0,6.1946902654867255
"2025-04-25 07:00:00","2025-04-25 08:00:00",UA,188,188,0,0,0.898936170212766,0.0,9.042553191489361
"2025-04-25 07:00:00","2025-04-25 08:00:00",WN,248,248,0,0,2.9193548387096775,0.0,7.661290322580645
"2025-04-25 08:00:00","2025-04-25 09:00:00",AA,193,191,2,0,18.900523560209425,1.0362694300518134,13.089005235602095
"2025-04-25 08:00:00","2025-04-25 09:00:00",DL,187,187,0,0,2.72192513368984,0.0,8.556149732620321
"2025-04-25 08:00:00","2025-04-25 09:00:00",UA,154,153,0,1,5.9480519480519485,0.0,17.532467532467532
"2025-04-25 08:00:00","2025-04-25 09:00:00",WN,231,231,0,0,8.125541125541126,0.0,17.316017316017316
"2025-04-25 09:00:00","2025-04-25 10:00:00",AA,121,121,0,0,6.355371900826446,0.0,15.702479338842975
"2025-04-25 09:00:00","2025-04-25 10:00:00",DL,127,127,0,0,7.362204724409449,0.0,10.236220472440944
"2025-04-25 09:00:00","2025-04-25 10:00:00",UA,123,123,0,0,10.357723577235772,0.0,17.88617886178862
"2025-04-25 09:00:00","2025-04-25 10:00:00",WN,218,216,2,0,7.837962962962963,0.9174311926605505,17.12962962962963
"2025-04-25 10:00:00","2025-04-25 11:00:00",AA,156,156,0,0,6.435897435897436,0.0,19.871794871794872
"2025-04-25 10:00:00","2025-04-25 11:00:00",DL,155,155,0,0,5.290322580645161,0.0,16.774193548387096
"2025-04-25 10:00:00","2025-04-25 11:00:00",UA,123,123,0,0,1.6991869918699187,0.0,7.317073170731708
"2025-04-25 10:00:00","2025-04-25 11:00:00",WN,228,227,1,0,9.86784140969163,0.43859649122807015,20.704845814977972
"2025-04-25 11:00:00","2025-04-25 12:00:00",AA,144,144,0,0,4.895833333333333,0.0,11.805555555555555
"2025-04-25 11:00:00","2025-04-25 12:00:00",DL,195,195,0,0,4.102564102564102,0.0,14.871794871794872
"2025-04-25 11:00:00","2025-04-25 12:00:00",UA,107,106,0,1,22.065420560747665,0.0,32.71028037383178
"2025-04-25 11:00:00","2025-04-25 12:00:00",WN,215,215,0,0,11.376744186046512,0.0,27.441860465116278
"2025-04-25 12:00:00","2025-04-25 13:00:00",AA,135,135,0,0,12.940740740740742,0.0,25.185185185185187
"2025-04-25 12:00:00","2025-04-25 13:00:00",DL,160,160,0,0,7.29375,0.0,10.625
"2025-04-25 12:00:00","2025-04-25 13:00:00",UA,110,110,0,0,13.336363636363636,0.0,23.636363636363637
"2025-04-25 12:00:00","2025-04-25 13:00:00",WN,215,215,0,0,17.42325581395349,0.0,38.604651162790695
"2025-04-25 13:00:00","2025-04-25 14:00:00",AA,142,142,0,0,9.43661971830986,0.0,21.12676056338028
"2025-04-25 13:00:00","2025-04-25 14:00:00",DL,143,143,0,0,11.503496503496503,0.0,21.678321678321677
"2025-04-25 13:00:00","2025-04-25 14:00:00",UA,120,120,0,0,26.716666666666665,0.0,40.833333333333336
"2025-04-25 13:00:00","2025-04-25 14:00:00",WN,235,235,0,0,22.561702127659576,0.0,43.40425531914894
"2025-04-25 14:00:00","2025-04-25 15:00:00",AA,127,127,0,0,13.543307086614174,0.0,22.834645669291337
"2025-04-25 14:00:00","2025-04-25 15:00:00",DL,131,129,0,2,7.145038167938932,0.0,14.50381679389313
"2025-04-25 14:00:00","2025-04-25 15:00:00",UA,112,111,1,0,21.225225225225227,0.8928571428571429,35.13513513513514
"2025-04-25 14:00:00","2025-04-25 15:00:00",WN,194,192,2,0,16.666666666666668,1.0309278350515463,36.458333333333336
"2025-04-25 15:00:00","2025-04-25 16:00:00",AA,130,130,0,0,17.753846153846155,0.0,26.923076923076923
"2025-04-25 15:00:00","2025-04-25 16:00:00",DL,174,174,0,0,9.258620689655173,0.0,17.816091954022987
"2025-04-25 15:00:00","2025-04-25 16:00:00",UA,85,85,0,0,35.470588235294116,0.0,48.23529411764706
"2025-04-25 15:00:00","2025-04-25 16:00:00",WN,210,209,0,1,22.48095238095238,0.0,42.857142857142854
"2025-04-25 16:00:00","2025-04-25 17:00:00",AA,147,147,0,0,12.394557823129253,0.0,29.931972789115648
"2025-04-25 16:00:00","2025-04-25 17:00:00",DL,140,139,0,1,7.55,0.0,20.0
"2025-04-25 16:00:00","2025-04-25 17:00:00",UA,143,140,0,3,25.643356643356643,0.0,36.36363636363637
"2025-04-25 16:00:00","2025-04-25 17:00:00",WN,229,228,0,1,20.034934497816593,0.0,44.54148471615721
"2025-04-25 17:00:00","2025-04-25 18:00:00",AA,146,146,0,0,13.486301369863014,0.0,26.71232876712329
"2025-04-25 17:00:00","2025-04-25 18:00:00",DL,159,159,0,0,13.0,0.0,22.641509433962263
"2025-04-25 17:00:00","2025-04-25 18:00:00",UA,113,113,0,0,30.265486725663717,0.0,34.51327433628319
"2025-04-25 17:00:00","2025-04-25 18:00:00",WN,207,206,0,1,23.95169082125604,0.0,47.82608695652174
"2025-04-25 18:00:00","2025-04-25 19:00:00",AA,157,157,0,0,15.547770700636942,0.0,31.84713375796178
"2025-04-25 18:00:00","2025-04-25 19:00:00",DL,164,163,0,1,12.25609756097561,0.0,25.0
"2025-04-25 18:00:00","2025-04-25 19:00:00",UA,133,133,0,0,19.481203007518797,0.0,36.8421052631579
"2025-04-25 18:00:00","2025-04-25 19:00:00",WN,254,254,0,0,20.507874015748033,0.0,41.732283464566926
"2025-04-25 19:00:00","2025-04-25 20:00:00",AA,143,143,0,0,14.097902097902098,0.0,23.776223776223777
"2025-04-25 19:00:00","2025-04-25 20:00:00",DL,156,155,0,1,9.993589743589743,0.0,17.94871794871795
"2025-04-25 19:00:00","2025-04-25 20:00:00",UA,129,129,0,0,31.147286821705425,0.0,43.41085271317829
"2025-04-25 19:00:00","2025-04-25 20:00:00",WN,235,235,0,0,29.217021276595744,0.0,52.340425531914896
"2025-04-25 20:00:00","2025-04-25 21:00:00",AA,133,133,0,0,8.428571428571429,0.0,22.55639097744361
"2025-04-25 20:00:00","2025-04-25 21:00:00",DL,121,120,0,1,12.611570247933884,0.0,24.793388429752067
"2025-04-25 20:00:00","2025-04-25 21:00:00",UA,83,83,0,0,27.096385542168676,0.0,53.01204819277108
"2025-04-25 20:00:00","2025-04-25 21:00:00",WN,194,194,0,0,18.88144329896907,0.0,37.11340206185567
"2025-04-25 21:00:00","2025-04-25 22:00:00",AA,79,79,0,0,5.3924050632911396,0.0,17.72151898734177
"2025-04-25 21:00:00","2025-04-25 22:00:00",DL,91,91,0,0,30.75824175824176,0.0,21.978021978021978
"2025-04-25 21:00:00","2025-04-25 22:00:00",UA,51,51,0,0,16.529411764705884,0.0,37.254901960784316
"2025-04-25 21:00:00","2025-04-25 22:00:00",WN,171,171,0,0,23.502923976608187,0.0,45.02923976608187
"2025-04-25 22:00:00","2025-04-25 23:00:00",AA,102,102,0,0,16.598039215686274,0.0,18.627450980392158
"2025-04-25 22:00:00","2025-04-25 23:00:00",DL,95,95,0,0,36.51578947368421,0.0,49.473684210526315
"2025-04-25 22:00:00","2025-04-25 23:00:00",UA,27,27,0,0,4.888888888888889,0.0,14.814814814814815
"2025-04-25 22:00:00","2025-04-25 23:00:00",WN,15,15,0,0,20.333333333333332,0.0,46.666666666666664
"2025-04-25 23:00:00","2025-04-26 00:00:00",AA,33,33,0,0,3.1818181818181817,0.0,15.151515151515152
"2025-04-25 23:00:00","2025-04-26 00:00:00",DL,36,36,0,0,14.13888888888889,0.0,27.77777777777778
"2025-04-25 23:00:00","2025-04-26 00:00:00",UA,32,32,0,0,11.78125,0.0,31.25
"2025-04-25 23:00:00","2025-04-26 00:00:00",WN,6,6,0,0,14.166666666666666,0.0,16.666666666666668
"2025-04-26 00:00:00","2025-04-26 01:00:00",AA,9,9,0,0,8.11111111111111,0.0,22.22222222222222
"2025-04-26 00:00:00","2025-04-26 01:00:00",DL,7,7,0,0,20.428571428571427,0.0,14.285714285714286
"2025-04-26 00:00:00","2025-04-26 01:00:00",UA,7,7,0,0,4.0,0.0,14.285714285714286
"2025-04-26 01:00:00","2025-04-26 02:00:00",AA,1,1,0,0,-9.0,0.0,0.0
"2025-04-26 01:00:00","2025-04-26 02:00:00",DL,2,2,0,0,-6.0,0.0,0.0
"2025-04-26 01:00:00","2025-04-26 02:00:00",UA,2,2,0,0,-4.0,0.0,0.0
"2025-04-26 05:00:00","2025-04-26 06:00:00",AA,98,98,0,0,7.285714285714286,0.0,10.204081632653061
"2025-04-26 05:00:00","2025-04-26 06:00:00",DL,59,59,0,0,6.8474576271186445,0.0,3.389830508474576
"2025-04-26 05:00:00","2025-04-26 06:00:00",UA,41,41,0,0,-1.8048780487804879,0.0,9.75609756097561
"2025-04-26 05:00:00","2025-04-26 06:00:00",WN,107,107,0,0,-1.0934579439252337,0.0,5.607476635514018
"2025-04-26 06:00:00","2025-04-26 07:00:00",AA,177,177,0,0,12.242937853107344,0.0,6.779661016949152
"2025-04-26 06:00:00","2025-04-26 07:00:00",DL,168,168,0,0,9.339285714285714,0.0,4.166666666666667
"2025-04-26 06:00:00","2025-04-26 07:00:00",UA,116,115,0,1,6.5,0.0,6.896551724137931
"2025-04-26 06:00:00","2025-04-26 07:00:00",WN,225,225,0,0,-2.648888888888889,0.0,0.8888888888888888
"2025-04-26 07:00:00","2025-04-26 08:00:00",AA,216,216,0,0,3.587962962962963,0.0,8.333333333333334
"2025-04-26 07:00:00","2025-04-26 08:00:00",DL,210,210,0,0,5.780952380952381,0.0,8.571428571428571
"2025-04-26 07:00:00","2025-04-26 08:00:00",UA,178,178,0,0,4.415730337078652,0.0,9.55056179775281
"2025-04-26 07:00:00","2025-04-26 08:00:00",WN,224,224,0,0,1.0669642857142858,0.0,4.910714285714286
"2025-04-26 08:00:00","2025-04-26 09:00:00",AA,177,177,0,0,3.3163841807909606,0.0,10.734463276836157
"2025-04-26 08:00:00","2025-04-26 09:00:00",DL,164,164,0,0,0.23780487804878048,0.0,6.7073170731707314
"2025-04-26 08:00:00","2025-04-26 09:00:00",UA,144,144,0,0,1.4861111111111112,0.0,6.944444444444445
"2025-04-26 08:00:00","2025-04-26 09:00:00",WN,204,203,1,0,0.8325123152709359,0.49019607843137253,7.8817733990147785
"2025-04-26 09:00:00","2025-04-26 10:00:00",AA,116,116,0,0,7.051724137931035,0.0,8.620689655172415
"2025-04-26 09:00:00","2025-04-26 10:00:00",DL,131,129,0,2,3.8473282442748094,0.0,13.740458015267176
"2025-04-26 09:00:00","2025-04-26 10:00:00",UA,124,123,1,0,8.845528455284553,0.8064516129032258,14.634146341463415
"2025-04-26 09:00:00","2025-04-26 10:00:00",WN,208,208,0,0,6.201923076923077,0.0,10.576923076923077
"2025-04-26 10:00:00","2025-04-26 11:00:00",AA,141,139,0,2,12.25531914893617,0.0,10.638297872340425
"2025-04-26 10:00:00","2025-04-26 11:00:00",DL,125,123,0,2,1.872,0.0,8.8
"2025-04-26 10:00:00","2025-04-26 11:00:00",UA,106,106,0,0,15.20754716981132,0.0,25.471698113207548
"2025-04-26 10:00:00","2025-04-26 11:00:00",WN,198,198,0,0,1.1818181818181819,0.0,6.565656565656566
"2025-04-26 11:00:00","2025-04-26 12:00:00",AA,140,139,0,1,9.014285714285714,0.0,18.571428571428573
"2025-04-26 11:00:00","2025-04-26 12:00:00",DL,189,187,0,2,7.4338624338624335,0.0,14.285714285714286
"2025-04-26 11:00:00","2025-04-26 12:00:00",UA,108,108,0,0,12.518518518518519,0.0,22.22222222222222
"2025-04-26 11:00:00","2025-04-26 12:00:00",WN,187,187,0,0,9.090909090909092,0.0,19.25133689839572
"2025-04-26 12:00:00","2025-04-26 13:00:00",AA,122,120,0,2,9.172131147540984,0.0,13.934426229508198
"2025-04-26 12:00:00","2025-04-26 13:00:00",DL,152,152,0,0,3.5328947368421053,0.0,12.5
"2025-04-26 12:00:00","2025-04-26 13:00:00",UA,102,102,0,0,22.029411764705884,0.0,15.686274509803921
"2025-04-26 12:00:00","2025-04-26 13:00:00",WN,181,181,0,0,3.044198895027624,0.0,9.94475138121547
"2025-04-26 13:00:00","2025-04-26 14:00:00",AA,131,131,0,0,5.534351145038168,0.0,14.50381679389313
"2025-04-26 13:00:00","2025-04-26 14:00:00",DL,143,142,0,1,10.41958041958042,0.0,18.88111888111888
"2025-04-26 13:00:00","2025-04-26 14:00:00",UA,113,112,1,0,12.848214285714286,0.8849557522123894,18.75
"2025-04-26 13:00:00","2025-04-26 14:00:00",WN,229,229,0,0,5.449781659388647,0.0,15.720524017467248
"2025-04-26 14:00:00","2025-04-26 15:00:00",AA,110,109,0,1,14.063636363636364,0.0,16.363636363636363
"2025-04-26 14:00:00","2025-04-26 15:00:00",DL,120,120,0,0,14.975,0.0,15.0
"2025-04-26 14:00:00","2025-04-26 15:00:00",UA,105,103,0,2,17.80952380952381,0.0,20.952380952380953
"2025-04-26 14:00:00","2025-04-26 15:00:00",WN,185,185,0,0,8.335135135135134,0.0,18.91891891891892
"2025-04-26 15:00:00","2025-04-26 16:00:00",AA,124,124,0,0,7.725806451612903,0.0,15.32258064516129
"2025-04-26 15:00:00","2025-04-26 16:00:00",DL,175,175,0,0,2.605714285714286,0.0,13.142857142857142
"2025-04-26 15:00:00","2025-04-26 16:00:00",UA,88,87,0,1,37.79545454545455,0.0,28.40909090909091
"2025-04-26 15:00:00","2025-04-26 16:00:00",WN,190,190,0,0,8.321052631578947,0.0,18.42105263157895
"2025-04-26 16:00:00","2025-04-26 17:00:00",AA,115,115,0,0,17.46086956521739,0.0,19.130434782608695
"2025-04-26 16:00:00","2025-04-26 17:00:00",DL,105,105,0,0,13.085714285714285,0.0,15.238095238095237
"2025-04-26 16:00:00","2025-04-26 17:00:00",UA,107,105,1,1,27.952830188679247,0.9345794392523364,22.641509433962263
"2025-04-26 16:00:00","2025-04-26 17:00:00",WN,214,214,0,0,10.355140186915888,0.0,23.364485981308412
"2025-04-26 17:00:00","2025-04-26 18:00:00",AA,145,144,0,1,15.413793103448276,0.0,17.24137931034483
"2025-04-26 17:00:00","2025-04-26 18:00:00",DL,142,142,0,0,3.852112676056338,0.0,16.901408450704224
"2025-04-26 17:00:00","2025-04-26 18:00:00",UA,117,117,0,0,28.752136752136753,0.0,24.786324786324787
"2025-04-26 17:00:00","2025-04-26 18:00:00",WN,210,210,0,0,11.619047619047619,0.0,24.761904761904763
"2025-04-26 18:00:00","2025-04-26 19:00:00",AA,147,147,0,0,16.85034013605442,0.0,25.170068027210885
"2025-04-26 18:00:00","2025-04-26 19:00:00",DL,135,135,0,0,13.733333333333333,0.0,17.77777777777778
"2025-04-26 18:00:00","2025-04-26 19:00:00",UA,100,100,0,0,23.72,0.0,22.0
"2025-04-26 18:00:00","2025-04-26 19:00:00",WN,240,240,0,0,12.6625,0.0,26.666666666666668
"2025-04-26 19:00:00","2025-04-26 20:00:00",AA,120,120,0,0,15.558333333333334,0.0,23.333333333333332
"2025-04-26 19:00:00","2025-04-26 20:00:00",DL,85,85,0,0,10.48235294117647,0.0,17.647058823529413
"2025-04-26 19:00:00","2025-04-26 20:00:00",UA,104,104,0,0,26.509615384615383,0.0,36.53846153846154
"2025-04-26 19:00:00","2025-04-26 20:00:00",WN,150,150,0,0,12.86,0.0,22.666666666666668
"2025-04-26 20:00:00","2025-04-26 21:00:00",AA,125,125,0,0,17.096,0.0,23.2
"2025-04-26 20:00:00","2025-04-26 21:00:00",DL,92,92,0,0,14.83695652173913,0.0,21.73913043478261
"2025-04-26 20:00:00","2025-04-26 21:00:00",UA,69,67,2,0,34.61194029850746,2.898550724637681,34.32835820895522
"2025-04-26 20:00:00","2025-04-26 21:00:00",WN,117,117,0,0,7.273504273504273,0.0,21.367521367521366
"2025-04-26 21:00:00","2025-04-26 22:00:00",AA,84,84,0,0,11.642857142857142,0.0,25.0
"2025-04-26 21:00:00","2025-04-26 22:00:00",DL,85,85,0,0,6.670588235294118,0.0,16.470588235294116
"2025-04-26 21:00:00","2025-04-26 22:00:00",UA,43,43,0,0,52.2093023255814,0.0,41.86046511627907
"2025-04-26 21:00:00","2025-04-26 22:00:00",WN,36,36,0,0,12.527777777777779,0.0,41.666666666666664
"2025-04-26 22:00:00","2025-04-26 23:00:00",AA,76,76,0,0,12.092105263157896,0.0,17.105263157894736
"2025-04-26 22:00:00","2025-04-26 23:00:00",DL,70,70,0,0,-0.6,0.0,10.0
"2025-04-26 22:00:00","2025-04-26 23:00:00",UA,33,33,0,0,43.484848484848484,0.0,33.333333333333336
"2025-04-26 22:00:00","2025-04-26 23:00:00",WN,7,7,0,0,2.0,0.0,0.0
"2025-04-26 23:00:00","2025-04-27 00:00:00",AA,28,28,0,0,0.75,0.0,10.714285714285714
"2025-04-26 23:00:00","2025-04-27 00:00:00",DL,26,26,0,0,0.5,0.0,7.6923076923076925
"2025-04-26 23:00:00","2025-04-27 00:00:00",UA,32,32,0,0,47.625,0.0,21.875
"2025-04-26 23:00:00","2025-04-27 00:00:00",WN,6,6,0,0,-3.1666666666666665,0.0,0.0
"2025-04-27 00:00:00","2025-04-27 01:00:00",AA,9,9,0,0,0.0,0.0,0.0
"2025-04-27 00:00:00","2025-04-27 01:00:00",DL,4,4,0,0,-2.5,0.0,0.0
"2025-04-27 00:00:00","2025-04-27 01:00:00",UA,7,7,0,0,39.0,0.0,42.857142857142854
"2025-04-27 01:00:00","2025-04-27 02:00:00",AA,1,1,0,0,-3.0,0.0,0.0
"2025-04-27 01:00:00","2025-04-27 02:00:00",DL,2,2,0,0,-10.5,0.0,0.0
"2025-04-27 01:00:00","2025-04-27 02:00:00",UA,1,1,0,0,80.0,0.0,100.0
"2025-04-27 05:00:00","2025-04-27 06:00:00",AA,101,101,0,0,-2.871287128712871,0.0,2.9702970297029703
"2025-04-27 05:00:00","2025-04-27 06:00:00",DL,66,66,0,0,-3.803030303030303,0.0,1.5151515151515151
"2025-04-27 05:00:00","2025-04-27 06:00:00",UA,37,37,0,0,0.13513513513513514,0.0,5.405405405405405
"2025-04-27 05:00:00","2025-04-27 06:00:00",WN,94,94,0,0,-1.9148936170212767,0.0,3.1914893617021276
"2025-04-27 06:00:00","2025-04-27 07:00:00",AA,173,173,0,0,9.45664739884393,0.0,9.248554913294798
"2025-04-27 06:00:00","2025-04-27 07:00:00",DL,172,171,0,1,3.2790697674418605,0.0,4.651162790697675
"2025-04-27 06:00:00","2025-04-27 07:00:00",UA,116,115,1,0,0.2782608695652174,0.8620689655172413,6.956521739130435
"2025-04-27 06:00:00","2025-04-27 07:00:00",WN,300,300,0,0,-1.0266666666666666,0.0,4.666666666666667
"2025-04-27 07:00:00","2025-04-27 08:00:00",AA,211,211,0,0,17.914691943127963,0.0,9.004739336492891
"2025-04-27 07:00:00","2025-04-27 08:00:00",DL,228,228,0,0,-0.2149122807017544,0.0,5.701754385964913
"2025-04-27 07:00:00","2025-04-27 08:00:00",UA,186,185,0,1,-0.489247311827957,0.0,7.526881720430108
"2025-04-27 07:00:00","2025-04-27 08:00:00",WN,209,208,0,1,-2.813397129186603,0.0,1.4354066985645932
"2025-04-27 08:00:00","2025-04-27 09:00:00",AA,199,199,0,0,12.738693467336683,0.0,13.5678391959799
"2025-04-27 08:00:00","2025-04-27 09:00:00",DL,194,194,0,0,-0.8969072164948454,0.0,6.185567010309279
"2025-04-27 08:00:00","2025-04-27 09:00:00",UA,159,159,0,0,0.8742138364779874,0.0,8.80503144654088
"2025-04-27 08:00:00","2025-04-27 09:00:00",WN,264,264,0,0,1.446969696969697,0.0,6.818181818181818
"2025-04-27 09:00:00","2025-04-27 10:00:00",AA,123,123,0,0,2.5121951219512195,0.0,9.75609756097561
"2025-04-27 09:00:00","2025-04-27 10:00:00",DL,130,130,0,0,0.6846153846153846,0.0,8.461538461538462
"2025-04-27 09:00:00","2025-04-27 10:00:00",UA,130,130,0,0,1.523076923076923,0.0,7.6923076923076925
"2025-04-27 09:00:00","2025-04-27 10:00:00",WN,195,194,0,1,1.558974358974359,0.0,7.6923076923076925
"2025-04-27 10:00:00","2025-04-27 11:00:00",AA,150,150,0,0,6.126666666666667,0.0,16.0
"2025-04-27 10:00:00","2025-04-27 11:00:00",DL,160,160,0,0,-1.80625,0.0,5.0
"2025-04-27 10:00:00","2025-04-27 11:00:00",UA,125,124,0,1,2.648,0.0,14.4
"2025-04-27 10:00:00","2025-04-27 11:00:00",WN,257,257,0,0,2.7782101167315174,0.0,9.33852140077821
"2025-04-27 11:00:00","2025-04-27 12:00:00",AA,142,142,0,0,7.859154929577465,0.0,14.788732394366198
"2025-04-27 11:00:00","2025-04-27 12:00:00",DL,183,183,0,0,-0.4918032786885246,0.0,7.6502732240437155
"2025-04-27 11:00:00","2025-04-27 12:00:00",UA,113,113,0,0,5.115044247787611,0.0,11.504424778761061
"2025-04-27 11:00:00","2025-04-27 12:00:00",WN,186,185,1,0,5.535135135135135,0.5376344086021505,13.513513513513514
"2025-04-27 12:00:00","2025-04-27 13:00:00",AA,137,137,0,0,10.218978102189782,0.0,18.248175182481752
"2025-04-27 12:00:00","2025-04-27 13:00:00",DL,174,174,0,0,0.28735632183908044,0.0,8.045977011494253
"2025-04-27 12:00:00","2025-04-27 13:00:00",UA,111,111,0,0,4.891891891891892,0.0,13.513513513513514
"2025-04-27 12:00:00","2025-04-27 13:00:00",WN,232,232,0,0,5.400862068965517,0.0,13.362068965517242
"2025-04-27 13:00:00","2025-04-27 14:00:00",AA,145,145,0,0,11.296551724137931,0.0,22.75862068965517
"2025-04-27 13:00:00","2025-04-27 14:00:00",DL,151,151,0,0,2.8940397350993377,0.0,9.271523178807946
"2025-04-27 13:00:00","2025-04-27 14:00:00",UA,124,124,0,0,1.9112903225806452,0.0,7.258064516129032
"2025-04-27 13:00:00","2025-04-27 14:00:00",WN,248,248,0,0,9.580645161290322,0.0,20.161290322580644
"2025-04-27 14:00:00","2025-04-27 15:00:00",AA,135,135,0,0,22.866666666666667,0.0,20.74074074074074
"2025-04-27 14:00:00","2025-04-27 15:00:00",DL,142,141,0,1,1.6267605633802817,0.0,7.042253521126761
"2025-04-27 14:00:00","2025-04-27 15:00:00",UA,114,113,0,1,17.93859649122807,0.0,14.912280701754385
"2025-04-27 14:00:00","2025-04-27 15:00:00",WN,200,199,1,0,9.793969849246231,0.5,26.633165829145728
"2025-04-27 15:00:00","2025-04-27 16:00:00",AA,141,141,0,0,20.31205673758865,0.0,31.914893617021278
"2025-04-27 15:00:00","2025-04-27 16:00:00",DL,189,188,0,1,6.031746031746032,0.0,14.814814814814815
"2025-04-27 15:00:00","2025-04-27 16:00:00",UA,97,96,0,1,19.2680412371134,0.0,22.68041237113402
"2025-04-27 15:00:00","2025-04-27 16:00:00",WN,246,246,0,0,14.020325203252032,0.0,30.89430894308943
"2025-04-27 16:00:00","2025-04-27 17:00:00",AA,135,135,0,0,11.71111111111111,0.0,23.703703703703702
"2025-04-27 16:00:00","2025-04-27 17:00:00",DL,134,134,0,0,6.08955223880597,0.0,14.925373134328359
"2025-04-27 16:00:00","2025-04-27 17:00:00",UA,122,121,0,1,7.836065573770492,0.0,11.475409836065573
"2025-04-27 16:00:00","2025-04-27 17:00:00",WN,214,213,0,1,15.341121495327103,0.0,33.177570093457945
"2025-04-27 17:00:00","2025-04-27 18:00:00",AA,156,156,0,0,21.493589743589745,0.0,27.564102564102566
"2025-04-27 17:00:00","2025-04-27 18:00:00",DL,178,178,0,0,7.870786516853933,0.0,20.786516853932586
"2025-04-27 17:00:00","2025-04-27 18:00:00",UA,132,132,0,0,12.424242424242424,0.0,18.181818181818183
"2025-04-27 17:00:00","2025-04-27 18:00:00",WN,227,227,0,0,16.356828193832598,0.0,37.88546255506608
"2025-04-27 18:00:00","2025-04-27 19:00:00",AA,151,151,0,0,13.867549668874172,0.0,24.503311258278146
"2025-04-27 18:00:00","2025-04-27 19:00:00",DL,160,160,0,0,7.15625,0.0,20.0
"2025-04-27 18:00:00","2025-04-27 19:00:00",UA,130,129,1,0,15.410852713178295,0.7692307692307693,20.930232558139537
"2025-04-27 18:00:00","2025-04-27 19:00:00",WN,214,214,0,0,17.14485981308411,0.0,37.38317757009346
"2025-04-27 19:00:00","2025-04-27 20:00:00",AA,155,154,1,0,16.98051948051948,0.6451612903225806,30.51948051948052
"2025-04-27 19:00:00","2025-04-27 20:00:00",DL,164,164,0,0,7.798780487804878,0.0,21.951219512195124
"2025-04-27 19:00:00","2025-04-27 20:00:00",UA,133,131,0,2,22.60902255639098,0.0,30.075187969924812
"2025-04-27 19:00:00","2025-04-27 20:00:00",WN,232,231,0,1,18.974137931034484,0.0,42.241379310344826
"2025-04-27 20:00:00","2025-04-27 21:00:00",AA,131,131,0,0,12.740458015267176,0.0,27.480916030534353
"2025-04-27 20:00:00","2025-04-27 21:00:00",DL,116,116,0,0,6.982758620689655,0.0,20.689655172413794
"2025-04-27 20:00:00","2025-04-27 21:00:00",UA,87,86,0,1,31.64367816091954,0.0,29.885057471264368
"2025-04-27 20:00:00","2025-04-27 21:00:00",WN,275,275,0,0,16.065454545454546,0.0,39.63636363636363
"2025-04-27 21:00:00","2025-04-27 22:00:00",AA,84,84,0,0,12.654761904761905,0.0,33.333333333333336
"2025-04-27 21:00:00","2025-04-27 22:00:00",DL,91,91,0,0,9.472527472527473,0.0,19.78021978021978
"2025-04-27 21:00:00","2025-04-27 22:00:00",UA,57,56,1,0,12.214285714285714,1.7543859649122806,23.214285714285715
"2025-04-27 21:00:00","2025-04-27 22:00:00",WN,166,166,0,0,15.957831325301205,0.0,34.93975903614458
"2025-04-27 22:00:00","2025-04-27 23:00:00",AA,96,95,0,1,9.15625,0.0,17.708333333333332
"2025-04-27 22:00:00","2025-04-27 23:00:00",DL,103,103,0,0,5.883495145631068,0.0,17.475728155339805
"2025-04-27 22:00:00","2025-04-27 23:00:00",UA,32,32,0,0,13.65625,0.0,18.75
"2025-04-27 22:00:00","2025-04-27 23:00:00",WN,121,121,0,0,11.900826446280991,0.0,32.231404958677686
"2025-04-27 23:00:00","2025-04-28 00:00:00",AA,32,32,0,0,5.375,0.0,12.5
"2025-04-27 23:00:00","2025-04-28 00:00:00",DL,34,34,0,0,7.470588235294118,0.0,26.470588235294116
"2025-04-27 23:00:00","2025-04-28 00:00:00",UA,35,35,0,0,0.22857142857142856,0.0,5.714285714285714
"2025-04-27 23:00:00","2025-04-28 00:00:00",WN,7,7,0,0,3.857142857142857,0.0,14.285714285714286
"2025-04-28 00:00:00","2025-04-28 01:00:00",AA,5,5,0,0,-4.2,0.0,0.0
"2025-04-28 00:00:00","2025-04-28 01:00:00",DL,6,6,0,0,-0.5,0.0,16.666666666666668
"2025-04-28 00:00:00","2025-04-28 01:00:00",UA,6,6,0,0,19.666666666666668,0.0,66.66666666666667
"2025-04-28 01:00:00","2025-04-28 02:00:00",AA,1,1,0,0,-5.0,0.0,0.0
"2025-04-28 01:00:00","2025-04-28 02:00:00",DL,2,2,0,0,-11.0,0.0,0.0
"2025-04-28 01:00:00","2025-04-28 02:00:00",UA,2,2,0,0,468.5,0.0,100.0
"2025-04-28 05:00:00","2025-04-28 06:00:00",AA,103,103,0,0,7.029126213592233,0.0,10.679611650485437
"2025-04-28 05:00:00","2025-04-28 06:00:00",DL,62,62,0,0,1.3387096774193548,0.0,4.838709677419355
"2025-04-28 05:00:00","2025-04-28 06:00:00",UA,39,39,0,0,6.3076923076923075,0.0,5.128205128205129
"2025-04-28 05:00:00","2025-04-28 06:00:00",WN,189,188,0,1,-2.6825396825396823,0.0,1.0582010582010581
"2025-04-28 06:00:00","2025-04-28 07:00:00",AA,179,179,0,0,-1.7486033519553073,0.0,7.262569832402234
"2025-04-28 06:00:00","2025-04-28 07:00:00",DL,180,180,0,0,-0.34444444444444444,0.0,4.444444444444445
"2025-04-28 06:00:00","2025-04-28 07:00:00",UA,119,117,0,2,-3.19327731092437,0.0,2.5210084033613445
"2025-04-28 06:00:00","2025-04-28 07:00:00",WN,254,253,0,1,-0.9330708661417323,0.0,3.1496062992125986
"2025-04-28 07:00:00","2025-04-28 08:00:00",AA,213,211,2,0,2.075829383886256,0.9389671361502347,8.530805687203792
"2025-04-28 07:00:00","2025-04-28 08:00:00",DL,233,232,0,1,1.9227467811158798,0.0,6.437768240343348
"2025-04-28 07:00:00","2025-04-28 08:00:00",UA,194,189,1,4,-1.38860103626943,0.5154639175257731,4.66321243523316
"2025-04-28 07:00:00","2025-04-28 08:00:00",WN,257,256,0,1,-0.688715953307393,0.0,4.280155642023346
"2025-04-28 08:00:00","2025-04-28 09:00:00",AA,195,195,0,0,4.143589743589744,0.0,11.794871794871796
"2025-04-28 08:00:00","2025-04-28 09:00:00",DL,195,195,0,0,0.764102564102564,0.0,5.128205128205129
"2025-04-28 08:00:00","2025-04-28 09:00:00",UA,153,150,1,2,-1.0460526315789473,0.6535947712418301,5.921052631578948
"2025-04-28 08:00:00","2025-04-28 09:00:00",WN,234,234,0,0,1.6923076923076923,0.0,5.982905982905983
"2025-04-28 09:00:00","2025-04-28 10:00:00",AA,121,121,0,0,7.31404958677686,0.0,16.52892561983471
"2025-04-28 09:00:00","2025-04-28 10:00:00",DL,124,124,0,0,-0.6209677419354839,0.0,8.064516129032258
"2025-04-28 09:00:00","2025-04-28 10:00:00",UA,126,123,0,3,-0.6904761904761905,0.0,3.9682539682539684
"2025-04-28 09:00:00","2025-04-28 10:00:00",WN,213,212,1,0,1.6415094339622642,0.4694835680751174,5.660377358490566
"2025-04-28 10:00:00","2025-04-28 11:00:00",AA,155,155,0,0,4.806451612903226,0.0,14.193548387096774
"2025-04-28 10:00:00","2025-04-28 11:00:00",DL,158,158,0,0,0.3227848101265823,0.0,7.594936708860759
"2025-04-28 10:00:00","2025-04-28 11:00:00",UA,128,123,2,3,0.9682539682539683,1.5625,7.936507936507937
"2025-04-28 10:00:00","2025-04-28 11:00:00",WN,236,236,0,0,3.2754237288135593,0.0,11.016949152542374
"2025-04-28 11:00:00","2025-04-28 12:00:00",AA,154,153,0,1,6.292207792207792,0.0,11.688311688311689
"2025-04-28 11:00:00","2025-04-28 12:00:00",DL,201,200,0,1,3.9054726368159205,0.0,10.447761194029852
"2025-04-28 11:00:00","2025-04-28 12:00:00",UA,119,112,2,5,0.10256410256410256,1.680672268907563,9.401709401709402
"2025-04-28 11:00:00","2025-04-28 12:00:00",WN,223,222,1,0,8.774774774774775,0.4484304932735426,14.864864864864865
"2025-04-28 12:00:00","2025-04-28 13:00:00",AA,136,136,0,0,11.419117647058824,0.0,13.970588235294118
"2025-04-28 12:00:00","2025-04-28 13:00:00",DL,178,177,0,1,-0.0056179775280898875,0.0,7.865168539325842
"2025-04-28 12:00:00","2025-04-28 13:00:00",UA,120,116,0,4,8.875,0.0,10.833333333333334
"2025-04-28 12:00:00","2025-04-28 13:00:00",WN,230,228,0,2,7.2043478260869565,0.0,16.52173913043478
"2025-04-28 13:00:00","2025-04-28 14:00:00",AA,131,131,0,0,5.244274809160306,0.0,12.977099236641221
"2025-04-28 13:00:00","2025-04-28 14:00:00",DL,135,135,0,0,15.555555555555555,0.0,16.296296296296298
"2025-04-28 13:00:00","2025-04-28 14:00:00",UA,106,106,0,0,10.735849056603774,0.0,11.320754716981131
"2025-04-28 13:00:00","2025-04-28 14:00:00",WN,215,214,0,1,6.851162790697674,0.0,16.27906976744186
"2025-04-28 14:00:00","2025-04-28 15:00:00",AA,141,141,0,0,9.23404255319149,0.0,14.184397163120567
"2025-04-28 14:00:00","2025-04-28 15:00:00",DL,144,144,0,0,12.67361111111111,0.0,18.75
"2025-04-28 14:00:00","2025-04-28 15:00:00",UA,117,116,1,0,22.387931034482758,0.8547008547008547,19.82758620689655
"2025-04-28 14:00:00","2025-04-28 15:00:00",WN,214,213,0,1,10.855140186915888,0.0,23.83177570093458
"2025-04-28 15:00:00","2025-04-28 16:00:00",AA,142,142,0,0,13.471830985915492,0.0,23.943661971830984
"2025-04-28 15:00:00","2025-04-28 16:00:00",DL,186,184,0,2,9.021505376344086,0.0,15.053763440860216
"2025-04-28 15:00:00","2025-04-28 16:00:00",UA,101,96,5,0,25.864583333333332,4.9504950495049505,25.0
"2025-04-28 15:00:00","2025-04-28 16:00:00",WN,224,222,1,1,11.233183856502242,0.44642857142857145,26.00896860986547
"2025-04-28 16:00:00","2025-04-28 17:00:00",AA,125,124,1,0,13.693548387096774,0.8,20.161290322580644
"2025-04-28 16:00:00","2025-04-28 17:00:00",DL,126,126,0,0,10.198412698412698,0.0,13.492063492063492
"2025-04-28 16:00:00","2025-04-28 17:00:00",UA,124,123,1,0,31.073170731707318,0.8064516129032258,25.203252032520325
"2025-04-28 16:00:00","2025-04-28 17:00:00",WN,202,201,0,1,11.450495049504951,0.0,25.247524752475247
"2025-04-28 17:00:00","2025-04-28 18:00:00",AA,147,147,0,0,13.571428571428571,0.0,21.768707482993197
"2025-04-28 17:00:00","2025-04-28 18:00:00",DL,169,168,0,1,6.988165680473373,0.0,11.242603550295858
"2025-04-28 17:00:00","2025-04-28 18:00:00",UA,114,111,3,0,21.576576576576578,2.6315789473684212,28.82882882882883
"2025-04-28 17:00:00","2025-04-28 18:00:00",WN,208,207,0,1,11.01923076923077,0.0,27.884615384615383
"2025-04-28 18:00:00","2025-04-28 19:00:00",AA,152,152,0,0,18.05263157894737,0.0,21.05263157894737
"2025-04-28 18:00:00","2025-04-28 19:00:00",DL,157,157,0,0,17.038216560509554,0.0,18.471337579617835
"2025-04-28 18:00:00","2025-04-28 19:00:00",UA,123,120,3,0,19.016666666666666,2.4390243902439024,23.333333333333332
"2025-04-28 18:00:00","2025-04-28 19:00:00",WN,249,249,0,0,11.630522088353414,0.0,22.48995983935743
"2025-04-28 19:00:00","2025-04-28 20:00:00",AA,145,144,0,1,17.03448275862069,0.0,24.137931034482758
"2025-04-28 19:00:00","2025-04-28 20:00:00",DL,151,151,0,0,7.397350993377484,0.0,17.218543046357617
"2025-04-28 19:00:00","2025-04-28 20:00:00",UA,120,114,6,0,21.20175438596491,5.0,25.43859649122807
"2025-04-28 19:00:00","2025-04-28 20:00:00",WN,228,227,0,1,9.75438596491228,0.0,23.68421052631579
"2025-04-28 20:00:00","2025-04-28 21:00:00",AA,127,125,0,2,9.905511811023622,0.0,18.11023622047244
"2025-04-28 20:00:00","2025-04-28 21:00:00",DL,117,117,0,0,10.452991452991453,0.0,24.786324786324787
"2025-04-28 20:00:00","2025-04-28 21:00:00",UA,79,68,11,0,23.205882352941178,13.924050632911392,23.529411764705884
"2025-04-28 20:00:00","2025-04-28 21:00:00",WN,190,188,0,2,8.615789473684211,0.0,24.210526315789473
"2025-04-28 21:00:00","2025-04-28 22:00:00",AA,80,80,0,0,20.4,0.0,30.0
"2025-04-28 21:00:00","2025-04-28 22:00:00",DL,96,96,0,0,11.9375,0.0,26.041666666666668
"2025-04-28 21:00:00","2025-04-28 22:00:00",UA,45,41,4,0,15.609756097560975,8.88888888888889,19.51219512195122
"2025-04-28 21:00:00","2025-04-28 22:00:00",WN,173,170,0,3,10.809248554913294,0.0,28.32369942196532
"2025-04-28 22:00:00","2025-04-28 23:00:00",AA,101,101,0,0,26.22772277227723,0.0,19.801980198019802
"2025-04-28 22:00:00","2025-04-28 23:00:00",DL,95,95,0,0,3.5473684210526315,0.0,11.578947368421053
"2025-04-28 22:00:00","2025-04-28 23:00:00",UA,30,27,3,0,18.14814814814815,10.0,18.51851851851852
"2025-04-28 22:00:00","2025-04-28 23:00:00",WN,16,16,0,0,3.5625,0.0,12.5
"2025-04-28 23:00:00","2025-04-29 00:00:00",AA,32,32,0,0,-2.625,0.0,3.125
"2025-04-28 23:00:00","2025-04-29 00:00:00",DL,28,28,0,0,0.0,0.0,7.142857142857143
"2025-04-28 23:00:00","2025-04-29 00:00:00",UA,31,31,0,0,5.516129032258065,0.0,25.806451612903224
"2025-04-28 23:00:00","2025-04-29 00:00:00",WN,6,6,0,0,3.0,0.0,16.666666666666668
"2025-04-29 00:00:00","2025-04-29 01:00:00",AA,8,8,0,0,14.625,0.0,50.0
"2025-04-29 00:00:00","2025-04-29 01:00:00",DL,7,7,0,0,-0.7142857142857143,0.0,0.0
"2025-04-29 00:00:00","2025-04-29 01:00:00",UA,8,8,0,0,-6.375,0.0,0.0
"2025-04-29 01:00:00","2025-04-29 02:00:00",AA,1,1,0,0,-6.0,0.0,0.0
"2025-04-29 01:00:00","2025-04-29 02:00:00",DL,2,2,0,0,-4.0,0.0,0.0
"2025-04-29 01:00:00","2025-04-29 02:00:00",UA,1,1,0,0,649.0,0.0,100.0
"2025-04-29 05:00:00","2025-04-29 06:00:00",AA,102,102,0,0,-6.3431372549019605,0.0,1.9607843137254901
"2025-04-29 05:00:00","2025-04-29 06:00:00",DL,63,63,0,0,-5.571428571428571,0.0,6.349206349206349
"2025-04-29 05:00:00","2025-04-29 06:00:00",UA,37,36,1,0,3.4444444444444446,2.7027027027027026,8.333333333333334
"2025-04-29 05:00:00","2025-04-29 06:00:00",WN,69,69,0,0,-1.2753623188405796,0.0,8.695652173913043
"2025-04-29 06:00:00","2025-04-29 07:00:00",AA,172,172,0,0,-4.8895348837209305,0.0,2.3255813953488373
"2025-04-29 06:00:00","2025-04-29 07:00:00",DL,181,181,0,0,4.143646408839779,0.0,5.524861878453039
"2025-04-29 06:00:00","2025-04-29 07:00:00",UA,118,115,3,0,5.608695652173913,2.542372881355932,5.217391304347826
"2025-04-29 06:00:00","2025-04-29 07:00:00",WN,262,262,0,0,-2.469465648854962,0.0,3.053435114503817
"2025-04-29 07:00:00","2025-04-29 08:00:00",AA,207,207,0,0,6.352657004830918,0.0,6.280193236714976
"2025-04-29 07:00:00","2025-04-29 08:00:00",DL,237,237,0,0,-3.548523206751055,0.0,2.5316455696202533
"2025-04-29 07:00:00","2025-04-29 08:00:00",UA,182,180,2,0,-2.466666666666667,1.098901098901099,5.555555555555555
"2025-04-29 07:00:00","2025-04-29 08:00:00",WN,225,225,0,0,-2.1422222222222222,0.0,2.6666666666666665
"2025-04-29 08:00:00","2025-04-29 09:00:00",AA,177,176,1,0,5.323863636363637,0.5649717514124294,9.659090909090908
"2025-04-29 08:00:00","2025-04-29 09:00:00",DL,172,172,0,0,4.680232558139535,0.0,12.209302325581396
"2025-04-29 08:00:00","2025-04-29 09:00:00",UA,147,147,0,0,-3.2312925170068025,0.0,3.401360544217687
"2025-04-29 08:00:00","2025-04-29 09:00:00",WN,255,255,0,0,-0.4235294117647059,0.0,4.313725490196078
"2025-04-29 09:00:00","2025-04-29 10:00:00",AA,129,128,1,0,-0.5703125,0.7751937984496124,8.59375
"2025-04-29 09:00:00","2025-04-29 10:00:00",DL,136,136,0,0,2.9926470588235294,0.0,8.088235294117647
"2025-04-29 09:00:00","2025-04-29 10:00:00",UA,135,134,1,0,4.029850746268656,0.7407407407407407,8.208955223880597
"2025-04-29 09:00:00","2025-04-29 10:00:00",WN,181,181,0,0,-0.4088397790055249,0.0,3.314917127071823
"2025-04-29 10:00:00","2025-04-29 11:00:00",AA,131,130,1,0,1.6153846153846154,0.7633587786259542,8.461538461538462
"2025-04-29 10:00:00","2025-04-29 11:00:00",DL,152,152,0,0,-3.138157894736842,0.0,4.605263157894737
"2025-04-29 10:00:00","2025-04-29 11:00:00",UA,112,111,1,0,-0.1981981981981982,0.8928571428571429,9.00900900900901
"2025-04-29 10:00:00","2025-04-29 11:00:00",WN,229,229,0,0,0.7991266375545851,0.0,6.986899563318778
"2025-04-29 11:00:00","2025-04-29 12:00:00",AA,149,149,0,0,2.3557046979865772,0.0,12.080536912751677
"2025-04-29 11:00:00","2025-04-29 12:00:00",DL,208,208,0,0,0.8413461538461539,0.0,7.6923076923076925
"2025-04-29 11:00:00","2025-04-29 12:00:00",UA,118,118,0,0,-0.7966101694915254,0.0,8.474576271186441
"2025-04-29 11:00:00","2025-04-29 12:00:00",WN,213,213,0,0,4.812206572769953,0.0,6.572769953051643
"2025-04-29 12:00:00","2025-04-29 13:00:00",AA,135,134,1,0,5.037313432835821,0.7407407407407407,11.940298507462687
"2025-04-29 12:00:00","2025-04-29 13:00:00",DL,174,174,0,0,1.1954022988505748,0.0,8.045977011494253
"2025-04-29 12:00:00","2025-04-29 13:00:00",UA,115,115,0,0,2.0,0.0,5.217391304347826
"2025-04-29 12:00:00","2025-04-29 13:00:00",WN,207,206,1,0,-0.24271844660194175,0.4830917874396135,4.368932038834951
"2025-04-29 13:00:00","2025-04-29 14:00:00",AA,133,133,0,0,4.7293233082706765,0.0,12.781954887218046
"2025-04-29 13:00:00","2025-04-29 14:00:00",DL,130,130,0,0,1.3,0.0,7.6923076923076925
"2025-04-29 13:00:00","2025-04-29 14:00:00",UA,113,113,0,0,3.3008849557522124,0.0,9.734513274336283
"2025-04-29 13:00:00","2025-04-29 14:00:00",WN,220,219,1,0,6.187214611872146,0.45454545454545453,13.242009132420092
"2025-04-29 14:00:00","2025-04-29 15:00:00",AA,132,132,0,0,10.825757575757576,0.0,12.878787878787879
"2025-04-29 14:00:00","2025-04-29 15:00:00",DL,143,143,0,0,0.46853146853146854,0.0,9.79020979020979
"2025-04-29 14:00:00","2025-04-29 15:00:00",UA,112,112,0,0,4.375,0.0,14.285714285714286
"2025-04-29 14:00:00","2025-04-29 15:00:00",WN,201,201,0,0,3.199004975124378,0.0,9.45273631840796
"2025-04-29 15:00:00","2025-04-29 16:00:00",AA,125,125,0,0,15.168,0.0,11.2
"2025-04-29 15:00:00","2025-04-29 16:00:00",DL,165,165,0,0,5.036363636363636,0.0,14.545454545454545
"2025-04-29 15:00:00","2025-04-29 16:00:00",UA,87,87,0,0,6.7011494252873565,0.0,17.24137931034483
"2025-04-29 15:00:00","2025-04-29 16:00:00",WN,207,207,0,0,6.903381642512077,0.0,17.8743961352657
"2025-04-29 16:00:00","2025-04-29 17:00:00",AA,126,126,0,0,14.658730158730158,0.0,20.634920634920636
"2025-04-29 16:00:00","2025-04-29 17:00:00",DL,117,117,0,0,0.3076923076923077,0.0,11.965811965811966
"2025-04-29 16:00:00","2025-04-29 17:00:00",UA,133,133,0,0,7.496240601503759,0.0,18.796992481203006
"2025-04-29 16:00:00","2025-04-29 17:00:00",WN,215,214,1,0,5.088785046728972,0.46511627906976744,15.88785046728972
"2025-04-29 17:00:00","2025-04-29 18:00:00",AA,134,134,0,0,9.097014925373134,0.0,15.671641791044776
"2025-04-29 17:00:00","2025-04-29 18:00:00",DL,154,154,0,0,2.168831168831169,0.0,12.987012987012987
"2025-04-29 17:00:00","2025-04-29 18:00:00",UA,108,108,0,0,7.527777777777778,0.0,13.88888888888889
"2025-04-29 17:00:00","2025-04-29 18:00:00",WN,221,220,1,0,10.022727272727273,0.45248868778280543,21.363636363636363
"2025-04-29 18:00:00","2025-04-29 19:00:00",AA,152,152,0,0,3.1052631578947367,0.0,11.842105263157896
"2025-04-29 18:00:00","2025-04-29 19:00:00",DL,155,155,0,0,3.8129032258064517,0.0,14.193548387096774
"2025-04-29 18:00:00","2025-04-29 19:00:00",UA,115,115,0,0,9.652173913043478,0.0,18.26086956521739
"2025-04-29 18:00:00","2025-04-29 19:00:00",WN,234,234,0,0,3.4572649572649574,0.0,13.247863247863247
"2025-04-29 19:00:00","2025-04-29 20:00:00",AA,148,148,0,0,10.27027027027027,0.0,12.837837837837839
"2025-04-29 19:00:00","2025-04-29 20:00:00",DL,111,111,0,0,-0.1981981981981982,0.0,12.612612612612613
"2025-04-29 19:00:00","2025-04-29 20:00:00",UA,117,116,0,1,10.777777777777779,0.0,22.22222222222222
"2025-04-29 19:00:00","2025-04-29 20:00:00",WN,232,232,0,0,10.267241379310345,0.0,21.551724137931036
"2025-04-29 20:00:00","2025-04-29 21:00:00",AA,120,120,0,0,3.5,0.0,13.333333333333334
"2025-04-29 20:00:00","2025-04-29 21:00:00",DL,84,84,0,0,-1.8095238095238095,0.0,8.333333333333334
"2025-04-29 20:00:00","2025-04-29 21:00:00",UA,72,72,0,0,12.51388888888889,0.0,25.0
"2025-04-29 20:00:00","2025-04-29 21:00:00",WN,165,165,0,0,1.3333333333333333,0.0,14.545454545454545
"2025-04-29 21:00:00","2025-04-29 22:00:00",AA,75,74,1,0,5.04054054054054,1.3333333333333333,14.864864864864865
"2025-04-29 21:00:00","2025-04-29 22:00:00",DL,67,67,0,0,0.6417910447761194,0.0,7.462686567164179
"2025-04-29 21:00:00","2025-04-29 22:00:00",UA,34,34,0,0,0.6764705882352942,0.0,11.764705882352942
"2025-04-29 21:00:00","2025-04-29 22:00:00",WN,85,85,0,0,3.388235294117647,0.0,15.294117647058824
"2025-04-29 22:00:00","2025-04-29 23:00:00",AA,93,93,0,0,3.978494623655914,0.0,18.27956989247312
"2025-04-29 22:00:00","2025-04-29 23:00:00",DL,94,94,0,0,-0.3723404255319149,0.0,7.446808510638298
"2025-04-29 22:00:00","2025-04-29 23:00:00",UA,29,29,0,0,3.896551724137931,0.0,20.689655172413794
"2025-04-29 22:00:00","2025-04-29 23:00:00",WN,7,7,0,0,-0.5714285714285714,0.0,0.0
"2025-04-29 23:00:00","2025-04-30 00:00:00",AA,27,27,0,0,-5.185185185185185,0.0,0.0
"2025-04-29 23:00:00","2025-04-30 00:00:00",DL,28,28,0,0,-3.607142857142857,0.0,7.142857142857143
"2025-04-29 23:00:00","2025-04-30 00:00:00",UA,28,28,0,0,5.821428571428571,0.0,14.285714285714286
"2025-04-29 23:00:00","2025-04-30 00:00:00",WN,6,6,0,0,-1.8333333333333333,0.0,0.0
"2025-04-30 00:00:00","2025-04-30 01:00:00",AA,7,7,0,0,-0.8571428571428571,0.0,0.0
"2025-04-30 00:00:00","2025-04-30 01:00:00",DL,4,4,0,0,-6.75,0.0,0.0
"2025-04-30 00:00:00","2025-04-30 01:00:00",UA,7,7,0,0,-2.2857142857142856,0.0,0.0
"2025-04-30 01:00:00","2025-04-30 02:00:00",AA,1,1,0,0,0.0,0.0,0.0
"2025-04-30 01:00:00","2025-04-30 02:00:00",DL,2,2,0,0,24.5,0.0,100.0
"2025-04-30 01:00:00","2025-04-30 02:00:00",UA,1,1,0,0,0.0,0.0,0.0
"2025-04-30 05:00:00","2025-04-30 06:00:00",AA,101,94,2,5,-2.101010101010101,1.9801980198019802,9.090909090909092
"2025-04-30 05:00:00","2025-04-30 06:00:00",DL,58,58,0,0,32.706896551724135,0.0,6.896551724137931
"2025-04-30 05:00:00","2025-04-30 06:00:00",UA,35,35,0,0,-2.257142857142857,0.0,5.714285714285714
"2025-04-30 05:00:00","2025-04-30 06:00:00",WN,72,70,0,2,-3.0694444444444446,0.0,0.0
"2025-04-30 06:00:00","2025-04-30 07:00:00",AA,185,170,1,14,-2.847826086956522,0.5405405405405406,4.891304347826087
"2025-04-30 06:00:00","2025-04-30 07:00:00",DL,182,182,0,0,-2.4725274725274726,0.0,2.7472527472527473
"2025-04-30 06:00:00","2025-04-30 07:00:00",UA,121,121,0,0,-0.9256198347107438,0.0,7.43801652892562
"2025-04-30 06:00:00","2025-04-30 07:00:00",WN,270,265,0,5,-1.5814814814814815,0.0,3.7037037037037037
"2025-04-30 07:00:00","2025-04-30 08:00:00",AA,212,193,2,17,-0.3142857142857143,0.9433962264150944,7.619047619047619
"2025-04-30 07:00:00","2025-04-30 08:00:00",DL,231,229,0,2,-1.5974025974025974,0.0,3.896103896103896
"2025-04-30 07:00:00","2025-04-30 08:00:00",UA,180,179,0,1,-1.5833333333333333,0.0,4.444444444444445
"2025-04-30 07:00:00","2025-04-30 08:00:00",WN,209,205,2,2,0.178743961352657,0.9569377990430622,3.3816425120772946
"2025-04-30 08:00:00","2025-04-30 09:00:00",AA,186,169,6,11,2.7055555555555557,3.225806451612903,10.555555555555555
"2025-04-30 08:00:00","2025-04-30 09:00:00",DL,178,175,0,3,-1.9382022471910112,0.0,3.932584269662921
"2025-04-30 08:00:00","2025-04-30 09:00:00",UA,147,145,0,2,2.6802721088435373,0.0,7.482993197278912
"2025-04-30 08:00:00","2025-04-30 09:00:00",WN,266,260,3,3,0.4714828897338403,1.1278195488721805,4.182509505703422
"2025-04-30 09:00:00","2025-04-30 10:00:00",AA,130,107,17,6,21.858407079646017,13.076923076923077,19.469026548672566
"2025-04-30 09:00:00","2025-04-30 10:00:00",DL,127,125,0,2,-1.1496062992125984,0.0,4.724409448818897
"2025-04-30 09:00:00","2025-04-30 10:00:00",UA,130,128,2,0,1.7734375,1.5384615384615385,11.71875
"2025-04-30 09:00:00","2025-04-30 10:00:00",WN,190,185,3,2,2.556149732620321,1.5789473684210527,5.882352941176471
"2025-04-30 10:00:00","2025-04-30 11:00:00",AA,147,116,31,0,40.41379310344828,21.08843537414966,18.96551724137931
"2025-04-30 10:00:00","2025-04-30 11:00:00",DL,152,151,0,1,1.638157894736842,0.0,8.552631578947368
"2025-04-30 10:00:00","2025-04-30 11:00:00",UA,121,120,1,0,16.541666666666668,0.8264462809917356,18.333333333333332
"2025-04-30 10:00:00","2025-04-30 11:00:00",WN,239,228,11,0,7.482456140350878,4.602510460251046,10.087719298245615
"2025-04-30 11:00:00","2025-04-30 12:00:00",AA,150,123,27,0,28.528455284552845,18.0,22.764227642276424
"2025-04-30 11:00:00","2025-04-30 12:00:00",DL,198,198,0,0,9.95959595959596,0.0,8.080808080808081
"2025-04-30 11:00:00","2025-04-30 12:00:00",UA,111,110,1,0,4.090909090909091,0.9009009009009009,9.090909090909092
"2025-04-30 11:00:00","2025-04-30 12:00:00",WN,205,192,12,1,21.00518134715026,5.853658536585366,20.72538860103627
"2025-04-30 12:00:00","2025-04-30 13:00:00",AA,127,85,42,0,59.129411764705885,33.07086614173228,27.058823529411764
"2025-04-30 12:00:00","2025-04-30 13:00:00",DL,167,166,0,1,11.401197604790418,0.0,8.982035928143713
"2025-04-30 12:00:00","2025-04-30 13:00:00",UA,116,114,1,1,13.252173913043478,0.8620689655172413,10.434782608695652
"2025-04-30 12:00:00","2025-04-30 13:00:00",WN,204,187,17,0,21.74331550802139,8.333333333333334,22.459893048128343
"2025-04-30 13:00:00","2025-04-30 14:00:00",AA,135,114,21,0,34.53508771929825,15.555555555555555,25.43859649122807
"2025-04-30 13:00:00","2025-04-30 14:00:00",DL,140,140,0,0,11.028571428571428,0.0,12.857142857142858
"2025-04-30 13:00:00","2025-04-30 14:00:00",UA,115,112,3,0,13.598214285714286,2.608695652173913,16.071428571428573
"2025-04-30 13:00:00","2025-04-30 14:00:00",WN,227,215,12,0,22.46046511627907,5.286343612334802,24.651162790697676
"2025-04-30 14:00:00","2025-04-30 15:00:00",AA,131,104,26,1,60.19047619047619,19.84732824427481,36.19047619047619
"2025-04-30 14:00:00","2025-04-30 15:00:00",DL,138,138,0,0,10.789855072463768,0.0,13.768115942028986
"2025-04-30 14:00:00","2025-04-30 15:00:00",UA,117,115,1,1,23.42241379310345,0.8547008547008547,21.551724137931036
"2025-04-30 14:00:00","2025-04-30 15:00:00",WN,201,185,15,1,29.763440860215052,7.462686567164179,31.182795698924732
"2025-04-30 15:00:00","2025-04-30 16:00:00",AA,137,112,25,0,34.169642857142854,18.248175182481752,27.678571428571427
"2025-04-30 15:00:00","2025-04-30 16:00:00",DL,180,180,0,0,7.666666666666667,0.0,15.555555555555555
"2025-04-30 15:00:00","2025-04-30 16:00:00",UA,96,94,1,1,25.378947368421052,1.0416666666666667,28.42105263157895
"2025-04-30 15:00:00","2025-04-30 16:00:00",WN,220,214,6,0,27.598130841121495,2.727272727272727,35.51401869158879
"2025-04-30 16:00:00","2025-04-30 17:00:00",AA,135,118,17,0,49.13559322033898,12.592592592592593,33.898305084745765
"2025-04-30 16:00:00","2025-04-30 17:00:00",DL,119,118,0,1,14.655462184873949,0.0,17.647058823529413
"2025-04-30 16:00:00","2025-04-30 17:00:00",UA,126,124,0,2,30.72222222222222,0.0,19.841269841269842
"2025-04-30 16:00:00","2025-04-30 17:00:00",WN,196,188,8,0,27.430851063829788,4.081632653061225,35.638297872340424
"2025-04-30 17:00:00","2025-04-30 18:00:00",AA,147,119,27,1,34.21666666666667,18.367346938775512,33.333333333333336
"2025-04-30 17:00:00","2025-04-30 18:00:00",DL,155,155,0,0,7.0,0.0,11.612903225806452
"2025-04-30 17:00:00","2025-04-30 18:00:00",UA,119,118,1,0,21.43220338983051,0.8403361344537815,27.966101694915253
"2025-04-30 17:00:00","2025-04-30 18:00:00",WN,235,227,8,0,29.524229074889867,3.404255319148936,35.242290748898675
"2025-04-30 18:00:00","2025-04-30 19:00:00",AA,158,133,25,0,34.18045112781955,15.822784810126583,42.10526315789474
"2025-04-30 18:00:00","2025-04-30 19:00:00",DL,162,162,0,0,16.641975308641975,0.0,20.987654320987655
"2025-04-30 18:00:00","2025-04-30 19:00:00",UA,135,130,0,5,18.266666666666666,0.0,20.74074074074074
"2025-04-30 18:00:00","2025-04-30 19:00:00",WN,248,237,11,0,29.240506329113924,4.435483870967742,40.50632911392405
"2025-04-30 19:00:00","2025-04-30 20:00:00",AA,144,123,21,0,46.31707317073171,14.583333333333334,42.27642276422764
"2025-04-30 19:00:00","2025-04-30 20:00:00",DL,122,121,0,1,8.89344262295082,0.0,16.39344262295082
"2025-04-30 19:00:00","2025-04-30 20:00:00",UA,130,125,0,5,35.207692307692305,0.0,39.23076923076923
"2025-04-30 19:00:00","2025-04-30 20:00:00",WN,234,227,5,2,27.14410480349345,2.1367521367521367,39.301310043668124
"2025-04-30 20:00:00","2025-04-30 21:00:00",AA,117,102,15,0,25.470588235294116,12.820512820512821,30.392156862745097
"2025-04-30 20:00:00","2025-04-30 21:00:00",DL,89,89,0,0,10.179775280898877,0.0,21.348314606741575
"2025-04-30 20:00:00","2025-04-30 21:00:00",UA,80,75,0,5,39.3375,0.0,45.0
"2025-04-30 20:00:00","2025-04-30 21:00:00",WN,174,167,7,0,26.95808383233533,4.022988505747127,37.724550898203596
"2025-04-30 21:00:00","2025-04-30 22:00:00",AA,82,73,9,0,34.19178082191781,10.975609756097562,32.87671232876713
"2025-04-30 21:00:00","2025-04-30 22:00:00",DL,74,74,0,0,10.878378378378379,0.0,21.62162162162162
"2025-04-30 21:00:00","2025-04-30 22:00:00",UA,54,51,1,2,32.509433962264154,1.8518518518518519,28.30188679245283
"2025-04-30 21:00:00","2025-04-30 22:00:00",WN,88,79,9,0,33.70886075949367,10.227272727272727,56.962025316455694
"2025-04-30 22:00:00","2025-04-30 23:00:00",AA,103,96,7,0,27.75,6.796116504854369,29.166666666666668
"2025-04-30 22:00:00","2025-04-30 23:00:00",DL,93,92,0,1,8.924731182795698,0.0,8.602150537634408
"2025-04-30 22:00:00","2025-04-30 23:00:00",UA,35,34,1,0,8.235294117647058,2.857142857142857,20.58823529411765
"2025-04-30 22:00:00","2025-04-30 23:00:00",WN,6,6,0,0,-1.1666666666666667,0.0,0.0
"2025-04-30 23:00:00","2025-05-01 00:00:00",AA,31,29,2,0,23.482758620689655,6.451612903225806,13.793103448275861
"2025-04-30 23:00:00","2025-05-01 00:00:00",DL,28,27,0,1,6.821428571428571,0.0,17.857142857142858
"2025-04-30 23:00:00","2025-05-01 00:00:00",UA,37,37,0,0,27.35135135135135,0.0,27.027027027027028
"2025-04-30 23:00:00","2025-05-01 00:00:00",WN,6,6,0,0,6.0,0.0,33.333333333333336
